Timestamp,User Count,Type,Name,Requests/s,Failures/s,50%,66%,75%,80%,90%,95%,98%,99%,99.9%,99.99%,100%,Total Request Count,Total Failure Count,Total Median Response Time,Total Average Response Time,Total Min Response Time,Total Max Response Time,Total Average Content Size
1774611651,0,,Aggregated,0.000000,0.000000,N/A,N/A,N/A,N/A,N/A,N/A,N/A,N/A,N/A,N/A,N/A,0,0,0,0.0,0,0,0
1774611652,2,GET,/api/audio/levels (during plugin swap),0.000000,0.000000,0,0,0,0,0,0,0,0,0,0,0,1,0,20.220080041326582,20.220080041326582,20.220080041326582,20.220080041326582,86.0
1774611652,2,GET,/api/audio/levels/plugins,0.000000,0.000000,0,0,0,0,0,0,0,0,0,0,0,1,0,7.986053009517491,7.986053009517491,7.986053009517491,7.986053009517491,14.0
1774611652,2,GET,/api/audio/status,0.000000,0.000000,0,0,0,0,0,0,0,0,0,0,0,1,0,3.9494099328294396,3.9494099328294396,3.9494099328294396,3.9494099328294396,303.0
1774611652,2,GET,/api/chains/,0.000000,0.000000,0,0,0,0,0,0,0,0,0,0,0,3,0,266.80596300866455,210.9198656786854,99.18254497461021,266.80596300866455,1478.6666666666667
1774611652,2,GET,/api/chains/{id},0.000000,0.000000,0,0,0,0,0,0,0,0,0,0,0,2,0,22,169.4291834719479,21.64697600528598,317.21139093860984,808.5
1774611652,2,POST,/api/chains/{id}/activate,0.000000,0.000000,0,0,0,0,0,0,0,0,0,0,0,2,0,22.275260998867452,33.89186505228281,22.275260998867452,45.50846910569817,35.0
1774611652,2,POST,/api/chains/{id}/deactivate,0.000000,0.000000,0,0,0,0,0,0,0,0,0,0,0,1,0,2.053815987892449,2.053815987892449,2.053815987892449,2.053815987892449,62.0
1774611652,2,GET,/api/plugins/discover,0.000000,0.000000,0,0,0,0,0,0,0,0,0,0,0,3,0,120.0,86.0498199860255,20.248137996532023,120.48701592721045,89708.0
1774611652,2,GET,/api/plugins/list,0.000000,0.000000,0,0,0,0,0,0,0,0,0,0,0,3,0,13,73.70178366545588,12.836455018259585,195.3779939794913,52.0
1774611652,2,POST,/api/plugins/load?uri,0.000000,0.000000,0,0,0,0,0,0,0,0,0,0,0,1,0,5.271331057883799,5.271331057883799,5.271331057883799,5.271331057883799,3209.0
1774611652,2,POST,/api/plugins/unload?uri,0.000000,0.000000,0,0,0,0,0,0,0,0,0,0,0,1,0,11.84082799591124,11.84082799591124,11.84082799591124,11.84082799591124,125.0
1774611652,2,,Aggregated,0.000000,0.000000,0,0,0,0,0,0,0,0,0,0,0,19,0,22,82.6304222665433,2.053815987892449,317.21139093860984,14694.842105263158
1774611653,4,GET,/api/audio/latency,0.000000,0.000000,0,0,0,0,0,0,0,0,0,0,0,8,0,2,4.625227229553275,1.5424350276589394,21.202322910539806,33.0
1774611653,4,GET,/api/audio/levels,0.000000,0.000000,0,0,0,0,0,0,0,0,0,0,0,8,0,5,9.935656227753498,1.5977190341800451,22.864264901727438,76.25
1774611653,4,GET,/api/audio/levels (during plugin swap),0.000000,0.000000,0,0,0,0,0,0,0,0,0,0,0,4,0,10,11.015130003215745,1.935045002028346,20.220080041326582,82.75
1774611653,4,GET,/api/audio/levels/plugins,0.000000,0.000000,0,0,0,0,0,0,0,0,0,0,0,4,0,2,3.6991495289839804,1.8105440540239215,7.986053009517491,23.75
1774611653,4,GET,/api/audio/status,0.000000,0.000000,0,0,0,0,0,0,0,0,0,0,0,9,0,4,13.705493287286824,1.5665199607610703,80.68871300201863,303.0
1774611653,4,GET,/api/chains/,0.000000,0.000000,10,12,17,17,99,99,99,99,99,99,99,10,0,10,68.76170882023871,2.3308759555220604,266.80596300866455,1478.2
1774611653,4,GET,/api/chains/{id},0.000000,0.000000,0,0,0,0,0,0,0,0,0,0,0,9,0,8,42.438277250362766,2.6010110741481185,317.21139093860984,837.4444444444445
1774611653,4,POST,/api/chains/{id}/activate,0.000000,0.000000,0,0,0,0,0,0,0,0,0,0,0,9,0,20,15.872491148507429,1.9155270420014858,45.50846910569817,46.111111111111114
1774611653,4,POST,/api/chains/{id}/deactivate,0.000000,0.000000,0,0,0,0,0,0,0,0,0,0,0,9,0,2,5.6014293028662605,1.8491039518266916,23.708149907179177,62.0
1774611653,4,GET,/api/plugins/discover,0.000000,0.000000,0,0,0,0,0,0,0,0,0,0,0,10,0,20,39.30887677706778,12.800152064301074,120.48701592721045,89708.0
1774611653,4,GET,/api/plugins/list,0.000000,0.000000,0,0,0,0,0,0,0,0,0,0,0,10,0,3,23.960011394228786,1.5819809632375836,195.3779939794913,52.0
1774611653,4,POST,/api/plugins/load?uri,0.000000,0.000000,0,0,0,0,0,0,0,0,0,0,0,4,0,3,7.231136551126838,2.701897989027202,17.47288811020553,3225.0
1774611653,4,POST,/api/plugins/unload?uri,0.000000,0.000000,0,0,0,0,0,0,0,0,0,0,0,4,0,2,4.434872535057366,1.9134919857606292,11.84082799591124,123.0
1774611653,4,,Aggregated,0.000000,0.000000,5,12,18,20,24,99,200,320,320,320,320,98,0,5,22.86605521376074,1.5424350276589394,317.21139093860984,9574.602040816326
1774611654,6,GET,/api/audio/latency,0.000000,0.000000,2,3,3,14,15,15,15,15,15,15,15,11,0,3,6.071548083458435,1.5424350276589394,21.202322910539806,33.0
1774611654,6,GET,/api/audio/levels,0.000000,0.000000,8,18,19,96,150,150,150,150,150,150,150,11,0,8,30.240869170732118,1.5977190341800451,154.97096604667604,78.9090909090909
1774611654,6,GET,/api/audio/levels (during plugin swap),0.000000,0.000000,10,10,37,37,37,37,37,37,37,37,37,5,0,12,16.164571815170348,1.935045002028346,36.76233906298876,80.8
1774611654,6,GET,/api/audio/levels/plugins,0.000000,0.000000,3,3,3,3,3,3,3,3,3,3,3,5,0,3,3.5955280298367143,1.8105440540239215,7.986053009517491,24.4
1774611654,6,GET,/api/audio/status,0.000000,0.000000,3,3,4,4,16,16,16,16,16,16,16,10,0,4,13.952021463774145,1.5665199607610703,80.68871300201863,303.0
1774611654,6,GET,/api/chains/,2.000000,0.000000,12,17,91,99,120,150,150,150,150,150,150,16,0,12,66.72642312332755,2.3308759555220604,266.80596300866455,1478.125
1774611654,6,GET,/api/chains/{id},0.000000,0.000000,8,12,12,43,43,43,43,43,43,43,43,10,0,8,42.5104157300666,2.6010110741481185,317.21139093860984,843.3
1774611654,6,POST,/api/chains/{id}/activate,0.000000,0.000000,20,20,21,21,160,160,160,160,160,160,160,10,0,20,29.89822142990306,1.9155270420014858,156.12979396246374,47.5
1774611654,6,POST,/api/chains/{id}/deactivate,0.000000,0.000000,2,2,3,3,46,46,46,46,46,46,46,10,0,2,9.623596479650587,1.8491039518266916,45.82310107070953,62.0
1774611654,6,GET,/api/plugins/discover,0.000000,0.000000,46,50,51,53,54,54,54,54,54,54,54,16,0,26,41.75663623755099,12.800152064301074,120.48701592721045,89708.0
1774611654,6,GET,/api/plugins/list,0.000000,0.000000,8,8,15,15,16,16,16,16,16,16,16,16,0,6,19.029329683689866,1.5819809632375836,195.3779939794913,58.8125
1774611654,6,POST,/api/plugins/load?uri,0.000000,0.000000,3,3,12,12,12,12,12,12,12,12,12,5,0,5,8.176878839731216,2.701897989027202,17.47288811020553,3966.2
1774611654,6,POST,/api/plugins/unload?uri,0.000000,0.000000,2,2,20,20,20,20,20,20,20,20,20,5,0,2,7.613505842164159,1.9134919857606292,20.32803907059133,124.2
1774611654,6,,Aggregated,2.000000,0.000000,8,16,20,23,54,120,160,200,320,320,320,130,0,8,27.51715221675113,1.5424350276589394,317.21139093860984,11497.584615384616
1774611655,8,GET,/api/audio/latency,1.000000,0.000000,3,15,200,210,210,210,210,210,210,210,210,15,0,3,59.86599332342545,1.5424350276589394,210.8512269333005,33.0
1774611655,8,GET,/api/audio/levels,1.000000,0.000000,19,150,1000,1100,1100,1100,1100,1100,1100,1100,1100,15,0,19,311.5100768006717,1.5977190341800451,1142.4604749772698,80.8
1774611655,8,GET,/api/audio/levels (during plugin swap),1.000000,0.000000,16,37,37,940,940,940,940,940,940,940,940,7,0,16,148.80180615000427,1.935045002028346,944.3483219947666,82.28571428571429
1774611655,8,GET,/api/audio/levels/plugins,1.000000,0.000000,3,3,53,53,53,53,53,53,53,53,53,6,0,3,11.877608369104564,1.8105440540239215,53.288010065443814,24.833333333333332
1774611655,8,GET,/api/audio/status,2.000000,0.000000,3,3,4,4,16,16,16,16,16,16,16,10,0,4,13.952021463774145,1.5665199607610703,80.68871300201863,303.0
1774611655,8,GET,/api/chains/,3.000000,0.000000,14,91,120,150,610,1100,1100,1100,1100,1100,1100,20,0,14,171.79668406024575,2.3308759555220604,1138.814538018778,1478.1
1774611655,8,GET,/api/chains/{id},2.500000,0.000000,8,8,12,12,43,43,43,43,43,43,43,11,0,8,39.26093665755946,2.6010110741481185,317.21139093860984,832.0909090909091
1774611655,8,POST,/api/chains/{id}/activate,2.000000,0.000000,20,21,29,29,160,160,160,160,160,160,160,11,0,20,29.790021669627592,1.9155270420014858,156.12979396246374,46.36363636363637
1774611655,8,POST,/api/chains/{id}/deactivate,2.000000,0.000000,2,2,3,3,46,46,46,46,46,46,46,10,0,2,9.623596479650587,1.8491039518266916,45.82310107070953,62.0
1774611655,8,GET,/api/plugins/discover,3.000000,0.000000,50,53,53,54,56,59,59,59,59,59,59,19,0,46,44.009621726888184,12.800152064301074,120.48701592721045,89708.0
1774611655,8,GET,/api/plugins/list,3.000000,0.000000,12,15,16,200,210,210,210,210,210,210,210,20,0,8,46.61750314407982,1.5819809632375836,207.0125739555806,70.2
1774611655,8,POST,/api/plugins/load?uri,1.000000,0.000000,12,14,14,200,200,200,200,200,200,200,200,7,0,12,36.91688500943461,2.701897989027202,203.7294249748811,4101.0
1774611655,8,POST,/api/plugins/unload?uri,1.000000,0.000000,19,19,20,20,20,20,20,20,20,20,20,6,0,2,9.45358086998264,1.9134919857606292,20.32803907059133,130.66666666666666
1774611655,8,,Aggregated,23.500000,0.000000,13,20,46,54,200,610,1100,1100,1100,1100,1100,157,0,13,84.06651148625951,1.5424350276589394,1142.4604749772698,11341.745222929936
1774611656,10,GET,/api/audio/latency,3.333333,0.000000,4,9,15,22,210,210,210,210,210,210,210,32,0,3,32.58145296422299,1.5424350276589394,210.8512269333005,33.0
1774611656,10,GET,/api/audio/levels,3.333333,0.000000,18,39,96,140,1100,1100,1100,1100,1100,1100,1100,32,0,11,163.17311134844203,1.5977190341800451,1142.4604749772698,79.09375
1774611656,10,GET,/api/audio/levels (during plugin swap),1.333333,0.000000,23,34,37,81,940,940,940,940,940,940,940,12,0,16,98.72331067648095,1.867366023361683,944.3483219947666,78.41666666666667
1774611656,10,GET,/api/audio/levels/plugins,1.333333,0.000000,21,39,46,53,130,130,130,130,130,130,130,12,0,3,26.41024861562376,1.8105440540239215,133.9581540087238,21.583333333333332
1774611656,10,GET,/api/audio/status,3.333333,0.000000,4,16,27,37,120,200,200,200,200,200,200,24,0,4,25.810551567701623,1.5665199607610703,203.6907080328092,303.0
1774611656,10,GET,/api/chains/,5.000000,0.000000,14,31,120,140,610,610,1100,1100,1100,1100,1100,26,0,14,140.68975154973137,2.3308759555220604,1138.814538018778,1478.076923076923
1774611656,10,GET,/api/chains/{id},3.333333,0.000000,12,33,63,110,160,190,190,190,190,190,190,24,0,11,49.64582287842253,2.6010110741481185,317.21139093860984,837.375
1774611656,10,POST,/api/chains/{id}/activate,3.333333,0.000000,18,20,29,38,54,160,160,160,160,160,160,24,0,18,23.14292222339039,1.9155270420014858,156.12979396246374,49.583333333333336
1774611656,10,POST,/api/chains/{id}/deactivate,3.000000,0.000000,6,20,22,32,42,46,46,46,46,46,46,23,0,6,13.931623300658943,1.8491039518266916,45.82310107070953,60.91304347826087
1774611656,10,POST,/api/plugins/batch/parameters (500 updates),0.000000,0.000000,0,0,0,0,0,0,0,0,0,0,0,5,0,23,54.77586679626256,5.700301961041987,189.3356660148129,1061.6
1774611656,10,GET,/api/plugins/discover,4.000000,0.000000,50,53,54,55,59,140,140,140,140,140,140,26,0,45,46.471167575173936,12.800152064301074,136.8569090263918,89708.0
1774611656,10,GET,/api/plugins/list,5.000000,0.000000,12,16,31,32,210,210,210,210,210,210,210,26,0,8,39.36854637980174,1.5819809632375836,207.0125739555806,79.15384615384616
1774611656,10,POST,/api/plugins/load?uri,1.333333,0.000000,12,14,39,50,200,200,200,200,200,200,200,12,0,5,29.773103500095505,2.617174992337823,203.7294249748811,3180.5
1774611656,10,POST,/api/plugins/unload?uri,1.333333,0.000000,9,19,20,40,46,46,46,46,46,46,46,12,0,6,13.72817910547989,1.9134919857606292,46.03547300212085,129.5
1774611656,10,,Aggregated,39.000000,0.000000,13,22,39,46,130,200,940,1100,1100,1100,1100,290,0,13,59.09731053056773,1.5424350276589394,1142.4604749772698,8457.486206896552
1774611657,10,GET,/api/audio/latency,2.750000,0.000000,4,15,22,40,170,210,210,210,210,210,210,44,0,4,36.32604086305946,1.5424350276589394,210.8512269333005,33.0
1774611657,10,GET,/api/audio/levels,2.750000,0.000000,19,48,120,150,220,1100,1100,1100,1100,1100,1100,44,0,18,139.86901595490053,1.5977190341800451,1142.4604749772698,78.31818181818181
1774611657,10,GET,/api/audio/levels (during plugin swap),1.250000,0.000000,28,40,81,130,230,940,940,940,940,940,940,19,0,26,94.73713017436431,1.867366023361683,944.3483219947666,79.84210526315789
1774611657,10,GET,/api/audio/levels/plugins,1.250000,0.000000,16,21,38,39,53,130,130,130,130,130,130,19,0,16,22.848466068114107,1.723519992083311,133.9581540087238,22.210526315789473
1774611657,10,GET,/api/audio/status,2.500000,0.000000,5,19,27,37,120,170,200,200,200,200,200,31,0,7,28.64609889295553,1.5665199607610703,203.6907080328092,303.4193548387097
1774611657,10,GET,/api/chains/,4.000000,0.000000,14,44,99,120,610,610,1100,1100,1100,1100,1100,28,0,14,132.694313693459,2.3308759555220604,1138.814538018778,1478.142857142857
1774611657,10,GET,/api/chains/{id},2.500000,0.000000,19,49,80,100,160,160,190,190,190,190,190,32,0,17,52.498016571917105,2.5436290306970477,317.21139093860984,830.15625
1774611657,10,POST,/api/chains/{id}/activate,2.500000,0.000000,18,21,39,40,160,160,230,230,230,230,230,31,0,18,37.59187514022474,1.9083429360762239,229.04833999928087,51.12903225806452
1774611657,10,POST,/api/chains/{id}/deactivate,2.500000,0.000000,10,16,22,32,42,46,110,110,110,110,110,31,0,10,16.704746814925343,1.8491039518266916,107.44160204194486,59.58064516129032
1774611657,10,POST,/api/plugins/batch/parameters (500 updates),0.000000,0.000000,28,28,79,79,190,190,190,190,190,190,190,7,0,28,54.43388356694153,5.700301961041987,189.3356660148129,1053.4285714285713
1774611657,10,GET,/api/plugins/discover,4.000000,0.000000,46,51,53,54,56,59,140,140,140,140,140,28,0,44,46.17280803254938,12.800152064301074,136.8569090263918,89708.0
1774611657,10,GET,/api/plugins/list,4.000000,0.000000,15,18,32,41,200,210,210,210,210,210,210,28,0,12,43.14969821384044,1.5819809632375836,207.0125739555806,81.10714285714286
1774611657,10,POST,/api/plugins/load?uri,1.250000,0.000000,39,110,110,160,170,200,200,200,200,200,200,19,0,17,59.70023857356098,2.088006935082376,203.7294249748811,3124.842105263158
1774611657,10,POST,/api/plugins/unload?uri,1.250000,0.000000,9,14,19,20,46,110,110,110,110,110,110,19,0,9,17.108887850650046,1.8087619682773948,109.78102602530271,127.73684210526316
1774611657,10,,Aggregated,32.500000,0.000000,16,27,43,54,150,200,610,1100,1100,1100,1100,380,0,16,58.67039802772189,1.5424350276589394,1142.4604749772698,7028.6736842105265
1774611658,10,GET,/api/audio/latency,4.000000,0.000000,4,8,19,22,130,200,210,210,210,210,210,66,0,4,26.2527834839244,1.5424350276589394,210.8512269333005,33.0
1774611658,10,GET,/api/audio/levels,4.200000,0.000000,9,24,48,96,170,1000,1100,1100,1100,1100,1100,66,0,9,96.57605765140474,1.5977190341800451,1142.4604749772698,77.33333333333333
1774611658,10,GET,/api/audio/levels (during plugin swap),1.800000,0.000000,23,34,40,81,150,230,940,940,940,940,940,24,0,17,76.61207430646755,1.867366023361683,944.3483219947666,79.5
1774611658,10,GET,/api/audio/levels/plugins,1.800000,0.000000,16,20,27,38,46,53,130,130,130,130,130,24,0,8,19.640202551575687,1.723519992083311,133.9581540087238,21.583333333333332
1774611658,10,GET,/api/audio/status,2.600000,0.000000,4,14,22,27,47,120,200,200,200,200,200,50,0,4,23.161533731035888,1.5665199607610703,203.6907080328092,303.26
1774611658,10,GET,/api/chains/,4.400000,0.000000,14,44,99,120,610,610,1100,1100,1100,1100,1100,32,0,14,122.57427944859955,2.3308759555220604,1138.814538018778,1478.1875
1774611658,10,GET,/api/chains/{id},2.800000,0.000000,11,21,49,71,110,160,190,190,190,190,190,50,0,10,38.87571110390127,2.0960019901394844,317.21139093860984,815.22
1774611658,10,POST,/api/chains/{id}/activate,2.600000,0.000000,13,20,21,29,54,160,230,230,230,230,230,50,0,13,27.054818223696202,1.8843089928850532,229.04833999928087,52.5
1774611658,10,POST,/api/chains/{id}/deactivate,2.600000,0.000000,7,14,19,20,34,42,110,110,110,110,110,50,0,6,13.381784872617573,1.842570025473833,107.44160204194486,60.5
1774611658,10,POST,/api/plugins/batch/parameters (500 updates),0.200000,0.000000,23,28,40,48,79,190,190,190,190,190,190,14,0,23,38.037798633532866,5.700301961041987,189.3356660148129,994.0
1774611658,10,GET,/api/plugins/discover,4.400000,0.000000,45,51,53,53,56,59,140,140,140,140,140,32,0,43,44.26642799808178,12.800152064301074,136.8569090263918,89708.0
1774611658,10,GET,/api/plugins/list,4.400000,0.000000,15,19,31,32,200,210,210,210,210,210,210,32,0,12,39.162906188721536,1.5819809632375836,207.0125739555806,80.5
1774611658,10,POST,/api/plugins/load?uri,1.800000,0.000000,12,43,110,110,170,170,200,200,200,200,200,24,0,5,48.07414807146415,2.088006935082376,203.7294249748811,2983.8333333333335
1774611658,10,POST,/api/plugins/unload?uri,1.800000,0.000000,10,13,15,19,40,46,110,110,110,110,110,24,0,9,15.267849133427566,1.8087619682773948,109.78102602530271,128.875
1774611658,10,,Aggregated,39.400000,0.000000,11,20,32,41,120,170,230,940,1100,1100,1100,538,0,11,44.95409536469714,1.5424350276589394,1142.4604749772698,5725.719330855019
1774611659,10,GET,/api/audio/latency,6.166667,0.000000,4,10,21,22,130,200,210,210,210,210,210,76,0,4,26.426400647706988,1.5424350276589394,210.8512269333005,33.0
1774611659,10,GET,/api/audio/levels,6.333333,0.000000,12,25,90,120,200,1000,1100,1100,1100,1100,1100,76,0,11,95.56818622360497,1.5977190341800451,1142.4604749772698,77.61842105263158
1774611659,10,GET,/api/audio/levels (during plugin swap),2.333333,0.000000,23,37,93,130,210,230,940,940,940,940,940,30,0,17,78.1483252105924,1.8263860838487744,944.3483219947666,79.06666666666666
1774611659,10,GET,/api/audio/levels/plugins,2.166667,0.000000,16,22,26,27,46,53,130,130,130,130,130,30,0,10,19.044371876710404,1.6967529663816094,133.9581540087238,21.8
1774611659,10,GET,/api/audio/status,4.166667,0.000000,6,16,19,22,40,93,170,200,200,200,200,65,0,7,20.230411499953615,1.5665199607610703,203.6907080328092,303.2
1774611659,10,GET,/api/chains/,4.666667,0.000000,14,66,99,120,150,610,1100,1100,1100,1100,1100,33,0,17,120.84646713143836,2.3308759555220604,1138.814538018778,1478.1818181818182
1774611659,10,GET,/api/chains/{id},4.333333,0.000000,13,26,67,80,160,170,190,210,210,210,210,65,0,13,43.624414491037335,2.0960019901394844,317.21139093860984,804.0769230769231
1774611659,10,POST,/api/chains/{id}/activate,4.166667,0.000000,14,21,22,29,54,150,160,230,230,230,230,65,0,16,28.516624276884475,1.8843089928850532,229.04833999928087,53.07692307692308
1774611659,10,POST,/api/chains/{id}/deactivate,4.166667,0.000000,8,12,14,16,22,41,46,110,110,110,110,65,0,8,12.182757870938916,1.8353540217503905,107.44160204194486,60.84615384615385
1774611659,10,POST,/api/plugins/batch/parameters (500 updates),1.000000,0.000000,28,48,49,62,180,190,190,190,190,190,190,18,0,28,47.3385125450376,5.700301961041987,189.3356660148129,971.5
1774611659,10,GET,/api/plugins/discover,4.333333,0.000000,44,50,53,53,56,59,140,140,140,140,140,33,0,43,43.65788587848797,12.800152064301074,136.8569090263918,89708.0
1774611659,10,GET,/api/plugins/list,4.500000,0.000000,15,19,31,32,200,210,210,210,210,210,210,33,0,13,38.54885175965275,1.5819809632375836,207.0125739555806,82.60606060606061
1774611659,10,POST,/api/plugins/load?uri,2.166667,0.000000,14,43,110,140,170,170,200,200,200,200,200,30,0,12,49.01068878437703,2.07228004001081,203.7294249748811,3035.1666666666665
1774611659,10,POST,/api/plugins/unload?uri,2.166667,0.000000,6,12,14,15,40,46,110,110,110,110,110,30,0,6,13.316905269554505,1.8087619682773948,109.78102602530271,129.23333333333332
1774611659,10,,Aggregated,52.666667,0.000000,12,21,31,42,130,170,220,610,1100,1100,1100,649,0,12,43.7689828176987,1.5424350276589394,1142.4604749772698,4953.929121725732
1774611660,10,GET,/api/audio/latency,6.857143,0.000000,4,9,19,21,40,170,210,210,210,210,210,99,0,4,22.09084616348411,1.5356499934569001,210.8512269333005,33.0
1774611660,10,GET,/api/audio/levels,6.857143,0.000000,11,19,40,90,170,220,1100,1100,1100,1100,1100,99,0,11,77.28774692143567,1.5977190341800451,1142.4604749772698,77.5959595959596
1774611660,10,GET,/api/audio/levels (during plugin swap),2.714286,0.000000,13,28,40,86,190,230,940,940,940,940,940,40,0,12,62.154022688628174,1.655929023399949,944.3483219947666,78.525
1774611660,10,GET,/api/audio/levels/plugins,2.714286,0.000000,10,16,22,24,39,53,130,130,130,130,130,40,0,8,15.625797235406935,1.571964006870985,133.9581540087238,20.5
1774611660,10,GET,/api/audio/status,5.000000,0.000000,5,11,16,19,40,93,170,200,200,200,200,83,0,5,17.062846574012234,1.5665199607610703,203.6907080328092,303.1566265060241
1774611660,10,GET,/api/chains/,4.285714,0.000000,14,66,99,120,150,610,1100,1100,1100,1100,1100,33,0,17,120.84646713143836,2.3308759555220604,1138.814538018778,1478.1818181818182
1774611660,10,GET,/api/chains/{id},5.000000,0.000000,12,19,43,63,130,160,190,210,210,210,210,83,0,12,36.91045827153756,2.0769069669768214,317.21139093860984,811.289156626506
1774611660,10,POST,/api/chains/{id}/activate,5.000000,0.000000,13,19,21,23,40,150,160,230,230,230,230,83,0,13,24.46492041001119,1.8843089928850532,229.04833999928087,53.373493975903614
1774611660,10,POST,/api/chains/{id}/deactivate,5.000000,0.000000,6,10,12,14,21,41,46,110,110,110,110,83,0,6,10.558584277203913,1.8353540217503905,107.44160204194486,61.096385542168676
1774611660,10,POST,/api/plugins/batch/parameters (500 updates),1.428571,0.000000,19,30,48,60,79,180,190,190,190,190,190,26,0,19,38.04224487304544,5.4575459798797965,189.3356660148129,975.7692307692307
1774611660,10,GET,/api/plugins/discover,4.285714,0.000000,44,50,53,53,56,59,140,140,140,140,140,33,0,43,43.65788587848797,12.800152064301074,136.8569090263918,89708.0
1774611660,10,GET,/api/plugins/list,4.285714,0.000000,15,19,31,32,200,210,210,210,210,210,210,33,0,13,38.54885175965275,1.5819809632375836,207.0125739555806,82.60606060606061
1774611660,10,POST,/api/plugins/load?uri,2.714286,0.000000,5,17,43,110,160,170,200,200,200,200,200,40,0,5,38.29891643836163,2.07228004001081,203.7294249748811,2948.375
1774611660,10,POST,/api/plugins/unload?uri,2.714286,0.000000,8,12,13,15,22,46,110,110,110,110,110,40,0,8,12.250361329643056,1.8087619682773948,109.78102602530271,129.05
1774611660,10,,Aggregated,58.857143,0.000000,10,18,22,32,94,160,210,320,1100,1100,1100,815,0,10,36.86899869742752,1.5356499934569001,1142.4604749772698,4021.161963190184
1774611661,10,GET,/api/audio/latency,8.500000,0.000000,5,13,20,21,41,170,210,210,280,280,280,108,0,4,25.05335185237022,1.5356499934569001,276.900724042207,33.0
1774611661,10,GET,/api/audio/levels,8.500000,0.000000,10,18,46,94,150,220,1100,1100,1100,1100,1100,108,0,9,74.98709640047444,1.5977190341800451,1142.4604749772698,77.57407407407408
1774611661,10,GET,/api/audio/levels (during plugin swap),3.250000,0.000000,13,28,40,93,160,210,940,940,940,940,940,47,0,13,60.01947524442159,1.6165749402716756,944.3483219947666,78.25531914893617
1774611661,10,GET,/api/audio/levels/plugins,3.250000,0.000000,9,16,21,24,38,46,130,130,130,130,130,45,0,8,14.923921364566517,1.571964006870985,133.9581540087238,20.355555555555554
1774611661,10,GET,/api/audio/status,6.875000,0.000000,5,11,16,18,37,47,170,200,200,200,200,90,0,5,16.657491540536284,1.5665199607610703,203.6907080328092,303.14444444444445
1774611661,10,GET,/api/chains/,4.000000,0.000000,14,66,99,120,150,610,1100,1100,1100,1100,1100,33,0,17,120.84646713143836,2.3308759555220604,1138.814538018778,1478.1818181818182
1774611661,10,GET,/api/chains/{id},6.875000,0.000000,13,26,54,80,160,170,210,210,210,210,210,95,0,13,44.06538860578286,2.0769069669768214,317.21139093860984,810.8736842105263
1774611661,10,POST,/api/chains/{id}/activate,6.875000,0.000000,14,21,23,32,150,230,270,270,270,270,270,94,0,14,34.536155628070155,1.8843089928850532,273.6366050085053,53.61702127659574
1774611661,10,POST,/api/chains/{id}/deactivate,6.875000,0.000000,7,10,13,14,21,34,46,110,110,110,110,90,0,7,10.76210332232424,1.8353540217503905,107.44160204194486,61.166666666666664
1774611661,10,POST,/api/plugins/batch/parameters (500 updates),1.875000,0.000000,19,37,49,60,180,190,200,200,200,200,200,33,0,19,44.2630882325554,5.4575459798797965,197.74789502844214,958.3333333333334
1774611661,10,GET,/api/plugins/discover,4.000000,0.000000,44,50,53,53,56,59,140,140,140,140,140,33,0,43,43.65788587848797,12.800152064301074,136.8569090263918,89708.0
1774611661,10,GET,/api/plugins/list,4.000000,0.000000,15,19,31,32,200,210,210,210,210,210,210,33,0,13,38.54885175965275,1.5819809632375836,207.0125739555806,82.60606060606061
1774611661,10,POST,/api/plugins/load?uri,3.250000,0.000000,5,17,43,110,160,170,260,260,260,260,260,46,0,5,40.042815142837554,2.07228004001081,258.6908540688455,2863.5652173913045
1774611661,10,POST,/api/plugins/unload?uri,3.250000,0.000000,8,11,13,15,20,40,110,110,110,110,110,45,0,8,11.923570268683964,1.8087619682773948,109.78102602530271,128.35555555555555
1774611661,10,,Aggregated,71.375000,0.000000,10,19,24,37,110,170,220,320,1100,1100,1100,900,0,10,38.596891245752985,1.5356499934569001,1142.4604749772698,3680.4355555555558
1774611662,10,GET,/api/audio/latency,9.444444,0.000000,4,10,19,21,27,150,210,210,280,280,280,130,0,4,21.807955185739466,1.5356499934569001,276.900724042207,33.0
1774611662,10,GET,/api/audio/levels,9.555556,0.000000,8,15,25,48,150,210,1100,1100,1100,1100,1100,130,0,8,63.406055084823706,1.5977190341800451,1142.4604749772698,77.2
1774611662,10,GET,/api/audio/levels (during plugin swap),3.777778,0.000000,13,28,81,93,190,220,940,940,940,940,940,50,0,12,61.2444683117792,1.6165749402716756,944.3483219947666,78.46
1774611662,10,GET,/api/audio/levels/plugins,3.777778,0.000000,10,16,24,25,39,53,130,130,130,130,130,50,0,9,17.14032743126154,1.571964006870985,133.9581540087238,20.5
1774611662,10,GET,/api/audio/status,7.444444,0.000000,5,13,18,21,40,93,120,170,200,200,200,106,0,5,18.554583798109924,1.5665199607610703,203.6907080328092,303.12264150943395
1774611662,10,GET,/api/chains/,3.666667,0.000000,17,66,91,120,610,610,1100,1100,1100,1100,1100,35,0,17,114.6723332415734,2.3308759555220604,1138.814538018778,1478.2285714285715
1774611662,10,GET,/api/chains/{id},7.444444,0.000000,12,21,46,67,140,160,190,210,210,210,210,106,0,12,40.79160347629233,2.0769069669768214,317.21139093860984,811.433962264151
1774611662,10,POST,/api/chains/{id}/activate,7.444444,0.000000,13,20,22,28,150,230,270,270,270,270,270,106,0,13,33.66469360453094,1.8843089928850532,273.6366050085053,53.39622641509434
1774611662,10,POST,/api/chains/{id}/deactivate,7.444444,0.000000,7,10,13,16,23,34,42,46,110,110,110,106,0,6,10.925187226297018,1.8353540217503905,107.44160204194486,61.056603773584904
1774611662,10,POST,/api/plugins/batch/parameters (500 updates),2.222222,0.000000,17,28,37,49,180,190,230,230,230,230,230,46,0,17,40.56394461835937,5.4575459798797965,225.73682491201907,957.2608695652174
1774611662,10,GET,/api/plugins/discover,3.666667,0.000000,43,50,51,53,56,59,140,140,140,140,140,35,0,40,42.64542051324887,12.800152064301074,136.8569090263918,89708.0
1774611662,10,GET,/api/plugins/list,3.666667,0.000000,12,19,21,32,200,210,210,210,210,210,210,35,0,12,36.690926029612974,1.5819809632375836,207.0125739555806,80.85714285714286
1774611662,10,POST,/api/plugins/load?uri,3.777778,0.000000,6,17,43,110,170,200,260,260,260,260,260,50,0,5,41.56020857160911,2.07228004001081,258.6908540688455,2732.56
1774611662,10,POST,/api/plugins/unload?uri,3.777778,0.000000,9,12,15,15,25,40,110,110,110,110,110,50,0,9,12.574681327678263,1.8087619682773948,109.78102602530271,127.8
1774611662,10,,Aggregated,77.111111,0.000000,10,18,23,32,100,170,220,270,1100,1100,1100,1035,0,10,36.113308291153416,1.5356499934569001,1142.4604749772698,3411.544927536232
1774611663,10,GET,/api/audio/latency,10.200000,0.000000,5,11,19,21,40,170,210,210,280,280,280,147,0,4,22.026247587245035,1.5356499934569001,276.900724042207,33.0
1774611663,10,GET,/api/audio/levels,10.300000,0.000000,9,16,39,86,150,210,1100,1100,1100,1100,1100,147,0,9,64.0321404405483,1.5977190341800451,1142.4604749772698,77.06802721088435
1774611663,10,GET,/api/audio/levels (during plugin swap),4.200000,0.000000,16,34,86,110,190,220,940,940,940,940,940,52,0,12,61.45048574231063,1.6165749402716756,944.3483219947666,78.25
1774611663,10,GET,/api/audio/levels/plugins,4.200000,0.000000,10,16,24,25,39,53,130,130,130,130,130,52,0,9,16.85469518102204,1.571964006870985,133.9581540087238,20.5
1774611663,10,GET,/api/audio/status,8.500000,0.000000,6,11,18,19,40,93,120,170,200,200,200,116,0,6,17.78173141968276,1.5665199607610703,203.6907080328092,303.11206896551727
1774611663,10,GET,/api/chains/,3.300000,0.000000,31,66,120,140,610,1100,1100,1100,1100,1100,1100,35,0,17,114.6723332415734,2.3308759555220604,1138.814538018778,1478.2285714285715
1774611663,10,GET,/api/chains/{id},8.500000,0.000000,14,33,63,81,160,170,200,210,210,210,210,116,0,13,46.225146168706424,2.0769069669768214,317.21139093860984,808.1034482758621
1774611663,10,POST,/api/chains/{id}/activate,8.500000,0.000000,14,20,23,29,150,230,270,270,270,270,270,116,0,14,34.32446711391596,1.8843089928850532,273.6366050085053,53.31896551724138
1774611663,10,POST,/api/chains/{id}/deactivate,8.500000,0.000000,8,11,15,16,23,34,42,46,110,110,110,116,0,7,10.940055135067489,1.8353540217503905,107.44160204194486,60.922413793103445
1774611663,10,POST,/api/plugins/batch/parameters (500 updates),2.900000,0.000000,19,30,49,62,190,230,270,290,290,290,290,53,0,19,52.97021234829752,5.4575459798797965,292.6299610408023,955.8867924528302
1774611663,10,GET,/api/plugins/discover,3.300000,0.000000,44,50,53,53,56,59,140,140,140,140,140,35,0,40,42.64542051324887,12.800152064301074,136.8569090263918,89708.0
1774611663,10,GET,/api/plugins/list,3.300000,0.000000,19,31,41,140,210,210,210,210,210,210,210,35,0,12,36.690926029612974,1.5819809632375836,207.0125739555806,80.85714285714286
1774611663,10,POST,/api/plugins/load?uri,4.200000,0.000000,9,19,50,110,170,200,260,260,260,260,260,52,0,6,43.858984241244166,2.07228004001081,258.6908540688455,2738.019230769231
1774611663,10,POST,/api/plugins/unload?uri,4.200000,0.000000,9,12,15,18,25,40,110,110,110,110,110,52,0,9,12.47257498639206,1.8087619682773948,109.78102602530271,127.5
1774611663,10,,Aggregated,84.100000,0.000000,10,19,25,37,120,180,220,270,1100,1100,1100,1124,0,10,37.29973394660697,1.5356499934569001,1142.4604749772698,3165.0222419928828
1774611664,10,GET,/api/audio/latency,11.100000,0.000000,4,9,17,20,25,150,210,210,280,280,280,170,0,4,19.739623038399525,1.5356499934569001,276.900724042207,33.0
1774611664,10,GET,/api/audio/levels,11.100000,0.000000,8,14,24,46,150,210,1000,1100,1100,1100,1100,170,0,8,56.275743762414685,1.562951016239822,1142.4604749772698,76.9
1774611664,10,GET,/api/audio/levels (during plugin swap),4.800000,0.000000,10,24,40,93,160,220,230,940,940,940,940,58,0,10,55.78563199177834,1.6165749402716756,944.3483219947666,77.93103448275862
1774611664,10,GET,/api/audio/levels/plugins,4.800000,0.000000,10,16,21,24,38,53,110,130,130,130,130,58,0,8,15.722977196203608,1.571964006870985,133.9581540087238,20.275862068965516
1774611664,10,GET,/api/audio/status,9.500000,0.000000,5,10,16,19,37,93,120,170,200,200,200,132,0,5,16.144448784568038,1.5665199607610703,203.6907080328092,303.0984848484849
1774611664,10,GET,/api/chains/,3.100000,0.000000,31,66,120,140,610,1100,1100,1100,1100,1100,1100,35,0,17,114.6723332415734,2.3308759555220604,1138.814538018778,1478.2285714285715
1774611664,10,GET,/api/chains/{id},9.600000,0.000000,12,25,54,80,160,170,200,210,210,210,210,133,0,12,41.84775975711391,2.0769069669768214,317.21139093860984,804.8421052631579
1774611664,10,POST,/api/chains/{id}/activate,9.500000,0.000000,11,19,21,24,54,190,270,270,270,270,270,132,0,11,30.867153121631198,1.8843089928850532,273.6366050085053,53.75
1774611664,10,POST,/api/chains/{id}/deactivate,9.500000,0.000000,6,10,13,15,21,28,42,42,110,110,110,132,0,6,10.086179437525006,1.8353540217503905,107.44160204194486,60.86363636363637
1774611664,10,POST,/api/plugins/batch/parameters (500 updates),3.500000,0.000000,17,28,44,60,190,230,270,290,290,290,290,58,0,17,49.34992497096416,5.4575459798797965,292.6299610408023,951.7758620689655
1774611664,10,GET,/api/plugins/discover,3.300000,0.000000,43,47,53,55,59,140,140,140,140,140,140,35,0,40,42.64542051324887,12.800152064301074,136.8569090263918,89708.0
1774611664,10,GET,/api/plugins/list,3.300000,0.000000,19,31,41,140,210,210,210,210,210,210,210,35,0,12,36.690926029612974,1.5819809632375836,207.0125739555806,80.85714285714286
1774611664,10,POST,/api/plugins/load?uri,4.800000,0.000000,6,17,39,110,170,200,210,260,260,260,260,58,0,5,39.81040497631605,2.07228004001081,258.6908540688455,2605.948275862069
1774611664,10,POST,/api/plugins/unload?uri,4.800000,0.000000,8,11,14,15,25,40,46,110,110,110,110,58,0,8,11.765063862749857,1.8087619682773948,109.78102602530271,127.0
1774611664,10,,Aggregated,92.700000,0.000000,9,16,21,27,100,170,220,270,1100,1100,1100,1264,0,9,33.87400910407128,1.5356499934569001,1142.4604749772698,2843.847310126582
1774611665,10,GET,/api/audio/latency,13.200000,0.000000,4,9,17,19,23,67,150,190,280,280,280,172,0,4,19.752105741983627,1.5356499934569001,276.900724042207,33.0
1774611665,10,GET,/api/audio/levels,13.200000,0.000000,8,14,19,32,130,170,210,220,220,220,220,173,0,8,55.87975014232616,1.562951016239822,1142.4604749772698,76.90751445086705
1774611665,10,GET,/api/audio/levels (during plugin swap),4.900000,0.000000,9,23,39,86,150,210,220,230,230,230,230,60,0,10,54.512192642626665,1.6165749402716756,944.3483219947666,77.98333333333333
1774611665,10,GET,/api/audio/levels/plugins,4.900000,0.000000,8,15,16,20,25,34,38,110,110,110,110,60,0,8,15.288731372371936,1.5272980090230703,133.9581540087238,20.283333333333335
1774611665,10,GET,/api/audio/status,10.200000,0.000000,5,10,15,18,27,90,100,170,200,200,200,142,0,5,15.742357525954835,1.5665199607610703,203.6907080328092,303.09154929577466
1774611665,10,GET,/api/chains/,2.900000,0.000000,13,44,66,81,120,140,140,140,140,140,140,35,0,17,114.6723332415734,2.3308759555220604,1138.814538018778,1478.2285714285715
1774611665,10,GET,/api/chains/{id},10.100000,0.000000,13,25,63,91,160,170,200,210,210,210,210,142,0,12,42.72612269466061,2.0769069669768214,317.21139093860984,803.1830985915493
1774611665,10,POST,/api/chains/{id}/activate,10.200000,0.000000,11,19,21,24,54,190,270,270,270,270,270,142,0,12,30.047510134082444,1.8843089928850532,273.6366050085053,54.014084507042256
1774611665,10,POST,/api/chains/{id}/deactivate,10.200000,0.000000,7,11,13,15,20,26,34,42,110,110,110,142,0,7,10.256765208626822,1.8353540217503905,107.44160204194486,60.943661971830984
1774611665,10,POST,/api/plugins/batch/parameters (500 updates),4.700000,0.000000,17,28,44,60,180,200,270,290,290,290,290,62,0,17,48.282833231027205,5.4575459798797965,292.6299610408023,947.1290322580645
1774611665,10,GET,/api/plugins/discover,2.900000,0.000000,30,40,43,44,45,47,47,47,47,47,47,35,0,40,42.64542051324887,12.800152064301074,136.8569090263918,89708.0
1774611665,10,GET,/api/plugins/list,2.900000,0.000000,9,19,19,21,41,140,140,140,140,140,140,35,0,12,36.690926029612974,1.5819809632375836,207.0125739555806,80.85714285714286
1774611665,10,POST,/api/plugins/load?uri,4.900000,0.000000,5,14,20,43,160,190,210,260,260,260,260,60,0,5,38.66387127782218,2.0102160051465034,258.6908540688455,2554.9333333333334
1774611665,10,POST,/api/plugins/unload?uri,4.900000,0.000000,8,10,12,14,21,25,27,110,110,110,110,60,0,8,11.514736100798473,1.8087619682773948,109.78102602530271,126.78333333333333
1774611665,10,,Aggregated,100.100000,0.000000,9,15,20,23,81,150,200,230,280,290,290,1320,0,9,33.38856180956954,1.5272980090230703,1142.4604749772698,2736.564393939394
1774611666,10,GET,/api/audio/latency,14.000000,0.000000,5,11,19,21,24,110,190,280,1200,1200,1200,178,0,4,27.759117243701613,1.5356499934569001,1248.526890994981,33.0
1774611666,10,GET,/api/audio/levels,14.000000,0.000000,8,14,21,56,150,200,220,1100,1100,1100,1100,178,0,9,68.0450357730877,1.562951016239822,1142.4604749772698,77.16292134831461
1774611666,10,GET,/api/audio/levels (during plugin swap),5.000000,0.000000,10,27,86,130,210,230,1200,1200,1200,1200,1200,63,0,12,88.6836606262636,1.6165749402716756,1168.665161007084,78.36507936507937
1774611666,10,GET,/api/audio/levels/plugins,5.000000,0.000000,10,16,18,24,34,110,130,130,130,130,130,63,0,9,18.860822260778928,1.5272980090230703,133.9581540087238,20.396825396825395
1774611666,10,GET,/api/audio/status,11.100000,0.000000,6,11,16,18,27,93,100,130,170,170,170,145,0,6,16.529821826080823,1.5665199607610703,203.6907080328092,303.0896551724138
1774611666,10,GET,/api/chains/,2.000000,0.000000,20,66,81,81,120,120,120,120,120,120,120,35,0,17,114.6723332415734,2.3308759555220604,1138.814538018778,1478.2285714285715
1774611666,10,GET,/api/chains/{id},11.100000,0.000000,13,25,63,91,160,180,210,1000,1200,1200,1200,145,0,13,57.83694932831387,2.0769069669768214,1210.8297490049154,805.1034482758621
1774611666,10,POST,/api/chains/{id}/activate,11.100000,0.000000,13,21,24,24,150,230,270,270,270,270,270,145,0,13,31.977389159548128,1.8843089928850532,273.6366050085053,53.96551724137931
1774611666,10,POST,/api/chains/{id}/deactivate,11.200000,0.000000,8,10,13,14,19,26,34,42,110,110,110,145,0,7,10.267877866963632,1.8353540217503905,107.44160204194486,60.96551724137931
1774611666,10,POST,/api/plugins/batch/parameters (500 updates),5.500000,0.000000,18,28,49,95,230,1200,1200,1200,1200,1200,1200,66,0,18,100.4326132295484,5.4575459798797965,1244.3443440133706,949.9848484848485
1774611666,10,GET,/api/plugins/discover,2.300000,0.000000,30,36,40,44,47,47,47,47,47,47,47,35,0,40,42.64542051324887,12.800152064301074,136.8569090263918,89708.0
1774611666,10,GET,/api/plugins/list,2.000000,0.000000,19,19,21,21,41,41,41,41,41,41,41,35,0,12,36.690926029612974,1.5819809632375836,207.0125739555806,80.85714285714286
1774611666,10,POST,/api/plugins/load?uri,5.000000,0.000000,9,19,43,110,170,190,260,260,260,260,260,63,0,6,40.72083726466175,2.0102160051465034,258.6908540688455,2470.5238095238096
1774611666,10,POST,/api/plugins/unload?uri,5.000000,0.000000,8,12,14,15,24,25,110,110,110,110,110,63,0,8,11.791875999834803,1.8087619682773948,109.78102602530271,126.60317460317461
1774611666,10,,Aggregated,104.300000,0.000000,9,16,21,24,100,170,230,290,1200,1200,1200,1359,0,9,42.284285795711796,1.5272980090230703,1248.526890994981,2666.5562913907283
1774611667,10,GET,/api/audio/latency,15.900000,0.000000,4,10,17,20,23,67,150,280,1200,1200,1200,199,0,4,26.02313284179542,1.5356499934569001,1248.526890994981,33.0
1774611667,10,GET,/api/audio/levels,15.900000,0.000000,8,14,18,21,110,170,210,1100,1100,1100,1100,200,0,9,62.48960987315513,1.562951016239822,1142.4604749772698,77.095
1774611667,10,GET,/api/audio/levels (during plugin swap),5.500000,0.000000,8,18,39,75,160,220,1100,1200,1200,1200,1200,70,0,10,81.30283352386739,1.6165749402716756,1168.665161007084,78.2
1774611667,10,GET,/api/audio/levels/plugins,5.500000,0.000000,8,13,17,19,26,110,130,130,130,130,130,70,0,9,17.902845277317933,1.5272980090230703,133.9581540087238,20.12857142857143
1774611667,10,GET,/api/audio/status,12.600000,0.000000,5,10,14,16,21,26,98,100,130,130,130,163,0,5,15.575684935562998,1.5665199607610703,203.6907080328092,303.07975460122697
1774611667,10,GET,/api/chains/,1.900000,0.000000,6,12,20,20,66,66,66,66,66,66,66,37,0,14,108.84537122438888,2.1058329148218036,1138.814538018778,1478.2162162162163
1774611667,10,GET,/api/chains/{id},12.600000,0.000000,12,19,45,63,160,170,210,1000,1200,1200,1200,163,0,12,53.30402229161236,2.0041479729115963,1210.8297490049154,806.5030674846626
1774611667,10,POST,/api/chains/{id}/activate,12.600000,0.000000,10,19,21,24,45,190,270,270,270,270,270,163,0,11,29.9850895235235,1.8843089928850532,273.6366050085053,54.01840490797546
1774611667,10,POST,/api/chains/{id}/deactivate,12.600000,0.000000,6,10,11,12,16,24,26,28,42,42,42,163,0,6,9.896373839054737,1.8353540217503905,107.44160204194486,61.079754601226995
1774611667,10,POST,/api/plugins/batch/parameters (500 updates),6.100000,0.000000,17,22,37,62,200,290,1200,1200,1200,1200,1200,75,0,18,90.05889049575974,5.4575459798797965,1244.3443440133706,949.3333333333334
1774611667,10,GET,/api/plugins/discover,1.900000,0.000000,22,24,24,24,30,30,30,30,30,30,30,37,0,36,41.49493156630244,12.800152064301074,136.8569090263918,89708.0
1774611667,10,GET,/api/plugins/list,1.900000,0.000000,3,9,16,16,19,19,19,19,19,19,19,37,0,12,35.17588845932403,1.5819809632375836,207.0125739555806,79.29729729729729
1774611667,10,POST,/api/plugins/load?uri,5.500000,0.000000,6,10,17,20,110,190,210,260,260,260,260,70,0,7,37.66172671291445,2.0102160051465034,258.6908540688455,2434.342857142857
1774611667,10,POST,/api/plugins/unload?uri,5.500000,0.000000,8,10,12,15,22,25,25,27,27,27,27,70,0,8,11.182115742537592,1.8087619682773948,109.78102602530271,126.57142857142857
1774611667,10,,Aggregated,116.000000,0.000000,8,13,18,21,59,150,210,280,1200,1200,1200,1517,0,9,39.147382048566456,1.5272980090230703,1248.526890994981,2541.713909030982
1774611668,10,GET,/api/audio/latency,15.200000,0.000000,7,17,20,22,34,140,260,280,1200,1200,1200,218,0,5,27.69063805804562,1.5356499934569001,1248.526890994981,33.0
1774611668,10,GET,/api/audio/levels,15.200000,0.000000,9,18,25,84,140,190,210,1100,1100,1100,1100,218,0,9,63.02058030509416,1.562951016239822,1142.4604749772698,77.29357798165138
1774611668,10,GET,/api/audio/levels (during plugin swap),5.100000,0.000000,9,27,75,93,210,240,1200,1200,1200,1200,1200,73,0,11,82.01741521591192,1.6165749402716756,1168.665161007084,78.34246575342466
1774611668,10,GET,/api/audio/levels/plugins,5.100000,0.000000,9,15,17,19,32,110,130,130,130,130,130,73,0,9,17.81649645800664,1.5272980090230703,133.9581540087238,20.232876712328768
1774611668,10,GET,/api/audio/status,12.900000,0.000000,6,11,15,17,23,28,98,100,130,130,130,174,0,6,15.26493830178147,1.5665199607610703,203.6907080328092,303.07471264367814
1774611668,10,GET,/api/chains/,1.300000,0.000000,20,20,66,66,170,170,170,170,170,170,170,38,0,14,110.45368132181466,2.1058329148218036,1138.814538018778,1478.2105263157894
1774611668,10,GET,/api/chains/{id},12.800000,0.000000,15,26,59,96,160,200,240,1000,1200,1200,1200,174,0,14,53.678288280391186,2.0041479729115963,1210.8297490049154,808.1149425287356
1774611668,10,POST,/api/chains/{id}/activate,12.900000,0.000000,12,20,24,25,65,230,270,270,270,270,270,174,0,13,30.299696627062286,1.8843089928850532,273.6366050085053,53.96551724137931
1774611668,10,POST,/api/chains/{id}/deactivate,12.900000,0.000000,6,10,12,13,16,24,26,28,42,42,42,173,0,6,9.758968149161106,1.8353540217503905,107.44160204194486,61.13294797687861
1774611668,10,POST,/api/plugins/batch/parameters (500 updates),6.100000,0.000000,18,28,62,150,230,290,1200,1200,1200,1200,1200,78,0,18,93.69608450334711,5.4575459798797965,1244.3443440133706,948.0128205128206
1774611668,10,GET,/api/plugins/discover,1.300000,0.000000,24,24,27,27,30,30,30,30,30,30,30,38,0,30,41.11979592064591,12.800152064301074,136.8569090263918,89708.0
1774611668,10,GET,/api/plugins/list,1.300000,0.000000,16,16,19,19,39,39,39,39,39,39,39,38,0,12,35.27372184295305,1.5819809632375836,207.0125739555806,81.21052631578948
1774611668,10,POST,/api/plugins/load?uri,5.100000,0.000000,9,17,24,26,140,190,260,260,260,260,260,73,0,9,38.460488271682635,2.0102160051465034,258.6908540688455,2399.6027397260273
1774611668,10,POST,/api/plugins/unload?uri,5.100000,0.000000,8,10,12,15,24,25,30,30,30,30,30,73,0,8,11.20374210925186,1.8087619682773948,109.78102602530271,126.32876712328768
1774611668,10,,Aggregated,112.300000,0.000000,9,16,21,24,98,170,240,290,1200,1200,1200,1615,0,10,39.66159025256179,1.5272980090230703,1248.526890994981,2458.856346749226
1774611669,10,GET,/api/audio/latency,14.600000,0.000000,6,12,17,21,32,110,190,280,1200,1200,1200,243,0,5,25.469863618658895,1.5066810883581638,1248.526890994981,33.0
1774611669,10,GET,/api/audio/levels,14.600000,0.000000,8,14,18,22,110,170,190,1100,1100,1100,1100,243,0,9,57.21332111162107,1.562951016239822,1142.4604749772698,77.06584362139918
1774611669,10,GET,/api/audio/levels (during plugin swap),5.000000,0.000000,8,18,39,63,160,240,1200,1200,1200,1200,1200,77,0,10,78.02734776345602,1.6165749402716756,1168.665161007084,78.23376623376623
1774611669,10,GET,/api/audio/levels/plugins,5.100000,0.000000,9,13,16,17,32,110,130,130,130,130,130,77,0,9,17.184810448353264,1.5272980090230703,133.9581540087238,20.246753246753247
1774611669,10,GET,/api/audio/status,12.400000,0.000000,6,11,14,16,22,28,98,100,130,130,130,185,0,6,14.881719236035604,1.5665199607610703,203.6907080328092,303.07027027027027
1774611669,10,GET,/api/chains/,0.700000,0.000000,20,20,66,66,170,170,170,170,170,170,170,38,0,14,110.45368132181466,2.1058329148218036,1138.814538018778,1478.2105263157894
1774611669,10,GET,/api/chains/{id},12.300000,0.000000,14,20,46,68,140,180,240,1000,1200,1200,1200,185,0,13,51.25135747980125,1.9258959218859673,1210.8297490049154,807.6324324324324
1774611669,10,POST,/api/chains/{id}/activate,12.400000,0.000000,10,19,21,24,45,230,270,270,270,270,270,185,0,11,28.994664152756936,1.833976013585925,273.6366050085053,53.91891891891892
1774611669,10,POST,/api/chains/{id}/deactivate,12.400000,0.000000,6,10,12,14,17,24,28,42,110,110,110,185,0,6,10.107889544923562,1.8353540217503905,111.1309229163453,61.189189189189186
1774611669,10,POST,/api/plugins/batch/parameters (500 updates),6.100000,0.000000,17,22,28,44,200,290,1200,1200,1200,1200,1200,91,0,18,82.40104536653834,5.4575459798797965,1244.3443440133706,941.7472527472528
1774611669,10,GET,/api/plugins/discover,0.900000,0.000000,24,24,27,27,30,30,30,30,30,30,30,38,0,30,41.11979592064591,12.800152064301074,136.8569090263918,89708.0
1774611669,10,GET,/api/plugins/list,0.800000,0.000000,16,16,19,19,39,39,39,39,39,39,39,38,0,12,35.27372184295305,1.5819809632375836,207.0125739555806,81.21052631578948
1774611669,10,POST,/api/plugins/load?uri,5.100000,0.000000,8,10,19,25,110,190,260,260,260,260,260,77,0,8,36.794897648143014,2.0102160051465034,258.6908540688455,2334.8571428571427
1774611669,10,POST,/api/plugins/unload?uri,5.100000,0.000000,7,10,15,18,24,25,30,30,30,30,30,77,0,7,10.902244883420115,1.8087619682773948,109.78102602530271,126.18181818181819
1774611669,10,,Aggregated,107.500000,0.000000,9,14,19,22,68,150,240,290,1200,1200,1200,1739,0,9,37.47171383944745,1.5066810883581638,1248.526890994981,2302.740080506038
1774611670,10,GET,/api/audio/latency,15.500000,0.000000,8,15,21,24,42,140,190,280,1200,1200,1200,258,0,6,27.099953517642653,1.5066810883581638,1248.526890994981,33.0
1774611670,10,GET,/api/audio/levels,15.500000,0.000000,9,18,30,59,140,170,210,1100,1100,1100,1100,258,0,9,58.01325236526571,1.562951016239822,1142.4604749772698,77.13178294573643
1774611670,10,GET,/api/audio/levels (during plugin swap),5.200000,0.000000,11,39,75,110,220,1100,1200,1200,1200,1200,1200,82,0,11,76.42375459474307,1.6165749402716756,1168.665161007084,78.39024390243902
1774611670,10,GET,/api/audio/levels/plugins,5.200000,0.000000,10,16,18,19,34,130,130,130,130,130,130,82,0,9,16.968834740620835,1.5272980090230703,133.9581540087238,20.341463414634145
1774611670,10,GET,/api/audio/status,13.000000,0.000000,9,11,15,16,24,90,100,130,140,140,140,193,0,7,15.29303038676168,1.5665199607610703,203.6907080328092,303.0673575129534
1774611670,10,GET,/api/chains/,0.700000,0.000000,12,20,20,170,170,170,170,170,170,170,170,38,0,14,110.45368132181466,2.1058329148218036,1138.814538018778,1478.2105263157894
1774611670,10,GET,/api/chains/{id},13.000000,0.000000,18,46,78,120,160,180,240,1000,1200,1200,1200,193,0,14,53.702445506538055,1.9258959218859673,1210.8297490049154,808.5699481865284
1774611670,10,POST,/api/chains/{id}/activate,13.000000,0.000000,12,21,31,35,110,230,270,270,270,270,270,193,0,12,30.306255353802882,1.833976013585925,273.6366050085053,53.78238341968912
1774611670,10,POST,/api/chains/{id}/deactivate,13.000000,0.000000,8,12,14,15,22,26,42,44,110,110,110,193,0,7,10.429963123275286,1.8353540217503905,111.1309229163453,61.09326424870466
1774611670,10,POST,/api/plugins/batch/parameters (500 updates),6.500000,0.000000,17,22,31,95,200,290,1200,1200,1200,1200,1200,100,0,17,77.84209830220789,5.4575459798797965,1244.3443440133706,937.84
1774611670,10,GET,/api/plugins/discover,0.700000,0.000000,24,27,27,30,30,30,30,30,30,30,30,38,0,30,41.11979592064591,12.800152064301074,136.8569090263918,89708.0
1774611670,10,GET,/api/plugins/list,0.700000,0.000000,9,16,16,39,39,39,39,39,39,39,39,38,0,12,35.27372184295305,1.5819809632375836,207.0125739555806,81.21052631578948
1774611670,10,POST,/api/plugins/load?uri,5.200000,0.000000,9,19,29,33,140,210,260,260,260,260,260,82,0,9,36.05850495074353,2.0102160051465034,258.6908540688455,2331.1341463414633
1774611670,10,POST,/api/plugins/unload?uri,5.200000,0.000000,7,9,13,18,25,27,30,30,30,30,30,82,0,8,10.769196317485738,1.8087619682773948,109.78102602530271,126.14634146341463
1774611670,10,,Aggregated,112.400000,0.000000,10,17,23,27,110,170,240,1000,1200,1200,1200,1830,0,10,37.98901167007347,1.5066810883581638,1248.526890994981,2205.8306010928964
1774611671,10,GET,/api/audio/latency,15.300000,0.000000,8,14,18,22,38,110,170,260,1200,1200,1200,278,0,6,25.749955137457913,1.5066810883581638,1248.526890994981,33.0
1774611671,10,GET,/api/audio/levels,15.300000,0.000000,9,15,22,38,130,170,210,1100,1100,1100,1100,278,0,9,54.618488418494465,1.562951016239822,1142.4604749772698,77.02158273381295
1774611671,10,GET,/api/audio/levels (during plugin swap),4.800000,0.000000,10,24,52,63,130,1100,1200,1200,1200,1200,1200,86,0,11,73.79889083473921,1.6165749402716756,1168.665161007084,78.44186046511628
1774611671,10,GET,/api/audio/levels/plugins,4.800000,0.000000,10,14,17,18,32,130,130,130,130,130,130,86,0,9,16.664310565575697,1.5272980090230703,133.9581540087238,20.5
1774611671,10,GET,/api/audio/status,12.300000,0.000000,5,9,11,14,19,24,28,130,140,140,140,213,0,6,14.33931835850552,1.5665199607610703,203.6907080328092,303.0610328638498
1774611671,10,GET,/api/chains/,0.600000,0.000000,12,20,20,170,170,170,170,170,170,170,170,38,0,14,110.45368132181466,2.1058329148218036,1138.814538018778,1478.2105263157894
1774611671,10,GET,/api/chains/{id},12.300000,0.000000,11,19,38,67,130,180,240,1000,1200,1200,1200,213,0,12,49.47923051691811,1.9258959218859673,1210.8297490049154,808.5164319248827
1774611671,10,POST,/api/chains/{id}/activate,12.300000,0.000000,9,18,21,24,41,110,170,190,240,240,240,213,0,11,28.12015091751138,1.833976013585925,273.6366050085053,54.014084507042256
1774611671,10,POST,/api/chains/{id}/deactivate,12.300000,0.000000,5,10,12,13,16,22,24,44,110,110,110,212,0,6,9.92582792433787,1.8353540217503905,111.1309229163453,61.174528301886795
1774611671,10,POST,/api/plugins/batch/parameters (500 updates),6.400000,0.000000,16,22,27,44,180,290,1200,1200,1200,1200,1200,112,0,17,72.14076494710753,5.4575459798797965,1244.3443440133706,933.0803571428571
1774611671,10,GET,/api/plugins/discover,0.600000,0.000000,24,27,27,30,30,30,30,30,30,30,30,38,0,30,41.11979592064591,12.800152064301074,136.8569090263918,89708.0
1774611671,10,GET,/api/plugins/list,0.600000,0.000000,9,16,16,39,39,39,39,39,39,39,39,38,0,12,35.27372184295305,1.5819809632375836,207.0125739555806,81.21052631578948
1774611671,10,POST,/api/plugins/load?uri,4.800000,0.000000,9,16,24,29,110,140,190,190,190,190,190,86,0,9,34.96100300067473,2.0102160051465034,258.6908540688455,2303.139534883721
1774611671,10,POST,/api/plugins/unload?uri,4.800000,0.000000,6,8,12,13,24,27,30,30,30,30,30,86,0,8,10.683170105547232,1.8087619682773948,109.78102602530271,126.06976744186046
1774611671,10,,Aggregated,107.200000,0.000000,9,14,19,23,59,140,190,290,1200,1200,1200,1977,0,9,35.8699237892228,1.5066810883581638,1248.526890994981,2064.701062215478
1774611672,10,GET,/api/audio/latency,16.100000,0.000000,10,17,22,24,67,150,170,260,1200,1200,1200,295,0,7,27.33057311230923,1.5066810883581638,1248.526890994981,33.0
1774611672,10,GET,/api/audio/levels,16.000000,0.000000,10,19,42,85,140,190,220,1100,1100,1100,1100,295,0,9,56.291203774211894,1.562951016239822,1142.4604749772698,77.01016949152542
1774611672,10,GET,/api/audio/levels (during plugin swap),4.400000,0.000000,11,24,54,63,130,1100,1200,1200,1200,1200,1200,87,0,11,73.2158023540209,1.6165749402716756,1168.665161007084,78.37931034482759
1774611672,10,GET,/api/audio/levels/plugins,4.400000,0.000000,10,14,17,18,23,130,130,130,130,130,130,87,0,9,16.554649892509325,1.5272980090230703,133.9581540087238,20.57471264367816
1774611672,10,GET,/api/audio/status,11.800000,0.000000,7,10,14,15,19,26,140,250,260,260,260,224,0,6,16.34303493171631,1.5665199607610703,256.47093600127846,303.0580357142857
1774611672,10,GET,/api/chains/,0.500000,0.000000,12,20,20,170,170,170,170,170,170,170,170,38,0,14,110.45368132181466,2.1058329148218036,1138.814538018778,1478.2105263157894
1774611672,10,GET,/api/chains/{id},11.900000,0.000000,14,23,67,98,160,180,240,1000,1200,1200,1200,224,0,12,51.271542834521306,1.9258959218859673,1210.8297490049154,808.8839285714286
1774611672,10,POST,/api/chains/{id}/activate,11.900000,0.000000,11,20,22,24,44,170,170,190,240,240,240,224,0,11,28.896115534215433,1.833976013585925,273.6366050085053,53.973214285714285
1774611672,10,POST,/api/chains/{id}/deactivate,11.800000,0.000000,6,10,12,14,16,24,110,150,160,160,160,224,0,6,11.203450231862787,1.8353540217503905,162.67267696093768,61.21875
1774611672,10,POST,/api/plugins/batch/parameters (500 updates),7.500000,0.000000,16,25,67,110,240,290,1200,1200,1200,1200,1200,116,0,17,75.49523076761096,5.4575459798797965,1244.3443440133706,933.7931034482758
1774611672,10,GET,/api/plugins/discover,0.500000,0.000000,24,27,27,30,30,30,30,30,30,30,30,38,0,30,41.11979592064591,12.800152064301074,136.8569090263918,89708.0
1774611672,10,GET,/api/plugins/list,0.500000,0.000000,9,16,16,39,39,39,39,39,39,39,39,38,0,12,35.27372184295305,1.5819809632375836,207.0125739555806,81.21052631578948
1774611672,10,POST,/api/plugins/load?uri,4.400000,0.000000,10,16,25,29,110,140,190,190,190,190,190,87,0,9,34.75989647284578,2.0102160051465034,258.6908540688455,2296.632183908046
1774611672,10,POST,/api/plugins/unload?uri,4.400000,0.000000,5,8,12,13,21,24,30,30,30,30,30,87,0,8,10.58615432201146,1.8087619682773948,109.78102602530271,126.03448275862068
1774611672,10,,Aggregated,106.100000,0.000000,9,16,20,25,110,170,240,290,1200,1200,1200,2064,0,9,37.01994594556772,1.5066810883581638,1248.526890994981,1987.9815891472867
1774611673,10,GET,/api/audio/latency,15.800000,0.000000,9,16,22,24,42,140,170,260,1200,1200,1200,316,0,6,25.98781468452815,1.5066810883581638,1248.526890994981,33.0
1774611673,10,GET,/api/audio/levels,15.700000,0.000000,9,16,26,53,130,170,220,1100,1100,1100,1100,316,0,9,53.715521672333864,1.562951016239822,1142.4604749772698,77.03164556962025
1774611673,10,GET,/api/audio/levels (during plugin swap),4.200000,0.000000,10,24,52,63,120,1100,1200,1200,1200,1200,1200,91,0,11,71.16681194459959,1.6165749402716756,1168.665161007084,78.42857142857143
1774611673,10,GET,/api/audio/levels/plugins,4.200000,0.000000,9,12,14,17,23,130,130,130,130,130,130,91,0,9,16.0275328633181,1.5272980090230703,133.9581540087238,20.428571428571427
1774611673,10,GET,/api/audio/status,11.300000,0.000000,5,10,14,15,19,26,140,250,260,260,260,242,0,5,15.613924126498679,1.5478340210393071,256.47093600127846,303.05371900826447
1774611673,10,GET,/api/chains/,0.500000,0.000000,12,20,20,170,170,170,170,170,170,170,170,38,0,14,110.45368132181466,2.1058329148218036,1138.814538018778,1478.2105263157894
1774611673,10,GET,/api/chains/{id},11.300000,0.000000,9,19,27,63,130,180,240,1000,1200,1200,1200,242,0,11,48.3546138208067,1.9258959218859673,1210.8297490049154,808.8181818181819
1774611673,10,POST,/api/chains/{id}/activate,11.300000,0.000000,9,18,21,24,39,110,170,170,240,240,240,242,0,10,27.36201829975471,1.833976013585925,273.6366050085053,54.00826446280992
1774611673,10,POST,/api/chains/{id}/deactivate,11.300000,0.000000,5,9,11,12,15,24,110,150,160,160,160,242,0,6,10.675480810074859,1.8187540117651224,162.67267696093768,61.27685950413223
1774611673,10,POST,/api/plugins/batch/parameters (500 updates),7.400000,0.000000,16,22,27,46,170,260,1200,1200,1200,1200,1200,129,0,17,69.4522920846145,5.4575459798797965,1244.3443440133706,938.7674418604652
1774611673,10,GET,/api/plugins/discover,0.500000,0.000000,24,27,27,30,30,30,30,30,30,30,30,38,0,30,41.11979592064591,12.800152064301074,136.8569090263918,89708.0
1774611673,10,GET,/api/plugins/list,0.500000,0.000000,9,16,16,39,39,39,39,39,39,39,39,38,0,12,35.27372184295305,1.5819809632375836,207.0125739555806,81.21052631578948
1774611673,10,POST,/api/plugins/load?uri,4.200000,0.000000,9,16,23,25,42,110,140,140,140,140,140,91,0,9,33.57764852877993,2.0102160051465034,258.6908540688455,2270.3956043956046
1774611673,10,POST,/api/plugins/unload?uri,4.200000,0.000000,5,8,10,12,21,24,30,30,30,30,30,91,0,7,10.336073647652354,1.8087619682773948,109.78102602530271,126.06593406593407
1774611673,10,,Aggregated,102.400000,0.000000,9,14,19,23,74,140,240,260,1200,1200,1200,2207,0,9,35.27960516372084,1.5066810883581638,1248.526890994981,1879.510194834617
1774611674,10,GET,/api/audio/latency,17.300000,0.000000,10,17,23,26,110,160,170,260,1200,1200,1200,332,0,6,26.5331915151945,1.5066810883581638,1248.526890994981,33.0
1774611674,10,GET,/api/audio/levels,17.300000,0.000000,10,20,49,85,140,180,220,1100,1100,1100,1100,334,0,9,53.95660700184477,1.562951016239822,1142.4604749772698,77.00898203592814
1774611674,10,GET,/api/audio/levels (during plugin swap),3.800000,0.000000,10,24,54,75,120,1100,1200,1200,1200,1200,1200,94,0,10,70.05875305262731,1.6165749402716756,1168.665161007084,78.3936170212766
1774611674,10,GET,/api/audio/levels/plugins,3.800000,0.000000,7,11,14,17,23,130,130,130,130,130,130,94,0,8,15.610569559206116,1.5272980090230703,133.9581540087238,20.5
1774611674,10,GET,/api/audio/status,12.000000,0.000000,5,10,14,15,19,28,140,250,260,260,260,247,0,5,15.379787136155825,1.5478340210393071,256.47093600127846,303.05263157894734
1774611674,10,GET,/api/chains/,0.500000,0.000000,12,12,170,170,170,170,170,170,170,170,170,38,0,14,110.45368132181466,2.1058329148218036,1138.814538018778,1478.2105263157894
1774611674,10,GET,/api/chains/{id},11.900000,0.000000,11,23,67,100,130,180,240,1000,1200,1200,1200,250,0,12,49.32509331451729,1.9258959218859673,1210.8297490049154,809.504
1774611674,10,POST,/api/chains/{id}/activate,12.000000,0.000000,10,19,21,24,42,160,170,170,240,240,240,248,0,10,27.47116163476265,1.833976013585925,273.6366050085053,54.05241935483871
1774611674,10,POST,/api/chains/{id}/deactivate,12.000000,0.000000,5,9,12,13,16,28,150,160,160,160,160,247,0,6,11.157793935524065,1.8187540117651224,162.67267696093768,61.19028340080972
1774611674,10,POST,/api/plugins/batch/parameters (500 updates),7.700000,0.000000,18,27,68,89,210,260,1200,1200,1200,1200,1200,140,0,18,72.08564242713952,5.4575459798797965,1244.3443440133706,940.0357142857143
1774611674,10,GET,/api/plugins/discover,0.500000,0.000000,24,24,27,27,27,27,27,27,27,27,27,38,0,30,41.11979592064591,12.800152064301074,136.8569090263918,89708.0
1774611674,10,GET,/api/plugins/list,0.500000,0.000000,16,16,39,39,39,39,39,39,39,39,39,38,0,12,35.27372184295305,1.5819809632375836,207.0125739555806,81.21052631578948
1774611674,10,POST,/api/plugins/load?uri,3.800000,0.000000,9,16,23,25,42,110,140,140,140,140,140,94,0,9,32.82254614168778,2.0102160051465034,258.6908540688455,2250.3617021276596
1774611674,10,POST,/api/plugins/unload?uri,3.800000,0.000000,5,8,10,12,21,24,30,30,30,30,30,94,0,6,10.158652253944348,1.8087619682773948,109.78102602530271,126.02127659574468
1774611674,10,,Aggregated,106.900000,0.000000,9,16,22,27,110,160,240,1000,1200,1200,1200,2288,0,9,35.75820049832305,1.5066810883581638,1248.526890994981,1824.680506993007
1774611675,10,GET,/api/audio/latency,16.600000,0.000000,10,17,22,26,100,160,170,260,1200,1200,1200,350,0,7,26.086510711549117,1.5066810883581638,1248.526890994981,33.0
1774611675,10,GET,/api/audio/levels,16.600000,0.000000,10,19,40,74,140,180,220,1100,1100,1100,1100,350,0,9,52.09727104786517,1.562951016239822,1142.4604749772698,77.04857142857144
1774611675,10,GET,/api/audio/levels (during plugin swap),3.800000,0.000000,10,23,54,63,99,240,1200,1200,1200,1200,1200,101,0,10,66.30853237584233,1.6165749402716756,1168.665161007084,78.01980198019803
1774611675,10,GET,/api/audio/levels/plugins,3.800000,0.000000,9,12,14,16,19,32,130,130,130,130,130,101,0,9,15.12721725416803,1.5272980090230703,133.9581540087238,20.435643564356436
1774611675,10,GET,/api/audio/status,12.000000,0.000000,7,10,12,14,19,24,140,250,260,260,260,270,0,6,14.772280739810041,1.54499604832381,256.47093600127846,303.04814814814813
1774611675,10,GET,/api/chains/,0.300000,0.000000,12,12,170,170,170,170,170,170,170,170,170,38,0,14,110.45368132181466,2.1058329148218036,1138.814538018778,1478.2105263157894
1774611675,10,GET,/api/chains/{id},12.000000,0.000000,9,19,31,68,130,180,240,1000,1200,1200,1200,270,0,11,46.75143358289023,1.9258959218859673,1210.8297490049154,808.7407407407408
1774611675,10,POST,/api/chains/{id}/activate,12.000000,0.000000,10,16,20,21,45,170,180,180,240,240,240,270,0,10,27.631041775802494,1.833976013585925,273.6366050085053,53.98148148148148
1774611675,10,POST,/api/chains/{id}/deactivate,12.000000,0.000000,5,9,11,13,21,27,150,160,160,160,160,270,0,6,11.046161580209931,1.8187540117651224,162.67267696093768,61.25925925925926
1774611675,10,POST,/api/plugins/batch/parameters (500 updates),6.900000,0.000000,17,25,65,81,180,250,1200,1200,1200,1200,1200,149,0,17,69.0123801535283,5.4575459798797965,1244.3443440133706,941.5637583892617
1774611675,10,GET,/api/plugins/discover,0.300000,0.000000,24,24,27,27,27,27,27,27,27,27,27,38,0,30,41.11979592064591,12.800152064301074,136.8569090263918,89708.0
1774611675,10,GET,/api/plugins/list,0.300000,0.000000,16,16,39,39,39,39,39,39,39,39,39,38,0,12,35.27372184295305,1.5819809632375836,207.0125739555806,81.21052631578948
1774611675,10,POST,/api/plugins/load?uri,3.800000,0.000000,10,17,19,24,33,110,140,140,140,140,140,101,0,9,31.139008342380645,2.0102160051465034,258.6908540688455,2262.6831683168316
1774611675,10,POST,/api/plugins/unload?uri,3.800000,0.000000,6,10,12,13,23,24,30,30,30,30,30,101,0,7,10.420318553454731,1.8087619682773948,109.78102602530271,126.48514851485149
1774611675,10,,Aggregated,104.200000,0.000000,9,15,20,24,95,160,220,260,1200,1200,1200,2447,0,9,34.419334828884054,1.5066810883581638,1248.526890994981,1728.4511646914589
1774611676,10,GET,/api/audio/latency,17.500000,0.000000,9,15,20,23,42,160,170,170,260,260,260,352,0,6,25.950675613619918,1.5066810883581638,1248.526890994981,33.0
1774611676,10,GET,/api/audio/levels,17.500000,0.000000,10,18,38,60,140,170,190,220,240,240,240,357,0,9,52.1976236265064,1.562951016239822,1142.4604749772698,77.15126050420169
1774611676,10,GET,/api/audio/levels (during plugin swap),3.900000,0.000000,9,18,44,54,99,140,240,240,240,240,240,102,0,10,67.04054290072663,1.6165749402716756,1168.665161007084,78.09803921568627
1774611676,10,GET,/api/audio/levels/plugins,3.900000,0.000000,9,10,12,13,18,23,32,32,32,32,32,101,0,9,15.12721725416803,1.5272980090230703,133.9581540087238,20.435643564356436
1774611676,10,GET,/api/audio/status,12.100000,0.000000,6,10,11,14,19,24,140,250,260,260,260,279,0,6,14.55702734685513,1.54499604832381,256.47093600127846,303.04659498207883
1774611676,10,GET,/api/chains/,0.300000,0.000000,12,12,170,170,170,170,170,170,170,170,170,38,0,14,110.45368132181466,2.1058329148218036,1138.814538018778,1478.2105263157894
1774611676,10,GET,/api/chains/{id},12.200000,0.000000,8,15,23,56,120,150,180,240,240,240,240,281,0,11,46.041168433239555,1.9258959218859673,1210.8297490049154,809.6512455516014
1774611676,10,POST,/api/chains/{id}/activate,12.200000,0.000000,9,14,19,20,39,160,170,180,180,180,180,279,0,10,27.01617450675323,1.8289610743522644,273.6366050085053,54.17562724014337
1774611676,10,POST,/api/chains/{id}/deactivate,12.100000,0.000000,5,8,11,13,17,27,150,160,160,160,160,279,0,6,10.905388220694036,1.8187540117651224,162.67267696093768,61.2831541218638
1774611676,10,POST,/api/plugins/batch/parameters (500 updates),7.500000,0.000000,17,25,31,68,150,210,250,260,260,260,260,152,0,17,68.0381636645363,5.4575459798797965,1244.3443440133706,941.3618421052631
1774611676,10,GET,/api/plugins/discover,0.300000,0.000000,24,24,27,27,27,27,27,27,27,27,27,38,0,30,41.11979592064591,12.800152064301074,136.8569090263918,89708.0
1774611676,10,GET,/api/plugins/list,0.300000,0.000000,16,16,39,39,39,39,39,39,39,39,39,38,0,12,35.27372184295305,1.5819809632375836,207.0125739555806,81.21052631578948
1774611676,10,POST,/api/plugins/load?uri,3.900000,0.000000,9,15,17,19,31,42,140,140,140,140,140,101,0,9,31.139008342380645,2.0102160051465034,258.6908540688455,2262.6831683168316
1774611676,10,POST,/api/plugins/unload?uri,3.900000,0.000000,5,10,11,12,22,28,30,30,30,30,30,101,0,7,10.420318553454731,1.8087619682773948,109.78102602530271,126.48514851485149
1774611676,10,,Aggregated,107.600000,0.000000,9,13,18,22,76,140,180,220,260,260,260,2498,0,9,34.16883714507902,1.5066810883581638,1248.526890994981,1699.767413931145
1774611677,10,GET,/api/audio/latency,16.500000,0.000000,11,17,24,32,140,170,1200,1200,1200,1200,1200,359,0,7,43.07434900273364,1.5066810883581638,1248.526890994981,33.0
1774611677,10,GET,/api/audio/levels,16.600000,0.000000,11,24,60,99,150,170,190,220,240,240,240,362,0,9,53.601543739687614,1.562951016239822,1142.4604749772698,77.23756906077348
1774611677,10,GET,/api/audio/levels (during plugin swap),3.500000,0.000000,13,44,56,76,120,210,240,240,240,240,240,103,0,11,68.44063806664018,1.6165749402716756,1168.665161007084,78.04854368932038
1774611677,10,GET,/api/audio/levels/plugins,3.400000,0.000000,9,11,13,13,18,23,32,32,32,32,32,102,0,9,15.057866270973475,1.5272980090230703,133.9581540087238,20.5
1774611677,10,GET,/api/audio/status,11.400000,0.000000,7,10,11,14,19,24,140,250,260,260,260,283,0,6,14.450385575034646,1.54499604832381,256.47093600127846,303.0459363957597
1774611677,10,GET,/api/chains/,0.300000,0.000000,170,170,170,170,170,170,170,170,170,170,170,38,0,14,110.45368132181466,2.1058329148218036,1138.814538018778,1478.2105263157894
1774611677,10,GET,/api/chains/{id},11.600000,0.000000,9,17,56,98,140,180,240,1000,1200,1200,1200,284,0,11,54.0993605661665,1.9258959218859673,1210.8297490049154,810.5633802816901
1774611677,10,POST,/api/chains/{id}/activate,11.500000,0.000000,10,14,20,21,44,170,180,1200,1200,1200,1200,283,0,10,35.28191431675619,1.8289610743522644,1220.0732530327514,54.169611307420496
1774611677,10,POST,/api/chains/{id}/deactivate,11.400000,0.000000,5,9,11,13,20,28,150,160,160,160,160,283,0,6,10.82858451487424,1.8187540117651224,162.67267696093768,61.293286219081274
1774611677,10,POST,/api/plugins/batch/parameters (500 updates),8.000000,0.000000,17,26,65,81,160,240,250,260,260,260,260,154,0,17,68.09330965594884,5.4575459798797965,1244.3443440133706,939.9545454545455
1774611677,10,GET,/api/plugins/discover,0.300000,0.000000,27,27,27,27,27,27,27,27,27,27,27,38,0,30,41.11979592064591,12.800152064301074,136.8569090263918,89708.0
1774611677,10,GET,/api/plugins/list,0.300000,0.000000,39,39,39,39,39,39,39,39,39,39,39,38,0,12,35.27372184295305,1.5819809632375836,207.0125739555806,81.21052631578948
1774611677,10,POST,/api/plugins/load?uri,3.400000,0.000000,14,17,19,23,33,140,1200,1200,1200,1200,1200,102,0,9,42.70205295681223,2.0102160051465034,1210.5695590144023,2249.098039215686
1774611677,10,POST,/api/plugins/unload?uri,3.400000,0.000000,6,10,12,13,22,28,30,30,30,30,30,102,0,7,10.382893861627535,1.8087619682773948,109.78102602530271,126.66666666666667
1774611677,10,,Aggregated,101.600000,0.000000,9,14,20,27,120,170,240,1000,1200,1200,1200,2531,0,9,39.097951292718975,1.5066810883581638,1248.526890994981,1680.6866851047016
1774611678,10,GET,/api/audio/latency,18.000000,0.000000,8,14,21,23,130,170,1200,1200,1200,1200,1200,388,0,6,41.30972562130953,1.5066810883581638,1248.526890994981,33.0
1774611678,10,GET,/api/audio/levels,17.900000,0.000000,8,15,40,56,140,170,190,220,240,240,240,388,0,9,50.95226290160502,1.562951016239822,1142.4604749772698,77.12113402061856
1774611678,10,GET,/api/audio/levels (during plugin swap),4.100000,0.000000,11,19,54,56,99,140,210,210,210,210,210,108,0,10,65.9749758595825,1.6165749402716756,1168.665161007084,77.93518518518519
1774611678,10,GET,/api/audio/levels/plugins,4.100000,0.000000,7,10,11,13,17,19,23,23,23,23,23,108,0,8,14.630964273776582,1.5116749564185739,133.9581540087238,20.5
1774611678,10,GET,/api/audio/status,13.400000,0.000000,5,9,10,11,15,20,140,250,260,260,260,301,0,5,13.832981437150748,1.54499604832381,256.47093600127846,303.04318936877075
1774611678,10,GET,/api/chains/,0.300000,0.000000,170,170,170,170,170,170,170,170,170,170,170,38,0,14,110.45368132181466,2.1058329148218036,1138.814538018778,1478.2105263157894
1774611678,10,GET,/api/chains/{id},13.600000,0.000000,8,13,23,67,120,180,240,1000,1200,1200,1200,301,0,11,51.91644561744645,1.9258959218859673,1210.8297490049154,811.295681063123
1774611678,10,POST,/api/chains/{id}/activate,13.500000,0.000000,9,12,18,20,35,170,180,1200,1200,1200,1200,301,0,10,33.72923967055667,1.8289610743522644,1220.0732530327514,54.10299003322259
1774611678,10,POST,/api/chains/{id}/deactivate,13.300000,0.000000,4,7,11,12,15,24,150,160,160,160,160,301,0,5,10.400203687055315,1.8187540117651224,162.67267696093768,61.33554817275748
1774611678,10,POST,/api/plugins/batch/parameters (500 updates),8.800000,0.000000,16,25,46,73,140,210,250,260,260,260,260,161,0,17,68.19579332867372,5.4575459798797965,1244.3443440133706,941.7018633540373
1774611678,10,GET,/api/plugins/discover,0.300000,0.000000,27,27,27,27,27,27,27,27,27,27,27,38,0,30,41.11979592064591,12.800152064301074,136.8569090263918,89708.0
1774611678,10,GET,/api/plugins/list,0.300000,0.000000,39,39,39,39,39,39,39,39,39,39,39,38,0,12,35.27372184295305,1.5819809632375836,207.0125739555806,81.21052631578948
1774611678,10,POST,/api/plugins/load?uri,4.100000,0.000000,8,16,17,19,31,42,1200,1200,1200,1200,1200,108,0,8,40.861103413152264,1.962612965144217,1210.5695590144023,2278.6481481481483
1774611678,10,POST,/api/plugins/unload?uri,4.100000,0.000000,8,10,12,13,22,23,28,28,28,28,28,108,0,7,10.356257102641932,1.7495140200480819,109.78102602530271,126.48148148148148
1774611678,10,,Aggregated,115.800000,0.000000,8,12,17,22,95,160,210,260,1200,1200,1200,2687,0,9,37.65828965472146,1.5066810883581638,1248.526890994981,1601.433196873837
1774611679,10,GET,/api/audio/latency,16.900000,0.000000,9,17,22,33,150,170,1200,1200,1200,1200,1200,402,0,7,40.897747229805574,1.5066810883581638,1248.526890994981,33.0
1774611679,10,GET,/api/audio/levels,17.300000,0.000000,10,25,60,95,140,170,190,220,240,240,240,404,0,9,50.969400714004024,1.562951016239822,1142.4604749772698,77.08663366336634
1774611679,10,GET,/api/audio/levels (during plugin swap),3.800000,0.000000,13,44,76,95,130,190,210,210,210,210,210,114,0,10,66.41024503378982,1.6165749402716756,1168.665161007084,77.90350877192982
1774611679,10,GET,/api/audio/levels/plugins,3.700000,0.000000,8,11,13,14,18,99,100,100,100,100,100,113,0,9,15.976941827025298,1.5116749564185739,133.9581540087238,20.557522123893804
1774611679,10,GET,/api/audio/status,13.000000,0.000000,5,9,10,11,18,24,140,250,260,260,260,307,0,5,14.22528851343507,1.54499604832381,256.47093600127846,303.04234527687294
1774611679,10,GET,/api/chains/,0.300000,0.000000,170,170,170,170,170,170,170,170,170,170,170,38,0,14,110.45368132181466,2.1058329148218036,1138.814538018778,1478.2105263157894
1774611679,10,GET,/api/chains/{id},13.200000,0.000000,9,18,50,110,130,180,240,1000,1200,1200,1200,309,0,11,52.73905367263469,1.9258959218859673,1210.8297490049154,809.5016181229773
1774611679,10,POST,/api/chains/{id}/activate,13.000000,0.000000,9,14,19,21,42,170,180,1200,1200,1200,1200,307,0,10,33.68833799943546,1.8289610743522644,1220.0732530327514,54.13680781758958
1774611679,10,POST,/api/chains/{id}/deactivate,13.000000,0.000000,5,8,11,12,17,27,150,160,160,160,160,307,0,6,10.850897905225668,1.8187540117651224,162.67267696093768,61.3485342019544
1774611679,10,POST,/api/plugins/batch/parameters (500 updates),8.500000,0.000000,18,31,73,89,170,210,250,260,260,260,260,165,0,18,67.84892070996152,5.4575459798797965,1244.3443440133706,942.5636363636364
1774611679,10,GET,/api/plugins/discover,0.300000,0.000000,27,27,27,27,27,27,27,27,27,27,27,38,0,30,41.11979592064591,12.800152064301074,136.8569090263918,89708.0
1774611679,10,GET,/api/plugins/list,0.300000,0.000000,39,39,39,39,39,39,39,39,39,39,39,38,0,12,35.27372184295305,1.5819809632375836,207.0125739555806,81.21052631578948
1774611679,10,POST,/api/plugins/load?uri,3.700000,0.000000,12,17,19,23,42,81,1200,1200,1200,1200,1200,113,0,9,40.63324919959481,1.962612965144217,1210.5695590144023,2326.424778761062
1774611679,10,POST,/api/plugins/unload?uri,3.700000,0.000000,7,10,12,15,22,23,28,28,28,28,28,113,0,7,10.25871962898172,1.7495140200480819,109.78102602530271,126.71681415929204
1774611679,10,,Aggregated,110.700000,0.000000,8,14,20,25,110,160,210,260,1200,1200,1200,2768,0,9,37.85831978914867,1.5066810883581638,1248.526890994981,1566.158598265896
1774611680,10,GET,/api/audio/latency,15.900000,0.000000,6,13,20,22,130,170,1200,1200,1200,1200,1200,425,0,6,39.618734640945846,1.5066810883581638,1248.526890994981,33.0
1774611680,10,GET,/api/audio/levels,16.000000,0.000000,7,13,25,68,140,160,180,220,240,240,240,425,0,9,48.86799311210566,1.562951016239822,1142.4604749772698,77.03764705882352
1774611680,10,GET,/api/audio/levels (during plugin swap),3.200000,0.000000,9,19,56,99,130,190,210,210,210,210,210,118,0,10,65.22995231266654,1.6165749402716756,1168.665161007084,77.73728813559322
1774611680,10,GET,/api/audio/levels/plugins,3.200000,0.000000,8,10,12,13,18,99,100,100,100,100,100,118,0,8,15.71645945215882,1.5116749564185739,133.9581540087238,20.610169491525422
1774611680,10,GET,/api/audio/status,12.000000,0.000000,5,9,10,12,18,24,96,250,260,260,260,327,0,5,13.776193253641852,1.54499604832381,256.47093600127846,303.03975535168195
1774611680,10,GET,/api/chains/,0.100000,0.000000,170,170,170,170,170,170,170,170,170,170,170,38,0,14,110.45368132181466,2.1058329148218036,1138.814538018778,1478.2105263157894
1774611680,10,GET,/api/chains/{id},12.000000,0.000000,8,13,22,98,130,190,240,1000,1200,1200,1200,327,0,11,52.33381200326886,1.9258959218859673,1210.8297490049154,811.0366972477065
1774611680,10,POST,/api/chains/{id}/activate,12.000000,0.000000,9,12,18,20,31,170,180,1200,1200,1200,1200,327,0,10,33.19429912795213,1.8289610743522644,1220.0732530327514,54.18960244648318
1774611680,10,POST,/api/chains/{id}/deactivate,12.000000,0.000000,4,7,9,11,19,24,150,160,160,160,160,327,0,5,10.61162703587967,1.8187540117651224,162.67267696093768,61.31192660550459
1774611680,10,POST,/api/plugins/batch/parameters (500 updates),8.100000,0.000000,16,25,65,74,160,240,250,260,260,260,260,181,0,17,64.6963246090811,5.4575459798797965,1244.3443440133706,938.8563535911602
1774611680,10,GET,/api/plugins/discover,0.100000,0.000000,27,27,27,27,27,27,27,27,27,27,27,38,0,30,41.11979592064591,12.800152064301074,136.8569090263918,89708.0
1774611680,10,GET,/api/plugins/list,0.100000,0.000000,39,39,39,39,39,39,39,39,39,39,39,38,0,12,35.27372184295305,1.5819809632375836,207.0125739555806,81.21052631578948
1774611680,10,POST,/api/plugins/load?uri,3.200000,0.000000,8,15,19,22,74,140,1200,1200,1200,1200,1200,118,0,8,40.47305700448105,1.962612965144217,1210.5695590144023,2302.1271186440677
1774611680,10,POST,/api/plugins/unload?uri,3.200000,0.000000,6,10,12,15,22,23,28,28,28,28,28,118,0,7,10.070518958500697,1.7495140200480819,109.78102602530271,126.59322033898304
1774611680,10,,Aggregated,101.100000,0.000000,7,12,17,21,100,160,210,260,1200,1200,1200,2925,0,9,36.880484014017206,1.5066810883581638,1248.526890994981,1499.188717948718
1774611681,10,GET,/api/audio/latency,17.000000,0.000000,7,13,21,23,140,170,1200,1200,1200,1200,1200,433,0,7,39.04238446480132,1.5066810883581638,1248.526890994981,33.0
1774611681,10,GET,/api/audio/levels,17.000000,0.000000,9,22,75,92,150,170,180,220,240,240,240,437,0,9,49.885413032962816,1.562951016239822,1142.4604749772698,77.04576659038902
1774611681,10,GET,/api/audio/levels (during plugin swap),3.500000,0.000000,9,54,99,100,140,190,210,210,210,210,210,121,0,10,65.64142495058938,1.6165749402716756,1168.665161007084,77.94214876033058
1774611681,10,GET,/api/audio/levels/plugins,3.500000,0.000000,7,10,12,13,19,99,100,100,100,100,100,121,0,8,15.528165828629035,1.5116749564185739,133.9581540087238,20.553719008264462
1774611681,10,GET,/api/audio/status,12.500000,0.000000,5,9,11,13,18,24,96,250,260,260,260,339,0,5,13.484453607644545,1.54499604832381,256.47093600127846,303.03834808259586
1774611681,10,GET,/api/chains/,0.000000,0.000000,170,170,170,170,170,170,170,170,170,170,170,38,0,14,110.45368132181466,2.1058329148218036,1138.814538018778,1478.2105263157894
1774611681,10,GET,/api/chains/{id},12.500000,0.000000,8,15,50,110,140,190,240,1000,1200,1200,1200,341,0,11,51.57197414982048,1.9258959218859673,1210.8297490049154,810.9266862170088
1774611681,10,POST,/api/chains/{id}/activate,12.500000,0.000000,9,12,18,21,76,170,180,1200,1200,1200,1200,339,0,10,32.68409012864924,1.8289610743522644,1220.0732530327514,54.174041297935105
1774611681,10,POST,/api/chains/{id}/deactivate,12.500000,0.000000,4,6,10,11,18,24,150,160,160,160,160,339,0,5,10.75613788970551,1.8187540117651224,162.67267696093768,61.336283185840706
1774611681,10,POST,/api/plugins/batch/parameters (500 updates),8.500000,0.000000,18,31,73,92,170,240,250,260,260,260,260,189,0,17,64.6637612122244,5.4575459798797965,1244.3443440133706,938.2539682539683
1774611681,10,GET,/api/plugins/discover,0.000000,0.000000,27,27,27,27,27,27,27,27,27,27,27,38,0,30,41.11979592064591,12.800152064301074,136.8569090263918,89708.0
1774611681,10,GET,/api/plugins/list,0.000000,0.000000,39,39,39,39,39,39,39,39,39,39,39,38,0,12,35.27372184295305,1.5819809632375836,207.0125739555806,81.21052631578948
1774611681,10,POST,/api/plugins/load?uri,3.500000,0.000000,8,14,19,22,74,140,1200,1200,1200,1200,1200,121,0,9,39.66638334345627,1.962612965144217,1210.5695590144023,2287.2314049586776
1774611681,10,POST,/api/plugins/unload?uri,3.500000,0.000000,6,11,12,15,22,28,130,130,130,130,130,121,0,7,11.014986034744412,1.7495140200480819,127.04506900627166,126.39669421487604
1774611681,10,,Aggregated,106.500000,0.000000,8,12,19,23,120,160,220,260,1200,1200,1200,3015,0,9,36.770944888348296,1.5066810883581638,1248.526890994981,1464.6205638474296
1774611682,10,GET,/api/audio/latency,15.900000,0.000000,6,11,20,23,140,160,1200,1200,1200,1200,1200,459,0,7,38.700352177381,1.5066810883581638,1248.526890994981,33.0
1774611682,10,GET,/api/audio/levels,15.900000,0.000000,8,13,40,68,130,160,170,170,180,180,180,459,0,9,48.20897112968773,1.562951016239822,1142.4604749772698,76.99346405228758
1774611682,10,GET,/api/audio/levels (during plugin swap),3.600000,0.000000,12,25,76,100,140,190,210,210,210,210,210,129,0,11,63.22775958214215,1.6165749402716756,1168.665161007084,77.93798449612403
1774611682,10,GET,/api/audio/levels/plugins,3.600000,0.000000,7,10,12,15,22,99,100,100,100,100,100,129,0,8,15.122362916076252,1.5116749564185739,133.9581540087238,20.550387596899224
1774611682,10,GET,/api/audio/status,12.700000,0.000000,4,8,10,11,16,23,29,96,96,96,96,356,0,5,13.273394746729434,1.54499604832381,256.47093600127846,303.0365168539326
1774611682,10,GET,/api/chains/,0.000000,0.000000,170,170,170,170,170,170,170,170,170,170,170,38,0,14,110.45368132181466,2.1058329148218036,1138.814538018778,1478.2105263157894
1774611682,10,GET,/api/chains/{id},12.600000,0.000000,8,15,25,65,130,190,230,1000,1200,1200,1200,356,0,11,50.64315690751857,1.9258959218859673,1210.8297490049154,811.0674157303371
1774611682,10,POST,/api/chains/{id}/activate,12.600000,0.000000,8,11,15,20,45,160,180,1200,1200,1200,1200,356,0,10,32.22922622710153,1.8289610743522644,1220.0732530327514,54.241573033707866
1774611682,10,POST,/api/chains/{id}/deactivate,12.700000,0.000000,4,6,9,11,17,22,130,150,160,160,160,356,0,5,10.539138345296358,1.8187540117651224,162.67267696093768,61.29775280898876
1774611682,10,POST,/api/plugins/batch/parameters (500 updates),7.100000,0.000000,17,27,72,84,170,210,240,250,250,250,250,196,0,17,64.75026387310282,5.4575459798797965,1244.3443440133706,936.9744897959183
1774611682,10,GET,/api/plugins/discover,0.000000,0.000000,27,27,27,27,27,27,27,27,27,27,27,38,0,30,41.11979592064591,12.800152064301074,136.8569090263918,89708.0
1774611682,10,GET,/api/plugins/list,0.000000,0.000000,39,39,39,39,39,39,39,39,39,39,39,38,0,12,35.27372184295305,1.5819809632375836,207.0125739555806,81.21052631578948
1774611682,10,POST,/api/plugins/load?uri,3.600000,0.000000,8,14,19,22,74,140,1200,1200,1200,1200,1200,129,0,9,38.08663135426942,1.962612965144217,1210.5695590144023,2303.9147286821703
1774611682,10,POST,/api/plugins/unload?uri,3.600000,0.000000,8,10,12,15,22,28,130,130,130,130,130,129,0,7,10.721752962436845,1.7495140200480819,127.04506900627166,126.52713178294573
1774611682,10,,Aggregated,103.900000,0.000000,7,11,17,22,95,150,190,250,1200,1200,1200,3168,0,9,36.00565095900557,1.5066810883581638,1248.526890994981,1409.8109217171718
1774611683,10,GET,/api/audio/latency,16.600000,0.000000,8,13,21,33,150,160,1200,1200,1200,1200,1200,475,0,7,38.306828563493724,1.5066810883581638,1248.526890994981,33.0
1774611683,10,GET,/api/audio/levels,16.600000,0.000000,10,22,68,90,150,160,170,180,190,190,190,475,0,9,48.554364862410644,1.562951016239822,1142.4604749772698,77.02315789473684
1774611683,10,GET,/api/audio/levels (during plugin swap),3.400000,0.000000,19,56,95,100,140,180,210,210,210,210,210,135,0,12,63.29896181511382,1.6165749402716756,1168.665161007084,78.00740740740741
1774611683,10,GET,/api/audio/levels/plugins,3.400000,0.000000,9,11,13,15,22,99,190,190,190,190,190,134,0,9,16.24740700154051,1.5116749564185739,185.66059996373951,20.5
1774611683,10,GET,/api/audio/status,13.400000,0.000000,5,9,11,12,16,24,96,180,200,200,200,364,0,5,14.161824034770008,1.54499604832381,256.47093600127846,303.0357142857143
1774611683,10,GET,/api/chains/,0.000000,0.000000,170,170,170,170,170,170,170,170,170,170,170,38,0,14,110.45368132181466,2.1058329148218036,1138.814538018778,1478.2105263157894
1774611683,10,GET,/api/chains/{id},13.500000,0.000000,9,21,53,86,130,190,230,1000,1200,1200,1200,365,0,11,50.51706466881227,1.9258959218859673,1210.8297490049154,810.7506849315068
1774611683,10,POST,/api/chains/{id}/activate,13.400000,0.000000,9,13,16,22,45,160,180,1200,1200,1200,1200,364,0,10,31.85719963365265,1.8289610743522644,1220.0732530327514,54.16208791208791
1774611683,10,POST,/api/chains/{id}/deactivate,13.300000,0.000000,4,7,11,12,18,24,140,150,160,160,160,364,0,5,11.155369241560738,1.8187540117651224,162.67267696093768,61.244505494505496
1774611683,10,POST,/api/plugins/batch/parameters (500 updates),7.900000,0.000000,20,36,92,120,170,210,240,250,250,250,250,205,0,18,64.89864474548618,5.4575459798797965,1244.3443440133706,938.0390243902439
1774611683,10,GET,/api/plugins/discover,0.000000,0.000000,27,27,27,27,27,27,27,27,27,27,27,38,0,30,41.11979592064591,12.800152064301074,136.8569090263918,89708.0
1774611683,10,GET,/api/plugins/list,0.000000,0.000000,39,39,39,39,39,39,39,39,39,39,39,38,0,12,35.27372184295305,1.5819809632375836,207.0125739555806,81.21052631578948
1774611683,10,POST,/api/plugins/load?uri,3.400000,0.000000,12,16,19,22,74,140,1200,1200,1200,1200,1200,135,0,9,38.00293828050295,1.962612965144217,1210.5695590144023,2262.948148148148
1774611683,10,POST,/api/plugins/unload?uri,3.400000,0.000000,8,11,15,16,28,150,190,190,190,190,190,134,0,8,14.321223531203316,1.7495140200480819,185.52694702520967,126.44029850746269
1774611683,10,,Aggregated,108.300000,0.000000,9,14,20,27,120,160,190,250,1200,1200,1200,3264,0,9,36.36202305239624,1.5066810883581638,1248.526890994981,1377.658394607843
1774611684,10,GET,/api/audio/latency,15.400000,0.000000,6,11,16,20,130,150,1200,1200,1200,1200,1200,497,0,6,36.836906222643435,1.5066810883581638,1248.526890994981,33.0
1774611684,10,GET,/api/audio/levels,15.400000,0.000000,9,15,37,64,120,150,170,170,190,190,190,497,0,9,47.012018456060055,1.562951016239822,1142.4604749772698,76.97585513078471
1774611684,10,GET,/api/audio/levels (during plugin swap),3.600000,0.000000,14,24,59,100,140,180,210,210,210,210,210,140,0,12,61.401372372971046,1.5664570964872837,1168.665161007084,77.82857142857142
1774611684,10,GET,/api/audio/levels/plugins,3.600000,0.000000,8,11,13,17,25,99,190,190,190,190,190,139,0,8,15.938570132485772,1.5116749564185739,185.66059996373951,20.546762589928058
1774611684,10,GET,/api/audio/status,12.600000,0.000000,5,9,11,12,16,24,96,180,200,200,200,381,0,5,13.875222135166542,1.54499604832381,256.47093600127846,303.03412073490813
1774611684,10,GET,/api/chains/,0.000000,0.000000,170,170,170,170,170,170,170,170,170,170,170,38,0,14,110.45368132181466,2.1058329148218036,1138.814538018778,1478.2105263157894
1774611684,10,GET,/api/chains/{id},12.600000,0.000000,8,15,23,53,130,190,230,1000,1200,1200,1200,381,0,11,48.85823414275995,1.9258959218859673,1210.8297490049154,809.7217847769028
1774611684,10,POST,/api/chains/{id}/activate,12.600000,0.000000,9,12,16,19,35,82,170,1200,1200,1200,1200,381,0,10,30.863165209470733,1.8289610743522644,1220.0732530327514,54.2257217847769
1774611684,10,POST,/api/chains/{id}/deactivate,12.600000,0.000000,4,7,11,13,18,24,130,140,150,150,150,381,0,5,11.042173484369643,1.8187540117651224,162.67267696093768,61.21259842519685
1774611684,10,POST,/api/plugins/batch/parameters (500 updates),7.900000,0.000000,15,23,33,73,150,190,210,240,240,240,240,213,0,17,62.95118050621342,5.4575459798797965,1244.3443440133706,939.244131455399
1774611684,10,GET,/api/plugins/discover,0.000000,0.000000,27,27,27,27,27,27,27,27,27,27,27,38,0,30,41.11979592064591,12.800152064301074,136.8569090263918,89708.0
1774611684,10,GET,/api/plugins/list,0.000000,0.000000,39,39,39,39,39,39,39,39,39,39,39,38,0,12,35.27372184295305,1.5819809632375836,207.0125739555806,81.21052631578948
1774611684,10,POST,/api/plugins/load?uri,3.600000,0.000000,11,15,18,20,74,140,1200,1200,1200,1200,1200,140,0,9,36.87743589897374,1.962612965144217,1210.5695590144023,2330.3785714285714
1774611684,10,POST,/api/plugins/unload?uri,3.600000,0.000000,8,11,12,16,28,150,190,190,190,190,190,139,0,8,14.017613403659931,1.7495140200480819,185.52694702520967,126.67625899280576
1774611684,10,,Aggregated,103.500000,0.000000,8,12,17,21,88,150,190,240,1200,1200,1200,3403,0,9,35.25478522839392,1.5066810883581638,1248.526890994981,1336.5953570379077
1774611685,10,GET,/api/audio/latency,16.400000,0.000000,7,11,17,21,130,150,1200,1200,1200,1200,1200,505,0,6,36.49258841138038,1.5066810883581638,1248.526890994981,33.0
1774611685,10,GET,/api/audio/levels,16.400000,0.000000,9,20,64,87,140,160,190,450,460,460,460,508,0,9,49.306505744704815,1.562951016239822,1142.4604749772698,77.01771653543307
1774611685,10,GET,/api/audio/levels (during plugin swap),4.100000,0.000000,17,54,100,100,140,190,210,210,210,210,210,141,0,12,60.991251767705464,1.5664570964872837,1168.665161007084,77.88652482269504
1774611685,10,GET,/api/audio/levels/plugins,4.100000,0.000000,8,11,13,17,25,99,190,190,190,190,190,141,0,8,15.888141881813235,1.5116749564185739,185.66059996373951,20.54609929078014
1774611685,10,GET,/api/audio/status,13.400000,0.000000,5,9,11,12,16,25,96,180,200,200,200,390,0,5,13.71937750850637,1.54499604832381,256.47093600127846,303.03333333333336
1774611685,10,GET,/api/chains/,0.000000,0.000000,170,170,170,170,170,170,170,170,170,170,170,38,0,14,110.45368132181466,2.1058329148218036,1138.814538018778,1478.2105263157894
1774611685,10,GET,/api/chains/{id},13.400000,0.000000,10,23,70,110,190,410,460,1000,1200,1200,1200,391,0,11,53.3936954972208,1.9258959218859673,1210.8297490049154,811.0332480818414
1774611685,10,POST,/api/chains/{id}/activate,13.400000,0.000000,9,13,18,26,36,150,170,1200,1200,1200,1200,390,0,10,30.558050755793467,1.8289610743522644,1220.0732530327514,54.23076923076923
1774611685,10,POST,/api/chains/{id}/deactivate,13.400000,0.000000,4,7,9,11,17,22,130,140,150,150,150,390,0,5,10.944848796591545,1.8187540117651224,162.67267696093768,61.23076923076923
1774611685,10,POST,/api/plugins/batch/parameters (500 updates),8.200000,0.000000,17,27,73,120,190,210,280,490,490,490,490,217,0,17,65.41201956130239,5.4575459798797965,1244.3443440133706,941.7142857142857
1774611685,10,GET,/api/plugins/discover,0.000000,0.000000,27,27,27,27,27,27,27,27,27,27,27,38,0,30,41.11979592064591,12.800152064301074,136.8569090263918,89708.0
1774611685,10,GET,/api/plugins/list,0.000000,0.000000,39,39,39,39,39,39,39,39,39,39,39,38,0,12,35.27372184295305,1.5819809632375836,207.0125739555806,81.21052631578948
1774611685,10,POST,/api/plugins/load?uri,4.100000,0.000000,10,15,18,20,74,140,1200,1200,1200,1200,1200,141,0,9,36.630271445193614,1.962612965144217,1210.5695590144023,2321.0354609929077
1774611685,10,POST,/api/plugins/unload?uri,4.100000,0.000000,8,11,12,15,28,150,190,190,190,190,190,141,0,7,13.87038094434121,1.7495140200480819,185.52694702520967,126.58865248226951
1774611685,10,,Aggregated,111.000000,0.000000,8,13,19,26,120,160,280,1000,1200,1200,1200,3469,0,9,36.07531662172759,1.5066810883581638,1248.526890994981,1316.6978956471605
1774611686,10,GET,/api/audio/latency,15.100000,0.000000,6,11,18,21,140,150,1200,1200,1200,1200,1200,529,0,6,36.01221848342617,1.5066810883581638,1248.526890994981,33.0
1774611686,10,GET,/api/audio/levels,15.100000,0.000000,8,17,59,84,140,170,190,450,460,460,460,531,0,9,48.691425863179866,1.562951016239822,1142.4604749772698,77.015065913371
1774611686,10,GET,/api/audio/levels (during plugin swap),4.200000,0.000000,14,24,59,100,130,180,210,210,210,210,210,146,0,12,59.276731337950096,1.5664570964872837,1168.665161007084,77.98630136986301
1774611686,10,GET,/api/audio/levels/plugins,4.200000,0.000000,8,11,15,18,25,99,190,190,190,190,190,144,0,8,15.759327926692398,1.5116749564185739,185.66059996373951,20.59027777777778
1774611686,10,GET,/api/audio/status,12.300000,0.000000,5,9,11,12,18,25,96,180,200,200,200,407,0,5,13.466912268830294,1.54499604832381,256.47093600127846,303.031941031941
1774611686,10,GET,/api/chains/,0.000000,0.000000,0,0,0,0,0,0,0,0,0,0,0,38,0,14,110.45368132181466,2.1058329148218036,1138.814538018778,1478.2105263157894
1774611686,10,GET,/api/chains/{id},12.200000,0.000000,10,21,60,86,190,350,460,1000,1200,1200,1200,407,0,11,52.841928301273825,1.9258959218859673,1210.8297490049154,810.0540540540541
1774611686,10,POST,/api/chains/{id}/activate,12.200000,0.000000,9,14,19,26,36,150,170,1200,1200,1200,1200,407,0,10,30.025308160854994,1.8289610743522644,1220.0732530327514,54.34889434889435
1774611686,10,POST,/api/chains/{id}/deactivate,12.300000,0.000000,4,7,9,11,17,21,130,140,150,150,150,407,0,5,10.755589176072334,1.8187540117651224,162.67267696093768,61.2014742014742
1774611686,10,POST,/api/plugins/batch/parameters (500 updates),7.500000,0.000000,15,24,72,120,170,210,280,490,490,490,490,226,0,17,63.54567884370701,5.4575459798797965,1244.3443440133706,944.3274336283185
1774611686,10,GET,/api/plugins/discover,0.000000,0.000000,0,0,0,0,0,0,0,0,0,0,0,38,0,30,41.11979592064591,12.800152064301074,136.8569090263918,89708.0
1774611686,10,GET,/api/plugins/list,0.000000,0.000000,0,0,0,0,0,0,0,0,0,0,0,38,0,12,35.27372184295305,1.5819809632375836,207.0125739555806,81.21052631578948
1774611686,10,POST,/api/plugins/load?uri,4.200000,0.000000,9,14,17,22,74,140,1200,1200,1200,1200,1200,146,0,9,35.63137882634717,1.962612965144217,1210.5695590144023,2446.0342465753424
1774611686,10,POST,/api/plugins/unload?uri,4.200000,0.000000,8,10,11,15,22,150,190,190,190,190,190,144,0,7,13.790653536691227,1.7495140200480819,185.52694702520967,126.65277777777777
1774611686,10,,Aggregated,103.500000,0.000000,8,12,18,23,110,160,220,460,1200,1200,1200,3608,0,9,35.49457661803794,1.5066810883581638,1248.526890994981,1283.17544345898
1774611687,10,GET,/api/audio/latency,16.600000,0.000000,6,10,13,18,35,140,150,160,160,160,160,539,0,6,35.484524778952625,1.5066810883581638,1248.526890994981,33.0
1774611687,10,GET,/api/audio/levels,16.500000,0.000000,8,13,24,64,120,160,190,450,460,460,460,540,0,9,47.98862776908748,1.562951016239822,1142.4604749772698,76.97222222222223
1774611687,10,GET,/api/audio/levels (during plugin swap),4.500000,0.000000,14,24,56,76,110,140,190,190,190,190,190,146,0,12,59.276731337950096,1.5664570964872837,1168.665161007084,77.98630136986301
1774611687,10,GET,/api/audio/levels/plugins,4.600000,0.000000,8,11,18,18,25,99,190,190,190,190,190,146,0,9,15.787701811386297,1.5116749564185739,185.66059996373951,20.589041095890412
1774611687,10,GET,/api/audio/status,13.400000,0.000000,4,9,11,13,18,25,96,180,200,200,200,410,0,5,13.381612213135401,1.54499604832381,256.47093600127846,303.0317073170732
1774611687,10,GET,/api/chains/,0.000000,0.000000,0,0,0,0,0,0,0,0,0,0,0,38,0,14,110.45368132181466,2.1058329148218036,1138.814538018778,1478.2105263157894
1774611687,10,GET,/api/chains/{id},13.200000,0.000000,8,16,36,70,150,220,440,440,460,460,460,411,0,11,52.4020895048627,1.9258959218859673,1210.8297490049154,810.0389294403893
1774611687,10,POST,/api/chains/{id}/activate,13.300000,0.000000,8,12,17,20,31,76,160,160,170,170,170,411,0,10,29.79725740771795,1.8289610743522644,1220.0732530327514,54.28223844282238
1774611687,10,POST,/api/chains/{id}/deactivate,13.400000,0.000000,4,7,9,11,17,21,130,140,150,150,150,410,0,5,10.691041118896953,1.8187540117651224,162.67267696093768,61.207317073170735
1774611687,10,POST,/api/plugins/batch/parameters (500 updates),7.300000,0.000000,14,23,28,73,150,210,280,490,490,490,490,229,0,17,62.83643904678914,5.4575459798797965,1244.3443440133706,944.7816593886463
1774611687,10,GET,/api/plugins/discover,0.000000,0.000000,0,0,0,0,0,0,0,0,0,0,0,38,0,30,41.11979592064591,12.800152064301074,136.8569090263918,89708.0
1774611687,10,GET,/api/plugins/list,0.000000,0.000000,0,0,0,0,0,0,0,0,0,0,0,38,0,12,35.27372184295305,1.5819809632375836,207.0125739555806,81.21052631578948
1774611687,10,POST,/api/plugins/load?uri,4.600000,0.000000,8,12,17,20,34,81,140,140,140,140,140,146,0,9,35.63137882634717,1.962612965144217,1210.5695590144023,2446.0342465753424
1774611687,10,POST,/api/plugins/unload?uri,4.600000,0.000000,8,10,11,15,22,150,190,190,190,190,190,146,0,7,13.661451557211016,1.7495140200480819,185.52694702520967,126.91095890410959
1774611687,10,,Aggregated,112.000000,0.000000,8,12,17,21,83,150,190,230,460,490,490,3648,0,9,35.18082123934475,1.5066810883581638,1248.526890994981,1271.514528508772
1774611688,10,GET,/api/audio/latency,15.900000,0.000000,7,11,16,19,77,150,150,160,1300,1300,1300,542,0,7,37.672632662115475,1.5066810883581638,1255.3403790807351,33.0
1774611688,10,GET,/api/audio/levels,15.900000,0.000000,9,17,64,84,150,170,450,1300,1300,1300,1300,543,0,9,52.713685525361704,1.562951016239822,1303.7440769840032,77.02209944751381
1774611688,10,GET,/api/audio/levels (during plugin swap),4.000000,0.000000,16,24,59,100,130,180,190,190,190,190,190,146,0,12,59.276731337950096,1.5664570964872837,1168.665161007084,77.98630136986301
1774611688,10,GET,/api/audio/levels/plugins,4.000000,0.000000,10,13,18,19,27,100,190,190,190,190,190,146,0,9,15.787701811386297,1.5116749564185739,185.66059996373951,20.589041095890412
1774611688,10,GET,/api/audio/status,11.800000,0.000000,5,10,12,13,21,29,180,200,1300,1300,1300,413,0,5,16.374387485189384,1.54499604832381,1255.1859950181097,303.0314769975787
1774611688,10,GET,/api/chains/,0.000000,0.000000,0,0,0,0,0,0,0,0,0,0,0,38,0,14,110.45368132181466,2.1058329148218036,1138.814538018778,1478.2105263157894
1774611688,10,GET,/api/chains/{id},11.600000,0.000000,10,25,74,120,190,410,460,1200,1300,1300,1300,416,0,11,58.62633160443063,1.9258959218859673,1272.108756005764,810.2307692307693
1774611688,10,POST,/api/chains/{id}/activate,11.700000,0.000000,9,15,19,26,36,82,160,160,170,170,170,413,0,10,29.784895161439643,1.8289610743522644,1220.0732530327514,54.24939467312349
1774611688,10,POST,/api/chains/{id}/deactivate,11.800000,0.000000,4,8,11,13,18,30,130,140,150,150,150,413,0,5,10.92359304036855,1.8187540117651224,162.67267696093768,61.152542372881356
1774611688,10,POST,/api/plugins/batch/parameters (500 updates),6.700000,0.000000,15,26,74,130,240,1200,1300,1300,1300,1300,1300,233,0,17,84.19568496386525,5.4575459798797965,1331.9628909230232,944.5278969957081
1774611688,10,GET,/api/plugins/discover,0.000000,0.000000,0,0,0,0,0,0,0,0,0,0,0,38,0,30,41.11979592064591,12.800152064301074,136.8569090263918,89708.0
1774611688,10,GET,/api/plugins/list,0.000000,0.000000,0,0,0,0,0,0,0,0,0,0,0,38,0,12,35.27372184295305,1.5819809632375836,207.0125739555806,81.21052631578948
1774611688,10,POST,/api/plugins/load?uri,4.000000,0.000000,10,14,17,20,74,140,140,140,140,140,140,146,0,9,35.63137882634717,1.962612965144217,1210.5695590144023,2446.0342465753424
1774611688,10,POST,/api/plugins/unload?uri,4.000000,0.000000,7,9,11,15,130,190,190,190,190,190,190,146,0,7,13.661451557211016,1.7495140200480819,185.52694702520967,126.91095890410959
1774611688,10,,Aggregated,101.400000,0.000000,8,13,19,25,120,160,280,1200,1300,1300,1300,3671,0,9,38.648822769528756,1.5066810883581638,1331.9628909230232,1266.1010623808227
1774611689,10,GET,/api/audio/latency,18.000000,0.000000,5,11,14,19,30,150,150,160,1300,1300,1300,566,0,6,36.67250548920499,1.4979330589994788,1255.3403790807351,33.0
1774611689,10,GET,/api/audio/levels,17.500000,0.000000,8,13,24,64,150,180,450,1300,1300,1300,1300,567,0,9,51.7350647750851,1.562951016239822,1303.7440769840032,76.94356261022928
1774611689,10,GET,/api/audio/levels (during plugin swap),4.400000,0.000000,14,21,25,59,100,140,180,180,180,180,180,153,0,12,57.49863281304297,1.5664570964872837,1168.665161007084,77.75816993464052
1774611689,10,GET,/api/audio/levels/plugins,4.500000,0.000000,6,11,13,15,22,25,190,190,190,190,190,153,0,8,15.286997747394482,1.5116749564185739,185.66059996373951,20.45751633986928
1774611689,10,GET,/api/audio/status,12.900000,0.000000,4,9,12,13,21,25,180,200,1300,1300,1300,431,0,5,16.05848121654519,1.54499604832381,1255.1859950181097,303.03016241299304
1774611689,10,GET,/api/chains/,0.000000,0.000000,0,0,0,0,0,0,0,0,0,0,0,38,0,14,110.45368132181466,2.1058329148218036,1138.814538018778,1478.2105263157894
1774611689,10,GET,/api/chains/{id},12.700000,0.000000,8,16,53,75,170,410,460,1200,1300,1300,1300,431,0,11,58.20046494506395,1.9258959218859673,1272.108756005764,811.1902552204176
1774611689,10,POST,/api/chains/{id}/activate,12.900000,0.000000,8,13,19,22,34,150,150,160,160,160,160,431,0,10,29.9631689743759,1.8289610743522644,1220.0732530327514,54.37354988399072
1774611689,10,POST,/api/chains/{id}/deactivate,12.900000,0.000000,4,7,8,10,15,18,130,130,140,140,140,431,0,5,10.684245572049438,1.8187540117651224,162.67267696093768,61.129930394431554
1774611689,10,POST,/api/plugins/batch/parameters (500 updates),7.500000,0.000000,15,25,72,120,210,1200,1300,1300,1300,1300,1300,242,0,17,82.96493083298253,5.4575459798797965,1331.9628909230232,942.0537190082645
1774611689,10,GET,/api/plugins/discover,0.000000,0.000000,0,0,0,0,0,0,0,0,0,0,0,38,0,30,41.11979592064591,12.800152064301074,136.8569090263918,89708.0
1774611689,10,GET,/api/plugins/list,0.000000,0.000000,0,0,0,0,0,0,0,0,0,0,0,38,0,12,35.27372184295305,1.5819809632375836,207.0125739555806,81.21052631578948
1774611689,10,POST,/api/plugins/load?uri,4.500000,0.000000,8,11,15,17,25,34,140,140,140,140,140,153,0,8,34.31879920623223,1.962612965144217,1210.5695590144023,2447.9281045751636
1774611689,10,POST,/api/plugins/unload?uri,4.500000,0.000000,5,8,10,11,130,190,190,190,190,190,190,153,0,7,13.298441629302902,1.7495140200480819,185.52694702520967,126.75816993464052
1774611689,10,,Aggregated,112.300000,0.000000,7,12,17,21,84,150,220,490,1300,1300,1300,3825,0,9,37.9645509673039,1.4979330589994788,1331.9628909230232,1228.0807843137254
1774611690,10,GET,/api/audio/latency,17.700000,0.000000,6,11,16,19,30,150,150,160,1300,1300,1300,582,0,6,35.87632557526039,1.4979330589994788,1255.3403790807351,33.0
1774611690,10,GET,/api/audio/levels,17.700000,0.000000,8,17,59,83,150,180,450,1300,1300,1300,1300,583,0,9,51.369943023231166,1.562951016239822,1303.7440769840032,76.94682675814751
1774611690,10,GET,/api/audio/levels (during plugin swap),4.300000,0.000000,17,25,56,67,100,130,180,180,180,180,180,159,0,13,57.69952233008009,1.5664570964872837,1168.665161007084,77.74213836477988
1774611690,10,GET,/api/audio/levels/plugins,4.300000,0.000000,8,12,13,15,22,25,190,190,190,190,190,159,0,8,15.210331725132352,1.5116749564185739,185.66059996373951,20.459119496855347
1774611690,10,GET,/api/audio/status,12.500000,0.000000,6,10,13,14,21,25,180,200,1300,1300,1300,440,0,5,15.889847573337399,1.54499604832381,1255.1859950181097,303.0295454545454
1774611690,10,GET,/api/chains/,0.000000,0.000000,0,0,0,0,0,0,0,0,0,0,0,38,0,14,110.45368132181466,2.1058329148218036,1138.814538018778,1478.2105263157894
1774611690,10,GET,/api/chains/{id},12.600000,0.000000,11,36,74,120,180,410,460,1200,1300,1300,1300,443,0,11,58.15866609754642,1.9258959218859673,1272.108756005764,810.706546275395
1774611690,10,POST,/api/chains/{id}/activate,12.600000,0.000000,9,17,19,25,35,150,150,160,160,160,160,440,0,10,29.586493615748953,1.8289610743522644,1220.0732530327514,54.26136363636363
1774611690,10,POST,/api/chains/{id}/deactivate,12.500000,0.000000,6,8,9,11,15,18,130,130,140,140,140,440,0,5,10.606211851171048,1.8187540117651224,162.67267696093768,61.14772727272727
1774611690,10,POST,/api/plugins/batch/parameters (500 updates),7.300000,0.000000,16,26,120,130,220,1200,1300,1300,1300,1300,1300,251,0,17,81.07783452819187,5.4575459798797965,1331.9628909230232,943.0796812749004
1774611690,10,GET,/api/plugins/discover,0.000000,0.000000,0,0,0,0,0,0,0,0,0,0,0,38,0,30,41.11979592064591,12.800152064301074,136.8569090263918,89708.0
1774611690,10,GET,/api/plugins/list,0.000000,0.000000,0,0,0,0,0,0,0,0,0,0,0,38,0,12,35.27372184295305,1.5819809632375836,207.0125739555806,81.21052631578948
1774611690,10,POST,/api/plugins/load?uri,4.300000,0.000000,9,12,16,17,20,34,150,150,150,150,150,159,0,9,34.34021148095552,1.962612965144217,1210.5695590144023,2442.7861635220124
1774611690,10,POST,/api/plugins/unload?uri,4.300000,0.000000,6,8,9,11,130,150,190,190,190,190,190,159,0,6,13.907570976166511,1.7495140200480819,185.52694702520967,127.08176100628931
1774611690,10,,Aggregated,110.100000,0.000000,8,13,19,24,120,160,280,1200,1300,1300,1300,3929,0,9,37.66457239082583,1.4979330589994788,1331.9628909230232,1205.5026724357342
1774611691,10,GET,/api/audio/latency,15.300000,0.000000,5,11,15,19,23,140,150,160,1300,1300,1300,596,0,6,35.445807443856694,1.4979330589994788,1255.3403790807351,33.0
1774611691,10,GET,/api/audio/levels,15.400000,0.000000,8,13,24,68,140,180,450,1300,1300,1300,1300,596,0,9,50.94507959321291,1.562951016239822,1303.7440769840032,76.96979865771812
1774611691,10,GET,/api/audio/levels (during plugin swap),3.700000,0.000000,16,21,41,59,97,130,180,180,180,180,180,164,0,12,57.15714896483937,1.5664570964872837,1168.665161007084,77.67682926829268
1774611691,10,GET,/api/audio/levels/plugins,3.700000,0.000000,8,12,13,15,23,25,190,190,190,190,190,164,0,8,14.987516806108832,1.5116749564185739,185.66059996373951,20.5
1774611691,10,GET,/api/audio/status,11.000000,0.000000,7,11,14,16,23,25,180,200,1300,1300,1300,459,0,6,15.820158702069751,1.54499604832381,1255.1859950181097,303.02832244008715
1774611691,10,GET,/api/chains/,0.000000,0.000000,0,0,0,0,0,0,0,0,0,0,0,38,0,14,110.45368132181466,2.1058329148218036,1138.814538018778,1478.2105263157894
1774611691,10,GET,/api/chains/{id},11.600000,0.000000,13,36,75,100,180,410,460,1200,1300,1300,1300,459,0,11,57.88505156874486,1.9258959218859673,1272.108756005764,811.0065359477125
1774611691,10,POST,/api/chains/{id}/activate,11.400000,0.000000,11,17,21,26,35,140,150,150,160,160,160,459,0,10,29.788982707495784,1.8289610743522644,1220.0732530327514,54.33551198257081
1774611691,10,POST,/api/chains/{id}/deactivate,11.000000,0.000000,6,8,11,12,18,25,120,130,140,140,140,459,0,6,10.729344321002936,1.8187540117651224,162.67267696093768,61.128540305010894
1774611691,10,POST,/api/plugins/batch/parameters (500 updates),6.900000,0.000000,16,25,28,74,220,1200,1300,1300,1300,1300,1300,265,0,17,78.6679234623663,5.4575459798797965,1331.9628909230232,942.5735849056604
1774611691,10,GET,/api/plugins/discover,0.000000,0.000000,0,0,0,0,0,0,0,0,0,0,0,38,0,30,41.11979592064591,12.800152064301074,136.8569090263918,89708.0
1774611691,10,GET,/api/plugins/list,0.000000,0.000000,0,0,0,0,0,0,0,0,0,0,0,38,0,12,35.27372184295305,1.5819809632375836,207.0125739555806,81.21052631578948
1774611691,10,POST,/api/plugins/load?uri,3.700000,0.000000,8,12,16,17,20,34,150,150,150,150,150,164,0,8,33.62186069219805,1.9259180407971144,1210.5695590144023,2492.432926829268
1774611691,10,POST,/api/plugins/unload?uri,3.700000,0.000000,5,8,9,11,25,150,190,190,190,190,190,164,0,6,13.754805080058825,1.7495140200480819,185.52694702520967,127.22560975609755
1774611691,10,,Aggregated,97.400000,0.000000,8,14,19,23,83,150,220,490,1300,1300,1300,4063,0,9,37.279415198212334,1.4979330589994788,1331.9628909230232,1179.805808515875
1774611692,10,GET,/api/audio/latency,16.600000,0.000000,6,12,19,20,27,150,150,270,1300,1300,1300,618,0,6,35.31747549760207,1.4979330589994788,1255.3403790807351,33.0
1774611692,10,GET,/api/audio/levels,16.600000,0.000000,8,19,71,99,160,190,450,1300,1300,1300,1300,618,0,9,51.32353817780342,1.562951016239822,1303.7440769840032,76.97572815533981
1774611692,10,GET,/api/audio/levels (during plugin swap),3.900000,0.000000,17,24,67,84,140,180,180,180,180,180,180,166,0,12,58.16241933232039,1.5664570964872837,1168.665161007084,77.77710843373494
1774611692,10,GET,/api/audio/levels/plugins,3.900000,0.000000,8,12,13,15,23,29,190,190,190,190,190,166,0,8,14.896626296700035,1.5116749564185739,185.66059996373951,20.5
1774611692,10,GET,/api/audio/status,11.900000,0.000000,7,11,13,16,23,25,180,200,1300,1300,1300,469,0,6,15.6189329924185,1.54499604832381,1255.1859950181097,303.0277185501066
1774611692,10,GET,/api/chains/,0.000000,0.000000,0,0,0,0,0,0,0,0,0,0,0,38,0,14,110.45368132181466,2.1058329148218036,1138.814538018778,1478.2105263157894
1774611692,10,GET,/api/chains/{id},11.900000,0.000000,12,30,96,120,210,410,460,1200,1300,1300,1300,469,0,11,57.6155280661104,1.9258959218859673,1272.108756005764,810.9424307036247
1774611692,10,POST,/api/chains/{id}/activate,11.900000,0.000000,12,18,21,26,30,140,150,150,160,160,160,469,0,10,29.445120163494224,1.8289610743522644,1220.0732530327514,54.29637526652452
1774611692,10,POST,/api/chains/{id}/deactivate,11.900000,0.000000,6,8,11,12,18,25,120,130,140,140,140,469,0,6,10.593963949792167,1.8187540117651224,162.67267696093768,61.147121535181235
1774611692,10,POST,/api/plugins/batch/parameters (500 updates),7.600000,0.000000,17,25,31,74,220,1200,1300,1300,1300,1300,1300,270,0,17,77.60311024634305,5.4575459798797965,1331.9628909230232,941.7888888888889
1774611692,10,GET,/api/plugins/discover,0.000000,0.000000,0,0,0,0,0,0,0,0,0,0,0,38,0,30,41.11979592064591,12.800152064301074,136.8569090263918,89708.0
1774611692,10,GET,/api/plugins/list,0.000000,0.000000,0,0,0,0,0,0,0,0,0,0,0,38,0,12,35.27372184295305,1.5819809632375836,207.0125739555806,81.21052631578948
1774611692,10,POST,/api/plugins/load?uri,3.900000,0.000000,8,12,18,20,27,140,150,150,150,150,150,166,0,9,33.53450926797779,1.9259180407971144,1210.5695590144023,2478.524096385542
1774611692,10,POST,/api/plugins/unload?uri,3.900000,0.000000,6,9,11,13,150,190,190,190,190,190,190,166,0,6,13.710518555536147,1.7495140200480819,185.52694702520967,127.20481927710843
1774611692,10,,Aggregated,104.000000,0.000000,9,15,20,25,120,160,280,1200,1300,1300,1300,4160,0,9,37.18580496679351,1.4979330589994788,1331.9628909230232,1157.6610576923076
1774611693,10,GET,/api/audio/latency,15.600000,0.000000,6,13,19,20,27,150,160,270,1300,1300,1300,634,0,7,35.49162384595616,1.4979330589994788,1255.3403790807351,33.0
1774611693,10,GET,/api/audio/levels,15.700000,0.000000,8,19,71,92,160,180,450,1300,1300,1300,1300,634,0,9,51.59073272166915,1.562951016239822,1303.7440769840032,76.95741324921136
1774611693,10,GET,/api/audio/levels (during plugin swap),4.200000,0.000000,13,19,31,67,130,140,180,180,180,180,180,172,0,12,57.00465674961506,1.5664570964872837,1168.665161007084,77.76162790697674
1774611693,10,GET,/api/audio/levels/plugins,4.100000,0.000000,4,11,13,15,22,23,29,29,29,29,29,172,0,8,14.696215844556127,1.5116749564185739,185.66059996373951,20.424418604651162
1774611693,10,GET,/api/audio/status,10.800000,0.000000,7,11,13,15,20,24,26,28,1300,1300,1300,481,0,6,15.416470903510193,1.54499604832381,1255.1859950181097,303.02702702702703
1774611693,10,GET,/api/chains/,0.000000,0.000000,0,0,0,0,0,0,0,0,0,0,0,38,0,14,110.45368132181466,2.1058329148218036,1138.814538018778,1478.2105263157894
1774611693,10,GET,/api/chains/{id},11.100000,0.000000,12,28,100,120,210,410,460,1200,1300,1300,1300,481,0,11,57.66277874020275,1.9258959218859673,1272.108756005764,811.2349272349272
1774611693,10,POST,/api/chains/{id}/activate,10.800000,0.000000,12,18,21,25,28,140,150,150,160,160,160,481,0,10,29.219851853314346,1.8289610743522644,1220.0732530327514,54.28274428274428
1774611693,10,POST,/api/chains/{id}/deactivate,10.900000,0.000000,6,8,10,11,17,23,26,30,120,120,120,481,0,5,10.44324260585498,1.8187540117651224,162.67267696093768,61.16839916839917
1774611693,10,POST,/api/plugins/batch/parameters (500 updates),6.900000,0.000000,16,26,31,61,220,1200,1300,1300,1300,1300,1300,282,0,17,76.93621653696879,5.4575459798797965,1331.9628909230232,942.5
1774611693,10,GET,/api/plugins/discover,0.000000,0.000000,0,0,0,0,0,0,0,0,0,0,0,38,0,30,41.11979592064591,12.800152064301074,136.8569090263918,89708.0
1774611693,10,GET,/api/plugins/list,0.000000,0.000000,0,0,0,0,0,0,0,0,0,0,0,38,0,12,35.27372184295305,1.5819809632375836,207.0125739555806,81.21052631578948
1774611693,10,POST,/api/plugins/load?uri,4.100000,0.000000,8,10,14,20,27,150,150,150,150,150,150,172,0,9,33.4727865153772,1.9259180407971144,1210.5695590144023,2444.1453488372094
1774611693,10,POST,/api/plugins/unload?uri,4.100000,0.000000,5,7,9,10,16,25,150,150,150,150,150,172,0,6,13.439081349345141,1.7495140200480819,185.52694702520967,127.17441860465117
1774611693,10,,Aggregated,98.300000,0.000000,8,14,19,23,100,160,270,490,1300,1300,1300,4276,0,9,37.09936378974776,1.4979330589994788,1331.9628909230232,1135.2448550046772
1774611694,10,GET,/api/audio/latency,16.100000,0.000000,6,14,19,20,28,150,160,270,1300,1300,1300,658,0,6,34.7171709216398,1.4979330589994788,1255.3403790807351,33.0
1774611694,10,GET,/api/audio/levels,16.100000,0.000000,8,21,85,120,170,210,450,1300,1300,1300,1300,658,0,9,51.11337917567426,1.562951016239822,1303.7440769840032,76.87234042553192
1774611694,10,GET,/api/audio/levels (during plugin swap),4.200000,0.000000,12,21,41,84,130,140,180,180,180,180,180,173,0,12,56.68604607435449,1.5664570964872837,1168.665161007084,77.8092485549133
1774611694,10,GET,/api/audio/levels/plugins,4.200000,0.000000,8,11,13,15,18,23,29,29,29,29,29,173,0,8,14.667693649370202,1.5116749564185739,185.66059996373951,20.46242774566474
1774611694,10,GET,/api/audio/status,11.900000,0.000000,7,11,13,14,20,24,26,28,1300,1300,1300,490,0,5,15.216839768477165,1.54499604832381,1255.1859950181097,303.0265306122449
1774611694,10,GET,/api/chains/,0.000000,0.000000,0,0,0,0,0,0,0,0,0,0,0,38,0,14,110.45368132181466,2.1058329148218036,1138.814538018778,1478.2105263157894
1774611694,10,GET,/api/chains/{id},12.000000,0.000000,13,40,110,130,210,410,460,1200,1300,1300,1300,490,0,11,57.0326999737406,1.9258959218859673,1272.108756005764,810.6367346938775
1774611694,10,POST,/api/chains/{id}/activate,11.900000,0.000000,12,18,22,25,30,140,150,150,160,160,160,490,0,10,28.85847278295693,1.8289610743522644,1220.0732530327514,54.183673469387756
1774611694,10,POST,/api/chains/{id}/deactivate,11.900000,0.000000,6,8,10,11,17,23,26,100,120,120,120,490,0,5,10.546188884680825,1.8187540117651224,162.67267696093768,61.183673469387756
1774611694,10,POST,/api/plugins/batch/parameters (500 updates),7.500000,0.000000,17,27,54,87,220,1200,1300,1300,1300,1300,1300,294,0,17,75.17125947697113,5.4575459798797965,1331.9628909230232,943.1054421768707
1774611694,10,GET,/api/plugins/discover,0.000000,0.000000,0,0,0,0,0,0,0,0,0,0,0,38,0,30,41.11979592064591,12.800152064301074,136.8569090263918,89708.0
1774611694,10,GET,/api/plugins/list,0.000000,0.000000,0,0,0,0,0,0,0,0,0,0,0,38,0,12,35.27372184295305,1.5819809632375836,207.0125739555806,81.21052631578948
1774611694,10,POST,/api/plugins/load?uri,4.200000,0.000000,8,10,16,20,27,150,150,150,150,150,150,173,0,9,33.29250393462276,1.9259180407971144,1210.5695590144023,2435.0867052023123
1774611694,10,POST,/api/plugins/unload?uri,4.200000,0.000000,5,6,10,13,17,150,210,210,210,210,210,173,0,6,14.576271717366629,1.7495140200480819,210.17301501706243,127.27745664739885
1774611694,10,,Aggregated,104.200000,0.000000,9,15,20,25,120,160,350,1200,1300,1300,1300,4376,0,9,36.79458401881527,1.4979330589994788,1331.9628909230232,1115.229890310786
1774611695,10,GET,/api/audio/latency,15.400000,0.000000,6,13,19,20,27,160,170,270,1300,1300,1300,677,0,6,35.1257690032834,1.4979330589994788,1255.3403790807351,33.0
1774611695,10,GET,/api/audio/levels,15.500000,0.000000,8,17,71,89,150,180,220,1300,1300,1300,1300,677,0,9,51.23710901094009,1.562951016239822,1303.7440769840032,76.91728212703102
1774611695,10,GET,/api/audio/levels (during plugin swap),3.600000,0.000000,14,31,84,97,140,180,220,220,220,220,220,177,0,12,57.530811468223476,1.5664570964872837,1168.665161007084,77.70056497175142
1774611695,10,GET,/api/audio/levels/plugins,3.600000,0.000000,10,12,15,16,19,23,29,29,29,29,29,177,0,9,14.625257872950055,1.5116749564185739,185.66059996373951,20.463276836158194
1774611695,10,GET,/api/audio/status,10.900000,0.000000,7,12,14,18,22,24,28,30,1300,1300,1300,503,0,6,15.208817368778762,1.54499604832381,1255.1859950181097,303.0258449304175
1774611695,10,GET,/api/chains/,0.000000,0.000000,0,0,0,0,0,0,0,0,0,0,0,38,0,14,110.45368132181466,2.1058329148218036,1138.814538018778,1478.2105263157894
1774611695,10,GET,/api/chains/{id},10.900000,0.000000,12,22,82,100,160,210,270,1200,1300,1300,1300,503,0,11,56.86904070366574,1.9258959218859673,1272.108756005764,810.0556660039762
1774611695,10,POST,/api/chains/{id}/activate,10.900000,0.000000,12,17,20,24,28,140,150,160,160,160,160,503,0,10,28.756901770635743,1.8289610743522644,1220.0732530327514,54.23459244532803
1774611695,10,POST,/api/chains/{id}/deactivate,10.900000,0.000000,6,8,10,11,17,23,26,100,120,120,120,503,0,5,10.456217060358103,1.8187540117651224,162.67267696093768,61.15506958250497
1774611695,10,POST,/api/plugins/batch/parameters (500 updates),7.200000,0.000000,16,26,31,60,160,220,1300,1300,1300,1300,1300,304,0,17,73.82371398470193,5.4575459798797965,1331.9628909230232,941.6447368421053
1774611695,10,GET,/api/plugins/discover,0.000000,0.000000,0,0,0,0,0,0,0,0,0,0,0,38,0,30,41.11979592064591,12.800152064301074,136.8569090263918,89708.0
1774611695,10,GET,/api/plugins/list,0.000000,0.000000,0,0,0,0,0,0,0,0,0,0,0,38,0,12,35.27372184295305,1.5819809632375836,207.0125739555806,81.21052631578948
1774611695,10,POST,/api/plugins/load?uri,3.600000,0.000000,8,14,20,20,27,150,150,150,150,150,150,177,0,9,32.926392144955024,1.9259180407971144,1210.5695590144023,2417.35593220339
1774611695,10,POST,/api/plugins/unload?uri,3.600000,0.000000,5,8,10,11,17,150,210,210,210,210,210,177,0,6,14.390547903870248,1.7495140200480819,210.17301501706243,127.15254237288136
1774611695,10,,Aggregated,96.100000,0.000000,8,15,20,24,110,160,210,1200,1300,1300,1300,4492,0,9,36.762323035771075,1.4979330589994788,1331.9628909230232,1094.0583259127338
1774611696,10,GET,/api/audio/latency,16.100000,0.000000,6,15,20,21,82,160,170,270,1300,1300,1300,689,0,6,35.097298743737205,1.4979330589994788,1255.3403790807351,33.0
1774611696,10,GET,/api/audio/levels,16.100000,0.000000,10,24,82,110,160,180,220,1300,1300,1300,1300,689,0,9,51.32912574670479,1.562951016239822,1303.7440769840032,76.94339622641509
1774611696,10,GET,/api/audio/levels (during plugin swap),3.700000,0.000000,14,31,67,97,140,180,220,220,220,220,220,179,0,12,57.027816725634665,1.5664570964872837,1168.665161007084,77.72067039106145
1774611696,10,GET,/api/audio/levels/plugins,3.700000,0.000000,10,12,13,16,19,23,29,29,29,29,29,179,0,8,14.497602231639267,1.5116749564185739,185.66059996373951,20.463687150837988
1774611696,10,GET,/api/audio/status,11.700000,0.000000,7,12,17,18,23,28,97,170,1300,1300,1300,519,0,6,15.597931771298695,1.54499604832381,1255.1859950181097,303.02504816955684
1774611696,10,GET,/api/chains/,0.000000,0.000000,0,0,0,0,0,0,0,0,0,0,0,38,0,14,110.45368132181466,2.1058329148218036,1138.814538018778,1478.2105263157894
1774611696,10,GET,/api/chains/{id},11.700000,0.000000,11,23,88,100,160,210,270,1200,1300,1300,1300,520,0,11,55.459442432038486,1.9258959218859673,1272.108756005764,810.8346153846154
1774611696,10,POST,/api/chains/{id}/activate,11.700000,0.000000,12,18,21,24,34,140,150,160,160,160,160,520,0,10,28.437655835967654,1.8289610743522644,1220.0732530327514,54.27884615384615
1774611696,10,POST,/api/chains/{id}/deactivate,11.700000,0.000000,6,8,11,12,17,25,100,120,170,170,170,519,0,6,10.815224798462625,1.8187540117651224,171.00291105452925,61.13294797687861
1774611696,10,POST,/api/plugins/batch/parameters (500 updates),7.700000,0.000000,16,27,32,60,160,220,1300,1300,1300,1300,1300,315,0,17,72.07163095415112,5.4575459798797965,1331.9628909230232,942.520634920635
1774611696,10,GET,/api/plugins/discover,0.000000,0.000000,0,0,0,0,0,0,0,0,0,0,0,38,0,30,41.11979592064591,12.800152064301074,136.8569090263918,89708.0
1774611696,10,GET,/api/plugins/list,0.000000,0.000000,0,0,0,0,0,0,0,0,0,0,0,38,0,12,35.27372184295305,1.5819809632375836,207.0125739555806,81.21052631578948
1774611696,10,POST,/api/plugins/load?uri,3.700000,0.000000,8,14,20,20,27,150,150,150,150,150,150,179,0,9,32.606486104267475,1.9259180407971144,1210.5695590144023,2409.0837988826815
1774611696,10,POST,/api/plugins/unload?uri,3.700000,0.000000,5,8,10,11,17,150,210,210,210,210,210,179,0,6,14.26842460908287,1.7495140200480819,210.17301501706243,127.08379888268156
1774611696,10,,Aggregated,101.500000,0.000000,9,15,21,25,120,160,210,1200,1300,1300,1300,4601,0,9,36.48753361439446,1.4979330589994788,1331.9628909230232,1076.1167137578786
1774611697,10,GET,/api/audio/latency,15.700000,0.000000,6,15,20,21,82,160,170,270,1300,1300,1300,706,0,6,34.64984880788674,1.4979330589994788,1255.3403790807351,33.0
1774611697,10,GET,/api/audio/levels,15.700000,0.000000,9,25,82,110,160,180,220,1300,1300,1300,1300,707,0,9,50.79557874903236,1.562951016239822,1303.7440769840032,76.95332390381895
1774611697,10,GET,/api/audio/levels (during plugin swap),3.300000,0.000000,13,31,67,97,140,180,220,220,220,220,220,183,0,12,56.02293643118213,1.5664570964872837,1168.665161007084,77.68852459016394
1774611697,10,GET,/api/audio/levels/plugins,3.300000,0.000000,5,11,12,13,19,23,29,29,29,29,29,183,0,8,14.281550336430673,1.5116749564185739,185.66059996373951,20.46448087431694
1774611697,10,GET,/api/audio/status,10.600000,0.000000,8,13,17,19,23,28,100,170,1300,1300,1300,534,0,6,15.614443725238342,1.54499604832381,1255.1859950181097,303.0243445692884
1774611697,10,GET,/api/chains/,0.000000,0.000000,0,0,0,0,0,0,0,0,0,0,0,38,0,14,110.45368132181466,2.1058329148218036,1138.814538018778,1478.2105263157894
1774611697,10,GET,/api/chains/{id},10.600000,0.000000,11,30,100,120,160,200,270,1200,1300,1300,1300,534,0,11,55.79643592056173,1.9258959218859673,1272.108756005764,811.1067415730337
1774611697,10,POST,/api/chains/{id}/activate,10.600000,0.000000,13,19,22,25,82,150,150,160,160,160,160,534,0,10,28.733369606339515,1.8289610743522644,1220.0732530327514,54.38202247191011
1774611697,10,POST,/api/chains/{id}/deactivate,10.600000,0.000000,6,9,11,13,20,25,120,170,260,260,260,533,0,6,11.252710960917245,1.8187540117651224,259.7760569769889,61.06191369606004
1774611697,10,POST,/api/plugins/batch/parameters (500 updates),8.000000,0.000000,16,26,31,60,160,220,1300,1300,1300,1300,1300,324,0,16,71.0795205046946,5.4575459798797965,1331.9628909230232,941.7561728395061
1774611697,10,GET,/api/plugins/discover,0.000000,0.000000,0,0,0,0,0,0,0,0,0,0,0,38,0,30,41.11979592064591,12.800152064301074,136.8569090263918,89708.0
1774611697,10,GET,/api/plugins/list,0.000000,0.000000,0,0,0,0,0,0,0,0,0,0,0,38,0,12,35.27372184295305,1.5819809632375836,207.0125739555806,81.21052631578948
1774611697,10,POST,/api/plugins/load?uri,3.300000,0.000000,7,16,20,20,27,150,150,150,150,150,150,183,0,8,32.052575097205576,1.9259180407971144,1210.5695590144023,2400.0601092896177
1774611697,10,POST,/api/plugins/unload?uri,3.300000,0.000000,5,9,10,11,16,150,210,210,210,210,210,183,0,6,14.151903240218799,1.7495140200480819,210.17301501706243,127.06557377049181
1774611697,10,,Aggregated,95.000000,0.000000,9,16,21,25,120,160,210,270,1300,1300,1300,4718,0,9,36.3079886180021,1.4979330589994788,1331.9628909230232,1057.217676981772
1774611698,10,GET,/api/audio/latency,16.600000,0.000000,6,13,19,20,82,160,170,210,270,270,270,714,0,6,34.33374796129231,1.4844159595668316,1255.3403790807351,33.0
1774611698,10,GET,/api/audio/levels,16.600000,0.000000,8,19,68,87,150,170,190,210,260,260,260,714,0,9,50.342688661920434,1.562951016239822,1303.7440769840032,76.91456582633053
1774611698,10,GET,/api/audio/levels (during plugin swap),3.600000,0.000000,13,31,67,97,140,180,220,220,220,220,220,184,0,12,55.73229924408699,1.5664570964872837,1168.665161007084,77.7336956521739
1774611698,10,GET,/api/audio/levels/plugins,3.600000,0.000000,5,11,12,13,19,23,29,29,29,29,29,184,0,8,14.222860095248071,1.5116749564185739,185.66059996373951,20.5
1774611698,10,GET,/api/audio/status,10.900000,0.000000,7,13,17,18,23,25,97,100,170,170,170,541,0,6,15.488759758486284,1.54499604832381,1255.1859950181097,303.02402957486134
1774611698,10,GET,/api/chains/,0.000000,0.000000,0,0,0,0,0,0,0,0,0,0,0,38,0,14,110.45368132181466,2.1058329148218036,1138.814538018778,1478.2105263157894
1774611698,10,GET,/api/chains/{id},11.100000,0.000000,9,19,53,93,140,170,200,210,270,270,270,541,0,11,55.15550295697515,1.9258959218859673,1272.108756005764,811.2365988909427
1774611698,10,POST,/api/chains/{id}/activate,10.900000,0.000000,11,17,20,24,28,140,150,150,160,160,160,541,0,10,28.43645184843968,1.8289610743522644,1220.0732530327514,54.40850277264325
1774611698,10,POST,/api/chains/{id}/deactivate,11.000000,0.000000,6,9,11,13,20,25,100,170,260,260,260,541,0,6,11.228791217262858,1.815662020817399,259.7760569769889,61.029574861367834
1774611698,10,POST,/api/plugins/batch/parameters (500 updates),8.800000,0.000000,16,25,28,32,120,180,220,220,220,220,220,328,0,16,70.39704987006944,5.4575459798797965,1331.9628909230232,941.2256097560976
1774611698,10,GET,/api/plugins/discover,0.000000,0.000000,0,0,0,0,0,0,0,0,0,0,0,38,0,30,41.11979592064591,12.800152064301074,136.8569090263918,89708.0
1774611698,10,GET,/api/plugins/list,0.000000,0.000000,0,0,0,0,0,0,0,0,0,0,0,38,0,12,35.27372184295305,1.5819809632375836,207.0125739555806,81.21052631578948
1774611698,10,POST,/api/plugins/load?uri,3.600000,0.000000,7,16,20,20,27,150,150,150,150,150,150,184,0,8,31.890534352303643,1.9259180407971144,1210.5695590144023,2391.0054347826085
1774611698,10,POST,/api/plugins/unload?uri,3.600000,0.000000,5,9,10,11,16,150,210,210,210,210,210,184,0,6,14.09298979358383,1.7495140200480819,210.17301501706243,127.07065217391305
1774611698,10,,Aggregated,100.300000,0.000000,8,14,20,23,96,150,180,210,270,270,270,4770,0,9,35.987329572430404,1.4844159595668316,1331.9628909230232,1048.6438155136268
1774611699,10,GET,/api/audio/latency,15.700000,0.000000,8,15,20,21,82,160,170,210,270,270,270,717,0,6,34.321996377036754,1.4844159595668316,1255.3403790807351,33.0
1774611699,10,GET,/api/audio/levels,15.700000,0.000000,11,53,89,120,170,190,1200,1200,1200,1200,1200,720,0,9,55.68002525930448,1.562951016239822,1303.7440769840032,76.97222222222223
1774611699,10,GET,/api/audio/levels (during plugin swap),3.300000,0.000000,14,41,110,120,140,220,1100,1100,1100,1100,1100,185,0,12,61.58587367563332,1.5664570964872837,1168.665161007084,77.77837837837838
1774611699,10,GET,/api/audio/levels/plugins,3.300000,0.000000,8,11,13,16,22,29,110,110,110,110,110,185,0,8,14.75026253799631,1.5116749564185739,185.66059996373951,20.535135135135135
1774611699,10,GET,/api/audio/status,11.200000,0.000000,8,13,18,19,23,97,110,110,170,170,170,547,0,6,15.960137764804092,1.54499604832381,1255.1859950181097,303.0237659963437
1774611699,10,GET,/api/chains/,0.000000,0.000000,0,0,0,0,0,0,0,0,0,0,0,38,0,14,110.45368132181466,2.1058329148218036,1138.814538018778,1478.2105263157894
1774611699,10,GET,/api/chains/{id},11.200000,0.000000,12,35,100,120,170,210,1100,1200,1200,1200,1200,551,0,11,63.961639059513146,1.9258959218859673,1272.108756005764,811.1796733212341
1774611699,10,POST,/api/chains/{id}/activate,11.200000,0.000000,13,19,22,25,40,140,150,150,160,160,160,547,0,10,28.575984696632887,1.8289610743522644,1220.0732530327514,54.378427787934186
1774611699,10,POST,/api/chains/{id}/deactivate,11.100000,0.000000,8,11,13,14,23,26,100,170,260,260,260,547,0,6,11.307663004802816,1.815662020817399,259.7760569769889,61.040219378427786
1774611699,10,POST,/api/plugins/batch/parameters (500 updates),8.800000,0.000000,16,25,29,44,150,200,1100,1200,1200,1200,1200,331,0,17,77.01938764756304,5.4575459798797965,1331.9628909230232,942.5135951661631
1774611699,10,GET,/api/plugins/discover,0.000000,0.000000,0,0,0,0,0,0,0,0,0,0,0,38,0,30,41.11979592064591,12.800152064301074,136.8569090263918,89708.0
1774611699,10,GET,/api/plugins/list,0.000000,0.000000,0,0,0,0,0,0,0,0,0,0,0,38,0,12,35.27372184295305,1.5819809632375836,207.0125739555806,81.21052631578948
1774611699,10,POST,/api/plugins/load?uri,3.300000,0.000000,10,20,23,24,27,150,150,150,150,150,150,185,0,8,31.85729493915632,1.9259180407971144,1210.5695590144023,2393.4
1774611699,10,POST,/api/plugins/unload?uri,3.300000,0.000000,6,10,11,13,22,150,210,210,210,210,210,185,0,6,14.13414921624133,1.7495140200480819,210.17301501706243,127.03783783783784
1774611699,10,,Aggregated,98.100000,0.000000,10,17,23,27,120,160,210,1100,1200,1200,1200,4814,0,9,38.5775065653757,1.4844159595668316,1331.9628909230232,1042.6946406314914
1774611700,10,GET,/api/audio/latency,16.900000,0.000000,7,15,20,21,120,160,170,210,270,270,270,746,0,6,33.88015779912541,1.4844159595668316,1255.3403790807351,33.0
1774611700,10,GET,/api/audio/levels,16.800000,0.000000,10,24,76,100,160,180,260,1200,1200,1200,1200,746,0,9,54.457891748995884,1.562951016239822,1303.7440769840032,76.95576407506702
1774611700,10,GET,/api/audio/levels (during plugin swap),3.700000,0.000000,9,14,30,34,140,220,1100,1100,1100,1100,1100,191,0,12,59.92108353850047,1.5664570964872837,1168.665161007084,77.6282722513089
1774611700,10,GET,/api/audio/levels/plugins,3.700000,0.000000,5,10,11,11,19,23,110,110,110,110,110,191,0,8,14.400611363999857,1.5116749564185739,185.66059996373951,20.534031413612567
1774611700,10,GET,/api/audio/status,12.600000,0.000000,7,13,18,20,24,96,110,110,170,170,170,564,0,6,15.710785062546043,1.54499604832381,1255.1859950181097,303.0230496453901
1774611700,10,GET,/api/chains/,0.000000,0.000000,0,0,0,0,0,0,0,0,0,0,0,38,0,14,110.45368132181466,2.1058329148218036,1138.814538018778,1478.2105263157894
1774611700,10,GET,/api/chains/{id},12.500000,0.000000,10,20,82,100,160,200,1100,1200,1200,1200,1200,564,0,11,62.68193774277853,1.9258959218859673,1272.108756005764,811.5886524822695
1774611700,10,POST,/api/chains/{id}/activate,12.500000,0.000000,13,19,24,26,110,140,150,160,160,160,160,564,0,10,29.009037689720312,1.8289610743522644,1220.0732530327514,54.459219858156025
1774611700,10,POST,/api/chains/{id}/deactivate,12.500000,0.000000,8,11,14,14,22,25,100,170,260,260,260,564,0,6,11.213070396350446,1.815662020817399,259.7760569769889,60.980496453900706
1774611700,10,POST,/api/plugins/batch/parameters (500 updates),9.600000,0.000000,15,25,29,34,140,210,1100,1200,1200,1200,1200,342,0,16,75.52991089838616,5.4575459798797965,1331.9628909230232,942.7719298245614
1774611700,10,GET,/api/plugins/discover,0.000000,0.000000,0,0,0,0,0,0,0,0,0,0,0,38,0,30,41.11979592064591,12.800152064301074,136.8569090263918,89708.0
1774611700,10,GET,/api/plugins/list,0.000000,0.000000,0,0,0,0,0,0,0,0,0,0,0,38,0,12,35.27372184295305,1.5819809632375836,207.0125739555806,81.21052631578948
1774611700,10,POST,/api/plugins/load?uri,3.700000,0.000000,7,16,23,24,26,27,150,150,150,150,150,191,0,8,31.121048454014847,1.9259180407971144,1210.5695590144023,2401.7120418848167
1774611700,10,POST,/api/plugins/unload?uri,3.700000,0.000000,6,10,11,11,16,25,210,210,210,210,210,191,0,6,13.891926592371929,1.7495140200480819,210.17301501706243,127.03141361256544
1774611700,10,,Aggregated,108.200000,0.000000,10,16,21,25,110,160,210,270,1200,1200,1200,4968,0,9,37.94752307535762,1.4844159595668316,1331.9628909230232,1020.149959742351
1774611701,10,GET,/api/audio/latency,17.000000,0.000000,8,17,20,25,120,160,170,210,270,270,270,757,0,7,33.82605266243052,1.4844159595668316,1255.3403790807351,33.0
1774611701,10,GET,/api/audio/levels,16.900000,0.000000,11,44,87,110,160,180,260,1200,1200,1200,1200,760,0,9,54.566093432827316,1.562951016239822,1303.7440769840032,76.98552631578947
1774611701,10,GET,/api/audio/levels (during plugin swap),3.800000,0.000000,12,23,92,120,140,220,1100,1100,1100,1100,1100,197,0,12,60.445885933926185,1.5664570964872837,1168.665161007084,77.55329949238579
1774611701,10,GET,/api/audio/levels/plugins,3.800000,0.000000,5,10,11,11,19,110,110,110,110,110,110,195,0,8,14.751557120456336,1.5116749564185739,185.66059996373951,20.533333333333335
1774611701,10,GET,/api/audio/status,12.800000,0.000000,7,12,17,20,28,110,110,160,170,170,170,577,0,6,16.138265771707406,1.54499604832381,1255.1859950181097,303.02253032928945
1774611701,10,GET,/api/chains/,0.000000,0.000000,0,0,0,0,0,0,0,0,0,0,0,38,0,14,110.45368132181466,2.1058329148218036,1138.814538018778,1478.2105263157894
1774611701,10,GET,/api/chains/{id},12.200000,0.000000,9,20,54,100,170,200,1100,1200,1200,1200,1200,578,0,11,61.86051244459157,1.9258959218859673,1272.108756005764,810.2854671280277
1774611701,10,POST,/api/chains/{id}/activate,12.400000,0.000000,11,18,21,25,82,150,150,160,160,160,160,577,0,10,28.784058866433256,1.8289610743522644,1220.0732530327514,54.49740034662045
1774611701,10,POST,/api/chains/{id}/deactivate,12.800000,0.000000,7,10,12,14,21,32,100,170,260,260,260,577,0,6,11.288022554271324,1.815662020817399,259.7760569769889,60.96013864818024
1774611701,10,POST,/api/plugins/batch/parameters (500 updates),9.500000,0.000000,15,24,32,61,160,200,1100,1200,1200,1200,1200,349,0,16,75.44684691993749,5.4575459798797965,1331.9628909230232,941.1919770773638
1774611701,10,GET,/api/plugins/discover,0.000000,0.000000,0,0,0,0,0,0,0,0,0,0,0,38,0,30,41.11979592064591,12.800152064301074,136.8569090263918,89708.0
1774611701,10,GET,/api/plugins/list,0.000000,0.000000,0,0,0,0,0,0,0,0,0,0,0,38,0,12,35.27372184295305,1.5819809632375836,207.0125739555806,81.21052631578948
1774611701,10,POST,/api/plugins/load?uri,3.800000,0.000000,9,20,23,24,26,72,150,150,150,150,150,195,0,9,31.067795280773097,1.9259180407971144,1210.5695590144023,2443.025641025641
1774611701,10,POST,/api/plugins/unload?uri,3.800000,0.000000,9,10,11,11,17,23,210,210,210,210,210,195,0,6,13.881875784733356,1.7495140200480819,210.17301501706243,127.01538461538462
1774611701,10,,Aggregated,108.800000,0.000000,10,16,21,27,120,160,210,1100,1200,1200,1200,5071,0,9,37.91086995917066,1.4844159595668316,1331.9628909230232,1007.7649378820745
1774611702,10,GET,/api/audio/latency,14.600000,0.000000,7,14,19,21,130,170,190,190,210,210,210,778,0,7,33.82699572568601,1.4844159595668316,1255.3403790807351,33.05012853470437
1774611702,10,GET,/api/audio/levels,14.900000,0.000000,10,23,75,110,170,190,250,1200,1200,1200,1200,778,0,9,54.40877639218102,1.562951016239822,1303.7440769840032,76.99357326478149
1774611702,10,GET,/api/audio/levels (during plugin swap),3.200000,0.000000,10,16,30,34,140,220,1100,1100,1100,1100,1100,202,0,12,59.168569752277975,1.5664570964872837,1168.665161007084,77.5049504950495
1774611702,10,GET,/api/audio/levels/plugins,3.200000,0.000000,5,10,11,16,20,110,110,110,110,110,110,202,0,7,14.52233007126995,1.5116749564185739,185.66059996373951,20.564356435643564
1774611702,10,GET,/api/audio/status,11.600000,0.000000,5,10,17,19,26,100,110,160,170,170,170,593,0,6,15.820753578454708,1.54499604832381,1255.1859950181097,303.0219224283305
1774611702,10,GET,/api/chains/,0.000000,0.000000,0,0,0,0,0,0,0,0,0,0,0,38,0,14,110.45368132181466,2.1058329148218036,1138.814538018778,1478.2105263157894
1774611702,10,GET,/api/chains/{id},12.000000,0.000000,9,15,41,93,160,200,1100,1200,1200,1200,1200,593,0,11,60.586464311770506,1.9258959218859673,1272.108756005764,808.6087689713322
1774611702,10,POST,/api/chains/{id}/activate,11.600000,0.000000,10,18,21,25,82,150,160,160,190,190,190,593,0,10,28.497856381642954,1.8289610743522644,1220.0732530327514,54.51939291736931
1774611702,10,POST,/api/chains/{id}/deactivate,11.600000,0.000000,8,10,13,14,21,23,100,170,260,260,260,593,0,6,11.157081298322792,1.815662020817399,259.7760569769889,60.9460370994941
1774611702,10,POST,/api/plugins/batch/parameters (500 updates),8.900000,0.000000,16,21,29,61,160,200,1100,1200,1200,1200,1200,357,0,17,74.31683588821274,5.4575459798797965,1331.9628909230232,939.9215686274509
1774611702,10,GET,/api/plugins/discover,0.000000,0.000000,0,0,0,0,0,0,0,0,0,0,0,38,0,30,41.11979592064591,12.800152064301074,136.8569090263918,89708.0
1774611702,10,GET,/api/plugins/list,0.000000,0.000000,0,0,0,0,0,0,0,0,0,0,0,38,0,12,35.27372184295305,1.5819809632375836,207.0125739555806,81.21052631578948
1774611702,10,POST,/api/plugins/load?uri,3.200000,0.000000,9,19,21,23,72,180,180,180,180,180,180,202,0,9,32.00579427544599,1.9111719448119402,1210.5695590144023,2446.3267326732675
1774611702,10,POST,/api/plugins/unload?uri,3.200000,0.000000,5,10,11,11,22,24,210,210,210,210,210,202,0,6,13.614273835826518,1.7495140200480819,210.17301501706243,127.02970297029702
1774611702,10,,Aggregated,98.000000,0.000000,9,14,20,24,110,160,200,260,1200,1200,1200,5207,0,9,37.4888435684646,1.4844159595668316,1331.9628909230232,990.325331284809
1774611703,10,GET,/api/audio/latency,16.500000,0.000000,6,14,19,21,82,170,190,190,210,210,210,794,0,6,33.482090678383884,1.4844159595668316,1255.3403790807351,33.04911838790932
1774611703,10,GET,/api/audio/levels,16.400000,0.000000,11,23,67,100,160,190,250,1200,1200,1200,1200,795,0,9,54.057079187518205,1.562951016239822,1303.7440769840032,76.98993710691823
1774611703,10,GET,/api/audio/levels (during plugin swap),3.100000,0.000000,10,16,30,92,140,220,1100,1100,1100,1100,1100,205,0,12,58.94946673623763,1.5664570964872837,1168.665161007084,77.4390243902439
1774611703,10,GET,/api/audio/levels/plugins,3.200000,0.000000,5,10,11,16,20,110,110,110,110,110,110,204,0,7,14.798096825674579,1.5116749564185739,185.66059996373951,20.563725490196077
1774611703,10,GET,/api/audio/status,12.400000,0.000000,6,11,18,21,97,110,150,160,170,170,170,603,0,6,16.574717401511425,1.54499604832381,1255.1859950181097,303.02155887230515
1774611703,10,GET,/api/chains/,0.000000,0.000000,0,0,0,0,0,0,0,0,0,0,0,38,0,14,110.45368132181466,2.1058329148218036,1138.814538018778,1478.2105263157894
1774611703,10,GET,/api/chains/{id},12.000000,0.000000,8,15,54,100,160,180,1100,1200,1200,1200,1200,605,0,11,60.724457624668545,1.9258959218859673,1272.108756005764,809.1785123966943
1774611703,10,POST,/api/chains/{id}/activate,12.400000,0.000000,10,18,22,27,82,150,160,160,190,190,190,603,0,10,28.50513049315624,1.8289610743522644,1220.0732530327514,54.527363184079604
1774611703,10,POST,/api/chains/{id}/deactivate,12.400000,0.000000,8,12,14,14,21,23,100,170,260,260,260,603,0,6,11.165911603408555,1.815662020817399,259.7760569769889,60.92205638474295
1774611703,10,POST,/api/plugins/batch/parameters (500 updates),9.100000,0.000000,15,20,25,32,140,200,1100,1200,1200,1200,1200,364,0,16,73.5815035800992,5.4575459798797965,1331.9628909230232,939.5137362637363
1774611703,10,GET,/api/plugins/discover,0.000000,0.000000,0,0,0,0,0,0,0,0,0,0,0,38,0,30,41.11979592064591,12.800152064301074,136.8569090263918,89708.0
1774611703,10,GET,/api/plugins/list,0.000000,0.000000,0,0,0,0,0,0,0,0,0,0,0,38,0,12,35.27372184295305,1.5819809632375836,207.0125739555806,81.21052631578948
1774611703,10,POST,/api/plugins/load?uri,3.200000,0.000000,9,20,21,22,26,180,180,180,180,180,180,204,0,9,31.81408360137093,1.9111719448119402,1210.5695590144023,2440.357843137255
1774611703,10,POST,/api/plugins/unload?uri,3.200000,0.000000,5,10,11,13,23,110,210,210,210,210,210,204,0,6,14.046484361945963,1.7495140200480819,210.17301501706243,126.92156862745098
1774611703,10,,Aggregated,103.900000,0.000000,9,15,21,25,120,160,200,260,1200,1200,1200,5298,0,9,37.47782502062344,1.4844159595668316,1331.9628909230232,978.3463571158928
1774611704,10,GET,/api/audio/latency,15.800000,0.000000,7,17,22,26,82,160,170,190,190,190,190,813,0,6,33.177862326737134,1.4844159595668316,1255.3403790807351,33.047970479704794
1774611704,10,GET,/api/audio/levels,16.100000,0.000000,11,23,57,100,160,180,250,1200,1200,1200,1200,813,0,9,53.600526497003976,1.562951016239822,1303.7440769840032,76.98154981549816
1774611704,10,GET,/api/audio/levels (during plugin swap),3.300000,0.000000,10,22,30,92,190,220,1100,1100,1100,1100,1100,211,0,12,58.40124054569133,1.5664570964872837,1168.665161007084,77.49763033175356
1774611704,10,GET,/api/audio/levels/plugins,3.100000,0.000000,5,10,13,19,20,110,110,110,110,110,110,211,0,7,14.622507272597172,1.5116749564185739,185.66059996373951,20.53080568720379
1774611704,10,GET,/api/audio/status,11.700000,0.000000,6,13,20,22,97,110,150,160,170,170,170,619,0,6,16.802472505501814,1.54499604832381,1255.1859950181097,303.06300484652667
1774611704,10,GET,/api/chains/,0.000000,0.000000,0,0,0,0,0,0,0,0,0,0,0,38,0,14,110.45368132181466,2.1058329148218036,1138.814538018778,1478.2105263157894
1774611704,10,GET,/api/chains/{id},11.700000,0.000000,8,20,59,98,160,180,1100,1200,1200,1200,1200,619,0,11,60.259730030966075,1.9258959218859673,1272.108756005764,808.8723747980614
1774611704,10,POST,/api/chains/{id}/activate,11.700000,0.000000,11,20,25,28,110,150,160,160,190,190,190,619,0,10,28.59743572797879,1.8289610743522644,1220.0732530327514,54.54765751211632
1774611704,10,POST,/api/chains/{id}/deactivate,11.700000,0.000000,9,12,14,16,22,25,80,170,260,260,260,619,0,6,11.17611236878564,1.815662020817399,259.7760569769889,60.90953150242326
1774611704,10,POST,/api/plugins/batch/parameters (500 updates),8.300000,0.000000,15,20,25,32,140,210,1100,1200,1200,1200,1200,376,0,16,72.40869402897822,5.4575459798797965,1331.9628909230232,939.7898936170212
1774611704,10,GET,/api/plugins/discover,0.000000,0.000000,0,0,0,0,0,0,0,0,0,0,0,38,0,30,41.11979592064591,12.800152064301074,136.8569090263918,89708.0
1774611704,10,GET,/api/plugins/list,0.000000,0.000000,0,0,0,0,0,0,0,0,0,0,0,38,0,12,35.27372184295305,1.5819809632375836,207.0125739555806,81.21052631578948
1774611704,10,POST,/api/plugins/load?uri,3.100000,0.000000,11,20,22,23,72,180,180,180,180,180,180,211,0,9,31.853307595242573,1.9111719448119402,1210.5695590144023,2435.3364928909955
1774611704,10,POST,/api/plugins/unload?uri,3.100000,0.000000,5,11,13,14,23,99,110,110,110,110,110,211,0,6,14.316330417235916,1.7495140200480819,210.17301501706243,127.08056872037915
1774611704,10,,Aggregated,99.600000,0.000000,9,17,22,27,110,160,200,270,1200,1200,1200,5436,0,9,37.223662009953216,1.4844159595668316,1331.9628909230232,962.4884105960265
1774611705,10,GET,/api/audio/latency,16.000000,0.000000,8,14,21,25,71,140,190,190,190,190,190,825,0,7,32.983591020333044,1.4844159595668316,1255.3403790807351,33.0630303030303
1774611705,10,GET,/api/audio/levels,15.900000,0.000000,11,23,53,96,160,180,1200,1200,1200,1200,1200,827,0,9,53.52184851907257,1.562951016239822,1303.7440769840032,76.99274486094316
1774611705,10,GET,/api/audio/levels (during plugin swap),3.600000,0.000000,10,16,24,92,170,200,1100,1100,1100,1100,1100,217,0,12,58.55319876983453,1.5664570964872837,1168.665161007084,77.49308755760369
1774611705,10,GET,/api/audio/levels/plugins,3.600000,0.000000,4,7,10,19,83,110,140,140,140,140,140,215,0,7,15.07446267587934,1.5116749564185739,185.66059996373951,20.530232558139534
1774611705,10,GET,/api/audio/status,12.400000,0.000000,6,12,18,21,97,110,150,160,170,170,170,629,0,6,16.71021867881045,1.54499604832381,1255.1859950181097,303.0620031796502
1774611705,10,GET,/api/chains/,0.000000,0.000000,0,0,0,0,0,0,0,0,0,0,0,38,0,14,110.45368132181466,2.1058329148218036,1138.814538018778,1478.2105263157894
1774611705,10,GET,/api/chains/{id},12.400000,0.000000,8,21,71,98,160,180,1100,1200,1200,1200,1200,630,0,11,60.01519478935128,1.9258959218859673,1272.108756005764,808.4380952380952
1774611705,10,POST,/api/chains/{id}/activate,12.400000,0.000000,11,21,25,28,110,150,160,180,190,190,190,629,0,10,28.61164022545776,1.8289610743522644,1220.0732530327514,54.51510333863275
1774611705,10,POST,/api/chains/{id}/deactivate,12.400000,0.000000,9,13,14,17,22,26,140,170,260,260,260,629,0,6,11.328125547614713,1.815662020817399,259.7760569769889,60.9268680445151
1774611705,10,POST,/api/plugins/batch/parameters (500 updates),8.700000,0.000000,15,21,32,90,150,200,1100,1200,1200,1200,1200,390,0,16,72.06431527126533,5.4575459798797965,1331.9628909230232,939.7333333333333
1774611705,10,GET,/api/plugins/discover,0.000000,0.000000,0,0,0,0,0,0,0,0,0,0,0,38,0,30,41.11979592064591,12.800152064301074,136.8569090263918,89708.0
1774611705,10,GET,/api/plugins/list,0.000000,0.000000,0,0,0,0,0,0,0,0,0,0,0,38,0,12,35.27372184295305,1.5819809632375836,207.0125739555806,81.21052631578948
1774611705,10,POST,/api/plugins/load?uri,3.600000,0.000000,6,19,21,23,72,180,180,180,180,180,180,215,0,9,31.34967990511985,1.9111719448119402,1210.5695590144023,2444.232558139535
1774611705,10,POST,/api/plugins/unload?uri,3.600000,0.000000,5,11,14,17,23,99,110,110,110,110,110,215,0,6,14.202744707053657,1.7495140200480819,210.17301501706243,127.27906976744185
1774611705,10,,Aggregated,104.600000,0.000000,9,17,22,27,120,160,200,1100,1200,1200,1200,5535,0,9,37.19287184744319,1.4844159595668316,1331.9628909230232,952.5326106594399
1774611707,10,GET,/api/audio/latency,15.700000,0.000000,8,14,20,24,70,150,190,190,190,190,190,842,0,7,32.85338973608244,1.4844159595668316,1255.3403790807351,33.06175771971496
1774611707,10,GET,/api/audio/levels,15.800000,0.000000,11,21,44,96,130,180,1200,1200,1200,1200,1200,842,0,9,52.74885344941771,1.562951016239822,1303.7440769840032,77.01425178147268
1774611707,10,GET,/api/audio/levels (during plugin swap),3.300000,0.000000,12,22,60,120,170,200,1100,1100,1100,1100,1100,221,0,12,58.57565464679472,1.5664570964872837,1168.665161007084,77.6470588235294
1774611707,10,GET,/api/audio/levels/plugins,3.200000,0.000000,7,10,14,19,83,110,140,140,140,140,140,221,0,8,14.946187295891951,1.5116749564185739,185.66059996373951,20.529411764705884
1774611707,10,GET,/api/audio/status,12.100000,0.000000,6,11,17,21,97,110,140,150,160,160,160,645,0,6,16.47464117385418,1.54499604832381,1255.1859950181097,303.0604651162791
1774611707,10,GET,/api/chains/,0.000000,0.000000,0,0,0,0,0,0,0,0,0,0,0,38,0,14,110.45368132181466,2.1058329148218036,1138.814538018778,1478.2105263157894
1774611707,10,GET,/api/chains/{id},12.300000,0.000000,8,21,59,84,150,180,1100,1200,1200,1200,1200,646,0,10,58.96455886443621,1.9258959218859673,1272.108756005764,808.4349845201239
1774611707,10,POST,/api/chains/{id}/activate,12.100000,0.000000,11,19,25,28,110,150,160,180,190,190,190,646,0,10,28.366839604548844,1.8289610743522644,1220.0732530327514,54.54334365325077
1774611707,10,POST,/api/chains/{id}/deactivate,12.100000,0.000000,6,12,14,17,22,23,26,67,140,140,140,645,0,6,11.181607222466102,1.815662020817399,259.7760569769889,60.91472868217054
1774611707,10,POST,/api/plugins/batch/parameters (500 updates),8.200000,0.000000,16,23,81,100,160,240,1100,1200,1200,1200,1200,403,0,16,71.74234776197247,5.4575459798797965,1331.9628909230232,941.5980148883375
1774611707,10,GET,/api/plugins/discover,0.000000,0.000000,0,0,0,0,0,0,0,0,0,0,0,38,0,30,41.11979592064591,12.800152064301074,136.8569090263918,89708.0
1774611707,10,GET,/api/plugins/list,0.000000,0.000000,0,0,0,0,0,0,0,0,0,0,0,38,0,12,35.27372184295305,1.5819809632375836,207.0125739555806,81.21052631578948
1774611707,10,POST,/api/plugins/load?uri,3.200000,0.000000,11,21,23,25,160,180,180,180,180,180,180,221,0,9,32.235101047625164,1.9111719448119402,1210.5695590144023,2412.7239819004526
1774611707,10,POST,/api/plugins/unload?uri,3.200000,0.000000,8,11,14,17,23,99,110,110,110,110,110,221,0,6,14.061820878208998,1.7495140200480819,210.17301501706243,127.23076923076923
1774611707,10,,Aggregated,101.200000,0.000000,10,16,22,26,110,160,190,1100,1200,1200,1200,5667,0,9,36.84908398042099,1.4844159595668316,1331.9628909230232,937.9892359272984
1774611708,10,GET,/api/audio/latency,15.500000,0.000000,7,14,20,23,68,150,190,190,190,190,190,858,0,6,32.38936610946471,1.4844159595668316,1255.3403790807351,33.06060606060606
1774611708,10,GET,/api/audio/levels,15.500000,0.000000,12,21,46,96,130,170,1200,1200,1200,1200,1200,858,0,9,52.32412788538275,1.562951016239822,1303.7440769840032,77.03030303030303
1774611708,10,GET,/api/audio/levels (during plugin swap),3.800000,0.000000,12,16,24,92,160,190,1100,1100,1100,1100,1100,226,0,12,57.42964738015646,1.5664570964872837,1168.665161007084,77.60176991150442
1774611708,10,GET,/api/audio/levels/plugins,3.800000,0.000000,7,10,13,19,20,110,140,140,140,140,140,226,0,7,14.730528771745421,1.5116749564185739,185.66059996373951,20.5
1774611708,10,GET,/api/audio/status,12.900000,0.000000,6,11,15,20,97,130,160,160,180,180,180,662,0,6,16.755115774880778,1.54499604832381,1255.1859950181097,303.0785498489426
1774611708,10,GET,/api/chains/,0.000000,0.000000,0,0,0,0,0,0,0,0,0,0,0,38,0,14,110.45368132181466,2.1058329148218036,1138.814538018778,1478.2105263157894
1774611708,10,GET,/api/chains/{id},12.900000,0.000000,9,21,59,84,150,180,1100,1200,1200,1200,1200,662,0,10,58.37200798257465,1.9258959218859673,1272.108756005764,807.6268882175226
1774611708,10,POST,/api/chains/{id}/activate,12.900000,0.000000,12,19,25,27,68,150,160,180,190,190,190,662,0,10,28.02487022104164,1.8289610743522644,1220.0732530327514,54.59969788519638
1774611708,10,POST,/api/chains/{id}/deactivate,12.900000,0.000000,7,12,14,17,22,26,160,180,200,200,200,662,0,6,11.879276126036505,1.815662020817399,259.7760569769889,60.904833836858
1774611708,10,POST,/api/plugins/batch/parameters (500 updates),8.200000,0.000000,16,24,90,100,160,240,1100,1200,1200,1200,1200,407,0,16,71.39434089915054,5.4575459798797965,1331.9628909230232,941.7665847665847
1774611708,10,GET,/api/plugins/discover,0.000000,0.000000,0,0,0,0,0,0,0,0,0,0,0,38,0,30,41.11979592064591,12.800152064301074,136.8569090263918,89708.0
1774611708,10,GET,/api/plugins/list,0.000000,0.000000,0,0,0,0,0,0,0,0,0,0,0,38,0,12,35.27372184295305,1.5819809632375836,207.0125739555806,81.21052631578948
1774611708,10,POST,/api/plugins/load?uri,3.800000,0.000000,9,19,22,24,150,180,180,180,180,180,180,226,0,8,31.640118231638375,1.9111719448119402,1210.5695590144023,2407.4690265486724
1774611708,10,POST,/api/plugins/unload?uri,3.800000,0.000000,8,11,12,14,22,24,110,110,110,110,110,226,0,6,13.85143254440591,1.7495140200480819,210.17301501706243,127.30088495575221
1774611708,10,,Aggregated,106.000000,0.000000,10,16,22,26,110,160,190,270,1200,1200,1200,5789,0,9,36.54894787591918,1.4844159595668316,1331.9628909230232,924.6327517705994
1774611709,10,GET,/api/audio/latency,15.300000,0.000000,7,14,19,20,68,150,170,190,190,190,190,880,0,6,32.104895645038184,1.4844159595668316,1255.3403790807351,33.05909090909091
1774611709,10,GET,/api/audio/levels,15.300000,0.000000,11,19,38,82,130,180,210,240,250,250,250,880,0,9,52.46626088826981,1.562951016239822,1303.7440769840032,77.03295454545454
1774611709,10,GET,/api/audio/levels (during plugin swap),4.200000,0.000000,10,16,23,92,160,190,210,210,210,210,210,230,0,12,57.48441386512359,1.5664570964872837,1168.665161007084,77.57826086956521
1774611709,10,GET,/api/audio/levels/plugins,4.200000,0.000000,5,8,12,15,20,83,140,140,140,140,140,230,0,7,14.575503449684575,1.5116749564185739,185.66059996373951,20.5
1774611709,10,GET,/api/audio/status,12.500000,0.000000,6,9,14,15,26,130,160,160,180,180,180,679,0,6,16.47564958724768,1.54499604832381,1255.1859950181097,303.0765832106038
1774611709,10,GET,/api/chains/,0.000000,0.000000,0,0,0,0,0,0,0,0,0,0,0,38,0,14,110.45368132181466,2.1058329148218036,1138.814538018778,1478.2105263157894
1774611709,10,GET,/api/chains/{id},12.600000,0.000000,8,13,38,61,120,140,180,180,190,190,190,679,0,10,57.67809400394619,1.9258959218859673,1272.108756005764,808.0324005891016
1774611709,10,POST,/api/chains/{id}/activate,12.600000,0.000000,10,17,22,25,68,150,160,180,190,190,190,679,0,10,27.85750748473048,1.8289610743522644,1220.0732530327514,54.62444771723122
1774611709,10,POST,/api/chains/{id}/deactivate,12.600000,0.000000,7,11,13,14,21,26,160,180,200,200,200,678,0,6,11.806946593456267,1.815662020817399,259.7760569769889,60.89380530973451
1774611709,10,POST,/api/plugins/batch/parameters (500 updates),8.800000,0.000000,15,23,69,92,150,190,240,270,270,270,270,418,0,16,70.75481436858132,5.4575459798797965,1331.9628909230232,941.6555023923445
1774611709,10,GET,/api/plugins/discover,0.000000,0.000000,0,0,0,0,0,0,0,0,0,0,0,38,0,30,41.11979592064591,12.800152064301074,136.8569090263918,89708.0
1774611709,10,GET,/api/plugins/list,0.000000,0.000000,0,0,0,0,0,0,0,0,0,0,0,38,0,12,35.27372184295305,1.5819809632375836,207.0125739555806,81.21052631578948
1774611709,10,POST,/api/plugins/load?uri,4.200000,0.000000,9,16,21,23,150,180,180,180,180,180,180,230,0,8,31.2528566361162,1.9111719448119402,1210.5695590144023,2394.6173913043476
1774611709,10,POST,/api/plugins/unload?uri,4.200000,0.000000,5,10,11,14,19,24,110,110,110,110,110,230,0,6,13.662947603987288,1.7495140200480819,210.17301501706243,127.29130434782608
1774611709,10,,Aggregated,106.500000,0.000000,8,14,19,23,100,150,180,200,250,270,270,5927,0,9,36.32081811188956,1.4844159595668316,1331.9628909230232,910.0845284292222
1774611710,10,GET,/api/audio/latency,15.300000,0.000000,6,11,17,20,31,150,190,190,190,190,190,888,0,6,31.856943482584487,1.4844159595668316,1255.3403790807351,33.05855855855856
1774611710,10,GET,/api/audio/levels,15.300000,0.000000,11,20,38,89,130,180,210,240,250,250,250,888,0,9,52.04716341298384,1.562951016239822,1303.7440769840032,77.02590090090091
1774611710,10,GET,/api/audio/levels (during plugin swap),4.200000,0.000000,10,17,60,120,170,200,210,210,210,210,210,230,0,12,57.48441386512359,1.5664570964872837,1168.665161007084,77.57826086956521
1774611710,10,GET,/api/audio/levels/plugins,4.200000,0.000000,7,10,14,19,20,110,140,140,140,140,140,230,0,7,14.575503449684575,1.5116749564185739,185.66059996373951,20.5
1774611710,10,GET,/api/audio/status,12.500000,0.000000,6,9,14,15,95,140,160,160,180,180,180,683,0,6,16.402831027525618,1.54499604832381,1255.1859950181097,303.0761346998536
1774611710,10,GET,/api/chains/,0.000000,0.000000,0,0,0,0,0,0,0,0,0,0,0,38,0,14,110.45368132181466,2.1058329148218036,1138.814538018778,1478.2105263157894
1774611710,10,GET,/api/chains/{id},12.600000,0.000000,8,13,41,73,120,150,180,180,190,190,190,683,0,10,57.37338990697809,1.9258959218859673,1272.108756005764,808.289897510981
1774611710,10,POST,/api/chains/{id}/activate,12.600000,0.000000,10,15,21,25,34,150,160,180,190,190,190,683,0,10,27.719888314747934,1.8289610743522644,1220.0732530327514,54.619326500732065
1774611710,10,POST,/api/chains/{id}/deactivate,12.600000,0.000000,6,11,13,15,21,28,160,180,200,200,200,683,0,6,11.755425334358547,1.815662020817399,259.7760569769889,60.90190336749634
1774611710,10,POST,/api/plugins/batch/parameters (500 updates),8.800000,0.000000,18,24,81,100,150,190,240,270,270,270,270,420,0,16,70.46874824528848,5.4575459798797965,1331.9628909230232,941.3523809523809
1774611710,10,GET,/api/plugins/discover,0.000000,0.000000,0,0,0,0,0,0,0,0,0,0,0,38,0,30,41.11979592064591,12.800152064301074,136.8569090263918,89708.0
1774611710,10,GET,/api/plugins/list,0.000000,0.000000,0,0,0,0,0,0,0,0,0,0,0,38,0,12,35.27372184295305,1.5819809632375836,207.0125739555806,81.21052631578948
1774611710,10,POST,/api/plugins/load?uri,4.200000,0.000000,9,19,22,23,160,180,180,180,180,180,180,230,0,8,31.2528566361162,1.9111719448119402,1210.5695590144023,2394.6173913043476
1774611710,10,POST,/api/plugins/unload?uri,4.200000,0.000000,5,10,12,14,23,99,110,110,110,110,110,230,0,6,13.662947603987288,1.7495140200480819,210.17301501706243,127.29130434782608
1774611710,10,,Aggregated,106.500000,0.000000,8,14,20,23,100,150,180,200,270,270,270,5962,0,9,36.13873345014542,1.4844159595668316,1331.9628909230232,906.0459577323046
1774611711,10,GET,/api/audio/latency,16.600000,0.000000,6,11,18,21,30,150,190,190,190,190,190,894,0,6,32.042485749181274,1.4844159595668316,1255.3403790807351,33.05816554809844
1774611711,10,GET,/api/audio/levels,16.600000,0.000000,11,21,46,96,170,210,1200,1200,1200,1200,1200,895,0,9,56.28321422420068,1.562951016239822,1303.7440769840032,77.06703910614524
1774611711,10,GET,/api/audio/levels (during plugin swap),4.600000,0.000000,10,14,23,60,160,200,210,210,210,210,210,230,0,12,57.48441386512359,1.5664570964872837,1168.665161007084,77.57826086956521
1774611711,10,GET,/api/audio/levels/plugins,4.600000,0.000000,5,12,14,19,20,83,140,140,140,140,140,230,0,7,14.575503449684575,1.5116749564185739,185.66059996373951,20.5
1774611711,10,GET,/api/audio/status,13.700000,0.000000,6,9,14,15,22,130,150,160,180,180,180,688,0,6,16.373512368963294,1.54499604832381,1255.1859950181097,303.0755813953488
1774611711,10,GET,/api/chains/,0.000000,0.000000,0,0,0,0,0,0,0,0,0,0,0,38,0,14,110.45368132181466,2.1058329148218036,1138.814538018778,1478.2105263157894
1774611711,10,GET,/api/chains/{id},13.800000,0.000000,8,21,79,100,150,190,1100,1200,1200,1200,1200,692,0,10,65.85784181107961,1.9258959218859673,1272.108756005764,808.1589595375723
1774611711,10,POST,/api/chains/{id}/activate,13.700000,0.000000,10,19,23,26,130,150,160,180,190,190,190,690,0,10,28.37239585806737,1.8289610743522644,1220.0732530327514,54.60144927536232
1774611711,10,POST,/api/chains/{id}/deactivate,13.700000,0.000000,6,11,13,15,22,110,160,180,200,200,200,688,0,6,12.142849424826847,1.815662020817399,259.7760569769889,60.90988372093023
1774611711,10,POST,/api/plugins/batch/parameters (500 updates),8.900000,0.000000,17,30,81,100,150,240,1100,1200,1200,1200,1200,424,0,16,75.2311618795469,5.4575459798797965,1331.9628909230232,941.3679245283018
1774611711,10,GET,/api/plugins/discover,0.000000,0.000000,0,0,0,0,0,0,0,0,0,0,0,38,0,30,41.11979592064591,12.800152064301074,136.8569090263918,89708.0
1774611711,10,GET,/api/plugins/list,0.000000,0.000000,0,0,0,0,0,0,0,0,0,0,0,38,0,12,35.27372184295305,1.5819809632375836,207.0125739555806,81.21052631578948
1774611711,10,POST,/api/plugins/load?uri,4.600000,0.000000,7,16,22,23,160,180,180,180,180,180,180,230,0,8,31.2528566361162,1.9111719448119402,1210.5695590144023,2394.6173913043476
1774611711,10,POST,/api/plugins/unload?uri,4.600000,0.000000,4,10,11,14,19,99,110,110,110,110,110,230,0,6,13.662947603987288,1.7495140200480819,210.17301501706243,127.29130434782608
1774611711,10,,Aggregated,115.400000,0.000000,8,14,21,25,120,160,200,1100,1200,1200,1200,6005,0,9,38.25011119728429,1.4844159595668316,1331.9628909230232,901.8769358867611
1774611712,10,GET,/api/audio/latency,17.100000,0.000000,6,10,18,20,28,140,150,160,170,170,170,918,0,6,31.424393305582377,1.4844159595668316,1255.3403790807351,33.05664488017429
1774611712,10,GET,/api/audio/levels,16.800000,0.000000,11,18,32,76,140,200,1200,1200,1200,1200,1200,918,0,9,55.15088800841553,1.562951016239822,1303.7440769840032,77.05010893246187
1774611712,10,GET,/api/audio/levels (during plugin swap),4.500000,0.000000,10,17,55,60,160,200,210,210,210,210,210,233,0,12,57.03978084953094,1.5664570964872837,1168.665161007084,77.57510729613733
1774611712,10,GET,/api/audio/levels/plugins,4.500000,0.000000,7,12,14,15,19,83,140,140,140,140,140,233,0,7,14.546957885738575,1.5116749564185739,185.66059996373951,20.527896995708154
1774611712,10,GET,/api/audio/status,13.600000,0.000000,7,11,15,17,30,130,150,160,180,180,180,708,0,6,16.356199163230567,1.54499604832381,1255.1859950181097,303.0734463276836
1774611712,10,GET,/api/chains/,0.000000,0.000000,0,0,0,0,0,0,0,0,0,0,0,38,0,14,110.45368132181466,2.1058329148218036,1138.814538018778,1478.2105263157894
1774611712,10,GET,/api/chains/{id},13.200000,0.000000,10,22,79,100,150,190,1100,1200,1200,1200,1200,708,0,10,64.73766665298645,1.9258959218859673,1272.108756005764,808.4039548022599
1774611712,10,POST,/api/chains/{id}/activate,13.600000,0.000000,10,19,22,26,36,150,150,160,180,180,180,708,0,10,27.917063672202087,1.8289610743522644,1220.0732530327514,54.597457627118644
1774611712,10,POST,/api/chains/{id}/deactivate,13.600000,0.000000,6,11,13,16,22,110,160,180,200,200,200,708,0,6,12.014507933646062,1.815662020817399,259.7760569769889,60.940677966101696
1774611712,10,POST,/api/plugins/batch/parameters (500 updates),8.900000,0.000000,18,36,92,100,190,240,1100,1200,1200,1200,1200,435,0,17,75.16233714741665,5.4575459798797965,1331.9628909230232,941.8919540229886
1774611712,10,GET,/api/plugins/discover,0.000000,0.000000,0,0,0,0,0,0,0,0,0,0,0,38,0,30,41.11979592064591,12.800152064301074,136.8569090263918,89708.0
1774611712,10,GET,/api/plugins/list,0.000000,0.000000,0,0,0,0,0,0,0,0,0,0,0,38,0,12,35.27372184295305,1.5819809632375836,207.0125739555806,81.21052631578948
1774611712,10,POST,/api/plugins/load?uri,4.500000,0.000000,7,14,19,22,25,160,180,180,180,180,180,233,0,9,30.99761837084134,1.9111719448119402,1210.5695590144023,2393.321888412017
1774611712,10,POST,/api/plugins/unload?uri,4.500000,0.000000,5,11,12,13,19,99,110,110,110,110,110,233,0,6,13.5882031282434,1.7495140200480819,210.17301501706243,127.36051502145922
1774611712,10,,Aggregated,114.800000,0.000000,9,14,21,25,110,160,210,1100,1200,1200,1200,6149,0,9,37.733962384135424,1.4844159595668316,1331.9628909230232,887.6023743698162
1774611713,10,GET,/api/audio/latency,14.500000,0.000000,6,11,18,20,28,140,150,160,170,170,170,924,0,6,31.383312971142697,1.4844159595668316,1255.3403790807351,33.056277056277054
1774611713,10,GET,/api/audio/levels,14.700000,0.000000,11,17,38,85,150,200,1200,1200,1200,1200,1200,928,0,9,55.39311484432707,1.562951016239822,1303.7440769840032,77.10452586206897
1774611713,10,GET,/api/audio/levels (during plugin swap),3.900000,0.000000,13,23,60,61,160,200,210,210,210,210,210,236,0,12,57.125044465696405,1.5664570964872837,1168.665161007084,77.62711864406779
1774611713,10,GET,/api/audio/levels/plugins,3.900000,0.000000,8,12,15,19,26,100,140,140,140,140,140,235,0,8,15.299904954798045,1.5116749564185739,185.66059996373951,20.582978723404256
1774611713,10,GET,/api/audio/status,12.400000,0.000000,6,11,15,17,24,100,120,160,180,180,180,718,0,6,16.656268975784364,1.54499604832381,1255.1859950181097,303.0724233983287
1774611713,10,GET,/api/chains/,0.000000,0.000000,0,0,0,0,0,0,0,0,0,0,0,38,0,14,110.45368132181466,2.1058329148218036,1138.814538018778,1478.2105263157894
1774611713,10,GET,/api/chains/{id},12.600000,0.000000,10,22,80,98,150,210,1100,1200,1200,1200,1200,719,0,10,64.77756856555982,1.9258959218859673,1272.108756005764,809.009735744089
1774611713,10,POST,/api/chains/{id}/activate,12.400000,0.000000,11,19,23,26,130,150,170,180,180,180,180,718,0,10,28.38465778519008,1.8289610743522644,1220.0732530327514,54.56824512534819
1774611713,10,POST,/api/chains/{id}/deactivate,12.400000,0.000000,6,9,13,18,21,110,160,180,200,200,200,718,0,6,11.978358987421784,1.815662020817399,259.7760569769889,60.95543175487465
1774611713,10,POST,/api/plugins/batch/parameters (500 updates),8.200000,0.000000,20,38,92,100,210,250,1100,1200,1200,1200,1200,442,0,17,74.98186395732198,5.4575459798797965,1331.9628909230232,941.4321266968326
1774611713,10,GET,/api/plugins/discover,0.000000,0.000000,0,0,0,0,0,0,0,0,0,0,0,38,0,30,41.11979592064591,12.800152064301074,136.8569090263918,89708.0
1774611713,10,GET,/api/plugins/list,0.000000,0.000000,0,0,0,0,0,0,0,0,0,0,0,38,0,12,35.27372184295305,1.5819809632375836,207.0125739555806,81.21052631578948
1774611713,10,POST,/api/plugins/load?uri,3.900000,0.000000,9,16,22,23,76,160,180,180,180,180,180,235,0,9,31.37569777182046,1.9111719448119402,1210.5695590144023,2387.285106382979
1774611713,10,POST,/api/plugins/unload?uri,3.900000,0.000000,6,11,13,14,19,19,99,99,99,99,99,235,0,6,13.62973392267335,1.7495140200480819,210.17301501706243,127.43829787234043
1774611713,10,,Aggregated,102.800000,0.000000,9,14,21,26,110,160,210,1100,1200,1200,1200,6222,0,9,37.899928120817634,1.4844159595668316,1331.9628909230232,881.1827386692382
1774611714,10,GET,/api/audio/latency,16.000000,0.000000,6,10,17,20,35,150,180,180,180,180,180,946,0,6,31.568293655502863,1.4844159595668316,1255.3403790807351,33.05496828752643
1774611714,10,GET,/api/audio/levels,15.700000,0.000000,10,17,32,89,150,200,1200,1200,1200,1200,1200,947,0,9,54.824871225838194,1.562951016239822,1303.7440769840032,77.10454065469905
1774611714,10,GET,/api/audio/levels (during plugin swap),3.600000,0.000000,13,23,60,100,160,170,210,210,210,210,210,241,0,12,56.5703738788993,1.5664570964872837,1168.665161007084,77.6390041493776
1774611714,10,GET,/api/audio/levels/plugins,3.800000,0.000000,8,12,15,18,100,100,140,140,140,140,140,241,0,8,15.15367236645328,1.5116749564185739,185.66059996373951,20.526970954356848
1774611714,10,GET,/api/audio/status,13.100000,0.000000,7,10,14,16,22,100,120,160,180,180,180,737,0,6,16.475560441025593,1.54499604832381,1255.1859950181097,303.0705563093623
1774611714,10,GET,/api/chains/,0.000000,0.000000,0,0,0,0,0,0,0,0,0,0,0,38,0,14,110.45368132181466,2.1058329148218036,1138.814538018778,1478.2105263157894
1774611714,10,GET,/api/chains/{id},13.000000,0.000000,8,16,71,94,150,210,1100,1200,1200,1200,1200,737,0,10,63.657284010577,1.9258959218859673,1272.108756005764,808.7462686567164
1774611714,10,POST,/api/chains/{id}/activate,13.100000,0.000000,11,17,22,23,70,150,170,180,180,180,180,737,0,10,28.015344180173038,1.8289610743522644,1220.0732530327514,54.57259158751696
1774611714,10,POST,/api/chains/{id}/deactivate,13.100000,0.000000,6,9,12,13,20,110,160,180,200,200,200,737,0,6,11.83823108694578,1.815662020817399,259.7760569769889,60.98236092265943
1774611714,10,POST,/api/plugins/batch/parameters (500 updates),8.500000,0.000000,20,56,100,110,220,250,1100,1200,1200,1200,1200,452,0,16,74.58381429706098,5.4575459798797965,1331.9628909230232,941.7146017699115
1774611714,10,GET,/api/plugins/discover,0.000000,0.000000,0,0,0,0,0,0,0,0,0,0,0,38,0,30,41.11979592064591,12.800152064301074,136.8569090263918,89708.0
1774611714,10,GET,/api/plugins/list,0.000000,0.000000,0,0,0,0,0,0,0,0,0,0,0,38,0,12,35.27372184295305,1.5819809632375836,207.0125739555806,81.21052631578948
1774611714,10,POST,/api/plugins/load?uri,3.800000,0.000000,9,16,21,22,160,180,190,190,190,190,190,241,0,9,31.63429978207001,1.9111719448119402,1210.5695590144023,2430.116182572614
1774611714,10,POST,/api/plugins/unload?uri,3.800000,0.000000,6,11,11,13,18,19,19,19,19,19,19,241,0,6,13.502753837250513,1.7495140200480819,210.17301501706243,127.54771784232365
1774611714,10,,Aggregated,107.500000,0.000000,8,13,19,23,110,170,210,1100,1200,1200,1200,6371,0,9,37.54329820696526,1.4844159595668316,1331.9628909230232,869.9941924344687
1774611715,10,GET,/api/audio/latency,14.600000,0.000000,6,11,18,20,71,150,180,180,180,180,180,957,0,6,31.714076819428698,1.4844159595668316,1255.3403790807351,33.05433646812957
1774611715,10,GET,/api/audio/levels,15.000000,0.000000,11,17,32,82,150,200,1200,1200,1200,1200,1200,959,0,9,54.71756167338852,1.562951016239822,1303.7440769840032,77.05318039624609
1774611715,10,GET,/api/audio/levels (during plugin swap),3.400000,0.000000,13,46,61,100,150,190,210,210,210,210,210,248,0,12,57.20453558352611,1.5664570964872837,1168.665161007084,77.71774193548387
1774611715,10,GET,/api/audio/levels/plugins,3.300000,0.000000,6,12,15,17,26,100,100,100,100,100,100,246,0,7,15.3270522492173,1.5116749564185739,185.66059996373951,20.60569105691057
1774611715,10,GET,/api/audio/status,12.500000,0.000000,6,10,14,16,22,100,120,160,180,180,180,747,0,6,16.31300480053866,1.54499604832381,1255.1859950181097,303.06961178045515
1774611715,10,GET,/api/chains/,0.000000,0.000000,0,0,0,0,0,0,0,0,0,0,0,38,0,14,110.45368132181466,2.1058329148218036,1138.814538018778,1478.2105263157894
1774611715,10,GET,/api/chains/{id},12.500000,0.000000,10,19,71,94,160,210,1100,1200,1200,1200,1200,751,0,10,63.72665954191367,1.9258959218859673,1272.108756005764,808.2636484687084
1774611715,10,POST,/api/chains/{id}/activate,12.500000,0.000000,10,16,22,24,73,150,170,180,310,310,310,749,0,10,28.282951204092534,1.8289610743522644,1220.0732530327514,54.55941255006675
1774611715,10,POST,/api/chains/{id}/deactivate,12.500000,0.000000,6,8,11,12,19,110,160,180,200,200,200,747,0,6,11.931702281426952,1.815662020817399,259.7760569769889,60.99598393574297
1774611715,10,POST,/api/plugins/batch/parameters (500 updates),8.400000,0.000000,19,36,92,100,220,250,1100,1200,1200,1200,1200,461,0,17,73.98631772780973,5.4575459798797965,1331.9628909230232,942.3622559652929
1774611715,10,GET,/api/plugins/discover,0.000000,0.000000,0,0,0,0,0,0,0,0,0,0,0,38,0,30,41.11979592064591,12.800152064301074,136.8569090263918,89708.0
1774611715,10,GET,/api/plugins/list,0.000000,0.000000,0,0,0,0,0,0,0,0,0,0,0,38,0,12,35.27372184295305,1.5819809632375836,207.0125739555806,81.21052631578948
1774611715,10,POST,/api/plugins/load?uri,3.300000,0.000000,13,16,22,22,130,180,190,190,190,190,190,247,0,9,31.544092227704823,1.9111719448119402,1210.5695590144023,2424.0283400809717
1774611715,10,POST,/api/plugins/unload?uri,3.300000,0.000000,8,11,13,13,18,19,200,200,200,200,200,246,0,6,14.222524369256647,1.7495140200480819,210.17301501706243,127.46747967479675
1774611715,10,,Aggregated,101.300000,0.000000,8,13,19,23,120,170,210,1100,1200,1200,1200,6472,0,9,37.611427473719374,1.4844159595668316,1331.9628909230232,862.5434177997528
1774611716,10,GET,/api/audio/latency,15.100000,0.000000,6,10,17,20,35,150,180,180,180,180,180,981,0,6,31.146792117715126,1.4844159595668316,1255.3403790807351,33.053007135575946
1774611716,10,GET,/api/audio/levels,15.100000,0.000000,10,14,32,76,150,200,1200,1200,1200,1200,1200,981,0,9,53.78146448374843,1.562951016239822,1303.7440769840032,77.04179408766565
1774611716,10,GET,/api/audio/levels (during plugin swap),3.600000,0.000000,10,20,55,63,120,190,210,210,210,210,210,255,0,12,56.007260527443506,1.5664570964872837,1168.665161007084,77.69019607843137
1774611716,10,GET,/api/audio/levels/plugins,3.700000,0.000000,5,11,16,18,26,100,100,100,100,100,100,255,0,7,15.072567123171016,1.5116749564185739,185.66059996373951,20.576470588235296
1774611716,10,GET,/api/audio/status,13.400000,0.000000,6,10,14,16,23,100,120,160,180,180,180,761,0,6,16.19302599740419,1.54499604832381,1255.1859950181097,303.06833114323257
1774611716,10,GET,/api/chains/,0.000000,0.000000,0,0,0,0,0,0,0,0,0,0,0,38,0,14,110.45368132181466,2.1058329148218036,1138.814538018778,1478.2105263157894
1774611716,10,GET,/api/chains/{id},13.200000,0.000000,11,21,80,100,170,220,1100,1200,1200,1200,1200,761,0,10,63.215011044230394,1.9258959218859673,1272.108756005764,808.491458607096
1774611716,10,POST,/api/chains/{id}/activate,13.400000,0.000000,10,16,23,24,70,150,170,180,310,310,310,761,0,10,27.99085592903055,1.8289610743522644,1220.0732530327514,54.54664914586071
1774611716,10,POST,/api/chains/{id}/deactivate,13.400000,0.000000,7,9,12,13,20,110,160,180,200,200,200,761,0,6,11.889567135639842,1.815662020817399,259.7760569769889,61.01445466491459
1774611716,10,POST,/api/plugins/batch/parameters (500 updates),8.800000,0.000000,14,35,70,92,210,250,1100,1200,1200,1200,1200,472,0,16,72.70491735859758,5.4575459798797965,1331.9628909230232,942.7478813559322
1774611716,10,GET,/api/plugins/discover,0.000000,0.000000,0,0,0,0,0,0,0,0,0,0,0,38,0,30,41.11979592064591,12.800152064301074,136.8569090263918,89708.0
1774611716,10,GET,/api/plugins/list,0.000000,0.000000,0,0,0,0,0,0,0,0,0,0,0,38,0,12,35.27372184295305,1.5819809632375836,207.0125739555806,81.21052631578948
1774611716,10,POST,/api/plugins/load?uri,3.700000,0.000000,9,15,21,22,75,130,190,190,190,190,190,255,0,9,30.863524601319988,1.9111719448119402,1210.5695590144023,2432.3686274509805
1774611716,10,POST,/api/plugins/unload?uri,3.700000,0.000000,5,10,13,15,18,20,200,200,200,200,200,254,0,6,13.985866338370265,1.7495140200480819,210.17301501706243,127.69291338582677
1774611716,10,,Aggregated,107.100000,0.000000,8,13,19,23,100,160,210,1100,1200,1200,1200,6611,0,9,37.068222250737705,1.4844159595668316,1331.9628909230232,852.0234457721979
1774611717,10,GET,/api/audio/latency,15.100000,0.000000,6,10,20,21,51,150,180,180,180,180,180,1000,0,6,30.91636877169367,1.4844159595668316,1255.3403790807351,33.052
1774611717,10,GET,/api/audio/levels,15.100000,0.000000,10,14,53,79,150,190,1200,1200,1200,1200,1200,1000,0,9,53.539528395514935,1.562951016239822,1303.7440769840032,77.056
1774611717,10,GET,/api/audio/levels (during plugin swap),3.600000,0.000000,13,55,100,110,140,190,210,210,210,210,210,258,0,12,56.41922400226499,1.5664570964872837,1168.665161007084,77.73643410852713
1774611717,10,GET,/api/audio/levels/plugins,3.700000,0.000000,6,15,18,18,100,100,130,130,130,130,130,257,0,7,15.482656565741255,1.5116749564185739,185.66059996373951,20.626459143968873
1774611717,10,GET,/api/audio/status,13.400000,0.000000,5,10,15,17,24,34,100,110,120,120,120,770,0,6,16.22371236376416,1.54499604832381,1255.1859950181097,303.0675324675325
1774611717,10,GET,/api/chains/,0.000000,0.000000,0,0,0,0,0,0,0,0,0,0,0,38,0,14,110.45368132181466,2.1058329148218036,1138.814538018778,1478.2105263157894
1774611717,10,GET,/api/chains/{id},13.200000,0.000000,11,30,82,100,170,220,1100,1200,1200,1200,1200,771,0,10,63.13088691800026,1.9258959218859673,1272.108756005764,808.4850843060959
1774611717,10,POST,/api/chains/{id}/activate,13.400000,0.000000,8,17,23,24,130,150,170,180,310,310,310,770,0,10,28.053199172521904,1.8289610743522644,1220.0732530327514,54.54545454545455
1774611717,10,POST,/api/chains/{id}/deactivate,13.400000,0.000000,6,9,11,12,19,21,110,110,150,150,150,770,0,6,11.83251052998103,1.815662020817399,259.7760569769889,61.02597402597402
1774611717,10,POST,/api/plugins/batch/parameters (500 updates),8.800000,0.000000,15,36,76,92,210,250,1100,1200,1200,1200,1200,475,0,16,72.6957193646874,5.4575459798797965,1331.9628909230232,942.7831578947369
1774611717,10,GET,/api/plugins/discover,0.000000,0.000000,0,0,0,0,0,0,0,0,0,0,0,38,0,30,41.11979592064591,12.800152064301074,136.8569090263918,89708.0
1774611717,10,GET,/api/plugins/list,0.000000,0.000000,0,0,0,0,0,0,0,0,0,0,0,38,0,12,35.27372184295305,1.5819809632375836,207.0125739555806,81.21052631578948
1774611717,10,POST,/api/plugins/load?uri,3.700000,0.000000,13,19,22,22,75,130,190,190,190,190,190,257,0,9,30.83274889998283,1.9111719448119402,1210.5695590144023,2455.1673151750974
1774611717,10,POST,/api/plugins/unload?uri,3.700000,0.000000,8,11,15,16,19,35,200,200,200,200,200,257,0,6,14.02624205827481,1.7495140200480819,210.17301501706243,127.88326848249027
1774611717,10,,Aggregated,107.100000,0.000000,8,14,21,30,110,150,210,1100,1200,1200,1200,6699,0,9,37.02473345898444,1.4844159595668316,1331.9628909230232,845.0495596357665
1774611718,10,GET,/api/audio/latency,15.400000,0.000000,5,10,20,23,50,140,180,180,180,180,180,1021,0,6,30.503453873257527,1.4844159595668316,1255.3403790807351,33.05093046033301
1774611718,10,GET,/api/audio/levels,15.200000,0.000000,10,14,25,69,140,160,1200,1200,1200,1200,1200,1021,0,9,53.20278947272618,1.562951016239822,1303.7440769840032,76.99804113614104
1774611718,10,GET,/api/audio/levels (during plugin swap),3.700000,0.000000,10,34,63,110,150,190,210,210,210,210,210,265,0,12,55.64866368131677,1.5664570964872837,1168.665161007084,77.70943396226416
1774611718,10,GET,/api/audio/levels/plugins,3.900000,0.000000,5,11,17,18,100,100,130,130,130,130,130,265,0,7,15.22285284316343,1.5116749564185739,185.66059996373951,20.57358490566038
1774611718,10,GET,/api/audio/status,13.100000,0.000000,6,10,16,17,24,34,100,110,120,120,120,784,0,6,16.077499060086165,1.54499604832381,1255.1859950181097,303.06632653061223
1774611718,10,GET,/api/chains/,0.000000,0.000000,0,0,0,0,0,0,0,0,0,0,0,38,0,14,110.45368132181466,2.1058329148218036,1138.814538018778,1478.2105263157894
1774611718,10,GET,/api/chains/{id},13.000000,0.000000,12,32,84,110,170,220,1100,1200,1200,1200,1200,784,0,10,62.706833661947286,1.9258959218859673,1272.108756005764,808.3647959183673
1774611718,10,POST,/api/chains/{id}/activate,13.100000,0.000000,10,20,23,24,73,150,170,180,310,310,310,784,0,10,27.948026196099818,1.8289610743522644,1220.0732530327514,54.515306122448976
1774611718,10,POST,/api/chains/{id}/deactivate,13.100000,0.000000,6,9,11,12,19,26,110,110,150,150,150,784,0,6,11.782950227806934,1.815662020817399,259.7760569769889,61.04336734693877
1774611718,10,POST,/api/plugins/batch/parameters (500 updates),8.100000,0.000000,15,31,40,76,170,250,1100,1200,1200,1200,1200,491,0,16,71.13952017313366,5.4575459798797965,1331.9628909230232,943.3890020366599
1774611718,10,GET,/api/plugins/discover,0.000000,0.000000,0,0,0,0,0,0,0,0,0,0,0,38,0,30,41.11979592064591,12.800152064301074,136.8569090263918,89708.0
1774611718,10,GET,/api/plugins/list,0.000000,0.000000,0,0,0,0,0,0,0,0,0,0,0,38,0,12,35.27372184295305,1.5819809632375836,207.0125739555806,81.21052631578948
1774611718,10,POST,/api/plugins/load?uri,3.900000,0.000000,8,16,22,22,76,140,190,190,190,190,190,265,0,8,30.596104831838947,1.9111719448119402,1210.5695590144023,2440.6
1774611718,10,POST,/api/plugins/unload?uri,3.900000,0.000000,7,10,15,18,21,35,200,200,200,200,200,265,0,6,13.878034245011941,1.7495140200480819,210.17301501706243,127.70188679245283
1774611718,10,,Aggregated,106.400000,0.000000,8,15,21,27,110,150,200,1100,1200,1200,1200,6843,0,9,36.67636614515177,1.4844159595668316,1331.9628909230232,834.769983925179
1774611719,10,GET,/api/audio/latency,15.400000,0.000000,6,15,20,24,50,140,180,180,180,180,180,1034,0,6,30.408441748067457,1.4844159595668316,1255.3403790807351,33.050290135396516
1774611719,10,GET,/api/audio/levels,15.200000,0.000000,11,17,54,79,150,160,1200,1200,1200,1200,1200,1034,0,9,53.1935318816963,1.562951016239822,1303.7440769840032,77.02321083172147
1774611719,10,GET,/api/audio/levels (during plugin swap),3.700000,0.000000,10,34,63,100,130,150,190,190,190,190,190,273,0,11,54.984446569779145,1.5664570964872837,1168.665161007084,77.66666666666667
1774611719,10,GET,/api/audio/levels/plugins,3.900000,0.000000,5,11,18,18,100,100,160,160,160,160,160,273,0,7,15.519830209353168,1.5116749564185739,185.66059996373951,20.476190476190474
1774611719,10,GET,/api/audio/status,13.100000,0.000000,7,10,16,17,24,34,100,110,120,120,120,793,0,6,15.99635930645572,1.54499604832381,1255.1859950181097,303.0655737704918
1774611719,10,GET,/api/chains/,0.000000,0.000000,0,0,0,0,0,0,0,0,0,0,0,38,0,14,110.45368132181466,2.1058329148218036,1138.814538018778,1478.2105263157894
1774611719,10,GET,/api/chains/{id},13.000000,0.000000,16,70,91,110,170,220,1100,1200,1200,1200,1200,794,0,11,62.723429336227824,1.9258959218859673,1272.108756005764,808.5818639798489
1774611719,10,POST,/api/chains/{id}/activate,13.100000,0.000000,12,22,23,32,73,150,170,180,310,310,310,793,0,10,27.872154767646173,1.8289610743522644,1220.0732530327514,54.45145018915511
1774611719,10,POST,/api/chains/{id}/deactivate,13.100000,0.000000,6,10,12,15,19,36,110,150,190,190,190,793,0,6,11.992552100262671,1.815662020817399,259.7760569769889,61.05422446406053
1774611719,10,POST,/api/plugins/batch/parameters (500 updates),8.100000,0.000000,19,35,70,86,170,250,1100,1200,1200,1200,1200,496,0,16,71.22185508623878,5.4575459798797965,1331.9628909230232,943.8951612903226
1774611719,10,GET,/api/plugins/discover,0.000000,0.000000,0,0,0,0,0,0,0,0,0,0,0,38,0,30,41.11979592064591,12.800152064301074,136.8569090263918,89708.0
1774611719,10,GET,/api/plugins/list,0.000000,0.000000,0,0,0,0,0,0,0,0,0,0,0,38,0,12,35.27372184295305,1.5819809632375836,207.0125739555806,81.21052631578948
1774611719,10,POST,/api/plugins/load?uri,3.900000,0.000000,8,18,22,22,75,130,190,190,190,190,190,273,0,8,30.03297606056672,1.9111719448119402,1210.5695590144023,2436.7289377289376
1774611719,10,POST,/api/plugins/unload?uri,3.900000,0.000000,8,11,15,17,20,29,200,200,200,200,200,273,0,6,13.661099710815582,1.7495140200480819,210.17301501706243,127.73626373626374
1774611719,10,,Aggregated,106.400000,0.000000,9,16,22,31,110,150,200,1100,1200,1200,1200,6943,0,9,36.60478943349018,1.4844159595668316,1331.9628909230232,828.313841278986
1774611720,10,GET,/api/audio/latency,16.200000,0.000000,6,14,20,22,50,140,170,180,180,180,180,1054,0,6,30.06438390626634,1.4844159595668316,1255.3403790807351,33.04933586337761
1774611720,10,GET,/api/audio/levels,16.200000,0.000000,10,14,31,70,140,160,200,230,240,240,240,1054,0,9,53.25186250053622,1.562951016239822,1303.7440769840032,77.03320683111954
1774611720,10,GET,/api/audio/levels (during plugin swap),3.700000,0.000000,9,18,61,84,130,150,190,190,190,190,190,278,0,11,54.0952664232987,1.5664570964872837,1168.665161007084,77.62949640287769
1774611720,10,GET,/api/audio/levels/plugins,3.700000,0.000000,5,11,18,18,100,100,160,160,160,160,160,278,0,7,15.406695921091268,1.5116749564185739,185.66059996373951,20.406474820143885
1774611720,10,GET,/api/audio/status,12.100000,0.000000,6,10,15,17,24,34,100,110,120,120,120,806,0,6,15.875857812756898,1.54499604832381,1255.1859950181097,303.06451612903226
1774611720,10,GET,/api/chains/,0.000000,0.000000,0,0,0,0,0,0,0,0,0,0,0,38,0,14,110.45368132181466,2.1058329148218036,1138.814538018778,1478.2105263157894
1774611720,10,GET,/api/chains/{id},12.200000,0.000000,12,27,78,91,130,170,210,220,250,250,250,807,0,11,62.42058523053527,1.9258959218859673,1272.108756005764,808.8996282527881
1774611720,10,POST,/api/chains/{id}/activate,12.100000,0.000000,10,19,23,24,68,140,170,180,310,310,310,807,0,10,27.78235677144429,1.8289610743522644,1220.0732530327514,54.42379182156134
1774611720,10,POST,/api/chains/{id}/deactivate,12.100000,0.000000,6,9,11,14,19,20,36,150,190,190,190,806,0,6,11.919266947547422,1.815662020817399,259.7760569769889,61.069478908188586
1774611720,10,POST,/api/plugins/batch/parameters (500 updates),8.300000,0.000000,16,32,43,77,160,220,260,260,260,260,260,508,0,16,70.87514942074671,5.4575459798797965,1331.9628909230232,943.3858267716536
1774611720,10,GET,/api/plugins/discover,0.000000,0.000000,0,0,0,0,0,0,0,0,0,0,0,38,0,30,41.11979592064591,12.800152064301074,136.8569090263918,89708.0
1774611720,10,GET,/api/plugins/list,0.000000,0.000000,0,0,0,0,0,0,0,0,0,0,0,38,0,12,35.27372184295305,1.5819809632375836,207.0125739555806,81.21052631578948
1774611720,10,POST,/api/plugins/load?uri,3.700000,0.000000,8,15,21,22,75,130,190,190,190,190,190,278,0,8,29.623294293146795,1.9111719448119402,1210.5695590144023,2425.428057553957
1774611720,10,POST,/api/plugins/unload?uri,3.700000,0.000000,8,11,15,17,21,29,200,200,200,200,200,278,0,6,13.597242377544317,1.7495140200480819,210.17301501706243,127.70143884892086
1774611720,10,,Aggregated,104.000000,0.000000,9,15,20,24,98,150,180,220,260,310,310,7068,0,9,36.425239482505695,1.4844159595668316,1331.9628909230232,819.2765987549519
1774611721,10,GET,/api/audio/latency,16.200000,0.000000,7,14,20,22,50,130,180,180,180,180,180,1059,0,6,29.951720920851326,1.4844159595668316,1255.3403790807351,33.049102927289894
1774611721,10,GET,/api/audio/levels,16.200000,0.000000,11,16,33,79,140,150,210,230,240,240,240,1059,0,9,53.039909360228535,1.562951016239822,1303.7440769840032,77.03871576959396
1774611721,10,GET,/api/audio/levels (during plugin swap),3.700000,0.000000,9,18,61,100,130,150,190,190,190,190,190,278,0,11,54.0952664232987,1.5664570964872837,1168.665161007084,77.62949640287769
1774611721,10,GET,/api/audio/levels/plugins,3.700000,0.000000,5,11,17,18,100,100,160,160,160,160,160,278,0,7,15.406695921091268,1.5116749564185739,185.66059996373951,20.406474820143885
1774611721,10,GET,/api/audio/status,12.100000,0.000000,6,10,13,17,22,30,100,100,110,110,110,810,0,6,15.841861065753081,1.54499604832381,1255.1859950181097,303.0641975308642
1774611721,10,GET,/api/chains/,0.000000,0.000000,0,0,0,0,0,0,0,0,0,0,0,38,0,14,110.45368132181466,2.1058329148218036,1138.814538018778,1478.2105263157894
1774611721,10,GET,/api/chains/{id},12.200000,0.000000,12,32,80,91,130,170,210,220,250,250,250,810,0,11,62.213564345779844,1.9258959218859673,1272.108756005764,808.7876543209876
1774611721,10,POST,/api/chains/{id}/activate,12.100000,0.000000,11,19,23,24,68,130,170,180,310,310,310,810,0,10,27.704381484705035,1.8289610743522644,1220.0732530327514,54.44444444444444
1774611721,10,POST,/api/chains/{id}/deactivate,12.100000,0.000000,6,9,11,12,18,20,36,150,190,190,190,810,0,6,11.880650167658143,1.815662020817399,259.7760569769889,61.074074074074076
1774611721,10,POST,/api/plugins/batch/parameters (500 updates),8.300000,0.000000,15,28,36,43,140,240,260,260,260,260,260,510,0,16,70.65991946432155,5.4575459798797965,1331.9628909230232,943.1274509803922
1774611721,10,GET,/api/plugins/discover,0.000000,0.000000,0,0,0,0,0,0,0,0,0,0,0,38,0,30,41.11979592064591,12.800152064301074,136.8569090263918,89708.0
1774611721,10,GET,/api/plugins/list,0.000000,0.000000,0,0,0,0,0,0,0,0,0,0,0,38,0,12,35.27372184295305,1.5819809632375836,207.0125739555806,81.21052631578948
1774611721,10,POST,/api/plugins/load?uri,3.700000,0.000000,7,15,21,22,75,130,190,190,190,190,190,278,0,8,29.623294293146795,1.9111719448119402,1210.5695590144023,2425.428057553957
1774611721,10,POST,/api/plugins/unload?uri,3.700000,0.000000,8,11,15,18,21,29,200,200,200,200,200,278,0,6,13.597242377544317,1.7495140200480819,210.17301501706243,127.70143884892086
1774611721,10,,Aggregated,104.000000,0.000000,9,15,20,24,98,150,180,220,310,310,310,7094,0,9,36.31949730866389,1.4844159595668316,1331.9628909230232,817.1601353256273
1774611722,0,GET,/api/audio/latency,15.400000,0.000000,7,16,20,24,50,150,180,180,180,180,180,1063,0,6,30.027243018067974,1.4844159595668316,1255.3403790807351,33.048918156161804
1774611722,0,GET,/api/audio/levels,15.400000,0.000000,11,16,33,79,150,210,1200,1200,1200,1200,1200,1063,0,9,57.19096035232657,1.562951016239822,1303.7440769840032,77.07243650047036
1774611722,0,GET,/api/audio/levels (during plugin swap),4.300000,0.000000,9,12,46,84,130,150,190,190,190,190,190,278,0,11,54.0952664232987,1.5664570964872837,1168.665161007084,77.62949640287769
1774611722,0,GET,/api/audio/levels/plugins,4.300000,0.000000,5,10,16,18,20,100,160,160,160,160,160,278,0,7,15.406695921091268,1.5116749564185739,185.66059996373951,20.406474820143885
1774611722,0,GET,/api/audio/status,11.500000,0.000000,5,9,12,16,20,27,34,110,110,110,110,810,0,6,15.841861065753081,1.54499604832381,1255.1859950181097,303.0641975308642
1774611722,0,GET,/api/chains/,0.000000,0.000000,0,0,0,0,0,0,0,0,0,0,0,38,0,14,110.45368132181466,2.1058329148218036,1138.814538018778,1478.2105263157894
1774611722,0,GET,/api/chains/{id},11.500000,0.000000,12,57,86,110,180,1200,1200,1200,1200,1200,1200,815,0,11,69.14276098918192,1.9258959218859673,1272.108756005764,808.8907975460123
1774611722,0,POST,/api/chains/{id}/activate,11.500000,0.000000,10,19,23,24,42,130,170,310,310,310,310,813,0,10,27.783248632966437,1.8289610743522644,1220.0732530327514,54.464944649446494
1774611722,0,POST,/api/chains/{id}/deactivate,11.500000,0.000000,5,9,11,12,18,21,150,190,190,190,190,810,0,6,11.880650167658143,1.815662020817399,259.7760569769889,61.074074074074076
1774611722,0,POST,/api/plugins/batch/parameters (500 updates),7.900000,0.000000,16,28,36,76,160,250,260,1200,1200,1200,1200,511,0,16,72.82486634416443,5.4575459798797965,1331.9628909230232,943.3072407045009
1774611722,0,GET,/api/plugins/discover,0.000000,0.000000,0,0,0,0,0,0,0,0,0,0,0,38,0,30,41.11979592064591,12.800152064301074,136.8569090263918,89708.0
1774611722,0,GET,/api/plugins/list,0.000000,0.000000,0,0,0,0,0,0,0,0,0,0,0,38,0,12,35.27372184295305,1.5819809632375836,207.0125739555806,81.21052631578948
1774611722,0,POST,/api/plugins/load?uri,4.300000,0.000000,7,14,20,22,24,130,190,190,190,190,190,278,0,8,29.623294293146795,1.9111719448119402,1210.5695590144023,2425.428057553957
1774611722,0,POST,/api/plugins/unload?uri,4.300000,0.000000,7,10,13,16,21,29,200,200,200,200,200,278,0,6,13.597242377544317,1.7495140200480819,210.17301501706243,127.70143884892086
1774611722,0,,Aggregated,101.900000,0.000000,9,15,20,24,98,150,230,1200,1200,1200,1200,7111,0,9,37.93529329487889,1.4844159595668316,1331.9628909230232,816.0248910139221
