Timestamp,User Count,Type,Name,Requests/s,Failures/s,50%,66%,75%,80%,90%,95%,98%,99%,99.9%,99.99%,100%,Total Request Count,Total Failure Count,Total Median Response Time,Total Average Response Time,Total Min Response Time,Total Max Response Time,Total Average Content Size
1772924117,0,,Aggregated,0.000000,0.000000,N/A,N/A,N/A,N/A,N/A,N/A,N/A,N/A,N/A,N/A,N/A,0,0,0,0.0,0,0,0
1772924118,2,GET,/api/audio/latency,0.000000,0.000000,0,0,0,0,0,0,0,0,0,0,0,2,0,1.352806000795681,1.76966400067613,1.352806000795681,2.186522000556579,33.0
1772924118,2,GET,/api/audio/levels,0.000000,0.000000,0,0,0,0,0,0,0,0,0,0,0,2,0,2.0649760008382145,7.304602999283816,2.0649760008382145,12.544229997729417,79.5
1772924118,2,GET,/api/audio/status,0.000000,0.000000,0,0,0,0,0,0,0,0,0,0,0,1,0,1.2733860021398868,1.2733860021398868,1.2733860021398868,1.2733860021398868,168.0
1772924118,2,GET,/api/chains/,0.000000,0.000000,0,0,0,0,0,0,0,0,0,0,0,2,0,813.7715880002361,814.0678250001656,813.7715880002361,814.3640620000951,1448.0
1772924118,2,GET,/api/chains/{id},0.000000,0.000000,0,0,0,0,0,0,0,0,0,0,0,1,0,16.81788100177073,16.81788100177073,16.81788100177073,16.81788100177073,669.0
1772924118,2,POST,/api/chains/{id}/activate,0.000000,0.000000,0,0,0,0,0,0,0,0,0,0,0,1,0,5.120406000060029,5.120406000060029,5.120406000060029,5.120406000060029,35.0
1772924118,2,POST,/api/chains/{id}/deactivate,0.000000,0.000000,0,0,0,0,0,0,0,0,0,0,0,1,0,1.2801379998563789,1.2801379998563789,1.2801379998563789,1.2801379998563789,62.0
1772924118,2,GET,/api/plugins/discover,0.000000,0.000000,0,0,0,0,0,0,0,0,0,0,0,2,0,31,33.65366900106892,30.762572001549415,36.544766000588425,85406.0
1772924118,2,GET,/api/plugins/list,0.000000,0.000000,0,0,0,0,0,0,0,0,0,0,0,2,0,4.478581999137532,4.837398499148549,4.478581999137532,5.196214999159565,23.0
1772924118,2,,Aggregated,0.000000,0.000000,0,0,0,0,0,0,0,0,0,0,0,14,0,5,124.83986642889379,1.2733860021398868,814.3640620000951,12493.785714285714
1772924119,4,GET,/api/audio/latency,0.000000,0.000000,0,0,0,0,0,0,0,0,0,0,0,13,0,1.0647989984136075,2.1891249223419718,1.0647989984136075,8.369962000870146,33.0
1772924119,4,GET,/api/audio/levels,0.000000,0.000000,0,0,0,0,0,0,0,0,0,0,0,13,0,5,7.889034077099775,1.1118080001324415,19.738818999030627,77.0
1772924119,4,GET,/api/audio/levels (during plugin swap),0.000000,0.000000,0,0,0,0,0,0,0,0,0,0,0,4,0,1.0868339995795395,9.914706750350888,1.0868339995795395,22.060786999645643,79.5
1772924119,4,GET,/api/audio/levels/plugins,0.000000,0.000000,0,0,0,0,0,0,0,0,0,0,0,4,0,1.0405009998066816,1.229194500410813,1.0405009998066816,1.43284400110133,20.5
1772924119,4,GET,/api/audio/status,0.000000,0.000000,0,0,0,0,0,0,0,0,0,0,0,8,0,2,7.040316249913303,1.2733860021398868,17.70545600084006,168.0
1772924119,4,GET,/api/chains/,0.000000,0.000000,0,0,0,0,0,0,0,0,0,0,0,8,0,4,208.11938762562932,1.515424002718646,814.3640620000951,1448.0
1772924119,4,GET,/api/chains/{id},0.000000,0.000000,0,0,0,0,0,0,0,0,0,0,0,8,0,2,5.373613875690353,1.3559100007114466,16.81788100177073,499.375
1772924119,4,POST,/api/chains/{id}/activate,0.000000,0.000000,0,0,0,0,0,0,0,0,0,0,0,8,0,4,5.804479250400618,1.2691209994954988,13.828357001330005,47.5
1772924119,4,POST,/api/chains/{id}/deactivate,0.000000,0.000000,0,0,0,0,0,0,0,0,0,0,0,8,0,2,3.813534499840898,1.2430459973984398,11.25092000074801,62.0
1772924119,4,GET,/api/plugins/discover,0.000000,0.000000,0,0,0,0,0,0,0,0,0,0,0,8,0,12,27.92417687442139,10.693403000914259,58.00965399976121,85406.0
1772924119,4,GET,/api/plugins/list,0.000000,0.000000,0,0,0,0,0,0,0,0,0,0,0,8,0,3,2.824275124567066,1.0982210005749948,5.196214999159565,23.0
1772924119,4,POST,/api/plugins/load?uri,0.000000,0.000000,0,0,0,0,0,0,0,0,0,0,0,4,0,2,1.7301219995715655,1.4116499987721909,2.2770950017729774,1596.5
1772924119,4,POST,/api/plugins/unload?uri,0.000000,0.000000,0,0,0,0,0,0,0,0,0,0,0,4,0,1.2274199980311096,1.2787380001100246,1.2274199980311096,1.3792120007565245,106.5
1772924119,4,,Aggregated,0.000000,0.000000,3,5,11,12,19,37,810,810,810,810,810,98,0,2,23.21250387753285,1.0405009998066816,814.3640620000951,7243.602040816327
1772924120,6,GET,/api/audio/latency,0.000000,0.000000,1,2,2,2,8,11,20,20,20,20,20,25,0,1.0647989984136075,2.9721802394487895,1.0647989984136075,20.11158199820784,33.0
1772924120,6,GET,/api/audio/levels,0.000000,0.000000,4,12,13,13,19,19,20,20,20,20,20,25,0,4,7.224666240363149,1.1118080001324415,19.738818999030627,76.64
1772924120,6,GET,/api/audio/levels (during plugin swap),0.000000,0.000000,0,0,0,0,0,0,0,0,0,0,0,10,0,11,20.08294720071717,1.0868339995795395,68.55303700285731,76.9
1772924120,6,GET,/api/audio/levels/plugins,0.000000,0.000000,0,0,0,0,0,0,0,0,0,0,0,10,0,1.0405009998066816,7.749114300531801,1.0405009998066816,40.08671200062963,20.5
1772924120,6,GET,/api/audio/status,0.000000,0.000000,7,14,15,15,18,23,23,23,23,23,23,17,0,4,7.524443235417814,1.0381230022176169,22.582198998861713,168.0
1772924120,6,GET,/api/chains/,0.000000,0.000000,10,11,15,22,22,37,37,37,37,37,37,18,0,5,99.02154244486559,1.4291560000856407,814.3640620000951,1448.0
1772924120,6,GET,/api/chains/{id},0.000000,0.000000,5,9,13,16,20,27,27,27,27,27,27,18,0,5,8.647591833626697,1.3559100007114466,26.951517997076735,527.6111111111111
1772924120,6,POST,/api/chains/{id}/activate,0.000000,0.000000,4,10,14,14,21,24,24,24,24,24,24,17,0,4,7.7931098241927375,1.2691209994954988,23.878681000496726,48.23529411764706
1772924120,6,POST,/api/chains/{id}/deactivate,0.000000,0.000000,2,3,11,11,16,75,75,75,75,75,75,17,0,2,8.42488864702104,1.1820580002677161,74.90994999898248,62.0
1772924120,6,GET,/api/plugins/discover,0.000000,0.000000,14,29,29,34,40,46,46,46,46,46,46,18,0,26,26.512176666680414,10.693403000914259,58.00965399976121,85406.0
1772924120,6,GET,/api/plugins/list,0.000000,0.000000,3,3,4,4,11,13,13,13,13,13,13,18,0,3,3.6824219443790045,1.0982210005749948,12.815750000299886,27.666666666666668
1772924120,6,POST,/api/plugins/load?uri,0.000000,0.000000,0,0,0,0,0,0,0,0,0,0,0,10,0,2,3.588823799873353,1.4116499987721909,10.488441999768838,2284.9
1772924120,6,POST,/api/plugins/unload?uri,0.000000,0.000000,0,0,0,0,0,0,0,0,0,0,0,10,0,1.2274199980311096,4.69547120083007,1.2274199980311096,14.252287000999786,108.5
1772924120,6,,Aggregated,0.000000,0.000000,3,10,13,14,22,37,66,75,810,810,810,213,0,3,16.43780952131216,1.0381230022176169,814.3640620000951,7538.713615023475
1772924121,8,GET,/api/audio/latency,1.000000,0.000000,2,2,2,5,13,14,28,28,28,28,28,43,0,2,4.0922652786025004,1.042392999806907,28.09831499689608,33.0
1772924121,8,GET,/api/audio/levels,1.000000,0.000000,4,10,12,13,19,19,21,21,21,21,21,43,0,4,7.213270186184673,1.0664779983926564,20.754714001668617,76.02325581395348
1772924121,8,GET,/api/audio/levels (during plugin swap),0.000000,0.000000,14,20,23,66,69,69,69,69,69,69,69,14,0,13,18.58527114304057,1.0868339995795395,68.55303700285731,77.64285714285714
1772924121,8,GET,/api/audio/levels/plugins,0.000000,0.000000,13,13,13,19,40,40,40,40,40,40,40,14,0,2,8.94966935733724,1.0405009998066816,40.08671200062963,21.428571428571427
1772924121,8,GET,/api/audio/status,0.500000,0.000000,3,8,14,15,21,23,26,26,26,26,26,27,0,2,7.00393440773176,1.0381230022176169,26.47774999786634,168.0
1772924121,8,GET,/api/chains/,2.000000,0.000000,5,11,12,14,22,22,37,37,37,37,37,27,0,5,68.23125696300175,1.4291560000856407,814.3640620000951,1448.0
1772924121,8,GET,/api/chains/{id},0.500000,0.000000,7,9,14,16,21,21,27,27,27,27,27,27,0,7,8.754147000285297,1.3559100007114466,26.951517997076735,511.9259259259259
1772924121,8,POST,/api/chains/{id}/activate,0.500000,0.000000,4,13,15,17,24,27,29,29,29,29,29,27,0,4,9.161999370849959,1.2403830005496275,29.08538699921337,48.888888888888886
1772924121,8,POST,/api/chains/{id}/deactivate,0.500000,0.000000,1,2,3,7,13,16,75,75,75,75,75,27,0,1.1816019978141412,5.999678296103849,1.1816019978141412,74.90994999898248,62.0
1772924121,8,POST,/api/plugins/batch/parameters (500 updates),0.000000,0.000000,0,0,0,0,0,0,0,0,0,0,0,7,0,4,11.52792471423579,3.398863998882007,33.778520999476314,823.2857142857143
1772924121,8,GET,/api/plugins/discover,2.000000,0.000000,14,26,29,29,40,46,49,49,49,49,49,27,0,25,24.79486525933478,10.693403000914259,58.00965399976121,85406.0
1772924121,8,GET,/api/plugins/list,2.000000,0.000000,3,4,7,9,13,29,43,43,43,43,43,27,0,3,6.181815925595368,1.087500000721775,43.401594997703796,31.85185185185185
1772924121,8,POST,/api/plugins/load?uri,0.000000,0.000000,3,6,10,10,33,33,33,33,33,33,33,14,0,2,5.6979384997768125,1.4116499987721909,33.25161999964621,2023.4285714285713
1772924121,8,POST,/api/plugins/unload?uri,0.000000,0.000000,6,8,13,14,15,15,15,15,15,15,15,14,0,1.2266699995961972,5.124020000429092,1.2266699995961972,14.651194000180112,108.78571428571429
1772924121,8,,Aggregated,10.000000,0.000000,4,10,13,14,23,33,53,69,810,810,810,338,0,4,13.660585529621438,1.0381230022176169,814.3640620000951,7127.097633136094
1772924122,10,GET,/api/audio/latency,4.333333,0.000000,2,2,3,5,11,14,21,28,28,28,28,64,0,2,3.855612249708429,1.042392999806907,28.09831499689608,33.0
1772924122,10,GET,/api/audio/levels,4.333333,0.000000,5,11,13,15,19,22,46,57,57,57,57,64,0,5,9.029170765757044,1.0664779983926564,57.08443100229488,75.84375
1772924122,10,GET,/api/audio/levels (during plugin swap),1.333333,0.000000,11,14,20,20,66,69,69,69,69,69,69,20,0,5,14.60465274994931,1.0868339995795395,68.55303700285731,77.55
1772924122,10,GET,/api/audio/levels/plugins,1.333333,0.000000,5,13,13,13,19,40,40,40,40,40,40,20,0,1.0405009998066816,7.0574896000835,1.0405009998066816,40.08671200062963,21.15
1772924122,10,GET,/api/audio/status,2.666667,0.000000,3,4,10,14,18,21,26,26,26,26,26,42,0,2,6.307533690536123,1.0381230022176169,26.47774999786634,168.0
1772924122,10,GET,/api/chains/,4.000000,0.000000,5,10,11,12,15,22,37,37,37,37,37,38,0,5,50.05963036848315,1.3744089992542285,814.3640620000951,1448.0
1772924122,10,GET,/api/chains/{id},3.666667,0.000000,6,8,13,16,20,21,45,45,45,45,45,42,0,6,8.708744428683227,1.2767929983965587,45.029361001070356,515.4761904761905
1772924122,10,POST,/api/chains/{id}/activate,3.666667,0.000000,4,9,13,14,22,24,29,29,29,29,29,42,0,4,8.112595881400575,1.2011049984721467,29.08538699921337,50.476190476190474
1772924122,10,POST,/api/chains/{id}/deactivate,2.666667,0.000000,2,3,4,8,12,16,75,75,75,75,75,42,0,2,5.550458690084357,1.1807779992523137,74.90994999898248,62.0
1772924122,10,POST,/api/plugins/batch/parameters (500 updates),0.000000,0.000000,0,0,0,0,0,0,0,0,0,0,0,11,0,7,11.375118454452604,3.398863998882007,33.778520999476314,821.7272727272727
1772924122,10,GET,/api/plugins/discover,3.333333,0.000000,14,25,29,29,34,46,49,49,49,49,49,38,0,14,22.343829973818316,10.662906999641564,58.00965399976121,85406.0
1772924122,10,GET,/api/plugins/list,4.000000,0.000000,2,3,6,9,13,29,43,43,43,43,43,38,0,2,5.538650447162677,1.087500000721775,43.401594997703796,29.289473684210527
1772924122,10,POST,/api/plugins/load?uri,1.333333,0.000000,3,5,10,10,13,33,33,33,33,33,33,20,0,2,5.37038054990262,1.39124300039839,33.25161999964621,1760.5
1772924122,10,POST,/api/plugins/unload?uri,1.333333,0.000000,2,4,8,8,14,15,15,15,15,15,15,20,0,1.2057310013915412,3.9985185003388324,1.2057310013915412,14.651194000180112,107.65
1772924122,10,,Aggregated,38.000000,0.000000,3,8,12,13,21,29,46,58,810,810,810,501,0,3,11.450509834338266,1.0381230022176169,814.3640620000951,6767.139720558882
1772924123,10,GET,/api/audio/latency,6.250000,0.000000,2,3,3,5,13,19,21,28,28,28,28,86,0,2,4.097556592844126,1.042392999806907,28.09831499689608,33.0
1772924123,10,GET,/api/audio/levels,6.500000,0.000000,4,10,13,15,19,32,57,62,62,62,62,86,0,4,9.016245976919551,1.0664779983926564,61.877161999291275,75.56976744186046
1772924123,10,GET,/api/audio/levels (during plugin swap),2.750000,0.000000,11,14,20,20,24,66,69,69,69,69,69,28,0,5,13.341570892927328,1.0868339995795395,68.55303700285731,76.71428571428571
1772924123,10,GET,/api/audio/levels/plugins,2.500000,0.000000,2,3,13,13,13,19,40,40,40,40,40,28,0,1.0405009998066816,5.562194678662179,1.0405009998066816,40.08671200062963,20.035714285714285
1772924123,10,GET,/api/audio/status,4.500000,0.000000,3,4,13,14,19,23,26,39,39,39,39,57,0,3,6.905415807092427,1.0381230022176169,38.7107679998735,168.0
1772924123,10,GET,/api/chains/,5.500000,0.000000,5,10,11,12,15,22,37,37,37,37,37,47,0,5,42.06748202132269,1.3744089992542285,814.3640620000951,1448.0
1772924123,10,GET,/api/chains/{id},4.750000,0.000000,5,8,13,14,20,27,36,45,45,45,45,57,0,5,8.324289456300393,1.2767929983965587,45.029361001070356,511.2456140350877
1772924123,10,POST,/api/chains/{id}/activate,4.500000,0.000000,8,11,15,16,22,27,27,29,29,29,29,57,0,8,9.344973807425337,1.2011049984721467,29.08538699921337,50.78947368421053
1772924123,10,POST,/api/chains/{id}/deactivate,4.500000,0.000000,2,3,8,11,16,20,24,75,75,75,75,57,0,2,5.978724613733153,1.1807779992523137,74.90994999898248,62.0
1772924123,10,POST,/api/plugins/batch/parameters (500 updates),0.000000,0.000000,7,12,14,14,20,20,20,20,20,20,20,15,0,6,10.095277666550828,3.398863998882007,33.778520999476314,822.6
1772924123,10,GET,/api/plugins/discover,5.000000,0.000000,14,25,29,29,40,49,52,52,52,52,52,46,0,14,23.002181500092064,10.662906999641564,58.00965399976121,85406.0
1772924123,10,GET,/api/plugins/list,5.250000,0.000000,3,5,9,13,17,22,43,43,43,43,43,47,0,3,6.3811214678664445,1.087500000721775,43.401594997703796,28.085106382978722
1772924123,10,POST,/api/plugins/load?uri,2.750000,0.000000,2,4,5,6,10,13,33,33,33,33,33,28,0,2,4.59853946410606,1.39124300039839,33.25161999964621,1821.892857142857
1772924123,10,POST,/api/plugins/unload?uri,2.500000,0.000000,1,2,4,6,13,14,15,15,15,15,15,28,0,1.2047819982399233,3.334158750086707,1.2047819982399233,14.651194000180112,107.5
1772924123,10,,Aggregated,57.250000,0.000000,3,8,12,14,20,29,46,58,810,810,810,667,0,3,10.65572098203207,1.0381230022176169,814.3640620000951,6179.319340329835
1772924124,10,GET,/api/audio/latency,9.000000,0.000000,2,3,7,9,15,19,20,21,28,28,28,106,0,2,4.969681556586984,1.042392999806907,28.09831499689608,33.0
1772924124,10,GET,/api/audio/levels,9.000000,0.000000,5,11,14,16,21,37,57,58,62,62,62,106,0,5,10.093420594441923,1.055125001585111,61.877161999291275,75.82075471698113
1772924124,10,GET,/api/audio/levels (during plugin swap),2.800000,0.000000,3,13,16,18,23,66,69,69,69,69,69,36,0,3,11.17265133345629,1.0868339995795395,68.55303700285731,76.25
1772924124,10,GET,/api/audio/levels/plugins,2.800000,0.000000,2,3,8,13,13,19,40,40,40,40,40,36,0,1.0405009998066816,4.956249111273792,1.0405009998066816,40.08671200062963,19.77777777777778
1772924124,10,GET,/api/audio/status,5.400000,0.000000,2,4,13,15,18,21,26,39,39,39,39,72,0,2,6.622073722206147,1.0381230022176169,38.7107679998735,168.0
1772924124,10,GET,/api/chains/,5.800000,0.000000,4,9,11,11,15,22,25,37,37,37,37,57,0,4,35.64134310535768,1.3513000012608245,814.3640620000951,1448.0
1772924124,10,GET,/api/chains/{id},5.800000,0.000000,4,7,10,13,20,36,45,50,50,50,50,72,0,4,8.5799054723389,1.2767929983965587,49.511648998304736,501.69444444444446
1772924124,10,POST,/api/chains/{id}/activate,5.800000,0.000000,7,12,15,17,22,24,27,29,29,29,29,72,0,6,9.288530555800712,1.1986960016656667,29.08538699921337,50.625
1772924124,10,POST,/api/chains/{id}/deactivate,5.400000,0.000000,2,3,5,8,13,20,24,75,75,75,75,72,0,2,5.525045749790378,1.1807779992523137,74.90994999898248,62.0
1772924124,10,POST,/api/plugins/batch/parameters (500 updates),1.400000,0.000000,5,7,12,12,14,20,20,20,20,20,20,20,0,4,8.942203299739049,2.9742339975200593,33.778520999476314,821.0
1772924124,10,GET,/api/plugins/discover,5.800000,0.000000,14,25,29,29,40,49,51,52,52,52,52,57,0,18,22.552556929951063,10.662906999641564,58.00965399976121,85406.0
1772924124,10,GET,/api/plugins/list,5.800000,0.000000,2,5,7,11,16,22,29,43,43,43,43,57,0,3,6.008302140176774,1.080333000572864,43.401594997703796,27.19298245614035
1772924124,10,POST,/api/plugins/load?uri,2.800000,0.000000,2,3,4,5,10,13,33,33,33,33,33,36,0,2,3.930424861007648,1.3701429998036474,33.25161999964621,1696.7777777777778
1772924124,10,POST,/api/plugins/unload?uri,2.800000,0.000000,1,2,3,4,13,14,15,15,15,15,15,36,0,1.178515998617513,3.230671083353324,1.178515998617513,14.651194000180112,106.91666666666667
1772924124,10,,Aggregated,70.400000,0.000000,3,8,12,14,20,29,46,57,810,810,810,835,0,3,10.101339262303712,1.0381230022176169,814.3640620000951,6113.652694610779
1772924125,10,GET,/api/audio/latency,11.000000,0.000000,2,3,5,8,15,19,20,21,28,28,28,130,0,2,4.7763291306742195,1.042392999806907,28.09831499689608,33.0
1772924125,10,GET,/api/audio/levels,11.000000,0.000000,4,10,13,15,21,32,57,58,62,62,62,130,0,4,9.508180292351216,1.055125001585111,61.877161999291275,75.7
1772924125,10,GET,/api/audio/levels (during plugin swap),3.500000,0.000000,3,11,14,16,23,66,69,69,69,69,69,42,0,3,9.914877500098859,1.0868339995795395,68.55303700285731,76.4047619047619
1772924125,10,GET,/api/audio/levels/plugins,3.500000,0.000000,2,3,8,13,13,19,40,40,40,40,40,42,0,1.0405009998066816,4.923859119246897,1.0405009998066816,40.08671200062963,19.571428571428573
1772924125,10,GET,/api/audio/status,7.000000,0.000000,2,4,10,14,18,21,29,39,39,39,39,88,0,2,6.2823460908393,1.0381230022176169,38.7107679998735,168.0
1772924125,10,GET,/api/chains/,6.500000,0.000000,4,9,11,11,15,22,25,37,37,37,37,63,0,4,32.67481947633704,1.3513000012608245,814.3640620000951,1448.0
1772924125,10,GET,/api/chains/{id},7.166667,0.000000,4,8,10,15,20,27,45,50,50,50,50,90,0,4,8.557863633379586,1.2767929983965587,49.511648998304736,504.96666666666664
1772924125,10,POST,/api/chains/{id}/activate,7.000000,0.000000,5,11,15,16,21,24,27,29,29,29,29,88,0,5,8.583148204665617,1.1986960016656667,29.08538699921337,51.47727272727273
1772924125,10,POST,/api/chains/{id}/deactivate,7.000000,0.000000,2,3,4,8,13,20,24,75,75,75,75,88,0,2,5.224372647510543,1.1807779992523137,74.90994999898248,62.0
1772924125,10,POST,/api/plugins/batch/parameters (500 updates),1.833333,0.000000,6,12,12,12,20,30,30,30,30,30,30,23,0,5,9.835767217262639,2.9742339975200593,33.778520999476314,821.695652173913
1772924125,10,GET,/api/plugins/discover,6.500000,0.000000,14,23,29,29,40,49,51,52,52,52,52,62,0,15,21.971993419532325,10.662906999641564,58.00965399976121,85406.0
1772924125,10,GET,/api/plugins/list,6.500000,0.000000,2,5,8,12,17,22,29,43,43,43,43,63,0,3,6.064821825208446,1.080333000572864,43.401594997703796,26.793650793650794
1772924125,10,POST,/api/plugins/load?uri,3.500000,0.000000,2,3,4,5,10,15,33,33,33,33,33,42,0,2,4.091286142717027,1.3701429998036474,33.25161999964621,1784.2619047619048
1772924125,10,POST,/api/plugins/unload?uri,3.500000,0.000000,1,3,4,6,13,15,19,19,19,19,19,42,0,1.178515998617513,3.7592746903967402,1.178515998617513,19.39827399837668,107.33333333333333
1772924125,10,,Aggregated,85.500000,0.000000,3,8,12,13,20,27,43,53,810,810,810,993,0,3,9.4432390493369,1.0381230022176169,814.3640620000951,5614.107754279959
1772924126,10,GET,/api/audio/latency,12.428571,0.000000,2,3,7,10,16,19,21,21,28,28,28,150,0,2,5.165828693279764,1.042392999806907,28.09831499689608,33.0
1772924126,10,GET,/api/audio/levels,12.428571,0.000000,5,11,14,16,21,32,57,58,62,62,62,150,0,5,9.684705853384608,1.055125001585111,61.877161999291275,75.6
1772924126,10,GET,/api/audio/levels (during plugin swap),4.000000,0.000000,3,5,13,14,20,24,69,69,69,69,69,50,0,2,8.843545380077558,1.0868339995795395,68.55303700285731,76.12
1772924126,10,GET,/api/audio/levels/plugins,4.000000,0.000000,2,2,3,8,13,14,40,40,40,40,40,50,0,1.0371790012868587,4.356484320378513,1.0371790012868587,40.08671200062963,19.46
1772924126,10,GET,/api/audio/status,8.142857,0.000000,2,4,10,14,19,22,26,29,39,39,39,106,0,2,6.450417877238339,1.0381230022176169,38.7107679998735,168.0
1772924126,10,GET,/api/chains/,6.857143,0.000000,4,9,11,11,15,22,25,37,37,37,37,70,0,4,30.01549570014634,1.3513000012608245,814.3640620000951,1448.0
1772924126,10,GET,/api/chains/{id},8.142857,0.000000,4,8,12,15,20,27,45,45,50,50,50,106,0,4,8.51787092454648,1.2767929983965587,49.511648998304736,512.1132075471698
1772924126,10,POST,/api/chains/{id}/activate,8.142857,0.000000,4,10,15,16,22,27,29,30,39,39,39,106,0,4,8.711866349191075,1.1986960016656667,38.85490399989067,51.74528301886792
1772924126,10,POST,/api/chains/{id}/deactivate,8.142857,0.000000,2,3,5,8,16,20,21,24,75,75,75,106,0,2,5.4504818393945484,1.168678998510586,74.90994999898248,61.764150943396224
1772924126,10,POST,/api/plugins/batch/parameters (500 updates),2.142857,0.000000,7,12,12,13,17,20,30,30,30,30,30,29,0,7,9.979364655009704,2.9742339975200593,33.778520999476314,821.0
1772924126,10,GET,/api/plugins/discover,6.714286,0.000000,14,23,29,29,40,46,51,52,52,52,52,70,0,14,21.687759657340525,10.662906999641564,58.00965399976121,85406.0
1772924126,10,GET,/api/plugins/list,6.857143,0.000000,2,4,7,9,16,21,29,43,43,43,43,70,0,2,5.724643457038577,1.080333000572864,43.401594997703796,26.414285714285715
1772924126,10,POST,/api/plugins/load?uri,4.000000,0.000000,2,3,4,5,10,14,33,33,33,33,33,50,0,2,3.945250239848974,1.3249240000732243,33.25161999964621,1715.96
1772924126,10,POST,/api/plugins/unload?uri,4.000000,0.000000,1,2,3,4,13,14,19,19,19,19,19,50,0,1.1754760016629007,3.4030221997818444,1.1754760016629007,19.39827399837668,107.68
1772924126,10,,Aggregated,96.000000,0.000000,3,8,12,13,20,27,40,51,810,810,810,1163,0,3,9.159241016333043,1.0371790012868587,814.3640620000951,5418.583834909717
1772924127,10,GET,/api/audio/latency,13.375000,0.000000,2,3,5,8,15,19,20,21,28,28,28,171,0,2,4.778999380079917,1.041965002514189,28.09831499689608,33.0
1772924127,10,GET,/api/audio/levels,13.500000,0.000000,4,9,13,15,20,32,50,58,62,62,62,171,0,4,8.899157052672956,1.055125001585111,61.877161999291275,75.58479532163743
1772924127,10,GET,/api/audio/levels (during plugin swap),4.500000,0.000000,3,7,13,14,20,24,66,69,69,69,69,57,0,3,8.87968278957966,1.0868339995795395,68.55303700285731,76.42105263157895
1772924127,10,GET,/api/audio/levels/plugins,4.500000,0.000000,2,2,3,7,13,14,19,40,40,40,40,57,0,2,4.152564965152762,1.0371790012868587,40.08671200062963,19.24561403508772
1772924127,10,GET,/api/audio/status,9.000000,0.000000,2,4,10,14,18,22,26,29,39,39,39,133,0,2,6.281653353188378,1.0381230022176169,38.7107679998735,168.0
1772924127,10,GET,/api/chains/,7.125000,0.000000,4,8,11,11,14,22,25,37,37,37,37,76,0,4,27.93633581596192,1.3513000012608245,814.3640620000951,1448.0263157894738
1772924127,10,GET,/api/chains/{id},9.250000,0.000000,4,8,10,13,20,27,45,45,50,50,50,133,0,4,8.273114255712414,1.2767929983965587,49.511648998304736,515.9248120300751
1772924127,10,POST,/api/chains/{id}/activate,9.000000,0.000000,4,10,14,15,20,24,29,30,39,39,39,133,0,4,8.28752786469693,1.1986960016656667,38.85490399989067,52.29323308270677
1772924127,10,POST,/api/chains/{id}/deactivate,9.000000,0.000000,2,3,5,8,14,20,22,24,75,75,75,133,0,2,5.340858059979037,1.168678998510586,74.90994999898248,61.81203007518797
1772924127,10,POST,/api/plugins/batch/parameters (500 updates),2.500000,0.000000,7,12,12,13,17,20,30,30,30,30,30,32,0,6,9.683953718536031,2.9742339975200593,33.778520999476314,820.25
1772924127,10,GET,/api/plugins/discover,7.125000,0.000000,13,22,29,29,35,46,51,52,52,52,52,76,0,14,21.09122484240575,10.662906999641564,58.00965399976121,85406.0
1772924127,10,GET,/api/plugins/list,7.125000,0.000000,2,4,7,9,16,21,29,43,43,43,43,76,0,2,5.624150131504728,1.080333000572864,43.401594997703796,26.144736842105264
1772924127,10,POST,/api/plugins/load?uri,4.500000,0.000000,2,3,4,5,10,15,16,33,33,33,33,57,0,2,4.0321183508862495,1.3249240000732243,33.25161999964621,1794.7719298245613
1772924127,10,POST,/api/plugins/unload?uri,4.500000,0.000000,1,2,3,4,12,14,15,19,19,19,19,57,0,1.1754760016629007,3.327627368171785,1.1754760016629007,19.39827399837668,107.89473684210526
1772924127,10,,Aggregated,105.000000,0.000000,3,7,11,13,19,25,37,50,810,810,810,1362,0,3,8.599915078557975,1.0371790012868587,814.3640620000951,5042.40234948605
1772924128,10,GET,/api/audio/latency,14.777778,0.000000,2,3,5,8,15,19,20,21,28,28,28,180,0,2,4.790955533321216,1.041965002514189,28.09831499689608,33.0
1772924128,10,GET,/api/audio/levels,14.777778,0.000000,4,9,12,15,20,32,50,58,62,62,62,180,0,4,8.763669283386358,1.055125001585111,61.877161999291275,75.6
1772924128,10,GET,/api/audio/levels (during plugin swap),4.666667,0.000000,3,8,13,14,20,24,66,69,69,69,69,62,0,3,8.762583177456456,1.0868339995795395,68.55303700285731,76.14516129032258
1772924128,10,GET,/api/audio/levels/plugins,4.666667,0.000000,2,2,3,7,13,15,19,40,40,40,40,62,0,2,4.205951951887748,1.0371790012868587,40.08671200062963,19.241935483870968
1772924128,10,GET,/api/audio/status,10.222222,0.000000,2,4,10,14,18,22,27,29,39,39,39,143,0,2,6.299147664207454,1.0381230022176169,38.7107679998735,168.0
1772924128,10,GET,/api/chains/,7.111111,0.000000,4,8,11,12,15,22,25,37,37,37,37,79,0,4,27.201196076147646,1.3513000012608245,814.3640620000951,1448.0253164556962
1772924128,10,GET,/api/chains/{id},10.222222,0.000000,4,8,12,14,20,27,45,45,50,50,50,143,0,4,8.352915146928467,1.2767929983965587,49.511648998304736,517.1328671328671
1772924128,10,POST,/api/chains/{id}/activate,10.222222,0.000000,4,9,13,15,20,24,29,30,39,39,39,143,0,4,8.154213720324272,1.1986960016656667,38.85490399989067,52.30769230769231
1772924128,10,POST,/api/chains/{id}/deactivate,10.222222,0.000000,2,3,5,8,14,20,22,24,75,75,75,143,0,2,5.278519825026649,1.168678998510586,74.90994999898248,61.82517482517483
1772924128,10,POST,/api/plugins/batch/parameters (500 updates),2.555556,0.000000,7,12,13,13,17,20,30,30,30,30,30,35,0,7,9.788293742583067,2.9742339975200593,33.778520999476314,819.8571428571429
1772924128,10,GET,/api/plugins/discover,7.000000,0.000000,13,22,28,29,35,46,51,52,52,52,52,79,0,14,20.829540468668387,10.662906999641564,58.00965399976121,85406.0
1772924128,10,GET,/api/plugins/list,7.000000,0.000000,2,4,7,9,16,21,29,43,43,43,43,79,0,2,5.578987518904946,1.080333000572864,43.401594997703796,26.025316455696203
1772924128,10,POST,/api/plugins/load?uri,4.666667,0.000000,2,3,4,5,14,19,25,33,33,33,33,62,0,2,4.530852403296458,1.3249240000732243,33.25161999964621,1816.6935483870968
1772924128,10,POST,/api/plugins/unload?uri,4.666667,0.000000,1,2,2,4,12,14,15,19,19,19,19,62,0,1.1754760016629007,3.20444630620665,1.1754760016629007,19.39827399837668,108.16129032258064
1772924128,10,,Aggregated,112.777778,0.000000,3,7,11,13,19,24,34,45,69,75,75,1452,0,3,8.483026533070165,1.0371790012868587,814.3640620000951,4925.149449035813
1772924129,10,GET,/api/audio/latency,15.100000,0.000000,2,3,6,9,16,20,21,28,30,30,30,193,0,2,4.942225720192797,1.0234609981125686,29.820063999068225,33.0
1772924129,10,GET,/api/audio/levels,15.100000,0.000000,3,8,12,15,21,37,58,980,1000,1000,1000,193,0,3,18.58898743532355,1.055125001585111,999.4249690025754,75.62694300518135
1772924129,10,GET,/api/audio/levels (during plugin swap),5.100000,0.000000,3,9,13,15,21,66,69,1000,1000,1000,1000,64,0,3,24.332939140663257,1.0868339995795395,1004.4100459999754,76.046875
1772924129,10,GET,/api/audio/levels/plugins,5.100000,0.000000,2,2,3,8,13,19,24,40,40,40,40,64,0,2,4.485808078413811,1.0371790012868587,40.08671200062963,19.484375
1772924129,10,GET,/api/audio/status,10.800000,0.000000,2,4,10,14,20,24,29,30,39,39,39,150,0,2,6.65556403315956,1.0381230022176169,38.7107679998735,168.0
1772924129,10,GET,/api/chains/,7.000000,0.000000,4,8,11,12,15,25,960,1000,1000,1000,1000,83,0,4,49.59742889174328,1.3513000012608245,1004.6594980012742,1448.0240963855422
1772924129,10,GET,/api/chains/{id},10.800000,0.000000,4,8,13,16,23,45,1000,1000,1000,1000,1000,150,0,4,41.50893726005355,1.2767929983965587,1040.962084000057,518.5666666666667
1772924129,10,POST,/api/chains/{id}/activate,10.800000,0.000000,4,10,14,16,23,27,54,57,58,58,58,150,0,4,9.252167879991854,1.1986960016656667,58.37379699732992,52.166666666666664
1772924129,10,POST,/api/chains/{id}/deactivate,10.800000,0.000000,2,4,8,11,16,20,22,24,75,75,75,150,0,2,5.6271952532309415,1.168678998510586,74.90994999898248,61.833333333333336
1772924129,10,POST,/api/plugins/batch/parameters (500 updates),2.900000,0.000000,7,12,13,14,17,20,30,30,30,30,30,36,0,7,9.920715721919906,2.9742339975200593,33.778520999476314,826.1111111111111
1772924129,10,GET,/api/plugins/discover,7.000000,0.000000,14,22,26,29,30,40,51,52,52,52,52,83,0,14,20.86546810876672,10.662906999641564,58.00965399976121,85406.0
1772924129,10,GET,/api/plugins/list,7.000000,0.000000,2,5,8,11,19,22,29,43,43,43,43,83,0,2,5.870091650408485,1.080333000572864,43.401594997703796,28.53012048192771
1772924129,10,POST,/api/plugins/load?uri,5.100000,0.000000,2,3,4,5,15,25,33,54,54,54,54,64,0,2,5.247086359474906,1.3249240000732243,53.515169001912,1812.859375
1772924129,10,POST,/api/plugins/unload?uri,5.100000,0.000000,1,2,3,4,12,14,15,19,19,19,19,64,0,1.1754760016629007,3.388216546682088,1.1754760016629007,19.39827399837668,108.46875
1772924129,10,,Aggregated,117.700000,0.000000,3,7,12,13,20,27,45,58,1000,1000,1000,1527,0,3,15.11980801244949,1.0234609981125686,1040.962084000057,4918.874263261297
1772924130,10,GET,/api/audio/latency,17.300000,0.000000,2,3,6,9,16,19,21,28,30,30,30,220,0,2,4.9291748500102335,1.0234609981125686,29.820063999068225,33.0
1772924130,10,GET,/api/audio/levels,17.300000,0.000000,4,9,12,15,21,32,58,980,1000,1000,1000,220,0,4,17.359504477380224,1.055125001585111,999.4249690025754,75.71818181818182
1772924130,10,GET,/api/audio/levels (during plugin swap),5.900000,0.000000,3,7,10,14,20,23,24,1000,1000,1000,1000,68,0,3,23.540241588253753,1.0868339995795395,1004.4100459999754,76.05882352941177
1772924130,10,GET,/api/audio/levels/plugins,5.900000,0.000000,2,2,3,3,13,15,19,24,24,24,24,68,0,2,4.358877838432604,1.0371790012868587,40.08671200062963,19.544117647058822
1772924130,10,GET,/api/audio/status,13.300000,0.000000,2,3,8,13,20,25,29,30,39,39,39,167,0,2,6.373057981946403,1.0381230022176169,38.7107679998735,168.0
1772924130,10,GET,/api/chains/,7.600000,0.000000,3,7,11,11,14,22,960,1000,1000,1000,1000,90,0,4,46.30766481123929,1.3513000012608245,1004.6594980012742,1448.0222222222221
1772924130,10,GET,/api/chains/{id},13.300000,0.000000,4,9,13,15,21,45,1000,1000,1000,1000,1000,167,0,4,37.9931318684013,1.2767929983965587,1040.962084000057,516.6047904191616
1772924130,10,POST,/api/chains/{id}/activate,13.300000,0.000000,4,8,13,16,22,27,54,57,58,58,58,167,0,4,8.793689514909248,1.1701449984684587,58.37379699732992,52.21556886227545
1772924130,10,POST,/api/chains/{id}/deactivate,13.300000,0.000000,2,3,5,8,16,20,21,22,24,24,24,167,0,2,5.259307532828834,1.168678998510586,74.90994999898248,61.8502994011976
1772924130,10,POST,/api/plugins/batch/parameters (500 updates),3.200000,0.000000,7,12,13,14,17,23,30,30,30,30,30,38,0,7,10.099940578679947,2.9742339975200593,33.778520999476314,825.6315789473684
1772924130,10,GET,/api/plugins/discover,7.600000,0.000000,13,20,24,26,30,40,51,52,52,52,52,90,0,14,20.387663422540452,10.576317999948515,58.00965399976121,85406.0
1772924130,10,GET,/api/plugins/list,7.600000,0.000000,2,3,6,9,19,22,22,29,29,29,29,90,0,2,5.536701422048888,1.080333000572864,43.401594997703796,28.988888888888887
1772924130,10,POST,/api/plugins/load?uri,5.900000,0.000000,2,3,4,4,14,19,25,54,54,54,54,68,0,2,5.098509044246919,1.3249240000732243,53.515169001912,1779.0441176470588
1772924130,10,POST,/api/plugins/unload?uri,5.900000,0.000000,1,2,2,3,11,15,19,22,22,22,22,68,0,1.1754760016629007,3.6018526615782105,1.1754760016629007,22.277993000898277,107.95588235294117
1772924130,10,,Aggregated,137.400000,0.000000,3,6,11,13,19,25,37,57,1000,1000,1000,1688,0,3,14.2375348294025,1.0234609981125686,1040.962084000057,4824.027251184834
1772924131,10,GET,/api/audio/latency,17.800000,0.000000,2,4,6,8,16,19,21,26,30,30,30,236,0,2,4.905316991533841,1.0234609981125686,29.820063999068225,33.0
1772924131,10,GET,/api/audio/levels,17.800000,0.000000,4,9,13,15,21,32,58,980,1000,1000,1000,236,0,4,16.635549593263285,1.055125001585111,999.4249690025754,75.7542372881356
1772924131,10,GET,/api/audio/levels (during plugin swap),6.200000,0.000000,3,6,10,13,18,21,24,1000,1000,1000,1000,71,0,3,22.640570309845252,1.0868339995795395,1004.4100459999754,76.11267605633803
1772924131,10,GET,/api/audio/levels/plugins,6.200000,0.000000,2,2,3,3,8,14,15,24,24,24,24,71,0,2,4.412222352290025,1.0371790012868587,40.08671200062963,19.676056338028168
1772924131,10,GET,/api/audio/status,14.200000,0.000000,2,4,10,13,21,26,30,55,59,59,59,185,0,2,6.9768247621116615,1.0381230022176169,58.68061100045452,168.0
1772924131,10,GET,/api/chains/,7.500000,0.000000,3,8,11,12,22,29,960,1000,1000,1000,1000,99,0,4,43.25059801020402,1.3513000012608245,1004.6594980012742,1448.040404040404
1772924131,10,GET,/api/chains/{id},14.200000,0.000000,4,8,12,15,23,45,960,1000,1000,1000,1000,185,0,4,35.17625560546278,1.2767929983965587,1040.962084000057,517.6756756756756
1772924131,10,POST,/api/chains/{id}/activate,14.200000,0.000000,4,8,13,15,22,27,54,58,60,60,60,185,0,4,8.97269365393456,1.1701449984684587,60.17273899851716,52.432432432432435
1772924131,10,POST,/api/chains/{id}/deactivate,14.200000,0.000000,2,4,5,11,16,20,21,22,24,24,24,185,0,2,5.373762508011046,1.168678998510586,74.90994999898248,61.729729729729726
1772924131,10,POST,/api/plugins/batch/parameters (500 updates),3.500000,0.000000,8,12,14,17,23,25,30,30,30,30,30,46,0,7,10.54168104327919,2.9742339975200593,33.778520999476314,837.1739130434783
1772924131,10,GET,/api/plugins/discover,7.500000,0.000000,13,18,23,28,35,42,52,57,57,57,57,99,0,13,20.34838565683605,10.576317999948515,58.00965399976121,85406.0
1772924131,10,GET,/api/plugins/list,7.500000,0.000000,2,3,7,12,20,22,22,24,24,24,24,99,0,2,5.597341090741784,1.080333000572864,43.401594997703796,28.444444444444443
1772924131,10,POST,/api/plugins/load?uri,6.200000,0.000000,2,3,4,4,14,19,25,54,54,54,54,71,0,2,5.002408098783197,1.3249240000732243,53.515169001912,1768.3098591549297
1772924131,10,POST,/api/plugins/unload?uri,6.200000,0.000000,1,2,2,3,11,18,19,22,22,22,22,71,0,1.1754760016629007,3.821181943480247,1.1754760016629007,22.277993000898277,108.16901408450704
1772924131,10,,Aggregated,143.200000,0.000000,3,6,11,13,19,25,45,58,1000,1000,1000,1839,0,3,13.821987723217447,1.0234609981125686,1040.962084000057,4868.702011963023
1772924132,10,GET,/api/audio/latency,18.000000,0.000000,2,4,6,8,16,19,21,26,30,30,30,262,0,2,4.888067465688311,1.0234609981125686,29.820063999068225,33.0
1772924132,10,GET,/api/audio/levels,18.000000,0.000000,4,9,13,15,19,25,58,980,1000,1000,1000,262,0,4,15.775632549650796,1.055125001585111,999.4249690025754,75.6793893129771
1772924132,10,GET,/api/audio/levels (during plugin swap),6.000000,0.000000,3,6,10,13,16,21,24,1000,1000,1000,1000,76,0,3,21.304332894798886,1.0866299999179319,1004.4100459999754,75.90789473684211
1772924132,10,GET,/api/audio/levels/plugins,6.000000,0.000000,2,2,3,3,10,14,15,24,24,24,24,76,0,2,4.3426968028430375,1.0371790012868587,40.08671200062963,19.81578947368421
1772924132,10,GET,/api/audio/status,14.200000,0.000000,2,3,10,13,22,26,30,55,59,59,59,209,0,2,6.672141784614785,1.0381230022176169,58.68061100045452,168.0
1772924132,10,GET,/api/chains/,7.200000,0.000000,3,7,11,13,22,29,960,1000,1000,1000,1000,105,0,4,41.08219635250169,1.3513000012608245,1004.6594980012742,1448.0857142857142
1772924132,10,GET,/api/chains/{id},13.900000,0.000000,4,8,12,13,21,36,960,1000,1000,1000,1000,209,0,4,31.732529220141334,1.2521550015662797,1040.962084000057,513.9521531100479
1772924132,10,POST,/api/chains/{id}/activate,13.900000,0.000000,4,9,15,16,20,27,54,58,60,60,60,209,0,4,8.80635746406017,1.1701449984684587,60.17273899851716,52.70334928229665
1772924132,10,POST,/api/chains/{id}/deactivate,14.200000,0.000000,2,3,5,8,16,20,21,22,24,24,24,209,0,2,5.088527798922799,1.168678998510586,74.90994999898248,61.64114832535885
1772924132,10,POST,/api/plugins/batch/parameters (500 updates),3.600000,0.000000,7,12,13,17,23,25,30,30,30,30,30,51,0,7,10.297302313547869,2.9742339975200593,33.778520999476314,840.7647058823529
1772924132,10,GET,/api/plugins/discover,7.400000,0.000000,13,18,24,27,35,42,52,57,57,57,57,105,0,13,19.980754524017573,10.576317999948515,58.00965399976121,85406.0
1772924132,10,GET,/api/plugins/list,7.200000,0.000000,2,3,5,8,20,22,22,24,24,24,24,105,0,2,5.398255133193397,1.080333000572864,43.401594997703796,28.133333333333333
1772924132,10,POST,/api/plugins/load?uri,6.000000,0.000000,2,3,3,4,14,19,25,54,54,54,54,76,0,2,4.816371736954975,1.3249240000732243,53.515169001912,1802.1973684210527
1772924132,10,POST,/api/plugins/unload?uri,6.000000,0.000000,2,2,2,4,11,18,19,22,22,22,22,76,0,1.1754760016629007,3.7111659078283608,1.1754760016629007,22.277993000898277,107.98684210526316
1772924132,10,,Aggregated,141.600000,0.000000,3,6,11,13,19,24,40,57,1000,1000,1000,2030,0,3,13.027267404439115,1.0234609981125686,1040.962084000057,4686.1384236453205
1772924133,10,GET,/api/audio/latency,19.500000,0.000000,2,3,5,8,16,19,21,26,30,30,30,285,0,2,4.736049484276201,1.0234609981125686,29.820063999068225,33.0
1772924133,10,GET,/api/audio/levels,19.400000,0.000000,4,8,13,15,18,24,50,980,1000,1000,1000,285,0,4,14.89139044921071,1.055125001585111,999.4249690025754,75.6
1772924133,10,GET,/api/audio/levels (during plugin swap),5.700000,0.000000,3,5,8,10,15,20,21,1000,1000,1000,1000,83,0,3,20.01806519279875,1.0866299999179319,1004.4100459999754,75.97590361445783
1772924133,10,GET,/api/audio/levels/plugins,5.800000,0.000000,2,2,3,3,10,14,15,24,24,24,24,83,0,2,4.131934470057008,1.0371790012868587,40.08671200062963,19.63855421686747
1772924133,10,GET,/api/audio/status,14.900000,0.000000,2,3,6,12,20,25,29,55,59,59,59,226,0,2,6.463917185809588,1.0381230022176169,58.68061100045452,168.0
1772924133,10,GET,/api/chains/,6.900000,0.000000,3,7,12,13,25,46,960,1000,1000,1000,1000,108,0,4,40.15873108346568,1.3513000012608245,1004.6594980012742,1448.0925925925926
1772924133,10,GET,/api/chains/{id},14.900000,0.000000,3,8,11,13,20,31,960,1000,1000,1000,1000,226,0,4,29.705488902686135,1.2521550015662797,1040.962084000057,511.36725663716817
1772924133,10,POST,/api/chains/{id}/activate,14.900000,0.000000,4,6,12,15,19,25,54,58,60,60,60,226,0,4,8.434697004344569,1.1701449984684587,60.17273899851716,52.809734513274336
1772924133,10,POST,/api/chains/{id}/deactivate,14.900000,0.000000,2,3,5,8,16,20,21,22,25,25,25,226,0,2,5.0441342610023625,1.168678998510586,74.90994999898248,61.66814159292036
1772924133,10,POST,/api/plugins/batch/parameters (500 updates),3.900000,0.000000,8,12,13,17,22,24,30,30,30,30,30,60,0,7,10.122596766632341,2.9742339975200593,33.778520999476314,851.1333333333333
1772924133,10,GET,/api/plugins/discover,7.100000,0.000000,12,15,22,24,29,35,42,57,57,57,57,108,0,13,19.738660398346568,10.576317999948515,58.00965399976121,85406.0
1772924133,10,GET,/api/plugins/list,7.000000,0.000000,2,2,3,7,19,22,22,24,24,24,24,108,0,2,5.290537120244052,1.080333000572864,43.401594997703796,27.99074074074074
1772924133,10,POST,/api/plugins/load?uri,5.700000,0.000000,2,3,3,4,15,19,25,54,54,54,54,83,0,2,4.887200409698325,1.3249240000732243,53.515169001912,2019.7831325301204
1772924133,10,POST,/api/plugins/unload?uri,5.800000,0.000000,2,2,3,6,12,18,19,22,22,22,22,83,0,1.1754760016629007,3.7312998553595635,1.1754760016629007,22.277993000898277,109.12048192771084
1772924133,10,,Aggregated,146.400000,0.000000,3,5,10,12,18,23,31,57,1000,1000,1000,2190,0,3,12.41176237993108,1.0234609981125686,1040.962084000057,4488.277625570776
1772924134,10,GET,/api/audio/latency,19.200000,0.000000,2,3,4,5,13,19,21,26,30,30,30,307,0,2,4.626948752480139,1.0234609981125686,29.820063999068225,33.0
1772924134,10,GET,/api/audio/levels,19.200000,0.000000,3,7,11,13,16,21,31,980,1000,1000,1000,307,0,4,14.212713469135922,1.055125001585111,999.4249690025754,75.58306188925081
1772924134,10,GET,/api/audio/levels (during plugin swap),5.700000,0.000000,3,6,8,10,15,20,1000,1000,1000,1000,1000,85,0,3,19.6151379177001,1.0866299999179319,1004.4100459999754,75.90588235294118
1772924134,10,GET,/api/audio/levels/plugins,5.700000,0.000000,2,2,3,3,12,15,24,24,24,24,24,85,0,2,4.223731776651488,1.0371790012868587,40.08671200062963,19.811764705882354
1772924134,10,GET,/api/audio/status,15.800000,0.000000,2,3,5,10,18,25,29,55,59,59,59,251,0,2,6.148863167348814,1.0381230022176169,58.68061100045452,168.0
1772924134,10,GET,/api/chains/,7.000000,0.000000,3,7,12,13,20,46,960,1000,1000,1000,1000,111,0,4,39.350771837996795,1.3513000012608245,1004.6594980012742,1448.0900900900901
1772924134,10,GET,/api/chains/{id},15.600000,0.000000,3,6,9,12,19,27,960,1000,1000,1000,1000,251,0,3,27.135432673366815,1.2521550015662797,1040.962084000057,504.7808764940239
1772924134,10,POST,/api/chains/{id}/activate,15.600000,0.000000,3,5,9,14,18,25,54,58,60,60,60,251,0,4,8.095164211034756,1.1701449984684587,60.17273899851716,53.12749003984064
1772924134,10,POST,/api/chains/{id}/deactivate,15.800000,0.000000,2,3,4,6,16,20,21,22,25,25,25,250,0,2,4.87743370392127,1.168678998510586,74.90994999898248,61.6
1772924134,10,POST,/api/plugins/batch/parameters (500 updates),3.900000,0.000000,8,12,15,17,22,24,30,30,30,30,30,67,0,7,9.929347029885403,2.948886001831852,33.778520999476314,848.820895522388
1772924134,10,GET,/api/plugins/discover,7.000000,0.000000,12,13,18,22,29,40,42,57,57,57,57,111,0,13,19.543171108330377,10.576317999948515,58.00965399976121,85406.0
1772924134,10,GET,/api/plugins/list,7.000000,0.000000,2,2,3,3,19,22,22,24,24,24,24,111,0,2,5.3060911530272215,1.080333000572864,43.401594997703796,27.855855855855857
1772924134,10,POST,/api/plugins/load?uri,5.700000,0.000000,2,3,4,4,16,19,54,54,54,54,54,85,0,2,4.8337031529894485,1.3249240000732243,53.515169001912,2019.4
1772924134,10,POST,/api/plugins/unload?uri,5.700000,0.000000,2,2,4,7,12,18,22,22,22,22,22,85,0,1.1754760016629007,3.786002105805571,1.1754760016629007,22.277993000898277,109.02352941176471
1772924134,10,,Aggregated,148.900000,0.000000,3,5,9,12,17,22,30,55,1000,1000,1000,2357,0,3,11.85397883243696,1.0234609981125686,1040.962084000057,4293.91472210437
1772924135,10,GET,/api/audio/latency,19.600000,0.000000,2,3,4,5,12,19,20,26,30,30,30,326,0,2,4.548692147288024,1.0234609981125686,29.820063999068225,33.0
1772924135,10,GET,/api/audio/levels,19.600000,0.000000,3,5,10,13,15,19,24,980,1000,1000,1000,326,0,3,13.649215978583495,1.055125001585111,999.4249690025754,75.5920245398773
1772924135,10,GET,/api/audio/levels (during plugin swap),5.500000,0.000000,4,7,10,13,15,20,1000,1000,1000,1000,1000,92,0,3,18.48225692391798,1.0652109995135106,1004.4100459999754,75.68478260869566
1772924135,10,GET,/api/audio/levels/plugins,5.500000,0.000000,2,3,3,4,12,15,24,24,24,24,24,92,0,2,4.443305478438877,1.0371790012868587,40.08671200062963,19.793478260869566
1772924135,10,GET,/api/audio/status,16.700000,0.000000,2,3,4,10,17,24,28,55,59,59,59,270,0,2,6.1064008778043055,1.0381230022176169,58.68061100045452,168.0
1772924135,10,GET,/api/chains/,6.600000,0.000000,4,11,14,14,25,46,1000,1000,1000,1000,1000,117,0,4,37.77192567533472,1.3513000012608245,1004.6594980012742,1448.1025641025642
1772924135,10,GET,/api/chains/{id},16.600000,0.000000,3,5,9,12,16,27,960,1000,1000,1000,1000,270,0,3,25.713942596336924,1.2521550015662797,1040.962084000057,508.8037037037037
1772924135,10,POST,/api/chains/{id}/activate,16.700000,0.000000,3,5,8,12,17,24,54,58,60,60,60,270,0,4,7.819150711010378,1.1701449984684587,60.17273899851716,53.148148148148145
1772924135,10,POST,/api/chains/{id}/deactivate,16.700000,0.000000,2,3,4,5,13,17,21,22,25,25,25,270,0,2,4.786455755486343,1.168678998510586,74.90994999898248,61.629629629629626
1772924135,10,POST,/api/plugins/batch/parameters (500 updates),4.100000,0.000000,6,10,13,17,21,23,25,25,25,25,25,72,0,6,9.47541527779726,2.948886001831852,33.778520999476314,854.0
1772924135,10,GET,/api/plugins/discover,6.600000,0.000000,12,13,14,18,27,30,57,57,57,57,57,117,0,13,19.169269624119178,10.576317999948515,58.00965399976121,85406.0
1772924135,10,GET,/api/plugins/list,6.600000,0.000000,2,3,3,4,19,22,24,24,24,24,24,117,0,2,5.354243957136089,1.080333000572864,43.401594997703796,27.60683760683761
1772924135,10,POST,/api/plugins/load?uri,5.500000,0.000000,2,3,4,4,17,19,54,54,54,54,54,92,0,2,4.928800369705878,1.3249240000732243,53.515169001912,2009.5869565217392
1772924135,10,POST,/api/plugins/unload?uri,5.500000,0.000000,2,2,4,6,11,14,22,22,22,22,22,92,0,1.1754760016629007,3.8077910325148916,1.1754760016629007,22.277993000898277,109.20652173913044
1772924135,10,,Aggregated,151.800000,0.000000,3,4,8,11,16,22,29,57,1000,1000,1000,2523,0,3,11.419436772116502,1.0234609981125686,1040.962084000057,4232.853349187475
1772924137,10,GET,/api/audio/latency,19.800000,0.000000,2,3,4,5,12,15,20,26,30,30,30,355,0,2,4.519636856378089,1.0234609981125686,29.820063999068225,33.0
1772924137,10,GET,/api/audio/levels,19.800000,0.000000,3,7,11,13,15,21,24,980,1000,1000,1000,355,0,3,13.054355693030873,1.055125001585111,999.4249690025754,75.52676056338028
1772924137,10,GET,/api/audio/levels (during plugin swap),5.500000,0.000000,3,5,7,12,15,19,1000,1000,1000,1000,1000,100,0,3,17.344977849970746,1.0652109995135106,1004.4100459999754,75.47
1772924137,10,GET,/api/audio/levels/plugins,5.500000,0.000000,2,2,3,4,12,15,24,24,24,24,24,100,0,2,4.197717960087175,1.0371790012868587,40.08671200062963,19.72
1772924137,10,GET,/api/audio/status,16.900000,0.000000,2,3,3,7,17,25,28,55,59,59,59,286,0,2,5.911765171356285,1.0381230022176169,58.68061100045452,168.0
1772924137,10,GET,/api/chains/,6.000000,0.000000,4,11,14,14,25,46,1000,1000,1000,1000,1000,122,0,4,36.39094425414471,1.3513000012608245,1004.6594980012742,1448.0983606557377
1772924137,10,GET,/api/chains/{id},16.900000,0.000000,3,5,9,13,16,31,960,1000,1000,1000,1000,286,0,3,24.613544800743327,1.2521550015662797,1040.962084000057,509.45454545454544
1772924137,10,POST,/api/chains/{id}/activate,16.900000,0.000000,3,5,6,12,17,24,54,58,60,60,60,286,0,4,7.6277163250626625,1.1701449984684587,60.17273899851716,53.18181818181818
1772924137,10,POST,/api/chains/{id}/deactivate,16.900000,0.000000,2,2,4,5,13,17,20,22,25,25,25,285,0,2,4.691279694650388,1.168678998510586,74.90994999898248,61.64912280701754
1772924137,10,POST,/api/plugins/batch/parameters (500 updates),4.600000,0.000000,6,9,12,17,21,23,25,25,25,25,25,77,0,6,9.301472883174489,2.948886001831852,33.778520999476314,858.2987012987013
1772924137,10,GET,/api/plugins/discover,6.100000,0.000000,12,13,15,19,26,30,57,57,57,57,57,122,0,13,18.98781777070654,10.576317999948515,58.00965399976121,85406.0
1772924137,10,GET,/api/plugins/list,6.000000,0.000000,2,3,4,9,16,22,24,24,24,24,24,122,0,2,5.4521727129734945,1.080333000572864,43.401594997703796,27.418032786885245
1772924137,10,POST,/api/plugins/load?uri,5.500000,0.000000,2,3,4,4,16,19,54,54,54,54,54,100,0,2,4.821350670099491,1.3249240000732243,53.515169001912,2030.02
1772924137,10,POST,/api/plugins/unload?uri,5.500000,0.000000,2,3,6,7,11,14,22,22,22,22,22,100,0,1.1754760016629007,3.768602559939609,1.1754760016629007,22.277993000898277,109.5
1772924137,10,,Aggregated,151.900000,0.000000,3,4,8,11,16,21,29,57,1000,1000,1000,2696,0,3,10.99347178895872,1.0234609981125686,1040.962084000057,4137.30118694362
1772924138,10,GET,/api/audio/latency,20.000000,0.000000,2,3,4,5,12,19,21,24,30,30,30,382,0,2,4.453139625717438,1.0234609981125686,29.820063999068225,33.0
1772924138,10,GET,/api/audio/levels,19.900000,0.000000,3,6,11,13,16,21,25,53,1000,1000,1000,382,0,3,12.672899225159505,1.055125001585111,999.4249690025754,75.41623036649214
1772924138,10,GET,/api/audio/levels (during plugin swap),4.900000,0.000000,3,5,10,13,15,19,1000,1000,1000,1000,1000,103,0,3,17.151894164978057,1.0652109995135106,1004.4100459999754,75.6504854368932
1772924138,10,GET,/api/audio/levels/plugins,4.900000,0.000000,2,3,3,4,11,15,24,24,24,24,24,103,0,2,4.148119116595887,1.0371790012868587,40.08671200062963,19.932038834951456
1772924138,10,GET,/api/audio/status,17.900000,0.000000,2,3,5,9,15,23,28,55,59,59,59,305,0,2,5.867650157394609,1.0381230022176169,58.68061100045452,168.0
1772924138,10,GET,/api/chains/,5.400000,0.000000,4,11,13,14,25,46,1000,1000,1000,1000,1000,125,0,4,35.60144878405845,1.3513000012608245,1004.6594980012742,1448.096
1772924138,10,GET,/api/chains/{id},17.700000,0.000000,3,6,9,12,16,25,960,1000,1000,1000,1000,305,0,3,23.617242393501343,1.2521550015662797,1040.962084000057,513.2688524590164
1772924138,10,POST,/api/chains/{id}/activate,17.900000,0.000000,3,5,7,12,17,23,54,58,60,60,60,305,0,4,7.603571596641292,1.1701449984684587,60.17273899851716,53.114754098360656
1772924138,10,POST,/api/chains/{id}/deactivate,17.900000,0.000000,2,3,4,5,12,17,20,22,25,25,25,305,0,2,4.712529970367809,1.168678998510586,74.90994999898248,61.67213114754098
1772924138,10,POST,/api/plugins/batch/parameters (500 updates),4.700000,0.000000,6,9,14,17,22,24,25,25,25,25,25,83,0,7,9.475980132528235,2.948886001831852,33.778520999476314,859.0722891566265
1772924138,10,GET,/api/plugins/discover,5.400000,0.000000,12,13,15,19,27,30,57,57,57,57,57,125,0,13,18.951472168177133,10.576317999948515,58.00965399976121,85406.0
1772924138,10,GET,/api/plugins/list,5.400000,0.000000,2,3,3,4,16,22,24,24,24,24,24,125,0,2,5.3736906478588935,1.080333000572864,43.401594997703796,27.312
1772924138,10,POST,/api/plugins/load?uri,4.900000,0.000000,2,3,4,4,16,17,54,54,54,54,54,103,0,2,4.906543213666419,1.3249240000732243,53.515169001912,2020.8058252427184
1772924138,10,POST,/api/plugins/unload?uri,4.900000,0.000000,2,3,6,7,11,14,22,22,22,22,22,103,0,2,3.716534291156986,1.1754760016629007,22.277993000898277,109.48543689320388
1772924138,10,,Aggregated,151.800000,0.000000,3,4,8,11,16,21,30,57,1000,1000,1000,2854,0,3,10.739614996148077,1.0234609981125686,1040.962084000057,4010.14576033637
1772924139,10,GET,/api/audio/latency,20.400000,0.000000,2,3,4,5,13,19,20,22,24,24,24,402,0,2,4.623539825933679,1.0234609981125686,29.820063999068225,33.0
1772924139,10,GET,/api/audio/levels,20.400000,0.000000,3,6,10,13,16,21,24,27,53,53,53,402,0,3,12.337523803481005,1.055125001585111,999.4249690025754,75.55472636815921
1772924139,10,GET,/api/audio/levels (during plugin swap),4.900000,0.000000,3,4,7,13,15,17,20,20,20,20,20,108,0,3,16.63094438882345,1.0652109995135106,1004.4100459999754,75.52777777777777
1772924139,10,GET,/api/audio/levels/plugins,4.900000,0.000000,2,3,3,4,10,12,23,23,23,23,23,108,0,2,4.11771128717562,1.0371790012868587,40.08671200062963,20.01851851851852
1772924139,10,GET,/api/audio/status,17.800000,0.000000,2,3,3,6,14,23,26,55,59,59,59,325,0,2,5.739238658492328,1.0381230022176169,58.68061100045452,168.0
1772924139,10,GET,/api/chains/,5.200000,0.000000,4,7,13,14,17,25,46,46,46,46,46,130,0,4,34.58235956926588,1.3513000012608245,1004.6594980012742,1448.0923076923077
1772924139,10,GET,/api/chains/{id},17.800000,0.000000,3,6,9,11,15,18,25,46,53,53,53,325,0,3,22.569147156956696,1.2521550015662797,1040.962084000057,513.4553846153846
1772924139,10,POST,/api/chains/{id}/activate,17.800000,0.000000,3,5,7,9,16,19,24,27,60,60,60,325,0,4,7.463857307627152,1.1701449984684587,60.17273899851716,53.15384615384615
1772924139,10,POST,/api/chains/{id}/deactivate,17.700000,0.000000,2,3,3,4,10,16,20,22,25,25,25,325,0,2,4.633167187634031,1.168678998510586,74.90994999898248,61.69230769230769
1772924139,10,POST,/api/plugins/batch/parameters (500 updates),4.800000,0.000000,7,10,14,17,22,24,24,25,25,25,25,91,0,7,9.611597373585248,2.948886001831852,33.778520999476314,866.010989010989
1772924139,10,GET,/api/plugins/discover,5.200000,0.000000,12,13,13,15,24,30,57,57,57,57,57,130,0,13,18.739616907819602,10.576317999948515,58.00965399976121,85406.0
1772924139,10,GET,/api/plugins/list,5.200000,0.000000,2,3,3,4,14,16,24,24,24,24,24,130,0,2,5.326068199876597,1.080333000572864,43.401594997703796,27.146153846153847
1772924139,10,POST,/api/plugins/load?uri,4.900000,0.000000,2,3,4,4,12,16,19,19,19,19,19,108,0,2,4.879897675925383,1.3249240000732243,53.515169001912,1995.9444444444443
1772924139,10,POST,/api/plugins/unload?uri,4.900000,0.000000,2,3,4,6,13,18,28,28,28,28,28,108,0,2,3.895421972090305,1.1754760016629007,28.35171500191791,109.10185185185185
1772924139,10,,Aggregated,151.900000,0.000000,3,4,7,11,15,19,24,27,59,60,60,3017,0,3,10.486442304938828,1.0234609981125686,1040.962084000057,3948.7799138216774
1772924140,10,GET,/api/audio/latency,20.400000,0.000000,2,3,4,6,14,19,21,23,24,24,24,417,0,2,4.675700940136679,1.0234609981125686,29.820063999068225,33.0
1772924140,10,GET,/api/audio/levels,20.400000,0.000000,3,6,8,11,15,19,24,47,53,53,53,417,0,3,12.0423560719392,1.054486998327775,999.4249690025754,75.5251798561151
1772924140,10,GET,/api/audio/levels (during plugin swap),4.900000,0.000000,2,4,6,12,15,17,19,19,19,19,19,108,0,3,16.63094438882345,1.0652109995135106,1004.4100459999754,75.52777777777777
1772924140,10,GET,/api/audio/levels/plugins,4.900000,0.000000,2,3,3,4,11,15,23,23,23,23,23,108,0,2,4.11771128717562,1.0371790012868587,40.08671200062963,20.01851851851852
1772924140,10,GET,/api/audio/status,17.800000,0.000000,2,2,3,6,15,21,26,55,59,59,59,336,0,2,5.705237577406781,1.0381230022176169,58.68061100045452,168.0
1772924140,10,GET,/api/chains/,5.200000,0.000000,4,7,14,14,17,25,46,46,46,46,46,133,0,4,34.10282575194807,1.3513000012608245,1004.6594980012742,1448.0902255639098
1772924140,10,GET,/api/chains/{id},17.800000,0.000000,3,6,9,11,15,20,25,46,53,53,53,336,0,3,22.17869844943856,1.2521550015662797,1040.962084000057,512.9910714285714
1772924140,10,POST,/api/chains/{id}/activate,17.800000,0.000000,3,5,7,10,16,19,24,27,60,60,60,336,0,4,7.435856443375347,1.1701449984684587,60.17273899851716,53.154761904761905
1772924140,10,POST,/api/chains/{id}/deactivate,17.700000,0.000000,2,3,4,5,11,16,20,22,25,25,25,336,0,2,4.602256068394473,1.168678998510586,74.90994999898248,61.70238095238095
1772924140,10,POST,/api/plugins/batch/parameters (500 updates),4.800000,0.000000,7,9,14,17,21,24,24,25,25,25,25,91,0,7,9.611597373585248,2.948886001831852,33.778520999476314,866.010989010989
1772924140,10,GET,/api/plugins/discover,5.200000,0.000000,12,13,13,15,20,30,57,57,57,57,57,133,0,13,18.645856045240134,10.576317999948515,58.00965399976121,85406.0
1772924140,10,GET,/api/plugins/list,5.200000,0.000000,2,3,4,7,14,16,24,24,24,24,24,133,0,2,5.303643481104365,1.080333000572864,43.401594997703796,27.05263157894737
1772924140,10,POST,/api/plugins/load?uri,4.900000,0.000000,2,3,4,6,16,17,19,19,19,19,19,108,0,2,4.879897675925383,1.3249240000732243,53.515169001912,1995.9444444444443
1772924140,10,POST,/api/plugins/unload?uri,4.900000,0.000000,2,3,4,6,13,18,28,28,28,28,28,108,0,2,3.895421972090305,1.1754760016629007,28.35171500191791,109.10185185185185
1772924140,10,,Aggregated,151.900000,0.000000,3,4,7,11,15,19,24,27,59,60,60,3100,0,3,10.377239368068741,1.0234609981125686,1040.962084000057,3930.426774193548
1772924141,10,GET,/api/audio/latency,22.100000,0.000000,2,3,4,7,15,19,24,29,30,30,30,431,0,2,4.880128016328308,1.0234609981125686,30.409915998461656,33.0
1772924141,10,GET,/api/audio/levels,22.100000,0.000000,3,6,8,12,16,22,890,980,980,980,980,431,0,3,20.609735907192178,1.054486998327775,999.4249690025754,75.65429234338747
1772924141,10,GET,/api/audio/levels (during plugin swap),4.600000,0.000000,3,5,12,14,17,960,1000,1000,1000,1000,1000,112,0,3,42.2846319553238,1.0652109995135106,1007.5212990013824,75.78571428571429
1772924141,10,GET,/api/audio/levels/plugins,4.600000,0.000000,2,3,3,7,10,13,23,23,23,23,23,112,0,2,4.2546045894401425,1.0371790012868587,40.08671200062963,20.151785714285715
1772924141,10,GET,/api/audio/status,18.200000,0.000000,2,2,3,5,13,17,23,26,27,27,27,344,0,2,5.643778875035127,1.0381230022176169,58.68061100045452,168.0
1772924141,10,GET,/api/chains/,5.100000,0.000000,4,7,14,14,16,23,25,25,25,25,25,135,0,4,33.62887591116574,1.3513000012608245,1004.6594980012742,1448.088888888889
1772924141,10,GET,/api/chains/{id},18.200000,0.000000,3,6,9,12,16,21,46,950,990,990,990,344,0,3,29.997231813986005,1.2521550015662797,1040.962084000057,513.6598837209302
1772924141,10,POST,/api/chains/{id}/activate,18.200000,0.000000,3,4,7,10,16,19,25,46,49,49,49,344,0,4,7.642432636541428,1.1701449984684587,60.17273899851716,53.09593023255814
1772924141,10,POST,/api/chains/{id}/deactivate,18.200000,0.000000,2,2,3,4,11,16,20,22,25,25,25,344,0,2,4.614327749952154,1.168678998510586,74.90994999898248,61.7093023255814
1772924141,10,POST,/api/plugins/batch/parameters (500 updates),5.600000,0.000000,6,9,12,14,21,22,24,24,24,24,24,94,0,7,9.512240542538533,2.948886001831852,33.778520999476314,869.7659574468086
1772924141,10,GET,/api/plugins/discover,5.100000,0.000000,12,13,15,15,20,27,30,30,30,30,30,135,0,13,18.639045214944485,10.576317999948515,58.00965399976121,85406.0
1772924141,10,GET,/api/plugins/list,5.100000,0.000000,3,3,4,4,12,16,16,16,16,16,16,135,0,2,5.250440918408223,1.080333000572864,43.401594997703796,27.6
1772924141,10,POST,/api/plugins/load?uri,4.600000,0.000000,2,4,6,11,17,25,27,27,27,27,27,112,0,2,5.410048678576069,1.3249240000732243,53.515169001912,1969.267857142857
1772924141,10,POST,/api/plugins/unload?uri,4.600000,0.000000,2,4,6,10,13,14,28,28,28,28,28,112,0,2,4.315262705176792,1.1754760016629007,28.35171500191791,108.92857142857143
1772924141,10,,Aggregated,156.300000,0.000000,2,4,8,11,15,20,25,46,990,1000,1000,3185,0,3,13.319850378655223,1.0234609981125686,1040.962084000057,3885.4326530612243
1772924142,10,GET,/api/audio/latency,22.100000,0.000000,2,3,4,7,15,19,24,29,30,30,30,458,0,2,4.818206738054551,1.0234609981125686,30.409915998461656,33.0
1772924142,10,GET,/api/audio/levels,22.100000,0.000000,3,6,8,10,15,22,890,980,980,980,980,458,0,3,19.73053474674041,1.054486998327775,999.4249690025754,75.61135371179039
1772924142,10,GET,/api/audio/levels (during plugin swap),4.600000,0.000000,3,6,13,15,19,970,1000,1000,1000,1000,1000,116,0,3,40.97638131033505,1.0652109995135106,1007.5212990013824,75.80172413793103
1772924142,10,GET,/api/audio/levels/plugins,4.600000,0.000000,2,3,3,7,11,15,23,23,23,23,23,116,0,2,4.158636413915795,1.0371790012868587,40.08671200062963,20.275862068965516
1772924142,10,GET,/api/audio/status,18.200000,0.000000,2,2,3,5,13,16,21,24,27,27,27,359,0,2,5.529093481907537,1.0381230022176169,58.68061100045452,168.0
1772924142,10,GET,/api/chains/,5.100000,0.000000,4,12,14,14,15,23,25,25,25,25,25,138,0,4,33.13480450729464,1.3513000012608245,1004.6594980012742,1448.0869565217392
1772924142,10,GET,/api/chains/{id},18.200000,0.000000,3,7,11,14,16,22,920,950,990,990,990,359,0,3,29.04250475213077,1.2521550015662797,1040.962084000057,513.0612813370474
1772924142,10,POST,/api/chains/{id}/activate,18.200000,0.000000,3,4,6,9,16,19,25,46,49,49,49,359,0,4,7.55464175201983,1.1701449984684587,60.17273899851716,53.03621169916435
1772924142,10,POST,/api/chains/{id}/deactivate,18.200000,0.000000,2,3,3,4,12,15,20,22,25,25,25,359,0,2,4.591097651752121,1.168678998510586,74.90994999898248,61.721448467966574
1772924142,10,POST,/api/plugins/batch/parameters (500 updates),5.600000,0.000000,6,9,12,14,18,21,24,24,24,24,24,101,0,7,9.319477267270864,2.948886001831852,33.778520999476314,869.4752475247525
1772924142,10,GET,/api/plugins/discover,5.100000,0.000000,12,13,15,19,22,25,30,30,30,30,30,138,0,13,18.645721579836707,10.576317999948515,58.00965399976121,85406.0
1772924142,10,GET,/api/plugins/list,5.100000,0.000000,3,3,4,7,12,16,16,16,16,16,16,138,0,2,5.19405918827903,1.080333000572864,43.401594997703796,27.5
1772924142,10,POST,/api/plugins/load?uri,4.600000,0.000000,3,3,9,12,19,25,27,27,27,27,27,116,0,2,5.308665431051661,1.3249240000732243,53.515169001912,2054.1810344827586
1772924142,10,POST,/api/plugins/unload?uri,4.600000,0.000000,2,4,6,11,13,24,28,28,28,28,28,116,0,2,4.222447672246148,1.1754760016629007,28.35171500191791,109.1896551724138
1772924142,10,,Aggregated,156.300000,0.000000,2,4,8,11,15,20,25,47,990,1000,1000,3331,0,3,12.957033611530054,1.0234609981125686,1040.962084000057,3805.1681176823777
1772924143,10,GET,/api/audio/latency,21.000000,0.000000,2,3,5,8,15,18,24,29,30,30,30,474,0,2,4.856740449408962,1.0234609981125686,30.409915998461656,33.0
1772924143,10,GET,/api/audio/levels,21.000000,0.000000,3,6,8,12,18,24,890,980,980,980,980,474,0,3,19.492895350230498,1.054486998327775,999.4249690025754,75.66033755274262
1772924143,10,GET,/api/audio/levels (during plugin swap),4.400000,0.000000,3,5,12,14,19,960,1000,1000,1000,1000,1000,125,0,3,38.48928008801886,1.0652109995135106,1007.5212990013824,75.808
1772924143,10,GET,/api/audio/levels/plugins,4.400000,0.000000,2,3,7,8,13,15,23,23,23,23,23,124,0,2,4.3212482098111185,1.0371790012868587,40.08671200062963,20.080645161290324
1772924143,10,GET,/api/audio/status,17.700000,0.000000,2,2,3,6,12,16,21,24,27,27,27,376,0,2,5.482506704790099,1.0381230022176169,58.68061100045452,168.0
1772924143,10,GET,/api/chains/,4.400000,0.000000,4,11,14,14,17,25,26,26,26,26,26,144,0,4,31.999281555600746,1.3513000012608245,1004.6594980012742,1448.0833333333333
1772924143,10,GET,/api/chains/{id},17.600000,0.000000,3,8,11,14,17,25,46,950,990,990,990,378,0,3,28.05363134923037,1.2521550015662797,1040.962084000057,513.7222222222222
1772924143,10,POST,/api/chains/{id}/activate,17.700000,0.000000,3,5,8,12,16,21,25,46,49,49,49,376,0,4,7.618445234003686,1.1701449984684587,60.17273899851716,53.0186170212766
1772924143,10,POST,/api/chains/{id}/deactivate,17.600000,0.000000,2,2,3,4,11,14,20,20,22,22,22,376,0,2,4.519181880271951,1.168678998510586,74.90994999898248,61.734042553191486
1772924143,10,POST,/api/plugins/batch/parameters (500 updates),5.400000,0.000000,5,9,11,14,18,22,33,33,33,33,33,111,0,7,9.386077261231483,2.948886001831852,33.778520999476314,867.7657657657658
1772924143,10,GET,/api/plugins/discover,4.400000,0.000000,12,13,15,17,22,25,30,30,30,30,30,144,0,12,18.339512715404755,10.576317999948515,58.00965399976121,85406.0
1772924143,10,GET,/api/plugins/list,4.400000,0.000000,3,3,4,4,12,16,16,16,16,16,16,144,0,2,5.051929992911634,1.080333000572864,43.401594997703796,27.3125
1772924143,10,POST,/api/plugins/load?uri,4.400000,0.000000,3,4,9,11,18,25,27,27,27,27,27,124,0,2,5.406580653265513,1.3249240000732243,53.515169001912,2079.5725806451615
1772924143,10,POST,/api/plugins/unload?uri,4.400000,0.000000,2,3,4,10,13,16,28,28,28,28,28,124,0,2,4.192861120827729,1.1754760016629007,28.35171500191791,109.31451612903226
1772924143,10,,Aggregated,148.800000,0.000000,3,4,9,11,16,20,26,47,990,1000,1000,3494,0,3,12.686495356042977,1.0234609981125686,1040.962084000057,3790.10818546079
1772924144,10,GET,/api/audio/latency,22.100000,0.000000,2,3,6,8,15,18,24,29,30,30,30,499,0,2,4.836463947940647,1.0234609981125686,30.409915998461656,33.0
1772924144,10,GET,/api/audio/levels,22.100000,0.000000,3,6,9,12,18,24,890,980,980,980,980,499,0,3,18.840399753536918,1.054486998327775,999.4249690025754,75.6312625250501
1772924144,10,GET,/api/audio/levels (during plugin swap),4.500000,0.000000,3,7,13,15,20,960,1000,1000,1000,1000,1000,133,0,3,36.74056293232554,1.0652109995135106,1007.5212990013824,75.6390977443609
1772924144,10,GET,/api/audio/levels/plugins,4.500000,0.000000,2,3,8,9,14,19,26,26,26,26,26,133,0,2,4.591989947516424,1.0371790012868587,40.08671200062963,19.962406015037594
1772924144,10,GET,/api/audio/status,17.400000,0.000000,2,2,3,6,13,16,21,24,27,27,27,393,0,2,5.4380874478382015,1.0381230022176169,58.68061100045452,168.0
1772924144,10,GET,/api/chains/,3.900000,0.000000,3,12,14,14,23,25,26,26,26,26,26,146,0,4,31.73431048635892,1.3513000012608245,1004.6594980012742,1448.0958904109589
1772924144,10,GET,/api/chains/{id},17.400000,0.000000,3,9,12,14,18,25,920,950,990,990,990,393,0,3,27.22358516289772,1.2521550015662797,1040.962084000057,512.3155216284987
1772924144,10,POST,/api/chains/{id}/activate,17.400000,0.000000,4,5,9,11,16,21,25,46,49,49,49,393,0,4,7.529855773521471,1.1701449984684587,60.17273899851716,53.00254452926209
1772924144,10,POST,/api/chains/{id}/deactivate,17.400000,0.000000,2,2,3,5,12,15,20,20,21,21,21,393,0,2,4.5377095699250765,1.168678998510586,74.90994999898248,61.68193384223918
1772924144,10,POST,/api/plugins/batch/parameters (500 updates),5.500000,0.000000,6,10,11,14,19,22,24,33,33,33,33,121,0,7,9.489912752046207,2.948886001831852,33.778520999476314,867.5371900826447
1772924144,10,GET,/api/plugins/discover,3.900000,0.000000,12,13,17,20,24,25,30,30,30,30,30,146,0,12,18.35035056177581,10.576317999948515,58.00965399976121,85406.0
1772924144,10,GET,/api/plugins/list,3.900000,0.000000,3,3,4,7,14,16,16,16,16,16,16,146,0,2,5.088235445066247,1.080333000572864,43.401594997703796,27.78082191780822
1772924144,10,POST,/api/plugins/load?uri,4.500000,0.000000,3,7,14,16,19,25,27,27,27,27,27,133,0,2,5.7277795112758785,1.3249240000732243,53.515169001912,2150.2406015037595
1772924144,10,POST,/api/plugins/unload?uri,4.500000,0.000000,2,3,4,6,13,16,28,28,28,28,28,133,0,2,4.114621458514953,1.1754760016629007,28.35171500191791,109.41353383458646
1772924144,10,,Aggregated,149.000000,0.000000,3,5,9,12,16,21,27,47,990,1000,1000,3661,0,3,12.401840124566268,1.0234609981125686,1040.962084000057,3679.2179732313575
1772924145,10,GET,/api/audio/latency,21.200000,0.000000,2,3,6,10,16,19,24,29,30,30,30,519,0,2,4.854767924895084,1.0234609981125686,30.409915998461656,33.0
1772924145,10,GET,/api/audio/levels,21.200000,0.000000,3,7,10,13,19,27,890,980,980,980,980,519,0,3,18.43300660504386,1.054486998327775,999.4249690025754,75.60500963391137
1772924145,10,GET,/api/audio/levels (during plugin swap),4.800000,0.000000,4,8,13,15,20,960,1000,1000,1000,1000,1000,135,0,3,36.30130996297575,1.0652109995135106,1007.5212990013824,75.6962962962963
1772924145,10,GET,/api/audio/levels/plugins,4.800000,0.000000,2,3,7,8,13,18,26,26,26,26,26,135,0,2,4.5511475631091916,1.0371790012868587,40.08671200062963,19.97037037037037
1772924145,10,GET,/api/audio/status,16.700000,0.000000,2,3,4,8,13,16,20,24,27,27,27,413,0,2,5.465695217931313,1.0381230022176169,58.68061100045452,168.0
1772924145,10,GET,/api/chains/,3.900000,0.000000,3,4,12,14,23,25,26,26,26,26,26,151,0,4,30.831262496733128,1.3513000012608245,1004.6594980012742,1448.1059602649007
1772924145,10,GET,/api/chains/{id},16.700000,0.000000,4,9,13,14,18,26,920,950,990,990,990,413,0,3,26.287384060597724,1.2521550015662797,1040.962084000057,513.3341404358354
1772924145,10,POST,/api/chains/{id}/activate,16.700000,0.000000,4,6,10,14,17,21,25,46,49,49,49,413,0,4,7.580814663415984,1.1701449984684587,60.17273899851716,53.03874092009685
1772924145,10,POST,/api/chains/{id}/deactivate,16.700000,0.000000,2,2,4,6,14,15,20,21,50,50,50,413,0,2,4.635899755400118,1.168678998510586,74.90994999898248,61.63680387409201
1772924145,10,POST,/api/plugins/batch/parameters (500 updates),5.900000,0.000000,7,10,12,15,21,24,24,33,33,33,33,132,0,7,9.399369106039089,2.948886001831852,33.778520999476314,866.2651515151515
1772924145,10,GET,/api/plugins/discover,3.800000,0.000000,12,15,17,20,24,25,30,30,30,30,30,151,0,12,18.19259150343348,10.576317999948515,58.00965399976121,85406.0
1772924145,10,GET,/api/plugins/list,3.900000,0.000000,2,3,4,7,14,16,18,18,18,18,18,151,0,2,5.164660218387452,1.080333000572864,43.401594997703796,27.62251655629139
1772924145,10,POST,/api/plugins/load?uri,4.800000,0.000000,3,8,16,16,18,25,27,27,27,27,27,135,0,2,5.817517266674527,1.3249240000732243,53.515169001912,2181.777777777778
1772924145,10,POST,/api/plugins/unload?uri,4.800000,0.000000,2,3,4,4,13,16,28,28,28,28,28,135,0,2,4.094175755421424,1.1754760016629007,28.35171500191791,109.64444444444445
1772924145,10,,Aggregated,145.900000,0.000000,3,6,10,12,17,22,28,50,990,1000,1000,3815,0,3,12.194553727665818,1.0234609981125686,1040.962084000057,3654.223591087811
1772924146,10,GET,/api/audio/latency,21.400000,0.000000,2,4,6,10,17,19,24,29,30,30,30,534,0,2,4.840220031878692,1.0234609981125686,30.409915998461656,33.0
1772924146,10,GET,/api/audio/levels,21.400000,0.000000,3,6,10,13,20,35,890,980,980,980,980,534,0,3,18.109194161059193,1.054486998327775,999.4249690025754,75.58052434456928
1772924146,10,GET,/api/audio/levels (during plugin swap),5.000000,0.000000,5,8,13,16,22,960,1000,1000,1000,1000,1000,142,0,3,34.837802042295124,1.0652109995135106,1007.5212990013824,75.74647887323944
1772924146,10,GET,/api/audio/levels/plugins,5.000000,0.000000,3,3,8,9,14,18,26,26,26,26,26,142,0,2,4.520920986079276,1.0371790012868587,40.08671200062963,19.950704225352112
1772924146,10,GET,/api/audio/status,16.500000,0.000000,2,3,4,8,14,16,20,24,27,27,27,435,0,2,5.37232564143862,1.0381230022176169,58.68061100045452,168.0
1772924146,10,GET,/api/chains/,3.800000,0.000000,3,4,12,14,23,25,26,26,26,26,26,154,0,4,30.26858601952444,1.3513000012608245,1004.6594980012742,1448.1038961038962
1772924146,10,GET,/api/chains/{id},16.600000,0.000000,3,9,12,14,19,26,920,950,990,990,990,435,0,3,25.210116659816297,1.2521550015662797,1040.962084000057,513.7954022988506
1772924146,10,POST,/api/chains/{id}/activate,16.600000,0.000000,4,8,11,14,19,22,25,46,49,49,49,435,0,4,7.536786225264431,1.1701449984684587,60.17273899851716,53.160919540229884
1772924146,10,POST,/api/chains/{id}/deactivate,16.500000,0.000000,2,3,4,6,14,15,20,21,50,50,50,435,0,2,4.580014478130903,1.168678998510586,74.90994999898248,61.6551724137931
1772924146,10,POST,/api/plugins/batch/parameters (500 updates),5.900000,0.000000,7,10,14,17,21,23,24,33,33,33,33,143,0,7,9.41729038459016,2.948886001831852,33.778520999476314,866.979020979021
1772924146,10,GET,/api/plugins/discover,3.800000,0.000000,12,16,17,20,25,27,30,30,30,30,30,154,0,12,18.189776636488688,10.576317999948515,58.00965399976121,85406.0
1772924146,10,GET,/api/plugins/list,3.800000,0.000000,2,3,3,3,11,14,18,18,18,18,18,154,0,2,5.095002279040863,1.080333000572864,43.401594997703796,28.025974025974026
1772924146,10,POST,/api/plugins/load?uri,5.000000,0.000000,3,8,16,17,22,25,27,27,27,27,27,142,0,2,5.798038894335804,1.3249240000732243,53.515169001912,2146.8732394366198
1772924146,10,POST,/api/plugins/unload?uri,5.000000,0.000000,2,3,4,12,16,16,28,28,28,28,28,142,0,2,4.2229968097364665,1.1754760016629007,28.35171500191791,109.2605633802817
1772924146,10,,Aggregated,146.300000,0.000000,3,6,10,12,17,22,28,50,990,1000,1000,3981,0,3,11.915341459697016,1.0234609981125686,1040.962084000057,3577.566942979151
1772924147,10,GET,/api/audio/latency,21.000000,0.000000,3,5,9,12,17,19,24,29,30,30,30,560,0,2,4.925559603615121,1.0234609981125686,30.409915998461656,33.0
1772924147,10,GET,/api/audio/levels,21.000000,0.000000,4,8,10,13,19,27,890,980,980,980,980,560,0,3,17.630686901826007,1.0466029998497106,999.4249690025754,75.6
1772924147,10,GET,/api/audio/levels (during plugin swap),5.000000,0.000000,5,8,12,17,27,970,1000,1000,1000,1000,1000,143,0,3,34.67064420283032,1.0652109995135106,1007.5212990013824,75.72727272727273
1772924147,10,GET,/api/audio/levels/plugins,5.000000,0.000000,2,3,8,9,14,19,26,26,26,26,26,143,0,2,4.5026438673013836,1.0371790012868587,40.08671200062963,19.90909090909091
1772924147,10,GET,/api/audio/status,16.000000,0.000000,2,2,4,7,13,16,20,24,27,27,27,454,0,2,5.292799442808815,1.0381230022176169,58.68061100045452,168.0
1772924147,10,GET,/api/chains/,4.000000,0.000000,3,4,12,14,24,25,26,26,26,26,26,154,0,4,30.26858601952444,1.3513000012608245,1004.6594980012742,1448.1038961038962
1772924147,10,GET,/api/chains/{id},16.100000,0.000000,3,8,11,14,18,26,920,950,990,990,990,454,0,3,24.384836951578855,1.2494990005507134,1040.962084000057,514.3127753303964
1772924147,10,POST,/api/chains/{id}/activate,16.000000,0.000000,4,6,10,13,20,22,25,46,49,49,49,454,0,4,7.439434414075024,1.1701449984684587,60.17273899851716,53.11674008810573
1772924147,10,POST,/api/chains/{id}/deactivate,16.000000,0.000000,2,2,3,5,14,15,20,21,50,50,50,454,0,2,4.516882398653925,1.168678998510586,74.90994999898248,61.669603524229075
1772924147,10,POST,/api/plugins/batch/parameters (500 updates),6.400000,0.000000,6,10,14,17,21,23,24,33,33,33,33,150,0,6,9.469154313313387,2.948886001831852,33.778520999476314,865.3666666666667
1772924147,10,GET,/api/plugins/discover,4.000000,0.000000,12,16,17,20,25,25,27,27,27,27,27,154,0,12,18.189776636488688,10.576317999948515,58.00965399976121,85406.0
1772924147,10,GET,/api/plugins/list,4.000000,0.000000,2,3,3,4,12,14,18,18,18,18,18,154,0,2,5.095002279040863,1.080333000572864,43.401594997703796,28.025974025974026
1772924147,10,POST,/api/plugins/load?uri,5.000000,0.000000,3,8,16,18,23,25,27,27,27,27,27,143,0,2,5.776033713258444,1.3249240000732243,53.515169001912,2140.965034965035
1772924147,10,POST,/api/plugins/unload?uri,5.000000,0.000000,2,3,7,13,16,24,28,28,28,28,28,143,0,2,4.2042591397345666,1.1754760016629007,28.35171500191791,109.24475524475524
1772924147,10,,Aggregated,144.500000,0.000000,3,6,10,12,17,22,27,50,990,1000,1000,4120,0,3,11.706278208271877,1.0234609981125686,1040.962084000057,3463.0601941747573
1772924148,10,GET,/api/audio/latency,20.600000,0.000000,2,4,7,10,15,18,24,29,30,30,30,586,0,2,4.841639684324384,1.0234609981125686,30.409915998461656,33.0
1772924148,10,GET,/api/audio/levels,20.600000,0.000000,3,8,10,14,17,24,890,980,980,980,980,586,0,3,17.100512641710765,1.0466029998497106,999.4249690025754,75.52901023890784
1772924148,10,GET,/api/audio/levels (during plugin swap),4.900000,0.000000,4,7,11,12,22,960,1000,1000,1000,1000,1000,151,0,3,33.052788649013785,1.0652109995135106,1007.5212990013824,75.75496688741723
1772924148,10,GET,/api/audio/levels/plugins,4.900000,0.000000,2,3,8,9,14,19,26,26,26,26,26,151,0,2,4.578572039945176,1.0371790012868587,40.08671200062963,19.85430463576159
1772924148,10,GET,/api/audio/status,16.400000,0.000000,2,2,4,7,13,16,18,20,24,24,24,474,0,2,5.193773565489336,1.0381230022176169,58.68061100045452,168.0
1772924148,10,GET,/api/chains/,3.700000,0.000000,3,4,12,14,24,25,26,26,26,26,26,156,0,4,29.976756692378377,1.3513000012608245,1004.6594980012742,1448.1025641025642
1772924148,10,GET,/api/chains/{id},16.400000,0.000000,3,6,10,12,18,26,920,950,990,990,990,474,0,3,23.5043183080351,1.2494990005507134,1040.962084000057,514.0400843881856
1772924148,10,POST,/api/chains/{id}/activate,16.400000,0.000000,4,6,10,14,17,22,25,46,49,49,49,474,0,4,7.314075335402451,1.1701449984684587,60.17273899851716,53.143459915611814
1772924148,10,POST,/api/chains/{id}/deactivate,16.400000,0.000000,2,2,3,4,14,15,18,21,50,50,50,474,0,2,4.416073280554127,1.168678998510586,74.90994999898248,61.68354430379747
1772924148,10,POST,/api/plugins/batch/parameters (500 updates),7.000000,0.000000,6,10,13,17,21,23,24,33,33,33,33,157,0,6,9.439699522309134,2.948886001831852,33.778520999476314,865.5286624203821
1772924148,10,GET,/api/plugins/discover,3.600000,0.000000,12,16,20,21,25,25,27,27,27,27,27,156,0,12,18.17137825652865,10.576317999948515,58.00965399976121,85406.0
1772924148,10,GET,/api/plugins/list,3.700000,0.000000,2,3,3,3,11,14,18,18,18,18,18,156,0,2,5.051077813918826,1.080333000572864,43.401594997703796,27.96153846153846
1772924148,10,POST,/api/plugins/load?uri,4.900000,0.000000,3,6,14,16,22,25,27,27,27,27,27,151,0,2,5.663835827784693,1.3249240000732243,53.515169001912,2166.5960264900664
1772924148,10,POST,/api/plugins/unload?uri,4.900000,0.000000,2,3,5,12,16,16,28,28,28,28,28,151,0,2,4.18043152309857,1.1754760016629007,28.35171500191791,109.29801324503312
1772924148,10,,Aggregated,144.400000,0.000000,3,5,9,12,16,22,27,50,990,1000,1000,4297,0,3,11.396559717265568,1.0234609981125686,1040.962084000057,3371.8640912264373
1772924149,10,GET,/api/audio/latency,20.400000,0.000000,2,4,6,9,15,18,24,29,30,30,30,613,0,2,4.797143104435508,1.0234609981125686,30.409915998461656,33.0
1772924149,10,GET,/api/audio/levels,20.400000,0.000000,3,8,11,14,19,24,890,980,980,980,980,613,0,3,16.636565918510268,1.0466029998497106,999.4249690025754,75.5236541598695
1772924149,10,GET,/api/audio/levels (during plugin swap),4.300000,0.000000,4,8,11,12,22,960,1000,1000,1000,1000,1000,154,0,3,32.569720045469325,1.0652109995135106,1007.5212990013824,75.7012987012987
1772924149,10,GET,/api/audio/levels/plugins,4.300000,0.000000,2,3,8,9,14,19,26,26,26,26,26,154,0,2,4.536955558640849,1.0371790012868587,40.08671200062963,19.90909090909091
1772924149,10,GET,/api/audio/status,16.800000,0.000000,2,2,4,7,12,16,17,18,24,24,24,488,0,2,5.134275516493439,1.0381230022176169,58.68061100045452,168.0
1772924149,10,GET,/api/chains/,3.200000,0.000000,3,3,10,14,14,24,26,26,26,26,26,156,0,4,29.976756692378377,1.3513000012608245,1004.6594980012742,1448.1025641025642
1772924149,10,GET,/api/chains/{id},16.800000,0.000000,3,6,8,11,16,26,44,950,990,990,990,488,0,3,22.95184970289036,1.2494990005507134,1040.962084000057,512.2254098360655
1772924149,10,POST,/api/chains/{id}/activate,16.800000,0.000000,4,8,10,13,16,22,24,46,49,49,49,488,0,4,7.29308221307143,1.1701449984684587,60.17273899851716,53.084016393442624
1772924149,10,POST,/api/chains/{id}/deactivate,16.900000,0.000000,1,2,3,3,12,15,17,21,50,50,50,488,0,2,4.357381893412105,1.168678998510586,74.90994999898248,61.692622950819676
1772924149,10,POST,/api/plugins/batch/parameters (500 updates),7.300000,0.000000,5,10,13,15,21,23,24,33,33,33,33,170,0,6,9.353186235324863,2.948886001831852,33.778520999476314,867.535294117647
1772924149,10,GET,/api/plugins/discover,3.200000,0.000000,12,16,21,22,25,25,27,27,27,27,27,156,0,12,18.17137825652865,10.576317999948515,58.00965399976121,85406.0
1772924149,10,GET,/api/plugins/list,3.200000,0.000000,2,3,3,3,11,14,18,18,18,18,18,156,0,2,5.051077813918826,1.080333000572864,43.401594997703796,27.96153846153846
1772924149,10,POST,/api/plugins/load?uri,4.300000,0.000000,3,7,15,17,22,25,27,27,27,27,27,154,0,2,5.709934785635915,1.3249240000732243,53.515169001912,2200.0779220779223
1772924149,10,POST,/api/plugins/unload?uri,4.300000,0.000000,2,3,4,7,14,16,24,24,24,24,24,154,0,2,4.14617385704096,1.1754760016629007,28.35171500191791,109.45454545454545
1772924149,10,,Aggregated,142.200000,0.000000,3,5,9,11,16,21,27,49,990,1000,1000,4432,0,3,11.203002447450425,1.0234609981125686,1040.962084000057,3277.5182761732854
1772924150,10,GET,/api/audio/latency,20.100000,0.000000,2,4,6,9,14,16,18,19,20,20,20,641,0,2,4.817761137300197,1.0234609981125686,30.409915998461656,33.0
1772924150,10,GET,/api/audio/levels,20.100000,0.000000,3,8,11,14,18,22,25,46,55,55,55,641,0,3,16.23560146964591,1.0466029998497106,999.4249690025754,75.49453978159126
1772924150,10,GET,/api/audio/levels (during plugin swap),4.800000,0.000000,4,7,10,12,15,20,27,27,27,27,27,157,0,3,32.09006705099014,1.0652109995135106,1007.5212990013824,75.64968152866243
1772924150,10,GET,/api/audio/levels/plugins,4.800000,0.000000,2,3,4,9,14,19,26,26,26,26,26,157,0,2,4.523424961969181,1.0371790012868587,40.08671200062963,19.961783439490446
1772924150,10,GET,/api/audio/status,16.800000,0.000000,2,2,4,7,13,16,18,24,29,29,29,507,0,2,5.145374648966719,1.0381230022176169,58.68061100045452,168.0
1772924150,10,GET,/api/chains/,3.100000,0.000000,3,3,10,14,14,24,26,26,26,26,26,159,0,4,29.475441358565448,1.3513000012608245,1004.6594980012742,1448.1006289308177
1772924150,10,GET,/api/chains/{id},16.800000,0.000000,3,6,8,9,14,18,27,42,44,44,44,507,0,3,22.2676847100942,1.2494990005507134,1040.962084000057,508.73570019723866
1772924150,10,POST,/api/chains/{id}/activate,16.800000,0.000000,4,6,9,12,16,21,23,24,32,32,32,507,0,4,7.253394321449474,1.1701449984684587,60.17273899851716,53.09664694280079
1772924150,10,POST,/api/chains/{id}/deactivate,16.800000,0.000000,1,2,3,3,10,15,17,21,50,50,50,507,0,2,4.297670094635077,1.168678998510586,74.90994999898248,61.70414201183432
1772924150,10,POST,/api/plugins/batch/parameters (500 updates),7.400000,0.000000,7,11,13,16,21,23,24,33,33,33,33,177,0,7,9.488326395471452,2.948886001831852,33.778520999476314,870.0338983050848
1772924150,10,GET,/api/plugins/discover,3.100000,0.000000,13,16,22,24,25,26,27,27,27,27,27,159,0,13,18.242659773720604,10.576317999948515,58.00965399976121,85406.0
1772924150,10,GET,/api/plugins/list,3.100000,0.000000,2,3,3,4,11,14,18,18,18,18,18,159,0,2,5.00413481113241,1.080333000572864,43.401594997703796,27.867924528301888
1772924150,10,POST,/api/plugins/load?uri,4.800000,0.000000,3,6,8,15,18,18,23,23,23,23,23,157,0,2,5.688193490363362,1.3249240000732243,53.515169001912,2212.2802547770702
1772924150,10,POST,/api/plugins/unload?uri,4.800000,0.000000,2,2,3,3,14,16,16,16,16,16,16,157,0,2,4.094132076322129,1.1754760016629007,28.35171500191791,109.45859872611464
1772924150,10,,Aggregated,143.300000,0.000000,3,5,8,11,16,19,24,26,54,55,55,4592,0,3,11.018386069698916,1.0234609981125686,1040.962084000057,3227.04856271777
1772924151,10,GET,/api/audio/latency,20.100000,0.000000,2,4,6,9,14,17,19,20,21,21,21,651,0,2,4.8171759692933,1.0234609981125686,30.409915998461656,33.0
1772924151,10,GET,/api/audio/levels,20.100000,0.000000,3,7,11,14,18,22,35,54,55,55,55,651,0,3,16.052951662114157,1.0466029998497106,999.4249690025754,75.47619047619048
1772924151,10,GET,/api/audio/levels (during plugin swap),4.800000,0.000000,5,9,11,12,15,20,27,27,27,27,27,160,0,3,31.614802312515167,1.0652109995135106,1007.5212990013824,75.68125
1772924151,10,GET,/api/audio/levels/plugins,4.800000,0.000000,2,3,7,9,14,19,26,26,26,26,26,160,0,2,4.4753237189070205,1.0371790012868587,40.08671200062963,20.0125
1772924151,10,GET,/api/audio/status,16.800000,0.000000,2,2,4,7,13,16,18,24,29,29,29,515,0,2,5.096026203929655,1.0381230022176169,58.68061100045452,168.0
1772924151,10,GET,/api/chains/,3.100000,0.000000,3,3,3,6,14,24,26,26,26,26,26,159,0,4,29.475441358565448,1.3513000012608245,1004.6594980012742,1448.1006289308177
1772924151,10,GET,/api/chains/{id},16.800000,0.000000,3,5,8,9,14,18,27,42,44,44,44,515,0,3,22.010640906821596,1.2494990005507134,1040.962084000057,507.6038834951456
1772924151,10,POST,/api/chains/{id}/activate,16.800000,0.000000,4,6,9,11,16,21,23,24,32,32,32,515,0,4,7.184711763043594,1.1701449984684587,60.17273899851716,53.15533980582524
1772924151,10,POST,/api/chains/{id}/deactivate,16.800000,0.000000,1,2,2,3,10,15,17,21,50,50,50,515,0,2,4.262158417450072,1.168678998510586,74.90994999898248,61.70873786407767
1772924151,10,POST,/api/plugins/batch/parameters (500 updates),7.400000,0.000000,8,11,13,15,21,23,24,33,33,33,33,182,0,7,9.392987796712946,2.948886001831852,33.778520999476314,869.7857142857143
1772924151,10,GET,/api/plugins/discover,3.100000,0.000000,12,16,17,21,25,26,27,27,27,27,27,159,0,13,18.242659773720604,10.576317999948515,58.00965399976121,85406.0
1772924151,10,GET,/api/plugins/list,3.100000,0.000000,2,2,3,3,11,14,18,18,18,18,18,159,0,2,5.00413481113241,1.080333000572864,43.401594997703796,27.867924528301888
1772924151,10,POST,/api/plugins/load?uri,4.800000,0.000000,3,6,14,16,18,18,23,23,23,23,23,160,0,2,5.707792987391258,1.3249240000732243,53.515169001912,2185.8375
1772924151,10,POST,/api/plugins/unload?uri,4.800000,0.000000,2,3,3,3,14,16,16,16,16,16,16,160,0,2,4.057859099907546,1.1754760016629007,28.35171500191791,109.49375
1772924151,10,,Aggregated,143.300000,0.000000,3,5,8,10,16,19,24,27,54,55,55,4661,0,3,10.914140438969756,1.0234609981125686,1040.962084000057,3182.322892083244
1772924152,10,GET,/api/audio/latency,22.200000,0.000000,2,3,6,9,14,18,19,21,21,21,21,662,0,2,4.8142916510687295,1.0234609981125686,30.409915998461656,33.0
1772924152,10,GET,/api/audio/levels,22.200000,0.000000,3,7,10,13,18,22,46,890,1000,1000,1000,662,0,3,18.755081371659042,1.0466029998497106,1040.2998699973978,75.51359516616314
1772924152,10,GET,/api/audio/levels (during plugin swap),4.900000,0.000000,5,10,11,12,22,910,1000,1000,1000,1000,1000,165,0,3,48.49998698788995,1.0652109995135106,1023.4881830001541,75.83636363636364
1772924152,10,GET,/api/audio/levels/plugins,4.900000,0.000000,2,3,5,8,18,21,26,26,26,26,26,165,0,2,4.624937709255998,1.0371790012868587,40.08671200062963,19.98787878787879
1772924152,10,GET,/api/audio/status,16.900000,0.000000,2,2,3,7,14,17,24,26,29,29,29,523,0,2,5.121901717066901,1.0381230022176169,58.68061100045452,168.0
1772924152,10,GET,/api/chains/,2.600000,0.000000,3,3,10,10,24,1000,1000,1000,1000,1000,1000,160,0,4,35.78325576258976,1.3513000012608245,1038.7257460024557,1448.1
1772924152,10,GET,/api/chains/{id},16.900000,0.000000,3,5,8,9,14,18,27,44,990,990,990,524,0,3,23.665110416060152,1.2494990005507134,1040.962084000057,507.1393129770992
1772924152,10,POST,/api/chains/{id}/activate,16.900000,0.000000,3,6,9,11,16,21,23,23,32,32,32,523,0,4,7.246307384260976,1.1701449984684587,60.17273899851716,53.11663479923518
1772924152,10,POST,/api/chains/{id}/deactivate,16.900000,0.000000,1,2,2,3,10,15,18,21,50,50,50,523,0,2,4.225838516236349,1.168678998510586,74.90994999898248,61.7131931166348
1772924152,10,POST,/api/plugins/batch/parameters (500 updates),8.500000,0.000000,8,11,15,17,22,24,970,1000,1000,1000,1000,190,0,7,24.58157601579028,2.948886001831852,1024.527470999601,869.2052631578947
1772924152,10,GET,/api/plugins/discover,2.600000,0.000000,16,17,21,24,26,27,27,27,27,27,27,160,0,13,18.220616150142632,10.576317999948515,58.00965399976121,85406.0
1772924152,10,GET,/api/plugins/list,2.600000,0.000000,2,3,11,11,17,18,18,18,18,18,18,160,0,2,5.07641034982953,1.080333000572864,43.401594997703796,29.4
1772924152,10,POST,/api/plugins/load?uri,4.900000,0.000000,3,7,15,16,19,20,23,23,23,23,23,165,0,2,5.915968872608518,1.3249240000732243,53.515169001912,2246.0666666666666
1772924152,10,POST,/api/plugins/unload?uri,4.900000,0.000000,2,3,3,5,14,14,16,16,16,16,16,165,0,2,4.158132739306011,1.1754760016629007,28.35171500191791,109.56969696969696
1772924152,10,,Aggregated,147.900000,0.000000,3,5,8,11,16,20,25,46,1000,1000,1000,4747,0,3,12.899370897209277,1.0234609981125686,1040.962084000057,3150.7261428270485
1772924153,10,GET,/api/audio/latency,22.100000,0.000000,2,3,5,8,13,18,19,21,21,21,21,684,0,2,4.742196000016089,1.0234609981125686,30.409915998461656,33.0
1772924153,10,GET,/api/audio/levels,22.100000,0.000000,3,5,9,11,17,21,46,890,1000,1000,1000,684,0,3,18.251303852381245,1.0466029998497106,1040.2998699973978,75.48976608187135
1772924153,10,GET,/api/audio/levels (during plugin swap),4.800000,0.000000,4,11,12,14,28,1000,1000,1000,1000,1000,1000,170,0,3,47.41747884119618,1.0652109995135106,1023.4881830001541,75.82941176470588
1772924153,10,GET,/api/audio/levels/plugins,4.800000,0.000000,2,3,3,5,18,25,26,26,26,26,26,170,0,2,4.677666164827635,1.0371790012868587,40.08671200062963,19.96470588235294
1772924153,10,GET,/api/audio/status,17.100000,0.000000,2,2,3,5,13,16,19,26,29,29,29,543,0,2,5.009972780906095,1.0381230022176169,58.68061100045452,168.0
1772924153,10,GET,/api/chains/,2.400000,0.000000,3,3,6,10,14,1000,1000,1000,1000,1000,1000,160,0,4,35.78325576258976,1.3513000012608245,1038.7257460024557,1448.1
1772924153,10,GET,/api/chains/{id},17.100000,0.000000,3,4,8,9,13,16,25,44,990,990,990,543,0,3,22.971892591198593,1.2494990005507134,1040.962084000057,505.6169429097606
1772924153,10,POST,/api/chains/{id}/activate,17.100000,0.000000,3,6,9,12,17,21,23,23,32,32,32,543,0,4,7.1588959097017,1.1701449984684587,60.17273899851716,53.0939226519337
1772924153,10,POST,/api/chains/{id}/deactivate,17.200000,0.000000,1,2,2,3,7,15,18,21,50,50,50,542,0,2,4.173927968632661,1.168678998510586,74.90994999898248,61.723247232472325
1772924153,10,POST,/api/plugins/batch/parameters (500 updates),8.900000,0.000000,6,11,13,16,22,24,970,1000,1000,1000,1000,204,0,6,23.264370058866774,2.948886001831852,1024.527470999601,869.8578431372549
1772924153,10,GET,/api/plugins/discover,2.400000,0.000000,16,17,21,24,26,27,27,27,27,27,27,160,0,13,18.220616150142632,10.576317999948515,58.00965399976121,85406.0
1772924153,10,GET,/api/plugins/list,2.400000,0.000000,2,3,4,11,17,18,18,18,18,18,18,160,0,2,5.07641034982953,1.080333000572864,43.401594997703796,29.4
1772924153,10,POST,/api/plugins/load?uri,4.800000,0.000000,2,4,6,15,19,20,23,23,23,23,23,170,0,2,5.833342746935908,1.3249240000732243,53.515169001912,2221.035294117647
1772924153,10,POST,/api/plugins/unload?uri,4.800000,0.000000,2,3,4,5,14,16,16,16,16,16,16,170,0,2,4.1047143175520056,1.1754760016629007,28.35171500191791,109.39411764705882
1772924153,10,,Aggregated,148.000000,0.000000,2,4,7,10,16,19,25,46,1000,1000,1000,4903,0,3,12.607725319205644,1.0234609981125686,1040.962084000057,3058.0326330817866
1772924154,10,GET,/api/audio/latency,20.300000,0.000000,2,3,5,6,11,16,19,21,21,21,21,711,0,2,4.685880773584604,1.0234609981125686,30.409915998461656,33.0
1772924154,10,GET,/api/audio/levels,20.300000,0.000000,3,5,8,11,16,21,34,890,1000,1000,1000,711,0,3,17.801292857996433,1.0466029998497106,1040.2998699973978,75.46835443037975
1772924154,10,GET,/api/audio/levels (during plugin swap),4.900000,0.000000,4,10,12,14,22,910,1000,1000,1000,1000,1000,178,0,3,45.548753438217744,1.0652109995135106,1023.4881830001541,75.84831460674157
1772924154,10,GET,/api/audio/levels/plugins,4.900000,0.000000,2,3,5,8,18,23,26,26,26,26,26,178,0,2,4.785685399020735,1.0371790012868587,40.08671200062963,19.915730337078653
1772924154,10,GET,/api/audio/status,16.300000,0.000000,2,2,3,4,9,15,19,26,29,29,29,561,0,2,4.947690278128648,1.0381230022176169,58.68061100045452,168.0
1772924154,10,GET,/api/chains/,2.200000,0.000000,3,3,6,14,1000,1000,1000,1000,1000,1000,1000,160,0,4,35.78325576258976,1.3513000012608245,1038.7257460024557,1448.1
1772924154,10,GET,/api/chains/{id},16.300000,0.000000,3,5,8,9,14,17,25,29,990,990,990,561,0,3,22.546539985789405,1.2494990005507134,1040.962084000057,506.31907308377896
1772924154,10,POST,/api/chains/{id}/activate,16.300000,0.000000,3,5,8,10,17,22,23,28,32,32,32,561,0,4,7.14145501065842,1.1701449984684587,60.17273899851716,53.09269162210339
1772924154,10,POST,/api/chains/{id}/deactivate,16.300000,0.000000,1,2,2,2,7,12,17,21,29,29,29,561,0,2,4.181713155090934,1.168678998510586,74.90994999898248,61.73262032085562
1772924154,10,POST,/api/plugins/batch/parameters (500 updates),8.500000,0.000000,5,11,13,15,21,23,970,1000,1000,1000,1000,215,0,6,22.40495101860413,2.948886001831852,1024.527470999601,870.8558139534883
1772924154,10,GET,/api/plugins/discover,2.200000,0.000000,16,21,24,26,27,27,27,27,27,27,27,160,0,13,18.220616150142632,10.576317999948515,58.00965399976121,85406.0
1772924154,10,GET,/api/plugins/list,2.200000,0.000000,2,2,2,4,17,17,17,17,17,17,17,160,0,2,5.07641034982953,1.080333000572864,43.401594997703796,29.4
1772924154,10,POST,/api/plugins/load?uri,4.900000,0.000000,3,4,7,15,18,20,23,23,23,23,23,178,0,2,5.937672100996035,1.3249240000732243,53.515169001912,2218.6629213483147
1772924154,10,POST,/api/plugins/unload?uri,4.900000,0.000000,2,3,4,5,12,14,16,16,16,16,16,178,0,2,4.071445331360695,1.1754760016629007,28.35171500191791,109.5
1772924154,10,,Aggregated,140.500000,0.000000,2,4,7,9,15,19,24,32,1000,1000,1000,5073,0,3,12.374532548412237,1.0234609981125686,1040.962084000057,2964.6922925290755
1772924155,10,GET,/api/audio/latency,20.900000,0.000000,2,3,5,6,11,16,19,21,21,21,21,728,0,2,4.666324234906594,1.0234609981125686,30.409915998461656,33.0
1772924155,10,GET,/api/audio/levels,20.900000,0.000000,3,5,8,11,16,21,34,890,1000,1000,1000,728,0,3,17.529730476701015,1.0466029998497106,1040.2998699973978,75.51785714285714
1772924155,10,GET,/api/audio/levels (during plugin swap),4.600000,0.000000,4,9,11,14,17,910,1000,1000,1000,1000,1000,186,0,3,43.81530380650015,1.0652109995135106,1023.4881830001541,75.79569892473118
1772924155,10,GET,/api/audio/levels/plugins,4.600000,0.000000,2,3,4,8,18,23,26,26,26,26,26,186,0,2,4.727205768988345,1.0371790012868587,40.08671200062963,19.870967741935484
1772924155,10,GET,/api/audio/status,16.400000,0.000000,2,2,3,3,9,15,19,26,29,29,29,581,0,2,4.870346327067688,1.0381230022176169,58.68061100045452,168.0
1772924155,10,GET,/api/chains/,1.600000,0.000000,3,3,6,14,1000,1000,1000,1000,1000,1000,1000,160,0,4,35.78325576258976,1.3513000012608245,1038.7257460024557,1448.1
1772924155,10,GET,/api/chains/{id},16.400000,0.000000,3,5,8,9,14,17,25,29,990,990,990,581,0,3,21.901698827923063,1.2494990005507134,1040.962084000057,504.61790017211706
1772924155,10,POST,/api/chains/{id}/activate,16.400000,0.000000,3,5,8,9,15,21,28,29,32,32,32,581,0,4,7.06568307742035,1.1701449984684587,60.17273899851716,53.11531841652324
1772924155,10,POST,/api/chains/{id}/deactivate,16.400000,0.000000,1,2,2,2,7,12,21,21,29,29,29,581,0,2,4.158401752146552,1.168678998510586,74.90994999898248,61.741824440619624
1772924155,10,POST,/api/plugins/batch/parameters (500 updates),9.100000,0.000000,5,10,13,15,19,23,970,1000,1000,1000,1000,226,0,6,21.68247805750183,2.948886001831852,1024.527470999601,870.5176991150443
1772924155,10,GET,/api/plugins/discover,1.700000,0.000000,16,21,24,24,26,26,26,26,26,26,26,160,0,13,18.220616150142632,10.576317999948515,58.00965399976121,85406.0
1772924155,10,GET,/api/plugins/list,1.600000,0.000000,2,2,2,4,17,17,17,17,17,17,17,160,0,2,5.07641034982953,1.080333000572864,43.401594997703796,29.4
1772924155,10,POST,/api/plugins/load?uri,4.600000,0.000000,3,4,6,12,17,19,20,20,20,20,20,186,0,2,5.7833407687232015,1.3249240000732243,53.515169001912,2257.7526881720432
1772924155,10,POST,/api/plugins/unload?uri,4.600000,0.000000,2,3,4,5,8,12,14,14,14,14,14,186,0,2,4.037418779496933,1.1754760016629007,28.35171500191791,109.55376344086021
1772924155,10,,Aggregated,139.800000,0.000000,2,4,6,8,14,18,25,32,1000,1000,1000,5230,0,3,12.130618090075231,1.0234609981125686,1040.962084000057,2885.8
1772924156,10,GET,/api/audio/latency,20.600000,0.000000,2,3,4,5,11,16,19,21,21,21,21,759,0,2,4.6646473399406485,1.0234609981125686,30.409915998461656,33.0
1772924156,10,GET,/api/audio/levels,20.600000,0.000000,3,5,7,11,16,20,34,890,1000,1000,1000,759,0,3,17.01488656000806,1.0466029998497106,1040.2998699973978,75.46640316205534
1772924156,10,GET,/api/audio/levels (during plugin swap),4.500000,0.000000,4,9,11,14,17,910,1000,1000,1000,1000,1000,197,0,4,41.76255568021644,1.0652109995135106,1023.4881830001541,75.70558375634518
1772924156,10,GET,/api/audio/levels/plugins,4.500000,0.000000,2,3,4,8,15,23,25,26,26,26,26,197,0,2,4.624619040788012,1.0371790012868587,40.08671200062963,19.741116751269036
1772924156,10,GET,/api/audio/status,16.800000,0.000000,2,2,3,4,9,18,20,26,29,29,29,590,0,2,4.927064045798526,1.0381230022176169,58.68061100045452,168.0
1772924156,10,GET,/api/chains/,1.400000,0.000000,6,6,14,14,1000,1000,1000,1000,1000,1000,1000,160,0,4,35.78325576258976,1.3513000012608245,1038.7257460024557,1448.1
1772924156,10,GET,/api/chains/{id},16.700000,0.000000,3,4,8,10,14,22,29,35,990,990,990,590,0,3,21.732671996647635,1.2494990005507134,1040.962084000057,503.67627118644066
1772924156,10,POST,/api/chains/{id}/activate,16.700000,0.000000,3,5,8,10,16,21,28,29,32,32,32,590,0,4,7.101157488099396,1.1701449984684587,60.17273899851716,53.05084745762712
1772924156,10,POST,/api/chains/{id}/deactivate,16.800000,0.000000,1,2,2,2,4,12,21,21,29,29,29,590,0,2,4.129457118638823,1.168678998510586,74.90994999898248,61.74576271186441
1772924156,10,POST,/api/plugins/batch/parameters (500 updates),9.500000,0.000000,6,11,13,14,17,22,970,1000,1000,1000,1000,232,0,6,21.398713952529416,2.948886001831852,1024.527470999601,870.5818965517242
1772924156,10,GET,/api/plugins/discover,1.400000,0.000000,21,21,24,24,26,26,26,26,26,26,26,160,0,13,18.220616150142632,10.576317999948515,58.00965399976121,85406.0
1772924156,10,GET,/api/plugins/list,1.400000,0.000000,2,2,4,4,17,17,17,17,17,17,17,160,0,2,5.07641034982953,1.080333000572864,43.401594997703796,29.4
1772924156,10,POST,/api/plugins/load?uri,4.500000,0.000000,3,4,7,12,18,20,20,24,24,24,24,197,0,2,5.862488522759265,1.3249240000732243,53.515169001912,2217.2741116751267
1772924156,10,POST,/api/plugins/unload?uri,4.500000,0.000000,2,3,4,5,8,12,14,14,14,14,14,197,0,2,3.9713235735523322,1.1754760016629007,28.35171500191791,109.05076142131979
1772924156,10,,Aggregated,139.900000,0.000000,2,4,6,8,14,19,25,34,1000,1000,1000,5378,0,3,11.95666684921678,1.0234609981125686,1040.962084000057,2812.7127184827073
1772924157,10,GET,/api/audio/latency,20.900000,0.000000,2,3,4,5,11,16,19,21,23,23,23,782,0,2,4.630196150932315,1.0234609981125686,30.409915998461656,33.0
1772924157,10,GET,/api/audio/levels,20.900000,0.000000,3,5,7,11,16,20,34,890,1000,1000,1000,782,0,3,16.654658231503994,1.0466029998497106,1040.2998699973978,75.46035805626599
1772924157,10,GET,/api/audio/levels (during plugin swap),4.900000,0.000000,5,9,11,14,17,910,1000,1000,1000,1000,1000,206,0,3,40.16784361651712,1.0652109995135106,1023.4881830001541,75.5873786407767
1772924157,10,GET,/api/audio/levels/plugins,4.900000,0.000000,2,3,3,7,12,21,23,26,26,26,26,206,0,2,4.54001795161867,1.0371790012868587,40.08671200062963,19.616504854368934
1772924157,10,GET,/api/audio/status,16.800000,0.000000,2,2,3,4,9,18,20,26,29,29,29,601,0,2,4.891404802025762,1.0381230022176169,58.68061100045452,168.0
1772924157,10,GET,/api/chains/,0.900000,0.000000,6,6,14,14,1000,1000,1000,1000,1000,1000,1000,160,0,4,35.78325576258976,1.3513000012608245,1038.7257460024557,1448.1
1772924157,10,GET,/api/chains/{id},16.700000,0.000000,3,4,9,11,14,22,29,35,990,990,990,601,0,3,21.40854635111156,1.2494990005507134,1040.962084000057,505.0083194675541
1772924157,10,POST,/api/chains/{id}/activate,16.800000,0.000000,3,5,8,10,17,22,28,29,32,32,32,601,0,4,7.073441204628158,1.1701449984684587,60.17273899851716,52.92845257903494
1772924157,10,POST,/api/chains/{id}/deactivate,16.800000,0.000000,2,2,2,2,4,12,21,21,29,29,29,601,0,2,4.108327707149745,1.168678998510586,74.90994999898248,61.750415973377706
1772924157,10,POST,/api/plugins/batch/parameters (500 updates),9.500000,0.000000,5,11,14,15,17,24,970,1000,1000,1000,1000,244,0,6,20.7998942458468,2.948886001831852,1024.527470999601,870.4713114754098
1772924157,10,GET,/api/plugins/discover,0.900000,0.000000,21,21,24,24,26,26,26,26,26,26,26,160,0,13,18.220616150142632,10.576317999948515,58.00965399976121,85406.0
1772924157,10,GET,/api/plugins/list,0.900000,0.000000,2,2,4,4,17,17,17,17,17,17,17,160,0,2,5.07641034982953,1.080333000572864,43.401594997703796,29.4
1772924157,10,POST,/api/plugins/load?uri,4.900000,0.000000,3,4,7,12,18,20,20,24,24,24,24,206,0,2,5.7600191018881235,1.3249240000732243,53.515169001912,2258.7961165048546
1772924157,10,POST,/api/plugins/unload?uri,4.900000,0.000000,1,2,3,4,8,12,12,14,14,14,14,206,0,2,3.8665071892997394,1.1754760016629007,28.35171500191791,108.84466019417475
1772924157,10,,Aggregated,140.700000,0.000000,2,4,6,8,15,19,26,34,1000,1000,1000,5516,0,3,11.764353361692612,1.0234609981125686,1040.962084000057,2751.870377084844
1772924158,10,GET,/api/audio/latency,22.100000,0.000000,2,3,4,5,13,17,20,21,23,23,23,810,0,2,4.649344375336372,1.0234609981125686,30.409915998461656,33.0
1772924158,10,GET,/api/audio/levels,22.200000,0.000000,3,5,7,11,15,23,35,890,1000,1000,1000,810,0,3,16.31489060498019,1.0466029998497106,1040.2998699973978,75.4395061728395
1772924158,10,GET,/api/audio/levels (during plugin swap),5.500000,0.000000,4,8,11,14,17,910,1000,1000,1000,1000,1000,211,0,3,39.33253413267926,1.0652109995135106,1023.4881830001541,75.58767772511848
1772924158,10,GET,/api/audio/levels/plugins,5.500000,0.000000,2,3,4,7,15,23,24,26,26,26,26,211,0,2,4.602145516745756,1.0371790012868587,40.08671200062963,19.66824644549763
1772924158,10,GET,/api/audio/status,15.600000,0.000000,2,2,3,4,9,18,21,26,29,29,29,623,0,2,4.831267512072869,1.0381230022176169,58.68061100045452,168.0
1772924158,10,GET,/api/chains/,0.600000,0.000000,6,6,1000,1000,1000,1000,1000,1000,1000,1000,1000,160,0,4,35.78325576258976,1.3513000012608245,1038.7257460024557,1448.1
1772924158,10,GET,/api/chains/{id},15.600000,0.000000,3,5,10,11,16,24,29,35,990,990,990,623,0,3,20.899528574678396,1.2494990005507134,1040.962084000057,503.446227929374
1772924158,10,POST,/api/chains/{id}/activate,15.600000,0.000000,3,5,7,9,15,22,28,29,32,32,32,623,0,4,6.995151463851096,1.1701449984684587,60.17273899851716,53.0577849117175
1772924158,10,POST,/api/chains/{id}/deactivate,15.600000,0.000000,2,2,2,3,4,11,21,21,29,29,29,623,0,2,4.048041109144745,1.168678998510586,74.90994999898248,61.75922953451043
1772924158,10,POST,/api/plugins/batch/parameters (500 updates),8.900000,0.000000,6,10,14,15,17,24,970,1000,1000,1000,1000,252,0,6,20.39740876183974,2.948886001831852,1024.527470999601,871.0595238095239
1772924158,10,GET,/api/plugins/discover,0.700000,0.000000,24,24,26,26,26,26,26,26,26,26,26,160,0,13,18.220616150142632,10.576317999948515,58.00965399976121,85406.0
1772924158,10,GET,/api/plugins/list,0.600000,0.000000,4,4,17,17,17,17,17,17,17,17,17,160,0,2,5.07641034982953,1.080333000572864,43.401594997703796,29.4
1772924158,10,POST,/api/plugins/load?uri,5.500000,0.000000,3,4,6,10,18,20,20,24,24,24,24,211,0,2,5.749918402811116,1.3249240000732243,53.515169001912,2287.2796208530804
1772924158,10,POST,/api/plugins/unload?uri,5.500000,0.000000,2,2,4,4,8,12,12,14,14,14,14,211,0,2,3.8549590094482045,1.1754760016629007,28.35171500191791,108.98104265402844
1772924158,10,,Aggregated,139.500000,0.000000,2,4,6,8,15,19,26,35,1000,1000,1000,5688,0,3,11.564884665803055,1.0234609981125686,1040.962084000057,2676.5567862165963
1772924159,10,GET,/api/audio/latency,22.100000,0.000000,2,3,4,4,11,17,20,21,23,23,23,828,0,2,4.610919297135477,1.0234609981125686,30.409915998461656,33.0
1772924159,10,GET,/api/audio/levels,22.100000,0.000000,3,4,6,8,14,16,35,890,1000,1000,1000,828,0,3,16.061428411872743,1.0466029998497106,1040.2998699973978,75.41787439613526
1772924159,10,GET,/api/audio/levels (during plugin swap),6.100000,0.000000,4,8,10,11,17,28,1000,1000,1000,1000,1000,218,0,3,38.20966642658085,1.0652109995135106,1023.4881830001541,75.62385321100918
1772924159,10,GET,/api/audio/levels/plugins,6.100000,0.000000,2,3,4,4,12,21,24,26,26,26,26,218,0,2,4.520725270803593,1.0371790012868587,40.08671200062963,19.605504587155963
1772924159,10,GET,/api/audio/status,14.500000,0.000000,2,2,3,4,8,12,20,21,26,26,26,642,0,2,4.771513937712909,1.0381230022176169,58.68061100045452,168.0
1772924159,10,GET,/api/chains/,0.600000,0.000000,6,6,1000,1000,1000,1000,1000,1000,1000,1000,1000,160,0,4,35.78325576258976,1.3513000012608245,1038.7257460024557,1448.1
1772924159,10,GET,/api/chains/{id},14.500000,0.000000,3,8,10,12,17,22,29,35,990,990,990,642,0,3,20.49061034270485,1.2494990005507134,1040.962084000057,503.05919003115264
1772924159,10,POST,/api/chains/{id}/activate,14.500000,0.000000,3,4,6,9,15,21,26,28,29,29,29,642,0,4,6.942398450125419,1.1701449984684587,60.17273899851716,53.02959501557633
1772924159,10,POST,/api/chains/{id}/deactivate,14.500000,0.000000,2,2,2,3,4,14,21,21,29,29,29,642,0,2,4.030931582543145,1.168678998510586,74.90994999898248,61.76635514018692
1772924159,10,POST,/api/plugins/batch/parameters (500 updates),9.400000,0.000000,5,9,13,14,17,21,970,1000,1000,1000,1000,267,0,6,19.706322868879578,2.948886001831852,1024.527470999601,871.6928838951311
1772924159,10,GET,/api/plugins/discover,0.600000,0.000000,24,24,26,26,26,26,26,26,26,26,26,160,0,13,18.220616150142632,10.576317999948515,58.00965399976121,85406.0
1772924159,10,GET,/api/plugins/list,0.600000,0.000000,4,4,17,17,17,17,17,17,17,17,17,160,0,2,5.07641034982953,1.080333000572864,43.401594997703796,29.4
1772924159,10,POST,/api/plugins/load?uri,6.100000,0.000000,3,4,6,9,16,20,20,24,24,24,24,218,0,2,5.683459050454351,1.3249240000732243,53.515169001912,2300.211009174312
1772924159,10,POST,/api/plugins/unload?uri,6.100000,0.000000,2,2,4,4,8,9,12,14,14,14,14,218,0,2,3.791324330266584,1.1754760016629007,28.35171500191791,109.0045871559633
1772924159,10,,Aggregated,137.800000,0.000000,2,4,5,8,14,18,25,35,1000,1000,1000,5843,0,3,11.376865840679095,1.0234609981125686,1040.962084000057,2614.129727879514
1772924160,10,GET,/api/audio/latency,22.100000,0.000000,2,3,4,4,9,16,19,21,23,23,23,851,0,2,4.550819444220553,1.0234609981125686,30.409915998461656,33.0
1772924160,10,GET,/api/audio/levels,22.200000,0.000000,3,4,6,7,14,16,35,890,1000,1000,1000,851,0,3,15.710369434833565,1.0466029998497106,1040.2998699973978,75.44418331374852
1772924160,10,GET,/api/audio/levels (during plugin swap),5.900000,0.000000,4,7,11,14,17,46,1000,1000,1000,1000,1000,228,0,3,36.89373215783825,1.0652109995135106,1023.4881830001541,75.62280701754386
1772924160,10,GET,/api/audio/levels/plugins,5.900000,0.000000,2,3,8,9,20,22,24,26,26,26,26,228,0,2,4.809094158062771,1.0371790012868587,40.08671200062963,19.587719298245613
1772924160,10,GET,/api/audio/status,14.600000,0.000000,2,2,3,4,9,12,20,21,26,26,26,662,0,2,4.73608628551622,1.0381230022176169,58.68061100045452,168.0
1772924160,10,GET,/api/chains/,0.400000,0.000000,1000,1000,1000,1000,1000,1000,1000,1000,1000,1000,1000,160,0,4,35.78325576258976,1.3513000012608245,1038.7257460024557,1448.1
1772924160,10,GET,/api/chains/{id},14.600000,0.000000,3,5,10,11,15,20,29,35,990,990,990,662,0,3,19.971302938094507,1.2494990005507134,1040.962084000057,501.6752265861027
1772924160,10,POST,/api/chains/{id}/activate,14.600000,0.000000,3,4,7,9,17,20,26,28,29,29,29,662,0,4,6.881586246209513,1.1701449984684587,60.17273899851716,53.126888217522655
1772924160,10,POST,/api/chains/{id}/deactivate,14.600000,0.000000,2,2,2,3,4,13,21,21,29,29,29,662,0,2,3.991149915390619,1.168678998510586,74.90994999898248,61.735649546827794
1772924160,10,POST,/api/plugins/batch/parameters (500 updates),9.400000,0.000000,5,9,14,15,17,21,970,1000,1000,1000,1000,276,0,6,19.301032710100642,2.948886001831852,1024.527470999601,871.8659420289855
1772924160,10,GET,/api/plugins/discover,0.400000,0.000000,15,15,15,15,15,15,15,15,15,15,15,160,0,13,18.220616150142632,10.576317999948515,58.00965399976121,85406.0
1772924160,10,GET,/api/plugins/list,0.400000,0.000000,17,17,17,17,17,17,17,17,17,17,17,160,0,2,5.07641034982953,1.080333000572864,43.401594997703796,29.4
1772924160,10,POST,/api/plugins/load?uri,5.900000,0.000000,3,3,6,9,16,20,20,24,24,24,24,228,0,2,5.615126635938507,1.3249240000732243,53.515169001912,2318.1973684210525
1772924160,10,POST,/api/plugins/unload?uri,5.900000,0.000000,2,3,4,6,9,12,14,18,18,18,18,228,0,2,3.9404287105290887,1.1754760016629007,28.35171500191791,108.79385964912281
1772924160,10,,Aggregated,136.900000,0.000000,2,4,5,8,14,18,24,35,1000,1000,1000,6018,0,3,11.176995006663738,1.0234609981125686,1040.962084000057,2547.143070787637
1772924161,10,GET,/api/audio/latency,21.400000,0.000000,2,3,3,4,9,14,18,19,23,23,23,878,0,2,4.505057461306655,1.0234609981125686,30.409915998461656,33.0
1772924161,10,GET,/api/audio/levels,21.400000,0.000000,3,4,6,9,14,15,25,34,35,35,35,878,0,3,15.397251084346005,1.0466029998497106,1040.2998699973978,75.42824601366742
1772924161,10,GET,/api/audio/levels (during plugin swap),6.400000,0.000000,4,7,10,11,17,19,28,46,46,46,46,232,0,3,36.44602989649276,1.0652109995135106,1023.4881830001541,75.63362068965517
1772924161,10,GET,/api/audio/levels/plugins,6.400000,0.000000,2,3,4,8,15,22,24,26,26,26,26,232,0,2,4.748728517417225,1.0371790012868587,40.08671200062963,19.603448275862068
1772924161,10,GET,/api/audio/status,15.200000,0.000000,2,2,3,4,8,12,16,20,21,21,21,677,0,2,4.694153366336479,1.0381230022176169,58.68061100045452,168.0
1772924161,10,GET,/api/chains/,0.400000,0.000000,1000,1000,1000,1000,1000,1000,1000,1000,1000,1000,1000,160,0,4,35.78325576258976,1.3513000012608245,1038.7257460024557,1448.1
1772924161,10,GET,/api/chains/{id},15.300000,0.000000,3,5,9,11,14,18,26,29,35,35,35,677,0,3,19.639281974909803,1.2494990005507134,1040.962084000057,502.12407680945347
1772924161,10,POST,/api/chains/{id}/activate,15.200000,0.000000,3,4,6,9,14,19,23,28,29,29,29,677,0,4,6.859048223029452,1.1701449984684587,60.17273899851716,53.057607090103396
1772924161,10,POST,/api/chains/{id}/deactivate,15.200000,0.000000,2,2,2,3,6,13,18,21,29,29,29,677,0,2,3.9893969807756116,1.168678998510586,74.90994999898248,61.741506646971935
1772924161,10,POST,/api/plugins/batch/parameters (500 updates),9.400000,0.000000,5,8,13,14,16,18,24,31,31,31,31,285,0,6,19.070017726296914,2.948886001831852,1024.527470999601,873.6561403508772
1772924161,10,GET,/api/plugins/discover,0.400000,0.000000,15,15,15,15,15,15,15,15,15,15,15,160,0,13,18.220616150142632,10.576317999948515,58.00965399976121,85406.0
1772924161,10,GET,/api/plugins/list,0.400000,0.000000,17,17,17,17,17,17,17,17,17,17,17,160,0,2,5.07641034982953,1.080333000572864,43.401594997703796,29.4
1772924161,10,POST,/api/plugins/load?uri,6.400000,0.000000,3,3,5,6,12,16,20,24,24,24,24,232,0,2,5.558303017221925,1.3249240000732243,53.515169001912,2349.262931034483
1772924161,10,POST,/api/plugins/unload?uri,6.400000,0.000000,2,2,4,4,8,11,14,18,18,18,18,232,0,2,3.896803254300376,1.1754760016629007,28.35171500191791,108.71120689655173
1772924161,10,,Aggregated,139.900000,0.000000,2,4,5,7,13,17,21,26,35,46,46,6157,0,3,11.03312146387975,1.0234609981125686,1040.962084000057,2496.230306967679
1772924162,10,GET,/api/audio/latency,21.400000,0.000000,2,3,3,4,9,15,18,19,23,23,23,888,0,2,4.4951141666928915,1.0234609981125686,30.409915998461656,33.0
1772924162,10,GET,/api/audio/levels,21.400000,0.000000,3,4,6,9,14,15,25,34,35,35,35,888,0,3,15.256261082265917,1.0466029998497106,1040.2998699973978,75.43018018018019
1772924162,10,GET,/api/audio/levels (during plugin swap),6.400000,0.000000,3,6,9,11,16,18,22,46,46,46,46,233,0,3,36.30045194843898,1.0652109995135106,1023.4881830001541,75.62231759656652
1772924162,10,GET,/api/audio/levels/plugins,6.400000,0.000000,2,3,4,8,15,21,23,24,24,24,24,233,0,2,4.737826459394701,1.0371790012868587,40.08671200062963,19.63519313304721
1772924162,10,GET,/api/audio/status,15.200000,0.000000,2,2,3,4,9,12,19,20,21,21,21,685,0,2,4.689978826290759,1.0381230022176169,58.68061100045452,168.0
1772924162,10,GET,/api/chains/,0.400000,0.000000,1000,1000,1000,1000,1000,1000,1000,1000,1000,1000,1000,160,0,4,35.78325576258976,1.3513000012608245,1038.7257460024557,1448.1
1772924162,10,GET,/api/chains/{id},15.300000,0.000000,3,5,9,11,14,20,29,29,35,35,35,686,0,3,19.45300895920056,1.2494990005507134,1040.962084000057,503.32215743440236
1772924162,10,POST,/api/chains/{id}/activate,15.200000,0.000000,3,4,7,9,14,19,26,28,29,29,29,685,0,4,6.867181970789922,1.1701449984684587,60.17273899851716,53.1021897810219
1772924162,10,POST,/api/chains/{id}/deactivate,15.200000,0.000000,2,2,3,3,6,13,18,21,29,29,29,685,0,2,3.967471272967387,1.168678998510586,74.90994999898248,61.74452554744526
1772924162,10,POST,/api/plugins/batch/parameters (500 updates),9.400000,0.000000,5,9,14,15,17,18,24,31,31,31,31,287,0,6,18.96697652611331,2.948886001831852,1024.527470999601,873.9024390243902
1772924162,10,GET,/api/plugins/discover,0.400000,0.000000,15,15,15,15,15,15,15,15,15,15,15,160,0,13,18.220616150142632,10.576317999948515,58.00965399976121,85406.0
1772924162,10,GET,/api/plugins/list,0.400000,0.000000,17,17,17,17,17,17,17,17,17,17,17,160,0,2,5.07641034982953,1.080333000572864,43.401594997703796,29.4
1772924162,10,POST,/api/plugins/load?uri,6.400000,0.000000,3,3,5,7,12,16,20,24,24,24,24,233,0,2,5.54554897423333,1.3249240000732243,53.515169001912,2344.3605150214594
1772924162,10,POST,/api/plugins/unload?uri,6.400000,0.000000,2,2,4,4,8,11,14,18,18,18,18,233,0,2,3.8886551201631328,1.1754760016629007,28.35171500191791,108.70386266094421
1772924162,10,,Aggregated,139.900000,0.000000,2,4,5,7,14,17,22,26,35,46,46,6216,0,3,10.967634199339445,1.0234609981125686,1040.962084000057,2474.460102960103
1772924163,10,GET,/api/audio/latency,22.300000,0.000000,2,3,3,4,13,18,20,24,30,30,30,901,0,2,4.552843731432952,1.0234609981125686,30.409915998461656,33.0
1772924163,10,GET,/api/audio/levels,22.300000,0.000000,3,4,6,9,14,16,35,970,1000,1000,1000,901,0,3,17.301161516151158,1.0466029998497106,1040.2998699973978,75.42397336293008
1772924163,10,GET,/api/audio/levels (during plugin swap),7.200000,0.000000,4,7,10,11,18,46,880,970,970,970,970,238,0,3,43.395131844498934,1.0652109995135106,1023.4881830001541,75.78571428571429
1772924163,10,GET,/api/audio/levels/plugins,7.200000,0.000000,2,3,4,9,16,21,22,24,24,24,24,238,0,2,4.810152117813744,1.0371790012868587,40.08671200062963,19.626050420168067
1772924163,10,GET,/api/audio/status,16.100000,0.000000,2,3,4,4,12,16,20,21,30,30,30,701,0,2,4.76738985736728,1.0381230022176169,58.68061100045452,168.0
1772924163,10,GET,/api/chains/,0.100000,0.000000,1000,1000,1000,1000,1000,1000,1000,1000,1000,1000,1000,160,0,4,35.78325576258976,1.3513000012608245,1038.7257460024557,1448.1
1772924163,10,GET,/api/chains/{id},16.100000,0.000000,3,5,9,11,17,26,1000,1100,1100,1100,1100,701,0,3,26.428228887313672,1.2494990005507134,1052.9427690016746,504.9272467902996
1772924163,10,POST,/api/chains/{id}/activate,16.100000,0.000000,4,5,8,9,18,26,39,43,1100,1100,1100,701,0,4,8.525523158333062,1.1701449984684587,1056.0120830014057,53.15121255349501
1772924163,10,POST,/api/chains/{id}/deactivate,16.100000,0.000000,2,2,3,3,9,13,18,20,21,21,21,701,0,2,4.031069272421521,1.168678998510586,74.90994999898248,61.75035663338088
1772924163,10,POST,/api/plugins/batch/parameters (500 updates),10.100000,0.000000,6,10,14,15,17,19,24,31,31,31,31,294,0,6,18.727027452360762,2.948886001831852,1024.527470999601,873.9761904761905
1772924163,10,GET,/api/plugins/discover,0.100000,0.000000,15,15,15,15,15,15,15,15,15,15,15,160,0,13,18.220616150142632,10.576317999948515,58.00965399976121,85406.0
1772924163,10,GET,/api/plugins/list,0.100000,0.000000,17,17,17,17,17,17,17,17,17,17,17,160,0,2,5.07641034982953,1.080333000572864,43.401594997703796,29.4
1772924163,10,POST,/api/plugins/load?uri,7.200000,0.000000,2,3,3,6,14,23,24,29,29,29,29,238,0,2,5.672803294100577,1.3249240000732243,53.515169001912,2326.1344537815125
1772924163,10,POST,/api/plugins/unload?uri,7.200000,0.000000,1,2,4,6,9,12,14,18,18,18,18,238,0,2,3.8771803235303035,1.1754760016629007,28.35171500191791,108.67226890756302
1772924163,10,,Aggregated,148.200000,0.000000,2,4,6,8,14,18,26,39,1100,1100,1100,6332,0,3,12.486592495117518,1.0234609981125686,1056.0120830014057,2433.7427353126973
1772924164,10,GET,/api/audio/latency,22.700000,0.000000,2,2,3,4,12,18,20,24,30,30,30,924,0,2,4.490496588764925,1.0234609981125686,30.409915998461656,33.0
1772924164,10,GET,/api/audio/levels,22.700000,0.000000,3,4,6,9,15,16,35,970,1000,1000,1000,924,0,3,17.032608821470692,1.0466029998497106,1040.2998699973978,75.43398268398268
1772924164,10,GET,/api/audio/levels (during plugin swap),6.800000,0.000000,4,7,10,11,18,46,880,970,970,970,970,243,0,3,42.57141749377922,1.0652109995135106,1023.4881830001541,75.72839506172839
1772924164,10,GET,/api/audio/levels/plugins,6.800000,0.000000,2,3,4,8,16,21,22,24,24,24,24,243,0,2,4.760165757348367,1.0371790012868587,40.08671200062963,19.617283950617285
1772924164,10,GET,/api/audio/status,16.300000,0.000000,2,3,4,4,12,16,20,21,30,30,30,716,0,2,4.711201420410646,1.0381230022176169,58.68061100045452,168.0
1772924164,10,GET,/api/chains/,0.000000,0.000000,1000,1000,1000,1000,1000,1000,1000,1000,1000,1000,1000,160,0,4,35.78325576258976,1.3513000012608245,1038.7257460024557,1448.1
1772924164,10,GET,/api/chains/{id},16.400000,0.000000,3,6,10,11,17,29,1000,1100,1100,1100,1100,716,0,3,26.030137568447863,1.2494990005507134,1052.9427690016746,505.0460893854749
1772924164,10,POST,/api/chains/{id}/activate,16.300000,0.000000,4,5,8,9,18,26,39,43,1100,1100,1100,716,0,4,8.451238067031653,1.1701449984684587,1056.0120830014057,53.12011173184357
1772924164,10,POST,/api/chains/{id}/deactivate,16.300000,0.000000,2,2,3,3,8,13,16,18,20,20,20,716,0,2,3.988223069798388,1.168678998510586,74.90994999898248,61.75558659217877
1772924164,10,POST,/api/plugins/batch/parameters (500 updates),10.100000,0.000000,5,8,13,14,17,19,24,31,31,31,31,312,0,6,17.96491455768727,2.876406000723364,1024.527470999601,875.5865384615385
1772924164,10,GET,/api/plugins/discover,0.000000,0.000000,15,15,15,15,15,15,15,15,15,15,15,160,0,13,18.220616150142632,10.576317999948515,58.00965399976121,85406.0
1772924164,10,GET,/api/plugins/list,0.000000,0.000000,17,17,17,17,17,17,17,17,17,17,17,160,0,2,5.07641034982953,1.080333000572864,43.401594997703796,29.4
1772924164,10,POST,/api/plugins/load?uri,6.800000,0.000000,2,3,4,6,14,23,24,29,29,29,29,243,0,2,5.603191308631565,1.3092929984850343,53.515169001912,2361.551440329218
1772924164,10,POST,/api/plugins/unload?uri,6.800000,0.000000,1,2,4,4,8,11,14,18,18,18,18,243,0,2,3.840521185174048,1.1754760016629007,28.35171500191791,108.78189300411523
1772924164,10,,Aggregated,148.000000,0.000000,2,4,5,8,14,18,26,39,1100,1100,1100,6476,0,3,12.3006636286408,1.0234609981125686,1056.0120830014057,2387.638665843113
1772924165,10,GET,/api/audio/latency,21.500000,0.000000,2,3,3,4,12,17,20,24,30,30,30,948,0,2,4.499163063311523,1.0234609981125686,30.409915998461656,33.0
1772924165,10,GET,/api/audio/levels,21.500000,0.000000,3,4,7,9,15,16,27,970,1000,1000,1000,948,0,3,16.717465948354,1.0466029998497106,1040.2998699973978,75.42721518987342
1772924165,10,GET,/api/audio/levels (during plugin swap),6.700000,0.000000,2,5,9,10,17,46,880,970,970,970,970,249,0,3,41.66218391163195,1.0652109995135106,1023.4881830001541,75.76706827309236
1772924165,10,GET,/api/audio/levels/plugins,6.700000,0.000000,2,3,4,9,16,21,22,24,24,24,24,249,0,2,4.719308293321105,1.0371790012868587,40.08671200062963,19.63855421686747
1772924165,10,GET,/api/audio/status,15.800000,0.000000,2,3,4,4,11,14,21,30,43,43,43,734,0,2,4.7471585231860125,1.0381230022176169,58.68061100045452,168.0
1772924165,10,GET,/api/chains/,0.000000,0.000000,1000,1000,1000,1000,1000,1000,1000,1000,1000,1000,1000,160,0,4,35.78325576258976,1.3513000012608245,1038.7257460024557,1448.1
1772924165,10,GET,/api/chains/{id},15.800000,0.000000,3,6,10,11,17,23,1000,1100,1100,1100,1100,734,0,3,25.559644074940056,1.2494990005507134,1052.9427690016746,505.36648501362396
1772924165,10,POST,/api/chains/{id}/activate,15.800000,0.000000,4,5,8,9,18,26,39,43,1100,1100,1100,734,0,4,8.427329869199482,1.1701449984684587,1056.0120830014057,53.084468664850135
1772924165,10,POST,/api/chains/{id}/deactivate,15.800000,0.000000,2,3,3,4,9,13,16,18,20,20,20,734,0,2,3.9893512874320676,1.168678998510586,74.90994999898248,61.76158038147139
1772924165,10,POST,/api/plugins/batch/parameters (500 updates),8.900000,0.000000,5,8,11,13,16,19,24,31,31,31,31,323,0,6,17.60001802786036,2.876406000723364,1024.527470999601,877.2693498452012
1772924165,10,GET,/api/plugins/discover,0.000000,0.000000,15,15,15,15,15,15,15,15,15,15,15,160,0,13,18.220616150142632,10.576317999948515,58.00965399976121,85406.0
1772924165,10,GET,/api/plugins/list,0.000000,0.000000,17,17,17,17,17,17,17,17,17,17,17,160,0,2,5.07641034982953,1.080333000572864,43.401594997703796,29.4
1772924165,10,POST,/api/plugins/load?uri,6.700000,0.000000,2,3,3,3,10,15,23,29,29,29,29,249,0,2,5.522091329280319,1.3092929984850343,53.515169001912,2351.104417670683
1772924165,10,POST,/api/plugins/unload?uri,6.700000,0.000000,2,2,3,4,8,11,14,18,18,18,18,249,0,2,3.824999999954135,1.1754760016629007,28.35171500191791,108.6706827309237
1772924165,10,,Aggregated,141.900000,0.000000,2,4,5,8,14,18,26,43,1100,1100,1100,6631,0,3,12.13790825879543,1.0234609981125686,1056.0120830014057,2337.851756899412
1772924166,10,GET,/api/audio/latency,21.700000,0.000000,2,3,3,4,12,17,19,24,30,30,30,973,0,2,4.510126335066056,1.0234609981125686,30.409915998461656,33.0
1772924166,10,GET,/api/audio/levels,21.700000,0.000000,3,4,8,10,15,17,27,970,1000,1000,1000,973,0,3,16.452161785230274,1.0466029998497106,1040.2998699973978,75.41829393627955
1772924166,10,GET,/api/audio/levels (during plugin swap),6.200000,0.000000,3,6,10,11,18,46,970,970,970,970,970,251,0,3,41.39611676492565,1.0652109995135106,1023.4881830001541,75.79681274900399
1772924166,10,GET,/api/audio/levels/plugins,6.200000,0.000000,2,4,4,9,20,21,24,24,24,24,24,251,0,2,4.703068673462617,1.0371790012868587,40.08671200062963,19.64541832669323
1772924166,10,GET,/api/audio/status,15.500000,0.000000,2,3,3,4,11,15,21,30,43,43,43,752,0,2,4.703677960127065,1.0381230022176169,58.68061100045452,168.0
1772924166,10,GET,/api/chains/,0.000000,0.000000,1000,1000,1000,1000,1000,1000,1000,1000,1000,1000,1000,160,0,4,35.78325576258976,1.3513000012608245,1038.7257460024557,1448.1
1772924166,10,GET,/api/chains/{id},15.500000,0.000000,3,6,9,11,17,23,1000,1100,1100,1100,1100,752,0,3,25.047919747337684,1.2494990005507134,1052.9427690016746,505.67287234042556
1772924166,10,POST,/api/chains/{id}/activate,15.500000,0.000000,4,5,8,9,17,25,29,43,1100,1100,1100,752,0,4,8.343989990673938,1.1701449984684587,1056.0120830014057,53.11702127659574
1772924166,10,POST,/api/chains/{id}/deactivate,15.500000,0.000000,2,2,3,4,9,13,16,18,20,20,20,752,0,2,3.95936791618082,1.168678998510586,74.90994999898248,61.767287234042556
1772924166,10,POST,/api/plugins/batch/parameters (500 updates),9.400000,0.000000,5,7,10,13,17,19,23,31,31,31,31,337,0,6,17.205600988114053,2.876406000723364,1024.527470999601,875.9762611275964
1772924166,10,GET,/api/plugins/discover,0.000000,0.000000,15,15,15,15,15,15,15,15,15,15,15,160,0,13,18.220616150142632,10.576317999948515,58.00965399976121,85406.0
1772924166,10,GET,/api/plugins/list,0.000000,0.000000,17,17,17,17,17,17,17,17,17,17,17,160,0,2,5.07641034982953,1.080333000572864,43.401594997703796,29.4
1772924166,10,POST,/api/plugins/load?uri,6.200000,0.000000,3,3,3,3,10,14,29,29,29,29,29,251,0,2,5.498517972075814,1.3092929984850343,53.515169001912,2359.860557768924
1772924166,10,POST,/api/plugins/unload?uri,6.200000,0.000000,2,3,4,6,10,11,18,18,18,18,18,251,0,2,3.842660195186184,1.1754760016629007,28.35171500191791,108.60159362549801
1772924166,10,,Aggregated,139.600000,0.000000,3,4,6,8,14,18,26,43,1100,1100,1100,6775,0,3,11.98351246096519,1.0234609981125686,1056.0120830014057,2293.518819188192
1772924167,10,GET,/api/audio/latency,21.800000,0.000000,2,3,3,4,12,18,24,30,34,34,34,1001,0,2,4.539306702305815,1.0234609981125686,34.12297300019418,33.0
1772924167,10,GET,/api/audio/levels,21.800000,0.000000,3,4,8,9,15,18,31,970,1000,1000,1000,1001,0,3,16.20630796606928,1.0466029998497106,1040.2998699973978,75.40259740259741
1772924167,10,GET,/api/audio/levels (during plugin swap),6.500000,0.000000,3,6,10,11,18,46,970,970,970,970,970,254,0,3,40.9704031732163,1.0652109995135106,1023.4881830001541,75.76377952755905
1772924167,10,GET,/api/audio/levels/plugins,6.500000,0.000000,2,3,4,9,16,21,22,22,22,22,22,254,0,2,4.672884378116692,1.0371790012868587,40.08671200062963,19.62992125984252
1772924167,10,GET,/api/audio/status,15.200000,0.000000,2,3,3,4,11,15,18,30,43,43,43,771,0,2,4.653157806762875,1.0381230022176169,58.68061100045452,168.0
1772924167,10,GET,/api/chains/,0.000000,0.000000,1000,1000,1000,1000,1000,1000,1000,1000,1000,1000,1000,160,0,4,35.78325576258976,1.3513000012608245,1038.7257460024557,1448.1
1772924167,10,GET,/api/chains/{id},15.200000,0.000000,3,6,9,11,17,23,1000,1100,1100,1100,1100,771,0,3,24.63026817638846,1.2494990005507134,1052.9427690016746,504.6368352788586
1772924167,10,POST,/api/chains/{id}/activate,15.200000,0.000000,3,5,8,9,18,26,30,43,1100,1100,1100,771,0,4,8.25796354213421,1.1701449984684587,1056.0120830014057,53.092088197146566
1772924167,10,POST,/api/chains/{id}/deactivate,15.200000,0.000000,2,2,3,4,9,13,16,17,20,20,20,771,0,2,3.9230371880245087,1.168678998510586,74.90994999898248,61.77302204928664
1772924167,10,POST,/api/plugins/batch/parameters (500 updates),9.400000,0.000000,5,8,11,13,18,21,33,39,39,39,39,350,0,6,17.026137465675543,2.876406000723364,1024.527470999601,876.54
1772924167,10,GET,/api/plugins/discover,0.000000,0.000000,15,15,15,15,15,15,15,15,15,15,15,160,0,13,18.220616150142632,10.576317999948515,58.00965399976121,85406.0
1772924167,10,GET,/api/plugins/list,0.000000,0.000000,17,17,17,17,17,17,17,17,17,17,17,160,0,2,5.07641034982953,1.080333000572864,43.401594997703796,29.4
1772924167,10,POST,/api/plugins/load?uri,6.500000,0.000000,3,3,3,3,9,12,29,29,29,29,29,254,0,2,5.459814803114167,1.3092929984850343,53.515169001912,2350.5
1772924167,10,POST,/api/plugins/unload?uri,6.500000,0.000000,2,3,4,6,10,11,18,18,18,18,18,254,0,2,3.819217417282822,1.1754760016629007,28.35171500191791,108.50787401574803
1772924167,10,,Aggregated,139.800000,0.000000,3,4,6,8,14,18,29,43,1100,1100,1100,6932,0,3,11.843291369881893,1.0234609981125686,1056.0120830014057,2246.48615118292
1772924168,10,GET,/api/audio/latency,21.200000,0.000000,2,3,3,4,12,18,24,30,34,34,34,1022,0,2,4.503470287678095,1.0234609981125686,34.12297300019418,33.0
1772924168,10,GET,/api/audio/levels,21.400000,0.000000,3,4,8,9,15,18,31,970,1000,1000,1000,1022,0,3,15.961341108642292,1.0466029998497106,1040.2998699973978,75.4041095890411
1772924168,10,GET,/api/audio/levels (during plugin swap),5.500000,0.000000,3,6,11,13,22,880,970,970,970,970,970,257,0,3,40.55545237742318,1.0652109995135106,1023.4881830001541,75.78210116731518
1772924168,10,GET,/api/audio/levels/plugins,5.500000,0.000000,2,3,9,9,20,21,22,22,22,22,22,257,0,2,4.636743914570156,1.0371790012868587,40.08671200062963,19.715953307392997
1772924168,10,GET,/api/audio/status,16.100000,0.000000,2,3,3,4,11,15,18,30,43,43,43,793,0,2,4.600966156389952,1.0381230022176169,58.68061100045452,168.0
1772924168,10,GET,/api/chains/,0.000000,0.000000,1000,1000,1000,1000,1000,1000,1000,1000,1000,1000,1000,160,0,4,35.78325576258976,1.3513000012608245,1038.7257460024557,1448.1
1772924168,10,GET,/api/chains/{id},16.100000,0.000000,3,4,8,10,17,23,1000,1100,1100,1100,1100,793,0,3,24.050033607801733,1.2494990005507134,1052.9427690016746,505.3455233291299
1772924168,10,POST,/api/chains/{id}/activate,16.100000,0.000000,3,5,7,9,18,26,30,43,1100,1100,1100,793,0,4,8.144386839822385,1.1701449984684587,1056.0120830014057,53.12610340479193
1772924168,10,POST,/api/chains/{id}/deactivate,16.100000,0.000000,2,2,3,3,8,13,13,17,20,20,20,793,0,2,3.864013104626921,1.168678998510586,74.90994999898248,61.77931904161412
1772924168,10,POST,/api/plugins/batch/parameters (500 updates),10.600000,0.000000,5,8,10,13,18,19,33,39,39,39,39,363,0,6,16.658640426973484,2.876406000723364,1024.527470999601,877.305785123967
1772924168,10,GET,/api/plugins/discover,0.000000,0.000000,15,15,15,15,15,15,15,15,15,15,15,160,0,13,18.220616150142632,10.576317999948515,58.00965399976121,85406.0
1772924168,10,GET,/api/plugins/list,0.000000,0.000000,17,17,17,17,17,17,17,17,17,17,17,160,0,2,5.07641034982953,1.080333000572864,43.401594997703796,29.4
1772924168,10,POST,/api/plugins/load?uri,5.500000,0.000000,2,3,3,3,10,23,29,29,29,29,29,257,0,2,5.417664217862757,1.3092929984850343,53.515169001912,2340.579766536965
1772924168,10,POST,/api/plugins/unload?uri,5.500000,0.000000,2,2,5,7,11,14,18,18,18,18,18,257,0,2,3.7969984124078966,1.1754760016629007,28.35171500191791,108.48249027237354
1772924168,10,,Aggregated,139.600000,0.000000,2,4,5,8,14,19,29,43,1100,1100,1100,7087,0,3,11.660848821224054,1.0234609981125686,1056.0120830014057,2202.5745731621278
1772924169,10,GET,/api/audio/latency,21.500000,0.000000,2,3,3,4,12,18,24,30,34,34,34,1049,0,2,4.501375463295456,1.0234609981125686,34.12297300019418,33.0
1772924169,10,GET,/api/audio/levels,21.500000,0.000000,3,4,8,9,15,18,31,39,1000,1000,1000,1049,0,3,15.687990025764227,1.0466029998497106,1040.2998699973978,75.36701620591039
1772924169,10,GET,/api/audio/levels (during plugin swap),5.000000,0.000000,3,8,11,12,18,880,970,970,970,970,970,267,0,3,39.25909863293905,1.0652109995135106,1023.4881830001541,75.7752808988764
1772924169,10,GET,/api/audio/levels/plugins,5.000000,0.000000,2,3,4,9,21,25,25,25,25,25,25,267,0,2,4.830213786655041,1.0371790012868587,40.08671200062963,19.647940074906366
1772924169,10,GET,/api/audio/status,17.100000,0.000000,2,3,3,4,10,15,19,30,43,43,43,810,0,2,4.569945317308776,1.0381230022176169,58.68061100045452,168.0
1772924169,10,GET,/api/chains/,0.000000,0.000000,0,0,0,0,0,0,0,0,0,0,0,160,0,4,35.78325576258976,1.3513000012608245,1038.7257460024557,1448.1
1772924169,10,GET,/api/chains/{id},17.100000,0.000000,3,4,9,11,18,25,1000,1100,1100,1100,1100,810,0,3,23.675152106146992,1.2494990005507134,1052.9427690016746,506.89629629629627
1772924169,10,POST,/api/chains/{id}/activate,17.100000,0.000000,3,5,8,9,18,26,30,43,1100,1100,1100,810,0,4,8.085730827130007,1.1701449984684587,1056.0120830014057,53.11604938271605
1772924169,10,POST,/api/chains/{id}/deactivate,17.100000,0.000000,2,2,3,3,8,13,16,20,23,23,23,810,0,2,3.84780200983647,1.168678998510586,74.90994999898248,61.78395061728395
1772924169,10,POST,/api/plugins/batch/parameters (500 updates),10.300000,0.000000,5,8,11,14,19,23,33,39,39,39,39,373,0,6,16.552031962433908,2.876406000723364,1024.527470999601,877.9839142091153
1772924169,10,GET,/api/plugins/discover,0.000000,0.000000,0,0,0,0,0,0,0,0,0,0,0,160,0,13,18.220616150142632,10.576317999948515,58.00965399976121,85406.0
1772924169,10,GET,/api/plugins/list,0.000000,0.000000,0,0,0,0,0,0,0,0,0,0,0,160,0,2,5.07641034982953,1.080333000572864,43.401594997703796,29.4
1772924169,10,POST,/api/plugins/load?uri,5.000000,0.000000,3,3,3,5,23,29,47,47,47,47,47,267,0,2,5.719858430682316,1.3092929984850343,53.515169001912,2346.6404494382023
1772924169,10,POST,/api/plugins/unload?uri,5.000000,0.000000,2,2,3,4,10,11,23,23,23,23,23,267,0,2,3.817836063625579,1.1754760016629007,28.35171500191791,108.4307116104869
1772924169,10,,Aggregated,141.700000,0.000000,3,4,5,8,15,19,30,43,1100,1100,1100,7259,0,3,11.526174244245103,1.0234609981125686,1056.0120830014057,2157.76856316297
1772924170,10,GET,/api/audio/latency,21.400000,0.000000,2,3,4,4,12,18,24,30,34,34,34,1075,0,2,4.469200523724498,1.0234609981125686,34.12297300019418,33.0
1772924170,10,GET,/api/audio/levels,21.300000,0.000000,3,4,8,9,15,19,31,39,1000,1000,1000,1075,0,3,15.431033607459286,1.0466029998497106,1040.2998699973978,75.35813953488372
1772924170,10,GET,/api/audio/levels (during plugin swap),4.600000,0.000000,3,5,9,10,13,18,970,970,970,970,970,275,0,3,38.18874976723402,1.0652109995135106,1023.4881830001541,75.74181818181818
1772924170,10,GET,/api/audio/levels/plugins,4.600000,0.000000,2,3,4,9,16,22,25,25,25,25,25,275,0,2,4.820638261947104,1.0371790012868587,40.08671200062963,19.578181818181818
1772924170,10,GET,/api/audio/status,16.900000,0.000000,2,3,3,4,11,16,29,30,43,43,43,826,0,2,4.550928983078376,1.0381230022176169,58.68061100045452,168.0
1772924170,10,GET,/api/chains/,0.000000,0.000000,0,0,0,0,0,0,0,0,0,0,0,160,0,4,35.78325576258976,1.3513000012608245,1038.7257460024557,1448.1
1772924170,10,GET,/api/chains/{id},16.900000,0.000000,3,5,9,13,19,25,1000,1100,1100,1100,1100,826,0,3,23.343961343793783,1.2494990005507134,1052.9427690016746,506.95278450363196
1772924170,10,POST,/api/chains/{id}/activate,16.900000,0.000000,3,5,6,8,18,26,39,43,1100,1100,1100,826,0,4,7.982235193667205,1.1701449984684587,1056.0120830014057,53.09806295399516
1772924170,10,POST,/api/chains/{id}/deactivate,16.800000,0.000000,2,2,3,3,8,13,20,23,23,23,23,826,0,2,3.839883478158255,1.168678998510586,74.90994999898248,61.78813559322034
1772924170,10,POST,/api/plugins/batch/parameters (500 updates),10.900000,0.000000,5,10,12,15,19,23,31,33,39,39,39,384,0,6,16.467300296862202,2.876406000723364,1024.527470999601,877.9765625
1772924170,10,GET,/api/plugins/discover,0.000000,0.000000,0,0,0,0,0,0,0,0,0,0,0,160,0,13,18.220616150142632,10.576317999948515,58.00965399976121,85406.0
1772924170,10,GET,/api/plugins/list,0.000000,0.000000,0,0,0,0,0,0,0,0,0,0,0,160,0,2,5.07641034982953,1.080333000572864,43.401594997703796,29.4
1772924170,10,POST,/api/plugins/load?uri,4.600000,0.000000,3,3,4,6,23,27,47,47,47,47,47,275,0,2,5.658568792688047,1.3092929984850343,53.515169001912,2368.192727272727
1772924170,10,POST,/api/plugins/unload?uri,4.600000,0.000000,2,2,3,4,6,10,23,23,23,23,23,275,0,2,3.7711577672267924,1.1754760016629007,28.35171500191791,108.52363636363637
1772924170,10,,Aggregated,139.500000,0.000000,2,4,5,8,15,21,30,43,1100,1100,1100,7418,0,3,11.377196833641571,1.0234609981125686,1056.0120830014057,2118.455783229981
1772924171,10,GET,/api/audio/latency,21.700000,0.000000,2,3,4,5,14,18,24,30,34,34,34,1100,0,2,4.4841323827329855,1.0234609981125686,34.12297300019418,33.0
1772924171,10,GET,/api/audio/levels,21.700000,0.000000,3,5,8,9,16,24,35,46,1000,1000,1000,1100,0,3,15.251011472742407,1.0466029998497106,1040.2998699973978,75.32818181818182
1772924171,10,GET,/api/audio/levels (during plugin swap),4.800000,0.000000,3,5,8,9,13,18,970,970,970,970,970,283,0,3,37.219380671336864,1.0652109995135106,1023.4881830001541,75.75618374558304
1772924171,10,GET,/api/audio/levels/plugins,4.800000,0.000000,2,3,4,9,16,22,25,25,25,25,25,282,0,2,4.781985443379257,1.0371790012868587,40.08671200062963,19.53191489361702
1772924171,10,GET,/api/audio/status,16.700000,0.000000,2,3,3,4,10,16,24,30,43,43,43,843,0,2,4.545208030861541,1.0313479979231488,58.68061100045452,168.0
1772924171,10,GET,/api/chains/,0.000000,0.000000,0,0,0,0,0,0,0,0,0,0,0,160,0,4,35.78325576258976,1.3513000012608245,1038.7257460024557,1448.1
1772924171,10,GET,/api/chains/{id},16.700000,0.000000,3,5,9,12,18,25,1000,1100,1100,1100,1100,843,0,3,22.997816035546002,1.2494990005507134,1052.9427690016746,507.6037959667853
1772924171,10,POST,/api/chains/{id}/activate,16.800000,0.000000,3,4,6,8,18,25,30,43,1100,1100,1100,843,0,3,7.942949282304063,1.1701449984684587,1056.0120830014057,53.11862396204033
1772924171,10,POST,/api/chains/{id}/deactivate,16.700000,0.000000,2,2,3,3,8,13,20,23,24,24,24,843,0,2,3.840729691519613,1.168678998510586,74.90994999898248,61.79240806642942
1772924171,10,POST,/api/plugins/batch/parameters (500 updates),10.700000,0.000000,5,10,12,16,21,23,31,33,39,39,39,394,0,6,16.281360878168428,2.876406000723364,1024.527470999601,878.3172588832488
1772924171,10,GET,/api/plugins/discover,0.000000,0.000000,0,0,0,0,0,0,0,0,0,0,0,160,0,13,18.220616150142632,10.576317999948515,58.00965399976121,85406.0
1772924171,10,GET,/api/plugins/list,0.000000,0.000000,0,0,0,0,0,0,0,0,0,0,0,160,0,2,5.07641034982953,1.080333000572864,43.401594997703796,29.4
1772924171,10,POST,/api/plugins/load?uri,4.800000,0.000000,3,4,5,9,23,27,47,47,47,47,47,283,0,2,5.710973855071617,1.3092929984850343,53.515169001912,2396.547703180212
1772924171,10,POST,/api/plugins/unload?uri,4.800000,0.000000,2,2,3,4,6,10,23,23,23,23,23,282,0,2,3.736949645362403,1.1754760016629007,28.35171500191791,108.70567375886525
1772924171,10,,Aggregated,140.200000,0.000000,3,4,6,8,15,21,29,43,1100,1100,1100,7576,0,3,11.25665262380476,1.0234609981125686,1056.0120830014057,2081.4159186906018
1772924172,10,GET,/api/audio/latency,22.100000,0.000000,2,3,3,4,12,17,20,24,34,34,34,1132,0,2,4.429850833926637,1.0234609981125686,34.12297300019418,33.0
1772924172,10,GET,/api/audio/levels,22.100000,0.000000,3,5,8,9,15,19,27,35,46,46,46,1132,0,3,14.957143199671759,1.0466029998497106,1040.2998699973978,75.31978798586573
1772924172,10,GET,/api/audio/levels (during plugin swap),4.800000,0.000000,3,5,8,9,12,13,13,18,18,18,18,288,0,3,36.740009954819975,1.0652109995135106,1023.4881830001541,75.70833333333333
1772924172,10,GET,/api/audio/levels/plugins,4.800000,0.000000,2,3,3,4,10,22,25,25,25,25,25,288,0,2,4.720960677180604,1.0371790012868587,40.08671200062963,19.552083333333332
1772924172,10,GET,/api/audio/status,16.400000,0.000000,2,2,3,3,6,11,23,29,43,43,43,861,0,2,4.482582721276261,1.0313479979231488,58.68061100045452,168.0
1772924172,10,GET,/api/chains/,0.000000,0.000000,0,0,0,0,0,0,0,0,0,0,0,160,0,4,35.78325576258976,1.3513000012608245,1038.7257460024557,1448.1
1772924172,10,GET,/api/chains/{id},16.400000,0.000000,3,4,8,9,16,19,22,27,38,38,38,861,0,3,22.57089160042983,1.2494990005507134,1052.9427690016746,507.8246225319396
1772924172,10,POST,/api/chains/{id}/activate,16.400000,0.000000,3,4,5,6,13,18,22,29,30,30,30,861,0,3,7.841459727044396,1.1701449984684587,1056.0120830014057,53.088269454123115
1772924172,10,POST,/api/chains/{id}/deactivate,16.400000,0.000000,2,2,2,3,5,10,17,23,24,24,24,861,0,2,3.7908572031904817,1.168678998510586,74.90994999898248,61.796747967479675
1772924172,10,POST,/api/plugins/batch/parameters (500 updates),10.900000,0.000000,5,9,12,15,20,23,31,33,39,39,39,407,0,6,15.919935474222576,2.876406000723364,1024.527470999601,877.7837837837837
1772924172,10,GET,/api/plugins/discover,0.000000,0.000000,0,0,0,0,0,0,0,0,0,0,0,160,0,13,18.220616150142632,10.576317999948515,58.00965399976121,85406.0
1772924172,10,GET,/api/plugins/list,0.000000,0.000000,0,0,0,0,0,0,0,0,0,0,0,160,0,2,5.07641034982953,1.080333000572864,43.401594997703796,29.4
1772924172,10,POST,/api/plugins/load?uri,4.800000,0.000000,3,3,4,6,13,27,27,47,47,47,47,288,0,2,5.692798197843432,1.3092929984850343,53.515169001912,2385.0208333333335
1772924172,10,POST,/api/plugins/unload?uri,4.800000,0.000000,2,2,2,3,4,10,11,23,23,23,23,288,0,2,3.6882392846943426,1.1754760016629007,28.35171500191791,108.76736111111111
1772924172,10,,Aggregated,139.900000,0.000000,2,3,5,7,13,18,24,29,46,47,47,7747,0,3,11.079037143534284,1.0234609981125686,1056.0120830014057,2040.490899703111
1772924173,10,GET,/api/audio/latency,22.100000,0.000000,2,3,4,5,14,17,20,24,34,34,34,1139,0,2,4.44653568393446,1.0234609981125686,34.12297300019418,33.0
1772924173,10,GET,/api/audio/levels,22.100000,0.000000,3,4,8,9,14,19,25,35,46,46,46,1139,0,3,14.89522453821345,1.0466029998497106,1040.2998699973978,75.31694468832309
1772924173,10,GET,/api/audio/levels (during plugin swap),4.800000,0.000000,3,6,9,10,13,13,18,18,18,18,18,289,0,3,36.64919123525657,1.0652109995135106,1023.4881830001541,75.69896193771626
1772924173,10,GET,/api/audio/levels/plugins,4.800000,0.000000,2,3,3,4,15,22,25,25,25,25,25,289,0,2,4.710532913591643,1.0371790012868587,40.08671200062963,19.53287197231834
1772924173,10,GET,/api/audio/status,16.400000,0.000000,2,2,3,3,6,13,23,29,43,43,43,865,0,2,4.467225633548994,1.0313479979231488,58.68061100045452,168.0
1772924173,10,GET,/api/chains/,0.000000,0.000000,0,0,0,0,0,0,0,0,0,0,0,160,0,4,35.78325576258976,1.3513000012608245,1038.7257460024557,1448.1
1772924173,10,GET,/api/chains/{id},16.400000,0.000000,2,4,7,9,15,19,22,27,38,38,38,865,0,3,22.476206899385407,1.2494990005507134,1052.9427690016746,507.98150289017343
1772924173,10,POST,/api/chains/{id}/activate,16.400000,0.000000,3,4,5,6,11,18,21,29,30,30,30,865,0,3,7.818829717900708,1.1701449984684587,1056.0120830014057,53.06242774566474
1772924173,10,POST,/api/chains/{id}/deactivate,16.400000,0.000000,2,2,2,3,5,10,17,23,24,24,24,865,0,2,3.782863307453563,1.168678998510586,74.90994999898248,61.797687861271676
1772924173,10,POST,/api/plugins/batch/parameters (500 updates),10.900000,0.000000,5,10,12,16,21,23,31,33,39,39,39,411,0,6,15.828200080318698,2.876406000723364,1024.527470999601,877.1922141119221
1772924173,10,GET,/api/plugins/discover,0.000000,0.000000,0,0,0,0,0,0,0,0,0,0,0,160,0,13,18.220616150142632,10.576317999948515,58.00965399976121,85406.0
1772924173,10,GET,/api/plugins/list,0.000000,0.000000,0,0,0,0,0,0,0,0,0,0,0,160,0,2,5.07641034982953,1.080333000572864,43.401594997703796,29.4
1772924173,10,POST,/api/plugins/load?uri,4.800000,0.000000,2,3,4,9,15,27,47,47,47,47,47,289,0,2,5.681436979162521,1.3092929984850343,53.515169001912,2380.944636678201
1772924173,10,POST,/api/plugins/unload?uri,4.800000,0.000000,2,2,2,3,4,10,23,23,23,23,23,289,0,2,3.6811440207306245,1.1754760016629007,28.35171500191791,108.76124567474048
1772924173,10,,Aggregated,139.900000,0.000000,2,3,5,7,13,18,24,29,46,47,47,7785,0,3,11.04544381296767,1.0234609981125686,1056.0120830014057,2031.648554913295
1772924174,10,GET,/api/audio/latency,23.500000,0.000000,2,3,4,7,17,21,23,24,34,34,34,1154,0,2,4.597066857892798,1.0234609981125686,34.12297300019418,33.0
1772924174,10,GET,/api/audio/levels,23.500000,0.000000,3,5,9,11,19,38,910,990,1000,1000,1000,1154,0,3,19.353709078008993,1.0466029998497106,1040.2998699973978,75.39948006932408
1772924174,10,GET,/api/audio/levels (during plugin swap),5.300000,0.000000,4,6,10,10,13,13,18,18,18,18,18,289,0,3,36.64919123525657,1.0652109995135106,1023.4881830001541,75.69896193771626
1772924174,10,GET,/api/audio/levels/plugins,5.300000,0.000000,2,3,3,4,16,25,25,25,25,25,25,289,0,2,4.710532913591643,1.0371790012868587,40.08671200062963,19.53287197231834
1772924174,10,GET,/api/audio/status,17.400000,0.000000,2,2,3,3,6,11,24,29,250,250,250,878,0,2,4.730283019395377,1.0313479979231488,246.06509799923515,168.0
1772924174,10,GET,/api/chains/,0.000000,0.000000,0,0,0,0,0,0,0,0,0,0,0,160,0,4,35.78325576258976,1.3513000012608245,1038.7257460024557,1448.1
1772924174,10,GET,/api/chains/{id},17.300000,0.000000,2,4,7,9,17,22,930,940,1000,1000,1000,879,0,3,26.630005299162892,1.2494990005507134,1052.9427690016746,508.42320819112626
1772924174,10,POST,/api/chains/{id}/activate,17.400000,0.000000,3,4,5,6,17,21,30,30,260,260,260,878,0,3,8.177860129827073,1.1701449984684587,1056.0120830014057,53.05125284738041
1772924174,10,POST,/api/chains/{id}/deactivate,17.400000,0.000000,2,2,3,3,5,7,23,24,24,24,24,878,0,2,3.813802201533823,1.168678998510586,74.90994999898248,61.772209567198175
1772924174,10,POST,/api/plugins/batch/parameters (500 updates),11.700000,0.000000,5,11,16,18,23,39,190,980,980,980,980,416,0,6,19.05353682934674,2.876406000723364,1024.527470999601,876.5168269230769
1772924174,10,GET,/api/plugins/discover,0.000000,0.000000,0,0,0,0,0,0,0,0,0,0,0,160,0,13,18.220616150142632,10.576317999948515,58.00965399976121,85406.0
1772924174,10,GET,/api/plugins/list,0.000000,0.000000,0,0,0,0,0,0,0,0,0,0,0,160,0,2,5.07641034982953,1.080333000572864,43.401594997703796,29.4
1772924174,10,POST,/api/plugins/load?uri,5.300000,0.000000,3,4,9,10,23,27,47,47,47,47,47,289,0,2,5.681436979162521,1.3092929984850343,53.515169001912,2380.944636678201
1772924174,10,POST,/api/plugins/unload?uri,5.300000,0.000000,2,2,2,3,4,11,23,23,23,23,23,289,0,2,3.6811440207306245,1.1754760016629007,28.35171500191791,108.76124567474048
1772924174,10,,Aggregated,149.400000,0.000000,2,3,5,8,16,23,35,220,1000,1000,1000,7873,0,3,12.41797291718065,1.0234609981125686,1056.0120830014057,2011.0953893052204
1772924175,10,GET,/api/audio/latency,24.100000,0.000000,2,3,4,5,17,21,23,24,34,34,34,1186,0,2,4.535988228518941,1.0234609981125686,34.12297300019418,33.0
1772924175,10,GET,/api/audio/levels,24.100000,0.000000,3,6,9,12,18,38,910,990,1000,1000,1000,1186,0,3,19.014619306095334,1.0466029998497106,1040.2998699973978,75.38954468802699
1772924175,10,GET,/api/audio/levels (during plugin swap),5.200000,0.000000,3,6,10,11,13,15,18,18,18,18,18,296,0,3,35.96724070264925,1.0652109995135106,1023.4881830001541,75.67905405405405
1772924175,10,GET,/api/audio/levels/plugins,5.200000,0.000000,2,3,3,4,15,22,25,25,25,25,25,296,0,2,4.649128054146835,1.0371790012868587,40.08671200062963,19.489864864864863
1772924175,10,GET,/api/audio/status,16.700000,0.000000,2,2,3,3,6,10,24,29,250,250,250,889,0,2,4.701774821181167,1.0313479979231488,246.06509799923515,168.0
1772924175,10,GET,/api/chains/,0.000000,0.000000,0,0,0,0,0,0,0,0,0,0,0,160,0,4,35.78325576258976,1.3513000012608245,1038.7257460024557,1448.1
1772924175,10,GET,/api/chains/{id},16.700000,0.000000,3,4,7,10,18,27,930,940,1000,1000,1000,889,0,3,26.382821221552305,1.2494990005507134,1052.9427690016746,508.1316085489314
1772924175,10,POST,/api/chains/{id}/activate,16.700000,0.000000,3,4,5,7,18,21,30,30,260,260,260,889,0,3,8.170693974117109,1.1701449984684587,1056.0120830014057,53.05286839145107
1772924175,10,POST,/api/chains/{id}/deactivate,16.700000,0.000000,2,2,3,3,6,10,23,24,24,24,24,889,0,2,3.82157933177271,1.168678998510586,74.90994999898248,61.74690663667042
1772924175,10,POST,/api/plugins/batch/parameters (500 updates),12.000000,0.000000,6,10,15,19,23,39,190,980,980,980,980,427,0,6,18.753299463708462,2.876406000723364,1024.527470999601,875.8735362997658
1772924175,10,GET,/api/plugins/discover,0.000000,0.000000,0,0,0,0,0,0,0,0,0,0,0,160,0,13,18.220616150142632,10.576317999948515,58.00965399976121,85406.0
1772924175,10,GET,/api/plugins/list,0.000000,0.000000,0,0,0,0,0,0,0,0,0,0,0,160,0,2,5.07641034982953,1.080333000572864,43.401594997703796,29.4
1772924175,10,POST,/api/plugins/load?uri,5.200000,0.000000,3,4,6,10,16,27,47,47,47,47,47,296,0,2,5.6563993647909525,1.3092929984850343,53.515169001912,2385.2533783783783
1772924175,10,POST,/api/plugins/unload?uri,5.200000,0.000000,2,2,2,3,4,4,23,23,23,23,23,296,0,2,3.644844648619796,1.1754760016629007,28.35171500191791,108.86148648648648
1772924175,10,,Aggregated,147.800000,0.000000,2,4,5,7,16,22,35,220,1000,1000,1000,8019,0,3,12.278647562036822,1.0234609981125686,1056.0120830014057,1979.4829779274223
1772924176,10,GET,/api/audio/latency,22.700000,0.000000,2,3,3,5,15,21,22,23,24,24,24,1206,0,2,4.509119072988849,1.0234609981125686,34.12297300019418,33.0
1772924176,10,GET,/api/audio/levels,22.700000,0.000000,3,4,7,11,16,35,910,990,1000,1000,1000,1206,0,3,18.757096464369667,1.0466029998497106,1040.2998699973978,75.39303482587064
1772924176,10,GET,/api/audio/levels (during plugin swap),4.900000,0.000000,4,9,10,13,16,18,37,37,37,37,37,304,0,3,35.359970516394334,1.0652109995135106,1023.4881830001541,75.60855263157895
1772924176,10,GET,/api/audio/levels/plugins,4.900000,0.000000,2,3,3,4,16,22,25,25,25,25,25,304,0,2,4.652119026391837,1.0371790012868587,40.08671200062963,19.473684210526315
1772924176,10,GET,/api/audio/status,16.100000,0.000000,2,2,3,3,6,11,24,29,250,250,250,908,0,2,4.680646899801846,1.0313479979231488,246.06509799923515,168.0
1772924176,10,GET,/api/chains/,0.000000,0.000000,0,0,0,0,0,0,0,0,0,0,0,160,0,4,35.78325576258976,1.3513000012608245,1038.7257460024557,1448.1
1772924176,10,GET,/api/chains/{id},16.300000,0.000000,2,4,7,9,18,27,930,940,1000,1000,1000,908,0,3,25.980506463592132,1.2494990005507134,1052.9427690016746,507.5759911894273
1772924176,10,POST,/api/chains/{id}/activate,16.200000,0.000000,3,4,6,7,18,20,27,30,260,260,260,908,0,3,8.084045557256113,1.1701449984684587,1056.0120830014057,53.06057268722467
1772924176,10,POST,/api/chains/{id}/deactivate,16.100000,0.000000,2,2,3,3,6,12,23,24,24,24,24,908,0,2,3.8167040065472735,1.168678998510586,74.90994999898248,61.752202643171806
1772924176,10,POST,/api/plugins/batch/parameters (500 updates),10.300000,0.000000,5,9,14,18,23,34,190,980,980,980,980,439,0,6,18.5013360318996,2.876406000723364,1024.527470999601,876.0136674259682
1772924176,10,GET,/api/plugins/discover,0.000000,0.000000,0,0,0,0,0,0,0,0,0,0,0,160,0,13,18.220616150142632,10.576317999948515,58.00965399976121,85406.0
1772924176,10,GET,/api/plugins/list,0.000000,0.000000,0,0,0,0,0,0,0,0,0,0,0,160,0,2,5.07641034982953,1.080333000572864,43.401594997703796,29.4
1772924176,10,POST,/api/plugins/load?uri,4.900000,0.000000,3,4,9,11,16,27,47,47,47,47,47,304,0,2,5.647945562438843,1.3092929984850343,53.515169001912,2381.1809210526317
1772924176,10,POST,/api/plugins/unload?uri,4.900000,0.000000,2,2,3,3,4,7,23,23,23,23,23,304,0,2,3.673777022999945,1.1754760016629007,28.35171500191791,108.9342105263158
1772924176,10,,Aggregated,140.000000,0.000000,2,3,5,7,15,22,34,220,1000,1000,1000,8179,0,3,12.138118885309181,1.0234609981125686,1056.0120830014057,1946.4757305294045
1772924177,10,GET,/api/audio/latency,23.500000,0.000000,2,3,3,5,15,21,22,23,24,24,24,1228,0,2,4.505182846105971,1.0234609981125686,34.12297300019418,33.0
1772924177,10,GET,/api/audio/levels,23.500000,0.000000,3,5,9,12,17,35,910,990,1000,1000,1000,1228,0,3,18.53495025409339,1.0466029998497106,1040.2998699973978,75.39250814332247
1772924177,10,GET,/api/audio/levels (during plugin swap),4.500000,0.000000,4,8,10,13,15,18,22,37,37,37,37,313,0,3,34.469000773137836,1.0652109995135106,1023.4881830001541,75.57507987220447
1772924177,10,GET,/api/audio/levels/plugins,4.500000,0.000000,2,3,3,4,15,22,25,25,25,25,25,313,0,2,4.570730156622256,1.0371790012868587,40.08671200062963,19.482428115015974
1772924177,10,GET,/api/audio/status,15.800000,0.000000,2,2,3,3,6,11,24,29,250,250,250,929,0,2,4.636156761053768,1.0313479979231488,246.06509799923515,168.0
1772924177,10,GET,/api/chains/,0.000000,0.000000,0,0,0,0,0,0,0,0,0,0,0,160,0,4,35.78325576258976,1.3513000012608245,1038.7257460024557,1448.1
1772924177,10,GET,/api/chains/{id},15.800000,0.000000,2,4,7,10,17,23,930,940,1000,1000,1000,929,0,3,25.515333495083055,1.2494990005507134,1052.9427690016746,507.7524219590958
1772924177,10,POST,/api/chains/{id}/activate,15.800000,0.000000,3,4,6,7,16,20,27,30,260,260,260,929,0,3,8.01711621313724,1.1701449984684587,1056.0120830014057,53.082884822389666
1772924177,10,POST,/api/chains/{id}/deactivate,15.800000,0.000000,2,2,3,3,6,14,23,24,24,24,24,929,0,2,3.8060365220098804,1.168678998510586,74.90994999898248,61.7578040904198
1772924177,10,POST,/api/plugins/batch/parameters (500 updates),10.600000,0.000000,6,11,14,16,23,34,190,980,980,980,980,453,0,6,18.19007009272047,2.876406000723364,1024.527470999601,875.5849889624724
1772924177,10,GET,/api/plugins/discover,0.000000,0.000000,0,0,0,0,0,0,0,0,0,0,0,160,0,13,18.220616150142632,10.576317999948515,58.00965399976121,85406.0
1772924177,10,GET,/api/plugins/list,0.000000,0.000000,0,0,0,0,0,0,0,0,0,0,0,160,0,2,5.07641034982953,1.080333000572864,43.401594997703796,29.4
1772924177,10,POST,/api/plugins/load?uri,4.500000,0.000000,3,4,5,9,16,27,27,47,47,47,47,313,0,2,5.551569022313292,1.3092929984850343,53.515169001912,2351.0191693290735
1772924177,10,POST,/api/plugins/unload?uri,4.500000,0.000000,2,2,3,3,4,8,19,23,23,23,23,312,0,2,3.645759451897809,1.1754760016629007,28.35171500191791,108.75
1772924177,10,,Aggregated,138.800000,0.000000,2,3,5,7,15,21,31,190,1000,1000,1000,8356,0,3,11.97645135638475,1.0234609981125686,1056.0120830014057,1910.6174006701772
1772924178,10,GET,/api/audio/latency,23.500000,0.000000,2,2,3,5,15,20,22,23,24,24,24,1257,0,2,4.484802068431165,1.0234609981125686,34.12297300019418,33.0
1772924178,10,GET,/api/audio/levels,23.200000,0.000000,3,7,11,14,17,25,910,990,1000,1000,1000,1257,0,3,18.28828541053026,1.0466029998497106,1040.2998699973978,75.3890214797136
1772924178,10,GET,/api/audio/levels (during plugin swap),5.200000,0.000000,4,8,10,13,15,22,33,37,37,37,37,319,0,3,34.02442923507011,1.0652109995135106,1023.4881830001541,75.52664576802508
1772924178,10,GET,/api/audio/levels/plugins,5.200000,0.000000,2,2,3,3,4,10,16,17,17,17,17,319,0,2,4.522227175616065,1.0371790012868587,40.08671200062963,19.50156739811912
1772924178,10,GET,/api/audio/status,15.300000,0.000000,2,2,3,3,6,11,24,29,250,250,250,946,0,2,4.577942661761445,1.0313479979231488,246.06509799923515,168.0
1772924178,10,GET,/api/chains/,0.000000,0.000000,0,0,0,0,0,0,0,0,0,0,0,160,0,4,35.78325576258976,1.3513000012608245,1038.7257460024557,1448.1
1772924178,10,GET,/api/chains/{id},15.300000,0.000000,2,4,7,9,16,23,930,940,1000,1000,1000,946,0,3,25.129035933321912,1.2494990005507134,1052.9427690016746,509.0348837209302
1772924178,10,POST,/api/chains/{id}/activate,15.300000,0.000000,3,4,5,7,16,20,27,30,260,260,260,946,0,3,7.930232410144219,1.1701449984684587,1056.0120830014057,53.127906976744185
1772924178,10,POST,/api/chains/{id}/deactivate,15.300000,0.000000,2,2,3,3,6,14,23,24,24,24,24,946,0,2,3.7696829914790912,1.168678998510586,74.90994999898248,61.76215644820296
1772924178,10,POST,/api/plugins/batch/parameters (500 updates),9.900000,0.000000,5,11,14,16,23,34,190,980,980,980,980,461,0,6,18.023752054219337,2.876406000723364,1024.527470999601,874.6030368763558
1772924178,10,GET,/api/plugins/discover,0.000000,0.000000,0,0,0,0,0,0,0,0,0,0,0,160,0,13,18.220616150142632,10.576317999948515,58.00965399976121,85406.0
1772924178,10,GET,/api/plugins/list,0.000000,0.000000,0,0,0,0,0,0,0,0,0,0,0,160,0,2,5.07641034982953,1.080333000572864,43.401594997703796,29.4
1772924178,10,POST,/api/plugins/load?uri,5.200000,0.000000,3,4,4,9,15,16,19,27,27,27,27,319,0,2,5.617385278958159,1.3092929984850343,53.515169001912,2327.3134796238246
1772924178,10,POST,/api/plugins/unload?uri,5.200000,0.000000,2,2,2,3,4,7,8,19,19,19,19,319,0,2,3.61967392474587,1.1754760016629007,28.35171500191791,108.65203761755485
1772924178,10,,Aggregated,138.600000,0.000000,2,3,5,7,15,20,30,220,1000,1000,1000,8515,0,3,11.838108376034588,1.0234609981125686,1056.0120830014057,1878.7251908396947
1772924179,10,GET,/api/audio/latency,23.000000,0.000000,2,2,3,4,15,20,22,23,24,24,24,1277,0,2,4.480597448729487,1.0234609981125686,34.12297300019418,33.0
1772924179,10,GET,/api/audio/levels,23.000000,0.000000,3,7,11,13,16,25,910,990,1000,1000,1000,1277,0,3,18.05939947692721,1.0466029998497106,1040.2998699973978,75.41268598277212
1772924179,10,GET,/api/audio/levels (during plugin swap),5.600000,0.000000,5,10,13,13,16,22,37,37,37,37,37,319,0,3,34.02442923507011,1.0652109995135106,1023.4881830001541,75.52664576802508
1772924179,10,GET,/api/audio/levels/plugins,5.600000,0.000000,2,2,3,3,4,8,17,17,17,17,17,319,0,2,4.522227175616065,1.0371790012868587,40.08671200062963,19.50156739811912
1772924179,10,GET,/api/audio/status,15.300000,0.000000,2,2,2,3,4,10,15,24,250,250,250,971,0,2,4.499039670472288,1.0313479979231488,246.06509799923515,168.0
1772924179,10,GET,/api/chains/,0.000000,0.000000,0,0,0,0,0,0,0,0,0,0,0,160,0,4,35.78325576258976,1.3513000012608245,1038.7257460024557,1448.1
1772924179,10,GET,/api/chains/{id},15.400000,0.000000,2,4,7,9,16,21,930,940,1000,1000,1000,971,0,3,24.625422495287694,1.2494990005507134,1052.9427690016746,509.13697219361484
1772924179,10,POST,/api/chains/{id}/activate,15.400000,0.000000,2,4,6,7,15,19,27,30,260,260,260,971,0,3,7.815281581878434,1.1701449984684587,1056.0120830014057,53.17610710607621
1772924179,10,POST,/api/chains/{id}/deactivate,15.300000,0.000000,2,2,3,3,5,10,21,24,24,24,24,971,0,2,3.7104276436102355,1.168678998510586,74.90994999898248,61.768280123583935
1772924179,10,POST,/api/plugins/batch/parameters (500 updates),10.400000,0.000000,5,8,13,15,21,34,190,980,980,980,980,475,0,6,17.72227394738461,2.876406000723364,1024.527470999601,874.2021052631579
1772924179,10,GET,/api/plugins/discover,0.000000,0.000000,0,0,0,0,0,0,0,0,0,0,0,160,0,13,18.220616150142632,10.576317999948515,58.00965399976121,85406.0
1772924179,10,GET,/api/plugins/list,0.000000,0.000000,0,0,0,0,0,0,0,0,0,0,0,160,0,2,5.07641034982953,1.080333000572864,43.401594997703796,29.4
1772924179,10,POST,/api/plugins/load?uri,5.600000,0.000000,3,4,5,10,15,16,27,27,27,27,27,319,0,2,5.617385278958159,1.3092929984850343,53.515169001912,2327.3134796238246
1772924179,10,POST,/api/plugins/unload?uri,5.600000,0.000000,2,2,3,3,4,7,19,19,19,19,19,319,0,2,3.61967392474587,1.1754760016629007,28.35171500191791,108.65203761755485
1772924179,10,,Aggregated,140.200000,0.000000,2,3,5,7,15,20,30,220,1000,1000,1000,8669,0,3,11.693254477214687,1.0234609981125686,1056.0120830014057,1849.2959972315145
1772924180,10,GET,/api/audio/latency,23.300000,0.000000,2,3,3,5,15,20,22,23,24,24,24,1298,0,2,4.504504377524505,1.0234609981125686,34.12297300019418,33.0
1772924180,10,GET,/api/audio/levels,23.300000,0.000000,3,7,11,13,16,21,910,990,1000,1000,1000,1298,0,3,17.896027906810897,1.0466029998497106,1040.2998699973978,75.42372881355932
1772924180,10,GET,/api/audio/levels (during plugin swap),6.100000,0.000000,7,10,12,13,16,22,37,37,37,37,37,327,0,3,33.341486929620004,1.0652109995135106,1023.4881830001541,75.5045871559633
1772924180,10,GET,/api/audio/levels/plugins,6.100000,0.000000,2,2,3,3,4,8,17,17,17,17,17,326,0,2,4.483545690253012,1.0371790012868587,40.08671200062963,19.542944785276074
1772924180,10,GET,/api/audio/status,15.300000,0.000000,1,2,2,3,6,10,12,22,250,250,250,993,0,2,4.496575075548328,1.0313479979231488,246.06509799923515,168.0
1772924180,10,GET,/api/chains/,0.000000,0.000000,0,0,0,0,0,0,0,0,0,0,0,160,0,4,35.78325576258976,1.3513000012608245,1038.7257460024557,1448.1
1772924180,10,GET,/api/chains/{id},15.300000,0.000000,2,4,8,10,16,23,900,940,1000,1000,1000,993,0,3,24.240888141915615,1.233504997799173,1052.9427690016746,507.89526686807653
1772924180,10,POST,/api/chains/{id}/activate,15.300000,0.000000,2,4,6,7,15,19,24,30,260,260,260,993,0,3,7.768986419939484,1.1701449984684587,1056.0120830014057,53.176233635448135
1772924180,10,POST,/api/chains/{id}/deactivate,15.400000,0.000000,1,2,2,3,6,12,17,23,24,24,24,993,0,2,3.722188145961612,1.168678998510586,74.90994999898248,61.77341389728097
1772924180,10,POST,/api/plugins/batch/parameters (500 updates),10.000000,0.000000,5,9,12,14,18,35,190,980,980,980,980,486,0,6,17.570341874477577,2.876406000723364,1024.527470999601,874.3641975308642
1772924180,10,GET,/api/plugins/discover,0.000000,0.000000,0,0,0,0,0,0,0,0,0,0,0,160,0,13,18.220616150142632,10.576317999948515,58.00965399976121,85406.0
1772924180,10,GET,/api/plugins/list,0.000000,0.000000,0,0,0,0,0,0,0,0,0,0,0,160,0,2,5.07641034982953,1.080333000572864,43.401594997703796,29.4
1772924180,10,POST,/api/plugins/load?uri,6.100000,0.000000,3,4,5,10,15,16,19,19,19,19,19,326,0,2,5.6172437392207515,1.3092929984850343,53.515169001912,2313.530674846626
1772924180,10,POST,/api/plugins/unload?uri,6.100000,0.000000,2,2,2,3,4,7,19,19,19,19,19,326,0,2,3.57940924539189,1.1754760016629007,28.35171500191791,108.58588957055214
1772924180,10,,Aggregated,142.300000,0.000000,2,3,5,8,15,18,33,220,1000,1000,1000,8839,0,3,11.582460745666568,1.0234609981125686,1056.0120830014057,1818.4200701436814
1772924181,10,GET,/api/audio/latency,23.200000,0.000000,2,3,3,5,16,21,23,24,26,26,26,1322,0,2,4.495003100631296,1.0234609981125686,34.12297300019418,33.0
1772924181,10,GET,/api/audio/levels,23.200000,0.000000,3,7,11,13,17,25,910,1000,1000,1000,1000,1322,0,3,17.64642787521537,1.0466029998497106,1040.2998699973978,75.41906202723146
1772924181,10,GET,/api/audio/levels (during plugin swap),5.300000,0.000000,4,10,12,13,16,22,37,37,37,37,37,335,0,3,32.680928677573725,1.0652109995135106,1023.4881830001541,75.48358208955224
1772924181,10,GET,/api/audio/levels/plugins,5.300000,0.000000,2,2,2,2,4,8,17,17,17,17,17,335,0,2,4.402682015002504,1.0371790012868587,40.08671200062963,19.51044776119403
1772924181,10,GET,/api/audio/status,15.600000,0.000000,1,2,2,3,6,10,12,22,250,250,250,1011,0,2,4.448556632064065,1.0313479979231488,246.06509799923515,168.0
1772924181,10,GET,/api/chains/,0.000000,0.000000,0,0,0,0,0,0,0,0,0,0,0,160,0,4,35.78325576258976,1.3513000012608245,1038.7257460024557,1448.1
1772924181,10,GET,/api/chains/{id},15.500000,0.000000,3,4,9,10,16,23,900,940,1000,1000,1000,1011,0,3,23.90274888717086,1.233504997799173,1052.9427690016746,506.5707220573689
1772924181,10,POST,/api/chains/{id}/activate,15.500000,0.000000,3,4,6,7,15,19,24,30,260,260,260,1011,0,3,7.692861476761876,1.1701449984684587,1056.0120830014057,53.17408506429278
1772924181,10,POST,/api/chains/{id}/deactivate,15.600000,0.000000,2,2,3,3,6,14,17,23,24,24,24,1011,0,2,3.700691185882042,1.168678998510586,74.90994999898248,61.752720079129574
1772924181,10,POST,/api/plugins/batch/parameters (500 updates),9.900000,0.000000,6,11,13,15,21,35,190,980,980,980,980,498,0,6,17.397067672701603,2.876406000723364,1024.527470999601,873.9939759036145
1772924181,10,GET,/api/plugins/discover,0.000000,0.000000,0,0,0,0,0,0,0,0,0,0,0,160,0,13,18.220616150142632,10.576317999948515,58.00965399976121,85406.0
1772924181,10,GET,/api/plugins/list,0.000000,0.000000,0,0,0,0,0,0,0,0,0,0,0,160,0,2,5.07641034982953,1.080333000572864,43.401594997703796,29.4
1772924181,10,POST,/api/plugins/load?uri,5.300000,0.000000,2,3,4,4,15,16,19,19,19,19,19,335,0,2,5.534379797001151,1.3092929984850343,53.515169001912,2320.64776119403
1772924181,10,POST,/api/plugins/unload?uri,5.300000,0.000000,2,2,2,3,7,8,19,19,19,19,19,335,0,2,3.5550134507448363,1.1754760016629007,28.35171500191791,108.56716417910448
1772924181,10,,Aggregated,139.700000,0.000000,2,3,5,8,15,19,33,220,1000,1000,1000,9006,0,2,11.440990956581397,1.0234609981125686,1056.0120830014057,1790.332111925383
1772924182,10,GET,/api/audio/latency,22.600000,0.000000,2,3,3,4,16,21,23,23,26,26,26,1341,0,2,4.482508514564986,1.0234609981125686,34.12297300019418,33.0
1772924182,10,GET,/api/audio/levels,22.600000,0.000000,3,7,11,13,17,25,910,990,1000,1000,1000,1341,0,3,17.485401006736907,1.0466029998497106,1040.2998699973978,75.42356450410142
1772924182,10,GET,/api/audio/levels (during plugin swap),5.000000,0.000000,4,9,12,13,21,33,37,60,60,60,60,342,0,3,32.31158126312182,1.0652109995135106,1023.4881830001541,75.4327485380117
1772924182,10,GET,/api/audio/levels/plugins,5.000000,0.000000,2,2,2,2,4,9,17,18,18,18,18,342,0,2,4.399045733976647,1.0371790012868587,40.08671200062963,19.51169590643275
1772924182,10,GET,/api/audio/status,16.300000,0.000000,2,2,3,3,6,10,12,22,250,250,250,1031,0,2,4.42002586519323,1.0313479979231488,246.06509799923515,168.0
1772924182,10,GET,/api/chains/,0.000000,0.000000,0,0,0,0,0,0,0,0,0,0,0,160,0,4,35.78325576258976,1.3513000012608245,1038.7257460024557,1448.1
1772924182,10,GET,/api/chains/{id},16.300000,0.000000,3,4,9,11,17,38,900,940,1000,1000,1000,1031,0,3,23.597408155123087,1.233504997799173,1052.9427690016746,507.5800193986421
1772924182,10,POST,/api/chains/{id}/activate,16.300000,0.000000,3,4,6,8,18,20,26,30,260,260,260,1031,0,3,7.685887711933361,1.1701449984684587,1056.0120830014057,53.20950533462658
1772924182,10,POST,/api/chains/{id}/deactivate,16.300000,0.000000,2,2,3,3,10,14,17,23,24,24,24,1031,0,2,3.729017314189151,1.168678998510586,74.90994999898248,61.75751697381183
1772924182,10,POST,/api/plugins/batch/parameters (500 updates),10.200000,0.000000,6,10,13,15,21,35,190,980,980,980,980,509,0,6,17.16362025738358,2.876406000723364,1024.527470999601,874.2946954813359
1772924182,10,GET,/api/plugins/discover,0.000000,0.000000,0,0,0,0,0,0,0,0,0,0,0,160,0,13,18.220616150142632,10.576317999948515,58.00965399976121,85406.0
1772924182,10,GET,/api/plugins/list,0.000000,0.000000,0,0,0,0,0,0,0,0,0,0,0,160,0,2,5.07641034982953,1.080333000572864,43.401594997703796,29.4
1772924182,10,POST,/api/plugins/load?uri,5.000000,0.000000,3,3,4,4,15,17,18,19,19,19,19,342,0,2,5.548957789454889,1.3092929984850343,53.515169001912,2316.406432748538
1772924182,10,POST,/api/plugins/unload?uri,5.000000,0.000000,2,2,2,3,7,13,13,19,19,19,19,342,0,2,3.5786275789417377,1.1754760016629007,28.35171500191791,108.52046783625731
1772924182,10,,Aggregated,140.600000,0.000000,2,3,6,8,15,20,35,190,1000,1000,1000,9163,0,2,11.34775780060698,1.0234609981125686,1056.0120830014057,1764.5554949252428
1772924183,10,GET,/api/audio/latency,22.400000,0.000000,2,2,3,4,15,17,22,23,26,26,26,1373,0,2,4.448819109271116,1.0234609981125686,34.12297300019418,33.0
1772924183,10,GET,/api/audio/levels,22.500000,0.000000,3,6,10,12,16,18,38,68,220,220,220,1373,0,3,17.190491075040384,1.0466029998497106,1040.2998699973978,75.40495265841224
1772924183,10,GET,/api/audio/levels (during plugin swap),5.100000,0.000000,4,8,12,13,21,33,37,60,60,60,60,345,0,3,32.08494133329056,1.0652109995135106,1023.4881830001541,75.48695652173913
1772924183,10,GET,/api/audio/levels/plugins,5.100000,0.000000,2,2,2,3,4,9,17,18,18,18,18,345,0,2,4.393354011646833,1.0371790012868587,40.08671200062963,19.53913043478261
1772924183,10,GET,/api/audio/status,16.600000,0.000000,1,2,3,3,6,10,12,22,250,250,250,1043,0,2,4.3907580834260695,1.0313479979231488,246.06509799923515,168.0
1772924183,10,GET,/api/chains/,0.000000,0.000000,0,0,0,0,0,0,0,0,0,0,0,160,0,4,35.78325576258976,1.3513000012608245,1038.7257460024557,1448.1
1772924183,10,GET,/api/chains/{id},16.600000,0.000000,3,4,7,10,15,18,39,48,150,150,150,1043,0,3,23.355310830230405,1.233504997799173,1052.9427690016746,507.3231064237776
1772924183,10,POST,/api/chains/{id}/activate,16.600000,0.000000,2,4,5,7,15,19,23,26,260,260,260,1043,0,3,7.636747568552367,1.1701449984684587,1056.0120830014057,53.191754554170664
1772924183,10,POST,/api/chains/{id}/deactivate,16.600000,0.000000,2,2,3,3,11,14,17,23,24,24,24,1043,0,2,3.7264070967623066,1.168678998510586,74.90994999898248,61.760306807286675
1772924183,10,POST,/api/plugins/batch/parameters (500 updates),9.900000,0.000000,6,10,12,14,18,27,100,150,190,190,190,523,0,6,16.898567755275895,2.876406000723364,1024.527470999601,874.4130019120458
1772924183,10,GET,/api/plugins/discover,0.000000,0.000000,0,0,0,0,0,0,0,0,0,0,0,160,0,13,18.220616150142632,10.576317999948515,58.00965399976121,85406.0
1772924183,10,GET,/api/plugins/list,0.000000,0.000000,0,0,0,0,0,0,0,0,0,0,0,160,0,2,5.07641034982953,1.080333000572864,43.401594997703796,29.4
1772924183,10,POST,/api/plugins/load?uri,5.100000,0.000000,3,3,4,5,15,17,18,19,19,19,19,345,0,2,5.531611101416301,1.3092929984850343,53.515169001912,2331.144927536232
1772924183,10,POST,/api/plugins/unload?uri,5.100000,0.000000,2,2,2,3,7,13,13,19,19,19,19,345,0,2,3.5614188405684284,1.1754760016629007,28.35171500191791,108.48695652173913
1772924183,10,,Aggregated,141.600000,0.000000,2,3,5,8,14,18,23,38,250,260,260,9301,0,2,11.236920373931182,1.0234609981125686,1056.0120830014057,1742.4182345984302
1772924184,10,GET,/api/audio/latency,22.400000,0.000000,2,2,3,3,14,16,20,21,26,26,26,1379,0,2,4.441234525762066,1.0234609981125686,34.12297300019418,33.0
1772924184,10,GET,/api/audio/levels,22.500000,0.000000,3,6,9,11,15,17,20,25,40,40,40,1379,0,3,17.149285847012006,1.0466029998497106,1040.2998699973978,75.4133430021755
1772924184,10,GET,/api/audio/levels (during plugin swap),5.100000,0.000000,4,8,11,12,21,33,37,60,60,60,60,346,0,3,31.995405332327735,1.0652109995135106,1023.4881830001541,75.47976878612717
1772924184,10,GET,/api/audio/levels/plugins,5.100000,0.000000,2,2,2,2,4,9,17,18,18,18,18,345,0,2,4.393354011646833,1.0371790012868587,40.08671200062963,19.53913043478261
1772924184,10,GET,/api/audio/status,16.600000,0.000000,1,2,2,3,5,9,11,15,22,22,22,1046,0,2,4.381581884333745,1.0313479979231488,246.06509799923515,168.0
1772924184,10,GET,/api/chains/,0.000000,0.000000,0,0,0,0,0,0,0,0,0,0,0,160,0,4,35.78325576258976,1.3513000012608245,1038.7257460024557,1448.1
1772924184,10,GET,/api/chains/{id},16.600000,0.000000,2,4,7,10,15,18,38,48,48,48,48,1046,0,3,23.30061575710117,1.233504997799173,1052.9427690016746,506.9760994263862
1772924184,10,POST,/api/chains/{id}/activate,16.600000,0.000000,2,4,5,6,14,18,22,24,26,26,26,1046,0,3,7.628596477052287,1.1701449984684587,1056.0120830014057,53.18738049713193
1772924184,10,POST,/api/chains/{id}/deactivate,16.600000,0.000000,1,2,2,3,10,13,17,21,23,23,23,1046,0,2,3.720993650977124,1.168678998510586,74.90994999898248,61.76099426386233
1772924184,10,POST,/api/plugins/batch/parameters (500 updates),9.900000,0.000000,6,9,12,14,17,21,27,34,35,35,35,529,0,6,16.77145466921144,2.876406000723364,1024.527470999601,873.9584120982987
1772924184,10,GET,/api/plugins/discover,0.000000,0.000000,0,0,0,0,0,0,0,0,0,0,0,160,0,13,18.220616150142632,10.576317999948515,58.00965399976121,85406.0
1772924184,10,GET,/api/plugins/list,0.000000,0.000000,0,0,0,0,0,0,0,0,0,0,0,160,0,2,5.07641034982953,1.080333000572864,43.401594997703796,29.4
1772924184,10,POST,/api/plugins/load?uri,5.100000,0.000000,3,3,4,4,14,17,18,19,19,19,19,346,0,2,5.519796771647892,1.3092929984850343,53.515169001912,2329.251445086705
1772924184,10,POST,/api/plugins/unload?uri,5.100000,0.000000,2,2,2,2,7,13,13,19,19,19,19,345,0,2,3.5614188405684284,1.1754760016629007,28.35171500191791,108.48695652173913
1772924184,10,,Aggregated,141.600000,0.000000,2,3,5,7,14,17,21,25,48,60,60,9333,0,2,11.212919623371661,1.0234609981125686,1056.0120830014057,1737.4534447658846
1772924185,10,GET,/api/audio/latency,22.700000,0.000000,2,2,3,4,15,17,20,21,26,26,26,1398,0,2,4.44802758084579,1.0234609981125686,34.12297300019418,33.0
1772924185,10,GET,/api/audio/levels,22.700000,0.000000,3,5,8,11,15,17,21,40,1000,1000,1000,1398,0,3,17.680271126630764,1.0466029998497106,1040.2998699973978,75.40844062947068
1772924185,10,GET,/api/audio/levels (during plugin swap),5.500000,0.000000,4,8,11,12,22,960,1000,1000,1000,1000,1000,357,0,3,39.49460435010746,1.0652109995135106,1023.4881830001541,75.54901960784314
1772924185,10,GET,/api/audio/levels/plugins,5.500000,0.000000,2,2,3,3,5,9,18,1000,1000,1000,1000,357,0,2,7.144099588271381,1.0371790012868587,1004.5815230005246,19.535014005602243
1772924185,10,GET,/api/audio/status,17.600000,0.000000,1,2,2,3,4,9,11,15,22,22,22,1059,0,2,4.36889437584673,1.0313479979231488,246.06509799923515,168.0
1772924185,10,GET,/api/chains/,0.000000,0.000000,0,0,0,0,0,0,0,0,0,0,0,160,0,4,35.78325576258976,1.3513000012608245,1038.7257460024557,1448.1
1772924185,10,GET,/api/chains/{id},17.600000,0.000000,3,4,9,10,16,20,48,930,1000,1000,1000,1059,0,3,25.775648998994985,1.233504997799173,1052.9427690016746,506.081208687441
1772924185,10,POST,/api/chains/{id}/activate,17.600000,0.000000,2,4,5,6,15,19,23,25,26,26,26,1059,0,3,7.63141015863659,1.1701449984684587,1056.0120830014057,53.17658168083097
1772924185,10,POST,/api/chains/{id}/deactivate,17.600000,0.000000,1,2,2,3,8,12,17,17,23,23,23,1059,0,2,3.71053367697958,1.168678998510586,74.90994999898248,61.74032105760151
1772924185,10,POST,/api/plugins/batch/parameters (500 updates),10.600000,0.000000,6,10,12,14,18,22,910,980,980,980,980,533,0,6,20.23466749158796,2.876406000723364,1024.527470999601,873.906191369606
1772924185,10,GET,/api/plugins/discover,0.000000,0.000000,0,0,0,0,0,0,0,0,0,0,0,160,0,13,18.220616150142632,10.576317999948515,58.00965399976121,85406.0
1772924185,10,GET,/api/plugins/list,0.000000,0.000000,0,0,0,0,0,0,0,0,0,0,0,160,0,2,5.07641034982953,1.080333000572864,43.401594997703796,29.4
1772924185,10,POST,/api/plugins/load?uri,5.500000,0.000000,3,3,4,6,17,19,20,21,21,21,21,357,0,2,5.572081394949295,1.3092929984850343,53.515169001912,2305.27731092437
1772924185,10,POST,/api/plugins/unload?uri,5.500000,0.000000,2,2,3,3,7,13,13,65,65,65,65,357,0,2,3.7062433221363085,1.1754760016629007,64.64023000080488,108.406162464986
1772924185,10,,Aggregated,148.400000,0.000000,2,3,5,8,14,17,23,40,1000,1000,1000,9473,0,2,12.14713962989066,1.0234609981125686,1056.0120830014057,1715.3896336957669
1772924186,10,GET,/api/audio/latency,23.000000,0.000000,2,3,3,4,15,17,20,21,26,26,26,1428,0,2,4.446780691889181,1.0234609981125686,34.12297300019418,33.0
1772924186,10,GET,/api/audio/levels,23.000000,0.000000,3,5,8,10,15,17,19,21,1000,1000,1000,1428,0,3,17.413683782238873,1.0466029998497106,1040.2998699973978,75.39425770308124
1772924186,10,GET,/api/audio/levels (during plugin swap),5.700000,0.000000,4,8,11,12,33,960,1000,1000,1000,1000,1000,359,0,3,39.285995445660824,1.0652109995135106,1023.4881830001541,75.53481894150418
1772924186,10,GET,/api/audio/levels/plugins,5.600000,0.000000,2,2,3,3,5,9,1000,1000,1000,1000,1000,359,0,2,7.115894540425531,1.0371790012868587,1004.5815230005246,19.540389972144848
1772924186,10,GET,/api/audio/status,17.100000,0.000000,1,2,2,3,4,9,11,22,27,27,27,1080,0,2,4.350502024095072,1.0313479979231488,246.06509799923515,168.0
1772924186,10,GET,/api/chains/,0.000000,0.000000,0,0,0,0,0,0,0,0,0,0,0,160,0,4,35.78325576258976,1.3513000012608245,1038.7257460024557,1448.1
1772924186,10,GET,/api/chains/{id},16.900000,0.000000,3,4,8,10,16,18,48,930,1000,1000,1000,1083,0,3,25.300936319417765,1.233504997799173,1052.9427690016746,506.0932594644506
1772924186,10,POST,/api/chains/{id}/activate,17.000000,0.000000,2,4,5,6,15,19,23,25,26,26,26,1080,0,3,7.561754574059402,1.1701449984684587,1056.0120830014057,53.239814814814814
1772924186,10,POST,/api/chains/{id}/deactivate,17.100000,0.000000,1,2,3,3,10,12,16,17,23,23,23,1080,0,2,3.7107503573342573,1.168678998510586,74.90994999898248,61.72222222222222
1772924186,10,POST,/api/plugins/batch/parameters (500 updates),11.700000,0.000000,5,9,12,14,18,22,910,980,980,980,980,543,0,6,19.996942239432425,2.806248998240335,1024.527470999601,873.8600368324126
1772924186,10,GET,/api/plugins/discover,0.000000,0.000000,0,0,0,0,0,0,0,0,0,0,0,160,0,13,18.220616150142632,10.576317999948515,58.00965399976121,85406.0
1772924186,10,GET,/api/plugins/list,0.000000,0.000000,0,0,0,0,0,0,0,0,0,0,0,160,0,2,5.07641034982953,1.080333000572864,43.401594997703796,29.4
1772924186,10,POST,/api/plugins/load?uri,5.700000,0.000000,3,4,4,10,18,19,21,21,21,21,21,359,0,2,5.557098852358723,1.3092929984850343,53.515169001912,2316.863509749304
1772924186,10,POST,/api/plugins/unload?uri,5.600000,0.000000,2,2,3,3,7,13,65,65,65,65,65,359,0,2,3.6986502813392423,1.1754760016629007,64.64023000080488,108.41225626740948
1772924186,10,,Aggregated,148.400000,0.000000,2,3,5,8,14,17,22,40,1000,1000,1000,9638,0,2,12.013154394784852,1.0234609981125686,1056.0120830014057,1690.0972193401121
1772924187,10,GET,/api/audio/latency,21.100000,0.000000,2,3,4,4,15,17,20,21,26,26,26,1450,0,2,4.449739592422827,1.0234609981125686,34.12297300019418,33.0
1772924187,10,GET,/api/audio/levels,21.100000,0.000000,3,6,8,10,13,17,21,40,1000,1000,1000,1450,0,3,17.262429195884735,1.0466029998497106,1040.2998699973978,75.39379310344827
1772924187,10,GET,/api/audio/levels (during plugin swap),5.900000,0.000000,5,8,10,12,22,960,1000,1000,1000,1000,1000,362,0,3,39.01015083147034,1.0652109995135106,1023.4881830001541,75.51381215469613
1772924187,10,GET,/api/audio/levels/plugins,5.900000,0.000000,2,2,3,5,9,17,1000,1000,1000,1000,1000,362,0,2,7.147748544236156,1.0371790012868587,1004.5815230005246,19.53038674033149
1772924187,10,GET,/api/audio/status,16.700000,0.000000,2,2,3,3,7,11,12,22,27,27,27,1099,0,2,4.341242076441828,1.0313479979231488,246.06509799923515,168.0
1772924187,10,GET,/api/chains/,0.000000,0.000000,0,0,0,0,0,0,0,0,0,0,0,160,0,4,35.78325576258976,1.3513000012608245,1038.7257460024557,1448.1
1772924187,10,GET,/api/chains/{id},16.700000,0.000000,3,5,8,10,16,18,48,930,1000,1000,1000,1099,0,3,25.039507075462303,1.233504997799173,1052.9427690016746,506.7661510464058
1772924187,10,POST,/api/chains/{id}/activate,16.700000,0.000000,3,4,5,7,15,22,26,38,56,56,56,1099,0,3,7.624534748856397,1.1701449984684587,1056.0120830014057,53.22020018198362
1772924187,10,POST,/api/chains/{id}/deactivate,16.700000,0.000000,1,2,3,3,10,12,14,17,23,23,23,1099,0,2,3.700293529494513,1.168678998510586,74.90994999898248,61.7270245677889
1772924187,10,POST,/api/plugins/batch/parameters (500 updates),10.600000,0.000000,5,9,11,14,19,23,910,980,980,980,980,557,0,6,19.712653877934923,2.806248998240335,1024.527470999601,874.3985637342909
1772924187,10,GET,/api/plugins/discover,0.000000,0.000000,0,0,0,0,0,0,0,0,0,0,0,160,0,13,18.220616150142632,10.576317999948515,58.00965399976121,85406.0
1772924187,10,GET,/api/plugins/list,0.000000,0.000000,0,0,0,0,0,0,0,0,0,0,0,160,0,2,5.07641034982953,1.080333000572864,43.401594997703796,29.4
1772924187,10,POST,/api/plugins/load?uri,5.900000,0.000000,3,4,4,10,18,20,21,21,21,21,21,362,0,3,5.589275837005843,1.3092929984850343,53.515169001912,2306.4585635359117
1772924187,10,POST,/api/plugins/unload?uri,5.900000,0.000000,2,2,3,5,12,13,65,65,65,65,65,362,0,2,3.7629271187871476,1.1754760016629007,64.64023000080488,108.38674033149171
1772924187,10,,Aggregated,143.200000,0.000000,2,4,5,8,14,18,23,48,1000,1000,1000,9781,0,2,11.93594977557701,1.0234609981125686,1056.0120830014057,1668.7502300378285
1772924188,10,GET,/api/audio/latency,21.900000,0.000000,2,3,4,4,13,16,19,21,26,26,26,1477,0,2,4.4173301584362,1.0234609981125686,34.12297300019418,33.0
1772924188,10,GET,/api/audio/levels,21.900000,0.000000,3,5,8,10,13,17,19,21,1000,1000,1000,1477,0,3,17.02121197971325,1.0466029998497106,1040.2998699973978,75.36763710223426
1772924188,10,GET,/api/audio/levels (during plugin swap),5.500000,0.000000,5,8,12,12,22,960,1000,1000,1000,1000,1000,367,0,3,38.58200718798375,1.0652109995135106,1023.4881830001541,75.55040871934605
1772924188,10,GET,/api/audio/levels/plugins,5.500000,0.000000,2,2,3,4,9,17,1000,1000,1000,1000,1000,367,0,2,7.081004237096816,1.0371790012868587,1004.5815230005246,19.561307901907355
1772924188,10,GET,/api/audio/status,17.200000,0.000000,2,2,3,3,8,11,12,22,27,27,27,1119,0,2,4.2955326899021395,1.0313479979231488,246.06509799923515,168.0
1772924188,10,GET,/api/chains/,0.000000,0.000000,0,0,0,0,0,0,0,0,0,0,0,160,0,4,35.78325576258976,1.3513000012608245,1038.7257460024557,1448.1
1772924188,10,GET,/api/chains/{id},17.200000,0.000000,3,4,8,10,15,18,48,930,1000,1000,1000,1119,0,3,24.656866470003973,1.233504997799173,1052.9427690016746,506.9365504915103
1772924188,10,POST,/api/chains/{id}/activate,17.200000,0.000000,2,4,5,6,15,22,26,38,56,56,56,1119,0,3,7.532702734586807,1.1701449984684587,1056.0120830014057,53.22966934763181
1772924188,10,POST,/api/chains/{id}/deactivate,17.200000,0.000000,1,2,3,3,10,12,14,17,23,23,23,1119,0,2,3.6609689409386457,1.168678998510586,74.90994999898248,61.73190348525469
1772924188,10,POST,/api/plugins/batch/parameters (500 updates),10.400000,0.000000,5,9,12,14,19,23,910,980,980,980,980,565,0,6,19.560636996464915,2.806248998240335,1024.527470999601,873.6849557522124
1772924188,10,GET,/api/plugins/discover,0.000000,0.000000,0,0,0,0,0,0,0,0,0,0,0,160,0,13,18.220616150142632,10.576317999948515,58.00965399976121,85406.0
1772924188,10,GET,/api/plugins/list,0.000000,0.000000,0,0,0,0,0,0,0,0,0,0,0,160,0,2,5.07641034982953,1.080333000572864,43.401594997703796,29.4
1772924188,10,POST,/api/plugins/load?uri,5.500000,0.000000,3,3,4,4,18,20,21,21,21,21,21,367,0,3,5.546797501363085,1.3092929984850343,53.515169001912,2297.7029972752043
1772924188,10,POST,/api/plugins/unload?uri,5.500000,0.000000,2,2,3,5,12,13,65,65,65,65,65,367,0,2,3.757713302453756,1.1754760016629007,64.64023000080488,108.33242506811989
1772924188,10,,Aggregated,145.000000,0.000000,2,4,5,8,13,18,23,48,1000,1000,1000,9943,0,2,11.793811296984067,1.0234609981125686,1056.0120830014057,1645.0636628784068
1772924189,10,GET,/api/audio/latency,22.000000,0.000000,2,3,4,4,13,17,21,22,26,26,26,1507,0,2,4.44543404777609,1.0178689990425482,34.12297300019418,33.0
1772924189,10,GET,/api/audio/levels,22.000000,0.000000,3,5,8,10,14,18,21,37,1000,1000,1000,1507,0,3,16.857535891200808,1.0466029998497106,1040.2998699973978,75.3550099535501
1772924189,10,GET,/api/audio/levels (during plugin swap),5.200000,0.000000,3,7,9,12,22,960,1000,1000,1000,1000,1000,373,0,3,38.00811774527542,1.0652109995135106,1023.4881830001541,75.50938337801608
1772924189,10,GET,/api/audio/levels/plugins,5.200000,0.000000,2,3,4,5,9,17,1000,1000,1000,1000,1000,373,0,2,7.023586664915234,1.0371790012868587,1004.5815230005246,19.576407506702413
1772924189,10,GET,/api/audio/status,17.000000,0.000000,2,2,3,3,7,11,12,22,27,27,27,1137,0,2,4.280108569922929,1.0313479979231488,246.06509799923515,168.0
1772924189,10,GET,/api/chains/,0.000000,0.000000,0,0,0,0,0,0,0,0,0,0,0,160,0,4,35.78325576258976,1.3513000012608245,1038.7257460024557,1448.1
1772924189,10,GET,/api/chains/{id},16.900000,0.000000,3,5,8,10,15,18,48,930,1000,1000,1000,1137,0,3,24.386020617359332,1.233504997799173,1052.9427690016746,506.07036059806507
1772924189,10,POST,/api/chains/{id}/activate,16.900000,0.000000,3,4,6,8,18,22,26,38,56,56,56,1137,0,3,7.536850502206951,1.1701449984684587,1056.0120830014057,53.226912928759894
1772924189,10,POST,/api/chains/{id}/deactivate,17.000000,0.000000,2,2,3,3,10,12,14,22,23,23,23,1137,0,2,3.6645192057259317,1.168678998510586,74.90994999898248,61.736147757255935
1772924189,10,POST,/api/plugins/batch/parameters (500 updates),10.100000,0.000000,5,8,12,14,18,23,910,980,980,980,980,576,0,6,19.304995984378415,2.806248998240335,1024.527470999601,874.3038194444445
1772924189,10,GET,/api/plugins/discover,0.000000,0.000000,0,0,0,0,0,0,0,0,0,0,0,160,0,13,18.220616150142632,10.576317999948515,58.00965399976121,85406.0
1772924189,10,GET,/api/plugins/list,0.000000,0.000000,0,0,0,0,0,0,0,0,0,0,0,160,0,2,5.07641034982953,1.080333000572864,43.401594997703796,29.4
1772924189,10,POST,/api/plugins/load?uri,5.200000,0.000000,3,3,4,4,17,20,21,21,21,21,21,373,0,2,5.497946131355086,1.3092929984850343,53.515169001912,2292.3699731903484
1772924189,10,POST,/api/plugins/unload?uri,5.200000,0.000000,2,2,5,5,13,17,65,65,65,65,65,373,0,2,3.7894531206356428,1.1754760016629007,64.64023000080488,108.21983914209115
1772924189,10,,Aggregated,142.700000,0.000000,2,4,5,7,14,18,23,48,1000,1000,1000,10110,0,2,11.69796938248302,1.0178689990425482,1056.0120830014057,1621.7871414441147
1772924190,10,GET,/api/audio/latency,22.200000,0.000000,2,3,4,5,15,17,21,22,26,26,26,1527,0,2,4.464884046489269,1.0178689990425482,34.12297300019418,33.0
1772924190,10,GET,/api/audio/levels,22.200000,0.000000,3,5,8,11,15,18,21,37,1000,1000,1000,1527,0,3,16.703591053068205,1.0466029998497106,1040.2998699973978,75.36673215455141
1772924190,10,GET,/api/audio/levels (during plugin swap),5.000000,0.000000,5,8,11,15,22,960,1000,1000,1000,1000,1000,383,0,3,37.16244919841047,1.0652109995135106,1023.4881830001541,75.51174934725849
1772924190,10,GET,/api/audio/levels/plugins,5.000000,0.000000,2,4,5,7,17,20,1000,1000,1000,1000,1000,383,0,2,7.017086616248198,1.0371790012868587,1004.5815230005246,19.49869451697128
1772924190,10,GET,/api/audio/status,17.100000,0.000000,2,2,3,4,8,11,12,13,27,27,27,1154,0,2,4.263178120449118,1.0313479979231488,246.06509799923515,168.0
1772924190,10,GET,/api/chains/,0.000000,0.000000,0,0,0,0,0,0,0,0,0,0,0,160,0,4,35.78325576258976,1.3513000012608245,1038.7257460024557,1448.1
1772924190,10,GET,/api/chains/{id},17.100000,0.000000,3,4,8,10,15,17,900,930,1000,1000,1000,1154,0,3,24.095195109994656,1.233504997799173,1052.9427690016746,506.709705372617
1772924190,10,POST,/api/chains/{id}/activate,17.100000,0.000000,3,4,6,8,19,22,32,38,56,56,56,1154,0,3,7.510385434149803,1.1701449984684587,1056.0120830014057,53.24003466204506
1772924190,10,POST,/api/chains/{id}/deactivate,17.100000,0.000000,2,2,3,4,11,14,14,16,22,22,22,1154,0,2,3.6861479661220735,1.168678998510586,74.90994999898248,61.71837088388215
1772924190,10,POST,/api/plugins/batch/parameters (500 updates),10.300000,0.000000,5,9,12,14,19,23,910,980,980,980,980,589,0,6,19.068052504266117,2.806248998240335,1024.527470999601,874.6757215619695
1772924190,10,GET,/api/plugins/discover,0.000000,0.000000,0,0,0,0,0,0,0,0,0,0,0,160,0,13,18.220616150142632,10.576317999948515,58.00965399976121,85406.0
1772924190,10,GET,/api/plugins/list,0.000000,0.000000,0,0,0,0,0,0,0,0,0,0,0,160,0,2,5.07641034982953,1.080333000572864,43.401594997703796,29.4
1772924190,10,POST,/api/plugins/load?uri,5.000000,0.000000,3,4,4,5,18,20,21,21,21,21,21,383,0,3,5.498417671019845,1.3092929984850343,53.515169001912,2287.015665796345
1772924190,10,POST,/api/plugins/unload?uri,5.000000,0.000000,2,5,9,11,13,17,65,65,65,65,65,383,0,2,3.886689020873746,1.1754760016629007,64.64023000080488,108.1462140992167
1772924190,10,,Aggregated,143.100000,0.000000,3,4,6,8,14,18,23,48,1000,1000,1000,10271,0,2,11.602551834865377,1.0178689990425482,1056.0120830014057,1601.3078570733132
1772924191,10,GET,/api/audio/latency,22.600000,0.000000,2,3,4,5,14,17,21,22,23,23,23,1552,0,2,4.460914451675711,1.0178689990425482,34.12297300019418,33.0
1772924191,10,GET,/api/audio/levels,22.600000,0.000000,3,6,8,11,15,18,21,27,1000,1000,1000,1552,0,3,16.569644269992814,1.0466029998497106,1040.2998699973978,75.37048969072166
1772924191,10,GET,/api/audio/levels (during plugin swap),5.300000,0.000000,4,8,9,12,22,960,1000,1000,1000,1000,1000,387,0,3,36.851230777761124,1.0652109995135106,1023.4881830001541,75.4857881136951
1772924191,10,GET,/api/audio/levels/plugins,5.300000,0.000000,2,4,5,5,10,20,1000,1000,1000,1000,1000,387,0,2,6.961199630554438,1.0371790012868587,1004.5815230005246,19.50904392764858
1772924191,10,GET,/api/audio/status,16.500000,0.000000,2,2,3,3,6,11,12,13,27,27,27,1173,0,2,4.226082780910462,1.0313479979231488,246.06509799923515,168.0
1772924191,10,GET,/api/chains/,0.000000,0.000000,0,0,0,0,0,0,0,0,0,0,0,160,0,4,35.78325576258976,1.3513000012608245,1038.7257460024557,1448.1
1772924191,10,GET,/api/chains/{id},16.500000,0.000000,3,6,8,10,14,17,900,930,1000,1000,1000,1174,0,3,23.78725023759472,1.233504997799173,1052.9427690016746,506.5834752981261
1772924191,10,POST,/api/chains/{id}/activate,16.500000,0.000000,3,4,6,8,16,20,32,38,56,56,56,1174,0,3,7.469536726573671,1.1701449984684587,1056.0120830014057,53.24872231686542
1772924191,10,POST,/api/chains/{id}/deactivate,16.500000,0.000000,1,2,3,4,10,12,14,16,22,22,22,1173,0,2,3.659505053625782,1.168678998510586,74.90994999898248,61.7229326513214
1772924191,10,POST,/api/plugins/batch/parameters (500 updates),10.400000,0.000000,6,8,11,14,18,22,910,980,980,980,980,603,0,6,18.80722897182703,2.806248998240335,1024.527470999601,875.844112769486
1772924191,10,GET,/api/plugins/discover,0.000000,0.000000,0,0,0,0,0,0,0,0,0,0,0,160,0,13,18.220616150142632,10.576317999948515,58.00965399976121,85406.0
1772924191,10,GET,/api/plugins/list,0.000000,0.000000,0,0,0,0,0,0,0,0,0,0,0,160,0,2,5.07641034982953,1.080333000572864,43.401594997703796,29.4
1772924191,10,POST,/api/plugins/load?uri,5.300000,0.000000,3,4,4,5,18,20,21,21,21,21,21,387,0,2,5.464596793279115,1.3092929984850343,53.515169001912,2276.8966408268734
1772924191,10,POST,/api/plugins/unload?uri,5.300000,0.000000,2,3,7,10,13,17,65,65,65,65,65,387,0,2,3.8636218371977207,1.1754760016629007,64.64023000080488,108.10335917312662
1772924191,10,,Aggregated,142.800000,0.000000,2,4,6,8,14,18,22,38,1000,1000,1000,10429,0,2,11.500980436466442,1.0178689990425482,1056.0120830014057,1580.607057244223
1772924192,10,GET,/api/audio/latency,22.500000,0.000000,2,3,4,6,14,17,21,22,23,23,23,1581,0,2,4.438586387104053,1.0178689990425482,34.12297300019418,33.0
1772924192,10,GET,/api/audio/levels,22.500000,0.000000,3,6,8,11,15,18,21,27,1000,1000,1000,1581,0,3,16.34738125997131,1.0466029998497106,1040.2998699973978,75.35989879822897
1772924192,10,GET,/api/audio/levels (during plugin swap),5.700000,0.000000,3,5,8,12,22,960,1000,1000,1000,1000,1000,393,0,3,36.36210907886076,1.0652109995135106,1023.4881830001541,75.48091603053435
1772924192,10,GET,/api/audio/levels/plugins,5.700000,0.000000,2,3,4,5,10,20,1000,1000,1000,1000,1000,393,0,2,6.885229954264973,1.0371790012868587,1004.5815230005246,19.491094147582697
1772924192,10,GET,/api/audio/status,16.300000,0.000000,2,2,3,3,9,11,13,14,27,27,27,1188,0,2,4.216590615322134,1.0313479979231488,246.06509799923515,168.0
1772924192,10,GET,/api/chains/,0.000000,0.000000,0,0,0,0,0,0,0,0,0,0,0,160,0,4,35.78325576258976,1.3513000012608245,1038.7257460024557,1448.1
1772924192,10,GET,/api/chains/{id},16.300000,0.000000,3,6,8,10,15,17,900,930,1000,1000,1000,1188,0,3,23.563757113586792,1.233504997799173,1052.9427690016746,506.6405723905724
1772924192,10,POST,/api/chains/{id}/activate,16.300000,0.000000,3,4,6,8,16,20,32,38,56,56,56,1188,0,3,7.4338696077461845,1.1701449984684587,1056.0120830014057,53.244107744107744
1772924192,10,POST,/api/chains/{id}/deactivate,16.300000,0.000000,2,2,3,3,9,13,16,20,22,22,22,1188,0,2,3.6549144073224893,1.168678998510586,74.90994999898248,61.726430976430976
1772924192,10,POST,/api/plugins/batch/parameters (500 updates),10.000000,0.000000,5,7,11,14,18,20,23,910,980,980,980,618,0,6,18.503150500032536,2.806248998240335,1024.527470999601,876.3770226537217
1772924192,10,GET,/api/plugins/discover,0.000000,0.000000,0,0,0,0,0,0,0,0,0,0,0,160,0,13,18.220616150142632,10.576317999948515,58.00965399976121,85406.0
1772924192,10,GET,/api/plugins/list,0.000000,0.000000,0,0,0,0,0,0,0,0,0,0,0,160,0,2,5.07641034982953,1.080333000572864,43.401594997703796,29.4
1772924192,10,POST,/api/plugins/load?uri,5.700000,0.000000,2,3,4,4,18,20,21,21,21,21,21,393,0,2,5.416454071247608,1.3092929984850343,53.515169001912,2278.765903307888
1772924192,10,POST,/api/plugins/unload?uri,5.700000,0.000000,2,3,5,10,13,17,65,65,65,65,65,393,0,2,3.8345361424819746,1.1754760016629007,64.64023000080488,108.13486005089058
1772924192,10,,Aggregated,143.000000,0.000000,2,4,6,8,14,18,22,37,1000,1000,1000,10584,0,2,11.390663163918717,1.0178689990425482,1056.0120830014057,1561.575207860922
1772924193,10,GET,/api/audio/latency,22.800000,0.000000,2,3,4,6,14,17,21,22,23,23,23,1603,0,2,4.437321672493643,1.0178689990425482,34.12297300019418,33.0
1772924193,10,GET,/api/audio/levels,22.700000,0.000000,3,6,9,12,15,18,21,27,1000,1000,1000,1603,0,3,16.20874349470784,1.0466029998497106,1040.2998699973978,75.36805988771054
1772924193,10,GET,/api/audio/levels (during plugin swap),5.400000,0.000000,3,6,9,12,19,960,1000,1000,1000,1000,1000,397,0,3,36.06790389418046,1.0652109995135106,1023.4881830001541,75.455919395466
1772924193,10,GET,/api/audio/levels/plugins,5.400000,0.000000,2,3,4,5,9,20,23,1000,1000,1000,1000,397,0,2,6.83228428218536,1.0371790012868587,1004.5815230005246,19.534005037783377
1772924193,10,GET,/api/audio/status,16.100000,0.000000,2,2,3,3,8,11,13,14,27,27,27,1209,0,2,4.191240554172606,1.0313479979231488,246.06509799923515,168.0
1772924193,10,GET,/api/chains/,0.000000,0.000000,0,0,0,0,0,0,0,0,0,0,0,160,0,4,35.78325576258976,1.3513000012608245,1038.7257460024557,1448.1
1772924193,10,GET,/api/chains/{id},16.100000,0.000000,3,6,10,12,15,17,49,930,1000,1000,1000,1209,0,3,23.30362745901394,1.233504997799173,1052.9427690016746,506.793217535153
1772924193,10,POST,/api/chains/{id}/activate,16.100000,0.000000,3,4,6,8,16,20,25,38,56,56,56,1209,0,3,7.401369300250878,1.1701449984684587,1056.0120830014057,53.23738626964433
1772924193,10,POST,/api/chains/{id}/deactivate,16.100000,0.000000,2,2,3,3,10,14,16,22,22,22,22,1209,0,2,3.6606351446642336,1.168678998510586,74.90994999898248,61.73118279569893
1772924193,10,POST,/api/plugins/batch/parameters (500 updates),10.600000,0.000000,6,8,11,14,19,22,27,910,980,980,980,631,0,6,18.31369090653118,2.806248998240335,1024.527470999601,876.339144215531
1772924193,10,GET,/api/plugins/discover,0.000000,0.000000,0,0,0,0,0,0,0,0,0,0,0,160,0,13,18.220616150142632,10.576317999948515,58.00965399976121,85406.0
1772924193,10,GET,/api/plugins/list,0.000000,0.000000,0,0,0,0,0,0,0,0,0,0,0,160,0,2,5.07641034982953,1.080333000572864,43.401594997703796,29.4
1772924193,10,POST,/api/plugins/load?uri,5.400000,0.000000,2,3,4,5,14,20,21,21,21,21,21,397,0,2,5.4297651536663745,1.3092929984850343,53.515169001912,2276.536523929471
1772924193,10,POST,/api/plugins/unload?uri,5.400000,0.000000,2,3,7,10,13,17,19,65,65,65,65,397,0,2,3.8444947657297495,1.1754760016629007,64.64023000080488,108.1057934508816
1772924193,10,,Aggregated,142.100000,0.000000,2,4,6,8,14,18,22,37,1000,1000,1000,10741,0,2,11.305552675069123,1.0178689990425482,1056.0120830014057,1542.4336653942835
1772924194,10,GET,/api/audio/latency,23.600000,0.000000,2,3,4,6,14,16,21,22,23,23,23,1636,0,2,4.4198889651623325,1.0178689990425482,34.12297300019418,33.0
1772924194,10,GET,/api/audio/levels,23.600000,0.000000,3,5,8,11,15,18,21,24,37,37,37,1636,0,3,15.96001469682569,1.0466029998497106,1040.2998699973978,75.37591687041565
1772924194,10,GET,/api/audio/levels (during plugin swap),5.200000,0.000000,3,5,8,9,16,19,24,24,24,24,24,400,0,3,35.84319959497407,1.0652109995135106,1023.4881830001541,75.4375
1772924194,10,GET,/api/audio/levels/plugins,5.200000,0.000000,2,3,3,4,9,17,23,23,23,23,23,400,0,2,6.794106615079727,1.0371790012868587,1004.5815230005246,19.525
1772924194,10,GET,/api/audio/status,15.500000,0.000000,2,2,3,3,8,11,13,14,27,27,27,1225,0,2,4.1603771053083545,1.0313479979231488,246.06509799923515,168.0
1772924194,10,GET,/api/chains/,0.000000,0.000000,0,0,0,0,0,0,0,0,0,0,0,160,0,4,35.78325576258976,1.3513000012608245,1038.7257460024557,1448.1
1772924194,10,GET,/api/chains/{id},15.500000,0.000000,3,6,9,12,15,17,19,21,49,49,49,1225,0,3,23.082115775474932,1.233504997799173,1052.9427690016746,505.72816326530614
1772924194,10,POST,/api/chains/{id}/activate,15.500000,0.000000,3,4,6,7,15,20,25,38,56,56,56,1225,0,3,7.3491683616350425,1.1701449984684587,1056.0120830014057,53.20326530612245
1772924194,10,POST,/api/chains/{id}/deactivate,15.500000,0.000000,2,2,3,3,11,14,16,22,22,22,22,1225,0,2,3.6664669860329013,1.168678998510586,74.90994999898248,61.734693877551024
1772924194,10,POST,/api/plugins/batch/parameters (500 updates),10.800000,0.000000,6,8,11,14,17,19,23,23,27,27,27,643,0,6,18.150526236437305,2.806248998240335,1024.527470999601,875.9035769828927
1772924194,10,GET,/api/plugins/discover,0.000000,0.000000,0,0,0,0,0,0,0,0,0,0,0,160,0,13,18.220616150142632,10.576317999948515,58.00965399976121,85406.0
1772924194,10,GET,/api/plugins/list,0.000000,0.000000,0,0,0,0,0,0,0,0,0,0,0,160,0,2,5.07641034982953,1.080333000572864,43.401594997703796,29.4
1772924194,10,POST,/api/plugins/load?uri,5.200000,0.000000,2,3,4,4,9,14,21,21,21,21,21,400,0,2,5.415372225015744,1.3092929984850343,53.515169001912,2272.965
1772924194,10,POST,/api/plugins/unload?uri,5.200000,0.000000,2,3,9,10,13,14,19,19,19,19,19,400,0,2,3.846531202489132,1.1754760016629007,64.64023000080488,108.1125
1772924194,10,,Aggregated,140.800000,0.000000,2,4,6,8,14,17,20,23,49,56,56,10895,0,2,11.206153910778129,1.0178689990425482,1056.0120830014057,1523.487930243231
1772924195,10,GET,/api/audio/latency,23.600000,0.000000,2,3,4,5,13,16,21,22,23,23,23,1641,0,2,4.413324049970954,1.0178689990425482,34.12297300019418,33.0
1772924195,10,GET,/api/audio/levels,23.600000,0.000000,3,5,9,11,15,18,21,24,37,37,37,1641,0,3,15.921216653264972,1.0466029998497106,1040.2998699973978,75.37659963436928
1772924195,10,GET,/api/audio/levels (during plugin swap),5.200000,0.000000,3,5,8,9,16,19,24,24,24,24,24,404,0,3,35.55995428462548,1.0652109995135106,1023.4881830001541,75.41336633663366
1772924195,10,GET,/api/audio/levels/plugins,5.200000,0.000000,2,3,3,4,9,17,23,23,23,23,23,404,0,2,6.748707524847944,1.0371790012868587,1004.5815230005246,19.47029702970297
1772924195,10,GET,/api/audio/status,15.500000,0.000000,2,2,3,3,5,11,11,13,14,14,14,1228,0,2,4.157492565965194,1.0313479979231488,246.06509799923515,168.0
1772924195,10,GET,/api/chains/,0.000000,0.000000,0,0,0,0,0,0,0,0,0,0,0,160,0,4,35.78325576258976,1.3513000012608245,1038.7257460024557,1448.1
1772924195,10,GET,/api/chains/{id},15.500000,0.000000,3,7,10,12,14,17,19,21,49,49,49,1228,0,3,23.04402246495067,1.233504997799173,1052.9427690016746,506.12703583061887
1772924195,10,POST,/api/chains/{id}/activate,15.500000,0.000000,3,4,6,7,15,20,25,38,56,56,56,1228,0,3,7.337825649026007,1.1701449984684587,1056.0120830014057,53.21986970684039
1772924195,10,POST,/api/chains/{id}/deactivate,15.500000,0.000000,2,2,3,3,10,14,16,22,22,22,22,1228,0,2,3.6652445691324,1.168678998510586,74.90994999898248,61.73534201954397
1772924195,10,POST,/api/plugins/batch/parameters (500 updates),10.800000,0.000000,6,8,12,14,19,22,26,27,28,28,28,647,0,6,18.13465403868041,2.806248998240335,1024.527470999601,875.5394126738795
1772924195,10,GET,/api/plugins/discover,0.000000,0.000000,0,0,0,0,0,0,0,0,0,0,0,160,0,13,18.220616150142632,10.576317999948515,58.00965399976121,85406.0
1772924195,10,GET,/api/plugins/list,0.000000,0.000000,0,0,0,0,0,0,0,0,0,0,0,160,0,2,5.07641034982953,1.080333000572864,43.401594997703796,29.4
1772924195,10,POST,/api/plugins/load?uri,5.200000,0.000000,2,3,4,5,9,14,21,21,21,21,21,404,0,2,5.405048794579337,1.3092929984850343,53.515169001912,2279.3861386138615
1772924195,10,POST,/api/plugins/unload?uri,5.200000,0.000000,2,4,9,10,13,14,19,19,19,19,19,404,0,2,3.842612200465323,1.1754760016629007,64.64023000080488,108.18564356435644
1772924195,10,,Aggregated,140.800000,0.000000,2,4,6,8,14,17,21,23,49,56,56,10937,0,2,11.182127888628948,1.0178689990425482,1056.0120830014057,1519.3915150406876
1772924196,10,GET,/api/audio/latency,24.300000,0.000000,2,3,4,7,14,17,21,22,23,23,23,1652,0,2,4.441957734863016,1.0178689990425482,34.12297300019418,33.0
1772924196,10,GET,/api/audio/levels,24.400000,0.000000,3,5,9,12,16,20,37,1000,1000,1000,1000,1652,0,3,18.255459872285233,1.0466029998497106,1040.2998699973978,75.4001210653753
1772924196,10,GET,/api/audio/levels (during plugin swap),5.300000,0.000000,3,8,11,15,19,24,1000,1000,1000,1000,1000,412,0,3,39.73578536889602,1.0652109995135106,1023.4881830001541,75.46116504854369
1772924196,10,GET,/api/audio/levels/plugins,5.400000,0.000000,2,3,3,5,10,16,23,23,23,23,23,412,0,2,6.745400415135556,1.0371790012868587,1004.5815230005246,19.490291262135923
1772924196,10,GET,/api/audio/status,17.300000,0.000000,2,2,3,3,6,11,13,14,18,18,18,1246,0,2,4.168542705463297,1.0313479979231488,246.06509799923515,168.0
1772924196,10,GET,/api/chains/,0.000000,0.000000,0,0,0,0,0,0,0,0,0,0,0,160,0,4,35.78325576258976,1.3513000012608245,1038.7257460024557,1448.1
1772924196,10,GET,/api/chains/{id},17.300000,0.000000,3,7,10,13,15,19,86,970,990,990,990,1246,0,3,25.174301355514107,1.233504997799173,1052.9427690016746,505.6195826645265
1772924196,10,POST,/api/chains/{id}/activate,17.300000,0.000000,3,4,6,8,17,20,24,34,100,100,100,1246,0,3,7.456064947033056,1.1701449984684587,1056.0120830014057,53.217495987158905
1772924196,10,POST,/api/chains/{id}/deactivate,17.300000,0.000000,2,2,3,3,10,14,16,22,22,22,22,1246,0,2,3.6796152133956492,1.168678998510586,74.90994999898248,61.739165329052966
1772924196,10,POST,/api/plugins/batch/parameters (500 updates),11.200000,0.000000,6,9,14,14,19,23,27,28,940,940,940,655,0,6,19.486203474845322,2.806248998240335,1024.527470999601,875.4473282442748
1772924196,10,GET,/api/plugins/discover,0.000000,0.000000,0,0,0,0,0,0,0,0,0,0,0,160,0,13,18.220616150142632,10.576317999948515,58.00965399976121,85406.0
1772924196,10,GET,/api/plugins/list,0.000000,0.000000,0,0,0,0,0,0,0,0,0,0,0,160,0,2,5.07641034982953,1.080333000572864,43.401594997703796,29.4
1772924196,10,POST,/api/plugins/load?uri,5.300000,0.000000,3,5,5,9,14,18,21,21,21,21,21,412,0,3,5.543757973312504,1.3092929984850343,53.515169001912,2270.2936893203882
1772924196,10,POST,/api/plugins/unload?uri,5.400000,0.000000,2,4,8,10,13,14,17,17,17,17,17,412,0,2,3.8796867402462576,1.1754760016629007,64.64023000080488,108.18446601941747
1772924196,10,,Aggregated,150.500000,0.000000,2,4,6,9,14,18,23,37,1000,1000,1000,11071,0,2,12.029752621255689,1.0178689990425482,1056.0120830014057,1504.4236293017793
1772924197,10,GET,/api/audio/latency,25.100000,0.000000,2,3,4,7,14,18,21,22,23,23,23,1674,0,2,4.43710297430923,1.0178689990425482,34.12297300019418,33.0
1772924197,10,GET,/api/audio/levels,25.100000,0.000000,3,5,9,12,17,20,37,1000,1000,1000,1000,1674,0,3,18.091997949231274,1.0466029998497106,1040.2998699973978,75.39964157706093
1772924197,10,GET,/api/audio/levels (during plugin swap),5.100000,0.000000,3,6,11,14,18,24,1000,1000,1000,1000,1000,417,0,3,39.319093800906764,1.0652109995135106,1023.4881830001541,75.49400479616307
1772924197,10,GET,/api/audio/levels/plugins,5.100000,0.000000,2,3,4,5,10,16,23,23,23,23,23,417,0,2,6.697424472499068,1.0371790012868587,1004.5815230005246,19.486810551558754
1772924197,10,GET,/api/audio/status,17.200000,0.000000,2,3,3,4,7,11,14,18,23,23,23,1273,0,2,4.1595134344229265,1.0313479979231488,246.06509799923515,168.0
1772924197,10,GET,/api/chains/,0.000000,0.000000,0,0,0,0,0,0,0,0,0,0,0,160,0,4,35.78325576258976,1.3513000012608245,1038.7257460024557,1448.1
1772924197,10,GET,/api/chains/{id},17.200000,0.000000,4,7,10,13,17,21,86,970,990,990,990,1273,0,3,24.798980654330904,1.233504997799173,1052.9427690016746,504.82089552238807
1772924197,10,POST,/api/chains/{id}/activate,17.200000,0.000000,4,5,7,9,17,20,24,34,100,100,100,1273,0,3,7.413960357426693,1.1701449984684587,1056.0120830014057,53.24351924587588
1772924197,10,POST,/api/chains/{id}/deactivate,17.200000,0.000000,2,3,3,4,11,14,20,22,22,22,22,1273,0,2,3.688991568645472,1.168678998510586,74.90994999898248,61.74469756480754
1772924197,10,POST,/api/plugins/batch/parameters (500 updates),11.500000,0.000000,6,9,14,14,18,20,27,28,940,940,940,664,0,6,19.340660388589168,2.806248998240335,1024.527470999601,875.6490963855422
1772924197,10,GET,/api/plugins/discover,0.000000,0.000000,0,0,0,0,0,0,0,0,0,0,0,160,0,13,18.220616150142632,10.576317999948515,58.00965399976121,85406.0
1772924197,10,GET,/api/plugins/list,0.000000,0.000000,0,0,0,0,0,0,0,0,0,0,0,160,0,2,5.07641034982953,1.080333000572864,43.401594997703796,29.4
1772924197,10,POST,/api/plugins/load?uri,5.100000,0.000000,3,5,7,11,18,18,21,21,21,21,21,417,0,3,5.559649537189035,1.3092929984850343,53.515169001912,2268.3429256594723
1772924197,10,POST,/api/plugins/unload?uri,5.100000,0.000000,2,4,7,9,13,14,17,17,17,17,17,417,0,2,3.864666616239968,1.1754760016629007,64.64023000080488,108.1558752997602
1772924197,10,,Aggregated,150.900000,0.000000,3,4,7,9,15,19,23,37,1000,1000,1000,11252,0,3,11.920174843485917,1.0178689990425482,1056.0120830014057,1483.9797369356559
1772924198,10,GET,/api/audio/latency,22.900000,0.000000,2,3,4,7,14,18,20,22,23,23,23,1695,0,2,4.424698067841719,1.0178689990425482,34.12297300019418,33.0
1772924198,10,GET,/api/audio/levels,22.900000,0.000000,3,5,8,11,16,20,920,1000,1000,1000,1000,1695,0,3,17.95086526903626,1.0466029998497106,1040.2998699973978,75.3929203539823
1772924198,10,GET,/api/audio/levels (during plugin swap),5.100000,0.000000,4,8,14,15,19,47,940,1000,1000,1000,1000,423,0,3,38.969716602792175,1.0652109995135106,1023.4881830001541,75.48936170212765
1772924198,10,GET,/api/audio/levels/plugins,5.100000,0.000000,2,3,3,4,7,16,20,23,23,23,23,423,0,2,6.626473529626305,1.0371790012868587,1004.5815230005246,19.501182033096928
1772924198,10,GET,/api/audio/status,16.400000,0.000000,2,3,3,4,6,11,15,18,23,23,23,1289,0,2,4.142443687383118,1.0313479979231488,246.06509799923515,168.0
1772924198,10,GET,/api/chains/,0.000000,0.000000,0,0,0,0,0,0,0,0,0,0,0,160,0,4,35.78325576258976,1.3513000012608245,1038.7257460024557,1448.1
1772924198,10,GET,/api/chains/{id},16.600000,0.000000,4,7,10,13,17,22,86,970,990,990,990,1289,0,3,24.567275315712603,1.233504997799173,1052.9427690016746,504.09619860356867
1772924198,10,POST,/api/chains/{id}/activate,16.500000,0.000000,4,5,7,8,16,20,24,34,100,100,100,1289,0,3,7.365126633051668,1.1701449984684587,1056.0120830014057,53.23041117145074
1772924198,10,POST,/api/chains/{id}/deactivate,16.400000,0.000000,2,3,3,5,12,14,20,22,22,22,22,1289,0,2,3.67223615352214,1.168678998510586,74.90994999898248,61.747866563227305
1772924198,10,POST,/api/plugins/batch/parameters (500 updates),11.000000,0.000000,6,10,14,16,19,26,52,80,940,940,940,677,0,6,19.289792607119857,2.806248998240335,1024.527470999601,876.5140324963072
1772924198,10,GET,/api/plugins/discover,0.000000,0.000000,0,0,0,0,0,0,0,0,0,0,0,160,0,13,18.220616150142632,10.576317999948515,58.00965399976121,85406.0
1772924198,10,GET,/api/plugins/list,0.000000,0.000000,0,0,0,0,0,0,0,0,0,0,0,160,0,2,5.07641034982953,1.080333000572864,43.401594997703796,29.4
1772924198,10,POST,/api/plugins/load?uri,5.100000,0.000000,3,5,8,9,14,18,21,21,21,21,21,423,0,3,5.528092165500623,1.3092929984850343,53.515169001912,2272.34988179669
1772924198,10,POST,/api/plugins/unload?uri,5.100000,0.000000,2,4,6,8,11,14,14,15,15,15,15,423,0,2,3.833954895922023,1.1754760016629007,64.64023000080488,108.25768321513003
1772924198,10,,Aggregated,143.100000,0.000000,3,4,7,9,15,19,24,52,1000,1000,1000,11395,0,2,11.84027532890891,1.0178689990425482,1056.0120830014057,1469.0831943835014
1772924199,10,GET,/api/audio/latency,22.400000,0.000000,2,2,3,4,14,15,19,20,22,22,22,1721,0,2,4.390775296340804,1.0178689990425482,34.12297300019418,33.0
1772924199,10,GET,/api/audio/levels,22.400000,0.000000,2,5,8,11,16,20,45,1000,1000,1000,1000,1721,0,3,17.751555979090583,1.0466029998497106,1040.2998699973978,75.39453805926787
1772924199,10,GET,/api/audio/levels (during plugin swap),5.300000,0.000000,3,8,14,16,19,47,1000,1000,1000,1000,1000,427,0,3,38.629375454287846,1.0652109995135106,1023.4881830001541,75.46604215456675
1772924199,10,GET,/api/audio/levels/plugins,5.300000,0.000000,2,3,3,4,8,10,16,16,16,16,16,427,0,2,6.613430953231208,1.0371790012868587,1004.5815230005246,19.510538641686182
1772924199,10,GET,/api/audio/status,17.100000,0.000000,2,3,3,4,6,13,15,18,23,23,23,1307,0,2,4.117843542487633,1.0313479979231488,246.06509799923515,168.0
1772924199,10,GET,/api/chains/,0.000000,0.000000,0,0,0,0,0,0,0,0,0,0,0,160,0,4,35.78325576258976,1.3513000012608245,1038.7257460024557,1448.1
1772924199,10,GET,/api/chains/{id},17.100000,0.000000,3,6,9,13,18,22,86,970,990,990,990,1307,0,3,24.28891734961957,1.233504997799173,1052.9427690016746,504.16143840856927
1772924199,10,POST,/api/chains/{id}/activate,17.100000,0.000000,3,5,6,8,16,21,25,34,100,100,100,1307,0,3,7.333128136959687,1.1701449984684587,1056.0120830014057,53.22800306044376
1772924199,10,POST,/api/chains/{id}/deactivate,17.000000,0.000000,2,2,3,4,9,14,18,21,22,22,22,1307,0,2,3.6527481001379862,1.168678998510586,74.90994999898248,61.7513389441469
1772924199,10,POST,/api/plugins/batch/parameters (500 updates),10.900000,0.000000,6,9,14,16,20,26,52,80,940,940,940,689,0,6,19.074318473177392,2.806248998240335,1024.527470999601,876.8243831640058
1772924199,10,GET,/api/plugins/discover,0.000000,0.000000,0,0,0,0,0,0,0,0,0,0,0,160,0,13,18.220616150142632,10.576317999948515,58.00965399976121,85406.0
1772924199,10,GET,/api/plugins/list,0.000000,0.000000,0,0,0,0,0,0,0,0,0,0,0,160,0,2,5.07641034982953,1.080333000572864,43.401594997703796,29.4
1772924199,10,POST,/api/plugins/load?uri,5.300000,0.000000,3,5,7,9,14,18,21,21,21,21,21,427,0,3,5.504979421561504,1.3092929984850343,53.515169001912,2264.4683840749412
1772924199,10,POST,/api/plugins/unload?uri,5.300000,0.000000,2,3,4,5,8,14,17,17,17,17,17,427,0,2,3.8484658219542656,1.1754760016629007,64.64023000080488,108.25058548009368
1772924199,10,,Aggregated,145.200000,0.000000,2,4,6,8,14,19,24,52,1000,1000,1000,11547,0,2,11.73471714712992,1.0178689990425482,1056.0120830014057,1452.7182818047977
1772924200,10,GET,/api/audio/latency,21.700000,0.000000,2,2,3,4,11,15,18,20,22,22,22,1748,0,2,4.372015358690671,1.0178689990425482,34.12297300019418,33.0
1772924200,10,GET,/api/audio/levels,21.700000,0.000000,2,4,6,10,16,20,45,1000,1000,1000,1000,1748,0,3,17.56125918308076,1.0466029998497106,1040.2998699973978,75.37986270022883
1772924200,10,GET,/api/audio/levels (during plugin swap),5.400000,0.000000,3,8,12,15,19,47,1000,1000,1000,1000,1000,436,0,3,37.95180706875818,1.0652109995135106,1023.4881830001541,75.44495412844037
1772924200,10,GET,/api/audio/levels/plugins,5.400000,0.000000,2,3,3,4,8,10,16,16,16,16,16,436,0,2,6.530022495482643,1.0371790012868587,1004.5815230005246,19.486238532110093
1772924200,10,GET,/api/audio/status,17.100000,0.000000,2,3,3,4,6,13,15,18,23,23,23,1321,0,2,4.105883294499554,1.0313479979231488,246.06509799923515,168.0
1772924200,10,GET,/api/chains/,0.000000,0.000000,0,0,0,0,0,0,0,0,0,0,0,160,0,4,35.78325576258976,1.3513000012608245,1038.7257460024557,1448.1
1772924200,10,GET,/api/chains/{id},17.100000,0.000000,3,6,10,13,18,22,86,970,990,990,990,1321,0,3,24.115440901547863,1.233504997799173,1052.9427690016746,504.109765329296
1772924200,10,POST,/api/chains/{id}/activate,17.100000,0.000000,4,5,6,7,15,19,24,34,100,100,100,1321,0,3,7.312242058298544,1.1701449984684587,1056.0120830014057,53.24299772899319
1772924200,10,POST,/api/chains/{id}/deactivate,17.100000,0.000000,2,2,3,4,9,14,18,21,22,22,22,1321,0,2,3.6461859635699545,1.168678998510586,74.90994999898248,61.73504920514762
1772924200,10,POST,/api/plugins/batch/parameters (500 updates),11.000000,0.000000,6,9,14,16,21,27,52,80,940,940,940,699,0,6,18.954809898456574,2.806248998240335,1024.527470999601,877.5479256080115
1772924200,10,GET,/api/plugins/discover,0.000000,0.000000,0,0,0,0,0,0,0,0,0,0,0,160,0,13,18.220616150142632,10.576317999948515,58.00965399976121,85406.0
1772924200,10,GET,/api/plugins/list,0.000000,0.000000,0,0,0,0,0,0,0,0,0,0,0,160,0,2,5.07641034982953,1.080333000572864,43.401594997703796,29.4
1772924200,10,POST,/api/plugins/load?uri,5.400000,0.000000,3,5,6,9,14,18,21,21,21,21,21,436,0,3,5.451965399106902,1.3092929984850343,53.515169001912,2269.6422018348626
1772924200,10,POST,/api/plugins/unload?uri,5.400000,0.000000,2,3,4,6,11,15,17,17,17,17,17,436,0,2,3.8710912201393244,1.1754760016629007,64.64023000080488,108.27981651376147
1772924200,10,,Aggregated,144.400000,0.000000,2,4,5,8,14,18,25,52,1000,1000,1000,11703,0,2,11.642912435778415,1.0178689990425482,1056.0120830014057,1437.419550542596
1772924201,10,GET,/api/audio/latency,21.000000,0.000000,2,2,3,4,11,15,19,20,22,22,22,1769,0,2,4.3615548281451035,1.0178689990425482,34.12297300019418,33.0
1772924201,10,GET,/api/audio/levels,21.000000,0.000000,2,4,6,10,17,22,920,1000,1000,1000,1000,1769,0,3,17.438054407023785,1.0466029998497106,1040.2998699973978,75.38100621820237
1772924201,10,GET,/api/audio/levels (during plugin swap),5.400000,0.000000,4,8,12,15,18,47,1000,1000,1000,1000,1000,442,0,3,37.50006187325544,1.0652109995135106,1023.4881830001541,75.44117647058823
1772924201,10,GET,/api/audio/levels/plugins,5.400000,0.000000,2,3,3,4,8,10,16,16,16,16,16,442,0,2,6.461638608674531,1.0371790012868587,1004.5815230005246,19.5
1772924201,10,GET,/api/audio/status,17.200000,0.000000,2,3,3,4,6,13,15,18,23,23,23,1345,0,2,4.092719533110577,1.0313479979231488,246.06509799923515,168.0
1772924201,10,GET,/api/chains/,0.000000,0.000000,0,0,0,0,0,0,0,0,0,0,0,160,0,4,35.78325576258976,1.3513000012608245,1038.7257460024557,1448.1
1772924201,10,GET,/api/chains/{id},17.300000,0.000000,3,7,10,13,18,22,86,970,990,990,990,1345,0,3,23.798490483233735,1.233504997799173,1052.9427690016746,504.9100371747212
1772924201,10,POST,/api/chains/{id}/activate,17.300000,0.000000,3,5,6,7,15,19,24,34,100,100,100,1345,0,3,7.263009038674394,1.1701449984684587,1056.0120830014057,53.252044609665425
1772924201,10,POST,/api/chains/{id}/deactivate,17.200000,0.000000,2,2,3,4,9,13,16,21,22,22,22,1345,0,2,3.6390266445254196,1.168678998510586,74.90994999898248,61.739776951672866
1772924201,10,POST,/api/plugins/batch/parameters (500 updates),11.100000,0.000000,6,10,14,16,22,28,80,940,940,940,940,710,0,6,18.789912745090938,2.806248998240335,1024.527470999601,877.4042253521127
1772924201,10,GET,/api/plugins/discover,0.000000,0.000000,0,0,0,0,0,0,0,0,0,0,0,160,0,13,18.220616150142632,10.576317999948515,58.00965399976121,85406.0
1772924201,10,GET,/api/plugins/list,0.000000,0.000000,0,0,0,0,0,0,0,0,0,0,0,160,0,2,5.07641034982953,1.080333000572864,43.401594997703796,29.4
1772924201,10,POST,/api/plugins/load?uri,5.400000,0.000000,3,5,6,9,14,18,21,21,21,21,21,442,0,3,5.40401245929207,1.3092929984850343,53.515169001912,2258.373303167421
1772924201,10,POST,/api/plugins/unload?uri,5.400000,0.000000,2,3,4,6,11,15,17,17,17,17,17,442,0,2,3.840894251093911,1.1754760016629007,64.64023000080488,108.24886877828054
1772924201,10,,Aggregated,143.700000,0.000000,2,4,6,8,14,18,25,52,1000,1000,1000,11876,0,2,11.540201060367863,1.0178689990425482,1056.0120830014057,1419.988379925901
1772924202,10,GET,/api/audio/latency,22.000000,0.000000,2,2,3,4,8,15,18,20,20,20,20,1791,0,2,4.344590048014554,1.0178689990425482,34.12297300019418,33.0
1772924202,10,GET,/api/audio/levels,22.000000,0.000000,2,4,6,9,17,22,920,1000,1000,1000,1000,1791,0,3,17.27253333167326,1.0466029998497106,1040.2998699973978,75.38805136795087
1772924202,10,GET,/api/audio/levels (during plugin swap),5.100000,0.000000,3,7,14,15,19,47,940,1000,1000,1000,1000,453,0,3,36.79634455845087,1.0652109995135106,1023.4881830001541,75.38189845474614
1772924202,10,GET,/api/audio/levels/plugins,5.100000,0.000000,2,2,3,3,6,10,10,16,16,16,16,453,0,2,6.350311975781991,1.0371790012868587,1004.5815230005246,19.423841059602648
1772924202,10,GET,/api/audio/status,16.700000,0.000000,2,2,3,4,6,13,15,18,23,23,23,1364,0,2,4.0675122368276755,1.0313479979231488,246.06509799923515,168.0
1772924202,10,GET,/api/chains/,0.000000,0.000000,0,0,0,0,0,0,0,0,0,0,0,160,0,4,35.78325576258976,1.3513000012608245,1038.7257460024557,1448.1
1772924202,10,GET,/api/chains/{id},16.700000,0.000000,3,7,9,13,17,22,86,970,990,990,990,1364,0,3,23.529628024881433,1.233504997799173,1052.9427690016746,505.58284457478004
1772924202,10,POST,/api/chains/{id}/activate,16.700000,0.000000,3,4,5,6,14,18,24,34,100,100,100,1364,0,3,7.205121616580686,1.1701449984684587,1056.0120830014057,53.29105571847507
1772924202,10,POST,/api/chains/{id}/deactivate,16.700000,0.000000,2,2,3,4,8,13,16,21,22,22,22,1364,0,2,3.6190438826121283,1.168678998510586,74.90994999898248,61.72507331378299
1772924202,10,POST,/api/plugins/batch/parameters (500 updates),11.100000,0.000000,6,10,14,17,22,28,80,940,940,940,940,716,0,6,18.714675083814573,2.806248998240335,1024.527470999601,876.93156424581
1772924202,10,GET,/api/plugins/discover,0.000000,0.000000,0,0,0,0,0,0,0,0,0,0,0,160,0,13,18.220616150142632,10.576317999948515,58.00965399976121,85406.0
1772924202,10,GET,/api/plugins/list,0.000000,0.000000,0,0,0,0,0,0,0,0,0,0,0,160,0,2,5.07641034982953,1.080333000572864,43.401594997703796,29.4
1772924202,10,POST,/api/plugins/load?uri,5.100000,0.000000,3,4,5,6,12,18,21,21,21,21,21,453,0,3,5.344776728487752,1.3092929984850343,53.515169001912,2260.1434878587197
1772924202,10,POST,/api/plugins/unload?uri,5.100000,0.000000,2,2,3,4,9,15,16,17,17,17,17,453,0,2,3.805993856469896,1.1754760016629007,64.64023000080488,108.34878587196468
1772924202,10,,Aggregated,142.300000,0.000000,2,4,5,7,14,18,24,52,1000,1000,1000,12046,0,2,11.428375895559151,1.0178689990425482,1056.0120830014057,1404.1913498256683
1772924203,10,GET,/api/audio/latency,21.600000,0.000000,2,3,3,4,8,15,18,19,25,25,25,1825,0,2,4.327013021911501,1.0178689990425482,34.12297300019418,33.0
1772924203,10,GET,/api/audio/levels,21.600000,0.000000,2,4,8,10,17,21,45,1000,1000,1000,1000,1825,0,3,17.05890338247353,1.0466029998497106,1040.2998699973978,75.39342465753424
1772924203,10,GET,/api/audio/levels (during plugin swap),5.400000,0.000000,4,10,15,15,19,25,940,1000,1000,1000,1000,461,0,3,36.31343521253085,1.0652109995135106,1023.4881830001541,75.34056399132321
1772924203,10,GET,/api/audio/levels/plugins,5.400000,0.000000,2,2,3,3,6,10,16,18,18,18,18,461,0,2,6.311915629126567,1.0371790012868587,1004.5815230005246,19.414316702819956
1772924203,10,GET,/api/audio/status,17.000000,0.000000,2,2,3,4,6,14,15,18,23,23,23,1374,0,2,4.0568515698920615,1.0313479979231488,246.06509799923515,168.0
1772924203,10,GET,/api/chains/,0.000000,0.000000,0,0,0,0,0,0,0,0,0,0,0,160,0,4,35.78325576258976,1.3513000012608245,1038.7257460024557,1448.1
1772924203,10,GET,/api/chains/{id},17.000000,0.000000,3,7,9,13,17,22,86,970,990,990,990,1374,0,3,23.40610110111353,1.233504997799173,1052.9427690016746,505.66157205240177
1772924203,10,POST,/api/chains/{id}/activate,17.000000,0.000000,3,5,5,7,16,19,25,34,100,100,100,1374,0,3,7.204840532764664,1.1701449984684587,1056.0120830014057,53.248908296943235
1772924203,10,POST,/api/chains/{id}/deactivate,17.000000,0.000000,1,2,3,4,8,13,16,18,21,21,21,1374,0,2,3.6057039831700264,1.168678998510586,74.90994999898248,61.72707423580786
1772924203,10,POST,/api/plugins/batch/parameters (500 updates),10.700000,0.000000,6,10,15,17,23,28,80,940,940,940,940,729,0,6,18.53977275859556,2.806248998240335,1024.527470999601,877.0864197530864
1772924203,10,GET,/api/plugins/discover,0.000000,0.000000,0,0,0,0,0,0,0,0,0,0,0,160,0,13,18.220616150142632,10.576317999948515,58.00965399976121,85406.0
1772924203,10,GET,/api/plugins/list,0.000000,0.000000,0,0,0,0,0,0,0,0,0,0,0,160,0,2,5.07641034982953,1.080333000572864,43.401594997703796,29.4
1772924203,10,POST,/api/plugins/load?uri,5.400000,0.000000,3,4,5,6,12,18,21,21,21,21,21,461,0,3,5.320152691989385,1.3092929984850343,53.515169001912,2273.709327548807
1772924203,10,POST,/api/plugins/unload?uri,5.400000,0.000000,2,2,4,6,9,14,16,17,17,17,17,461,0,2,3.8228735314052575,1.1754760016629007,64.64023000080488,108.54446854663775
1772924203,10,,Aggregated,143.500000,0.000000,2,4,5,7,15,18,25,52,1000,1000,1000,12199,0,2,11.349343708736265,1.0178689990425482,1056.0120830014057,1390.6109517173538
1772924204,10,GET,/api/audio/latency,21.000000,0.000000,2,3,3,4,8,15,18,19,25,25,25,1848,0,2,4.315551604437424,1.0178689990425482,34.12297300019418,33.0
1772924204,10,GET,/api/audio/levels,21.000000,0.000000,2,4,8,9,17,21,45,1000,1000,1000,1000,1848,0,3,16.905069370681524,1.0466029998497106,1040.2998699973978,75.39177489177489
1772924204,10,GET,/api/audio/levels (during plugin swap),5.700000,0.000000,3,7,14,15,19,25,940,1000,1000,1000,1000,469,0,3,35.76697501061206,1.0652109995135106,1023.4881830001541,75.30063965884861
1772924204,10,GET,/api/audio/levels/plugins,5.700000,0.000000,2,2,3,4,8,10,18,21,21,21,21,469,0,2,6.279707100289042,1.0371790012868587,1004.5815230005246,19.405117270788914
1772924204,10,GET,/api/audio/status,17.600000,0.000000,2,2,3,4,6,14,15,18,23,23,23,1388,0,2,4.03379917653348,1.0313479979231488,246.06509799923515,168.0
1772924204,10,GET,/api/chains/,0.000000,0.000000,0,0,0,0,0,0,0,0,0,0,0,160,0,4,35.78325576258976,1.3513000012608245,1038.7257460024557,1448.1
1772924204,10,GET,/api/chains/{id},17.600000,0.000000,3,6,9,13,17,22,86,970,990,990,990,1388,0,3,23.229139217532882,1.233504997799173,1052.9427690016746,505.71974063400575
1772924204,10,POST,/api/chains/{id}/activate,17.600000,0.000000,3,5,5,6,16,19,25,34,100,100,100,1388,0,3,7.167578637623849,1.1701449984684587,1056.0120830014057,53.24495677233429
1772924204,10,POST,/api/chains/{id}/deactivate,17.600000,0.000000,1,2,3,3,8,12,14,18,21,21,21,1388,0,2,3.5984593817503274,1.168678998510586,74.90994999898248,61.72982708933718
1772924204,10,POST,/api/plugins/batch/parameters (500 updates),10.100000,0.000000,6,10,15,16,22,24,80,940,940,940,940,743,0,6,18.350663122517602,2.806248998240335,1024.527470999601,877.4185733512786
1772924204,10,GET,/api/plugins/discover,0.000000,0.000000,0,0,0,0,0,0,0,0,0,0,0,160,0,13,18.220616150142632,10.576317999948515,58.00965399976121,85406.0
1772924204,10,GET,/api/plugins/list,0.000000,0.000000,0,0,0,0,0,0,0,0,0,0,0,160,0,2,5.07641034982953,1.080333000572864,43.401594997703796,29.4
1772924204,10,POST,/api/plugins/load?uri,5.700000,0.000000,3,3,4,6,13,18,21,21,21,21,21,469,0,3,5.31765686994136,1.3092929984850343,53.515169001912,2314.4690831556504
1772924204,10,POST,/api/plugins/unload?uri,5.700000,0.000000,2,2,3,4,9,14,16,17,17,17,17,469,0,2,3.788409309125002,1.1754760016629007,64.64023000080488,108.76972281449893
1772924204,10,,Aggregated,145.300000,0.000000,2,4,5,7,14,18,24,47,1000,1000,1000,12347,0,2,11.26410898468539,1.0178689990425482,1056.0120830014057,1379.2187575929377
1772924205,10,GET,/api/audio/latency,21.500000,0.000000,2,2,3,3,7,13,15,19,25,25,25,1874,0,2,4.2938985149423,1.0178689990425482,34.12297300019418,33.0
1772924205,10,GET,/api/audio/levels,21.500000,0.000000,2,4,7,8,15,18,23,26,45,45,45,1874,0,3,16.740021256685793,1.0466029998497106,1040.2998699973978,75.3863393810032
1772924205,10,GET,/api/audio/levels (during plugin swap),6.200000,0.000000,3,5,11,14,17,23,25,47,47,47,47,475,0,3,35.336817082065146,1.0652109995135106,1023.4881830001541,75.27157894736843
1772924205,10,GET,/api/audio/levels/plugins,6.200000,0.000000,2,2,2,3,6,15,18,21,21,21,21,475,0,2,6.248580216917234,1.0371790012868587,1004.5815230005246,19.391578947368423
1772924205,10,GET,/api/audio/status,16.900000,0.000000,2,2,3,3,6,14,16,19,23,23,23,1400,0,2,4.034597835016029,1.0313479979231488,246.06509799923515,168.0
1772924205,10,GET,/api/chains/,0.000000,0.000000,0,0,0,0,0,0,0,0,0,0,0,160,0,4,35.78325576258976,1.3513000012608245,1038.7257460024557,1448.1
1772924205,10,GET,/api/chains/{id},16.900000,0.000000,3,5,8,10,15,21,22,33,42,42,42,1400,0,3,23.05417529352521,1.233504997799173,1052.9427690016746,506.27
1772924205,10,POST,/api/chains/{id}/activate,16.900000,0.000000,3,4,5,6,14,18,19,25,25,25,25,1400,0,3,7.157582825012859,1.1701449984684587,1056.0120830014057,53.23142857142857
1772924205,10,POST,/api/chains/{id}/deactivate,16.900000,0.000000,1,2,3,3,7,13,16,19,21,21,21,1400,0,2,3.5941269391904433,1.168678998510586,74.90994999898248,61.732142857142854
1772924205,10,POST,/api/plugins/batch/parameters (500 updates),10.000000,0.000000,5,9,13,15,21,23,33,52,80,80,80,759,0,6,18.131509920978395,2.806248998240335,1024.527470999601,877.1462450592885
1772924205,10,GET,/api/plugins/discover,0.000000,0.000000,0,0,0,0,0,0,0,0,0,0,0,160,0,13,18.220616150142632,10.576317999948515,58.00965399976121,85406.0
1772924205,10,GET,/api/plugins/list,0.000000,0.000000,0,0,0,0,0,0,0,0,0,0,0,160,0,2,5.07641034982953,1.080333000572864,43.401594997703796,29.4
1772924205,10,POST,/api/plugins/load?uri,6.200000,0.000000,3,3,3,4,11,15,18,21,21,21,21,475,0,3,5.305484035795272,1.3092929984850343,53.515169001912,2319.8463157894735
1772924205,10,POST,/api/plugins/unload?uri,6.200000,0.000000,2,2,2,3,9,14,16,17,17,17,17,475,0,2,3.7612447936446283,1.1754760016629007,64.64023000080488,108.86736842105263
1772924205,10,,Aggregated,145.400000,0.000000,2,3,5,6,14,17,22,24,52,80,80,12487,0,2,11.185125554969687,1.0178689990425482,1056.0120830014057,1367.322895811644
1772924206,10,GET,/api/audio/latency,21.500000,0.000000,2,2,3,3,7,14,15,19,25,25,25,1880,0,2,4.296335936704325,1.0178689990425482,34.12297300019418,33.0
1772924206,10,GET,/api/audio/levels,21.500000,0.000000,3,4,8,8,15,17,21,24,45,45,45,1880,0,3,16.705580972886814,1.0466029998497106,1040.2998699973978,75.38563829787235
1772924206,10,GET,/api/audio/levels (during plugin swap),6.200000,0.000000,2,5,10,13,17,23,25,47,47,47,47,477,0,3,35.214406255723794,1.0652109995135106,1023.4881830001541,75.28930817610063
1772924206,10,GET,/api/audio/levels/plugins,6.200000,0.000000,2,2,2,3,5,10,18,21,21,21,21,477,0,2,6.231684442413997,1.0371790012868587,1004.5815230005246,19.39622641509434
1772924206,10,GET,/api/audio/status,16.900000,0.000000,1,2,2,3,6,13,15,15,19,19,19,1402,0,2,4.031804226122224,1.0313479979231488,246.06509799923515,168.0
1772924206,10,GET,/api/chains/,0.000000,0.000000,0,0,0,0,0,0,0,0,0,0,0,160,0,4,35.78325576258976,1.3513000012608245,1038.7257460024557,1448.1
1772924206,10,GET,/api/chains/{id},16.900000,0.000000,2,5,8,10,14,18,30,33,42,42,42,1402,0,3,23.030011484260207,1.233504997799173,1052.9427690016746,506.26034236804566
1772924206,10,POST,/api/chains/{id}/activate,16.900000,0.000000,3,4,5,5,13,18,20,25,25,25,25,1402,0,3,7.153657920842698,1.1701449984684587,1056.0120830014057,53.223252496433666
1772924206,10,POST,/api/chains/{id}/deactivate,16.900000,0.000000,1,2,2,3,5,12,14,18,19,19,19,1402,0,2,3.5913994307182,1.168678998510586,74.90994999898248,61.73252496433666
1772924206,10,POST,/api/plugins/batch/parameters (500 updates),10.000000,0.000000,5,9,13,15,21,23,52,80,80,80,80,761,0,6,18.10903202237381,2.806248998240335,1024.527470999601,876.9566360052562
1772924206,10,GET,/api/plugins/discover,0.000000,0.000000,0,0,0,0,0,0,0,0,0,0,0,160,0,13,18.220616150142632,10.576317999948515,58.00965399976121,85406.0
1772924206,10,GET,/api/plugins/list,0.000000,0.000000,0,0,0,0,0,0,0,0,0,0,0,160,0,2,5.07641034982953,1.080333000572864,43.401594997703796,29.4
1772924206,10,POST,/api/plugins/load?uri,6.200000,0.000000,3,3,3,3,6,12,15,16,16,16,16,477,0,3,5.294836687637784,1.3092929984850343,53.515169001912,2318.4004192872117
1772924206,10,POST,/api/plugins/unload?uri,6.200000,0.000000,2,2,2,2,8,11,16,17,17,17,17,477,0,2,3.7552200376939133,1.1754760016629007,64.64023000080488,108.84067085953879
1772924206,10,,Aggregated,145.400000,0.000000,2,3,4,6,13,17,21,24,52,80,80,12517,0,2,11.169555059112184,1.0178689990425482,1056.0120830014057,1364.6983302708318
1772924207,10,GET,/api/audio/latency,22.400000,0.000000,2,2,3,3,8,15,20,23,25,25,25,1902,0,2,4.334524333332863,1.0178689990425482,34.12297300019418,33.0
1772924207,10,GET,/api/audio/levels,22.400000,0.000000,2,4,8,9,16,19,31,960,1100,1100,1100,1903,0,3,18.629254014730066,1.0466029998497106,1062.7355239994358,75.3977929584866
1772924207,10,GET,/api/audio/levels (during plugin swap),7.000000,0.000000,2,4,7,11,15,17,24,25,25,25,25,483,0,3,34.82111858380829,1.0652109995135106,1023.4881830001541,75.28778467908903
1772924207,10,GET,/api/audio/levels/plugins,7.000000,0.000000,2,2,2,3,5,10,18,21,21,21,21,483,0,2,6.1785078137243765,1.0371790012868587,1004.5815230005246,19.383022774327124
1772924207,10,GET,/api/audio/status,17.000000,0.000000,2,2,2,3,8,14,15,15,19,19,19,1421,0,2,4.038390133025326,1.0313479979231488,246.06509799923515,168.0
1772924207,10,GET,/api/chains/,0.000000,0.000000,0,0,0,0,0,0,0,0,0,0,0,160,0,4,35.78325576258976,1.3513000012608245,1038.7257460024557,1448.1
1772924207,10,GET,/api/chains/{id},17.000000,0.000000,2,5,8,12,15,22,930,1000,1100,1100,1100,1421,0,3,25.513421236401506,1.233504997799173,1056.7074160026095,506.0464461646728
1772924207,10,POST,/api/chains/{id}/activate,17.000000,0.000000,3,4,5,6,17,20,29,31,32,32,32,1421,0,3,7.18192693879256,1.1701449984684587,1056.0120830014057,53.20830401125968
1772924207,10,POST,/api/chains/{id}/deactivate,17.000000,0.000000,1,2,2,3,7,13,14,18,19,19,19,1421,0,2,3.6024687113798475,1.168678998510586,74.90994999898248,61.73610133708656
1772924207,10,POST,/api/plugins/batch/parameters (500 updates),10.300000,0.000000,5,8,12,15,21,23,1000,1000,1000,1000,1000,767,0,6,20.646668993517892,2.806248998240335,1038.4021079989907,876.5919165580183
1772924207,10,GET,/api/plugins/discover,0.000000,0.000000,0,0,0,0,0,0,0,0,0,0,0,160,0,13,18.220616150142632,10.576317999948515,58.00965399976121,85406.0
1772924207,10,GET,/api/plugins/list,0.000000,0.000000,0,0,0,0,0,0,0,0,0,0,0,160,0,2,5.07641034982953,1.080333000572864,43.401594997703796,29.4
1772924207,10,POST,/api/plugins/load?uri,7.000000,0.000000,3,3,3,4,6,14,15,16,16,16,16,483,0,3,5.286305610758255,1.3092929984850343,53.515169001912,2307.1697722567287
1772924207,10,POST,/api/plugins/unload?uri,7.000000,0.000000,2,2,2,2,9,11,16,17,17,17,17,483,0,2,3.745267950267122,1.1754760016629007,64.64023000080488,108.83643892339545
1772924207,10,,Aggregated,151.100000,0.000000,2,3,5,6,14,17,23,31,1100,1100,1100,12668,0,2,11.877754634267651,1.0178689990425482,1062.7355239994358,1350.9446637196086
1772924208,10,GET,/api/audio/latency,23.200000,0.000000,2,3,3,4,13,16,21,24,25,25,25,1926,0,2,4.349565161991471,1.0178689990425482,34.12297300019418,33.0
1772924208,10,GET,/api/audio/levels,23.200000,0.000000,3,5,8,11,17,20,31,960,1100,1100,1100,1926,0,3,18.49234351040389,1.0466029998497106,1062.7355239994358,75.38940809968847
1772924208,10,GET,/api/audio/levels (during plugin swap),6.800000,0.000000,2,4,10,11,15,17,24,25,25,25,25,489,0,3,34.46397815537378,1.0652109995135106,1023.4881830001541,75.28629856850716
1772924208,10,GET,/api/audio/levels/plugins,6.800000,0.000000,2,2,2,3,5,15,18,21,21,21,21,489,0,2,6.149097777163759,1.0371790012868587,1004.5815230005246,19.39672801635992
1772924208,10,GET,/api/audio/status,16.200000,0.000000,2,2,3,4,8,14,14,15,19,19,19,1435,0,2,4.034848255074895,1.0313479979231488,246.06509799923515,168.0
1772924208,10,GET,/api/chains/,0.000000,0.000000,0,0,0,0,0,0,0,0,0,0,0,160,0,4,35.78325576258976,1.3513000012608245,1038.7257460024557,1448.1
1772924208,10,GET,/api/chains/{id},16.000000,0.000000,3,7,10,13,15,22,930,1000,1100,1100,1100,1435,0,3,25.344511564414464,1.233504997799173,1056.7074160026095,506.21672473867596
1772924208,10,POST,/api/chains/{id}/activate,16.100000,0.000000,3,5,6,8,17,20,30,31,32,32,32,1435,0,3,7.209338828595193,1.1701449984684587,1056.0120830014057,53.204878048780486
1772924208,10,POST,/api/chains/{id}/deactivate,16.200000,0.000000,1,2,2,3,7,13,14,18,19,19,19,1435,0,2,3.5849996751735316,1.168678998510586,74.90994999898248,61.73867595818815
1772924208,10,POST,/api/plugins/batch/parameters (500 updates),11.100000,0.000000,5,9,13,15,23,25,1000,1000,1000,1000,1000,779,0,6,20.459066313272327,2.806248998240335,1038.4021079989907,877.3684210526316
1772924208,10,GET,/api/plugins/discover,0.000000,0.000000,0,0,0,0,0,0,0,0,0,0,0,160,0,13,18.220616150142632,10.576317999948515,58.00965399976121,85406.0
1772924208,10,GET,/api/plugins/list,0.000000,0.000000,0,0,0,0,0,0,0,0,0,0,0,160,0,2,5.07641034982953,1.080333000572864,43.401594997703796,29.4
1772924208,10,POST,/api/plugins/load?uri,6.800000,0.000000,2,3,3,4,6,14,15,16,16,16,16,489,0,3,5.253781695300077,1.3092929984850343,53.515169001912,2295.1042944785277
1772924208,10,POST,/api/plugins/unload?uri,6.800000,0.000000,2,2,2,3,8,9,14,16,16,16,16,489,0,2,3.7268671676392024,1.1754760016629007,64.64023000080488,108.78732106339469
1772924208,10,,Aggregated,149.200000,0.000000,2,3,5,7,14,18,24,31,1100,1100,1100,12807,0,2,11.812646399777156,1.0178689990425482,1062.7355239994358,1338.9424533458266
1772924209,10,GET,/api/audio/latency,22.500000,0.000000,2,3,3,5,14,17,21,24,25,25,25,1959,0,2,4.397193668712883,1.0178689990425482,34.12297300019418,33.0
1772924209,10,GET,/api/audio/levels,22.500000,0.000000,3,6,9,11,16,20,28,960,1100,1100,1100,1959,0,3,18.3127569954237,1.0466029998497106,1062.7355239994358,75.38233792751404
1772924209,10,GET,/api/audio/levels (during plugin swap),6.400000,0.000000,2,3,9,11,15,23,24,25,25,25,25,492,0,3,34.262000343449294,1.0652109995135106,1023.4881830001541,75.27235772357723
1772924209,10,GET,/api/audio/levels/plugins,6.400000,0.000000,2,2,2,3,5,15,18,21,21,21,21,492,0,2,6.122585386244866,1.0371790012868587,1004.5815230005246,19.416666666666668
1772924209,10,GET,/api/audio/status,14.900000,0.000000,2,2,3,4,12,14,17,19,20,20,20,1452,0,2,4.047311398094518,1.0313479979231488,246.06509799923515,168.0
1772924209,10,GET,/api/chains/,0.000000,0.000000,0,0,0,0,0,0,0,0,0,0,0,160,0,4,35.78325576258976,1.3513000012608245,1038.7257460024557,1448.1
1772924209,10,GET,/api/chains/{id},14.900000,0.000000,3,6,10,12,15,22,930,1000,1100,1100,1100,1452,0,3,25.123463463452595,1.233504997799173,1056.7074160026095,506.1349862258953
1772924209,10,POST,/api/chains/{id}/activate,14.900000,0.000000,3,4,6,7,17,20,30,31,32,32,32,1452,0,3,7.183778762419149,1.1701449984684587,1056.0120830014057,53.18112947658402
1772924209,10,POST,/api/chains/{id}/deactivate,15.000000,0.000000,2,2,2,3,7,14,17,18,19,19,19,1451,0,2,3.5831715326511455,1.168678998510586,74.90994999898248,61.741557546519644
1772924209,10,POST,/api/plugins/batch/parameters (500 updates),10.400000,0.000000,5,9,13,15,23,25,1000,1000,1000,1000,1000,789,0,6,20.318682578003575,2.806248998240335,1038.4021079989907,877.7389100126743
1772924209,10,GET,/api/plugins/discover,0.000000,0.000000,0,0,0,0,0,0,0,0,0,0,0,160,0,13,18.220616150142632,10.576317999948515,58.00965399976121,85406.0
1772924209,10,GET,/api/plugins/list,0.000000,0.000000,0,0,0,0,0,0,0,0,0,0,0,160,0,2,5.07641034982953,1.080333000572864,43.401594997703796,29.4
1772924209,10,POST,/api/plugins/load?uri,6.400000,0.000000,2,3,3,4,6,15,15,16,16,16,16,492,0,3,5.234185849601304,1.3092929984850343,53.515169001912,2302.441056910569
1772924209,10,POST,/api/plugins/unload?uri,6.400000,0.000000,2,2,2,3,9,14,16,28,28,28,28,492,0,2,3.7671117153980798,1.1754760016629007,64.64023000080488,108.78048780487805
1772924209,10,,Aggregated,140.700000,0.000000,2,4,5,8,14,18,24,30,1100,1100,1100,12962,0,2,11.746406989967856,1.0178689990425482,1062.7355239994358,1325.781129455331
1772924210,10,GET,/api/audio/latency,22.700000,0.000000,2,3,3,5,14,16,21,24,25,25,25,1983,0,2,4.382407197686733,1.0178689990425482,34.12297300019418,33.0
1772924210,10,GET,/api/audio/levels,22.800000,0.000000,3,6,9,11,16,19,28,960,1100,1100,1100,1984,0,3,18.140680286815922,1.0466029998497106,1062.7355239994358,75.37852822580645
1772924210,10,GET,/api/audio/levels (during plugin swap),6.500000,0.000000,2,3,9,11,14,23,24,25,25,25,25,498,0,3,33.88952178910728,1.0652109995135106,1023.4881830001541,75.2710843373494
1772924210,10,GET,/api/audio/levels/plugins,6.500000,0.000000,2,2,2,3,5,18,18,21,21,21,21,498,0,2,6.108434638622111,1.0371790012868587,1004.5815230005246,19.429718875502008
1772924210,10,GET,/api/audio/status,14.600000,0.000000,2,2,3,3,11,14,17,19,20,20,20,1475,0,2,4.030218707139592,1.0313479979231488,246.06509799923515,168.0
1772924210,10,GET,/api/chains/,0.000000,0.000000,0,0,0,0,0,0,0,0,0,0,0,160,0,4,35.78325576258976,1.3513000012608245,1038.7257460024557,1448.1
1772924210,10,GET,/api/chains/{id},14.600000,0.000000,3,6,9,12,15,22,930,1000,1100,1100,1100,1475,0,3,24.80573423250462,1.2170799964223988,1056.7074160026095,505.7986440677966
1772924210,10,POST,/api/chains/{id}/activate,14.600000,0.000000,3,4,6,11,17,20,30,31,32,32,32,1475,0,3,7.153177122058647,1.1701449984684587,1056.0120830014057,53.20271186440678
1772924210,10,POST,/api/chains/{id}/deactivate,14.600000,0.000000,2,2,2,3,5,13,18,19,21,21,21,1475,0,2,3.5762907517777944,1.1677589973260183,74.90994999898248,61.74576271186441
1772924210,10,POST,/api/plugins/batch/parameters (500 updates),10.100000,0.000000,5,10,14,15,23,25,1000,1000,1000,1000,1000,801,0,6,20.155024207303953,2.806248998240335,1038.4021079989907,877.6479400749064
1772924210,10,GET,/api/plugins/discover,0.000000,0.000000,0,0,0,0,0,0,0,0,0,0,0,160,0,13,18.220616150142632,10.576317999948515,58.00965399976121,85406.0
1772924210,10,GET,/api/plugins/list,0.000000,0.000000,0,0,0,0,0,0,0,0,0,0,0,160,0,2,5.07641034982953,1.080333000572864,43.401594997703796,29.4
1772924210,10,POST,/api/plugins/load?uri,6.500000,0.000000,2,3,3,4,12,15,16,16,16,16,16,498,0,2,5.222244463865021,1.3092929984850343,53.515169001912,2290.8453815261046
1772924210,10,POST,/api/plugins/unload?uri,6.500000,0.000000,2,2,2,3,9,14,15,28,28,28,28,498,0,2,3.796391005972148,1.1754760016629007,64.64023000080488,108.86947791164658
1772924210,10,,Aggregated,140.000000,0.000000,2,3,5,8,14,18,24,30,1100,1100,1100,13140,0,2,11.647465843149776,1.0178689990425482,1062.7355239994358,1310.8802891933028
1772924211,10,GET,/api/audio/latency,23.500000,0.000000,2,3,4,7,15,18,23,24,25,25,25,2006,0,2,4.388438999020195,1.0178689990425482,34.12297300019418,33.0
1772924211,10,GET,/api/audio/levels,23.500000,0.000000,3,7,9,11,16,20,38,960,1100,1100,1100,2006,0,3,18.03153232305571,1.0466029998497106,1062.7355239994358,75.37836490528414
1772924211,10,GET,/api/audio/levels (during plugin swap),6.500000,0.000000,2,3,9,11,14,23,25,25,25,25,25,500,0,3,33.77054701994348,1.0652109995135106,1023.4881830001541,75.262
1772924211,10,GET,/api/audio/levels/plugins,6.500000,0.000000,2,2,3,3,15,18,21,21,21,21,21,500,0,2,6.094253528070112,1.0371790012868587,1004.5815230005246,19.46
1772924211,10,GET,/api/audio/status,14.600000,0.000000,2,2,3,4,11,14,17,19,20,20,20,1494,0,2,4.025467821979587,1.0313479979231488,246.06509799923515,168.0
1772924211,10,GET,/api/chains/,0.000000,0.000000,0,0,0,0,0,0,0,0,0,0,0,160,0,4,35.78325576258976,1.3513000012608245,1038.7257460024557,1448.1
1772924211,10,GET,/api/chains/{id},14.500000,0.000000,3,6,9,10,15,23,930,1000,1100,1100,1100,1494,0,3,24.569763940398282,1.2170799964223988,1056.7074160026095,505.7161981258367
1772924211,10,POST,/api/chains/{id}/activate,14.500000,0.000000,3,5,7,11,17,21,30,31,32,32,32,1494,0,3,7.120831193462955,1.1701449984684587,1056.0120830014057,53.205488621151275
1772924211,10,POST,/api/chains/{id}/deactivate,14.600000,0.000000,2,2,2,3,8,14,19,19,21,21,21,1494,0,2,3.592134356677101,1.1677589973260183,74.90994999898248,61.74899598393574
1772924211,10,POST,/api/plugins/batch/parameters (500 updates),9.900000,0.000000,5,10,14,15,23,25,27,1000,1000,1000,1000,817,0,6,19.983990274229292,2.806248998240335,1038.4021079989907,877.2827417380661
1772924211,10,GET,/api/plugins/discover,0.000000,0.000000,0,0,0,0,0,0,0,0,0,0,0,160,0,13,18.220616150142632,10.576317999948515,58.00965399976121,85406.0
1772924211,10,GET,/api/plugins/list,0.000000,0.000000,0,0,0,0,0,0,0,0,0,0,0,160,0,2,5.07641034982953,1.080333000572864,43.401594997703796,29.4
1772924211,10,POST,/api/plugins/load?uri,6.500000,0.000000,2,3,3,4,14,15,16,16,16,16,16,500,0,2,5.213847228013037,1.3092929984850343,53.515169001912,2291.18
1772924211,10,POST,/api/plugins/unload?uri,6.500000,0.000000,2,2,3,4,9,14,28,28,28,28,28,500,0,2,3.7948446439550025,1.1754760016629007,64.64023000080488,108.856
1772924211,10,,Aggregated,141.100000,0.000000,2,4,6,8,15,19,25,32,1100,1100,1100,13285,0,2,11.58580509469568,1.0178689990425482,1062.7355239994358,1299.2969514490026
1772924212,10,GET,/api/audio/latency,23.400000,0.000000,2,3,5,9,15,19,23,24,24,24,24,2035,0,2,4.3892666516139505,1.0178689990425482,34.12297300019418,33.0
1772924212,10,GET,/api/audio/levels,23.400000,0.000000,3,7,10,11,15,22,38,960,1100,1100,1100,2035,0,3,17.85818833417785,1.0466029998497106,1062.7355239994358,75.37002457002457
1772924212,10,GET,/api/audio/levels (during plugin swap),6.300000,0.000000,2,3,7,9,13,14,15,15,15,15,15,509,0,3,33.268216477375624,1.0652109995135106,1023.4881830001541,75.27308447937132
1772924212,10,GET,/api/audio/levels/plugins,6.300000,0.000000,2,2,3,3,4,18,18,21,21,21,21,509,0,2,6.024541485326663,1.0371790012868587,1004.5815230005246,19.44007858546169
1772924212,10,GET,/api/audio/status,15.200000,0.000000,2,2,3,4,8,14,19,20,28,28,28,1511,0,2,4.0144896757394335,1.0313479979231488,246.06509799923515,168.0
1772924212,10,GET,/api/chains/,0.000000,0.000000,0,0,0,0,0,0,0,0,0,0,0,160,0,4,35.78325576258976,1.3513000012608245,1038.7257460024557,1448.1
1772924212,10,GET,/api/chains/{id},15.200000,0.000000,2,5,8,10,15,22,930,1000,1100,1100,1100,1511,0,3,24.322957893414625,1.2170799964223988,1056.7074160026095,504.9715420251489
1772924212,10,POST,/api/chains/{id}/activate,15.200000,0.000000,3,5,6,8,16,18,30,31,32,32,32,1511,0,3,7.066217668451858,1.1701449984684587,1056.0120830014057,53.2157511581734
1772924212,10,POST,/api/chains/{id}/deactivate,15.200000,0.000000,2,2,2,3,9,13,19,19,21,21,21,1511,0,2,3.5870682447903146,1.1677589973260183,74.90994999898248,61.751819986763735
1772924212,10,POST,/api/plugins/batch/parameters (500 updates),10.100000,0.000000,5,11,15,16,23,26,1000,1000,1000,1000,1000,827,0,6,19.888605455928264,2.806248998240335,1038.4021079989907,877.7146311970979
1772924212,10,GET,/api/plugins/discover,0.000000,0.000000,0,0,0,0,0,0,0,0,0,0,0,160,0,13,18.220616150142632,10.576317999948515,58.00965399976121,85406.0
1772924212,10,GET,/api/plugins/list,0.000000,0.000000,0,0,0,0,0,0,0,0,0,0,0,160,0,2,5.07641034982953,1.080333000572864,43.401594997703796,29.4
1772924212,10,POST,/api/plugins/load?uri,6.300000,0.000000,2,3,4,4,15,16,16,23,23,23,23,509,0,2,5.230445076635371,1.3092929984850343,53.515169001912,2283.703339882122
1772924212,10,POST,/api/plugins/unload?uri,6.300000,0.000000,2,2,3,3,9,15,17,28,28,28,28,509,0,2,3.799701080510479,1.1754760016629007,64.64023000080488,108.9253438113949
1772924212,10,,Aggregated,142.900000,0.000000,2,4,6,9,15,18,25,31,1100,1100,1100,13457,0,2,11.494809337820636,1.0178689990425482,1062.7355239994358,1285.9029501374748
1772924213,10,GET,/api/audio/latency,23.300000,0.000000,2,3,5,9,15,19,23,24,24,24,24,2057,0,2,4.381406142942989,1.0178689990425482,34.12297300019418,33.0
1772924213,10,GET,/api/audio/levels,23.300000,0.000000,3,7,10,11,16,23,39,960,1100,1100,1100,2057,0,3,17.75807357075829,1.0466029998497106,1062.7355239994358,75.37627613028683
1772924213,10,GET,/api/audio/levels (during plugin swap),5.800000,0.000000,2,3,4,7,12,13,15,15,15,15,15,513,0,3,33.040125883020075,1.0652109995135106,1023.4881830001541,75.25536062378167
1772924213,10,GET,/api/audio/levels/plugins,5.800000,0.000000,2,2,3,3,4,15,18,18,18,18,18,513,0,2,5.992533621890482,1.0371790012868587,1004.5815230005246,19.473684210526315
1772924213,10,GET,/api/audio/status,14.900000,0.000000,2,2,3,4,13,14,18,20,28,28,28,1536,0,2,3.9980700071922115,1.0313479979231488,246.06509799923515,168.0
1772924213,10,GET,/api/chains/,0.000000,0.000000,0,0,0,0,0,0,0,0,0,0,0,160,0,4,35.78325576258976,1.3513000012608245,1038.7257460024557,1448.1
1772924213,10,GET,/api/chains/{id},14.900000,0.000000,3,5,9,10,16,22,870,1000,1100,1100,1100,1536,0,3,24.05455259631613,1.2170799964223988,1056.7074160026095,504.546875
1772924213,10,POST,/api/chains/{id}/activate,14.900000,0.000000,3,5,6,8,16,19,29,31,32,32,32,1536,0,3,7.038158005225152,1.1701449984684587,1056.0120830014057,53.228515625
1772924213,10,POST,/api/chains/{id}/deactivate,14.900000,0.000000,2,2,3,3,8,13,18,19,21,21,21,1536,0,2,3.5696463299927927,1.1677589973260183,74.90994999898248,61.755859375
1772924213,10,POST,/api/plugins/batch/parameters (500 updates),11.100000,0.000000,6,11,14,16,20,26,1000,1000,1000,1000,1000,838,0,6,19.721160848517826,2.806248998240335,1038.4021079989907,878.0202863961814
1772924213,10,GET,/api/plugins/discover,0.000000,0.000000,0,0,0,0,0,0,0,0,0,0,0,160,0,13,18.220616150142632,10.576317999948515,58.00965399976121,85406.0
1772924213,10,GET,/api/plugins/list,0.000000,0.000000,0,0,0,0,0,0,0,0,0,0,0,160,0,2,5.07641034982953,1.080333000572864,43.401594997703796,29.4
1772924213,10,POST,/api/plugins/load?uri,5.800000,0.000000,2,3,4,4,16,16,23,23,23,23,23,513,0,3,5.240251586748276,1.3092929984850343,53.515169001912,2292.411306042885
1772924213,10,POST,/api/plugins/unload?uri,5.800000,0.000000,2,2,3,3,9,15,28,28,28,28,28,513,0,2,3.7860538284211476,1.1754760016629007,64.64023000080488,108.99025341130604
1772924213,10,,Aggregated,140.500000,0.000000,2,4,6,9,15,19,26,32,1100,1100,1100,13628,0,2,11.41449607470179,1.0178689990425482,1062.7355239994358,1273.1313472262989
1772924214,10,GET,/api/audio/latency,24.200000,0.000000,2,3,5,8,15,19,23,24,24,24,24,2082,0,2,4.361558763222066,1.0178689990425482,34.12297300019418,33.0
1772924214,10,GET,/api/audio/levels,24.200000,0.000000,3,8,11,12,16,23,39,960,1100,1100,1100,2082,0,3,17.626949284369697,1.0466029998497106,1062.7355239994358,75.37896253602305
1772924214,10,GET,/api/audio/levels (during plugin swap),5.500000,0.000000,2,3,7,9,12,14,28,28,28,28,28,515,0,3,32.9703015727963,1.0652109995135106,1023.4881830001541,75.24660194174757
1772924214,10,GET,/api/audio/levels/plugins,5.500000,0.000000,2,2,3,3,4,4,18,18,18,18,18,515,0,2,5.976820567049746,1.0371790012868587,1004.5815230005246,19.502912621359222
1772924214,10,GET,/api/audio/status,14.500000,0.000000,2,2,3,4,8,14,17,20,28,28,28,1559,0,2,3.979169146927755,1.0313479979231488,246.06509799923515,168.0
1772924214,10,GET,/api/chains/,0.000000,0.000000,0,0,0,0,0,0,0,0,0,0,0,160,0,4,35.78325576258976,1.3513000012608245,1038.7257460024557,1448.1
1772924214,10,GET,/api/chains/{id},14.500000,0.000000,3,5,9,10,16,22,870,1000,1100,1100,1100,1560,0,3,23.757108014703988,1.2170799964223988,1056.7074160026095,505.01025641025643
1772924214,10,POST,/api/chains/{id}/activate,14.500000,0.000000,3,4,6,8,16,18,29,31,32,32,32,1559,0,3,6.99774852791652,1.1701449984684587,1056.0120830014057,53.26427196921103
1772924214,10,POST,/api/chains/{id}/deactivate,14.500000,0.000000,2,2,3,3,8,13,18,19,21,21,21,1559,0,2,3.5547725746464742,1.1677589973260183,74.90994999898248,61.75946119307248
1772924214,10,POST,/api/plugins/batch/parameters (500 updates),11.000000,0.000000,5,11,15,16,21,26,1000,1000,1000,1000,1000,849,0,6,19.573220677334582,2.806248998240335,1038.4021079989907,878.0541813898705
1772924214,10,GET,/api/plugins/discover,0.000000,0.000000,0,0,0,0,0,0,0,0,0,0,0,160,0,13,18.220616150142632,10.576317999948515,58.00965399976121,85406.0
1772924214,10,GET,/api/plugins/list,0.000000,0.000000,0,0,0,0,0,0,0,0,0,0,0,160,0,2,5.07641034982953,1.080333000572864,43.401594997703796,29.4
1772924214,10,POST,/api/plugins/load?uri,5.500000,0.000000,2,3,4,5,15,16,23,23,23,23,23,515,0,3,5.236285394176307,1.3092929984850343,53.515169001912,2288.409708737864
1772924214,10,POST,/api/plugins/unload?uri,5.500000,0.000000,2,3,3,4,9,15,28,28,28,28,28,515,0,2,3.77936727956906,1.1754760016629007,64.64023000080488,108.97864077669902
1772924214,10,,Aggregated,139.400000,0.000000,2,4,6,9,15,19,26,32,1100,1100,1100,13790,0,2,11.331936613708985,1.0178689990425482,1062.7355239994358,1260.6942712110224
1772924215,10,GET,/api/audio/latency,23.600000,0.000000,2,3,5,9,15,18,23,24,24,24,24,2108,0,2,4.363313649442213,1.0178689990425482,34.12297300019418,33.0
1772924215,10,GET,/api/audio/levels,23.600000,0.000000,3,7,11,12,18,23,40,960,1100,1100,1100,2108,0,3,17.485122820234462,1.0466029998497106,1062.7355239994358,75.38662239089184
1772924215,10,GET,/api/audio/levels (during plugin swap),5.400000,0.000000,2,3,4,7,12,14,28,28,28,28,28,520,0,3,32.67662879612684,1.0652109995135106,1023.4881830001541,75.225
1772924215,10,GET,/api/audio/levels/plugins,5.400000,0.000000,2,2,3,3,4,4,18,18,18,18,18,520,0,2,5.940256423127721,1.0371790012868587,1004.5815230005246,19.525
1772924215,10,GET,/api/audio/status,15.600000,0.000000,2,2,3,4,8,14,17,20,28,28,28,1579,0,2,3.966421641570694,1.0313479979231488,246.06509799923515,168.0
1772924215,10,GET,/api/chains/,0.000000,0.000000,0,0,0,0,0,0,0,0,0,0,0,160,0,4,35.78325576258976,1.3513000012608245,1038.7257460024557,1448.1
1772924215,10,GET,/api/chains/{id},15.600000,0.000000,3,5,9,10,16,22,870,1000,1100,1100,1100,1579,0,3,23.539928737770964,1.2170799964223988,1056.7074160026095,505.6928435718809
1772924215,10,POST,/api/chains/{id}/activate,15.600000,0.000000,3,4,7,11,16,19,29,31,32,32,32,1579,0,3,7.0087208448511245,1.1701449984684587,1056.0120830014057,53.27042431918936
1772924215,10,POST,/api/chains/{id}/deactivate,15.600000,0.000000,2,2,3,3,8,13,17,19,21,21,21,1579,0,2,3.546456669332676,1.1677589973260183,74.90994999898248,61.76250791640279
1772924215,10,POST,/api/plugins/batch/parameters (500 updates),10.800000,0.000000,7,12,15,16,25,30,1000,1000,1000,1000,1000,859,0,6,19.520996164207325,2.806248998240335,1038.4021079989907,877.7066356228172
1772924215,10,GET,/api/plugins/discover,0.000000,0.000000,0,0,0,0,0,0,0,0,0,0,0,160,0,13,18.220616150142632,10.576317999948515,58.00965399976121,85406.0
1772924215,10,GET,/api/plugins/list,0.000000,0.000000,0,0,0,0,0,0,0,0,0,0,0,160,0,2,5.07641034982953,1.080333000572864,43.401594997703796,29.4
1772924215,10,POST,/api/plugins/load?uri,5.400000,0.000000,2,3,4,5,15,16,23,23,23,23,23,520,0,3,5.214484736545553,1.3092929984850343,53.515169001912,2280.2961538461536
1772924215,10,POST,/api/plugins/unload?uri,5.400000,0.000000,2,3,3,5,9,15,28,28,28,28,28,520,0,2,3.7715499249595896,1.1754760016629007,64.64023000080488,108.96346153846154
1772924215,10,,Aggregated,142.000000,0.000000,2,4,6,9,15,19,27,38,1100,1100,1100,13951,0,2,11.2630317415966,1.0178689990425482,1062.7355239994358,1248.7185148018064
1772924216,10,GET,/api/audio/latency,23.400000,0.000000,2,3,4,6,14,17,20,23,24,24,24,2134,0,2,4.343329301318573,1.0178689990425482,34.12297300019418,33.0
1772924216,10,GET,/api/audio/levels,23.400000,0.000000,3,7,10,12,16,22,27,38,40,40,40,2134,0,3,17.33716799205468,1.0466029998497106,1062.7355239994358,75.3880037488285
1772924216,10,GET,/api/audio/levels (during plugin swap),4.900000,0.000000,3,3,7,9,12,14,28,28,28,28,28,527,0,3,32.31088403033391,1.0652109995135106,1023.4881830001541,75.19544592030361
1772924216,10,GET,/api/audio/levels/plugins,4.900000,0.000000,2,2,3,3,4,4,18,18,18,18,18,527,0,2,5.881382931731882,1.0371790012868587,1004.5815230005246,19.52561669829222
1772924216,10,GET,/api/audio/status,16.800000,0.000000,2,2,3,4,8,14,17,20,28,28,28,1592,0,2,3.9561892104510337,1.0313479979231488,246.06509799923515,168.0
1772924216,10,GET,/api/chains/,0.000000,0.000000,0,0,0,0,0,0,0,0,0,0,0,160,0,4,35.78325576258976,1.3513000012608245,1038.7257460024557,1448.1
1772924216,10,GET,/api/chains/{id},16.800000,0.000000,3,5,9,10,15,18,23,28,38,38,38,1593,0,3,23.377490222187934,1.2170799964223988,1056.7074160026095,505.6371625863151
1772924216,10,POST,/api/chains/{id}/activate,16.800000,0.000000,3,4,6,8,15,17,20,28,30,30,30,1592,0,3,6.990222845494676,1.1701449984684587,1056.0120830014057,53.26256281407035
1772924216,10,POST,/api/chains/{id}/deactivate,16.800000,0.000000,2,2,3,3,8,12,17,19,21,21,21,1592,0,2,3.53611854891929,1.1677589973260183,74.90994999898248,61.76444723618091
1772924216,10,POST,/api/plugins/batch/parameters (500 updates),10.600000,0.000000,5,11,14,16,21,26,30,40,42,42,42,872,0,6,19.336400428958292,2.806248998240335,1038.4021079989907,877.8061926605504
1772924216,10,GET,/api/plugins/discover,0.000000,0.000000,0,0,0,0,0,0,0,0,0,0,0,160,0,13,18.220616150142632,10.576317999948515,58.00965399976121,85406.0
1772924216,10,GET,/api/plugins/list,0.000000,0.000000,0,0,0,0,0,0,0,0,0,0,0,160,0,2,5.07641034982953,1.080333000572864,43.401594997703796,29.4
1772924216,10,POST,/api/plugins/load?uri,4.900000,0.000000,2,3,4,5,16,16,23,23,23,23,23,527,0,3,5.203407618597232,1.3092929984850343,53.515169001912,2289.165085388994
1772924216,10,POST,/api/plugins/unload?uri,4.900000,0.000000,2,2,3,3,8,15,28,28,28,28,28,527,0,2,3.745690197302815,1.1754760016629007,64.64023000080488,108.96204933586338
1772924216,10,,Aggregated,144.200000,0.000000,2,4,6,8,14,17,23,27,40,42,42,14097,0,2,11.188224263673018,1.0178689990425482,1062.7355239994358,1239.1215861530823
1772924217,10,GET,/api/audio/latency,23.400000,0.000000,2,3,3,5,13,16,19,21,24,24,24,2139,0,2,4.3392296367499705,1.0178689990425482,34.12297300019418,33.0
1772924217,10,GET,/api/audio/levels,23.400000,0.000000,3,7,10,12,16,22,27,38,40,40,40,2139,0,3,17.319666301096483,1.0466029998497106,1062.7355239994358,75.38242169237962
1772924217,10,GET,/api/audio/levels (during plugin swap),4.900000,0.000000,2,3,4,7,12,14,28,28,28,28,28,527,0,3,32.31088403033391,1.0652109995135106,1023.4881830001541,75.19544592030361
1772924217,10,GET,/api/audio/levels/plugins,4.900000,0.000000,2,2,3,3,3,4,18,18,18,18,18,527,0,2,5.881382931731882,1.0371790012868587,1004.5815230005246,19.52561669829222
1772924217,10,GET,/api/audio/status,16.800000,0.000000,2,2,3,3,8,14,17,20,28,28,28,1596,0,2,3.952229775711743,1.0313479979231488,246.06509799923515,168.0
1772924217,10,GET,/api/chains/,0.000000,0.000000,0,0,0,0,0,0,0,0,0,0,0,160,0,4,35.78325576258976,1.3513000012608245,1038.7257460024557,1448.1
1772924217,10,GET,/api/chains/{id},16.800000,0.000000,3,5,8,10,15,17,23,28,38,38,38,1596,0,3,23.33816017603214,1.2170799964223988,1056.7074160026095,505.7312030075188
1772924217,10,POST,/api/chains/{id}/activate,16.800000,0.000000,3,4,6,8,14,17,19,24,28,28,28,1596,0,3,6.991464788240721,1.1701449984684587,1056.0120830014057,53.26378446115288
1772924217,10,POST,/api/chains/{id}/deactivate,16.800000,0.000000,2,2,2,3,8,11,15,19,21,21,21,1596,0,2,3.5312424360128993,1.1677589973260183,74.90994999898248,61.765037593984964
1772924217,10,POST,/api/plugins/batch/parameters (500 updates),10.600000,0.000000,7,11,14,16,20,26,40,42,42,42,42,874,0,6,19.315179266651167,2.806248998240335,1038.4021079989907,877.941647597254
1772924217,10,GET,/api/plugins/discover,0.000000,0.000000,0,0,0,0,0,0,0,0,0,0,0,160,0,13,18.220616150142632,10.576317999948515,58.00965399976121,85406.0
1772924217,10,GET,/api/plugins/list,0.000000,0.000000,0,0,0,0,0,0,0,0,0,0,0,160,0,2,5.07641034982953,1.080333000572864,43.401594997703796,29.4
1772924217,10,POST,/api/plugins/load?uri,4.900000,0.000000,2,3,4,4,16,16,23,23,23,23,23,527,0,3,5.203407618597232,1.3092929984850343,53.515169001912,2289.165085388994
1772924217,10,POST,/api/plugins/unload?uri,4.900000,0.000000,2,3,3,3,8,15,28,28,28,28,28,527,0,2,3.745690197302815,1.1754760016629007,64.64023000080488,108.96204933586338
1772924217,10,,Aggregated,144.200000,0.000000,2,3,5,8,14,17,23,27,40,42,42,14124,0,2,11.176429664613183,1.0178689990425482,1062.7355239994358,1237.1214245256301
1772924218,10,GET,/api/audio/latency,24.400000,0.000000,2,3,3,4,14,18,22,24,25,25,25,2160,0,2,4.3708013574140985,1.0178689990425482,34.12297300019418,33.0
1772924218,10,GET,/api/audio/levels,24.400000,0.000000,3,7,10,13,17,23,880,940,1000,1000,1000,2160,0,3,19.381822158360322,1.0466029998497106,1062.7355239994358,75.41944444444445
1772924218,10,GET,/api/audio/levels (during plugin swap),4.700000,0.000000,2,4,7,10,14,28,850,850,850,850,850,530,0,3,33.73487777167817,1.0652109995135106,1023.4881830001541,75.20754716981132
1772924218,10,GET,/api/audio/levels/plugins,4.700000,0.000000,2,2,3,3,3,4,18,18,18,18,18,530,0,2,5.856716205703121,1.0371790012868587,1004.5815230005246,19.543396226415094
1772924218,10,GET,/api/audio/status,18.500000,0.000000,2,2,3,3,8,13,17,18,28,28,28,1616,0,2,3.9447620773772893,1.0313479979231488,246.06509799923515,168.0
1772924218,10,GET,/api/chains/,0.000000,0.000000,0,0,0,0,0,0,0,0,0,0,0,160,0,4,35.78325576258976,1.3513000012608245,1038.7257460024557,1448.1
1772924218,10,GET,/api/chains/{id},18.500000,0.000000,2,4,6,9,14,17,23,28,38,38,38,1617,0,3,23.07194679959428,1.2148069981776644,1056.7074160026095,505.3370439084725
1772924218,10,POST,/api/chains/{id}/activate,18.500000,0.000000,2,4,5,7,13,17,19,24,28,28,28,1617,0,3,6.949124283252646,1.1701449984684587,1056.0120830014057,53.28942486085343
1772924218,10,POST,/api/chains/{id}/deactivate,18.500000,0.000000,2,2,3,3,8,12,17,19,21,21,21,1616,0,2,3.528072010441416,1.1677589973260183,74.90994999898248,61.75247524752475
1772924218,10,POST,/api/plugins/batch/parameters (500 updates),10.300000,0.000000,8,11,14,16,21,40,920,950,970,970,970,886,0,6,23.332167716771785,2.806248998240335,1038.4021079989907,877.9650112866817
1772924218,10,GET,/api/plugins/discover,0.000000,0.000000,0,0,0,0,0,0,0,0,0,0,0,160,0,13,18.220616150142632,10.576317999948515,58.00965399976121,85406.0
1772924218,10,GET,/api/plugins/list,0.000000,0.000000,0,0,0,0,0,0,0,0,0,0,0,160,0,2,5.07641034982953,1.080333000572864,43.401594997703796,29.4
1772924218,10,POST,/api/plugins/load?uri,4.700000,0.000000,3,3,5,6,16,23,24,24,24,24,24,530,0,3,5.23851728113478,1.3092929984850343,53.515169001912,2299.5849056603774
1772924218,10,POST,/api/plugins/unload?uri,4.700000,0.000000,2,3,3,4,11,17,28,28,28,28,28,530,0,2,3.7316134244871857,1.1754760016629007,64.64023000080488,108.94339622641509
1772924218,10,,Aggregated,151.900000,0.000000,2,3,5,8,14,18,24,39,970,1000,1000,14272,0,2,11.756495127663445,1.0178689990425482,1062.7355239994358,1227.2099215246637
1772924219,10,GET,/api/audio/latency,24.500000,0.000000,2,3,3,4,14,18,22,24,25,25,25,2188,0,2,4.360496419110301,1.0178689990425482,34.12297300019418,33.0
1772924219,10,GET,/api/audio/levels,24.500000,0.000000,3,7,9,12,17,23,880,940,1000,1000,1000,2188,0,3,19.17256000916733,1.0466029998497106,1062.7355239994358,75.41224862888483
1772924219,10,GET,/api/audio/levels (during plugin swap),4.800000,0.000000,3,4,7,7,14,28,850,850,850,850,850,533,0,3,33.566916988719235,1.0652109995135106,1023.4881830001541,75.21951219512195
1772924219,10,GET,/api/audio/levels/plugins,4.800000,0.000000,2,2,2,3,3,4,18,18,18,18,18,533,0,2,5.834454133246954,1.0371790012868587,1004.5815230005246,19.5609756097561
1772924219,10,GET,/api/audio/status,18.300000,0.000000,2,2,2,3,6,12,16,18,28,28,28,1638,0,2,3.921961245439542,1.0313479979231488,246.06509799923515,168.0
1772924219,10,GET,/api/chains/,0.000000,0.000000,0,0,0,0,0,0,0,0,0,0,0,160,0,4,35.78325576258976,1.3513000012608245,1038.7257460024557,1448.1
1772924219,10,GET,/api/chains/{id},18.300000,0.000000,2,3,6,8,11,17,22,28,38,38,38,1638,0,3,22.830911201425483,1.2148069981776644,1056.7074160026095,505.57203907203905
1772924219,10,POST,/api/chains/{id}/activate,18.300000,0.000000,2,4,5,7,13,18,21,24,28,28,28,1638,0,3,6.919077457265332,1.1701449984684587,1056.0120830014057,53.314407814407815
1772924219,10,POST,/api/chains/{id}/deactivate,18.300000,0.000000,2,2,2,3,8,9,14,17,19,19,19,1638,0,2,3.5109614608488107,1.1677589973260183,74.90994999898248,61.75579975579976
1772924219,10,POST,/api/plugins/batch/parameters (500 updates),10.900000,0.000000,8,11,15,16,22,40,920,950,970,970,970,897,0,6,23.162456508423325,2.806248998240335,1038.4021079989907,878.3188405797101
1772924219,10,GET,/api/plugins/discover,0.000000,0.000000,0,0,0,0,0,0,0,0,0,0,0,160,0,13,18.220616150142632,10.576317999948515,58.00965399976121,85406.0
1772924219,10,GET,/api/plugins/list,0.000000,0.000000,0,0,0,0,0,0,0,0,0,0,0,160,0,2,5.07641034982953,1.080333000572864,43.401594997703796,29.4
1772924219,10,POST,/api/plugins/load?uri,4.800000,0.000000,3,3,4,5,16,23,24,24,24,24,24,533,0,3,5.22342274483477,1.3092929984850343,53.515169001912,2303.06191369606
1772924219,10,POST,/api/plugins/unload?uri,4.800000,0.000000,2,2,3,3,5,15,17,17,17,17,17,533,0,2,3.7198459549318743,1.1754760016629007,64.64023000080488,108.92682926829268
1772924219,10,,Aggregated,152.300000,0.000000,2,3,5,7,14,18,24,39,970,1000,1000,14437,0,2,11.66400207494331,1.0178689990425482,1062.7355239994358,1215.92588487913
1772924220,10,GET,/api/audio/latency,22.900000,0.000000,2,3,3,4,12,17,22,23,25,25,25,2214,0,2,4.354974553303049,1.0178689990425482,34.12297300019418,33.0
1772924220,10,GET,/api/audio/levels,22.800000,0.000000,3,6,9,12,17,23,880,940,1000,1000,1000,2214,0,3,19.008088519448062,1.0466029998497106,1062.7355239994358,75.41327913279133
1772924220,10,GET,/api/audio/levels (during plugin swap),4.300000,0.000000,3,4,7,7,12,15,850,850,850,850,850,541,0,3,33.119580232877574,1.0652109995135106,1023.4881830001541,75.21072088724584
1772924220,10,GET,/api/audio/levels/plugins,4.300000,0.000000,2,2,2,3,3,4,17,17,17,17,17,541,0,2,5.799367423316717,1.0371790012868587,1004.5815230005246,19.55083179297597
1772924220,10,GET,/api/audio/status,17.400000,0.000000,2,2,2,3,5,12,16,18,28,28,28,1659,0,2,3.901025283926407,1.0313479979231488,246.06509799923515,168.0
1772924220,10,GET,/api/chains/,0.000000,0.000000,0,0,0,0,0,0,0,0,0,0,0,160,0,4,35.78325576258976,1.3513000012608245,1038.7257460024557,1448.1
1772924220,10,GET,/api/chains/{id},17.600000,0.000000,2,3,5,8,11,17,22,28,32,32,32,1659,0,3,22.613739906529887,1.2148069981776644,1056.7074160026095,505.3905967450271
1772924220,10,POST,/api/chains/{id}/activate,17.600000,0.000000,2,4,5,7,15,19,27,29,34,34,34,1659,0,3,6.930805487042692,1.1701449984684587,1056.0120830014057,53.308619650391805
1772924220,10,POST,/api/chains/{id}/deactivate,17.400000,0.000000,2,2,2,3,7,9,13,15,17,17,17,1659,0,2,3.5024276171588515,1.162620999821229,74.90994999898248,61.758890898131405
1772924220,10,POST,/api/plugins/batch/parameters (500 updates),11.000000,0.000000,8,11,14,16,22,42,950,970,970,970,970,903,0,6,23.076832723205754,2.806248998240335,1038.4021079989907,878.1063122923588
1772924220,10,GET,/api/plugins/discover,0.000000,0.000000,0,0,0,0,0,0,0,0,0,0,0,160,0,13,18.220616150142632,10.576317999948515,58.00965399976121,85406.0
1772924220,10,GET,/api/plugins/list,0.000000,0.000000,0,0,0,0,0,0,0,0,0,0,0,160,0,2,5.07641034982953,1.080333000572864,43.401594997703796,29.4
1772924220,10,POST,/api/plugins/load?uri,4.300000,0.000000,3,3,5,6,16,17,24,24,24,24,24,541,0,3,5.224342012926456,1.3067600011709146,53.515169001912,2301.5489833641404
1772924220,10,POST,/api/plugins/unload?uri,4.300000,0.000000,2,2,3,3,4,5,17,17,17,17,17,541,0,2,3.692136807729255,1.1754760016629007,64.64023000080488,108.86321626617375
1772924220,10,,Aggregated,143.900000,0.000000,2,3,5,7,13,18,25,39,970,1000,1000,14611,0,2,11.57981942707199,1.0178689990425482,1062.7355239994358,1204.4122921086853
1772924221,10,GET,/api/audio/latency,22.600000,0.000000,2,3,3,4,12,16,21,22,25,25,25,2239,0,2,4.343231104520043,1.0178689990425482,34.12297300019418,33.0
1772924221,10,GET,/api/audio/levels,22.600000,0.000000,3,6,9,12,17,23,880,940,1000,1000,1000,2239,0,3,18.868472133127764,1.0466029998497106,1062.7355239994358,75.40375167485485
1772924221,10,GET,/api/audio/levels (during plugin swap),4.100000,0.000000,2,3,4,7,11,28,850,850,850,850,850,544,0,3,32.945958319828605,1.0652109995135106,1023.4881830001541,75.19852941176471
1772924221,10,GET,/api/audio/levels/plugins,4.100000,0.000000,1,2,2,2,3,17,20,20,20,20,20,544,0,2,5.8077176746631745,1.0371790012868587,1004.5815230005246,19.544117647058822
1772924221,10,GET,/api/audio/status,18.500000,0.000000,2,2,3,3,5,13,16,18,18,18,18,1681,0,2,3.9092666662892097,1.0313479979231488,246.06509799923515,168.0
1772924221,10,GET,/api/chains/,0.000000,0.000000,0,0,0,0,0,0,0,0,0,0,0,160,0,4,35.78325576258976,1.3513000012608245,1038.7257460024557,1448.1
1772924221,10,GET,/api/chains/{id},18.500000,0.000000,3,4,7,9,14,17,22,28,32,32,32,1681,0,3,22.415080069557305,1.2148069981776644,1056.7074160026095,505.5121951219512
1772924221,10,POST,/api/chains/{id}/activate,18.500000,0.000000,3,4,6,8,16,20,27,29,34,34,34,1681,0,3,6.917274541348622,1.1701449984684587,1056.0120830014057,53.321832242712674
1772924221,10,POST,/api/chains/{id}/deactivate,18.500000,0.000000,2,2,2,3,7,9,15,17,25,25,25,1681,0,2,3.516200484752551,1.162620999821229,74.90994999898248,61.747174301011306
1772924221,10,POST,/api/plugins/batch/parameters (500 updates),10.900000,0.000000,7,10,14,16,21,42,950,970,970,970,970,911,0,6,22.967439162512544,2.806248998240335,1038.4021079989907,878.3951701427003
1772924221,10,GET,/api/plugins/discover,0.000000,0.000000,0,0,0,0,0,0,0,0,0,0,0,160,0,13,18.220616150142632,10.576317999948515,58.00965399976121,85406.0
1772924221,10,GET,/api/plugins/list,0.000000,0.000000,0,0,0,0,0,0,0,0,0,0,0,160,0,2,5.07641034982953,1.080333000572864,43.401594997703796,29.4
1772924221,10,POST,/api/plugins/load?uri,4.100000,0.000000,3,3,4,6,16,17,24,24,24,24,24,544,0,3,5.221553194848425,1.3067600011709146,53.515169001912,2297.435661764706
1772924221,10,POST,/api/plugins/unload?uri,4.100000,0.000000,1,2,2,3,3,5,8,8,8,8,8,544,0,2,3.681575022021795,1.1754760016629007,64.64023000080488,108.80698529411765
1772924221,10,,Aggregated,146.500000,0.000000,2,3,5,7,14,18,25,39,970,1000,1000,14769,0,2,11.514820614866766,1.0178689990425482,1062.7355239994358,1193.7460220732617
1772924222,10,GET,/api/audio/latency,23.200000,0.000000,2,3,3,3,12,16,22,24,25,25,25,2266,0,2,4.336851342906454,1.0178689990425482,34.12297300019418,33.0
1772924222,10,GET,/api/audio/levels,23.200000,0.000000,3,7,9,11,16,23,880,940,1000,1000,1000,2266,0,3,18.72272070921457,1.0466029998497106,1062.7355239994358,75.40379523389232
1772924222,10,GET,/api/audio/levels (during plugin swap),3.900000,0.000000,2,4,5,7,12,28,850,850,850,850,850,550,0,3,32.65928325271075,1.0652109995135106,1023.4881830001541,75.19818181818182
1772924222,10,GET,/api/audio/levels/plugins,3.900000,0.000000,2,2,2,3,3,17,20,20,20,20,20,550,0,2,5.779866514580632,1.0371790012868587,1004.5815230005246,19.554545454545455
1772924222,10,GET,/api/audio/status,18.000000,0.000000,2,2,3,3,6,14,16,18,18,18,18,1697,0,2,3.907582069558138,1.0313479979231488,246.06509799923515,168.0
1772924222,10,GET,/api/chains/,0.000000,0.000000,0,0,0,0,0,0,0,0,0,0,0,160,0,4,35.78325576258976,1.3513000012608245,1038.7257460024557,1448.1
1772924222,10,GET,/api/chains/{id},18.000000,0.000000,3,4,8,9,15,19,26,32,56,56,56,1697,0,3,22.29961398050977,1.2148069981776644,1056.7074160026095,505.4572775486152
1772924222,10,POST,/api/chains/{id}/activate,18.000000,0.000000,3,4,7,8,16,20,27,29,34,34,34,1697,0,3,6.895979797291732,1.1701449984684587,1056.0120830014057,53.34060106069534
1772924222,10,POST,/api/chains/{id}/deactivate,18.000000,0.000000,2,2,3,3,7,10,15,17,25,25,25,1697,0,2,3.5140037647998557,1.162620999821229,74.90994999898248,61.734826163818504
1772924222,10,POST,/api/plugins/batch/parameters (500 updates),10.700000,0.000000,8,13,16,18,22,42,950,970,970,970,970,922,0,6,22.87008011610924,2.806248998240335,1038.4021079989907,877.6930585683297
1772924222,10,GET,/api/plugins/discover,0.000000,0.000000,0,0,0,0,0,0,0,0,0,0,0,160,0,13,18.220616150142632,10.576317999948515,58.00965399976121,85406.0
1772924222,10,GET,/api/plugins/list,0.000000,0.000000,0,0,0,0,0,0,0,0,0,0,0,160,0,2,5.07641034982953,1.080333000572864,43.401594997703796,29.4
1772924222,10,POST,/api/plugins/load?uri,3.900000,0.000000,3,3,4,6,15,16,24,24,24,24,24,550,0,3,5.203013432725459,1.3067600011709146,53.515169001912,2305.241818181818
1772924222,10,POST,/api/plugins/unload?uri,3.900000,0.000000,1,2,2,2,3,4,8,8,8,8,8,550,0,2,3.661582969057649,1.1754760016629007,64.64023000080488,108.76
1772924222,10,,Aggregated,144.700000,0.000000,2,3,5,8,14,18,25,40,970,1000,1000,14922,0,2,11.456136140865468,1.0178689990425482,1062.7355239994358,1184.4384800965017
1772924223,10,GET,/api/audio/latency,22.700000,0.000000,2,3,3,4,14,16,22,24,25,25,25,2281,0,2,4.330892921094236,1.0178689990425482,34.12297300019418,33.0
1772924223,10,GET,/api/audio/levels,22.700000,0.000000,3,6,9,10,16,22,880,940,1000,1000,1000,2281,0,3,18.620369944798387,1.0466029998497106,1062.7355239994358,75.40508548882069
1772924223,10,GET,/api/audio/levels (during plugin swap),4.300000,0.000000,3,4,7,8,11,23,850,850,850,850,850,558,0,3,32.256062663055744,1.0652109995135106,1023.4881830001541,75.21326164874552
1772924223,10,GET,/api/audio/levels/plugins,4.300000,0.000000,1,2,2,3,3,10,20,20,20,20,20,558,0,2,5.721434646998644,1.0371790012868587,1004.5815230005246,19.544802867383513
1772924223,10,GET,/api/audio/status,18.900000,0.000000,2,2,3,3,6,13,15,18,18,18,18,1718,0,2,3.8974053510169453,1.0313479979231488,246.06509799923515,168.0
1772924223,10,GET,/api/chains/,0.000000,0.000000,0,0,0,0,0,0,0,0,0,0,0,160,0,4,35.78325576258976,1.3513000012608245,1038.7257460024557,1448.1
1772924223,10,GET,/api/chains/{id},18.900000,0.000000,3,4,8,9,15,17,26,32,56,56,56,1718,0,3,22.07736130263505,1.2148069981776644,1056.7074160026095,505.2852153667055
1772924223,10,POST,/api/chains/{id}/activate,18.900000,0.000000,3,4,7,8,16,20,27,29,34,34,34,1718,0,3,6.8717723358539065,1.1701449984684587,1056.0120830014057,53.334691501746214
1772924223,10,POST,/api/chains/{id}/deactivate,18.900000,0.000000,2,2,3,3,8,11,16,17,25,25,25,1718,0,2,3.5067813794409437,1.162620999821229,74.90994999898248,61.738067520372525
1772924223,10,POST,/api/plugins/batch/parameters (500 updates),9.400000,0.000000,8,13,16,18,22,42,950,970,970,970,970,937,0,6,22.623581210300063,2.806248998240335,1038.4021079989907,877.8868729989327
1772924223,10,GET,/api/plugins/discover,0.000000,0.000000,0,0,0,0,0,0,0,0,0,0,0,160,0,13,18.220616150142632,10.576317999948515,58.00965399976121,85406.0
1772924223,10,GET,/api/plugins/list,0.000000,0.000000,0,0,0,0,0,0,0,0,0,0,0,160,0,2,5.07641034982953,1.080333000572864,43.401594997703796,29.4
1772924223,10,POST,/api/plugins/load?uri,4.300000,0.000000,3,3,6,8,15,16,24,24,24,24,24,558,0,3,5.222510894270523,1.3067600011709146,53.515169001912,2285.379928315412
1772924223,10,POST,/api/plugins/unload?uri,4.300000,0.000000,2,2,2,3,3,4,8,8,8,8,8,558,0,2,3.6397144300854802,1.1754760016629007,64.64023000080488,108.70967741935483
1772924223,10,,Aggregated,147.600000,0.000000,2,3,5,8,14,18,25,40,970,1000,1000,15083,0,2,11.3766850743893,1.0178689990425482,1062.7355239994358,1174.4605184644965
1772924224,10,GET,/api/audio/latency,23.100000,0.000000,2,3,3,5,14,16,22,24,34,34,34,2304,0,2,4.343659758687421,1.0178689990425482,34.12297300019418,33.0
1772924224,10,GET,/api/audio/levels,23.100000,0.000000,3,5,8,9,15,20,880,940,1000,1000,1000,2304,0,3,18.477413645868523,1.0466029998497106,1062.7355239994358,75.40364583333333
1772924224,10,GET,/api/audio/levels (during plugin swap),4.100000,0.000000,2,5,7,8,11,15,850,850,850,850,850,565,0,3,31.92416862475833,1.0652109995135106,1023.4881830001541,75.23185840707964
1772924224,10,GET,/api/audio/levels/plugins,4.100000,0.000000,1,2,2,2,3,10,20,20,20,20,20,565,0,2,5.666563047824502,1.0371790012868587,1004.5815230005246,19.52212389380531
1772924224,10,GET,/api/audio/status,18.600000,0.000000,2,2,3,4,9,14,18,32,34,34,34,1740,0,2,3.9239390827913603,1.0313479979231488,246.06509799923515,168.0
1772924224,10,GET,/api/chains/,0.000000,0.000000,0,0,0,0,0,0,0,0,0,0,0,160,0,4,35.78325576258976,1.3513000012608245,1038.7257460024557,1448.1
1772924224,10,GET,/api/chains/{id},18.600000,0.000000,3,4,7,9,15,19,27,47,56,56,56,1740,0,3,21.89965045283692,1.2148069981776644,1056.7074160026095,505.8948275862069
1772924224,10,POST,/api/chains/{id}/activate,18.600000,0.000000,3,4,7,8,16,24,34,44,47,47,47,1740,0,3,6.922820852300849,1.1701449984684587,1056.0120830014057,53.34712643678161
1772924224,10,POST,/api/chains/{id}/deactivate,18.600000,0.000000,2,2,3,3,8,11,17,25,34,34,34,1740,0,2,3.514954552806505,1.162620999821229,74.90994999898248,61.72701149425287
1772924224,10,POST,/api/plugins/batch/parameters (500 updates),9.500000,0.000000,5,11,14,18,22,36,950,970,970,970,970,944,0,6,22.48691355196385,2.806248998240335,1038.4021079989907,877.7108050847457
1772924224,10,GET,/api/plugins/discover,0.000000,0.000000,0,0,0,0,0,0,0,0,0,0,0,160,0,13,18.220616150142632,10.576317999948515,58.00965399976121,85406.0
1772924224,10,GET,/api/plugins/list,0.000000,0.000000,0,0,0,0,0,0,0,0,0,0,0,160,0,2,5.07641034982953,1.080333000572864,43.401594997703796,29.4
1772924224,10,POST,/api/plugins/load?uri,4.100000,0.000000,3,3,6,8,15,16,24,24,24,24,24,565,0,3,5.202541922129468,1.3067600011709146,53.515169001912,2275.950442477876
1772924224,10,POST,/api/plugins/unload?uri,4.100000,0.000000,1,2,2,2,3,4,8,8,8,8,8,565,0,2,3.616386621214853,1.1754760016629007,64.64023000080488,108.68318584070796
1772924224,10,,Aggregated,146.500000,0.000000,2,3,5,7,14,18,27,44,970,1000,1000,15252,0,2,11.315006405588743,1.0178689990425482,1062.7355239994358,1164.0008523472331
1772924225,10,GET,/api/audio/latency,22.700000,0.000000,2,3,3,5,14,16,22,24,34,34,34,2329,0,2,4.338244377420571,1.0178689990425482,34.12297300019418,33.0
1772924225,10,GET,/api/audio/levels,22.700000,0.000000,3,6,8,10,16,20,880,940,1000,1000,1000,2329,0,3,18.346616000040353,1.0466029998497106,1062.7355239994358,75.41133533705452
1772924225,10,GET,/api/audio/levels (during plugin swap),4.300000,0.000000,3,4,7,8,10,15,850,850,850,850,850,572,0,3,31.593261248226746,1.0652109995135106,1023.4881830001541,75.20454545454545
1772924225,10,GET,/api/audio/levels/plugins,4.300000,0.000000,1,2,2,2,4,10,20,20,20,20,20,572,0,2,5.627626554239971,1.0371790012868587,1004.5815230005246,19.5
1772924225,10,GET,/api/audio/status,18.100000,0.000000,2,2,3,4,10,14,18,32,34,34,34,1755,0,2,3.924276917408591,1.0313479979231488,246.06509799923515,168.0
1772924225,10,GET,/api/chains/,0.000000,0.000000,0,0,0,0,0,0,0,0,0,0,0,160,0,4,35.78325576258976,1.3513000012608245,1038.7257460024557,1448.1
1772924225,10,GET,/api/chains/{id},18.300000,0.000000,3,4,8,9,16,22,27,47,56,56,56,1755,0,3,21.786278287709397,1.2148069981776644,1056.7074160026095,506.3219373219373
1772924225,10,POST,/api/chains/{id}/activate,18.200000,0.000000,3,4,7,8,17,24,34,44,47,47,47,1755,0,3,6.919824108266238,1.1701449984684587,1056.0120830014057,53.34700854700855
1772924225,10,POST,/api/chains/{id}/deactivate,18.000000,0.000000,2,2,3,3,8,11,17,25,34,34,34,1755,0,2,3.508928336119435,1.162620999821229,74.90994999898248,61.72934472934473
1772924225,10,POST,/api/plugins/batch/parameters (500 updates),9.700000,0.000000,8,13,18,18,22,36,950,970,970,970,970,960,0,6,22.346794118815676,2.806248998240335,1038.4021079989907,877.9239583333333
1772924225,10,GET,/api/plugins/discover,0.000000,0.000000,0,0,0,0,0,0,0,0,0,0,0,160,0,13,18.220616150142632,10.576317999948515,58.00965399976121,85406.0
1772924225,10,GET,/api/plugins/list,0.000000,0.000000,0,0,0,0,0,0,0,0,0,0,0,160,0,2,5.07641034982953,1.080333000572864,43.401594997703796,29.4
1772924225,10,POST,/api/plugins/load?uri,4.300000,0.000000,2,3,6,7,15,16,24,24,24,24,24,572,0,2,5.1718967167855565,1.305222998780664,53.515169001912,2280.237762237762
1772924225,10,POST,/api/plugins/unload?uri,4.300000,0.000000,1,2,2,2,3,3,4,4,4,4,4,572,0,2,3.5884534335328664,1.1754760016629007,64.64023000080488,108.75699300699301
1772924225,10,,Aggregated,144.900000,0.000000,2,3,5,8,15,19,27,44,970,1000,1000,15406,0,2,11.259545655527162,1.0178689990425482,1062.7355239994358,1155.571011294301
1772924226,10,GET,/api/audio/latency,21.800000,0.000000,2,3,3,5,15,18,22,24,34,34,34,2360,0,2,4.337260752550195,1.0178689990425482,34.12297300019418,33.0
1772924226,10,GET,/api/audio/levels,21.800000,0.000000,3,5,8,10,16,23,880,940,1000,1000,1000,2360,0,3,18.197617811059036,1.0466029998497106,1062.7355239994358,75.40169491525424
1772924226,10,GET,/api/audio/levels (during plugin swap),4.800000,0.000000,3,4,7,8,10,15,850,850,850,850,850,577,0,3,31.3456612460761,1.0652109995135106,1023.4881830001541,75.18544194107453
1772924226,10,GET,/api/audio/levels/plugins,4.800000,0.000000,1,2,2,2,4,10,20,20,20,20,20,577,0,2,5.596110457578418,1.0371790012868587,1004.5815230005246,19.497400346620452
1772924226,10,GET,/api/audio/status,18.300000,0.000000,2,2,3,4,9,14,18,32,34,34,34,1774,0,2,3.9051407069053816,1.0313479979231488,246.06509799923515,168.0
1772924226,10,GET,/api/chains/,0.000000,0.000000,0,0,0,0,0,0,0,0,0,0,0,160,0,4,35.78325576258976,1.3513000012608245,1038.7257460024557,1448.1
1772924226,10,GET,/api/chains/{id},18.300000,0.000000,3,4,8,10,16,22,27,47,56,56,56,1774,0,3,21.622466326905815,1.2148069981776644,1056.7074160026095,506.2468996617813
1772924226,10,POST,/api/chains/{id}/activate,18.300000,0.000000,3,4,6,8,17,22,34,44,47,47,47,1774,0,3,6.891888173614434,1.1701449984684587,1056.0120830014057,53.347801578354
1772924226,10,POST,/api/chains/{id}/deactivate,18.300000,0.000000,2,2,3,3,8,11,17,25,34,34,34,1774,0,2,3.4956947079455403,1.162620999821229,74.90994999898248,61.732243517474636
1772924226,10,POST,/api/plugins/batch/parameters (500 updates),9.500000,0.000000,7,14,18,19,23,36,950,970,970,970,970,967,0,6,22.278054958698352,2.806248998240335,1038.4021079989907,877.8593588417787
1772924226,10,GET,/api/plugins/discover,0.000000,0.000000,0,0,0,0,0,0,0,0,0,0,0,160,0,13,18.220616150142632,10.576317999948515,58.00965399976121,85406.0
1772924226,10,GET,/api/plugins/list,0.000000,0.000000,0,0,0,0,0,0,0,0,0,0,0,160,0,2,5.07641034982953,1.080333000572864,43.401594997703796,29.4
1772924226,10,POST,/api/plugins/load?uri,4.800000,0.000000,2,3,6,8,15,16,24,24,24,24,24,577,0,3,5.16915592547862,1.305222998780664,53.515169001912,2286.2980935875216
1772924226,10,POST,/api/plugins/unload?uri,4.800000,0.000000,1,2,2,2,3,3,4,4,4,4,4,577,0,2,3.5747915060259703,1.1754760016629007,64.64023000080488,108.79549393414212
1772924226,10,,Aggregated,145.500000,0.000000,2,3,5,8,15,19,28,39,970,1000,1000,15571,0,2,11.190819123244767,1.0178689990425482,1062.7355239994358,1145.9087406075396
1772924227,10,GET,/api/audio/latency,22.600000,0.000000,2,2,3,4,13,16,19,20,34,34,34,2387,0,2,4.325991327199244,1.0178689990425482,34.12297300019418,33.0
1772924227,10,GET,/api/audio/levels,22.600000,0.000000,3,4,8,9,15,18,27,31,39,39,39,2387,0,3,18.051921059117728,1.0466029998497106,1062.7355239994358,75.40720569752828
1772924227,10,GET,/api/audio/levels (during plugin swap),5.100000,0.000000,3,5,7,8,15,23,24,25,25,25,25,584,0,3,31.103165023953444,1.0652109995135106,1023.4881830001541,75.18150684931507
1772924227,10,GET,/api/audio/levels/plugins,5.100000,0.000000,1,2,2,2,4,10,17,20,20,20,20,584,0,2,5.550952402444798,1.0223909994238056,1004.5815230005246,19.498287671232877
1772924227,10,GET,/api/audio/status,17.700000,0.000000,2,2,3,4,9,14,18,32,34,34,34,1792,0,2,3.897218826478723,1.0313479979231488,246.06509799923515,168.0
1772924227,10,GET,/api/chains/,0.000000,0.000000,0,0,0,0,0,0,0,0,0,0,0,160,0,4,35.78325576258976,1.3513000012608245,1038.7257460024557,1448.1
1772924227,10,GET,/api/chains/{id},17.700000,0.000000,3,4,8,10,16,22,27,47,56,56,56,1792,0,3,21.44300791290732,1.2148069981776644,1056.7074160026095,505.89341517857144
1772924227,10,POST,/api/chains/{id}/activate,17.700000,0.000000,3,4,6,8,16,22,34,44,47,47,47,1792,0,3,6.864037328126317,1.1701449984684587,1056.0120830014057,53.34486607142857
1772924227,10,POST,/api/chains/{id}/deactivate,17.700000,0.000000,2,2,3,3,7,10,17,25,34,34,34,1792,0,2,3.476935406752091,1.162620999821229,74.90994999898248,61.734933035714285
1772924227,10,POST,/api/plugins/batch/parameters (500 updates),9.300000,0.000000,6,12,17,18,22,25,31,36,36,36,36,979,0,6,22.092828199240067,2.806248998240335,1038.4021079989907,877.9305413687437
1772924227,10,GET,/api/plugins/discover,0.000000,0.000000,0,0,0,0,0,0,0,0,0,0,0,160,0,13,18.220616150142632,10.576317999948515,58.00965399976121,85406.0
1772924227,10,GET,/api/plugins/list,0.000000,0.000000,0,0,0,0,0,0,0,0,0,0,0,160,0,2,5.07641034982953,1.080333000572864,43.401594997703796,29.4
1772924227,10,POST,/api/plugins/load?uri,5.100000,0.000000,2,3,6,8,15,16,18,19,19,19,19,584,0,2,5.162537825346017,1.305222998780664,53.515169001912,2276.428082191781
1772924227,10,POST,/api/plugins/unload?uri,5.100000,0.000000,1,2,2,2,3,3,4,4,4,4,4,584,0,2,3.549177220844435,1.1754760016629007,64.64023000080488,108.79109589041096
1772924227,10,,Aggregated,145.700000,0.000000,2,3,5,7,14,18,25,31,47,56,56,15737,0,2,11.115978678088469,1.0178689990425482,1062.7355239994358,1136.2853784075744
1772924228,10,GET,/api/audio/latency,22.600000,0.000000,2,3,3,4,14,16,19,20,34,34,34,2389,0,2,4.323613459199344,1.0178689990425482,34.12297300019418,33.0
1772924228,10,GET,/api/audio/levels,22.600000,0.000000,3,4,8,9,15,20,27,31,39,39,39,2389,0,3,18.03813117627072,1.0466029998497106,1062.7355239994358,75.40519045625784
1772924228,10,GET,/api/audio/levels (during plugin swap),5.100000,0.000000,3,5,8,8,15,23,24,25,25,25,25,584,0,3,31.103165023953444,1.0652109995135106,1023.4881830001541,75.18150684931507
1772924228,10,GET,/api/audio/levels/plugins,5.100000,0.000000,1,2,2,2,4,10,17,20,20,20,20,584,0,2,5.550952402444798,1.0223909994238056,1004.5815230005246,19.498287671232877
1772924228,10,GET,/api/audio/status,17.700000,0.000000,2,2,3,4,9,14,18,32,34,34,34,1792,0,2,3.897218826478723,1.0313479979231488,246.06509799923515,168.0
1772924228,10,GET,/api/chains/,0.000000,0.000000,0,0,0,0,0,0,0,0,0,0,0,160,0,4,35.78325576258976,1.3513000012608245,1038.7257460024557,1448.1
1772924228,10,GET,/api/chains/{id},17.700000,0.000000,3,4,8,11,17,22,27,47,56,56,56,1792,0,3,21.44300791290732,1.2148069981776644,1056.7074160026095,505.89341517857144
1772924228,10,POST,/api/chains/{id}/activate,17.700000,0.000000,3,4,6,8,16,22,34,44,47,47,47,1792,0,3,6.864037328126317,1.1701449984684587,1056.0120830014057,53.34486607142857
1772924228,10,POST,/api/chains/{id}/deactivate,17.700000,0.000000,2,2,3,3,6,9,16,25,34,34,34,1792,0,2,3.476935406752091,1.162620999821229,74.90994999898248,61.734933035714285
1772924228,10,POST,/api/plugins/batch/parameters (500 updates),9.300000,0.000000,5,13,17,18,22,25,31,36,36,36,36,980,0,6,22.073614113320886,2.806248998240335,1038.4021079989907,877.9051020408164
1772924228,10,GET,/api/plugins/discover,0.000000,0.000000,0,0,0,0,0,0,0,0,0,0,0,160,0,13,18.220616150142632,10.576317999948515,58.00965399976121,85406.0
1772924228,10,GET,/api/plugins/list,0.000000,0.000000,0,0,0,0,0,0,0,0,0,0,0,160,0,2,5.07641034982953,1.080333000572864,43.401594997703796,29.4
1772924228,10,POST,/api/plugins/load?uri,5.100000,0.000000,2,3,6,7,15,16,18,19,19,19,19,584,0,2,5.162537825346017,1.305222998780664,53.515169001912,2276.428082191781
1772924228,10,POST,/api/plugins/unload?uri,5.100000,0.000000,1,2,2,2,3,3,4,4,4,4,4,584,0,2,3.549177220844435,1.1754760016629007,64.64023000080488,108.79109589041096
1772924228,10,,Aggregated,145.700000,0.000000,2,3,5,7,15,18,25,32,47,56,56,15742,0,2,11.11304475600788,1.0178689990425482,1062.7355239994358,1135.9921229831025
1772924229,10,GET,/api/audio/latency,23.700000,0.000000,2,3,3,4,13,16,20,24,34,34,34,2412,0,2,4.326532139730654,1.0178689990425482,34.12297300019418,33.0
1772924229,10,GET,/api/audio/levels,23.700000,0.000000,3,5,8,10,16,20,28,39,970,970,970,2412,0,3,18.702389241756595,1.0466029998497106,1062.7355239994358,75.40381426202322
1772924229,10,GET,/api/audio/levels (during plugin swap),5.300000,0.000000,3,4,7,8,15,23,24,25,25,25,25,590,0,3,30.805837669470485,1.0652109995135106,1023.4881830001541,75.20338983050847
1772924229,10,GET,/api/audio/levels/plugins,5.300000,0.000000,1,2,2,2,4,10,10,20,20,20,20,589,0,2,5.5298176333181726,1.0223909994238056,1004.5815230005246,19.517826825127333
1772924229,10,GET,/api/audio/status,18.800000,0.000000,2,2,3,4,10,15,20,32,34,34,34,1813,0,2,3.900328402122882,1.0313479979231488,246.06509799923515,168.0
1772924229,10,GET,/api/chains/,0.000000,0.000000,0,0,0,0,0,0,0,0,0,0,0,160,0,4,35.78325576258976,1.3513000012608245,1038.7257460024557,1448.1
1772924229,10,GET,/api/chains/{id},18.800000,0.000000,3,5,11,15,22,27,1000,1100,1100,1100,1100,1813,0,3,24.595918622130615,1.2148069981776644,1061.2717760013766,505.3502482073911
1772924229,10,POST,/api/chains/{id}/activate,18.800000,0.000000,3,4,6,11,17,22,42,44,47,47,47,1813,0,3,6.925093450636604,1.1701449984684587,1056.0120830014057,53.339216767788194
1772924229,10,POST,/api/chains/{id}/deactivate,18.800000,0.000000,2,2,3,3,8,13,16,25,34,34,34,1813,0,2,3.4848125713743787,1.162620999821229,74.90994999898248,61.73800330943188
1772924229,10,POST,/api/plugins/batch/parameters (500 updates),10.000000,0.000000,6,13,16,18,23,30,880,1000,1000,1000,1000,992,0,6,23.779156285348606,2.806248998240335,1038.4021079989907,878.3377016129032
1772924229,10,GET,/api/plugins/discover,0.000000,0.000000,0,0,0,0,0,0,0,0,0,0,0,160,0,13,18.220616150142632,10.576317999948515,58.00965399976121,85406.0
1772924229,10,GET,/api/plugins/list,0.000000,0.000000,0,0,0,0,0,0,0,0,0,0,0,160,0,2,5.07641034982953,1.080333000572864,43.401594997703796,29.4
1772924229,10,POST,/api/plugins/load?uri,5.300000,0.000000,2,3,6,8,15,18,19,22,22,22,22,590,0,2,5.185192494925212,1.305222998780664,53.515169001912,2281.1305084745763
1772924229,10,POST,/api/plugins/unload?uri,5.300000,0.000000,1,2,2,2,3,3,4,8,8,8,8,589,0,2,3.545533477037976,1.1754760016629007,64.64023000080488,108.78098471986418
1772924229,10,,Aggregated,153.800000,0.000000,2,3,5,8,15,20,28,44,1100,1100,1100,15906,0,2,11.675120812466599,1.0178689990425482,1062.7355239994358,1127.2076574877406
1772924230,10,GET,/api/audio/latency,24.300000,0.000000,2,3,3,4,13,16,20,24,34,34,34,2430,0,2,4.324266552273148,1.0178689990425482,34.12297300019418,33.0
1772924230,10,GET,/api/audio/levels,24.300000,0.000000,3,5,8,11,16,20,28,39,970,970,970,2430,0,3,18.6137460374945,1.0466029998497106,1062.7355239994358,75.4074074074074
1772924230,10,GET,/api/audio/levels (during plugin swap),5.500000,0.000000,3,5,8,10,15,24,24,25,25,25,25,598,0,3,30.50907866050681,1.0652109995135106,1023.4881830001541,75.19565217391305
1772924230,10,GET,/api/audio/levels/plugins,5.500000,0.000000,2,2,2,3,5,10,19,19,19,19,19,598,0,2,5.538983807717913,1.0223909994238056,1004.5815230005246,19.5
1772924230,10,GET,/api/audio/status,18.900000,0.000000,2,2,3,4,10,15,20,32,34,34,34,1829,0,2,3.9006023149552598,1.0313479979231488,246.06509799923515,168.0
1772924230,10,GET,/api/chains/,0.000000,0.000000,0,0,0,0,0,0,0,0,0,0,0,160,0,4,35.78325576258976,1.3513000012608245,1038.7257460024557,1448.1
1772924230,10,GET,/api/chains/{id},18.700000,0.000000,3,4,10,13,22,47,1000,1100,1100,1100,1100,1829,0,3,24.4350816248848,1.2148069981776644,1061.2717760013766,505.2072170585019
1772924230,10,POST,/api/chains/{id}/activate,18.700000,0.000000,3,5,7,12,18,22,42,44,47,47,47,1829,0,3,6.9143785051963444,1.1701449984684587,1056.0120830014057,53.32914160743576
1772924230,10,POST,/api/chains/{id}/deactivate,18.900000,0.000000,2,2,3,3,8,12,15,25,34,34,34,1829,0,2,3.482249411097843,1.162620999821229,74.90994999898248,61.726626571897214
1772924230,10,POST,/api/plugins/batch/parameters (500 updates),9.600000,0.000000,6,11,14,18,22,30,880,1000,1000,1000,1000,1004,0,6,23.583282371583913,2.806248998240335,1038.4021079989907,878.3695219123506
1772924230,10,GET,/api/plugins/discover,0.000000,0.000000,0,0,0,0,0,0,0,0,0,0,0,160,0,13,18.220616150142632,10.576317999948515,58.00965399976121,85406.0
1772924230,10,GET,/api/plugins/list,0.000000,0.000000,0,0,0,0,0,0,0,0,0,0,0,160,0,2,5.07641034982953,1.080333000572864,43.401594997703796,29.4
1772924230,10,POST,/api/plugins/load?uri,5.500000,0.000000,2,3,6,7,14,18,19,22,22,22,22,598,0,3,5.194985979951799,1.305222998780664,53.515169001912,2273.573578595318
1772924230,10,POST,/api/plugins/unload?uri,5.500000,0.000000,1,2,2,2,3,4,8,10,10,10,10,598,0,2,3.5349486370859173,1.1754760016629007,64.64023000080488,108.79096989966555
1772924230,10,,Aggregated,155.400000,0.000000,2,4,5,8,15,20,30,44,1100,1100,1100,16052,0,2,11.617771735489162,1.0178689990425482,1062.7355239994358,1119.4672314976326
1772924231,10,GET,/api/audio/latency,22.600000,0.000000,2,3,3,4,14,16,20,24,34,34,34,2460,0,2,4.310077783754341,1.0178689990425482,34.12297300019418,33.0
1772924231,10,GET,/api/audio/levels,22.600000,0.000000,3,5,8,10,16,20,36,51,970,970,970,2460,0,3,18.474154861429653,1.0466029998497106,1062.7355239994358,75.40975609756097
1772924231,10,GET,/api/audio/levels (during plugin swap),5.400000,0.000000,3,7,8,10,15,24,24,25,25,25,25,603,0,3,30.30744212268757,1.0652109995135106,1023.4881830001541,75.19900497512438
1772924231,10,GET,/api/audio/levels/plugins,5.400000,0.000000,2,2,2,3,5,12,19,19,19,19,19,603,0,2,5.524587595380333,1.0223909994238056,1004.5815230005246,19.519071310116086
1772924231,10,GET,/api/audio/status,17.200000,0.000000,2,2,3,4,10,16,20,32,34,34,34,1846,0,2,3.895151936114243,1.0313479979231488,246.06509799923515,168.0
1772924231,10,GET,/api/chains/,0.000000,0.000000,0,0,0,0,0,0,0,0,0,0,0,160,0,4,35.78325576258976,1.3513000012608245,1038.7257460024557,1448.1
1772924231,10,GET,/api/chains/{id},17.200000,0.000000,3,6,10,13,22,47,1000,1100,1100,1100,1100,1846,0,3,24.305760242641004,1.2148069981776644,1061.2717760013766,504.9691224268689
1772924231,10,POST,/api/chains/{id}/activate,17.200000,0.000000,3,5,8,10,17,22,42,44,47,47,47,1846,0,3,6.900134386784391,1.1701449984684587,1056.0120830014057,53.33640303358613
1772924231,10,POST,/api/chains/{id}/deactivate,17.200000,0.000000,2,2,2,3,8,12,15,17,34,34,34,1846,0,2,3.478694200918455,1.162620999821229,74.90994999898248,61.729144095341276
1772924231,10,POST,/api/plugins/batch/parameters (500 updates),9.400000,0.000000,5,9,14,15,23,26,880,1000,1000,1000,1000,1018,0,6,23.368158104201044,2.806248998240335,1038.4021079989907,878.696463654224
1772924231,10,GET,/api/plugins/discover,0.000000,0.000000,0,0,0,0,0,0,0,0,0,0,0,160,0,13,18.220616150142632,10.576317999948515,58.00965399976121,85406.0
1772924231,10,GET,/api/plugins/list,0.000000,0.000000,0,0,0,0,0,0,0,0,0,0,0,160,0,2,5.07641034982953,1.080333000572864,43.401594997703796,29.4
1772924231,10,POST,/api/plugins/load?uri,5.400000,0.000000,2,3,6,7,14,18,19,22,22,22,22,603,0,3,5.179302605321686,1.305222998780664,53.515169001912,2277.6799336650083
1772924231,10,POST,/api/plugins/unload?uri,5.400000,0.000000,1,2,2,2,3,8,10,19,19,19,19,603,0,2,3.5487053233498935,1.1754760016629007,64.64023000080488,108.86235489220564
1772924231,10,,Aggregated,145.000000,0.000000,2,4,5,8,15,20,30,47,1100,1100,1100,16214,0,2,11.556602107752852,1.0178689990425482,1062.7355239994358,1110.9826692981374
1772924232,10,GET,/api/audio/latency,21.400000,0.000000,2,3,3,4,13,16,19,22,34,34,34,2479,0,2,4.294302240030102,1.0178689990425482,34.12297300019418,33.0
1772924232,10,GET,/api/audio/levels,21.500000,0.000000,3,5,8,12,16,21,36,51,970,970,970,2479,0,3,18.396453975843176,1.0466029998497106,1062.7355239994358,75.41226300927794
1772924232,10,GET,/api/audio/levels (during plugin swap),5.800000,0.000000,3,5,8,10,15,24,24,25,25,25,25,615,0,3,29.79399322923008,1.0652109995135106,1023.4881830001541,75.17723577235772
1772924232,10,GET,/api/audio/levels/plugins,5.800000,0.000000,2,2,3,3,10,17,19,19,19,19,19,615,0,2,5.4984343723771145,1.0223909994238056,1004.5815230005246,19.47479674796748
1772924232,10,GET,/api/audio/status,17.700000,0.000000,2,2,3,3,10,16,21,32,34,34,34,1865,0,2,3.8920001726907,1.0313479979231488,246.06509799923515,168.0
1772924232,10,GET,/api/chains/,0.000000,0.000000,0,0,0,0,0,0,0,0,0,0,0,160,0,4,35.78325576258976,1.3513000012608245,1038.7257460024557,1448.1
1772924232,10,GET,/api/chains/{id},17.700000,0.000000,3,8,11,15,22,47,1000,1100,1100,1100,1100,1865,0,3,24.127503616574447,1.2148069981776644,1061.2717760013766,504.3656836461126
1772924232,10,POST,/api/chains/{id}/activate,17.700000,0.000000,3,5,7,10,17,22,42,44,47,47,47,1865,0,3,6.87879523539063,1.1701449984684587,1056.0120830014057,53.35067024128686
1772924232,10,POST,/api/chains/{id}/deactivate,17.700000,0.000000,2,2,2,3,8,13,15,17,34,34,34,1865,0,2,3.4752295329208187,1.162620999821229,74.90994999898248,61.73190348525469
1772924232,10,POST,/api/plugins/batch/parameters (500 updates),9.400000,0.000000,6,10,14,16,23,26,880,1000,1000,1000,1000,1026,0,6,23.240751701830188,2.806248998240335,1038.4021079989907,878.8391812865497
1772924232,10,GET,/api/plugins/discover,0.000000,0.000000,0,0,0,0,0,0,0,0,0,0,0,160,0,13,18.220616150142632,10.576317999948515,58.00965399976121,85406.0
1772924232,10,GET,/api/plugins/list,0.000000,0.000000,0,0,0,0,0,0,0,0,0,0,0,160,0,2,5.07641034982953,1.080333000572864,43.401594997703796,29.4
1772924232,10,POST,/api/plugins/load?uri,5.800000,0.000000,2,3,4,7,14,15,18,22,22,22,22,615,0,3,5.159327515434782,1.305222998780664,53.515169001912,2253.721951219512
1772924232,10,POST,/api/plugins/unload?uri,5.800000,0.000000,2,2,2,3,6,13,18,19,19,19,19,615,0,2,3.5683000747637816,1.1754760016629007,64.64023000080488,108.76910569105691
1772924232,10,,Aggregated,146.300000,0.000000,2,4,5,8,15,20,30,47,1100,1100,1100,16384,0,2,11.486035508427639,1.0178689990425482,1062.7355239994358,1101.7783813476562
1772924233,10,GET,/api/audio/latency,22.400000,0.000000,2,3,3,4,11,16,19,20,24,24,24,2496,0,2,4.285230690317558,1.0178689990425482,34.12297300019418,33.0
1772924233,10,GET,/api/audio/levels,22.400000,0.000000,3,5,10,12,17,21,36,51,970,970,970,2496,0,3,18.317312238825533,1.0466029998497106,1062.7355239994358,75.41145833333333
1772924233,10,GET,/api/audio/levels (during plugin swap),5.900000,0.000000,3,4,7,10,15,24,24,25,25,25,25,622,0,3,29.509386607671356,1.0652109995135106,1023.4881830001541,75.17363344051446
1772924233,10,GET,/api/audio/levels/plugins,5.900000,0.000000,2,2,3,4,10,17,19,19,19,19,19,622,0,2,5.460207940530474,1.0223909994238056,1004.5815230005246,19.45498392282958
1772924233,10,GET,/api/audio/status,16.300000,0.000000,2,2,2,3,7,15,18,21,23,23,23,1888,0,2,3.8644400010968902,1.0313479979231488,246.06509799923515,168.0
1772924233,10,GET,/api/chains/,0.000000,0.000000,0,0,0,0,0,0,0,0,0,0,0,160,0,4,35.78325576258976,1.3513000012608245,1038.7257460024557,1448.1
1772924233,10,GET,/api/chains/{id},16.300000,0.000000,3,8,11,14,22,27,1000,1100,1100,1100,1100,1888,0,3,23.888957654610564,1.2148069981776644,1061.2717760013766,504.39353813559325
1772924233,10,POST,/api/chains/{id}/activate,16.300000,0.000000,3,5,6,10,17,20,22,42,44,44,44,1888,0,3,6.843671960278328,1.1701449984684587,1056.0120830014057,53.35222457627118
1772924233,10,POST,/api/chains/{id}/deactivate,16.300000,0.000000,2,2,2,3,7,13,15,19,40,40,40,1888,0,2,3.486544862767005,1.162620999821229,74.90994999898248,61.735169491525426
1772924233,10,POST,/api/plugins/batch/parameters (500 updates),10.200000,0.000000,6,12,15,17,24,26,880,1000,1000,1000,1000,1036,0,6,23.160294175746408,2.806248998240335,1038.4021079989907,878.9218146718147
1772924233,10,GET,/api/plugins/discover,0.000000,0.000000,0,0,0,0,0,0,0,0,0,0,0,160,0,13,18.220616150142632,10.576317999948515,58.00965399976121,85406.0
1772924233,10,GET,/api/plugins/list,0.000000,0.000000,0,0,0,0,0,0,0,0,0,0,0,160,0,2,5.07641034982953,1.080333000572864,43.401594997703796,29.4
1772924233,10,POST,/api/plugins/load?uri,5.900000,0.000000,3,3,4,6,14,15,18,22,22,22,22,622,0,3,5.129212906742624,1.305222998780664,53.515169001912,2253.900321543408
1772924233,10,POST,/api/plugins/unload?uri,5.900000,0.000000,2,2,2,3,6,13,18,19,19,19,19,622,0,2,3.5496143617062628,1.1754760016629007,64.64023000080488,108.72347266881029
1772924233,10,,Aggregated,143.800000,0.000000,2,3,5,8,15,20,25,42,1100,1100,1100,16548,0,2,11.416125186431373,1.0178689990425482,1062.7355239994358,1093.6483562968335
1772924234,10,GET,/api/audio/latency,21.900000,0.000000,2,3,3,4,9,15,19,22,24,24,24,2516,0,2,4.272162513131122,1.0178689990425482,34.12297300019418,33.0
1772924234,10,GET,/api/audio/levels,21.900000,0.000000,3,5,8,12,17,22,39,940,970,970,970,2516,0,3,18.191269852589564,1.0466029998497106,1062.7355239994358,75.41295707472177
1772924234,10,GET,/api/audio/levels (during plugin swap),6.000000,0.000000,3,4,7,10,15,24,24,25,25,25,25,626,0,3,29.353555507955658,1.0652109995135106,1023.4881830001541,75.18051118210863
1772924234,10,GET,/api/audio/levels/plugins,6.000000,0.000000,2,2,3,4,9,17,19,19,19,19,19,626,0,2,5.449167207688807,1.0223909994238056,1004.5815230005246,19.461661341853034
1772924234,10,GET,/api/audio/status,16.400000,0.000000,2,2,3,3,7,15,18,21,23,23,23,1917,0,2,3.8611958341554113,1.0313479979231488,246.06509799923515,168.0
1772924234,10,GET,/api/chains/,0.000000,0.000000,0,0,0,0,0,0,0,0,0,0,0,160,0,4,35.78325576258976,1.3513000012608245,1038.7257460024557,1448.1
1772924234,10,GET,/api/chains/{id},16.400000,0.000000,3,6,10,13,21,24,1000,1100,1100,1100,1100,1917,0,3,23.616348353103234,1.2148069981776644,1061.2717760013766,503.6092853416797
1772924234,10,POST,/api/chains/{id}/activate,16.400000,0.000000,3,5,6,9,15,20,24,42,44,44,44,1917,0,3,6.830542745961839,1.1701449984684587,1056.0120830014057,53.37454355764215
1772924234,10,POST,/api/chains/{id}/deactivate,16.400000,0.000000,2,2,2,3,6,12,15,19,40,40,40,1915,0,2,3.469371334672039,1.162620999821229,74.90994999898248,61.73890339425587
1772924234,10,POST,/api/plugins/batch/parameters (500 updates),10.400000,0.000000,6,12,14,17,22,25,880,1000,1000,1000,1000,1043,0,6,23.07219532605573,2.806248998240335,1038.4021079989907,878.9012464046021
1772924234,10,GET,/api/plugins/discover,0.000000,0.000000,0,0,0,0,0,0,0,0,0,0,0,160,0,13,18.220616150142632,10.576317999948515,58.00965399976121,85406.0
1772924234,10,GET,/api/plugins/list,0.000000,0.000000,0,0,0,0,0,0,0,0,0,0,0,160,0,2,5.07641034982953,1.080333000572864,43.401594997703796,29.4
1772924234,10,POST,/api/plugins/load?uri,6.000000,0.000000,3,3,4,5,13,15,18,22,22,22,22,626,0,3,5.113493463249471,1.305222998780664,53.515169001912,2260.9712460063897
1772924234,10,POST,/api/plugins/unload?uri,6.000000,0.000000,2,2,3,3,6,13,18,19,19,19,19,625,0,2,3.5444247951731085,1.1754760016629007,64.64023000080488,108.6992
1772924234,10,,Aggregated,143.800000,0.000000,2,3,5,7,15,19,24,42,1100,1100,1100,16724,0,2,11.340014727403174,1.0178689990425482,1062.7355239994358,1084.7522123893805
1772924235,10,GET,/api/audio/latency,21.400000,0.000000,2,3,3,4,10,15,22,25,28,28,28,2539,0,2,4.296391397022806,1.0178689990425482,34.12297300019418,33.0
1772924235,10,GET,/api/audio/levels,21.400000,0.000000,3,4,8,11,17,21,36,940,970,970,970,2539,0,3,18.09657532616129,1.0466029998497106,1062.7355239994358,75.41157936195353
1772924235,10,GET,/api/audio/levels (during plugin swap),6.200000,0.000000,3,5,7,11,16,24,25,45,45,45,45,634,0,3,29.1281813170089,1.0652109995135106,1023.4881830001541,75.17350157728707
1772924235,10,GET,/api/audio/levels/plugins,6.200000,0.000000,2,3,4,5,16,19,22,23,23,23,23,633,0,2,5.488019262262202,1.0223909994238056,1004.5815230005246,19.462875197472354
1772924235,10,GET,/api/audio/status,17.100000,0.000000,2,2,3,3,7,15,18,21,23,23,23,1929,0,2,3.8493923872867,1.0313479979231488,246.06509799923515,168.0
1772924235,10,GET,/api/chains/,0.000000,0.000000,0,0,0,0,0,0,0,0,0,0,0,160,0,4,35.78325576258976,1.3513000012608245,1038.7257460024557,1448.1
1772924235,10,GET,/api/chains/{id},16.900000,0.000000,3,8,11,13,21,24,1000,1100,1100,1100,1100,1929,0,3,23.51944671223566,1.2148069981776644,1061.2717760013766,503.84655261793677
1772924235,10,POST,/api/chains/{id}/activate,17.000000,0.000000,3,5,6,10,17,20,28,42,44,44,44,1929,0,3,6.835801782796028,1.1701449984684587,1056.0120830014057,53.350959046137895
1772924235,10,POST,/api/chains/{id}/deactivate,17.100000,0.000000,2,2,2,3,6,12,15,19,40,40,40,1929,0,2,3.464548066303995,1.162620999821229,74.90994999898248,61.74079834110938
1772924235,10,POST,/api/plugins/batch/parameters (500 updates),9.900000,0.000000,6,10,14,15,21,25,880,1000,1000,1000,1000,1055,0,6,22.953020675901364,2.806248998240335,1038.4021079989907,878.8872037914692
1772924235,10,GET,/api/plugins/discover,0.000000,0.000000,0,0,0,0,0,0,0,0,0,0,0,160,0,13,18.220616150142632,10.576317999948515,58.00965399976121,85406.0
1772924235,10,GET,/api/plugins/list,0.000000,0.000000,0,0,0,0,0,0,0,0,0,0,0,160,0,2,5.07641034982953,1.080333000572864,43.401594997703796,29.4
1772924235,10,POST,/api/plugins/load?uri,6.200000,0.000000,3,4,4,7,14,18,22,22,22,22,22,634,0,3,5.167441263401079,1.305222998780664,53.515169001912,2269.11356466877
1772924235,10,POST,/api/plugins/unload?uri,6.200000,0.000000,2,2,3,3,6,13,18,19,19,19,19,633,0,2,3.5328409636381144,1.1754760016629007,64.64023000080488,108.739336492891
1772924235,10,,Aggregated,145.600000,0.000000,2,4,5,8,15,20,25,44,1100,1100,1100,16863,0,2,11.305314547003361,1.0178689990425482,1062.7355239994358,1078.6501215679298
1772924236,10,GET,/api/audio/latency,21.100000,0.000000,2,3,3,4,10,13,22,25,28,28,28,2563,0,2,4.279149729628471,1.0178689990425482,34.12297300019418,33.0
1772924236,10,GET,/api/audio/levels,21.100000,0.000000,3,5,8,12,18,21,36,940,970,970,970,2563,0,3,17.95756886153387,1.0466029998497106,1062.7355239994358,75.40421381193913
1772924236,10,GET,/api/audio/levels (during plugin swap),6.200000,0.000000,3,4,10,13,16,24,25,45,45,45,45,643,0,3,28.78978860651072,1.0652109995135106,1023.4881830001541,75.18351477449455
1772924236,10,GET,/api/audio/levels/plugins,6.200000,0.000000,2,2,3,5,13,19,22,23,23,23,23,643,0,2,5.448329710755503,1.0223909994238056,1004.5815230005246,19.458786936236393
1772924236,10,GET,/api/audio/status,17.100000,0.000000,2,2,3,3,7,15,18,21,23,23,23,1951,0,2,3.8331275741063373,1.0313479979231488,246.06509799923515,168.0
1772924236,10,GET,/api/chains/,0.000000,0.000000,0,0,0,0,0,0,0,0,0,0,0,160,0,4,35.78325576258976,1.3513000012608245,1038.7257460024557,1448.1
1772924236,10,GET,/api/chains/{id},17.100000,0.000000,3,8,10,13,21,24,1000,1100,1100,1100,1100,1951,0,3,23.311382588881543,1.2148069981776644,1061.2717760013766,503.88159917990777
1772924236,10,POST,/api/chains/{id}/activate,17.100000,0.000000,3,5,6,9,17,20,28,42,44,44,44,1951,0,3,6.8093108580342,1.1701449984684587,1056.0120830014057,53.34905176832394
1772924236,10,POST,/api/chains/{id}/deactivate,17.100000,0.000000,2,2,3,3,8,13,17,19,40,40,40,1951,0,2,3.465396974838794,1.162620999821229,74.90994999898248,61.743721168631474
1772924236,10,POST,/api/plugins/batch/parameters (500 updates),9.900000,0.000000,7,12,14,16,21,25,880,1000,1000,1000,1000,1065,0,6,22.813357885520055,2.806248998240335,1038.4021079989907,878.7943661971831
1772924236,10,GET,/api/plugins/discover,0.000000,0.000000,0,0,0,0,0,0,0,0,0,0,0,160,0,13,18.220616150142632,10.576317999948515,58.00965399976121,85406.0
1772924236,10,GET,/api/plugins/list,0.000000,0.000000,0,0,0,0,0,0,0,0,0,0,0,160,0,2,5.07641034982953,1.080333000572864,43.401594997703796,29.4
1772924236,10,POST,/api/plugins/load?uri,6.200000,0.000000,3,3,4,5,14,18,22,22,22,22,22,643,0,3,5.130296216158846,1.305222998780664,53.515169001912,2271.052877138414
1772924236,10,POST,/api/plugins/unload?uri,6.200000,0.000000,2,2,3,3,6,10,18,19,19,19,19,643,0,2,3.505299394994809,1.1754760016629007,64.64023000080488,108.85225505443235
1772924236,10,,Aggregated,145.300000,0.000000,2,4,5,8,15,20,25,44,1100,1100,1100,17047,0,2,11.222764910256139,1.0178689990425482,1062.7355239994358,1070.079016835807
1772924237,10,GET,/api/audio/latency,20.400000,0.000000,2,3,4,4,10,15,21,24,28,28,28,2590,0,2,4.289655836305692,1.0178689990425482,34.12297300019418,33.0
1772924237,10,GET,/api/audio/levels,20.400000,0.000000,3,5,9,12,18,21,36,51,970,970,970,2590,0,3,17.86959244869144,1.0466029998497106,1062.7355239994358,75.41428571428571
1772924237,10,GET,/api/audio/levels (during plugin swap),5.900000,0.000000,3,4,7,11,15,16,24,45,45,45,45,648,0,3,28.609719038561224,1.0652109995135106,1023.4881830001541,75.16666666666667
1772924237,10,GET,/api/audio/levels/plugins,5.900000,0.000000,2,3,4,5,15,19,22,23,23,23,23,648,0,2,5.439638123474944,1.0223909994238056,1004.5815230005246,19.436728395061728
1772924237,10,GET,/api/audio/status,17.600000,0.000000,2,2,3,3,7,15,18,20,21,21,21,1969,0,2,3.8245183245707013,1.0313479979231488,246.06509799923515,168.0
1772924237,10,GET,/api/chains/,0.000000,0.000000,0,0,0,0,0,0,0,0,0,0,0,160,0,4,35.78325576258976,1.3513000012608245,1038.7257460024557,1448.1
1772924237,10,GET,/api/chains/{id},17.600000,0.000000,3,8,11,13,18,24,1000,1100,1100,1100,1100,1969,0,3,23.151963020779846,1.2148069981776644,1061.2717760013766,504.2706957846623
1772924237,10,POST,/api/chains/{id}/activate,17.600000,0.000000,3,5,6,8,17,20,28,42,44,44,44,1969,0,3,6.776409673953667,1.1701449984684587,1056.0120830014057,53.3336719146775
1772924237,10,POST,/api/chains/{id}/deactivate,17.600000,0.000000,2,2,3,4,9,14,17,19,40,40,40,1969,0,2,3.4798489445938845,1.162620999821229,74.90994999898248,61.746063991874045
1772924237,10,POST,/api/plugins/batch/parameters (500 updates),9.700000,0.000000,7,11,14,16,21,25,880,1000,1000,1000,1000,1075,0,6,22.678167596357863,2.806248998240335,1038.4021079989907,879.0158139534884
1772924237,10,GET,/api/plugins/discover,0.000000,0.000000,0,0,0,0,0,0,0,0,0,0,0,160,0,13,18.220616150142632,10.576317999948515,58.00965399976121,85406.0
1772924237,10,GET,/api/plugins/list,0.000000,0.000000,0,0,0,0,0,0,0,0,0,0,0,160,0,2,5.07641034982953,1.080333000572864,43.401594997703796,29.4
1772924237,10,POST,/api/plugins/load?uri,5.900000,0.000000,3,3,4,5,14,18,22,22,22,22,22,648,0,3,5.125143458315753,1.305222998780664,53.515169001912,2267.492283950617
1772924237,10,POST,/api/plugins/unload?uri,5.900000,0.000000,2,2,3,3,6,10,18,19,19,19,19,648,0,2,3.5021634814514937,1.1754760016629007,64.64023000080488,108.82870370370371
1772924237,10,,Aggregated,144.500000,0.000000,2,4,6,8,15,19,24,42,1100,1100,1100,17203,0,2,11.171892792717616,1.0178689990425482,1062.7355239994358,1062.5208975178748
1772924238,10,GET,/api/audio/latency,20.300000,0.000000,2,3,4,4,10,14,17,21,28,28,28,2610,0,2,4.283821229896307,1.0178689990425482,34.12297300019418,33.0
1772924238,10,GET,/api/audio/levels,20.300000,0.000000,3,5,10,13,18,21,25,36,51,51,51,2610,0,3,17.78557706593939,1.0466029998497106,1062.7355239994358,75.41570881226053
1772924238,10,GET,/api/audio/levels (during plugin swap),6.400000,0.000000,3,5,7,11,15,16,24,45,45,45,45,655,0,3,28.371345134311355,1.0652109995135106,1023.4881830001541,75.16335877862595
1772924238,10,GET,/api/audio/levels/plugins,6.400000,0.000000,2,3,3,5,15,19,22,23,23,23,23,655,0,2,5.413834389326037,1.0223909994238056,1004.5815230005246,19.438167938931297
1772924238,10,GET,/api/audio/status,17.400000,0.000000,2,2,2,3,5,12,17,18,21,21,21,1987,0,2,3.816871137435248,1.0313479979231488,246.06509799923515,168.0
1772924238,10,GET,/api/chains/,0.000000,0.000000,0,0,0,0,0,0,0,0,0,0,0,160,0,4,35.78325576258976,1.3513000012608245,1038.7257460024557,1448.1
1772924238,10,GET,/api/chains/{id},17.400000,0.000000,3,8,10,12,17,21,24,35,54,54,54,1987,0,3,22.99093365923949,1.2148069981776644,1061.2717760013766,504.0553598389532
1772924238,10,POST,/api/chains/{id}/activate,17.400000,0.000000,3,4,6,7,14,17,20,24,28,28,28,1987,0,3,6.76056619175524,1.1701449984684587,1056.0120830014057,53.33115249119275
1772924238,10,POST,/api/chains/{id}/deactivate,17.400000,0.000000,2,2,2,3,8,14,17,19,40,40,40,1987,0,2,3.474789028135339,1.162620999821229,74.90994999898248,61.74836436839456
1772924238,10,POST,/api/plugins/batch/parameters (500 updates),9.700000,0.000000,7,11,14,15,21,24,27,28,28,28,28,1086,0,6,22.52838840247607,2.806248998240335,1038.4021079989907,879.5478821362799
1772924238,10,GET,/api/plugins/discover,0.000000,0.000000,0,0,0,0,0,0,0,0,0,0,0,160,0,13,18.220616150142632,10.576317999948515,58.00965399976121,85406.0
1772924238,10,GET,/api/plugins/list,0.000000,0.000000,0,0,0,0,0,0,0,0,0,0,0,160,0,2,5.07641034982953,1.080333000572864,43.401594997703796,29.4
1772924238,10,POST,/api/plugins/load?uri,6.400000,0.000000,2,3,4,4,14,17,22,22,22,22,22,655,0,3,5.118139824402991,1.305222998780664,53.515169001912,2258.8229007633586
1772924238,10,POST,/api/plugins/unload?uri,6.400000,0.000000,2,2,3,3,6,10,18,19,19,19,19,655,0,2,3.4842348121960187,1.1754760016629007,64.64023000080488,108.79847328244274
1772924238,10,,Aggregated,145.500000,0.000000,2,4,5,8,14,18,22,25,51,54,54,17354,0,2,11.114925172703712,1.0178689990425482,1062.7355239994358,1055.4515961737927
1772924239,10,GET,/api/audio/latency,20.000000,0.000000,2,3,3,4,10,14,18,25,28,28,28,2610,0,2,4.283821229896307,1.0178689990425482,34.12297300019418,33.0
1772924239,10,GET,/api/audio/levels,20.000000,0.000000,3,5,10,13,18,21,34,41,51,51,51,2610,0,3,17.78557706593939,1.0466029998497106,1062.7355239994358,75.41570881226053
1772924239,10,GET,/api/audio/levels (during plugin swap),6.400000,0.000000,3,5,8,13,16,21,45,1000,1000,1000,1000,656,0,3,29.870356672213013,1.0652109995135106,1023.4881830001541,75.16006097560975
1772924239,10,GET,/api/audio/levels/plugins,6.400000,0.000000,2,2,3,4,13,17,22,23,23,23,23,655,0,2,5.413834389326037,1.0223909994238056,1004.5815230005246,19.438167938931297
1772924239,10,GET,/api/audio/status,17.600000,0.000000,2,2,2,3,5,11,16,18,21,21,21,1987,0,2,3.816871137435248,1.0313479979231488,246.06509799923515,168.0
1772924239,10,GET,/api/chains/,0.000000,0.000000,0,0,0,0,0,0,0,0,0,0,0,160,0,4,35.78325576258976,1.3513000012608245,1038.7257460024557,1448.1
1772924239,10,GET,/api/chains/{id},17.600000,0.000000,3,5,10,12,16,18,22,35,54,54,54,1987,0,3,22.99093365923949,1.2148069981776644,1061.2717760013766,504.0553598389532
1772924239,10,POST,/api/chains/{id}/activate,17.600000,0.000000,3,4,6,8,14,17,20,24,28,28,28,1987,0,3,6.76056619175524,1.1701449984684587,1056.0120830014057,53.33115249119275
1772924239,10,POST,/api/chains/{id}/deactivate,17.600000,0.000000,2,2,2,3,8,14,17,19,40,40,40,1987,0,2,3.474789028135339,1.162620999821229,74.90994999898248,61.74836436839456
1772924239,10,POST,/api/plugins/batch/parameters (500 updates),9.800000,0.000000,6,12,14,16,21,24,27,28,28,28,28,1086,0,6,22.52838840247607,2.806248998240335,1038.4021079989907,879.5478821362799
1772924239,10,GET,/api/plugins/discover,0.000000,0.000000,0,0,0,0,0,0,0,0,0,0,0,160,0,13,18.220616150142632,10.576317999948515,58.00965399976121,85406.0
1772924239,10,GET,/api/plugins/list,0.000000,0.000000,0,0,0,0,0,0,0,0,0,0,0,160,0,2,5.07641034982953,1.080333000572864,43.401594997703796,29.4
1772924239,10,POST,/api/plugins/load?uri,6.400000,0.000000,2,3,4,4,14,17,22,22,22,22,22,655,0,3,5.118139824402991,1.305222998780664,53.515169001912,2258.8229007633586
1772924239,10,POST,/api/plugins/unload?uri,6.400000,0.000000,2,2,3,3,5,7,18,19,19,19,19,655,0,2,3.4842348121960187,1.1754760016629007,64.64023000080488,108.79847328244274
1772924239,10,,Aggregated,145.800000,0.000000,2,3,5,8,14,18,22,25,54,1000,1000,17355,0,2,11.172580487530857,1.0178689990425482,1062.7355239994358,1055.3949870354365
1772924240,10,GET,/api/audio/latency,20.800000,0.000000,2,3,4,5,10,13,18,25,28,28,28,2631,0,2,4.289415689102386,1.0178689990425482,34.12297300019418,33.0
1772924240,10,GET,/api/audio/levels,20.800000,0.000000,3,6,10,14,19,23,1000,1000,1100,1100,1100,2631,0,3,19.92843546183333,1.0466029998497106,1063.1027659983374,75.44089699733941
1772924240,10,GET,/api/audio/levels (during plugin swap),6.800000,0.000000,3,5,8,13,15,18,45,1000,1000,1000,1000,663,0,3,29.64305337402894,1.0652109995135106,1023.4881830001541,75.15686274509804
1772924240,10,GET,/api/audio/levels/plugins,6.800000,0.000000,2,2,3,4,11,16,22,23,23,23,23,663,0,2,5.395216524907736,1.0223909994238056,1004.5815230005246,19.45098039215686
1772924240,10,GET,/api/audio/status,18.400000,0.000000,2,2,2,3,4,10,15,17,21,21,21,2008,0,2,3.8029131071154727,1.0313479979231488,246.06509799923515,168.0
1772924240,10,GET,/api/chains/,0.000000,0.000000,0,0,0,0,0,0,0,0,0,0,0,160,0,4,35.78325576258976,1.3513000012608245,1038.7257460024557,1448.1
1772924240,10,GET,/api/chains/{id},18.400000,0.000000,3,5,9,12,17,19,23,930,1000,1000,1000,2008,0,3,23.77472895363736,1.2148069981776644,1061.2717760013766,504.0054780876494
1772924240,10,POST,/api/chains/{id}/activate,18.400000,0.000000,3,4,6,8,15,18,20,24,28,28,28,2008,0,3,6.759591912853637,1.1701449984684587,1056.0120830014057,53.326195219123505
1772924240,10,POST,/api/chains/{id}/deactivate,18.400000,0.000000,2,2,3,3,7,14,16,19,40,40,40,2008,0,2,3.4650824840141414,1.162620999821229,74.90994999898248,61.75099601593625
1772924240,10,POST,/api/plugins/batch/parameters (500 updates),10.100000,0.000000,6,12,14,16,21,25,28,1100,1100,1100,1100,1099,0,6,23.30837278351697,2.806248998240335,1062.9528999998001,879.5468607825296
1772924240,10,GET,/api/plugins/discover,0.000000,0.000000,0,0,0,0,0,0,0,0,0,0,0,160,0,13,18.220616150142632,10.576317999948515,58.00965399976121,85406.0
1772924240,10,GET,/api/plugins/list,0.000000,0.000000,0,0,0,0,0,0,0,0,0,0,0,160,0,2,5.07641034982953,1.080333000572864,43.401594997703796,29.4
1772924240,10,POST,/api/plugins/load?uri,6.800000,0.000000,2,3,4,4,15,18,22,65,65,65,65,663,0,3,5.198968155329312,1.305222998780664,64.81750600141822,2261.401206636501
1772924240,10,POST,/api/plugins/unload?uri,6.800000,0.000000,2,2,3,3,4,6,13,18,18,18,18,662,0,2,3.468975200882467,1.1754760016629007,64.64023000080488,108.81419939577039
1772924240,10,,Aggregated,152.500000,0.000000,2,3,5,8,14,18,23,40,1100,1100,1100,17524,0,2,11.622159044115023,1.0178689990425482,1063.1027659983374,1048.1523054097238
1772924241,10,GET,/api/audio/latency,21.200000,0.000000,2,3,4,4,10,14,18,25,28,28,28,2658,0,2,4.268578390157169,1.0178689990425482,34.12297300019418,33.0
1772924241,10,GET,/api/audio/levels,21.200000,0.000000,3,5,10,13,18,23,1000,1000,1100,1100,1100,2658,0,3,19.774298793114188,1.0466029998497106,1063.1027659983374,75.43077501881113
1772924241,10,GET,/api/audio/levels (during plugin swap),6.900000,0.000000,3,4,8,13,15,18,45,1000,1000,1000,1000,668,0,3,29.429929809856606,1.0652109995135106,1023.4881830001541,75.16017964071857
1772924241,10,GET,/api/audio/levels/plugins,6.900000,0.000000,2,3,4,7,13,16,22,23,23,23,23,668,0,2,5.3902279057080005,1.0223909994238056,1004.5815230005246,19.449101796407184
1772924241,10,GET,/api/audio/status,18.400000,0.000000,2,2,3,3,5,14,15,17,21,21,21,2029,0,2,3.7945375594415403,1.0313479979231488,246.06509799923515,168.0
1772924241,10,GET,/api/chains/,0.000000,0.000000,0,0,0,0,0,0,0,0,0,0,0,160,0,4,35.78325576258976,1.3513000012608245,1038.7257460024557,1448.1
1772924241,10,GET,/api/chains/{id},18.400000,0.000000,3,5,9,10,16,18,21,930,1000,1000,1000,2029,0,3,23.590387025083757,1.2148069981776644,1061.2717760013766,503.9581074420897
1772924241,10,POST,/api/chains/{id}/activate,18.400000,0.000000,3,4,6,8,15,18,20,24,28,28,28,2029,0,3,6.748113041411316,1.1701449984684587,1056.0120830014057,53.33366190241498
1772924241,10,POST,/api/chains/{id}/deactivate,18.400000,0.000000,2,2,3,3,6,14,16,19,40,40,40,2029,0,2,3.449133515475075,1.162620999821229,74.90994999898248,61.74125184820108
1772924241,10,POST,/api/plugins/batch/parameters (500 updates),9.900000,0.000000,8,12,14,15,20,24,28,1100,1100,1100,1100,1109,0,6,23.158667933348067,2.806248998240335,1062.9528999998001,879.8124436429216
1772924241,10,GET,/api/plugins/discover,0.000000,0.000000,0,0,0,0,0,0,0,0,0,0,0,160,0,13,18.220616150142632,10.576317999948515,58.00965399976121,85406.0
1772924241,10,GET,/api/plugins/list,0.000000,0.000000,0,0,0,0,0,0,0,0,0,0,0,160,0,2,5.07641034982953,1.080333000572864,43.401594997703796,29.4
1772924241,10,POST,/api/plugins/load?uri,6.900000,0.000000,2,3,4,4,15,18,22,65,65,65,65,668,0,2,5.18037226344701,1.3050569978076965,64.81750600141822,2256.8877245508984
1772924241,10,POST,/api/plugins/unload?uri,6.900000,0.000000,2,2,3,3,6,13,18,20,20,20,20,668,0,2,3.5038663382927084,1.1754760016629007,64.64023000080488,108.80838323353294
1772924241,10,,Aggregated,153.500000,0.000000,2,3,5,8,14,18,23,35,1100,1100,1100,17693,0,2,11.550157544741523,1.0178689990425482,1063.1027659983374,1040.2789238681964
1772924242,10,GET,/api/audio/latency,20.000000,0.000000,2,3,4,7,11,16,22,25,28,28,28,2686,0,2,4.292020599420586,1.0178689990425482,34.12297300019418,33.0
1772924242,10,GET,/api/audio/levels,19.900000,0.000000,3,6,10,15,20,34,1000,1000,1100,1100,1100,2686,0,3,19.697368742400393,1.0466029998497106,1063.1027659983374,75.43447505584513
1772924242,10,GET,/api/audio/levels (during plugin swap),6.700000,0.000000,3,7,12,13,16,23,45,1000,1000,1000,1000,676,0,3,29.17703779879979,1.0652109995135106,1023.4881830001541,75.15384615384616
1772924242,10,GET,/api/audio/levels/plugins,6.700000,0.000000,2,3,4,5,11,15,22,23,23,23,23,676,0,2,5.352334652391851,1.0223909994238056,1004.5815230005246,19.442307692307693
1772924242,10,GET,/api/audio/status,16.800000,0.000000,2,2,3,3,6,12,15,15,17,17,17,2041,0,2,3.7906635551717858,1.0313479979231488,246.06509799923515,168.0
1772924242,10,GET,/api/chains/,0.000000,0.000000,0,0,0,0,0,0,0,0,0,0,0,160,0,4,35.78325576258976,1.3513000012608245,1038.7257460024557,1448.1
1772924242,10,GET,/api/chains/{id},16.800000,0.000000,3,5,10,12,16,18,35,930,1000,1000,1000,2041,0,3,23.52366759966011,1.2148069981776644,1061.2717760013766,504.0137187653111
1772924242,10,POST,/api/chains/{id}/activate,16.800000,0.000000,3,5,7,8,15,18,22,24,28,28,28,2041,0,3,6.745494707510097,1.1701449984684587,1056.0120830014057,53.33610975012249
1772924242,10,POST,/api/chains/{id}/deactivate,16.800000,0.000000,2,2,3,3,5,13,16,17,19,19,19,2041,0,2,3.441735834348234,1.162620999821229,74.90994999898248,61.74277315041646
1772924242,10,POST,/api/plugins/batch/parameters (500 updates),9.600000,0.000000,6,11,12,14,18,24,28,1100,1100,1100,1100,1119,0,6,23.02571375075038,2.806248998240335,1062.9528999998001,879.9088471849866
1772924242,10,GET,/api/plugins/discover,0.000000,0.000000,0,0,0,0,0,0,0,0,0,0,0,160,0,13,18.220616150142632,10.576317999948515,58.00965399976121,85406.0
1772924242,10,GET,/api/plugins/list,0.000000,0.000000,0,0,0,0,0,0,0,0,0,0,0,160,0,2,5.07641034982953,1.080333000572864,43.401594997703796,29.4
1772924242,10,POST,/api/plugins/load?uri,6.700000,0.000000,2,3,4,4,16,22,22,65,65,65,65,676,0,2,5.1792778180210455,1.3050569978076965,64.81750600141822,2244.6686390532545
1772924242,10,POST,/api/plugins/unload?uri,6.700000,0.000000,2,2,3,3,5,7,18,20,20,20,20,676,0,2,3.49035147630178,1.1754760016629007,64.64023000080488,108.78254437869822
1772924242,10,,Aggregated,143.500000,0.000000,2,4,5,8,14,18,24,45,1100,1100,1100,17839,0,2,11.513948720452003,1.0178689990425482,1063.1027659983374,1033.6100117719602
1772924243,10,GET,/api/audio/latency,19.100000,0.000000,2,3,5,8,12,17,24,25,28,28,28,2714,0,2,4.302938906794285,1.0178689990425482,34.12297300019418,33.0
1772924243,10,GET,/api/audio/levels,19.100000,0.000000,3,6,10,14,19,25,920,1000,1100,1100,1100,2714,0,3,19.54024288323008,1.0466029998497106,1063.1027659983374,75.43330876934414
1772924243,10,GET,/api/audio/levels (during plugin swap),6.400000,0.000000,3,8,12,14,16,23,45,1000,1000,1000,1000,681,0,3,29.030653073406,1.0652109995135106,1023.4881830001541,75.13803230543319
1772924243,10,GET,/api/audio/levels/plugins,6.400000,0.000000,2,2,3,5,11,15,22,23,23,23,23,681,0,2,5.332161433209565,1.0223909994238056,1004.5815230005246,19.440528634361232
1772924243,10,GET,/api/audio/status,18.100000,0.000000,2,2,3,3,8,14,15,16,16,16,16,2059,0,2,3.8003606051978496,1.0313479979231488,246.06509799923515,168.0
1772924243,10,GET,/api/chains/,0.000000,0.000000,0,0,0,0,0,0,0,0,0,0,0,160,0,4,35.78325576258976,1.3513000012608245,1038.7257460024557,1448.1
1772924243,10,GET,/api/chains/{id},18.100000,0.000000,3,5,9,12,16,18,35,930,1000,1000,1000,2059,0,3,23.353896410836626,1.2148069981776644,1061.2717760013766,504.0543953375425
1772924243,10,POST,/api/chains/{id}/activate,18.100000,0.000000,3,5,7,9,16,19,22,24,28,28,28,2059,0,3,6.738767222454099,1.1701449984684587,1056.0120830014057,53.33365711510442
1772924243,10,POST,/api/chains/{id}/deactivate,18.100000,0.000000,2,2,3,3,6,13,16,17,25,25,25,2059,0,2,3.4417014525982035,1.162620999821229,74.90994999898248,61.74502185526955
1772924243,10,POST,/api/plugins/batch/parameters (500 updates),9.200000,0.000000,5,10,12,12,17,24,28,1100,1100,1100,1100,1127,0,6,22.888807478337615,2.806248998240335,1062.9528999998001,879.9946761313221
1772924243,10,GET,/api/plugins/discover,0.000000,0.000000,0,0,0,0,0,0,0,0,0,0,0,160,0,13,18.220616150142632,10.576317999948515,58.00965399976121,85406.0
1772924243,10,GET,/api/plugins/list,0.000000,0.000000,0,0,0,0,0,0,0,0,0,0,0,160,0,2,5.07641034982953,1.080333000572864,43.401594997703796,29.4
1772924243,10,POST,/api/plugins/load?uri,6.400000,0.000000,3,4,4,10,18,22,23,65,65,65,65,681,0,3,5.235561403791342,1.3050569978076965,64.81750600141822,2247.842878120411
1772924243,10,POST,/api/plugins/unload?uri,6.400000,0.000000,2,2,2,3,6,11,18,20,20,20,20,681,0,2,3.4906317811771195,1.1754760016629007,64.64023000080488,108.72980910425845
1772924243,10,,Aggregated,145.400000,0.000000,2,4,6,9,15,18,25,45,1100,1100,1100,17995,0,2,11.457334871027447,1.0178689990425482,1063.1027659983374,1026.8042789663796
1772924244,10,GET,/api/audio/latency,20.400000,0.000000,2,3,5,7,11,16,22,24,25,25,25,2740,0,2,4.298039302208107,1.0178689990425482,34.12297300019418,33.0
1772924244,10,GET,/api/audio/levels,20.400000,0.000000,3,6,10,13,19,25,920,1000,1100,1100,1100,2740,0,3,19.396912300763574,1.0466029998497106,1063.1027659983374,75.43394160583942
1772924244,10,GET,/api/audio/levels (during plugin swap),6.600000,0.000000,3,8,13,14,16,23,49,1000,1000,1000,1000,685,0,3,28.96201863209802,1.0652109995135106,1023.4881830001541,75.14452554744526
1772924244,10,GET,/api/audio/levels/plugins,6.600000,0.000000,2,2,3,4,9,13,13,15,15,15,15,685,0,2,5.313268293456445,1.0223909994238056,1004.5815230005246,19.446715328467153
1772924244,10,GET,/api/audio/status,17.900000,0.000000,2,2,3,3,8,14,15,16,16,16,16,2076,0,2,3.788301186460402,1.0313479979231488,246.06509799923515,168.0
1772924244,10,GET,/api/chains/,0.000000,0.000000,0,0,0,0,0,0,0,0,0,0,0,160,0,4,35.78325576258976,1.3513000012608245,1038.7257460024557,1448.1
1772924244,10,GET,/api/chains/{id},18.000000,0.000000,3,5,9,12,16,18,25,930,1000,1000,1000,2076,0,3,23.215502143984097,1.2148069981776644,1061.2717760013766,504.0977842003854
1772924244,10,POST,/api/chains/{id}/activate,18.000000,0.000000,3,4,6,7,13,18,19,22,23,23,23,2076,0,3,6.714623256759475,1.1701449984684587,1056.0120830014057,53.328034682080926
1772924244,10,POST,/api/chains/{id}/deactivate,17.900000,0.000000,2,2,2,3,6,13,16,17,25,25,25,2076,0,2,3.430332847739204,1.162620999821229,74.90994999898248,61.74710982658959
1772924244,10,POST,/api/plugins/batch/parameters (500 updates),8.700000,0.000000,5,9,12,12,16,23,28,1100,1100,1100,1100,1142,0,6,22.692059081517282,2.806248998240335,1062.9528999998001,880.1725043782837
1772924244,10,GET,/api/plugins/discover,0.000000,0.000000,0,0,0,0,0,0,0,0,0,0,0,160,0,13,18.220616150142632,10.576317999948515,58.00965399976121,85406.0
1772924244,10,GET,/api/plugins/list,0.000000,0.000000,0,0,0,0,0,0,0,0,0,0,0,160,0,2,5.07641034982953,1.080333000572864,43.401594997703796,29.4
1772924244,10,POST,/api/plugins/load?uri,6.600000,0.000000,3,3,4,8,16,22,23,65,65,65,65,685,0,3,5.234462256902569,1.3050569978076965,64.81750600141822,2245.824817518248
1772924244,10,POST,/api/plugins/unload?uri,6.600000,0.000000,2,2,2,2,4,11,18,20,20,20,20,685,0,2,3.4808960539893414,1.1754760016629007,64.64023000080488,108.69489051094891
1772924244,10,,Aggregated,147.700000,0.000000,2,4,6,8,14,17,23,49,1100,1100,1100,18146,0,2,11.399799437845964,1.0178689990425482,1063.1027659983374,1020.3591976193101
1772924245,10,GET,/api/audio/latency,20.600000,0.000000,2,3,5,6,11,15,22,24,25,25,25,2762,0,2,4.286549105741029,1.0178689990425482,34.12297300019418,33.0
1772924245,10,GET,/api/audio/levels,20.600000,0.000000,3,7,11,14,18,25,920,1000,1100,1100,1100,2762,0,3,19.291404001483215,1.0466029998497106,1063.1027659983374,75.43808834178132
1772924245,10,GET,/api/audio/levels (during plugin swap),6.000000,0.000000,3,8,13,14,16,23,49,1000,1000,1000,1000,692,0,3,28.721743099689817,1.0652109995135106,1023.4881830001541,75.14161849710983
1772924245,10,GET,/api/audio/levels/plugins,6.000000,0.000000,2,3,3,4,7,11,13,15,15,15,15,692,0,2,5.290926098291099,1.0223909994238056,1004.5815230005246,19.466763005780347
1772924245,10,GET,/api/audio/status,17.400000,0.000000,2,2,3,3,9,14,15,16,16,16,16,2092,0,2,3.7807388183982784,1.0313479979231488,246.06509799923515,168.0
1772924245,10,GET,/api/chains/,0.000000,0.000000,0,0,0,0,0,0,0,0,0,0,0,160,0,4,35.78325576258976,1.3513000012608245,1038.7257460024557,1448.1
1772924245,10,GET,/api/chains/{id},17.400000,0.000000,3,5,9,12,16,17,25,930,1000,1000,1000,2092,0,3,23.075770296803704,1.2148069981776644,1061.2717760013766,503.9799235181644
1772924245,10,POST,/api/chains/{id}/activate,17.400000,0.000000,3,4,6,7,13,18,19,22,23,23,23,2092,0,3,6.693101265314547,1.1701449984684587,1056.0120830014057,53.33126195028681
1772924245,10,POST,/api/chains/{id}/deactivate,17.500000,0.000000,2,2,3,3,8,14,16,19,25,25,25,2092,0,2,3.4397728904912803,1.162620999821229,74.90994999898248,61.74904397705545
1772924245,10,POST,/api/plugins/batch/parameters (500 updates),9.100000,0.000000,5,9,11,12,16,24,28,1100,1100,1100,1100,1155,0,6,22.536933407876884,2.806248998240335,1062.9528999998001,880.2406926406926
1772924245,10,GET,/api/plugins/discover,0.000000,0.000000,0,0,0,0,0,0,0,0,0,0,0,160,0,13,18.220616150142632,10.576317999948515,58.00965399976121,85406.0
1772924245,10,GET,/api/plugins/list,0.000000,0.000000,0,0,0,0,0,0,0,0,0,0,0,160,0,2,5.07641034982953,1.080333000572864,43.401594997703796,29.4
1772924245,10,POST,/api/plugins/load?uri,6.000000,0.000000,3,4,4,10,16,22,23,65,65,65,65,692,0,3,5.2336118178888515,1.3050569978076965,64.81750600141822,2244.907514450867
1772924245,10,POST,/api/plugins/unload?uri,6.000000,0.000000,2,2,2,3,6,11,18,20,20,20,20,692,0,2,3.4718736112516893,1.1754760016629007,64.64023000080488,108.70953757225433
1772924245,10,,Aggregated,144.000000,0.000000,2,4,6,8,14,17,24,49,1100,1100,1100,18295,0,2,11.34452377891104,1.0178689990425482,1063.1027659983374,1014.3889587318939
1772924246,10,GET,/api/audio/latency,22.400000,0.000000,2,3,4,6,12,16,23,25,63,63,63,2780,0,2,4.305040204337484,1.0178689990425482,63.048467000044184,33.0
1772924246,10,GET,/api/audio/levels,22.400000,0.000000,3,7,11,14,19,25,920,1000,1100,1100,1100,2780,0,3,19.221063772697594,1.0466029998497106,1063.1027659983374,75.4410071942446
1772924246,10,GET,/api/audio/levels (during plugin swap),6.000000,0.000000,3,8,12,14,16,23,49,1000,1000,1000,1000,699,0,3,28.476847184535337,1.0652109995135106,1023.4881830001541,75.12017167381974
1772924246,10,GET,/api/audio/levels/plugins,6.000000,0.000000,2,3,4,5,9,15,16,16,16,16,16,699,0,2,5.29753112305415,1.0223909994238056,1004.5815230005246,19.467811158798284
1772924246,10,GET,/api/audio/status,16.200000,0.000000,2,2,3,3,9,14,15,16,19,19,19,2112,0,2,3.781230832428815,1.0313479979231488,246.06509799923515,168.0
1772924246,10,GET,/api/chains/,0.000000,0.000000,0,0,0,0,0,0,0,0,0,0,0,160,0,4,35.78325576258976,1.3513000012608245,1038.7257460024557,1448.1
1772924246,10,GET,/api/chains/{id},16.200000,0.000000,3,5,9,11,16,19,48,930,1000,1000,1000,2112,0,3,22.943784305832168,1.2148069981776644,1061.2717760013766,503.7755681818182
1772924246,10,POST,/api/chains/{id}/activate,16.200000,0.000000,3,5,7,8,14,18,19,22,23,23,23,2112,0,3,6.6797476832582765,1.1701449984684587,1056.0120830014057,53.32339015151515
1772924246,10,POST,/api/chains/{id}/deactivate,16.200000,0.000000,2,2,3,3,5,14,16,19,25,25,25,2112,0,2,3.4349652447507184,1.162620999821229,74.90994999898248,61.75142045454545
1772924246,10,POST,/api/plugins/batch/parameters (500 updates),9.300000,0.000000,5,8,11,12,16,24,50,1100,1100,1100,1100,1167,0,6,22.439603371112955,2.806248998240335,1062.9528999998001,880.5295629820051
1772924246,10,GET,/api/plugins/discover,0.000000,0.000000,0,0,0,0,0,0,0,0,0,0,0,160,0,13,18.220616150142632,10.576317999948515,58.00965399976121,85406.0
1772924246,10,GET,/api/plugins/list,0.000000,0.000000,0,0,0,0,0,0,0,0,0,0,0,160,0,2,5.07641034982953,1.080333000572864,43.401594997703796,29.4
1772924246,10,POST,/api/plugins/load?uri,6.000000,0.000000,3,4,7,12,16,23,24,65,65,65,65,699,0,3,5.2396740414540215,1.3050569978076965,64.81750600141822,2258.743919885551
1772924246,10,POST,/api/plugins/unload?uri,6.000000,0.000000,2,2,3,3,7,20,20,27,27,27,27,699,0,2,3.5183315536331468,1.1754760016629007,64.64023000080488,108.72532188841201
1772924246,10,,Aggregated,142.900000,0.000000,2,4,6,8,15,18,25,61,1100,1100,1100,18451,0,2,11.304431921098555,1.0178689990425482,1063.1027659983374,1008.7913934204108
1772924247,10,GET,/api/audio/latency,22.300000,0.000000,2,3,4,5,12,16,23,25,63,63,63,2801,0,2,4.295414898271581,1.0178689990425482,63.048467000044184,33.0
1772924247,10,GET,/api/audio/levels,22.300000,0.000000,3,6,10,13,18,25,920,1000,1100,1100,1100,2801,0,3,19.1201053720498,1.0466029998497106,1063.1027659983374,75.43662977508033
1772924247,10,GET,/api/audio/levels (during plugin swap),5.900000,0.000000,2,7,12,14,18,23,49,1000,1000,1000,1000,705,0,3,28.271723808497786,1.0652109995135106,1023.4881830001541,75.13900709219858
1772924247,10,GET,/api/audio/levels/plugins,5.900000,0.000000,2,3,4,4,9,13,16,16,16,16,16,705,0,2,5.265688638316165,1.0223909994238056,1004.5815230005246,19.47659574468085
1772924247,10,GET,/api/audio/status,15.800000,0.000000,2,2,3,3,9,14,16,18,19,19,19,2139,0,2,3.7743170739081955,1.0313479979231488,246.06509799923515,168.0
1772924247,10,GET,/api/chains/,0.000000,0.000000,0,0,0,0,0,0,0,0,0,0,0,160,0,4,35.78325576258976,1.3513000012608245,1038.7257460024557,1448.1
1772924247,10,GET,/api/chains/{id},15.800000,0.000000,3,5,9,11,16,19,48,930,1000,1000,1000,2139,0,3,22.715429333765545,1.2148069981776644,1061.2717760013766,503.8770453482936
1772924247,10,POST,/api/chains/{id}/activate,15.800000,0.000000,3,4,7,8,15,18,21,22,23,23,23,2139,0,3,6.648464489501001,1.1701449984684587,1056.0120830014057,53.36091631603553
1772924247,10,POST,/api/chains/{id}/deactivate,15.800000,0.000000,2,2,3,3,4,11,16,19,25,25,25,2139,0,2,3.418440793324307,1.162620999821229,74.90994999898248,61.754558204768585
1772924247,10,POST,/api/plugins/batch/parameters (500 updates),10.100000,0.000000,5,9,12,12,16,24,50,1100,1100,1100,1100,1177,0,6,22.310514379011305,2.806248998240335,1062.9528999998001,880.5675446049278
1772924247,10,GET,/api/plugins/discover,0.000000,0.000000,0,0,0,0,0,0,0,0,0,0,0,160,0,13,18.220616150142632,10.576317999948515,58.00965399976121,85406.0
1772924247,10,GET,/api/plugins/list,0.000000,0.000000,0,0,0,0,0,0,0,0,0,0,0,160,0,2,5.07641034982953,1.080333000572864,43.401594997703796,29.4
1772924247,10,POST,/api/plugins/load?uri,5.900000,0.000000,2,4,5,8,16,23,24,65,65,65,65,705,0,2,5.213902703514661,1.3050569978076965,64.81750600141822,2249.1886524822694
1772924247,10,POST,/api/plugins/unload?uri,5.900000,0.000000,2,2,3,3,7,20,20,27,27,27,27,705,0,2,3.501482575867409,1.1754760016629007,64.64023000080488,108.68510638297872
1772924247,10,,Aggregated,141.500000,0.000000,2,4,5,8,14,18,25,61,1100,1100,1100,18635,0,2,11.230592606719725,1.0178689990425482,1063.1027659983374,1001.0142742151864
1772924248,10,GET,/api/audio/latency,22.300000,0.000000,2,3,4,5,11,16,23,25,63,63,63,2826,0,2,4.276662129886689,1.0178689990425482,63.048467000044184,33.0
1772924248,10,GET,/api/audio/levels,22.300000,0.000000,3,6,10,12,18,25,920,1000,1100,1100,1100,2826,0,3,18.99494516528867,1.0466029998497106,1063.1027659983374,75.42887473460722
1772924248,10,GET,/api/audio/levels (during plugin swap),5.700000,0.000000,2,7,12,14,18,23,49,1000,1000,1000,1000,710,0,3,28.089861154912285,1.0652109995135106,1023.4881830001541,75.14225352112676
1772924248,10,GET,/api/audio/levels/plugins,5.600000,0.000000,2,3,4,4,9,16,16,20,20,20,20,710,0,2,5.265317184521209,1.0223909994238056,1004.5815230005246,19.474647887323943
1772924248,10,GET,/api/audio/status,16.000000,0.000000,2,2,3,3,10,14,16,18,19,19,19,2150,0,2,3.7752091326005623,1.0313479979231488,246.06509799923515,168.0
1772924248,10,GET,/api/chains/,0.000000,0.000000,0,0,0,0,0,0,0,0,0,0,0,160,0,4,35.78325576258976,1.3513000012608245,1038.7257460024557,1448.1
1772924248,10,GET,/api/chains/{id},16.000000,0.000000,3,6,9,12,16,20,48,930,1000,1000,1000,2150,0,3,22.643880653453973,1.2148069981776644,1061.2717760013766,503.9325581395349
1772924248,10,POST,/api/chains/{id}/activate,16.000000,0.000000,3,5,7,8,15,18,21,22,23,23,23,2150,0,3,6.648713050717772,1.1701449984684587,1056.0120830014057,53.33674418604651
1772924248,10,POST,/api/chains/{id}/deactivate,16.000000,0.000000,2,2,3,3,4,11,19,22,25,25,25,2150,0,2,3.42272256972941,1.162620999821229,74.90994999898248,61.75581395348837
1772924248,10,POST,/api/plugins/batch/parameters (500 updates),9.900000,0.000000,5,10,12,12,17,24,28,50,1100,1100,1100,1193,0,6,22.137941400745454,2.806248998240335,1062.9528999998001,880.6336965632859
1772924248,10,GET,/api/plugins/discover,0.000000,0.000000,0,0,0,0,0,0,0,0,0,0,0,160,0,13,18.220616150142632,10.576317999948515,58.00965399976121,85406.0
1772924248,10,GET,/api/plugins/list,0.000000,0.000000,0,0,0,0,0,0,0,0,0,0,0,160,0,2,5.07641034982953,1.080333000572864,43.401594997703796,29.4
1772924248,10,POST,/api/plugins/load?uri,5.600000,0.000000,2,4,5,10,16,23,24,65,65,65,65,710,0,2,5.210331837993245,1.3050569978076965,64.81750600141822,2248.6197183098593
1772924248,10,POST,/api/plugins/unload?uri,5.600000,0.000000,2,2,3,3,7,20,20,27,27,27,27,710,0,2,3.4911904619509864,1.1754760016629007,64.64023000080488,108.64929577464788
1772924248,10,,Aggregated,141.000000,0.000000,2,4,6,8,14,18,25,50,1100,1100,1100,18765,0,2,11.188055344908163,1.0178689990425482,1063.1027659983374,996.0734878763656
1772924249,10,GET,/api/audio/latency,21.100000,0.000000,2,3,3,5,13,17,23,25,63,63,63,2848,0,2,4.28127772368733,1.0178689990425482,63.048467000044184,33.0
1772924249,10,GET,/api/audio/levels,21.100000,0.000000,3,5,8,11,15,20,25,28,73,73,73,2848,0,3,18.885527376793373,1.0466029998497106,1063.1027659983374,75.43293539325843
1772924249,10,GET,/api/audio/levels (during plugin swap),5.500000,0.000000,2,4,8,13,16,19,23,49,49,49,49,717,0,3,27.88794601532461,1.0652109995135106,1023.4881830001541,75.15760111576012
1772924249,10,GET,/api/audio/levels/plugins,5.500000,0.000000,2,2,3,4,7,16,16,20,20,20,20,717,0,2,5.229979100433939,1.0223909994238056,1004.5815230005246,19.457461645746164
1772924249,10,GET,/api/audio/status,16.600000,0.000000,2,2,3,3,10,14,16,18,19,19,19,2165,0,2,3.7615480342224954,1.0313479979231488,246.06509799923515,168.0
1772924249,10,GET,/api/chains/,0.000000,0.000000,0,0,0,0,0,0,0,0,0,0,0,160,0,4,35.78325576258976,1.3513000012608245,1038.7257460024557,1448.1
1772924249,10,GET,/api/chains/{id},16.600000,0.000000,3,6,9,10,16,18,24,48,61,61,61,2165,0,3,22.522352770868945,1.2148069981776644,1061.2717760013766,503.90161662817553
1772924249,10,POST,/api/chains/{id}/activate,16.600000,0.000000,3,4,6,7,14,18,21,22,23,23,23,2165,0,3,6.6231909344360895,1.1701449984684587,1056.0120830014057,53.33672055427252
1772924249,10,POST,/api/chains/{id}/deactivate,16.600000,0.000000,2,2,2,3,4,8,19,22,25,25,25,2165,0,2,3.4118618891064556,1.162620999821229,74.90994999898248,61.75750577367206
1772924249,10,POST,/api/plugins/batch/parameters (500 updates),9.800000,0.000000,5,7,11,12,16,23,25,28,50,50,50,1208,0,6,21.943404802222844,2.806248998240335,1062.9528999998001,880.6879139072847
1772924249,10,GET,/api/plugins/discover,0.000000,0.000000,0,0,0,0,0,0,0,0,0,0,0,160,0,13,18.220616150142632,10.576317999948515,58.00965399976121,85406.0
1772924249,10,GET,/api/plugins/list,0.000000,0.000000,0,0,0,0,0,0,0,0,0,0,0,160,0,2,5.07641034982953,1.080333000572864,43.401594997703796,29.4
1772924249,10,POST,/api/plugins/load?uri,5.500000,0.000000,3,4,5,7,16,22,23,24,24,24,24,717,0,3,5.188224398855708,1.3050569978076965,64.81750600141822,2248.940027894003
1772924249,10,POST,/api/plugins/unload?uri,5.500000,0.000000,2,2,3,3,7,20,20,27,27,27,27,717,0,2,3.4760489372117314,1.1754760016629007,64.64023000080488,108.62482566248256
1772924249,10,,Aggregated,140.400000,0.000000,2,3,5,7,14,17,23,25,63,73,73,18912,0,2,11.131974935766495,1.0178689990425482,1063.1027659983374,990.6993972081218
1772924250,10,GET,/api/audio/latency,21.400000,0.000000,2,3,3,5,12,17,23,25,63,63,63,2848,0,2,4.28127772368733,1.0178689990425482,63.048467000044184,33.0
1772924250,10,GET,/api/audio/levels,21.400000,0.000000,3,6,9,12,16,23,28,73,1000,1000,1000,2850,0,3,19.554995589863037,1.0466029998497106,1063.1027659983374,75.44035087719298
1772924250,10,GET,/api/audio/levels (during plugin swap),5.500000,0.000000,3,7,13,14,19,49,970,1100,1100,1100,1100,719,0,3,30.638047883151714,1.0652109995135106,1065.1855479991355,75.16968011126565
1772924250,10,GET,/api/audio/levels/plugins,5.400000,0.000000,2,2,3,4,7,16,16,20,20,20,20,717,0,2,5.229979100433939,1.0223909994238056,1004.5815230005246,19.457461645746164
1772924250,10,GET,/api/audio/status,16.900000,0.000000,2,2,3,3,10,14,16,18,19,19,19,2165,0,2,3.7615480342224954,1.0313479979231488,246.06509799923515,168.0
1772924250,10,GET,/api/chains/,0.000000,0.000000,0,0,0,0,0,0,0,0,0,0,0,160,0,4,35.78325576258976,1.3513000012608245,1038.7257460024557,1448.1
1772924250,10,GET,/api/chains/{id},16.900000,0.000000,3,6,9,12,16,22,850,860,980,980,980,2168,0,3,23.732344890652133,1.2148069981776644,1061.2717760013766,504.0516605166052
1772924250,10,POST,/api/chains/{id}/activate,16.900000,0.000000,3,4,5,6,13,16,21,22,22,22,22,2165,0,3,6.6231909344360895,1.1701449984684587,1056.0120830014057,53.33672055427252
1772924250,10,POST,/api/chains/{id}/deactivate,16.900000,0.000000,2,2,2,3,4,11,19,22,25,25,25,2165,0,2,3.4118618891064556,1.162620999821229,74.90994999898248,61.75750577367206
1772924250,10,POST,/api/plugins/batch/parameters (500 updates),10.300000,0.000000,6,10,12,13,21,25,900,920,980,980,980,1211,0,6,24.205841103293352,2.806248998240335,1062.9528999998001,880.8175061932287
1772924250,10,GET,/api/plugins/discover,0.000000,0.000000,0,0,0,0,0,0,0,0,0,0,0,160,0,13,18.220616150142632,10.576317999948515,58.00965399976121,85406.0
1772924250,10,GET,/api/plugins/list,0.000000,0.000000,0,0,0,0,0,0,0,0,0,0,0,160,0,2,5.07641034982953,1.080333000572864,43.401594997703796,29.4
1772924250,10,POST,/api/plugins/load?uri,5.400000,0.000000,3,4,5,7,15,22,23,24,24,24,24,717,0,3,5.188224398855708,1.3050569978076965,64.81750600141822,2248.940027894003
1772924250,10,POST,/api/plugins/unload?uri,5.400000,0.000000,2,2,3,3,6,18,20,27,27,27,27,717,0,2,3.4760489372117314,1.1754760016629007,64.64023000080488,108.62482566248256
1772924250,10,,Aggregated,142.400000,0.000000,2,4,5,8,15,18,25,50,1000,1100,1100,18922,0,2,11.626848912970194,1.0178689990425482,1065.1855479991355,990.4383257583764
1772924251,10,GET,/api/audio/latency,22.600000,0.000000,2,3,4,5,14,18,25,26,63,63,63,2867,0,2,4.293155789348079,1.0178689990425482,63.048467000044184,33.0
1772924251,10,GET,/api/audio/levels,22.600000,0.000000,3,5,8,11,15,18,26,920,1000,1000,1000,2867,0,3,19.466239875866048,1.0466029998497106,1063.1027659983374,75.4394837809557
1772924251,10,GET,/api/audio/levels (during plugin swap),5.800000,0.000000,3,7,13,14,16,49,970,1100,1100,1100,1100,728,0,3,30.318220436798825,1.0652109995135106,1065.1855479991355,75.16071428571429
1772924251,10,GET,/api/audio/levels/plugins,5.800000,0.000000,2,2,3,4,10,16,16,20,20,20,20,728,0,2,5.232030304966259,1.0223909994238056,1004.5815230005246,19.446428571428573
1772924251,10,GET,/api/audio/status,16.900000,0.000000,2,2,3,3,10,15,18,20,23,23,23,2186,0,2,3.7749447726876046,1.0313479979231488,246.06509799923515,168.0
1772924251,10,GET,/api/chains/,0.000000,0.000000,0,0,0,0,0,0,0,0,0,0,0,160,0,4,35.78325576258976,1.3513000012608245,1038.7257460024557,1448.1
1772924251,10,GET,/api/chains/{id},16.900000,0.000000,3,6,9,12,16,22,48,860,980,980,980,2186,0,3,23.58870120948078,1.2148069981776644,1061.2717760013766,504.01235132662396
1772924251,10,POST,/api/chains/{id}/activate,16.900000,0.000000,3,4,5,6,13,17,22,27,39,39,39,2186,0,3,6.631361994993902,1.1701449984684587,1056.0120830014057,53.33211344922233
1772924251,10,POST,/api/chains/{id}/deactivate,16.900000,0.000000,2,2,3,3,4,12,19,22,25,25,25,2186,0,2,3.406133570402172,1.162620999821229,74.90994999898248,61.75983531564501
1772924251,10,POST,/api/plugins/batch/parameters (500 updates),11.200000,0.000000,6,9,12,14,23,25,900,920,980,980,980,1220,0,6,24.118276914006977,2.806248998240335,1062.9528999998001,880.7762295081967
1772924251,10,GET,/api/plugins/discover,0.000000,0.000000,0,0,0,0,0,0,0,0,0,0,0,160,0,13,18.220616150142632,10.576317999948515,58.00965399976121,85406.0
1772924251,10,GET,/api/plugins/list,0.000000,0.000000,0,0,0,0,0,0,0,0,0,0,0,160,0,2,5.07641034982953,1.080333000572864,43.401594997703796,29.4
1772924251,10,POST,/api/plugins/load?uri,5.800000,0.000000,3,3,5,5,22,23,24,24,24,24,24,728,0,3,5.227668232117259,1.3050569978076965,64.81750600141822,2237.296703296703
1772924251,10,POST,/api/plugins/unload?uri,5.800000,0.000000,2,2,3,3,6,20,24,27,27,27,27,728,0,2,3.501953576892697,1.1754760016629007,64.64023000080488,108.62774725274726
1772924251,10,,Aggregated,147.200000,0.000000,2,3,5,7,15,18,25,48,1000,1100,1100,19090,0,2,11.57621650126807,1.0178689990425482,1065.1855479991355,983.9769512833944
1772924252,10,GET,/api/audio/latency,22.800000,0.000000,2,3,3,4,14,17,24,26,63,63,63,2896,0,2,4.290290692703936,1.0178689990425482,63.048467000044184,33.0
1772924252,10,GET,/api/audio/levels,22.800000,0.000000,2,4,8,9,15,17,25,28,1000,1000,1000,2896,0,3,19.31708626108746,1.0466029998497106,1063.1027659983374,75.42852209944752
1772924252,10,GET,/api/audio/levels (during plugin swap),5.700000,0.000000,2,3,11,13,16,49,970,1100,1100,1100,1100,737,0,3,29.97905827270981,1.0652109995135106,1065.1855479991355,75.1696065128901
1772924252,10,GET,/api/audio/levels/plugins,5.700000,0.000000,2,2,3,4,10,16,16,20,20,20,20,737,0,2,5.1919970475070105,1.0223909994238056,1004.5815230005246,19.432835820895523
1772924252,10,GET,/api/audio/status,17.200000,0.000000,2,2,3,3,9,13,19,20,23,23,23,2196,0,2,3.7676395474022892,1.0313479979231488,246.06509799923515,168.0
1772924252,10,GET,/api/chains/,0.000000,0.000000,0,0,0,0,0,0,0,0,0,0,0,160,0,4,35.78325576258976,1.3513000012608245,1038.7257460024557,1448.1
1772924252,10,GET,/api/chains/{id},17.200000,0.000000,3,6,9,13,16,22,850,860,980,980,980,2197,0,3,23.504363321312983,1.2148069981776644,1061.2717760013766,504.1438324988621
1772924252,10,POST,/api/chains/{id}/activate,17.200000,0.000000,3,4,5,6,11,17,26,27,39,39,39,2197,0,3,6.620821903076914,1.1701449984684587,1056.0120830014057,53.31998179335457
1772924252,10,POST,/api/chains/{id}/deactivate,17.200000,0.000000,2,2,3,3,4,12,19,22,34,34,34,2196,0,2,3.4139656274571806,1.162620999821229,74.90994999898248,61.76092896174863
1772924252,10,POST,/api/plugins/batch/parameters (500 updates),11.500000,0.000000,6,10,12,15,23,25,900,920,980,980,980,1232,0,6,23.953159151853303,2.806248998240335,1062.9528999998001,880.6875
1772924252,10,GET,/api/plugins/discover,0.000000,0.000000,0,0,0,0,0,0,0,0,0,0,0,160,0,13,18.220616150142632,10.576317999948515,58.00965399976121,85406.0
1772924252,10,GET,/api/plugins/list,0.000000,0.000000,0,0,0,0,0,0,0,0,0,0,0,160,0,2,5.07641034982953,1.080333000572864,43.401594997703796,29.4
1772924252,10,POST,/api/plugins/load?uri,5.700000,0.000000,3,3,5,5,16,23,24,24,24,24,24,737,0,3,5.198338721819237,1.3050569978076965,64.81750600141822,2244.1166892808683
1772924252,10,POST,/api/plugins/unload?uri,5.700000,0.000000,2,2,3,3,6,20,24,27,27,27,27,737,0,2,3.4813828534255764,1.1754760016629007,64.64023000080488,108.56037991858888
1772924252,10,,Aggregated,148.700000,0.000000,2,3,5,7,14,18,25,48,1000,1100,1100,19238,0,2,11.519074767086199,1.0178689990425482,1065.1855479991355,978.9647572512736
1772924253,10,GET,/api/audio/latency,21.900000,0.000000,2,3,3,4,12,17,21,26,63,63,63,2921,0,2,4.281823271507543,1.0178689990425482,63.048467000044184,33.0
1772924253,10,GET,/api/audio/levels,21.900000,0.000000,2,4,8,11,15,18,26,920,1000,1000,1000,2921,0,3,19.193740161281113,1.0466029998497106,1063.1027659983374,75.42998972954467
1772924253,10,GET,/api/audio/levels (during plugin swap),5.500000,0.000000,2,3,7,10,15,19,970,1100,1100,1100,1100,745,0,3,29.720445777170028,1.0652109995135106,1065.1855479991355,75.14630872483221
1772924253,10,GET,/api/audio/levels/plugins,5.500000,0.000000,2,2,3,3,7,16,16,20,20,20,20,745,0,2,5.1574700027042075,1.0223909994238056,1004.5815230005246,19.409395973154364
1772924253,10,GET,/api/audio/status,15.600000,0.000000,2,2,3,3,10,14,19,20,23,23,23,2216,0,2,3.7626145230590176,1.0313479979231488,246.06509799923515,168.0
1772924253,10,GET,/api/chains/,0.000000,0.000000,0,0,0,0,0,0,0,0,0,0,0,160,0,4,35.78325576258976,1.3513000012608245,1038.7257460024557,1448.1
1772924253,10,GET,/api/chains/{id},15.700000,0.000000,3,6,9,13,17,22,850,860,980,980,980,2216,0,3,23.347220301858027,1.2148069981776644,1061.2717760013766,503.87274368231044
1772924253,10,POST,/api/chains/{id}/activate,15.600000,0.000000,3,4,5,6,11,17,26,27,39,39,39,2216,0,3,6.601174325385971,1.1701449984684587,1056.0120830014057,53.32084837545126
1772924253,10,POST,/api/chains/{id}/deactivate,15.600000,0.000000,2,2,3,3,5,13,20,22,34,34,34,2216,0,2,3.4126621389379697,1.162620999821229,74.90994999898248,61.763086642599276
1772924253,10,POST,/api/plugins/batch/parameters (500 updates),11.100000,0.000000,6,10,12,16,22,25,900,920,980,980,980,1246,0,6,23.768098588348995,2.806248998240335,1062.9528999998001,880.6717495987159
1772924253,10,GET,/api/plugins/discover,0.000000,0.000000,0,0,0,0,0,0,0,0,0,0,0,160,0,13,18.220616150142632,10.576317999948515,58.00965399976121,85406.0
1772924253,10,GET,/api/plugins/list,0.000000,0.000000,0,0,0,0,0,0,0,0,0,0,0,160,0,2,5.07641034982953,1.080333000572864,43.401594997703796,29.4
1772924253,10,POST,/api/plugins/load?uri,5.500000,0.000000,3,3,4,5,13,22,24,24,24,24,24,745,0,3,5.193026185202906,1.3050569978076965,64.81750600141822,2237.1919463087247
1772924253,10,POST,/api/plugins/unload?uri,5.500000,0.000000,2,2,3,3,4,10,24,27,27,27,27,745,0,2,3.4663848563352517,1.1754760016629007,64.64023000080488,108.53691275167785
1772924253,10,,Aggregated,139.400000,0.000000,2,3,5,6,14,18,25,39,1000,1100,1100,19412,0,2,11.453811088459647,1.0178689990425482,1065.1855479991355,972.4556459921698
1772924254,10,GET,/api/audio/latency,20.500000,0.000000,2,3,3,4,14,17,20,26,63,63,63,2949,0,2,4.299387288262738,1.0178689990425482,63.048467000044184,33.0
1772924254,10,GET,/api/audio/levels,20.600000,0.000000,2,4,8,10,15,18,25,28,1000,1000,1000,2949,0,3,19.065566335062716,1.0466029998497106,1063.1027659983374,75.42895896914209
1772924254,10,GET,/api/audio/levels (during plugin swap),5.900000,0.000000,2,3,8,11,15,19,970,1100,1100,1100,1100,748,0,3,29.62544093447759,1.0652109995135106,1065.1855479991355,75.15508021390374
1772924254,10,GET,/api/audio/levels/plugins,5.900000,0.000000,2,2,3,3,10,16,16,20,20,20,20,748,0,2,5.142201181840202,1.0223909994238056,1004.5815230005246,19.422459893048128
1772924254,10,GET,/api/audio/status,15.400000,0.000000,2,2,3,3,10,14,18,20,23,23,23,2233,0,2,3.752534367712356,1.0313479979231488,246.06509799923515,168.0
1772924254,10,GET,/api/chains/,0.000000,0.000000,0,0,0,0,0,0,0,0,0,0,0,160,0,4,35.78325576258976,1.3513000012608245,1038.7257460024557,1448.1
1772924254,10,GET,/api/chains/{id},15.300000,0.000000,3,7,9,12,17,22,48,860,980,980,980,2233,0,3,23.233920165661154,1.2148069981776644,1061.2717760013766,503.9140170174653
1772924254,10,POST,/api/chains/{id}/activate,15.300000,0.000000,3,4,6,6,12,17,24,27,39,39,39,2233,0,3,6.608257926579931,1.1701449984684587,1056.0120830014057,53.3269144648455
1772924254,10,POST,/api/chains/{id}/deactivate,15.400000,0.000000,2,2,3,3,4,14,19,22,34,34,34,2233,0,2,3.4052947428955864,1.162620999821229,74.90994999898248,61.76489028213166
1772924254,10,POST,/api/plugins/batch/parameters (500 updates),11.400000,0.000000,6,10,13,16,23,25,900,920,980,980,980,1258,0,6,23.623606940451797,2.806248998240335,1062.9528999998001,880.5349761526232
1772924254,10,GET,/api/plugins/discover,0.000000,0.000000,0,0,0,0,0,0,0,0,0,0,0,160,0,13,18.220616150142632,10.576317999948515,58.00965399976121,85406.0
1772924254,10,GET,/api/plugins/list,0.000000,0.000000,0,0,0,0,0,0,0,0,0,0,0,160,0,2,5.07641034982953,1.080333000572864,43.401594997703796,29.4
1772924254,10,POST,/api/plugins/load?uri,5.900000,0.000000,3,3,4,5,13,23,24,24,24,24,24,748,0,3,5.180932021360794,1.3050569978076965,64.81750600141822,2235.985294117647
1772924254,10,POST,/api/plugins/unload?uri,5.900000,0.000000,2,2,3,3,4,20,24,27,27,27,27,748,0,2,3.457364799426755,1.1754760016629007,64.64023000080488,108.52272727272727
1772924254,10,,Aggregated,137.500000,0.000000,2,3,5,7,15,19,25,39,1000,1100,1100,19560,0,2,11.409164076544055,1.0178689990425482,1065.1855479991355,966.8021472392638
1772924255,10,GET,/api/audio/latency,21.500000,0.000000,2,3,4,5,15,18,23,26,26,26,26,2971,0,2,4.328748959638851,1.0178689990425482,63.048467000044184,33.0
1772924255,10,GET,/api/audio/levels,21.500000,0.000000,2,4,8,9,15,18,25,920,1000,1000,1000,2971,0,3,18.97021111851151,1.0466029998497106,1063.1027659983374,75.43722652305621
1772924255,10,GET,/api/audio/levels (during plugin swap),6.400000,0.000000,2,4,11,15,18,20,970,1100,1100,1100,1100,757,0,3,29.454661109621025,1.0652109995135106,1065.1855479991355,75.14663143989432
1772924255,10,GET,/api/audio/levels/plugins,6.400000,0.000000,2,2,3,3,14,16,20,30,30,30,30,755,0,2,5.168410049030936,1.0223909994238056,1004.5815230005246,19.423841059602648
1772924255,10,GET,/api/audio/status,14.800000,0.000000,2,2,3,3,10,14,23,23,24,24,24,2248,0,2,3.762237701112973,1.0313479979231488,246.06509799923515,168.0
1772924255,10,GET,/api/chains/,0.000000,0.000000,0,0,0,0,0,0,0,0,0,0,0,160,0,4,35.78325576258976,1.3513000012608245,1038.7257460024557,1448.1
1772924255,10,GET,/api/chains/{id},14.800000,0.000000,3,8,10,14,17,23,850,860,980,980,980,2248,0,3,23.128828947024964,1.2148069981776644,1061.2717760013766,503.7326512455516
1772924255,10,POST,/api/chains/{id}/activate,14.800000,0.000000,3,4,6,7,13,19,27,39,43,43,43,2248,0,3,6.616962259810936,1.1701449984684587,1056.0120830014057,53.304715302491104
1772924255,10,POST,/api/chains/{id}/deactivate,14.800000,0.000000,2,2,3,3,4,9,20,22,34,34,34,2248,0,2,3.397216038207728,1.162620999821229,74.90994999898248,61.7664590747331
1772924255,10,POST,/api/plugins/batch/parameters (500 updates),11.100000,0.000000,5,10,13,16,22,25,900,920,980,980,980,1269,0,6,23.500330126152186,2.806248998240335,1062.9528999998001,880.8282111899133
1772924255,10,GET,/api/plugins/discover,0.000000,0.000000,0,0,0,0,0,0,0,0,0,0,0,160,0,13,18.220616150142632,10.576317999948515,58.00965399976121,85406.0
1772924255,10,GET,/api/plugins/list,0.000000,0.000000,0,0,0,0,0,0,0,0,0,0,0,160,0,2,5.07641034982953,1.080333000572864,43.401594997703796,29.4
1772924255,10,POST,/api/plugins/load?uri,6.400000,0.000000,3,3,4,5,13,22,24,24,24,24,24,755,0,3,5.195857292686478,1.3050569978076965,64.81750600141822,2234.2688741721854
1772924255,10,POST,/api/plugins/unload?uri,6.400000,0.000000,2,2,3,3,4,10,24,27,27,27,27,755,0,2,3.445140562872734,1.1754760016629007,64.64023000080488,108.50331125827815
1772924255,10,,Aggregated,138.900000,0.000000,2,3,5,8,15,19,25,39,1000,1100,1100,19705,0,2,11.376921925967546,1.0178689990425482,1065.1855479991355,961.7039837604669
1772924256,10,GET,/api/audio/latency,20.800000,0.000000,2,3,4,7,16,18,23,24,26,26,26,2997,0,2,4.3301036053024635,1.0178689990425482,63.048467000044184,33.0
1772924256,10,GET,/api/audio/levels,20.800000,0.000000,2,4,8,9,15,19,220,260,1000,1000,1000,2997,0,3,19.150184204569367,1.0466029998497106,1063.1027659983374,75.44210877544211
1772924256,10,GET,/api/audio/levels (during plugin swap),6.300000,0.000000,3,5,11,15,18,59,970,1100,1100,1100,1100,762,0,3,29.61080589892871,1.0652109995135106,1065.1855479991355,75.16666666666667
1772924256,10,GET,/api/audio/levels/plugins,6.300000,0.000000,2,2,3,3,10,17,21,30,30,30,30,762,0,2,5.178551961970103,1.0223909994238056,1004.5815230005246,19.442257217847768
1772924256,10,GET,/api/audio/status,15.400000,0.000000,2,2,3,3,9,15,23,23,24,24,24,2264,0,2,3.759320996953265,1.0313479979231488,246.06509799923515,168.0
1772924256,10,GET,/api/chains/,0.000000,0.000000,0,0,0,0,0,0,0,0,0,0,0,160,0,4,35.78325576258976,1.3513000012608245,1038.7257460024557,1448.1
1772924256,10,GET,/api/chains/{id},15.400000,0.000000,3,8,10,14,18,29,850,860,980,980,980,2264,0,3,23.15903939041472,1.2148069981776644,1061.2717760013766,503.85159010600705
1772924256,10,POST,/api/chains/{id}/activate,15.400000,0.000000,4,5,6,9,14,19,27,39,43,43,43,2264,0,3,6.609354818047573,1.1701449984684587,1056.0120830014057,53.30786219081272
1772924256,10,POST,/api/chains/{id}/deactivate,15.400000,0.000000,2,2,3,3,4,9,20,22,34,34,34,2264,0,2,3.390536935464294,1.162620999821229,74.90994999898248,61.76810954063604
1772924256,10,POST,/api/plugins/batch/parameters (500 updates),11.600000,0.000000,5,10,16,16,23,26,900,920,980,980,980,1277,0,6,23.613025381437737,2.806248998240335,1062.9528999998001,880.5536413469068
1772924256,10,GET,/api/plugins/discover,0.000000,0.000000,0,0,0,0,0,0,0,0,0,0,0,160,0,13,18.220616150142632,10.576317999948515,58.00965399976121,85406.0
1772924256,10,GET,/api/plugins/list,0.000000,0.000000,0,0,0,0,0,0,0,0,0,0,0,160,0,2,5.07641034982953,1.080333000572864,43.401594997703796,29.4
1772924256,10,POST,/api/plugins/load?uri,6.300000,0.000000,3,3,4,5,13,23,240,260,260,260,260,762,0,3,5.824375496040781,1.3050569978076965,256.2621520009998,2231.4146981627296
1772924256,10,POST,/api/plugins/unload?uri,6.300000,0.000000,2,2,3,3,4,7,10,24,24,24,24,762,0,2,3.454889392345926,1.1754760016629007,64.64023000080488,108.50656167979002
1772924256,10,,Aggregated,140.000000,0.000000,2,3,5,8,15,21,30,250,1000,1100,1100,19855,0,2,11.439955402780123,1.0178689990425482,1065.1855479991355,956.3104507680684
1772924257,10,GET,/api/audio/latency,20.900000,0.000000,2,3,5,8,16,18,23,24,26,26,26,3014,0,2,4.324847397844371,1.0178689990425482,63.048467000044184,33.0
1772924257,10,GET,/api/audio/levels,20.900000,0.000000,2,4,8,9,14,19,220,260,1000,1000,1000,3014,0,3,19.073004584967702,1.0466029998497106,1063.1027659983374,75.44990046449901
1772924257,10,GET,/api/audio/levels (during plugin swap),6.300000,0.000000,3,6,11,13,18,59,970,1100,1100,1100,1100,772,0,3,29.27584497665332,1.0652109995135106,1065.1855479991355,75.13860103626943
1772924257,10,GET,/api/audio/levels/plugins,6.300000,0.000000,2,2,3,3,12,17,21,30,30,30,30,772,0,2,5.143067215061621,1.0223909994238056,1004.5815230005246,19.422279792746114
1772924257,10,GET,/api/audio/status,15.800000,0.000000,2,2,3,3,10,15,23,23,24,24,24,2284,0,2,3.7528592693138427,1.0313479979231488,246.06509799923515,168.0
1772924257,10,GET,/api/chains/,0.000000,0.000000,0,0,0,0,0,0,0,0,0,0,0,160,0,4,35.78325576258976,1.3513000012608245,1038.7257460024557,1448.1
1772924257,10,GET,/api/chains/{id},15.800000,0.000000,3,6,9,13,19,29,850,860,980,980,980,2285,0,3,22.989108950499965,1.2148069981776644,1061.2717760013766,504.10678336980305
1772924257,10,POST,/api/chains/{id}/activate,15.800000,0.000000,3,4,6,8,13,19,27,39,43,43,43,2284,0,3,6.580943519291303,1.1701449984684587,1056.0120830014057,53.31173380035026
1772924257,10,POST,/api/chains/{id}/deactivate,15.800000,0.000000,2,2,3,3,4,10,20,22,34,34,34,2284,0,2,3.3848969237695936,1.162620999821229,74.90994999898248,61.77014010507881
1772924257,10,POST,/api/plugins/batch/parameters (500 updates),11.500000,0.000000,6,11,16,17,24,28,900,920,980,980,980,1293,0,6,23.460457763410414,2.806248998240335,1062.9528999998001,880.2374323279196
1772924257,10,GET,/api/plugins/discover,0.000000,0.000000,0,0,0,0,0,0,0,0,0,0,0,160,0,13,18.220616150142632,10.576317999948515,58.00965399976121,85406.0
1772924257,10,GET,/api/plugins/list,0.000000,0.000000,0,0,0,0,0,0,0,0,0,0,0,160,0,2,5.07641034982953,1.080333000572864,43.401594997703796,29.4
1772924257,10,POST,/api/plugins/load?uri,6.300000,0.000000,3,3,4,5,13,23,240,260,260,260,260,772,0,3,5.781313546600085,1.3049310000496916,256.2621520009998,2232.190414507772
1772924257,10,POST,/api/plugins/unload?uri,6.300000,0.000000,2,2,3,3,5,8,19,24,24,24,24,772,0,2,3.4510794209424267,1.1754760016629007,64.64023000080488,108.5220207253886
1772924257,10,,Aggregated,141.700000,0.000000,2,4,5,8,15,21,34,250,1000,1100,1100,20026,0,2,11.378746359941987,1.0178689990425482,1065.1855479991355,951.00614201538
1772924258,10,GET,/api/audio/latency,20.700000,0.000000,2,3,5,8,16,19,23,26,26,26,26,3036,0,2,4.318967933499912,1.0178689990425482,63.048467000044184,33.0
1772924258,10,GET,/api/audio/levels,20.700000,0.000000,2,5,8,9,14,21,240,920,1000,1000,1000,3036,0,3,18.978201547130546,1.0466029998497106,1063.1027659983374,75.44927536231884
1772924258,10,GET,/api/audio/levels (during plugin swap),6.400000,0.000000,3,7,11,13,18,59,970,1100,1100,1100,1100,775,0,3,29.17788353932631,1.0652109995135106,1065.1855479991355,75.13032258064516
1772924258,10,GET,/api/audio/levels/plugins,6.500000,0.000000,2,2,3,3,10,16,21,30,30,30,30,775,0,2,5.1330155922914855,1.0223909994238056,1004.5815230005246,19.434838709677418
1772924258,10,GET,/api/audio/status,15.100000,0.000000,2,2,3,3,9,15,23,23,24,24,24,2304,0,2,3.7511841927590064,1.0313479979231488,246.06509799923515,168.0
1772924258,10,GET,/api/chains/,0.000000,0.000000,0,0,0,0,0,0,0,0,0,0,0,160,0,4,35.78325576258976,1.3513000012608245,1038.7257460024557,1448.1
1772924258,10,GET,/api/chains/{id},15.100000,0.000000,3,6,9,12,17,25,850,860,980,980,980,2304,0,3,22.84941920567639,1.2148069981776644,1061.2717760013766,504.06727430555554
1772924258,10,POST,/api/chains/{id}/activate,15.100000,0.000000,3,4,7,9,14,19,27,39,43,43,43,2304,0,3,6.587182705754596,1.1701449984684587,1056.0120830014057,53.31553819444444
1772924258,10,POST,/api/chains/{id}/deactivate,15.100000,0.000000,2,2,3,3,5,10,20,31,34,34,34,2304,0,2,3.392502027725502,1.162620999821229,74.90994999898248,61.772135416666664
1772924258,10,POST,/api/plugins/batch/parameters (500 updates),11.100000,0.000000,5,10,16,16,24,28,900,920,980,980,980,1310,0,6,23.260975071833446,2.806248998240335,1062.9528999998001,880.1221374045801
1772924258,10,GET,/api/plugins/discover,0.000000,0.000000,0,0,0,0,0,0,0,0,0,0,0,160,0,13,18.220616150142632,10.576317999948515,58.00965399976121,85406.0
1772924258,10,GET,/api/plugins/list,0.000000,0.000000,0,0,0,0,0,0,0,0,0,0,0,160,0,2,5.07641034982953,1.080333000572864,43.401594997703796,29.4
1772924258,10,POST,/api/plugins/load?uri,6.500000,0.000000,3,3,4,5,19,23,240,260,260,260,260,775,0,3,5.788787797388185,1.3049310000496916,256.2621520009998,2228.2374193548385
1772924258,10,POST,/api/plugins/unload?uri,6.500000,0.000000,2,2,3,3,5,8,19,24,24,24,24,775,0,2,3.4466014541554144,1.1754760016629007,64.64023000080488,108.51612903225806
1772924258,10,,Aggregated,138.800000,0.000000,2,4,6,8,15,21,31,250,1000,1100,1100,20178,0,2,11.333347527118107,1.0178689990425482,1065.1855479991355,945.6561106155218
1772924259,10,GET,/api/audio/latency,21.400000,0.000000,2,3,6,8,16,20,23,26,26,26,26,3055,0,2,4.332667095616904,1.0178689990425482,63.048467000044184,33.0
1772924259,10,GET,/api/audio/levels,21.400000,0.000000,2,5,9,10,15,23,220,260,1000,1000,1000,3055,0,3,18.902903961076984,1.0466029998497106,1063.1027659983374,75.45531914893617
1772924259,10,GET,/api/audio/levels (during plugin swap),6.900000,0.000000,3,8,11,13,18,59,970,1100,1100,1100,1100,779,0,3,29.110332532712867,1.0652109995135106,1065.1855479991355,75.15275994865212
1772924259,10,GET,/api/audio/levels/plugins,6.900000,0.000000,2,2,3,4,10,16,21,30,30,30,30,779,0,2,5.131326265756508,1.0223909994238056,1004.5815230005246,19.4403080872914
1772924259,10,GET,/api/audio/status,14.300000,0.000000,2,2,3,4,11,16,23,23,24,24,24,2324,0,2,3.761146819757765,1.0313479979231488,246.06509799923515,168.0
1772924259,10,GET,/api/chains/,0.000000,0.000000,0,0,0,0,0,0,0,0,0,0,0,160,0,4,35.78325576258976,1.3513000012608245,1038.7257460024557,1448.1
1772924259,10,GET,/api/chains/{id},14.300000,0.000000,3,6,9,12,17,25,210,860,980,980,980,2324,0,3,22.7006789904793,1.2148069981776644,1061.2717760013766,503.8808089500861
1772924259,10,POST,/api/chains/{id}/activate,14.300000,0.000000,3,4,7,9,16,20,26,39,43,43,43,2324,0,3,6.576741179026999,1.1701449984684587,1056.0120830014057,53.30851979345955
1772924259,10,POST,/api/chains/{id}/deactivate,14.300000,0.000000,2,2,3,3,6,11,16,31,34,34,34,2324,0,2,3.3908675167322224,1.162620999821229,74.90994999898248,61.774096385542165
1772924259,10,POST,/api/plugins/batch/parameters (500 updates),11.300000,0.000000,5,12,16,16,24,28,900,920,980,980,980,1325,0,6,23.096084304231894,2.806248998240335,1062.9528999998001,880.1532075471698
1772924259,10,GET,/api/plugins/discover,0.000000,0.000000,0,0,0,0,0,0,0,0,0,0,0,160,0,13,18.220616150142632,10.576317999948515,58.00965399976121,85406.0
1772924259,10,GET,/api/plugins/list,0.000000,0.000000,0,0,0,0,0,0,0,0,0,0,0,160,0,2,5.07641034982953,1.080333000572864,43.401594997703796,29.4
1772924259,10,POST,/api/plugins/load?uri,6.900000,0.000000,3,3,4,8,21,23,240,260,260,260,260,779,0,3,5.796197804849915,1.3049310000496916,256.2621520009998,2221.98973042362
1772924259,10,POST,/api/plugins/unload?uri,6.800000,0.000000,2,3,3,4,8,10,19,24,24,24,24,779,0,2,3.4648661604222863,1.1754760016629007,64.64023000080488,108.52374839537869
1772924259,10,,Aggregated,138.800000,0.000000,2,4,6,9,16,22,34,240,1000,1100,1100,20327,0,2,11.294851835893494,1.0178689990425482,1065.1855479991355,940.471048359325
1772924260,10,GET,/api/audio/latency,20.800000,0.000000,2,3,4,8,15,18,23,23,26,26,26,3085,0,2,4.324411933261604,1.0178689990425482,63.048467000044184,33.0
1772924260,10,GET,/api/audio/levels,20.800000,0.000000,2,5,9,11,17,19,42,220,260,260,260,3085,0,3,18.785597895976984,1.0466029998497106,1063.1027659983374,75.43987034035656
1772924260,10,GET,/api/audio/levels (during plugin swap),6.600000,0.000000,3,7,9,11,17,20,59,250,250,250,250,786,0,3,28.89473913356682,1.0652109995135106,1065.1855479991355,75.16666666666667
1772924260,10,GET,/api/audio/levels/plugins,6.700000,0.000000,2,2,3,4,10,16,21,30,30,30,30,786,0,2,5.136636386797796,1.0223909994238056,1004.5815230005246,19.44147582697201
1772924260,10,GET,/api/audio/status,14.600000,0.000000,2,2,3,3,8,15,22,23,24,24,24,2332,0,2,3.759161238045592,1.0313479979231488,246.06509799923515,168.0
1772924260,10,GET,/api/chains/,0.000000,0.000000,0,0,0,0,0,0,0,0,0,0,0,160,0,4,35.78325576258976,1.3513000012608245,1038.7257460024557,1448.1
1772924260,10,GET,/api/chains/{id},14.600000,0.000000,3,5,8,9,15,23,29,150,210,210,210,2332,0,3,22.630982085708105,1.2148069981776644,1061.2717760013766,503.8653516295026
1772924260,10,POST,/api/chains/{id}/activate,14.600000,0.000000,3,4,6,9,14,18,21,24,43,43,43,2332,0,3,6.566685783902021,1.1701449984684587,1056.0120830014057,53.29931389365352
1772924260,10,POST,/api/chains/{id}/deactivate,14.600000,0.000000,2,2,2,3,6,11,16,31,34,34,34,2331,0,2,3.386730773006414,1.162620999821229,74.90994999898248,61.77477477477478
1772924260,10,POST,/api/plugins/batch/parameters (500 updates),11.600000,0.000000,5,10,15,16,22,25,28,35,250,250,250,1333,0,6,23.005279218383485,2.806248998240335,1062.9528999998001,880.28432108027
1772924260,10,GET,/api/plugins/discover,0.000000,0.000000,0,0,0,0,0,0,0,0,0,0,0,160,0,13,18.220616150142632,10.576317999948515,58.00965399976121,85406.0
1772924260,10,GET,/api/plugins/list,0.000000,0.000000,0,0,0,0,0,0,0,0,0,0,0,160,0,2,5.07641034982953,1.080333000572864,43.401594997703796,29.4
1772924260,10,POST,/api/plugins/load?uri,6.700000,0.000000,2,3,3,5,13,22,240,260,260,260,260,786,0,3,5.7800730254256205,1.3049310000496916,256.2621520009998,2222.6844783715014
1772924260,10,POST,/api/plugins/unload?uri,6.700000,0.000000,2,3,3,4,8,10,19,24,24,24,24,786,0,2,3.477782731513905,1.1754760016629007,64.64023000080488,108.55343511450381
1772924260,10,,Aggregated,138.300000,0.000000,2,4,6,8,15,19,24,38,260,260,260,20454,0,2,11.25395489284288,1.0178689990425482,1065.1855479991355,936.3015547081255
1772924261,10,GET,/api/audio/latency,20.700000,0.000000,2,3,6,9,16,21,23,23,26,26,26,3091,0,2,4.3516715704001205,1.0178689990425482,63.048467000044184,33.0
1772924261,10,GET,/api/audio/levels,20.700000,0.000000,2,6,9,12,18,38,850,960,1100,1100,1100,3091,0,3,20.312870932415223,1.0466029998497106,1063.1027659983374,75.45616305402783
1772924261,10,GET,/api/audio/levels (during plugin swap),6.400000,0.000000,4,8,11,14,18,59,250,1100,1100,1100,1100,787,0,3,30.204117819545196,1.0652109995135106,1065.1855479991355,75.18043202033037
1772924261,10,GET,/api/audio/levels/plugins,6.400000,0.000000,2,2,3,4,12,17,21,30,30,30,30,787,0,2,5.13510317791926,1.0223909994238056,1004.5815230005246,19.451080050825922
1772924261,10,GET,/api/audio/status,15.200000,0.000000,2,2,3,4,9,15,23,23,24,24,24,2334,0,2,3.7591339854866,1.0313479979231488,246.06509799923515,168.0
1772924261,10,GET,/api/chains/,0.000000,0.000000,0,0,0,0,0,0,0,0,0,0,0,160,0,4,35.78325576258976,1.3513000012608245,1038.7257460024557,1448.1
1772924261,10,GET,/api/chains/{id},15.200000,0.000000,3,6,9,11,17,23,210,1000,1000,1000,1000,2334,0,3,23.479689726165688,1.2148069981776644,1061.2717760013766,503.93401885175666
1772924261,10,POST,/api/chains/{id}/activate,15.200000,0.000000,3,5,7,9,16,19,24,26,43,43,43,2334,0,3,6.580820121277573,1.1701449984684587,1056.0120830014057,53.29434447300771
1772924261,10,POST,/api/chains/{id}/deactivate,15.200000,0.000000,2,2,3,3,8,11,31,34,1100,1100,1100,2334,0,2,3.8519870140839165,1.162620999821229,1083.7654569986626,61.764353041988
1772924261,10,POST,/api/plugins/batch/parameters (500 updates),11.700000,0.000000,5,10,15,16,22,25,35,250,840,840,840,1334,0,6,23.61967503531213,2.806248998240335,1062.9528999998001,880.263868065967
1772924261,10,GET,/api/plugins/discover,0.000000,0.000000,0,0,0,0,0,0,0,0,0,0,0,160,0,13,18.220616150142632,10.576317999948515,58.00965399976121,85406.0
1772924261,10,GET,/api/plugins/list,0.000000,0.000000,0,0,0,0,0,0,0,0,0,0,0,160,0,2,5.07641034982953,1.080333000572864,43.401594997703796,29.4
1772924261,10,POST,/api/plugins/load?uri,6.400000,0.000000,2,3,5,8,19,22,240,260,260,260,260,787,0,3,5.79985826046463,1.3049310000496916,256.2621520009998,2221.120711562897
1772924261,10,POST,/api/plugins/unload?uri,6.400000,0.000000,2,3,3,4,8,10,16,19,19,19,19,787,0,2,3.4765931054220647,1.1754760016629007,64.64023000080488,108.54764930114358
1772924261,10,,Aggregated,139.500000,0.000000,2,4,7,9,16,21,35,250,1100,1100,1100,20480,0,2,11.730357084092091,1.0178689990425482,1083.7654569986626,935.333740234375
1772924262,10,GET,/api/audio/latency,21.900000,0.000000,2,3,7,9,16,21,23,23,26,26,26,3112,0,2,4.35181526867204,1.0178689990425482,63.048467000044184,33.0
1772924262,10,GET,/api/audio/levels,21.900000,0.000000,3,6,10,12,18,38,850,960,1100,1100,1100,3112,0,3,20.21446561988865,1.0466029998497106,1063.1027659983374,75.45629820051414
1772924262,10,GET,/api/audio/levels (during plugin swap),6.400000,0.000000,4,8,13,15,20,59,1100,1100,1100,1100,1100,791,0,3,30.0796968849371,1.0652109995135106,1065.1855479991355,75.1858407079646
1772924262,10,GET,/api/audio/levels/plugins,6.400000,0.000000,2,3,4,5,16,17,30,30,30,30,30,791,0,2,5.1254398976291125,1.0223909994238056,1004.5815230005246,19.45638432364096
1772924262,10,GET,/api/audio/status,16.000000,0.000000,2,2,3,3,7,14,22,23,24,24,24,2354,0,2,3.7434956542596645,1.0313479979231488,246.06509799923515,168.0
1772924262,10,GET,/api/chains/,0.000000,0.000000,0,0,0,0,0,0,0,0,0,0,0,160,0,4,35.78325576258976,1.3513000012608245,1038.7257460024557,1448.1
1772924262,10,GET,/api/chains/{id},16.000000,0.000000,3,6,9,11,15,23,150,1000,1000,1000,1000,2354,0,3,23.33437056493845,1.2148069981776644,1061.2717760013766,504.0395072217502
1772924262,10,POST,/api/chains/{id}/activate,16.000000,0.000000,3,4,7,9,16,19,23,26,43,43,43,2354,0,3,6.569061437573433,1.1701449984684587,1056.0120830014057,53.2982158028887
1772924262,10,POST,/api/chains/{id}/deactivate,16.000000,0.000000,2,2,2,3,5,10,14,31,1100,1100,1100,2354,0,2,3.835857587033255,1.162620999821229,1083.7654569986626,61.76635514018692
1772924262,10,POST,/api/plugins/batch/parameters (500 updates),11.900000,0.000000,5,11,14,16,22,25,35,250,840,840,840,1347,0,6,23.464797594734666,2.806248998240335,1062.9528999998001,880.4164810690423
1772924262,10,GET,/api/plugins/discover,0.000000,0.000000,0,0,0,0,0,0,0,0,0,0,0,160,0,13,18.220616150142632,10.576317999948515,58.00965399976121,85406.0
1772924262,10,GET,/api/plugins/list,0.000000,0.000000,0,0,0,0,0,0,0,0,0,0,0,160,0,2,5.07641034982953,1.080333000572864,43.401594997703796,29.4
1772924262,10,POST,/api/plugins/load?uri,6.400000,0.000000,2,3,8,11,19,22,260,260,260,260,260,791,0,3,5.804476394427432,1.3049310000496916,256.2621520009998,2217.355246523388
1772924262,10,POST,/api/plugins/unload?uri,6.400000,0.000000,2,3,3,4,8,10,19,19,19,19,19,791,0,2,3.46923513649539,1.1754760016629007,64.64023000080488,108.50821744627055
1772924262,10,,Aggregated,145.300000,0.000000,2,4,7,9,16,21,35,250,1100,1100,1100,20631,0,2,11.677933165004347,1.0178689990425482,1083.7654569986626,930.2631961611168
1772924263,10,GET,/api/audio/latency,22.900000,0.000000,2,3,7,9,17,22,23,23,26,26,26,3137,0,2,4.378390724295833,1.0178689990425482,63.048467000044184,33.0
1772924263,10,GET,/api/audio/levels,22.900000,0.000000,3,8,12,15,20,38,850,960,1100,1100,1100,3137,0,3,20.134584254414666,1.0466029998497106,1063.1027659983374,75.44501115715651
1772924263,10,GET,/api/audio/levels (during plugin swap),6.600000,0.000000,4,8,13,15,19,59,250,1100,1100,1100,1100,798,0,3,29.885138080178073,1.0652109995135106,1065.1855479991355,75.19924812030075
1772924263,10,GET,/api/audio/levels/plugins,6.600000,0.000000,2,3,4,5,12,17,21,30,30,30,30,798,0,2,5.098807833361608,1.0223909994238056,1004.5815230005246,19.45739348370927
1772924263,10,GET,/api/audio/status,15.700000,0.000000,2,2,3,4,7,14,22,23,24,24,24,2374,0,2,3.7367152650103668,1.0313479979231488,246.06509799923515,168.0
1772924263,10,GET,/api/chains/,0.000000,0.000000,0,0,0,0,0,0,0,0,0,0,0,160,0,4,35.78325576258976,1.3513000012608245,1038.7257460024557,1448.1
1772924263,10,GET,/api/chains/{id},15.600000,0.000000,3,7,9,11,16,23,150,1000,1000,1000,1000,2374,0,3,23.205008661696958,1.2148069981776644,1061.2717760013766,503.7144060657119
1772924263,10,POST,/api/chains/{id}/activate,15.700000,0.000000,3,4,8,10,16,19,23,26,43,43,43,2374,0,3,6.562691137764254,1.1701449984684587,1056.0120830014057,53.30202190395956
1772924263,10,POST,/api/chains/{id}/deactivate,15.600000,0.000000,2,2,3,3,5,10,14,31,1100,1100,1100,2374,0,2,3.820988858412536,1.162620999821229,1083.7654569986626,61.76832350463353
1772924263,10,POST,/api/plugins/batch/parameters (500 updates),11.800000,0.000000,6,11,14,16,23,25,35,250,840,840,840,1354,0,6,23.399525435826455,2.806248998240335,1062.9528999998001,880.2688330871492
1772924263,10,GET,/api/plugins/discover,0.000000,0.000000,0,0,0,0,0,0,0,0,0,0,0,160,0,13,18.220616150142632,10.576317999948515,58.00965399976121,85406.0
1772924263,10,GET,/api/plugins/list,0.000000,0.000000,0,0,0,0,0,0,0,0,0,0,0,160,0,2,5.07641034982953,1.080333000572864,43.401594997703796,29.4
1772924263,10,POST,/api/plugins/load?uri,6.600000,0.000000,3,3,8,11,18,22,240,260,260,260,260,798,0,3,5.795623182943597,1.3049310000496916,256.2621520009998,2214.7017543859647
1772924263,10,POST,/api/plugins/unload?uri,6.600000,0.000000,2,3,3,4,8,10,16,19,19,19,19,798,0,2,3.456322258098499,1.1754760016629007,64.64023000080488,108.50501253132832
1772924263,10,,Aggregated,146.600000,0.000000,3,4,8,10,17,22,35,250,1100,1100,1100,20796,0,2,11.634148649943109,1.0178689990425482,1083.7654569986626,924.7315829967301
1772924264,10,GET,/api/audio/latency,21.800000,0.000000,2,3,7,9,17,22,23,23,26,26,26,3165,0,2,4.382831122629465,1.0178689990425482,63.048467000044184,33.0
1772924264,10,GET,/api/audio/levels,21.700000,0.000000,3,7,11,14,19,33,850,960,1100,1100,1100,3165,0,3,20.002733353587423,1.0466029998497106,1063.1027659983374,75.4480252764613
1772924264,10,GET,/api/audio/levels (during plugin swap),5.700000,0.000000,4,8,12,13,18,38,250,1100,1100,1100,1100,803,0,3,29.737420823142497,1.0652109995135106,1065.1855479991355,75.18555417185554
1772924264,10,GET,/api/audio/levels/plugins,5.700000,0.000000,2,3,4,5,9,16,17,21,21,21,21,803,0,2,5.08558617811255,1.0223909994238056,1004.5815230005246,19.471980074719802
1772924264,10,GET,/api/audio/status,15.200000,0.000000,2,2,3,3,7,13,20,22,23,23,23,2387,0,2,3.733698351123351,1.0313479979231488,246.06509799923515,168.0
1772924264,10,GET,/api/chains/,0.000000,0.000000,0,0,0,0,0,0,0,0,0,0,0,160,0,4,35.78325576258976,1.3513000012608245,1038.7257460024557,1448.1
1772924264,10,GET,/api/chains/{id},15.200000,0.000000,3,6,9,11,16,20,210,1000,1000,1000,1000,2387,0,3,23.111443878872123,1.2148069981776644,1061.2717760013766,504.04566401340594
1772924264,10,POST,/api/chains/{id}/activate,15.200000,0.000000,3,4,7,9,15,18,21,23,26,26,26,2387,0,3,6.559339852975066,1.1701449984684587,1056.0120830014057,53.296606619187266
1772924264,10,POST,/api/chains/{id}/deactivate,15.200000,0.000000,2,2,3,3,6,9,14,31,1100,1100,1100,2387,0,2,3.8126495810117262,1.162620999821229,1083.7654569986626,61.76958525345622
1772924264,10,POST,/api/plugins/batch/parameters (500 updates),11.200000,0.000000,6,11,14,16,23,25,35,250,840,840,840,1371,0,6,23.21227449533962,2.806248998240335,1062.9528999998001,879.837345003647
1772924264,10,GET,/api/plugins/discover,0.000000,0.000000,0,0,0,0,0,0,0,0,0,0,0,160,0,13,18.220616150142632,10.576317999948515,58.00965399976121,85406.0
1772924264,10,GET,/api/plugins/list,0.000000,0.000000,0,0,0,0,0,0,0,0,0,0,0,160,0,2,5.07641034982953,1.080333000572864,43.401594997703796,29.4
1772924264,10,POST,/api/plugins/load?uri,5.700000,0.000000,2,3,8,11,18,22,240,260,260,260,260,803,0,3,5.792739701107459,1.3049310000496916,256.2621520009998,2215.178082191781
1772924264,10,POST,/api/plugins/unload?uri,5.700000,0.000000,2,3,3,4,8,10,16,19,19,19,19,803,0,2,3.4458167546259917,1.1754760016629007,64.64023000080488,108.47073474470734
1772924264,10,,Aggregated,138.300000,0.000000,3,4,7,9,16,20,26,250,1100,1100,1100,20941,0,2,11.5885542142321,1.0178689990425482,1083.7654569986626,920.2803591041497
1772924265,10,GET,/api/audio/latency,21.000000,0.000000,2,3,4,8,16,20,22,23,26,26,26,3189,0,2,4.372858237734664,1.0178689990425482,63.048467000044184,33.0
1772924265,10,GET,/api/audio/levels,21.100000,0.000000,3,7,11,14,19,24,850,960,1100,1100,1100,3191,0,3,19.898152641834663,1.0466029998497106,1063.1027659983374,75.44030084612974
1772924265,10,GET,/api/audio/levels (during plugin swap),5.100000,0.000000,4,8,8,12,14,19,1100,1100,1100,1100,1100,807,0,3,29.611157014842274,1.0652109995135106,1065.1855479991355,75.1908302354399
1772924265,10,GET,/api/audio/levels/plugins,5.100000,0.000000,2,2,3,4,8,12,16,16,16,16,16,807,0,2,5.0719266766132645,1.0223909994238056,1004.5815230005246,19.477075588599753
1772924265,10,GET,/api/audio/status,15.800000,0.000000,2,2,3,4,7,14,20,22,23,23,23,2404,0,2,3.736748470517026,1.0313479979231488,246.06509799923515,168.0
1772924265,10,GET,/api/chains/,0.000000,0.000000,0,0,0,0,0,0,0,0,0,0,0,160,0,4,35.78325576258976,1.3513000012608245,1038.7257460024557,1448.1
1772924265,10,GET,/api/chains/{id},15.800000,0.000000,3,6,9,11,15,20,24,1000,1000,1000,1000,2404,0,3,23.00441555236373,1.2148069981776644,1061.2717760013766,503.80074875207987
1772924265,10,POST,/api/chains/{id}/activate,15.800000,0.000000,4,4,7,9,16,18,21,23,26,26,26,2404,0,3,6.564577309502916,1.1701449984684587,1056.0120830014057,53.28161397670549
1772924265,10,POST,/api/chains/{id}/deactivate,15.800000,0.000000,2,2,3,3,6,10,14,31,1100,1100,1100,2404,0,2,3.811214064424987,1.162620999821229,1083.7654569986626,61.7712146422629
1772924265,10,POST,/api/plugins/batch/parameters (500 updates),11.600000,0.000000,6,9,13,15,20,24,25,35,840,840,840,1381,0,6,23.080037391824657,2.806248998240335,1062.9528999998001,879.955829109341
1772924265,10,GET,/api/plugins/discover,0.000000,0.000000,0,0,0,0,0,0,0,0,0,0,0,160,0,13,18.220616150142632,10.576317999948515,58.00965399976121,85406.0
1772924265,10,GET,/api/plugins/list,0.000000,0.000000,0,0,0,0,0,0,0,0,0,0,0,160,0,2,5.07641034982953,1.080333000572864,43.401594997703796,29.4
1772924265,10,POST,/api/plugins/load?uri,5.100000,0.000000,2,3,5,8,18,19,22,22,22,22,22,807,0,3,5.7959188971343325,1.3049310000496916,256.2621520009998,2216.625774473358
1772924265,10,POST,/api/plugins/unload?uri,5.100000,0.000000,2,3,3,3,8,10,19,19,19,19,19,807,0,2,3.4385030135909997,1.1754760016629007,64.64023000080488,108.45848822800495
1772924265,10,,Aggregated,137.300000,0.000000,3,4,6,9,15,19,24,33,1100,1100,1100,21085,0,2,11.545506976297746,1.0178689990425482,1083.7654569986626,915.6690538297368
1772924266,10,GET,/api/audio/latency,21.200000,0.000000,2,3,4,7,16,20,22,23,26,26,26,3208,0,2,4.365173995990161,1.0178689990425482,63.048467000044184,33.0
1772924266,10,GET,/api/audio/levels,21.200000,0.000000,3,7,11,14,19,24,850,960,1100,1100,1100,3208,0,3,19.81566791056522,1.0466029998497106,1063.1027659983374,75.44357855361596
1772924266,10,GET,/api/audio/levels (during plugin swap),5.200000,0.000000,4,8,9,12,14,19,1100,1100,1100,1100,1100,811,0,3,29.48576279898518,1.0652109995135106,1065.1855479991355,75.1960542540074
1772924266,10,GET,/api/audio/levels/plugins,5.200000,0.000000,2,3,3,4,8,9,16,16,16,16,16,811,0,2,5.064500228151031,1.0223909994238056,1004.5815230005246,19.482120838471022
1772924266,10,GET,/api/audio/status,16.000000,0.000000,2,2,3,3,7,14,20,22,23,23,23,2423,0,2,3.7287488927440537,1.0313479979231488,246.06509799923515,168.0
1772924266,10,GET,/api/chains/,0.000000,0.000000,0,0,0,0,0,0,0,0,0,0,0,160,0,4,35.78325576258976,1.3513000012608245,1038.7257460024557,1448.1
1772924266,10,GET,/api/chains/{id},16.000000,0.000000,3,6,10,12,16,20,24,1000,1000,1000,1000,2423,0,3,22.875118924425884,1.2148069981776644,1061.2717760013766,503.695831613702
1772924266,10,POST,/api/chains/{id}/activate,16.000000,0.000000,3,4,7,9,16,18,21,23,26,26,26,2423,0,3,6.549067347110084,1.1701449984684587,1056.0120830014057,53.282707387536114
1772924266,10,POST,/api/chains/{id}/deactivate,16.000000,0.000000,2,2,3,3,6,14,19,31,1100,1100,1100,2423,0,2,3.8205967634678646,1.162620999821229,1083.7654569986626,61.773008666941806
1772924266,10,POST,/api/plugins/batch/parameters (500 updates),10.900000,0.000000,6,8,11,14,18,23,24,25,840,840,840,1399,0,6,22.887768448973535,2.806248998240335,1062.9528999998001,879.9292351679771
1772924266,10,GET,/api/plugins/discover,0.000000,0.000000,0,0,0,0,0,0,0,0,0,0,0,160,0,13,18.220616150142632,10.576317999948515,58.00965399976121,85406.0
1772924266,10,GET,/api/plugins/list,0.000000,0.000000,0,0,0,0,0,0,0,0,0,0,0,160,0,2,5.07641034982953,1.080333000572864,43.401594997703796,29.4
1772924266,10,POST,/api/plugins/load?uri,5.200000,0.000000,2,3,8,11,18,21,22,22,22,22,22,811,0,3,5.802660974091384,1.3049310000496916,256.2621520009998,2221.4833538840935
1772924266,10,POST,/api/plugins/unload?uri,5.200000,0.000000,2,3,3,3,8,10,19,19,19,19,19,811,0,2,3.4308871269711188,1.1754760016629007,64.64023000080488,108.41923551171394
1772924266,10,,Aggregated,138.100000,0.000000,3,4,7,9,16,19,24,31,1100,1100,1100,21231,0,2,11.499246985269457,1.0178689990425482,1083.7654569986626,911.5398238424945
1772924267,10,GET,/api/audio/latency,21.500000,0.000000,2,3,4,8,16,21,22,23,26,26,26,3231,0,2,4.36961465371258,1.0178689990425482,63.048467000044184,33.0
1772924267,10,GET,/api/audio/levels,21.500000,0.000000,3,7,11,14,19,24,850,960,1100,1100,1100,3233,0,3,19.69961115499635,1.0466029998497106,1063.1027659983374,75.43674605629447
1772924267,10,GET,/api/audio/levels (during plugin swap),5.300000,0.000000,4,8,9,12,14,19,1100,1100,1100,1100,1100,817,0,3,29.28325396814825,1.0652109995135106,1065.1855479991355,75.19583843329254
1772924267,10,GET,/api/audio/levels/plugins,5.300000,0.000000,2,3,4,4,9,16,21,21,21,21,21,817,0,2,5.0622357711565495,1.0223909994238056,1004.5815230005246,19.473684210526315
1772924267,10,GET,/api/audio/status,15.000000,0.000000,2,2,3,4,8,14,20,22,23,23,23,2439,0,2,3.7270684014375446,1.0313479979231488,246.06509799923515,168.0
1772924267,10,GET,/api/chains/,0.000000,0.000000,0,0,0,0,0,0,0,0,0,0,0,160,0,4,35.78325576258976,1.3513000012608245,1038.7257460024557,1448.1
1772924267,10,GET,/api/chains/{id},15.000000,0.000000,3,8,10,12,16,20,27,1000,1000,1000,1000,2439,0,3,22.756375825289705,1.2148069981776644,1061.2717760013766,502.97334973349734
1772924267,10,POST,/api/chains/{id}/activate,15.000000,0.000000,3,5,7,10,17,19,21,26,37,37,37,2439,0,3,6.550353841344974,1.1701449984684587,1056.0120830014057,53.2960229602296
1772924267,10,POST,/api/chains/{id}/deactivate,15.000000,0.000000,2,2,3,3,7,14,27,31,1100,1100,1100,2439,0,2,3.8214249802729725,1.162620999821229,1083.7654569986626,61.77449774497745
1772924267,10,POST,/api/plugins/batch/parameters (500 updates),11.200000,0.000000,6,8,12,14,18,24,25,37,840,840,840,1412,0,6,22.77017746679693,2.806248998240335,1062.9528999998001,879.8172804532578
1772924267,10,GET,/api/plugins/discover,0.000000,0.000000,0,0,0,0,0,0,0,0,0,0,0,160,0,13,18.220616150142632,10.576317999948515,58.00965399976121,85406.0
1772924267,10,GET,/api/plugins/list,0.000000,0.000000,0,0,0,0,0,0,0,0,0,0,0,160,0,2,5.07641034982953,1.080333000572864,43.401594997703796,29.4
1772924267,10,POST,/api/plugins/load?uri,5.300000,0.000000,2,4,10,11,18,21,22,22,22,22,22,817,0,3,5.792882272935112,1.3049310000496916,256.2621520009998,2224.979192166463
1772924267,10,POST,/api/plugins/unload?uri,5.300000,0.000000,2,3,3,3,8,9,16,16,16,16,16,817,0,2,3.417849930196824,1.1754760016629007,64.64023000080488,108.43206854345165
1772924267,10,,Aggregated,135.400000,0.000000,3,4,7,9,16,20,24,37,1100,1100,1100,21380,0,2,11.454009630367656,1.0178689990425482,1083.7654569986626,907.1597287184285
1772924268,10,GET,/api/audio/latency,21.400000,0.000000,2,3,5,8,16,20,22,22,23,23,23,3258,0,2,4.380130694949017,1.0178689990425482,63.048467000044184,33.0
1772924268,10,GET,/api/audio/levels,21.400000,0.000000,3,5,9,13,18,23,850,960,1100,1100,1100,3258,0,3,19.585266467191065,1.0466029998497106,1063.1027659983374,75.43001841620627
1772924268,10,GET,/api/audio/levels (during plugin swap),5.000000,0.000000,3,7,9,11,13,17,1100,1100,1100,1100,1100,824,0,3,29.07936214561029,1.0652109995135106,1065.1855479991355,75.20873786407768
1772924268,10,GET,/api/audio/levels/plugins,5.000000,0.000000,2,2,3,4,8,16,21,21,21,21,21,824,0,2,5.0358160910636975,1.0223909994238056,1004.5815230005246,19.474514563106798
1772924268,10,GET,/api/audio/status,15.700000,0.000000,2,2,3,3,7,13,19,20,23,23,23,2457,0,2,3.714838259300651,1.0313479979231488,246.06509799923515,168.0
1772924268,10,GET,/api/chains/,0.000000,0.000000,0,0,0,0,0,0,0,0,0,0,0,160,0,4,35.78325576258976,1.3513000012608245,1038.7257460024557,1448.1
1772924268,10,GET,/api/chains/{id},15.700000,0.000000,3,7,10,12,18,21,27,1000,1000,1000,1000,2457,0,3,22.639760814360727,1.2148069981776644,1061.2717760013766,502.8091168091168
1772924268,10,POST,/api/chains/{id}/activate,15.700000,0.000000,3,5,6,9,17,19,26,27,37,37,37,2457,0,3,6.542992352886086,1.1701449984684587,1056.0120830014057,53.2942612942613
1772924268,10,POST,/api/chains/{id}/deactivate,15.700000,0.000000,2,2,3,3,6,14,22,27,1100,1100,1100,2457,0,2,3.819775015421547,1.162620999821229,1083.7654569986626,61.77614977614978
1772924268,10,POST,/api/plugins/batch/parameters (500 updates),11.700000,0.000000,6,8,11,13,17,22,25,37,840,840,840,1422,0,6,22.647609720900373,2.806248998240335,1062.9528999998001,879.8255977496484
1772924268,10,GET,/api/plugins/discover,0.000000,0.000000,0,0,0,0,0,0,0,0,0,0,0,160,0,13,18.220616150142632,10.576317999948515,58.00965399976121,85406.0
1772924268,10,GET,/api/plugins/list,0.000000,0.000000,0,0,0,0,0,0,0,0,0,0,0,160,0,2,5.07641034982953,1.080333000572864,43.401594997703796,29.4
1772924268,10,POST,/api/plugins/load?uri,5.000000,0.000000,2,3,6,10,16,18,22,22,22,22,22,824,0,3,5.772953341000934,1.3049310000496916,256.2621520009998,2228.401699029126
1772924268,10,POST,/api/plugins/unload?uri,5.000000,0.000000,2,2,3,3,4,9,16,16,16,16,16,824,0,2,3.4174369210835085,1.1754760016629007,64.64023000080488,108.4114077669903
1772924268,10,,Aggregated,137.300000,0.000000,2,4,6,8,15,19,23,30,1100,1100,1100,21542,0,2,11.402625936787551,1.0178689990425482,1083.7654569986626,902.4322718410547
1772924269,10,GET,/api/audio/latency,21.700000,0.000000,2,3,5,8,16,20,22,22,26,26,26,3278,0,2,4.372654375580588,1.0178689990425482,63.048467000044184,33.0
1772924269,10,GET,/api/audio/levels,21.700000,0.000000,3,5,10,13,19,23,850,960,1100,1100,1100,3278,0,3,19.495552137312504,1.0466029998497106,1063.1027659983374,75.43105552165954
1772924269,10,GET,/api/audio/levels (during plugin swap),4.400000,0.000000,3,5,8,10,13,14,1100,1100,1100,1100,1100,830,0,3,28.89374702407874,1.0606079995341133,1065.1855479991355,75.20843373493976
1772924269,10,GET,/api/audio/levels/plugins,4.400000,0.000000,2,2,3,4,8,9,21,21,21,21,21,830,0,2,5.012477304867444,1.0223909994238056,1004.5815230005246,19.481927710843372
1772924269,10,GET,/api/audio/status,15.800000,0.000000,2,2,3,3,7,10,15,19,20,20,20,2475,0,2,3.7061306477228597,1.0313479979231488,246.06509799923515,168.0
1772924269,10,GET,/api/chains/,0.000000,0.000000,0,0,0,0,0,0,0,0,0,0,0,160,0,4,35.78325576258976,1.3513000012608245,1038.7257460024557,1448.1
1772924269,10,GET,/api/chains/{id},15.800000,0.000000,3,6,11,13,18,21,27,1000,1000,1000,1000,2475,0,3,22.518161993083954,1.2148069981776644,1061.2717760013766,503.0577777777778
1772924269,10,POST,/api/chains/{id}/activate,15.800000,0.000000,3,5,6,9,16,18,26,27,37,37,37,2475,0,3,6.524673180216324,1.1701449984684587,1056.0120830014057,53.30262626262626
1772924269,10,POST,/api/chains/{id}/deactivate,15.800000,0.000000,2,2,3,3,7,16,22,27,1100,1100,1100,2475,0,2,3.8165600250097054,1.162620999821229,1083.7654569986626,61.77777777777778
1772924269,10,POST,/api/plugins/batch/parameters (500 updates),11.900000,0.000000,6,8,11,12,18,22,25,37,840,840,840,1433,0,6,22.563502928904896,2.806248998240335,1062.9528999998001,879.6364270760643
1772924269,10,GET,/api/plugins/discover,0.000000,0.000000,0,0,0,0,0,0,0,0,0,0,0,160,0,13,18.220616150142632,10.576317999948515,58.00965399976121,85406.0
1772924269,10,GET,/api/plugins/list,0.000000,0.000000,0,0,0,0,0,0,0,0,0,0,0,160,0,2,5.07641034982953,1.080333000572864,43.401594997703796,29.4
1772924269,10,POST,/api/plugins/load?uri,4.400000,0.000000,2,3,5,10,16,18,22,22,22,22,22,830,0,2,5.758790402382672,1.3049310000496916,256.2621520009998,2222.76265060241
1772924269,10,POST,/api/plugins/unload?uri,4.500000,0.000000,1,2,3,3,3,13,16,16,16,16,16,830,0,2,3.4160844312939744,1.1658449984679464,64.64023000080488,108.38674698795181
1772924269,10,,Aggregated,136.200000,0.000000,2,4,6,8,15,19,24,30,1100,1100,1100,21689,0,2,11.355217602577454,1.0178689990425482,1083.7654569986626,897.9876896122458
1772924270,10,GET,/api/audio/latency,22.200000,0.000000,2,4,5,8,16,20,22,22,26,26,26,3307,0,2,4.372628235908682,1.0178689990425482,63.048467000044184,33.0
1772924270,10,GET,/api/audio/levels,22.200000,0.000000,3,6,10,13,19,27,850,960,1100,1100,1100,3307,0,3,19.414213838859038,1.0466029998497106,1063.1027659983374,75.42546114302993
1772924270,10,GET,/api/audio/levels (during plugin swap),4.500000,0.000000,2,5,9,11,13,19,1100,1100,1100,1100,1100,835,0,3,28.77529593291595,1.0606079995341133,1065.1855479991355,75.19520958083832
1772924270,10,GET,/api/audio/levels/plugins,4.500000,0.000000,2,2,3,4,8,9,26,26,26,26,26,834,0,2,5.031814318992444,1.0223909994238056,1004.5815230005246,19.486810551558754
1772924270,10,GET,/api/audio/status,15.200000,0.000000,2,2,3,3,8,13,16,20,21,21,21,2489,0,2,3.718485981969524,1.0313479979231488,246.06509799923515,168.0
1772924270,10,GET,/api/chains/,0.000000,0.000000,0,0,0,0,0,0,0,0,0,0,0,160,0,4,35.78325576258976,1.3513000012608245,1038.7257460024557,1448.1
1772924270,10,GET,/api/chains/{id},15.200000,0.000000,3,6,11,13,18,22,27,1000,1000,1000,1000,2489,0,3,22.42547824502737,1.2148069981776644,1061.2717760013766,502.6966653274407
1772924270,10,POST,/api/chains/{id}/activate,15.200000,0.000000,3,5,7,10,16,19,21,27,37,37,37,2489,0,3,6.526302032553532,1.1701449984684587,1056.0120830014057,53.29007633587786
1772924270,10,POST,/api/chains/{id}/deactivate,15.200000,0.000000,2,2,3,3,10,16,19,27,1100,1100,1100,2489,0,2,3.8159413920826677,1.162620999821229,1083.7654569986626,61.779027721976696
1772924270,10,POST,/api/plugins/batch/parameters (500 updates),11.700000,0.000000,6,8,11,12,18,22,32,37,840,840,840,1444,0,6,22.46047926878053,2.806248998240335,1062.9528999998001,879.7770083102494
1772924270,10,GET,/api/plugins/discover,0.000000,0.000000,0,0,0,0,0,0,0,0,0,0,0,160,0,13,18.220616150142632,10.576317999948515,58.00965399976121,85406.0
1772924270,10,GET,/api/plugins/list,0.000000,0.000000,0,0,0,0,0,0,0,0,0,0,0,160,0,2,5.07641034982953,1.080333000572864,43.401594997703796,29.4
1772924270,10,POST,/api/plugins/load?uri,4.500000,0.000000,2,3,6,10,18,21,22,22,22,22,22,835,0,3,5.765978216747286,1.3049310000496916,256.2621520009998,2221.0023952095808
1772924270,10,POST,/api/plugins/unload?uri,4.500000,0.000000,1,2,3,3,3,9,13,13,13,13,13,834,0,2,3.419156378864321,1.1658449984679464,64.64023000080488,108.3621103117506
1772924270,10,,Aggregated,134.900000,0.000000,2,4,6,9,16,20,26,37,1100,1100,1100,21832,0,2,11.325261464331346,1.0178689990425482,1083.7654569986626,893.6443294246977
1772924271,10,GET,/api/audio/latency,22.300000,0.000000,2,3,4,8,14,19,21,22,26,26,26,3326,0,2,4.3708109038327745,1.0178689990425482,63.048467000044184,33.0
1772924271,10,GET,/api/audio/levels,22.300000,0.000000,3,5,9,12,18,23,28,33,47,47,47,3328,0,3,19.333952044804576,1.0466029998497106,1063.1027659983374,75.42578125
1772924271,10,GET,/api/audio/levels (during plugin swap),4.900000,0.000000,3,5,9,11,13,18,19,22,22,22,22,840,0,3,28.649801944032202,1.0606079995341133,1065.1855479991355,75.18214285714286
1772924271,10,GET,/api/audio/levels/plugins,4.900000,0.000000,2,2,3,4,6,9,21,26,26,26,26,840,0,2,5.011021617900995,1.0223909994238056,1004.5815230005246,19.49404761904762
1772924271,10,GET,/api/audio/status,15.200000,0.000000,2,2,3,3,8,14,18,20,21,21,21,2502,0,2,3.7240903913362393,1.0313479979231488,246.06509799923515,168.0
1772924271,10,GET,/api/chains/,0.000000,0.000000,0,0,0,0,0,0,0,0,0,0,0,160,0,4,35.78325576258976,1.3513000012608245,1038.7257460024557,1448.1
1772924271,10,GET,/api/chains/{id},15.200000,0.000000,3,5,10,12,17,20,24,27,31,31,31,2502,0,3,22.326605177801863,1.2148069981776644,1061.2717760013766,503.08553157474023
1772924271,10,POST,/api/chains/{id}/activate,15.200000,0.000000,3,5,7,9,16,18,21,27,37,37,37,2502,0,3,6.520326377711035,1.1701449984684587,1056.0120830014057,53.28497202238209
1772924271,10,POST,/api/chains/{id}/deactivate,15.200000,0.000000,2,2,3,3,7,14,19,22,27,27,27,2502,0,2,3.8130280695015584,1.162620999821229,1083.7654569986626,61.78017585931255
1772924271,10,POST,/api/plugins/batch/parameters (500 updates),11.100000,0.000000,6,9,11,13,19,22,25,32,37,37,37,1457,0,6,22.349359724853443,2.806248998240335,1062.9528999998001,879.7577213452299
1772924271,10,GET,/api/plugins/discover,0.000000,0.000000,0,0,0,0,0,0,0,0,0,0,0,160,0,13,18.220616150142632,10.576317999948515,58.00965399976121,85406.0
1772924271,10,GET,/api/plugins/list,0.000000,0.000000,0,0,0,0,0,0,0,0,0,0,0,160,0,2,5.07641034982953,1.080333000572864,43.401594997703796,29.4
1772924271,10,POST,/api/plugins/load?uri,4.900000,0.000000,2,3,5,6,16,18,22,22,22,22,22,840,0,2,5.759163347604391,1.3049310000496916,256.2621520009998,2219.1392857142855
1772924271,10,POST,/api/plugins/unload?uri,4.900000,0.000000,1,2,2,3,3,9,13,13,13,13,13,840,0,2,3.4065809321180582,1.1658449984679464,64.64023000080488,108.3047619047619
1772924271,10,,Aggregated,136.100000,0.000000,2,4,6,8,15,19,22,26,38,47,47,21959,0,2,11.289393045233343,1.0178689990425482,1083.7654569986626,890.0893483309804
1772924272,10,GET,/api/audio/latency,22.100000,0.000000,2,4,5,8,17,20,22,26,1100,1100,1100,3330,0,2,5.0238396441895645,1.0178689990425482,1073.7905090027198,33.0
1772924272,10,GET,/api/audio/levels,22.100000,0.000000,3,6,9,13,19,25,33,47,1000,1000,1000,3330,0,3,19.907704826459508,1.0466029998497106,1063.1027659983374,75.43213213213214
1772924272,10,GET,/api/audio/levels (during plugin swap),5.100000,0.000000,3,7,10,12,13,19,910,910,910,910,910,842,0,3,29.663939682885594,1.0606079995341133,1065.1855479991355,75.19239904988123
1772924272,10,GET,/api/audio/levels/plugins,5.100000,0.000000,2,2,3,4,6,9,26,26,26,26,26,842,0,2,5.004361403845124,1.0223909994238056,1004.5815230005246,19.49643705463183
1772924272,10,GET,/api/audio/status,15.200000,0.000000,2,2,3,3,9,15,19,20,21,21,21,2506,0,2,3.7240963380362615,1.0313479979231488,246.06509799923515,168.0
1772924272,10,GET,/api/chains/,0.000000,0.000000,0,0,0,0,0,0,0,0,0,0,0,160,0,4,35.78325576258976,1.3513000012608245,1038.7257460024557,1448.1
1772924272,10,GET,/api/chains/{id},15.200000,0.000000,3,5,11,13,18,24,880,920,970,970,970,2506,0,3,23.39753180561195,1.2148069981776644,1061.2717760013766,503.0798084596967
1772924272,10,POST,/api/chains/{id}/activate,15.200000,0.000000,3,5,7,10,17,19,31,31,37,37,37,2506,0,3,6.544490401851281,1.1701449984684587,1056.0120830014057,53.275738228252195
1772924272,10,POST,/api/chains/{id}/deactivate,15.200000,0.000000,2,2,3,3,11,16,19,22,27,27,27,2506,0,2,3.8138599768108983,1.162620999821229,1083.7654569986626,61.780526735834
1772924272,10,POST,/api/plugins/batch/parameters (500 updates),11.000000,0.000000,6,9,11,13,20,24,37,1000,1100,1100,1100,1460,0,6,23.753872454187942,2.806248998240335,1074.2657150003652,879.8068493150685
1772924272,10,GET,/api/plugins/discover,0.000000,0.000000,0,0,0,0,0,0,0,0,0,0,0,160,0,13,18.220616150142632,10.576317999948515,58.00965399976121,85406.0
1772924272,10,GET,/api/plugins/list,0.000000,0.000000,0,0,0,0,0,0,0,0,0,0,0,160,0,2,5.07641034982953,1.080333000572864,43.401594997703796,29.4
1772924272,10,POST,/api/plugins/load?uri,5.100000,0.000000,2,3,5,10,18,22,23,23,23,23,23,842,0,2,5.774416615189469,1.3049310000496916,256.2621520009998,2218.7185273159143
1772924272,10,POST,/api/plugins/unload?uri,5.100000,0.000000,1,2,2,3,3,9,13,13,13,13,13,842,0,2,3.40318517099888,1.1658449984679464,64.64023000080488,108.29691211401425
1772924272,10,,Aggregated,136.400000,0.000000,2,4,6,9,16,20,26,37,1100,1100,1100,21992,0,2,11.731475919802357,1.0178689990425482,1083.7654569986626,889.2364950891233
1772924273,10,GET,/api/audio/latency,22.600000,0.000000,2,3,4,8,16,19,24,26,1100,1100,1100,3353,0,2,5.025099554775692,1.0178689990425482,1073.7905090027198,33.0
1772924273,10,GET,/api/audio/levels,22.600000,0.000000,3,5,9,12,16,24,30,47,1000,1000,1000,3353,0,3,19.806557476620426,1.0466029998497106,1063.1027659983374,75.43483447658814
1772924273,10,GET,/api/audio/levels (during plugin swap),5.000000,0.000000,2,4,8,9,12,18,22,910,910,910,910,852,0,3,29.365884857968563,1.0606079995341133,1065.1855479991355,75.1819248826291
1772924273,10,GET,/api/audio/levels/plugins,5.000000,0.000000,2,2,3,3,5,9,21,26,26,26,26,852,0,2,4.97063345191975,1.0223909994238056,1004.5815230005246,19.477699530516432
1772924273,10,GET,/api/audio/status,16.200000,0.000000,2,2,3,3,8,15,19,20,21,21,21,2526,0,2,3.713811394743579,1.0313479979231488,246.06509799923515,168.0
1772924273,10,GET,/api/chains/,0.000000,0.000000,0,0,0,0,0,0,0,0,0,0,0,160,0,4,35.78325576258976,1.3513000012608245,1038.7257460024557,1448.1
1772924273,10,GET,/api/chains/{id},16.200000,0.000000,3,5,11,12,18,22,880,920,970,970,970,2526,0,3,23.250598623858313,1.2148069981776644,1061.2717760013766,503.11757719714967
1772924273,10,POST,/api/chains/{id}/activate,16.200000,0.000000,3,5,7,10,17,19,31,31,37,37,37,2526,0,3,6.527336935884942,1.1701449984684587,1056.0120830014057,53.26959619952494
1772924273,10,POST,/api/chains/{id}/deactivate,16.300000,0.000000,2,2,3,3,12,16,19,22,27,27,27,2526,0,2,3.801892796471211,1.162620999821229,1083.7654569986626,61.78226444972288
1772924273,10,POST,/api/plugins/batch/parameters (500 updates),11.700000,0.000000,6,10,12,15,20,22,37,1000,1100,1100,1100,1471,0,6,23.650512731557157,2.806248998240335,1074.2657150003652,879.8239292997961
1772924273,10,GET,/api/plugins/discover,0.000000,0.000000,0,0,0,0,0,0,0,0,0,0,0,160,0,13,18.220616150142632,10.576317999948515,58.00965399976121,85406.0
1772924273,10,GET,/api/plugins/list,0.000000,0.000000,0,0,0,0,0,0,0,0,0,0,0,160,0,2,5.07641034982953,1.080333000572864,43.401594997703796,29.4
1772924273,10,POST,/api/plugins/load?uri,5.000000,0.000000,2,3,4,8,16,22,22,23,23,23,23,852,0,2,5.757539634963427,1.3049310000496916,256.2621520009998,2211.2899061032863
1772924273,10,POST,/api/plugins/unload?uri,5.000000,0.000000,1,2,2,3,3,9,13,13,13,13,13,852,0,2,3.393315630258347,1.1658449984679464,64.64023000080488,108.26173708920187
1772924273,10,,Aggregated,141.800000,0.000000,2,4,6,9,15,19,26,37,1100,1100,1100,22169,0,2,11.672076851157719,1.0178689990425482,1083.7654569986626,884.2047453651495
1772924274,10,GET,/api/audio/latency,22.700000,0.000000,2,3,4,6,16,19,26,1100,1100,1100,1100,3369,0,2,5.023006011623325,1.0178689990425482,1073.7905090027198,33.0
1772924274,10,GET,/api/audio/levels,22.900000,0.000000,3,5,9,12,17,25,38,910,1000,1000,1000,3369,0,3,19.741722276378038,1.0466029998497106,1063.1027659983374,75.43098842386465
1772924274,10,GET,/api/audio/levels (during plugin swap),5.200000,0.000000,2,7,8,10,13,22,37,910,910,910,910,857,0,3,29.27944174444092,1.0606079995341133,1065.1855479991355,75.18436406067678
1772924274,10,GET,/api/audio/levels/plugins,5.200000,0.000000,2,2,3,4,9,19,21,26,26,26,26,857,0,2,4.9987291167186925,1.0223909994238056,1004.5815230005246,19.47607934655776
1772924274,10,GET,/api/audio/status,16.300000,0.000000,2,2,3,3,8,14,17,18,21,21,21,2553,0,2,3.717156625586668,1.0313479979231488,246.06509799923515,168.0
1772924274,10,GET,/api/chains/,0.000000,0.000000,0,0,0,0,0,0,0,0,0,0,0,160,0,4,35.78325576258976,1.3513000012608245,1038.7257460024557,1448.1
1772924274,10,GET,/api/chains/{id},16.300000,0.000000,3,5,11,12,18,24,48,920,970,970,970,2553,0,3,23.094351681888018,1.2148069981776644,1061.2717760013766,503.3427340383862
1772924274,10,POST,/api/chains/{id}/activate,16.300000,0.000000,3,4,6,9,16,19,27,31,37,37,37,2553,0,3,6.514263613807877,1.1701449984684587,1056.0120830014057,53.29181355268312
1772924274,10,POST,/api/chains/{id}/deactivate,16.300000,0.000000,2,2,3,3,11,15,19,22,27,27,27,2553,0,2,3.797466528736155,1.162620999821229,1083.7654569986626,61.78456717587152
1772924274,10,POST,/api/plugins/batch/parameters (500 updates),12.000000,0.000000,7,10,13,15,21,22,60,1000,1100,1100,1100,1484,0,6,23.567878595093187,2.806248998240335,1074.2657150003652,879.9501347708895
1772924274,10,GET,/api/plugins/discover,0.000000,0.000000,0,0,0,0,0,0,0,0,0,0,0,160,0,13,18.220616150142632,10.576317999948515,58.00965399976121,85406.0
1772924274,10,GET,/api/plugins/list,0.000000,0.000000,0,0,0,0,0,0,0,0,0,0,0,160,0,2,5.07641034982953,1.080333000572864,43.401594997703796,29.4
1772924274,10,POST,/api/plugins/load?uri,5.200000,0.000000,2,3,6,10,16,22,22,23,23,23,23,857,0,2,5.768115974316382,1.3049310000496916,256.2621520009998,2213.1306884480746
1772924274,10,POST,/api/plugins/unload?uri,5.200000,0.000000,2,2,3,3,4,13,13,15,15,15,15,857,0,2,3.4010038482825165,1.1658449984679464,64.64023000080488,108.18669778296383
1772924274,10,,Aggregated,143.600000,0.000000,2,4,6,9,15,20,27,40,1100,1100,1100,22342,0,2,11.631452084785767,1.0178689990425482,1083.7654569986626,879.5421627428162
1772924275,10,GET,/api/audio/latency,21.800000,0.000000,2,3,4,8,16,19,26,1100,1100,1100,1100,3393,0,2,5.024093967920146,1.0178689990425482,1073.7905090027198,33.0
1772924275,10,GET,/api/audio/levels,21.700000,0.000000,3,5,9,12,17,25,52,910,1000,1000,1000,3393,0,3,19.674526659038055,1.0466029998497106,1063.1027659983374,75.43295019157088
1772924275,10,GET,/api/audio/levels (during plugin swap),5.100000,0.000000,3,8,10,12,18,37,52,910,910,910,910,864,0,3,29.168414049751036,1.052685001923237,1065.1855479991355,75.16666666666667
1772924275,10,GET,/api/audio/levels/plugins,5.100000,0.000000,2,2,3,4,7,19,21,26,26,26,26,864,0,2,4.983876856516434,1.0223909994238056,1004.5815230005246,19.47685185185185
1772924275,10,GET,/api/audio/status,15.400000,0.000000,2,2,3,4,10,14,17,18,21,21,21,2571,0,2,3.716437448512282,1.0313479979231488,246.06509799923515,168.0
1772924275,10,GET,/api/chains/,0.000000,0.000000,0,0,0,0,0,0,0,0,0,0,0,160,0,4,35.78325576258976,1.3513000012608245,1038.7257460024557,1448.1
1772924275,10,GET,/api/chains/{id},15.400000,0.000000,3,5,11,12,17,26,57,920,970,970,970,2571,0,3,23.014469624212058,1.2148069981776644,1061.2717760013766,503.3150525087515
1772924275,10,POST,/api/chains/{id}/activate,15.400000,0.000000,3,5,6,10,16,21,27,31,37,37,37,2571,0,3,6.516024267617031,1.1701449984684587,1056.0120830014057,53.29988331388565
1772924275,10,POST,/api/chains/{id}/deactivate,15.400000,0.000000,2,2,3,3,11,15,19,22,27,27,27,2571,0,2,3.792972807808942,1.162620999821229,1083.7654569986626,61.786075457020615
1772924275,10,POST,/api/plugins/batch/parameters (500 updates),11.200000,0.000000,7,10,13,15,21,22,60,1000,1100,1100,1100,1490,0,6,23.506015013503347,2.806248998240335,1074.2657150003652,879.9489932885906
1772924275,10,GET,/api/plugins/discover,0.000000,0.000000,0,0,0,0,0,0,0,0,0,0,0,160,0,13,18.220616150142632,10.576317999948515,58.00965399976121,85406.0
1772924275,10,GET,/api/plugins/list,0.000000,0.000000,0,0,0,0,0,0,0,0,0,0,0,160,0,2,5.07641034982953,1.080333000572864,43.401594997703796,29.4
1772924275,10,POST,/api/plugins/load?uri,5.100000,0.000000,2,3,6,10,16,17,22,23,23,23,23,864,0,2,5.781844140040414,1.3049310000496916,256.2621520009998,2211.5497685185187
1772924275,10,POST,/api/plugins/unload?uri,5.100000,0.000000,2,2,3,3,9,13,13,15,15,15,15,864,0,2,3.4094173703435984,1.1658449984679464,64.64023000080488,108.11226851851852
1772924275,10,,Aggregated,136.700000,0.000000,2,4,7,9,15,20,30,52,1100,1100,1100,22496,0,2,11.60018003966396,1.0178689990425482,1083.7654569986626,875.18643314367
1772924276,10,GET,/api/audio/latency,21.100000,0.000000,2,3,4,6,16,18,24,26,1100,1100,1100,3420,0,2,5.011751944200821,1.0178689990425482,1073.7905090027198,33.0
1772924276,10,GET,/api/audio/levels,21.200000,0.000000,3,5,10,12,17,25,47,60,1000,1000,1000,3420,0,3,19.568843171087494,1.0466029998497106,1063.1027659983374,75.4327485380117
1772924276,10,GET,/api/audio/levels (during plugin swap),5.400000,0.000000,2,8,10,12,18,37,52,910,910,910,910,869,0,3,29.02529440964715,1.052685001923237,1065.1855479991355,75.1542002301496
1772924276,10,GET,/api/audio/levels/plugins,5.400000,0.000000,2,2,3,4,9,18,19,26,26,26,26,869,0,2,4.993596994278381,1.0223909994238056,1004.5815230005246,19.475258918296895
1772924276,10,GET,/api/audio/status,15.000000,0.000000,2,2,3,3,10,16,18,20,21,21,21,2593,0,2,3.71313457390286,1.0313479979231488,246.06509799923515,168.0
1772924276,10,GET,/api/chains/,0.000000,0.000000,0,0,0,0,0,0,0,0,0,0,0,160,0,4,35.78325576258976,1.3513000012608245,1038.7257460024557,1448.1
1772924276,10,GET,/api/chains/{id},15.000000,0.000000,3,5,11,12,18,30,57,920,970,970,970,2593,0,3,22.8731867427112,1.2148069981776644,1061.2717760013766,503.2815271885847
1772924276,10,POST,/api/chains/{id}/activate,15.000000,0.000000,3,5,6,10,16,21,27,31,37,37,37,2593,0,3,6.509207490180914,1.1701449984684587,1056.0120830014057,53.308522946394135
1772924276,10,POST,/api/chains/{id}/deactivate,15.000000,0.000000,2,2,2,3,8,13,16,17,18,18,18,2593,0,2,3.775751573038053,1.162620999821229,1083.7654569986626,61.78789047435403
1772924276,10,POST,/api/plugins/batch/parameters (500 updates),11.700000,0.000000,7,11,15,17,21,32,1000,1100,1100,1100,1100,1502,0,6,23.407686601284453,2.806248998240335,1074.2657150003652,879.9147802929427
1772924276,10,GET,/api/plugins/discover,0.000000,0.000000,0,0,0,0,0,0,0,0,0,0,0,160,0,13,18.220616150142632,10.576317999948515,58.00965399976121,85406.0
1772924276,10,GET,/api/plugins/list,0.000000,0.000000,0,0,0,0,0,0,0,0,0,0,0,160,0,2,5.07641034982953,1.080333000572864,43.401594997703796,29.4
1772924276,10,POST,/api/plugins/load?uri,5.400000,0.000000,2,3,5,8,16,17,22,23,23,23,23,869,0,2,5.767347495969086,1.3049310000496916,256.2621520009998,2209.1967779056386
1772924276,10,POST,/api/plugins/unload?uri,5.400000,0.000000,2,2,3,3,9,13,15,18,18,18,18,869,0,2,3.421880795136736,1.1658449984679464,64.64023000080488,108.08515535097814
1772924276,10,,Aggregated,135.600000,0.000000,2,4,6,9,15,20,30,52,1100,1100,1100,22670,0,2,11.549709385589523,1.0178689990425482,1083.7654569986626,870.2629466254963
1772924277,10,GET,/api/audio/latency,20.100000,0.000000,2,3,4,5,16,18,26,1100,1100,1100,1100,3441,0,2,4.9944321235581075,1.0178689990425482,1073.7905090027198,33.0
1772924277,10,GET,/api/audio/levels,20.100000,0.000000,3,5,9,12,17,25,52,910,1000,1000,1000,3441,0,3,19.465003706807412,1.0466029998497106,1063.1027659983374,75.4292356873002
1772924277,10,GET,/api/audio/levels (during plugin swap),5.500000,0.000000,3,8,10,12,18,37,52,910,910,910,910,873,0,3,28.913098773175115,1.052685001923237,1065.1855479991355,75.15922107674685
1772924277,10,GET,/api/audio/levels/plugins,5.500000,0.000000,2,2,4,5,9,18,19,26,26,26,26,873,0,2,4.978748071052936,1.0223909994238056,1004.5815230005246,19.479954180985107
1772924277,10,GET,/api/audio/status,16.600000,0.000000,2,2,3,3,9,16,18,20,21,21,21,2614,0,2,3.707938388726011,1.0313479979231488,246.06509799923515,168.0
1772924277,10,GET,/api/chains/,0.000000,0.000000,0,0,0,0,0,0,0,0,0,0,0,160,0,4,35.78325576258976,1.3513000012608245,1038.7257460024557,1448.1
1772924277,10,GET,/api/chains/{id},16.600000,0.000000,3,5,11,12,17,30,57,920,970,970,970,2614,0,3,22.740162322052637,1.2148069981776644,1061.2717760013766,503.24980872226473
1772924277,10,POST,/api/chains/{id}/activate,16.600000,0.000000,3,4,6,8,16,21,25,31,31,31,31,2614,0,3,6.484985809123926,1.1701449984684587,1056.0120830014057,53.31446059678653
1772924277,10,POST,/api/chains/{id}/deactivate,16.600000,0.000000,2,2,2,3,8,12,16,17,18,18,18,2613,0,2,3.764680179058004,1.162620999821229,1083.7654569986626,61.789513968618444
1772924277,10,POST,/api/plugins/batch/parameters (500 updates),11.100000,0.000000,7,12,16,18,21,27,1000,1100,1100,1100,1100,1516,0,6,23.282738719083593,2.806248998240335,1074.2657150003652,879.7612137203166
1772924277,10,GET,/api/plugins/discover,0.000000,0.000000,0,0,0,0,0,0,0,0,0,0,0,160,0,13,18.220616150142632,10.576317999948515,58.00965399976121,85406.0
1772924277,10,GET,/api/plugins/list,0.000000,0.000000,0,0,0,0,0,0,0,0,0,0,0,160,0,2,5.07641034982953,1.080333000572864,43.401594997703796,29.4
1772924277,10,POST,/api/plugins/load?uri,5.500000,0.000000,2,3,6,10,16,17,22,23,23,23,23,873,0,2,5.751045423824612,1.3049310000496916,256.2621520009998,2211.712485681558
1772924277,10,POST,/api/plugins/unload?uri,5.500000,0.000000,2,3,3,4,9,13,15,18,18,18,18,873,0,2,3.4192592588567092,1.1658449984679464,64.64023000080488,108.07560137457045
1772924277,10,,Aggregated,139.700000,0.000000,2,4,6,9,16,20,27,52,1100,1100,1100,22825,0,2,11.497561949893713,1.0178689990425482,1083.7654569986626,866.218838992333
1772924278,10,GET,/api/audio/latency,20.500000,0.000000,2,3,4,5,16,19,26,1100,1100,1100,1100,3463,0,2,4.992182632157089,1.0178689990425482,1073.7905090027198,33.0
1772924278,10,GET,/api/audio/levels,20.700000,0.000000,3,6,10,12,19,26,52,910,1000,1000,1000,3463,0,3,19.391772217477698,1.0466029998497106,1063.1027659983374,75.42506497256714
1772924278,10,GET,/api/audio/levels (during plugin swap),5.700000,0.000000,3,8,10,13,18,37,52,910,910,910,910,880,0,3,28.711116409063337,1.052685001923237,1065.1855479991355,75.17159090909091
1772924278,10,GET,/api/audio/levels/plugins,5.700000,0.000000,2,2,3,4,9,18,19,26,26,26,26,880,0,2,4.952561346627507,1.0223909994238056,1004.5815230005246,19.480681818181818
1772924278,10,GET,/api/audio/status,16.800000,0.000000,2,2,3,3,8,16,18,20,21,21,21,2634,0,2,3.6945375638314792,1.0313479979231488,246.06509799923515,168.0
1772924278,10,GET,/api/chains/,0.000000,0.000000,0,0,0,0,0,0,0,0,0,0,0,160,0,4,35.78325576258976,1.3513000012608245,1038.7257460024557,1448.1
1772924278,10,GET,/api/chains/{id},16.800000,0.000000,3,6,11,12,16,30,57,920,970,970,970,2634,0,3,22.61279665559889,1.2148069981776644,1061.2717760013766,503.34927866362943
1772924278,10,POST,/api/chains/{id}/activate,16.800000,0.000000,3,4,6,9,16,19,24,31,31,31,31,2634,0,3,6.4779248189240715,1.1701449984684587,1056.0120830014057,53.317767653758544
1772924278,10,POST,/api/chains/{id}/deactivate,16.800000,0.000000,2,2,2,3,6,12,16,18,19,19,19,2634,0,2,3.7564679957748512,1.162620999821229,1083.7654569986626,61.791192103265
1772924278,10,POST,/api/plugins/batch/parameters (500 updates),10.500000,0.000000,7,12,16,18,21,26,60,1000,1100,1100,1100,1527,0,6,23.179278440165145,2.806248998240335,1074.2657150003652,879.7413228552717
1772924278,10,GET,/api/plugins/discover,0.000000,0.000000,0,0,0,0,0,0,0,0,0,0,0,160,0,13,18.220616150142632,10.576317999948515,58.00965399976121,85406.0
1772924278,10,GET,/api/plugins/list,0.000000,0.000000,0,0,0,0,0,0,0,0,0,0,0,160,0,2,5.07641034982953,1.080333000572864,43.401594997703796,29.4
1772924278,10,POST,/api/plugins/load?uri,5.700000,0.000000,2,3,5,8,16,17,22,23,23,23,23,880,0,2,5.72053806704389,1.3049310000496916,256.2621520009998,2203.5636363636363
1772924278,10,POST,/api/plugins/unload?uri,5.700000,0.000000,2,3,3,3,9,13,15,18,18,18,18,880,0,2,3.4127511011237486,1.1658449984679464,64.64023000080488,108.0840909090909
1772924278,10,,Aggregated,141.700000,0.000000,2,4,6,9,16,20,27,52,1100,1100,1100,22989,0,2,11.449018177620587,1.0178689990425482,1083.7654569986626,861.6849797729349
1772924279,10,GET,/api/audio/latency,20.800000,0.000000,2,3,4,5,16,18,24,27,1100,1100,1100,3489,0,2,4.98881788454154,1.0178689990425482,1073.7905090027198,33.0
1772924279,10,GET,/api/audio/levels,20.800000,0.000000,3,5,9,12,16,21,47,60,1000,1000,1000,3489,0,3,19.288926877365892,1.0466029998497106,1063.1027659983374,75.41817139581542
1772924279,10,GET,/api/audio/levels (during plugin swap),5.700000,0.000000,3,7,10,12,15,37,52,910,910,910,910,886,0,3,28.53301307107648,1.052685001923237,1065.1855479991355,75.17155756207674
1772924279,10,GET,/api/audio/levels/plugins,5.700000,0.000000,2,2,3,4,9,14,18,19,19,19,19,886,0,2,4.943470645632658,1.0223909994238056,1004.5815230005246,19.48758465011287
1772924279,10,GET,/api/audio/status,16.800000,0.000000,2,2,3,3,8,16,18,20,21,21,21,2652,0,2,3.685902871844933,1.0313479979231488,246.06509799923515,168.0
1772924279,10,GET,/api/chains/,0.000000,0.000000,0,0,0,0,0,0,0,0,0,0,0,160,0,4,35.78325576258976,1.3513000012608245,1038.7257460024557,1448.1
1772924279,10,GET,/api/chains/{id},16.800000,0.000000,3,6,11,12,15,25,57,920,970,970,970,2652,0,3,22.498399696399236,1.2148069981776644,1061.2717760013766,503.2575414781297
1772924279,10,POST,/api/chains/{id}/activate,16.800000,0.000000,3,4,6,9,16,18,24,31,31,31,31,2652,0,3,6.467352019624502,1.1701449984684587,1056.0120830014057,53.31598793363499
1772924279,10,POST,/api/chains/{id}/deactivate,16.800000,0.000000,2,2,2,3,4,9,15,18,19,19,19,2652,0,2,3.7441714761958385,1.162620999821229,1083.7654569986626,61.79260935143288
1772924279,10,POST,/api/plugins/batch/parameters (500 updates),10.500000,0.000000,7,11,15,17,20,26,1000,1100,1100,1100,1100,1536,0,6,23.078866630944123,2.806248998240335,1074.2657150003652,879.4752604166666
1772924279,10,GET,/api/plugins/discover,0.000000,0.000000,0,0,0,0,0,0,0,0,0,0,0,160,0,13,18.220616150142632,10.576317999948515,58.00965399976121,85406.0
1772924279,10,GET,/api/plugins/list,0.000000,0.000000,0,0,0,0,0,0,0,0,0,0,0,160,0,2,5.07641034982953,1.080333000572864,43.401594997703796,29.4
1772924279,10,POST,/api/plugins/load?uri,5.700000,0.000000,2,3,3,6,15,16,17,23,23,23,23,886,0,2,5.696384390514477,1.3049310000496916,256.2621520009998,2207.5857787810382
1772924279,10,POST,/api/plugins/unload?uri,5.700000,0.000000,2,3,3,5,9,15,15,18,18,18,18,886,0,2,3.4261530643266216,1.1658449984679464,64.64023000080488,108.10270880361173
1772924279,10,,Aggregated,142.100000,0.000000,2,4,6,8,15,18,26,52,1100,1100,1100,23146,0,2,11.400306716552667,1.0178689990425482,1083.7654569986626,857.6650825196579
1772924280,10,GET,/api/audio/latency,20.600000,0.000000,2,3,4,5,16,18,24,27,1100,1100,1100,3515,0,2,4.982472098195097,1.0178689990425482,1073.7905090027198,33.0
1772924280,10,GET,/api/audio/levels,20.600000,0.000000,3,5,9,12,16,22,47,60,1000,1000,1000,3515,0,3,19.202900798046173,1.0466029998497106,1063.1027659983374,75.41877667140825
1772924280,10,GET,/api/audio/levels (during plugin swap),5.600000,0.000000,3,8,12,13,27,37,52,910,910,910,910,895,0,3,28.381864320650674,1.052685001923237,1065.1855479991355,75.16424581005586
1772924280,10,GET,/api/audio/levels/plugins,5.600000,0.000000,2,2,3,3,9,14,18,19,19,19,19,895,0,2,4.916083381046097,1.0223909994238056,1004.5815230005246,19.46145251396648
1772924280,10,GET,/api/audio/status,17.500000,0.000000,2,2,3,3,8,13,17,18,20,20,20,2668,0,2,3.685541764671184,1.0313479979231488,246.06509799923515,168.0
1772924280,10,GET,/api/chains/,0.000000,0.000000,0,0,0,0,0,0,0,0,0,0,0,160,0,4,35.78325576258976,1.3513000012608245,1038.7257460024557,1448.1
1772924280,10,GET,/api/chains/{id},17.500000,0.000000,3,7,11,12,16,25,57,920,970,970,970,2668,0,3,22.39908723870052,1.2148069981776644,1061.2717760013766,503.1709145427286
1772924280,10,POST,/api/chains/{id}/activate,17.500000,0.000000,3,4,7,9,16,21,25,31,47,47,47,2668,0,3,6.484434707286611,1.1701449984684587,1056.0120830014057,53.3092203898051
1772924280,10,POST,/api/chains/{id}/deactivate,17.500000,0.000000,2,2,2,3,4,9,13,17,19,19,19,2668,0,2,3.7405049096210488,1.162620999821229,1083.7654569986626,61.79385307346327
1772924280,10,POST,/api/plugins/batch/parameters (500 updates),10.000000,0.000000,7,12,16,18,22,29,1000,1100,1100,1100,1100,1545,0,6,23.046675876461492,2.806248998240335,1074.2657150003652,879.4919093851132
1772924280,10,GET,/api/plugins/discover,0.000000,0.000000,0,0,0,0,0,0,0,0,0,0,0,160,0,13,18.220616150142632,10.576317999948515,58.00965399976121,85406.0
1772924280,10,GET,/api/plugins/list,0.000000,0.000000,0,0,0,0,0,0,0,0,0,0,0,160,0,2,5.07641034982953,1.080333000572864,43.401594997703796,29.4
1772924280,10,POST,/api/plugins/load?uri,5.600000,0.000000,2,3,4,6,16,17,23,25,25,25,25,895,0,2,5.694070078216964,1.3049310000496916,256.2621520009998,2214.394413407821
1772924280,10,POST,/api/plugins/unload?uri,5.600000,0.000000,2,3,3,4,9,15,15,18,18,18,18,895,0,2,3.42075417987536,1.1658449984679464,64.64023000080488,108.05474860335195
1772924280,10,,Aggregated,143.600000,0.000000,2,4,6,8,15,19,29,52,1100,1100,1100,23307,0,2,11.365894585504263,1.0178689990425482,1083.7654569986626,853.9206247050242
1772924281,10,GET,/api/audio/latency,20.200000,0.000000,2,3,4,6,16,18,24,27,1100,1100,1100,3543,0,2,4.976232181250885,1.0178689990425482,1073.7905090027198,33.0
1772924281,10,GET,/api/audio/levels,20.300000,0.000000,2,5,8,11,16,21,47,60,1000,1000,1000,3543,0,3,19.078665513723053,1.0466029998497106,1063.1027659983374,75.41433813152696
1772924281,10,GET,/api/audio/levels (during plugin swap),5.400000,0.000000,3,8,10,13,27,37,52,910,910,910,910,897,0,3,28.328728487163808,1.052685001923237,1065.1855479991355,75.15942028985508
1772924281,10,GET,/api/audio/levels/plugins,5.400000,0.000000,2,2,3,4,13,16,18,19,19,19,19,897,0,2,4.925002132706542,1.0223909994238056,1004.5815230005246,19.463768115942027
1772924281,10,GET,/api/audio/status,17.700000,0.000000,2,2,3,3,8,12,17,18,20,20,20,2680,0,2,3.684191545578788,1.0313479979231488,246.06509799923515,168.0
1772924281,10,GET,/api/chains/,0.000000,0.000000,0,0,0,0,0,0,0,0,0,0,0,160,0,4,35.78325576258976,1.3513000012608245,1038.7257460024557,1448.1
1772924281,10,GET,/api/chains/{id},17.700000,0.000000,3,8,11,12,16,25,57,920,970,970,970,2681,0,3,22.32577917040455,1.2148069981776644,1061.2717760013766,503.2793733681462
1772924281,10,POST,/api/chains/{id}/activate,17.700000,0.000000,3,5,7,10,16,21,25,31,47,47,47,2681,0,3,6.485205098112925,1.1701449984684587,1056.0120830014057,53.29503916449086
1772924281,10,POST,/api/chains/{id}/deactivate,17.700000,0.000000,2,2,2,3,4,9,13,17,19,19,19,2680,0,2,3.7338128630102827,1.162620999821229,1083.7654569986626,61.79477611940298
1772924281,10,POST,/api/plugins/batch/parameters (500 updates),10.300000,0.000000,7,12,16,17,22,28,60,1000,1100,1100,1100,1560,0,6,22.923909974437827,2.806248998240335,1074.2657150003652,879.5756410256411
1772924281,10,GET,/api/plugins/discover,0.000000,0.000000,0,0,0,0,0,0,0,0,0,0,0,160,0,13,18.220616150142632,10.576317999948515,58.00965399976121,85406.0
1772924281,10,GET,/api/plugins/list,0.000000,0.000000,0,0,0,0,0,0,0,0,0,0,0,160,0,2,5.07641034982953,1.080333000572864,43.401594997703796,29.4
1772924281,10,POST,/api/plugins/load?uri,5.400000,0.000000,2,3,3,5,15,17,23,25,25,25,25,897,0,2,5.687700860652205,1.3049310000496916,256.2621520009998,2211.948717948718
1772924281,10,POST,/api/plugins/unload?uri,5.400000,0.000000,2,3,3,4,9,15,15,18,18,18,18,897,0,2,3.417251477135258,1.1658449984679464,64.64023000080488,108.05016722408027
1772924281,10,,Aggregated,143.200000,0.000000,2,4,6,8,15,19,28,52,1100,1100,1100,23436,0,2,11.331237690192808,1.0178689990425482,1083.7654569986626,850.4673152415088
1772924282,10,GET,/api/audio/latency,20.500000,0.000000,2,3,3,5,14,17,19,23,27,27,27,3558,0,2,4.965110083804141,1.0178689990425482,1073.7905090027198,33.0
1772924282,10,GET,/api/audio/levels,20.500000,0.000000,2,5,8,10,15,19,27,47,60,60,60,3558,0,3,19.009431801043473,1.0466029998497106,1063.1027659983374,75.40415964024733
1772924282,10,GET,/api/audio/levels (during plugin swap),5.600000,0.000000,3,8,10,12,17,30,37,52,52,52,52,902,0,3,28.189045464512194,1.052685001923237,1065.1855479991355,75.19068736141907
1772924282,10,GET,/api/audio/levels/plugins,5.600000,0.000000,2,2,3,4,13,16,18,19,19,19,19,902,0,2,4.921749338180379,1.0223909994238056,1004.5815230005246,19.46230598669623
1772924282,10,GET,/api/audio/status,17.800000,0.000000,2,2,3,3,8,13,18,20,22,22,22,2697,0,2,3.6913847683165733,1.0313479979231488,246.06509799923515,168.0
1772924282,10,GET,/api/chains/,0.000000,0.000000,0,0,0,0,0,0,0,0,0,0,0,160,0,4,35.78325576258976,1.3513000012608245,1038.7257460024557,1448.1
1772924282,10,GET,/api/chains/{id},17.800000,0.000000,3,8,11,12,16,21,31,48,57,57,57,2697,0,3,22.240442659939,1.2148069981776644,1061.2717760013766,503.3819058212829
1772924282,10,POST,/api/chains/{id}/activate,17.800000,0.000000,3,4,7,9,16,17,23,25,47,47,47,2697,0,3,6.473043249917431,1.1701449984684587,1056.0120830014057,53.28846866889136
1772924282,10,POST,/api/chains/{id}/deactivate,17.800000,0.000000,2,2,2,3,4,8,15,19,19,19,19,2697,0,2,3.7296834649131116,1.162620999821229,1083.7654569986626,61.79606970708194
1772924282,10,POST,/api/plugins/batch/parameters (500 updates),10.200000,0.000000,7,12,16,17,21,27,29,55,60,60,60,1568,0,6,22.861971333624325,2.806248998240335,1074.2657150003652,879.5727040816327
1772924282,10,GET,/api/plugins/discover,0.000000,0.000000,0,0,0,0,0,0,0,0,0,0,0,160,0,13,18.220616150142632,10.576317999948515,58.00965399976121,85406.0
1772924282,10,GET,/api/plugins/list,0.000000,0.000000,0,0,0,0,0,0,0,0,0,0,0,160,0,2,5.07641034982953,1.080333000572864,43.401594997703796,29.4
1772924282,10,POST,/api/plugins/load?uri,5.600000,0.000000,2,3,3,4,14,16,17,25,25,25,25,902,0,2,5.667796299334876,1.3049310000496916,256.2621520009998,2216.20399113082
1772924282,10,POST,/api/plugins/unload?uri,5.600000,0.000000,2,3,3,5,9,15,15,18,18,18,18,902,0,2,3.4136898569717404,1.1658449984679464,64.64023000080488,108.07206208425721
1772924282,10,,Aggregated,144.800000,0.000000,2,4,6,8,15,17,24,30,60,60,60,23560,0,2,11.29516834415711,1.0178689990425482,1083.7654569986626,847.5893887945671
1772924283,10,GET,/api/audio/latency,20.800000,0.000000,2,3,3,5,14,17,20,23,27,27,27,3562,0,2,4.974224023632402,1.0178689990425482,1073.7905090027198,33.0
1772924283,10,GET,/api/audio/levels,20.800000,0.000000,2,5,8,10,15,19,47,60,1000,1000,1000,3562,0,3,19.53378406151382,1.0466029998497106,1063.1027659983374,75.4087591240876
1772924283,10,GET,/api/audio/levels (during plugin swap),5.900000,0.000000,3,8,10,14,30,52,940,1000,1000,1000,1000,906,0,3,30.23169638078455,1.052685001923237,1065.1855479991355,75.20971302428256
1772924283,10,GET,/api/audio/levels/plugins,5.900000,0.000000,2,3,4,4,13,16,18,19,19,19,19,906,0,2,4.9120311446382345,1.0223909994238056,1004.5815230005246,19.452538631346577
1772924283,10,GET,/api/audio/status,17.600000,0.000000,2,2,3,3,10,16,19,20,22,22,22,2704,0,2,3.698667213072747,1.0313479979231488,246.06509799923515,168.0
1772924283,10,GET,/api/chains/,0.000000,0.000000,0,0,0,0,0,0,0,0,0,0,0,160,0,4,35.78325576258976,1.3513000012608245,1038.7257460024557,1448.1
1772924283,10,GET,/api/chains/{id},17.600000,0.000000,3,8,11,13,17,30,960,980,1000,1000,1000,2704,0,3,23.638586523615093,1.2148069981776644,1061.2717760013766,503.3713017751479
1772924283,10,POST,/api/chains/{id}/activate,17.600000,0.000000,3,5,7,10,16,22,35,42,47,47,47,2704,0,3,6.513420960438517,1.1701449984684587,1056.0120830014057,53.27810650887574
1772924283,10,POST,/api/chains/{id}/deactivate,17.600000,0.000000,2,2,2,3,4,8,15,19,19,19,19,2704,0,2,3.7282269748043317,1.162620999821229,1083.7654569986626,61.796597633136095
1772924283,10,POST,/api/plugins/batch/parameters (500 updates),9.900000,0.000000,7,12,16,18,24,29,930,1000,1000,1000,1000,1571,0,6,24.06167818658368,2.806248998240335,1074.2657150003652,879.5474220241884
1772924283,10,GET,/api/plugins/discover,0.000000,0.000000,0,0,0,0,0,0,0,0,0,0,0,160,0,13,18.220616150142632,10.576317999948515,58.00965399976121,85406.0
1772924283,10,GET,/api/plugins/list,0.000000,0.000000,0,0,0,0,0,0,0,0,0,0,0,160,0,2,5.07641034982953,1.080333000572864,43.401594997703796,29.4
1772924283,10,POST,/api/plugins/load?uri,5.900000,0.000000,3,3,3,5,15,22,22,25,25,25,25,906,0,2,5.697188534215645,1.3049310000496916,256.2621520009998,2215.0121412803533
1772924283,10,POST,/api/plugins/unload?uri,5.900000,0.000000,2,3,4,6,10,15,15,18,18,18,18,906,0,2,3.4213298973398025,1.1658449984679464,64.64023000080488,108.0728476821192
1772924283,10,,Aggregated,145.500000,0.000000,2,4,6,8,16,20,30,52,1000,1000,1000,23615,0,2,11.698759743821588,1.0178689990425482,1083.7654569986626,846.3396146517044
1772924284,10,GET,/api/audio/latency,21.900000,0.000000,2,2,3,5,13,18,20,23,27,27,27,3582,0,2,4.964131449237969,1.0178689990425482,1073.7905090027198,33.0
1772924284,10,GET,/api/audio/levels,21.700000,0.000000,2,5,8,10,16,19,47,60,1000,1000,1000,3582,0,3,19.460136374958978,1.0466029998497106,1063.1027659983374,75.40982691233947
1772924284,10,GET,/api/audio/levels (during plugin swap),5.900000,0.000000,3,7,10,13,27,52,940,1000,1000,1000,1000,911,0,3,30.086917746424586,1.052685001923237,1065.1855479991355,75.21185510428101
1772924284,10,GET,/api/audio/levels/plugins,5.900000,0.000000,2,2,3,4,7,15,16,18,18,18,18,911,0,2,4.894909888074841,1.0223909994238056,1004.5815230005246,19.46542261251372
1772924284,10,GET,/api/audio/status,18.300000,0.000000,2,2,3,3,7,13,19,20,22,22,22,2733,0,2,3.6826014771857523,1.0313479979231488,246.06509799923515,168.0
1772924284,10,GET,/api/chains/,0.000000,0.000000,0,0,0,0,0,0,0,0,0,0,0,160,0,4,35.78325576258976,1.3513000012608245,1038.7257460024557,1448.1
1772924284,10,GET,/api/chains/{id},18.300000,0.000000,4,8,11,13,17,25,960,980,1000,1000,1000,2733,0,3,23.46485466258673,1.2148069981776644,1061.2717760013766,503.0182949140139
1772924284,10,POST,/api/chains/{id}/activate,18.300000,0.000000,3,5,8,10,16,21,35,42,47,47,47,2733,0,3,6.497346601910099,1.1701449984684587,1056.0120830014057,53.294548115623854
1772924284,10,POST,/api/chains/{id}/deactivate,18.300000,0.000000,2,2,2,3,4,8,13,19,19,19,19,2733,0,2,3.7175261602226857,1.162620999821229,1083.7654569986626,61.798755945847056
1772924284,10,POST,/api/plugins/batch/parameters (500 updates),10.700000,0.000000,7,12,16,17,24,28,930,1000,1000,1000,1000,1576,0,6,24.01786093218439,2.806248998240335,1074.2657150003652,879.5850253807107
1772924284,10,GET,/api/plugins/discover,0.000000,0.000000,0,0,0,0,0,0,0,0,0,0,0,160,0,13,18.220616150142632,10.576317999948515,58.00965399976121,85406.0
1772924284,10,GET,/api/plugins/list,0.000000,0.000000,0,0,0,0,0,0,0,0,0,0,0,160,0,2,5.07641034982953,1.080333000572864,43.401594997703796,29.4
1772924284,10,POST,/api/plugins/load?uri,5.900000,0.000000,3,3,3,4,12,22,22,25,25,25,25,911,0,2,5.680596484089061,1.3049310000496916,256.2621520009998,2213.9308452250275
1772924284,10,POST,/api/plugins/unload?uri,5.900000,0.000000,2,3,4,6,9,12,15,18,18,18,18,911,0,2,3.4119655192006966,1.1658449984679464,64.64023000080488,108.06805708013172
1772924284,10,,Aggregated,151.100000,0.000000,2,4,6,8,15,19,27,52,1000,1000,1000,23796,0,2,11.642954075741308,1.0178689990425482,1083.7654569986626,841.5677004538578
1772924285,10,GET,/api/audio/latency,22.000000,0.000000,2,2,3,4,12,17,20,23,27,27,27,3604,0,2,4.957082776405609,1.0178689990425482,1073.7905090027198,33.0
1772924285,10,GET,/api/audio/levels,22.000000,0.000000,2,5,8,10,15,17,27,47,1000,1000,1000,3604,0,3,19.373882354360443,1.0466029998497106,1063.1027659983374,75.40233074361821
1772924285,10,GET,/api/audio/levels (during plugin swap),5.900000,0.000000,3,5,7,9,16,30,940,1000,1000,1000,1000,919,0,3,29.843912593026687,1.052685001923237,1065.1855479991355,75.2208922742111
1772924285,10,GET,/api/audio/levels/plugins,5.900000,0.000000,2,2,3,3,9,15,16,18,18,18,18,919,0,2,4.879967070765964,1.0223909994238056,1004.5815230005246,19.460282916213274
1772924285,10,GET,/api/audio/status,18.500000,0.000000,2,2,3,3,6,12,19,20,22,22,22,2752,0,2,3.6719728823194346,1.0313479979231488,246.06509799923515,168.0
1772924285,10,GET,/api/chains/,0.000000,0.000000,0,0,0,0,0,0,0,0,0,0,0,160,0,4,35.78325576258976,1.3513000012608245,1038.7257460024557,1448.1
1772924285,10,GET,/api/chains/{id},18.500000,0.000000,3,8,10,12,17,23,960,980,1000,1000,1000,2752,0,3,23.330325578432472,1.2148069981776644,1061.2717760013766,502.8699127906977
1772924285,10,POST,/api/chains/{id}/activate,18.500000,0.000000,3,5,7,8,16,21,35,42,47,47,47,2752,0,3,6.477743908800316,1.1701449984684587,1056.0120830014057,53.29542151162791
1772924285,10,POST,/api/chains/{id}/deactivate,18.500000,0.000000,2,2,2,3,4,8,12,19,19,19,19,2752,0,2,3.7100040987956016,1.162620999821229,1083.7654569986626,61.80014534883721
1772924285,10,POST,/api/plugins/batch/parameters (500 updates),10.700000,0.000000,7,11,16,19,24,29,930,1000,1000,1000,1000,1588,0,6,23.90740804730969,2.806248998240335,1074.2657150003652,879.6057934508816
1772924285,10,GET,/api/plugins/discover,0.000000,0.000000,0,0,0,0,0,0,0,0,0,0,0,160,0,13,18.220616150142632,10.576317999948515,58.00965399976121,85406.0
1772924285,10,GET,/api/plugins/list,0.000000,0.000000,0,0,0,0,0,0,0,0,0,0,0,160,0,2,5.07641034982953,1.080333000572864,43.401594997703796,29.4
1772924285,10,POST,/api/plugins/load?uri,5.900000,0.000000,2,3,3,3,7,22,22,25,25,25,25,919,0,2,5.670315636574241,1.3049310000496916,256.2621520009998,2209.158868335147
1772924285,10,POST,/api/plugins/unload?uri,5.900000,0.000000,2,2,3,4,8,15,18,44,44,44,44,919,0,2,3.4433952274051913,1.1658449984679464,64.64023000080488,108.04243743199129
1772924285,10,,Aggregated,152.300000,0.000000,2,3,5,8,14,18,26,42,1000,1000,1000,23960,0,2,11.59183476829447,1.0178689990425482,1083.7654569986626,837.5773372287146
1772924286,10,GET,/api/audio/latency,20.800000,0.000000,2,2,3,5,12,18,23,24,27,27,27,3622,0,2,4.9565027700642705,1.0178689990425482,1073.7905090027198,33.0
1772924286,10,GET,/api/audio/levels,20.700000,0.000000,2,5,9,10,15,19,35,920,1000,1000,1000,3622,0,3,19.315612606327598,1.0466029998497106,1063.1027659983374,75.40474875759249
1772924286,10,GET,/api/audio/levels (during plugin swap),5.600000,0.000000,3,6,9,11,18,30,940,1000,1000,1000,1000,928,0,3,29.654706230589596,1.052685001923237,1065.1855479991355,75.21336206896552
1772924286,10,GET,/api/audio/levels/plugins,5.600000,0.000000,2,2,3,3,4,14,15,16,16,16,16,928,0,2,4.852380870727694,1.0223909994238056,1004.5815230005246,19.44935344827586
1772924286,10,GET,/api/audio/status,17.700000,0.000000,2,2,3,3,6,12,19,20,22,22,22,2766,0,2,3.670735657684136,1.0313479979231488,246.06509799923515,168.0
1772924286,10,GET,/api/chains/,0.000000,0.000000,0,0,0,0,0,0,0,0,0,0,0,160,0,4,35.78325576258976,1.3513000012608245,1038.7257460024557,1448.1
1772924286,10,GET,/api/chains/{id},17.700000,0.000000,3,8,10,12,17,23,960,980,1000,1000,1000,2766,0,3,23.25250963985905,1.2148069981776644,1061.2717760013766,502.79103398409256
1772924286,10,POST,/api/chains/{id}/activate,17.700000,0.000000,3,5,7,9,16,17,35,42,47,47,47,2766,0,3,6.473959027117178,1.1701449984684587,1056.0120830014057,53.29320318148952
1772924286,10,POST,/api/chains/{id}/deactivate,17.700000,0.000000,2,2,2,3,5,9,12,19,19,19,19,2766,0,2,3.709292548041113,1.162620999821229,1083.7654569986626,61.80115690527838
1772924286,10,POST,/api/plugins/batch/parameters (500 updates),9.800000,0.000000,8,12,17,20,26,29,55,930,1000,1000,1000,1608,0,6,23.777603658657686,2.806248998240335,1074.2657150003652,879.6181592039801
1772924286,10,GET,/api/plugins/discover,0.000000,0.000000,0,0,0,0,0,0,0,0,0,0,0,160,0,13,18.220616150142632,10.576317999948515,58.00965399976121,85406.0
1772924286,10,GET,/api/plugins/list,0.000000,0.000000,0,0,0,0,0,0,0,0,0,0,0,160,0,2,5.07641034982953,1.080333000572864,43.401594997703796,29.4
1772924286,10,POST,/api/plugins/load?uri,5.600000,0.000000,2,3,3,3,10,22,22,25,25,25,25,928,0,2,5.650616557130073,1.3049310000496916,256.2621520009998,2213.658405172414
1772924286,10,POST,/api/plugins/unload?uri,5.600000,0.000000,2,2,3,3,7,12,15,44,44,44,44,928,0,2,3.427088838352261,1.1658449984679464,64.64023000080488,107.98599137931035
1772924286,10,,Aggregated,144.500000,0.000000,2,3,6,8,14,19,27,42,1000,1000,1000,24108,0,2,11.559817966042239,1.0178689990425482,1083.7654569986626,834.7652231624357
1772924287,10,GET,/api/audio/latency,21.400000,0.000000,2,3,4,7,14,18,24,27,43,43,43,3645,0,2,4.969135146001898,1.0178689990425482,1073.7905090027198,33.0
1772924287,10,GET,/api/audio/levels,21.400000,0.000000,3,6,9,11,15,17,35,920,1000,1000,1000,3645,0,3,19.233026017314685,1.0466029998497106,1063.1027659983374,75.40384087791494
1772924287,10,GET,/api/audio/levels (during plugin swap),5.200000,0.000000,3,5,9,11,18,30,940,1000,1000,1000,1000,930,0,3,29.59373304299617,1.052685001923237,1065.1855479991355,75.20860215053763
1772924287,10,GET,/api/audio/levels/plugins,5.200000,0.000000,2,2,3,3,4,15,15,16,16,16,16,930,0,2,4.859038274232154,1.0223909994238056,1004.5815230005246,19.46559139784946
1772924287,10,GET,/api/audio/status,17.900000,0.000000,2,2,3,3,6,11,19,20,22,22,22,2780,0,2,3.663181949337191,1.0313479979231488,246.06509799923515,168.0
1772924287,10,GET,/api/chains/,0.000000,0.000000,0,0,0,0,0,0,0,0,0,0,0,160,0,4,35.78325576258976,1.3513000012608245,1038.7257460024557,1448.1
1772924287,10,GET,/api/chains/{id},17.900000,0.000000,3,8,10,11,17,23,960,980,1000,1000,1000,2780,0,3,23.153385601744304,1.2148069981776644,1061.2717760013766,502.8345323741007
1772924287,10,POST,/api/chains/{id}/activate,17.900000,0.000000,3,5,8,9,16,17,35,42,47,47,47,2780,0,3,6.4583262244635495,1.1701449984684587,1056.0120830014057,53.28201438848921
1772924287,10,POST,/api/chains/{id}/deactivate,17.900000,0.000000,2,2,2,3,6,9,12,17,19,19,19,2780,0,2,3.7023020244161424,1.162620999821229,1083.7654569986626,61.802158273381295
1772924287,10,POST,/api/plugins/batch/parameters (500 updates),9.100000,0.000000,8,12,16,18,26,31,55,930,1000,1000,1000,1627,0,6,23.624749589502155,2.806248998240335,1074.2657150003652,879.8334357713584
1772924287,10,GET,/api/plugins/discover,0.000000,0.000000,0,0,0,0,0,0,0,0,0,0,0,160,0,13,18.220616150142632,10.576317999948515,58.00965399976121,85406.0
1772924287,10,GET,/api/plugins/list,0.000000,0.000000,0,0,0,0,0,0,0,0,0,0,0,160,0,2,5.07641034982953,1.080333000572864,43.401594997703796,29.4
1772924287,10,POST,/api/plugins/load?uri,5.200000,0.000000,2,3,3,4,14,22,22,25,25,25,25,930,0,2,5.65858669464022,1.3049310000496916,256.2621520009998,2212.510752688172
1772924287,10,POST,/api/plugins/unload?uri,5.200000,0.000000,2,2,2,3,7,12,15,44,44,44,44,930,0,2,3.4226482838607564,1.1658449984679464,64.64023000080488,107.9978494623656
1772924287,10,,Aggregated,144.300000,0.000000,2,4,6,8,15,19,28,44,1000,1000,1000,24237,0,2,11.527434103368403,1.0178689990425482,1083.7654569986626,831.7429962454099
1772924288,10,GET,/api/audio/latency,20.800000,0.000000,2,3,4,7,14,18,23,24,43,43,43,3669,0,2,4.9731783028562235,1.0178689990425482,1073.7905090027198,33.0
1772924288,10,GET,/api/audio/levels,20.600000,0.000000,3,7,10,12,15,17,24,920,1000,1000,1000,3669,0,3,19.153488365523813,1.0466029998497106,1063.1027659983374,75.40583265194876
1772924288,10,GET,/api/audio/levels (during plugin swap),5.700000,0.000000,3,7,9,13,18,30,940,1000,1000,1000,1000,937,0,3,29.42471602345846,1.052685001923237,1065.1855479991355,75.23372465314834
1772924288,10,GET,/api/audio/levels/plugins,5.700000,0.000000,2,2,3,3,4,15,15,16,16,16,16,937,0,2,4.8405652070739045,1.0223909994238056,1004.5815230005246,19.452508004268942
1772924288,10,GET,/api/audio/status,17.700000,0.000000,2,2,3,3,7,11,19,20,22,22,22,2801,0,2,3.6580076923070446,1.0313479979231488,246.06509799923515,168.0
1772924288,10,GET,/api/chains/,0.000000,0.000000,0,0,0,0,0,0,0,0,0,0,0,160,0,4,35.78325576258976,1.3513000012608245,1038.7257460024557,1448.1
1772924288,10,GET,/api/chains/{id},17.800000,0.000000,3,8,10,12,17,22,960,980,1000,1000,1000,2801,0,3,23.030247902842042,1.2148069981776644,1061.2717760013766,503.23205997857906
1772924288,10,POST,/api/chains/{id}/activate,17.700000,0.000000,3,5,8,9,15,17,35,42,47,47,47,2801,0,3,6.45153204427267,1.1701449984684587,1056.0120830014057,53.278828989646556
1772924288,10,POST,/api/chains/{id}/deactivate,17.700000,0.000000,2,2,2,3,6,9,12,17,19,19,19,2801,0,2,3.691706124908748,1.162620999821229,1083.7654569986626,61.80364155658693
1772924288,10,POST,/api/plugins/batch/parameters (500 updates),9.800000,0.000000,9,13,16,18,28,31,55,930,1000,1000,1000,1633,0,6,23.58107515132849,2.806248998240335,1074.2657150003652,879.7985303123087
1772924288,10,GET,/api/plugins/discover,0.000000,0.000000,0,0,0,0,0,0,0,0,0,0,0,160,0,13,18.220616150142632,10.576317999948515,58.00965399976121,85406.0
1772924288,10,GET,/api/plugins/list,0.000000,0.000000,0,0,0,0,0,0,0,0,0,0,0,160,0,2,5.07641034982953,1.080333000572864,43.401594997703796,29.4
1772924288,10,POST,/api/plugins/load?uri,5.700000,0.000000,2,3,3,4,14,22,22,25,25,25,25,937,0,2,5.636159154764347,1.3049310000496916,256.2621520009998,2207.0992529348987
1772924288,10,POST,/api/plugins/unload?uri,5.700000,0.000000,2,2,3,3,8,15,26,44,44,44,44,937,0,2,3.4406273329588934,1.1658449984679464,64.64023000080488,108.01814300960513
1772924288,10,,Aggregated,144.900000,0.000000,2,4,7,9,15,19,28,43,1000,1000,1000,24403,0,2,11.484572076232938,1.0178689990425482,1083.7654569986626,827.6140228660411
1772924289,10,GET,/api/audio/latency,19.900000,0.000000,2,3,5,8,15,19,24,24,43,43,43,3692,0,2,4.975702553672902,1.0178689990425482,1073.7905090027198,33.0
1772924289,10,GET,/api/audio/levels,19.900000,0.000000,3,7,10,12,15,17,35,920,1000,1000,1000,3692,0,3,19.085850738925078,1.0466029998497106,1063.1027659983374,75.40845070422536
1772924289,10,GET,/api/audio/levels (during plugin swap),5.900000,0.000000,3,8,14,15,27,30,940,1000,1000,1000,1000,944,0,3,29.306985668407663,1.052685001923237,1065.1855479991355,75.2447033898305
1772924289,10,GET,/api/audio/levels/plugins,5.900000,0.000000,2,3,3,3,4,15,15,16,16,16,16,944,0,2,4.8214325816011065,1.0223909994238056,1004.5815230005246,19.453389830508474
1772924289,10,GET,/api/audio/status,17.300000,0.000000,2,2,3,3,7,11,19,20,22,22,22,2821,0,2,3.652996563685404,1.0313479979231488,246.06509799923515,168.0
1772924289,10,GET,/api/chains/,0.000000,0.000000,0,0,0,0,0,0,0,0,0,0,0,160,0,4,35.78325576258976,1.3513000012608245,1038.7257460024557,1448.1
1772924289,10,GET,/api/chains/{id},17.300000,0.000000,3,8,10,12,17,23,960,980,1000,1000,1000,2821,0,3,22.932661876946725,1.2148069981776644,1061.2717760013766,503.08365827720667
1772924289,10,POST,/api/chains/{id}/activate,17.300000,0.000000,4,5,7,9,14,17,35,42,47,47,47,2821,0,3,6.432315515426308,1.1701449984684587,1056.0120830014057,53.27330733782347
1772924289,10,POST,/api/chains/{id}/deactivate,17.300000,0.000000,2,2,2,3,6,10,16,18,19,19,19,2821,0,2,3.688138262271141,1.162620999821229,1083.7654569986626,61.805033676001415
1772924289,10,POST,/api/plugins/batch/parameters (500 updates),10.300000,0.000000,9,13,16,18,28,34,930,1000,1000,1000,1000,1639,0,6,23.518536047659964,2.806248998240335,1074.2657150003652,879.7785234899329
1772924289,10,GET,/api/plugins/discover,0.000000,0.000000,0,0,0,0,0,0,0,0,0,0,0,160,0,13,18.220616150142632,10.576317999948515,58.00965399976121,85406.0
1772924289,10,GET,/api/plugins/list,0.000000,0.000000,0,0,0,0,0,0,0,0,0,0,0,160,0,2,5.07641034982953,1.080333000572864,43.401594997703796,29.4
1772924289,10,POST,/api/plugins/load?uri,5.900000,0.000000,3,3,4,5,14,22,22,25,25,25,25,944,0,2,5.635063169516427,1.3049310000496916,256.2621520009998,2205.406779661017
1772924289,10,POST,/api/plugins/unload?uri,5.900000,0.000000,2,2,3,3,6,12,26,44,44,44,44,944,0,2,3.4312632404496486,1.1658449984679464,64.64023000080488,108.0042372881356
1772924289,10,,Aggregated,142.900000,0.000000,2,4,7,9,15,19,28,47,1000,1000,1000,24563,0,2,11.446434150035499,1.0178689990425482,1083.7654569986626,823.7828848267719
1772924290,10,GET,/api/audio/latency,19.900000,0.000000,2,3,4,7,14,19,24,24,43,43,43,3711,0,2,4.963648551109606,1.0178689990425482,1073.7905090027198,33.0
1772924290,10,GET,/api/audio/levels,19.900000,0.000000,3,6,9,11,15,16,24,920,1000,1000,1000,3711,0,3,19.009126821909195,1.0466029998497106,1063.1027659983374,75.41013203988143
1772924290,10,GET,/api/audio/levels (during plugin swap),5.600000,0.000000,3,7,11,13,19,30,940,1000,1000,1000,1000,953,0,3,29.068477318971173,1.052685001923237,1065.1855479991355,75.23714585519413
1772924290,10,GET,/api/audio/levels/plugins,5.600000,0.000000,2,3,3,4,6,15,15,16,16,16,16,953,0,2,4.811906106013736,1.0223909994238056,1004.5815230005246,19.442812172088143
1772924290,10,GET,/api/audio/status,16.400000,0.000000,2,2,3,3,7,14,19,20,22,22,22,2847,0,2,3.6576437815772618,1.0313479979231488,246.06509799923515,168.0
1772924290,10,GET,/api/chains/,0.000000,0.000000,0,0,0,0,0,0,0,0,0,0,0,160,0,4,35.78325576258976,1.3513000012608245,1038.7257460024557,1448.1
1772924290,10,GET,/api/chains/{id},16.400000,0.000000,3,7,10,12,18,23,960,980,1000,1000,1000,2847,0,3,22.778204542634583,1.2148069981776644,1061.2717760013766,503.1689497716895
1772924290,10,POST,/api/chains/{id}/activate,16.400000,0.000000,4,5,6,8,14,18,23,41,42,42,42,2847,0,3,6.4229901387545505,1.1701449984684587,1056.0120830014057,53.29083245521602
1772924290,10,POST,/api/chains/{id}/deactivate,16.400000,0.000000,2,2,3,3,7,12,17,18,19,19,19,2847,0,2,3.695148378598446,1.162620999821229,1083.7654569986626,61.80681419037583
1772924290,10,POST,/api/plugins/batch/parameters (500 updates),11.000000,0.000000,9,13,16,17,23,31,930,1000,1000,1000,1000,1647,0,6,23.441207539232582,2.806248998240335,1074.2657150003652,879.8573163327262
1772924290,10,GET,/api/plugins/discover,0.000000,0.000000,0,0,0,0,0,0,0,0,0,0,0,160,0,13,18.220616150142632,10.576317999948515,58.00965399976121,85406.0
1772924290,10,GET,/api/plugins/list,0.000000,0.000000,0,0,0,0,0,0,0,0,0,0,0,160,0,2,5.07641034982953,1.080333000572864,43.401594997703796,29.4
1772924290,10,POST,/api/plugins/load?uri,5.600000,0.000000,3,3,4,5,15,18,22,22,22,22,22,953,0,2,5.636660153222339,1.3049310000496916,256.2621520009998,2208.770199370409
1772924290,10,POST,/api/plugins/unload?uri,5.600000,0.000000,2,2,3,3,6,12,26,44,44,44,44,953,0,2,3.430798998942251,1.1658449984679464,64.64023000080488,108.01888772298007
1772924290,10,,Aggregated,138.800000,0.000000,2,4,6,8,15,18,26,43,1000,1000,1000,24749,0,2,11.395287805663214,1.0178689990425482,1083.7654569986626,819.8079114307649
1772924291,10,GET,/api/audio/latency,20.400000,0.000000,2,3,4,7,15,16,24,24,43,43,43,3733,0,2,4.961707900660713,1.0178689990425482,1073.7905090027198,33.0
1772924291,10,GET,/api/audio/levels,20.300000,0.000000,3,6,10,12,15,16,24,920,1000,1000,1000,3733,0,3,18.938123387652418,1.0466029998497106,1063.1027659983374,75.4168229306188
1772924291,10,GET,/api/audio/levels (during plugin swap),5.700000,0.000000,3,5,11,13,18,28,940,1000,1000,1000,1000,963,0,3,28.80409368533518,1.052685001923237,1065.1855479991355,75.22741433021807
1772924291,10,GET,/api/audio/levels/plugins,5.700000,0.000000,2,2,3,3,4,6,15,15,15,15,15,963,0,2,4.7826882357585685,1.0223909994238056,1004.5815230005246,19.413291796469366
1772924291,10,GET,/api/audio/status,16.700000,0.000000,2,2,3,3,7,13,20,22,22,22,22,2866,0,2,3.6677870297098223,1.0313479979231488,246.06509799923515,168.0
1772924291,10,GET,/api/chains/,0.000000,0.000000,0,0,0,0,0,0,0,0,0,0,0,160,0,4,35.78325576258976,1.3513000012608245,1038.7257460024557,1448.1
1772924291,10,GET,/api/chains/{id},16.700000,0.000000,3,7,10,12,17,23,960,980,1000,1000,1000,2866,0,3,22.688097872601574,1.2148069981776644,1061.2717760013766,503.49825540823446
1772924291,10,POST,/api/chains/{id}/activate,16.700000,0.000000,3,5,6,8,14,18,35,42,46,46,46,2866,0,3,6.4374027805451535,1.1701449984684587,1056.0120830014057,53.291695743196094
1772924291,10,POST,/api/chains/{id}/deactivate,16.700000,0.000000,2,2,3,3,7,12,17,18,18,18,18,2866,0,2,3.6905128907447975,1.162620999821229,1083.7654569986626,61.808094905792046
1772924291,10,POST,/api/plugins/batch/parameters (500 updates),10.500000,0.000000,9,13,16,18,22,31,930,1000,1000,1000,1000,1656,0,6,23.370354362991815,2.806248998240335,1074.2657150003652,879.6920289855072
1772924291,10,GET,/api/plugins/discover,0.000000,0.000000,0,0,0,0,0,0,0,0,0,0,0,160,0,13,18.220616150142632,10.576317999948515,58.00965399976121,85406.0
1772924291,10,GET,/api/plugins/list,0.000000,0.000000,0,0,0,0,0,0,0,0,0,0,0,160,0,2,5.07641034982953,1.080333000572864,43.401594997703796,29.4
1772924291,10,POST,/api/plugins/load?uri,5.700000,0.000000,2,3,3,4,14,17,22,22,22,22,22,963,0,2,5.601113088301467,1.3049310000496916,256.2621520009998,2214.6178608515056
1772924291,10,POST,/api/plugins/unload?uri,5.700000,0.000000,2,2,3,3,6,12,26,44,44,44,44,963,0,2,3.422412581504627,1.1658449984679464,64.64023000080488,107.97715472481828
1772924291,10,,Aggregated,140.800000,0.000000,2,4,6,8,15,18,26,45,1000,1000,1000,24918,0,2,11.355988475815755,1.0178689990425482,1083.7654569986626,816.4795729994381
1772924292,10,GET,/api/audio/latency,20.200000,0.000000,2,3,5,7,15,21,24,26,43,43,43,3755,0,2,4.968066620815622,1.0178689990425482,1073.7905090027198,33.0
1772924292,10,GET,/api/audio/levels,20.200000,0.000000,3,7,10,12,15,18,24,920,1000,1000,1000,3755,0,3,18.860055811476652,1.0466029998497106,1063.1027659983374,75.41304926764315
1772924292,10,GET,/api/audio/levels (during plugin swap),5.800000,0.000000,3,5,11,13,19,28,940,1000,1000,1000,1000,971,0,3,28.624655547859845,1.052685001923237,1065.1855479991355,75.23583934088569
1772924292,10,GET,/api/audio/levels/plugins,5.800000,0.000000,2,2,3,3,4,14,15,19,19,19,19,971,0,2,4.774452103020286,1.0223909994238056,1004.5815230005246,19.40885684860968
1772924292,10,GET,/api/audio/status,16.900000,0.000000,2,2,3,4,8,14,20,21,22,22,22,2890,0,2,3.6774503650999937,1.0313479979231488,246.06509799923515,168.0
1772924292,10,GET,/api/chains/,0.000000,0.000000,0,0,0,0,0,0,0,0,0,0,0,160,0,4,35.78325576258976,1.3513000012608245,1038.7257460024557,1448.1
1772924292,10,GET,/api/chains/{id},16.900000,0.000000,3,6,10,12,17,23,960,980,1000,1000,1000,2890,0,3,22.543994044592694,1.2148069981776644,1061.2717760013766,503.22906574394466
1772924292,10,POST,/api/chains/{id}/activate,16.900000,0.000000,3,5,6,9,17,18,35,42,46,46,46,2890,0,3,6.4471422577956385,1.1701449984684587,1056.0120830014057,53.29550173010381
1772924292,10,POST,/api/chains/{id}/deactivate,16.900000,0.000000,2,2,3,3,9,13,17,18,21,21,21,2890,0,2,3.6952850231434544,1.162620999821229,1083.7654569986626,61.80968858131488
1772924292,10,POST,/api/plugins/batch/parameters (500 updates),10.100000,0.000000,9,14,15,17,23,31,930,1000,1000,1000,1000,1666,0,6,23.298215104511414,2.806248998240335,1074.2657150003652,879.6662665066026
1772924292,10,GET,/api/plugins/discover,0.000000,0.000000,0,0,0,0,0,0,0,0,0,0,0,160,0,13,18.220616150142632,10.576317999948515,58.00965399976121,85406.0
1772924292,10,GET,/api/plugins/list,0.000000,0.000000,0,0,0,0,0,0,0,0,0,0,0,160,0,2,5.07641034982953,1.080333000572864,43.401594997703796,29.4
1772924292,10,POST,/api/plugins/load?uri,5.800000,0.000000,2,3,4,5,17,18,22,22,22,22,22,971,0,2,5.606377932066987,1.3049310000496916,256.2621520009998,2214.1441812564367
1772924292,10,POST,/api/plugins/unload?uri,5.800000,0.000000,2,2,3,3,6,12,26,44,44,44,44,971,0,2,3.408767264664253,1.1658449984679464,64.64023000080488,107.96704428424304
1772924292,10,,Aggregated,141.300000,0.000000,2,4,6,9,15,18,26,44,1000,1000,1000,25100,0,2,11.315462149814406,1.0178689990425482,1083.7654569986626,812.4761354581673
1772924293,10,GET,/api/audio/latency,19.400000,0.000000,2,3,5,8,15,16,24,24,43,43,43,3773,0,2,4.962946065244731,1.0178689990425482,1073.7905090027198,33.0
1772924293,10,GET,/api/audio/levels,19.400000,0.000000,3,7,10,12,15,18,21,22,79,79,79,3773,0,3,18.799683576490064,1.0466029998497106,1063.1027659983374,75.40842830638749
1772924293,10,GET,/api/audio/levels (during plugin swap),5.800000,0.000000,2,4,10,13,17,21,28,30,30,30,30,974,0,3,28.549451707359037,1.052685001923237,1065.1855479991355,75.22895277207392
1772924293,10,GET,/api/audio/levels/plugins,5.800000,0.000000,2,2,3,3,4,14,15,19,19,19,19,974,0,2,4.765452699214133,1.0223909994238056,1004.5815230005246,19.418891170431213
1772924293,10,GET,/api/audio/status,17.900000,0.000000,2,2,3,4,8,14,20,21,22,22,22,2899,0,2,3.6744655543748657,1.0313479979231488,246.06509799923515,168.0
1772924293,10,GET,/api/chains/,0.000000,0.000000,0,0,0,0,0,0,0,0,0,0,0,160,0,4,35.78325576258976,1.3513000012608245,1038.7257460024557,1448.1
1772924293,10,GET,/api/chains/{id},17.900000,0.000000,3,6,9,11,17,18,24,63,63,63,63,2899,0,3,22.48994114655775,1.2148069981776644,1061.2717760013766,503.1586754053122
1772924293,10,POST,/api/chains/{id}/activate,17.900000,0.000000,3,5,6,8,15,18,22,30,46,46,46,2899,0,3,6.4469701852464425,1.1701449984684587,1056.0120830014057,53.29044498102794
1772924293,10,POST,/api/chains/{id}/deactivate,17.900000,0.000000,2,2,3,3,9,13,17,18,21,21,21,2899,0,2,3.6906689495952794,1.162620999821229,1083.7654569986626,61.81027940669196
1772924293,10,POST,/api/plugins/batch/parameters (500 updates),9.900000,0.000000,7,12,15,16,20,26,31,34,34,34,34,1676,0,6,23.199343355674266,2.806248998240335,1074.2657150003652,879.6837708830549
1772924293,10,GET,/api/plugins/discover,0.000000,0.000000,0,0,0,0,0,0,0,0,0,0,0,160,0,13,18.220616150142632,10.576317999948515,58.00965399976121,85406.0
1772924293,10,GET,/api/plugins/list,0.000000,0.000000,0,0,0,0,0,0,0,0,0,0,0,160,0,2,5.07641034982953,1.080333000572864,43.401594997703796,29.4
1772924293,10,POST,/api/plugins/load?uri,5.800000,0.000000,2,3,3,4,15,17,18,18,18,18,18,974,0,2,5.609987335766281,1.3049310000496916,256.2621520009998,2212.578028747433
1772924293,10,POST,/api/plugins/unload?uri,5.800000,0.000000,2,2,3,3,4,9,26,44,44,44,44,974,0,2,3.4079716077878617,1.1658449984679464,64.64023000080488,107.95790554414785
1772924293,10,,Aggregated,143.500000,0.000000,2,4,6,8,15,18,22,27,63,79,79,25194,0,2,11.29090998036521,1.0178689990425482,1083.7654569986626,810.3711201079623
1772924294,10,GET,/api/audio/latency,19.000000,0.000000,2,3,5,8,15,18,24,26,43,43,43,3782,0,2,4.964113928917412,1.0178689990425482,1073.7905090027198,33.0
1772924294,10,GET,/api/audio/levels,19.000000,0.000000,3,7,10,13,16,21,25,840,930,930,930,3782,0,3,19.240787995265237,1.0466029998497106,1063.1027659983374,75.41644632469593
1772924294,10,GET,/api/audio/levels (during plugin swap),6.500000,0.000000,3,5,12,14,21,30,890,910,910,910,910,978,0,3,31.134746331251776,1.052685001923237,1065.1855479991355,75.2597137014315
1772924294,10,GET,/api/audio/levels/plugins,6.500000,0.000000,2,3,3,3,5,14,15,19,19,19,19,978,0,2,4.762250245431536,1.0223909994238056,1004.5815230005246,19.41002044989775
1772924294,10,GET,/api/audio/status,18.400000,0.000000,2,2,3,5,9,14,20,21,22,22,22,2905,0,2,3.6772576275841846,1.0313479979231488,246.06509799923515,168.0
1772924294,10,GET,/api/chains/,0.000000,0.000000,0,0,0,0,0,0,0,0,0,0,0,160,0,4,35.78325576258976,1.3513000012608245,1038.7257460024557,1448.1
1772924294,10,GET,/api/chains/{id},18.400000,0.000000,3,6,10,12,17,23,820,980,1000,1000,1000,2905,0,3,23.75741593386231,1.2148069981776644,1061.2717760013766,503.0340791738382
1772924294,10,POST,/api/chains/{id}/activate,18.400000,0.000000,4,5,6,9,17,18,28,30,46,46,46,2905,0,3,6.467489466451232,1.1701449984684587,1056.0120830014057,53.278485370051634
1772924294,10,POST,/api/chains/{id}/deactivate,18.400000,0.000000,2,2,3,3,10,13,17,18,21,21,21,2905,0,2,3.696643101850327,1.162620999821229,1083.7654569986626,61.81067125645439
1772924294,10,POST,/api/plugins/batch/parameters (500 updates),9.300000,0.000000,7,12,15,16,21,28,34,34,1000,1000,1000,1681,0,6,23.76251338257842,2.806248998240335,1074.2657150003652,879.664485425342
1772924294,10,GET,/api/plugins/discover,0.000000,0.000000,0,0,0,0,0,0,0,0,0,0,0,160,0,13,18.220616150142632,10.576317999948515,58.00965399976121,85406.0
1772924294,10,GET,/api/plugins/list,0.000000,0.000000,0,0,0,0,0,0,0,0,0,0,0,160,0,2,5.07641034982953,1.080333000572864,43.401594997703796,29.4
1772924294,10,POST,/api/plugins/load?uri,6.500000,0.000000,2,3,4,9,17,17,18,18,18,18,18,978,0,2,5.645632184088888,1.3049310000496916,256.2621520009998,2222.1134969325153
1772924294,10,POST,/api/plugins/unload?uri,6.500000,0.000000,2,2,3,3,6,9,26,44,44,44,44,978,0,2,3.414408657451191,1.1658449984679464,64.64023000080488,107.95807770961146
1772924294,10,,Aggregated,146.900000,0.000000,3,4,6,9,15,18,26,45,1000,1000,1000,25257,0,2,11.645606510564415,1.0178689990425482,1083.7654569986626,809.486162252049
1772924295,10,GET,/api/audio/latency,19.800000,0.000000,2,3,5,8,15,16,24,26,43,43,43,3807,0,2,4.954183901540954,1.0178689990425482,1073.7905090027198,33.0
1772924295,10,GET,/api/audio/levels,19.800000,0.000000,3,6,10,13,16,20,24,79,930,930,930,3810,0,3,19.14481142705826,1.0466029998497106,1063.1027659983374,75.41574803149607
1772924295,10,GET,/api/audio/levels (during plugin swap),7.000000,0.000000,3,4,10,13,19,28,890,910,910,910,910,985,0,3,30.92910187204574,1.052685001923237,1065.1855479991355,75.24365482233503
1772924295,10,GET,/api/audio/levels/plugins,7.000000,0.000000,2,2,3,3,4,6,15,19,19,19,19,985,0,2,4.7417944558685745,1.0223909994238056,1004.5815230005246,19.411167512690355
1772924295,10,GET,/api/audio/status,19.400000,0.000000,2,2,3,4,9,14,20,21,22,22,22,2925,0,2,3.6692753891011853,1.0313479979231488,246.06509799923515,168.0
1772924295,10,GET,/api/chains/,0.000000,0.000000,0,0,0,0,0,0,0,0,0,0,0,160,0,4,35.78325576258976,1.3513000012608245,1038.7257460024557,1448.1
1772924295,10,GET,/api/chains/{id},19.400000,0.000000,3,6,10,12,17,23,820,980,1000,1000,1000,2926,0,3,23.61993873337263,1.2148069981776644,1061.2717760013766,503.29733424470265
1772924295,10,POST,/api/chains/{id}/activate,19.400000,0.000000,3,5,6,9,17,18,28,30,46,46,46,2925,0,3,6.454763130270418,1.1701449984684587,1056.0120830014057,53.29025641025641
1772924295,10,POST,/api/chains/{id}/deactivate,19.400000,0.000000,2,2,3,3,10,14,18,21,25,25,25,2925,0,2,3.6946118977388496,1.162620999821229,1083.7654569986626,61.81196581196581
1772924295,10,POST,/api/plugins/batch/parameters (500 updates),10.100000,0.000000,7,12,15,16,20,26,31,1000,1000,1000,1000,1689,0,6,23.697181023751266,2.806248998240335,1074.2657150003652,879.7939609236234
1772924295,10,GET,/api/plugins/discover,0.000000,0.000000,0,0,0,0,0,0,0,0,0,0,0,160,0,13,18.220616150142632,10.576317999948515,58.00965399976121,85406.0
1772924295,10,GET,/api/plugins/list,0.000000,0.000000,0,0,0,0,0,0,0,0,0,0,0,160,0,2,5.07641034982953,1.080333000572864,43.401594997703796,29.4
1772924295,10,POST,/api/plugins/load?uri,7.000000,0.000000,2,3,4,9,17,17,18,18,18,18,18,985,0,2,5.622789424405756,1.3049310000496916,256.2621520009998,2221.282233502538
1772924295,10,POST,/api/plugins/unload?uri,7.000000,0.000000,2,2,3,3,6,7,12,26,26,26,26,985,0,2,3.408040609127998,1.1658449984679464,64.64023000080488,107.95228426395938
1772924295,10,,Aggregated,155.300000,0.000000,3,4,6,9,15,18,25,45,1000,1000,1000,25427,0,2,11.595641925170447,1.0178689990425482,1083.7654569986626,805.7792897313878
1772924296,10,GET,/api/audio/latency,20.700000,0.000000,2,3,5,9,15,20,24,26,43,43,43,3831,0,2,4.972981727005305,1.0178689990425482,1073.7905090027198,33.0
1772924296,10,GET,/api/audio/levels,20.700000,0.000000,3,6,11,13,16,20,25,79,930,930,930,3831,0,3,19.081800565409218,1.0466029998497106,1063.1027659983374,75.42286609240408
1772924296,10,GET,/api/audio/levels (during plugin swap),6.500000,0.000000,3,4,10,13,19,28,890,910,910,910,910,992,0,3,30.744913121932974,1.052685001923237,1065.1855479991355,75.24092741935483
1772924296,10,GET,/api/audio/levels/plugins,6.500000,0.000000,2,3,3,3,4,6,15,19,19,19,19,992,0,2,4.723297384100166,1.0223909994238056,1004.5815230005246,19.399193548387096
1772924296,10,GET,/api/audio/status,19.200000,0.000000,2,3,3,4,9,14,18,21,22,22,22,2943,0,2,3.6614043214866,1.0313479979231488,246.06509799923515,168.0
1772924296,10,GET,/api/chains/,0.000000,0.000000,0,0,0,0,0,0,0,0,0,0,0,160,0,4,35.78325576258976,1.3513000012608245,1038.7257460024557,1448.1
1772924296,10,GET,/api/chains/{id},19.200000,0.000000,3,6,10,12,17,21,820,980,1000,1000,1000,2943,0,3,23.52672910528398,1.2148069981776644,1061.2717760013766,503.21678559293235
1772924296,10,POST,/api/chains/{id}/activate,19.200000,0.000000,3,5,6,10,18,19,28,30,46,46,46,2943,0,3,6.456499826720308,1.1701449984684587,1056.0120830014057,53.28032619775739
1772924296,10,POST,/api/chains/{id}/deactivate,19.200000,0.000000,2,2,3,3,9,14,18,21,25,25,25,2943,0,2,3.6844895996875935,1.162620999821229,1083.7654569986626,61.81311586816174
1772924296,10,POST,/api/plugins/batch/parameters (500 updates),10.400000,0.000000,7,10,14,15,18,22,28,1000,1000,1000,1000,1705,0,6,23.547396614150806,2.806248998240335,1074.2657150003652,879.7114369501467
1772924296,10,GET,/api/plugins/discover,0.000000,0.000000,0,0,0,0,0,0,0,0,0,0,0,160,0,13,18.220616150142632,10.576317999948515,58.00965399976121,85406.0
1772924296,10,GET,/api/plugins/list,0.000000,0.000000,0,0,0,0,0,0,0,0,0,0,0,160,0,2,5.07641034982953,1.080333000572864,43.401594997703796,29.4
1772924296,10,POST,/api/plugins/load?uri,6.500000,0.000000,3,3,4,7,17,17,18,18,18,18,18,992,0,2,5.604250544398647,1.3049310000496916,256.2621520009998,2213.2993951612902
1772924296,10,POST,/api/plugins/unload?uri,6.500000,0.000000,2,3,3,3,6,7,12,26,26,26,26,992,0,2,3.397302607852233,1.1658449984679464,64.64023000080488,107.96270161290323
1772924296,10,,Aggregated,154.600000,0.000000,3,4,6,9,15,18,25,45,1000,1000,1000,25587,0,2,11.557769236616291,1.0178689990425482,1083.7654569986626,802.2559112049088
1772924297,10,GET,/api/audio/latency,19.700000,0.000000,2,3,5,8,15,20,24,24,28,28,28,3861,0,2,4.96936482884406,1.0178689990425482,1073.7905090027198,33.0
1772924297,10,GET,/api/audio/levels,19.800000,0.000000,3,6,12,13,16,20,25,79,930,930,930,3861,0,3,18.981314776247828,1.0466029998497106,1063.1027659983374,75.42087542087542
1772924297,10,GET,/api/audio/levels (during plugin swap),6.700000,0.000000,3,4,10,12,19,28,890,910,910,910,910,997,0,3,30.61628249745233,1.052685001923237,1065.1855479991355,75.24272818455366
1772924297,10,GET,/api/audio/levels/plugins,6.700000,0.000000,2,3,3,3,4,6,15,19,19,19,19,997,0,2,4.710023849577865,1.0223909994238056,1004.5815230005246,19.398194583751255
1772924297,10,GET,/api/audio/status,17.000000,0.000000,2,2,3,4,9,14,18,21,22,22,22,2961,0,2,3.6480279669486886,1.0313479979231488,246.06509799923515,168.0
1772924297,10,GET,/api/chains/,0.000000,0.000000,0,0,0,0,0,0,0,0,0,0,0,160,0,4,35.78325576258976,1.3513000012608245,1038.7257460024557,1448.1
1772924297,10,GET,/api/chains/{id},17.000000,0.000000,3,6,10,12,16,21,820,980,1000,1000,1000,2961,0,3,23.413678402518446,1.2148069981776644,1061.2717760013766,503.19284025667
1772924297,10,POST,/api/chains/{id}/activate,17.000000,0.000000,3,5,6,9,18,19,28,30,46,46,46,2961,0,3,6.435910461346629,1.1701449984684587,1056.0120830014057,53.287402904424184
1772924297,10,POST,/api/chains/{id}/deactivate,17.000000,0.000000,2,2,3,3,9,16,18,21,25,25,25,2961,0,2,3.6804345744289346,1.162620999821229,1083.7654569986626,61.814251941911515
1772924297,10,POST,/api/plugins/batch/parameters (500 updates),10.400000,0.000000,6,8,14,15,19,22,28,1000,1000,1000,1000,1710,0,6,23.50522581937344,2.806248998240335,1074.2657150003652,879.801754385965
1772924297,10,GET,/api/plugins/discover,0.000000,0.000000,0,0,0,0,0,0,0,0,0,0,0,160,0,13,18.220616150142632,10.576317999948515,58.00965399976121,85406.0
1772924297,10,GET,/api/plugins/list,0.000000,0.000000,0,0,0,0,0,0,0,0,0,0,0,160,0,2,5.07641034982953,1.080333000572864,43.401594997703796,29.4
1772924297,10,POST,/api/plugins/load?uri,6.700000,0.000000,3,3,4,5,17,17,18,18,18,18,18,997,0,2,5.601714497534487,1.3049310000496916,256.2621520009998,2208.778335005015
1772924297,10,POST,/api/plugins/unload?uri,6.700000,0.000000,2,3,3,3,6,7,12,26,26,26,26,997,0,2,3.390421474412993,1.1658449984679464,64.64023000080488,107.94383149448345
1772924297,10,,Aggregated,144.700000,0.000000,2,4,6,9,15,18,24,45,1000,1000,1000,25744,0,2,11.512975935027365,1.0178689990425482,1083.7654569986626,798.5076522684898
1772924298,10,GET,/api/audio/latency,20.500000,0.000000,2,3,4,6,15,18,23,24,28,28,28,3884,0,2,4.95647909968562,1.0178689990425482,1073.7905090027198,33.0
1772924298,10,GET,/api/audio/levels,20.500000,0.000000,3,6,10,13,16,20,25,79,930,930,930,3884,0,3,18.901061412741836,1.0466029998497106,1063.1027659983374,75.42327497425335
1772924298,10,GET,/api/audio/levels (during plugin swap),6.300000,0.000000,3,5,10,10,19,28,890,910,910,910,910,1003,0,3,30.469206962072587,1.052685001923237,1065.1855479991355,75.22931206380858
1772924298,10,GET,/api/audio/levels/plugins,6.300000,0.000000,2,3,3,3,5,7,15,19,19,19,19,1003,0,2,4.7092619242540605,1.0223909994238056,1004.5815230005246,19.391824526420738
1772924298,10,GET,/api/audio/status,17.400000,0.000000,2,2,3,4,9,14,18,21,22,22,22,2982,0,2,3.652253401448917,1.0313479979231488,246.06509799923515,168.0
1772924298,10,GET,/api/chains/,0.000000,0.000000,0,0,0,0,0,0,0,0,0,0,0,160,0,4,35.78325576258976,1.3513000012608245,1038.7257460024557,1448.1
1772924298,10,GET,/api/chains/{id},17.300000,0.000000,3,6,11,12,16,23,820,980,1000,1000,1000,2982,0,3,23.294818154210795,1.2148069981776644,1061.2717760013766,503.39302481556
1772924298,10,POST,/api/chains/{id}/activate,17.400000,0.000000,3,5,7,10,18,19,28,30,46,46,46,2982,0,3,6.4389046938420424,1.1701449984684587,1056.0120830014057,53.29275653923541
1772924298,10,POST,/api/chains/{id}/deactivate,17.400000,0.000000,2,2,3,3,10,16,18,21,25,25,25,2982,0,2,3.678780423166705,1.162620999821229,1083.7654569986626,61.81556002682763
1772924298,10,POST,/api/plugins/batch/parameters (500 updates),9.800000,0.000000,6,9,14,15,18,20,26,1000,1000,1000,1000,1719,0,6,23.420339958190016,2.806248998240335,1074.2657150003652,879.717277486911
1772924298,10,GET,/api/plugins/discover,0.000000,0.000000,0,0,0,0,0,0,0,0,0,0,0,160,0,13,18.220616150142632,10.576317999948515,58.00965399976121,85406.0
1772924298,10,GET,/api/plugins/list,0.000000,0.000000,0,0,0,0,0,0,0,0,0,0,0,160,0,2,5.07641034982953,1.080333000572864,43.401594997703796,29.4
1772924298,10,POST,/api/plugins/load?uri,6.300000,0.000000,3,3,5,9,17,17,18,18,18,18,18,1003,0,2,5.600252650090829,1.3049310000496916,256.2621520009998,2208.0229312063807
1772924298,10,POST,/api/plugins/unload?uri,6.300000,0.000000,2,2,3,3,6,7,9,12,12,12,12,1003,0,2,3.3893726011869045,1.1658449984679464,64.64023000080488,107.92123629112662
1772924298,10,,Aggregated,145.500000,0.000000,2,4,6,9,15,18,24,45,1000,1000,1000,25907,0,2,11.471911055634502,1.0178689990425482,1083.7654569986626,795.0690546956421
1772924299,10,GET,/api/audio/latency,21.000000,0.000000,2,3,4,7,15,18,23,24,28,28,28,3909,0,2,4.9563736894811115,1.0178689990425482,1073.7905090027198,33.0
1772924299,10,GET,/api/audio/levels,21.000000,0.000000,3,7,10,13,16,19,24,36,930,930,930,3909,0,3,18.820580594292487,1.0466029998497106,1063.1027659983374,75.42107955998976
1772924299,10,GET,/api/audio/levels (during plugin swap),6.400000,0.000000,3,5,10,10,15,850,890,910,910,910,910,1004,0,3,30.453569249960807,1.052685001923237,1065.1855479991355,75.24003984063745
1772924299,10,GET,/api/audio/levels/plugins,6.400000,0.000000,2,3,3,3,5,11,15,19,19,19,19,1004,0,2,4.7074224014241945,1.0223909994238056,1004.5815230005246,19.399402390438247
1772924299,10,GET,/api/audio/status,17.500000,0.000000,2,2,3,3,9,14,18,21,22,22,22,3003,0,2,3.6423978754976245,1.0313479979231488,246.06509799923515,168.0
1772924299,10,GET,/api/chains/,0.000000,0.000000,0,0,0,0,0,0,0,0,0,0,0,160,0,4,35.78325576258976,1.3513000012608245,1038.7257460024557,1448.1
1772924299,10,GET,/api/chains/{id},17.500000,0.000000,3,6,11,12,15,17,820,980,1000,1000,1000,3003,0,3,23.176168489131886,1.2148069981776644,1061.2717760013766,503.5900765900766
1772924299,10,POST,/api/chains/{id}/activate,17.500000,0.000000,3,5,7,11,18,19,28,30,46,46,46,3003,0,3,6.4319044628824935,1.1701449984684587,1056.0120830014057,53.298035298035295
1772924299,10,POST,/api/chains/{id}/deactivate,17.500000,0.000000,2,2,3,3,9,15,17,21,25,25,25,3003,0,2,3.673420725237721,1.162620999821229,1083.7654569986626,61.81684981684982
1772924299,10,POST,/api/plugins/batch/parameters (500 updates),9.500000,0.000000,6,9,14,14,18,20,26,1000,1000,1000,1000,1736,0,6,23.264578977602138,2.806248998240335,1074.2657150003652,879.8980414746544
1772924299,10,GET,/api/plugins/discover,0.000000,0.000000,0,0,0,0,0,0,0,0,0,0,0,160,0,13,18.220616150142632,10.576317999948515,58.00965399976121,85406.0
1772924299,10,GET,/api/plugins/list,0.000000,0.000000,0,0,0,0,0,0,0,0,0,0,0,160,0,2,5.07641034982953,1.080333000572864,43.401594997703796,29.4
1772924299,10,POST,/api/plugins/load?uri,6.400000,0.000000,3,3,4,7,17,18,18,18,18,18,18,1004,0,2,5.597454809800814,1.3049310000496916,256.2621520009998,2206.3496015936257
1772924299,10,POST,/api/plugins/unload?uri,6.400000,0.000000,2,2,3,3,6,7,8,9,9,9,9,1004,0,2,3.388374954173274,1.1658449984679464,64.64023000080488,107.9203187250996
1772924299,10,,Aggregated,147.100000,0.000000,2,4,6,9,15,18,23,30,1000,1000,1000,26062,0,2,11.433893162317858,1.0178689990425482,1083.7654569986626,791.7159465889034
1772924300,10,GET,/api/audio/latency,21.800000,0.000000,2,3,4,8,15,18,23,24,28,28,28,3930,0,2,4.950431401829827,1.0178689990425482,1073.7905090027198,33.0
1772924300,10,GET,/api/audio/levels,21.800000,0.000000,3,7,10,13,16,19,24,36,930,930,930,3930,0,3,18.745252836406994,1.0466029998497106,1063.1027659983374,75.42798982188295
1772924300,10,GET,/api/audio/levels (during plugin swap),6.700000,0.000000,3,5,10,10,15,850,890,910,910,910,910,1010,0,3,30.313961236595894,1.052685001923237,1065.1855479991355,75.25247524752476
1772924300,10,GET,/api/audio/levels/plugins,6.700000,0.000000,2,3,3,3,5,11,19,19,19,19,19,1010,0,2,4.708133501023466,1.0223909994238056,1004.5815230005246,19.393069306930695
1772924300,10,GET,/api/audio/status,18.100000,0.000000,2,2,3,4,9,14,20,21,22,22,22,3020,0,2,3.6536014281849423,1.0313479979231488,246.06509799923515,168.0
1772924300,10,GET,/api/chains/,0.000000,0.000000,0,0,0,0,0,0,0,0,0,0,0,160,0,4,35.78325576258976,1.3513000012608245,1038.7257460024557,1448.1
1772924300,10,GET,/api/chains/{id},18.100000,0.000000,3,6,11,12,15,17,820,980,1000,1000,1000,3020,0,3,23.073744930745956,1.2148069981776644,1061.2717760013766,503.90264900662254
1772924300,10,POST,/api/chains/{id}/activate,18.100000,0.000000,3,5,8,11,17,19,28,30,46,46,46,3020,0,3,6.424610792728706,1.1701449984684587,1056.0120830014057,53.29437086092715
1772924300,10,POST,/api/chains/{id}/deactivate,18.100000,0.000000,2,2,3,3,9,14,16,21,25,25,25,3020,0,2,3.677988871816867,1.162620999821229,1083.7654569986626,61.817880794701985
1772924300,10,POST,/api/plugins/batch/parameters (500 updates),8.400000,0.000000,6,9,13,14,18,20,25,26,1000,1000,1000,1751,0,6,23.139601626563095,2.806248998240335,1074.2657150003652,879.9554540262707
1772924300,10,GET,/api/plugins/discover,0.000000,0.000000,0,0,0,0,0,0,0,0,0,0,0,160,0,13,18.220616150142632,10.576317999948515,58.00965399976121,85406.0
1772924300,10,GET,/api/plugins/list,0.000000,0.000000,0,0,0,0,0,0,0,0,0,0,0,160,0,2,5.07641034982953,1.080333000572864,43.401594997703796,29.4
1772924300,10,POST,/api/plugins/load?uri,6.700000,0.000000,3,3,4,7,17,17,18,18,18,18,18,1010,0,2,5.605290784195958,1.3049310000496916,256.2621520009998,2212.960396039604
1772924300,10,POST,/api/plugins/unload?uri,6.700000,0.000000,2,2,3,3,6,7,8,9,9,9,9,1010,0,2,3.3821214108846305,1.1658449984679464,64.64023000080488,107.94257425742575
1772924300,10,,Aggregated,151.200000,0.000000,2,4,6,9,15,18,23,30,1000,1000,1000,26211,0,2,11.398663372603906,1.0178689990425482,1083.7654569986626,789.163824348556
1772924301,10,GET,/api/audio/latency,21.300000,0.000000,2,3,4,6,14,18,21,24,28,28,28,3952,0,2,4.9399870681131155,1.0178689990425482,1073.7905090027198,33.0
1772924301,10,GET,/api/audio/levels,21.300000,0.000000,3,6,9,13,15,19,24,36,930,930,930,3952,0,3,18.663779222692146,1.0466029998497106,1063.1027659983374,75.42763157894737
1772924301,10,GET,/api/audio/levels (during plugin swap),6.600000,0.000000,3,8,10,11,15,850,890,910,910,910,910,1016,0,3,30.16190548224607,1.052685001923237,1065.1855479991355,75.23917322834646
1772924301,10,GET,/api/audio/levels/plugins,6.600000,0.000000,2,3,3,3,4,7,11,19,19,19,19,1016,0,2,4.69319127070747,1.0223909994238056,1004.5815230005246,19.3996062992126
1772924301,10,GET,/api/audio/status,17.900000,0.000000,2,2,3,3,8,14,18,20,21,21,21,3040,0,2,3.642292774381866,1.0313479979231488,246.06509799923515,168.0
1772924301,10,GET,/api/chains/,0.000000,0.000000,0,0,0,0,0,0,0,0,0,0,0,160,0,4,35.78325576258976,1.3513000012608245,1038.7257460024557,1448.1
1772924301,10,GET,/api/chains/{id},17.900000,0.000000,3,5,10,11,14,16,820,980,1000,1000,1000,3040,0,3,22.94177235949184,1.2148069981776644,1061.2717760013766,503.64967105263156
1772924301,10,POST,/api/chains/{id}/activate,17.900000,0.000000,3,5,7,9,17,19,26,29,30,30,30,3040,0,3,6.416837410209777,1.1701449984684587,1056.0120830014057,53.289144736842104
1772924301,10,POST,/api/chains/{id}/deactivate,17.900000,0.000000,2,2,3,3,8,15,16,21,25,25,25,3040,0,2,3.6699783529229535,1.162620999821229,1083.7654569986626,61.81907894736842
1772924301,10,POST,/api/plugins/batch/parameters (500 updates),8.800000,0.000000,5,9,13,14,19,21,25,26,1000,1000,1000,1762,0,6,23.044716851372776,2.806248998240335,1074.2657150003652,880.2684449489217
1772924301,10,GET,/api/plugins/discover,0.000000,0.000000,0,0,0,0,0,0,0,0,0,0,0,160,0,13,18.220616150142632,10.576317999948515,58.00965399976121,85406.0
1772924301,10,GET,/api/plugins/list,0.000000,0.000000,0,0,0,0,0,0,0,0,0,0,0,160,0,2,5.07641034982953,1.080333000572864,43.401594997703796,29.4
1772924301,10,POST,/api/plugins/load?uri,6.600000,0.000000,3,3,5,7,17,17,17,18,18,18,18,1016,0,3,5.5874209144069855,1.3049310000496916,256.2621520009998,2223.7450787401576
1772924301,10,POST,/api/plugins/unload?uri,6.600000,0.000000,2,2,2,3,6,6,7,8,8,8,8,1016,0,2,3.372605417313226,1.1658449984679464,64.64023000080488,107.99704724409449
1772924301,10,,Aggregated,149.400000,0.000000,2,4,6,8,15,17,22,28,1000,1000,1000,26370,0,2,11.351360015787696,1.0178689990425482,1083.7654569986626,786.4181266590823
1772924302,10,GET,/api/audio/latency,21.500000,0.000000,2,3,4,6,13,17,20,24,28,28,28,3973,0,2,4.938634139487899,1.0178689990425482,1073.7905090027198,33.0
1772924302,10,GET,/api/audio/levels,21.500000,0.000000,3,6,9,12,15,19,25,36,930,930,930,3973,0,3,18.593594677843146,1.0466029998497106,1063.1027659983374,75.4278882456582
1772924302,10,GET,/api/audio/levels (during plugin swap),5.800000,0.000000,3,7,10,10,15,850,910,910,910,910,910,1018,0,3,30.10537050683894,1.052685001923237,1065.1855479991355,75.2475442043222
1772924302,10,GET,/api/audio/levels/plugins,5.800000,0.000000,2,3,3,3,4,7,19,19,19,19,19,1018,0,2,4.686887357602531,1.0223909994238056,1004.5815230005246,19.414538310412574
1772924302,10,GET,/api/audio/status,18.100000,0.000000,2,2,2,3,8,11,17,18,20,20,20,3060,0,2,3.635473277814657,1.0313479979231488,246.06509799923515,168.0
1772924302,10,GET,/api/chains/,0.000000,0.000000,0,0,0,0,0,0,0,0,0,0,0,160,0,4,35.78325576258976,1.3513000012608245,1038.7257460024557,1448.1
1772924302,10,GET,/api/chains/{id},18.100000,0.000000,3,5,9,11,15,17,820,980,1000,1000,1000,3060,0,3,22.837629323807693,1.2148069981776644,1061.2717760013766,503.621568627451
1772924302,10,POST,/api/chains/{id}/activate,18.100000,0.000000,3,5,7,9,17,19,25,28,29,29,29,3060,0,3,6.417599592168699,1.1701449984684587,1056.0120830014057,53.283986928104575
1772924302,10,POST,/api/chains/{id}/deactivate,18.100000,0.000000,2,2,3,3,8,13,16,16,25,25,25,3059,0,2,3.6624110532485,1.162620999821229,1083.7654569986626,61.82020268061458
1772924302,10,POST,/api/plugins/batch/parameters (500 updates),9.700000,0.000000,5,9,13,15,19,22,25,30,1000,1000,1000,1777,0,6,22.943857947169175,2.806248998240335,1074.2657150003652,880.2948790095667
1772924302,10,GET,/api/plugins/discover,0.000000,0.000000,0,0,0,0,0,0,0,0,0,0,0,160,0,13,18.220616150142632,10.576317999948515,58.00965399976121,85406.0
1772924302,10,GET,/api/plugins/list,0.000000,0.000000,0,0,0,0,0,0,0,0,0,0,0,160,0,2,5.07641034982953,1.080333000572864,43.401594997703796,29.4
1772924302,10,POST,/api/plugins/load?uri,5.800000,0.000000,3,3,5,7,17,17,18,18,18,18,18,1018,0,2,5.579617450922379,1.3049310000496916,256.2621520009998,2222.891944990177
1772924302,10,POST,/api/plugins/unload?uri,5.800000,0.000000,2,2,3,3,6,6,8,8,8,8,8,1018,0,2,3.369784203329062,1.1658449984679464,64.64023000080488,108.0049115913556
1772924302,10,,Aggregated,148.300000,0.000000,2,4,6,8,14,17,23,29,1000,1000,1000,26514,0,2,11.318378944719953,1.0178689990425482,1083.7654569986626,783.4715999094818
1772924303,10,GET,/api/audio/latency,21.800000,0.000000,2,3,4,5,13,17,20,24,28,28,28,4004,0,2,4.928992524022411,1.0178689990425482,1073.7905090027198,33.0
1772924303,10,GET,/api/audio/levels,21.800000,0.000000,3,6,10,13,15,18,25,36,930,930,930,4004,0,3,18.49944156120736,1.0466029998497106,1063.1027659983374,75.41883116883118
1772924303,10,GET,/api/audio/levels (during plugin swap),5.800000,0.000000,3,6,10,12,15,850,910,910,910,910,910,1023,0,3,29.977568383150665,1.052685001923237,1065.1855479991355,75.26197458455523
1772924303,10,GET,/api/audio/levels/plugins,5.800000,0.000000,2,3,3,3,4,7,19,19,19,19,19,1023,0,2,4.670472354871958,1.0223909994238056,1004.5815230005246,19.41348973607038
1772924303,10,GET,/api/audio/status,17.100000,0.000000,2,2,2,3,6,11,17,18,20,20,20,3077,0,2,3.628420602248056,1.0313479979231488,246.06509799923515,168.0
1772924303,10,GET,/api/chains/,0.000000,0.000000,0,0,0,0,0,0,0,0,0,0,0,160,0,4,35.78325576258976,1.3513000012608245,1038.7257460024557,1448.1
1772924303,10,GET,/api/chains/{id},17.100000,0.000000,3,5,8,11,14,17,820,980,1000,1000,1000,3078,0,3,22.72469575303853,1.2148069981776644,1061.2717760013766,503.8164392462638
1772924303,10,POST,/api/chains/{id}/activate,17.100000,0.000000,3,5,7,9,16,18,25,28,29,29,29,3077,0,3,6.398034243756003,1.1701449984684587,1056.0120830014057,53.28859278518037
1772924303,10,POST,/api/chains/{id}/deactivate,17.100000,0.000000,2,2,3,3,8,14,16,18,25,25,25,3077,0,2,3.6623403100048626,1.162620999821229,1083.7654569986626,61.82125446863829
1772924303,10,POST,/api/plugins/batch/parameters (500 updates),10.400000,0.000000,5,9,13,15,18,22,25,30,1000,1000,1000,1790,0,6,22.83697692464506,2.806248998240335,1074.2657150003652,880.3201117318436
1772924303,10,GET,/api/plugins/discover,0.000000,0.000000,0,0,0,0,0,0,0,0,0,0,0,160,0,13,18.220616150142632,10.576317999948515,58.00965399976121,85406.0
1772924303,10,GET,/api/plugins/list,0.000000,0.000000,0,0,0,0,0,0,0,0,0,0,0,160,0,2,5.07641034982953,1.080333000572864,43.401594997703796,29.4
1772924303,10,POST,/api/plugins/load?uri,5.800000,0.000000,3,3,4,5,15,17,18,18,18,18,18,1023,0,2,5.562193539628845,1.3049310000496916,256.2621520009998,2219.737047898338
1772924303,10,POST,/api/plugins/unload?uri,5.800000,0.000000,2,2,2,3,6,6,8,8,8,8,8,1023,0,2,3.3600131818037884,1.1658449984679464,64.64023000080488,108.00097751710655
1772924303,10,,Aggregated,145.600000,0.000000,2,4,5,8,14,17,22,29,1000,1000,1000,26679,0,2,11.273956419217408,1.0178689990425482,1083.7654569986626,780.0609842947637
1772924304,10,GET,/api/audio/latency,21.700000,0.000000,2,3,4,5,13,16,20,24,28,28,28,4018,0,2,4.927504943300961,1.0178689990425482,1073.7905090027198,33.0
1772924304,10,GET,/api/audio/levels,21.700000,0.000000,3,6,9,12,15,16,20,22,36,36,36,4018,0,3,18.458158848700194,1.0466029998497106,1063.1027659983374,75.42010950721752
1772924304,10,GET,/api/audio/levels (during plugin swap),5.200000,0.000000,3,5,8,10,12,15,17,17,17,17,17,1026,0,3,29.903081999959202,1.052685001923237,1065.1855479991355,75.25536062378167
1772924304,10,GET,/api/audio/levels/plugins,5.200000,0.000000,2,3,3,3,3,7,19,19,19,19,19,1026,0,2,4.663908618941883,1.0223909994238056,1004.5815230005246,19.42300194931774
1772924304,10,GET,/api/audio/status,17.100000,0.000000,2,2,2,3,5,11,17,18,20,20,20,3089,0,2,3.625008754325726,1.0313479979231488,246.06509799923515,168.0
1772924304,10,GET,/api/chains/,0.000000,0.000000,0,0,0,0,0,0,0,0,0,0,0,160,0,4,35.78325576258976,1.3513000012608245,1038.7257460024557,1448.1
1772924304,10,GET,/api/chains/{id},17.100000,0.000000,3,5,8,11,14,16,24,32,32,32,32,3089,0,3,22.67747473060982,1.2148069981776644,1061.2717760013766,503.9100032372936
1772924304,10,POST,/api/chains/{id}/activate,17.100000,0.000000,3,4,6,8,15,17,19,25,26,26,26,3089,0,3,6.388511254785501,1.1701449984684587,1056.0120830014057,53.282292003884756
1772924304,10,POST,/api/chains/{id}/deactivate,17.100000,0.000000,2,2,2,3,6,13,16,18,25,25,25,3087,0,2,3.6555580284678704,1.162620999821229,1083.7654569986626,61.82183349530288
1772924304,10,POST,/api/plugins/batch/parameters (500 updates),10.500000,0.000000,5,9,13,14,18,21,24,25,30,30,30,1797,0,6,22.774271642246347,2.806248998240335,1074.2657150003652,880.3249860879243
1772924304,10,GET,/api/plugins/discover,0.000000,0.000000,0,0,0,0,0,0,0,0,0,0,0,160,0,13,18.220616150142632,10.576317999948515,58.00965399976121,85406.0
1772924304,10,GET,/api/plugins/list,0.000000,0.000000,0,0,0,0,0,0,0,0,0,0,0,160,0,2,5.07641034982953,1.080333000572864,43.401594997703796,29.4
1772924304,10,POST,/api/plugins/load?uri,5.200000,0.000000,3,3,4,4,9,15,17,17,17,17,17,1026,0,2,5.556660750523422,1.3049310000496916,256.2621520009998,2216.3352826510722
1772924304,10,POST,/api/plugins/unload?uri,5.200000,0.000000,2,2,2,3,6,8,13,13,13,13,13,1026,0,2,3.3756221276662277,1.1658449984679464,64.64023000080488,107.99122807017544
1772924304,10,,Aggregated,143.100000,0.000000,2,4,5,7,13,16,19,23,32,36,36,26771,0,2,11.252446804836682,1.0178689990425482,1083.7654569986626,778.1479212580778
1772924305,10,GET,/api/audio/latency,21.700000,0.000000,2,3,4,6,13,16,18,24,28,28,28,4027,0,2,4.936924746259339,1.0178689990425482,1073.7905090027198,33.0
1772924305,10,GET,/api/audio/levels,21.700000,0.000000,3,6,10,12,15,19,29,1000,1100,1100,1100,4027,0,3,19.19206112169652,1.0466029998497106,1063.1027659983374,75.42438539855972
1772924305,10,GET,/api/audio/levels (during plugin swap),4.600000,0.000000,3,6,8,10,12,15,17,17,17,17,17,1027,0,3,29.87696320443889,1.052685001923237,1065.1855479991355,75.26582278481013
1772924305,10,GET,/api/audio/levels/plugins,4.600000,0.000000,2,3,3,3,3,7,19,19,19,19,19,1027,0,2,4.662345787765182,1.0223909994238056,1004.5815230005246,19.430379746835442
1772924305,10,GET,/api/audio/status,16.900000,0.000000,2,2,2,3,5,11,17,18,20,20,20,3096,0,2,3.6231954884084137,1.0313479979231488,246.06509799923515,168.0
1772924305,10,GET,/api/chains/,0.000000,0.000000,0,0,0,0,0,0,0,0,0,0,0,160,0,4,35.78325576258976,1.3513000012608245,1038.7257460024557,1448.1
1772924305,10,GET,/api/chains/{id},16.900000,0.000000,3,5,8,11,15,17,32,970,1000,1000,1000,3096,0,3,23.276191395300764,1.2148069981776644,1061.2717760013766,503.95574935400515
1772924305,10,POST,/api/chains/{id}/activate,16.900000,0.000000,3,4,6,8,15,17,20,25,26,26,26,3096,0,3,6.3945138620908155,1.1701449984684587,1056.0120830014057,53.28940568475452
1772924305,10,POST,/api/chains/{id}/deactivate,16.900000,0.000000,2,2,2,3,8,15,16,1100,1100,1100,1100,3096,0,2,4.343794032260455,1.162620999821229,1083.7654569986626,61.8062015503876
1772924305,10,POST,/api/plugins/batch/parameters (500 updates),10.800000,0.000000,5,9,13,15,19,24,1000,1000,1000,1000,1000,1803,0,6,24.39397251587426,2.806248998240335,1074.2657150003652,880.1763727121464
1772924305,10,GET,/api/plugins/discover,0.000000,0.000000,0,0,0,0,0,0,0,0,0,0,0,160,0,13,18.220616150142632,10.576317999948515,58.00965399976121,85406.0
1772924305,10,GET,/api/plugins/list,0.000000,0.000000,0,0,0,0,0,0,0,0,0,0,0,160,0,2,5.07641034982953,1.080333000572864,43.401594997703796,29.4
1772924305,10,POST,/api/plugins/load?uri,4.600000,0.000000,3,3,4,5,9,15,17,17,17,17,17,1027,0,2,5.55713342262557,1.3049310000496916,256.2621520009998,2214.858812074002
1772924305,10,POST,/api/plugins/unload?uri,4.600000,0.000000,2,2,2,3,6,12,13,13,13,13,13,1027,0,2,3.3845185978458163,1.1658449984679464,64.64023000080488,107.99123661148978
1772924305,10,,Aggregated,140.200000,0.000000,2,4,6,8,14,17,22,30,1100,1100,1100,26829,0,2,11.62115075818272,1.0178689990425482,1083.7654569986626,776.9381639270938
1772924306,10,GET,/api/audio/latency,23.100000,0.000000,2,3,4,6,13,15,17,18,25,25,25,4052,0,2,4.935917313965728,1.0178689990425482,1073.7905090027198,33.0
1772924306,10,GET,/api/audio/levels,23.100000,0.000000,3,6,9,12,15,17,22,1000,1100,1100,1100,4052,0,3,19.10462678308684,1.0466029998497106,1063.1027659983374,75.42546890424482
1772924306,10,GET,/api/audio/levels (during plugin swap),4.900000,0.000000,3,7,8,10,14,14,17,17,17,17,17,1033,0,3,29.736179130646097,1.052685001923237,1065.1855479991355,75.26524685382381
1772924306,10,GET,/api/audio/levels/plugins,4.900000,0.000000,2,3,3,3,4,7,19,19,19,19,19,1033,0,2,4.647508751249678,1.0223909994238056,1004.5815230005246,19.436592449177155
1772924306,10,GET,/api/audio/status,18.000000,0.000000,2,2,2,3,7,12,17,20,20,20,20,3113,0,2,3.6237683090620436,1.0313479979231488,246.06509799923515,168.0
1772924306,10,GET,/api/chains/,0.000000,0.000000,0,0,0,0,0,0,0,0,0,0,0,160,0,4,35.78325576258976,1.3513000012608245,1038.7257460024557,1448.1
1772924306,10,GET,/api/chains/{id},18.000000,0.000000,3,5,8,10,14,17,32,970,1000,1000,1000,3113,0,3,23.180905114310644,1.2148069981776644,1061.2717760013766,503.82267908769677
1772924306,10,POST,/api/chains/{id}/activate,18.000000,0.000000,3,4,6,8,15,17,21,25,26,26,26,3113,0,3,6.395140705441228,1.1701449984684587,1056.0120830014057,53.285897847735306
1772924306,10,POST,/api/chains/{id}/deactivate,18.000000,0.000000,2,2,3,3,8,15,16,1100,1100,1100,1100,3113,0,2,4.333912116565941,1.162620999821229,1083.7654569986626,61.80725987793126
1772924306,10,POST,/api/plugins/batch/parameters (500 updates),11.400000,0.000000,5,9,13,15,19,23,1000,1000,1000,1000,1000,1815,0,6,24.280477065634134,2.806248998240335,1074.2657150003652,880.2214876033058
1772924306,10,GET,/api/plugins/discover,0.000000,0.000000,0,0,0,0,0,0,0,0,0,0,0,160,0,13,18.220616150142632,10.576317999948515,58.00965399976121,85406.0
1772924306,10,GET,/api/plugins/list,0.000000,0.000000,0,0,0,0,0,0,0,0,0,0,0,160,0,2,5.07641034982953,1.080333000572864,43.401594997703796,29.4
1772924306,10,POST,/api/plugins/load?uri,4.900000,0.000000,3,3,5,5,15,16,18,18,18,18,18,1033,0,2,5.565117176222559,1.3049310000496916,256.2621520009998,2210.3330106485964
1772924306,10,POST,/api/plugins/unload?uri,4.900000,0.000000,2,2,3,3,6,12,13,13,13,13,13,1033,0,2,3.3785842787854463,1.1658449984679464,64.64023000080488,107.96418199419168
1772924306,10,,Aggregated,149.200000,0.000000,2,4,6,8,14,16,21,29,1100,1100,1100,26983,0,2,11.582621602649217,1.0178689990425482,1083.7654569986626,773.8427528443835
1772924307,10,GET,/api/audio/latency,23.400000,0.000000,2,3,4,6,13,15,17,18,25,25,25,4082,0,2,4.920790586033502,1.0178689990425482,1073.7905090027198,33.0
1772924307,10,GET,/api/audio/levels,23.300000,0.000000,3,6,9,11,16,20,29,1000,1100,1100,1100,4082,0,3,19.016542880223295,1.0466029998497106,1063.1027659983374,75.4267515923567
1772924307,10,GET,/api/audio/levels (during plugin swap),4.800000,0.000000,2,5,8,12,14,15,17,17,17,17,17,1035,0,3,29.687373154550755,1.052685001923237,1065.1855479991355,75.26086956521739
1772924307,10,GET,/api/audio/levels/plugins,4.800000,0.000000,2,3,3,3,3,4,19,19,19,19,19,1035,0,2,4.6412006164659125,1.0223909994238056,1004.5815230005246,19.438647342995168
1772924307,10,GET,/api/audio/status,18.400000,0.000000,2,2,2,3,7,11,18,20,20,20,20,3132,0,2,3.6181039639550443,1.0313479979231488,246.06509799923515,168.0
1772924307,10,GET,/api/chains/,0.000000,0.000000,0,0,0,0,0,0,0,0,0,0,0,160,0,4,35.78325576258976,1.3513000012608245,1038.7257460024557,1448.1
1772924307,10,GET,/api/chains/{id},18.400000,0.000000,3,5,8,10,14,19,32,970,1000,1000,1000,3132,0,3,23.070181407362085,1.2148069981776644,1061.2717760013766,503.68710089399747
1772924307,10,POST,/api/chains/{id}/activate,18.400000,0.000000,3,4,6,8,15,17,21,23,26,26,26,3132,0,3,6.377054932322532,1.1701449984684587,1056.0120830014057,53.27873563218391
1772924307,10,POST,/api/chains/{id}/deactivate,18.200000,0.000000,1,2,2,3,8,14,18,1100,1100,1100,1100,3131,0,2,4.325945959716618,1.162620999821229,1083.7654569986626,61.80836793356755
1772924307,10,POST,/api/plugins/batch/parameters (500 updates),11.600000,0.000000,5,9,13,15,19,24,1000,1000,1000,1000,1000,1825,0,6,24.209887346919395,2.806248998240335,1074.2657150003652,880.3528767123288
1772924307,10,GET,/api/plugins/discover,0.000000,0.000000,0,0,0,0,0,0,0,0,0,0,0,160,0,13,18.220616150142632,10.576317999948515,58.00965399976121,85406.0
1772924307,10,GET,/api/plugins/list,0.000000,0.000000,0,0,0,0,0,0,0,0,0,0,0,160,0,2,5.07641034982953,1.080333000572864,43.401594997703796,29.4
1772924307,10,POST,/api/plugins/load?uri,4.800000,0.000000,3,3,4,5,15,17,18,18,18,18,18,1035,0,2,5.558651652213682,1.2622550020751078,256.2621520009998,2214.5942028985505
1772924307,10,POST,/api/plugins/unload?uri,4.800000,0.000000,1,2,3,3,6,13,13,13,13,13,13,1035,0,2,3.3770783294547924,1.1658449984679464,64.64023000080488,107.96618357487922
1772924307,10,,Aggregated,150.900000,0.000000,2,4,5,8,14,17,22,30,1100,1100,1100,27136,0,2,11.543035885698021,1.0178689990425482,1083.7654569986626,770.8056087853773
1772924309,10,GET,/api/audio/latency,21.700000,0.000000,2,3,4,5,12,15,17,17,25,25,25,4102,0,2,4.917661947388352,1.0178689990425482,1073.7905090027198,33.0
1772924309,10,GET,/api/audio/levels,21.700000,0.000000,3,5,9,11,15,21,29,1000,1100,1100,1100,4102,0,3,18.953392648722545,1.0466029998497106,1063.1027659983374,75.4275962944905
1772924309,10,GET,/api/audio/levels (during plugin swap),4.100000,0.000000,3,6,8,11,14,14,17,17,17,17,17,1044,0,3,29.49189768578191,1.052685001923237,1065.1855479991355,75.26628352490421
1772924309,10,GET,/api/audio/levels/plugins,4.100000,0.000000,2,3,3,3,4,8,19,19,19,19,19,1044,0,2,4.62803618490652,1.0223909994238056,1004.5815230005246,19.441570881226053
1772924309,10,GET,/api/audio/status,17.000000,0.000000,2,2,3,4,7,13,18,20,20,20,20,3150,0,2,3.6169834114659194,1.0313479979231488,246.06509799923515,168.0
1772924309,10,GET,/api/chains/,0.000000,0.000000,0,0,0,0,0,0,0,0,0,0,0,160,0,4,35.78325576258976,1.3513000012608245,1038.7257460024557,1448.1
1772924309,10,GET,/api/chains/{id},17.000000,0.000000,3,5,8,10,14,22,32,970,1000,1000,1000,3150,0,3,22.980611104398527,1.2148069981776644,1061.2717760013766,503.8231746031746
1772924309,10,POST,/api/chains/{id}/activate,17.000000,0.000000,3,4,5,8,15,17,21,23,26,26,26,3150,0,3,6.36676938382152,1.1701449984684587,1056.0120830014057,53.28539682539682
1772924309,10,POST,/api/chains/{id}/deactivate,17.000000,0.000000,1,2,3,3,13,15,18,1100,1100,1100,1100,3149,0,2,4.327876346734275,1.162620999821229,1083.7654569986626,61.80946332168943
1772924309,10,POST,/api/plugins/batch/parameters (500 updates),11.000000,0.000000,6,10,13,15,20,24,1000,1000,1000,1000,1000,1840,0,6,24.090412978326324,2.806248998240335,1074.2657150003652,880.2907608695652
1772924309,10,GET,/api/plugins/discover,0.000000,0.000000,0,0,0,0,0,0,0,0,0,0,0,160,0,13,18.220616150142632,10.576317999948515,58.00965399976121,85406.0
1772924309,10,GET,/api/plugins/list,0.000000,0.000000,0,0,0,0,0,0,0,0,0,0,0,160,0,2,5.07641034982953,1.080333000572864,43.401594997703796,29.4
1772924309,10,POST,/api/plugins/load?uri,4.100000,0.000000,3,3,4,5,16,18,25,25,25,25,25,1044,0,3,5.564754500040554,1.2622550020751078,256.2621520009998,2222.719348659004
1772924309,10,POST,/api/plugins/unload?uri,4.100000,0.000000,1,2,3,3,11,13,13,13,13,13,13,1044,0,2,3.3723788036246103,1.1658449984679464,64.64023000080488,107.96647509578544
1772924309,10,,Aggregated,138.800000,0.000000,3,4,5,8,14,17,24,30,1100,1100,1100,27299,0,2,11.506504927846507,1.0178689990425482,1083.7654569986626,768.4056558848309
1772924310,10,GET,/api/audio/latency,21.800000,0.000000,2,3,4,5,12,15,17,17,25,25,25,4125,0,2,4.904792348649635,1.0178689990425482,1073.7905090027198,33.0
1772924310,10,GET,/api/audio/levels,21.800000,0.000000,3,6,10,12,15,21,29,1000,1100,1100,1100,4125,0,3,18.880431593955798,1.0466029998497106,1063.1027659983374,75.42666666666666
1772924310,10,GET,/api/audio/levels (during plugin swap),3.800000,0.000000,3,6,7,8,12,14,14,14,14,14,14,1047,0,3,29.41375399518294,1.052685001923237,1065.1855479991355,75.25978987583572
1772924310,10,GET,/api/audio/levels/plugins,3.800000,0.000000,2,3,3,3,6,10,12,12,12,12,12,1047,0,2,4.6378326762608335,1.0223909994238056,1004.5815230005246,19.43839541547278
1772924310,10,GET,/api/audio/status,16.900000,0.000000,2,2,3,3,7,11,20,24,54,54,54,3170,0,2,3.6405559678595774,1.0313479979231488,246.06509799923515,168.0
1772924310,10,GET,/api/chains/,0.000000,0.000000,0,0,0,0,0,0,0,0,0,0,0,160,0,4,35.78325576258976,1.3513000012608245,1038.7257460024557,1448.1
1772924310,10,GET,/api/chains/{id},16.900000,0.000000,3,5,8,10,16,24,44,970,1000,1000,1000,3170,0,3,22.884321955789577,1.2148069981776644,1061.2717760013766,504.11640378548896
1772924310,10,POST,/api/chains/{id}/activate,16.900000,0.000000,3,4,6,8,15,18,23,23,26,26,26,3170,0,3,6.370734935976414,1.1701449984684587,1056.0120830014057,53.28832807570978
1772924310,10,POST,/api/chains/{id}/deactivate,16.800000,0.000000,1,2,3,3,11,14,25,1100,1100,1100,1100,3170,0,2,4.327776132135694,1.162620999821229,1083.7654569986626,61.80283911671924
1772924310,10,POST,/api/plugins/batch/parameters (500 updates),11.400000,0.000000,6,11,14,15,22,30,1000,1000,1000,1000,1000,1854,0,6,23.99486759014177,2.806248998240335,1074.2657150003652,880.2918015102481
1772924310,10,GET,/api/plugins/discover,0.000000,0.000000,0,0,0,0,0,0,0,0,0,0,0,160,0,13,18.220616150142632,10.576317999948515,58.00965399976121,85406.0
1772924310,10,GET,/api/plugins/list,0.000000,0.000000,0,0,0,0,0,0,0,0,0,0,0,160,0,2,5.07641034982953,1.080333000572864,43.401594997703796,29.4
1772924310,10,POST,/api/plugins/load?uri,3.800000,0.000000,3,3,4,5,11,18,25,25,25,25,25,1047,0,3,5.559761288488044,1.2622550020751078,256.2621520009998,2218.96370582617
1772924310,10,POST,/api/plugins/unload?uri,3.800000,0.000000,2,2,3,3,11,13,13,13,13,13,13,1047,0,2,3.3723136857536424,1.1658449984679464,64.64023000080488,107.97325692454632
1772924310,10,,Aggregated,137.700000,0.000000,3,4,5,8,14,18,25,44,1100,1100,1100,27452,0,2,11.47659242620932,1.0178689990425482,1083.7654569986626,765.3934503861285
1772924311,10,GET,/api/audio/latency,21.800000,0.000000,2,3,4,5,13,15,17,17,25,25,25,4152,0,2,4.897201264976293,1.0178689990425482,1073.7905090027198,33.0
1772924311,10,GET,/api/audio/levels,21.800000,0.000000,3,6,10,12,16,22,29,1000,1100,1100,1100,4152,0,3,18.78870805035368,1.0466029998497106,1063.1027659983374,75.42654142581888
1772924311,10,GET,/api/audio/levels (during plugin swap),3.800000,0.000000,3,6,7,7,12,14,14,14,14,14,14,1048,0,3,29.386802784308777,1.052685001923237,1065.1855479991355,75.25763358778626
1772924311,10,GET,/api/audio/levels/plugins,3.800000,0.000000,2,3,3,3,6,10,12,12,12,12,12,1048,0,2,4.6346760964158715,1.0223909994238056,1004.5815230005246,19.4456106870229
1772924311,10,GET,/api/audio/status,16.900000,0.000000,2,2,3,4,8,13,18,24,54,54,54,3191,0,2,3.639365333474678,1.0313479979231488,246.06509799923515,168.0
1772924311,10,GET,/api/chains/,0.000000,0.000000,0,0,0,0,0,0,0,0,0,0,0,160,0,4,35.78325576258976,1.3513000012608245,1038.7257460024557,1448.1
1772924311,10,GET,/api/chains/{id},16.900000,0.000000,3,5,8,11,18,24,38,970,1000,1000,1000,3191,0,3,22.770089628909428,1.2148069981776644,1061.2717760013766,504.08523973675966
1772924311,10,POST,/api/chains/{id}/activate,16.900000,0.000000,3,4,6,8,15,18,21,23,27,27,27,3191,0,3,6.366411687885817,1.1701449984684587,1056.0120830014057,53.29332497649639
1772924311,10,POST,/api/chains/{id}/deactivate,16.800000,0.000000,2,2,3,3,11,14,18,1100,1100,1100,1100,3191,0,2,4.315958873041041,1.162620999821229,1083.7654569986626,61.80413663428392
1772924311,10,POST,/api/plugins/batch/parameters (500 updates),11.400000,0.000000,6,12,14,15,20,30,1000,1000,1000,1000,1000,1865,0,6,23.912924527146618,2.806248998240335,1074.2657150003652,880.4697050938338
1772924311,10,GET,/api/plugins/discover,0.000000,0.000000,0,0,0,0,0,0,0,0,0,0,0,160,0,13,18.220616150142632,10.576317999948515,58.00965399976121,85406.0
1772924311,10,GET,/api/plugins/list,0.000000,0.000000,0,0,0,0,0,0,0,0,0,0,0,160,0,2,5.07641034982953,1.080333000572864,43.401594997703796,29.4
1772924311,10,POST,/api/plugins/load?uri,3.800000,0.000000,3,3,5,5,11,18,25,25,25,25,25,1048,0,3,5.555872596416784,1.2622550020751078,256.2621520009998,2217.9980916030536
1772924311,10,POST,/api/plugins/unload?uri,3.800000,0.000000,2,3,4,5,11,13,13,13,13,13,13,1048,0,2,3.3773212442590284,1.1658449984679464,64.64023000080488,107.9723282442748
1772924311,10,,Aggregated,137.700000,0.000000,3,4,6,8,14,18,25,44,1100,1100,1100,27605,0,2,11.438900820116057,1.0178689990425482,1083.7654569986626,762.2673066473465
1772924312,10,GET,/api/audio/latency,21.400000,0.000000,2,3,4,5,13,15,16,17,49,49,49,4179,0,2,4.9006358153103875,1.0178689990425482,1073.7905090027198,33.0
1772924312,10,GET,/api/audio/levels,21.500000,0.000000,3,6,11,12,16,21,26,1000,1100,1100,1100,4179,0,3,18.713548390301355,1.0466029998497106,1063.1027659983374,75.42641780330223
1772924312,10,GET,/api/audio/levels (during plugin swap),4.300000,0.000000,3,6,7,8,12,14,20,20,20,20,20,1056,0,3,29.20931594408585,1.052685001923237,1065.1855479991355,75.2528409090909
1772924312,10,GET,/api/audio/levels/plugins,4.300000,0.000000,2,3,3,3,6,10,12,12,12,12,12,1055,0,2,4.617466539384106,1.0223909994238056,1004.5815230005246,19.434123222748816
1772924312,10,GET,/api/audio/status,16.500000,0.000000,2,3,3,4,11,15,21,24,54,54,54,3206,0,2,3.6490892561188923,1.0313479979231488,246.06509799923515,168.0
1772924312,10,GET,/api/chains/,0.000000,0.000000,0,0,0,0,0,0,0,0,0,0,0,160,0,4,35.78325576258976,1.3513000012608245,1038.7257460024557,1448.1
1772924312,10,GET,/api/chains/{id},16.500000,0.000000,3,5,8,11,18,24,53,970,1000,1000,1000,3206,0,3,22.70728487019823,1.2148069981776644,1061.2717760013766,504.0630068621335
1772924312,10,POST,/api/chains/{id}/activate,16.500000,0.000000,3,4,6,8,15,18,23,23,27,27,27,3206,0,3,6.369459959465611,1.1701449984684587,1056.0120830014057,53.27791640673737
1772924312,10,POST,/api/chains/{id}/deactivate,16.500000,0.000000,2,2,3,4,10,14,25,1100,1100,1100,1100,3206,0,2,4.30891117650341,1.162620999821229,1083.7654569986626,61.805053025577045
1772924312,10,POST,/api/plugins/batch/parameters (500 updates),11.700000,0.000000,6,10,14,15,20,27,1000,1000,1000,1000,1000,1880,0,6,23.798085675070013,2.806248998240335,1074.2657150003652,880.3994680851064
1772924312,10,GET,/api/plugins/discover,0.000000,0.000000,0,0,0,0,0,0,0,0,0,0,0,160,0,13,18.220616150142632,10.576317999948515,58.00965399976121,85406.0
1772924312,10,GET,/api/plugins/list,0.000000,0.000000,0,0,0,0,0,0,0,0,0,0,0,160,0,2,5.07641034982953,1.080333000572864,43.401594997703796,29.4
1772924312,10,POST,/api/plugins/load?uri,4.300000,0.000000,3,4,5,6,16,19,25,25,25,25,25,1056,0,3,5.555926855160551,1.2622550020751078,256.2621520009998,2223.3844696969695
1772924312,10,POST,/api/plugins/unload?uri,4.300000,0.000000,2,2,3,4,11,13,13,13,13,13,13,1055,0,2,3.3669480246282624,1.1658449984679464,64.64023000080488,107.9781990521327
1772924312,10,,Aggregated,137.800000,0.000000,3,4,6,8,14,18,25,50,1100,1100,1100,27764,0,2,11.408513510240677,1.0178689990425482,1083.7654569986626,759.7967151707247
1772924313,10,GET,/api/audio/latency,22.100000,0.000000,2,3,4,5,14,15,16,17,49,49,49,4203,0,2,4.898151408560599,1.0178689990425482,1073.7905090027198,33.0
1772924313,10,GET,/api/audio/levels,22.100000,0.000000,3,6,10,12,16,22,26,1000,1100,1100,1100,4203,0,3,18.639997060927573,1.0466029998497106,1063.1027659983374,75.41874851296693
1772924313,10,GET,/api/audio/levels (during plugin swap),3.700000,0.000000,4,6,8,9,13,14,20,20,20,20,20,1062,0,3,29.078865349291934,1.052685001923237,1065.1855479991355,75.26459510357816
1772924313,10,GET,/api/audio/levels/plugins,3.700000,0.000000,2,3,3,3,8,12,19,19,19,19,19,1062,0,2,4.615630326791666,1.0223909994238056,1004.5815230005246,19.43502824858757
1772924313,10,GET,/api/audio/status,17.100000,0.000000,2,3,3,5,11,17,24,32,54,54,54,3224,0,2,3.6520812416611825,1.0313479979231488,246.06509799923515,168.0
1772924313,10,GET,/api/chains/,0.000000,0.000000,0,0,0,0,0,0,0,0,0,0,0,160,0,4,35.78325576258976,1.3513000012608245,1038.7257460024557,1448.1
1772924313,10,GET,/api/chains/{id},17.100000,0.000000,3,5,10,12,18,24,53,970,1000,1000,1000,3224,0,3,22.61318724623508,1.2148069981776644,1061.2717760013766,504.1420595533499
1772924313,10,POST,/api/chains/{id}/activate,17.100000,0.000000,3,4,6,9,15,18,23,27,29,29,29,3224,0,3,6.358970718999487,1.1701449984684587,1056.0120830014057,53.27667493796526
1772924313,10,POST,/api/chains/{id}/deactivate,17.100000,0.000000,2,2,3,4,8,14,25,1100,1100,1100,1100,3224,0,2,4.30043482471027,1.162620999821229,1083.7654569986626,61.80614143920595
1772924313,10,POST,/api/plugins/batch/parameters (500 updates),11.300000,0.000000,6,11,14,15,23,27,1000,1000,1000,1000,1000,1892,0,6,23.709067622165183,2.806248998240335,1074.2657150003652,880.4709302325581
1772924313,10,GET,/api/plugins/discover,0.000000,0.000000,0,0,0,0,0,0,0,0,0,0,0,160,0,13,18.220616150142632,10.576317999948515,58.00965399976121,85406.0
1772924313,10,GET,/api/plugins/list,0.000000,0.000000,0,0,0,0,0,0,0,0,0,0,0,160,0,2,5.07641034982953,1.080333000572864,43.401594997703796,29.4
1772924313,10,POST,/api/plugins/load?uri,3.700000,0.000000,3,4,5,6,18,20,25,25,25,25,25,1062,0,3,5.555551767465247,1.2622550020751078,256.2621520009998,2235.1939736346517
1772924313,10,POST,/api/plugins/unload?uri,3.700000,0.000000,2,2,3,5,12,13,15,15,15,15,15,1062,0,2,3.368329937838939,1.1658449984679464,64.64023000080488,107.954802259887
1772924313,10,,Aggregated,138.700000,0.000000,3,4,6,9,15,19,25,50,1100,1100,1100,27922,0,2,11.372648985650713,1.0178689990425482,1083.7654569986626,757.4637561779242
1772924314,10,GET,/api/audio/latency,22.600000,0.000000,2,3,4,6,14,16,17,18,49,49,49,4227,0,2,4.900705555283088,1.0178689990425482,1073.7905090027198,33.0
1772924314,10,GET,/api/audio/levels,22.600000,0.000000,3,6,11,12,16,22,47,1000,1100,1100,1100,4227,0,3,18.589227194247968,1.0466029998497106,1063.1027659983374,75.42346818074284
1772924314,10,GET,/api/audio/levels (during plugin swap),3.900000,0.000000,3,6,8,9,12,14,20,20,20,20,20,1068,0,3,28.938484401632184,1.052685001923237,1065.1855479991355,75.25187265917603
1772924314,10,GET,/api/audio/levels/plugins,3.900000,0.000000,2,2,3,3,6,10,19,19,19,19,19,1068,0,2,4.598509684508874,1.0223909994238056,1004.5815230005246,19.441011235955056
1772924314,10,GET,/api/audio/status,16.600000,0.000000,2,2,3,4,10,17,21,32,54,54,54,3248,0,2,3.6395192946791015,1.0313479979231488,246.06509799923515,168.0
1772924314,10,GET,/api/chains/,0.000000,0.000000,0,0,0,0,0,0,0,0,0,0,0,160,0,4,35.78325576258976,1.3513000012608245,1038.7257460024557,1448.1
1772924314,10,GET,/api/chains/{id},16.600000,0.000000,3,5,9,11,17,24,44,970,1000,1000,1000,3248,0,3,22.485866216706416,1.2148069981776644,1061.2717760013766,504.3158866995074
1772924314,10,POST,/api/chains/{id}/activate,16.600000,0.000000,3,4,6,8,15,19,23,27,29,29,29,3248,0,3,6.341550176431008,1.1701449984684587,1056.0120830014057,53.2801724137931
1772924314,10,POST,/api/chains/{id}/deactivate,16.600000,0.000000,2,2,3,4,10,14,23,1100,1100,1100,1100,3248,0,2,4.294386932838391,1.162620999821229,1083.7654569986626,61.807573891625616
1772924314,10,POST,/api/plugins/batch/parameters (500 updates),11.700000,0.000000,6,12,14,16,23,44,1000,1000,1000,1000,1000,1899,0,6,23.672187927403193,2.806248998240335,1074.2657150003652,880.3191153238547
1772924314,10,GET,/api/plugins/discover,0.000000,0.000000,0,0,0,0,0,0,0,0,0,0,0,160,0,13,18.220616150142632,10.576317999948515,58.00965399976121,85406.0
1772924314,10,GET,/api/plugins/list,0.000000,0.000000,0,0,0,0,0,0,0,0,0,0,0,160,0,2,5.07641034982953,1.080333000572864,43.401594997703796,29.4
1772924314,10,POST,/api/plugins/load?uri,3.900000,0.000000,3,4,4,6,16,19,25,25,25,25,25,1068,0,3,5.540959442928925,1.2622550020751078,256.2621520009998,2241.232209737828
1772924314,10,POST,/api/plugins/unload?uri,3.900000,0.000000,2,2,3,3,5,11,15,15,15,15,15,1068,0,2,3.3597182218863795,1.1658449984679464,64.64023000080488,107.92883895131087
1772924314,10,,Aggregated,138.900000,0.000000,3,4,6,9,15,19,26,53,1100,1100,1100,28097,0,2,11.332970960256512,1.0178689990425482,1083.7654569986626,754.4903370466598
1772924315,10,GET,/api/audio/latency,22.900000,0.000000,2,3,4,5,13,15,17,18,49,49,49,4254,0,2,4.891304866049375,1.0178689990425482,1073.7905090027198,33.0
1772924315,10,GET,/api/audio/levels,22.900000,0.000000,3,6,10,12,15,19,26,27,53,53,53,4254,0,3,18.505933094989036,1.0466029998497106,1063.1027659983374,75.42031029619181
1772924315,10,GET,/api/audio/levels (during plugin swap),4.400000,0.000000,3,6,7,8,12,14,20,20,20,20,20,1073,0,3,28.818182385781995,1.052685001923237,1065.1855479991355,75.25349487418453
1772924315,10,GET,/api/audio/levels/plugins,4.400000,0.000000,2,2,3,3,6,10,19,19,19,19,19,1073,0,2,4.586166288959566,1.0223909994238056,1004.5815230005246,19.452003727865797
1772924315,10,GET,/api/audio/status,16.200000,0.000000,2,2,3,3,9,15,21,32,54,54,54,3269,0,2,3.628986995141694,1.0313479979231488,246.06509799923515,168.0
1772924315,10,GET,/api/chains/,0.000000,0.000000,0,0,0,0,0,0,0,0,0,0,0,160,0,4,35.78325576258976,1.3513000012608245,1038.7257460024557,1448.1
1772924315,10,GET,/api/chains/{id},16.200000,0.000000,3,4,7,10,16,22,33,44,53,53,53,3269,0,3,22.368405246516215,1.2148069981776644,1061.2717760013766,504.0773936983787
1772924315,10,POST,/api/chains/{id}/activate,16.200000,0.000000,3,4,5,6,14,17,23,27,29,29,29,3269,0,3,6.319603427974866,1.1701449984684587,1056.0120830014057,53.30039767513001
1772924315,10,POST,/api/chains/{id}/deactivate,16.200000,0.000000,2,2,3,4,7,14,16,23,25,25,25,3268,0,2,4.288519623582636,1.162620999821229,1083.7654569986626,61.80110159118727
1772924315,10,POST,/api/plugins/batch/parameters (500 updates),11.500000,0.000000,6,10,14,15,20,24,44,50,55,55,55,1911,0,6,23.575492352246172,2.806248998240335,1074.2657150003652,880.5243328100471
1772924315,10,GET,/api/plugins/discover,0.000000,0.000000,0,0,0,0,0,0,0,0,0,0,0,160,0,13,18.220616150142632,10.576317999948515,58.00965399976121,85406.0
1772924315,10,GET,/api/plugins/list,0.000000,0.000000,0,0,0,0,0,0,0,0,0,0,0,160,0,2,5.07641034982953,1.080333000572864,43.401594997703796,29.4
1772924315,10,POST,/api/plugins/load?uri,4.400000,0.000000,3,4,4,4,16,19,25,25,25,25,25,1073,0,3,5.53730989193614,1.2622550020751078,256.2621520009998,2237.7632805219014
1772924315,10,POST,/api/plugins/unload?uri,4.400000,0.000000,2,2,3,3,5,11,15,15,15,15,15,1073,0,2,3.3592158750961176,1.1658449984679464,64.64023000080488,107.91146318732525
1772924315,10,,Aggregated,139.700000,0.000000,2,4,5,8,14,17,24,27,54,55,55,28266,0,2,11.288666262765595,1.0178689990425482,1083.7654569986626,751.3272482841577
1772924316,10,GET,/api/audio/latency,22.900000,0.000000,2,3,4,5,13,16,17,18,49,49,49,4267,0,2,4.892038712720807,1.0178689990425482,1073.7905090027198,33.0
1772924316,10,GET,/api/audio/levels,22.900000,0.000000,3,6,10,12,15,20,26,27,53,53,53,4267,0,3,18.464714275389913,1.0466029998497106,1063.1027659983374,75.41598312631825
1772924316,10,GET,/api/audio/levels (during plugin swap),4.400000,0.000000,3,6,8,8,11,12,20,20,20,20,20,1077,0,3,28.730588862531658,1.052685001923237,1065.1855479991355,75.25719591457754
1772924316,10,GET,/api/audio/levels/plugins,4.400000,0.000000,2,2,3,3,6,10,19,19,19,19,19,1077,0,2,4.581292425302837,1.0223909994238056,1004.5815230005246,19.467966573816156
1772924316,10,GET,/api/audio/status,16.200000,0.000000,2,2,3,3,8,13,21,32,54,54,54,3275,0,2,3.627225079119138,1.0313479979231488,246.06509799923515,168.0
1772924316,10,GET,/api/chains/,0.000000,0.000000,0,0,0,0,0,0,0,0,0,0,0,160,0,4,35.78325576258976,1.3513000012608245,1038.7257460024557,1448.1
1772924316,10,GET,/api/chains/{id},16.200000,0.000000,3,4,5,10,17,22,33,44,53,53,53,3276,0,3,22.327765212719317,1.2148069981776644,1061.2717760013766,503.96367521367523
1772924316,10,POST,/api/chains/{id}/activate,16.200000,0.000000,3,4,5,6,14,17,23,27,29,29,29,3275,0,3,6.320633472075405,1.1701449984684587,1056.0120830014057,53.29740458015267
1772924316,10,POST,/api/chains/{id}/deactivate,16.200000,0.000000,2,2,3,4,10,14,16,23,25,25,25,3275,0,2,4.28525555202047,1.162620999821229,1083.7654569986626,61.80152671755725
1772924316,10,POST,/api/plugins/batch/parameters (500 updates),11.500000,0.000000,6,10,14,15,20,24,44,50,55,55,55,1916,0,6,23.533683275646375,2.806248998240335,1074.2657150003652,880.4232776617954
1772924316,10,GET,/api/plugins/discover,0.000000,0.000000,0,0,0,0,0,0,0,0,0,0,0,160,0,13,18.220616150142632,10.576317999948515,58.00965399976121,85406.0
1772924316,10,GET,/api/plugins/list,0.000000,0.000000,0,0,0,0,0,0,0,0,0,0,0,160,0,2,5.07641034982953,1.080333000572864,43.401594997703796,29.4
1772924316,10,POST,/api/plugins/load?uri,4.400000,0.000000,3,4,4,6,11,19,25,25,25,25,25,1077,0,3,5.534196642569772,1.2622550020751078,256.2621520009998,2240.9907149489322
1772924316,10,POST,/api/plugins/unload?uri,4.400000,0.000000,2,2,3,3,5,11,15,15,15,15,15,1077,0,2,3.3564369247701715,1.1658449984679464,64.64023000080488,107.96378830083566
1772924316,10,,Aggregated,139.700000,0.000000,2,4,5,7,14,18,24,27,54,55,55,28339,0,2,11.271320912605912,1.0178689990425482,1083.7654569986626,750.2325064398885
1772924317,10,GET,/api/audio/latency,23.400000,0.000000,2,3,4,6,15,17,22,23,49,49,49,4286,0,2,4.9093235175426,1.0178689990425482,1073.7905090027198,33.0
1772924317,10,GET,/api/audio/levels,23.400000,0.000000,3,6,10,12,16,25,960,1000,1000,1000,1000,4286,0,3,19.766989264836422,1.0466029998497106,1063.1027659983374,75.42953803079794
1772924317,10,GET,/api/audio/levels (during plugin swap),4.700000,0.000000,3,6,7,8,11,12,20,20,20,20,20,1082,0,3,28.60646668478877,1.052685001923237,1065.1855479991355,75.24676524953789
1772924317,10,GET,/api/audio/levels/plugins,4.700000,0.000000,2,3,3,4,8,10,19,19,19,19,19,1082,0,2,4.58175344274776,1.0223909994238056,1004.5815230005246,19.454713493530498
1772924317,10,GET,/api/audio/status,17.800000,0.000000,2,2,3,3,9,15,24,32,54,54,54,3281,0,2,3.6251437427976057,1.0313479979231488,246.06509799923515,168.0
1772924317,10,GET,/api/chains/,0.000000,0.000000,0,0,0,0,0,0,0,0,0,0,0,160,0,4,35.78325576258976,1.3513000012608245,1038.7257460024557,1448.1
1772924317,10,GET,/api/chains/{id},17.800000,0.000000,3,4,5,11,18,24,53,960,980,980,980,3281,0,3,22.88714451108525,1.2148069981776644,1061.2717760013766,504.0597378847912
1772924317,10,POST,/api/chains/{id}/activate,17.800000,0.000000,3,4,6,7,16,22,27,29,1100,1100,1100,3281,0,3,6.6524407939778945,1.1701449984684587,1069.5832089986652,53.28680280402316
1772924317,10,POST,/api/chains/{id}/deactivate,18.000000,0.000000,2,2,3,4,10,14,21,23,25,25,25,3281,0,2,4.282870105414044,1.162620999821229,1083.7654569986626,61.80188966778421
1772924317,10,POST,/api/plugins/batch/parameters (500 updates),11.400000,0.000000,6,12,14,15,22,25,55,1000,1000,1000,1000,1919,0,6,24.02763576662009,2.806248998240335,1074.2657150003652,880.6055237102657
1772924317,10,GET,/api/plugins/discover,0.000000,0.000000,0,0,0,0,0,0,0,0,0,0,0,160,0,13,18.220616150142632,10.576317999948515,58.00965399976121,85406.0
1772924317,10,GET,/api/plugins/list,0.000000,0.000000,0,0,0,0,0,0,0,0,0,0,0,160,0,2,5.07641034982953,1.080333000572864,43.401594997703796,29.4
1772924317,10,POST,/api/plugins/load?uri,4.700000,0.000000,3,4,4,6,12,20,25,25,25,25,25,1082,0,3,5.539659504670445,1.2622550020751078,256.2621520009998,2236.504621072089
1772924317,10,POST,/api/plugins/unload?uri,4.700000,0.000000,2,2,3,3,5,11,15,15,15,15,15,1082,0,2,3.3489944907464237,1.1658449984679464,64.64023000080488,107.95656192236599
1772924317,10,,Aggregated,148.400000,0.000000,2,4,5,8,15,20,27,53,1000,1100,1100,28423,0,2,11.600369609343215,1.0178689990425482,1083.7654569986626,748.6113007071738
1772924318,10,GET,/api/audio/latency,23.900000,0.000000,2,3,4,6,16,17,22,23,49,49,49,4305,0,2,4.910364899463103,1.0178689990425482,1073.7905090027198,33.0
1772924318,10,GET,/api/audio/levels,23.900000,0.000000,3,6,9,12,16,24,960,1000,1000,1000,1000,4305,0,3,19.701549255303807,1.0466029998497106,1063.1027659983374,75.43391405342625
1772924318,10,GET,/api/audio/levels (during plugin swap),5.000000,0.000000,3,3,5,7,8,12,20,20,20,20,20,1086,0,3,28.508584766980643,1.052685001923237,1065.1855479991355,75.25046040515653
1772924318,10,GET,/api/audio/levels/plugins,5.000000,0.000000,2,2,3,3,8,10,19,19,19,19,19,1086,0,2,4.569449511095869,1.0223909994238056,1004.5815230005246,19.470534069981582
1772924318,10,GET,/api/audio/status,17.900000,0.000000,2,2,3,3,9,14,24,32,54,54,54,3299,0,2,3.6202700800620673,1.0313479979231488,246.06509799923515,168.0
1772924318,10,GET,/api/chains/,0.000000,0.000000,0,0,0,0,0,0,0,0,0,0,0,160,0,4,35.78325576258976,1.3513000012608245,1038.7257460024557,1448.1
1772924318,10,GET,/api/chains/{id},18.000000,0.000000,3,4,6,10,19,23,53,960,980,980,980,3299,0,3,22.803426190624073,1.2148069981776644,1061.2717760013766,504.29099727190055
1772924318,10,POST,/api/chains/{id}/activate,17.900000,0.000000,3,4,5,6,16,22,27,29,1100,1100,1100,3299,0,3,6.634998351938502,1.1701449984684587,1069.5832089986652,53.277963019096696
1772924318,10,POST,/api/chains/{id}/deactivate,17.900000,0.000000,2,2,3,4,6,13,21,23,25,25,25,3299,0,2,4.274397141818708,1.162620999821229,1083.7654569986626,61.802970597150654
1772924318,10,POST,/api/plugins/batch/parameters (500 updates),11.300000,0.000000,6,10,14,17,22,25,55,1000,1000,1000,1000,1940,0,6,23.86248833358268,2.806248998240335,1074.2657150003652,880.690206185567
1772924318,10,GET,/api/plugins/discover,0.000000,0.000000,0,0,0,0,0,0,0,0,0,0,0,160,0,13,18.220616150142632,10.576317999948515,58.00965399976121,85406.0
1772924318,10,GET,/api/plugins/list,0.000000,0.000000,0,0,0,0,0,0,0,0,0,0,0,160,0,2,5.07641034982953,1.080333000572864,43.401594997703796,29.4
1772924318,10,POST,/api/plugins/load?uri,5.000000,0.000000,3,4,4,6,9,19,20,20,20,20,20,1086,0,3,5.531670126199209,1.2622550020751078,256.2621520009998,2238.709023941068
1772924318,10,POST,/api/plugins/unload?uri,5.000000,0.000000,2,2,3,3,5,9,15,15,15,15,15,1086,0,2,3.3459277679435093,1.1658449984679464,64.64023000080488,107.94935543278085
1772924318,10,,Aggregated,150.800000,0.000000,2,4,5,8,15,19,27,53,1000,1100,1100,28570,0,2,11.56548999773756,1.0178689990425482,1083.7654569986626,746.432796639832
1772924319,10,GET,/api/audio/latency,23.200000,0.000000,2,3,5,8,16,18,22,23,49,49,49,4326,0,2,4.910575159776926,1.0178689990425482,1073.7905090027198,33.0
1772924319,10,GET,/api/audio/levels,23.200000,0.000000,3,7,10,12,16,27,960,1000,1000,1000,1000,4326,0,3,19.65452202221168,1.0466029998497106,1063.1027659983374,75.43712436430883
1772924319,10,GET,/api/audio/levels (during plugin swap),4.700000,0.000000,3,4,6,8,12,19,29,29,29,29,29,1092,0,3,28.408521799398205,1.052685001923237,1065.1855479991355,75.25
1772924319,10,GET,/api/audio/levels/plugins,4.700000,0.000000,2,2,2,3,4,8,19,19,19,19,19,1092,0,2,4.5538499716579715,1.0223909994238056,1004.5815230005246,19.476190476190474
1772924319,10,GET,/api/audio/status,16.800000,0.000000,2,2,3,4,9,14,21,21,32,32,32,3318,0,2,3.6303631591677465,1.0313479979231488,246.06509799923515,168.0
1772924319,10,GET,/api/chains/,0.000000,0.000000,0,0,0,0,0,0,0,0,0,0,0,160,0,4,35.78325576258976,1.3513000012608245,1038.7257460024557,1448.1
1772924319,10,GET,/api/chains/{id},16.800000,0.000000,3,4,5,9,17,21,53,960,980,980,980,3318,0,3,22.694685956862813,1.2148069981776644,1061.2717760013766,504.3137432188065
1772924319,10,POST,/api/chains/{id}/activate,16.800000,0.000000,3,4,5,6,15,23,29,30,1100,1100,1100,3318,0,3,6.634348895132495,1.1701449984684587,1069.5832089986652,53.27878239903556
1772924319,10,POST,/api/chains/{id}/deactivate,16.800000,0.000000,2,2,3,4,7,13,20,21,23,23,23,3318,0,2,4.280757511411537,1.162620999821229,1083.7654569986626,61.80409885473177
1772924319,10,POST,/api/plugins/batch/parameters (500 updates),10.400000,0.000000,6,10,14,17,21,24,55,1000,1000,1000,1000,1950,0,6,23.80857891494741,2.806248998240335,1074.2657150003652,880.8517948717948
1772924319,10,GET,/api/plugins/discover,0.000000,0.000000,0,0,0,0,0,0,0,0,0,0,0,160,0,13,18.220616150142632,10.576317999948515,58.00965399976121,85406.0
1772924319,10,GET,/api/plugins/list,0.000000,0.000000,0,0,0,0,0,0,0,0,0,0,0,160,0,2,5.07641034982953,1.080333000572864,43.401594997703796,29.4
1772924319,10,POST,/api/plugins/load?uri,4.700000,0.000000,3,4,4,8,15,20,29,29,29,29,29,1092,0,3,5.558870180447806,1.2622550020751078,256.2621520009998,2235.3800366300366
1772924319,10,POST,/api/plugins/unload?uri,4.700000,0.000000,2,2,3,3,3,9,15,15,15,15,15,1092,0,2,3.33741579211514,1.1658449984679464,64.64023000080488,107.93223443223444
1772924319,10,,Aggregated,142.800000,0.000000,2,4,5,8,15,20,27,53,1000,1100,1100,28722,0,2,11.538913541375127,1.0178689990425482,1083.7654569986626,743.7866443840958
1772924320,10,GET,/api/audio/latency,22.300000,0.000000,2,3,5,6,16,18,22,24,49,49,49,4351,0,2,4.901111972010651,1.0178689990425482,1073.7905090027198,33.0
1772924320,10,GET,/api/audio/levels,22.300000,0.000000,3,7,11,12,16,30,990,1000,1000,1000,1000,4352,0,3,19.569330527135897,1.0466029998497106,1063.1027659983374,75.43451286764706
1772924320,10,GET,/api/audio/levels (during plugin swap),5.100000,0.000000,3,5,7,8,12,19,29,29,29,29,29,1095,0,3,28.34333790405789,1.052685001923237,1065.1855479991355,75.2675799086758
1772924320,10,GET,/api/audio/levels/plugins,5.100000,0.000000,2,2,2,3,4,8,19,19,19,19,19,1095,0,2,4.5455831059803025,1.0223909994238056,1004.5815230005246,19.473059360730595
1772924320,10,GET,/api/audio/status,16.700000,0.000000,2,2,3,3,7,13,21,21,32,32,32,3339,0,2,3.6190887427749856,1.0313479979231488,246.06509799923515,168.0
1772924320,10,GET,/api/chains/,0.000000,0.000000,0,0,0,0,0,0,0,0,0,0,0,160,0,4,35.78325576258976,1.3513000012608245,1038.7257460024557,1448.1
1772924320,10,GET,/api/chains/{id},16.700000,0.000000,3,4,6,11,16,20,53,960,980,980,980,3339,0,3,22.588004984983737,1.2148069981776644,1061.2717760013766,504.4848757112908
1772924320,10,POST,/api/chains/{id}/activate,16.700000,0.000000,3,4,5,6,14,23,30,37,1100,1100,1100,3339,0,3,6.6236942572786495,1.1701449984684587,1069.5832089986652,53.298592392932015
1772924320,10,POST,/api/chains/{id}/deactivate,16.800000,0.000000,2,2,3,4,8,12,20,21,23,23,23,3339,0,2,4.273094024815083,1.162620999821229,1083.7654569986626,61.80533093740641
1772924320,10,POST,/api/plugins/batch/parameters (500 updates),11.200000,0.000000,6,10,15,17,22,25,55,1000,1000,1000,1000,1961,0,6,23.730503840969984,2.806248998240335,1074.2657150003652,881.1320754716982
1772924320,10,GET,/api/plugins/discover,0.000000,0.000000,0,0,0,0,0,0,0,0,0,0,0,160,0,13,18.220616150142632,10.576317999948515,58.00965399976121,85406.0
1772924320,10,GET,/api/plugins/list,0.000000,0.000000,0,0,0,0,0,0,0,0,0,0,0,160,0,2,5.07641034982953,1.080333000572864,43.401594997703796,29.4
1772924320,10,POST,/api/plugins/load?uri,5.100000,0.000000,3,4,4,6,15,20,29,29,29,29,29,1095,0,3,5.549786551642209,1.2622550020751078,256.2621520009998,2233.793607305936
1772924320,10,POST,/api/plugins/unload?uri,5.100000,0.000000,2,2,3,3,3,6,15,15,15,15,15,1095,0,2,3.3376897972513824,1.1658449984679464,64.64023000080488,107.91324200913242
1772924320,10,,Aggregated,143.100000,0.000000,2,4,5,8,15,20,29,53,1000,1100,1100,28880,0,2,11.499786875948585,1.0178689990425482,1083.7654569986626,740.9557825484765
1772924321,10,GET,/api/audio/latency,22.400000,0.000000,2,3,5,7,16,18,22,23,24,24,24,4376,0,2,4.9012313416870885,1.0178689990425482,1073.7905090027198,33.0
1772924321,10,GET,/api/audio/levels,22.400000,0.000000,3,8,12,14,18,30,990,1000,1000,1000,1000,4376,0,3,19.52196481423405,1.0466029998497106,1063.1027659983374,75.44195612431444
1772924321,10,GET,/api/audio/levels (during plugin swap),4.700000,0.000000,3,4,6,8,13,17,29,29,29,29,29,1102,0,3,28.20489615693612,1.052685001923237,1065.1855479991355,75.25317604355718
1772924321,10,GET,/api/audio/levels/plugins,4.700000,0.000000,2,2,2,3,4,9,19,19,19,19,19,1102,0,2,4.5421432504984915,1.0223909994238056,1004.5815230005246,19.473684210526315
1772924321,10,GET,/api/audio/status,16.800000,0.000000,2,2,3,3,6,10,20,21,32,32,32,3356,0,2,3.6151791713731245,1.0313479979231488,246.06509799923515,168.0
1772924321,10,GET,/api/chains/,0.000000,0.000000,0,0,0,0,0,0,0,0,0,0,0,160,0,4,35.78325576258976,1.3513000012608245,1038.7257460024557,1448.1
1772924321,10,GET,/api/chains/{id},16.700000,0.000000,3,4,6,11,15,19,25,960,980,980,980,3356,0,3,22.496016344718313,1.2148069981776644,1061.2717760013766,504.6099523241955
1772924321,10,POST,/api/chains/{id}/activate,16.700000,0.000000,3,4,4,6,14,22,30,37,1100,1100,1100,3356,0,3,6.620155895426762,1.1701449984684587,1069.5832089986652,53.287842669845055
1772924321,10,POST,/api/chains/{id}/deactivate,16.700000,0.000000,2,2,3,4,8,12,20,21,23,23,23,3356,0,2,4.262306324750351,1.162620999821229,1083.7654569986626,61.80631704410012
1772924321,10,POST,/api/plugins/batch/parameters (500 updates),11.000000,0.000000,6,11,15,17,22,27,55,1000,1000,1000,1000,1975,0,6,23.636792675010664,2.806248998240335,1074.2657150003652,881.2040506329114
1772924321,10,GET,/api/plugins/discover,0.000000,0.000000,0,0,0,0,0,0,0,0,0,0,0,160,0,13,18.220616150142632,10.576317999948515,58.00965399976121,85406.0
1772924321,10,GET,/api/plugins/list,0.000000,0.000000,0,0,0,0,0,0,0,0,0,0,0,160,0,2,5.07641034982953,1.080333000572864,43.401594997703796,29.4
1772924321,10,POST,/api/plugins/load?uri,4.700000,0.000000,3,4,4,6,14,20,29,29,29,29,29,1102,0,3,5.545706159753903,1.2622550020751078,256.2621520009998,2231.8602540834845
1772924321,10,POST,/api/plugins/unload?uri,4.800000,0.000000,2,2,3,3,5,11,18,18,18,18,18,1102,0,2,3.3418724936410267,1.1658449984679464,64.64023000080488,107.88475499092559
1772924321,10,,Aggregated,141.600000,0.000000,2,4,5,8,15,20,27,47,1000,1100,1100,29039,0,2,11.468834379263049,1.0178689990425482,1083.7654569986626,738.4070732463239
1772924322,10,GET,/api/audio/latency,22.400000,0.000000,2,3,5,7,15,18,22,23,24,24,24,4402,0,2,4.892810606366185,1.0178689990425482,1073.7905090027198,33.0
1772924322,10,GET,/api/audio/levels,22.300000,0.000000,3,8,12,14,18,30,990,1000,1000,1000,1000,4402,0,3,19.44091195344738,1.0466029998497106,1063.1027659983374,75.43639254884144
1772924322,10,GET,/api/audio/levels (during plugin swap),4.800000,0.000000,3,3,4,6,12,17,29,29,29,29,29,1107,0,3,28.08640093490698,1.052685001923237,1065.1855479991355,75.25474254742548
1772924322,10,GET,/api/audio/levels/plugins,4.800000,0.000000,2,2,2,3,4,9,17,17,17,17,17,1107,0,2,4.537985733559163,1.0223909994238056,1004.5815230005246,19.47244805781391
1772924322,10,GET,/api/audio/status,16.800000,0.000000,2,2,3,3,6,11,15,20,21,21,21,3375,0,2,3.614342441222915,1.0313479979231488,246.06509799923515,168.0
1772924322,10,GET,/api/chains/,0.000000,0.000000,0,0,0,0,0,0,0,0,0,0,0,160,0,4,35.78325576258976,1.3513000012608245,1038.7257460024557,1448.1
1772924322,10,GET,/api/chains/{id},16.800000,0.000000,2,4,5,8,15,19,23,960,980,980,980,3375,0,3,22.38757380233599,1.2148069981776644,1061.2717760013766,504.58014814814817
1772924322,10,POST,/api/chains/{id}/activate,16.800000,0.000000,3,4,5,6,13,21,27,37,1100,1100,1100,3375,0,3,6.6082484646101,1.1701449984684587,1069.5832089986652,53.28118518518519
1772924322,10,POST,/api/chains/{id}/deactivate,16.800000,0.000000,2,2,3,3,8,12,19,21,23,23,23,3375,0,2,4.247837613588975,1.162620999821229,1083.7654569986626,61.80740740740741
1772924322,10,POST,/api/plugins/batch/parameters (500 updates),10.700000,0.000000,6,9,14,15,21,27,55,1000,1000,1000,1000,1988,0,6,23.521323399473115,2.806248998240335,1074.2657150003652,881.2127766599598
1772924322,10,GET,/api/plugins/discover,0.000000,0.000000,0,0,0,0,0,0,0,0,0,0,0,160,0,13,18.220616150142632,10.576317999948515,58.00965399976121,85406.0
1772924322,10,GET,/api/plugins/list,0.000000,0.000000,0,0,0,0,0,0,0,0,0,0,0,160,0,2,5.07641034982953,1.080333000572864,43.401594997703796,29.4
1772924322,10,POST,/api/plugins/load?uri,4.800000,0.000000,3,4,4,6,12,15,29,29,29,29,29,1107,0,3,5.529250148191229,1.2622550020751078,256.2621520009998,2228.4281842818427
1772924322,10,POST,/api/plugins/unload?uri,4.800000,0.000000,1,2,3,3,5,11,18,18,18,18,18,1107,0,2,3.3427806106509754,1.1658449984679464,64.64023000080488,107.88979223125564
1772924322,10,,Aggregated,141.800000,0.000000,2,4,5,7,14,19,27,47,1000,1100,1100,29200,0,2,11.426800503987215,1.0178689990425482,1083.7654569986626,735.6197602739726
1772924323,10,GET,/api/audio/latency,22.400000,0.000000,2,3,5,8,15,17,21,22,24,24,24,4428,0,2,4.892941201949087,1.0178689990425482,1073.7905090027198,33.0
1772924323,10,GET,/api/audio/levels,22.400000,0.000000,3,7,12,14,17,27,960,1000,1000,1000,1000,4428,0,3,19.37443737490595,1.0466029998497106,1063.1027659983374,75.43383017163505
1772924323,10,GET,/api/audio/levels (during plugin swap),5.400000,0.000000,3,3,5,6,9,17,29,29,29,29,29,1110,0,3,28.018266600852954,1.052685001923237,1065.1855479991355,75.26036036036037
1772924323,10,GET,/api/audio/levels/plugins,5.400000,0.000000,2,2,3,3,8,13,17,17,17,17,17,1110,0,2,4.540923462208173,1.0223909994238056,1004.5815230005246,19.481081081081083
1772924323,10,GET,/api/audio/status,16.400000,0.000000,2,2,3,3,7,13,15,20,21,21,21,3395,0,2,3.6055689679289173,1.0313479979231488,246.06509799923515,168.0
1772924323,10,GET,/api/chains/,0.000000,0.000000,0,0,0,0,0,0,0,0,0,0,0,160,0,4,35.78325576258976,1.3513000012608245,1038.7257460024557,1448.1
1772924323,10,GET,/api/chains/{id},16.400000,0.000000,2,4,5,7,14,17,58,960,980,980,980,3395,0,3,22.294726427360096,1.2148069981776644,1061.2717760013766,504.2500736377025
1772924323,10,POST,/api/chains/{id}/activate,16.400000,0.000000,3,4,5,6,13,21,30,37,1100,1100,1100,3395,0,3,6.585529079252805,1.1701449984684587,1069.5832089986652,53.29131075110457
1772924323,10,POST,/api/chains/{id}/deactivate,16.400000,0.000000,1,2,3,3,7,11,19,20,21,21,21,3395,0,2,4.235983852685662,1.162620999821229,1083.7654569986626,61.80854197349043
1772924323,10,POST,/api/plugins/batch/parameters (500 updates),10.900000,0.000000,5,10,14,17,23,29,43,52,1000,1000,1000,2000,0,6,23.47224164507861,2.806248998240335,1074.2657150003652,881.0795
1772924323,10,GET,/api/plugins/discover,0.000000,0.000000,0,0,0,0,0,0,0,0,0,0,0,160,0,13,18.220616150142632,10.576317999948515,58.00965399976121,85406.0
1772924323,10,GET,/api/plugins/list,0.000000,0.000000,0,0,0,0,0,0,0,0,0,0,0,160,0,2,5.07641034982953,1.080333000572864,43.401594997703796,29.4
1772924323,10,POST,/api/plugins/load?uri,5.400000,0.000000,3,4,6,7,12,15,29,29,29,29,29,1110,0,3,5.525369356804698,1.2622550020751078,256.2621520009998,2226.5513513513515
1772924323,10,POST,/api/plugins/unload?uri,5.400000,0.000000,1,2,3,3,6,13,20,20,20,20,20,1110,0,2,3.3546416342220695,1.1658449984679464,64.64023000080488,107.87657657657658
1772924323,10,,Aggregated,142.900000,0.000000,2,4,5,7,14,19,27,52,1000,1100,1100,29356,0,2,11.395330877212755,1.0178689990425482,1083.7654569986626,732.8346845619294
1772924324,10,GET,/api/audio/latency,22.300000,0.000000,2,3,4,7,15,17,21,22,24,24,24,4456,0,2,4.880148665220819,1.0178689990425482,1073.7905090027198,33.0
1772924324,10,GET,/api/audio/levels,22.300000,0.000000,3,7,11,14,17,27,960,1000,1000,1000,1000,4456,0,3,19.27648781869332,1.0466029998497106,1063.1027659983374,75.43020646319569
1772924324,10,GET,/api/audio/levels (during plugin swap),5.100000,0.000000,2,4,5,7,11,17,29,29,29,29,29,1117,0,3,27.866233516515088,1.052685001923237,1065.1855479991355,75.25783348254252
1772924324,10,GET,/api/audio/levels/plugins,5.100000,0.000000,2,2,3,3,8,13,17,17,17,17,17,1117,0,2,4.524332019743792,1.0223909994238056,1004.5815230005246,19.4816472694718
1772924324,10,GET,/api/audio/status,16.800000,0.000000,1,2,3,3,6,13,15,20,21,21,21,3412,0,2,3.5963194226643993,1.0313479979231488,246.06509799923515,168.0
1772924324,10,GET,/api/chains/,0.000000,0.000000,0,0,0,0,0,0,0,0,0,0,0,160,0,4,35.78325576258976,1.3513000012608245,1038.7257460024557,1448.1
1772924324,10,GET,/api/chains/{id},16.800000,0.000000,2,4,6,9,15,17,58,960,980,980,980,3412,0,3,22.21027528484562,1.2148069981776644,1061.2717760013766,504.1758499413834
1772924324,10,POST,/api/chains/{id}/activate,16.800000,0.000000,3,4,5,6,14,20,30,37,1100,1100,1100,3412,0,3,6.5749708344241276,1.1701449984684587,1069.5832089986652,53.28810082063306
1772924324,10,POST,/api/chains/{id}/deactivate,16.800000,0.000000,1,2,2,3,6,9,14,19,20,20,20,3412,0,2,4.223374504943194,1.162620999821229,1083.7654569986626,61.809495896834704
1772924324,10,POST,/api/plugins/batch/parameters (500 updates),10.800000,0.000000,5,10,15,17,23,30,52,1000,1000,1000,1000,2007,0,6,23.421880057876447,2.806248998240335,1074.2657150003652,881.1609367214749
1772924324,10,GET,/api/plugins/discover,0.000000,0.000000,0,0,0,0,0,0,0,0,0,0,0,160,0,13,18.220616150142632,10.576317999948515,58.00965399976121,85406.0
1772924324,10,GET,/api/plugins/list,0.000000,0.000000,0,0,0,0,0,0,0,0,0,0,0,160,0,2,5.07641034982953,1.080333000572864,43.401594997703796,29.4
1772924324,10,POST,/api/plugins/load?uri,5.100000,0.000000,3,4,6,8,14,15,29,29,29,29,29,1117,0,3,5.526581557788634,1.2622550020751078,256.2621520009998,2232.863921217547
1772924324,10,POST,/api/plugins/unload?uri,5.100000,0.000000,1,2,3,3,5,13,20,20,20,20,20,1117,0,2,3.343614692910717,1.1658449984679464,64.64023000080488,107.9319606087735
1772924324,10,,Aggregated,143.000000,0.000000,2,4,5,7,14,19,27,52,1000,1100,1100,29515,0,2,11.35310374272299,1.0178689990425482,1083.7654569986626,730.4653565983398
1772924325,10,GET,/api/audio/latency,22.300000,0.000000,2,3,4,7,15,19,21,22,24,24,24,4478,0,2,4.881439683612314,1.0178689990425482,1073.7905090027198,33.0
1772924325,10,GET,/api/audio/levels,22.300000,0.000000,3,7,11,13,17,27,960,1000,1000,1000,1000,4478,0,3,19.212341512304153,1.0466029998497106,1063.1027659983374,75.42407324698526
1772924325,10,GET,/api/audio/levels (during plugin swap),4.800000,0.000000,2,4,5,7,17,20,54,54,54,54,54,1120,0,3,27.860239907987047,1.052685001923237,1065.1855479991355,75.275
1772924325,10,GET,/api/audio/levels/plugins,4.800000,0.000000,2,2,3,3,8,13,17,17,17,17,17,1120,0,2,4.517731190224238,1.0223909994238056,1004.5815230005246,19.478571428571428
1772924325,10,GET,/api/audio/status,17.200000,0.000000,1,2,3,3,6,9,15,20,21,21,21,3436,0,2,3.5898619514330603,1.0313479979231488,246.06509799923515,168.0
1772924325,10,GET,/api/chains/,0.000000,0.000000,0,0,0,0,0,0,0,0,0,0,0,160,0,4,35.78325576258976,1.3513000012608245,1038.7257460024557,1448.1
1772924325,10,GET,/api/chains/{id},17.200000,0.000000,3,4,7,9,15,19,26,960,980,980,980,3436,0,3,22.09540076160831,1.204680997034302,1061.2717760013766,503.6987776484284
1772924325,10,POST,/api/chains/{id}/activate,17.200000,0.000000,3,4,5,6,13,20,30,62,1100,1100,1100,3436,0,3,6.571524770973498,1.1701449984684587,1069.5832089986652,53.29860302677532
1772924325,10,POST,/api/chains/{id}/deactivate,17.200000,0.000000,1,2,2,3,5,9,14,19,20,20,20,3436,0,2,4.213230880053197,1.162620999821229,1083.7654569986626,61.81082654249127
1772924325,10,POST,/api/plugins/batch/parameters (500 updates),10.600000,0.000000,5,11,15,17,23,30,49,52,1000,1000,1000,2019,0,6,23.35637327744403,2.806248998240335,1074.2657150003652,881.0212976721149
1772924325,10,GET,/api/plugins/discover,0.000000,0.000000,0,0,0,0,0,0,0,0,0,0,0,160,0,13,18.220616150142632,10.576317999948515,58.00965399976121,85406.0
1772924325,10,GET,/api/plugins/list,0.000000,0.000000,0,0,0,0,0,0,0,0,0,0,0,160,0,2,5.07641034982953,1.080333000572864,43.401594997703796,29.4
1772924325,10,POST,/api/plugins/load?uri,4.800000,0.000000,3,4,7,8,14,15,29,29,29,29,29,1120,0,3,5.52615760093756,1.2622550020751078,256.2621520009998,2230.6392857142855
1772924325,10,POST,/api/plugins/unload?uri,4.800000,0.000000,1,2,2,2,5,13,20,20,20,20,20,1120,0,2,3.3391335080198457,1.1658449984679464,64.64023000080488,107.94464285714285
1772924325,10,,Aggregated,143.200000,0.000000,2,4,5,7,14,20,28,53,1000,1100,1100,29679,0,2,11.321296262524072,1.0178689990425482,1083.7654569986626,727.6011995013309
1772924326,10,GET,/api/audio/latency,22.700000,0.000000,2,3,4,6,14,17,19,20,21,21,21,4503,0,2,4.881756310951948,1.0178689990425482,1073.7905090027198,33.0
1772924326,10,GET,/api/audio/levels,22.700000,0.000000,3,7,10,12,15,21,27,30,53,53,53,4503,0,3,19.13357348325427,1.0466029998497106,1063.1027659983374,75.42216300244282
1772924326,10,GET,/api/audio/levels (during plugin swap),4.900000,0.000000,3,4,7,9,17,20,54,54,54,54,54,1124,0,3,27.785875457246163,1.052685001923237,1065.1855479991355,75.27846975088968
1772924326,10,GET,/api/audio/levels/plugins,4.900000,0.000000,2,2,3,3,3,14,19,19,19,19,19,1124,0,2,4.524097740257767,1.0223909994238056,1004.5815230005246,19.48220640569395
1772924326,10,GET,/api/audio/status,16.600000,0.000000,1,2,3,3,6,11,15,20,21,21,21,3451,0,2,3.584023147820676,1.0313479979231488,246.06509799923515,168.0
1772924326,10,GET,/api/chains/,0.000000,0.000000,0,0,0,0,0,0,0,0,0,0,0,160,0,4,35.78325576258976,1.3513000012608245,1038.7257460024557,1448.1
1772924326,10,GET,/api/chains/{id},16.500000,0.000000,3,5,7,9,15,17,23,26,58,58,58,3451,0,3,22.028428478087246,1.204680997034302,1061.2717760013766,503.6800927267459
1772924326,10,POST,/api/chains/{id}/activate,16.600000,0.000000,3,4,4,5,13,17,26,37,62,62,62,3451,0,3,6.560486740963413,1.1701449984684587,1069.5832089986652,53.29150970733121
1772924326,10,POST,/api/chains/{id}/deactivate,16.600000,0.000000,1,2,2,3,5,9,14,19,20,20,20,3451,0,2,4.2025001323862865,1.162620999821229,1083.7654569986626,61.81164879745001
1772924326,10,POST,/api/plugins/batch/parameters (500 updates),10.800000,0.000000,6,11,14,17,23,29,43,49,52,52,52,2033,0,6,23.25384422880503,2.806248998240335,1074.2657150003652,880.950319724545
1772924326,10,GET,/api/plugins/discover,0.000000,0.000000,0,0,0,0,0,0,0,0,0,0,0,160,0,13,18.220616150142632,10.576317999948515,58.00965399976121,85406.0
1772924326,10,GET,/api/plugins/list,0.000000,0.000000,0,0,0,0,0,0,0,0,0,0,0,160,0,2,5.07641034982953,1.080333000572864,43.401594997703796,29.4
1772924326,10,POST,/api/plugins/load?uri,4.900000,0.000000,3,4,7,7,14,14,29,29,29,29,29,1124,0,3,5.517614539191569,1.2622550020751078,256.2621520009998,2227.5044483985766
1772924326,10,POST,/api/plugins/unload?uri,4.900000,0.000000,2,2,2,3,5,13,20,20,20,20,20,1124,0,2,3.3358339724016015,1.1658449984679464,64.64023000080488,107.92081850533808
1772924326,10,,Aggregated,142.100000,0.000000,2,4,5,7,14,18,23,29,58,62,62,29819,0,2,11.290394205186173,1.0178689990425482,1083.7654569986626,725.2850531540294
1772924327,10,GET,/api/audio/latency,22.700000,0.000000,2,3,4,6,14,16,19,20,21,21,21,4515,0,2,4.879960679119556,1.0178689990425482,1073.7905090027198,33.0
1772924327,10,GET,/api/audio/levels,22.700000,0.000000,3,7,10,13,16,21,27,30,53,53,53,4515,0,3,19.0983491667973,1.0466029998497106,1063.1027659983374,75.42148394241417
1772924327,10,GET,/api/audio/levels (during plugin swap),4.900000,0.000000,3,5,8,11,17,20,54,54,54,54,54,1127,0,3,27.72788716588055,1.052685001923237,1065.1855479991355,75.28393966282165
1772924327,10,GET,/api/audio/levels/plugins,4.900000,0.000000,2,2,2,3,3,14,19,19,19,19,19,1127,0,2,4.515908553726177,1.0223909994238056,1004.5815230005246,19.490683229813666
1772924327,10,GET,/api/audio/status,16.600000,0.000000,1,2,3,3,5,11,15,20,21,21,21,3458,0,2,3.5797326032751187,1.0313479979231488,246.06509799923515,168.0
1772924327,10,GET,/api/chains/,0.000000,0.000000,0,0,0,0,0,0,0,0,0,0,0,160,0,4,35.78325576258976,1.3513000012608245,1038.7257460024557,1448.1
1772924327,10,GET,/api/chains/{id},16.500000,0.000000,3,4,7,9,14,17,23,26,58,58,58,3458,0,3,21.999771013267328,1.204680997034302,1061.2717760013766,503.7203585887796
1772924327,10,POST,/api/chains/{id}/activate,16.600000,0.000000,3,4,4,6,13,17,26,37,62,62,62,3458,0,3,6.5546438933083495,1.1701449984684587,1069.5832089986652,53.283400809716596
1772924327,10,POST,/api/chains/{id}/deactivate,16.600000,0.000000,1,2,2,3,4,9,14,19,20,20,20,3458,0,2,4.197284646576491,1.162620999821229,1083.7654569986626,61.81203007518797
1772924327,10,POST,/api/plugins/batch/parameters (500 updates),10.800000,0.000000,5,11,14,17,24,30,49,52,52,52,52,2036,0,6,23.23396691314467,2.806248998240335,1074.2657150003652,880.889489194499
1772924327,10,GET,/api/plugins/discover,0.000000,0.000000,0,0,0,0,0,0,0,0,0,0,0,160,0,13,18.220616150142632,10.576317999948515,58.00965399976121,85406.0
1772924327,10,GET,/api/plugins/list,0.000000,0.000000,0,0,0,0,0,0,0,0,0,0,0,160,0,2,5.07641034982953,1.080333000572864,43.401594997703796,29.4
1772924327,10,POST,/api/plugins/load?uri,4.900000,0.000000,3,4,7,7,14,15,29,29,29,29,29,1127,0,3,5.520245370937688,1.2622550020751078,256.2621520009998,2224.50842945874
1772924327,10,POST,/api/plugins/unload?uri,4.900000,0.000000,1,2,2,2,3,13,20,20,20,20,20,1127,0,2,3.331452186319256,1.1658449984679464,64.64023000080488,107.9201419698314
1772924327,10,,Aggregated,142.100000,0.000000,2,4,5,7,14,18,24,29,58,62,62,29886,0,2,11.275111559641307,1.0178689990425482,1083.7654569986626,724.1063039550291
1772924328,10,GET,/api/audio/latency,23.200000,0.000000,2,3,5,7,15,19,22,24,28,28,28,4529,0,2,4.908857899142979,1.0178689990425482,1073.7905090027198,33.0
1772924328,10,GET,/api/audio/levels,23.200000,0.000000,3,7,11,14,17,26,950,1000,1000,1000,1000,4529,0,3,20.53738740319936,1.0466029998497106,1063.1027659983374,75.43696180172223
1772924328,10,GET,/api/audio/levels (during plugin swap),4.700000,0.000000,3,5,9,14,17,54,930,930,930,930,930,1131,0,3,28.47240666043018,1.052685001923237,1065.1855479991355,75.28735632183908
1772924328,10,GET,/api/audio/levels/plugins,4.700000,0.000000,2,3,3,3,13,17,19,19,19,19,19,1131,0,2,4.515408890413177,1.0223909994238056,1004.5815230005246,19.49425287356322
1772924328,10,GET,/api/audio/status,17.600000,0.000000,1,2,3,3,4,8,14,15,15,15,15,3467,0,2,3.5781616914117236,1.0313479979231488,246.06509799923515,168.0
1772924328,10,GET,/api/chains/,0.000000,0.000000,0,0,0,0,0,0,0,0,0,0,0,160,0,4,35.78325576258976,1.3513000012608245,1038.7257460024557,1448.1
1772924328,10,GET,/api/chains/{id},17.500000,0.000000,3,5,8,10,15,21,58,880,1000,1000,1000,3467,0,3,22.508979966216863,1.204680997034302,1061.2717760013766,503.5621574848572
1772924328,10,POST,/api/chains/{id}/activate,17.600000,0.000000,3,4,5,6,13,17,25,37,62,62,62,3467,0,3,6.556356412477851,1.1701449984684587,1069.5832089986652,53.27920392269974
1772924328,10,POST,/api/chains/{id}/deactivate,17.600000,0.000000,1,2,2,2,3,8,10,14,19,19,19,3467,0,2,4.192549244554111,1.162620999821229,1083.7654569986626,61.81251802711278
1772924328,10,POST,/api/plugins/batch/parameters (500 updates),11.500000,0.000000,5,9,14,16,23,29,49,52,52,52,52,2045,0,6,23.156546835289056,2.806248998240335,1074.2657150003652,880.9701711491442
1772924328,10,GET,/api/plugins/discover,0.000000,0.000000,0,0,0,0,0,0,0,0,0,0,0,160,0,13,18.220616150142632,10.576317999948515,58.00965399976121,85406.0
1772924328,10,GET,/api/plugins/list,0.000000,0.000000,0,0,0,0,0,0,0,0,0,0,0,160,0,2,5.07641034982953,1.080333000572864,43.401594997703796,29.4
1772924328,10,POST,/api/plugins/load?uri,4.700000,0.000000,3,4,7,9,14,17,22,22,22,22,22,1131,0,3,5.54089500092248,1.2622550020751078,256.2621520009998,2226.017683465959
1772924328,10,POST,/api/plugins/unload?uri,4.700000,0.000000,2,2,3,3,6,18,20,20,20,20,20,1131,0,2,3.3311779990963757,1.1658449984679464,64.64023000080488,107.93457117595048
1772924328,10,,Aggregated,147.000000,0.000000,2,4,5,7,14,19,26,54,1000,1000,1000,29975,0,2,11.57992121452676,1.0178689990425482,1083.7654569986626,722.8784653878232
1772924329,10,GET,/api/audio/latency,23.100000,0.000000,2,3,5,7,15,19,22,24,28,28,28,4552,0,2,4.896222307824404,1.0178689990425482,1073.7905090027198,33.0
1772924329,10,GET,/api/audio/levels,23.100000,0.000000,3,7,11,13,17,26,950,1000,1000,1000,1000,4552,0,3,20.450876291978616,1.0466029998497106,1063.1027659983374,75.44178383128295
1772924329,10,GET,/api/audio/levels (during plugin swap),4.700000,0.000000,3,5,8,14,17,20,930,930,930,930,930,1139,0,3,28.303243296703553,1.052685001923237,1065.1855479991355,75.27129060579456
1772924329,10,GET,/api/audio/levels/plugins,4.700000,0.000000,2,3,3,4,8,14,19,19,19,19,19,1138,0,2,4.508130657343783,1.0223909994238056,1004.5815230005246,19.50615114235501
1772924329,10,GET,/api/audio/status,17.700000,0.000000,1,2,3,3,5,9,15,15,15,15,15,3486,0,2,3.574843572897103,1.0313479979231488,246.06509799923515,168.0
1772924329,10,GET,/api/chains/,0.000000,0.000000,0,0,0,0,0,0,0,0,0,0,0,160,0,4,35.78325576258976,1.3513000012608245,1038.7257460024557,1448.1
1772924329,10,GET,/api/chains/{id},17.700000,0.000000,3,4,8,9,16,22,58,880,1000,1000,1000,3486,0,3,22.415932513730837,1.204680997034302,1061.2717760013766,503.5410212277682
1772924329,10,POST,/api/chains/{id}/activate,17.700000,0.000000,3,4,5,6,11,17,23,25,62,62,62,3486,0,3,6.545097467602783,1.1701449984684587,1069.5832089986652,53.28714859437751
1772924329,10,POST,/api/chains/{id}/deactivate,17.700000,0.000000,1,2,2,2,3,4,10,14,19,19,19,3486,0,2,4.181907369730839,1.162620999821229,1083.7654569986626,61.806368330464714
1772924329,10,POST,/api/plugins/batch/parameters (500 updates),11.700000,0.000000,5,9,14,15,23,27,49,52,52,52,52,2058,0,6,23.068688969956884,2.806248998240335,1074.2657150003652,881.0422740524781
1772924329,10,GET,/api/plugins/discover,0.000000,0.000000,0,0,0,0,0,0,0,0,0,0,0,160,0,13,18.220616150142632,10.576317999948515,58.00965399976121,85406.0
1772924329,10,GET,/api/plugins/list,0.000000,0.000000,0,0,0,0,0,0,0,0,0,0,0,160,0,2,5.07641034982953,1.080333000572864,43.401594997703796,29.4
1772924329,10,POST,/api/plugins/load?uri,4.700000,0.000000,3,4,7,7,14,14,22,22,22,22,22,1138,0,3,5.523143879651905,1.2622550020751078,256.2621520009998,2220.1854130052725
1772924329,10,POST,/api/plugins/unload?uri,4.700000,0.000000,2,2,2,3,4,13,20,20,20,20,20,1138,0,2,3.3262314788942646,1.1658449984679464,64.64023000080488,107.91739894551846
1772924329,10,,Aggregated,147.500000,0.000000,2,4,5,7,14,19,26,54,1000,1000,1000,30139,0,2,11.538027809497464,1.0178689990425482,1083.7654569986626,720.2525963037924
1772924330,10,GET,/api/audio/latency,22.300000,0.000000,2,3,5,7,16,20,24,26,28,28,28,4572,0,2,4.900076667807724,1.0178689990425482,1073.7905090027198,33.0
1772924330,10,GET,/api/audio/levels,22.300000,0.000000,3,5,9,12,17,29,980,1000,1000,1000,1000,4572,0,3,20.39466450767534,1.0466029998497106,1063.1027659983374,75.44247594050744
1772924330,10,GET,/api/audio/levels (during plugin swap),4.300000,0.000000,4,7,11,15,20,23,930,930,930,930,930,1146,0,3,28.196376291400846,1.052685001923237,1065.1855479991355,75.26876090750436
1772924330,10,GET,/api/audio/levels/plugins,4.300000,0.000000,2,3,4,4,9,14,28,28,28,28,28,1146,0,2,4.519172891847647,1.0223909994238056,1004.5815230005246,19.501745200698082
1772924330,10,GET,/api/audio/status,16.800000,0.000000,1,2,3,3,7,10,15,15,20,20,20,3505,0,2,3.577761920435954,1.0313479979231488,246.06509799923515,168.0
1772924330,10,GET,/api/chains/,0.000000,0.000000,0,0,0,0,0,0,0,0,0,0,0,160,0,4,35.78325576258976,1.3513000012608245,1038.7257460024557,1448.1
1772924330,10,GET,/api/chains/{id},16.800000,0.000000,3,5,8,10,17,22,58,880,1000,1000,1000,3505,0,3,22.34057650837793,1.204680997034302,1061.2717760013766,503.5184022824536
1772924330,10,POST,/api/chains/{id}/activate,16.800000,0.000000,3,4,5,6,13,18,25,27,62,62,62,3505,0,3,6.5517546496583305,1.1701449984684587,1069.5832089986652,53.28787446504993
1772924330,10,POST,/api/chains/{id}/deactivate,16.800000,0.000000,1,2,2,2,3,5,14,14,19,19,19,3505,0,2,4.173843879281527,1.162620999821229,1083.7654569986626,61.8074179743224
1772924330,10,POST,/api/plugins/batch/parameters (500 updates),10.100000,0.000000,5,10,14,15,21,27,49,52,52,52,52,2074,0,6,22.962586645690173,2.806248998240335,1074.2657150003652,880.9185149469624
1772924330,10,GET,/api/plugins/discover,0.000000,0.000000,0,0,0,0,0,0,0,0,0,0,0,160,0,13,18.220616150142632,10.576317999948515,58.00965399976121,85406.0
1772924330,10,GET,/api/plugins/list,0.000000,0.000000,0,0,0,0,0,0,0,0,0,0,0,160,0,2,5.07641034982953,1.080333000572864,43.401594997703796,29.4
1772924330,10,POST,/api/plugins/load?uri,4.300000,0.000000,3,4,5,7,14,17,27,27,27,27,27,1146,0,3,5.52875732202576,1.2622550020751078,256.2621520009998,2211.623909249564
1772924330,10,POST,/api/plugins/unload?uri,4.300000,0.000000,2,2,3,3,7,10,20,20,20,20,20,1146,0,2,3.329310346406637,1.1658449984679464,64.64023000080488,107.89005235602095
1772924330,10,,Aggregated,139.100000,0.000000,2,4,5,7,14,19,27,54,1000,1000,1000,30302,0,2,11.510961998166279,1.0178689990425482,1083.7654569986626,717.7095571249422
1772924331,10,GET,/api/audio/latency,22.100000,0.000000,2,3,5,7,16,20,24,26,28,28,28,4596,0,2,4.897528035733912,1.0178689990425482,1073.7905090027198,33.0
1772924331,10,GET,/api/audio/levels,22.100000,0.000000,3,5,9,12,16,29,980,1000,1000,1000,1000,4596,0,3,20.317023565947917,1.0466029998497106,1063.1027659983374,75.44103568320278
1772924331,10,GET,/api/audio/levels (during plugin swap),4.600000,0.000000,4,7,11,15,20,23,930,930,930,930,930,1150,0,3,28.108101596473084,1.052685001923237,1065.1855479991355,75.27217391304347
1772924331,10,GET,/api/audio/levels/plugins,4.600000,0.000000,2,3,4,4,8,14,28,28,28,28,28,1150,0,2,4.511281051356649,1.0223909994238056,1004.5815230005246,19.50521739130435
1772924331,10,GET,/api/audio/status,16.800000,0.000000,2,2,3,3,5,9,11,15,20,20,20,3525,0,2,3.5741488746423538,1.0313479979231488,246.06509799923515,168.0
1772924331,10,GET,/api/chains/,0.000000,0.000000,0,0,0,0,0,0,0,0,0,0,0,160,0,4,35.78325576258976,1.3513000012608245,1038.7257460024557,1448.1
1772924331,10,GET,/api/chains/{id},16.800000,0.000000,3,5,9,12,17,22,28,880,1000,1000,1000,3525,0,3,22.246524995136742,1.204680997034302,1061.2717760013766,503.54297872340425
1772924331,10,POST,/api/chains/{id}/activate,16.800000,0.000000,3,4,5,6,11,18,25,27,62,62,62,3525,0,3,6.5405256774617895,1.1701449984684587,1069.5832089986652,53.29049645390071
1772924331,10,POST,/api/chains/{id}/deactivate,16.900000,0.000000,1,2,2,2,4,8,14,14,19,19,19,3525,0,2,4.174789420959824,1.162620999821229,1083.7654569986626,61.808510638297875
1772924331,10,POST,/api/plugins/batch/parameters (500 updates),10.700000,0.000000,5,9,14,16,21,26,30,49,52,52,52,2090,0,6,22.853254418734224,2.806248998240335,1074.2657150003652,880.811961722488
1772924331,10,GET,/api/plugins/discover,0.000000,0.000000,0,0,0,0,0,0,0,0,0,0,0,160,0,13,18.220616150142632,10.576317999948515,58.00965399976121,85406.0
1772924331,10,GET,/api/plugins/list,0.000000,0.000000,0,0,0,0,0,0,0,0,0,0,0,160,0,2,5.07641034982953,1.080333000572864,43.401594997703796,29.4
1772924331,10,POST,/api/plugins/load?uri,4.600000,0.000000,3,4,5,7,14,17,27,27,27,27,27,1150,0,3,5.5175922278652685,1.2622550020751078,256.2621520009998,2211.6721739130435
1772924331,10,POST,/api/plugins/unload?uri,4.600000,0.000000,2,2,3,3,7,8,20,20,20,20,20,1150,0,2,3.329501967812615,1.1658449984679464,64.64023000080488,107.87565217391304
1772924331,10,,Aggregated,140.600000,0.000000,2,4,5,7,14,19,27,54,1000,1000,1000,30462,0,2,11.475872744450038,1.0178689990425482,1083.7654569986626,715.3187249688136
1772924332,10,GET,/api/audio/latency,22.200000,0.000000,2,3,4,5,16,20,24,26,28,28,28,4620,0,2,4.884199917798225,1.0178689990425482,1073.7905090027198,33.0
1772924332,10,GET,/api/audio/levels,22.200000,0.000000,3,5,9,12,17,26,980,1000,1000,1000,1000,4620,0,3,20.246495041361154,1.0466029998497106,1063.1027659983374,75.43679653679654
1772924332,10,GET,/api/audio/levels (during plugin swap),5.100000,0.000000,3,7,14,16,20,26,930,930,930,930,930,1159,0,3,27.94801546414081,1.052685001923237,1065.1855479991355,75.2769628990509
1772924332,10,GET,/api/audio/levels/plugins,5.100000,0.000000,2,3,3,4,7,9,28,28,28,28,28,1159,0,2,4.487903248538543,1.0223909994238056,1004.5815230005246,19.49611734253667
1772924332,10,GET,/api/audio/status,16.400000,0.000000,2,3,3,3,7,9,15,15,20,20,20,3544,0,2,3.5733304026829864,1.0313479979231488,246.06509799923515,168.0
1772924332,10,GET,/api/chains/,0.000000,0.000000,0,0,0,0,0,0,0,0,0,0,0,160,0,4,35.78325576258976,1.3513000012608245,1038.7257460024557,1448.1
1772924332,10,GET,/api/chains/{id},16.400000,0.000000,3,5,9,12,17,22,28,880,1000,1000,1000,3544,0,3,22.155591858310604,1.204680997034302,1061.2717760013766,503.52031602708803
1772924332,10,POST,/api/chains/{id}/activate,16.400000,0.000000,3,4,5,7,14,18,25,27,62,62,62,3544,0,3,6.53050060018605,1.1701449984684587,1069.5832089986652,53.284142212189614
1772924332,10,POST,/api/chains/{id}/deactivate,16.400000,0.000000,1,2,2,3,4,8,14,14,19,19,19,3544,0,2,4.163277003916154,1.162620999821229,1083.7654569986626,61.809537246049665
1772924332,10,POST,/api/plugins/batch/parameters (500 updates),11.200000,0.000000,5,9,13,14,17,21,26,27,49,49,49,2099,0,6,22.781907478399138,2.806248998240335,1074.2657150003652,880.9328251548357
1772924332,10,GET,/api/plugins/discover,0.000000,0.000000,0,0,0,0,0,0,0,0,0,0,0,160,0,13,18.220616150142632,10.576317999948515,58.00965399976121,85406.0
1772924332,10,GET,/api/plugins/list,0.000000,0.000000,0,0,0,0,0,0,0,0,0,0,0,160,0,2,5.07641034982953,1.080333000572864,43.401594997703796,29.4
1772924332,10,POST,/api/plugins/load?uri,5.100000,0.000000,3,4,4,7,14,17,27,27,27,27,27,1159,0,3,5.509648001763843,1.2622550020751078,256.2621520009998,2211.679033649698
1772924332,10,POST,/api/plugins/unload?uri,5.100000,0.000000,2,2,3,3,6,8,10,10,10,10,10,1159,0,2,3.3231995004168278,1.1658449984679464,64.64023000080488,107.83865401207937
1772924332,10,,Aggregated,141.600000,0.000000,2,4,5,7,14,19,26,49,1000,1000,1000,30631,0,2,11.435749013594398,1.0178689990425482,1083.7654569986626,712.9162939505729
1772924333,10,GET,/api/audio/latency,21.700000,0.000000,2,3,4,5,16,20,24,26,28,28,28,4646,0,2,4.873557509734413,1.0178689990425482,1073.7905090027198,33.0
1772924333,10,GET,/api/audio/levels,21.700000,0.000000,3,6,10,12,17,26,980,1000,1000,1000,1000,4646,0,3,20.167603556842796,1.0466029998497106,1063.1027659983374,75.43435213086526
1772924333,10,GET,/api/audio/levels (during plugin swap),4.800000,0.000000,3,7,15,16,20,26,930,930,930,930,930,1165,0,3,27.820159351015878,1.052685001923237,1065.1855479991355,75.2763948497854
1772924333,10,GET,/api/audio/levels/plugins,4.800000,0.000000,2,2,3,4,7,9,28,28,28,28,28,1165,0,2,4.472673049838884,1.0223909994238056,1004.5815230005246,19.50128755364807
1772924333,10,GET,/api/audio/status,16.900000,0.000000,2,3,3,3,7,9,15,15,20,20,20,3561,0,2,3.5689206226085384,1.0313479979231488,246.06509799923515,168.0
1772924333,10,GET,/api/chains/,0.000000,0.000000,0,0,0,0,0,0,0,0,0,0,0,160,0,4,35.78325576258976,1.3513000012608245,1038.7257460024557,1448.1
1772924333,10,GET,/api/chains/{id},16.900000,0.000000,3,5,9,12,16,22,28,880,1000,1000,1000,3561,0,3,22.06595113587492,1.204680997034302,1061.2717760013766,503.2622858747543
1772924333,10,POST,/api/chains/{id}/activate,16.900000,0.000000,3,4,5,7,13,18,25,27,62,62,62,3561,0,3,6.5190669781114385,1.1701449984684587,1069.5832089986652,53.28812131423757
1772924333,10,POST,/api/chains/{id}/deactivate,16.900000,0.000000,1,2,2,3,4,8,14,14,19,19,19,3561,0,2,4.151718712967409,1.162620999821229,1083.7654569986626,61.81044650379107
1772924333,10,POST,/api/plugins/batch/parameters (500 updates),10.900000,0.000000,5,7,13,14,17,21,26,27,49,49,49,2116,0,6,22.648245634761633,2.806248998240335,1074.2657150003652,881.0751417769376
1772924333,10,GET,/api/plugins/discover,0.000000,0.000000,0,0,0,0,0,0,0,0,0,0,0,160,0,13,18.220616150142632,10.576317999948515,58.00965399976121,85406.0
1772924333,10,GET,/api/plugins/list,0.000000,0.000000,0,0,0,0,0,0,0,0,0,0,0,160,0,2,5.07641034982953,1.080333000572864,43.401594997703796,29.4
1772924333,10,POST,/api/plugins/load?uri,4.800000,0.000000,3,4,4,7,15,17,27,27,27,27,27,1165,0,3,5.502909367410426,1.2622550020751078,256.2621520009998,2208.818884120172
1772924333,10,POST,/api/plugins/unload?uri,4.800000,0.000000,2,2,3,3,6,8,10,10,10,10,10,1165,0,2,3.3134456720899403,1.1658449984679464,64.64023000080488,107.82575107296137
1772924333,10,,Aggregated,141.100000,0.000000,2,4,5,7,14,19,26,49,1000,1000,1000,30792,0,2,11.39563577508411,1.0178689990425482,1083.7654569986626,710.542965705378
1772924334,10,GET,/api/audio/latency,21.700000,0.000000,2,3,4,5,16,19,24,26,28,28,28,4663,0,2,4.872012067386246,1.0178689990425482,1073.7905090027198,33.0
1772924334,10,GET,/api/audio/levels,21.700000,0.000000,3,8,12,13,18,26,980,1000,1000,1000,1000,4663,0,3,20.129502034977694,1.0466029998497106,1063.1027659983374,75.43941668453785
1772924334,10,GET,/api/audio/levels (during plugin swap),4.800000,0.000000,3,6,8,15,18,23,930,930,930,930,930,1169,0,3,27.735947409697104,1.052685001923237,1065.1855479991355,75.26860564585115
1772924334,10,GET,/api/audio/levels/plugins,4.800000,0.000000,2,2,3,4,7,9,28,28,28,28,28,1169,0,2,4.4626004551439,1.0223909994238056,1004.5815230005246,19.50470487596236
1772924334,10,GET,/api/audio/status,16.900000,0.000000,2,2,3,3,7,9,15,15,20,20,20,3578,0,2,3.559450581643087,1.0313479979231488,246.06509799923515,168.0
1772924334,10,GET,/api/chains/,0.000000,0.000000,0,0,0,0,0,0,0,0,0,0,0,160,0,4,35.78325576258976,1.3513000012608245,1038.7257460024557,1448.1
1772924334,10,GET,/api/chains/{id},16.900000,0.000000,3,5,9,12,16,21,28,880,1000,1000,1000,3578,0,3,21.99061136999939,1.204680997034302,1061.2717760013766,503.1959195081051
1772924334,10,POST,/api/chains/{id}/activate,16.900000,0.000000,3,4,6,7,11,16,23,25,27,27,27,3578,0,3,6.509538727516168,1.1701449984684587,1069.5832089986652,53.28507546115148
1772924334,10,POST,/api/chains/{id}/deactivate,16.900000,0.000000,1,2,2,2,4,8,14,14,21,21,21,3578,0,2,4.144917228303396,1.162620999821229,1083.7654569986626,61.81134712129681
1772924334,10,POST,/api/plugins/batch/parameters (500 updates),10.900000,0.000000,5,7,13,14,17,19,26,27,48,48,48,2124,0,6,22.616863142725215,2.806248998240335,1074.2657150003652,880.897834274953
1772924334,10,GET,/api/plugins/discover,0.000000,0.000000,0,0,0,0,0,0,0,0,0,0,0,160,0,13,18.220616150142632,10.576317999948515,58.00965399976121,85406.0
1772924334,10,GET,/api/plugins/list,0.000000,0.000000,0,0,0,0,0,0,0,0,0,0,0,160,0,2,5.07641034982953,1.080333000572864,43.401594997703796,29.4
1772924334,10,POST,/api/plugins/load?uri,4.800000,0.000000,3,4,4,5,15,17,27,27,27,27,27,1169,0,3,5.498372758795087,1.2622550020751078,256.2621520009998,2212.3866552609065
1772924334,10,POST,/api/plugins/unload?uri,4.800000,0.000000,2,2,3,3,6,8,10,10,10,10,10,1169,0,2,3.310500813504801,1.1658449984679464,64.64023000080488,107.82207014542344
1772924334,10,,Aggregated,141.100000,0.000000,2,4,5,8,14,18,25,29,1000,1000,1000,30918,0,2,11.370417344892925,1.0178689990425482,1083.7654569986626,708.7944886473899
1772924335,10,GET,/api/audio/latency,21.500000,0.000000,2,3,4,6,16,20,24,26,28,28,28,4692,0,2,4.884468057591061,1.0178689990425482,1073.7905090027198,33.0
1772924335,10,GET,/api/audio/levels,21.500000,0.000000,3,9,12,14,21,110,980,1000,1000,1000,1000,4693,0,3,20.19395952633558,1.0466029998497106,1063.1027659983374,75.44598337950139
1772924335,10,GET,/api/audio/levels (during plugin swap),5.300000,0.000000,3,6,11,15,18,26,130,930,930,930,930,1176,0,3,27.711208704030945,1.052685001923237,1065.1855479991355,75.26615646258503
1772924335,10,GET,/api/audio/levels/plugins,5.300000,0.000000,2,2,3,4,6,9,9,28,28,28,28,1176,0,2,4.4565995468245365,1.0223909994238056,1004.5815230005246,19.505102040816325
1772924335,10,GET,/api/audio/status,16.500000,0.000000,2,3,3,4,8,10,15,15,20,20,20,3595,0,2,3.5647380200617604,1.0313479979231488,246.06509799923515,168.0
1772924335,10,GET,/api/chains/,0.000000,0.000000,0,0,0,0,0,0,0,0,0,0,0,160,0,4,35.78325576258976,1.3513000012608245,1038.7257460024557,1448.1
1772924335,10,GET,/api/chains/{id},16.600000,0.000000,3,6,12,13,18,26,210,880,1000,1000,1000,3595,0,3,22.087877070611718,1.204680997034302,1061.2717760013766,503.0834492350487
1772924335,10,POST,/api/chains/{id}/activate,16.600000,0.000000,4,5,7,9,15,18,23,25,27,27,27,3595,0,3,6.525557151336331,1.1701449984684587,1069.5832089986652,53.275104311543814
1772924335,10,POST,/api/chains/{id}/deactivate,16.500000,0.000000,2,2,2,3,6,13,14,17,21,21,21,3595,0,2,4.15330134822452,1.162620999821229,1083.7654569986626,61.81223922114047
1772924335,10,POST,/api/plugins/batch/parameters (500 updates),11.500000,0.000000,5,9,13,15,18,21,27,48,48,48,48,2131,0,6,22.587933738219625,2.806248998240335,1074.2657150003652,880.7573908962928
1772924335,10,GET,/api/plugins/discover,0.000000,0.000000,0,0,0,0,0,0,0,0,0,0,0,160,0,13,18.220616150142632,10.576317999948515,58.00965399976121,85406.0
1772924335,10,GET,/api/plugins/list,0.000000,0.000000,0,0,0,0,0,0,0,0,0,0,0,160,0,2,5.07641034982953,1.080333000572864,43.401594997703796,29.4
1772924335,10,POST,/api/plugins/load?uri,5.300000,0.000000,3,4,10,10,16,22,22,27,27,27,27,1176,0,3,5.529627869926574,1.2622550020751078,256.2621520009998,2215.6181972789113
1772924335,10,POST,/api/plugins/unload?uri,5.300000,0.000000,2,2,3,4,6,8,10,11,11,11,11,1176,0,2,3.311530898796251,1.1658449984679464,64.64023000080488,107.86139455782313
1772924335,10,,Aggregated,141.900000,0.000000,2,4,6,9,16,20,28,210,1000,1000,1000,31080,0,2,11.393632590520731,1.0178689990425482,1083.7654569986626,706.4769948519948
1772924336,10,GET,/api/audio/latency,21.000000,0.000000,2,3,4,6,16,20,24,26,28,28,28,4712,0,2,4.879646460572362,1.0178689990425482,1073.7905090027198,33.0
1772924336,10,GET,/api/audio/levels,21.000000,0.000000,3,9,12,14,21,110,980,1000,1000,1000,1000,4712,0,3,20.137301074510802,1.0466029998497106,1063.1027659983374,75.44715619694398
1772924336,10,GET,/api/audio/levels (during plugin swap),5.200000,0.000000,3,6,11,16,18,26,130,930,930,930,930,1180,0,3,27.6450819584247,1.052685001923237,1065.1855479991355,75.25847457627118
1772924336,10,GET,/api/audio/levels/plugins,5.200000,0.000000,2,2,3,4,6,9,9,28,28,28,28,1180,0,2,4.451020805985752,1.0223909994238056,1004.5815230005246,19.508474576271187
1772924336,10,GET,/api/audio/status,16.700000,0.000000,2,3,3,4,8,10,14,15,20,20,20,3610,0,2,3.561618615823738,1.0313479979231488,246.06509799923515,168.0
1772924336,10,GET,/api/chains/,0.000000,0.000000,0,0,0,0,0,0,0,0,0,0,0,160,0,4,35.78325576258976,1.3513000012608245,1038.7257460024557,1448.1
1772924336,10,GET,/api/chains/{id},16.700000,0.000000,3,6,12,13,17,26,190,880,1000,1000,1000,3610,0,3,22.022715168378475,1.204680997034302,1061.2717760013766,503.1163434903047
1772924336,10,POST,/api/chains/{id}/activate,16.700000,0.000000,4,5,7,8,15,18,22,25,27,27,27,3610,0,3,6.511535087827175,1.1701449984684587,1069.5832089986652,53.282271468144046
1772924336,10,POST,/api/chains/{id}/deactivate,16.700000,0.000000,2,2,2,3,6,13,14,17,21,21,21,3610,0,2,4.145386719352961,1.162620999821229,1083.7654569986626,61.80609418282548
1772924336,10,POST,/api/plugins/batch/parameters (500 updates),11.700000,0.000000,6,10,13,15,18,21,27,36,48,48,48,2150,0,6,22.48408747774848,2.806248998240335,1074.2657150003652,880.8841860465117
1772924336,10,GET,/api/plugins/discover,0.000000,0.000000,0,0,0,0,0,0,0,0,0,0,0,160,0,13,18.220616150142632,10.576317999948515,58.00965399976121,85406.0
1772924336,10,GET,/api/plugins/list,0.000000,0.000000,0,0,0,0,0,0,0,0,0,0,0,160,0,2,5.07641034982953,1.080333000572864,43.401594997703796,29.4
1772924336,10,POST,/api/plugins/load?uri,5.200000,0.000000,3,4,5,10,16,22,22,27,27,27,27,1180,0,3,5.526409865283852,1.2622550020751078,256.2621520009998,2217.992372881356
1772924336,10,POST,/api/plugins/unload?uri,5.200000,0.000000,2,2,3,4,6,8,10,11,11,11,11,1180,0,2,3.3052057660855914,1.1658449984679464,64.64023000080488,107.87881355932204
1772924336,10,,Aggregated,141.300000,0.000000,3,4,6,9,15,19,28,190,1000,1000,1000,31214,0,2,11.366666573216921,1.0178689990425482,1083.7654569986626,704.8380854744665
1772924337,10,GET,/api/audio/latency,21.100000,0.000000,2,3,4,4,14,17,20,23,27,27,27,4739,0,2,4.875465776160286,1.0178689990425482,1073.7905090027198,33.0
1772924337,10,GET,/api/audio/levels,21.100000,0.000000,3,7,11,13,18,24,58,110,260,260,260,4739,0,3,20.060451979131688,1.0466029998497106,1063.1027659983374,75.44144334247731
1772924337,10,GET,/api/audio/levels (during plugin swap),5.400000,0.000000,3,5,8,11,17,23,26,130,130,130,130,1185,0,3,27.544052599949413,1.052685001923237,1065.1855479991355,75.27088607594936
1772924337,10,GET,/api/audio/levels/plugins,5.400000,0.000000,2,2,3,4,7,9,9,28,28,28,28,1185,0,2,4.444835186552945,1.0223909994238056,1004.5815230005246,19.50717299578059
1772924337,10,GET,/api/audio/status,15.800000,0.000000,2,3,3,4,8,11,15,16,20,20,20,3630,0,2,3.558615406371386,1.0313479979231488,246.06509799923515,168.0
1772924337,10,GET,/api/chains/,0.000000,0.000000,0,0,0,0,0,0,0,0,0,0,0,160,0,4,35.78325576258976,1.3513000012608245,1038.7257460024557,1448.1
1772924337,10,GET,/api/chains/{id},15.900000,0.000000,3,5,10,12,16,21,82,190,210,210,210,3630,0,3,21.925024279571566,1.204680997034302,1061.2717760013766,503.23608815426996
1772924337,10,POST,/api/chains/{id}/activate,15.800000,0.000000,3,4,6,7,14,16,19,25,27,27,27,3630,0,3,6.489262202771133,1.1701449984684587,1069.5832089986652,53.28484848484848
1772924337,10,POST,/api/chains/{id}/deactivate,15.800000,0.000000,1,2,3,3,7,13,15,17,21,21,21,3630,0,2,4.14308735257804,1.162620999821229,1083.7654569986626,61.807162534435264
1772924337,10,POST,/api/plugins/batch/parameters (500 updates),11.200000,0.000000,6,10,13,15,17,21,27,36,48,48,48,2160,0,6,22.41528281489014,2.806248998240335,1074.2657150003652,880.9143518518518
1772924337,10,GET,/api/plugins/discover,0.000000,0.000000,0,0,0,0,0,0,0,0,0,0,0,160,0,13,18.220616150142632,10.576317999948515,58.00965399976121,85406.0
1772924337,10,GET,/api/plugins/list,0.000000,0.000000,0,0,0,0,0,0,0,0,0,0,0,160,0,2,5.07641034982953,1.080333000572864,43.401594997703796,29.4
1772924337,10,POST,/api/plugins/load?uri,5.400000,0.000000,3,3,5,10,15,18,22,27,27,27,27,1185,0,3,5.514668746021127,1.2622550020751078,256.2621520009998,2219.906329113924
1772924337,10,POST,/api/plugins/unload?uri,5.500000,0.000000,2,2,3,4,7,10,10,11,11,11,11,1185,0,2,3.3088653333189666,1.1658449984679464,64.64023000080488,107.89535864978903
1772924337,10,,Aggregated,138.400000,0.000000,2,4,6,8,14,18,24,28,250,260,260,31378,0,2,11.32975113587279,1.0178689990425482,1083.7654569986626,702.5038880744471
1772924338,10,GET,/api/audio/latency,21.100000,0.000000,2,3,4,4,14,17,20,23,27,27,27,4748,0,2,4.87035664389695,1.0178689990425482,1073.7905090027198,33.0
1772924338,10,GET,/api/audio/levels,21.100000,0.000000,3,7,11,13,18,24,58,110,260,260,260,4750,0,3,20.02468137328565,1.0466029998497106,1063.1027659983374,75.444
1772924338,10,GET,/api/audio/levels (during plugin swap),5.400000,0.000000,3,5,8,15,18,26,29,130,130,130,130,1191,0,3,27.439812214055028,1.052685001923237,1065.1855479991355,75.25944584382871
1772924338,10,GET,/api/audio/levels/plugins,5.400000,0.000000,2,2,2,3,6,9,9,28,28,28,28,1191,0,2,4.43100169190568,1.0223909994238056,1004.5815230005246,19.50125944584383
1772924338,10,GET,/api/audio/status,15.800000,0.000000,2,3,3,4,8,11,15,16,20,20,20,3633,0,2,3.5591038569026683,1.0313479979231488,246.06509799923515,168.0
1772924338,10,GET,/api/chains/,0.000000,0.000000,0,0,0,0,0,0,0,0,0,0,0,160,0,4,35.78325576258976,1.3513000012608245,1038.7257460024557,1448.1
1772924338,10,GET,/api/chains/{id},15.900000,0.000000,3,5,12,13,16,21,160,190,210,210,210,3633,0,3,21.90893903491464,1.204680997034302,1061.2717760013766,503.186072116708
1772924338,10,POST,/api/chains/{id}/activate,15.800000,0.000000,3,4,6,7,14,17,22,25,27,27,27,3633,0,3,6.488662257378698,1.1701449984684587,1069.5832089986652,53.2766308835673
1772924338,10,POST,/api/chains/{id}/deactivate,15.800000,0.000000,1,2,2,3,9,13,16,17,21,21,21,3633,0,2,4.140997787189634,1.162620999821229,1083.7654569986626,61.80732177263969
1772924338,10,POST,/api/plugins/batch/parameters (500 updates),11.200000,0.000000,6,10,14,15,18,21,27,36,48,48,48,2165,0,6,22.38451674649704,2.806248998240335,1074.2657150003652,880.9718244803695
1772924338,10,GET,/api/plugins/discover,0.000000,0.000000,0,0,0,0,0,0,0,0,0,0,0,160,0,13,18.220616150142632,10.576317999948515,58.00965399976121,85406.0
1772924338,10,GET,/api/plugins/list,0.000000,0.000000,0,0,0,0,0,0,0,0,0,0,0,160,0,2,5.07641034982953,1.080333000572864,43.401594997703796,29.4
1772924338,10,POST,/api/plugins/load?uri,5.400000,0.000000,2,3,5,8,15,18,22,27,27,27,27,1191,0,3,5.504751158729145,1.2622550020751078,256.2621520009998,2213.5331654072206
1772924338,10,POST,/api/plugins/unload?uri,5.500000,0.000000,2,2,2,3,7,10,10,11,11,11,11,1191,0,2,3.2995523778153983,1.1658449984679464,64.64023000080488,107.8765743073048
1772924338,10,,Aggregated,138.400000,0.000000,2,4,6,8,15,18,25,29,250,260,260,31439,0,2,11.315373689634526,1.0178689990425482,1083.7654569986626,701.6089888355227
1772924339,10,GET,/api/audio/latency,21.500000,0.000000,2,3,4,4,15,18,26,1100,1100,1100,1100,4763,0,2,5.31892708423568,1.0178689990425482,1073.7905090027198,33.0
1772924339,10,GET,/api/audio/levels,21.500000,0.000000,3,7,11,13,16,23,110,260,950,950,950,4763,0,3,20.181340750601684,1.0466029998497106,1063.1027659983374,75.44824690321227
1772924339,10,GET,/api/audio/levels (during plugin swap),5.700000,0.000000,3,6,11,15,26,1000,1000,1000,1000,1000,1000,1199,0,3,29.861682802282658,1.052685001923237,1065.1855479991355,75.27689741451209
1772924339,10,GET,/api/audio/levels/plugins,5.700000,0.000000,2,2,2,3,6,6,8,9,9,9,9,1198,0,2,4.42461267868053,1.0223909994238056,1004.5815230005246,19.512520868113523
1772924339,10,GET,/api/audio/status,17.000000,0.000000,2,2,3,4,8,13,14,15,16,16,16,3642,0,2,3.5610929404528093,1.0313479979231488,246.06509799923515,168.0
1772924339,10,GET,/api/chains/,0.000000,0.000000,0,0,0,0,0,0,0,0,0,0,0,160,0,4,35.78325576258976,1.3513000012608245,1038.7257460024557,1448.1
1772924339,10,GET,/api/chains/{id},17.000000,0.000000,2,4,10,12,17,82,930,950,950,950,950,3642,0,3,22.637282875301022,1.204680997034302,1061.2717760013766,503.03651839648546
1772924339,10,POST,/api/chains/{id}/activate,17.000000,0.000000,3,4,6,7,15,17,23,30,34,34,34,3642,0,3,6.503479392657932,1.1701449984684587,1069.5832089986652,53.27265238879736
1772924339,10,POST,/api/chains/{id}/deactivate,17.000000,0.000000,1,2,2,3,9,13,16,17,21,21,21,3642,0,2,4.138123206991124,1.162620999821229,1083.7654569986626,61.80779791323449
1772924339,10,POST,/api/plugins/batch/parameters (500 updates),12.300000,0.000000,6,10,14,15,19,26,48,990,990,990,990,2171,0,6,22.798490541302517,2.806248998240335,1074.2657150003652,880.9682174113312
1772924339,10,GET,/api/plugins/discover,0.000000,0.000000,0,0,0,0,0,0,0,0,0,0,0,160,0,13,18.220616150142632,10.576317999948515,58.00965399976121,85406.0
1772924339,10,GET,/api/plugins/list,0.000000,0.000000,0,0,0,0,0,0,0,0,0,0,0,160,0,2,5.07641034982953,1.080333000572864,43.401594997703796,29.4
1772924339,10,POST,/api/plugins/load?uri,5.700000,0.000000,2,3,5,11,16,22,24,25,25,25,25,1199,0,3,5.5381133319834115,1.2622550020751078,256.2621520009998,2209.693911592994
1772924339,10,POST,/api/plugins/unload?uri,5.700000,0.000000,2,2,2,5,8,13,14,16,16,16,16,1198,0,2,3.321825201149755,1.1658449984679464,64.64023000080488,107.8864774624374
1772924339,10,,Aggregated,146.100000,0.000000,2,4,6,8,15,18,27,210,1100,1100,1100,31539,0,2,11.614253253382433,1.0178689990425482,1083.7654569986626,700.2702368496148
1772924340,10,GET,/api/audio/latency,22.000000,0.000000,2,3,4,4,15,18,26,1100,1100,1100,1100,4791,0,2,5.310036468424742,1.0178689990425482,1073.7905090027198,33.0
1772924340,10,GET,/api/audio/levels,22.200000,0.000000,3,7,12,13,18,23,110,260,950,950,950,4791,0,3,20.098533511396536,1.0466029998497106,1063.1027659983374,75.43936547693592
1772924340,10,GET,/api/audio/levels (during plugin swap),6.200000,0.000000,3,7,11,14,26,1000,1000,1000,1000,1000,1000,1207,0,3,29.700631681804037,1.052685001923237,1065.1855479991355,75.28334714167357
1772924340,10,GET,/api/audio/levels/plugins,6.200000,0.000000,2,2,2,3,6,8,9,17,17,17,17,1207,0,2,4.417304932114013,1.0223909994238056,1004.5815230005246,19.503728251864125
1772924340,10,GET,/api/audio/status,16.600000,0.000000,1,2,3,4,8,13,15,16,17,17,17,3661,0,2,3.556450694653451,1.0313479979231488,246.06509799923515,168.0
1772924340,10,GET,/api/chains/,0.000000,0.000000,0,0,0,0,0,0,0,0,0,0,0,160,0,4,35.78325576258976,1.3513000012608245,1038.7257460024557,1448.1
1772924340,10,GET,/api/chains/{id},16.600000,0.000000,2,4,8,12,17,82,930,950,950,950,950,3661,0,3,22.54475346567932,1.204680997034302,1061.2717760013766,503.2026768642447
1772924340,10,POST,/api/chains/{id}/activate,16.600000,0.000000,3,4,5,7,14,18,23,30,34,34,34,3661,0,3,6.491167467377536,1.1701449984684587,1069.5832089986652,53.266593826823275
1772924340,10,POST,/api/chains/{id}/deactivate,16.600000,0.000000,1,2,2,2,7,13,16,17,21,21,21,3661,0,2,4.12575130151581,1.162620999821229,1083.7654569986626,61.80879541108987
1772924340,10,POST,/api/plugins/batch/parameters (500 updates),12.700000,0.000000,6,10,14,15,19,25,48,990,990,990,990,2179,0,6,22.746123617331502,2.806248998240335,1074.2657150003652,880.8838916934374
1772924340,10,GET,/api/plugins/discover,0.000000,0.000000,0,0,0,0,0,0,0,0,0,0,0,160,0,13,18.220616150142632,10.576317999948515,58.00965399976121,85406.0
1772924340,10,GET,/api/plugins/list,0.000000,0.000000,0,0,0,0,0,0,0,0,0,0,0,160,0,2,5.07641034982953,1.080333000572864,43.401594997703796,29.4
1772924340,10,POST,/api/plugins/load?uri,6.200000,0.000000,2,3,5,10,16,22,24,25,25,25,25,1207,0,3,5.517936301613298,1.2622550020751078,256.2621520009998,2211.4523612261805
1772924340,10,POST,/api/plugins/unload?uri,6.200000,0.000000,1,2,2,3,7,13,14,16,16,16,16,1207,0,2,3.3102965592178344,1.1658449984679464,64.64023000080488,107.87821043910522
1772924340,10,,Aggregated,148.100000,0.000000,2,4,6,8,15,19,27,210,1100,1100,1100,31713,0,2,11.572862292984567,1.0178689990425482,1083.7654569986626,697.9075773342163
1772924341,10,GET,/api/audio/latency,20.900000,0.000000,2,3,4,5,15,19,26,1100,1100,1100,1100,4815,0,2,5.304559428915577,1.0178689990425482,1073.7905090027198,33.0
1772924341,10,GET,/api/audio/levels,20.900000,0.000000,3,7,11,13,18,22,110,260,950,950,950,4815,0,3,20.029581604174087,1.0466029998497106,1063.1027659983374,75.4380062305296
1772924341,10,GET,/api/audio/levels (during plugin swap),6.100000,0.000000,3,7,11,12,17,1000,1000,1000,1000,1000,1000,1213,0,3,29.57556729178572,1.052685001923237,1065.1855479991355,75.27205276174773
1772924341,10,GET,/api/audio/levels/plugins,6.100000,0.000000,2,2,3,3,6,9,13,17,17,17,17,1213,0,2,4.413197302607143,1.0223909994238056,1004.5815230005246,19.508656224237427
1772924341,10,GET,/api/audio/status,15.400000,0.000000,1,2,3,4,8,13,14,16,17,17,17,3676,0,2,3.553578775063611,1.0313479979231488,246.06509799923515,168.0
1772924341,10,GET,/api/chains/,0.000000,0.000000,0,0,0,0,0,0,0,0,0,0,0,160,0,4,35.78325576258976,1.3513000012608245,1038.7257460024557,1448.1
1772924341,10,GET,/api/chains/{id},15.400000,0.000000,2,5,9,13,17,82,930,950,950,950,950,3676,0,3,22.47830581823985,1.204680997034302,1061.2717760013766,503.186887921654
1772924341,10,POST,/api/chains/{id}/activate,15.400000,0.000000,3,4,6,8,15,21,27,30,34,34,34,3676,0,3,6.494933955404046,1.1701449984684587,1069.5832089986652,53.27366702937976
1772924341,10,POST,/api/chains/{id}/deactivate,15.400000,0.000000,1,2,2,3,8,13,16,17,21,21,21,3676,0,2,4.12045760496274,1.162620999821229,1083.7654569986626,61.80957562568009
1772924341,10,POST,/api/plugins/batch/parameters (500 updates),11.100000,0.000000,6,12,15,16,20,26,48,990,990,990,990,2194,0,6,22.66828371155476,2.806248998240335,1074.2657150003652,880.809936189608
1772924341,10,GET,/api/plugins/discover,0.000000,0.000000,0,0,0,0,0,0,0,0,0,0,0,160,0,13,18.220616150142632,10.576317999948515,58.00965399976121,85406.0
1772924341,10,GET,/api/plugins/list,0.000000,0.000000,0,0,0,0,0,0,0,0,0,0,0,160,0,2,5.07641034982953,1.080333000572864,43.401594997703796,29.4
1772924341,10,POST,/api/plugins/load?uri,6.100000,0.000000,2,3,5,10,18,22,24,25,25,25,25,1213,0,3,5.528517536725671,1.2622550020751078,256.2621520009998,2207.6356141797196
1772924341,10,POST,/api/plugins/unload?uri,6.100000,0.000000,1,2,2,2,7,13,14,16,16,16,16,1213,0,2,3.3026435028694254,1.1658449984679464,64.64023000080488,107.88870568837592
1772924341,10,,Aggregated,138.900000,0.000000,2,4,6,9,15,19,27,210,1100,1100,1100,31860,0,2,11.545100616271448,1.0178689990425482,1083.7654569986626,695.8573446327683
1772924342,10,GET,/api/audio/latency,21.500000,0.000000,2,3,4,5,15,19,26,1100,1100,1100,1100,4840,0,2,5.295198268230112,1.0178689990425482,1073.7905090027198,33.0
1772924342,10,GET,/api/audio/levels,21.500000,0.000000,4,7,12,14,19,23,110,260,950,950,950,4840,0,3,19.96471485043619,1.0466029998497106,1063.1027659983374,75.43615702479339
1772924342,10,GET,/api/audio/levels (during plugin swap),6.100000,0.000000,3,7,11,14,23,1000,1000,1000,1000,1000,1000,1223,0,3,29.379931995866002,1.052685001923237,1065.1855479991355,75.27473426001636
1772924342,10,GET,/api/audio/levels/plugins,6.100000,0.000000,2,2,3,4,8,13,17,19,19,19,19,1223,0,2,4.413160297676542,1.0223909994238056,1004.5815230005246,19.495502861815208
1772924342,10,GET,/api/audio/status,15.400000,0.000000,1,2,3,4,8,13,14,16,17,17,17,3689,0,2,3.550079260538477,1.0313479979231488,246.06509799923515,168.0
1772924342,10,GET,/api/chains/,0.000000,0.000000,0,0,0,0,0,0,0,0,0,0,0,160,0,4,35.78325576258976,1.3513000012608245,1038.7257460024557,1448.1
1772924342,10,GET,/api/chains/{id},15.400000,0.000000,3,5,10,13,17,82,930,950,950,950,950,3689,0,3,22.41351500402419,1.204680997034302,1061.2717760013766,503.03578205475736
1772924342,10,POST,/api/chains/{id}/activate,15.400000,0.000000,3,4,5,8,16,21,27,30,34,34,34,3689,0,3,6.486993674724066,1.1701449984684587,1069.5832089986652,53.263486039577124
1772924342,10,POST,/api/chains/{id}/deactivate,15.400000,0.000000,1,2,2,3,8,13,16,17,21,21,21,3689,0,2,4.112215600933522,1.162620999821229,1083.7654569986626,61.81024667931689
1772924342,10,POST,/api/plugins/batch/parameters (500 updates),10.400000,0.000000,7,13,15,17,20,26,48,990,990,990,990,2205,0,6,22.597711557894495,2.806248998240335,1074.2657150003652,880.6458049886621
1772924342,10,GET,/api/plugins/discover,0.000000,0.000000,0,0,0,0,0,0,0,0,0,0,0,160,0,13,18.220616150142632,10.576317999948515,58.00965399976121,85406.0
1772924342,10,GET,/api/plugins/list,0.000000,0.000000,0,0,0,0,0,0,0,0,0,0,0,160,0,2,5.07641034982953,1.080333000572864,43.401594997703796,29.4
1772924342,10,POST,/api/plugins/load?uri,6.100000,0.000000,3,4,5,10,18,22,24,25,25,25,25,1223,0,3,5.510217276419928,1.2622550020751078,256.2621520009998,2204.5085854456256
1772924342,10,POST,/api/plugins/unload?uri,6.100000,0.000000,2,2,2,3,10,13,14,16,16,16,16,1223,0,2,3.3019075985072543,1.1658449984679464,64.64023000080488,107.86917416189698
1772924342,10,,Aggregated,139.400000,0.000000,2,4,6,9,15,20,29,210,1100,1100,1100,32013,0,2,11.51173402987613,1.0178689990425482,1083.7654569986626,693.8404710586324
1772924343,10,GET,/api/audio/latency,21.500000,0.000000,2,3,4,5,15,20,27,30,1100,1100,1100,4873,0,2,5.296131852500832,1.0178689990425482,1073.7905090027198,33.0
1772924343,10,GET,/api/audio/levels,21.500000,0.000000,3,7,11,13,19,23,100,250,950,950,950,4873,0,3,19.875411783113844,1.0466029998497106,1063.1027659983374,75.43033039195568
1772924343,10,GET,/api/audio/levels (during plugin swap),6.200000,0.000000,3,8,12,15,38,1000,1000,1000,1000,1000,1000,1228,0,3,29.343442659561447,1.052685001923237,1065.1855479991355,75.26547231270358
1772924343,10,GET,/api/audio/levels/plugins,6.200000,0.000000,2,3,4,6,13,17,18,19,19,19,19,1228,0,2,4.44134745362505,1.0223909994238056,1004.5815230005246,19.4942996742671
1772924343,10,GET,/api/audio/status,14.900000,0.000000,2,2,3,5,10,14,17,18,21,21,21,3701,0,2,3.556991026245263,1.0313479979231488,246.06509799923515,168.0
1772924343,10,GET,/api/chains/,0.000000,0.000000,0,0,0,0,0,0,0,0,0,0,0,160,0,4,35.78325576258976,1.3513000012608245,1038.7257460024557,1448.1
1772924343,10,GET,/api/chains/{id},14.900000,0.000000,3,5,10,13,17,82,930,950,950,950,950,3703,0,3,22.373337419890422,1.204680997034302,1061.2717760013766,502.93005671077503
1772924343,10,POST,/api/chains/{id}/activate,14.900000,0.000000,3,4,6,9,18,23,30,33,34,34,34,3703,0,3,6.498131027289956,1.1701449984684587,1069.5832089986652,53.24844720496895
1772924343,10,POST,/api/chains/{id}/deactivate,14.900000,0.000000,1,2,3,3,7,13,15,16,17,17,17,3701,0,2,4.105845353917204,1.162620999821229,1083.7654569986626,61.81086192920832
1772924343,10,POST,/api/plugins/batch/parameters (500 updates),10.800000,0.000000,6,12,15,17,21,26,39,990,990,990,990,2214,0,6,22.54271444451524,2.806248998240335,1074.2657150003652,880.6671183378501
1772924343,10,GET,/api/plugins/discover,0.000000,0.000000,0,0,0,0,0,0,0,0,0,0,0,160,0,13,18.220616150142632,10.576317999948515,58.00965399976121,85406.0
1772924343,10,GET,/api/plugins/list,0.000000,0.000000,0,0,0,0,0,0,0,0,0,0,0,160,0,2,5.07641034982953,1.080333000572864,43.401594997703796,29.4
1772924343,10,POST,/api/plugins/load?uri,6.200000,0.000000,3,4,8,13,22,25,25,32,32,32,32,1228,0,3,5.55878354809483,1.2622550020751078,256.2621520009998,2201.157980456026
1772924343,10,POST,/api/plugins/unload?uri,6.200000,0.000000,2,2,3,4,10,13,14,16,16,16,16,1228,0,2,3.3018100871157516,1.1658449984679464,64.64023000080488,107.85912052117264
1772924343,10,,Aggregated,138.200000,0.000000,2,4,7,9,16,22,38,210,1100,1100,1100,32160,0,2,11.494498862700238,1.0178689990425482,1083.7654569986626,691.5869092039801
1772924344,10,GET,/api/audio/latency,21.400000,0.000000,2,3,4,5,13,17,27,30,1100,1100,1100,4896,0,2,5.287509620146404,1.0178689990425482,1073.7905090027198,33.0
1772924344,10,GET,/api/audio/levels,21.400000,0.000000,3,6,8,11,16,20,23,27,950,950,950,4896,0,3,19.80581077085758,1.0466029998497106,1063.1027659983374,75.43218954248366
1772924344,10,GET,/api/audio/levels (during plugin swap),6.500000,0.000000,3,8,12,15,23,48,1000,1000,1000,1000,1000,1238,0,3,29.16664263161347,1.052685001923237,1065.1855479991355,75.26817447495961
1772924344,10,GET,/api/audio/levels/plugins,6.500000,0.000000,2,2,3,4,8,17,18,19,19,19,19,1238,0,2,4.4220070000416545,1.0223909994238056,1004.5815230005246,19.491922455573505
1772924344,10,GET,/api/audio/status,14.400000,0.000000,2,2,3,4,9,14,17,18,21,21,21,3721,0,2,3.5544206461019074,1.0313479979231488,246.06509799923515,168.0
1772924344,10,GET,/api/chains/,0.000000,0.000000,0,0,0,0,0,0,0,0,0,0,0,160,0,4,35.78325576258976,1.3513000012608245,1038.7257460024557,1448.1
1772924344,10,GET,/api/chains/{id},14.500000,0.000000,3,4,9,11,15,23,930,950,950,950,950,3722,0,3,22.284194152299214,1.204680997034302,1061.2717760013766,502.68457818377215
1772924344,10,POST,/api/chains/{id}/activate,14.500000,0.000000,3,4,5,6,17,23,30,33,34,34,34,3722,0,3,6.48368521548874,1.1701449984684587,1069.5832089986652,53.26276195593767
1772924344,10,POST,/api/chains/{id}/deactivate,14.400000,0.000000,1,2,2,3,4,9,15,15,16,16,16,3721,0,2,4.098861183779555,1.162620999821229,1083.7654569986626,61.811878527277614
1772924344,10,POST,/api/plugins/batch/parameters (500 updates),10.600000,0.000000,6,12,14,16,19,26,39,990,990,990,990,2221,0,6,22.500500712361294,2.806248998240335,1074.2657150003652,880.7095902746511
1772924344,10,GET,/api/plugins/discover,0.000000,0.000000,0,0,0,0,0,0,0,0,0,0,0,160,0,13,18.220616150142632,10.576317999948515,58.00965399976121,85406.0
1772924344,10,GET,/api/plugins/list,0.000000,0.000000,0,0,0,0,0,0,0,0,0,0,0,160,0,2,5.07641034982953,1.080333000572864,43.401594997703796,29.4
1772924344,10,POST,/api/plugins/load?uri,6.500000,0.000000,3,4,5,6,20,24,25,32,32,32,32,1238,0,3,5.544207240760584,1.2622550020751078,256.2621520009998,2206.90549273021
1772924344,10,POST,/api/plugins/unload?uri,6.500000,0.000000,2,2,3,3,7,11,14,16,16,16,16,1238,0,2,3.2983110726790588,1.1658449984679464,64.64023000080488,107.8481421647819
1772924344,10,,Aggregated,137.200000,0.000000,2,4,5,7,15,19,27,39,1100,1100,1100,32331,0,2,11.45541580806173,1.0178689990425482,1083.7654569986626,689.6057653645108
1772924345,10,GET,/api/audio/latency,22.400000,0.000000,2,3,4,5,14,18,27,30,1100,1100,1100,4921,0,2,5.28935905268053,1.0178689990425482,1073.7905090027198,33.0
1772924345,10,GET,/api/audio/levels,22.400000,0.000000,3,7,9,11,17,22,27,36,950,950,950,4921,0,3,19.742330424328735,1.0466029998497106,1063.1027659983374,75.42775858565332
1772924345,10,GET,/api/audio/levels (during plugin swap),6.500000,0.000000,4,8,11,16,24,48,1000,1000,1000,1000,1000,1249,0,3,28.99336060042877,1.052685001923237,1065.1855479991355,75.27942353883107
1772924345,10,GET,/api/audio/levels/plugins,6.500000,0.000000,2,3,4,6,16,17,19,21,21,21,21,1249,0,2,4.448528637358154,1.0223909994238056,1004.5815230005246,19.485188150520415
1772924345,10,GET,/api/audio/status,14.200000,0.000000,2,2,3,5,10,14,18,21,26,26,26,3735,0,2,3.561548261353565,1.0313479979231488,246.06509799923515,168.0
1772924345,10,GET,/api/chains/,0.000000,0.000000,0,0,0,0,0,0,0,0,0,0,0,160,0,4,35.78325576258976,1.3513000012608245,1038.7257460024557,1448.1
1772924345,10,GET,/api/chains/{id},14.100000,0.000000,2,4,7,10,15,23,930,950,950,950,950,3736,0,3,22.218779060723687,1.204680997034302,1061.2717760013766,502.5813704496788
1772924345,10,POST,/api/chains/{id}/activate,14.100000,0.000000,3,4,6,7,18,23,30,33,34,34,34,3736,0,3,6.481526017143953,1.1701449984684587,1069.5832089986652,53.261241970021416
1772924345,10,POST,/api/chains/{id}/deactivate,14.200000,0.000000,1,2,2,3,4,9,15,15,16,16,16,3735,0,2,4.093537115351238,1.162620999821229,1083.7654569986626,61.81258366800535
1772924345,10,POST,/api/plugins/batch/parameters (500 updates),9.900000,0.000000,5,10,14,16,19,26,39,990,990,990,990,2231,0,6,22.43668473830284,2.806248998240335,1074.2657150003652,880.7395786642761
1772924345,10,GET,/api/plugins/discover,0.000000,0.000000,0,0,0,0,0,0,0,0,0,0,0,160,0,13,18.220616150142632,10.576317999948515,58.00965399976121,85406.0
1772924345,10,GET,/api/plugins/list,0.000000,0.000000,0,0,0,0,0,0,0,0,0,0,0,160,0,2,5.07641034982953,1.080333000572864,43.401594997703796,29.4
1772924345,10,POST,/api/plugins/load?uri,6.500000,0.000000,3,4,5,8,21,25,32,56,56,56,56,1249,0,3,5.588210116141383,1.2622550020751078,256.2621520009998,2202.6645316253002
1772924345,10,POST,/api/plugins/unload?uri,6.500000,0.000000,2,3,4,7,13,16,25,25,25,25,25,1249,0,2,3.3639506421010115,1.1658449984679464,64.64023000080488,107.80864691753403
1772924345,10,,Aggregated,137.300000,0.000000,2,4,6,8,15,21,28,48,1100,1100,1100,32491,0,2,11.432590096564388,1.0178689990425482,1083.7654569986626,687.5437197993291
1772924346,10,GET,/api/audio/latency,22.800000,0.000000,2,3,4,5,14,17,27,30,1100,1100,1100,4945,0,2,5.282098019260893,1.0178689990425482,1073.7905090027198,33.0
1772924346,10,GET,/api/audio/levels,22.800000,0.000000,3,6,8,11,16,21,27,36,950,950,950,4945,0,3,19.669848322371227,1.0466029998497106,1063.1027659983374,75.42649140546006
1772924346,10,GET,/api/audio/levels (during plugin swap),6.600000,0.000000,4,8,11,16,24,48,1000,1000,1000,1000,1000,1253,0,3,28.911879191486744,1.052685001923237,1065.1855479991355,75.27214684756584
1772924346,10,GET,/api/audio/levels/plugins,6.500000,0.000000,2,3,4,6,16,17,19,21,21,21,21,1253,0,2,4.450711535557881,1.0223909994238056,1004.5815230005246,19.498802873104548
1772924346,10,GET,/api/audio/status,14.100000,0.000000,2,2,3,5,10,14,18,21,26,26,26,3757,0,2,3.560016036505489,1.0313479979231488,246.06509799923515,168.0
1772924346,10,GET,/api/chains/,0.000000,0.000000,0,0,0,0,0,0,0,0,0,0,0,160,0,4,35.78325576258976,1.3513000012608245,1038.7257460024557,1448.1
1772924346,10,GET,/api/chains/{id},14.100000,0.000000,2,5,7,11,16,21,930,950,950,950,950,3758,0,3,22.122677108267915,1.204680997034302,1061.2717760013766,502.4720596061735
1772924346,10,POST,/api/chains/{id}/activate,14.100000,0.000000,3,5,6,8,19,23,30,33,34,34,34,3758,0,3,6.475708581172341,1.1701449984684587,1069.5832089986652,53.26077700904737
1772924346,10,POST,/api/chains/{id}/deactivate,14.100000,0.000000,2,2,2,3,4,9,14,15,20,20,20,3757,0,2,4.089589524844443,1.162620999821229,1083.7654569986626,61.81368112856002
1772924346,10,POST,/api/plugins/batch/parameters (500 updates),9.500000,0.000000,5,10,15,17,20,27,39,990,990,990,990,2236,0,6,22.40477156357659,2.806248998240335,1074.2657150003652,880.6596601073345
1772924346,10,GET,/api/plugins/discover,0.000000,0.000000,0,0,0,0,0,0,0,0,0,0,0,160,0,13,18.220616150142632,10.576317999948515,58.00965399976121,85406.0
1772924346,10,GET,/api/plugins/list,0.000000,0.000000,0,0,0,0,0,0,0,0,0,0,0,160,0,2,5.07641034982953,1.080333000572864,43.401594997703796,29.4
1772924346,10,POST,/api/plugins/load?uri,6.500000,0.000000,3,4,5,9,21,25,32,56,56,56,56,1253,0,3,5.5880625196040405,1.2622550020751078,256.2621520009998,2211.905826017558
1772924346,10,POST,/api/plugins/unload?uri,6.500000,0.000000,2,3,4,5,13,16,25,25,25,25,25,1253,0,2,3.3594018427673404,1.1658449984679464,64.64023000080488,107.84277733439744
1772924346,10,,Aggregated,137.600000,0.000000,2,4,6,8,15,21,27,39,1100,1100,1100,32648,0,2,11.399292133652438,1.0178689990425482,1083.7654569986626,685.6141570693458
1772924347,10,GET,/api/audio/latency,22.900000,0.000000,2,3,4,6,15,18,30,44,1100,1100,1100,4974,0,2,5.290439734468693,1.0178689990425482,1073.7905090027198,33.0
1772924347,10,GET,/api/audio/levels,22.900000,0.000000,3,6,9,11,17,21,25,36,950,950,950,4974,0,3,19.589932809636995,1.0466029998497106,1063.1027659983374,75.42541214314436
1772924347,10,GET,/api/audio/levels (during plugin swap),7.300000,0.000000,4,8,11,15,24,48,1000,1000,1000,1000,1000,1259,0,3,28.796846262063085,1.052685001923237,1065.1855479991355,75.2613185067514
1772924347,10,GET,/api/audio/levels/plugins,7.300000,0.000000,2,3,6,8,17,19,21,22,22,22,22,1259,0,2,4.475086685507132,1.0223909994238056,1004.5815230005246,19.503574265289913
1772924347,10,GET,/api/audio/status,13.700000,0.000000,2,2,4,5,12,17,24,26,31,31,31,3772,0,2,3.576947026021881,1.0313479979231488,246.06509799923515,168.0
1772924347,10,GET,/api/chains/,0.000000,0.000000,0,0,0,0,0,0,0,0,0,0,0,160,0,4,35.78325576258976,1.3513000012608245,1038.7257460024557,1448.1
1772924347,10,GET,/api/chains/{id},13.600000,0.000000,3,5,9,12,17,25,930,950,950,950,950,3772,0,3,22.070862289467943,1.204680997034302,1061.2717760013766,502.5503711558855
1772924347,10,POST,/api/chains/{id}/activate,13.700000,0.000000,3,5,6,9,21,24,30,33,34,34,34,3772,0,3,6.4801155575408815,1.1701449984684587,1069.5832089986652,53.26590668080594
1772924347,10,POST,/api/chains/{id}/deactivate,13.700000,0.000000,2,2,2,3,6,11,15,20,27,27,27,3772,0,2,4.092891111303908,1.162620999821229,1083.7654569986626,61.81442205726405
1772924347,10,POST,/api/plugins/batch/parameters (500 updates),9.800000,0.000000,5,10,14,16,19,26,39,990,990,990,990,2247,0,6,22.336725441103045,2.806248998240335,1074.2657150003652,880.6025812194036
1772924347,10,GET,/api/plugins/discover,0.000000,0.000000,0,0,0,0,0,0,0,0,0,0,0,160,0,13,18.220616150142632,10.576317999948515,58.00965399976121,85406.0
1772924347,10,GET,/api/plugins/list,0.000000,0.000000,0,0,0,0,0,0,0,0,0,0,0,160,0,2,5.07641034982953,1.080333000572864,43.401594997703796,29.4
1772924347,10,POST,/api/plugins/load?uri,7.300000,0.000000,3,4,8,11,24,32,36,56,56,56,56,1259,0,3,5.6278320381779325,1.2622550020751078,256.2621520009998,2206.4066719618745
1772924347,10,POST,/api/plugins/unload?uri,7.300000,0.000000,2,3,4,5,13,16,25,25,25,25,25,1259,0,2,3.362561248598296,1.1658449984679464,64.64023000080488,107.85226370135028
1772924347,10,,Aggregated,139.500000,0.000000,3,4,6,9,16,22,30,44,1100,1100,1100,32799,0,2,11.379359946477113,1.0178689990425482,1083.7654569986626,683.4276045001372
1772924348,10,GET,/api/audio/latency,23.000000,0.000000,2,3,4,7,14,17,28,30,44,44,44,4995,0,2,5.287677674121577,1.0178689990425482,1073.7905090027198,33.0
1772924348,10,GET,/api/audio/levels,23.000000,0.000000,3,6,8,11,16,20,23,33,39,39,39,4995,0,3,19.52485866829636,1.0466029998497106,1063.1027659983374,75.42302302302302
1772924348,10,GET,/api/audio/levels (during plugin swap),7.200000,0.000000,3,7,10,11,20,24,38,48,48,48,48,1267,0,3,28.661216404057694,1.052685001923237,1065.1855479991355,75.25730071033938
1772924348,10,GET,/api/audio/levels/plugins,7.200000,0.000000,2,3,4,8,17,19,21,22,22,22,22,1267,0,2,4.462458042663416,1.0223909994238056,1004.5815230005246,19.49960536700868
1772924348,10,GET,/api/audio/status,14.600000,0.000000,2,2,4,5,10,17,24,26,31,31,31,3790,0,2,3.575808753075066,1.0313479979231488,246.06509799923515,168.0
1772924348,10,GET,/api/chains/,0.000000,0.000000,0,0,0,0,0,0,0,0,0,0,0,160,0,4,35.78325576258976,1.3513000012608245,1038.7257460024557,1448.1
1772924348,10,GET,/api/chains/{id},14.600000,0.000000,3,5,8,11,15,20,25,27,70,70,70,3790,0,3,21.99280695405693,1.204680997034302,1061.2717760013766,502.7142480211082
1772924348,10,POST,/api/chains/{id}/activate,14.600000,0.000000,3,4,6,8,18,22,25,27,33,33,33,3790,0,3,6.466713373889928,1.1701449984684587,1069.5832089986652,53.26490765171504
1772924348,10,POST,/api/chains/{id}/deactivate,14.600000,0.000000,1,2,2,3,5,11,14,20,27,27,27,3790,0,2,4.087052053783931,1.162620999821229,1083.7654569986626,61.815303430079155
1772924348,10,POST,/api/plugins/batch/parameters (500 updates),8.800000,0.000000,5,8,13,15,18,26,34,39,39,39,39,2260,0,6,22.253581100957756,2.806248998240335,1074.2657150003652,880.6809734513274
1772924348,10,GET,/api/plugins/discover,0.000000,0.000000,0,0,0,0,0,0,0,0,0,0,0,160,0,13,18.220616150142632,10.576317999948515,58.00965399976121,85406.0
1772924348,10,GET,/api/plugins/list,0.000000,0.000000,0,0,0,0,0,0,0,0,0,0,0,160,0,2,5.07641034982953,1.080333000572864,43.401594997703796,29.4
1772924348,10,POST,/api/plugins/load?uri,7.200000,0.000000,3,4,5,9,21,32,36,56,56,56,56,1267,0,3,5.615274708022004,1.2622550020751078,256.2621520009998,2201.6819258089977
1772924348,10,POST,/api/plugins/unload?uri,7.200000,0.000000,2,3,4,5,9,14,25,25,25,25,25,1267,0,2,3.359409675603516,1.1658449984679464,64.64023000080488,107.83583267561168
1772924348,10,,Aggregated,142.000000,0.000000,2,4,6,8,15,20,26,32,56,70,70,32958,0,2,11.345561096532432,1.0178689990425482,1083.7654569986626,681.4020571636628
1772924349,10,GET,/api/audio/latency,23.000000,0.000000,2,3,4,7,14,17,28,30,44,44,44,5003,0,2,5.284918556913267,1.0178689990425482,1073.7905090027198,33.0
1772924349,10,GET,/api/audio/levels,23.000000,0.000000,3,5,8,9,15,20,23,33,39,39,39,5003,0,3,19.498480767568303,1.0466029998497106,1063.1027659983374,75.42174695182891
1772924349,10,GET,/api/audio/levels (during plugin swap),7.200000,0.000000,3,7,10,13,20,24,38,48,48,48,48,1272,0,3,28.571038459860187,1.052685001923237,1065.1855479991355,75.25864779874213
1772924349,10,GET,/api/audio/levels/plugins,7.200000,0.000000,2,3,4,8,17,19,21,22,22,22,22,1272,0,2,4.454382467023114,1.0223909994238056,1004.5815230005246,19.48820754716981
1772924349,10,GET,/api/audio/status,14.600000,0.000000,2,2,4,5,11,17,24,26,31,31,31,3796,0,2,3.576302584865281,1.0313479979231488,246.06509799923515,168.0
1772924349,10,GET,/api/chains/,0.000000,0.000000,0,0,0,0,0,0,0,0,0,0,0,160,0,4,35.78325576258976,1.3513000012608245,1038.7257460024557,1448.1
1772924349,10,GET,/api/chains/{id},14.600000,0.000000,3,5,7,11,15,20,25,27,70,70,70,3797,0,3,21.958579476396974,1.204680997034302,1061.2717760013766,502.707927311035
1772924349,10,POST,/api/chains/{id}/activate,14.600000,0.000000,3,4,6,8,18,22,27,27,33,33,33,3797,0,3,6.459649573094345,1.1701449984684587,1069.5832089986652,53.26415591256255
1772924349,10,POST,/api/chains/{id}/deactivate,14.600000,0.000000,2,2,3,3,7,11,17,20,27,27,27,3796,0,2,4.0875276316737,1.162620999821229,1083.7654569986626,61.81559536354057
1772924349,10,POST,/api/plugins/batch/parameters (500 updates),8.800000,0.000000,5,9,13,15,18,26,34,39,39,39,39,2262,0,6,22.240582080975717,2.806248998240335,1074.2657150003652,880.6706454465075
1772924349,10,GET,/api/plugins/discover,0.000000,0.000000,0,0,0,0,0,0,0,0,0,0,0,160,0,13,18.220616150142632,10.576317999948515,58.00965399976121,85406.0
1772924349,10,GET,/api/plugins/list,0.000000,0.000000,0,0,0,0,0,0,0,0,0,0,0,160,0,2,5.07641034982953,1.080333000572864,43.401594997703796,29.4
1772924349,10,POST,/api/plugins/load?uri,7.200000,0.000000,3,4,8,11,21,32,36,56,56,56,56,1272,0,3,5.6214777476917055,1.2622550020751078,256.2621520009998,2207.510220125786
1772924349,10,POST,/api/plugins/unload?uri,7.200000,0.000000,2,3,4,5,9,14,25,25,25,25,25,1272,0,2,3.353650770430295,1.1658449984679464,64.64023000080488,107.9001572327044
1772924349,10,,Aggregated,142.000000,0.000000,2,4,6,8,15,20,27,33,56,70,70,33022,0,2,11.331021826252378,1.0178689990425482,1083.7654569986626,680.9096057174005
1772924350,10,GET,/api/audio/latency,24.000000,0.000000,2,3,4,6,14,17,28,30,44,44,44,5018,0,2,5.279966411565675,1.0178689990425482,1073.7905090027198,33.0
1772924350,10,GET,/api/audio/levels,23.900000,0.000000,3,6,8,11,16,22,25,36,890,890,890,5018,0,3,19.637992483686713,1.0466029998497106,1063.1027659983374,75.42487046632124
1772924350,10,GET,/api/audio/levels (during plugin swap),7.500000,0.000000,4,8,13,17,24,28,48,890,890,890,890,1276,0,3,29.212685136314853,1.052685001923237,1065.1855479991355,75.26175548589342
1772924350,10,GET,/api/audio/levels/plugins,7.500000,0.000000,2,3,5,8,17,19,21,22,22,22,22,1276,0,2,4.458233397377159,1.0223909994238056,1004.5815230005246,19.49137931034483
1772924350,10,GET,/api/audio/status,15.300000,0.000000,2,2,4,5,12,18,26,31,1000,1000,1000,3811,0,2,3.8326245138168695,1.0277559995302,1004.4843630021205,168.0
1772924350,10,GET,/api/chains/,0.000000,0.000000,0,0,0,0,0,0,0,0,0,0,0,160,0,4,35.78325576258976,1.3513000012608245,1038.7257460024557,1448.1
1772924350,10,GET,/api/chains/{id},15.300000,0.000000,3,5,8,11,17,25,960,1000,1000,1000,1000,3811,0,3,22.899977626834062,1.204680997034302,1061.2717760013766,502.4736289687746
1772924350,10,POST,/api/chains/{id}/activate,15.300000,0.000000,3,4,6,8,19,22,28,29,33,33,33,3811,0,3,6.466253036222389,1.1701449984684587,1069.5832089986652,53.269220676987665
1772924350,10,POST,/api/chains/{id}/deactivate,15.300000,0.000000,2,2,2,3,6,14,20,27,65,65,65,3811,0,2,4.09463141638263,1.162620999821229,1083.7654569986626,61.809761217528205
1772924350,10,POST,/api/plugins/batch/parameters (500 updates),9.200000,0.000000,4,8,10,13,18,34,980,1100,1100,1100,1100,2272,0,6,23.443468438454723,2.806248998240335,1074.2657150003652,880.5347711267606
1772924350,10,GET,/api/plugins/discover,0.000000,0.000000,0,0,0,0,0,0,0,0,0,0,0,160,0,13,18.220616150142632,10.576317999948515,58.00965399976121,85406.0
1772924350,10,GET,/api/plugins/list,0.000000,0.000000,0,0,0,0,0,0,0,0,0,0,0,160,0,2,5.07641034982953,1.080333000572864,43.401594997703796,29.4
1772924350,10,POST,/api/plugins/load?uri,7.500000,0.000000,4,5,9,11,21,32,36,56,56,56,56,1276,0,3,5.637722050989373,1.2622550020751078,256.2621520009998,2205.213166144201
1772924350,10,POST,/api/plugins/unload?uri,7.500000,0.000000,2,3,4,5,9,14,25,25,25,25,25,1276,0,2,3.350083331491742,1.1658449984679464,64.64023000080488,107.90282131661442
1772924350,10,,Aggregated,148.300000,0.000000,2,4,6,8,15,22,31,48,1000,1100,1100,33136,0,2,11.598042380326271,1.0178689990425482,1083.7654569986626,679.3877655721874
1772924351,10,GET,/api/audio/latency,24.700000,0.000000,2,3,4,6,14,17,28,30,44,44,44,5048,0,2,5.265284207653657,1.0178689990425482,1073.7905090027198,33.0
1772924351,10,GET,/api/audio/levels,24.700000,0.000000,3,5,8,9,16,22,25,36,890,890,890,5048,0,3,19.557965259141362,1.0466029998497106,1063.1027659983374,75.42333597464342
1772924351,10,GET,/api/audio/levels (during plugin swap),7.400000,0.000000,4,9,13,18,24,38,48,890,890,890,890,1281,0,3,29.116671213065434,1.052685001923237,1065.1855479991355,75.25292740046838
1772924351,10,GET,/api/audio/levels/plugins,7.400000,0.000000,2,3,4,8,17,21,21,22,22,22,22,1279,0,2,4.452183651330893,1.0223909994238056,1004.5815230005246,19.508991399530885
1772924351,10,GET,/api/audio/status,15.700000,0.000000,2,3,4,6,12,17,26,31,1000,1000,1000,3826,0,2,3.829988446721171,1.0277559995302,1004.4843630021205,168.0
1772924351,10,GET,/api/chains/,0.000000,0.000000,0,0,0,0,0,0,0,0,0,0,0,160,0,4,35.78325576258976,1.3513000012608245,1038.7257460024557,1448.1
1772924351,10,GET,/api/chains/{id},15.800000,0.000000,3,5,8,12,16,25,960,1000,1000,1000,1000,3827,0,3,22.82495801903854,1.204680997034302,1061.2717760013766,502.3718317219754
1772924351,10,POST,/api/chains/{id}/activate,15.800000,0.000000,3,4,6,8,19,22,28,29,33,33,33,3826,0,3,6.456687014383807,1.1701449984684587,1069.5832089986652,53.26947203345531
1772924351,10,POST,/api/chains/{id}/deactivate,15.700000,0.000000,2,2,2,3,7,12,20,27,65,65,65,3826,0,2,4.090075244599904,1.162620999821229,1083.7654569986626,61.810507056978565
1772924351,10,POST,/api/plugins/batch/parameters (500 updates),9.400000,0.000000,5,9,11,13,28,39,980,1100,1100,1100,1100,2282,0,6,23.385455120582364,2.806248998240335,1074.2657150003652,880.5578439964943
1772924351,10,GET,/api/plugins/discover,0.000000,0.000000,0,0,0,0,0,0,0,0,0,0,0,160,0,13,18.220616150142632,10.576317999948515,58.00965399976121,85406.0
1772924351,10,GET,/api/plugins/list,0.000000,0.000000,0,0,0,0,0,0,0,0,0,0,0,160,0,2,5.07641034982953,1.080333000572864,43.401594997703796,29.4
1772924351,10,POST,/api/plugins/load?uri,7.400000,0.000000,4,5,10,11,23,35,36,56,56,56,56,1280,0,3,5.629845346925322,1.2622550020751078,256.2621520009998,2205.77109375
1772924351,10,POST,/api/plugins/unload?uri,7.400000,0.000000,2,3,4,5,9,21,25,25,25,25,25,1279,0,2,3.346774616880172,1.1658449984679464,64.64023000080488,107.8889757623143
1772924351,10,,Aggregated,151.400000,0.000000,2,4,6,8,15,22,31,48,1000,1100,1100,33282,0,2,11.566681842662435,1.0178689990425482,1083.7654569986626,677.4377441259539
1772924352,10,GET,/api/audio/latency,22.500000,0.000000,2,3,4,7,14,16,22,30,44,44,44,5071,0,2,5.266421157214477,1.0178689990425482,1073.7905090027198,33.0
1772924352,10,GET,/api/audio/levels,22.500000,0.000000,3,5,8,10,15,20,25,33,890,890,890,5072,0,3,19.489329066272656,1.0466029998497106,1063.1027659983374,75.4221214511041
1772924352,10,GET,/api/audio/levels (during plugin swap),6.700000,0.000000,3,7,10,13,20,28,28,890,890,890,890,1288,0,3,28.967438784886937,1.052685001923237,1065.1855479991355,75.25077639751552
1772924352,10,GET,/api/audio/levels/plugins,6.600000,0.000000,2,3,5,6,15,21,21,22,22,22,22,1288,0,2,4.455374993831243,1.0223909994238056,1004.5815230005246,19.500776397515526
1772924352,10,GET,/api/audio/status,15.200000,0.000000,2,2,4,6,12,20,31,50,1000,1000,1000,3843,0,2,3.852098732542848,1.0277559995302,1004.4843630021205,168.0
1772924352,10,GET,/api/chains/,0.000000,0.000000,0,0,0,0,0,0,0,0,0,0,0,160,0,4,35.78325576258976,1.3513000012608245,1038.7257460024557,1448.1
1772924352,10,GET,/api/chains/{id},15.200000,0.000000,3,5,8,12,16,23,960,1000,1000,1000,1000,3843,0,3,22.76468803170988,1.204680997034302,1061.2717760013766,502.1831902159771
1772924352,10,POST,/api/chains/{id}/activate,15.200000,0.000000,3,4,7,9,15,21,27,28,29,29,29,3843,0,3,6.463660176955541,1.1701449984684587,1069.5832089986652,53.26671870934166
1772924352,10,POST,/api/chains/{id}/deactivate,15.200000,0.000000,2,2,3,3,10,14,26,27,65,65,65,3843,0,2,4.095874204485214,1.162620999821229,1083.7654569986626,61.804839968774395
1772924352,10,POST,/api/plugins/batch/parameters (500 updates),9.100000,0.000000,5,9,10,13,19,34,980,1100,1100,1100,1100,2287,0,6,23.348348402348407,2.806248998240335,1074.2657150003652,880.5360734586795
1772924352,10,GET,/api/plugins/discover,0.000000,0.000000,0,0,0,0,0,0,0,0,0,0,0,160,0,13,18.220616150142632,10.576317999948515,58.00965399976121,85406.0
1772924352,10,GET,/api/plugins/list,0.000000,0.000000,0,0,0,0,0,0,0,0,0,0,0,160,0,2,5.07641034982953,1.080333000572864,43.401594997703796,29.4
1772924352,10,POST,/api/plugins/load?uri,6.700000,0.000000,3,4,7,10,17,35,36,56,56,56,56,1288,0,3,5.616980585451213,1.2622550020751078,256.2621520009998,2197.535714285714
1772924352,10,POST,/api/plugins/unload?uri,6.600000,0.000000,2,4,5,7,11,21,25,25,25,25,25,1288,0,2,3.362060669243072,1.1658449984679464,64.64023000080488,107.88354037267081
1772924352,10,,Aggregated,141.500000,0.000000,2,4,6,8,15,21,28,50,1000,1100,1100,33434,0,2,11.5418020014502,1.0178689990425482,1083.7654569986626,675.1864569001615
1772924353,10,GET,/api/audio/latency,23.100000,0.000000,2,3,5,8,15,16,22,30,44,44,44,5094,0,2,5.271420691642589,1.0178689990425482,1073.7905090027198,33.0
1772924353,10,GET,/api/audio/levels,23.100000,0.000000,3,5,8,11,15,19,25,33,890,890,890,5095,0,3,19.429339460085743,1.0466029998497106,1063.1027659983374,75.42139352306182
1772924353,10,GET,/api/audio/levels (during plugin swap),6.700000,0.000000,3,6,9,10,20,28,28,890,890,890,890,1292,0,3,28.90129408276234,1.052685001923237,1065.1855479991355,75.25386996904025
1772924353,10,GET,/api/audio/levels/plugins,6.700000,0.000000,2,4,5,6,15,21,21,22,22,22,22,1292,0,2,4.449200992300347,1.0223909994238056,1004.5815230005246,19.50386996904025
1772924353,10,GET,/api/audio/status,15.100000,0.000000,2,2,4,6,12,24,31,50,1000,1000,1000,3855,0,2,3.843952036877501,1.0277559995302,1004.4843630021205,168.0
1772924353,10,GET,/api/chains/,0.000000,0.000000,0,0,0,0,0,0,0,0,0,0,0,160,0,4,35.78325576258976,1.3513000012608245,1038.7257460024557,1448.1
1772924353,10,GET,/api/chains/{id},15.100000,0.000000,3,6,10,12,16,23,960,1000,1000,1000,1000,3855,0,3,22.709581658591265,1.204680997034302,1061.2717760013766,501.9110246433204
1772924353,10,POST,/api/chains/{id}/activate,15.100000,0.000000,3,4,7,9,18,21,27,28,29,29,29,3855,0,3,6.455516495731372,1.1701449984684587,1069.5832089986652,53.261738002594036
1772924353,10,POST,/api/chains/{id}/deactivate,15.100000,0.000000,2,2,3,3,11,14,26,27,65,65,65,3855,0,2,4.087210881410582,1.162620999821229,1083.7654569986626,61.80544747081712
1772924353,10,POST,/api/plugins/batch/parameters (500 updates),8.800000,0.000000,5,8,10,12,19,33,980,1100,1100,1100,1100,2305,0,6,23.217124285976215,2.806248998240335,1074.2657150003652,880.6125813449024
1772924353,10,GET,/api/plugins/discover,0.000000,0.000000,0,0,0,0,0,0,0,0,0,0,0,160,0,13,18.220616150142632,10.576317999948515,58.00965399976121,85406.0
1772924353,10,GET,/api/plugins/list,0.000000,0.000000,0,0,0,0,0,0,0,0,0,0,0,160,0,2,5.07641034982953,1.080333000572864,43.401594997703796,29.4
1772924353,10,POST,/api/plugins/load?uri,6.700000,0.000000,3,4,7,10,17,35,36,56,56,56,56,1292,0,3,5.610479834413634,1.2622550020751078,256.2621520009998,2196.7933436532508
1772924353,10,POST,/api/plugins/unload?uri,6.700000,0.000000,2,4,5,6,11,21,25,25,25,25,25,1292,0,2,3.3625443413211964,1.1658449984679464,64.64023000080488,107.88003095975232
1772924353,10,,Aggregated,142.200000,0.000000,2,4,7,9,15,21,28,50,1000,1100,1100,33562,0,2,11.51604467852019,1.0178689990425482,1083.7654569986626,673.6696859543531
1772924354,10,GET,/api/audio/latency,23.200000,0.000000,2,3,4,8,14,16,22,30,44,44,44,5119,0,2,5.266623726550972,1.0178689990425482,1073.7905090027198,33.0
1772924354,10,GET,/api/audio/levels,23.200000,0.000000,3,5,8,11,15,20,24,25,890,890,890,5119,0,3,19.378161274493916,1.0466029998497106,1063.1027659983374,75.43035749169759
1772924354,10,GET,/api/audio/levels (during plugin swap),6.100000,0.000000,2,4,9,13,18,28,890,890,890,890,890,1296,0,3,28.829043353335905,1.052685001923237,1065.1855479991355,75.25694444444444
1772924354,10,GET,/api/audio/levels/plugins,6.100000,0.000000,2,3,4,5,13,15,22,22,22,22,22,1296,0,2,4.441572925967239,1.0223909994238056,1004.5815230005246,19.506944444444443
1772924354,10,GET,/api/audio/status,15.500000,0.000000,2,2,3,4,11,20,31,50,1000,1000,1000,3872,0,2,3.837622095340318,1.0277559995302,1004.4843630021205,168.0
1772924354,10,GET,/api/chains/,0.000000,0.000000,0,0,0,0,0,0,0,0,0,0,0,160,0,4,35.78325576258976,1.3513000012608245,1038.7257460024557,1448.1
1772924354,10,GET,/api/chains/{id},15.400000,0.000000,3,6,10,12,16,22,960,1000,1000,1000,1000,3872,0,3,22.63491653018414,1.204680997034302,1061.2717760013766,501.85588842975204
1772924354,10,POST,/api/chains/{id}/activate,15.400000,0.000000,3,4,7,9,15,21,27,28,29,29,29,3872,0,3,6.452009364419955,1.1701449984684587,1069.5832089986652,53.25903925619835
1772924354,10,POST,/api/chains/{id}/deactivate,15.500000,0.000000,1,2,2,3,7,14,26,27,65,65,65,3872,0,2,4.075727012095816,1.162620999821229,1083.7654569986626,61.806301652892564
1772924354,10,POST,/api/plugins/batch/parameters (500 updates),8.300000,0.000000,5,8,10,13,19,34,980,1100,1100,1100,1100,2317,0,6,23.14656829485491,2.806248998240335,1074.2657150003652,880.5144583513163
1772924354,10,GET,/api/plugins/discover,0.000000,0.000000,0,0,0,0,0,0,0,0,0,0,0,160,0,13,18.220616150142632,10.576317999948515,58.00965399976121,85406.0
1772924354,10,GET,/api/plugins/list,0.000000,0.000000,0,0,0,0,0,0,0,0,0,0,0,160,0,2,5.07641034982953,1.080333000572864,43.401594997703796,29.4
1772924354,10,POST,/api/plugins/load?uri,6.100000,0.000000,3,4,6,10,14,21,36,36,36,36,36,1296,0,3,5.607885996964179,1.2622550020751078,256.2621520009998,2194.804783950617
1772924354,10,POST,/api/plugins/unload?uri,6.100000,0.000000,2,3,3,5,9,10,14,14,14,14,14,1296,0,2,3.357443193661109,1.1658449984679464,64.64023000080488,107.87808641975309
1772924354,10,,Aggregated,140.900000,0.000000,2,4,6,8,14,20,28,44,1000,1100,1100,33707,0,2,11.488502342494591,1.0178689990425482,1083.7654569986626,671.7558073990566
1772924355,10,GET,/api/audio/latency,22.500000,0.000000,2,3,4,8,15,20,27,30,44,44,44,5139,0,2,5.274157551121053,1.0178689990425482,1073.7905090027198,33.0
1772924355,10,GET,/api/audio/levels,22.500000,0.000000,3,6,10,12,17,23,40,100,890,890,890,5139,0,3,19.358003435712273,1.0466029998497106,1063.1027659983374,75.43354738275929
1772924355,10,GET,/api/audio/levels (during plugin swap),6.300000,0.000000,2,4,7,9,17,28,28,890,890,890,890,1305,0,3,28.64637003442245,1.052685001923237,1065.1855479991355,75.24137931034483
1772924355,10,GET,/api/audio/levels/plugins,6.300000,0.000000,2,3,4,6,12,17,21,22,22,22,22,1305,0,2,4.447059220733867,1.0223909994238056,1004.5815230005246,19.498850574712645
1772924355,10,GET,/api/audio/status,15.000000,0.000000,2,2,3,3,11,20,31,50,1000,1000,1000,3888,0,2,3.8323822688153646,1.0277559995302,1004.4843630021205,168.0
1772924355,10,GET,/api/chains/,0.000000,0.000000,0,0,0,0,0,0,0,0,0,0,0,160,0,4,35.78325576258976,1.3513000012608245,1038.7257460024557,1448.1
1772924355,10,GET,/api/chains/{id},15.000000,0.000000,3,6,8,11,15,23,960,1000,1000,1000,1000,3888,0,3,22.55969625768535,1.204680997034302,1061.2717760013766,501.8454218106996
1772924355,10,POST,/api/chains/{id}/activate,15.000000,0.000000,3,4,6,9,15,21,28,29,30,30,30,3888,0,3,6.445788942652899,1.1701449984684587,1069.5832089986652,53.254629629629626
1772924355,10,POST,/api/chains/{id}/deactivate,15.000000,0.000000,1,2,2,3,7,14,26,27,65,65,65,3888,0,2,4.068549143477021,1.162620999821229,1083.7654569986626,61.8070987654321
1772924355,10,POST,/api/plugins/batch/parameters (500 updates),8.800000,0.000000,5,9,13,15,25,41,980,1100,1100,1100,1100,2331,0,6,23.12968937888328,2.806248998240335,1074.2657150003652,880.5722865722865
1772924355,10,GET,/api/plugins/discover,0.000000,0.000000,0,0,0,0,0,0,0,0,0,0,0,160,0,13,18.220616150142632,10.576317999948515,58.00965399976121,85406.0
1772924355,10,GET,/api/plugins/list,0.000000,0.000000,0,0,0,0,0,0,0,0,0,0,0,160,0,2,5.07641034982953,1.080333000572864,43.401594997703796,29.4
1772924355,10,POST,/api/plugins/load?uri,6.300000,0.000000,3,4,6,7,14,21,35,36,36,36,36,1305,0,3,5.597216036830074,1.2622550020751078,256.2621520009998,2200.8390804597702
1772924355,10,POST,/api/plugins/unload?uri,6.300000,0.000000,2,3,4,6,10,11,14,22,22,22,22,1305,0,2,3.3772583892578982,1.1658449984679464,64.64023000080488,107.8904214559387
1772924355,10,,Aggregated,139.000000,0.000000,2,4,6,9,15,21,30,65,1000,1100,1100,33861,0,2,11.468757228358756,1.0178689990425482,1083.7654569986626,670.3718437140072
1772924356,10,GET,/api/audio/latency,22.000000,0.000000,2,3,5,9,14,16,21,26,27,27,27,5164,0,2,5.2697133950819826,1.0178689990425482,1073.7905090027198,33.0
1772924356,10,GET,/api/audio/levels,22.000000,0.000000,3,5,10,11,17,23,45,100,890,890,890,5164,0,3,19.293587547470608,1.0466029998497106,1063.1027659983374,75.43435321456235
1772924356,10,GET,/api/audio/levels (during plugin swap),6.000000,0.000000,2,3,4,7,17,28,28,890,890,890,890,1314,0,3,28.470201490048375,1.052685001923237,1065.1855479991355,75.23592085235921
1772924356,10,GET,/api/audio/levels/plugins,6.100000,0.000000,2,3,4,5,12,14,16,17,17,17,17,1314,0,2,4.450643748141803,1.0223909994238056,1004.5815230005246,19.490867579908677
1772924356,10,GET,/api/audio/status,15.000000,0.000000,2,2,3,3,8,17,28,50,1000,1000,1000,3906,0,2,3.834203767574026,1.0277559995302,1004.4843630021205,168.0
1772924356,10,GET,/api/chains/,0.000000,0.000000,0,0,0,0,0,0,0,0,0,0,0,160,0,4,35.78325576258976,1.3513000012608245,1038.7257460024557,1448.1
1772924356,10,GET,/api/chains/{id},15.000000,0.000000,3,5,9,11,15,22,960,1000,1000,1000,1000,3906,0,3,22.477849092387387,1.204680997034302,1061.2717760013766,501.8773681515617
1772924356,10,POST,/api/chains/{id}/activate,15.000000,0.000000,3,4,6,8,15,19,28,29,30,30,30,3906,0,3,6.441270494886603,1.1701449984684587,1069.5832089986652,53.24731182795699
1772924356,10,POST,/api/chains/{id}/deactivate,15.000000,0.000000,1,2,2,3,4,12,17,26,65,65,65,3906,0,2,4.05903498920939,1.162620999821229,1083.7654569986626,61.80798771121352
1772924356,10,POST,/api/plugins/batch/parameters (500 updates),9.200000,0.000000,5,9,13,17,25,41,980,1100,1100,1100,1100,2342,0,6,23.06904194883952,2.806248998240335,1074.2657150003652,880.4188727583262
1772924356,10,GET,/api/plugins/discover,0.000000,0.000000,0,0,0,0,0,0,0,0,0,0,0,160,0,13,18.220616150142632,10.576317999948515,58.00965399976121,85406.0
1772924356,10,GET,/api/plugins/list,0.000000,0.000000,0,0,0,0,0,0,0,0,0,0,0,160,0,2,5.07641034982953,1.080333000572864,43.401594997703796,29.4
1772924356,10,POST,/api/plugins/load?uri,6.100000,0.000000,3,4,4,6,11,17,17,21,21,21,21,1314,0,3,5.587401876000458,1.2622550020751078,256.2621520009998,2204.733637747336
1772924356,10,POST,/api/plugins/unload?uri,6.100000,0.000000,2,3,4,5,10,14,18,22,22,22,22,1314,0,2,3.3813647929862705,1.1658449984679464,64.64023000080488,107.89041095890411
1772924356,10,,Aggregated,137.500000,0.000000,2,4,6,8,14,19,28,65,1000,1100,1100,34030,0,2,11.435716991226945,1.0178689990425482,1083.7654569986626,668.6001175433441
1772924357,10,GET,/api/audio/latency,21.900000,0.000000,2,3,4,8,15,16,21,26,27,27,27,5185,0,2,5.262968003128872,1.0178689990425482,1073.7905090027198,33.0
1772924357,10,GET,/api/audio/levels,21.900000,0.000000,3,6,11,12,17,23,45,100,890,890,890,5185,0,3,19.240083776112495,1.0466029998497106,1063.1027659983374,75.43201542912247
1772924357,10,GET,/api/audio/levels (during plugin swap),5.800000,0.000000,2,3,5,7,14,20,28,890,890,890,890,1318,0,3,28.389870870202447,1.052685001923237,1065.1855479991355,75.22913505311078
1772924357,10,GET,/api/audio/levels/plugins,5.800000,0.000000,2,3,4,6,12,14,16,17,17,17,17,1318,0,2,4.446884303537271,1.0223909994238056,1004.5815230005246,19.484066767830047
1772924357,10,GET,/api/audio/status,15.200000,0.000000,2,2,3,3,8,17,28,50,1000,1000,1000,3928,0,2,3.8332998572156542,1.0277559995302,1004.4843630021205,168.0
1772924357,10,GET,/api/chains/,0.000000,0.000000,0,0,0,0,0,0,0,0,0,0,0,160,0,4,35.78325576258976,1.3513000012608245,1038.7257460024557,1448.1
1772924357,10,GET,/api/chains/{id},15.200000,0.000000,3,5,8,11,14,17,960,1000,1000,1000,1000,3928,0,3,22.380857843906213,1.204680997034302,1061.2717760013766,501.86354378818737
1772924357,10,POST,/api/chains/{id}/activate,15.200000,0.000000,3,4,6,8,15,21,28,29,30,30,30,3928,0,3,6.433107758916749,1.1701449984684587,1069.5832089986652,53.26603869653768
1772924357,10,POST,/api/chains/{id}/deactivate,15.200000,0.000000,2,2,3,3,4,12,17,26,65,65,65,3928,0,2,4.053968760399214,1.162620999821229,1083.7654569986626,61.80269857433809
1772924357,10,POST,/api/plugins/batch/parameters (500 updates),9.700000,0.000000,5,11,16,17,24,41,980,1100,1100,1100,1100,2357,0,6,22.986412080686524,2.806248998240335,1074.2657150003652,880.5057276198557
1772924357,10,GET,/api/plugins/discover,0.000000,0.000000,0,0,0,0,0,0,0,0,0,0,0,160,0,13,18.220616150142632,10.576317999948515,58.00965399976121,85406.0
1772924357,10,GET,/api/plugins/list,0.000000,0.000000,0,0,0,0,0,0,0,0,0,0,0,160,0,2,5.07641034982953,1.080333000572864,43.401594997703796,29.4
1772924357,10,POST,/api/plugins/load?uri,5.800000,0.000000,3,4,5,6,11,17,17,21,21,21,21,1318,0,3,5.5766862238719686,1.2622550020751078,256.2621520009998,2206.814871016692
1772924357,10,POST,/api/plugins/unload?uri,5.800000,0.000000,2,2,5,6,10,14,18,22,22,22,22,1318,0,2,3.381107948393291,1.1658449984679464,64.64023000080488,107.90364188163885
1772924357,10,,Aggregated,137.500000,0.000000,2,4,6,8,15,19,28,65,1000,1100,1100,34191,0,2,11.40439899293584,1.0178689990425482,1083.7654569986626,666.7771343335966
1772924358,10,GET,/api/audio/latency,22.200000,0.000000,2,3,4,7,15,17,22,27,52,52,52,5206,0,2,5.269249975455675,1.0178689990425482,1073.7905090027198,33.0
1772924358,10,GET,/api/audio/levels,22.200000,0.000000,3,7,11,13,17,23,40,46,890,890,890,5206,0,3,19.187506645244508,1.0466029998497106,1063.1027659983374,75.43219362274299
1772924358,10,GET,/api/audio/levels (during plugin swap),5.800000,0.000000,2,3,4,5,14,18,28,890,890,890,890,1326,0,3,28.24355583478562,1.052685001923237,1065.1855479991355,75.2156862745098
1772924358,10,GET,/api/audio/levels/plugins,5.800000,0.000000,2,3,4,6,13,16,17,19,19,19,19,1326,0,2,4.442540964601886,1.0223909994238056,1004.5815230005246,19.480392156862745
1772924358,10,GET,/api/audio/status,14.400000,0.000000,2,2,3,3,8,17,28,50,1000,1000,1000,3948,0,2,3.8313880099181414,1.0277559995302,1004.4843630021205,168.0
1772924358,10,GET,/api/chains/,0.000000,0.000000,0,0,0,0,0,0,0,0,0,0,0,160,0,4,35.78325576258976,1.3513000012608245,1038.7257460024557,1448.1
1772924358,10,GET,/api/chains/{id},14.400000,0.000000,3,6,10,12,15,21,890,1000,1000,1000,1000,3948,0,3,22.31102871653195,1.204680997034302,1061.2717760013766,502.15146909827763
1772924358,10,POST,/api/chains/{id}/activate,14.400000,0.000000,3,4,6,7,15,22,28,29,30,30,30,3948,0,3,6.424704339926426,1.1701449984684587,1069.5832089986652,53.26849037487335
1772924358,10,POST,/api/chains/{id}/deactivate,14.400000,0.000000,2,2,3,3,4,11,13,26,65,65,65,3948,0,2,4.046461666880629,1.162620999821229,1083.7654569986626,61.80369807497467
1772924358,10,POST,/api/plugins/batch/parameters (500 updates),10.400000,0.000000,5,12,16,17,24,29,890,980,1100,1100,1100,2368,0,6,22.92840187845046,2.806248998240335,1074.2657150003652,880.5536317567568
1772924358,10,GET,/api/plugins/discover,0.000000,0.000000,0,0,0,0,0,0,0,0,0,0,0,160,0,13,18.220616150142632,10.576317999948515,58.00965399976121,85406.0
1772924358,10,GET,/api/plugins/list,0.000000,0.000000,0,0,0,0,0,0,0,0,0,0,0,160,0,2,5.07641034982953,1.080333000572864,43.401594997703796,29.4
1772924358,10,POST,/api/plugins/load?uri,5.800000,0.000000,2,3,4,5,11,17,21,54,54,54,54,1326,0,3,5.594292476670521,1.2622550020751078,256.2621520009998,2203.182503770739
1772924358,10,POST,/api/plugins/unload?uri,5.800000,0.000000,2,3,5,7,10,18,22,28,28,28,28,1326,0,2,3.39910784614033,1.1658449984679464,64.64023000080488,107.90723981900453
1772924358,10,,Aggregated,135.600000,0.000000,2,4,6,9,15,20,28,54,1000,1100,1100,34356,0,2,11.377535615103055,1.0178689990425482,1083.7654569986626,664.8371172429852
1772924359,10,GET,/api/audio/latency,20.900000,0.000000,2,3,4,6,14,16,21,27,52,52,52,5230,0,2,5.258139503292159,1.0178689990425482,1073.7905090027198,33.0
1772924359,10,GET,/api/audio/levels,20.900000,0.000000,3,6,11,12,17,22,28,45,100,100,100,5230,0,3,19.12605797956852,1.0466029998497106,1063.1027659983374,75.43346080305928
1772924359,10,GET,/api/audio/levels (during plugin swap),6.100000,0.000000,2,3,4,5,13,17,18,28,28,28,28,1331,0,3,28.154627428197053,1.052685001923237,1065.1855479991355,75.21712997746056
1772924359,10,GET,/api/audio/levels/plugins,6.100000,0.000000,2,3,3,6,13,16,17,19,19,19,19,1331,0,2,4.433792951964472,1.0223909994238056,1004.5815230005246,19.479338842975206
1772924359,10,GET,/api/audio/status,15.600000,0.000000,2,2,3,3,8,17,20,28,50,50,50,3962,0,2,3.8264285111464797,1.0277559995302,1004.4843630021205,168.0
1772924359,10,GET,/api/chains/,0.000000,0.000000,0,0,0,0,0,0,0,0,0,0,0,160,0,4,35.78325576258976,1.3513000012608245,1038.7257460024557,1448.1
1772924359,10,GET,/api/chains/{id},15.600000,0.000000,3,6,10,11,14,17,22,25,35,35,35,3963,0,3,22.24833102267611,1.204680997034302,1061.2717760013766,502.0126167045168
1772924359,10,POST,/api/chains/{id}/activate,15.600000,0.000000,3,4,5,6,14,18,24,29,30,30,30,3963,0,3,6.4117219856240455,1.1701449984684587,1069.5832089986652,53.26242745394903
1772924359,10,POST,/api/chains/{id}/deactivate,15.600000,0.000000,2,2,2,3,4,9,12,14,26,26,26,3962,0,2,4.038614089561582,1.162620999821229,1083.7654569986626,61.80439172135285
1772924359,10,POST,/api/plugins/batch/parameters (500 updates),10.900000,0.000000,5,8,13,16,21,25,29,41,100,100,100,2384,0,6,22.810004515174157,2.806248998240335,1074.2657150003652,880.5834731543624
1772924359,10,GET,/api/plugins/discover,0.000000,0.000000,0,0,0,0,0,0,0,0,0,0,0,160,0,13,18.220616150142632,10.576317999948515,58.00965399976121,85406.0
1772924359,10,GET,/api/plugins/list,0.000000,0.000000,0,0,0,0,0,0,0,0,0,0,0,160,0,2,5.07641034982953,1.080333000572864,43.401594997703796,29.4
1772924359,10,POST,/api/plugins/load?uri,6.100000,0.000000,2,3,4,4,11,17,17,54,54,54,54,1331,0,3,5.594562209669888,1.2622550020751078,256.2621520009998,2207.6821938392186
1772924359,10,POST,/api/plugins/unload?uri,6.100000,0.000000,2,3,5,7,10,18,22,28,28,28,28,1331,0,2,3.3995753666258093,1.1658449984679464,64.64023000080488,107.92561983471074
1772924359,10,,Aggregated,139.500000,0.000000,2,4,5,8,14,18,25,28,100,100,100,34498,0,2,11.34699757254017,1.0178689990425482,1083.7654569986626,663.427821902719
1772924360,10,GET,/api/audio/latency,20.900000,0.000000,2,3,4,8,15,17,26,31,52,52,52,5234,0,2,5.258374268669564,1.0178689990425482,1073.7905090027198,33.0
1772924360,10,GET,/api/audio/levels,20.900000,0.000000,3,6,11,12,16,21,40,46,100,100,100,5235,0,3,19.111285116932542,1.0466029998497106,1063.1027659983374,75.43610315186247
1772924360,10,GET,/api/audio/levels (during plugin swap),6.100000,0.000000,2,3,4,4,8,14,14,17,17,17,17,1332,0,3,28.137784183131046,1.052685001923237,1065.1855479991355,75.21546546546547
1772924360,10,GET,/api/audio/levels/plugins,6.100000,0.000000,2,3,4,6,12,16,17,19,19,19,19,1331,0,2,4.433792951964472,1.0223909994238056,1004.5815230005246,19.479338842975206
1772924360,10,GET,/api/audio/status,15.600000,0.000000,2,2,3,3,10,17,28,28,50,50,50,3968,0,2,3.826911400495654,1.0277559995302,1004.4843630021205,168.0
1772924360,10,GET,/api/chains/,0.000000,0.000000,0,0,0,0,0,0,0,0,0,0,0,160,0,4,35.78325576258976,1.3513000012608245,1038.7257460024557,1448.1
1772924360,10,GET,/api/chains/{id},15.600000,0.000000,3,6,11,12,15,17,22,25,35,35,35,3968,0,3,22.228544795582145,1.204680997034302,1061.2717760013766,501.92389112903226
1772924360,10,POST,/api/chains/{id}/activate,15.600000,0.000000,3,4,5,7,14,19,25,29,30,30,30,3968,0,3,6.410722460187909,1.1701449984684587,1069.5832089986652,53.258316532258064
1772924360,10,POST,/api/chains/{id}/deactivate,15.600000,0.000000,2,2,2,3,4,9,14,16,26,26,26,3968,0,2,4.0385187348398,1.162620999821229,1083.7654569986626,61.8046875
1772924360,10,POST,/api/plugins/batch/parameters (500 updates),10.900000,0.000000,5,9,15,17,22,25,29,41,100,100,100,2389,0,6,22.788395407774736,2.806248998240335,1074.2657150003652,880.6094600251151
1772924360,10,GET,/api/plugins/discover,0.000000,0.000000,0,0,0,0,0,0,0,0,0,0,0,160,0,13,18.220616150142632,10.576317999948515,58.00965399976121,85406.0
1772924360,10,GET,/api/plugins/list,0.000000,0.000000,0,0,0,0,0,0,0,0,0,0,0,160,0,2,5.07641034982953,1.080333000572864,43.401594997703796,29.4
1772924360,10,POST,/api/plugins/load?uri,6.100000,0.000000,2,3,4,5,11,17,17,54,54,54,54,1332,0,3,5.597568209511908,1.2622550020751078,256.2621520009998,2206.551051051051
1772924360,10,POST,/api/plugins/unload?uri,6.100000,0.000000,2,3,7,8,10,18,22,28,28,28,28,1331,0,2,3.3995753666258093,1.1658449984679464,64.64023000080488,107.92561983471074
1772924360,10,,Aggregated,139.500000,0.000000,2,4,6,8,15,19,25,29,100,100,100,34536,0,2,11.341109919142157,1.0178689990425482,1083.7654569986626,662.9743745656706
1772924361,10,GET,/api/audio/latency,22.000000,0.000000,2,3,5,11,16,21,28,52,1100,1100,1100,5251,0,2,5.468574928247112,1.0178689990425482,1079.284406001534,33.0
1772924361,10,GET,/api/audio/levels,22.000000,0.000000,3,7,11,13,18,23,100,930,1000,1000,1000,5251,0,3,19.59350033196377,1.0466029998497106,1063.1027659983374,75.44105884593411
1772924361,10,GET,/api/audio/levels (during plugin swap),5.600000,0.000000,2,3,5,7,14,910,1000,1100,1100,1100,1100,1337,0,3,30.281561388128452,1.052685001923237,1065.1855479991355,75.24607329842932
1772924361,10,GET,/api/audio/levels/plugins,5.600000,0.000000,2,3,3,4,12,17,19,1100,1100,1100,1100,1337,0,2,5.220658005283449,1.0223909994238056,1062.972121002531,19.474195961106957
1772924361,10,GET,/api/audio/status,16.300000,0.000000,2,2,3,3,6,13,17,19,28,28,28,3979,0,2,3.823668871115773,1.0277559995302,1004.4843630021205,168.0
1772924361,10,GET,/api/chains/,0.000000,0.000000,0,0,0,0,0,0,0,0,0,0,0,160,0,4,35.78325576258976,1.3513000012608245,1038.7257460024557,1448.1
1772924361,10,GET,/api/chains/{id},16.200000,0.000000,3,4,9,11,15,17,25,35,1100,1100,1100,3979,0,3,22.441973692353873,1.204680997034302,1061.2717760013766,501.87408896707717
1772924361,10,POST,/api/chains/{id}/activate,16.200000,0.000000,3,4,4,6,13,20,27,29,30,30,30,3979,0,3,6.41012125509589,1.1701449984684587,1069.5832089986652,53.25182206584569
1772924361,10,POST,/api/chains/{id}/deactivate,16.300000,0.000000,1,2,2,3,3,7,13,16,26,26,26,3979,0,2,4.034798181163362,1.162620999821229,1083.7654569986626,61.805227444081424
1772924361,10,POST,/api/plugins/batch/parameters (500 updates),11.800000,0.000000,5,9,14,17,22,26,41,100,1000,1000,1000,2405,0,6,23.112453944772227,2.806248998240335,1074.2657150003652,880.71683991684
1772924361,10,GET,/api/plugins/discover,0.000000,0.000000,0,0,0,0,0,0,0,0,0,0,0,160,0,13,18.220616150142632,10.576317999948515,58.00965399976121,85406.0
1772924361,10,GET,/api/plugins/list,0.000000,0.000000,0,0,0,0,0,0,0,0,0,0,0,160,0,2,5.07641034982953,1.080333000572864,43.401594997703796,29.4
1772924361,10,POST,/api/plugins/load?uri,5.600000,0.000000,2,3,4,7,17,26,27,54,54,54,54,1337,0,3,5.651703115981864,1.2622550020751078,256.2621520009998,2208.4098728496633
1772924361,10,POST,/api/plugins/unload?uri,5.600000,0.000000,2,3,5,7,13,22,24,28,28,28,28,1337,0,2,3.414922808509108,1.1658449984679464,64.64023000080488,107.95587135377711
1772924361,10,,Aggregated,143.200000,0.000000,2,4,5,8,15,20,28,54,1100,1100,1100,34651,0,2,11.610029334723738,1.0178689990425482,1083.7654569986626,661.9079103056189
1772924362,10,GET,/api/audio/latency,22.400000,0.000000,2,3,4,5,15,20,28,52,1100,1100,1100,5278,0,2,5.454917888256915,1.0178689990425482,1079.284406001534,33.0
1772924362,10,GET,/api/audio/levels,22.500000,0.000000,3,5,11,13,20,23,100,930,1000,1000,1000,5279,0,3,19.514267233594815,1.0466029998497106,1063.1027659983374,75.43796173517711
1772924362,10,GET,/api/audio/levels (during plugin swap),5.800000,0.000000,2,3,7,8,14,910,1100,1100,1100,1100,1100,1339,0,3,30.244034229966484,1.052685001923237,1065.1855479991355,75.24271844660194
1772924362,10,GET,/api/audio/levels/plugins,5.800000,0.000000,2,3,3,4,14,17,1100,1100,1100,1100,1100,1339,0,2,5.215193889518391,1.0223909994238056,1062.972121002531,19.475728155339805
1772924362,10,GET,/api/audio/status,16.000000,0.000000,2,2,3,3,6,12,17,19,28,28,28,3994,0,2,3.8179982954853338,1.0277559995302,1004.4843630021205,168.0
1772924362,10,GET,/api/chains/,0.000000,0.000000,0,0,0,0,0,0,0,0,0,0,0,160,0,4,35.78325576258976,1.3513000012608245,1038.7257460024557,1448.1
1772924362,10,GET,/api/chains/{id},16.000000,0.000000,3,4,9,11,15,17,25,35,1100,1100,1100,3994,0,3,22.37804388730042,1.204680997034302,1061.2717760013766,501.90711066599897
1772924362,10,POST,/api/chains/{id}/activate,16.000000,0.000000,3,4,5,5,13,19,27,29,30,30,30,3994,0,3,6.399922783931016,1.1701449984684587,1069.5832089986652,53.23960941412118
1772924362,10,POST,/api/chains/{id}/deactivate,16.000000,0.000000,1,2,2,3,3,6,13,13,16,16,16,3994,0,2,4.027366242826202,1.162620999821229,1083.7654569986626,61.80595893840761
1772924362,10,POST,/api/plugins/batch/parameters (500 updates),12.100000,0.000000,5,9,15,17,24,25,41,100,1000,1000,1000,2424,0,6,22.987509053702357,2.806248998240335,1074.2657150003652,880.7405115511551
1772924362,10,GET,/api/plugins/discover,0.000000,0.000000,0,0,0,0,0,0,0,0,0,0,0,160,0,13,18.220616150142632,10.576317999948515,58.00965399976121,85406.0
1772924362,10,GET,/api/plugins/list,0.000000,0.000000,0,0,0,0,0,0,0,0,0,0,0,160,0,2,5.07641034982953,1.080333000572864,43.401594997703796,29.4
1772924362,10,POST,/api/plugins/load?uri,5.800000,0.000000,3,4,5,10,19,26,54,54,54,54,54,1339,0,3,5.650759866367412,1.2622550020751078,256.2621520009998,2211.776699029126
1772924362,10,POST,/api/plugins/unload?uri,5.800000,0.000000,2,3,5,7,13,22,28,28,28,28,28,1339,0,2,3.411868786391003,1.1658449984679464,64.64023000080488,107.97535474234503
1772924362,10,,Aggregated,144.200000,0.000000,2,3,5,8,15,20,28,54,1100,1100,1100,34793,0,2,11.579047265757492,1.0178689990425482,1083.7654569986626,660.3846463369068
1772924363,10,GET,/api/audio/latency,20.100000,0.000000,2,3,4,5,16,21,28,52,1100,1100,1100,5304,0,2,5.463521475720995,1.0178689990425482,1079.284406001534,33.0
1772924363,10,GET,/api/audio/levels,20.100000,0.000000,3,5,10,13,20,28,100,930,1000,1000,1000,5304,0,3,19.473714037923628,1.0466029998497106,1063.1027659983374,75.43137254901961
1772924363,10,GET,/api/audio/levels (during plugin swap),5.700000,0.000000,2,3,6,7,11,910,1100,1100,1100,1100,1100,1345,0,3,30.12445774343465,1.052685001923237,1065.1855479991355,75.26171003717472
1772924363,10,GET,/api/audio/levels/plugins,5.700000,0.000000,2,3,4,8,14,17,1100,1100,1100,1100,1100,1345,0,2,5.213372604509787,1.0223909994238056,1062.972121002531,19.47063197026022
1772924363,10,GET,/api/audio/status,14.800000,0.000000,2,2,3,3,7,12,19,28,67,67,67,4013,0,2,3.8263137847398108,1.0277559995302,1004.4843630021205,168.0
1772924363,10,GET,/api/chains/,0.000000,0.000000,0,0,0,0,0,0,0,0,0,0,0,160,0,4,35.78325576258976,1.3513000012608245,1038.7257460024557,1448.1
1772924363,10,GET,/api/chains/{id},14.800000,0.000000,3,4,8,11,15,17,25,35,1100,1100,1100,4013,0,3,22.293726381227767,1.204680997034302,1061.2717760013766,501.85297782207823
1772924363,10,POST,/api/chains/{id}/activate,14.800000,0.000000,3,4,5,5,13,19,27,29,30,30,30,4013,0,3,6.395965418145952,1.1701449984684587,1069.5832089986652,53.24669823075006
1772924363,10,POST,/api/chains/{id}/deactivate,14.800000,0.000000,2,2,2,3,4,7,13,16,18,18,18,4013,0,2,4.020760112096304,1.162620999821229,1083.7654569986626,61.80687764764515
1772924363,10,POST,/api/plugins/batch/parameters (500 updates),12.000000,0.000000,5,9,16,18,24,25,68,100,1000,1000,1000,2436,0,6,22.949484430699215,2.806248998240335,1074.2657150003652,880.8633004926108
1772924363,10,GET,/api/plugins/discover,0.000000,0.000000,0,0,0,0,0,0,0,0,0,0,0,160,0,13,18.220616150142632,10.576317999948515,58.00965399976121,85406.0
1772924363,10,GET,/api/plugins/list,0.000000,0.000000,0,0,0,0,0,0,0,0,0,0,0,160,0,2,5.07641034982953,1.080333000572864,43.401594997703796,29.4
1772924363,10,POST,/api/plugins/load?uri,5.700000,0.000000,3,4,5,8,19,26,54,54,54,54,54,1345,0,3,5.644128670682049,1.2622550020751078,256.2621520009998,2208.49219330855
1772924363,10,POST,/api/plugins/unload?uri,5.700000,0.000000,2,3,5,7,13,22,28,28,28,28,28,1345,0,2,3.4058147665235685,1.1658449984679464,64.64023000080488,107.97695167286246
1772924363,10,,Aggregated,134.200000,0.000000,2,4,5,7,16,21,29,68,1100,1100,1100,34956,0,2,11.555912658184056,1.0178689990425482,1083.7654569986626,658.4036789106306
1772924364,10,GET,/api/audio/latency,20.600000,0.000000,2,3,4,4,16,18,28,52,1100,1100,1100,5330,0,2,5.44879025126248,1.0178689990425482,1079.284406001534,33.0
1772924364,10,GET,/api/audio/levels,20.600000,0.000000,3,4,8,11,17,22,61,930,1000,1000,1000,5330,0,3,19.394598102093195,1.0466029998497106,1063.1027659983374,75.43170731707318
1772924364,10,GET,/api/audio/levels (during plugin swap),5.400000,0.000000,2,3,6,8,14,910,1100,1100,1100,1100,1100,1350,0,3,30.03356300956781,1.052685001923237,1065.1855479991355,75.26296296296296
1772924364,10,GET,/api/audio/levels/plugins,5.400000,0.000000,2,3,3,4,10,16,1100,1100,1100,1100,1100,1350,0,2,5.203678621530546,1.0223909994238056,1062.972121002531,19.46962962962963
1772924364,10,GET,/api/audio/status,14.900000,0.000000,2,2,3,3,6,12,17,28,67,67,67,4034,0,2,3.8169275245799703,1.0277559995302,1004.4843630021205,168.0
1772924364,10,GET,/api/chains/,0.000000,0.000000,0,0,0,0,0,0,0,0,0,0,0,160,0,4,35.78325576258976,1.3513000012608245,1038.7257460024557,1448.1
1772924364,10,GET,/api/chains/{id},14.900000,0.000000,3,4,9,11,16,18,21,35,1100,1100,1100,4034,0,3,22.20951819282557,1.204680997034302,1061.2717760013766,501.9243926623699
1772924364,10,POST,/api/chains/{id}/activate,14.900000,0.000000,3,4,5,5,13,19,22,27,29,29,29,4034,0,3,6.386401583545719,1.1701449984684587,1069.5832089986652,53.25086762518592
1772924364,10,POST,/api/chains/{id}/deactivate,14.900000,0.000000,2,2,2,3,3,10,13,16,18,18,18,4034,0,2,4.014472694804429,1.162620999821229,1083.7654569986626,61.801685671789784
1772924364,10,POST,/api/plugins/batch/parameters (500 updates),13.400000,0.000000,5,8,13,16,21,25,27,68,1000,1000,1000,2449,0,6,22.86641788574453,2.806248998240335,1074.2657150003652,880.9473254389546
1772924364,10,GET,/api/plugins/discover,0.000000,0.000000,0,0,0,0,0,0,0,0,0,0,0,160,0,13,18.220616150142632,10.576317999948515,58.00965399976121,85406.0
1772924364,10,GET,/api/plugins/list,0.000000,0.000000,0,0,0,0,0,0,0,0,0,0,0,160,0,2,5.07641034982953,1.080333000572864,43.401594997703796,29.4
1772924364,10,POST,/api/plugins/load?uri,5.400000,0.000000,3,3,5,8,19,26,54,54,54,54,54,1350,0,3,5.633418334123066,1.2622550020751078,256.2621520009998,2204.9318518518517
1772924364,10,POST,/api/plugins/unload?uri,5.400000,0.000000,2,3,3,5,8,18,28,28,28,28,28,1350,0,2,3.401317570352586,1.1658449984679464,64.64023000080488,107.97185185185185
1772924364,10,,Aggregated,135.800000,0.000000,2,3,5,6,15,19,27,54,1100,1100,1100,35125,0,2,11.5183755451527,1.0178689990425482,1083.7654569986626,656.331587188612
1772924365,10,GET,/api/audio/latency,20.600000,0.000000,2,3,4,6,16,18,28,52,1100,1100,1100,5362,0,2,5.456453507875481,1.0178689990425482,1079.284406001534,33.0
1772924365,10,GET,/api/audio/levels,20.600000,0.000000,2,4,7,10,15,21,38,840,1000,1000,1000,5362,0,3,19.303682907711732,1.0466029998497106,1063.1027659983374,75.42446848190974
1772924365,10,GET,/api/audio/levels (during plugin swap),5.200000,0.000000,2,6,7,9,17,910,1100,1100,1100,1100,1100,1357,0,3,29.903649916667153,1.052685001923237,1065.1855479991355,75.2704495210022
1772924365,10,GET,/api/audio/levels/plugins,5.200000,0.000000,2,3,3,4,9,14,1100,1100,1100,1100,1100,1357,0,2,5.185815659588424,1.0223909994238056,1062.972121002531,19.470154753131908
1772924365,10,GET,/api/audio/status,15.700000,0.000000,2,2,3,3,4,12,17,28,67,67,67,4052,0,2,3.8084060373048336,1.0277559995302,1004.4843630021205,168.0
1772924365,10,GET,/api/chains/,0.000000,0.000000,0,0,0,0,0,0,0,0,0,0,0,160,0,4,35.78325576258976,1.3513000012608245,1038.7257460024557,1448.1
1772924365,10,GET,/api/chains/{id},15.700000,0.000000,3,4,9,11,16,18,21,35,1100,1100,1100,4052,0,3,22.139826840292667,1.204680997034302,1061.2717760013766,501.82872655478775
1772924365,10,POST,/api/chains/{id}/activate,15.700000,0.000000,2,4,5,5,13,19,23,27,29,29,29,4052,0,3,6.383289849712218,1.1701449984684587,1069.5832089986652,53.25
1772924365,10,POST,/api/chains/{id}/deactivate,15.600000,0.000000,2,2,2,3,4,12,13,16,18,18,18,4052,0,2,4.0100645268608766,1.162620999821229,1083.7654569986626,61.8025666337611
1772924365,10,POST,/api/plugins/batch/parameters (500 updates),13.100000,0.000000,5,7,11,14,20,25,26,68,1000,1000,1000,2454,0,6,22.835264935691658,2.806248998240335,1074.2657150003652,880.9295028524857
1772924365,10,GET,/api/plugins/discover,0.000000,0.000000,0,0,0,0,0,0,0,0,0,0,0,160,0,13,18.220616150142632,10.576317999948515,58.00965399976121,85406.0
1772924365,10,GET,/api/plugins/list,0.000000,0.000000,0,0,0,0,0,0,0,0,0,0,0,160,0,2,5.07641034982953,1.080333000572864,43.401594997703796,29.4
1772924365,10,POST,/api/plugins/load?uri,5.200000,0.000000,3,4,6,8,19,26,54,54,54,54,54,1357,0,3,5.634955485682871,1.2616650019481312,256.2621520009998,2205.039793662491
1772924365,10,POST,/api/plugins/unload?uri,5.200000,0.000000,2,3,3,5,13,18,28,28,28,28,28,1357,0,2,3.40367193881051,1.1658449984679464,64.64023000080488,107.98599852616064
1772924365,10,,Aggregated,137.800000,0.000000,2,3,5,7,14,19,26,55,1100,1100,1100,35294,0,2,11.486155452215469,1.0178689990425482,1083.7654569986626,654.2814926049754
1772924366,10,GET,/api/audio/latency,20.800000,0.000000,2,3,4,6,15,18,28,52,1100,1100,1100,5391,0,2,5.448008104660542,1.0178689990425482,1079.284406001534,33.0
1772924366,10,GET,/api/audio/levels,20.800000,0.000000,2,4,8,9,16,22,38,840,1000,1000,1000,5391,0,3,19.237318644247765,1.0466029998497106,1063.1027659983374,75.42107215729921
1772924366,10,GET,/api/audio/levels (during plugin swap),5.300000,0.000000,2,6,8,9,17,910,1100,1100,1100,1100,1100,1362,0,3,29.80899570698571,1.052685001923237,1065.1855479991355,75.26211453744493
1772924366,10,GET,/api/audio/levels/plugins,5.300000,0.000000,2,3,3,3,4,10,1100,1100,1100,1100,1100,1362,0,2,5.173697561713598,1.0223909994238056,1062.972121002531,19.47870778267254
1772924366,10,GET,/api/audio/status,15.900000,0.000000,2,2,2,3,4,10,17,28,67,67,67,4066,0,2,3.8127151188290793,1.0277559995302,1004.4843630021205,168.0
1772924366,10,GET,/api/chains/,0.000000,0.000000,0,0,0,0,0,0,0,0,0,0,0,160,0,4,35.78325576258976,1.3513000012608245,1038.7257460024557,1448.1
1772924366,10,GET,/api/chains/{id},15.900000,0.000000,3,4,9,11,16,18,25,35,1100,1100,1100,4066,0,3,22.073932014477748,1.204680997034302,1061.2717760013766,501.86178061977375
1772924366,10,POST,/api/chains/{id}/activate,15.900000,0.000000,2,4,5,6,13,18,23,27,29,29,29,4066,0,3,6.38192487728451,1.1701449984684587,1069.5832089986652,53.23635022134776
1772924366,10,POST,/api/chains/{id}/deactivate,15.900000,0.000000,2,2,2,3,4,12,16,16,18,18,18,4066,0,2,4.007931456183408,1.162620999821229,1083.7654569986626,61.803246433841615
1772924366,10,POST,/api/plugins/batch/parameters (500 updates),13.500000,0.000000,5,7,11,14,21,25,33,68,1000,1000,1000,2464,0,6,22.801786269554498,2.806248998240335,1074.2657150003652,880.9232954545455
1772924366,10,GET,/api/plugins/discover,0.000000,0.000000,0,0,0,0,0,0,0,0,0,0,0,160,0,13,18.220616150142632,10.576317999948515,58.00965399976121,85406.0
1772924366,10,GET,/api/plugins/list,0.000000,0.000000,0,0,0,0,0,0,0,0,0,0,0,160,0,2,5.07641034982953,1.080333000572864,43.401594997703796,29.4
1772924366,10,POST,/api/plugins/load?uri,5.300000,0.000000,3,4,6,10,19,26,54,54,54,54,54,1362,0,3,5.625563397998001,1.2616650019481312,256.2621520009998,2205.4684287812042
1772924366,10,POST,/api/plugins/unload?uri,5.300000,0.000000,2,3,3,5,13,16,28,28,28,28,28,1362,0,2,3.4100044669335396,1.1658449984679464,64.64023000080488,107.97870778267254
1772924366,10,,Aggregated,139.900000,0.000000,2,3,5,7,15,19,28,61,1100,1100,1100,35438,0,2,11.461374168786872,1.0178689990425482,1083.7654569986626,652.6275184829843
1772924367,10,GET,/api/audio/latency,22.200000,0.000000,2,3,4,5,15,18,25,28,1100,1100,1100,5416,0,2,5.43752799431723,1.0178689990425482,1079.284406001534,33.0
1772924367,10,GET,/api/audio/levels,22.200000,0.000000,2,4,7,9,16,22,38,840,1000,1000,1000,5416,0,3,19.17144999781045,1.0466029998497106,1063.1027659983374,75.42189807976366
1772924367,10,GET,/api/audio/levels (during plugin swap),4.900000,0.000000,2,6,9,9,17,910,1100,1100,1100,1100,1100,1370,0,3,29.668144944463187,1.052685001923237,1065.1855479991355,75.26788321167884
1772924367,10,GET,/api/audio/levels/plugins,4.900000,0.000000,2,3,3,4,5,10,1100,1100,1100,1100,1100,1370,0,2,5.1722046642733766,1.0223909994238056,1062.972121002531,19.465693430656934
1772924367,10,GET,/api/audio/status,16.100000,0.000000,2,2,2,3,5,12,19,21,67,67,67,4085,0,2,3.814776778005826,1.0277559995302,1004.4843630021205,168.0
1772924367,10,GET,/api/chains/,0.000000,0.000000,0,0,0,0,0,0,0,0,0,0,0,160,0,4,35.78325576258976,1.3513000012608245,1038.7257460024557,1448.1
1772924367,10,GET,/api/chains/{id},16.100000,0.000000,3,5,9,11,16,18,25,45,1100,1100,1100,4085,0,3,22.01213787952621,1.204680997034302,1061.2717760013766,501.76695226438187
1772924367,10,POST,/api/chains/{id}/activate,16.100000,0.000000,2,4,5,6,17,19,23,27,56,56,56,4085,0,3,6.390599744686742,1.1701449984684587,1069.5832089986652,53.24332925336597
1772924367,10,POST,/api/chains/{id}/deactivate,16.100000,0.000000,2,2,2,3,4,12,16,16,18,18,18,4085,0,2,4.004844113304283,1.162620999821229,1083.7654569986626,61.804161566707464
1772924367,10,POST,/api/plugins/batch/parameters (500 updates),12.700000,0.000000,5,7,11,15,22,25,33,68,1000,1000,1000,2474,0,6,22.746063241789074,2.806248998240335,1074.2657150003652,880.9947453516572
1772924367,10,GET,/api/plugins/discover,0.000000,0.000000,0,0,0,0,0,0,0,0,0,0,0,160,0,13,18.220616150142632,10.576317999948515,58.00965399976121,85406.0
1772924367,10,GET,/api/plugins/list,0.000000,0.000000,0,0,0,0,0,0,0,0,0,0,0,160,0,2,5.07641034982953,1.080333000572864,43.401594997703796,29.4
1772924367,10,POST,/api/plugins/load?uri,4.900000,0.000000,3,4,7,8,17,26,27,27,27,27,27,1370,0,3,5.620433716111401,1.2616650019481312,256.2621520009998,2205.5605839416057
1772924367,10,POST,/api/plugins/unload?uri,4.900000,0.000000,2,3,3,4,8,13,24,24,24,24,24,1370,0,2,3.403926842308936,1.1658449984679464,64.64023000080488,107.98540145985402
1772924367,10,,Aggregated,141.100000,0.000000,2,4,5,6,15,19,26,56,1100,1100,1100,35606,0,2,11.432674770894712,1.0178689990425482,1083.7654569986626,650.8303094983992
1772924368,10,GET,/api/audio/latency,22.200000,0.000000,2,3,4,6,16,18,25,28,1100,1100,1100,5442,0,2,5.4359587624465355,1.0178689990425482,1079.284406001534,33.0
1772924368,10,GET,/api/audio/levels,22.200000,0.000000,2,4,7,10,16,22,38,840,1000,1000,1000,5442,0,3,19.101886745523014,1.0466029998497106,1063.1027659983374,75.41988239617788
1772924368,10,GET,/api/audio/levels (during plugin swap),4.800000,0.000000,3,6,9,12,16,910,1000,1100,1100,1100,1100,1381,0,3,29.488217652368547,1.052685001923237,1065.1855479991355,75.25923244026067
1772924368,10,GET,/api/audio/levels/plugins,4.800000,0.000000,2,3,3,3,5,10,22,1100,1100,1100,1100,1381,0,2,5.148540824804044,1.0223909994238056,1062.972121002531,19.450398262128893
1772924368,10,GET,/api/audio/status,16.300000,0.000000,2,2,3,3,6,13,19,21,67,67,67,4097,0,2,3.8147777144596096,1.0277559995302,1004.4843630021205,168.0
1772924368,10,GET,/api/chains/,0.000000,0.000000,0,0,0,0,0,0,0,0,0,0,0,160,0,4,35.78325576258976,1.3513000012608245,1038.7257460024557,1448.1
1772924368,10,GET,/api/chains/{id},16.300000,0.000000,3,5,9,11,16,19,23,45,1100,1100,1100,4097,0,3,21.97405259113043,1.204680997034302,1061.2717760013766,501.8013180375885
1772924368,10,POST,/api/chains/{id}/activate,16.300000,0.000000,3,4,5,7,18,19,23,27,56,56,56,4097,0,3,6.387440900670334,1.1701449984684587,1069.5832089986652,53.23260922626312
1772924368,10,POST,/api/chains/{id}/deactivate,16.300000,0.000000,2,2,2,3,7,13,16,16,18,18,18,4097,0,2,4.004019548900426,1.162620999821229,1083.7654569986626,61.80473517207713
1772924368,10,POST,/api/plugins/batch/parameters (500 updates),11.900000,0.000000,6,8,13,18,22,26,33,68,1000,1000,1000,2486,0,6,22.686528541910167,2.806248998240335,1074.2657150003652,881.026950925181
1772924368,10,GET,/api/plugins/discover,0.000000,0.000000,0,0,0,0,0,0,0,0,0,0,0,160,0,13,18.220616150142632,10.576317999948515,58.00965399976121,85406.0
1772924368,10,GET,/api/plugins/list,0.000000,0.000000,0,0,0,0,0,0,0,0,0,0,0,160,0,2,5.07641034982953,1.080333000572864,43.401594997703796,29.4
1772924368,10,POST,/api/plugins/load?uri,4.800000,0.000000,3,4,8,10,17,26,26,27,27,27,27,1381,0,3,5.615196349797054,1.2616650019481312,256.2621520009998,2199.456191165822
1772924368,10,POST,/api/plugins/unload?uri,4.800000,0.000000,2,2,3,3,8,15,16,24,24,24,24,1381,0,2,3.4074421469694975,1.1658449984679464,64.64023000080488,108.01448225923244
1772924368,10,,Aggregated,140.700000,0.000000,2,4,5,7,15,19,26,56,1100,1100,1100,35762,0,2,11.406263319066978,1.0178689990425482,1083.7654569986626,649.1390022929367
1772924369,10,GET,/api/audio/latency,23.100000,0.000000,2,3,4,7,17,19,27,29,1100,1100,1100,5468,0,2,5.445526442982217,1.0178689990425482,1079.284406001534,33.0
1772924369,10,GET,/api/audio/levels,23.100000,0.000000,2,4,8,10,15,23,52,840,1000,1000,1000,5468,0,3,19.056903069886456,1.0466029998497106,1063.1027659983374,75.42264081931236
1772924369,10,GET,/api/audio/levels (during plugin swap),4.700000,0.000000,3,6,9,13,17,910,1000,1100,1100,1100,1100,1384,0,3,29.447729832315414,1.052685001923237,1065.1855479991355,75.25433526011561
1772924369,10,GET,/api/audio/levels/plugins,4.700000,0.000000,2,3,3,4,5,10,22,1100,1100,1100,1100,1384,0,2,5.142971828797004,1.0223909994238056,1062.972121002531,19.447976878612717
1772924369,10,GET,/api/audio/status,15.300000,0.000000,2,2,3,3,9,13,19,21,67,67,67,4118,0,2,3.819301260353074,1.0277559995302,1004.4843630021205,168.0
1772924369,10,GET,/api/chains/,0.000000,0.000000,0,0,0,0,0,0,0,0,0,0,0,160,0,4,35.78325576258976,1.3513000012608245,1038.7257460024557,1448.1
1772924369,10,GET,/api/chains/{id},15.300000,0.000000,3,5,8,10,17,19,44,45,1100,1100,1100,4118,0,3,21.894687489039587,1.204680997034302,1061.2717760013766,501.9123360854784
1772924369,10,POST,/api/chains/{id}/activate,15.300000,0.000000,3,4,5,8,17,19,23,27,56,56,56,4118,0,3,6.377950264945241,1.1701449984684587,1069.5832089986652,53.23069451189898
1772924369,10,POST,/api/chains/{id}/deactivate,15.300000,0.000000,2,2,3,3,10,13,17,18,20,20,20,4118,0,2,4.010978226284879,1.162620999821229,1083.7654569986626,61.80573093734823
1772924369,10,POST,/api/plugins/batch/parameters (500 updates),11.700000,0.000000,6,9,14,18,25,27,63,68,1000,1000,1000,2493,0,6,22.679066688804646,2.806248998240335,1074.2657150003652,880.839149618933
1772924369,10,GET,/api/plugins/discover,0.000000,0.000000,0,0,0,0,0,0,0,0,0,0,0,160,0,13,18.220616150142632,10.576317999948515,58.00965399976121,85406.0
1772924369,10,GET,/api/plugins/list,0.000000,0.000000,0,0,0,0,0,0,0,0,0,0,0,160,0,2,5.07641034982953,1.080333000572864,43.401594997703796,29.4
1772924369,10,POST,/api/plugins/load?uri,4.700000,0.000000,3,4,8,8,17,26,27,29,29,29,29,1384,0,3,5.626616784734771,1.2616650019481312,256.2621520009998,2203.0079479768788
1772924369,10,POST,/api/plugins/unload?uri,4.700000,0.000000,2,3,3,4,13,15,16,24,24,24,24,1384,0,2,3.4124484833554,1.1658449984679464,64.64023000080488,108.02528901734104
1772924369,10,,Aggregated,137.900000,0.000000,2,4,6,8,15,20,28,61,1100,1100,1100,35917,0,2,11.388101835355615,1.0178689990425482,1083.7654569986626,647.3843583818248
1772924370,10,GET,/api/audio/latency,23.100000,0.000000,2,2,4,6,15,18,20,27,55,55,55,5491,0,2,5.437062961795991,1.0178689990425482,1079.284406001534,33.0
1772924370,10,GET,/api/audio/levels,23.100000,0.000000,2,4,8,10,15,21,31,41,61,61,61,5492,0,3,18.995768153521844,1.0466029998497106,1063.1027659983374,75.42152221412964
1772924370,10,GET,/api/audio/levels (during plugin swap),5.500000,0.000000,2,4,7,9,15,17,19,28,28,28,28,1393,0,3,29.284097078911593,1.052685001923237,1065.1855479991355,75.23977027997128
1772924370,10,GET,/api/audio/levels/plugins,5.500000,0.000000,2,2,3,3,5,10,12,22,22,22,22,1393,0,2,5.126727551366698,1.0223909994238056,1062.972121002531,19.440775305096913
1772924370,10,GET,/api/audio/status,14.900000,0.000000,2,2,3,3,7,10,19,21,67,67,67,4137,0,2,3.81056379505235,1.0277559995302,1004.4843630021205,168.0
1772924370,10,GET,/api/chains/,0.000000,0.000000,0,0,0,0,0,0,0,0,0,0,0,160,0,4,35.78325576258976,1.3513000012608245,1038.7257460024557,1448.1
1772924370,10,GET,/api/chains/{id},14.900000,0.000000,3,5,9,11,16,19,22,44,45,45,45,4137,0,3,21.823876638110736,1.204680997034302,1061.2717760013766,501.81895093062604
1772924370,10,POST,/api/chains/{id}/activate,14.900000,0.000000,3,4,5,7,15,19,22,23,56,56,56,4137,0,3,6.369930423748459,1.1701449984684587,1069.5832089986652,53.23761179598743
1772924370,10,POST,/api/chains/{id}/deactivate,14.900000,0.000000,2,2,2,3,9,13,16,18,20,20,20,4137,0,2,4.000375575499582,1.162620999821229,1083.7654569986626,61.80662315687697
1772924370,10,POST,/api/plugins/batch/parameters (500 updates),11.800000,0.000000,6,10,13,14,24,26,33,63,68,68,68,2506,0,6,22.60296886559957,2.806248998240335,1074.2657150003652,880.8735035913807
1772924370,10,GET,/api/plugins/discover,0.000000,0.000000,0,0,0,0,0,0,0,0,0,0,0,160,0,13,18.220616150142632,10.576317999948515,58.00965399976121,85406.0
1772924370,10,GET,/api/plugins/list,0.000000,0.000000,0,0,0,0,0,0,0,0,0,0,0,160,0,2,5.07641034982953,1.080333000572864,43.401594997703796,29.4
1772924370,10,POST,/api/plugins/load?uri,5.500000,0.000000,2,3,4,6,15,17,22,29,29,29,29,1393,0,3,5.616691525533945,1.2616650019481312,256.2621520009998,2196.4795405599425
1772924370,10,POST,/api/plugins/unload?uri,5.500000,0.000000,2,2,3,3,8,13,15,16,16,16,16,1393,0,2,3.4006297580482205,1.1658449984679464,64.64023000080488,108.05312275664035
1772924370,10,,Aggregated,139.600000,0.000000,2,4,5,8,14,18,23,31,67,68,68,36089,0,2,11.353115902642331,1.0178689990425482,1083.7654569986626,645.4412701931336
1772924371,10,GET,/api/audio/latency,23.100000,0.000000,2,3,4,8,16,18,24,27,55,55,55,5499,0,2,5.440743034592127,1.0178689990425482,1079.284406001534,33.0
1772924371,10,GET,/api/audio/levels,23.100000,0.000000,3,5,8,10,15,21,37,41,61,61,61,5499,0,3,18.982479994571236,1.0466029998497106,1063.1027659983374,75.42080378250591
1772924371,10,GET,/api/audio/levels (during plugin swap),5.500000,0.000000,3,4,8,9,15,17,19,28,28,28,28,1393,0,3,29.284097078911593,1.052685001923237,1065.1855479991355,75.23977027997128
1772924371,10,GET,/api/audio/levels/plugins,5.500000,0.000000,2,2,3,3,5,10,12,22,22,22,22,1393,0,2,5.126727551366698,1.0223909994238056,1062.972121002531,19.440775305096913
1772924371,10,GET,/api/audio/status,14.900000,0.000000,2,2,3,3,8,12,19,21,67,67,67,4141,0,2,3.8107089725016605,1.0277559995302,1004.4843630021205,168.0
1772924371,10,GET,/api/chains/,0.000000,0.000000,0,0,0,0,0,0,0,0,0,0,0,160,0,4,35.78325576258976,1.3513000012608245,1038.7257460024557,1448.1
1772924371,10,GET,/api/chains/{id},14.900000,0.000000,3,6,9,12,17,19,23,44,45,45,45,4141,0,3,21.81747141194486,1.204680997034302,1061.2717760013766,501.8167109393866
1772924371,10,POST,/api/chains/{id}/activate,14.900000,0.000000,3,5,6,8,16,19,22,23,56,56,56,4141,0,3,6.374846637297509,1.1701449984684587,1069.5832089986652,53.23810673750302
1772924371,10,POST,/api/chains/{id}/deactivate,14.900000,0.000000,2,2,3,3,8,13,16,18,20,20,20,4141,0,2,3.9981975498299387,1.162620999821229,1083.7654569986626,61.80680994928761
1772924371,10,POST,/api/plugins/batch/parameters (500 updates),11.800000,0.000000,7,11,14,18,24,27,63,68,68,68,68,2509,0,6,22.591743974567372,2.806248998240335,1074.2657150003652,880.8337983260263
1772924371,10,GET,/api/plugins/discover,0.000000,0.000000,0,0,0,0,0,0,0,0,0,0,0,160,0,13,18.220616150142632,10.576317999948515,58.00965399976121,85406.0
1772924371,10,GET,/api/plugins/list,0.000000,0.000000,0,0,0,0,0,0,0,0,0,0,0,160,0,2,5.07641034982953,1.080333000572864,43.401594997703796,29.4
1772924371,10,POST,/api/plugins/load?uri,5.500000,0.000000,2,3,4,6,15,17,22,29,29,29,29,1393,0,3,5.616691525533945,1.2616650019481312,256.2621520009998,2196.4795405599425
1772924371,10,POST,/api/plugins/unload?uri,5.500000,0.000000,2,2,3,3,8,13,15,16,16,16,16,1393,0,2,3.4006297580482205,1.1658449984679464,64.64023000080488,108.05312275664035
1772924371,10,,Aggregated,139.600000,0.000000,2,4,6,8,15,19,23,32,67,68,68,36123,0,2,11.3505332458673,1.0178689990425482,1083.7654569986626,645.0127065858318
1772924372,10,GET,/api/audio/latency,25.100000,0.000000,2,3,4,7,16,18,24,27,55,55,55,5520,0,2,5.449831421055538,1.0178689990425482,1079.284406001534,33.0
1772924372,10,GET,/api/audio/levels,25.100000,0.000000,2,4,8,9,14,21,52,940,1000,1000,1000,5520,0,3,19.616736015969117,1.0466029998497106,1063.1027659983374,75.42807971014493
1772924372,10,GET,/api/audio/levels (during plugin swap),5.600000,0.000000,2,4,8,11,15,17,19,28,28,28,28,1396,0,3,29.231594965557424,1.052685001923237,1065.1855479991355,75.23495702005731
1772924372,10,GET,/api/audio/levels/plugins,5.700000,0.000000,2,2,3,3,4,7,12,22,22,22,22,1396,0,2,5.119011103905407,1.0223909994238056,1062.972121002531,19.447707736389685
1772924372,10,GET,/api/audio/status,16.300000,0.000000,2,2,3,4,9,11,19,19,21,21,21,4158,0,2,3.8092726380782795,1.0277559995302,1004.4843630021205,168.0
1772924372,10,GET,/api/chains/,0.000000,0.000000,0,0,0,0,0,0,0,0,0,0,0,160,0,4,35.78325576258976,1.3513000012608245,1038.7257460024557,1448.1
1772924372,10,GET,/api/chains/{id},16.300000,0.000000,3,6,10,14,19,23,990,1000,1100,1100,1100,4158,0,3,22.72853003604447,1.204680997034302,1069.5006570022088,501.68398268398266
1772924372,10,POST,/api/chains/{id}/activate,16.300000,0.000000,3,4,6,9,18,22,37,40,56,56,56,4158,0,3,6.389123749408911,1.1701449984684587,1069.5832089986652,53.22967772967773
1772924372,10,POST,/api/chains/{id}/deactivate,16.300000,0.000000,2,2,3,3,9,13,16,17,20,20,20,4158,0,2,3.995019353977047,1.162620999821229,1083.7654569986626,61.80759980759981
1772924372,10,POST,/api/plugins/batch/parameters (500 updates),11.100000,0.000000,7,11,14,14,22,32,900,1000,1000,1000,1000,2515,0,6,23.308168404845734,2.806248998240335,1074.2657150003652,880.8532803180915
1772924372,10,GET,/api/plugins/discover,0.000000,0.000000,0,0,0,0,0,0,0,0,0,0,0,160,0,13,18.220616150142632,10.576317999948515,58.00965399976121,85406.0
1772924372,10,GET,/api/plugins/list,0.000000,0.000000,0,0,0,0,0,0,0,0,0,0,0,160,0,2,5.07641034982953,1.080333000572864,43.401594997703796,29.4
1772924372,10,POST,/api/plugins/load?uri,5.600000,0.000000,2,3,4,4,15,17,22,29,29,29,29,1396,0,3,5.60939847784075,1.2616650019481312,256.2621520009998,2201.4204871060174
1772924372,10,POST,/api/plugins/unload?uri,5.700000,0.000000,2,2,2,3,8,13,15,16,16,16,16,1396,0,2,3.396477083780783,1.1658449984679464,64.64023000080488,108.06446991404012
1772924372,10,,Aggregated,149.100000,0.000000,2,4,6,8,15,19,27,52,1000,1100,1100,36251,0,2,11.599333531556328,1.0178689990425482,1083.7654569986626,643.6875672395245
1772924373,10,GET,/api/audio/latency,25.900000,0.000000,2,3,4,7,16,20,24,27,55,55,55,5539,0,2,5.439442851278307,1.0178689990425482,1079.284406001534,33.0
1772924373,10,GET,/api/audio/levels,25.900000,0.000000,2,4,8,9,14,21,52,940,1000,1000,1000,5539,0,3,19.559604162151157,1.0466029998497106,1063.1027659983374,75.42679183968225
1772924373,10,GET,/api/audio/levels (during plugin swap),5.700000,0.000000,2,4,7,9,15,17,23,28,28,28,28,1408,0,3,29.01301117679044,1.052685001923237,1065.1855479991355,75.22514204545455
1772924373,10,GET,/api/audio/levels/plugins,5.700000,0.000000,2,2,3,3,4,11,12,22,22,22,22,1408,0,2,5.099654721631581,1.0223909994238056,1062.972121002531,19.419744318181817
1772924373,10,GET,/api/audio/status,16.900000,0.000000,2,2,3,3,8,11,16,19,21,21,21,4180,0,2,3.799347686393148,1.0277559995302,1004.4843630021205,168.0
1772924373,10,GET,/api/chains/,0.000000,0.000000,0,0,0,0,0,0,0,0,0,0,0,160,0,4,35.78325576258976,1.3513000012608245,1038.7257460024557,1448.1
1772924373,10,GET,/api/chains/{id},16.900000,0.000000,3,6,10,13,19,23,990,1000,1100,1100,1100,4180,0,3,22.635950981306337,1.204680997034302,1069.5006570022088,501.9961722488038
1772924373,10,POST,/api/chains/{id}/activate,16.900000,0.000000,3,4,6,8,17,22,33,40,56,56,56,4180,0,3,6.372649139483695,1.1701449984684587,1069.5832089986652,53.241387559808615
1772924373,10,POST,/api/chains/{id}/deactivate,16.900000,0.000000,2,2,3,3,9,13,15,17,20,20,20,4180,0,2,3.984664030344445,1.162620999821229,1083.7654569986626,61.80861244019139
1772924373,10,POST,/api/plugins/batch/parameters (500 updates),11.000000,0.000000,7,11,14,18,26,33,900,1000,1000,1000,1000,2522,0,6,23.274593313713527,2.806248998240335,1074.2657150003652,880.7442505947661
1772924373,10,GET,/api/plugins/discover,0.000000,0.000000,0,0,0,0,0,0,0,0,0,0,0,160,0,13,18.220616150142632,10.576317999948515,58.00965399976121,85406.0
1772924373,10,GET,/api/plugins/list,0.000000,0.000000,0,0,0,0,0,0,0,0,0,0,0,160,0,2,5.07641034982953,1.080333000572864,43.401594997703796,29.4
1772924373,10,POST,/api/plugins/load?uri,5.700000,0.000000,2,3,4,5,15,22,25,29,29,29,29,1408,0,3,5.600111155584645,1.2616650019481312,256.2621520009998,2203.5660511363635
1772924373,10,POST,/api/plugins/unload?uri,5.700000,0.000000,2,2,3,3,13,16,23,26,26,26,26,1408,0,2,3.4173640319310876,1.1658449984679464,64.64023000080488,108.0703125
1772924373,10,,Aggregated,153.200000,0.000000,2,3,6,8,15,19,27,52,1000,1100,1100,36432,0,2,11.559657637144479,1.0178689990425482,1083.7654569986626,642.0923913043479
1772924374,10,GET,/api/audio/latency,24.000000,0.000000,2,3,4,7,15,20,24,27,29,29,29,5555,0,2,5.440303623444543,1.0178689990425482,1079.284406001534,33.0
1772924374,10,GET,/api/audio/levels,24.000000,0.000000,3,5,8,12,16,23,870,1000,1000,1000,1000,5555,0,3,19.524320209748897,1.0466029998497106,1063.1027659983374,75.42682268226822
1772924374,10,GET,/api/audio/levels (during plugin swap),5.700000,0.000000,2,4,7,8,14,16,23,28,28,28,28,1417,0,3,28.86261731680992,1.052685001923237,1065.1855479991355,75.22935779816514
1772924374,10,GET,/api/audio/levels/plugins,5.700000,0.000000,2,2,3,4,7,12,18,22,22,22,22,1417,0,2,5.104704606249431,1.0223909994238056,1062.972121002531,19.412844036697248
1772924374,10,GET,/api/audio/status,16.100000,0.000000,2,2,3,4,9,13,17,19,21,21,21,4199,0,2,3.7979781453007786,1.0277559995302,1004.4843630021205,168.0
1772924374,10,GET,/api/chains/,0.000000,0.000000,0,0,0,0,0,0,0,0,0,0,0,160,0,4,35.78325576258976,1.3513000012608245,1038.7257460024557,1448.1
1772924374,10,GET,/api/chains/{id},16.100000,0.000000,3,6,10,13,19,23,990,1000,1100,1100,1100,4199,0,3,22.562307701082926,1.204680997034302,1069.5006570022088,502.1050250059538
1772924374,10,POST,/api/chains/{id}/activate,16.100000,0.000000,3,4,6,8,18,22,33,40,56,56,56,4199,0,3,6.377800197673894,1.1701449984684587,1069.5832089986652,53.236246725410815
1772924374,10,POST,/api/chains/{id}/deactivate,16.000000,0.000000,2,2,3,3,9,13,16,17,20,20,20,4199,0,2,3.984965832065307,1.162620999821229,1083.7654569986626,61.80947844724935
1772924374,10,POST,/api/plugins/batch/parameters (500 updates),9.300000,0.000000,8,11,14,18,26,32,900,1000,1000,1000,1000,2538,0,6,23.185583724267406,2.806248998240335,1074.2657150003652,880.8940110323089
1772924374,10,GET,/api/plugins/discover,0.000000,0.000000,0,0,0,0,0,0,0,0,0,0,0,160,0,13,18.220616150142632,10.576317999948515,58.00965399976121,85406.0
1772924374,10,GET,/api/plugins/list,0.000000,0.000000,0,0,0,0,0,0,0,0,0,0,0,160,0,2,5.07641034982953,1.080333000572864,43.401594997703796,29.4
1772924374,10,POST,/api/plugins/load?uri,5.700000,0.000000,2,3,4,4,12,16,25,29,29,29,29,1417,0,3,5.589563098142776,1.2616650019481312,256.2621520009998,2207.3733239237827
1772924374,10,POST,/api/plugins/unload?uri,5.700000,0.000000,2,2,3,4,13,16,23,26,26,26,26,1417,0,2,3.4235489371638703,1.1658449984679464,64.64023000080488,108.05786873676782
1772924374,10,,Aggregated,144.400000,0.000000,2,4,6,8,15,21,27,45,1000,1100,1100,36592,0,2,11.534753820355169,1.0178689990425482,1083.7654569986626,640.8860406646262
1772924375,10,GET,/api/audio/latency,23.500000,0.000000,2,3,4,8,16,20,24,27,29,29,29,5578,0,2,5.435081037690419,1.0178689990425482,1079.284406001534,33.0
1772924375,10,GET,/api/audio/levels,23.500000,0.000000,3,5,8,11,15,24,870,1000,1000,1000,1000,5578,0,3,19.469637580701413,1.0466029998497106,1063.1027659983374,75.42613840086052
1772924375,10,GET,/api/audio/levels (during plugin swap),6.000000,0.000000,2,4,7,9,14,16,23,28,28,28,28,1423,0,3,28.760205075837266,1.052685001923237,1065.1855479991355,75.21995783555867
1772924375,10,GET,/api/audio/levels/plugins,6.000000,0.000000,2,2,3,4,9,13,18,22,22,22,22,1423,0,2,5.105948818727829,1.0223909994238056,1062.972121002531,19.41742796907941
1772924375,10,GET,/api/audio/status,16.600000,0.000000,2,2,3,4,8,11,17,19,21,21,21,4219,0,2,3.79699378504963,1.0277559995302,1004.4843630021205,168.0
1772924375,10,GET,/api/chains/,0.000000,0.000000,0,0,0,0,0,0,0,0,0,0,0,160,0,4,35.78325576258976,1.3513000012608245,1038.7257460024557,1448.1
1772924375,10,GET,/api/chains/{id},16.600000,0.000000,3,7,10,14,19,23,990,1000,1100,1100,1100,4219,0,3,22.493619434664467,1.204680997034302,1069.5006570022088,502.05143398909695
1772924375,10,POST,/api/chains/{id}/activate,16.600000,0.000000,3,4,6,7,16,22,33,40,56,56,56,4219,0,3,6.369225450116084,1.1701449984684587,1069.5832089986652,53.23275657738801
1772924375,10,POST,/api/chains/{id}/deactivate,16.700000,0.000000,2,2,3,4,9,13,16,17,20,20,20,4219,0,2,3.9839359428402954,1.162620999821229,1083.7654569986626,61.81038160701588
1772924375,10,POST,/api/plugins/batch/parameters (500 updates),8.800000,0.000000,7,11,13,15,24,32,900,1000,1000,1000,1000,2553,0,6,23.080519076850948,2.806248998240335,1074.2657150003652,881.0027418723071
1772924375,10,GET,/api/plugins/discover,0.000000,0.000000,0,0,0,0,0,0,0,0,0,0,0,160,0,13,18.220616150142632,10.576317999948515,58.00965399976121,85406.0
1772924375,10,GET,/api/plugins/list,0.000000,0.000000,0,0,0,0,0,0,0,0,0,0,0,160,0,2,5.07641034982953,1.080333000572864,43.401594997703796,29.4
1772924375,10,POST,/api/plugins/load?uri,6.000000,0.000000,2,3,4,4,13,18,25,29,29,29,29,1423,0,3,5.589163688036665,1.2616650019481312,256.2621520009998,2209.5776528460997
1772924375,10,POST,/api/plugins/unload?uri,6.000000,0.000000,2,3,3,4,15,16,23,26,26,26,26,1423,0,2,3.4437920814911607,1.1658449984679464,64.64023000080488,108.06254392129304
1772924375,10,,Aggregated,146.300000,0.000000,2,4,6,8,15,21,28,45,1000,1100,1100,36757,0,2,11.50641915720715,1.0178689990425482,1083.7654569986626,639.3434175803249
1772924376,10,GET,/api/audio/latency,23.100000,0.000000,2,3,4,8,16,20,24,27,29,29,29,5598,0,2,5.425742099184964,1.0178689990425482,1079.284406001534,33.0
1772924376,10,GET,/api/audio/levels,23.100000,0.000000,3,5,8,10,15,24,870,1000,1000,1000,1000,5599,0,3,19.41739016309277,1.0466029998497106,1063.1027659983374,75.42168244329345
1772924376,10,GET,/api/audio/levels (during plugin swap),6.500000,0.000000,3,4,8,11,15,19,25,28,28,28,28,1432,0,3,28.62437176809333,1.052685001923237,1065.1855479991355,75.22416201117318
1772924376,10,GET,/api/audio/levels/plugins,6.400000,0.000000,2,3,4,4,11,13,18,22,22,22,22,1432,0,2,5.103933309389539,1.0223909994238056,1062.972121002531,19.401536312849164
1772924376,10,GET,/api/audio/status,16.400000,0.000000,2,2,3,4,8,10,13,17,19,19,19,4236,0,2,3.7929831395497744,1.0277559995302,1004.4843630021205,168.0
1772924376,10,GET,/api/chains/,0.000000,0.000000,0,0,0,0,0,0,0,0,0,0,0,160,0,4,35.78325576258976,1.3513000012608245,1038.7257460024557,1448.1
1772924376,10,GET,/api/chains/{id},16.400000,0.000000,3,8,12,14,19,23,990,1000,1100,1100,1100,4236,0,3,22.43647765411934,1.204680997034302,1069.5006570022088,502.0002360717658
1772924376,10,POST,/api/chains/{id}/activate,16.400000,0.000000,3,4,6,6,14,22,26,37,40,40,40,4236,0,3,6.361941076732805,1.1701449984684587,1069.5832089986652,53.22450424929178
1772924376,10,POST,/api/chains/{id}/deactivate,16.400000,0.000000,2,2,3,4,9,13,15,17,20,20,20,4235,0,2,3.9813884748148687,1.162620999821229,1083.7654569986626,61.811097992916174
1772924376,10,POST,/api/plugins/batch/parameters (500 updates),8.300000,0.000000,7,11,13,14,24,27,900,1000,1000,1000,1000,2566,0,6,23.016720481372758,2.806248998240335,1074.2657150003652,880.9263445050663
1772924376,10,GET,/api/plugins/discover,0.000000,0.000000,0,0,0,0,0,0,0,0,0,0,0,160,0,13,18.220616150142632,10.576317999948515,58.00965399976121,85406.0
1772924376,10,GET,/api/plugins/list,0.000000,0.000000,0,0,0,0,0,0,0,0,0,0,0,160,0,2,5.07641034982953,1.080333000572864,43.401594997703796,29.4
1772924376,10,POST,/api/plugins/load?uri,6.400000,0.000000,3,3,4,6,13,18,25,29,29,29,29,1432,0,3,5.580975874354357,1.2616650019481312,256.2621520009998,2206.219273743017
1772924376,10,POST,/api/plugins/unload?uri,6.400000,0.000000,2,2,4,5,15,16,23,26,26,26,26,1432,0,2,3.460344472735125,1.1658449984679464,64.64023000080488,108.05307262569832
1772924376,10,,Aggregated,145.800000,0.000000,2,4,6,9,14,20,27,41,1000,1100,1100,36914,0,2,11.479912332271203,1.0178689990425482,1083.7654569986626,637.7994527821422
1772924377,10,GET,/api/audio/latency,20.900000,0.000000,2,3,6,10,17,21,24,27,29,29,29,5621,0,2,5.425903811460267,1.0178689990425482,1079.284406001534,33.0
1772924377,10,GET,/api/audio/levels,20.900000,0.000000,3,5,8,10,15,24,870,1000,1000,1000,1000,5621,0,3,19.35665516369778,1.0466029998497106,1063.1027659983374,75.41914250133428
1772924377,10,GET,/api/audio/levels (during plugin swap),6.800000,0.000000,3,4,7,11,16,22,25,28,28,28,28,1439,0,3,28.526436719185718,1.052685001923237,1065.1855479991355,75.22237665045171
1772924377,10,GET,/api/audio/levels/plugins,6.800000,0.000000,2,3,3,4,11,13,16,18,18,18,18,1439,0,2,5.0889423773804205,1.0223909994238056,1062.972121002531,19.39332870048645
1772924377,10,GET,/api/audio/status,16.600000,0.000000,2,2,3,4,8,10,15,17,19,19,19,4255,0,2,3.7916322806438996,1.0277559995302,1004.4843630021205,168.0
1772924377,10,GET,/api/chains/,0.000000,0.000000,0,0,0,0,0,0,0,0,0,0,0,160,0,4,35.78325576258976,1.3513000012608245,1038.7257460024557,1448.1
1772924377,10,GET,/api/chains/{id},16.600000,0.000000,3,8,10,12,18,22,990,1000,1100,1100,1100,4255,0,3,22.361570622994414,1.204680997034302,1069.5006570022088,501.78895417156286
1772924377,10,POST,/api/chains/{id}/activate,16.600000,0.000000,3,4,6,7,15,22,26,37,40,40,40,4255,0,3,6.3600000902551,1.1701449984684587,1069.5832089986652,53.22538190364277
1772924377,10,POST,/api/chains/{id}/deactivate,16.600000,0.000000,2,2,3,3,9,11,15,17,20,20,20,4255,0,2,3.978530611243968,1.162620999821229,1083.7654569986626,61.81198589894242
1772924377,10,POST,/api/plugins/batch/parameters (500 updates),9.400000,0.000000,6,10,13,14,23,27,900,1000,1000,1000,1000,2575,0,6,22.96693380629063,2.806248998240335,1074.2657150003652,881.1332038834952
1772924377,10,GET,/api/plugins/discover,0.000000,0.000000,0,0,0,0,0,0,0,0,0,0,0,160,0,13,18.220616150142632,10.576317999948515,58.00965399976121,85406.0
1772924377,10,GET,/api/plugins/list,0.000000,0.000000,0,0,0,0,0,0,0,0,0,0,0,160,0,2,5.07641034982953,1.080333000572864,43.401594997703796,29.4
1772924377,10,POST,/api/plugins/load?uri,6.800000,0.000000,3,3,4,4,12,21,25,29,29,29,29,1439,0,3,5.588076002134157,1.2616650019481312,256.2621520009998,2203.2807505211954
1772924377,10,POST,/api/plugins/unload?uri,6.800000,0.000000,2,2,3,5,15,16,23,26,26,26,26,1439,0,2,3.4531534926711926,1.1658449984679464,64.64023000080488,108.03961084086171
1772924377,10,,Aggregated,144.800000,0.000000,2,4,6,8,14,20,27,41,1000,1100,1100,37073,0,2,11.451747901853544,1.0178689990425482,1083.7654569986626,636.0769293016481
1772924378,10,GET,/api/audio/latency,20.700000,0.000000,2,3,4,7,15,19,24,24,26,26,26,5645,0,2,5.418986299769296,1.0178689990425482,1079.284406001534,33.0
1772924378,10,GET,/api/audio/levels,20.700000,0.000000,3,5,8,9,14,23,870,1000,1000,1000,1000,5645,0,3,19.296309439884766,1.0466029998497106,1063.1027659983374,75.41576616474757
1772924378,10,GET,/api/audio/levels (during plugin swap),7.000000,0.000000,2,4,8,9,13,22,23,25,25,25,25,1444,0,3,28.442537732622853,1.052685001923237,1065.1855479991355,75.22368421052632
1772924378,10,GET,/api/audio/levels/plugins,7.000000,0.000000,2,2,3,4,11,13,16,18,18,18,18,1444,0,2,5.076309905156565,1.0223909994238056,1062.972121002531,19.401662049861496
1772924378,10,GET,/api/audio/status,16.800000,0.000000,2,2,3,4,8,11,15,19,21,21,21,4267,0,2,3.792987790284355,1.0277559995302,1004.4843630021205,168.0
1772924378,10,GET,/api/chains/,0.000000,0.000000,0,0,0,0,0,0,0,0,0,0,0,160,0,4,35.78325576258976,1.3513000012608245,1038.7257460024557,1448.1
1772924378,10,GET,/api/chains/{id},16.800000,0.000000,3,8,10,12,17,22,990,1000,1100,1100,1100,4268,0,3,22.305409470673307,1.204680997034302,1069.5006570022088,501.74179943767575
1772924378,10,POST,/api/chains/{id}/activate,16.800000,0.000000,3,4,6,7,15,22,26,37,40,40,40,4267,0,3,6.361995194993941,1.1701449984684587,1069.5832089986652,53.21513944223108
1772924378,10,POST,/api/chains/{id}/deactivate,16.800000,0.000000,2,2,2,3,6,11,14,16,17,17,17,4267,0,2,3.9718980001976294,1.162620999821229,1083.7654569986626,61.81251464729318
1772924378,10,POST,/api/plugins/batch/parameters (500 updates),10.400000,0.000000,6,9,13,14,21,26,27,900,1000,1000,1000,2594,0,6,22.859026814262,2.806248998240335,1074.2657150003652,881.494602929838
1772924378,10,GET,/api/plugins/discover,0.000000,0.000000,0,0,0,0,0,0,0,0,0,0,0,160,0,13,18.220616150142632,10.576317999948515,58.00965399976121,85406.0
1772924378,10,GET,/api/plugins/list,0.000000,0.000000,0,0,0,0,0,0,0,0,0,0,0,160,0,2,5.07641034982953,1.080333000572864,43.401594997703796,29.4
1772924378,10,POST,/api/plugins/load?uri,7.000000,0.000000,3,3,4,6,15,21,22,25,25,25,25,1444,0,3,5.59380199728142,1.2616650019481312,256.2621520009998,2202.603185595568
1772924378,10,POST,/api/plugins/unload?uri,7.000000,0.000000,1,2,3,4,16,17,23,26,26,26,26,1444,0,2,3.4457213386079695,1.1658449984679464,64.64023000080488,108.03116343490305
1772924378,10,,Aggregated,147.000000,0.000000,2,4,6,8,14,20,25,32,1000,1100,1100,37209,0,2,11.427347728785827,1.0178689990425482,1083.7654569986626,634.8537181864602
1772924379,10,GET,/api/audio/latency,19.900000,0.000000,2,3,4,6,14,17,24,24,26,26,26,5665,0,2,5.4081193700236065,1.0178689990425482,1079.284406001534,33.0
1772924379,10,GET,/api/audio/levels,19.900000,0.000000,3,4,7,9,13,24,870,1000,1000,1000,1000,5665,0,3,19.2414334902295,1.0466029998497106,1063.1027659983374,75.41412180052957
1772924379,10,GET,/api/audio/levels (during plugin swap),7.200000,0.000000,2,4,6,8,11,19,23,25,25,25,25,1449,0,3,28.357327342933477,1.052685001923237,1065.1855479991355,75.22498274672188
1772924379,10,GET,/api/audio/levels/plugins,7.200000,0.000000,2,3,3,4,11,13,16,18,18,18,18,1449,0,2,5.071251724671697,1.0223909994238056,1062.972121002531,19.40993788819876
1772924379,10,GET,/api/audio/status,16.900000,0.000000,2,2,3,4,7,10,15,17,21,21,21,4285,0,2,3.78811260190152,1.0277559995302,1004.4843630021205,168.0
1772924379,10,GET,/api/chains/,0.000000,0.000000,0,0,0,0,0,0,0,0,0,0,0,160,0,4,35.78325576258976,1.3513000012608245,1038.7257460024557,1448.1
1772924379,10,GET,/api/chains/{id},16.900000,0.000000,3,7,10,12,16,22,990,1000,1100,1100,1100,4285,0,3,22.23395150801226,1.204680997034302,1069.5006570022088,501.6532088681447
1772924379,10,POST,/api/chains/{id}/activate,16.900000,0.000000,3,4,6,8,17,22,26,37,40,40,40,4285,0,3,6.362144981340525,1.1701449984684587,1069.5832089986652,53.2144690781797
1772924379,10,POST,/api/chains/{id}/deactivate,16.900000,0.000000,2,2,3,3,7,11,13,15,16,16,16,4285,0,2,3.9680712048636133,1.162620999821229,1083.7654569986626,61.813302217036174
1772924379,10,POST,/api/plugins/batch/parameters (500 updates),10.300000,0.000000,5,9,11,13,21,24,27,900,1000,1000,1000,2610,0,6,22.760433107737736,2.806248998240335,1074.2657150003652,881.6172413793104
1772924379,10,GET,/api/plugins/discover,0.000000,0.000000,0,0,0,0,0,0,0,0,0,0,0,160,0,13,18.220616150142632,10.576317999948515,58.00965399976121,85406.0
1772924379,10,GET,/api/plugins/list,0.000000,0.000000,0,0,0,0,0,0,0,0,0,0,0,160,0,2,5.07641034982953,1.080333000572864,43.401594997703796,29.4
1772924379,10,POST,/api/plugins/load?uri,7.200000,0.000000,3,3,4,6,14,18,22,25,25,25,25,1449,0,3,5.591830789563718,1.2616650019481312,256.2621520009998,2208.104899930987
1772924379,10,POST,/api/plugins/unload?uri,7.200000,0.000000,1,2,3,4,15,16,23,26,26,26,26,1449,0,2,3.440609941998332,1.1658449984679464,64.64023000080488,108.01932367149759
1772924379,10,,Aggregated,146.500000,0.000000,2,4,5,8,14,19,25,32,1000,1100,1100,37356,0,2,11.398244760798791,1.0178689990425482,1083.7654569986626,633.6892333226256
1772924380,10,GET,/api/audio/latency,20.100000,0.000000,2,3,3,6,14,17,24,24,26,26,26,5688,0,2,5.406444108504291,1.0178689990425482,1079.284406001534,33.0
1772924380,10,GET,/api/audio/levels,20.100000,0.000000,3,4,7,9,13,24,870,1000,1000,1000,1000,5688,0,3,19.196231244928978,1.0466029998497106,1063.1027659983374,75.41578762306611
1772924380,10,GET,/api/audio/levels (during plugin swap),6.600000,0.000000,3,5,8,11,17,22,25,30,30,30,30,1462,0,3,28.17676367571942,1.052685001923237,1065.1855479991355,75.2140902872777
1772924380,10,GET,/api/audio/levels/plugins,6.600000,0.000000,2,3,3,4,9,13,16,18,18,18,18,1462,0,2,5.042191385804616,1.0223909994238056,1062.972121002531,19.388508891928865
1772924380,10,GET,/api/audio/status,17.100000,0.000000,2,2,3,4,7,10,15,17,21,21,21,4297,0,2,3.7832286139498366,1.0277559995302,1004.4843630021205,168.0
1772924380,10,GET,/api/chains/,0.000000,0.000000,0,0,0,0,0,0,0,0,0,0,0,160,0,4,35.78325576258976,1.3513000012608245,1038.7257460024557,1448.1
1772924380,10,GET,/api/chains/{id},17.100000,0.000000,3,7,9,11,15,22,990,1000,1100,1100,1100,4297,0,3,22.188702807964752,1.204680997034302,1069.5006570022088,501.6467302769374
1772924380,10,POST,/api/chains/{id}/activate,17.100000,0.000000,3,4,6,7,16,22,26,37,40,40,40,4297,0,3,6.3577652089931185,1.1701449984684587,1069.5832089986652,53.210146613916685
1772924380,10,POST,/api/chains/{id}/deactivate,17.100000,0.000000,2,2,3,3,7,11,13,15,16,16,16,4297,0,2,3.962224959002176,1.162620999821229,1083.7654569986626,61.81382359785897
1772924380,10,POST,/api/plugins/batch/parameters (500 updates),10.200000,0.000000,5,9,10,13,21,26,43,900,1000,1000,1000,2622,0,6,22.703628739968835,2.806248998240335,1074.2657150003652,881.6220442410374
1772924380,10,GET,/api/plugins/discover,0.000000,0.000000,0,0,0,0,0,0,0,0,0,0,0,160,0,13,18.220616150142632,10.576317999948515,58.00965399976121,85406.0
1772924380,10,GET,/api/plugins/list,0.000000,0.000000,0,0,0,0,0,0,0,0,0,0,0,160,0,2,5.07641034982953,1.080333000572864,43.401594997703796,29.4
1772924380,10,POST,/api/plugins/load?uri,6.600000,0.000000,3,3,4,8,15,17,21,25,25,25,25,1462,0,3,5.5894579193438165,1.2616650019481312,256.2621520009998,2209.2291381668947
1772924380,10,POST,/api/plugins/unload?uri,6.600000,0.000000,1,2,3,4,15,16,23,26,26,26,26,1462,0,2,3.4248755827272044,1.1658449984679464,64.64023000080488,108.02530779753762
1772924380,10,,Aggregated,145.200000,0.000000,3,4,5,8,13,19,25,37,1000,1100,1100,37514,0,2,11.37210726876252,1.0178689990425482,1083.7654569986626,632.4973876419471
1772924381,10,GET,/api/audio/latency,19.900000,0.000000,2,3,3,4,11,15,19,21,22,22,22,5707,0,2,5.396008222561303,1.0178689990425482,1079.284406001534,33.0
1772924381,10,GET,/api/audio/levels,19.900000,0.000000,3,4,6,9,12,19,30,30,49,49,49,5707,0,3,19.149822124084015,1.0466029998497106,1063.1027659983374,75.41913439635535
1772924381,10,GET,/api/audio/levels (during plugin swap),6.400000,0.000000,3,4,8,9,17,22,25,30,30,30,30,1473,0,3,27.99751225112452,1.052685001923237,1065.1855479991355,75.19755600814663
1772924381,10,GET,/api/audio/levels/plugins,6.400000,0.000000,2,3,3,4,9,13,16,18,18,18,18,1473,0,2,5.028341046199439,1.0223909994238056,1062.972121002531,19.374745417515275
1772924381,10,GET,/api/audio/status,16.600000,0.000000,2,2,3,3,5,9,15,17,21,21,21,4318,0,2,3.7763325565409684,1.0277559995302,1004.4843630021205,168.0
1772924381,10,GET,/api/chains/,0.000000,0.000000,0,0,0,0,0,0,0,0,0,0,0,160,0,4,35.78325576258976,1.3513000012608245,1038.7257460024557,1448.1
1772924381,10,GET,/api/chains/{id},16.600000,0.000000,3,5,9,10,14,19,22,25,32,32,32,4318,0,3,22.1040626282598,1.204680997034302,1069.5006570022088,501.75335803612785
1772924381,10,POST,/api/chains/{id}/activate,16.600000,0.000000,3,4,5,6,15,20,22,25,25,25,25,4318,0,3,6.344524689680188,1.1701449984684587,1069.5832089986652,53.20842982862436
1772924381,10,POST,/api/chains/{id}/deactivate,16.600000,0.000000,2,2,3,3,8,11,13,15,16,16,16,4318,0,2,3.9568400763878673,1.162620999821229,1083.7654569986626,61.81472904122279
1772924381,10,POST,/api/plugins/batch/parameters (500 updates),11.500000,0.000000,5,8,10,12,20,23,27,27,43,43,43,2635,0,6,22.62825058679608,2.806248998240335,1074.2657150003652,881.6235294117647
1772924381,10,GET,/api/plugins/discover,0.000000,0.000000,0,0,0,0,0,0,0,0,0,0,0,160,0,13,18.220616150142632,10.576317999948515,58.00965399976121,85406.0
1772924381,10,GET,/api/plugins/list,0.000000,0.000000,0,0,0,0,0,0,0,0,0,0,0,160,0,2,5.07641034982953,1.080333000572864,43.401594997703796,29.4
1772924381,10,POST,/api/plugins/load?uri,6.400000,0.000000,3,3,4,6,14,17,21,25,25,25,25,1473,0,3,5.572618782810918,1.2616650019481312,256.2621520009998,2217.175831636117
1772924381,10,POST,/api/plugins/unload?uri,6.400000,0.000000,1,2,3,3,14,16,23,26,26,26,26,1473,0,2,3.4119681642522455,1.1658449984679464,64.64023000080488,108.05770536320435
1772924381,10,,Aggregated,143.300000,0.000000,2,4,5,7,12,17,22,25,43,49,49,37693,0,2,11.335673923390496,1.0178689990425482,1083.7654569986626,631.3168227522351
1772924382,10,GET,/api/audio/latency,19.900000,0.000000,2,3,3,4,11,16,19,21,22,22,22,5709,0,2,5.394645145761641,1.0178689990425482,1079.284406001534,33.0
1772924382,10,GET,/api/audio/levels,19.900000,0.000000,3,5,7,9,13,20,30,30,49,49,49,5709,0,3,19.143723554413082,1.0466029998497106,1063.1027659983374,75.41828691539675
1772924382,10,GET,/api/audio/levels (during plugin swap),6.400000,0.000000,3,5,8,9,17,19,25,30,30,30,30,1473,0,3,27.99751225112452,1.052685001923237,1065.1855479991355,75.19755600814663
1772924382,10,GET,/api/audio/levels/plugins,6.400000,0.000000,2,3,3,4,9,13,16,18,18,18,18,1473,0,2,5.028341046199439,1.0223909994238056,1062.972121002531,19.374745417515275
1772924382,10,GET,/api/audio/status,16.600000,0.000000,2,2,3,4,7,10,16,17,21,21,21,4322,0,2,3.7740910155359675,1.0277559995302,1004.4843630021205,168.0
1772924382,10,GET,/api/chains/,0.000000,0.000000,0,0,0,0,0,0,0,0,0,0,0,160,0,4,35.78325576258976,1.3513000012608245,1038.7257460024557,1448.1
1772924382,10,GET,/api/chains/{id},16.600000,0.000000,3,6,9,10,14,19,25,25,32,32,32,4322,0,3,22.084979513610957,1.204680997034302,1069.5006570022088,501.594400740398
1772924382,10,POST,/api/chains/{id}/activate,16.600000,0.000000,4,4,6,7,15,20,24,25,25,25,25,4322,0,3,6.339868876454537,1.1701449984684587,1069.5832089986652,53.21471540953262
1772924382,10,POST,/api/chains/{id}/deactivate,16.600000,0.000000,2,2,3,4,8,11,13,14,16,16,16,4321,0,2,3.955225189272184,1.162620999821229,1083.7654569986626,61.81485767183522
1772924382,10,POST,/api/plugins/batch/parameters (500 updates),11.500000,0.000000,5,8,10,12,20,23,27,27,43,43,43,2636,0,6,22.624382547878593,2.806248998240335,1074.2657150003652,881.5823216995448
1772924382,10,GET,/api/plugins/discover,0.000000,0.000000,0,0,0,0,0,0,0,0,0,0,0,160,0,13,18.220616150142632,10.576317999948515,58.00965399976121,85406.0
1772924382,10,GET,/api/plugins/list,0.000000,0.000000,0,0,0,0,0,0,0,0,0,0,0,160,0,2,5.07641034982953,1.080333000572864,43.401594997703796,29.4
1772924382,10,POST,/api/plugins/load?uri,6.400000,0.000000,3,3,4,8,15,17,21,25,25,25,25,1473,0,3,5.572618782810918,1.2616650019481312,256.2621520009998,2217.175831636117
1772924382,10,POST,/api/plugins/unload?uri,6.400000,0.000000,1,2,2,4,14,16,17,26,26,26,26,1473,0,2,3.4119681642522455,1.1658449984679464,64.64023000080488,108.05770536320435
1772924382,10,,Aggregated,143.300000,0.000000,2,4,5,7,13,17,22,25,43,49,49,37713,0,2,11.330734417875906,1.0178689990425482,1083.7654569986626,631.0722562511601
1772924383,10,GET,/api/audio/latency,19.900000,0.000000,2,3,3,4,10,16,19,21,22,22,22,5730,0,2,5.387850372800919,1.0178689990425482,1079.284406001534,33.0
1772924383,10,GET,/api/audio/levels,19.900000,0.000000,3,4,8,10,15,20,49,1000,1000,1000,1000,5730,0,3,19.61215482306009,1.0466029998497106,1063.1027659983374,75.42303664921467
1772924383,10,GET,/api/audio/levels (during plugin swap),7.500000,0.000000,3,6,9,11,19,22,30,1000,1000,1000,1000,1479,0,3,28.588091028338333,1.052685001923237,1065.1855479991355,75.1974306964165
1772924383,10,GET,/api/audio/levels/plugins,7.500000,0.000000,2,2,3,3,9,13,13,16,16,16,16,1479,0,2,5.022002818833337,1.0223909994238056,1062.972121002531,19.37052062204192
1772924383,10,GET,/api/audio/status,17.000000,0.000000,2,2,3,4,7,10,16,17,21,21,21,4338,0,2,3.7693481083770064,1.0277559995302,1004.4843630021205,168.0
1772924383,10,GET,/api/chains/,0.000000,0.000000,0,0,0,0,0,0,0,0,0,0,0,160,0,4,35.78325576258976,1.3513000012608245,1038.7257460024557,1448.1
1772924383,10,GET,/api/chains/{id},17.000000,0.000000,3,8,10,12,16,22,1000,1100,1100,1100,1100,4338,0,3,22.98957151609665,1.204680997034302,1069.5006570022088,501.50829875518673
1772924383,10,POST,/api/chains/{id}/activate,17.000000,0.000000,3,4,5,7,15,20,22,25,25,25,25,4338,0,3,6.337789393047128,1.1701449984684587,1069.5832089986652,53.21668971876441
1772924383,10,POST,/api/chains/{id}/deactivate,17.000000,0.000000,2,2,3,5,9,11,14,16,1100,1100,1100,4338,0,2,4.195545413057637,1.162620999821229,1083.7654569986626,61.80982019363762
1772924383,10,POST,/api/plugins/batch/parameters (500 updates),11.900000,0.000000,5,8,10,13,20,23,27,43,980,980,980,2646,0,6,22.933389448680675,2.806248998240335,1074.2657150003652,881.6345427059713
1772924383,10,GET,/api/plugins/discover,0.000000,0.000000,0,0,0,0,0,0,0,0,0,0,0,160,0,13,18.220616150142632,10.576317999948515,58.00965399976121,85406.0
1772924383,10,GET,/api/plugins/list,0.000000,0.000000,0,0,0,0,0,0,0,0,0,0,0,160,0,2,5.07641034982953,1.080333000572864,43.401594997703796,29.4
1772924383,10,POST,/api/plugins/load?uri,7.500000,0.000000,3,3,4,6,14,17,18,21,21,21,21,1479,0,3,5.564131826964356,1.2616650019481312,256.2621520009998,2217.5672751859365
1772924383,10,POST,/api/plugins/unload?uri,7.500000,0.000000,1,2,2,4,14,16,16,17,17,17,17,1479,0,2,3.413526698406751,1.1658449984679464,64.64023000080488,108.06017579445572
1772924383,10,,Aggregated,149.700000,0.000000,3,4,5,7,13,17,23,30,1100,1100,1100,37854,0,2,11.574621146889218,1.0178689990425482,1083.7654569986626,629.7408464098907
1772924384,10,GET,/api/audio/latency,19.900000,0.000000,2,3,3,4,9,14,19,19,22,22,22,5760,0,2,5.375533096553732,1.0178689990425482,1079.284406001534,33.0
1772924384,10,GET,/api/audio/levels,19.900000,0.000000,3,4,7,10,15,19,49,1000,1000,1000,1000,5760,0,3,19.537700049153273,1.0466029998497106,1063.1027659983374,75.42621527777777
1772924384,10,GET,/api/audio/levels (during plugin swap),7.900000,0.000000,3,4,8,11,19,22,30,1000,1000,1000,1000,1484,0,3,28.498830014090384,1.052685001923237,1065.1855479991355,75.1900269541779
1772924384,10,GET,/api/audio/levels/plugins,7.900000,0.000000,2,2,3,3,9,11,13,13,13,13,13,1484,0,2,5.0122878046210655,1.0223909994238056,1062.972121002531,19.378706199460918
1772924384,10,GET,/api/audio/status,17.200000,0.000000,2,2,3,4,5,8,15,16,21,21,21,4354,0,2,3.765195120151891,1.0277559995302,1004.4843630021205,168.0
1772924384,10,GET,/api/chains/,0.000000,0.000000,0,0,0,0,0,0,0,0,0,0,0,160,0,4,35.78325576258976,1.3513000012608245,1038.7257460024557,1448.1
1772924384,10,GET,/api/chains/{id},17.200000,0.000000,3,7,10,12,15,22,1000,1100,1100,1100,1100,4355,0,3,22.92165534071721,1.204680997034302,1069.5006570022088,501.5382319173364
1772924384,10,POST,/api/chains/{id}/activate,17.200000,0.000000,3,4,5,8,15,20,21,25,25,25,25,4354,0,3,6.341455382186953,1.1701449984684587,1069.5832089986652,53.21864951768489
1772924384,10,POST,/api/chains/{id}/deactivate,17.200000,0.000000,2,2,3,4,6,9,12,12,1100,1100,1100,4354,0,2,4.188501190823976,1.162620999821229,1083.7654569986626,61.81051906293064
1772924384,10,POST,/api/plugins/batch/parameters (500 updates),12.300000,0.000000,5,8,11,14,20,23,27,43,980,980,980,2658,0,6,22.8688629808902,2.806248998240335,1074.2657150003652,881.5443942814146
1772924384,10,GET,/api/plugins/discover,0.000000,0.000000,0,0,0,0,0,0,0,0,0,0,0,160,0,13,18.220616150142632,10.576317999948515,58.00965399976121,85406.0
1772924384,10,GET,/api/plugins/list,0.000000,0.000000,0,0,0,0,0,0,0,0,0,0,0,160,0,2,5.07641034982953,1.080333000572864,43.401594997703796,29.4
1772924384,10,POST,/api/plugins/load?uri,7.900000,0.000000,3,3,4,8,14,16,17,21,21,21,21,1484,0,3,5.559184212316573,1.2616650019481312,256.2621520009998,2222.5148247978436
1772924384,10,POST,/api/plugins/unload?uri,7.900000,0.000000,1,2,2,2,4,14,16,16,16,16,16,1484,0,2,3.408009661685071,1.1658449984679464,64.64023000080488,108.0599730458221
1772924384,10,,Aggregated,152.500000,0.000000,2,4,5,7,13,17,22,30,1100,1100,1100,38011,0,2,11.54511114986007,1.0178689990425482,1083.7654569986626,628.3565546815396
1772924385,10,GET,/api/audio/latency,18.500000,0.000000,2,3,3,4,10,15,19,22,82,82,82,5790,0,2,5.380634091735202,1.0178689990425482,1079.284406001534,33.0
1772924385,10,GET,/api/audio/levels,18.500000,0.000000,3,4,8,10,15,19,67,1000,1000,1000,1000,5790,0,3,19.479459968411565,1.0466029998497106,1063.1027659983374,75.42711571675302
1772924385,10,GET,/api/audio/levels (during plugin swap),7.300000,0.000000,3,4,8,11,19,23,30,1000,1000,1000,1000,1488,0,3,28.44350913300263,1.052685001923237,1065.1855479991355,75.20161290322581
1772924385,10,GET,/api/audio/levels/plugins,7.300000,0.000000,2,2,3,3,9,12,13,13,13,13,13,1488,0,2,5.004921590092616,1.0223909994238056,1062.972121002531,19.381720430107528
1772924385,10,GET,/api/audio/status,15.700000,0.000000,2,2,3,3,5,8,15,16,21,21,21,4368,0,2,3.7597783944931753,1.0277559995302,1004.4843630021205,168.0
1772924385,10,GET,/api/chains/,0.000000,0.000000,0,0,0,0,0,0,0,0,0,0,0,160,0,4,35.78325576258976,1.3513000012608245,1038.7257460024557,1448.1
1772924385,10,GET,/api/chains/{id},15.700000,0.000000,3,5,9,12,15,22,1000,1100,1100,1100,1100,4368,0,3,22.868986733248757,1.204680997034302,1069.5006570022088,501.6868131868132
1772924385,10,POST,/api/chains/{id}/activate,15.700000,0.000000,3,4,7,8,15,20,21,25,25,25,25,4368,0,3,6.337838589066091,1.1701449984684587,1069.5832089986652,53.21749084249084
1772924385,10,POST,/api/chains/{id}/deactivate,15.700000,0.000000,2,2,3,4,6,11,12,15,1100,1100,1100,4368,0,2,4.189119655185152,1.162620999821229,1083.7654569986626,61.81112637362637
1772924385,10,POST,/api/plugins/batch/parameters (500 updates),12.300000,0.000000,5,8,11,14,20,23,24,43,980,980,980,2670,0,6,22.800020519552188,2.806248998240335,1074.2657150003652,881.6977528089888
1772924385,10,GET,/api/plugins/discover,0.000000,0.000000,0,0,0,0,0,0,0,0,0,0,0,160,0,13,18.220616150142632,10.576317999948515,58.00965399976121,85406.0
1772924385,10,GET,/api/plugins/list,0.000000,0.000000,0,0,0,0,0,0,0,0,0,0,0,160,0,2,5.07641034982953,1.080333000572864,43.401594997703796,29.4
1772924385,10,POST,/api/plugins/load?uri,7.300000,0.000000,3,3,4,11,15,17,20,21,21,21,21,1488,0,3,5.56283521375927,1.2616650019481312,256.2621520009998,2224.02688172043
1772924385,10,POST,/api/plugins/unload?uri,7.300000,0.000000,1,2,2,2,4,14,16,16,16,16,16,1488,0,2,3.4053563648769574,1.1658449984679464,64.64023000080488,108.0524193548387
1772924385,10,,Aggregated,141.300000,0.000000,2,4,5,7,13,17,23,43,1100,1100,1100,38154,0,2,11.523850139731326,1.0178689990425482,1083.7654569986626,626.9800545159092
1772924386,10,GET,/api/audio/latency,19.300000,0.000000,2,3,3,4,10,15,19,21,82,82,82,5814,0,2,5.373982719324243,1.0178689990425482,1079.284406001534,33.0
1772924386,10,GET,/api/audio/levels,19.300000,0.000000,3,5,8,11,16,19,49,960,1000,1000,1000,5814,0,3,19.42373739956915,1.0466029998497106,1063.1027659983374,75.42604059167526
1772924386,10,GET,/api/audio/levels (during plugin swap),7.000000,0.000000,3,5,8,9,19,23,30,1000,1000,1000,1000,1491,0,3,28.406465739714825,1.052685001923237,1065.1855479991355,75.19718309859155
1772924386,10,GET,/api/audio/levels/plugins,7.100000,0.000000,2,2,3,3,4,12,13,14,14,14,14,1491,0,2,5.0056078726072695,1.0223909994238056,1062.972121002531,19.388329979879277
1772924386,10,GET,/api/audio/status,15.500000,0.000000,2,2,3,3,6,13,18,21,26,26,26,4389,0,2,3.7684826072321806,1.0277559995302,1004.4843630021205,168.0
1772924386,10,GET,/api/chains/,0.000000,0.000000,0,0,0,0,0,0,0,0,0,0,0,160,0,4,35.78325576258976,1.3513000012608245,1038.7257460024557,1448.1
1772924386,10,GET,/api/chains/{id},15.500000,0.000000,3,5,8,12,15,18,1000,1100,1100,1100,1100,4390,0,3,22.783396794495484,1.204680997034302,1069.5006570022088,501.6749430523918
1772924386,10,POST,/api/chains/{id}/activate,15.500000,0.000000,3,4,6,8,15,20,21,21,25,25,25,4390,0,3,6.32870562689016,1.1701449984684587,1069.5832089986652,53.21731207289294
1772924386,10,POST,/api/chains/{id}/deactivate,15.500000,0.000000,2,2,3,4,9,13,17,21,1100,1100,1100,4388,0,2,4.19870600702864,1.162620999821229,1083.7654569986626,61.811987237921606
1772924386,10,POST,/api/plugins/batch/parameters (500 updates),12.500000,0.000000,5,9,11,14,20,21,23,43,980,980,980,2685,0,6,22.73018406190009,2.806248998240335,1074.2657150003652,881.8472998137803
1772924386,10,GET,/api/plugins/discover,0.000000,0.000000,0,0,0,0,0,0,0,0,0,0,0,160,0,13,18.220616150142632,10.576317999948515,58.00965399976121,85406.0
1772924386,10,GET,/api/plugins/list,0.000000,0.000000,0,0,0,0,0,0,0,0,0,0,0,160,0,2,5.07641034982953,1.080333000572864,43.401594997703796,29.4
1772924386,10,POST,/api/plugins/load?uri,7.100000,0.000000,3,3,4,9,14,17,17,20,20,20,20,1491,0,3,5.561715175102186,1.2616650019481312,256.2621520009998,2222.6841046277664
1772924386,10,POST,/api/plugins/unload?uri,7.100000,0.000000,1,2,2,2,4,5,8,14,14,14,14,1491,0,2,3.4068655894960633,1.1658449984679464,64.64023000080488,108.05298457411133
1772924386,10,,Aggregated,141.400000,0.000000,2,4,5,7,14,18,22,43,1100,1100,1100,38314,0,2,11.500047282124422,1.0178689990425482,1083.7654569986626,625.3647491778462
1772924387,10,GET,/api/audio/latency,21.000000,0.000000,2,3,3,4,7,14,20,21,82,82,82,5830,0,2,5.369636588190274,1.0178689990425482,1079.284406001534,33.0
1772924387,10,GET,/api/audio/levels,21.000000,0.000000,3,4,7,10,16,19,67,1000,1000,1000,1000,5830,0,3,19.379760548899103,1.0466029998497106,1063.1027659983374,75.43499142367067
1772924387,10,GET,/api/audio/levels (during plugin swap),6.300000,0.000000,3,5,8,12,19,23,1000,1000,1000,1000,1000,1492,0,3,28.395692073668496,1.052685001923237,1065.1855479991355,75.19571045576407
1772924387,10,GET,/api/audio/levels/plugins,6.300000,0.000000,2,2,3,3,9,12,14,14,14,14,14,1492,0,2,5.0035511937394475,1.0223909994238056,1062.972121002531,19.39343163538874
1772924387,10,GET,/api/audio/status,15.400000,0.000000,2,2,3,3,6,11,19,21,26,26,26,4409,0,2,3.768216159931076,1.0277559995302,1004.4843630021205,168.0
1772924387,10,GET,/api/chains/,0.000000,0.000000,0,0,0,0,0,0,0,0,0,0,0,160,0,4,35.78325576258976,1.3513000012608245,1038.7257460024557,1448.1
1772924387,10,GET,/api/chains/{id},15.400000,0.000000,3,5,8,12,15,19,1000,1100,1100,1100,1100,4409,0,3,22.713245888599914,1.204680997034302,1069.5006570022088,501.741211158993
1772924387,10,POST,/api/chains/{id}/activate,15.400000,0.000000,3,4,6,8,15,20,21,21,25,25,25,4409,0,3,6.326671532785119,1.1701449984684587,1069.5832089986652,53.21819006577455
1772924387,10,POST,/api/chains/{id}/deactivate,15.400000,0.000000,2,2,3,5,11,14,21,33,1100,1100,1100,4409,0,2,4.203128483067072,1.162620999821229,1083.7654569986626,61.81288273985031
1772924387,10,POST,/api/plugins/batch/parameters (500 updates),11.700000,0.000000,5,9,11,14,20,21,23,43,980,980,980,2703,0,6,22.62319319134436,2.806248998240335,1074.2657150003652,881.7883832778394
1772924387,10,GET,/api/plugins/discover,0.000000,0.000000,0,0,0,0,0,0,0,0,0,0,0,160,0,13,18.220616150142632,10.576317999948515,58.00965399976121,85406.0
1772924387,10,GET,/api/plugins/list,0.000000,0.000000,0,0,0,0,0,0,0,0,0,0,0,160,0,2,5.07641034982953,1.080333000572864,43.401594997703796,29.4
1772924387,10,POST,/api/plugins/load?uri,6.300000,0.000000,3,3,4,11,16,17,20,20,20,20,20,1492,0,3,5.568616660239351,1.2616650019481312,256.2621520009998,2222.1836461126004
1772924387,10,POST,/api/plugins/unload?uri,6.300000,0.000000,1,2,2,2,4,5,14,14,14,14,14,1492,0,2,3.405468671540856,1.1658449984679464,64.64023000080488,108.0529490616622
1772924387,10,,Aggregated,140.500000,0.000000,2,4,5,7,14,18,23,52,1100,1100,1100,38447,0,2,11.478034238804103,1.0178689990425482,1083.7654569986626,624.1035971597264
1772924388,10,GET,/api/audio/latency,21.600000,0.000000,2,3,3,4,8,15,20,21,82,82,82,5850,0,2,5.3619076454961965,1.0178689990425482,1079.284406001534,33.0
1772924388,10,GET,/api/audio/levels,21.600000,0.000000,3,5,8,12,17,20,67,1000,1000,1000,1000,5850,0,3,19.33149432958602,1.0466029998497106,1063.1027659983374,75.43555555555555
1772924388,10,GET,/api/audio/levels (during plugin swap),6.200000,0.000000,3,4,8,12,19,23,1000,1000,1000,1000,1000,1496,0,3,28.32631105007399,1.052685001923237,1065.1855479991355,75.19852941176471
1772924388,10,GET,/api/audio/levels/plugins,6.200000,0.000000,2,2,3,3,4,12,14,14,14,14,14,1496,0,2,4.995754882391844,1.0223909994238056,1062.972121002531,19.39639037433155
1772924388,10,GET,/api/audio/status,14.900000,0.000000,2,2,3,3,6,11,16,19,26,26,26,4434,0,2,3.759697797051684,1.0277559995302,1004.4843630021205,168.0
1772924388,10,GET,/api/chains/,0.000000,0.000000,0,0,0,0,0,0,0,0,0,0,0,160,0,4,35.78325576258976,1.3513000012608245,1038.7257460024557,1448.1
1772924388,10,GET,/api/chains/{id},14.900000,0.000000,3,5,8,11,15,24,1000,1100,1100,1100,1100,4434,0,3,22.60921788561697,1.204680997034302,1069.5006570022088,501.7280108254398
1772924388,10,POST,/api/chains/{id}/activate,14.900000,0.000000,3,4,5,7,14,19,21,21,21,21,21,4434,0,3,6.310680596311193,1.1701449984684587,1069.5832089986652,53.22823635543527
1772924388,10,POST,/api/chains/{id}/deactivate,14.900000,0.000000,2,2,3,4,9,14,17,33,1100,1100,1100,4434,0,2,4.194716972451108,1.162620999821229,1083.7654569986626,61.81393775372125
1772924388,10,POST,/api/plugins/batch/parameters (500 updates),11.200000,0.000000,5,10,14,15,20,23,26,43,980,980,980,2722,0,6,22.540096897206883,2.806248998240335,1074.2657150003652,881.6903012490816
1772924388,10,GET,/api/plugins/discover,0.000000,0.000000,0,0,0,0,0,0,0,0,0,0,0,160,0,13,18.220616150142632,10.576317999948515,58.00965399976121,85406.0
1772924388,10,GET,/api/plugins/list,0.000000,0.000000,0,0,0,0,0,0,0,0,0,0,0,160,0,2,5.07641034982953,1.080333000572864,43.401594997703796,29.4
1772924388,10,POST,/api/plugins/load?uri,6.200000,0.000000,3,3,4,9,14,17,20,20,20,20,20,1496,0,3,5.560519135746834,1.2616650019481312,256.2621520009998,2219.001336898396
1772924388,10,POST,/api/plugins/unload?uri,6.200000,0.000000,1,2,2,2,4,5,14,14,14,14,14,1496,0,2,3.4012292412674903,1.1658449984679464,64.64023000080488,108.04545454545455
1772924388,10,,Aggregated,138.800000,0.000000,2,4,5,7,14,18,23,49,1100,1100,1100,38622,0,2,11.444790058367454,1.0178689990425482,1083.7654569986626,622.3943866190255
1772924389,10,GET,/api/audio/latency,21.200000,0.000000,2,3,4,4,10,16,20,21,82,82,82,5869,0,2,5.3589478117488705,1.0178689990425482,1079.284406001534,33.0
1772924389,10,GET,/api/audio/levels,21.200000,0.000000,3,5,8,10,17,19,67,1000,1000,1000,1000,5869,0,3,19.287330424446928,1.0466029998497106,1063.1027659983374,75.43874595331403
1772924389,10,GET,/api/audio/levels (during plugin swap),5.600000,0.000000,3,4,8,9,19,23,1000,1000,1000,1000,1000,1501,0,3,28.255695015262262,1.052685001923237,1065.1855479991355,75.20852764823451
1772924389,10,GET,/api/audio/levels/plugins,5.600000,0.000000,2,2,3,3,4,12,14,14,14,14,14,1501,0,2,4.986496018690614,1.0223909994238056,1062.972121002531,19.40439706862092
1772924389,10,GET,/api/audio/status,15.600000,0.000000,2,2,3,3,6,10,16,19,26,26,26,4460,0,2,3.7539198150519413,1.0277559995302,1004.4843630021205,168.0
1772924389,10,GET,/api/chains/,0.000000,0.000000,0,0,0,0,0,0,0,0,0,0,0,160,0,4,35.78325576258976,1.3513000012608245,1038.7257460024557,1448.1
1772924389,10,GET,/api/chains/{id},15.600000,0.000000,3,5,9,11,16,24,1000,1100,1100,1100,1100,4460,0,3,22.527156927314167,1.204680997034302,1069.5006570022088,501.44910313901346
1772924389,10,POST,/api/chains/{id}/activate,15.600000,0.000000,3,4,5,7,13,18,21,21,21,21,21,4460,0,3,6.301292789245428,1.1701449984684587,1069.5832089986652,53.24529147982063
1772924389,10,POST,/api/chains/{id}/deactivate,15.600000,0.000000,2,2,4,5,9,14,17,33,1100,1100,1100,4460,0,2,4.189004030904716,1.162620999821229,1083.7654569986626,61.809417040358746
1772924389,10,POST,/api/plugins/batch/parameters (500 updates),12.100000,0.000000,5,9,13,15,20,21,24,26,980,980,980,2734,0,6,22.469494182221442,2.806248998240335,1074.2657150003652,881.7809070958302
1772924389,10,GET,/api/plugins/discover,0.000000,0.000000,0,0,0,0,0,0,0,0,0,0,0,160,0,13,18.220616150142632,10.576317999948515,58.00965399976121,85406.0
1772924389,10,GET,/api/plugins/list,0.000000,0.000000,0,0,0,0,0,0,0,0,0,0,0,160,0,2,5.07641034982953,1.080333000572864,43.401594997703796,29.4
1772924389,10,POST,/api/plugins/load?uri,5.600000,0.000000,3,3,4,4,14,17,20,20,20,20,20,1501,0,3,5.561954765543075,1.2616650019481312,256.2621520009998,2215.1019320453033
1772924389,10,POST,/api/plugins/unload?uri,5.600000,0.000000,1,2,2,2,4,5,14,14,14,14,14,1501,0,2,3.396823225139366,1.1658449984679464,64.64023000080488,108.0346435709527
1772924389,10,,Aggregated,139.300000,0.000000,2,4,5,7,14,18,23,48,1100,1100,1100,38796,0,2,11.415543608084315,1.0178689990425482,1083.7654569986626,620.5924579853593
1772924390,10,GET,/api/audio/latency,20.900000,0.000000,2,3,3,4,8,14,20,21,82,82,82,5894,0,2,5.346079080956667,1.0178689990425482,1079.284406001534,33.0
1772924390,10,GET,/api/audio/levels,20.900000,0.000000,3,4,7,9,16,19,67,1000,1000,1000,1000,5894,0,3,19.225136897874815,1.0466029998497106,1063.1027659983374,75.43501866304716
1772924390,10,GET,/api/audio/levels (during plugin swap),5.200000,0.000000,3,4,8,9,20,23,1000,1000,1000,1000,1000,1508,0,3,28.13874098601518,1.052685001923237,1065.1855479991355,75.20689655172414
1772924390,10,GET,/api/audio/levels/plugins,5.200000,0.000000,2,2,3,4,4,13,14,14,14,14,14,1508,0,2,4.971682965555403,1.0223909994238056,1062.972121002531,19.396551724137932
1772924390,10,GET,/api/audio/status,15.800000,0.000000,2,2,3,4,7,12,18,19,26,26,26,4480,0,2,3.7530219569459535,1.0277559995302,1004.4843630021205,168.0
1772924390,10,GET,/api/chains/,0.000000,0.000000,0,0,0,0,0,0,0,0,0,0,0,160,0,4,35.78325576258976,1.3513000012608245,1038.7257460024557,1448.1
1772924390,10,GET,/api/chains/{id},15.800000,0.000000,3,5,9,12,16,25,1000,1100,1100,1100,1100,4480,0,3,22.44869528768163,1.204680997034302,1069.5006570022088,501.4404017857143
1772924390,10,POST,/api/chains/{id}/activate,15.800000,0.000000,3,4,5,7,13,17,20,21,21,21,21,4480,0,3,6.290369353581582,1.1701449984684587,1069.5832089986652,53.24754464285714
1772924390,10,POST,/api/chains/{id}/deactivate,15.800000,0.000000,2,2,4,6,11,16,18,33,1100,1100,1100,4480,0,2,4.192067291258387,1.162620999821229,1083.7654569986626,61.8046875
1772924390,10,POST,/api/plugins/batch/parameters (500 updates),12.600000,0.000000,5,10,14,15,20,21,26,27,980,980,980,2745,0,6,22.42264408677294,2.806248998240335,1074.2657150003652,881.8375227686703
1772924390,10,GET,/api/plugins/discover,0.000000,0.000000,0,0,0,0,0,0,0,0,0,0,0,160,0,13,18.220616150142632,10.576317999948515,58.00965399976121,85406.0
1772924390,10,GET,/api/plugins/list,0.000000,0.000000,0,0,0,0,0,0,0,0,0,0,0,160,0,2,5.07641034982953,1.080333000572864,43.401594997703796,29.4
1772924390,10,POST,/api/plugins/load?uri,5.200000,0.000000,3,3,4,4,14,19,20,20,20,20,20,1508,0,3,5.54831798148496,1.2616650019481312,256.2621520009998,2214.486074270557
1772924390,10,POST,/api/plugins/unload?uri,5.200000,0.000000,1,2,2,3,5,8,14,14,14,14,14,1508,0,2,3.391916589478796,1.1658449984679464,64.64023000080488,108.02718832891247
1772924390,10,,Aggregated,138.400000,0.000000,2,4,5,7,14,18,23,48,1100,1100,1100,38965,0,2,11.38414352973781,1.0178689990425482,1083.7654569986626,619.0339792121134
1772924391,10,GET,/api/audio/latency,20.200000,0.000000,2,3,4,4,9,15,20,21,82,82,82,5913,0,2,5.34667765908176,1.0178689990425482,1079.284406001534,33.0
1772924391,10,GET,/api/audio/levels,20.300000,0.000000,3,5,7,10,16,19,28,960,1000,1000,1000,5913,0,3,19.18444349603707,1.0466029998497106,1063.1027659983374,75.4337899543379
1772924391,10,GET,/api/audio/levels (during plugin swap),5.100000,0.000000,3,4,4,5,18,23,1000,1000,1000,1000,1000,1517,0,3,27.990404367771415,1.052685001923237,1065.1855479991355,75.21094264996704
1772924391,10,GET,/api/audio/levels/plugins,5.100000,0.000000,2,2,3,4,4,13,15,15,15,15,15,1517,0,2,4.96315771592977,1.0223909994238056,1062.972121002531,19.390243902439025
1772924391,10,GET,/api/audio/status,16.900000,0.000000,2,2,3,3,6,12,18,19,26,26,26,4493,0,2,3.749126569803395,1.0277559995302,1004.4843630021205,168.0
1772924391,10,GET,/api/chains/,0.000000,0.000000,0,0,0,0,0,0,0,0,0,0,0,160,0,4,35.78325576258976,1.3513000012608245,1038.7257460024557,1448.1
1772924391,10,GET,/api/chains/{id},16.900000,0.000000,3,5,9,12,16,28,1000,1100,1100,1100,1100,4494,0,3,22.406662545577415,1.204680997034302,1069.5006570022088,501.2828215398309
1772924391,10,POST,/api/chains/{id}/activate,16.900000,0.000000,3,4,6,8,14,19,21,22,25,25,25,4493,0,3,6.293380704661422,1.1701449984684587,1069.5832089986652,53.24482528377476
1772924391,10,POST,/api/chains/{id}/deactivate,16.900000,0.000000,2,2,4,6,11,16,18,33,1100,1100,1100,4493,0,2,4.188110291751162,1.162620999821229,1083.7654569986626,61.80525261517917
1772924391,10,POST,/api/plugins/batch/parameters (500 updates),12.300000,0.000000,5,10,13,15,18,21,26,27,980,980,980,2759,0,6,22.342483378826493,2.806248998240335,1074.2657150003652,881.7027908662559
1772924391,10,GET,/api/plugins/discover,0.000000,0.000000,0,0,0,0,0,0,0,0,0,0,0,160,0,13,18.220616150142632,10.576317999948515,58.00965399976121,85406.0
1772924391,10,GET,/api/plugins/list,0.000000,0.000000,0,0,0,0,0,0,0,0,0,0,0,160,0,2,5.07641034982953,1.080333000572864,43.401594997703796,29.4
1772924391,10,POST,/api/plugins/load?uri,5.100000,0.000000,3,4,5,5,12,16,20,20,20,20,20,1517,0,3,5.547625604535227,1.2616650019481312,256.2621520009998,2220.5082399472644
1772924391,10,POST,/api/plugins/unload?uri,5.100000,0.000000,2,2,3,3,5,8,14,14,14,14,14,1517,0,2,3.3878702484743695,1.1658449984679464,64.64023000080488,108.06855636123929
1772924391,10,,Aggregated,140.800000,0.000000,3,4,5,7,14,18,24,52,1100,1100,1100,39106,0,2,11.362135817757796,1.0178689990425482,1083.7654569986626,618.207359484478
1772924392,10,GET,/api/audio/latency,20.000000,0.000000,2,3,3,4,9,16,20,21,82,82,82,5940,0,2,5.341443407263128,1.0178689990425482,1079.284406001534,33.0
1772924392,10,GET,/api/audio/levels,20.000000,0.000000,3,5,7,10,15,18,23,28,67,67,67,5940,0,3,19.126466691256674,1.0466029998497106,1063.1027659983374,75.43367003367004
1772924392,10,GET,/api/audio/levels (during plugin swap),5.200000,0.000000,3,4,4,5,12,20,23,23,23,23,23,1519,0,3,27.955110409421053,1.052685001923237,1065.1855479991355,75.20803159973667
1772924392,10,GET,/api/audio/levels/plugins,5.200000,0.000000,2,2,3,4,4,13,15,15,15,15,15,1519,0,2,4.958264793986605,1.0223909994238056,1062.972121002531,19.391705069124423
1772924392,10,GET,/api/audio/status,17.700000,0.000000,2,2,3,3,6,10,18,19,26,26,26,4514,0,2,3.7413156537741954,1.0277559995302,1004.4843630021205,168.0
1772924392,10,GET,/api/chains/,0.000000,0.000000,0,0,0,0,0,0,0,0,0,0,0,160,0,4,35.78325576258976,1.3513000012608245,1038.7257460024557,1448.1
1772924392,10,GET,/api/chains/{id},17.700000,0.000000,3,5,8,11,15,18,34,52,62,62,62,4514,0,3,22.33791454382444,1.204680997034302,1069.5006570022088,501.0868409393
1772924392,10,POST,/api/chains/{id}/activate,17.700000,0.000000,3,4,6,8,15,19,21,25,27,27,27,4514,0,3,6.300798976085935,1.1701449984684587,1069.5832089986652,53.24302171023483
1772924392,10,POST,/api/chains/{id}/deactivate,17.700000,0.000000,2,2,4,5,11,15,17,21,33,33,33,4514,0,2,4.181367990881017,1.162620999821229,1083.7654569986626,61.806158617634026
1772924392,10,POST,/api/plugins/batch/parameters (500 updates),12.400000,0.000000,5,9,12,15,18,20,24,26,27,27,27,2771,0,6,22.281750861850327,2.806248998240335,1074.2657150003652,881.708408516781
1772924392,10,GET,/api/plugins/discover,0.000000,0.000000,0,0,0,0,0,0,0,0,0,0,0,160,0,13,18.220616150142632,10.576317999948515,58.00965399976121,85406.0
1772924392,10,GET,/api/plugins/list,0.000000,0.000000,0,0,0,0,0,0,0,0,0,0,0,160,0,2,5.07641034982953,1.080333000572864,43.401594997703796,29.4
1772924392,10,POST,/api/plugins/load?uri,5.200000,0.000000,3,4,5,5,11,16,20,20,20,20,20,1519,0,3,5.54234231078311,1.2616650019481312,256.2621520009998,2219.6247531270574
1772924392,10,POST,/api/plugins/unload?uri,5.200000,0.000000,2,2,2,3,5,8,14,14,14,14,14,1519,0,2,3.3851921651985633,1.1658449984679464,64.64023000080488,108.07834101382488
1772924392,10,,Aggregated,144.000000,0.000000,2,4,5,7,14,17,21,26,67,82,82,39263,0,2,11.33712277180168,1.0178689990425482,1083.7654569986626,616.5534472658737
1772924393,10,GET,/api/audio/latency,20.000000,0.000000,2,3,4,4,10,17,21,40,82,82,82,5942,0,2,5.340324231428267,1.0178689990425482,1079.284406001534,33.0
1772924393,10,GET,/api/audio/levels,20.000000,0.000000,3,5,7,9,15,18,26,28,67,67,67,5942,0,3,19.120756230909716,1.0466029998497106,1063.1027659983374,75.43285089195557
1772924393,10,GET,/api/audio/levels (during plugin swap),5.200000,0.000000,3,4,4,5,12,23,23,23,23,23,23,1519,0,3,27.955110409421053,1.052685001923237,1065.1855479991355,75.20803159973667
1772924393,10,GET,/api/audio/levels/plugins,5.200000,0.000000,2,2,3,3,4,14,15,15,15,15,15,1519,0,2,4.958264793986605,1.0223909994238056,1062.972121002531,19.391705069124423
1772924393,10,GET,/api/audio/status,17.700000,0.000000,2,2,3,3,7,12,18,19,26,26,26,4514,0,2,3.7413156537741954,1.0277559995302,1004.4843630021205,168.0
1772924393,10,GET,/api/chains/,0.000000,0.000000,0,0,0,0,0,0,0,0,0,0,0,160,0,4,35.78325576258976,1.3513000012608245,1038.7257460024557,1448.1
1772924393,10,GET,/api/chains/{id},17.700000,0.000000,3,5,7,10,15,19,34,52,62,62,62,4514,0,3,22.33791454382444,1.204680997034302,1069.5006570022088,501.0868409393
1772924393,10,POST,/api/chains/{id}/activate,17.700000,0.000000,3,4,5,7,15,19,21,25,27,27,27,4514,0,3,6.300798976085935,1.1701449984684587,1069.5832089986652,53.24302171023483
1772924393,10,POST,/api/chains/{id}/deactivate,17.700000,0.000000,2,2,4,6,11,15,17,21,33,33,33,4514,0,2,4.181367990881017,1.162620999821229,1083.7654569986626,61.806158617634026
1772924393,10,POST,/api/plugins/batch/parameters (500 updates),12.400000,0.000000,6,9,12,15,18,21,24,26,27,27,27,2771,0,6,22.281750861850327,2.806248998240335,1074.2657150003652,881.708408516781
1772924393,10,GET,/api/plugins/discover,0.000000,0.000000,0,0,0,0,0,0,0,0,0,0,0,160,0,13,18.220616150142632,10.576317999948515,58.00965399976121,85406.0
1772924393,10,GET,/api/plugins/list,0.000000,0.000000,0,0,0,0,0,0,0,0,0,0,0,160,0,2,5.07641034982953,1.080333000572864,43.401594997703796,29.4
1772924393,10,POST,/api/plugins/load?uri,5.200000,0.000000,3,4,5,5,14,19,20,20,20,20,20,1519,0,3,5.54234231078311,1.2616650019481312,256.2621520009998,2219.6247531270574
1772924393,10,POST,/api/plugins/unload?uri,5.200000,0.000000,2,2,3,3,5,8,8,8,8,8,8,1519,0,2,3.3851921651985633,1.1658449984679464,64.64023000080488,108.07834101382488
1772924393,10,,Aggregated,144.000000,0.000000,2,4,5,7,14,17,21,27,67,82,82,39267,0,2,11.33618064815886,1.0178689990425482,1083.7654569986626,616.4960399317494
1772924394,10,GET,/api/audio/latency,21.800000,0.000000,2,3,4,4,11,17,24,27,40,40,40,5966,0,2,5.345183228821528,1.0178689990425482,1079.284406001534,33.0
1772924394,10,GET,/api/audio/levels,21.800000,0.000000,3,5,9,10,15,18,28,960,1000,1000,1000,5966,0,3,19.539637019956412,1.0466029998497106,1063.1027659983374,75.43613811599062
1772924394,10,GET,/api/audio/levels (during plugin swap),4.500000,0.000000,3,4,4,4,8,18,1000,1000,1000,1000,1000,1526,0,3,28.508615408201333,1.052685001923237,1065.1855479991355,75.20642201834862
1772924394,10,GET,/api/audio/levels/plugins,4.500000,0.000000,2,3,3,4,7,15,27,27,27,27,27,1526,0,2,4.981508137002868,1.0223909994238056,1062.972121002531,19.401048492791613
1772924394,10,GET,/api/audio/status,18.300000,0.000000,2,2,3,3,7,12,18,19,26,26,26,4530,0,2,3.7363184711111237,1.0277559995302,1004.4843630021205,168.0
1772924394,10,GET,/api/chains/,0.000000,0.000000,0,0,0,0,0,0,0,0,0,0,0,160,0,4,35.78325576258976,1.3513000012608245,1038.7257460024557,1448.1
1772924394,10,GET,/api/chains/{id},18.300000,0.000000,3,5,9,11,17,28,62,1000,1000,1000,1000,4530,0,3,22.953430711000113,1.204680997034302,1069.5006570022088,501.00573951434876
1772924394,10,POST,/api/chains/{id}/activate,18.300000,0.000000,3,4,5,7,16,20,27,34,37,37,37,4530,0,3,6.307595704427143,1.1701449984684587,1069.5832089986652,53.23929359823399
1772924394,10,POST,/api/chains/{id}/deactivate,18.400000,0.000000,2,2,4,6,11,15,17,21,33,33,33,4530,0,2,4.177002967734578,1.162620999821229,1083.7654569986626,61.80684326710817
1772924394,10,POST,/api/plugins/batch/parameters (500 updates),12.500000,0.000000,6,10,14,16,20,23,930,970,1100,1100,1100,2787,0,6,23.259241429564007,2.806248998240335,1074.2657150003652,881.8048080373161
1772924394,10,GET,/api/plugins/discover,0.000000,0.000000,0,0,0,0,0,0,0,0,0,0,0,160,0,13,18.220616150142632,10.576317999948515,58.00965399976121,85406.0
1772924394,10,GET,/api/plugins/list,0.000000,0.000000,0,0,0,0,0,0,0,0,0,0,0,160,0,2,5.07641034982953,1.080333000572864,43.401594997703796,29.4
1772924394,10,POST,/api/plugins/load?uri,4.500000,0.000000,3,4,4,5,9,16,26,26,26,26,26,1526,0,3,5.543278748411508,1.2616650019481312,256.2621520009998,2222.368283093054
1772924394,10,POST,/api/plugins/unload?uri,4.500000,0.000000,2,3,3,4,7,8,16,16,16,16,16,1526,0,2,3.396739304679021,1.1658449984679464,64.64023000080488,108.08519003931848
1772924394,10,,Aggregated,147.400000,0.000000,3,4,5,7,14,19,27,40,1000,1100,1100,39423,0,2,11.56399514215741,1.0178689990425482,1083.7654569986626,615.3331304061081
1772924395,10,GET,/api/audio/latency,22.700000,0.000000,2,2,4,4,11,17,24,27,40,40,40,5984,0,2,5.337797766569103,1.0178689990425482,1079.284406001534,33.0
1772924395,10,GET,/api/audio/levels,22.700000,0.000000,3,5,8,10,15,20,28,960,1000,1000,1000,5984,0,3,19.49590233857999,1.0466029998497106,1063.1027659983374,75.4375
1772924395,10,GET,/api/audio/levels (during plugin swap),4.300000,0.000000,2,4,4,4,8,17,1000,1000,1000,1000,1000,1535,0,3,28.363325141964886,1.052685001923237,1065.1855479991355,75.21042345276872
1772924395,10,GET,/api/audio/levels/plugins,4.300000,0.000000,2,2,3,3,4,15,27,27,27,27,27,1535,0,2,4.961981201999069,1.0223909994238056,1062.972121002531,19.394788273615635
1772924395,10,GET,/api/audio/status,18.300000,0.000000,2,2,3,3,6,10,16,19,19,19,19,4551,0,2,3.7305845210135415,1.0277559995302,1004.4843630021205,168.0
1772924395,10,GET,/api/chains/,0.000000,0.000000,0,0,0,0,0,0,0,0,0,0,0,160,0,4,35.78325576258976,1.3513000012608245,1038.7257460024557,1448.1
1772924395,10,GET,/api/chains/{id},18.300000,0.000000,3,5,8,10,17,28,62,1000,1000,1000,1000,4551,0,3,22.870332101697354,1.204680997034302,1069.5006570022088,500.84860470226323
1772924395,10,POST,/api/chains/{id}/activate,18.300000,0.000000,3,4,5,7,16,21,27,34,37,37,37,4551,0,3,6.295690662284327,1.1701449984684587,1069.5832089986652,53.23753021313997
1772924395,10,POST,/api/chains/{id}/deactivate,18.300000,0.000000,2,2,3,4,10,14,17,18,33,33,33,4551,0,2,4.16578664179984,1.162620999821229,1083.7654569986626,61.80773456383213
1772924395,10,POST,/api/plugins/batch/parameters (500 updates),12.900000,0.000000,6,9,14,16,20,23,930,970,1100,1100,1100,2798,0,6,23.195809420729717,2.806248998240335,1074.2657150003652,881.7430307362401
1772924395,10,GET,/api/plugins/discover,0.000000,0.000000,0,0,0,0,0,0,0,0,0,0,0,160,0,13,18.220616150142632,10.576317999948515,58.00965399976121,85406.0
1772924395,10,GET,/api/plugins/list,0.000000,0.000000,0,0,0,0,0,0,0,0,0,0,0,160,0,2,5.07641034982953,1.080333000572864,43.401594997703796,29.4
1772924395,10,POST,/api/plugins/load?uri,4.300000,0.000000,3,4,4,5,14,19,27,27,27,27,27,1535,0,3,5.544368050858725,1.2616650019481312,256.2621520009998,2220.272312703583
1772924395,10,POST,/api/plugins/unload?uri,4.300000,0.000000,2,2,3,4,7,8,16,16,16,16,16,1535,0,2,3.3862658566359207,1.1658449984679464,64.64023000080488,108.11074918566776
1772924395,10,,Aggregated,148.700000,0.000000,2,4,5,7,14,18,27,40,1000,1100,1100,39590,0,2,11.530522970377888,1.0178689990425482,1083.7654569986626,613.8963122000505
1772924396,10,GET,/api/audio/latency,20.600000,0.000000,2,3,4,4,15,17,24,27,40,40,40,6009,0,2,5.337006872049937,1.0178689990425482,1079.284406001534,33.0
1772924396,10,GET,/api/audio/levels,20.600000,0.000000,3,5,9,10,15,18,28,960,1000,1000,1000,6009,0,3,19.436681124490896,1.0466029998497106,1063.1027659983374,75.43601264769512
1772924396,10,GET,/api/audio/levels (during plugin swap),4.000000,0.000000,3,4,4,8,12,23,44,1000,1000,1000,1000,1546,0,3,28.243680011585074,1.052685001923237,1065.1855479991355,75.21151358344113
1772924396,10,GET,/api/audio/levels/plugins,4.000000,0.000000,2,3,4,4,12,15,27,27,27,27,27,1546,0,2,4.973488425009106,1.0223909994238056,1062.972121002531,19.38163001293661
1772924396,10,GET,/api/audio/status,17.500000,0.000000,2,2,3,3,6,8,15,16,19,19,19,4567,0,2,3.7322741517696576,1.0277559995302,1004.4843630021205,168.0
1772924396,10,GET,/api/chains/,0.000000,0.000000,0,0,0,0,0,0,0,0,0,0,0,160,0,4,35.78325576258976,1.3513000012608245,1038.7257460024557,1448.1
1772924396,10,GET,/api/chains/{id},17.500000,0.000000,3,5,7,11,17,27,62,1000,1000,1000,1000,4567,0,3,22.811371066088242,1.204680997034302,1069.5006570022088,500.88022772060435
1772924396,10,POST,/api/chains/{id}/activate,17.500000,0.000000,3,4,5,7,16,21,27,34,37,37,37,4567,0,3,6.294238746017601,1.1701449984684587,1069.5832089986652,53.233851543682945
1772924396,10,POST,/api/chains/{id}/deactivate,17.500000,0.000000,1,2,3,4,9,11,17,19,40,40,40,4567,0,2,4.17269467283285,1.162620999821229,1083.7654569986626,61.80840814539085
1772924396,10,POST,/api/plugins/batch/parameters (500 updates),12.500000,0.000000,6,11,15,16,22,26,930,970,1100,1100,1100,2811,0,6,23.155437571041663,2.806248998240335,1074.2657150003652,881.655638562789
1772924396,10,GET,/api/plugins/discover,0.000000,0.000000,0,0,0,0,0,0,0,0,0,0,0,160,0,13,18.220616150142632,10.576317999948515,58.00965399976121,85406.0
1772924396,10,GET,/api/plugins/list,0.000000,0.000000,0,0,0,0,0,0,0,0,0,0,0,160,0,2,5.07641034982953,1.080333000572864,43.401594997703796,29.4
1772924396,10,POST,/api/plugins/load?uri,4.000000,0.000000,3,4,5,7,16,20,26,27,27,27,27,1546,0,3,5.572005914662695,1.2616650019481312,256.2621520009998,2219.3318240620956
1772924396,10,POST,/api/plugins/unload?uri,4.000000,0.000000,2,3,3,3,6,8,9,16,16,16,16,1546,0,2,3.383930336312585,1.1658449984679464,64.64023000080488,108.09184993531694
1772924396,10,,Aggregated,139.700000,0.000000,2,4,5,7,14,19,27,40,1000,1100,1100,39761,0,2,11.509640195826451,1.0178689990425482,1083.7654569986626,612.5574809486683
1772924397,10,GET,/api/audio/latency,19.900000,0.000000,2,3,3,4,15,17,24,27,40,40,40,6031,0,2,5.328373818300389,1.0178689990425482,1079.284406001534,33.0
1772924397,10,GET,/api/audio/levels,19.900000,0.000000,3,5,9,10,15,18,28,960,1000,1000,1000,6031,0,3,19.381423516176934,1.0466029998497106,1063.1027659983374,75.43359310230476
1772924397,10,GET,/api/audio/levels (during plugin swap),4.700000,0.000000,3,4,8,10,17,23,44,1000,1000,1000,1000,1552,0,3,28.171182059217358,1.052685001923237,1065.1855479991355,75.21971649484536
1772924397,10,GET,/api/audio/levels/plugins,4.700000,0.000000,2,3,4,4,12,15,27,27,27,27,27,1552,0,2,4.962732748106308,1.0223909994238056,1062.972121002531,19.37757731958763
1772924397,10,GET,/api/audio/status,17.700000,0.000000,2,2,3,3,7,10,16,19,19,19,19,4587,0,2,3.7325406758497888,1.0277559995302,1004.4843630021205,168.0
1772924397,10,GET,/api/chains/,0.000000,0.000000,0,0,0,0,0,0,0,0,0,0,0,160,0,4,35.78325576258976,1.3513000012608245,1038.7257460024557,1448.1
1772924397,10,GET,/api/chains/{id},17.700000,0.000000,3,5,10,11,17,27,62,1000,1000,1000,1000,4587,0,3,22.739089149732447,1.204680997034302,1069.5006570022088,500.6886854153041
1772924397,10,POST,/api/chains/{id}/activate,17.700000,0.000000,3,4,5,7,16,21,27,34,37,37,37,4587,0,3,6.29839045412304,1.1701449984684587,1069.5832089986652,53.23065184216264
1772924397,10,POST,/api/chains/{id}/deactivate,17.700000,0.000000,2,2,3,3,8,11,17,19,40,40,40,4587,0,2,4.162514965297537,1.162620999821229,1083.7654569986626,61.80924351427949
1772924397,10,POST,/api/plugins/batch/parameters (500 updates),12.800000,0.000000,5,10,12,16,21,25,930,970,1100,1100,1100,2829,0,6,23.050797932206446,2.806248998240335,1074.2657150003652,881.6217744786144
1772924397,10,GET,/api/plugins/discover,0.000000,0.000000,0,0,0,0,0,0,0,0,0,0,0,160,0,13,18.220616150142632,10.576317999948515,58.00965399976121,85406.0
1772924397,10,GET,/api/plugins/list,0.000000,0.000000,0,0,0,0,0,0,0,0,0,0,0,160,0,2,5.07641034982953,1.080333000572864,43.401594997703796,29.4
1772924397,10,POST,/api/plugins/load?uri,4.700000,0.000000,3,5,5,8,17,20,26,27,27,27,27,1552,0,3,5.5761821810997345,1.2616650019481312,256.2621520009998,2218.456829896907
1772924397,10,POST,/api/plugins/unload?uri,4.700000,0.000000,2,3,3,3,6,8,9,16,16,16,16,1552,0,2,3.378214812462679,1.1658449984679464,64.64023000080488,108.0798969072165
1772924397,10,,Aggregated,142.200000,0.000000,2,4,5,7,15,18,27,40,1000,1100,1100,39927,0,2,11.481427087441135,1.0178689990425482,1083.7654569986626,611.1652265384326
1772924398,10,GET,/api/audio/latency,18.900000,0.000000,2,3,4,5,15,18,21,26,40,40,40,6058,0,2,5.330294946544852,1.0178689990425482,1079.284406001534,33.0
1772924398,10,GET,/api/audio/levels,18.900000,0.000000,3,5,9,11,16,20,32,960,1000,1000,1000,6058,0,3,19.332030417803875,1.0466029998497106,1063.1027659983374,75.43347639484979
1772924398,10,GET,/api/audio/levels (during plugin swap),4.900000,0.000000,3,4,8,11,17,25,44,1000,1000,1000,1000,1554,0,3,28.151671472911996,1.052685001923237,1065.1855479991355,75.21685971685972
1772924398,10,GET,/api/audio/levels/plugins,4.900000,0.000000,2,3,4,4,12,15,27,27,27,27,27,1554,0,2,4.958804532857515,1.0223909994238056,1062.972121002531,19.38738738738739
1772924398,10,GET,/api/audio/status,18.100000,0.000000,2,2,3,3,7,12,17,19,21,21,21,4600,0,2,3.7357692256797317,1.0277559995302,1004.4843630021205,168.0
1772924398,10,GET,/api/chains/,0.000000,0.000000,0,0,0,0,0,0,0,0,0,0,0,160,0,4,35.78325576258976,1.3513000012608245,1038.7257460024557,1448.1
1772924398,10,GET,/api/chains/{id},18.200000,0.000000,3,6,10,12,17,25,62,1000,1000,1000,1000,4600,0,3,22.697322105179964,1.204680997034302,1069.5006570022088,500.6847826086956
1772924398,10,POST,/api/chains/{id}/activate,18.100000,0.000000,4,5,6,8,17,23,27,37,54,54,54,4600,0,3,6.309767235884267,1.1701449984684587,1069.5832089986652,53.22260869565218
1772924398,10,POST,/api/chains/{id}/deactivate,18.000000,0.000000,2,2,3,3,8,13,18,23,40,40,40,4600,0,2,4.162852609961587,1.162620999821229,1083.7654569986626,61.80978260869565
1772924398,10,POST,/api/plugins/batch/parameters (500 updates),13.400000,0.000000,7,10,14,16,22,26,930,970,1100,1100,1100,2847,0,6,22.976969834988296,2.806248998240335,1074.2657150003652,881.6375131717598
1772924398,10,GET,/api/plugins/discover,0.000000,0.000000,0,0,0,0,0,0,0,0,0,0,0,160,0,13,18.220616150142632,10.576317999948515,58.00965399976121,85406.0
1772924398,10,GET,/api/plugins/list,0.000000,0.000000,0,0,0,0,0,0,0,0,0,0,0,160,0,2,5.07641034982953,1.080333000572864,43.401594997703796,29.4
1772924398,10,POST,/api/plugins/load?uri,4.900000,0.000000,3,5,5,8,16,20,26,27,27,27,27,1554,0,3,5.571969135178235,1.2616650019481312,256.2621520009998,2218.471685971686
1772924398,10,POST,/api/plugins/unload?uri,4.900000,0.000000,2,3,3,3,6,8,9,16,16,16,16,1554,0,2,3.376213803052477,1.1658449984679464,64.64023000080488,108.08558558558559
1772924398,10,,Aggregated,143.200000,0.000000,2,4,6,8,15,19,27,40,1000,1100,1100,40059,0,2,11.468036464995945,1.0178689990425482,1083.7654569986626,609.9966549339724
1772924399,10,GET,/api/audio/latency,19.900000,0.000000,2,3,4,5,14,18,21,26,40,40,40,6082,0,2,5.320754455636224,1.0178689990425482,1079.284406001534,33.0
1772924399,10,GET,/api/audio/levels,19.900000,0.000000,3,5,10,13,16,20,30,850,1000,1000,1000,6082,0,3,19.281203263408663,1.0466029998497106,1063.1027659983374,75.43456099967116
1772924399,10,GET,/api/audio/levels (during plugin swap),5.800000,0.000000,3,4,9,11,17,25,44,1000,1000,1000,1000,1559,0,3,28.07618491911886,1.052685001923237,1065.1855479991355,75.20974983964079
1772924399,10,GET,/api/audio/levels/plugins,5.800000,0.000000,2,3,4,4,12,15,27,27,27,27,27,1559,0,2,4.9481873759201465,1.0223909994238056,1062.972121002531,19.395125080179604
1772924399,10,GET,/api/audio/status,17.000000,0.000000,2,2,3,3,7,10,16,19,21,21,21,4621,0,2,3.730812020370507,1.0277559995302,1004.4843630021205,168.0
1772924399,10,GET,/api/chains/,0.000000,0.000000,0,0,0,0,0,0,0,0,0,0,0,160,0,4,35.78325576258976,1.3513000012608245,1038.7257460024557,1448.1
1772924399,10,GET,/api/chains/{id},17.100000,0.000000,3,6,10,12,17,25,62,1000,1000,1000,1000,4621,0,3,22.61416737238966,1.204680997034302,1069.5006570022088,500.78900670850464
1772924399,10,POST,/api/chains/{id}/activate,17.000000,0.000000,4,5,7,8,17,23,27,37,54,54,54,4621,0,3,6.299853810661472,1.1701449984684587,1069.5832089986652,53.22635793118373
1772924399,10,POST,/api/chains/{id}/deactivate,17.000000,0.000000,2,2,3,3,8,13,17,23,40,40,40,4621,0,2,4.16294861497984,1.162620999821229,1083.7654569986626,61.81064704609392
1772924399,10,POST,/api/plugins/batch/parameters (500 updates),12.700000,0.000000,6,10,12,16,22,25,930,970,1100,1100,1100,2862,0,6,22.887961178272313,2.806248998240335,1074.2657150003652,881.5695317959469
1772924399,10,GET,/api/plugins/discover,0.000000,0.000000,0,0,0,0,0,0,0,0,0,0,0,160,0,13,18.220616150142632,10.576317999948515,58.00965399976121,85406.0
1772924399,10,GET,/api/plugins/list,0.000000,0.000000,0,0,0,0,0,0,0,0,0,0,0,160,0,2,5.07641034982953,1.080333000572864,43.401594997703796,29.4
1772924399,10,POST,/api/plugins/load?uri,5.800000,0.000000,3,5,7,14,17,20,26,27,27,27,27,1559,0,3,5.579038059697806,1.2616650019481312,256.2621520009998,2215.857601026299
1772924399,10,POST,/api/plugins/unload?uri,5.800000,0.000000,2,3,3,3,7,9,15,16,16,16,16,1559,0,2,3.3793884124128195,1.1658449984679464,64.64023000080488,108.11866581141757
1772924399,10,,Aggregated,143.800000,0.000000,2,4,6,9,15,19,27,40,1000,1100,1100,40226,0,2,11.438553173626026,1.0178689990425482,1083.7654569986626,608.4755879282056
1772924400,10,GET,/api/audio/latency,20.100000,0.000000,2,3,4,6,15,18,26,30,33,33,33,6102,0,2,5.326853947913763,1.0178689990425482,1079.284406001534,33.0
1772924400,10,GET,/api/audio/levels,20.100000,0.000000,3,7,11,13,17,25,62,960,1000,1000,1000,6103,0,3,19.258495651654485,1.0466029998497106,1063.1027659983374,75.4389644437162
1772924400,10,GET,/api/audio/levels (during plugin swap),5.800000,0.000000,3,5,10,11,17,25,44,1000,1000,1000,1000,1565,0,3,27.987835631889833,1.052685001923237,1065.1855479991355,75.20127795527156
1772924400,10,GET,/api/audio/levels/plugins,5.800000,0.000000,2,3,3,4,12,15,27,27,27,27,27,1565,0,2,4.934718568091312,1.0223909994238056,1062.972121002531,19.399361022364218
1772924400,10,GET,/api/audio/status,17.200000,0.000000,2,2,3,3,6,9,17,19,21,21,21,4634,0,2,3.725755058292773,1.0277559995302,1004.4843630021205,168.0
1772924400,10,GET,/api/chains/,0.000000,0.000000,0,0,0,0,0,0,0,0,0,0,0,160,0,4,35.78325576258976,1.3513000012608245,1038.7257460024557,1448.1
1772924400,10,GET,/api/chains/{id},17.200000,0.000000,3,6,10,12,15,23,1000,1000,1000,1000,1000,4634,0,3,22.567638127709877,1.204680997034302,1069.5006570022088,500.63875701337935
1772924400,10,POST,/api/chains/{id}/activate,17.200000,0.000000,4,5,6,9,17,21,34,37,54,54,54,4634,0,3,6.297914418227837,1.1701449984684587,1069.5832089986652,53.218385843763485
1772924400,10,POST,/api/chains/{id}/deactivate,17.200000,0.000000,2,2,2,3,8,11,19,23,40,40,40,4634,0,2,4.15613078265522,1.162620999821229,1083.7654569986626,61.81117824773414
1772924400,10,POST,/api/plugins/batch/parameters (500 updates),12.300000,0.000000,6,10,14,16,22,26,930,970,1100,1100,1100,2874,0,6,22.838745476761375,2.806248998240335,1074.2657150003652,881.6868475991649
1772924400,10,GET,/api/plugins/discover,0.000000,0.000000,0,0,0,0,0,0,0,0,0,0,0,160,0,13,18.220616150142632,10.576317999948515,58.00965399976121,85406.0
1772924400,10,GET,/api/plugins/list,0.000000,0.000000,0,0,0,0,0,0,0,0,0,0,0,160,0,2,5.07641034982953,1.080333000572864,43.401594997703796,29.4
1772924400,10,POST,/api/plugins/load?uri,5.800000,0.000000,3,5,7,14,17,20,26,27,27,27,27,1565,0,3,5.5650058658599235,1.2616650019481312,256.2621520009998,2217.441533546326
1772924400,10,POST,/api/plugins/unload?uri,5.800000,0.000000,2,3,3,3,6,15,16,25,25,25,25,1565,0,2,3.3874065060381064,1.1658449984679464,64.64023000080488,108.10607028753994
1772924400,10,,Aggregated,144.500000,0.000000,2,4,6,9,15,20,27,40,1000,1100,1100,40355,0,2,11.42243621817032,1.0178689990425482,1083.7654569986626,607.5120555073721
1772924401,10,GET,/api/audio/latency,21.200000,0.000000,2,3,4,8,15,18,24,27,33,33,33,6128,0,2,5.333034782012563,1.0178689990425482,1079.284406001534,33.0
1772924401,10,GET,/api/audio/levels,21.100000,0.000000,3,8,11,13,17,23,32,850,1000,1000,1000,6128,0,3,19.21146157523593,1.0466029998497106,1063.1027659983374,75.4375
1772924401,10,GET,/api/audio/levels (during plugin swap),5.700000,0.000000,3,8,11,11,17,25,44,1000,1000,1000,1000,1570,0,3,27.918910041348013,1.052685001923237,1065.1855479991355,75.20254777070063
1772924401,10,GET,/api/audio/levels/plugins,5.700000,0.000000,2,3,3,4,9,14,27,27,27,27,27,1570,0,2,4.925133522331513,1.0223909994238056,1062.972121002531,19.407006369426753
1772924401,10,GET,/api/audio/status,16.300000,0.000000,2,2,3,4,7,15,19,19,21,21,21,4651,0,2,3.7283213175950616,1.0277559995302,1004.4843630021205,168.0
1772924401,10,GET,/api/chains/,0.000000,0.000000,0,0,0,0,0,0,0,0,0,0,0,160,0,4,35.78325576258976,1.3513000012608245,1038.7257460024557,1448.1
1772924401,10,GET,/api/chains/{id},16.300000,0.000000,3,4,9,11,15,23,1000,1000,1000,1000,1000,4651,0,3,22.499831344615618,1.204680997034302,1069.5006570022088,500.59772092023223
1772924401,10,POST,/api/chains/{id}/activate,16.300000,0.000000,4,5,6,7,16,21,34,37,54,54,54,4651,0,3,6.29365228167505,1.1701449984684587,1069.5832089986652,53.21092238228338
1772924401,10,POST,/api/chains/{id}/deactivate,16.300000,0.000000,2,2,2,3,9,13,19,23,40,40,40,4651,0,2,4.159594127679154,1.162620999821229,1083.7654569986626,61.81186841539454
1772924401,10,POST,/api/plugins/batch/parameters (500 updates),12.200000,0.000000,6,10,14,16,22,25,930,970,1100,1100,1100,2884,0,6,22.77937346747833,2.806248998240335,1074.2657150003652,881.6262135922331
1772924401,10,GET,/api/plugins/discover,0.000000,0.000000,0,0,0,0,0,0,0,0,0,0,0,160,0,13,18.220616150142632,10.576317999948515,58.00965399976121,85406.0
1772924401,10,GET,/api/plugins/list,0.000000,0.000000,0,0,0,0,0,0,0,0,0,0,0,160,0,2,5.07641034982953,1.080333000572864,43.401594997703796,29.4
1772924401,10,POST,/api/plugins/load?uri,5.700000,0.000000,3,4,7,9,17,20,26,27,27,27,27,1570,0,3,5.556021789219998,1.2616650019481312,256.2621520009998,2224.9745222929937
1772924401,10,POST,/api/plugins/unload?uri,5.700000,0.000000,2,3,3,3,7,16,21,25,25,25,25,1570,0,2,3.393874486589843,1.1658449984679464,64.64023000080488,108.11910828025478
1772924401,10,,Aggregated,142.500000,0.000000,2,4,7,9,15,20,27,40,1000,1100,1100,40504,0,2,11.4008222533401,1.0178689990425482,1083.7654569986626,606.4731384554611
1772924402,10,GET,/api/audio/latency,21.100000,0.000000,2,3,4,7,15,18,24,27,33,33,33,6149,0,2,5.324780098418368,1.0178689990425482,1079.284406001534,33.0
1772924402,10,GET,/api/audio/levels,21.100000,0.000000,3,8,11,13,17,23,32,850,1000,1000,1000,6149,0,3,19.164458700934297,1.0466029998497106,1063.1027659983374,75.43763213530656
1772924402,10,GET,/api/audio/levels (during plugin swap),5.500000,0.000000,3,9,11,12,17,25,44,1000,1000,1000,1000,1574,0,3,27.867004363990183,1.052685001923237,1065.1855479991355,75.19695044472681
1772924402,10,GET,/api/audio/levels/plugins,5.500000,0.000000,2,3,3,4,9,14,27,27,27,27,27,1573,0,2,4.918295328708546,1.0223909994238056,1062.972121002531,19.40495867768595
1772924402,10,GET,/api/audio/status,15.300000,0.000000,2,2,3,3,7,15,18,19,21,21,21,4673,0,2,3.7224408718437894,1.0277559995302,1004.4843630021205,168.0
1772924402,10,GET,/api/chains/,0.000000,0.000000,0,0,0,0,0,0,0,0,0,0,0,160,0,4,35.78325576258976,1.3513000012608245,1038.7257460024557,1448.1
1772924402,10,GET,/api/chains/{id},15.300000,0.000000,3,5,10,12,16,23,40,1000,1000,1000,1000,4673,0,3,22.435291564051425,1.204680997034302,1069.5006570022088,500.5559597688851
1772924402,10,POST,/api/chains/{id}/activate,15.300000,0.000000,3,5,6,8,17,21,27,37,54,54,54,4673,0,3,6.29700730623994,1.1701449984684587,1069.5832089986652,53.2214851273272
1772924402,10,POST,/api/chains/{id}/deactivate,15.300000,0.000000,2,2,3,3,9,14,19,23,40,40,40,4673,0,2,4.155366351343709,1.162620999821229,1083.7654569986626,61.81275411940937
1772924402,10,POST,/api/plugins/batch/parameters (500 updates),13.000000,0.000000,6,10,12,14,22,25,930,970,1100,1100,1100,2897,0,6,22.699119690784627,2.806248998240335,1074.2657150003652,881.7573351743183
1772924402,10,GET,/api/plugins/discover,0.000000,0.000000,0,0,0,0,0,0,0,0,0,0,0,160,0,13,18.220616150142632,10.576317999948515,58.00965399976121,85406.0
1772924402,10,GET,/api/plugins/list,0.000000,0.000000,0,0,0,0,0,0,0,0,0,0,0,160,0,2,5.07641034982953,1.080333000572864,43.401594997703796,29.4
1772924402,10,POST,/api/plugins/load?uri,5.500000,0.000000,3,4,5,9,17,20,26,27,27,27,27,1573,0,3,5.549449684090296,1.2616650019481312,256.2621520009998,2224.0267005721553
1772924402,10,POST,/api/plugins/unload?uri,5.500000,0.000000,2,2,3,3,7,16,21,25,25,25,25,1573,0,2,3.3900151461808665,1.1658449984679464,64.64023000080488,108.11506675143039
1772924402,10,,Aggregated,138.400000,0.000000,2,4,7,9,15,20,27,40,1000,1100,1100,40660,0,2,11.375712534610424,1.0178689990425482,1083.7654569986626,605.0578947368421
1772924403,10,GET,/api/audio/latency,20.700000,0.000000,2,3,4,7,15,17,21,22,33,33,33,6174,0,2,5.320752157948677,1.0178689990425482,1079.284406001534,33.0
1772924403,10,GET,/api/audio/levels,20.700000,0.000000,3,7,10,13,15,19,30,30,62,62,62,6174,0,3,19.10723887124207,1.0466029998497106,1063.1027659983374,75.43197278911565
1772924403,10,GET,/api/audio/levels (during plugin swap),5.700000,0.000000,2,8,11,11,16,20,25,44,44,44,44,1578,0,3,27.800192170415784,1.052685001923237,1065.1855479991355,75.20785804816224
1772924403,10,GET,/api/audio/levels/plugins,5.700000,0.000000,1,2,3,4,9,14,27,27,27,27,27,1578,0,2,4.907240630582029,1.0223909994238056,1062.972121002531,19.404309252218
1772924403,10,GET,/api/audio/status,15.500000,0.000000,2,2,3,3,7,13,18,19,21,21,21,4690,0,2,3.7170303241195675,1.0277559995302,1004.4843630021205,168.0
1772924403,10,GET,/api/chains/,0.000000,0.000000,0,0,0,0,0,0,0,0,0,0,0,160,0,4,35.78325576258976,1.3513000012608245,1038.7257460024557,1448.1
1772924403,10,GET,/api/chains/{id},15.500000,0.000000,3,6,10,11,15,18,23,27,40,40,40,4691,0,3,22.37446225406301,1.204680997034302,1069.5006570022088,500.40673630356
1772924403,10,POST,/api/chains/{id}/activate,15.500000,0.000000,3,4,6,7,16,18,23,24,54,54,54,4691,0,3,6.2879217375955365,1.1701449984684587,1069.5832089986652,53.22617778725218
1772924403,10,POST,/api/chains/{id}/deactivate,15.500000,0.000000,2,2,2,3,7,13,19,23,40,40,40,4689,0,2,4.147704695846478,1.162620999821229,1083.7654569986626,61.813393047558115
1772924403,10,POST,/api/plugins/batch/parameters (500 updates),12.400000,0.000000,5,10,12,14,19,23,26,26,26,26,26,2911,0,6,22.631929973962286,2.806248998240335,1074.2657150003652,881.8388869804191
1772924403,10,GET,/api/plugins/discover,0.000000,0.000000,0,0,0,0,0,0,0,0,0,0,0,160,0,13,18.220616150142632,10.576317999948515,58.00965399976121,85406.0
1772924403,10,GET,/api/plugins/list,0.000000,0.000000,0,0,0,0,0,0,0,0,0,0,0,160,0,2,5.07641034982953,1.080333000572864,43.401594997703796,29.4
1772924403,10,POST,/api/plugins/load?uri,5.700000,0.000000,3,4,5,7,17,19,20,27,27,27,27,1578,0,3,5.539280672411617,1.2616650019481312,256.2621520009998,2222.2160963244614
1772924403,10,POST,/api/plugins/unload?uri,5.700000,0.000000,1,2,3,3,6,16,21,25,25,25,25,1578,0,2,3.3845669632084725,1.1658449984679464,64.64023000080488,108.10963244613434
1772924403,10,,Aggregated,138.600000,0.000000,2,4,6,9,15,18,23,27,54,62,62,40812,0,2,11.349203011448623,1.0178689990425482,1083.7654569986626,603.7258404390866
1772924404,10,GET,/api/audio/latency,20.700000,0.000000,2,3,4,7,15,18,21,30,33,33,33,6174,0,2,5.320752157948677,1.0178689990425482,1079.284406001534,33.0
1772924404,10,GET,/api/audio/levels,20.700000,0.000000,3,8,10,13,17,19,30,32,62,62,62,6174,0,3,19.10723887124207,1.0466029998497106,1063.1027659983374,75.43197278911565
1772924404,10,GET,/api/audio/levels (during plugin swap),5.700000,0.000000,4,10,11,12,17,20,44,44,44,44,44,1578,0,3,27.800192170415784,1.052685001923237,1065.1855479991355,75.20785804816224
1772924404,10,GET,/api/audio/levels/plugins,5.700000,0.000000,1,2,3,3,8,12,14,14,14,14,14,1578,0,2,4.907240630582029,1.0223909994238056,1062.972121002531,19.404309252218
1772924404,10,GET,/api/audio/status,15.500000,0.000000,2,2,3,3,7,15,19,19,21,21,21,4690,0,2,3.7170303241195675,1.0277559995302,1004.4843630021205,168.0
1772924404,10,GET,/api/chains/,0.000000,0.000000,0,0,0,0,0,0,0,0,0,0,0,160,0,4,35.78325576258976,1.3513000012608245,1038.7257460024557,1448.1
1772924404,10,GET,/api/chains/{id},15.500000,0.000000,3,7,10,12,15,18,20,27,40,40,40,4691,0,3,22.37446225406301,1.204680997034302,1069.5006570022088,500.40673630356
1772924404,10,POST,/api/chains/{id}/activate,15.500000,0.000000,3,4,6,7,16,18,23,24,54,54,54,4691,0,3,6.2879217375955365,1.1701449984684587,1069.5832089986652,53.22617778725218
1772924404,10,POST,/api/chains/{id}/deactivate,15.500000,0.000000,2,2,3,3,9,14,19,23,40,40,40,4689,0,2,4.147704695846478,1.162620999821229,1083.7654569986626,61.813393047558115
1772924404,10,POST,/api/plugins/batch/parameters (500 updates),12.400000,0.000000,6,10,12,14,20,24,26,26,26,26,26,2911,0,6,22.631929973962286,2.806248998240335,1074.2657150003652,881.8388869804191
1772924404,10,GET,/api/plugins/discover,0.000000,0.000000,0,0,0,0,0,0,0,0,0,0,0,160,0,13,18.220616150142632,10.576317999948515,58.00965399976121,85406.0
1772924404,10,GET,/api/plugins/list,0.000000,0.000000,0,0,0,0,0,0,0,0,0,0,0,160,0,2,5.07641034982953,1.080333000572864,43.401594997703796,29.4
1772924404,10,POST,/api/plugins/load?uri,5.700000,0.000000,3,4,5,7,17,17,20,20,20,20,20,1578,0,3,5.539280672411617,1.2616650019481312,256.2621520009998,2222.2160963244614
1772924404,10,POST,/api/plugins/unload?uri,5.700000,0.000000,1,2,2,3,3,15,25,25,25,25,25,1578,0,2,3.3845669632084725,1.1658449984679464,64.64023000080488,108.10963244613434
1772924404,10,,Aggregated,138.600000,0.000000,2,4,7,9,15,18,23,26,54,62,62,40812,0,2,11.349203011448623,1.0178689990425482,1083.7654569986626,603.7258404390866
1772924405,10,GET,/api/audio/latency,22.000000,0.000000,2,3,4,7,15,17,19,22,33,33,33,6196,0,2,5.3149794664567205,1.0178689990425482,1079.284406001534,33.0
1772924405,10,GET,/api/audio/levels,22.000000,0.000000,3,8,10,13,16,20,30,62,1100,1100,1100,6196,0,3,19.376198886548586,1.0466029998497106,1065.4159699988668,75.43592640413169
1772924405,10,GET,/api/audio/levels (during plugin swap),5.600000,0.000000,2,9,11,11,16,20,870,870,870,870,870,1582,0,3,28.28436190323312,1.052685001923237,1065.1855479991355,75.21049304677624
1772924405,10,GET,/api/audio/levels/plugins,5.600000,0.000000,1,2,3,3,4,8,14,14,14,14,14,1582,0,2,4.903850687777317,1.0223909994238056,1062.972121002531,19.4070796460177
1772924405,10,GET,/api/audio/status,16.300000,0.000000,2,2,3,3,6,15,19,21,1100,1100,1100,4718,0,2,3.933540487735285,1.0277559995302,1074.091395999858,168.0
1772924405,10,GET,/api/chains/,0.000000,0.000000,0,0,0,0,0,0,0,0,0,0,0,160,0,4,35.78325576258976,1.3513000012608245,1038.7257460024557,1448.1
1772924405,10,GET,/api/chains/{id},16.300000,0.000000,3,7,10,12,15,18,40,1000,1100,1100,1100,4718,0,3,22.921681987881367,1.204680997034302,1069.7619130005478,500.3293768545994
1772924405,10,POST,/api/chains/{id}/activate,16.300000,0.000000,3,4,6,8,16,18,21,24,54,54,54,4718,0,3,6.2762224616474604,1.1701449984684587,1069.5832089986652,53.238448495125056
1772924405,10,POST,/api/chains/{id}/deactivate,16.300000,0.000000,2,2,3,3,9,15,19,23,1100,1100,1100,4718,0,2,4.366986531758199,1.162620999821229,1083.7654569986626,61.80924120389996
1772924405,10,POST,/api/plugins/batch/parameters (500 updates),13.200000,0.000000,5,9,11,14,17,24,26,930,1000,1000,1000,2922,0,6,23.22985575845402,2.806248998240335,1074.2657150003652,881.9767282683093
1772924405,10,GET,/api/plugins/discover,0.000000,0.000000,0,0,0,0,0,0,0,0,0,0,0,160,0,13,18.220616150142632,10.576317999948515,58.00965399976121,85406.0
1772924405,10,GET,/api/plugins/list,0.000000,0.000000,0,0,0,0,0,0,0,0,0,0,0,160,0,2,5.07641034982953,1.080333000572864,43.401594997703796,29.4
1772924405,10,POST,/api/plugins/load?uri,5.600000,0.000000,2,3,4,5,16,17,19,19,19,19,19,1582,0,3,5.535741405857277,1.2616650019481312,256.2621520009998,2221.319216182048
1772924405,10,POST,/api/plugins/unload?uri,5.600000,0.000000,1,2,2,3,9,16,25,25,25,25,25,1582,0,2,3.3901832888379,1.1658449984679464,64.64023000080488,108.11188369152971
1772924405,10,,Aggregated,144.800000,0.000000,2,4,6,9,15,18,24,33,1100,1100,1100,40994,0,2,11.559232805295217,1.0178689990425482,1083.7654569986626,602.0681807093721
1772924406,10,GET,/api/audio/latency,22.500000,0.000000,2,3,5,8,15,17,21,30,33,33,33,6215,0,2,5.313013586350915,1.0178689990425482,1079.284406001534,33.0
1772924406,10,GET,/api/audio/levels,22.500000,0.000000,3,8,11,13,16,23,32,940,1100,1100,1100,6215,0,3,19.33409913082111,1.0466029998497106,1065.4159699988668,75.4368463395012
1772924406,10,GET,/api/audio/levels (during plugin swap),5.500000,0.000000,2,7,10,10,16,25,870,870,870,870,870,1586,0,3,28.22318675089321,1.052685001923237,1065.1855479991355,75.20491803278688
1772924406,10,GET,/api/audio/levels/plugins,5.500000,0.000000,1,2,2,2,4,5,8,8,8,8,8,1586,0,2,4.898669260443747,1.0223909994238056,1062.972121002531,19.40983606557377
1772924406,10,GET,/api/audio/status,16.800000,0.000000,2,2,3,3,6,16,19,21,1100,1100,1100,4740,0,2,3.935514158257331,1.0277559995302,1074.091395999858,168.0
1772924406,10,GET,/api/chains/,0.000000,0.000000,0,0,0,0,0,0,0,0,0,0,0,160,0,4,35.78325576258976,1.3513000012608245,1038.7257460024557,1448.1
1772924406,10,GET,/api/chains/{id},16.900000,0.000000,3,8,10,12,15,18,40,1000,1100,1100,1100,4741,0,3,22.8397910062904,1.204680997034302,1069.7619130005478,500.0753005695001
1772924406,10,POST,/api/chains/{id}/activate,16.900000,0.000000,3,4,6,8,16,17,21,24,54,54,54,4741,0,3,6.2633591976483896,1.1701449984684587,1069.5832089986652,53.24488504534908
1772924406,10,POST,/api/chains/{id}/deactivate,16.700000,0.000000,2,2,3,3,10,15,19,23,1100,1100,1100,4740,0,2,4.366318390260981,1.162620999821229,1083.7654569986626,61.8048523206751
1772924406,10,POST,/api/plugins/batch/parameters (500 updates),13.200000,0.000000,5,9,11,14,19,24,26,930,1000,1000,1000,2937,0,6,23.156232217297408,2.806248998240335,1074.2657150003652,881.9731018045625
1772924406,10,GET,/api/plugins/discover,0.000000,0.000000,0,0,0,0,0,0,0,0,0,0,0,160,0,13,18.220616150142632,10.576317999948515,58.00965399976121,85406.0
1772924406,10,GET,/api/plugins/list,0.000000,0.000000,0,0,0,0,0,0,0,0,0,0,0,160,0,2,5.07641034982953,1.080333000572864,43.401594997703796,29.4
1772924406,10,POST,/api/plugins/load?uri,5.500000,0.000000,2,3,3,3,10,17,17,17,17,17,17,1586,0,3,5.527251515172821,1.2616650019481312,256.2621520009998,2218.9464060529635
1772924406,10,POST,/api/plugins/unload?uri,5.500000,0.000000,1,2,2,3,15,21,25,25,25,25,25,1586,0,2,3.393312064276199,1.1658449984679464,64.64023000080488,108.12358133669609
1772924406,10,,Aggregated,147.500000,0.000000,2,4,7,9,15,18,24,33,1100,1100,1100,41153,0,2,11.533849381315546,1.0178689990425482,1083.7654569986626,600.6611425655481
1772924407,10,GET,/api/audio/latency,20.900000,0.000000,2,3,5,8,15,17,22,33,55,55,55,6237,0,2,5.317829580915819,1.0178689990425482,1079.284406001534,33.0
1772924407,10,GET,/api/audio/levels,20.900000,0.000000,3,8,10,13,17,23,57,940,1100,1100,1100,6238,0,3,19.29216920295848,1.0466029998497106,1065.4159699988668,75.43619749919846
1772924407,10,GET,/api/audio/levels (during plugin swap),4.900000,0.000000,2,7,9,10,15,19,870,870,870,870,870,1588,0,3,28.20056496720069,1.052685001923237,1065.1855479991355,75.2103274559194
1772924407,10,GET,/api/audio/levels/plugins,4.900000,0.000000,1,2,2,2,4,5,8,8,8,8,8,1588,0,2,4.895155505077613,1.0223909994238056,1062.972121002531,19.419395465994963
1772924407,10,GET,/api/audio/status,16.000000,0.000000,2,2,3,3,8,16,18,19,1100,1100,1100,4762,0,2,3.939464100405392,1.0277559995302,1074.091395999858,168.0
1772924407,10,GET,/api/chains/,0.000000,0.000000,0,0,0,0,0,0,0,0,0,0,0,160,0,4,35.78325576258976,1.3513000012608245,1038.7257460024557,1448.1
1772924407,10,GET,/api/chains/{id},16.100000,0.000000,3,6,10,12,15,17,46,1000,1100,1100,1100,4762,0,3,22.773142912604136,1.204680997034302,1069.7619130005478,500.0008399832003
1772924407,10,POST,/api/chains/{id}/activate,16.000000,0.000000,3,4,6,7,15,17,18,21,24,24,24,4762,0,3,6.265414469771197,1.1701449984684587,1069.5832089986652,53.25367492650147
1772924407,10,POST,/api/chains/{id}/deactivate,15.900000,0.000000,2,2,3,3,10,15,19,53,1100,1100,1100,4762,0,2,4.369711284718913,1.162620999821229,1083.7654569986626,61.805753884922304
1772924407,10,POST,/api/plugins/batch/parameters (500 updates),12.300000,0.000000,5,8,11,14,16,24,26,930,1000,1000,1000,2951,0,6,23.07719900616983,2.806248998240335,1074.2657150003652,881.9278210776008
1772924407,10,GET,/api/plugins/discover,0.000000,0.000000,0,0,0,0,0,0,0,0,0,0,0,160,0,13,18.220616150142632,10.576317999948515,58.00965399976121,85406.0
1772924407,10,GET,/api/plugins/list,0.000000,0.000000,0,0,0,0,0,0,0,0,0,0,0,160,0,2,5.07641034982953,1.080333000572864,43.401594997703796,29.4
1772924407,10,POST,/api/plugins/load?uri,4.900000,0.000000,2,3,3,3,10,17,17,17,17,17,17,1588,0,3,5.530946795382534,1.2616650019481312,256.2621520009998,2222.5188916876573
1772924407,10,POST,/api/plugins/unload?uri,4.900000,0.000000,1,2,2,3,15,21,25,25,25,25,25,1588,0,2,3.391505722254036,1.1658449984679464,64.64023000080488,108.14546599496222
1772924407,10,,Aggregated,137.700000,0.000000,2,4,6,9,15,17,25,53,1100,1100,1100,41306,0,2,11.515040821194663,1.0178689990425482,1083.7654569986626,599.4436885682468
1772924408,10,GET,/api/audio/latency,20.800000,0.000000,2,3,5,8,15,16,22,33,55,55,55,6260,0,2,5.315048572710527,1.0178689990425482,1079.284406001534,33.0
1772924408,10,GET,/api/audio/levels,20.800000,0.000000,3,8,9,12,15,23,57,940,1100,1100,1100,6260,0,3,19.243263665024926,1.0466029998497106,1065.4159699988668,75.43594249201279
1772924408,10,GET,/api/audio/levels (during plugin swap),4.500000,0.000000,2,2,8,10,15,19,870,870,870,870,870,1593,0,3,28.116312418654534,1.052685001923237,1065.1855479991355,75.20338983050847
1772924408,10,GET,/api/audio/levels/plugins,4.500000,0.000000,1,2,2,2,4,5,8,8,8,8,8,1593,0,2,4.886446988112759,1.0223909994238056,1062.972121002531,19.418706842435657
1772924408,10,GET,/api/audio/status,16.900000,0.000000,2,2,3,3,8,16,18,19,1100,1100,1100,4786,0,2,3.932263300485117,1.0277559995302,1074.091395999858,168.0
1772924408,10,GET,/api/chains/,0.000000,0.000000,0,0,0,0,0,0,0,0,0,0,0,160,0,4,35.78325576258976,1.3513000012608245,1038.7257460024557,1448.1
1772924408,10,GET,/api/chains/{id},16.800000,0.000000,3,6,10,11,15,18,46,1000,1100,1100,1100,4786,0,3,22.683735193652293,1.204680997034302,1069.7619130005478,499.9981195152528
1772924408,10,POST,/api/chains/{id}/activate,16.900000,0.000000,3,4,5,7,14,17,18,21,24,24,24,4786,0,3,6.252927447565702,1.1701449984684587,1069.5832089986652,53.256163811115755
1772924408,10,POST,/api/chains/{id}/deactivate,17.000000,0.000000,2,2,3,3,8,14,19,53,1100,1100,1100,4786,0,2,4.359962286633363,1.162620999821229,1083.7654569986626,61.80672795653991
1772924408,10,POST,/api/plugins/batch/parameters (500 updates),11.900000,0.000000,5,6,11,14,16,22,26,930,1000,1000,1000,2956,0,6,23.04650431908111,2.806248998240335,1074.2657150003652,881.9492557510149
1772924408,10,GET,/api/plugins/discover,0.000000,0.000000,0,0,0,0,0,0,0,0,0,0,0,160,0,13,18.220616150142632,10.576317999948515,58.00965399976121,85406.0
1772924408,10,GET,/api/plugins/list,0.000000,0.000000,0,0,0,0,0,0,0,0,0,0,0,160,0,2,5.07641034982953,1.080333000572864,43.401594997703796,29.4
1772924408,10,POST,/api/plugins/load?uri,4.500000,0.000000,2,2,3,3,10,15,17,17,17,17,17,1593,0,3,5.524174878887855,1.2616650019481312,256.2621520009998,2218.6114249843063
1772924408,10,POST,/api/plugins/unload?uri,4.500000,0.000000,1,2,2,3,12,21,25,25,25,25,25,1593,0,2,3.3923858254450208,1.1658449984679464,64.64023000080488,108.13873195229128
1772924408,10,,Aggregated,139.100000,0.000000,2,3,5,8,14,17,24,53,1100,1100,1100,41472,0,2,11.484092460822803,1.0178689990425482,1083.7654569986626,597.805434992284
1772924409,10,GET,/api/audio/latency,20.500000,0.000000,2,3,5,8,15,16,19,22,55,55,55,6286,0,2,5.312190557773513,1.0178689990425482,1079.284406001534,33.0
1772924409,10,GET,/api/audio/levels,20.500000,0.000000,3,8,9,10,15,18,28,940,1100,1100,1100,6287,0,3,19.183800524105898,1.0466029998497106,1065.4159699988668,75.43581994592016
1772924409,10,GET,/api/audio/levels (during plugin swap),3.600000,0.000000,2,4,8,10,15,19,870,870,870,870,870,1601,0,3,27.996446257911327,1.052685001923237,1065.1855479991355,75.20049968769519
1772924409,10,GET,/api/audio/levels/plugins,3.600000,0.000000,1,2,3,4,5,11,21,21,21,21,21,1601,0,2,4.889826903850806,1.0223909994238056,1062.972121002531,19.415990006246098
1772924409,10,GET,/api/audio/status,17.600000,0.000000,2,2,3,3,9,16,19,23,1100,1100,1100,4797,0,2,3.935794320225126,1.0277559995302,1074.091395999858,168.0
1772924409,10,GET,/api/chains/,0.000000,0.000000,0,0,0,0,0,0,0,0,0,0,0,160,0,4,35.78325576258976,1.3513000012608245,1038.7257460024557,1448.1
1772924409,10,GET,/api/chains/{id},17.600000,0.000000,3,8,10,12,16,18,46,1000,1100,1100,1100,4797,0,3,22.65173554384381,1.204680997034302,1069.7619130005478,499.8907650614968
1772924409,10,POST,/api/chains/{id}/activate,17.600000,0.000000,3,4,6,8,15,17,21,25,35,35,35,4797,0,3,6.259817053169386,1.1701449984684587,1069.5832089986652,53.25078173858662
1772924409,10,POST,/api/chains/{id}/deactivate,17.600000,0.000000,2,2,3,3,7,14,19,53,1100,1100,1100,4797,0,2,4.355443768778606,1.162620999821229,1083.7654569986626,61.807171148634566
1772924409,10,POST,/api/plugins/batch/parameters (500 updates),12.000000,0.000000,5,7,12,14,16,19,25,930,1000,1000,1000,2972,0,6,22.965675981228657,2.806248998240335,1074.2657150003652,882.0679676985195
1772924409,10,GET,/api/plugins/discover,0.000000,0.000000,0,0,0,0,0,0,0,0,0,0,0,160,0,13,18.220616150142632,10.576317999948515,58.00965399976121,85406.0
1772924409,10,GET,/api/plugins/list,0.000000,0.000000,0,0,0,0,0,0,0,0,0,0,0,160,0,2,5.07641034982953,1.080333000572864,43.401594997703796,29.4
1772924409,10,POST,/api/plugins/load?uri,3.600000,0.000000,2,3,3,4,12,18,22,22,22,22,22,1601,0,3,5.535932607162886,1.2616650019481312,256.2621520009998,2216.7170518425983
1772924409,10,POST,/api/plugins/unload?uri,3.600000,0.000000,2,2,2,3,12,21,25,25,25,25,25,1601,0,2,3.3859854097036934,1.1658449984679464,64.64023000080488,108.12742036227358
1772924409,10,,Aggregated,137.800000,0.000000,2,4,6,8,14,17,23,46,1100,1100,1100,41617,0,2,11.464173749123018,1.0178689990425482,1083.7654569986626,596.7256409640291
1772924410,10,GET,/api/audio/latency,20.300000,0.000000,2,3,4,7,14,16,19,22,55,55,55,6304,0,2,5.307793652310825,1.0178689990425482,1079.284406001534,33.0
1772924410,10,GET,/api/audio/levels,20.300000,0.000000,3,7,9,9,15,17,28,940,1100,1100,1100,6304,0,3,19.149140418631312,1.0466029998497106,1065.4159699988668,75.43543781725889
1772924410,10,GET,/api/audio/levels (during plugin swap),3.800000,0.000000,2,3,5,7,13,16,870,870,870,870,870,1610,0,3,27.86383175088027,1.052685001923237,1065.1855479991355,75.20434782608696
1772924410,10,GET,/api/audio/levels/plugins,3.800000,0.000000,1,2,3,3,5,8,21,21,21,21,21,1610,0,2,4.875771105627045,1.0223909994238056,1062.972121002531,19.40993788819876
1772924410,10,GET,/api/audio/status,17.600000,0.000000,2,2,3,3,9,16,18,23,1100,1100,1100,4821,0,2,3.933821808156871,1.0277559995302,1074.091395999858,168.0
1772924410,10,GET,/api/chains/,0.000000,0.000000,0,0,0,0,0,0,0,0,0,0,0,160,0,4,35.78325576258976,1.3513000012608245,1038.7257460024557,1448.1
1772924410,10,GET,/api/chains/{id},17.600000,0.000000,3,6,10,11,16,18,46,1000,1100,1100,1100,4821,0,3,22.561110568308834,1.204680997034302,1069.7619130005478,499.85293507571043
1772924410,10,POST,/api/chains/{id}/activate,17.600000,0.000000,3,4,5,7,14,17,19,25,35,35,35,4821,0,3,6.2465638500448675,1.1701449984684587,1069.5832089986652,53.25326695706285
1772924410,10,POST,/api/chains/{id}/deactivate,17.600000,0.000000,2,2,3,3,7,14,19,53,1100,1100,1100,4821,0,2,4.345979323965469,1.162620999821229,1083.7654569986626,61.80813109313421
1772924410,10,POST,/api/plugins/batch/parameters (500 updates),11.900000,0.000000,5,6,10,13,17,19,27,930,1000,1000,1000,2987,0,6,22.888537204623837,2.806248998240335,1074.2657150003652,881.9407432206227
1772924410,10,GET,/api/plugins/discover,0.000000,0.000000,0,0,0,0,0,0,0,0,0,0,0,160,0,13,18.220616150142632,10.576317999948515,58.00965399976121,85406.0
1772924410,10,GET,/api/plugins/list,0.000000,0.000000,0,0,0,0,0,0,0,0,0,0,0,160,0,2,5.07641034982953,1.080333000572864,43.401594997703796,29.4
1772924410,10,POST,/api/plugins/load?uri,3.800000,0.000000,2,3,3,6,12,15,22,22,22,22,22,1610,0,3,5.530648053461857,1.2616650019481312,256.2621520009998,2216.2639751552797
1772924410,10,POST,/api/plugins/unload?uri,3.800000,0.000000,2,2,2,2,4,11,16,16,16,16,16,1610,0,2,3.379347983185348,1.1658449984679464,64.64023000080488,108.10310559006211
1772924410,10,,Aggregated,138.100000,0.000000,2,3,5,8,14,16,22,46,1100,1100,1100,41799,0,2,11.432139334009657,1.0178689990425482,1083.7654569986626,595.427737505682
1772924411,10,GET,/api/audio/latency,19.800000,0.000000,2,3,4,6,13,16,19,22,55,55,55,6333,0,2,5.297149404417926,1.0178689990425482,1079.284406001534,33.0
1772924411,10,GET,/api/audio/levels,19.800000,0.000000,3,7,8,9,15,17,28,940,1100,1100,1100,6333,0,3,19.085612703624967,1.0466029998497106,1065.4159699988668,75.43660192641718
1772924411,10,GET,/api/audio/levels (during plugin swap),4.000000,0.000000,2,3,5,9,16,18,870,870,870,870,870,1619,0,3,27.741998522497298,1.052685001923237,1065.1855479991355,75.20815318097591
1772924411,10,GET,/api/audio/levels/plugins,4.000000,0.000000,1,2,3,3,5,8,21,21,21,21,21,1619,0,2,4.860266013626377,1.0223909994238056,1062.972121002531,19.403953057442866
1772924411,10,GET,/api/audio/status,18.300000,0.000000,2,2,3,3,9,16,19,23,1100,1100,1100,4836,0,2,3.9346516145842942,1.0277559995302,1074.091395999858,168.0
1772924411,10,GET,/api/chains/,0.000000,0.000000,0,0,0,0,0,0,0,0,0,0,0,160,0,4,35.78325576258976,1.3513000012608245,1038.7257460024557,1448.1
1772924411,10,GET,/api/chains/{id},18.300000,0.000000,3,6,9,11,15,18,50,1000,1100,1100,1100,4836,0,3,22.513057533254873,1.204680997034302,1069.7619130005478,499.88626964433416
1772924411,10,POST,/api/chains/{id}/activate,18.300000,0.000000,3,4,5,7,11,16,18,25,35,35,35,4836,0,3,6.241582046539714,1.1701449984684587,1069.5832089986652,53.24834574028122
1772924411,10,POST,/api/chains/{id}/deactivate,18.300000,0.000000,2,2,3,3,7,11,16,53,1100,1100,1100,4836,0,2,4.339304646368644,1.162620999821229,1083.7654569986626,61.808726220016545
1772924411,10,POST,/api/plugins/batch/parameters (500 updates),11.100000,0.000000,5,7,11,13,17,24,28,930,1000,1000,1000,2996,0,6,22.845159349871608,2.806248998240335,1074.2657150003652,881.93391188251
1772924411,10,GET,/api/plugins/discover,0.000000,0.000000,0,0,0,0,0,0,0,0,0,0,0,160,0,13,18.220616150142632,10.576317999948515,58.00965399976121,85406.0
1772924411,10,GET,/api/plugins/list,0.000000,0.000000,0,0,0,0,0,0,0,0,0,0,0,160,0,2,5.07641034982953,1.080333000572864,43.401594997703796,29.4
1772924411,10,POST,/api/plugins/load?uri,4.000000,0.000000,2,3,4,8,14,15,22,22,22,22,22,1619,0,3,5.526719422524647,1.2616650019481312,256.2621520009998,2216.0494132180356
1772924411,10,POST,/api/plugins/unload?uri,4.000000,0.000000,2,2,2,2,6,11,16,16,16,16,16,1619,0,2,3.3731329715505836,1.1658449984679464,64.64023000080488,108.10129709697344
1772924411,10,,Aggregated,139.900000,0.000000,2,3,5,7,13,16,23,50,1100,1100,1100,41962,0,2,11.404966202762337,1.0178689990425482,1083.7654569986626,594.1722034221439
1772924412,10,GET,/api/audio/latency,20.500000,0.000000,2,3,4,5,9,16,19,22,55,55,55,6361,0,2,5.284842370725394,1.0178689990425482,1079.284406001534,33.0
1772924412,10,GET,/api/audio/levels,20.500000,0.000000,2,4,8,9,15,17,28,940,1100,1100,1100,6361,0,3,19.022587279995495,1.0466029998497106,1065.4159699988668,75.43200754598334
1772924412,10,GET,/api/audio/levels (during plugin swap),4.300000,0.000000,2,3,5,5,13,18,19,870,870,870,870,1626,0,3,27.633189295770475,1.052685001923237,1065.1855479991355,75.21463714637146
1772924412,10,GET,/api/audio/levels/plugins,4.300000,0.000000,2,2,3,4,5,8,21,21,21,21,21,1625,0,2,4.849783024038725,1.0223909994238056,1062.972121002531,19.416
1772924412,10,GET,/api/audio/status,18.200000,0.000000,2,2,3,3,9,16,19,23,1100,1100,1100,4859,0,2,3.9277611475872165,1.0277559995302,1074.091395999858,168.0
1772924412,10,GET,/api/chains/,0.000000,0.000000,0,0,0,0,0,0,0,0,0,0,0,160,0,4,35.78325576258976,1.3513000012608245,1038.7257460024557,1448.1
1772924412,10,GET,/api/chains/{id},18.200000,0.000000,3,5,8,10,15,18,50,1000,1100,1100,1100,4860,0,3,22.42362980551987,1.204680997034302,1069.7619130005478,499.84897119341565
1772924412,10,POST,/api/chains/{id}/activate,18.200000,0.000000,2,4,5,6,11,14,17,25,35,35,35,4860,0,3,6.22421346503305,1.1701449984684587,1069.5832089986652,53.2559670781893
1772924412,10,POST,/api/chains/{id}/deactivate,18.200000,0.000000,2,2,3,3,7,12,16,53,1100,1100,1100,4859,0,2,4.33578279580868,1.162620999821229,1083.7654569986626,61.80963161144268
1772924412,10,POST,/api/plugins/batch/parameters (500 updates),10.500000,0.000000,5,7,10,13,17,25,930,1000,1000,1000,1000,3001,0,6,22.815488200003745,2.806248998240335,1074.2657150003652,882.034988337221
1772924412,10,GET,/api/plugins/discover,0.000000,0.000000,0,0,0,0,0,0,0,0,0,0,0,160,0,13,18.220616150142632,10.576317999948515,58.00965399976121,85406.0
1772924412,10,GET,/api/plugins/list,0.000000,0.000000,0,0,0,0,0,0,0,0,0,0,0,160,0,2,5.07641034982953,1.080333000572864,43.401594997703796,29.4
1772924412,10,POST,/api/plugins/load?uri,4.300000,0.000000,2,3,4,6,13,15,18,22,22,22,22,1626,0,3,5.514423632886363,1.2616650019481312,256.2621520009998,2214.9766297662977
1772924412,10,POST,/api/plugins/unload?uri,4.300000,0.000000,2,2,2,3,7,11,16,16,16,16,16,1625,0,2,3.3726262836582745,1.1658449984679464,64.64023000080488,108.11507692307693
1772924412,10,,Aggregated,141.500000,0.000000,2,3,5,6,13,16,23,46,1100,1100,1100,42143,0,2,11.370386477500727,1.0178689990425482,1083.7654569986626,592.5991742400873
1772924413,10,GET,/api/audio/latency,20.600000,0.000000,2,3,4,5,11,15,18,19,55,55,55,6388,0,2,5.277871223885711,1.0178689990425482,1079.284406001534,33.0
1772924413,10,GET,/api/audio/levels,20.600000,0.000000,3,4,8,9,15,17,28,57,1100,1100,1100,6388,0,3,18.96377925079063,1.0466029998497106,1065.4159699988668,75.42579837194741
1772924413,10,GET,/api/audio/levels (during plugin swap),4.600000,0.000000,2,3,5,7,16,28,34,870,870,870,870,1631,0,3,27.589721124415323,1.052685001923237,1065.1855479991355,75.22378908645003
1772924413,10,GET,/api/audio/levels/plugins,4.600000,0.000000,2,2,3,4,5,8,11,21,21,21,21,1631,0,2,4.841363361170597,1.0223909994238056,1062.972121002531,19.419987737584304
1772924413,10,GET,/api/audio/status,18.300000,0.000000,2,2,3,3,9,16,19,23,1100,1100,1100,4877,0,2,3.9213983625445357,1.0277559995302,1074.091395999858,168.0
1772924413,10,GET,/api/chains/,0.000000,0.000000,0,0,0,0,0,0,0,0,0,0,0,160,0,4,35.78325576258976,1.3513000012608245,1038.7257460024557,1448.1
1772924413,10,GET,/api/chains/{id},18.300000,0.000000,3,5,8,10,15,18,50,1000,1100,1100,1100,4877,0,3,22.364066528772526,1.204680997034302,1069.7619130005478,499.88209965142505
1772924413,10,POST,/api/chains/{id}/activate,18.300000,0.000000,2,4,5,6,11,16,18,25,35,35,35,4877,0,3,6.223874919838053,1.1701449984684587,1069.5832089986652,53.253844576583965
1772924413,10,POST,/api/chains/{id}/deactivate,18.300000,0.000000,2,2,3,3,7,12,16,53,1100,1100,1100,4877,0,2,4.327941024777802,1.162620999821229,1083.7654569986626,61.8103342218577
1772924413,10,POST,/api/plugins/batch/parameters (500 updates),11.100000,0.000000,5,6,10,13,18,25,28,930,1000,1000,1000,3012,0,6,22.763782940310048,2.806248998240335,1074.2657150003652,881.9262948207171
1772924413,10,GET,/api/plugins/discover,0.000000,0.000000,0,0,0,0,0,0,0,0,0,0,0,160,0,13,18.220616150142632,10.576317999948515,58.00965399976121,85406.0
1772924413,10,GET,/api/plugins/list,0.000000,0.000000,0,0,0,0,0,0,0,0,0,0,0,160,0,2,5.07641034982953,1.080333000572864,43.401594997703796,29.4
1772924413,10,POST,/api/plugins/load?uri,4.600000,0.000000,2,3,6,8,13,15,18,22,22,22,22,1631,0,3,5.512374528555655,1.2616650019481312,256.2621520009998,2212.1814837522993
1772924413,10,POST,/api/plugins/unload?uri,4.600000,0.000000,2,2,2,3,7,11,12,16,16,16,16,1631,0,2,3.370448581818857,1.1658449984679464,64.64023000080488,108.1140404659718
1772924413,10,,Aggregated,143.900000,0.000000,2,3,5,7,13,16,24,46,1100,1100,1100,42300,0,2,11.345423747903489,1.0178689990425482,1083.7654569986626,591.1948226950354
1772924414,10,GET,/api/audio/latency,20.000000,0.000000,2,3,4,5,13,16,22,26,250,250,250,6410,0,2,5.32366965790671,1.0178689990425482,1079.284406001534,33.0
1772924414,10,GET,/api/audio/levels,20.000000,0.000000,3,5,9,11,15,20,57,180,210,210,210,6410,0,3,19.02533894836877,1.0466029998497106,1065.4159699988668,75.43166926677067
1772924414,10,GET,/api/audio/levels (during plugin swap),5.100000,0.000000,2,4,7,10,18,34,170,250,250,250,250,1640,0,3,27.71596925605059,1.052685001923237,1065.1855479991355,75.23536585365854
1772924414,10,GET,/api/audio/levels/plugins,5.100000,0.000000,2,2,3,4,5,8,11,21,21,21,21,1640,0,2,4.826977804308315,1.0223909994238056,1062.972121002531,19.414024390243902
1772924414,10,GET,/api/audio/status,18.400000,0.000000,2,2,2,3,9,16,18,22,23,23,23,4881,0,2,3.9194770690703193,1.0277559995302,1074.091395999858,168.0
1772924414,10,GET,/api/chains/,0.000000,0.000000,0,0,0,0,0,0,0,0,0,0,0,160,0,4,35.78325576258976,1.3513000012608245,1038.7257460024557,1448.1
1772924414,10,GET,/api/chains/{id},18.400000,0.000000,3,5,8,10,15,17,28,50,190,190,190,4881,0,3,22.3847092253284,1.204680997034302,1069.7619130005478,499.91641057160416
1772924414,10,POST,/api/chains/{id}/activate,18.400000,0.000000,3,4,5,6,11,16,20,27,35,35,35,4881,0,3,6.22606919546198,1.1701449984684587,1069.5832089986652,53.2440073755378
1772924414,10,POST,/api/chains/{id}/deactivate,18.400000,0.000000,2,2,2,3,6,11,14,16,53,53,53,4881,0,2,4.325911991362482,1.162620999821229,1083.7654569986626,61.810489653759475
1772924414,10,POST,/api/plugins/batch/parameters (500 updates),11.200000,0.000000,5,7,10,13,18,25,28,84,260,260,260,3019,0,6,22.83885199510171,2.806248998240335,1074.2657150003652,882.0288174892348
1772924414,10,GET,/api/plugins/discover,0.000000,0.000000,0,0,0,0,0,0,0,0,0,0,0,160,0,13,18.220616150142632,10.576317999948515,58.00965399976121,85406.0
1772924414,10,GET,/api/plugins/list,0.000000,0.000000,0,0,0,0,0,0,0,0,0,0,0,160,0,2,5.07641034982953,1.080333000572864,43.401594997703796,29.4
1772924414,10,POST,/api/plugins/load?uri,5.100000,0.000000,2,3,6,8,15,20,22,25,25,25,25,1640,0,3,5.518043884801112,1.2616650019481312,256.2621520009998,2214.4853658536585
1772924414,10,POST,/api/plugins/unload?uri,5.100000,0.000000,2,2,2,3,7,12,16,21,21,21,21,1640,0,2,3.3761489078953186,1.1658449984679464,64.64023000080488,108.10670731707317
1772924414,10,,Aggregated,145.200000,0.000000,2,3,5,7,13,17,24,35,250,260,260,42403,0,2,11.37495807693592,1.0178689990425482,1083.7654569986626,590.6471004410065
1772924415,10,GET,/api/audio/latency,21.100000,0.000000,2,3,5,6,14,19,23,26,250,250,250,6414,0,2,5.333242800620257,1.0178689990425482,1079.284406001534,33.0
1772924415,10,GET,/api/audio/levels,21.100000,0.000000,3,5,9,12,16,28,210,940,1000,1000,1000,6414,0,3,19.605538132374402,1.0466029998497106,1065.4159699988668,75.43826005612722
1772924415,10,GET,/api/audio/levels (during plugin swap),5.400000,0.000000,2,4,9,10,18,34,170,250,250,250,250,1640,0,3,27.71596925605059,1.052685001923237,1065.1855479991355,75.23536585365854
1772924415,10,GET,/api/audio/levels/plugins,5.400000,0.000000,2,2,3,3,5,8,11,21,21,21,21,1640,0,2,4.826977804308315,1.0223909994238056,1062.972121002531,19.414024390243902
1772924415,10,GET,/api/audio/status,18.700000,0.000000,2,2,3,3,10,16,18,22,23,23,23,4883,0,2,3.919344849300091,1.0277559995302,1074.091395999858,168.0
1772924415,10,GET,/api/chains/,0.000000,0.000000,0,0,0,0,0,0,0,0,0,0,0,160,0,4,35.78325576258976,1.3513000012608245,1038.7257460024557,1448.1
1772924415,10,GET,/api/chains/{id},18.700000,0.000000,3,5,8,10,15,28,860,960,1000,1000,1000,4885,0,3,23.140907093311714,1.204680997034302,1069.7619130005478,499.9852610030706
1772924415,10,POST,/api/chains/{id}/activate,18.700000,0.000000,3,5,6,8,14,19,27,29,35,35,35,4885,0,3,6.240951971761847,1.1701449984684587,1069.5832089986652,53.23930399181167
1772924415,10,POST,/api/chains/{id}/deactivate,18.700000,0.000000,2,2,3,3,5,8,12,14,53,53,53,4883,0,2,4.3254179672006305,1.162620999821229,1083.7654569986626,61.81056727421667
1772924415,10,POST,/api/plugins/batch/parameters (500 updates),9.900000,0.000000,5,7,10,14,24,28,1000,1100,1100,1100,1100,3021,0,6,23.515972426419626,2.806248998240335,1074.2657150003652,882.0890433631248
1772924415,10,GET,/api/plugins/discover,0.000000,0.000000,0,0,0,0,0,0,0,0,0,0,0,160,0,13,18.220616150142632,10.576317999948515,58.00965399976121,85406.0
1772924415,10,GET,/api/plugins/list,0.000000,0.000000,0,0,0,0,0,0,0,0,0,0,0,160,0,2,5.07641034982953,1.080333000572864,43.401594997703796,29.4
1772924415,10,POST,/api/plugins/load?uri,5.400000,0.000000,2,3,6,8,15,20,22,25,25,25,25,1640,0,3,5.518043884801112,1.2616650019481312,256.2621520009998,2214.4853658536585
1772924415,10,POST,/api/plugins/unload?uri,5.400000,0.000000,2,2,2,3,6,11,11,21,21,21,21,1640,0,2,3.3761489078953186,1.1658449984679464,64.64023000080488,108.10670731707317
1772924415,10,,Aggregated,148.500000,0.000000,2,3,5,7,14,19,33,210,1000,1100,1100,42425,0,2,11.601612409931043,1.0178689990425482,1083.7654569986626,590.4682852091927
1772924416,10,GET,/api/audio/latency,22.100000,0.000000,2,3,4,5,12,19,22,23,250,250,250,6439,0,2,5.319811560983925,1.0178689990425482,1079.284406001534,33.0
1772924416,10,GET,/api/audio/levels,22.200000,0.000000,2,4,8,11,16,24,210,940,1000,1000,1000,6439,0,3,19.54414136466136,1.0466029998497106,1065.4159699988668,75.43686907904954
1772924416,10,GET,/api/audio/levels (during plugin swap),5.900000,0.000000,2,4,7,9,18,34,170,250,250,250,250,1644,0,3,27.656067634987913,1.052685001923237,1065.1855479991355,75.23783454987834
1772924416,10,GET,/api/audio/levels/plugins,5.900000,0.000000,2,2,3,4,5,11,12,21,21,21,21,1644,0,2,4.827964978749305,1.0223909994238056,1062.972121002531,19.416666666666668
1772924416,10,GET,/api/audio/status,18.800000,0.000000,2,2,2,3,8,15,18,22,23,23,23,4899,0,2,3.9124310443214987,1.0277559995302,1074.091395999858,168.0
1772924416,10,GET,/api/chains/,0.000000,0.000000,0,0,0,0,0,0,0,0,0,0,0,160,0,4,35.78325576258976,1.3513000012608245,1038.7257460024557,1448.1
1772924416,10,GET,/api/chains/{id},18.700000,0.000000,3,6,8,10,15,20,950,960,1000,1000,1000,4899,0,3,23.090574132849778,1.204680997034302,1069.7619130005478,499.7411716676873
1772924416,10,POST,/api/chains/{id}/activate,18.700000,0.000000,3,5,6,8,14,19,27,29,35,35,35,4899,0,3,6.231607531139648,1.1701449984684587,1069.5832089986652,53.24331496223719
1772924416,10,POST,/api/chains/{id}/deactivate,18.900000,0.000000,2,2,3,3,5,8,12,14,15,15,15,4899,0,2,4.319650166736275,1.162620999821229,1083.7654569986626,61.811185956317615
1772924416,10,POST,/api/plugins/batch/parameters (500 updates),10.200000,0.000000,5,7,10,14,19,28,1000,1100,1100,1100,1100,3034,0,6,23.451225077526246,2.806248998240335,1074.2657150003652,882.1173368490441
1772924416,10,GET,/api/plugins/discover,0.000000,0.000000,0,0,0,0,0,0,0,0,0,0,0,160,0,13,18.220616150142632,10.576317999948515,58.00965399976121,85406.0
1772924416,10,GET,/api/plugins/list,0.000000,0.000000,0,0,0,0,0,0,0,0,0,0,0,160,0,2,5.07641034982953,1.080333000572864,43.401594997703796,29.4
1772924416,10,POST,/api/plugins/load?uri,5.900000,0.000000,2,3,6,10,15,21,22,25,25,25,25,1644,0,3,5.5207029787560735,1.2616650019481312,256.2621520009998,2212.293187347932
1772924416,10,POST,/api/plugins/unload?uri,5.900000,0.000000,2,2,2,3,7,11,11,21,21,21,21,1644,0,2,3.3780992822056852,1.1658449984679464,64.64023000080488,108.11253041362531
1772924416,10,,Aggregated,153.200000,0.000000,2,3,5,7,13,19,28,210,1000,1100,1100,42564,0,2,11.575852111980089,1.0178689990425482,1083.7654569986626,589.2586223099332
1772924417,10,GET,/api/audio/latency,22.700000,0.000000,2,3,3,4,12,17,22,23,250,250,250,6466,0,2,5.308741318463973,1.0178689990425482,1079.284406001534,33.0
1772924417,10,GET,/api/audio/levels,22.700000,0.000000,2,4,8,11,15,22,210,940,1000,1000,1000,6466,0,3,19.478838108885995,1.0466029998497106,1065.4159699988668,75.43272502319827
1772924417,10,GET,/api/audio/levels (during plugin swap),5.900000,0.000000,2,5,9,12,18,28,170,250,250,250,250,1655,0,3,27.53236221323967,1.052685001923237,1065.1855479991355,75.23867069486406
1772924417,10,GET,/api/audio/levels/plugins,5.900000,0.000000,2,2,4,4,7,12,15,21,21,21,21,1655,0,2,4.825179416953067,1.0223909994238056,1062.972121002531,19.412084592145014
1772924417,10,GET,/api/audio/status,18.100000,0.000000,2,2,2,3,8,12,17,22,23,23,23,4913,0,2,3.9124980765576574,1.0277559995302,1074.091395999858,168.0
1772924417,10,GET,/api/chains/,0.000000,0.000000,0,0,0,0,0,0,0,0,0,0,0,160,0,4,35.78325576258976,1.3513000012608245,1038.7257460024557,1448.1
1772924417,10,GET,/api/chains/{id},18.000000,0.000000,3,5,8,10,15,20,950,960,1000,1000,1000,4913,0,3,23.03737095091252,1.204680997034302,1069.7619130005478,499.9470791776918
1772924417,10,POST,/api/chains/{id}/activate,18.100000,0.000000,2,4,5,7,13,19,27,29,35,35,35,4913,0,3,6.230436038682493,1.1701449984684587,1069.5832089986652,53.23712599226542
1772924417,10,POST,/api/chains/{id}/deactivate,18.200000,0.000000,2,2,3,3,6,11,14,14,15,15,15,4913,0,2,4.318739538537991,1.162620999821229,1083.7654569986626,61.8117239975575
1772924417,10,POST,/api/plugins/batch/parameters (500 updates),10.500000,0.000000,5,7,10,13,19,28,1000,1100,1100,1100,1100,3044,0,6,23.393500500070843,2.806248998240335,1074.2657150003652,882.176741130092
1772924417,10,GET,/api/plugins/discover,0.000000,0.000000,0,0,0,0,0,0,0,0,0,0,0,160,0,13,18.220616150142632,10.576317999948515,58.00965399976121,85406.0
1772924417,10,GET,/api/plugins/list,0.000000,0.000000,0,0,0,0,0,0,0,0,0,0,0,160,0,2,5.07641034982953,1.080333000572864,43.401594997703796,29.4
1772924417,10,POST,/api/plugins/load?uri,5.900000,0.000000,2,3,6,10,14,20,22,25,25,25,25,1655,0,3,5.515024071941617,1.2616650019481312,256.2621520009998,2213.7836858006044
1772924417,10,POST,/api/plugins/unload?uri,5.900000,0.000000,2,2,2,3,5,7,11,21,21,21,21,1655,0,2,3.3688348785207713,1.1658449984679464,64.64023000080488,108.1214501510574
1772924417,10,,Aggregated,151.900000,0.000000,2,3,5,7,13,18,28,210,1000,1100,1100,42728,0,2,11.548082600760731,1.0178689990425482,1083.7654569986626,588.2346704736941
1772924418,10,GET,/api/audio/latency,21.700000,0.000000,2,3,3,4,13,19,23,25,250,250,250,6487,0,2,5.310010092522747,1.0178689990425482,1079.284406001534,33.0
1772924418,10,GET,/api/audio/levels,21.700000,0.000000,3,4,8,12,16,24,210,940,1000,1000,1000,6487,0,3,19.432802809628328,1.0466029998497106,1065.4159699988668,75.43486973947896
1772924418,10,GET,/api/audio/levels (during plugin swap),5.700000,0.000000,3,7,9,11,18,28,170,250,250,250,250,1662,0,3,27.437794171432362,1.052685001923237,1065.1855479991355,75.23706377858002
1772924418,10,GET,/api/audio/levels/plugins,5.700000,0.000000,2,2,3,4,8,12,15,15,15,15,15,1662,0,2,4.832211308099753,1.0223909994238056,1062.972121002531,19.404933814681108
1772924418,10,GET,/api/audio/status,16.200000,0.000000,2,2,3,3,8,12,16,17,22,22,22,4934,0,2,3.9131911388573504,1.0277559995302,1074.091395999858,168.0
1772924418,10,GET,/api/chains/,0.000000,0.000000,0,0,0,0,0,0,0,0,0,0,0,160,0,4,35.78325576258976,1.3513000012608245,1038.7257460024557,1448.1
1772924418,10,GET,/api/chains/{id},16.200000,0.000000,3,5,8,10,15,17,950,960,1000,1000,1000,4934,0,3,22.962174528542562,1.204680997034302,1069.7619130005478,499.8417105796514
1772924418,10,POST,/api/chains/{id}/activate,16.200000,0.000000,3,4,5,6,14,19,27,27,29,29,29,4934,0,3,6.230699239975522,1.1701449984684587,1069.5832089986652,53.235508715038506
1772924418,10,POST,/api/chains/{id}/deactivate,16.200000,0.000000,2,2,3,3,6,11,15,19,21,21,21,4934,0,2,4.318816159876723,1.162620999821229,1083.7654569986626,61.81252533441427
1772924418,10,POST,/api/plugins/batch/parameters (500 updates),9.800000,0.000000,5,7,10,13,24,28,1000,1100,1100,1100,1100,3054,0,6,23.34128440281988,2.806248998240335,1074.2657150003652,882.1833660772757
1772924418,10,GET,/api/plugins/discover,0.000000,0.000000,0,0,0,0,0,0,0,0,0,0,0,160,0,13,18.220616150142632,10.576317999948515,58.00965399976121,85406.0
1772924418,10,GET,/api/plugins/list,0.000000,0.000000,0,0,0,0,0,0,0,0,0,0,0,160,0,2,5.07641034982953,1.080333000572864,43.401594997703796,29.4
1772924418,10,POST,/api/plugins/load?uri,5.700000,0.000000,2,3,4,6,14,18,21,25,25,25,25,1662,0,3,5.52137996213137,1.2616650019481312,256.2621520009998,2217.0824308062574
1772924418,10,POST,/api/plugins/unload?uri,5.700000,0.000000,2,2,3,3,7,11,20,21,21,21,21,1662,0,2,3.381166250269345,1.1658449984679464,64.64023000080488,108.12695547533093
1772924418,10,,Aggregated,140.800000,0.000000,2,3,5,7,13,18,27,210,1000,1100,1100,42892,0,2,11.524920710675541,1.0178689990425482,1083.7654569986626,587.1383008486431
1772924419,10,GET,/api/audio/latency,22.300000,0.000000,2,3,3,4,13,19,23,25,250,250,250,6514,0,2,5.301956949062589,1.0178689990425482,1079.284406001534,33.0
1772924419,10,GET,/api/audio/levels,22.500000,0.000000,2,4,6,8,15,22,210,940,1000,1000,1000,6514,0,3,19.366209724601493,1.0466029998497106,1065.4159699988668,75.43475591034695
1772924419,10,GET,/api/audio/levels (during plugin swap),6.100000,0.000000,3,7,9,11,18,34,170,250,250,250,250,1664,0,3,27.40880172952022,1.052685001923237,1065.1855479991355,75.234375
1772924419,10,GET,/api/audio/levels/plugins,6.100000,0.000000,2,2,4,4,8,15,15,15,15,15,15,1664,0,2,4.828294936937884,1.0223909994238056,1062.972121002531,19.40625
1772924419,10,GET,/api/audio/status,15.700000,0.000000,2,2,3,3,8,14,16,17,22,22,22,4956,0,2,3.913658028070514,1.0277559995302,1074.091395999858,168.0
1772924419,10,GET,/api/chains/,0.000000,0.000000,0,0,0,0,0,0,0,0,0,0,0,160,0,4,35.78325576258976,1.3513000012608245,1038.7257460024557,1448.1
1772924419,10,GET,/api/chains/{id},15.600000,0.000000,3,6,9,10,15,18,860,960,1000,1000,1000,4956,0,3,22.8896648187703,1.204680997034302,1069.7619130005478,500.0104923325262
1772924419,10,POST,/api/chains/{id}/activate,15.700000,0.000000,3,4,6,8,15,19,26,27,29,29,29,4956,0,3,6.230445975187788,1.1701449984684587,1069.5832089986652,53.24031476997579
1772924419,10,POST,/api/chains/{id}/deactivate,15.700000,0.000000,2,2,3,3,6,11,14,19,21,21,21,4956,0,2,4.3106436444372465,1.162620999821229,1083.7654569986626,61.81335754640839
1772924419,10,POST,/api/plugins/batch/parameters (500 updates),9.700000,0.000000,5,7,10,13,25,28,1000,1100,1100,1100,1100,3065,0,6,23.28447140561578,2.806248998240335,1074.2657150003652,882.0603588907014
1772924419,10,GET,/api/plugins/discover,0.000000,0.000000,0,0,0,0,0,0,0,0,0,0,0,160,0,13,18.220616150142632,10.576317999948515,58.00965399976121,85406.0
1772924419,10,GET,/api/plugins/list,0.000000,0.000000,0,0,0,0,0,0,0,0,0,0,0,160,0,2,5.07641034982953,1.080333000572864,43.401594997703796,29.4
1772924419,10,POST,/api/plugins/load?uri,6.100000,0.000000,2,3,4,6,15,20,21,25,25,25,25,1664,0,3,5.518159664702055,1.2616650019481312,256.2621520009998,2215.370793269231
1772924419,10,POST,/api/plugins/unload?uri,6.100000,0.000000,2,2,3,3,8,11,20,21,21,21,21,1664,0,2,3.378946358142142,1.1658449984679464,64.64023000080488,108.12560096153847
1772924419,10,,Aggregated,141.600000,0.000000,2,3,5,7,13,18,27,210,1000,1100,1100,43053,0,2,11.498255851886707,1.0178689990425482,1083.7654569986626,585.6935637470095
1772924420,10,GET,/api/audio/latency,23.000000,0.000000,2,3,3,4,13,17,23,25,250,250,250,6539,0,2,5.297785428075938,1.0178689990425482,1079.284406001534,33.0
1772924420,10,GET,/api/audio/levels,23.000000,0.000000,3,4,6,8,15,22,210,940,1000,1000,1000,6539,0,3,19.312629694151777,1.0466029998497106,1065.4159699988668,75.43141153081511
1772924420,10,GET,/api/audio/levels (during plugin swap),6.700000,0.000000,2,4,9,11,18,34,170,250,250,250,250,1673,0,3,27.277163958707085,1.052685001923237,1065.1855479991355,75.23012552301255
1772924420,10,GET,/api/audio/levels/plugins,6.700000,0.000000,2,2,4,5,11,15,15,15,15,15,15,1673,0,2,4.8235506599322475,1.0223909994238056,1062.972121002531,19.400478182904962
1772924420,10,GET,/api/audio/status,15.100000,0.000000,2,2,3,4,9,14,16,17,22,22,22,4975,0,2,3.9136403035432457,1.0277559995302,1074.091395999858,168.0
1772924420,10,GET,/api/chains/,0.000000,0.000000,0,0,0,0,0,0,0,0,0,0,0,160,0,4,35.78325576258976,1.3513000012608245,1038.7257460024557,1448.1
1772924420,10,GET,/api/chains/{id},15.100000,0.000000,3,5,8,11,15,18,860,960,1000,1000,1000,4975,0,3,22.820453900868284,1.204680997034302,1069.7619130005478,500.17829145728643
1772924420,10,POST,/api/chains/{id}/activate,15.100000,0.000000,3,4,6,8,15,19,26,27,29,29,29,4975,0,3,6.224124516187447,1.1701449984684587,1069.5832089986652,53.24100502512563
1772924420,10,POST,/api/chains/{id}/deactivate,15.000000,0.000000,2,2,3,3,7,12,14,19,21,21,21,4975,0,2,4.305489380065446,1.162620999821229,1083.7654569986626,61.814070351758794
1772924420,10,POST,/api/plugins/batch/parameters (500 updates),9.200000,0.000000,5,7,9,13,24,27,1000,1100,1100,1100,1100,3074,0,6,23.24076190084983,2.806248998240335,1074.2657150003652,882.0689655172414
1772924420,10,GET,/api/plugins/discover,0.000000,0.000000,0,0,0,0,0,0,0,0,0,0,0,160,0,13,18.220616150142632,10.576317999948515,58.00965399976121,85406.0
1772924420,10,GET,/api/plugins/list,0.000000,0.000000,0,0,0,0,0,0,0,0,0,0,0,160,0,2,5.07641034982953,1.080333000572864,43.401594997703796,29.4
1772924420,10,POST,/api/plugins/load?uri,6.700000,0.000000,2,3,4,5,17,20,21,25,25,25,25,1673,0,3,5.510522325200533,1.2616650019481312,256.2621520009998,2217.750747160789
1772924420,10,POST,/api/plugins/unload?uri,6.600000,0.000000,2,2,3,5,9,11,20,21,21,21,21,1673,0,2,3.381379941389199,1.1658449984679464,64.64023000080488,108.11237298266587
1772924420,10,,Aggregated,142.200000,0.000000,2,3,5,7,13,18,27,210,1000,1100,1100,43224,0,2,11.470249111125003,1.0178689990425482,1083.7654569986626,584.5813668332407
1772924421,10,GET,/api/audio/latency,22.800000,0.000000,2,3,3,4,14,19,23,26,250,250,250,6562,0,2,5.294411487836977,1.0178689990425482,1079.284406001534,33.0
1772924421,10,GET,/api/audio/levels,22.800000,0.000000,2,4,6,8,14,20,210,940,1000,1000,1000,6562,0,3,19.25984605944219,1.0466029998497106,1065.4159699988668,75.42883267296556
1772924421,10,GET,/api/audio/levels (during plugin swap),6.700000,0.000000,2,4,8,11,18,34,170,250,250,250,250,1679,0,3,27.18910045796417,1.052685001923237,1065.1855479991355,75.22989874925551
1772924421,10,GET,/api/audio/levels/plugins,6.700000,0.000000,2,3,4,5,11,15,15,15,15,15,15,1679,0,2,4.813831574192363,1.0223909994238056,1062.972121002531,19.39666468135795
1772924421,10,GET,/api/audio/status,14.900000,0.000000,2,2,3,4,9,15,17,17,26,26,26,4993,0,2,3.915782657748107,1.0277559995302,1074.091395999858,168.0
1772924421,10,GET,/api/chains/,0.000000,0.000000,0,0,0,0,0,0,0,0,0,0,0,160,0,4,35.78325576258976,1.3513000012608245,1038.7257460024557,1448.1
1772924421,10,GET,/api/chains/{id},14.900000,0.000000,3,4,9,11,15,18,950,960,1000,1000,1000,4993,0,3,22.75267288279926,1.204680997034302,1069.7619130005478,500.2092930102143
1772924421,10,POST,/api/chains/{id}/activate,14.900000,0.000000,3,4,7,10,16,19,27,27,29,29,29,4993,0,3,6.219443546171749,1.1701449984684587,1069.5832089986652,53.240336471059486
1772924421,10,POST,/api/chains/{id}/deactivate,14.900000,0.000000,2,2,3,3,6,9,15,19,21,21,21,4993,0,2,4.295699651677418,1.162620999821229,1083.7654569986626,61.81474063689165
1772924421,10,POST,/api/plugins/batch/parameters (500 updates),9.700000,0.000000,5,8,12,16,24,27,1000,1100,1100,1100,1100,3089,0,6,23.181557565297737,2.806248998240335,1074.2657150003652,882.0029135642603
1772924421,10,GET,/api/plugins/discover,0.000000,0.000000,0,0,0,0,0,0,0,0,0,0,0,160,0,13,18.220616150142632,10.576317999948515,58.00965399976121,85406.0
1772924421,10,GET,/api/plugins/list,0.000000,0.000000,0,0,0,0,0,0,0,0,0,0,0,160,0,2,5.07641034982953,1.080333000572864,43.401594997703796,29.4
1772924421,10,POST,/api/plugins/load?uri,6.700000,0.000000,2,3,4,5,17,20,21,25,25,25,25,1679,0,3,5.502001997057771,1.2616650019481312,256.2621520009998,2221.6611078022634
1772924421,10,POST,/api/plugins/unload?uri,6.700000,0.000000,2,2,3,5,9,20,21,27,27,27,27,1679,0,2,3.3920439362374335,1.1658449984679464,64.64023000080488,108.12150089338893
1772924421,10,,Aggregated,141.700000,0.000000,2,3,5,8,14,19,27,210,1000,1100,1100,43381,0,2,11.445320509238424,1.0178689990425482,1083.7654569986626,583.6379751504114
1772924422,10,GET,/api/audio/latency,23.100000,0.000000,2,3,3,5,15,21,23,26,250,250,250,6592,0,2,5.289700253214709,1.0178689990425482,1079.284406001534,33.0
1772924422,10,GET,/api/audio/levels,23.100000,0.000000,3,4,8,9,16,22,210,940,1000,1000,1000,6592,0,3,19.199862254863458,1.0466029998497106,1065.4159699988668,75.42566747572816
1772924422,10,GET,/api/audio/levels (during plugin swap),6.200000,0.000000,2,4,8,11,13,24,170,250,250,250,250,1684,0,3,27.118847489856304,1.052685001923237,1065.1855479991355,75.23871733966746
1772924422,10,GET,/api/audio/levels/plugins,6.200000,0.000000,2,3,4,6,11,15,15,15,15,15,15,1684,0,2,4.8058875404216765,1.0223909994238056,1062.972121002531,19.39608076009501
1772924422,10,GET,/api/audio/status,15.900000,0.000000,2,2,3,4,9,15,17,17,26,26,26,5013,0,2,3.9135466307883435,1.0277559995302,1074.091395999858,168.0
1772924422,10,GET,/api/chains/,0.000000,0.000000,0,0,0,0,0,0,0,0,0,0,0,160,0,4,35.78325576258976,1.3513000012608245,1038.7257460024557,1448.1
1772924422,10,GET,/api/chains/{id},15.900000,0.000000,3,6,9,11,15,21,950,960,1000,1000,1000,5013,0,3,22.703001317538543,1.204680997034302,1069.7619130005478,500.2734889287852
1772924422,10,POST,/api/chains/{id}/activate,15.900000,0.000000,3,5,8,11,17,21,27,27,29,29,29,5013,0,3,6.223481359474706,1.1701449984684587,1069.5832089986652,53.23738280470776
1772924422,10,POST,/api/chains/{id}/deactivate,15.900000,0.000000,2,2,3,3,8,11,15,19,21,21,21,5013,0,2,4.2936359562780595,1.162620999821229,1083.7654569986626,61.81547975264313
1772924422,10,POST,/api/plugins/batch/parameters (500 updates),9.200000,0.000000,5,8,10,13,24,27,1000,1100,1100,1100,1100,3101,0,6,23.111212073590675,2.806248998240335,1074.2657150003652,881.9345372460497
1772924422,10,GET,/api/plugins/discover,0.000000,0.000000,0,0,0,0,0,0,0,0,0,0,0,160,0,13,18.220616150142632,10.576317999948515,58.00965399976121,85406.0
1772924422,10,GET,/api/plugins/list,0.000000,0.000000,0,0,0,0,0,0,0,0,0,0,0,160,0,2,5.07641034982953,1.080333000572864,43.401594997703796,29.4
1772924422,10,POST,/api/plugins/load?uri,6.200000,0.000000,2,3,4,5,17,20,21,25,25,25,25,1684,0,3,5.499292958466001,1.2616650019481312,256.2621520009998,2221.1098574821854
1772924422,10,POST,/api/plugins/unload?uri,6.200000,0.000000,2,3,3,5,9,20,21,27,27,27,27,1684,0,2,3.3878477339307653,1.1658449984679464,64.64023000080488,108.12232779097387
1772924422,10,,Aggregated,143.800000,0.000000,2,4,5,8,15,20,27,210,1000,1100,1100,43553,0,2,11.421352663221498,1.0178689990425482,1083.7654569986626,582.269602553211
1772924423,10,GET,/api/audio/latency,22.700000,0.000000,2,3,3,5,16,21,23,26,250,250,250,6615,0,2,5.288317117942938,1.0178689990425482,1079.284406001534,33.0
1772924423,10,GET,/api/audio/levels,22.700000,0.000000,3,4,8,10,16,22,210,940,1000,1000,1000,6615,0,3,19.157163379146887,1.0466029998497106,1065.4159699988668,75.42509448223734
1772924423,10,GET,/api/audio/levels (during plugin swap),6.200000,0.000000,2,4,8,11,18,24,250,250,250,250,250,1687,0,3,27.07394059449665,1.052685001923237,1065.1855479991355,75.2347362181387
1772924423,10,GET,/api/audio/levels/plugins,6.200000,0.000000,2,4,4,6,11,15,15,15,15,15,15,1687,0,2,4.8002059206098755,1.0223909994238056,1062.972121002531,19.394190871369293
1772924423,10,GET,/api/audio/status,15.500000,0.000000,2,2,3,4,9,15,16,17,26,26,26,5033,0,2,3.9104894361487377,1.0277559995302,1074.091395999858,168.0
1772924423,10,GET,/api/chains/,0.000000,0.000000,0,0,0,0,0,0,0,0,0,0,0,160,0,4,35.78325576258976,1.3513000012608245,1038.7257460024557,1448.1
1772924423,10,GET,/api/chains/{id},15.500000,0.000000,3,6,9,11,15,21,860,960,1000,1000,1000,5033,0,3,22.6329732197131,1.204680997034302,1069.7619130005478,500.169084045301
1772924423,10,POST,/api/chains/{id}/activate,15.500000,0.000000,3,5,8,11,17,21,26,27,29,29,29,5033,0,3,6.2223992328712825,1.1701449984684587,1069.5832089986652,53.249354261871645
1772924423,10,POST,/api/chains/{id}/deactivate,15.500000,0.000000,2,2,3,3,7,10,14,19,21,21,21,5033,0,2,4.285728688620504,1.162620999821229,1083.7654569986626,61.81621299423803
1772924423,10,POST,/api/plugins/batch/parameters (500 updates),9.200000,0.000000,5,8,10,13,23,27,1000,1100,1100,1100,1100,3112,0,6,23.05676430051652,2.806248998240335,1074.2657150003652,881.8785347043702
1772924423,10,GET,/api/plugins/discover,0.000000,0.000000,0,0,0,0,0,0,0,0,0,0,0,160,0,13,18.220616150142632,10.576317999948515,58.00965399976121,85406.0
1772924423,10,GET,/api/plugins/list,0.000000,0.000000,0,0,0,0,0,0,0,0,0,0,0,160,0,2,5.07641034982953,1.080333000572864,43.401594997703796,29.4
1772924423,10,POST,/api/plugins/load?uri,6.200000,0.000000,3,3,4,9,18,20,25,25,25,25,25,1687,0,3,5.4931777842659875,1.2616650019481312,256.2621520009998,2220.0225251926495
1772924423,10,POST,/api/plugins/unload?uri,6.200000,0.000000,2,3,3,5,9,11,27,27,27,27,27,1687,0,2,3.385402563091317,1.1658449984679464,64.64023000080488,108.1363366923533
1772924423,10,,Aggregated,141.400000,0.000000,2,4,6,8,15,20,27,210,1000,1100,1100,43702,0,2,11.398628317840554,1.0178689990425482,1083.7654569986626,581.0320122648849
1772924424,10,GET,/api/audio/latency,23.300000,0.000000,2,3,3,4,15,19,22,24,28,28,28,6640,0,2,5.2896598087637,1.0178689990425482,1079.284406001534,33.0
1772924424,10,GET,/api/audio/levels,23.300000,0.000000,3,4,8,9,16,21,28,940,1000,1000,1000,6640,0,3,19.11458440467649,1.0466029998497106,1065.4159699988668,75.42379518072289
1772924424,10,GET,/api/audio/levels (during plugin swap),5.900000,0.000000,2,4,7,8,13,18,24,24,24,24,24,1690,0,3,27.038148893440777,1.052685001923237,1065.1855479991355,75.23846153846154
1772924424,10,GET,/api/audio/levels/plugins,5.800000,0.000000,2,3,4,7,11,15,15,15,15,15,15,1690,0,2,4.800632523710563,1.0223909994238056,1062.972121002531,19.392307692307693
1772924424,10,GET,/api/audio/status,15.500000,0.000000,2,3,3,5,9,15,16,17,26,26,26,5047,0,2,3.909503614848322,1.0277559995302,1074.091395999858,168.0
1772924424,10,GET,/api/chains/,0.000000,0.000000,0,0,0,0,0,0,0,0,0,0,0,160,0,4,35.78325576258976,1.3513000012608245,1038.7257460024557,1448.1
1772924424,10,GET,/api/chains/{id},15.500000,0.000000,3,7,10,11,15,21,860,960,1000,1000,1000,5047,0,3,22.60342899917063,1.204680997034302,1069.7619130005478,500.26768377253813
1772924424,10,POST,/api/chains/{id}/activate,15.500000,0.000000,3,5,8,11,17,21,29,41,47,47,47,5047,0,3,6.2373405698507405,1.1701449984684587,1069.5832089986652,53.24331285912423
1772924424,10,POST,/api/chains/{id}/deactivate,15.500000,0.000000,2,2,3,3,8,11,15,21,25,25,25,5047,0,2,4.28597904692336,1.162620999821229,1083.7654569986626,61.81672280562711
1772924424,10,POST,/api/plugins/batch/parameters (500 updates),9.200000,0.000000,5,8,11,13,23,26,46,1000,1100,1100,1100,3125,0,6,23.014141612226375,2.806248998240335,1074.2657150003652,881.86848
1772924424,10,GET,/api/plugins/discover,0.000000,0.000000,0,0,0,0,0,0,0,0,0,0,0,160,0,13,18.220616150142632,10.576317999948515,58.00965399976121,85406.0
1772924424,10,GET,/api/plugins/list,0.000000,0.000000,0,0,0,0,0,0,0,0,0,0,0,160,0,2,5.07641034982953,1.080333000572864,43.401594997703796,29.4
1772924424,10,POST,/api/plugins/load?uri,5.800000,0.000000,3,3,4,5,17,18,21,21,21,21,21,1690,0,3,5.488941024294187,1.2616650019481312,256.2621520009998,2219.283431952663
1772924424,10,POST,/api/plugins/unload?uri,5.800000,0.000000,2,3,3,5,9,11,27,27,27,27,27,1690,0,2,3.386306954991553,1.1658449984679464,64.64023000080488,108.12485207100592
1772924424,10,,Aggregated,141.100000,0.000000,2,4,6,8,14,19,26,43,1000,1100,1100,43833,0,2,11.387422580390469,1.0178689990425482,1083.7654569986626,580.0158328200215
