Timestamp,User Count,Type,Name,Requests/s,Failures/s,50%,66%,75%,80%,90%,95%,98%,99%,99.9%,99.99%,100%,Total Request Count,Total Failure Count,Total Median Response Time,Total Average Response Time,Total Min Response Time,Total Max Response Time,Total Average Content Size
1772924039,0,,Aggregated,0.000000,0.000000,N/A,N/A,N/A,N/A,N/A,N/A,N/A,N/A,N/A,N/A,N/A,0,0,0,0.0,0,0,0
1772924040,2,GET,/api/audio/latency,0.000000,0.000000,0,0,0,0,0,0,0,0,0,0,0,4,0,1.0427719971630722,6.047546999070619,1.0427719971630722,20.670399000664474,33.0
1772924040,2,GET,/api/audio/levels,0.000000,0.000000,0,0,0,0,0,0,0,0,0,0,0,4,0,2,1.7248772501261556,1.478144000429893,2.17283799793222,79.5
1772924040,2,GET,/api/audio/status,0.000000,0.000000,0,0,0,0,0,0,0,0,0,0,0,2,0,1.1860509985126555,1.3428985002974514,1.1860509985126555,1.4997460020822473,168.0
1772924040,2,GET,/api/chains/,0.000000,0.000000,0,0,0,0,0,0,0,0,0,0,0,3,0,140.0,100.97095866634238,15.35810799759929,149.62463600022602,1448.0
1772924040,2,GET,/api/chains/{id},0.000000,0.000000,0,0,0,0,0,0,0,0,0,0,0,2,0,4,4.056565498103737,3.8782479969086125,4.234882999298861,414.5
1772924040,2,POST,/api/chains/{id}/activate,0.000000,0.000000,0,0,0,0,0,0,0,0,0,0,0,2,0,3.3516319999762345,3.5506100011843955,3.3516319999762345,3.7495880023925565,35.0
1772924040,2,POST,/api/chains/{id}/deactivate,0.000000,0.000000,0,0,0,0,0,0,0,0,0,0,0,2,0,1.376185999106383,1.426341999831493,1.376185999106383,1.476498000556603,62.0
1772924040,2,GET,/api/plugins/discover,0.000000,0.000000,0,0,0,0,0,0,0,0,0,0,0,3,0,22,21.557488998951158,13.326369000424165,29.32887099814252,85410.66666666667
1772924040,2,GET,/api/plugins/list,0.000000,0.000000,0,0,0,0,0,0,0,0,0,0,0,3,0,3,5.940806334062169,2.1148970008653123,12.897471002361272,23.0
1772924040,2,,Aggregated,0.000000,0.000000,0,0,0,0,0,0,0,0,0,0,0,25,0,3,17.490011639747536,1.0427719971630722,149.62463600022602,10498.16
1772924041,4,GET,/api/audio/latency,0.000000,0.000000,0,0,0,0,0,0,0,0,0,0,0,7,0,1.0427719971630722,5.8707248567121235,1.0427719971630722,20.670399000664474,33.0
1772924041,4,GET,/api/audio/levels,0.000000,0.000000,0,0,0,0,0,0,0,0,0,0,0,7,0,2,2.52025685767876,1.1018910008715466,8.23490800030413,78.57142857142857
1772924041,4,GET,/api/audio/levels (during plugin swap),0.000000,0.000000,0,0,0,0,0,0,0,0,0,0,0,1,0,1.1235550009587314,1.1235550009587314,1.1235550009587314,1.1235550009587314,73.0
1772924041,4,GET,/api/audio/levels/plugins,0.000000,0.000000,0,0,0,0,0,0,0,0,0,0,0,1,0,8.262618001026567,8.262618001026567,8.262618001026567,8.262618001026567,27.0
1772924041,4,GET,/api/audio/status,0.000000,0.000000,0,0,0,0,0,0,0,0,0,0,0,6,0,1.0818479968293104,2.210058832739984,1.0818479968293104,4.339874998549931,168.0
1772924041,4,GET,/api/chains/,0.000000,0.000000,0,0,0,0,0,0,0,0,0,0,0,8,0,140.0,319.7924177497953,1.3270819981698878,1046.9668340010685,1448.0
1772924041,4,GET,/api/chains/{id},0.000000,0.000000,0,0,0,0,0,0,0,0,0,0,0,6,0,4,157.13381166763915,1.2395620033203159,918.8805810008489,442.8333333333333
1772924041,4,POST,/api/chains/{id}/activate,0.000000,0.000000,0,0,0,0,0,0,0,0,0,0,0,6,0,4,15.33478066752044,1.2305160016694572,49.45194800166064,39.166666666666664
1772924041,4,POST,/api/chains/{id}/deactivate,0.000000,0.000000,0,0,0,0,0,0,0,0,0,0,0,6,0,1.1740730005840305,3.034535666301963,1.1740730005840305,11.496715000248514,62.0
1772924041,4,GET,/api/plugins/discover,0.000000,0.000000,0,0,0,0,0,0,0,0,0,0,0,8,0,22,25.083069499487465,11.180091998539865,44.49629000009736,85407.75
1772924041,4,GET,/api/plugins/list,0.000000,0.000000,0,0,0,0,0,0,0,0,0,0,0,8,0,11,11.035469000034936,1.2229329986439552,20.1289500000712,23.0
1772924041,4,POST,/api/plugins/load?uri,0.000000,0.000000,0,0,0,0,0,0,0,0,0,0,0,1,0,9.342615001514787,9.342615001514787,9.342615001514787,9.342615001514787,1074.0
1772924041,4,POST,/api/plugins/unload?uri,0.000000,0.000000,0,0,0,0,0,0,0,0,0,0,0,1,0,1.2347390002105385,1.2347390002105385,1.2347390002105385,1.2347390002105385,103.0
1772924041,4,,Aggregated,0.000000,0.000000,4,12,19,21,49,590,920,1000,1000,1000,1000,66,0,4,60.48889651521511,1.0427719971630722,1046.9668340010685,10626.666666666666
1772924042,6,GET,/api/audio/latency,0.000000,0.000000,2,4,5,11,13,14,14,14,14,14,14,26,0,2,4.849802615353838,1.0427719971630722,20.670399000664474,33.0
1772924042,6,GET,/api/audio/levels,0.000000,0.000000,2,4,8,8,12,14,14,14,14,14,14,26,0,2,4.111880923189276,1.1018910008715466,14.281086998380488,76.5
1772924042,6,GET,/api/audio/levels (during plugin swap),0.000000,0.000000,0,0,0,0,0,0,0,0,0,0,0,4,0,1.1235550009587314,3.5605045004558633,1.1235550009587314,10.220647000096506,73.0
1772924042,6,GET,/api/audio/levels/plugins,0.000000,0.000000,0,0,0,0,0,0,0,0,0,0,0,4,0,1.1876839998876676,3.3105194988820585,1.1876839998876676,8.262618001026567,23.75
1772924042,6,GET,/api/audio/status,0.000000,0.000000,2,2,2,2,4,7,7,7,7,7,7,19,0,1.0499220006749965,2.11268721020468,1.0499220006749965,7.023502999800257,168.0
1772924042,6,GET,/api/chains/,0.000000,0.000000,8,19,590,590,1000,1000,1000,1000,1000,1000,1000,12,0,15,215.34862683286823,1.3270819981698878,1046.9668340010685,1448.0
1772924042,6,GET,/api/chains/{id},0.000000,0.000000,2,13,13,15,20,920,920,920,920,920,920,19,0,3,54.54644221084125,1.2395620033203159,918.8805810008489,481.42105263157896
1772924042,6,POST,/api/chains/{id}/activate,0.000000,0.000000,4,4,5,8,30,49,49,49,49,49,49,19,0,4,7.946562579347397,1.2305160016694572,49.45194800166064,45.526315789473685
1772924042,6,POST,/api/chains/{id}/deactivate,0.000000,0.000000,1,2,2,2,11,20,20,20,20,20,20,19,0,1.1740730005840305,3.0515974729879467,1.1740730005840305,20.0548520006123,62.0
1772924042,6,GET,/api/plugins/discover,0.000000,0.000000,29,32,34,36,44,44,44,44,44,44,44,12,0,22,23.86386874938277,10.937481998553267,44.49629000009736,85407.16666666667
1772924042,6,GET,/api/plugins/list,0.000000,0.000000,7,11,19,20,20,20,20,20,20,20,20,12,0,7,8.87408808375767,1.2229329986439552,20.1289500000712,23.0
1772924042,6,POST,/api/plugins/load?uri,0.000000,0.000000,0,0,0,0,0,0,0,0,0,0,0,4,0,2,3.9153645011538174,1.7335960001219064,9.342615001514787,3279.25
1772924042,6,POST,/api/plugins/unload?uri,0.000000,0.000000,0,0,0,0,0,0,0,0,0,0,0,4,0,1.2347390002105385,1.4921140000296873,1.2347390002105385,2.015551999647869,108.25
1772924042,6,,Aggregated,0.000000,0.000000,2,5,11,12,20,36,590,920,1000,1000,1000,180,0,2,25.248029366614194,1.0427719971630722,1046.9668340010685,5965.022222222222
1772924043,8,GET,/api/audio/latency,2.000000,0.000000,3,5,9,11,14,19,24,24,24,24,24,48,0,2,5.613865374925808,1.0346000017307233,23.526509998191614,33.0
1772924043,8,GET,/api/audio/levels,2.000000,0.000000,2,7,9,12,14,19,22,22,22,22,22,48,0,2,5.438767645955522,1.1018910008715466,21.73366499846452,75.70833333333333
1772924043,8,GET,/api/audio/levels (during plugin swap),0.000000,0.000000,6,8,9,10,46,46,46,46,46,46,46,11,0,4,8.294455545348518,1.1235550009587314,46.39061399939237,75.36363636363636
1772924043,8,GET,/api/audio/levels/plugins,0.000000,0.000000,2,2,4,6,6,6,6,6,6,6,6,11,0,2,3.149671453932321,1.0922170004050713,8.262618001026567,19.90909090909091
1772924043,8,GET,/api/audio/status,1.000000,0.000000,2,2,3,4,6,7,9,9,9,9,9,30,0,2,2.580223766320463,1.0499220006749965,8.849648002069443,168.0
1772924043,8,GET,/api/chains/,1.500000,0.000000,8,14,16,19,590,1000,1000,1000,1000,1000,1000,23,0,8,115.79145582547189,1.3270819981698878,1046.9668340010685,1448.0
1772924043,8,GET,/api/chains/{id},1.000000,0.000000,3,13,15,17,20,20,920,920,920,920,920,30,0,3,37.50603169986183,1.2395620033203159,918.8805810008489,487.93333333333334
1772924043,8,POST,/api/chains/{id}/activate,1.000000,0.000000,4,5,11,13,20,30,49,49,49,49,49,30,0,4,7.8408265337202465,1.2305160016694572,49.45194800166064,48.333333333333336
1772924043,8,POST,/api/chains/{id}/deactivate,1.000000,0.000000,2,2,5,7,20,26,27,27,27,27,27,30,0,2,4.844705499272095,1.1740730005840305,27.040856002713554,62.0
1772924043,8,GET,/api/plugins/discover,1.500000,0.000000,12,29,32,34,44,50,50,50,50,50,50,23,0,13,21.25506399976945,10.762606001662789,49.95209799744771,85406.60869565218
1772924043,8,GET,/api/plugins/list,1.500000,0.000000,5,8,11,16,20,20,20,20,20,20,20,23,0,3,6.655343869763032,1.1177129999850877,20.1289500000712,23.0
1772924043,8,POST,/api/plugins/load?uri,0.000000,0.000000,2,3,5,5,9,9,9,9,9,9,9,11,0,2,3.96449363622444,1.374542000121437,9.342615001514787,2885.3636363636365
1772924043,8,POST,/api/plugins/unload?uri,0.000000,0.000000,2,2,2,3,9,9,9,9,9,9,9,11,0,1.2347390002105385,2.4232483632328115,1.2347390002105385,9.421326998563018,110.45454545454545
1772924043,8,,Aggregated,12.500000,0.000000,3,7,11,12,20,29,50,590,1000,1000,1000,329,0,3,17.066788553035753,1.0346000017307233,1046.9668340010685,6262.592705167173
1772924044,10,GET,/api/audio/latency,2.333333,0.000000,2,4,6,9,14,15,20,24,24,24,24,71,0,2,4.955580507029622,1.0346000017307233,23.526509998191614,33.0
1772924044,10,GET,/api/audio/levels,2.333333,0.000000,3,9,11,13,20,21,25,34,34,34,34,71,0,3,6.986246901645463,1.1018910008715466,33.91719900173484,75.74647887323944
1772924044,10,GET,/api/audio/levels (during plugin swap),0.333333,0.000000,6,9,10,10,25,46,46,46,46,46,46,14,0,4,9.15135199985733,1.1235550009587314,46.39061399939237,75.78571428571429
1772924044,10,GET,/api/audio/levels/plugins,0.333333,0.000000,2,2,2,4,6,6,6,6,6,6,6,14,0,2,2.858960142475553,1.0922170004050713,8.262618001026567,20.5
1772924044,10,GET,/api/audio/status,3.000000,0.000000,2,2,4,5,10,27,27,27,27,27,27,42,0,2,4.2490310710750885,1.0499220006749965,27.41954199882457,168.0
1772924044,10,GET,/api/chains/,3.333333,0.000000,8,14,17,19,43,590,1000,1000,1000,1000,1000,39,0,9,73.64638146100333,1.3270819981698878,1046.9668340010685,1448.025641025641
1772924044,10,GET,/api/chains/{id},3.000000,0.000000,4,11,14,17,20,20,920,920,920,920,920,42,0,4,29.055745118880406,1.2395620033203159,918.8805810008489,487.14285714285717
1772924044,10,POST,/api/chains/{id}/activate,3.000000,0.000000,4,5,11,13,20,32,49,49,49,49,49,42,0,4,7.7220272622590915,1.2305160016694572,49.45194800166064,49.285714285714285
1772924044,10,POST,/api/chains/{id}/deactivate,2.333333,0.000000,2,2,6,11,24,27,52,52,52,52,52,42,0,2,6.232909213611579,1.1740730005840305,51.98431899771094,61.404761904761905
1772924044,10,POST,/api/plugins/batch/parameters (500 updates),0.000000,0.000000,0,0,0,0,0,0,0,0,0,0,0,1,0,8.14263999927789,8.14263999927789,8.14263999927789,8.14263999927789,861.0
1772924044,10,GET,/api/plugins/discover,3.333333,0.000000,20,31,32,33,36,44,50,50,50,50,50,38,0,20,22.265583052438544,10.762606001662789,49.95209799744771,85406.36842105263
1772924044,10,GET,/api/plugins/list,3.333333,0.000000,2,7,8,11,19,20,20,20,20,20,20,39,0,2,6.038319872179552,1.081359001545934,20.1961350030615,25.025641025641026
1772924044,10,POST,/api/plugins/load?uri,0.333333,0.000000,2,4,5,5,5,9,9,9,9,9,9,14,0,2,3.935288357232431,1.374542000121437,9.342615001514787,2553.9285714285716
1772924044,10,POST,/api/plugins/unload?uri,0.333333,0.000000,2,2,2,3,9,24,24,24,24,24,24,14,0,1.2347390002105385,3.8685381428617154,1.2347390002105385,23.894174002634827,109.35714285714286
1772924044,10,,Aggregated,27.333333,0.000000,3,8,11,13,20,31,46,150,1000,1000,1000,483,0,3,14.642057488531435,1.0346000017307233,1046.9668340010685,7002.633540372671
1772924045,10,GET,/api/audio/latency,6.500000,0.000000,2,4,6,10,14,19,20,24,24,24,24,98,0,2,5.131014642831026,1.0346000017307233,23.526509998191614,33.0
1772924045,10,GET,/api/audio/levels,7.250000,0.000000,3,8,11,12,17,21,28,34,34,34,34,99,0,3,6.649636222455872,1.0561689996393397,33.91719900173484,75.75757575757575
1772924045,10,GET,/api/audio/levels (during plugin swap),1.000000,0.000000,6,9,10,10,25,46,46,46,46,46,46,16,0,4,8.705383687356516,1.1235550009587314,46.39061399939237,76.25
1772924045,10,GET,/api/audio/levels/plugins,1.000000,0.000000,2,2,4,6,6,14,14,14,14,14,14,16,0,2,3.492419062240515,1.0922170004050713,13.656295999680879,20.5
1772924045,10,GET,/api/audio/status,4.750000,0.000000,2,3,3,5,11,24,27,27,27,27,27,60,0,2,4.081840283167064,1.0499220006749965,27.41954199882457,168.0
1772924045,10,GET,/api/chains/,3.750000,0.000000,8,15,17,19,42,590,1000,1000,1000,1000,1000,49,0,9,60.66358108134354,1.3270819981698878,1046.9668340010685,1448.1632653061224
1772924045,10,GET,/api/chains/{id},5.250000,0.000000,5,10,13,16,20,20,27,920,920,920,920,60,0,4,22.743631099971633,1.2395620033203159,918.8805810008489,488.05
1772924045,10,POST,/api/chains/{id}/activate,4.750000,0.000000,4,10,13,15,19,30,32,49,49,49,49,60,0,4,7.977154166898496,1.226677999511594,49.45194800166064,50.416666666666664
1772924045,10,POST,/api/chains/{id}/deactivate,4.750000,0.000000,2,2,6,11,20,26,27,52,52,52,52,60,0,2,6.026308532940068,1.1740730005840305,51.98431899771094,61.166666666666664
1772924045,10,POST,/api/plugins/batch/parameters (500 updates),0.000000,0.000000,0,0,0,0,0,0,0,0,0,0,0,1,0,8.14263999927789,8.14263999927789,8.14263999927789,8.14263999927789,861.0
1772924045,10,GET,/api/plugins/discover,3.500000,0.000000,13,31,32,33,35,41,50,50,50,50,50,48,0,13,21.837388250105505,10.762606001662789,49.95209799744771,85406.29166666667
1772924045,10,GET,/api/plugins/list,3.750000,0.000000,2,5,7,10,19,20,20,20,20,20,20,48,0,2,5.449296375445556,1.081359001545934,20.1961350030615,24.645833333333332
1772924045,10,POST,/api/plugins/load?uri,1.000000,0.000000,3,4,5,5,5,9,9,9,9,9,9,16,0,3,3.9430010624528222,1.374542000121437,9.342615001514787,2483.75
1772924045,10,POST,/api/plugins/unload?uri,1.000000,0.000000,2,2,2,3,9,24,24,24,24,24,24,16,0,2,3.6409505626124883,1.2347390002105385,23.894174002634827,108.25
1772924045,10,,Aggregated,48.250000,0.000000,3,8,11,13,20,29,42,52,1000,1000,1000,647,0,3,12.70141655487692,1.0346000017307233,1046.9668340010685,6603.273570324575
1772924046,10,GET,/api/audio/latency,9.800000,0.000000,2,4,6,11,15,19,20,24,25,25,25,123,0,2,5.194343219518783,1.0313269995094743,25.355932000820758,33.0
1772924046,10,GET,/api/audio/levels,9.800000,0.000000,3,7,10,11,16,20,25,28,34,34,34,123,0,3,6.4282733091374205,1.0561689996393397,33.91719900173484,75.4308943089431
1772924046,10,GET,/api/audio/levels (during plugin swap),2.200000,0.000000,5,8,10,10,25,46,46,46,46,46,46,21,0,4,7.609552523804485,1.1235550009587314,46.39061399939237,76.71428571428571
1772924046,10,GET,/api/audio/levels/plugins,2.200000,0.000000,2,6,13,14,25,31,31,31,31,31,31,21,0,2,6.9406687138585506,1.0884740004257765,31.22157299731043,20.80952380952381
1772924046,10,GET,/api/audio/status,6.000000,0.000000,2,3,5,7,15,27,28,34,34,34,34,77,0,2,5.066311129797084,1.0499220006749965,34.04633600075613,168.0
1772924046,10,GET,/api/chains/,5.200000,0.000000,8,14,17,19,20,43,590,1000,1000,1000,1000,67,0,8,46.57381334314479,1.3225260008766782,1046.9668340010685,1448.134328358209
1772924046,10,GET,/api/chains/{id},6.000000,0.000000,5,9,13,15,19,20,27,920,920,920,920,77,0,5,19.310721337690183,1.2395620033203159,918.8805810008489,497.16883116883116
1772924046,10,POST,/api/chains/{id}/activate,6.000000,0.000000,4,8,13,15,18,22,32,49,49,49,49,77,0,4,7.698677415776599,1.176151999970898,49.45194800166064,50.90909090909091
1772924046,10,POST,/api/chains/{id}/deactivate,6.000000,0.000000,2,5,11,12,20,24,27,52,52,52,52,77,0,2,6.447487635991171,1.1740730005840305,51.98431899771094,61.35064935064935
1772924046,10,POST,/api/plugins/batch/parameters (500 updates),0.000000,0.000000,8,8,8,8,8,8,8,8,8,8,8,2,0,3.291516000899719,5.717078000088804,3.291516000899719,8.14263999927789,873.0
1772924046,10,GET,/api/plugins/discover,4.800000,0.000000,18,28,32,32,35,41,44,50,50,50,50,67,0,18,21.28805783590295,10.667229002137901,49.95209799744771,85406.20895522388
1772924046,10,GET,/api/plugins/list,5.200000,0.000000,3,6,10,13,16,19,20,20,20,20,20,67,0,3,5.797569194464135,1.081359001545934,20.1961350030615,26.611940298507463
1772924046,10,POST,/api/plugins/load?uri,2.200000,0.000000,3,4,5,5,9,18,18,18,18,18,18,21,0,3,4.495394333172866,1.374542000121437,18.467337999027222,2156.714285714286
1772924046,10,POST,/api/plugins/unload?uri,2.200000,0.000000,2,2,8,9,12,24,24,24,24,24,24,21,0,2,4.345601857147856,1.2347390002105385,23.894174002634827,106.38095238095238
1772924046,10,,Aggregated,67.600000,0.000000,3,9,12,13,20,27,36,49,1000,1000,1000,841,0,3,11.692865956029111,1.0313269995094743,1046.9668340010685,7069.609988109393
1772924047,10,GET,/api/audio/latency,12.000000,0.000000,2,4,6,11,15,19,20,24,25,25,25,144,0,2,5.1322575416432095,1.0313269995094743,25.355932000820758,33.0
1772924047,10,GET,/api/audio/levels,12.000000,0.000000,3,7,10,12,16,20,25,28,34,34,34,144,0,3,6.411618680734439,1.0529389983275905,33.91719900173484,75.34722222222223
1772924047,10,GET,/api/audio/levels (during plugin swap),2.333333,0.000000,6,10,11,12,15,46,58,58,58,58,58,36,0,5,9.049936944595377,1.1235550009587314,57.54488900129218,76.25
1772924047,10,GET,/api/audio/levels/plugins,2.333333,0.000000,2,2,6,6,19,27,31,31,31,31,31,36,0,2,5.565490833153793,1.0884740004257765,31.22157299731043,19.416666666666668
1772924047,10,GET,/api/audio/status,7.500000,0.000000,2,3,5,6,11,24,28,34,34,34,34,88,0,2,4.858589159125999,1.0499220006749965,34.04633600075613,168.0
1772924047,10,GET,/api/chains/,6.500000,0.000000,7,14,17,19,20,44,590,1000,1000,1000,1000,74,0,7,43.18836409441467,1.3225260008766782,1046.9668340010685,1448.1486486486488
1772924047,10,GET,/api/chains/{id},7.500000,0.000000,4,8,11,13,18,20,27,920,920,920,920,88,0,4,17.260419931930798,1.2395620033203159,918.8805810008489,491.67045454545456
1772924047,10,POST,/api/chains/{id}/activate,7.500000,0.000000,4,7,11,13,18,22,46,49,49,49,49,88,0,4,7.740141534296444,1.176151999970898,49.45194800166064,50.90909090909091
1772924047,10,POST,/api/chains/{id}/deactivate,7.500000,0.000000,2,4,11,12,20,23,27,52,52,52,52,88,0,2,6.331891840669744,1.1740730005840305,51.98431899771094,61.14772727272727
1772924047,10,POST,/api/plugins/batch/parameters (500 updates),0.166667,0.000000,7,8,8,39,39,39,39,39,39,39,39,5,0,7,12.192052600585157,3.041959000256611,39.43571500349208,869.0
1772924047,10,GET,/api/plugins/discover,6.500000,0.000000,16,23,31,32,35,42,45,50,50,50,50,74,0,16,21.138537013521763,10.667229002137901,49.95209799744771,85406.18918918919
1772924047,10,GET,/api/plugins/list,6.500000,0.000000,3,6,10,13,16,19,20,20,20,20,20,74,0,3,5.801213121968258,1.081359001545934,20.1961350030615,26.27027027027027
1772924047,10,POST,/api/plugins/load?uri,2.333333,0.000000,3,5,5,8,13,14,18,18,18,18,18,36,0,3,5.173105110770848,1.374542000121437,18.467337999027222,2254.6111111111113
1772924047,10,POST,/api/plugins/unload?uri,2.333333,0.000000,2,2,3,7,9,12,24,24,24,24,24,35,0,2,3.664818657021637,1.1925210019398946,23.894174002634827,106.8
1772924047,10,,Aggregated,83.000000,0.000000,3,8,11,13,20,27,39,46,920,1000,1000,1010,0,3,10.829927194089857,1.0313269995094743,1046.9668340010685,6539.972277227723
1772924048,10,GET,/api/audio/latency,14.714286,0.000000,2,3,5,9,14,17,20,24,25,25,25,168,0,2,4.811282839195234,1.0313269995094743,25.355932000820758,33.0
1772924048,10,GET,/api/audio/levels,14.714286,0.000000,3,7,10,11,16,20,25,28,34,34,34,170,0,3,6.205809094278854,1.0474910013726912,33.91719900173484,75.21764705882353
1772924048,10,GET,/api/audio/levels (during plugin swap),2.285714,0.000000,6,9,11,12,15,26,58,58,58,58,58,45,0,5,8.69388606677401,1.0886989985010587,57.54488900129218,76.17777777777778
1772924048,10,GET,/api/audio/levels/plugins,2.285714,0.000000,2,2,3,6,14,25,31,31,31,31,31,45,0,2,4.8045278887406715,1.0884740004257765,31.22157299731043,18.91111111111111
1772924048,10,GET,/api/audio/status,8.714286,0.000000,2,3,5,9,14,27,34,39,39,39,39,102,0,2,5.0912836470838645,1.0499220006749965,38.52952799934428,168.0
1772924048,10,GET,/api/chains/,7.142857,0.000000,7,14,15,19,20,44,590,1000,1000,1000,1000,81,0,8,40.11915569113895,1.3225260008766782,1046.9668340010685,1448.1975308641975
1772924048,10,GET,/api/chains/{id},8.857143,0.000000,4,8,10,13,18,20,27,920,920,920,920,102,0,4,15.695820843272182,1.2395620033203159,918.8805810008489,491.1078431372549
1772924048,10,POST,/api/chains/{id}/activate,8.857143,0.000000,4,7,11,13,18,30,46,49,49,49,49,102,0,4,7.514064696307269,1.176151999970898,49.45194800166064,50.931372549019606
1772924048,10,POST,/api/chains/{id}/deactivate,8.571429,0.000000,2,3,6,11,19,23,27,52,52,52,52,101,0,2,5.795617821595532,1.1740730005840305,51.98431899771094,61.257425742574256
1772924048,10,POST,/api/plugins/batch/parameters (500 updates),0.142857,0.000000,4,7,8,25,39,39,39,39,39,39,39,9,0,4,10.747932889191564,3.041959000256611,39.43571500349208,867.2222222222222
1772924048,10,GET,/api/plugins/discover,7.000000,0.000000,16,23,31,32,36,42,45,50,50,50,50,81,0,16,21.04599267899355,10.667229002137901,49.95209799744771,85406.17283950618
1772924048,10,GET,/api/plugins/list,7.142857,0.000000,3,6,8,11,16,19,20,20,20,20,20,81,0,3,5.539742074396611,1.081359001545934,20.1961350030615,25.987654320987655
1772924048,10,POST,/api/plugins/load?uri,2.285714,0.000000,3,5,7,8,13,14,18,18,18,18,18,45,0,3,5.171718177492342,1.317271999141667,18.467337999027222,2353.6444444444446
1772924048,10,POST,/api/plugins/unload?uri,2.285714,0.000000,2,2,2,3,9,12,25,25,25,25,25,45,0,2,3.6867444667020917,1.1925210019398946,24.541310001950478,108.02222222222223
1772924048,10,,Aggregated,95.000000,0.000000,3,7,11,13,19,25,36,46,920,1000,1000,1177,0,3,10.060532446074344,1.0313269995094743,1046.9668340010685,6165.768903993203
1772924049,10,GET,/api/audio/latency,15.500000,0.000000,2,3,5,9,15,19,23,24,25,25,25,198,0,2,5.082270525235799,1.0313269995094743,25.355932000820758,33.0
1772924049,10,GET,/api/audio/levels,15.500000,0.000000,3,7,10,12,16,20,25,28,34,34,34,199,0,3,6.3064851257795045,1.0474910013726912,33.91719900173484,75.15577889447236
1772924049,10,GET,/api/audio/levels (during plugin swap),2.875000,0.000000,5,9,11,13,22,26,46,58,58,58,58,55,0,4,8.473270818252455,1.0886989985010587,57.54488900129218,76.07272727272728
1772924049,10,GET,/api/audio/levels/plugins,2.875000,0.000000,2,2,3,6,19,27,31,45,45,45,45,55,0,2,5.590519727213012,1.0884740004257765,44.615823000640376,18.727272727272727
1772924049,10,GET,/api/audio/status,9.875000,0.000000,2,3,5,8,11,26,28,34,39,39,39,117,0,2,5.084004145284515,1.0499220006749965,38.52952799934428,168.0
1772924049,10,GET,/api/chains/,8.375000,0.000000,7,14,16,19,20,44,590,1000,1000,1000,1000,83,0,8,39.405862578115126,1.3225260008766782,1046.9668340010685,1448.1927710843374
1772924049,10,GET,/api/chains/{id},9.875000,0.000000,4,8,11,13,18,20,24,27,920,920,920,117,0,4,14.614097273635675,1.2395620033203159,918.8805810008489,492.14529914529913
1772924049,10,POST,/api/chains/{id}/activate,9.875000,0.000000,4,8,13,15,19,24,32,46,49,49,49,117,0,4,7.9588261540219465,1.176151999970898,49.45194800166064,51.02564102564103
1772924049,10,POST,/api/chains/{id}/deactivate,9.750000,0.000000,2,3,6,12,18,22,26,27,52,52,52,117,0,2,5.764176264763701,1.1740730005840305,51.98431899771094,61.35897435897436
1772924049,10,POST,/api/plugins/batch/parameters (500 updates),0.250000,0.000000,4,7,8,25,39,39,39,39,39,39,39,10,0,3.041959000256611,9.99237490032101,3.041959000256611,39.43571500349208,863.4
1772924049,10,GET,/api/plugins/discover,8.375000,0.000000,16,23,31,32,36,42,45,50,50,50,50,83,0,16,20.98840767470699,10.667229002137901,49.95209799744771,85406.1686746988
1772924049,10,GET,/api/plugins/list,8.375000,0.000000,3,5,8,11,16,19,20,20,20,20,20,83,0,3,5.470617807537587,1.081359001545934,20.1961350030615,26.96385542168675
1772924049,10,POST,/api/plugins/load?uri,2.875000,0.000000,3,5,8,9,14,16,18,22,22,22,22,55,0,3,5.5720106543793175,1.317271999141667,21.7403930000728,2278.7454545454543
1772924049,10,POST,/api/plugins/unload?uri,2.875000,0.000000,2,2,3,7,9,24,25,37,37,37,37,55,0,2,4.561582690869479,1.1925210019398946,36.82910699717468,108.16363636363636
1772924049,10,,Aggregated,107.250000,0.000000,3,7,11,13,19,25,35,45,920,1000,1000,1344,0,3,9.724043768631505,1.0313269995094743,1046.9668340010685,5556.662202380952
1772924050,10,GET,/api/audio/latency,16.222222,0.000000,2,3,5,9,15,19,23,24,25,25,25,224,0,2,5.002439075886806,1.0313269995094743,25.355932000820758,33.0
1772924050,10,GET,/api/audio/levels,16.222222,0.000000,3,7,10,12,16,20,25,25,34,34,34,225,0,3,6.2622500223612105,1.0474910013726912,33.91719900173484,75.19555555555556
1772924050,10,GET,/api/audio/levels (during plugin swap),4.000000,0.000000,5,9,11,13,22,26,46,58,58,58,58,58,0,4,8.499142293156433,1.0886989985010587,57.54488900129218,75.91379310344827
1772924050,10,GET,/api/audio/levels/plugins,4.000000,0.000000,2,2,3,6,19,27,31,45,45,45,45,58,0,2,5.716992465499186,1.0884740004257765,44.615823000640376,18.70689655172414
1772924050,10,GET,/api/audio/status,9.888889,0.000000,2,3,4,6,11,24,28,34,39,39,39,138,0,2,4.707883565192722,1.0499220006749965,38.52952799934428,168.0
1772924050,10,GET,/api/chains/,8.222222,0.000000,7,14,15,18,20,43,590,1000,1000,1000,1000,88,0,8,37.61611142024115,1.3225260008766782,1046.9668340010685,1448.1818181818182
1772924050,10,GET,/api/chains/{id},9.888889,0.000000,3,8,10,13,16,20,24,27,920,920,920,138,0,3,13.15742339869283,1.2395620033203159,918.8805810008489,488.32608695652175
1772924050,10,POST,/api/chains/{id}/activate,9.888889,0.000000,4,7,12,15,19,24,32,46,49,49,49,138,0,4,7.6468413696694775,1.176151999970898,49.45194800166064,51.48550724637681
1772924050,10,POST,/api/chains/{id}/deactivate,9.888889,0.000000,2,3,6,11,16,21,26,27,52,52,52,138,0,2,5.506813811524004,1.1679430026561022,51.98431899771094,61.45652173913044
1772924050,10,POST,/api/plugins/batch/parameters (500 updates),0.666667,0.000000,4,7,11,15,25,39,39,39,39,39,39,15,0,4,9.271904466489408,3.041959000256611,39.43571500349208,865.8
1772924050,10,GET,/api/plugins/discover,8.222222,0.000000,14,23,31,32,35,41,45,50,50,50,50,88,0,14,20.53543460223492,10.667229002137901,49.95209799744771,85406.15909090909
1772924050,10,GET,/api/plugins/list,8.222222,0.000000,3,5,8,11,16,19,20,21,21,21,21,88,0,3,5.531700511669029,1.081359001545934,21.46446900223964,26.738636363636363
1772924050,10,POST,/api/plugins/load?uri,4.000000,0.000000,3,5,8,11,15,18,22,26,26,26,26,58,0,3,6.078991068753911,1.317271999141667,25.829805999819655,2222.5172413793102
1772924050,10,POST,/api/plugins/unload?uri,4.000000,0.000000,2,2,3,7,11,24,25,37,37,37,37,58,0,2,4.630880362034579,1.1925210019398946,36.82910699717468,108.3103448275862
1772924050,10,,Aggregated,113.333333,0.000000,3,7,11,13,19,24,33,43,920,1000,1000,1512,0,3,9.258652119735906,1.0313269995094743,1046.9668340010685,5244.489417989418
1772924051,10,GET,/api/audio/latency,17.100000,0.000000,2,3,5,10,15,19,23,24,25,25,25,237,0,2,5.067398405036686,1.0313269995094743,25.355932000820758,33.0
1772924051,10,GET,/api/audio/levels,17.100000,0.000000,3,7,11,13,16,20,25,25,34,34,34,238,0,3,6.357997382485123,1.0474910013726912,33.91719900173484,75.18487394957984
1772924051,10,GET,/api/audio/levels (during plugin swap),4.500000,0.000000,5,9,11,13,22,26,46,58,58,58,58,59,0,5,8.555130152610403,1.0886989985010587,57.54488900129218,75.86440677966101
1772924051,10,GET,/api/audio/levels/plugins,4.500000,0.000000,2,2,3,6,19,27,31,45,45,45,45,59,0,2,5.658448288158979,1.0884740004257765,44.615823000640376,18.847457627118644
1772924051,10,GET,/api/audio/status,10.200000,0.000000,2,3,4,6,11,24,28,34,39,39,39,145,0,2,4.696299172365829,1.0499220006749965,38.52952799934428,168.0
1772924051,10,GET,/api/chains/,8.100000,0.000000,5,11,14,15,20,20,43,44,44,44,44,95,0,7,35.11365409454141,1.3225260008766782,1046.9668340010685,1448.1684210526316
1772924051,10,GET,/api/chains/{id},10.200000,0.000000,3,8,10,12,15,18,20,24,27,27,27,145,0,3,12.800038372570897,1.2395620033203159,918.8805810008489,490.02758620689656
1772924051,10,POST,/api/chains/{id}/activate,10.200000,0.000000,4,5,11,13,18,23,31,32,46,46,46,145,0,4,7.390394069079775,1.176151999970898,49.45194800166064,51.724137931034484
1772924051,10,POST,/api/chains/{id}/deactivate,10.200000,0.000000,2,3,5,11,16,21,26,27,52,52,52,145,0,2,5.375440951646507,1.1679430026561022,51.98431899771094,61.48275862068966
1772924051,10,POST,/api/plugins/batch/parameters (500 updates),0.900000,0.000000,5,8,15,15,25,39,39,39,39,39,39,16,0,4,9.664917249892824,3.041959000256611,39.43571500349208,865.5
1772924051,10,GET,/api/plugins/discover,8.100000,0.000000,13,22,24,31,33,40,45,50,50,50,50,94,0,14,20.144097467988452,10.667229002137901,49.95209799744771,85406.14893617021
1772924051,10,GET,/api/plugins/list,8.100000,0.000000,2,3,6,8,13,16,20,21,21,21,21,94,0,3,5.4201085428197056,1.081359001545934,21.46446900223964,26.5
1772924051,10,POST,/api/plugins/load?uri,4.500000,0.000000,3,5,9,12,15,18,22,26,26,26,26,59,0,3,6.2320431184701395,1.317271999141667,25.829805999819655,2205.4745762711864
1772924051,10,POST,/api/plugins/unload?uri,4.500000,0.000000,2,2,3,7,11,24,25,37,37,37,37,59,0,2,4.59527716946283,1.1925210019398946,36.82910699717468,108.11864406779661
1772924051,10,,Aggregated,118.200000,0.000000,3,6,11,13,18,23,31,39,52,58,58,1590,0,3,9.102563538387054,1.0313269995094743,1046.9668340010685,5321.840880503145
1772924052,10,GET,/api/audio/latency,19.900000,0.000000,2,3,6,10,15,20,25,36,1000,1000,1000,250,0,2,9.539523468003608,1.0313269995094743,1049.8971080014599,33.0
1772924052,10,GET,/api/audio/levels,19.900000,0.000000,3,7,11,13,17,21,28,1000,1000,1000,1000,250,0,3,18.58612662811356,1.0474910013726912,1042.3050039971713,75.288
1772924052,10,GET,/api/audio/levels (during plugin swap),5.500000,0.000000,5,9,11,13,22,26,46,58,58,58,58,61,0,4,8.329230082053385,1.0886989985010587,57.54488900129218,75.77049180327869
1772924052,10,GET,/api/audio/levels/plugins,5.500000,0.000000,2,2,3,6,19,27,31,45,45,45,45,61,0,2,5.522005508208197,1.0884740004257765,44.615823000640376,18.901639344262296
1772924052,10,GET,/api/audio/status,11.700000,0.000000,2,3,5,7,11,24,28,34,39,39,39,155,0,2,4.619109225736353,1.0499220006749965,38.52952799934428,168.0
1772924052,10,GET,/api/chains/,8.300000,0.000000,4,11,14,15,20,25,43,44,44,44,44,95,0,7,35.11365409454141,1.3225260008766782,1046.9668340010685,1448.1684210526316
1772924052,10,GET,/api/chains/{id},11.700000,0.000000,3,8,10,12,16,20,940,990,1000,1000,1000,155,0,3,36.82581072921054,1.2395620033203159,1026.88825000223,492.81290322580645
1772924052,10,POST,/api/chains/{id}/activate,11.700000,0.000000,4,7,13,15,19,31,47,48,53,53,53,155,0,4,8.2488560129986,1.176151999970898,53.01547099952586,51.774193548387096
1772924052,10,POST,/api/chains/{id}/deactivate,11.700000,0.000000,2,3,6,10,16,21,26,27,52,52,52,155,0,2,5.2145505289738665,1.1679430026561022,51.98431899771094,61.516129032258064
1772924052,10,POST,/api/plugins/batch/parameters (500 updates),1.000000,0.000000,7,11,15,16,39,1100,1100,1100,1100,1100,1100,18,0,5,67.76127694441432,3.041959000256611,1052.8530560004583,864.5555555555555
1772924052,10,GET,/api/plugins/discover,8.300000,0.000000,14,22,24,31,34,40,45,50,50,50,50,95,0,14,20.29409109466207,10.667229002137901,49.95209799744771,85406.14736842105
1772924052,10,GET,/api/plugins/list,8.300000,0.000000,3,3,7,10,14,19,21,1100,1100,1100,1100,95,0,3,16.441254652875756,1.081359001545934,1052.4289889981446,26.46315789473684
1772924052,10,POST,/api/plugins/load?uri,5.500000,0.000000,3,5,9,12,15,18,22,26,26,26,26,61,0,3,6.08699606539735,1.317271999141667,25.829805999819655,2158.7704918032787
1772924052,10,POST,/api/plugins/unload?uri,5.500000,0.000000,2,2,3,7,11,24,25,37,37,37,37,61,0,2,4.486588573705435,1.1925210019398946,36.82910699717468,108.01639344262296
1772924052,10,,Aggregated,134.500000,0.000000,3,7,11,13,19,25,39,48,1100,1100,1100,1667,0,3,15.043476385746853,1.0313269995094743,1052.8530560004583,5135.178764247151
1772924053,10,GET,/api/audio/latency,22.200000,0.000000,2,3,5,10,16,19,25,36,1000,1000,1000,278,0,2,9.178879838093458,1.0313269995094743,1049.8971080014599,33.0
1772924053,10,GET,/api/audio/levels,22.200000,0.000000,3,7,11,13,16,20,25,1000,1000,1000,1000,278,0,3,17.42330865477833,1.0474910013726912,1042.3050039971713,75.24460431654676
1772924053,10,GET,/api/audio/levels (during plugin swap),5.800000,0.000000,4,9,12,13,18,25,26,58,58,58,58,63,0,4,8.16261917463548,1.0886989985010587,57.54488900129218,76.0952380952381
1772924053,10,GET,/api/audio/levels/plugins,5.800000,0.000000,2,2,3,6,19,27,31,45,45,45,45,63,0,2,5.394321507963699,1.0884740004257765,44.615823000640376,18.952380952380953
1772924053,10,GET,/api/audio/status,13.600000,0.000000,2,3,3,6,11,22,28,34,39,39,39,176,0,2,4.418382198805788,1.0499220006749965,38.52952799934428,168.0
1772924053,10,GET,/api/chains/,8.500000,0.000000,4,11,14,15,20,20,25,44,44,44,44,100,0,5,33.551098099815135,1.3225260008766782,1046.9668340010685,1448.16
1772924053,10,GET,/api/chains/{id},13.600000,0.000000,4,8,10,13,16,21,940,990,1000,1000,1000,176,0,4,33.352131125204984,1.2395620033203159,1026.88825000223,492.6306818181818
1772924053,10,POST,/api/chains/{id}/activate,13.600000,0.000000,3,5,11,14,19,29,47,48,53,53,53,176,0,4,7.84635466481053,1.176151999970898,53.01547099952586,51.90340909090909
1772924053,10,POST,/api/chains/{id}/deactivate,13.600000,0.000000,2,3,5,9,14,18,23,24,52,52,52,176,0,2,5.00704307949656,1.1679430026561022,51.98431899771094,61.57386363636363
1772924053,10,POST,/api/plugins/batch/parameters (500 updates),1.500000,0.000000,4,8,15,16,25,39,1100,1100,1100,1100,1100,24,0,4,52.35824916659718,3.037765000044601,1052.8530560004583,865.3333333333334
1772924053,10,GET,/api/plugins/discover,8.500000,0.000000,17,22,24,31,34,39,42,45,45,45,45,100,0,15,20.30178574990714,10.667229002137901,49.95209799744771,85406.14
1772924053,10,GET,/api/plugins/list,8.500000,0.000000,3,3,6,10,13,19,21,1100,1100,1100,1100,100,0,3,15.825516040240473,1.081359001545934,1052.4289889981446,26.29
1772924053,10,POST,/api/plugins/load?uri,5.800000,0.000000,3,5,11,13,15,18,22,26,26,26,26,63,0,3,5.972063809340831,1.317271999141667,25.829805999819655,2153.6825396825398
1772924053,10,POST,/api/plugins/unload?uri,5.800000,0.000000,2,2,4,7,11,24,25,37,37,37,37,63,0,2,4.385089428574752,1.1925210019398946,36.82910699717468,108.15873015873017
1772924053,10,,Aggregated,149.000000,0.000000,3,6,11,13,18,24,35,48,1100,1100,1100,1836,0,3,14.180960040865653,1.0313269995094743,1052.8530560004583,4914.839869281046
1772924054,10,GET,/api/audio/latency,23.000000,0.000000,2,3,5,10,16,20,25,36,1000,1000,1000,302,0,2,8.825913321147137,1.0313269995094743,1049.8971080014599,33.0
1772924054,10,GET,/api/audio/levels,23.100000,0.000000,3,7,9,12,16,21,25,1000,1000,1000,1000,302,0,3,16.45134870540044,1.0474910013726912,1042.3050039971713,75.23841059602648
1772924054,10,GET,/api/audio/levels (during plugin swap),5.800000,0.000000,3,8,11,12,15,23,26,58,58,58,58,69,0,4,7.696946058021622,1.0886989985010587,57.54488900129218,75.82608695652173
1772924054,10,GET,/api/audio/levels/plugins,5.800000,0.000000,2,3,3,6,19,27,31,45,45,45,45,69,0,2,5.108330652191121,1.0884740004257765,44.615823000640376,18.89855072463768
1772924054,10,GET,/api/audio/status,13.600000,0.000000,2,3,3,5,11,17,28,34,39,39,39,191,0,2,4.362618664864095,1.0499220006749965,38.52952799934428,168.0
1772924054,10,GET,/api/chains/,8.500000,0.000000,4,9,12,14,19,20,25,44,44,44,44,104,0,5,32.4105398748403,1.3225260008766782,1046.9668340010685,1448.1538461538462
1772924054,10,GET,/api/chains/{id},13.600000,0.000000,4,8,10,14,16,21,940,990,1000,1000,1000,191,0,4,31.30043636669505,1.2395620033203159,1026.88825000223,492.27748691099475
1772924054,10,POST,/api/chains/{id}/activate,13.600000,0.000000,3,5,12,15,22,26,47,48,53,53,53,191,0,4,8.084213335106805,1.176151999970898,53.01547099952586,52.146596858638745
1772924054,10,POST,/api/chains/{id}/deactivate,13.800000,0.000000,2,3,4,6,14,16,21,22,23,23,23,191,0,2,4.972669376897368,1.1679430026561022,51.98431899771094,61.60732984293194
1772924054,10,POST,/api/plugins/batch/parameters (500 updates),1.600000,0.000000,5,10,12,16,29,39,1100,1100,1100,1100,1100,29,0,5,45.236756793044684,3.037765000044601,1052.8530560004583,867.8965517241379
1772924054,10,GET,/api/plugins/discover,8.400000,0.000000,14,20,23,24,34,39,42,45,45,45,45,104,0,14,20.0464116729703,10.667229002137901,49.95209799744771,85406.13461538461
1772924054,10,GET,/api/plugins/list,8.400000,0.000000,3,4,6,10,13,16,21,1100,1100,1100,1100,104,0,3,15.286465173246073,1.081359001545934,1052.4289889981446,26.16346153846154
1772924054,10,POST,/api/plugins/load?uri,5.800000,0.000000,3,5,9,13,15,18,22,26,26,26,26,69,0,3,5.721609115795033,1.317271999141667,25.829805999819655,2183.550724637681
1772924054,10,POST,/api/plugins/unload?uri,5.800000,0.000000,2,2,4,8,12,24,25,37,37,37,37,69,0,2,4.633853999964059,1.1925210019398946,36.82910699717468,108.05797101449275
1772924054,10,,Aggregated,150.800000,0.000000,3,5,10,12,17,23,34,47,1100,1100,1100,1985,0,3,13.548873337540659,1.0313269995094743,1052.8530560004583,4738.499244332494
1772924055,10,GET,/api/audio/latency,22.600000,0.000000,2,3,5,9,16,20,26,36,1000,1000,1000,335,0,2,8.355042543227492,1.0313269995094743,1049.8971080014599,33.0
1772924055,10,GET,/api/audio/levels,22.300000,0.000000,3,7,10,13,16,20,25,1000,1000,1000,1000,335,0,3,15.491960788179977,1.0474910013726912,1042.3050039971713,75.21194029850746
1772924055,10,GET,/api/audio/levels (during plugin swap),5.700000,0.000000,4,8,12,13,18,23,26,58,58,58,58,76,0,4,7.781628263154217,1.0886989985010587,57.54488900129218,75.73684210526316
1772924055,10,GET,/api/audio/levels/plugins,5.700000,0.000000,2,2,3,3,19,27,31,45,45,45,45,76,0,2,4.798868250059297,1.0884740004257765,44.615823000640376,18.789473684210527
1772924055,10,GET,/api/audio/status,13.800000,0.000000,2,3,3,5,11,17,28,34,39,39,39,203,0,2,4.347932305356306,1.0499220006749965,38.52952799934428,168.0
1772924055,10,GET,/api/chains/,8.000000,0.000000,4,9,12,14,18,20,25,44,44,44,44,108,0,5,31.524532675777866,1.3225260008766782,1046.9668340010685,1448.148148148148
1772924055,10,GET,/api/chains/{id},13.600000,0.000000,3,8,10,13,15,18,940,990,1000,1000,1000,203,0,4,29.783963482913542,1.2395620033203159,1026.88825000223,489.3546798029557
1772924055,10,POST,/api/chains/{id}/activate,13.800000,0.000000,3,5,8,15,22,26,47,48,53,53,53,203,0,4,7.980757167495746,1.176151999970898,53.01547099952586,51.995073891625616
1772924055,10,POST,/api/chains/{id}/deactivate,13.700000,0.000000,2,3,4,6,13,16,21,22,23,23,23,203,0,2,4.8848276699196695,1.1679430026561022,51.98431899771094,61.63054187192118
1772924055,10,POST,/api/plugins/batch/parameters (500 updates),1.800000,0.000000,5,11,14,15,25,39,1100,1100,1100,1100,1100,36,0,5,38.049813499936946,3.037765000044601,1052.8530560004583,868.3333333333334
1772924055,10,GET,/api/plugins/discover,8.100000,0.000000,15,20,23,23,34,40,42,45,45,45,45,108,0,14,20.004785546209153,10.667229002137901,49.95209799744771,85406.12962962964
1772924055,10,GET,/api/plugins/list,8.000000,0.000000,3,4,6,8,13,18,21,1100,1100,1100,1100,108,0,2,14.7949745371955,1.081359001545934,1052.4289889981446,26.046296296296298
1772924055,10,POST,/api/plugins/load?uri,5.700000,0.000000,3,5,9,13,15,18,22,26,26,26,26,76,0,3,5.710262644530111,1.317271999141667,25.829805999819655,2159.1710526315787
1772924055,10,POST,/api/plugins/unload?uri,5.700000,0.000000,2,2,4,8,12,24,25,37,37,37,37,76,0,2,4.355376868452846,1.1925210019398946,36.82910699717468,108.10526315789474
1772924055,10,,Aggregated,148.500000,0.000000,3,5,9,12,17,23,34,47,1100,1100,1100,2146,0,3,12.946485519578744,1.0313269995094743,1052.8530560004583,4560.38769804287
1772924056,10,GET,/api/audio/latency,22.900000,0.000000,2,3,4,8,15,20,26,36,1000,1000,1000,362,0,2,8.059654646373893,1.0313269995094743,1049.8971080014599,33.0
1772924056,10,GET,/api/audio/levels,22.900000,0.000000,3,8,11,14,17,22,27,1000,1000,1000,1000,362,0,3,15.02577087578265,1.0474910013726912,1042.3050039971713,75.19060773480663
1772924056,10,GET,/api/audio/levels (during plugin swap),5.200000,0.000000,3,7,11,13,18,23,26,58,58,58,58,83,0,3,7.379260975967445,1.0886989985010587,57.54488900129218,75.81927710843374
1772924056,10,GET,/api/audio/levels/plugins,5.200000,0.000000,2,2,2,3,6,23,27,45,45,45,45,83,0,2,4.521490289247244,1.0884740004257765,44.615823000640376,18.698795180722893
1772924056,10,GET,/api/audio/status,14.600000,0.000000,2,3,3,4,11,17,25,26,39,39,39,221,0,2,4.474803090381422,1.0499220006749965,38.52952799934428,168.0
1772924056,10,GET,/api/chains/,7.400000,0.000000,3,9,12,13,15,18,44,44,44,44,44,111,0,5,30.857100216110723,1.3225260008766782,1046.9668340010685,1448.144144144144
1772924056,10,GET,/api/chains/{id},14.600000,0.000000,3,8,12,14,15,19,940,990,1000,1000,1000,221,0,4,27.9797640634973,1.2395620033203159,1026.88825000223,492.47058823529414
1772924056,10,POST,/api/chains/{id}/activate,14.600000,0.000000,3,5,8,14,22,26,47,48,53,53,53,221,0,4,7.678569782791581,1.176151999970898,53.01547099952586,52.19457013574661
1772924056,10,POST,/api/chains/{id}/deactivate,14.600000,0.000000,2,3,4,5,13,16,21,21,25,25,25,221,0,2,5.018284343864808,1.1679430026561022,51.98431899771094,61.547511312217196
1772924056,10,POST,/api/plugins/batch/parameters (500 updates),2.400000,0.000000,5,10,14,15,25,39,1100,1100,1100,1100,1100,38,0,5,36.38223399991004,3.037765000044601,1052.8530560004583,868.578947368421
1772924056,10,GET,/api/plugins/discover,7.600000,0.000000,13,19,20,22,31,34,45,45,45,45,45,111,0,14,19.801962477399396,10.667229002137901,49.95209799744771,85406.12612612612
1772924056,10,GET,/api/plugins/list,7.400000,0.000000,2,3,4,6,13,18,1100,1100,1100,1100,1100,111,0,3,14.483665270401271,1.081359001545934,1052.4289889981446,25.963963963963963
1772924056,10,POST,/api/plugins/load?uri,5.200000,0.000000,3,4,9,12,15,17,22,26,26,26,26,83,0,3,5.406715662491435,1.317271999141667,25.829805999819655,2187.0722891566265
1772924056,10,POST,/api/plugins/unload?uri,5.200000,0.000000,2,2,3,4,12,25,25,37,37,37,37,83,0,2,4.392488144665286,1.1925210019398946,36.82910699717468,107.66265060240964
1772924056,10,,Aggregated,149.800000,0.000000,3,4,9,12,16,22,31,47,1100,1100,1100,2311,0,3,12.44043795284141,1.0313269995094743,1052.8530560004583,4364.035482475119
1772924057,10,GET,/api/audio/latency,23.100000,0.000000,2,3,4,7,15,20,26,36,1000,1000,1000,390,0,2,7.734676387134152,1.0313269995094743,1049.8971080014599,33.0
1772924057,10,GET,/api/audio/levels,23.100000,0.000000,3,8,11,14,17,21,27,1000,1000,1000,1000,390,0,3,14.418023553951524,1.0474910013726912,1042.3050039971713,75.16666666666667
1772924057,10,GET,/api/audio/levels (during plugin swap),5.500000,0.000000,3,4,8,12,18,22,23,26,26,26,26,87,0,3,7.3877258621267945,1.0886989985010587,57.54488900129218,75.83908045977012
1772924057,10,GET,/api/audio/levels/plugins,5.500000,0.000000,2,2,2,3,3,23,28,45,45,45,45,87,0,2,4.69812588516493,1.0884740004257765,44.615823000640376,18.7816091954023
1772924057,10,GET,/api/audio/status,14.600000,0.000000,2,3,3,4,11,17,25,26,39,39,39,239,0,2,4.427553974778199,1.0499220006749965,38.52952799934428,168.0
1772924057,10,GET,/api/chains/,6.500000,0.000000,3,8,11,12,14,15,18,18,18,18,18,119,0,4,29.08398041169882,1.3225260008766782,1046.9668340010685,1448.1680672268908
1772924057,10,GET,/api/chains/{id},14.600000,0.000000,4,9,13,14,16,24,940,990,1000,1000,1000,239,0,4,26.419714807698217,1.2395620033203159,1026.88825000223,494.418410041841
1772924057,10,POST,/api/chains/{id}/activate,14.600000,0.000000,3,5,9,15,23,26,47,48,53,53,53,239,0,4,7.770633393295585,1.176151999970898,53.01547099952586,52.25941422594142
1772924057,10,POST,/api/chains/{id}/deactivate,14.600000,0.000000,2,3,4,5,12,14,17,21,25,25,25,239,0,2,4.82760328450849,1.1679430026561022,51.98431899771094,61.58158995815899
1772924057,10,POST,/api/plugins/batch/parameters (500 updates),2.800000,0.000000,5,10,14,15,18,29,1100,1100,1100,1100,1100,42,0,5,33.61041361893599,2.942096998594934,1052.8530560004583,867.6666666666666
1772924057,10,GET,/api/plugins/discover,6.500000,0.000000,13,18,20,22,31,34,40,40,40,40,40,119,0,13,19.59326111761943,10.667229002137901,49.95209799744771,85406.11764705883
1772924057,10,GET,/api/plugins/list,6.500000,0.000000,2,3,3,5,8,16,1100,1100,1100,1100,1100,119,0,2,13.746161243859717,1.081359001545934,1052.4289889981446,25.764705882352942
1772924057,10,POST,/api/plugins/load?uri,5.500000,0.000000,3,3,6,9,15,17,22,26,26,26,26,87,0,3,5.257512620652239,1.317271999141667,25.829805999819655,2160.367816091954
1772924057,10,POST,/api/plugins/unload?uri,5.500000,0.000000,2,2,3,4,13,24,25,37,37,37,37,87,0,2,4.6138034713817175,1.1925210019398946,36.82910699717468,107.50574712643679
1772924057,10,,Aggregated,148.900000,0.000000,3,4,8,12,16,22,29,47,1100,1100,1100,2483,0,3,11.99086777529411,1.0313269995094743,1052.8530560004583,4352.966572694321
1772924059,10,GET,/api/audio/latency,23.200000,0.000000,2,3,4,6,15,19,26,36,1000,1000,1000,413,0,2,7.508527476946004,1.0313269995094743,1049.8971080014599,33.0
1772924059,10,GET,/api/audio/levels,23.200000,0.000000,3,8,12,14,17,22,35,1000,1000,1000,1000,413,0,3,14.017285019468043,1.0474910013726912,1042.3050039971713,75.17191283292978
1772924059,10,GET,/api/audio/levels (during plugin swap),6.000000,0.000000,3,4,7,9,17,18,22,22,22,22,22,97,0,3,7.205990103102522,1.0886989985010587,57.54488900129218,75.54639175257732
1772924059,10,GET,/api/audio/levels/plugins,6.000000,0.000000,2,2,2,3,3,6,28,28,28,28,28,97,0,2,4.4734336186537025,1.0884740004257765,44.615823000640376,18.690721649484537
1772924059,10,GET,/api/audio/status,14.200000,0.000000,2,3,3,3,11,19,22,23,25,25,25,255,0,2,4.414399670449533,1.0499220006749965,38.52952799934428,168.0
1772924059,10,GET,/api/chains/,5.800000,0.000000,3,5,8,9,13,14,16,16,16,16,16,126,0,4,27.70714914278494,1.3225260008766782,1046.9668340010685,1448.2142857142858
1772924059,10,GET,/api/chains/{id},14.100000,0.000000,4,8,13,14,17,26,940,990,1000,1000,1000,255,0,4,25.358605474663335,1.2395620033203159,1026.88825000223,493.4156862745098
1772924059,10,POST,/api/chains/{id}/activate,14.100000,0.000000,3,4,7,13,22,26,47,48,53,53,53,255,0,4,7.684390909836272,1.176151999970898,53.01547099952586,52.35294117647059
1772924059,10,POST,/api/chains/{id}/deactivate,14.300000,0.000000,2,3,4,5,12,14,21,25,26,26,26,255,0,2,4.80803530195308,1.1679430026561022,51.98431899771094,61.411764705882355
1772924059,10,POST,/api/plugins/batch/parameters (500 updates),3.500000,0.000000,5,10,12,15,18,29,1100,1100,1100,1100,1100,45,0,5,31.765095511056845,2.942096998594934,1052.8530560004583,868.8222222222222
1772924059,10,GET,/api/plugins/discover,5.900000,0.000000,13,17,20,20,31,34,36,36,36,36,36,126,0,13,19.47451555549508,10.667229002137901,49.95209799744771,85406.11111111111
1772924059,10,GET,/api/plugins/list,5.800000,0.000000,2,3,3,4,7,16,1100,1100,1100,1100,1100,126,0,2,13.093175500173293,1.081359001545934,1052.4289889981446,25.61111111111111
1772924059,10,POST,/api/plugins/load?uri,6.000000,0.000000,2,3,5,5,13,17,26,26,26,26,26,97,0,3,5.291731267976671,1.317271999141667,25.829805999819655,2162.340206185567
1772924059,10,POST,/api/plugins/unload?uri,6.000000,0.000000,2,2,2,4,12,16,25,25,25,25,25,97,0,2,4.3487841547400805,1.1925210019398946,36.82910699717468,107.6701030927835
1772924059,10,,Aggregated,148.100000,0.000000,3,4,8,11,16,21,29,48,1100,1100,1100,2657,0,3,11.576943476494401,1.0313269995094743,1052.8530560004583,4312.249529544599
1772924060,10,GET,/api/audio/latency,24.400000,0.000000,2,3,4,7,15,20,26,36,1000,1000,1000,436,0,2,7.360652263691876,1.0313269995094743,1049.8971080014599,33.0
1772924060,10,GET,/api/audio/levels,24.400000,0.000000,3,8,11,14,17,22,35,1000,1000,1000,1000,437,0,3,13.575858823907174,1.0474910013726912,1042.3050039971713,75.1716247139588
1772924060,10,GET,/api/audio/levels (during plugin swap),5.100000,0.000000,3,4,7,11,14,18,22,22,22,22,22,103,0,3,7.178695475709742,1.0886989985010587,57.54488900129218,75.39805825242719
1772924060,10,GET,/api/audio/levels/plugins,5.100000,0.000000,2,2,2,2,3,4,28,28,28,28,28,102,0,2,4.326899921686752,1.0884740004257765,44.615823000640376,18.715686274509803
1772924060,10,GET,/api/audio/status,15.000000,0.000000,2,3,4,5,15,20,23,25,25,25,25,277,0,2,4.597080198410476,1.0499220006749965,38.52952799934428,168.0
1772924060,10,GET,/api/chains/,4.500000,0.000000,3,5,8,11,15,15,27,27,27,27,27,131,0,4,27.124251114421806,1.3225260008766782,1046.9668340010685,1448.2213740458014
1772924060,10,GET,/api/chains/{id},15.000000,0.000000,4,8,13,14,17,26,940,990,1000,1000,1000,278,0,4,23.76595497856169,1.2395620033203159,1026.88825000223,492.68345323741005
1772924060,10,POST,/api/chains/{id}/activate,15.000000,0.000000,3,5,8,14,23,32,47,48,53,53,53,277,0,4,7.772415888103629,1.176151999970898,53.01547099952586,52.50902527075812
1772924060,10,POST,/api/chains/{id}/deactivate,15.000000,0.000000,2,3,4,5,11,14,25,26,37,37,37,277,0,2,4.792252173278496,1.1679430026561022,51.98431899771094,61.368231046931406
1772924060,10,POST,/api/plugins/batch/parameters (500 updates),3.600000,0.000000,5,10,14,15,18,29,1100,1100,1100,1100,1100,51,0,5,29.33795392135496,2.942096998594934,1052.8530560004583,868.6862745098039
1772924060,10,GET,/api/plugins/discover,4.500000,0.000000,13,19,20,26,33,34,40,40,40,40,40,131,0,13,19.558758671670525,10.667229002137901,49.95209799744771,85406.106870229
1772924060,10,GET,/api/plugins/list,4.500000,0.000000,2,3,3,4,6,13,1100,1100,1100,1100,1100,131,0,2,12.687887610864953,1.081359001545934,1052.4289889981446,25.51145038167939
1772924060,10,POST,/api/plugins/load?uri,5.100000,0.000000,2,3,3,5,9,13,23,23,23,23,23,103,0,3,5.149127320321198,1.317271999141667,25.829805999819655,2224.854368932039
1772924060,10,POST,/api/plugins/unload?uri,5.100000,0.000000,1,2,2,3,12,16,25,25,25,25,25,102,0,2,4.240819294257865,1.1925210019398946,36.82910699717468,107.5
1772924060,10,,Aggregated,146.300000,0.000000,3,4,8,11,17,22,34,48,1100,1100,1100,2836,0,3,11.25533524754155,1.0313269995094743,1052.8530560004583,4209.325105782793
1772924061,10,GET,/api/audio/latency,24.200000,0.000000,2,3,4,5,15,19,26,36,1000,1000,1000,459,0,2,7.200185827842294,1.0313269995094743,1049.8971080014599,33.0
1772924061,10,GET,/api/audio/levels,24.200000,0.000000,3,7,10,14,17,22,35,1000,1000,1000,1000,459,0,3,13.179399002266567,1.0474910013726912,1042.3050039971713,75.18082788671023
1772924061,10,GET,/api/audio/levels (during plugin swap),5.200000,0.000000,3,4,9,11,17,20,22,25,25,25,25,111,0,3,7.299377072044294,1.0886989985010587,57.54488900129218,75.45945945945945
1772924061,10,GET,/api/audio/levels/plugins,5.200000,0.000000,2,2,2,3,6,9,17,28,28,28,28,111,0,2,4.435347369459074,1.0884740004257765,44.615823000640376,18.684684684684683
1772924061,10,GET,/api/audio/status,15.300000,0.000000,2,3,4,5,14,19,23,25,25,25,25,293,0,2,4.575059464033066,1.0499220006749965,38.52952799934428,168.0
1772924061,10,GET,/api/chains/,4.500000,0.000000,3,4,8,11,15,16,24,27,27,27,27,141,0,4,25.571450666607653,1.3225260008766782,1046.9668340010685,1448.276595744681
1772924061,10,GET,/api/chains/{id},15.300000,0.000000,4,9,13,14,17,25,940,990,1000,1000,1000,293,0,4,22.94766250523479,1.2395620033203159,1026.88825000223,492.4744027303754
1772924061,10,POST,/api/chains/{id}/activate,15.300000,0.000000,4,5,10,16,22,26,47,48,53,53,53,293,0,4,7.767517252575087,1.176151999970898,53.01547099952586,52.66211604095563
1772924061,10,POST,/api/chains/{id}/deactivate,15.300000,0.000000,2,3,4,5,12,16,25,26,37,37,37,293,0,2,4.831139914643372,1.1679430026561022,51.98431899771094,61.232081911262796
1772924061,10,POST,/api/plugins/batch/parameters (500 updates),3.600000,0.000000,5,8,12,14,18,29,1100,1100,1100,1100,1100,54,0,5,28.0297336295108,2.942096998594934,1052.8530560004583,867.5185185185185
1772924061,10,GET,/api/plugins/discover,4.500000,0.000000,13,20,26,31,34,36,47,47,47,47,47,141,0,13,19.673063311987377,10.667229002137901,49.95209799744771,85406.09929078014
1772924061,10,GET,/api/plugins/list,4.500000,0.000000,2,2,3,4,7,13,1100,1100,1100,1100,1100,141,0,2,12.032997588813222,1.081359001545934,1052.4289889981446,25.333333333333332
1772924061,10,POST,/api/plugins/load?uri,5.200000,0.000000,2,3,5,5,9,14,17,23,23,23,23,111,0,3,5.30153684677144,1.317271999141667,25.829805999819655,2180.1441441441443
1772924061,10,POST,/api/plugins/unload?uri,5.200000,0.000000,2,2,2,3,12,17,20,25,25,25,25,111,0,2,4.214728837961285,1.1925210019398946,36.82910699717468,107.33333333333333
1772924061,10,,Aggregated,147.500000,0.000000,3,4,8,11,17,22,34,47,1100,1100,1100,3011,0,3,10.979205637668818,1.0313269995094743,1052.8530560004583,4263.630023248091
1772924062,10,GET,/api/audio/latency,23.700000,0.000000,2,3,3,5,14,18,21,22,26,26,26,489,0,2,6.9619537668060065,1.0313269995094743,1049.8971080014599,33.0
1772924062,10,GET,/api/audio/levels,23.700000,0.000000,3,6,10,12,17,21,25,33,42,42,42,489,0,3,12.672436376350634,1.0474910013726912,1042.3050039971713,75.12678936605317
1772924062,10,GET,/api/audio/levels (during plugin swap),4.800000,0.000000,3,5,7,11,17,20,22,25,25,25,25,119,0,3,7.07927692427565,1.0886989985010587,57.54488900129218,75.40336134453781
1772924062,10,GET,/api/audio/levels/plugins,4.700000,0.000000,2,2,2,3,6,9,17,28,28,28,28,119,0,2,4.266548941294396,1.0884740004257765,44.615823000640376,18.69747899159664
1772924062,10,GET,/api/audio/status,16.000000,0.000000,2,3,3,4,14,19,22,25,25,25,25,309,0,2,4.458842918991291,1.0499220006749965,38.52952799934428,168.0
1772924062,10,GET,/api/chains/,4.800000,0.000000,3,4,8,12,15,16,27,27,27,27,27,144,0,4,25.190466979084803,1.3225260008766782,1046.9668340010685,1448.2847222222222
1772924062,10,GET,/api/chains/{id},16.000000,0.000000,4,9,12,14,16,18,23,26,51,51,51,310,0,4,22.0772391904076,1.2395620033203159,1026.88825000223,491.76774193548385
1772924062,10,POST,/api/chains/{id}/activate,16.000000,0.000000,4,5,9,13,20,25,28,34,35,35,35,309,0,4,7.662703000028086,1.176151999970898,53.01547099952586,52.71844660194175
1772924062,10,POST,/api/chains/{id}/deactivate,16.000000,0.000000,2,3,3,5,11,16,21,26,37,37,37,309,0,2,4.681756368887793,1.1679430026561022,51.98431899771094,61.271844660194176
1772924062,10,POST,/api/plugins/batch/parameters (500 updates),4.100000,0.000000,5,6,10,12,18,18,29,29,29,29,29,59,0,5,26.235222830340934,2.942096998594934,1052.8530560004583,866.6949152542373
1772924062,10,GET,/api/plugins/discover,4.800000,0.000000,12,19,21,26,34,36,47,47,47,47,47,144,0,13,19.51881729160555,10.667229002137901,49.95209799744771,85406.09722222222
1772924062,10,GET,/api/plugins/list,4.800000,0.000000,2,2,3,4,7,13,16,16,16,16,16,144,0,2,11.920439798788923,1.081359001545934,1052.4289889981446,25.28472222222222
1772924062,10,POST,/api/plugins/load?uri,4.700000,0.000000,2,3,5,5,12,14,17,23,23,23,23,119,0,3,5.252376083942999,1.317271999141667,25.829805999819655,2217.9747899159665
1772924062,10,POST,/api/plugins/unload?uri,4.700000,0.000000,2,2,2,3,12,17,20,25,25,25,25,119,0,2,4.062645050518248,1.1925210019398946,36.82910699717468,107.3109243697479
1772924062,10,,Aggregated,148.800000,0.000000,3,4,8,10,16,20,26,31,47,51,51,3182,0,3,10.621804067250824,1.0313269995094743,1052.8530560004583,4130.160590823381
1772924063,10,GET,/api/audio/latency,23.700000,0.000000,2,3,3,4,12,16,20,22,26,26,26,502,0,2,6.873684713086895,1.0313269995094743,1049.8971080014599,33.0
1772924063,10,GET,/api/audio/levels,23.700000,0.000000,3,5,10,12,17,21,25,33,42,42,42,502,0,3,12.51602316940163,1.0474910013726912,1042.3050039971713,75.14940239043824
1772924063,10,GET,/api/audio/levels (during plugin swap),4.800000,0.000000,3,5,9,11,17,22,23,25,25,25,25,122,0,3,7.121831155644508,1.0886989985010587,57.54488900129218,75.34426229508196
1772924063,10,GET,/api/audio/levels/plugins,4.700000,0.000000,2,2,3,3,6,9,17,28,28,28,28,122,0,2,4.218334483710827,1.0884740004257765,44.615823000640376,18.688524590163933
1772924063,10,GET,/api/audio/status,16.000000,0.000000,2,3,3,5,14,19,23,25,25,25,25,318,0,2,4.397098663405888,1.0499220006749965,38.52952799934428,168.0
1772924063,10,GET,/api/chains/,4.800000,0.000000,3,8,11,13,16,21,27,27,27,27,27,147,0,4,24.939771142797536,1.3225260008766782,1046.9668340010685,1448.2789115646258
1772924063,10,GET,/api/chains/{id},16.000000,0.000000,4,8,11,13,16,18,26,26,51,51,51,318,0,4,21.58535113532547,1.2395620033203159,1026.88825000223,492.49056603773585
1772924063,10,POST,/api/chains/{id}/activate,16.000000,0.000000,3,5,9,13,20,25,32,34,35,35,35,318,0,3,7.533365069218045,1.176151999970898,53.01547099952586,52.76729559748428
1772924063,10,POST,/api/chains/{id}/deactivate,16.000000,0.000000,2,3,3,4,11,16,25,26,37,37,37,317,0,2,4.6158471387436055,1.1679430026561022,51.98431899771094,61.290220820189276
1772924063,10,POST,/api/plugins/batch/parameters (500 updates),4.100000,0.000000,5,7,10,14,18,29,29,29,29,29,29,61,0,5,25.66620995061325,2.942096998594934,1052.8530560004583,866.9016393442623
1772924063,10,GET,/api/plugins/discover,4.800000,0.000000,12,13,21,26,34,36,47,47,47,47,47,147,0,13,19.358061210838976,10.667229002137901,49.95209799744771,85406.09523809524
1772924063,10,GET,/api/plugins/list,4.800000,0.000000,2,2,3,3,4,13,16,16,16,16,16,147,0,2,11.715056911753537,1.081359001545934,1052.4289889981446,25.238095238095237
1772924063,10,POST,/api/plugins/load?uri,4.700000,0.000000,2,3,5,5,12,14,17,23,23,23,23,122,0,3,5.177164811342306,1.317271999141667,25.829805999819655,2193.5737704918033
1772924063,10,POST,/api/plugins/unload?uri,4.700000,0.000000,2,2,2,3,12,17,20,25,25,25,25,122,0,2,4.016403623012832,1.1925210019398946,36.82910699717468,107.13934426229508
1772924063,10,,Aggregated,148.800000,0.000000,2,4,7,10,16,20,26,31,47,51,51,3265,0,3,10.462338472891668,1.0313269995094743,1052.8530560004583,4109.304441041348
1772924064,10,GET,/api/audio/latency,25.100000,0.000000,2,3,3,5,13,17,22,25,26,26,26,510,0,2,6.974643668574715,1.0313269995094743,1049.8971080014599,33.0
1772924064,10,GET,/api/audio/levels,25.100000,0.000000,3,7,11,14,17,22,35,850,890,890,890,510,0,3,17.54850183538556,1.0474910013726912,1042.3050039971713,75.21764705882353
1772924064,10,GET,/api/audio/levels (during plugin swap),6.000000,0.000000,3,5,10,12,17,22,23,25,25,25,25,124,0,3,7.029910927368262,1.0886989985010587,57.54488900129218,75.41129032258064
1772924064,10,GET,/api/audio/levels/plugins,6.000000,0.000000,2,2,2,3,6,9,17,28,28,28,28,124,0,2,4.1706214194545606,1.0884740004257765,44.615823000640376,18.717741935483872
1772924064,10,GET,/api/audio/status,16.400000,0.000000,2,3,4,5,14,19,22,25,25,25,25,331,0,2,4.36758906031184,1.0499220006749965,38.52952799934428,168.0
1772924064,10,GET,/api/chains/,4.900000,0.000000,4,8,13,15,16,21,27,27,27,27,27,152,0,4,24.468271868356265,1.3225260008766782,1046.9668340010685,1448.2697368421052
1772924064,10,GET,/api/chains/{id},16.400000,0.000000,4,9,13,15,18,26,1000,1000,1000,1000,1000,331,0,4,35.827463574149526,1.2395620033203159,1028.7971270008711,494.2930513595166
1772924064,10,POST,/api/chains/{id}/activate,16.400000,0.000000,4,5,9,12,20,26,32,34,35,35,35,331,0,4,7.69227636560421,1.176151999970898,53.01547099952586,52.74924471299094
1772924064,10,POST,/api/chains/{id}/deactivate,16.400000,0.000000,2,3,3,6,12,17,26,37,1000,1000,1000,331,0,2,7.773934876070315,1.1679430026561022,1043.6990130001504,61.3202416918429
1772924064,10,POST,/api/plugins/batch/parameters (500 updates),4.300000,0.000000,5,8,13,14,18,29,890,890,890,890,890,63,0,5,39.152081047394034,2.942096998594934,1052.8530560004583,867.0952380952381
1772924064,10,GET,/api/plugins/discover,4.900000,0.000000,12,13,22,26,36,40,47,47,47,47,47,152,0,13,19.378412434195383,10.667229002137901,49.95209799744771,85406.09210526316
1772924064,10,GET,/api/plugins/list,5.000000,0.000000,2,2,3,3,7,15,17,17,17,17,17,152,0,2,11.495238710674466,1.081359001545934,1052.4289889981446,25.164473684210527
1772924064,10,POST,/api/plugins/load?uri,6.000000,0.000000,2,3,5,5,12,14,17,23,23,23,23,124,0,3,5.130594032145323,1.317271999141667,25.829805999819655,2232.8790322580644
1772924064,10,POST,/api/plugins/unload?uri,6.000000,0.000000,2,2,2,2,5,17,20,25,25,25,25,124,0,2,3.973465911316922,1.1925210019398946,36.82910699717468,107.43548387096774
1772924064,10,,Aggregated,158.900000,0.000000,3,4,8,11,16,21,29,42,1000,1000,1000,3359,0,3,13.196488656746729,1.0313269995094743,1052.8530560004583,4130.501041976779
1772924065,10,GET,/api/audio/latency,25.000000,0.000000,2,3,3,4,12,17,22,25,25,25,25,527,0,2,6.831781121376311,1.0313269995094743,1049.8971080014599,33.0
1772924065,10,GET,/api/audio/levels,25.000000,0.000000,3,5,9,13,17,23,42,890,890,890,890,527,0,3,17.134548030457676,1.0474910013726912,1042.3050039971713,75.22011385199241
1772924065,10,GET,/api/audio/levels (during plugin swap),6.100000,0.000000,3,5,10,12,14,22,23,25,25,25,25,129,0,3,7.100541713149395,1.0886989985010587,57.54488900129218,75.51937984496124
1772924065,10,GET,/api/audio/levels/plugins,6.100000,0.000000,2,2,2,3,6,9,17,28,28,28,28,129,0,2,4.066618046579592,1.0802549986692611,44.615823000640376,18.837209302325583
1772924065,10,GET,/api/audio/status,16.100000,0.000000,2,3,4,5,14,17,22,25,25,25,25,358,0,2,4.34903734067984,1.0499220006749965,38.52952799934428,168.0
1772924065,10,GET,/api/chains/,5.200000,0.000000,4,8,11,13,16,21,27,27,27,27,27,158,0,4,23.764778284744295,1.3225260008766782,1046.9668340010685,1448.259493670886
1772924065,10,GET,/api/chains/{id},16.100000,0.000000,4,9,11,13,17,26,960,1000,1000,1000,1000,358,0,4,33.47840795819474,1.2395620033203159,1028.7971270008711,493.2513966480447
1772924065,10,POST,/api/chains/{id}/activate,16.100000,0.000000,4,5,9,14,20,26,29,34,35,35,35,358,0,4,7.64647570955967,1.176151999970898,53.01547099952586,52.87709497206704
1772924065,10,POST,/api/chains/{id}/deactivate,16.100000,0.000000,2,3,3,5,11,14,25,37,1000,1000,1000,358,0,2,7.386697108864488,1.1679430026561022,1043.6990130001504,61.30167597765363
1772924065,10,POST,/api/plugins/batch/parameters (500 updates),4.300000,0.000000,5,6,10,14,18,29,890,890,890,890,890,71,0,5,35.316537661805036,2.942096998594934,1052.8530560004583,867.3098591549295
1772924065,10,GET,/api/plugins/discover,5.200000,0.000000,12,13,20,26,36,40,47,47,47,47,47,158,0,13,19.128016601273345,10.647496001183754,49.95209799744771,85406.08860759494
1772924065,10,GET,/api/plugins/list,5.200000,0.000000,2,3,4,4,15,16,17,17,17,17,17,158,0,2,11.393599341939575,1.081359001545934,1052.4289889981446,25.082278481012658
1772924065,10,POST,/api/plugins/load?uri,6.100000,0.000000,2,3,3,5,9,14,17,23,23,23,23,129,0,3,5.031345317716884,1.317271999141667,25.829805999819655,2237.8992248062013
1772924065,10,POST,/api/plugins/unload?uri,6.100000,0.000000,2,2,2,2,5,17,20,25,25,25,25,129,0,2,3.875258116327026,1.1925210019398946,36.82910699717468,107.62015503875969
1772924065,10,,Aggregated,158.700000,0.000000,3,4,8,11,16,21,28,40,1000,1000,1000,3547,0,3,12.751225447705542,1.0313269995094743,1052.8530560004583,4070.4564420637157
1772924066,10,GET,/api/audio/latency,23.200000,0.000000,2,3,3,4,13,17,25,25,35,35,35,550,0,2,6.7494559090185,1.0313269995094743,1049.8971080014599,33.0
1772924066,10,GET,/api/audio/levels,23.200000,0.000000,2,4,8,10,16,21,42,890,890,890,890,550,0,3,16.556853507361005,1.0474910013726912,1042.3050039971713,75.22181818181818
1772924066,10,GET,/api/audio/levels (during plugin swap),6.000000,0.000000,3,9,12,13,20,23,27,27,27,27,27,133,0,3,7.240706112716545,1.0886989985010587,57.54488900129218,75.44360902255639
1772924066,10,GET,/api/audio/levels/plugins,6.000000,0.000000,2,2,3,3,6,9,28,28,28,28,28,133,0,2,4.01862033090184,1.0802549986692611,44.615823000640376,18.789473684210527
1772924066,10,GET,/api/audio/status,15.400000,0.000000,2,3,4,5,12,16,20,25,25,25,25,378,0,2,4.325556481384044,1.0499220006749965,38.52952799934428,168.0
1772924066,10,GET,/api/chains/,5.200000,0.000000,3,8,9,13,16,24,27,32,32,32,32,164,0,4,23.213342969472983,1.3225260008766782,1046.9668340010685,1448.2743902439024
1772924066,10,GET,/api/chains/{id},15.400000,0.000000,4,8,10,12,17,26,960,1000,1000,1000,1000,378,0,4,32.03528578048689,1.2395620033203159,1028.7971270008711,493.5846560846561
1772924066,10,POST,/api/chains/{id}/activate,15.400000,0.000000,3,5,12,16,20,26,29,34,35,35,35,378,0,4,7.576918037071308,1.176151999970898,53.01547099952586,52.98941798941799
1772924066,10,POST,/api/chains/{id}/deactivate,15.400000,0.000000,2,3,3,4,10,13,21,37,1000,1000,1000,378,0,2,7.236989073991753,1.1679430026561022,1043.6990130001504,61.33862433862434
1772924066,10,POST,/api/plugins/batch/parameters (500 updates),3.900000,0.000000,5,10,15,17,18,29,890,890,890,890,890,77,0,5,33.83190183111847,2.942096998594934,1052.8530560004583,867.025974025974
1772924066,10,GET,/api/plugins/discover,5.200000,0.000000,12,13,21,26,35,40,43,47,47,47,47,164,0,13,19.13112173171124,10.647496001183754,49.95209799744771,85406.08536585367
1772924066,10,GET,/api/plugins/list,5.200000,0.000000,2,3,4,4,13,16,17,17,17,17,17,164,0,2,11.115149189164384,1.081359001545934,1052.4289889981446,25.00609756097561
1772924066,10,POST,/api/plugins/load?uri,6.000000,0.000000,3,3,5,5,12,14,23,23,23,23,23,133,0,3,4.995880413447512,1.317271999141667,25.829805999819655,2282.563909774436
1772924066,10,POST,/api/plugins/unload?uri,6.000000,0.000000,2,2,2,3,5,13,20,20,20,20,20,133,0,2,3.8295939474001606,1.1925210019398946,36.82910699717468,108.05263157894737
1772924066,10,,Aggregated,151.500000,0.000000,2,4,7,11,16,21,31,40,1000,1000,1000,3713,0,3,12.444448442764626,1.0313269995094743,1052.8530560004583,4039.3964449232426
1772924067,10,GET,/api/audio/latency,22.400000,0.000000,2,3,4,6,16,24,33,35,37,37,37,570,0,2,6.920722199924568,1.0313269995094743,1049.8971080014599,33.0
1772924067,10,GET,/api/audio/levels,22.400000,0.000000,2,4,8,11,16,21,42,890,890,890,890,570,0,3,16.215626217627577,1.0474910013726912,1042.3050039971713,75.18947368421053
1772924067,10,GET,/api/audio/levels (during plugin swap),6.000000,0.000000,3,9,12,13,17,23,25,27,27,27,27,138,0,3,7.313992681135288,1.0886989985010587,57.54488900129218,75.54347826086956
1772924067,10,GET,/api/audio/levels/plugins,6.000000,0.000000,2,2,3,3,8,15,17,17,17,17,17,138,0,2,4.224602775376178,1.0802549986692611,44.615823000640376,18.89855072463768
1772924067,10,GET,/api/audio/status,16.500000,0.000000,2,3,4,5,14,19,25,30,39,39,39,398,0,2,4.507945911953256,1.0499220006749965,38.94885200134013,168.0
1772924067,10,GET,/api/chains/,5.400000,0.000000,4,8,12,15,21,25,27,32,32,32,32,172,0,4,22.567801953491017,1.3225260008766782,1046.9668340010685,1448.2616279069769
1772924067,10,GET,/api/chains/{id},16.600000,0.000000,4,7,10,12,17,24,960,1000,1000,1000,1000,398,0,4,30.752448404579887,1.2395620033203159,1028.7971270008711,496.4321608040201
1772924067,10,POST,/api/chains/{id}/activate,16.500000,0.000000,3,6,12,15,19,25,29,34,35,35,35,398,0,3,7.5847222764258815,1.176151999970898,53.01547099952586,52.96482412060301
1772924067,10,POST,/api/chains/{id}/deactivate,16.500000,0.000000,2,3,5,6,12,17,26,37,1000,1000,1000,398,0,2,7.265982175774649,1.1679430026561022,1043.6990130001504,61.37185929648241
1772924067,10,POST,/api/plugins/batch/parameters (500 updates),4.100000,0.000000,5,12,15,17,24,29,890,890,890,890,890,82,0,5,32.4045676340863,2.942096998594934,1052.8530560004583,866.4634146341464
1772924067,10,GET,/api/plugins/discover,5.400000,0.000000,13,14,22,32,36,47,48,48,48,48,48,172,0,13,19.367240377886088,10.647496001183754,49.95209799744771,85406.08139534884
1772924067,10,GET,/api/plugins/list,5.400000,0.000000,2,4,4,7,15,17,19,25,25,25,25,172,0,2,11.021393936188847,1.081359001545934,1052.4289889981446,25.78488372093023
1772924067,10,POST,/api/plugins/load?uri,6.000000,0.000000,3,4,5,9,15,17,23,28,28,28,28,138,0,3,5.356061753564458,1.317271999141667,27.558791000046767,2253.014492753623
1772924067,10,POST,/api/plugins/unload?uri,6.000000,0.000000,2,2,2,3,5,20,31,38,38,38,38,138,0,2,4.361697449327777,1.1925210019398946,37.93905999918934,107.8840579710145
1772924067,10,,Aggregated,155.200000,0.000000,3,5,9,12,17,23,34,47,1000,1000,1000,3882,0,3,12.32122473853036,1.0313269995094743,1052.8530560004583,4050.7179289026276
1772924068,10,GET,/api/audio/latency,21.400000,0.000000,2,3,4,5,15,25,33,35,37,37,37,592,0,2,6.784397434060068,1.0313269995094743,1049.8971080014599,33.0
1772924068,10,GET,/api/audio/levels,21.500000,0.000000,2,5,9,13,17,23,42,890,890,890,890,592,0,3,16.03315759635931,1.0474910013726912,1042.3050039971713,75.19594594594595
1772924068,10,GET,/api/audio/levels (during plugin swap),5.700000,0.000000,3,7,12,13,17,23,27,27,27,27,27,143,0,3,7.178184622354273,1.0886989985010587,57.54488900129218,75.54545454545455
1772924068,10,GET,/api/audio/levels/plugins,5.700000,0.000000,2,2,3,3,9,17,25,25,25,25,25,143,0,2,4.30242548949778,1.0802549986692611,44.615823000640376,18.90909090909091
1772924068,10,GET,/api/audio/status,17.400000,0.000000,2,3,4,5,14,17,25,30,39,39,39,413,0,2,4.484676290453216,1.0469810003996827,38.94885200134013,168.0
1772924068,10,GET,/api/chains/,5.600000,0.000000,4,8,13,15,21,25,27,32,32,32,32,177,0,4,22.054439762731853,1.3225260008766782,1046.9668340010685,1448.2542372881355
1772924068,10,GET,/api/chains/{id},17.500000,0.000000,4,7,10,12,17,23,960,1000,1000,1000,1000,413,0,4,29.852723932289322,1.2395620033203159,1028.7971270008711,496.1283292978208
1772924068,10,POST,/api/chains/{id}/activate,17.400000,0.000000,3,6,12,15,19,23,28,34,35,35,35,413,0,3,7.522784937103011,1.176151999970898,53.01547099952586,52.917675544794186
1772924068,10,POST,/api/chains/{id}/deactivate,17.400000,0.000000,2,3,4,6,12,17,21,37,1000,1000,1000,413,0,2,7.093938026507047,1.1679430026561022,1043.6990130001504,61.39467312348668
1772924068,10,POST,/api/plugins/batch/parameters (500 updates),4.000000,0.000000,5,12,15,17,24,29,890,890,890,890,890,93,0,5,29.703743279516015,2.942096998594934,1052.8530560004583,867.0215053763441
1772924068,10,GET,/api/plugins/discover,5.600000,0.000000,13,20,31,32,40,48,48,49,49,49,49,177,0,13,19.65682503956322,10.647496001183754,49.95209799744771,85406.0790960452
1772924068,10,GET,/api/plugins/list,5.600000,0.000000,2,4,6,8,15,17,19,25,25,25,25,177,0,2,10.804306017132154,1.081359001545934,1052.4289889981446,25.706214689265536
1772924068,10,POST,/api/plugins/load?uri,5.700000,0.000000,3,5,9,11,15,17,28,28,28,28,28,143,0,3,5.4732666922445405,1.317271999141667,27.558791000046767,2269.937062937063
1772924068,10,POST,/api/plugins/unload?uri,5.700000,0.000000,2,2,3,3,5,20,38,38,38,38,38,143,0,2,4.271795167890947,1.1925210019398946,37.93905999918934,108.27272727272727
1772924068,10,,Aggregated,156.200000,0.000000,3,5,9,12,17,23,34,47,1000,1000,1000,4032,0,3,12.107892040178502,1.0313269995094743,1052.8530560004583,4017.2467757936506
1772924069,10,GET,/api/audio/latency,20.500000,0.000000,2,3,4,5,15,21,33,35,37,37,37,620,0,2,6.632150587052644,1.0313269995094743,1049.8971080014599,33.0
1772924069,10,GET,/api/audio/levels,20.500000,0.000000,3,5,9,12,16,22,42,890,890,890,890,620,0,3,15.53416650491976,1.0474910013726912,1042.3050039971713,75.20161290322581
1772924069,10,GET,/api/audio/levels (during plugin swap),5.500000,0.000000,3,6,11,13,17,23,27,27,27,27,27,151,0,3,6.9287880463082345,1.071407001290936,57.54488900129218,75.41059602649007
1772924069,10,GET,/api/audio/levels/plugins,5.500000,0.000000,2,2,3,3,9,17,25,25,25,25,25,151,0,2,4.1500548410739375,1.0569870028120931,44.615823000640376,18.90728476821192
1772924069,10,GET,/api/audio/status,17.600000,0.000000,2,3,4,4,11,15,25,30,39,39,39,428,0,2,4.401102808319635,1.0469810003996827,38.94885200134013,168.0
1772924069,10,GET,/api/chains/,6.100000,0.000000,4,8,11,13,21,24,32,32,32,32,32,178,0,4,21.941940230350113,1.3225260008766782,1046.9668340010685,1448.252808988764
1772924069,10,GET,/api/chains/{id},17.700000,0.000000,3,7,10,11,15,23,960,1000,1000,1000,1000,428,0,3,28.942113102891547,1.2395620033203159,1028.7971270008711,497.0303738317757
1772924069,10,POST,/api/chains/{id}/activate,17.600000,0.000000,3,5,12,14,19,22,27,28,29,29,29,428,0,3,7.470368591180614,1.176151999970898,53.01547099952586,52.873831775700936
1772924069,10,POST,/api/chains/{id}/deactivate,17.600000,0.000000,2,3,3,6,11,17,20,31,1000,1000,1000,428,0,2,6.906185383052607,1.1679430026561022,1043.6990130001504,61.41588785046729
1772924069,10,POST,/api/plugins/batch/parameters (500 updates),4.400000,0.000000,5,7,14,15,18,25,890,890,890,890,890,100,0,5,27.85029257000133,2.8468980017350987,1052.8530560004583,866.68
1772924069,10,GET,/api/plugins/discover,6.100000,0.000000,13,21,26,32,43,48,49,49,49,49,49,178,0,13,19.694755646065623,10.647496001183754,49.95209799744771,85406.0786516854
1772924069,10,GET,/api/plugins/list,6.100000,0.000000,2,4,7,9,15,17,25,25,25,25,25,178,0,2,10.74988979795062,1.081359001545934,1052.4289889981446,25.691011235955056
1772924069,10,POST,/api/plugins/load?uri,5.500000,0.000000,3,5,9,12,16,17,28,28,28,28,28,151,0,3,5.368595788035995,1.2962900000275113,27.558791000046767,2231.1523178807947
1772924069,10,POST,/api/plugins/unload?uri,5.400000,0.000000,2,2,2,3,5,20,38,38,38,38,38,151,0,2,4.129946748435032,1.1768990007112734,37.93905999918934,107.98013245033113
1772924069,10,,Aggregated,156.100000,0.000000,3,4,8,11,16,23,32,47,1000,1000,1000,4190,0,3,11.786206399530375,1.0313269995094743,1052.8530560004583,3894.8441527446303
1772924070,10,GET,/api/audio/latency,20.100000,0.000000,2,3,4,5,15,21,33,35,37,37,37,651,0,2,6.518649039900906,1.0313269995094743,1049.8971080014599,33.0
1772924070,10,GET,/api/audio/levels,20.100000,0.000000,2,5,10,12,15,22,42,890,890,890,890,651,0,3,15.046460422522356,1.0474910013726912,1042.3050039971713,75.17665130568356
1772924070,10,GET,/api/audio/levels (during plugin swap),5.600000,0.000000,2,6,10,13,16,23,27,27,27,27,27,152,0,3,7.029894756526215,1.071407001290936,57.54488900129218,75.48026315789474
1772924070,10,GET,/api/audio/levels/plugins,5.600000,0.000000,2,2,3,3,8,17,29,29,29,29,29,152,0,2,4.31252171711094,1.0569870028120931,44.615823000640376,18.960526315789473
1772924070,10,GET,/api/audio/status,17.300000,0.000000,2,3,4,4,11,17,25,30,39,39,39,449,0,2,4.4123470222190875,1.0409900023660157,38.94885200134013,168.0
1772924070,10,GET,/api/chains/,5.800000,0.000000,7,9,15,16,23,32,32,32,32,32,32,181,0,4,21.93555124311448,1.3225260008766782,1046.9668340010685,1448.2486187845304
1772924070,10,GET,/api/chains/{id},17.300000,0.000000,3,5,9,11,16,24,960,1000,1000,1000,1000,449,0,3,27.85584030964335,1.2395620033203159,1028.7971270008711,496.76169265033406
1772924070,10,POST,/api/chains/{id}/activate,17.300000,0.000000,3,5,11,14,19,23,28,29,40,40,40,449,0,3,7.423331674915582,1.176151999970898,53.01547099952586,52.928730512249444
1772924070,10,POST,/api/chains/{id}/deactivate,17.300000,0.000000,2,3,3,4,9,16,20,31,1000,1000,1000,449,0,2,6.745298734846248,1.1679430026561022,1043.6990130001504,61.44320712694878
1772924070,10,POST,/api/plugins/batch/parameters (500 updates),5.000000,0.000000,5,12,15,17,22,25,890,890,890,890,890,104,0,5,27.34366075964527,2.8468980017350987,1052.8530560004583,866.4615384615385
1772924070,10,GET,/api/plugins/discover,5.800000,0.000000,13,20,26,26,35,48,49,49,49,49,49,181,0,13,19.635433707170307,10.647496001183754,49.95209799744771,85406.0773480663
1772924070,10,GET,/api/plugins/list,5.800000,0.000000,3,4,9,14,17,19,25,25,25,25,25,181,0,2,10.695309922838286,1.081359001545934,1052.4289889981446,26.12154696132597
1772924070,10,POST,/api/plugins/load?uri,5.600000,0.000000,3,4,7,11,15,17,28,28,28,28,28,152,0,3,5.377852151277215,1.2962900000275113,27.558791000046767,2236.467105263158
1772924070,10,POST,/api/plugins/unload?uri,5.600000,0.000000,2,2,2,2,4,20,38,38,38,38,38,152,0,2,4.130954993510578,1.1768990007112734,37.93905999918934,107.99342105263158
1772924070,10,,Aggregated,154.200000,0.000000,2,4,8,11,16,23,32,43,1000,1000,1000,4353,0,3,11.569571216877055,1.0313269995094743,1052.8530560004583,3814.9414197105443
1772924071,10,GET,/api/audio/latency,20.500000,0.000000,2,3,4,5,16,24,33,35,37,37,37,667,0,2,6.454189656628235,1.0313269995094743,1049.8971080014599,33.0
1772924071,10,GET,/api/audio/levels,20.500000,0.000000,2,5,9,11,17,22,42,890,890,890,890,667,0,3,14.777787718226593,1.0474910013726912,1042.3050039971713,75.16341829085458
1772924071,10,GET,/api/audio/levels (during plugin swap),5.400000,0.000000,3,7,14,15,23,24,27,27,27,27,27,159,0,3,7.177947591162878,1.071407001290936,57.54488900129218,75.53459119496856
1772924071,10,GET,/api/audio/levels/plugins,5.400000,0.000000,2,2,4,6,15,25,29,29,29,29,29,159,0,2,4.2966842705044535,1.0569870028120931,44.615823000640376,18.90566037735849
1772924071,10,GET,/api/audio/status,17.200000,0.000000,2,3,4,4,10,15,25,30,39,39,39,470,0,2,4.347364825484196,1.0409900023660157,38.94885200134013,168.0
1772924071,10,GET,/api/chains/,5.200000,0.000000,7,9,13,15,23,26,32,32,32,32,32,186,0,4,21.58670345162009,1.3225260008766782,1046.9668340010685,1448.241935483871
1772924071,10,GET,/api/chains/{id},17.200000,0.000000,3,6,9,11,16,23,960,1000,1000,1000,1000,470,0,3,26.930233748986367,1.2395620033203159,1028.7971270008711,495.0744680851064
1772924071,10,POST,/api/chains/{id}/activate,17.200000,0.000000,3,4,8,14,19,22,27,29,40,40,40,470,0,3,7.311627593685928,1.176151999970898,53.01547099952586,52.97872340425532
1772924071,10,POST,/api/chains/{id}/deactivate,17.200000,0.000000,2,3,3,4,10,15,20,31,1000,1000,1000,470,0,2,6.574315387107608,1.1679430026561022,1043.6990130001504,61.46808510638298
1772924071,10,POST,/api/plugins/batch/parameters (500 updates),5.500000,0.000000,5,10,14,15,21,25,34,890,890,890,890,113,0,5,25.685113433634385,2.8468980017350987,1052.8530560004583,868.0796460176991
1772924071,10,GET,/api/plugins/discover,5.200000,0.000000,13,19,26,26,35,48,49,49,49,49,49,186,0,13,19.47919004839693,10.647496001183754,49.95209799744771,85406.0752688172
1772924071,10,GET,/api/plugins/list,5.200000,0.000000,3,4,8,11,17,19,25,25,25,25,25,186,0,2,10.575630150709404,1.081359001545934,1052.4289889981446,26.037634408602152
1772924071,10,POST,/api/plugins/load?uri,5.400000,0.000000,3,5,11,14,17,18,28,28,28,28,28,159,0,3,5.487949282981407,1.2962900000275113,27.558791000046767,2250.4088050314467
1772924071,10,POST,/api/plugins/unload?uri,5.400000,0.000000,2,2,3,3,16,31,38,38,38,38,38,159,0,2,4.264718364898933,1.1768990007112734,37.93905999918934,108.0251572327044
1772924071,10,,Aggregated,152.500000,0.000000,3,4,8,11,17,23,32,43,1000,1000,1000,4521,0,3,11.340737730381813,1.0313269995094743,1052.8530560004583,3779.1254147312543
1772924072,10,GET,/api/audio/latency,21.300000,0.000000,2,3,4,5,16,21,33,35,37,37,37,687,0,2,6.379255972309272,1.0313269995094743,1049.8971080014599,33.0
1772924072,10,GET,/api/audio/levels,21.300000,0.000000,2,5,10,12,17,22,42,890,890,890,890,687,0,3,14.558574809390366,1.0474910013726912,1042.3050039971713,75.17612809315867
1772924072,10,GET,/api/audio/levels (during plugin swap),4.900000,0.000000,3,7,14,15,17,23,27,27,27,27,27,164,0,3,7.19240844509619,1.071407001290936,57.54488900129218,75.61585365853658
1772924072,10,GET,/api/audio/levels/plugins,5.000000,0.000000,2,2,3,6,8,17,29,29,29,29,29,164,0,2,4.235218048872811,1.0569870028120931,44.615823000640376,18.99390243902439
1772924072,10,GET,/api/audio/status,17.100000,0.000000,2,3,4,5,13,20,29,30,39,39,39,490,0,2,4.515328797914458,1.0409900023660157,38.94885200134013,168.0
1772924072,10,GET,/api/chains/,5.000000,0.000000,6,9,11,13,23,26,32,32,32,32,32,191,0,4,21.161229523610086,1.3225260008766782,1046.9668340010685,1448.235602094241
1772924072,10,GET,/api/chains/{id},17.100000,0.000000,3,6,9,11,16,23,960,1000,1000,1000,1000,490,0,3,26.03817662453292,1.2395620033203159,1028.7971270008711,494.9061224489796
1772924072,10,POST,/api/chains/{id}/activate,17.100000,0.000000,3,6,12,15,19,22,27,29,40,40,40,490,0,3,7.3658167367859875,1.176151999970898,53.01547099952586,53.01020408163265
1772924072,10,POST,/api/chains/{id}/deactivate,17.100000,0.000000,2,3,4,6,12,17,31,39,1000,1000,1000,490,0,2,6.623027736617476,1.1679430026561022,1043.6990130001504,61.48979591836735
1772924072,10,POST,/api/plugins/batch/parameters (500 updates),5.300000,0.000000,6,13,16,18,21,25,34,890,890,890,890,119,0,5,25.208569411763104,2.8468980017350987,1052.8530560004583,868.3277310924369
1772924072,10,GET,/api/plugins/discover,5.000000,0.000000,13,20,26,26,35,48,49,49,49,49,49,190,0,13,19.372381373709924,10.647496001183754,49.95209799744771,85406.07368421053
1772924072,10,GET,/api/plugins/list,5.000000,0.000000,3,4,9,14,17,19,25,25,25,25,25,191,0,2,10.415448361403719,1.081359001545934,1052.4289889981446,25.958115183246072
1772924072,10,POST,/api/plugins/load?uri,5.000000,0.000000,3,5,10,12,16,18,28,28,28,28,28,164,0,3,5.403385158454667,1.2962900000275113,27.558791000046767,2232.079268292683
1772924072,10,POST,/api/plugins/unload?uri,5.000000,0.000000,2,3,3,3,14,20,38,38,38,38,38,164,0,2,4.229605213545367,1.1768990007112734,37.93905999918934,108.01829268292683
1772924072,10,,Aggregated,151.200000,0.000000,3,5,9,12,17,23,32,42,1000,1000,1000,4681,0,3,11.18899808994997,1.0313269995094743,1052.8530560004583,3731.38090151677
1772924073,10,GET,/api/audio/latency,20.500000,0.000000,2,3,4,5,15,19,32,34,37,37,37,713,0,2,6.316137329561087,1.0313269995094743,1049.8971080014599,33.0
1772924073,10,GET,/api/audio/levels,20.500000,0.000000,3,5,9,11,15,19,24,29,42,42,42,713,0,3,14.249742641022673,1.0474910013726912,1042.3050039971713,75.15147265077138
1772924073,10,GET,/api/audio/levels (during plugin swap),4.800000,0.000000,4,8,14,15,17,23,27,27,27,27,27,168,0,3,7.170040886865623,1.071407001290936,57.54488900129218,75.63095238095238
1772924073,10,GET,/api/audio/levels/plugins,4.800000,0.000000,2,3,3,6,8,17,29,29,29,29,29,167,0,2,4.194521910261222,1.0569870028120931,44.615823000640376,18.982035928143713
1772924073,10,GET,/api/audio/status,17.700000,0.000000,2,3,4,5,13,20,29,30,39,39,39,508,0,2,4.474603659404897,1.0409900023660157,38.94885200134013,168.0
1772924073,10,GET,/api/chains/,4.500000,0.000000,4,8,9,11,23,26,32,32,32,32,32,194,0,4,20.861327567039666,1.3225260008766782,1046.9668340010685,1448.2319587628865
1772924073,10,GET,/api/chains/{id},17.700000,0.000000,3,5,8,11,15,17,23,24,37,37,37,508,0,3,25.385898637827854,1.2395620033203159,1028.7971270008711,494.3917322834646
1772924073,10,POST,/api/chains/{id}/activate,17.700000,0.000000,3,4,9,13,19,20,23,29,40,40,40,508,0,3,7.257038769740739,1.176151999970898,53.01547099952586,53.061023622047244
1772924073,10,POST,/api/chains/{id}/deactivate,17.700000,0.000000,2,3,4,6,12,17,24,39,39,39,39,508,0,2,6.58020759436213,1.1679430026561022,1043.6990130001504,61.50787401574803
1772924073,10,POST,/api/plugins/batch/parameters (500 updates),5.900000,0.000000,5,12,15,17,20,22,25,34,34,34,34,132,0,5,23.556744484846025,2.8468980017350987,1052.8530560004583,867.060606060606
1772924073,10,GET,/api/plugins/discover,4.600000,0.000000,13,19,23,26,32,48,49,49,49,49,49,194,0,13,19.270041479422176,10.647496001183754,49.95209799744771,85406.07216494845
1772924073,10,GET,/api/plugins/list,4.500000,0.000000,3,4,8,11,15,19,25,25,25,25,25,194,0,2,10.27412641250868,1.081359001545934,1052.4289889981446,25.912371134020617
1772924073,10,POST,/api/plugins/load?uri,4.800000,0.000000,3,5,10,14,17,18,28,28,28,28,28,168,0,3,5.430496416574031,1.2962900000275113,27.558791000046767,2211.6071428571427
1772924073,10,POST,/api/plugins/unload?uri,4.800000,0.000000,2,3,3,3,14,20,38,38,38,38,38,167,0,2,4.180846551017038,1.1768990007112734,37.93905999918934,108.02395209580838
1772924073,10,,Aggregated,150.500000,0.000000,3,4,8,11,16,21,29,34,48,49,49,4842,0,3,11.000756284600579,1.0313269995094743,1052.8530560004583,3685.767864518794
1772924074,10,GET,/api/audio/latency,20.500000,0.000000,2,3,4,5,15,19,33,35,37,37,37,724,0,2,6.269355306599385,1.0313269995094743,1049.8971080014599,33.0
1772924074,10,GET,/api/audio/levels,20.500000,0.000000,2,5,9,11,15,20,26,30,42,42,42,724,0,3,14.078385153392526,1.0474910013726912,1042.3050039971713,75.13674033149171
1772924074,10,GET,/api/audio/levels (during plugin swap),4.800000,0.000000,4,7,15,16,22,24,27,27,27,27,27,169,0,3,7.1397731597072065,1.071407001290936,57.54488900129218,75.6923076923077
1772924074,10,GET,/api/audio/levels/plugins,4.800000,0.000000,2,3,4,6,15,25,29,29,29,29,29,169,0,2,4.175659432050086,1.0569870028120931,44.615823000640376,19.0
1772924074,10,GET,/api/audio/status,17.700000,0.000000,2,3,3,4,14,20,29,30,39,39,39,513,0,2,4.471411888842954,1.0409900023660157,38.94885200134013,168.0
1772924074,10,GET,/api/chains/,4.500000,0.000000,4,8,9,11,25,32,32,32,32,32,32,196,0,4,20.691100974508284,1.3225260008766782,1046.9668340010685,1448.2295918367347
1772924074,10,GET,/api/chains/{id},17.700000,0.000000,3,5,8,11,15,17,23,24,37,37,37,513,0,3,25.178408001986213,1.2395620033203159,1028.7971270008711,495.4307992202729
1772924074,10,POST,/api/chains/{id}/activate,17.700000,0.000000,3,4,9,13,18,20,23,28,40,40,40,513,0,3,7.255353042938972,1.176151999970898,53.01547099952586,53.031189083820664
1772924074,10,POST,/api/chains/{id}/deactivate,17.700000,0.000000,2,3,4,6,13,18,24,39,39,39,39,513,0,2,6.533930411183463,1.1679430026561022,1043.6990130001504,61.512670565302145
1772924074,10,POST,/api/plugins/batch/parameters (500 updates),5.900000,0.000000,6,12,15,17,20,22,25,34,34,34,34,137,0,5,22.981034051089456,2.8468980017350987,1052.8530560004583,866.1386861313869
1772924074,10,GET,/api/plugins/discover,4.600000,0.000000,15,22,26,31,35,48,49,49,49,49,49,196,0,13,19.300415352072562,10.647496001183754,49.95209799744771,85406.07142857143
1772924074,10,GET,/api/plugins/list,4.500000,0.000000,2,4,6,8,15,22,25,25,25,25,25,196,0,2,10.189761673617035,1.081359001545934,1052.4289889981446,25.882653061224488
1772924074,10,POST,/api/plugins/load?uri,4.800000,0.000000,3,7,12,15,18,20,28,28,28,28,28,169,0,3,5.4136575916280885,1.2962900000275113,27.558791000046767,2216.5029585798816
1772924074,10,POST,/api/plugins/unload?uri,4.800000,0.000000,2,3,3,4,16,31,38,38,38,38,38,169,0,2,4.146702834448919,1.1768990007112734,37.93905999918934,108.02958579881657
1772924074,10,,Aggregated,150.500000,0.000000,3,4,8,11,17,22,29,34,48,49,49,4901,0,3,10.921845599274913,1.0313269995094743,1052.8530560004583,3679.5384615384614
1772924075,10,GET,/api/audio/latency,20.800000,0.000000,2,3,4,5,15,18,32,34,37,37,37,735,0,2,6.25139438909705,1.0313269995094743,1049.8971080014599,33.0
1772924075,10,GET,/api/audio/levels,20.800000,0.000000,3,5,10,12,15,21,29,42,900,900,900,735,0,3,15.155234668094215,1.0474910013726912,1042.3050039971713,75.1578231292517
1772924075,10,GET,/api/audio/levels (during plugin swap),4.500000,0.000000,4,7,15,16,23,920,1000,1000,1000,1000,1000,175,0,3,23.6484466228077,1.071407001290936,1034.9316579995502,75.82285714285715
1772924075,10,GET,/api/audio/levels/plugins,4.500000,0.000000,2,3,6,7,17,25,30,30,30,30,30,175,0,2,4.357108240094801,1.0569870028120931,44.615823000640376,18.97714285714286
1772924075,10,GET,/api/audio/status,19.000000,0.000000,2,3,4,9,15,22,29,30,39,39,39,523,0,2,4.575981370898876,1.0409900023660157,38.94885200134013,168.0
1772924075,10,GET,/api/chains/,4.700000,0.000000,4,9,10,15,25,32,900,900,900,900,900,198,0,4,25.07297380304748,1.3225260008766782,1046.9668340010685,1448.2272727272727
1772924075,10,GET,/api/chains/{id},19.000000,0.000000,3,6,11,13,15,21,1000,1000,1100,1100,1100,523,0,3,32.67956357556694,1.2395620033203159,1060.2938340016408,495.50286806883366
1772924075,10,POST,/api/chains/{id}/activate,19.000000,0.000000,3,5,11,14,19,22,38,40,40,40,40,523,0,3,7.402848066982122,1.176151999970898,53.01547099952586,52.97323135755258
1772924075,10,POST,/api/chains/{id}/deactivate,19.100000,0.000000,2,3,4,6,13,18,31,39,39,39,39,523,0,2,6.530153254176362,1.1679430026561022,1043.6990130001504,61.521988527724666
1772924075,10,POST,/api/plugins/batch/parameters (500 updates),7.000000,0.000000,6,12,16,17,20,25,34,910,910,910,910,140,0,5,29.32268430000217,2.8468980017350987,1052.8530560004583,865.1714285714286
1772924075,10,GET,/api/plugins/discover,4.700000,0.000000,15,20,26,26,32,48,49,49,49,49,49,198,0,13,19.25624840406832,10.647496001183754,49.95209799744771,85406.07070707071
1772924075,10,GET,/api/plugins/list,4.700000,0.000000,2,4,8,14,17,22,25,25,25,25,25,198,0,2,10.240214298134717,1.081359001545934,1052.4289889981446,26.292929292929294
1772924075,10,POST,/api/plugins/load?uri,4.500000,0.000000,3,10,14,15,17,18,28,28,28,28,28,175,0,3,5.508272228492258,1.2962900000275113,27.558791000046767,2181.24
1772924075,10,POST,/api/plugins/unload?uri,4.500000,0.000000,2,3,4,5,16,24,38,38,38,38,38,175,0,2,4.283371903002262,1.1768990007112734,37.93905999918934,107.99428571428571
1772924075,10,,Aggregated,156.800000,0.000000,3,5,10,12,17,23,32,48,1000,1100,1100,4996,0,3,12.816236210781119,1.0313269995094743,1060.2938340016408,3648.333867093675
1772924076,10,GET,/api/audio/latency,21.400000,0.000000,2,3,3,4,15,16,18,21,29,29,29,760,0,2,6.201439678931676,1.0313269995094743,1049.8971080014599,33.0
1772924076,10,GET,/api/audio/levels,21.400000,0.000000,3,5,9,11,15,18,29,42,900,900,900,760,0,3,14.815839510591008,1.0474910013726912,1042.3050039971713,75.15526315789474
1772924076,10,GET,/api/audio/levels (during plugin swap),4.600000,0.000000,3,7,10,15,22,920,1000,1000,1000,1000,1000,179,0,3,23.219651486042544,1.071407001290936,1034.9316579995502,75.75977653631286
1772924076,10,GET,/api/audio/levels/plugins,4.600000,0.000000,2,3,3,4,8,25,30,30,30,30,30,179,0,2,4.293111033604985,1.0569870028120931,44.615823000640376,19.083798882681563
1772924076,10,GET,/api/audio/status,18.300000,0.000000,2,2,3,6,14,20,28,29,29,29,29,539,0,2,4.512322691974893,1.0409900023660157,38.94885200134013,168.0
1772924076,10,GET,/api/chains/,4.400000,0.000000,3,9,9,10,26,32,900,900,900,900,900,201,0,4,24.726065736312062,1.3225260008766782,1046.9668340010685,1448.2238805970148
1772924076,10,GET,/api/chains/{id},18.300000,0.000000,3,6,11,13,16,21,1000,1000,1100,1100,1100,539,0,3,31.89392793326124,1.232815997354919,1060.2938340016408,493.41372912801484
1772924076,10,POST,/api/chains/{id}/activate,18.300000,0.000000,3,4,8,12,17,22,38,40,40,40,40,539,0,3,7.292253447178799,1.176151999970898,53.01547099952586,52.996289424860855
1772924076,10,POST,/api/chains/{id}/deactivate,18.300000,0.000000,2,2,3,4,11,15,24,39,39,39,39,539,0,2,6.433968747557134,1.1679430026561022,1043.6990130001504,61.53617810760668
1772924076,10,POST,/api/plugins/batch/parameters (500 updates),7.400000,0.000000,6,8,15,17,20,25,34,910,910,910,910,156,0,5,27.152360051238645,2.8468980017350987,1052.8530560004583,863.7692307692307
1772924076,10,GET,/api/plugins/discover,4.400000,0.000000,16,20,22,26,32,32,49,49,49,49,49,201,0,13,19.212573288576603,10.647496001183754,49.95209799744771,85406.06965174129
1772924076,10,GET,/api/plugins/list,4.400000,0.000000,2,3,5,8,14,17,22,22,22,22,22,201,0,2,10.124643781234422,1.081359001545934,1052.4289889981446,26.243781094527364
1772924076,10,POST,/api/plugins/load?uri,4.600000,0.000000,3,3,10,12,16,18,20,20,20,20,20,179,0,3,5.4244142625142375,1.2962900000275113,27.558791000046767,2165.536312849162
1772924076,10,POST,/api/plugins/unload?uri,4.600000,0.000000,2,3,3,4,13,15,24,24,24,24,24,179,0,2,4.239577838163121,1.1768990007112734,37.93905999918934,107.96648044692738
1772924076,10,,Aggregated,155.000000,0.000000,2,4,7,11,16,21,29,40,1000,1100,1100,5151,0,3,12.57069736421361,1.0313269995094743,1060.2938340016408,3595.826635604737
1772924077,10,GET,/api/audio/latency,20.400000,0.000000,2,3,4,5,15,17,19,21,49,49,49,788,0,2,6.221469093906293,1.0313269995094743,1049.8971080014599,33.0
1772924077,10,GET,/api/audio/levels,20.400000,0.000000,3,5,8,10,15,17,25,30,900,900,900,788,0,3,14.5184087284968,1.0474910013726912,1042.3050039971713,75.12817258883248
1772924077,10,GET,/api/audio/levels (during plugin swap),4.600000,0.000000,3,8,15,16,24,920,1000,1000,1000,1000,1000,190,0,3,22.45540527899146,1.071407001290936,1034.9316579995502,75.66842105263157
1772924077,10,GET,/api/audio/levels/plugins,4.600000,0.000000,2,3,3,4,8,18,30,30,30,30,30,190,0,2,4.215193989531192,1.0569870028120931,44.615823000640376,18.99473684210526
1772924077,10,GET,/api/audio/status,16.500000,0.000000,2,3,3,7,14,20,28,29,29,29,29,550,0,2,4.514553263566499,1.0409900023660157,38.94885200134013,168.0
1772924077,10,GET,/api/chains/,4.000000,0.000000,3,9,9,11,26,32,900,900,900,900,900,202,0,4,24.613668910899264,1.3225260008766782,1046.9668340010685,1448.2277227722773
1772924077,10,GET,/api/chains/{id},16.400000,0.000000,3,6,12,14,17,23,1000,1000,1100,1100,1100,550,0,3,31.426199801856207,1.232815997354919,1060.2938340016408,493.22727272727275
1772924077,10,POST,/api/chains/{id}/activate,16.500000,0.000000,3,4,9,12,17,20,38,40,40,40,40,550,0,3,7.26490375459517,1.176151999970898,53.01547099952586,53.0
1772924077,10,POST,/api/chains/{id}/deactivate,16.500000,0.000000,2,2,3,4,13,18,24,39,39,39,39,550,0,2,6.393169056245824,1.1679430026561022,1043.6990130001504,61.5
1772924077,10,POST,/api/plugins/batch/parameters (500 updates),7.000000,0.000000,6,8,14,16,20,25,26,910,910,910,910,166,0,5,25.995154307182304,2.8468980017350987,1052.8530560004583,864.9036144578313
1772924077,10,GET,/api/plugins/discover,4.000000,0.000000,13,17,19,20,26,26,32,32,32,32,32,202,0,13,19.180020673290826,10.647496001183754,49.95209799744771,85406.06930693069
1772924077,10,GET,/api/plugins/list,4.000000,0.000000,2,3,5,13,14,17,22,22,22,22,22,202,0,2,10.08247536153456,1.081359001545934,1052.4289889981446,26.22772277227723
1772924077,10,POST,/api/plugins/load?uri,4.600000,0.000000,3,3,7,14,16,18,20,20,20,20,20,190,0,3,5.477839684183556,1.2962900000275113,27.558791000046767,2123.2157894736843
1772924077,10,POST,/api/plugins/unload?uri,4.600000,0.000000,2,3,3,4,14,16,24,24,24,24,24,190,0,2,4.236130594884009,1.1768990007112734,37.93905999918934,107.73684210526316
1772924077,10,,Aggregated,144.100000,0.000000,3,4,7,11,16,20,28,40,1000,1100,1100,5308,0,3,12.383878504911351,1.0313269995094743,1060.2938340016408,3513.0297663903543
1772924078,10,GET,/api/audio/latency,20.800000,0.000000,2,3,4,6,15,17,19,21,49,49,49,814,0,2,6.143566320640947,1.019482999254251,1049.8971080014599,33.0
1772924078,10,GET,/api/audio/levels,20.800000,0.000000,3,5,9,11,15,18,26,30,900,900,900,814,0,3,14.253441281396086,1.0474910013726912,1042.3050039971713,75.10810810810811
1772924078,10,GET,/api/audio/levels (during plugin swap),4.500000,0.000000,3,7,15,16,24,920,1000,1000,1000,1000,1000,196,0,3,21.82290167352871,1.071407001290936,1034.9316579995502,75.71938775510205
1772924078,10,GET,/api/audio/levels/plugins,4.500000,0.000000,2,3,3,5,8,18,30,30,30,30,30,196,0,2,4.143193321489926,1.0569870028120931,44.615823000640376,19.040816326530614
1772924078,10,GET,/api/audio/status,16.100000,0.000000,2,2,3,6,13,20,28,29,29,29,29,571,0,2,4.41220475823762,1.0409900023660157,38.94885200134013,168.0
1772924078,10,GET,/api/chains/,3.700000,0.000000,3,9,11,13,26,32,900,900,900,900,900,205,0,4,24.40024604392664,1.3225260008766782,1046.9668340010685,1448.2243902439025
1772924078,10,GET,/api/chains/{id},16.000000,0.000000,3,6,12,14,17,23,1000,1000,1100,1100,1100,572,0,3,30.442273103188302,1.232815997354919,1060.2938340016408,493.4632867132867
1772924078,10,POST,/api/chains/{id}/activate,16.100000,0.000000,3,4,7,10,17,19,38,40,40,40,40,572,0,3,7.140553328729136,1.176151999970898,53.01547099952586,53.0506993006993
1772924078,10,POST,/api/chains/{id}/deactivate,16.100000,0.000000,2,2,4,5,13,18,24,39,39,39,39,571,0,2,6.292775351918692,1.1679430026561022,1043.6990130001504,61.518388791593694
1772924078,10,POST,/api/plugins/batch/parameters (500 updates),7.800000,0.000000,6,10,15,17,20,26,26,910,910,910,910,174,0,5,25.198132591920032,2.8468980017350987,1052.8530560004583,864.9080459770115
1772924078,10,GET,/api/plugins/discover,3.700000,0.000000,13,17,19,19,23,26,32,32,32,32,32,204,0,13,19.134454431396616,10.647496001183754,49.95209799744771,85406.06862745098
1772924078,10,GET,/api/plugins/list,3.700000,0.000000,2,3,6,13,14,17,22,22,22,22,22,205,0,2,10.016756102573353,1.081359001545934,1052.4289889981446,26.180487804878048
1772924078,10,POST,/api/plugins/load?uri,4.500000,0.000000,3,3,7,14,16,18,20,20,20,20,20,196,0,3,5.36631156122597,1.2962900000275113,27.558791000046767,2121.0204081632655
1772924078,10,POST,/api/plugins/unload?uri,4.500000,0.000000,2,3,4,5,15,17,29,29,29,29,29,196,0,2,4.287601229741401,1.1768990007112734,37.93905999918934,107.60204081632654
1772924078,10,,Aggregated,142.800000,0.000000,3,4,8,11,16,20,29,40,1000,1100,1100,5486,0,3,12.128690355650551,1.019482999254251,1060.2938340016408,3438.320998906307
1772924079,10,GET,/api/audio/latency,21.900000,0.000000,2,3,4,5,15,17,21,23,49,49,49,838,0,2,6.103034065636773,1.019482999254251,1049.8971080014599,33.0
1772924079,10,GET,/api/audio/levels,21.900000,0.000000,3,5,8,11,15,18,29,31,900,900,900,838,0,3,14.00969527332177,1.0474910013726912,1042.3050039971713,75.09427207637232
1772924079,10,GET,/api/audio/levels (during plugin swap),5.200000,0.000000,4,7,15,16,24,920,1000,1000,1000,1000,1000,200,0,3,21.590396125066036,1.071407001290936,1034.9316579995502,75.73
1772924079,10,GET,/api/audio/levels/plugins,5.200000,0.000000,2,3,3,4,8,17,30,30,30,30,30,200,0,2,4.162566355080344,1.0569870028120931,44.615823000640376,19.07
1772924079,10,GET,/api/audio/status,15.200000,0.000000,2,2,3,7,13,19,24,28,29,29,29,593,0,2,4.439123984739924,1.0409900023660157,38.94885200134013,168.0
1772924079,10,GET,/api/chains/,3.000000,0.000000,3,4,10,11,15,26,900,900,900,900,900,208,0,4,24.128255120226292,1.3225260008766782,1046.9668340010685,1448.2211538461538
1772924079,10,GET,/api/chains/{id},15.100000,0.000000,3,7,12,14,17,24,1000,1000,1100,1100,1100,593,0,3,29.603082475586284,1.232815997354919,1060.2938340016408,494.52951096121416
1772924079,10,POST,/api/chains/{id}/activate,15.200000,0.000000,3,4,7,9,16,19,24,38,40,40,40,593,0,3,7.054047639174783,1.176151999970898,53.01547099952586,53.08600337268128
1772924079,10,POST,/api/chains/{id}/deactivate,15.200000,0.000000,2,2,3,6,13,17,23,39,39,39,39,593,0,2,6.190135404631752,1.1679430026561022,1043.6990130001504,61.5362563237774
1772924079,10,POST,/api/plugins/batch/parameters (500 updates),8.400000,0.000000,6,9,14,16,20,26,26,910,910,910,910,183,0,5,24.277327524549314,2.8468980017350987,1052.8530560004583,865.7213114754098
1772924079,10,GET,/api/plugins/discover,3.000000,0.000000,12,15,17,19,20,23,32,32,32,32,32,208,0,13,18.985857596170227,10.647496001183754,49.95209799744771,85406.06730769231
1772924079,10,GET,/api/plugins/list,3.000000,0.000000,2,2,4,5,14,17,22,22,22,22,22,208,0,2,9.900645528974705,1.081359001545934,1052.4289889981446,26.134615384615383
1772924079,10,POST,/api/plugins/load?uri,5.200000,0.000000,3,3,5,10,16,18,20,20,20,20,20,200,0,3,5.318666085004224,1.2962900000275113,27.558791000046767,2148.345
1772924079,10,POST,/api/plugins/unload?uri,5.300000,0.000000,2,3,4,5,15,17,29,29,29,29,29,200,0,2,4.2622387201481615,1.1768990007112734,37.93905999918934,107.55
1772924079,10,,Aggregated,142.800000,0.000000,3,4,8,11,16,19,26,39,1000,1100,1100,5655,0,3,11.924295361819182,1.019482999254251,1060.2938340016408,3404.266666666667
1772924080,10,GET,/api/audio/latency,22.200000,0.000000,2,3,4,5,15,17,21,23,49,49,49,862,0,2,6.001702023209143,1.019482999254251,1049.8971080014599,33.0
1772924080,10,GET,/api/audio/levels,22.200000,0.000000,3,5,9,11,15,19,29,31,900,900,900,862,0,3,13.781709808640096,1.0474910013726912,1042.3050039971713,75.06612529002321
1772924080,10,GET,/api/audio/levels (during plugin swap),5.300000,0.000000,2,7,12,14,17,920,970,1000,1000,1000,1000,211,0,3,20.689788947941352,1.071407001290936,1034.9316579995502,75.71090047393365
1772924080,10,GET,/api/audio/levels/plugins,5.300000,0.000000,1,2,3,3,7,17,18,30,30,30,30,211,0,2,4.082570639878243,1.0569870028120931,44.615823000640376,18.990521327014218
1772924080,10,GET,/api/audio/status,15.600000,0.000000,2,2,3,6,13,19,24,28,29,29,29,612,0,2,4.367938331609432,1.0409900023660157,38.94885200134013,168.0
1772924080,10,GET,/api/chains/,2.700000,0.000000,3,9,10,10,13,15,900,900,900,900,900,209,0,4,24.06183113400063,1.3225260008766782,1046.9668340010685,1448.22009569378
1772924080,10,GET,/api/chains/{id},15.700000,0.000000,3,7,11,14,17,24,1000,1000,1100,1100,1100,612,0,3,28.872470223902734,1.232815997354919,1060.2938340016408,493.2924836601307
1772924080,10,POST,/api/chains/{id}/activate,15.600000,0.000000,3,4,7,9,15,18,24,38,40,40,40,612,0,3,6.950982266383054,1.176151999970898,53.01547099952586,53.09640522875817
1772924080,10,POST,/api/chains/{id}/deactivate,15.600000,0.000000,2,2,3,6,13,17,23,39,39,39,39,612,0,2,6.09499354404345,1.1679430026561022,1043.6990130001504,61.55065359477124
1772924080,10,POST,/api/plugins/batch/parameters (500 updates),8.100000,0.000000,6,9,14,17,20,26,26,910,910,910,910,192,0,5,23.46096973957401,2.8468980017350987,1052.8530560004583,865.375
1772924080,10,GET,/api/plugins/discover,2.700000,0.000000,12,16,17,19,20,23,32,32,32,32,32,209,0,13,18.954037153123767,10.647496001183754,49.95209799744771,85406.06698564593
1772924080,10,GET,/api/plugins/list,2.700000,0.000000,2,2,3,5,14,14,17,17,17,17,17,209,0,2,9.862724019264782,1.081359001545934,1052.4289889981446,26.119617224880383
1772924080,10,POST,/api/plugins/load?uri,5.300000,0.000000,3,3,3,4,15,16,18,20,20,20,20,211,0,3,5.221204184825666,1.2962900000275113,27.558791000046767,2161.3744075829386
1772924080,10,POST,/api/plugins/unload?uri,5.300000,0.000000,2,2,3,3,10,17,24,29,29,29,29,211,0,2,4.1878703508080015,1.1768990007112734,37.93905999918934,107.67298578199052
1772924080,10,,Aggregated,144.300000,0.000000,2,4,7,10,15,19,27,39,1000,1100,1100,5835,0,3,11.679345812012116,1.019482999254251,1060.2938340016408,3323.210968294773
1772924081,10,GET,/api/audio/latency,21.900000,0.000000,2,3,3,5,15,18,21,21,49,49,49,888,0,2,5.966178391903472,1.019482999254251,1049.8971080014599,33.0
1772924081,10,GET,/api/audio/levels,21.900000,0.000000,3,5,9,11,15,19,29,53,900,900,900,888,0,3,13.66222122302494,1.0474910013726912,1042.3050039971713,75.07882882882883
1772924081,10,GET,/api/audio/levels (during plugin swap),4.800000,0.000000,3,7,14,16,19,920,970,1000,1000,1000,1000,217,0,3,20.432032668269812,1.071407001290936,1034.9316579995502,75.63594470046083
1772924081,10,GET,/api/audio/levels/plugins,4.800000,0.000000,2,2,3,4,8,18,30,37,37,37,37,217,0,2,4.20165629961559,1.0569870028120931,44.615823000640376,19.032258064516128
1772924081,10,GET,/api/audio/status,16.300000,0.000000,2,2,3,4,11,15,22,24,33,33,33,631,0,2,4.370801682941121,1.0409900023660157,38.94885200134013,168.0
1772924081,10,GET,/api/chains/,3.000000,0.000000,3,9,10,11,15,28,900,900,900,900,900,211,0,4,23.98357151186337,1.3225260008766782,1046.9668340010685,1448.218009478673
1772924081,10,GET,/api/chains/{id},16.400000,0.000000,3,8,12,14,17,25,1000,1000,1100,1100,1100,631,0,3,28.238848664083346,1.232815997354919,1060.2938340016408,491.8637083993661
1772924081,10,POST,/api/chains/{id}/activate,16.400000,0.000000,3,4,5,8,15,18,34,38,40,40,40,631,0,3,6.986393234590812,1.176151999970898,53.01547099952586,53.10618066561014
1772924081,10,POST,/api/chains/{id}/deactivate,16.300000,0.000000,2,2,3,5,11,15,22,22,23,23,23,631,0,2,6.0385407732826675,1.1679430026561022,1043.6990130001504,61.56418383518225
1772924081,10,POST,/api/plugins/batch/parameters (500 updates),8.300000,0.000000,6,7,10,13,19,26,26,910,910,910,910,197,0,5,23.052344426400737,2.8468980017350987,1052.8530560004583,865.3857868020305
1772924081,10,GET,/api/plugins/discover,3.000000,0.000000,12,16,17,19,20,32,32,32,32,32,32,211,0,13,18.98541325120221,10.647496001183754,49.95209799744771,85406.0663507109
1772924081,10,GET,/api/plugins/list,3.000000,0.000000,2,2,2,5,14,17,25,25,25,25,25,211,0,2,9.898451947976346,1.081359001545934,1052.4289889981446,26.502369668246445
1772924081,10,POST,/api/plugins/load?uri,4.800000,0.000000,3,3,3,5,15,16,18,20,20,20,20,217,0,3,5.2091282350333055,1.2962900000275113,27.558791000046767,2148.0783410138247
1772924081,10,POST,/api/plugins/unload?uri,4.800000,0.000000,2,2,3,5,13,23,24,29,29,29,29,217,0,2,4.257571115299323,1.1768990007112734,37.93905999918934,107.53917050691244
1772924081,10,,Aggregated,145.700000,0.000000,2,4,7,10,15,19,29,49,1000,1100,1100,5998,0,3,11.557446957165912,1.019482999254251,1060.2938340016408,3267.263087695899
1772924082,10,GET,/api/audio/latency,21.000000,0.000000,2,3,3,4,15,18,21,21,49,49,49,915,0,2,5.888280737711736,1.019482999254251,1049.8971080014599,33.0
1772924082,10,GET,/api/audio/levels,21.100000,0.000000,3,5,8,11,15,17,29,53,900,900,900,915,0,3,13.401662149770177,1.0474910013726912,1042.3050039971713,75.06010928961749
1772924082,10,GET,/api/audio/levels (during plugin swap),5.900000,0.000000,3,7,14,15,19,920,970,1000,1000,1000,1000,223,0,3,20.112832825178163,1.071407001290936,1034.9316579995502,75.62331838565022
1772924082,10,GET,/api/audio/levels/plugins,5.800000,0.000000,2,2,3,3,8,18,30,37,37,37,37,223,0,2,4.139673009038054,1.0569870028120931,44.615823000640376,19.071748878923767
1772924082,10,GET,/api/audio/status,16.200000,0.000000,2,2,3,4,11,16,22,24,33,33,33,647,0,2,4.331840275022516,1.0409900023660157,38.94885200134013,168.0
1772924082,10,GET,/api/chains/,2.800000,0.000000,4,11,13,13,28,900,900,900,900,900,900,213,0,4,23.882873380305153,1.3225260008766782,1046.9668340010685,1448.2159624413146
1772924082,10,GET,/api/chains/{id},16.200000,0.000000,3,7,11,13,18,31,1000,1000,1100,1100,1100,647,0,3,27.689311179336304,1.232815997354919,1060.2938340016408,491.2612055641422
1772924082,10,POST,/api/chains/{id}/activate,16.200000,0.000000,3,4,7,9,15,19,34,38,40,40,40,647,0,3,6.964134324614473,1.176151999970898,53.01547099952586,53.08346213292118
1772924082,10,POST,/api/chains/{id}/deactivate,16.200000,0.000000,2,2,3,4,11,14,17,22,23,23,23,647,0,2,5.9436136196992075,1.1679430026561022,1043.6990130001504,61.574961360123645
1772924082,10,POST,/api/plugins/batch/parameters (500 updates),8.800000,0.000000,5,7,10,13,19,26,26,910,910,910,910,205,0,5,22.39942459512726,2.8468980017350987,1052.8530560004583,865.9560975609756
1772924082,10,GET,/api/plugins/discover,2.800000,0.000000,12,13,17,19,32,32,32,32,32,32,32,213,0,13,18.913726577472556,10.647496001183754,49.95209799744771,85406.06572769953
1772924082,10,GET,/api/plugins/list,2.800000,0.000000,2,2,13,14,17,25,25,25,25,25,25,213,0,2,9.886704943770136,1.081359001545934,1052.4289889981446,26.469483568075116
1772924082,10,POST,/api/plugins/load?uri,5.800000,0.000000,3,3,4,5,15,16,17,18,18,18,18,223,0,3,5.2062841524630254,1.2962900000275113,27.558791000046767,2137.2466367713005
1772924082,10,POST,/api/plugins/unload?uri,5.800000,0.000000,2,2,3,4,13,23,24,29,29,29,29,223,0,2,4.194979358850399,1.1768990007112734,37.93905999918934,107.5067264573991
1772924082,10,,Aggregated,147.400000,0.000000,2,4,6,10,15,19,29,49,1000,1100,1100,6154,0,3,11.380811212718712,1.019482999254251,1060.2938340016408,3218.1376340591487
1772924083,10,GET,/api/audio/latency,22.100000,0.000000,2,3,3,5,15,18,21,25,49,49,49,931,0,2,5.8963865467474,1.019482999254251,1049.8971080014599,33.0
1772924083,10,GET,/api/audio/levels,22.100000,0.000000,3,5,9,12,16,19,31,53,900,900,900,931,0,3,13.332195287912288,1.0474910013726912,1042.3050039971713,75.08055853920516
1772924083,10,GET,/api/audio/levels (during plugin swap),5.800000,0.000000,3,7,14,15,19,920,970,1000,1000,1000,1000,229,0,3,19.75057473369085,1.071407001290936,1034.9316579995502,75.66812227074236
1772924083,10,GET,/api/audio/levels/plugins,5.800000,0.000000,2,2,3,3,11,18,30,37,37,37,37,229,0,2,4.1233585983257806,1.0569870028120931,44.615823000640376,19.05240174672489
1772924083,10,GET,/api/audio/status,15.800000,0.000000,2,2,3,4,11,15,22,24,33,33,33,675,0,2,4.310559122877074,1.0409900023660157,38.94885200134013,168.0
1772924083,10,GET,/api/chains/,2.500000,0.000000,9,11,13,13,28,900,900,900,900,900,900,215,0,4,23.716224330260154,1.3225260008766782,1046.9668340010685,1448.2186046511629
1772924083,10,GET,/api/chains/{id},15.800000,0.000000,3,5,10,12,17,25,1000,1000,1100,1100,1100,676,0,3,26.721018360977943,1.232815997354919,1060.2938340016408,490.85798816568047
1772924083,10,POST,/api/chains/{id}/activate,15.800000,0.000000,3,4,6,8,15,18,26,38,40,40,40,675,0,3,6.867885314094127,1.176151999970898,53.01547099952586,53.22222222222222
1772924083,10,POST,/api/chains/{id}/deactivate,15.800000,0.000000,2,2,3,4,10,14,15,22,23,23,23,675,0,2,5.849263593985665,1.1679430026561022,1043.6990130001504,61.55555555555556
1772924083,10,POST,/api/plugins/batch/parameters (500 updates),8.400000,0.000000,6,8,10,12,19,26,26,910,910,910,910,216,0,5,21.717798162104305,2.8468980017350987,1052.8530560004583,866.7777777777778
1772924083,10,GET,/api/plugins/discover,2.500000,0.000000,12,12,17,17,20,32,32,32,32,32,32,215,0,13,18.842307065118124,10.647496001183754,49.95209799744771,85406.06511627907
1772924083,10,GET,/api/plugins/list,2.500000,0.000000,2,2,13,14,17,25,25,25,25,25,25,215,0,2,9.810611390817348,1.081359001545934,1052.4289889981446,26.43720930232558
1772924083,10,POST,/api/plugins/load?uri,5.800000,0.000000,3,3,4,6,16,17,18,18,18,18,18,229,0,3,5.262759480330922,1.2962900000275113,27.558791000046767,2138.048034934498
1772924083,10,POST,/api/plugins/unload?uri,5.800000,0.000000,2,2,3,4,13,23,24,29,29,29,29,229,0,2,4.133555100559446,1.1768990007112734,37.93905999918934,107.51965065502183
1772924083,10,,Aggregated,146.500000,0.000000,2,4,7,9,15,19,29,40,1000,1100,1100,6340,0,3,11.203188942442813,1.019482999254251,1060.2938340016408,3158.647160883281
1772924084,10,GET,/api/audio/latency,22.300000,0.000000,2,3,3,6,14,18,21,25,49,49,49,946,0,2,5.887615187128534,1.019482999254251,1049.8971080014599,33.0
1772924084,10,GET,/api/audio/levels,22.300000,0.000000,3,5,10,13,17,27,57,210,230,230,230,946,0,3,13.988293601534801,1.0474910013726912,1042.3050039971713,75.13002114164905
1772924084,10,GET,/api/audio/levels (during plugin swap),6.100000,0.000000,3,6,13,14,18,28,51,100,100,100,100,235,0,3,19.72124190642523,1.071407001290936,1034.9316579995502,75.65531914893617
1772924084,10,GET,/api/audio/levels/plugins,6.100000,0.000000,2,2,3,3,8,13,17,37,37,37,37,235,0,2,4.136351540503885,1.0569870028120931,44.615823000640376,19.03404255319149
1772924084,10,GET,/api/audio/status,15.700000,0.000000,2,2,3,4,9,14,19,22,33,33,33,691,0,2,4.32792973507564,1.0409900023660157,38.94885200134013,168.0
1772924084,10,GET,/api/chains/,2.300000,0.000000,3,11,13,13,23,28,28,28,28,28,28,217,0,4,23.61086120280171,1.3225260008766782,1046.9668340010685,1448.2165898617511
1772924084,10,GET,/api/chains/{id},15.700000,0.000000,3,6,10,12,17,24,39,160,170,170,170,691,0,3,26.920892105666688,1.232815997354919,1060.2938340016408,491.28798842257595
1772924084,10,POST,/api/chains/{id}/activate,15.700000,0.000000,3,4,6,7,12,16,21,26,34,34,34,691,0,3,6.811109700465065,1.176151999970898,53.01547099952586,53.27062228654125
1772924084,10,POST,/api/chains/{id}/deactivate,15.700000,0.000000,2,3,3,4,10,14,15,22,23,23,23,691,0,2,5.836861878343303,1.1679430026561022,1043.6990130001504,61.529667149059335
1772924084,10,POST,/api/plugins/batch/parameters (500 updates),8.500000,0.000000,5,7,10,12,19,23,26,100,100,100,100,226,0,5,21.631857628426186,2.8468980017350987,1052.8530560004583,866.3451327433628
1772924084,10,GET,/api/plugins/discover,2.300000,0.000000,12,13,17,19,20,32,32,32,32,32,32,217,0,13,18.818836221210567,10.647496001183754,49.95209799744771,85406.06451612903
1772924084,10,GET,/api/plugins/list,2.300000,0.000000,2,2,5,10,16,25,25,25,25,25,25,217,0,2,9.776924276618638,1.081359001545934,1052.4289889981446,26.40552995391705
1772924084,10,POST,/api/plugins/load?uri,6.100000,0.000000,3,3,3,5,16,17,18,18,18,18,18,235,0,3,5.206235353166158,1.2962900000275113,27.558791000046767,2189.3702127659576
1772924084,10,POST,/api/plugins/unload?uri,6.100000,0.000000,2,2,3,4,10,17,23,29,29,29,29,235,0,2,4.161337442681233,1.1768990007112734,37.93905999918934,107.62553191489361
1772924084,10,,Aggregated,147.200000,0.000000,2,4,6,9,15,18,26,38,220,230,230,6473,0,3,11.302463273149815,1.019482999254251,1060.2938340016408,3128.091302332767
1772924085,10,GET,/api/audio/latency,22.300000,0.000000,2,3,4,6,13,19,23,27,49,49,49,955,0,2,5.87644261782742,1.019482999254251,1049.8971080014599,33.0
1772924085,10,GET,/api/audio/levels,22.300000,0.000000,3,7,10,13,17,29,99,220,230,230,230,955,0,3,13.923743294290796,1.0474910013726912,1042.3050039971713,75.12356020942408
1772924085,10,GET,/api/audio/levels (during plugin swap),6.100000,0.000000,2,4,13,14,18,28,51,100,100,100,100,237,0,3,19.567720890336204,1.071407001290936,1034.9316579995502,75.63291139240506
1772924085,10,GET,/api/audio/levels/plugins,6.100000,0.000000,2,2,3,3,8,13,17,37,37,37,37,237,0,2,4.110983801770607,1.0569870028120931,44.615823000640376,19.046413502109704
1772924085,10,GET,/api/audio/status,15.700000,0.000000,2,3,3,4,10,15,19,22,33,33,33,698,0,2,4.306792323681043,1.0409900023660157,38.94885200134013,168.0
1772924085,10,GET,/api/chains/,2.300000,0.000000,10,13,13,13,23,28,28,28,28,28,28,217,0,4,23.61086120280171,1.3225260008766782,1046.9668340010685,1448.2165898617511
1772924085,10,GET,/api/chains/{id},15.700000,0.000000,3,7,10,12,17,25,39,160,170,170,170,698,0,3,26.73592084529889,1.232815997354919,1060.2938340016408,491.36962750716333
1772924085,10,POST,/api/chains/{id}/activate,15.700000,0.000000,3,4,6,7,12,17,21,26,34,34,34,698,0,3,6.7904197177922265,1.176151999970898,53.01547099952586,53.230659025787965
1772924085,10,POST,/api/chains/{id}/deactivate,15.700000,0.000000,2,3,3,4,10,14,15,17,23,23,23,698,0,2,5.80663310162622,1.1679430026561022,1043.6990130001504,61.53438395415473
1772924085,10,POST,/api/plugins/batch/parameters (500 updates),8.500000,0.000000,5,8,10,13,19,23,26,100,100,100,100,231,0,5,21.373455389724082,2.8468980017350987,1052.8530560004583,866.1948051948052
1772924085,10,GET,/api/plugins/discover,2.300000,0.000000,12,12,13,13,19,32,32,32,32,32,32,217,0,13,18.818836221210567,10.647496001183754,49.95209799744771,85406.06451612903
1772924085,10,GET,/api/plugins/list,2.300000,0.000000,2,2,10,10,16,25,25,25,25,25,25,217,0,2,9.776924276618638,1.081359001545934,1052.4289889981446,26.40552995391705
1772924085,10,POST,/api/plugins/load?uri,6.100000,0.000000,3,3,3,5,16,17,18,18,18,18,18,237,0,3,5.176498810088342,1.2962900000275113,27.558791000046767,2201.7637130801686
1772924085,10,POST,/api/plugins/unload?uri,6.100000,0.000000,2,2,3,4,10,17,23,29,29,29,29,237,0,2,4.1365480043352845,1.1768990007112734,37.93905999918934,107.63713080168776
1772924085,10,,Aggregated,147.200000,0.000000,3,4,6,9,15,19,27,39,220,230,230,6532,0,3,11.245389531090915,1.019482999254251,1060.2938340016408,3102.6593692590322
1772924086,10,GET,/api/audio/latency,22.000000,0.000000,2,3,4,6,14,21,25,27,30,30,30,973,0,2,5.916193699916493,1.019482999254251,1049.8971080014599,33.0
1772924086,10,GET,/api/audio/levels,22.000000,0.000000,3,8,11,14,19,53,980,1000,1000,1000,1000,973,0,3,17.94337230529155,1.0474910013726912,1042.3050039971713,75.17780061664953
1772924086,10,GET,/api/audio/levels (during plugin swap),6.500000,0.000000,2,4,13,14,18,28,100,1000,1000,1000,1000,241,0,3,23.603017219966393,1.071407001290936,1043.3466059985221,75.64315352697095
1772924086,10,GET,/api/audio/levels/plugins,6.500000,0.000000,2,2,3,4,7,13,17,37,37,37,37,241,0,2,4.082483780157078,1.0569870028120931,44.615823000640376,19.070539419087137
1772924086,10,GET,/api/audio/status,17.800000,0.000000,2,2,3,4,8,14,16,22,33,33,33,704,0,2,4.295141630579606,1.0409900023660157,38.94885200134013,168.0
1772924086,10,GET,/api/chains/,2.100000,0.000000,10,13,13,15,23,28,28,28,28,28,28,217,0,4,23.61086120280171,1.3225260008766782,1046.9668340010685,1448.2165898617511
1772924086,10,GET,/api/chains/{id},17.800000,0.000000,3,7,10,12,17,26,160,1000,1100,1100,1100,704,0,3,29.492655153433134,1.232815997354919,1060.8885399997234,490.71590909090907
1772924086,10,POST,/api/chains/{id}/activate,17.800000,0.000000,3,4,6,7,13,18,26,33,34,34,34,704,0,3,6.853340237238502,1.176151999970898,53.01547099952586,53.14630681818182
1772924086,10,POST,/api/chains/{id}/deactivate,17.800000,0.000000,2,3,3,5,10,14,15,17,23,23,23,704,0,2,5.816611586562265,1.1679430026561022,1043.6990130001504,61.53835227272727
1772924086,10,POST,/api/plugins/batch/parameters (500 updates),8.700000,0.000000,6,10,12,15,20,100,980,1100,1100,1100,1100,242,0,5,33.07032120673367,2.8468980017350987,1077.7814210014185,865.8264462809917
1772924086,10,GET,/api/plugins/discover,2.100000,0.000000,12,12,13,17,19,32,32,32,32,32,32,217,0,13,18.818836221210567,10.647496001183754,49.95209799744771,85406.06451612903
1772924086,10,GET,/api/plugins/list,2.100000,0.000000,2,2,10,14,16,25,25,25,25,25,25,217,0,2,9.776924276618638,1.081359001545934,1052.4289889981446,26.40552995391705
1772924086,10,POST,/api/plugins/load?uri,6.500000,0.000000,2,3,3,3,12,17,18,27,27,27,27,241,0,3,5.227483373418034,1.2962900000275113,27.558791000046767,2233.6265560165975
1772924086,10,POST,/api/plugins/unload?uri,6.500000,0.000000,2,2,3,3,8,13,23,29,29,29,29,241,0,2,4.100119377702815,1.1768990007112734,37.93905999918934,107.85477178423237
1772924086,10,,Aggregated,156.200000,0.000000,3,4,7,9,15,21,33,170,1100,1100,1100,6619,0,3,12.716970144747616,1.019482999254251,1077.7814210014185,3066.851941380873
1772924087,10,GET,/api/audio/latency,22.400000,0.000000,2,3,4,5,13,21,25,27,30,30,30,999,0,2,5.8490026026270066,1.019482999254251,1049.8971080014599,33.0
1772924087,10,GET,/api/audio/levels,22.400000,0.000000,3,7,11,14,19,53,980,1000,1000,1000,1000,999,0,3,17.599706384436224,1.0474910013726912,1042.3050039971713,75.16016016016016
1772924087,10,GET,/api/audio/levels (during plugin swap),6.200000,0.000000,2,4,13,14,18,28,1000,1000,1000,1000,1000,246,0,3,23.157910796785508,1.071407001290936,1043.3466059985221,75.64227642276423
1772924087,10,GET,/api/audio/levels/plugins,6.200000,0.000000,2,2,3,4,8,13,37,37,37,37,37,246,0,2,4.0579850000488555,1.0569870028120931,44.615823000640376,19.073170731707318
1772924087,10,GET,/api/audio/status,17.700000,0.000000,2,3,4,4,10,15,19,22,33,33,33,715,0,2,4.277549844653015,1.0409900023660157,38.94885200134013,168.0
1772924087,10,GET,/api/chains/,1.900000,0.000000,10,13,13,15,23,28,28,28,28,28,28,217,0,4,23.61086120280171,1.3225260008766782,1046.9668340010685,1448.2165898617511
1772924087,10,GET,/api/chains/{id},17.700000,0.000000,3,7,10,12,17,26,170,1000,1100,1100,1100,715,0,3,29.098207297912186,1.232815997354919,1060.8885399997234,490.84895104895105
1772924087,10,POST,/api/chains/{id}/activate,17.700000,0.000000,3,5,6,8,15,18,30,33,34,34,34,715,0,3,6.830126924497862,1.176151999970898,53.01547099952586,53.07692307692308
1772924087,10,POST,/api/chains/{id}/deactivate,17.700000,0.000000,2,3,3,4,10,14,15,17,17,17,17,715,0,2,5.761705886625922,1.1679430026561022,1043.6990130001504,61.54545454545455
1772924087,10,POST,/api/plugins/batch/parameters (500 updates),9.100000,0.000000,6,10,12,14,19,23,980,1100,1100,1100,1100,261,0,5,31.20228877790978,2.8468980017350987,1077.7814210014185,865.536398467433
1772924087,10,GET,/api/plugins/discover,1.900000,0.000000,12,12,12,13,19,32,32,32,32,32,32,217,0,13,18.818836221210567,10.647496001183754,49.95209799744771,85406.06451612903
1772924087,10,GET,/api/plugins/list,1.900000,0.000000,2,2,2,10,16,25,25,25,25,25,25,217,0,2,9.776924276618638,1.081359001545934,1052.4289889981446,26.40552995391705
1772924087,10,POST,/api/plugins/load?uri,6.200000,0.000000,3,3,3,5,17,18,27,27,27,27,27,246,0,3,5.244888170710784,1.2962900000275113,27.558791000046767,2245.337398373984
1772924087,10,POST,/api/plugins/unload?uri,6.200000,0.000000,2,2,3,4,8,11,23,23,23,23,23,246,0,2,4.0761775773598785,1.1768990007112734,37.93905999918934,107.96341463414635
1772924087,10,,Aggregated,155.200000,0.000000,3,4,7,9,15,21,34,210,1100,1100,1100,6754,0,3,12.548536262227094,1.019482999254251,1077.7814210014185,3011.890731418419
1772924088,10,GET,/api/audio/latency,21.300000,0.000000,2,3,4,6,14,18,25,27,30,30,30,1023,0,2,5.846666991214788,1.019482999254251,1049.8971080014599,33.0
1772924088,10,GET,/api/audio/levels,21.200000,0.000000,3,7,11,14,19,53,980,1000,1000,1000,1000,1023,0,3,17.37275913200537,1.0474910013726912,1042.3050039971713,75.17302052785924
1772924088,10,GET,/api/audio/levels (during plugin swap),6.300000,0.000000,2,3,4,13,16,28,100,1000,1000,1000,1000,252,0,3,22.644226130978495,1.071407001290936,1043.3466059985221,75.57936507936508
1772924088,10,GET,/api/audio/levels/plugins,6.300000,0.000000,2,2,2,3,7,12,13,37,37,37,37,252,0,2,3.999617646874708,1.0569870028120931,44.615823000640376,19.107142857142858
1772924088,10,GET,/api/audio/status,16.500000,0.000000,2,3,3,4,7,13,16,22,33,33,33,731,0,2,4.227828236564162,1.0408470006950665,38.94885200134013,168.0
1772924088,10,GET,/api/chains/,1.600000,0.000000,9,13,13,13,23,28,28,28,28,28,28,219,0,4,23.411409228344578,1.318910999543732,1046.9668340010685,1448.2146118721462
1772924088,10,GET,/api/chains/{id},16.500000,0.000000,3,7,10,12,17,39,170,1000,1100,1100,1100,731,0,3,28.641813383051897,1.232815997354919,1060.8885399997234,491.26675786593705
1772924088,10,POST,/api/chains/{id}/activate,16.500000,0.000000,3,5,6,8,15,19,30,33,34,34,34,731,0,3,6.825450707270229,1.176151999970898,53.01547099952586,53.057455540355676
1772924088,10,POST,/api/chains/{id}/deactivate,16.500000,0.000000,2,3,3,5,11,14,15,17,17,17,17,730,0,2,5.706606242379727,1.1679430026561022,1043.6990130001504,61.554794520547944
1772924088,10,POST,/api/plugins/batch/parameters (500 updates),8.600000,0.000000,7,10,14,15,20,26,980,1100,1100,1100,1100,275,0,5,30.147864349220814,2.8468980017350987,1077.7814210014185,864.810909090909
1772924088,10,GET,/api/plugins/discover,1.600000,0.000000,12,12,13,13,19,32,32,32,32,32,32,219,0,13,18.754038127873716,10.647496001183754,49.95209799744771,85406.06392694064
1772924088,10,GET,/api/plugins/list,1.600000,0.000000,2,2,10,10,16,25,25,25,25,25,25,219,0,2,9.703139867693384,1.081359001545934,1052.4289889981446,26.374429223744293
1772924088,10,POST,/api/plugins/load?uri,6.300000,0.000000,2,3,3,3,16,18,22,27,27,27,27,252,0,3,5.170029876974277,1.2962900000275113,27.558791000046767,2225.9523809523807
1772924088,10,POST,/api/plugins/unload?uri,6.300000,0.000000,2,2,3,3,7,11,13,23,23,23,23,252,0,2,4.014092440619216,1.1768990007112734,37.93905999918934,107.90079365079364
1772924088,10,,Aggregated,147.100000,0.000000,3,4,7,9,15,21,35,210,1100,1100,1100,6909,0,3,12.391798918232777,1.019482999254251,1077.7814210014185,2974.8129975394413
1772924089,10,GET,/api/audio/latency,20.700000,0.000000,2,3,4,7,15,18,25,27,30,30,30,1049,0,2,5.779323117264329,1.019482999254251,1049.8971080014599,33.0
1772924089,10,GET,/api/audio/levels,20.700000,0.000000,3,7,11,14,18,53,980,1000,1000,1000,1000,1049,0,3,17.063037839881467,1.0474910013726912,1042.3050039971713,75.20591039084843
1772924089,10,GET,/api/audio/levels (during plugin swap),5.600000,0.000000,2,4,9,13,18,28,1000,1000,1000,1000,1000,258,0,3,22.24749853100315,1.071407001290936,1043.3466059985221,75.51937984496124
1772924089,10,GET,/api/audio/levels/plugins,5.600000,0.000000,2,2,3,3,6,12,37,37,37,37,37,258,0,2,3.9489040387960874,1.0569870028120931,44.615823000640376,19.13953488372093
1772924089,10,GET,/api/audio/status,16.500000,0.000000,2,3,3,4,7,14,16,22,33,33,33,750,0,2,4.176926295893888,1.0408470006950665,38.94885200134013,168.0
1772924089,10,GET,/api/chains/,1.500000,0.000000,3,13,13,15,23,28,28,28,28,28,28,222,0,4,23.174225954986664,1.318910999543732,1046.9668340010685,1448.2117117117118
1772924089,10,GET,/api/chains/{id},16.500000,0.000000,3,7,10,12,17,39,170,1000,1100,1100,1100,750,0,3,28.061984362696723,1.232815997354919,1060.8885399997234,490.34133333333335
1772924089,10,POST,/api/chains/{id}/activate,16.500000,0.000000,3,5,7,8,15,19,30,33,34,34,34,750,0,3,6.761224118696798,1.176151999970898,53.01547099952586,53.1
1772924089,10,POST,/api/chains/{id}/deactivate,16.500000,0.000000,2,3,3,4,9,13,14,15,17,17,17,750,0,2,5.607305157250569,1.1679430026561022,1043.6990130001504,61.56666666666667
1772924089,10,POST,/api/plugins/batch/parameters (500 updates),9.200000,0.000000,6,10,13,14,20,26,980,1100,1100,1100,1100,283,0,5,29.43320665736043,2.8468980017350987,1077.7814210014185,864.9010600706714
1772924089,10,GET,/api/plugins/discover,1.500000,0.000000,12,12,13,18,19,32,32,32,32,32,32,222,0,13,18.679723310826276,10.647496001183754,49.95209799744771,85406.06306306306
1772924089,10,GET,/api/plugins/list,1.500000,0.000000,2,2,10,15,16,25,25,25,25,25,25,222,0,2,9.652210013620525,1.081359001545934,1052.4289889981446,26.32882882882883
1772924089,10,POST,/api/plugins/load?uri,5.600000,0.000000,2,3,3,3,17,18,27,27,27,27,27,258,0,3,5.121314848837255,1.2962900000275113,27.558791000046767,2253.4767441860463
1772924089,10,POST,/api/plugins/unload?uri,5.600000,0.000000,2,2,3,3,7,10,23,23,23,23,23,258,0,2,3.9651847210600604,1.1768990007112734,37.93905999918934,107.94186046511628
1772924089,10,,Aggregated,143.500000,0.000000,3,4,7,9,15,21,35,210,1100,1100,1100,7079,0,3,12.188751263039746,1.019482999254251,1077.7814210014185,2946.6298912275747
1772924090,10,GET,/api/audio/latency,20.800000,0.000000,2,3,4,6,13,17,25,27,30,30,30,1068,0,2,5.7279573604986656,1.019482999254251,1049.8971080014599,33.0
1772924090,10,GET,/api/audio/levels,20.800000,0.000000,3,7,11,14,18,35,980,1000,1000,1000,1000,1068,0,3,16.856592794034977,1.0474910013726912,1042.3050039971713,75.20318352059925
1772924090,10,GET,/api/audio/levels (during plugin swap),5.600000,0.000000,2,4,6,12,14,18,100,1000,1000,1000,1000,269,0,3,21.559659828969945,1.071407001290936,1043.3466059985221,75.51301115241635
1772924090,10,GET,/api/audio/levels/plugins,5.600000,0.000000,2,2,3,3,4,11,12,13,13,13,13,269,0,2,3.894177360647768,1.0569870028120931,44.615823000640376,19.074349442379184
1772924090,10,GET,/api/audio/status,15.900000,0.000000,2,2,3,4,5,14,16,16,22,22,22,768,0,2,4.13905219652122,1.0408470006950665,38.94885200134013,168.0
1772924090,10,GET,/api/chains/,1.500000,0.000000,3,13,13,13,15,23,23,23,23,23,23,222,0,4,23.174225954986664,1.318910999543732,1046.9668340010685,1448.2117117117118
1772924090,10,GET,/api/chains/{id},15.900000,0.000000,3,6,10,13,17,26,170,1000,1100,1100,1100,768,0,3,27.55699561591977,1.232815997354919,1060.8885399997234,491.2161458333333
1772924090,10,POST,/api/chains/{id}/activate,16.000000,0.000000,3,5,6,8,13,18,26,30,33,33,33,768,0,3,6.696836402393084,1.176151999970898,53.01547099952586,53.06640625
1772924090,10,POST,/api/chains/{id}/deactivate,15.800000,0.000000,2,2,3,3,9,12,14,14,17,17,17,768,0,2,5.5186676496722,1.1679430026561022,1043.6990130001504,61.576822916666664
1772924090,10,POST,/api/plugins/batch/parameters (500 updates),10.000000,0.000000,6,10,13,15,20,31,980,1100,1100,1100,1100,295,0,5,28.607592813685926,2.8468980017350987,1077.7814210014185,865.2305084745763
1772924090,10,GET,/api/plugins/discover,1.500000,0.000000,11,12,13,13,18,19,19,19,19,19,19,222,0,13,18.679723310826276,10.647496001183754,49.95209799744771,85406.06306306306
1772924090,10,GET,/api/plugins/list,1.500000,0.000000,2,2,10,10,15,16,16,16,16,16,16,222,0,2,9.652210013620525,1.081359001545934,1052.4289889981446,26.32882882882883
1772924090,10,POST,/api/plugins/load?uri,5.600000,0.000000,2,3,3,5,17,22,25,27,27,27,27,269,0,3,5.153826873595969,1.2962900000275113,27.558791000046767,2242.6765799256505
1772924090,10,POST,/api/plugins/unload?uri,5.600000,0.000000,2,2,3,3,6,11,11,12,12,12,12,269,0,2,3.965616435102827,1.1768990007112734,37.93905999918934,107.9814126394052
1772924090,10,,Aggregated,142.100000,0.000000,3,4,6,8,14,19,30,210,1100,1100,1100,7245,0,3,12.010792421132019,1.019482999254251,1077.7814210014185,2886.182608695652
1772924091,10,GET,/api/audio/latency,20.700000,0.000000,2,3,4,6,14,17,25,27,30,30,30,1085,0,2,5.69649701935686,1.019482999254251,1049.8971080014599,33.0
1772924091,10,GET,/api/audio/levels,20.700000,0.000000,3,7,11,13,19,44,980,1000,1000,1000,1000,1085,0,3,16.683159201878176,1.0474910013726912,1042.3050039971713,75.20460829493088
1772924091,10,GET,/api/audio/levels (during plugin swap),5.700000,0.000000,2,2,4,9,14,20,100,1000,1000,1000,1000,277,0,3,21.09167233211075,1.0600690002320334,1043.3466059985221,75.48736462093864
1772924091,10,GET,/api/audio/levels/plugins,5.700000,0.000000,2,2,3,3,6,12,13,13,13,13,13,277,0,2,3.8677732816407504,1.0569870028120931,44.615823000640376,19.068592057761734
1772924091,10,GET,/api/audio/status,15.900000,0.000000,2,2,3,4,7,15,16,22,26,26,26,786,0,2,4.152065086424606,1.0408470006950665,38.94885200134013,168.0
1772924091,10,GET,/api/chains/,1.400000,0.000000,2,5,9,9,15,23,23,23,23,23,23,224,0,4,22.998411424136325,1.318910999543732,1046.9668340010685,1448.2098214285713
1772924091,10,GET,/api/chains/{id},15.800000,0.000000,3,6,12,13,17,23,170,1000,1100,1100,1100,786,0,3,27.08371421757673,1.232815997354919,1060.8885399997234,491.8333333333333
1772924091,10,POST,/api/chains/{id}/activate,15.800000,0.000000,4,5,6,8,15,17,22,30,33,33,33,786,0,3,6.710267447895455,1.176151999970898,53.01547099952586,53.06615776081425
1772924091,10,POST,/api/chains/{id}/deactivate,15.900000,0.000000,2,2,3,3,9,13,14,15,17,17,17,786,0,2,5.468537096637051,1.1679430026561022,1043.6990130001504,61.586513994910945
1772924091,10,POST,/api/plugins/batch/parameters (500 updates),9.900000,0.000000,6,10,12,14,20,26,950,980,1100,1100,1100,313,0,5,27.403305089599588,2.8468980017350987,1077.7814210014185,865.4217252396166
1772924091,10,GET,/api/plugins/discover,1.400000,0.000000,12,13,18,18,18,19,19,19,19,19,19,224,0,13,18.64440227234354,10.647496001183754,49.95209799744771,85406.0625
1772924091,10,GET,/api/plugins/list,1.400000,0.000000,2,2,3,3,10,15,15,15,15,15,15,224,0,2,9.588070785818152,1.081359001545934,1052.4289889981446,26.299107142857142
1772924091,10,POST,/api/plugins/load?uri,5.700000,0.000000,2,3,3,4,17,22,25,27,27,27,27,277,0,3,5.139536963918541,1.2962900000275113,27.558791000046767,2297.241877256318
1772924091,10,POST,/api/plugins/unload?uri,5.700000,0.000000,2,2,2,3,6,11,11,12,12,12,12,277,0,2,3.898770913527627,1.1768990007112734,37.93905999918934,108.28519855595668
1772924091,10,,Aggregated,141.700000,0.000000,3,4,6,9,15,19,30,210,1100,1100,1100,7407,0,3,11.863928748363547,1.019482999254251,1077.7814210014185,2855.5145132982316
1772924092,10,GET,/api/audio/latency,20.800000,0.000000,2,3,4,7,14,17,23,25,30,30,30,1114,0,2,5.6851169506305625,1.019482999254251,1049.8971080014599,33.0
1772924092,10,GET,/api/audio/levels,20.700000,0.000000,3,7,11,13,17,27,980,1000,1000,1000,1000,1114,0,3,16.37863943898953,1.0474910013726912,1042.3050039971713,75.19389587073609
1772924092,10,GET,/api/audio/levels (during plugin swap),5.700000,0.000000,2,2,4,6,13,20,100,1000,1000,1000,1000,287,0,3,20.463933456443307,1.0600690002320334,1043.3466059985221,75.44599303135888
1772924092,10,GET,/api/audio/levels/plugins,5.800000,0.000000,2,2,3,3,6,11,13,13,13,13,13,286,0,2,3.813032290257776,1.0502650002308656,44.615823000640376,19.0
1772924092,10,GET,/api/audio/status,15.500000,0.000000,2,2,3,3,5,14,16,16,26,26,26,802,0,2,4.1218732168813865,1.0408470006950665,38.94885200134013,168.0
1772924092,10,GET,/api/chains/,1.300000,0.000000,2,2,5,15,23,23,23,23,23,23,23,224,0,4,22.998411424136325,1.318910999543732,1046.9668340010685,1448.2098214285713
1772924092,10,GET,/api/chains/{id},15.500000,0.000000,3,7,11,13,20,23,170,1000,1100,1100,1100,803,0,3,26.640538637635824,1.232815997354919,1060.8885399997234,491.77957658779576
1772924092,10,POST,/api/chains/{id}/activate,15.500000,0.000000,4,5,6,8,15,18,30,33,33,33,33,802,0,3,6.711580914012039,1.176151999970898,53.01547099952586,53.04862842892768
1772924092,10,POST,/api/chains/{id}/deactivate,15.500000,0.000000,2,2,3,3,9,12,14,15,17,17,17,802,0,2,5.403889938850199,1.1679430026561022,1043.6990130001504,61.594763092269325
1772924092,10,POST,/api/plugins/batch/parameters (500 updates),10.000000,0.000000,5,9,12,14,20,26,950,980,1100,1100,1100,323,0,5,26.76306866269217,2.8468980017350987,1077.7814210014185,865.2105263157895
1772924092,10,GET,/api/plugins/discover,1.300000,0.000000,12,13,18,18,19,19,19,19,19,19,19,224,0,13,18.64440227234354,10.647496001183754,49.95209799744771,85406.0625
1772924092,10,GET,/api/plugins/list,1.300000,0.000000,2,2,3,10,15,15,15,15,15,15,15,224,0,2,9.588070785818152,1.081359001545934,1052.4289889981446,26.299107142857142
1772924092,10,POST,/api/plugins/load?uri,5.800000,0.000000,2,3,3,4,9,22,25,27,27,27,27,287,0,3,5.051766874592951,1.2962900000275113,27.558791000046767,2306.8885017421603
1772924092,10,POST,/api/plugins/unload?uri,5.800000,0.000000,2,2,3,3,7,11,12,12,12,12,12,286,0,2,3.886378014161434,1.1768990007112734,37.93905999918934,108.2132867132867
1772924092,10,,Aggregated,140.500000,0.000000,2,4,6,8,14,19,30,210,1100,1100,1100,7578,0,3,11.696879616277167,1.019482999254251,1077.7814210014185,2797.9586962259173
1772924093,10,GET,/api/audio/latency,19.800000,0.000000,2,3,3,5,15,17,23,25,30,30,30,1135,0,2,5.665070638782396,1.019482999254251,1049.8971080014599,33.0
1772924093,10,GET,/api/audio/levels,19.800000,0.000000,3,6,9,11,15,21,980,1000,1000,1000,1000,1135,0,3,16.158713082859723,1.0474910013726912,1042.3050039971713,75.18766519823788
1772924093,10,GET,/api/audio/levels (during plugin swap),5.900000,0.000000,2,3,4,7,13,15,20,1000,1000,1000,1000,300,0,3,19.817086590034403,1.0600690002320334,1043.3466059985221,75.47
1772924093,10,GET,/api/audio/levels/plugins,5.900000,0.000000,1,2,2,3,4,11,13,15,15,15,15,300,0,2,3.776474830059063,1.0502650002308656,44.615823000640376,18.94
1772924093,10,GET,/api/audio/status,15.500000,0.000000,2,2,3,3,4,14,19,24,26,26,26,822,0,2,4.109437197000954,1.0408470006950665,38.94885200134013,168.0
1772924093,10,GET,/api/chains/,1.300000,0.000000,2,2,5,15,23,23,23,23,23,23,23,224,0,4,22.998411424136325,1.318910999543732,1046.9668340010685,1448.2098214285713
1772924093,10,GET,/api/chains/{id},15.500000,0.000000,3,6,10,12,16,21,56,1000,1100,1100,1100,823,0,3,26.102828324454432,1.232815997354919,1060.8885399997234,491.138517618469
1772924093,10,POST,/api/chains/{id}/activate,15.500000,0.000000,4,5,7,10,16,19,30,33,33,33,33,823,0,3,6.673527580846038,1.176151999970898,53.01547099952586,53.04374240583232
1772924093,10,POST,/api/chains/{id}/deactivate,15.500000,0.000000,2,2,2,3,5,12,15,17,18,18,18,822,0,2,5.344539716490297,1.1679430026561022,1043.6990130001504,61.60462287104623
1772924093,10,POST,/api/plugins/batch/parameters (500 updates),11.300000,0.000000,5,9,12,14,21,26,950,980,1100,1100,1100,332,0,5,26.373869144750994,2.8468980017350987,1077.7814210014185,865.5060240963855
1772924093,10,GET,/api/plugins/discover,1.300000,0.000000,12,13,18,18,19,19,19,19,19,19,19,224,0,13,18.64440227234354,10.647496001183754,49.95209799744771,85406.0625
1772924093,10,GET,/api/plugins/list,1.300000,0.000000,2,2,3,10,15,15,15,15,15,15,15,224,0,2,9.588070785818152,1.081359001545934,1052.4289889981446,26.299107142857142
1772924093,10,POST,/api/plugins/load?uri,5.900000,0.000000,2,3,3,4,9,20,25,27,27,27,27,300,0,3,4.974437513337762,1.2962900000275113,27.558791000046767,2264.173333333333
1772924093,10,POST,/api/plugins/unload?uri,5.900000,0.000000,1,2,2,3,4,7,12,12,12,12,12,300,0,2,3.786771373500718,1.1768990007112734,37.93905999918934,107.95666666666666
1772924093,10,,Aggregated,140.400000,0.000000,2,3,5,7,14,18,24,33,1100,1100,1100,7764,0,3,11.52168704652081,1.019482999254251,1077.7814210014185,2736.7269448737766
1772924094,10,GET,/api/audio/latency,20.100000,0.000000,2,3,3,5,15,17,23,25,30,30,30,1166,0,2,5.622931767598423,1.019482999254251,1049.8971080014599,33.0
1772924094,10,GET,/api/audio/levels,20.100000,0.000000,3,6,9,11,15,21,44,1000,1000,1000,1000,1166,0,3,15.884782657847868,1.0474910013726912,1042.3050039971713,75.1852487135506
1772924094,10,GET,/api/audio/levels (during plugin swap),6.100000,0.000000,2,3,6,9,14,19,34,1000,1000,1000,1000,303,0,3,19.8054813234722,1.0600690002320334,1043.3466059985221,75.44554455445545
1772924094,10,GET,/api/audio/levels/plugins,6.100000,0.000000,2,2,2,3,4,11,13,15,15,15,15,303,0,2,3.758677802042476,1.0502650002308656,44.615823000640376,18.933993399339933
1772924094,10,GET,/api/audio/status,15.600000,0.000000,2,2,2,3,5,16,21,24,26,26,26,838,0,2,4.107570155051006,1.0408470006950665,38.94885200134013,168.0
1772924094,10,GET,/api/chains/,1.100000,0.000000,2,4,5,5,15,23,23,23,23,23,23,226,0,4,22.817504544286145,1.318910999543732,1046.9668340010685,1448.2079646017698
1772924094,10,GET,/api/chains/{id},15.600000,0.000000,3,6,10,12,17,21,56,1000,1100,1100,1100,839,0,3,25.781874673444555,1.232815997354919,1060.8885399997234,491.0917759237187
1772924094,10,POST,/api/chains/{id}/activate,15.600000,0.000000,4,5,7,10,16,19,30,33,33,33,33,838,0,3,6.624679878323823,1.176151999970898,53.01547099952586,53.01909307875895
1772924094,10,POST,/api/chains/{id}/deactivate,15.600000,0.000000,2,2,2,3,5,12,15,17,18,18,18,838,0,2,5.289212030973578,1.1679430026561022,1043.6990130001504,61.61217183770883
1772924094,10,POST,/api/plugins/batch/parameters (500 updates),11.600000,0.000000,5,8,11,14,21,26,950,980,1100,1100,1100,340,0,5,25.906846950152506,2.8468980017350987,1077.7814210014185,865.4235294117647
1772924094,10,GET,/api/plugins/discover,1.100000,0.000000,13,18,18,18,19,23,23,23,23,23,23,226,0,13,18.638597548697444,10.647496001183754,49.95209799744771,85406.06194690266
1772924094,10,GET,/api/plugins/list,1.100000,0.000000,2,3,10,10,12,15,15,15,15,15,15,226,0,2,9.572520650519147,1.081359001545934,1052.4289889981446,26.26991150442478
1772924094,10,POST,/api/plugins/load?uri,6.100000,0.000000,2,3,3,4,12,20,25,27,27,27,27,303,0,3,4.992978343225842,1.2962900000275113,27.558791000046767,2263.023102310231
1772924094,10,POST,/api/plugins/unload?uri,6.100000,0.000000,2,2,2,3,4,7,12,12,12,12,12,303,0,2,3.771606815345228,1.1768990007112734,37.93905999918934,107.95379537953795
1772924094,10,,Aggregated,141.900000,0.000000,2,3,5,7,14,18,25,34,1100,1100,1100,7915,0,3,11.405101617457458,1.019482999254251,1077.7814210014185,2710.203916614024
1772924095,10,GET,/api/audio/latency,20.100000,0.000000,2,3,3,5,14,17,17,21,25,25,25,1189,0,2,5.596644107664904,1.019482999254251,1049.8971080014599,33.0
1772924095,10,GET,/api/audio/levels,20.100000,0.000000,3,4,8,10,14,18,23,27,44,44,44,1189,0,3,15.693671782208046,1.0474910013726912,1042.3050039971713,75.18671152228764
1772924095,10,GET,/api/audio/levels (during plugin swap),7.000000,0.000000,2,3,7,10,14,19,20,34,34,34,34,309,0,3,19.56207296121547,1.0600690002320334,1043.3466059985221,75.39805825242719
1772924095,10,GET,/api/audio/levels/plugins,7.000000,0.000000,2,2,2,3,6,11,13,15,15,15,15,309,0,2,3.7510266796814604,1.0502650002308656,44.615823000640376,19.006472491909385
1772924095,10,GET,/api/audio/status,14.600000,0.000000,2,2,2,3,4,15,19,24,26,26,26,856,0,2,4.088067370235519,1.0408470006950665,38.94885200134013,168.0
1772924095,10,GET,/api/chains/,0.900000,0.000000,2,2,4,5,15,15,15,15,15,15,15,226,0,4,22.817504544286145,1.318910999543732,1046.9668340010685,1448.2079646017698
1772924095,10,GET,/api/chains/{id},14.700000,0.000000,3,5,7,11,15,20,23,40,56,56,56,856,0,3,25.34425299418812,1.232815997354919,1060.8885399997234,491.45327102803736
1772924095,10,POST,/api/chains/{id}/activate,14.700000,0.000000,3,5,6,8,15,18,19,22,33,33,33,856,0,3,6.600020913593424,1.176151999970898,53.01547099952586,52.99065420560748
1772924095,10,POST,/api/chains/{id}/deactivate,14.500000,0.000000,2,2,2,3,5,8,13,15,18,18,18,856,0,2,5.23425187495343,1.1679430026561022,1043.6990130001504,61.620327102803735
1772924095,10,POST,/api/plugins/batch/parameters (500 updates),11.600000,0.000000,5,8,10,14,19,23,26,29,31,31,31,354,0,5,25.21603794930908,2.8468980017350987,1077.7814210014185,865.6779661016949
1772924095,10,GET,/api/plugins/discover,0.900000,0.000000,12,13,18,18,23,23,23,23,23,23,23,226,0,13,18.638597548697444,10.647496001183754,49.95209799744771,85406.06194690266
1772924095,10,GET,/api/plugins/list,0.900000,0.000000,2,3,3,12,15,15,15,15,15,15,15,226,0,2,9.572520650519147,1.081359001545934,1052.4289889981446,26.26991150442478
1772924095,10,POST,/api/plugins/load?uri,7.000000,0.000000,2,3,4,5,12,16,22,25,25,25,25,309,0,3,5.001960679606917,1.2962900000275113,27.558791000046767,2240.2912621359224
1772924095,10,POST,/api/plugins/unload?uri,7.000000,0.000000,2,2,2,3,6,10,12,12,12,12,12,309,0,2,3.7565313076043223,1.1768990007112734,37.93905999918934,107.89967637540452
1772924095,10,,Aggregated,141.000000,0.000000,2,3,5,7,13,17,21,24,44,56,56,8070,0,3,11.277256173379694,1.019482999254251,1077.7814210014185,2662.632837670384
1772924096,10,GET,/api/audio/latency,20.100000,0.000000,2,2,3,5,14,16,17,21,25,25,25,1195,0,2,5.579428138925814,1.019482999254251,1049.8971080014599,33.0
1772924096,10,GET,/api/audio/levels,20.100000,0.000000,3,4,8,9,14,17,21,23,44,44,44,1197,0,3,15.605839145395212,1.0474910013726912,1042.3050039971713,75.1829573934837
1772924096,10,GET,/api/audio/levels (during plugin swap),7.000000,0.000000,2,4,8,11,14,19,20,34,34,34,34,313,0,3,19.39024446011562,1.0600690002320334,1043.3466059985221,75.40894568690096
1772924096,10,GET,/api/audio/levels/plugins,7.000000,0.000000,2,2,2,3,6,13,15,19,19,19,19,312,0,2,3.7889171699484554,1.0502650002308656,44.615823000640376,19.0
1772924096,10,GET,/api/audio/status,14.600000,0.000000,2,2,3,3,5,15,21,24,26,26,26,860,0,2,4.082202474328792,1.0408470006950665,38.94885200134013,168.0
1772924096,10,GET,/api/chains/,0.900000,0.000000,2,2,4,5,15,15,15,15,15,15,15,226,0,4,22.817504544286145,1.318910999543732,1046.9668340010685,1448.2079646017698
1772924096,10,GET,/api/chains/{id},14.700000,0.000000,3,5,8,11,15,20,24,40,56,56,56,860,0,3,25.24916604072428,1.232815997354919,1060.8885399997234,491.293023255814
1772924096,10,POST,/api/chains/{id}/activate,14.700000,0.000000,4,5,7,8,15,18,21,22,33,33,33,860,0,3,6.597071579114505,1.176151999970898,53.01547099952586,52.99418604651163
1772924096,10,POST,/api/chains/{id}/deactivate,14.500000,0.000000,2,2,2,3,5,10,14,15,18,18,18,860,0,2,5.227591254608638,1.1679430026561022,1043.6990130001504,61.622093023255815
1772924096,10,POST,/api/plugins/batch/parameters (500 updates),11.600000,0.000000,5,7,10,14,20,23,26,29,31,31,31,359,0,5,25.01789366032829,2.8468980017350987,1077.7814210014185,865.4122562674095
1772924096,10,GET,/api/plugins/discover,0.900000,0.000000,12,13,18,18,23,23,23,23,23,23,23,226,0,13,18.638597548697444,10.647496001183754,49.95209799744771,85406.06194690266
1772924096,10,GET,/api/plugins/list,0.900000,0.000000,2,3,3,12,15,15,15,15,15,15,15,226,0,2,9.572520650519147,1.081359001545934,1052.4289889981446,26.26991150442478
1772924096,10,POST,/api/plugins/load?uri,7.000000,0.000000,2,3,4,5,14,16,20,25,25,25,25,313,0,3,5.039533980827412,1.2962900000275113,27.558791000046767,2228.5015974440894
1772924096,10,POST,/api/plugins/unload?uri,7.000000,0.000000,2,2,2,3,4,10,12,12,12,12,12,312,0,2,3.740568480924804,1.1768990007112734,37.93905999918934,107.82371794871794
1772924096,10,,Aggregated,141.000000,0.000000,2,3,5,7,14,17,21,24,44,56,56,8119,0,3,11.23924199805137,1.019482999254251,1077.7814210014185,2648.277989900234
1772924097,10,GET,/api/audio/latency,23.100000,0.000000,2,3,4,5,15,17,21,1100,1100,1100,1100,1209,0,2,7.34647179985915,1.019482999254251,1056.7140540006221,33.0
1772924097,10,GET,/api/audio/levels,23.100000,0.000000,3,4,8,10,15,19,940,1000,1100,1100,1100,1209,0,3,18.796423145599373,1.0474910013726912,1051.6193299990846,75.2258064516129
1772924097,10,GET,/api/audio/levels (during plugin swap),7.100000,0.000000,3,6,9,12,14,19,20,34,34,34,34,317,0,3,19.204851886481453,1.0600690002320334,1043.3466059985221,75.37854889589906
1772924097,10,GET,/api/audio/levels/plugins,7.100000,0.000000,2,2,3,3,11,15,19,1100,1100,1100,1100,317,0,2,7.165536681456934,1.0502650002308656,1059.6346329984954,19.04416403785489
1772924097,10,GET,/api/audio/status,15.600000,0.000000,2,2,3,3,6,15,21,24,26,26,26,870,0,2,4.073330116004619,1.0408470006950665,38.94885200134013,168.0
1772924097,10,GET,/api/chains/,0.900000,0.000000,3,4,5,5,15,15,15,15,15,15,15,227,0,4,22.728405775375908,1.318910999543732,1046.9668340010685,1448.2070484581498
1772924097,10,GET,/api/chains/{id},15.600000,0.000000,3,5,9,12,16,20,40,1000,1000,1000,1000,870,0,3,27.394639432205967,1.232815997354919,1060.8885399997234,491.58045977011494
1772924097,10,POST,/api/chains/{id}/activate,15.600000,0.000000,3,5,7,8,15,19,23,26,33,33,33,870,0,3,6.6015921391310215,1.176151999970898,53.01547099952586,52.98850574712644
1772924097,10,POST,/api/chains/{id}/deactivate,15.600000,0.000000,2,2,2,3,5,10,15,17,18,18,18,870,0,2,5.235035505690063,1.1679430026561022,1043.6990130001504,61.62643678160919
1772924097,10,POST,/api/plugins/batch/parameters (500 updates),11.900000,0.000000,5,7,10,13,21,23,31,930,930,930,930,369,0,5,27.04194229284324,2.8468980017350987,1077.7814210014185,865.7913279132791
1772924097,10,GET,/api/plugins/discover,0.900000,0.000000,13,18,18,18,23,23,23,23,23,23,23,227,0,13,18.609454022049402,10.647496001183754,49.95209799744771,85406.06167400882
1772924097,10,GET,/api/plugins/list,0.900000,0.000000,3,3,12,12,15,15,15,15,15,15,15,227,0,2,9.541345828274082,1.081359001545934,1052.4289889981446,26.255506607929515
1772924097,10,POST,/api/plugins/load?uri,7.100000,0.000000,2,3,5,6,14,16,20,25,25,25,25,317,0,3,5.026506876955999,1.2962900000275113,27.558791000046767,2227.160883280757
1772924097,10,POST,/api/plugins/unload?uri,7.100000,0.000000,2,2,3,3,7,11,12,19,19,19,19,317,0,2,3.7800322209618185,1.1768990007112734,37.93905999918934,107.84227129337539
1772924097,10,,Aggregated,151.600000,0.000000,2,4,5,7,14,18,23,32,1100,1100,1100,8216,0,3,12.410041626115657,1.019482999254251,1077.7814210014185,2630.9492453748785
1772924098,10,GET,/api/audio/latency,22.500000,0.000000,2,3,4,5,15,17,22,1100,1100,1100,1100,1242,0,2,7.267581650586399,1.019482999254251,1056.7140540006221,33.0
1772924098,10,GET,/api/audio/levels,22.700000,0.000000,3,5,8,11,16,21,940,1000,1100,1100,1100,1242,0,3,18.501734719024356,1.0474910013726912,1051.6193299990846,75.2085346215781
1772924098,10,GET,/api/audio/levels (during plugin swap),7.200000,0.000000,2,6,8,10,13,19,20,34,34,34,34,323,0,3,18.914871520181052,1.0600690002320334,1043.3466059985221,75.41486068111455
1772924098,10,GET,/api/audio/levels/plugins,7.100000,0.000000,2,2,3,3,11,15,19,1100,1100,1100,1100,323,0,2,7.072988504727895,1.0502650002308656,1059.6346329984954,19.071207430340557
1772924098,10,GET,/api/audio/status,15.700000,0.000000,2,2,3,3,7,16,21,24,26,26,26,883,0,2,4.0675049806614565,1.0408470006950665,38.94885200134013,168.0
1772924098,10,GET,/api/chains/,0.900000,0.000000,3,4,5,5,15,15,15,15,15,15,15,227,0,4,22.728405775375908,1.318910999543732,1046.9668340010685,1448.2070484581498
1772924098,10,GET,/api/chains/{id},15.700000,0.000000,3,5,9,12,17,23,40,1000,1000,1000,1000,883,0,3,27.106058518714082,1.232815997354919,1060.8885399997234,491.88788221970555
1772924098,10,POST,/api/chains/{id}/activate,15.700000,0.000000,4,5,7,10,16,19,26,33,37,37,37,883,0,3,6.644646436055825,1.1675890018523205,53.01547099952586,52.95016987542469
1772924098,10,POST,/api/chains/{id}/deactivate,15.700000,0.000000,2,2,3,3,8,11,15,17,18,18,18,883,0,2,5.21254508714835,1.1679430026561022,1043.6990130001504,61.63193657984145
1772924098,10,POST,/api/plugins/batch/parameters (500 updates),11.900000,0.000000,5,9,13,16,22,29,35,930,930,930,930,378,0,5,26.76750975147043,2.8468980017350987,1077.7814210014185,866.0793650793651
1772924098,10,GET,/api/plugins/discover,0.900000,0.000000,13,18,18,18,23,23,23,23,23,23,23,227,0,13,18.609454022049402,10.647496001183754,49.95209799744771,85406.06167400882
1772924098,10,GET,/api/plugins/list,0.900000,0.000000,3,3,12,12,15,15,15,15,15,15,15,227,0,2,9.541345828274082,1.081359001545934,1052.4289889981446,26.255506607929515
1772924098,10,POST,/api/plugins/load?uri,7.200000,0.000000,2,3,5,6,14,16,25,26,26,26,26,323,0,3,5.039014619185922,1.2962900000275113,27.558791000046767,2225.6965944272447
1772924098,10,POST,/api/plugins/unload?uri,7.100000,0.000000,2,2,3,3,7,12,19,31,31,31,31,323,0,2,3.824301445957157,1.1768990007112734,37.93905999918934,107.75851393188854
1772924098,10,,Aggregated,151.200000,0.000000,2,4,6,8,15,19,26,35,1100,1100,1100,8367,0,3,12.301455223637006,1.019482999254251,1077.7814210014185,2587.7535556352336
1772924099,10,GET,/api/audio/latency,21.300000,0.000000,2,3,5,7,16,20,25,1100,1100,1100,1100,1267,0,2,7.232412399390867,1.019482999254251,1056.7140540006221,33.0
1772924099,10,GET,/api/audio/levels,21.300000,0.000000,3,7,9,11,17,23,940,1000,1100,1100,1100,1267,0,3,18.293230098683537,1.0474910013726912,1051.6193299990846,75.22651933701657
1772924099,10,GET,/api/audio/levels (during plugin swap),6.900000,0.000000,2,6,8,9,13,19,25,34,34,34,34,329,0,3,18.692437769053132,1.0600690002320334,1043.3466059985221,75.41033434650456
1772924099,10,GET,/api/audio/levels/plugins,6.900000,0.000000,2,2,3,3,11,15,19,1100,1100,1100,1100,329,0,2,7.007927796447357,1.0502650002308656,1059.6346329984954,19.09726443768997
1772924099,10,GET,/api/audio/status,15.500000,0.000000,2,2,3,3,10,18,23,24,26,26,26,897,0,2,4.0927418304598255,1.0408470006950665,38.94885200134013,168.0
1772924099,10,GET,/api/chains/,0.900000,0.000000,3,4,4,5,5,5,5,5,5,5,5,227,0,4,22.728405775375908,1.318910999543732,1046.9668340010685,1448.2070484581498
1772924099,10,GET,/api/chains/{id},15.500000,0.000000,3,5,9,11,16,20,40,1000,1000,1000,1000,897,0,3,26.754918670038556,1.232815997354919,1060.8885399997234,491.43589743589746
1772924099,10,POST,/api/chains/{id}/activate,15.500000,0.000000,4,5,7,11,16,19,26,33,37,37,37,897,0,3,6.615357899707999,1.1675890018523205,53.01547099952586,52.97658862876254
1772924099,10,POST,/api/chains/{id}/deactivate,15.500000,0.000000,2,2,3,3,9,13,17,18,36,36,36,897,0,2,5.213289593031433,1.1679430026561022,1043.6990130001504,61.63768115942029
1772924099,10,POST,/api/plugins/batch/parameters (500 updates),10.800000,0.000000,5,9,13,17,22,27,35,930,930,930,930,392,0,5,26.14356542614717,2.8468980017350987,1077.7814210014185,866.3469387755102
1772924099,10,GET,/api/plugins/discover,0.900000,0.000000,13,18,18,23,23,23,23,23,23,23,23,227,0,13,18.609454022049402,10.647496001183754,49.95209799744771,85406.06167400882
1772924099,10,GET,/api/plugins/list,0.900000,0.000000,3,3,3,12,12,12,12,12,12,12,12,227,0,2,9.541345828274082,1.081359001545934,1052.4289889981446,26.255506607929515
1772924099,10,POST,/api/plugins/load?uri,6.900000,0.000000,2,3,4,5,14,16,22,26,26,26,26,329,0,3,5.045725230984677,1.2962900000275113,27.558791000046767,2208.936170212766
1772924099,10,POST,/api/plugins/unload?uri,6.900000,0.000000,2,2,2,3,4,10,19,31,31,31,31,329,0,2,3.789677194659446,1.1768990007112734,37.93905999918934,107.72948328267478
1772924099,10,,Aggregated,145.700000,0.000000,2,4,6,9,15,20,26,37,1100,1100,1100,8511,0,3,12.193838833058937,1.019482999254251,1077.7814210014185,2548.02126659617
1772924100,10,GET,/api/audio/latency,21.400000,0.000000,2,3,5,9,16,17,22,38,1100,1100,1100,1290,0,2,7.1935249465396325,1.019482999254251,1056.7140540006221,33.0
1772924100,10,GET,/api/audio/levels,21.400000,0.000000,3,7,9,11,17,21,35,970,1100,1100,1100,1290,0,3,18.088176233358134,1.0474910013726912,1051.6193299990846,75.22713178294573
1772924100,10,GET,/api/audio/levels (during plugin swap),7.000000,0.000000,3,7,8,10,15,20,25,34,34,34,34,333,0,3,18.58140223430109,1.0600690002320334,1043.3466059985221,75.42042042042043
1772924100,10,GET,/api/audio/levels/plugins,7.000000,0.000000,1,2,3,3,11,18,19,1100,1100,1100,1100,333,0,2,6.944537687774971,1.0502650002308656,1059.6346329984954,19.114114114114113
1772924100,10,GET,/api/audio/status,15.400000,0.000000,2,2,3,3,8,18,21,23,24,24,24,916,0,2,4.075225030483999,1.0408470006950665,38.94885200134013,168.0
1772924100,10,GET,/api/chains/,0.800000,0.000000,2,3,4,4,5,5,5,5,5,5,5,229,0,4,22.54591411358423,1.318910999543732,1046.9668340010685,1448.2052401746726
1772924100,10,GET,/api/chains/{id},15.300000,0.000000,3,5,7,10,16,23,40,1000,1000,1000,1000,916,0,3,26.328162335189777,1.232815997354919,1060.8885399997234,492.1528384279476
1772924100,10,POST,/api/chains/{id}/activate,15.300000,0.000000,4,5,7,11,16,19,26,33,37,37,37,916,0,3,6.615003683449344,1.1675890018523205,53.01547099952586,52.98580786026201
1772924100,10,POST,/api/chains/{id}/deactivate,15.500000,0.000000,2,2,2,3,9,14,18,25,36,36,36,916,0,2,5.1804645108660825,1.1679430026561022,1043.6990130001504,61.64519650655022
1772924100,10,POST,/api/plugins/batch/parameters (500 updates),10.300000,0.000000,5,9,15,19,22,27,35,930,930,930,930,399,0,5,25.857164431193755,2.8468980017350987,1077.7814210014185,866.092731829574
1772924100,10,GET,/api/plugins/discover,0.800000,0.000000,13,14,18,18,23,23,23,23,23,23,23,229,0,13,18.558489379935516,10.647496001183754,49.95209799744771,85406.06113537117
1772924100,10,GET,/api/plugins/list,0.800000,0.000000,2,3,3,3,12,12,12,12,12,12,12,229,0,2,9.471148952043501,1.081359001545934,1052.4289889981446,26.22707423580786
1772924100,10,POST,/api/plugins/load?uri,7.000000,0.000000,2,2,5,6,15,17,22,26,26,26,26,333,0,3,5.054168885863647,1.2962900000275113,27.558791000046767,2210.8888888888887
1772924100,10,POST,/api/plugins/unload?uri,7.000000,0.000000,1,2,2,3,7,12,19,31,31,31,31,333,0,2,3.7632708890204856,1.1768990007112734,37.93905999918934,107.75675675675676
1772924100,10,,Aggregated,145.000000,0.000000,2,4,6,9,16,20,26,37,1100,1100,1100,8662,0,3,12.076044997943463,1.019482999254251,1077.7814210014185,2527.6042484414684
1772924101,10,GET,/api/audio/latency,21.900000,0.000000,2,3,5,10,16,18,24,38,1100,1100,1100,1318,0,2,7.164898195776924,1.019482999254251,1056.7140540006221,33.0
1772924101,10,GET,/api/audio/levels,22.000000,0.000000,3,7,10,12,18,23,35,970,1100,1100,1100,1318,0,3,17.8746336760635,1.0474910013726912,1051.6193299990846,75.22913505311078
1772924101,10,GET,/api/audio/levels (during plugin swap),7.200000,0.000000,3,7,9,12,15,20,25,34,34,34,34,343,0,3,18.196763440275667,1.0600690002320334,1043.3466059985221,75.42565597667638
1772924101,10,GET,/api/audio/levels/plugins,7.200000,0.000000,2,2,3,3,13,19,25,1100,1100,1100,1100,343,0,2,6.862722912640549,1.0502650002308656,1059.6346329984954,19.11661807580175
1772924101,10,GET,/api/audio/status,14.300000,0.000000,2,2,3,4,12,20,23,24,48,48,48,928,0,2,4.138625415862407,1.0408470006950665,48.24911299874657,168.0
1772924101,10,GET,/api/chains/,0.500000,0.000000,2,3,3,4,4,4,4,4,4,4,4,229,0,4,22.54591411358423,1.318910999543732,1046.9668340010685,1448.2052401746726
1772924101,10,GET,/api/chains/{id},14.400000,0.000000,3,5,8,11,17,24,40,1000,1000,1000,1000,928,0,3,26.081739231722953,1.232815997354919,1060.8885399997234,492.79418103448273
1772924101,10,POST,/api/chains/{id}/activate,14.300000,0.000000,4,6,9,11,15,19,25,26,37,37,37,928,0,3,6.64464031037902,1.1675890018523205,53.01547099952586,52.94181034482759
1772924101,10,POST,/api/chains/{id}/deactivate,14.300000,0.000000,2,2,3,4,10,16,24,25,36,36,36,928,0,2,5.17941807752636,1.1679430026561022,1043.6990130001504,61.64978448275862
1772924101,10,POST,/api/plugins/batch/parameters (500 updates),10.700000,0.000000,6,12,16,18,22,27,35,930,930,930,930,412,0,5,25.404081784092817,2.8468980017350987,1077.7814210014185,866.2815533980582
1772924101,10,GET,/api/plugins/discover,0.500000,0.000000,13,14,14,23,23,23,23,23,23,23,23,229,0,13,18.558489379935516,10.647496001183754,49.95209799744771,85406.06113537117
1772924101,10,GET,/api/plugins/list,0.500000,0.000000,2,3,3,12,12,12,12,12,12,12,12,229,0,2,9.471148952043501,1.081359001545934,1052.4289889981446,26.22707423580786
1772924101,10,POST,/api/plugins/load?uri,7.200000,0.000000,2,3,5,6,16,22,22,26,26,26,26,343,0,3,5.069835058254944,1.2962900000275113,27.558791000046767,2210.938775510204
1772924101,10,POST,/api/plugins/unload?uri,7.200000,0.000000,1,2,2,2,4,10,19,31,31,31,31,343,0,2,3.725691384967802,1.1768990007112734,37.93905999918934,107.94169096209913
1772924101,10,,Aggregated,142.200000,0.000000,2,4,7,10,16,21,27,38,1100,1100,1100,8819,0,3,11.983204465152168,1.019482999254251,1077.7814210014185,2488.0994443814493
1772924102,10,GET,/api/audio/latency,21.700000,0.000000,2,4,5,9,15,19,24,38,1100,1100,1100,1339,0,2,7.121925213627699,1.019482999254251,1056.7140540006221,33.0
1772924102,10,GET,/api/audio/levels,21.700000,0.000000,3,7,11,13,18,23,35,970,1100,1100,1100,1339,0,3,17.68009858181951,1.0474910013726912,1051.6193299990846,75.22330097087378
1772924102,10,GET,/api/audio/levels (during plugin swap),6.500000,0.000000,4,7,9,11,19,20,34,34,34,34,34,346,0,3,18.07603655495537,1.0600690002320334,1043.3466059985221,75.44219653179191
1772924102,10,GET,/api/audio/levels/plugins,6.500000,0.000000,2,2,3,4,15,19,1100,1100,1100,1100,1100,346,0,2,6.860064878715172,1.0502650002308656,1059.6346329984954,19.147398843930635
1772924102,10,GET,/api/audio/status,14.800000,0.000000,2,2,3,4,12,20,23,24,48,48,48,952,0,2,4.1174543885598025,1.0408470006950665,48.24911299874657,168.0
1772924102,10,GET,/api/chains/,0.700000,0.000000,2,3,3,4,4,4,4,4,4,4,4,229,0,4,22.54591411358423,1.318910999543732,1046.9668340010685,1448.2052401746726
1772924102,10,GET,/api/chains/{id},14.800000,0.000000,3,5,9,11,16,24,40,1000,1000,1000,1000,952,0,3,25.57879024898437,1.232815997354919,1060.8885399997234,492.42331932773106
1772924102,10,POST,/api/chains/{id}/activate,14.800000,0.000000,4,5,9,11,15,19,25,26,37,37,37,952,0,3,6.608367464329657,1.1675890018523205,53.01547099952586,52.96218487394958
1772924102,10,POST,/api/chains/{id}/deactivate,14.800000,0.000000,2,2,3,5,10,16,25,25,36,36,36,952,0,2,5.1341758896433785,1.1679430026561022,1043.6990130001504,61.65861344537815
1772924102,10,POST,/api/plugins/batch/parameters (500 updates),10.600000,0.000000,6,11,15,18,21,27,35,930,930,930,930,425,0,5,24.855125677765017,2.8468980017350987,1077.7814210014185,866.4023529411764
1772924102,10,GET,/api/plugins/discover,0.700000,0.000000,13,14,14,23,23,23,23,23,23,23,23,229,0,13,18.558489379935516,10.647496001183754,49.95209799744771,85406.06113537117
1772924102,10,GET,/api/plugins/list,0.700000,0.000000,2,3,3,12,12,12,12,12,12,12,12,229,0,2,9.471148952043501,1.081359001545934,1052.4289889981446,26.22707423580786
1772924102,10,POST,/api/plugins/load?uri,6.500000,0.000000,2,3,6,14,16,22,26,26,26,26,26,346,0,3,5.085057893014198,1.2962900000275113,27.558791000046767,2206.2890173410406
1772924102,10,POST,/api/plugins/unload?uri,6.500000,0.000000,2,2,2,2,7,10,31,31,31,31,31,346,0,2,3.71187860416595,1.1768990007112734,37.93905999918934,107.89595375722543
1772924102,10,,Aggregated,141.300000,0.000000,3,4,7,10,16,21,28,38,1100,1100,1100,8982,0,3,11.854430758983149,1.019482999254251,1077.7814210014185,2447.12124248497
1772924103,10,GET,/api/audio/latency,22.500000,0.000000,2,4,5,9,16,21,38,1100,1100,1100,1100,1359,0,2,7.095742516584089,1.019482999254251,1056.7140540006221,33.0
1772924103,10,GET,/api/audio/levels,22.700000,0.000000,3,7,11,14,19,25,940,1000,1100,1100,1100,1359,0,3,17.51204515530202,1.0474910013726912,1051.6193299990846,75.22884473877852
1772924103,10,GET,/api/audio/levels (during plugin swap),6.700000,0.000000,4,8,10,12,19,25,33,33,33,33,33,353,0,3,17.97191435131289,1.0600690002320334,1043.3466059985221,75.46742209631728
1772924103,10,GET,/api/audio/levels/plugins,6.600000,0.000000,2,3,3,4,15,19,1100,1100,1100,1100,1100,353,0,2,6.771453473182387,1.0502650002308656,1059.6346329984954,19.11898016997167
1772924103,10,GET,/api/audio/status,14.300000,0.000000,2,2,3,4,12,20,23,26,48,48,48,969,0,2,4.132264825505898,1.0408470006950665,48.24911299874657,168.0
1772924103,10,GET,/api/chains/,0.500000,0.000000,2,2,3,3,17,17,17,17,17,17,17,232,0,4,22.339735706940825,1.318910999543732,1046.9668340010685,1448.2025862068965
1772924103,10,GET,/api/chains/{id},14.300000,0.000000,3,5,9,11,16,21,31,1000,1000,1000,1000,969,0,3,25.27764807226676,1.232815997354919,1060.8885399997234,492.7203302373581
1772924103,10,POST,/api/chains/{id}/activate,14.300000,0.000000,4,5,9,12,15,20,25,26,37,37,37,969,0,3,6.59307496288532,1.1675890018523205,53.01547099952586,52.95665634674923
1772924103,10,POST,/api/chains/{id}/deactivate,14.300000,0.000000,2,2,3,4,9,16,25,25,36,36,36,969,0,2,5.080629636683312,1.1679430026561022,1043.6990130001504,61.664602683178536
1772924103,10,POST,/api/plugins/batch/parameters (500 updates),10.100000,0.000000,6,11,15,17,21,26,33,35,930,930,930,440,0,5,24.295523675143407,2.8468980017350987,1077.7814210014185,866.5090909090909
1772924103,10,GET,/api/plugins/discover,0.500000,0.000000,14,18,21,21,23,23,23,23,23,23,23,232,0,13,18.537276189676803,10.647496001183754,49.95209799744771,85406.06034482758
1772924103,10,GET,/api/plugins/list,0.500000,0.000000,2,2,4,4,12,12,12,12,12,12,12,232,0,2,9.378659495770739,1.081359001545934,1052.4289889981446,26.185344827586206
1772924103,10,POST,/api/plugins/load?uri,6.600000,0.000000,3,4,6,14,16,22,26,26,26,26,26,353,0,3,5.115637402222512,1.2962900000275113,27.558791000046767,2196.481586402266
1772924103,10,POST,/api/plugins/unload?uri,6.600000,0.000000,2,2,2,3,7,10,31,31,31,31,31,353,0,2,3.6877272069141225,1.1768990007112734,37.93905999918934,107.88951841359773
1772924103,10,,Aggregated,140.500000,0.000000,3,4,7,10,17,21,28,38,1100,1100,1100,9142,0,3,11.752718390963267,1.019482999254251,1077.7814210014185,2437.404178516736
1772924104,10,GET,/api/audio/latency,22.300000,0.000000,2,3,5,9,16,20,25,39,1100,1100,1100,1390,0,2,7.026343900758921,1.019482999254251,1056.7140540006221,33.0
1772924104,10,GET,/api/audio/levels,22.300000,0.000000,3,8,12,14,19,24,35,970,1100,1100,1100,1390,0,3,17.265906388531235,1.0474910013726912,1051.6193299990846,75.21654676258993
1772924104,10,GET,/api/audio/levels (during plugin swap),6.200000,0.000000,4,7,9,11,16,25,33,33,33,33,33,357,0,3,17.803108574268105,1.0600690002320334,1043.3466059985221,75.43977591036415
1772924104,10,GET,/api/audio/levels/plugins,6.200000,0.000000,2,3,3,4,18,19,1100,1100,1100,1100,1100,357,0,2,6.757130333436366,1.0502650002308656,1059.6346329984954,19.134453781512605
1772924104,10,GET,/api/audio/status,14.400000,0.000000,2,2,3,3,12,20,23,26,48,48,48,982,0,2,4.1026246353516855,1.0408470006950665,48.24911299874657,168.0
1772924104,10,GET,/api/chains/,0.500000,0.000000,2,2,3,17,17,17,17,17,17,17,17,235,0,4,22.14183603833551,1.318910999543732,1046.9668340010685,1448.2
1772924104,10,GET,/api/chains/{id},14.400000,0.000000,3,6,10,11,17,21,31,1000,1000,1000,1000,982,0,3,24.99954200104366,1.232815997354919,1060.8885399997234,492.8075356415479
1772924104,10,POST,/api/chains/{id}/activate,14.400000,0.000000,4,5,8,11,15,20,25,26,37,37,37,982,0,3,6.542926814705617,1.1675890018523205,53.01547099952586,52.92260692464358
1772924104,10,POST,/api/chains/{id}/deactivate,14.400000,0.000000,2,2,3,3,10,16,25,25,36,36,36,982,0,2,5.0446438970894665,1.1679430026561022,1043.6990130001504,61.669042769857434
1772924104,10,POST,/api/plugins/batch/parameters (500 updates),10.200000,0.000000,6,11,16,18,21,27,33,35,930,930,930,453,0,5,23.915828258415853,2.8468980017350987,1077.7814210014185,866.5805739514349
1772924104,10,GET,/api/plugins/discover,0.500000,0.000000,18,19,21,22,23,23,23,23,23,23,23,235,0,13,18.528169319169855,10.647496001183754,49.95209799744771,85406.05957446809
1772924104,10,GET,/api/plugins/list,0.500000,0.000000,2,2,2,4,12,12,12,12,12,12,12,235,0,2,9.28123412775173,1.081359001545934,1052.4289889981446,26.14468085106383
1772924104,10,POST,/api/plugins/load?uri,6.200000,0.000000,2,3,6,14,16,22,26,26,26,26,26,357,0,3,5.079438560193924,1.2962900000275113,27.558791000046767,2193.355742296919
1772924104,10,POST,/api/plugins/unload?uri,6.200000,0.000000,2,2,2,3,7,17,31,31,31,31,31,357,0,2,3.705954493103919,1.1768990007112734,37.93905999918934,107.88795518207283
1772924104,10,,Aggregated,138.700000,0.000000,2,4,7,10,17,21,28,38,1100,1100,1100,9294,0,3,11.641957399205072,1.019482999254251,1077.7814210014185,2429.161394448031
1772924105,10,GET,/api/audio/latency,22.300000,0.000000,2,3,5,6,16,19,25,39,1100,1100,1100,1421,0,2,6.94761352994847,1.019482999254251,1056.7140540006221,33.0
1772924105,10,GET,/api/audio/levels,22.300000,0.000000,3,7,11,14,18,24,35,970,1100,1100,1100,1421,0,3,16.99586131108729,1.0474910013726912,1051.6193299990846,75.21393384940183
1772924105,10,GET,/api/audio/levels (during plugin swap),5.400000,0.000000,3,7,9,11,17,25,33,42,42,42,42,365,0,3,17.62678802195994,1.0600690002320334,1043.3466059985221,75.42191780821918
1772924105,10,GET,/api/audio/levels/plugins,5.400000,0.000000,2,2,3,3,15,18,25,1100,1100,1100,1100,365,0,2,6.695102556263358,1.0502650002308656,1059.6346329984954,19.12876712328767
1772924105,10,GET,/api/audio/status,14.500000,0.000000,2,2,3,3,10,20,23,26,48,48,48,993,0,2,4.073917408782003,1.0408470006950665,48.24911299874657,168.0
1772924105,10,GET,/api/chains/,0.800000,0.000000,2,2,3,17,17,17,17,17,17,17,17,235,0,4,22.14183603833551,1.318910999543732,1046.9668340010685,1448.2
1772924105,10,GET,/api/chains/{id},14.500000,0.000000,3,5,10,11,17,21,31,1000,1000,1000,1000,993,0,3,24.769318293080953,1.232815997354919,1060.8885399997234,493.2195367573011
1772924105,10,POST,/api/chains/{id}/activate,14.500000,0.000000,4,5,6,10,15,20,25,26,37,37,37,993,0,3,6.496113874163711,1.1675890018523205,53.01547099952586,52.95065458207452
1772924105,10,POST,/api/chains/{id}/deactivate,14.600000,0.000000,2,2,3,3,11,16,25,36,52,52,52,993,0,2,5.065094067413431,1.1679430026561022,1043.6990130001504,61.67270896273917
1772924105,10,POST,/api/plugins/batch/parameters (500 updates),10.700000,0.000000,5,9,14,16,21,27,33,35,930,930,930,465,0,5,23.410689916284266,2.8468980017350987,1077.7814210014185,866.5741935483871
1772924105,10,GET,/api/plugins/discover,0.800000,0.000000,14,18,19,21,22,22,22,22,22,22,22,235,0,13,18.528169319169855,10.647496001183754,49.95209799744771,85406.05957446809
1772924105,10,GET,/api/plugins/list,0.800000,0.000000,2,2,2,2,4,4,4,4,4,4,4,235,0,2,9.28123412775173,1.081359001545934,1052.4289889981446,26.14468085106383
1772924105,10,POST,/api/plugins/load?uri,5.400000,0.000000,2,3,6,7,16,22,22,26,26,26,26,365,0,3,5.093364128737299,1.2962900000275113,27.558791000046767,2203.3150684931506
1772924105,10,POST,/api/plugins/unload?uri,5.400000,0.000000,2,2,2,3,7,17,19,31,31,31,31,365,0,2,3.6923445589869917,1.1768990007112734,37.93905999918934,107.95616438356164
1772924105,10,,Aggregated,137.400000,0.000000,2,4,7,10,17,21,28,39,1100,1100,1100,9444,0,3,11.526268118300116,1.019482999254251,1077.7814210014185,2395.400360016942
