Timestamp,User Count,Type,Name,Requests/s,Failures/s,50%,66%,75%,80%,90%,95%,98%,99%,99.9%,99.99%,100%,Total Request Count,Total Failure Count,Total Median Response Time,Total Average Response Time,Total Min Response Time,Total Max Response Time,Total Average Content Size
1774610883,0,,Aggregated,0.000000,0.000000,N/A,N/A,N/A,N/A,N/A,N/A,N/A,N/A,N/A,N/A,N/A,0,0,0,0.0,0,0,0
1774610884,2,GET,/api/audio/levels (during plugin swap),0.000000,0.000000,0,0,0,0,0,0,0,0,0,0,0,1,0,2.1287479903548956,2.1287479903548956,2.1287479903548956,2.1287479903548956,86.0
1774610884,2,GET,/api/audio/levels/plugins,0.000000,0.000000,0,0,0,0,0,0,0,0,0,0,0,1,0,1.6689120093360543,1.6689120093360543,1.6689120093360543,1.6689120093360543,27.0
1774610884,2,GET,/api/audio/status,0.000000,0.000000,0,0,0,0,0,0,0,0,0,0,0,4,0,2,2.737882226938382,1.5430880011990666,4.426116938702762,303.0
1774610884,2,GET,/api/chains/,0.000000,0.000000,0,0,0,0,0,0,0,0,0,0,0,2,0,509.2907400103286,508.32826155237854,507.3657830944285,509.2907400103286,1479.0
1774610884,2,GET,/api/chains/{id},0.000000,0.000000,0,0,0,0,0,0,0,0,0,0,0,4,0,13,14.21903824666515,3.1507599633187056,21.10978204291314,808.25
1774610884,2,POST,/api/chains/{id}/activate,0.000000,0.000000,0,0,0,0,0,0,0,0,0,0,0,4,0,14,13.852900476194918,1.9132050219923258,23.38511194102466,47.5
1774610884,2,POST,/api/chains/{id}/deactivate,0.000000,0.000000,0,0,0,0,0,0,0,0,0,0,0,4,0,2,2.5911732227541506,1.7463619587942958,3.4314909717068076,62.0
1774610884,2,GET,/api/plugins/discover,0.000000,0.000000,0,0,0,0,0,0,0,0,0,0,0,2,0,31.40922205056995,35.60129355173558,31.40922205056995,39.79336505290121,89708.0
1774610884,2,GET,/api/plugins/list,0.000000,0.000000,0,0,0,0,0,0,0,0,0,0,0,2,0,7.055268040858209,7.702052011154592,7.055268040858209,8.348835981450975,52.0
1774610884,2,POST,/api/plugins/load?uri,0.000000,0.000000,0,0,0,0,0,0,0,0,0,0,0,1,0,2.0219110883772373,2.0219110883772373,2.0219110883772373,2.0219110883772373,894.0
1774610884,2,POST,/api/plugins/unload?uri,0.000000,0.000000,0,0,0,0,0,0,0,0,0,0,0,1,0,1.8739360384643078,1.8739360384643078,1.8739360384643078,1.8739360384643078,125.0
1774610884,2,,Aggregated,0.000000,0.000000,0,0,0,0,0,0,0,0,0,0,0,26,0,3,47.86771915566463,1.5430880011990666,509.2907400103286,7249.7307692307695
1774610885,4,GET,/api/audio/latency,0.000000,0.000000,0,0,0,0,0,0,0,0,0,0,0,3,0,18,18.46565632149577,3.2673620153218508,33.825834980234504,33.0
1774610885,4,GET,/api/audio/levels,0.000000,0.000000,0,0,0,0,0,0,0,0,0,0,0,3,0,10,10.802626687412461,4.461284028366208,18.01953907124698,81.66666666666667
1774610885,4,GET,/api/audio/levels (during plugin swap),0.000000,0.000000,0,0,0,0,0,0,0,0,0,0,0,3,0,4,9.6497080133607,2.1287479903548956,22.847546031698585,77.33333333333333
1774610885,4,GET,/api/audio/levels/plugins,0.000000,0.000000,0,0,0,0,0,0,0,0,0,0,0,3,0,2,6.405965657904744,1.6689120093360543,15.513090998865664,27.0
1774610885,4,GET,/api/audio/status,0.000000,0.000000,0,0,0,0,0,0,0,0,0,0,0,9,0,2,3.2126022916701107,1.4356919564306736,11.644358979538083,303.0
1774610885,4,GET,/api/chains/,0.000000,0.000000,0,0,0,0,0,0,0,0,0,0,0,6,0,17,179.89809551121047,8.762054960243404,509.2907400103286,1478.3333333333333
1774610885,4,GET,/api/chains/{id},0.000000,0.000000,0,0,0,0,0,0,0,0,0,0,0,9,0,3,8.160682226945129,1.897407928481698,21.10978204291314,798.3333333333334
1774610885,4,POST,/api/chains/{id}/activate,0.000000,0.000000,0,0,0,0,0,0,0,0,0,0,0,9,0,6,9.997900989320543,1.814914052374661,23.38511194102466,48.888888888888886
1774610885,4,POST,/api/chains/{id}/deactivate,0.000000,0.000000,0,0,0,0,0,0,0,0,0,0,0,9,0,3,5.867980097213553,1.7463619587942958,16.391493030823767,62.0
1774610885,4,GET,/api/plugins/discover,0.000000,0.000000,0,0,0,0,0,0,0,0,0,0,0,6,0,31,28.192931339920808,13.246592949144542,39.79336505290121,89708.0
1774610885,4,GET,/api/plugins/list,0.000000,0.000000,0,0,0,0,0,0,0,0,0,0,0,6,0,17,14.803211340525499,7.055268040858209,21.081362036056817,52.0
1774610885,4,POST,/api/plugins/load?uri,0.000000,0.000000,0,0,0,0,0,0,0,0,0,0,0,3,0,3,8.862465348405143,2.0219110883772373,21.126747014932334,1517.0
1774610885,4,POST,/api/plugins/unload?uri,0.000000,0.000000,0,0,0,0,0,0,0,0,0,0,0,3,0,1.904545002616942,1.8933273386210203,1.8739360384643078,1.904545002616942,121.33333333333333
1774610885,4,,Aggregated,0.000000,0.000000,7,16,18,20,23,37,510,510,510,510,510,72,0,7,24.316071773581726,1.4356919564306736,509.2907400103286,7832.111111111111
1774610886,6,GET,/api/audio/latency,0.000000,0.000000,18,18,21,21,21,21,21,21,21,21,21,4,0,18,19.197185727534816,3.2673620153218508,33.825834980234504,33.0
1774610886,6,GET,/api/audio/levels,0.000000,0.000000,10,10,1200,1200,1200,1200,1200,1200,1200,1200,1200,4,0,10,308.7477445078548,4.461284028366208,1202.5830979691818,82.75
1774610886,6,GET,/api/audio/levels (during plugin swap),0.000000,0.000000,4,4,4,4,4,4,4,4,4,4,4,3,0,4,9.6497080133607,2.1287479903548956,22.847546031698585,77.33333333333333
1774610886,6,GET,/api/audio/levels/plugins,0.000000,0.000000,2,2,2,2,2,2,2,2,2,2,2,3,0,2,6.405965657904744,1.6689120093360543,15.513090998865664,27.0
1774610886,6,GET,/api/audio/status,0.000000,0.000000,2,12,12,39,39,39,39,39,39,39,39,10,0,2,6.816612463444471,1.4356919564306736,39.25270400941372,303.0
1774610886,6,GET,/api/chains/,0.000000,0.000000,940,940,1300,1300,1300,1300,1300,1300,1300,1300,1300,9,0,510.0,474.2885693235116,8.762054960243404,1334.3316399259493,1478.2222222222222
1774610886,6,GET,/api/chains/{id},0.000000,0.000000,3,3,1300,1300,1300,1300,1300,1300,1300,1300,1300,11,0,7,240.98076319999316,1.897407928481698,1307.8627440845594,784.0909090909091
1774610886,6,POST,/api/chains/{id}/activate,0.000000,0.000000,6,6,23,23,23,23,23,23,23,23,23,11,0,14,12.380439449440349,1.814914052374661,23.38511194102466,48.63636363636363
1774610886,6,POST,/api/chains/{id}/deactivate,0.000000,0.000000,15,15,16,16,16,16,16,16,16,16,16,9,0,3,5.867980097213553,1.7463619587942958,16.391493030823767,62.0
1774610886,6,GET,/api/plugins/discover,0.000000,0.000000,33,33,44,44,44,44,44,44,44,44,44,8,0,33,30.804738751612604,13.246592949144542,43.89657196588814,89708.0
1774610886,6,GET,/api/plugins/list,0.000000,0.000000,24,24,36,36,36,36,36,36,36,36,36,9,0,18,19.14513867814094,7.055268040858209,36.42074600793421,52.0
1774610886,6,POST,/api/plugins/load?uri,0.000000,0.000000,3,3,3,3,3,3,3,3,3,3,3,3,0,3,8.862465348405143,2.0219110883772373,21.126747014932334,1517.0
1774610886,6,POST,/api/plugins/unload?uri,0.000000,0.000000,2,2,2,2,2,2,2,2,2,2,2,3,0,1.904545002616942,1.8933273386210203,1.8739360384643078,1.904545002616942,121.33333333333333
1774610886,6,,Aggregated,0.000000,0.000000,13,20,23,24,44,940,1300,1300,1300,1300,1300,87,0,13,103.30467329537174,1.4356919564306736,1334.3316399259493,8619.252873563219
1774610887,8,GET,/api/audio/latency,0.500000,0.000000,18,21,25,25,26,150,150,150,150,150,150,12,0,18,25.270910235121846,1.4955800725147128,149.73187702707946,33.0
1774610887,8,GET,/api/audio/levels,0.500000,0.000000,14,32,130,130,170,1200,1200,1200,1200,1200,1200,13,0,14,125.11374093054866,1.8740299856290221,1202.5830979691818,78.0
1774610887,8,GET,/api/audio/levels (during plugin swap),1.000000,0.000000,3,3,4,4,4,4,4,4,4,4,4,5,0,3,6.672259583137929,1.6940379282459617,22.847546031698585,78.2
1774610887,8,GET,/api/audio/levels/plugins,1.000000,0.000000,3,3,4,4,4,4,4,4,4,4,4,5,0,3,5.3185726050287485,1.6689120093360543,15.513090998865664,24.4
1774610887,8,GET,/api/audio/status,2.500000,0.000000,6,15,15,20,50,50,50,50,50,50,50,22,0,4,11.330155433494259,1.4356919564306736,49.90212002303451,303.0
1774610887,8,GET,/api/chains/,2.500000,0.000000,28,32,46,920,940,1300,1300,1300,1300,1300,1300,18,0,20,248.0908764927234,2.3184920428320765,1334.3316399259493,1478.3333333333333
1774610887,8,GET,/api/chains/{id},2.500000,0.000000,9,20,33,140,1300,1300,1300,1300,1300,1300,1300,24,0,9,127.38118146565587,1.897407928481698,1307.8627440845594,786.2916666666666
1774610887,8,POST,/api/chains/{id}/activate,2.500000,0.000000,16,23,26,29,40,200,200,200,200,200,200,24,0,16,22.913903614001658,1.814914052374661,197.71112804301083,52.708333333333336
1774610887,8,POST,/api/chains/{id}/deactivate,2.500000,0.000000,15,22,26,26,39,90,90,90,90,90,90,22,0,7,15.339787313926287,1.7463619587942958,90.37421003449708,60.86363636363637
1774610887,8,GET,/api/plugins/discover,2.500000,0.000000,40,44,170,180,180,180,180,180,180,180,180,18,0,36,63.45713026692263,12.869994970969856,184.70237508881837,89708.0
1774610887,8,GET,/api/plugins/list,2.500000,0.000000,23,26,36,190,190,190,190,190,190,190,190,18,0,17,45.182599291567584,1.5024760505184531,192.28089693933725,52.0
1774610887,8,POST,/api/plugins/load?uri,1.000000,0.000000,3,3,5,5,5,5,5,5,5,5,5,5,0,3,6.850625411607325,2.0219110883772373,21.126747014932334,1547.4
1774610887,8,POST,/api/plugins/unload?uri,1.000000,0.000000,3,3,8,8,8,8,8,8,8,8,8,5,0,2,3.366368403658271,1.8739360384643078,7.8070759773254395,126.2
1774610887,8,,Aggregated,22.500000,0.000000,14,21,27,34,140,190,1200,1300,1300,1300,1300,191,0,14,66.2604208178672,1.4356919564306736,1334.3316399259493,8799.59162303665
1774610888,10,GET,/api/audio/latency,1.000000,0.000000,18,21,25,26,150,160,160,160,160,160,160,24,0,18,35.106774996772096,1.4881830429658294,162.2672559460625,33.0
1774610888,10,GET,/api/audio/levels,1.000000,0.000000,15,35,56,77,130,170,1200,1200,1200,1200,1200,24,0,15,81.52026691823266,1.6551590524613857,1202.5830979691818,78.95833333333333
1774610888,10,GET,/api/audio/levels (during plugin swap),1.000000,0.000000,6,7,9,9,98,98,98,98,98,98,98,10,0,4,15.437265776563436,1.6224558930844069,97.66185795888305,78.2
1774610888,10,GET,/api/audio/levels/plugins,1.000000,0.000000,5,14,14,14,14,14,14,14,14,14,14,9,0,5,8.154481571788589,1.6689120093360543,15.513090998865664,22.666666666666668
1774610888,10,GET,/api/audio/status,3.000000,0.000000,12,17,20,35,50,50,170,170,170,170,170,33,0,8,17.484794769464344,1.4356919564306736,166.67349892668426,303.3939393939394
1774610888,10,GET,/api/chains/,2.000000,0.000000,17,28,46,78,920,940,1300,1300,1300,1300,1300,33,0,17,149.5343138372074,2.3184920428320765,1334.3316399259493,1478.2424242424242
1774610888,10,GET,/api/chains/{id},3.000000,0.000000,12,20,33,43,140,1300,1300,1300,1300,1300,1300,33,0,12,98.15676488109271,1.897407928481698,1307.8627440845594,789.5757575757576
1774610888,10,POST,/api/chains/{id}/activate,3.000000,0.000000,20,26,36,38,63,150,200,200,200,200,200,33,0,18,27.940641869931962,1.814914052374661,197.71112804301083,52.42424242424242
1774610888,10,POST,/api/chains/{id}/deactivate,3.000000,0.000000,15,25,27,34,39,52,90,90,90,90,90,32,0,11,17.50371852540411,1.7463619587942958,90.37421003449708,61.21875
1774610888,10,POST,/api/plugins/batch/parameters (500 updates),0.000000,0.000000,0,0,0,0,0,0,0,0,0,0,0,1,0,4.706815001554787,4.706815001554787,4.706815001554787,4.706815001554787,852.0
1774610888,10,GET,/api/plugins/discover,2.000000,0.000000,36,44,44,88,180,180,180,180,180,180,180,30,0,36,53.56267725195115,12.869994970969856,184.70237508881837,89708.0
1774610888,10,GET,/api/plugins/list,2.000000,0.000000,18,24,44,150,190,190,190,190,190,190,190,32,0,17,44.75753416045336,1.5024760505184531,192.28089693933725,61.5
1774610888,10,POST,/api/plugins/load?uri,1.000000,0.000000,5,10,21,21,95,95,95,95,95,95,95,10,0,3,16.604842722881585,2.0219110883772373,94.73549504764378,2764.0
1774610888,10,POST,/api/plugins/unload?uri,1.000000,0.000000,8,10,15,15,19,19,19,19,19,19,19,9,0,7,7.486364558442599,1.8739360384643078,18.799023935571313,129.0
1774610888,10,,Aggregated,24.000000,0.000000,16,22,32,36,97,170,510,1200,1300,1300,1300,313,0,16,52.833961442294424,1.4356919564306736,1334.3316399259493,8993.843450479233
1774610889,10,GET,/api/audio/latency,1.000000,0.000000,18,21,31,37,150,160,160,160,160,160,160,41,0,18,33.272069915788386,1.416733954101801,162.2672559460625,33.0
1774610889,10,GET,/api/audio/levels,1.000000,0.000000,13,35,56,66,100,130,1200,1200,1200,1200,1200,42,0,13,60.908463980359514,1.4831600710749626,1202.5830979691818,77.95238095238095
1774610889,10,GET,/api/audio/levels (during plugin swap),0.750000,0.000000,7,9,27,98,120,120,120,120,120,120,120,12,0,6,25.344281816311803,1.6224558930844069,122.7956609800458,77.33333333333333
1774610889,10,GET,/api/audio/levels/plugins,0.750000,0.000000,13,14,14,14,120,120,120,120,120,120,120,11,0,13,18.942184291187335,1.6689120093360543,121.54972308780998,22.272727272727273
1774610889,10,GET,/api/audio/status,2.750000,0.000000,12,18,35,38,50,170,180,180,180,180,180,45,0,8,20.919216077567803,1.4356919564306736,176.5937969321385,303.5777777777778
1774610889,10,GET,/api/chains/,3.250000,0.000000,17,28,46,69,140,940,1300,1300,1300,1300,1300,37,0,17,136.56058850559734,2.3184920428320765,1334.3316399259493,1478.2162162162163
1774610889,10,GET,/api/chains/{id},2.750000,0.000000,12,20,37,51,140,1300,1300,1300,1300,1300,1300,45,0,12,82.18940362955134,1.897407928481698,1307.8627440845594,782.7555555555556
1774610889,10,POST,/api/chains/{id}/activate,2.750000,0.000000,20,29,36,40,150,200,220,220,220,220,220,45,0,19,34.986255928460096,1.814914052374661,215.44775099027902,52.22222222222222
1774610889,10,POST,/api/chains/{id}/deactivate,2.750000,0.000000,14,19,26,33,39,52,90,90,90,90,90,44,0,12,16.52518841067583,1.7463619587942958,90.37421003449708,61.43181818181818
1774610889,10,POST,/api/plugins/batch/parameters (500 updates),0.000000,0.000000,0,0,0,0,0,0,0,0,0,0,0,6,0,27,83.77179567469284,4.706815001554787,203.6518930690363,882.5
1774610889,10,GET,/api/plugins/discover,2.250000,0.000000,36,44,44,53,170,180,180,180,180,180,180,36,0,36,51.22578371083364,12.869994970969856,184.70237508881837,89708.0
1774610889,10,GET,/api/plugins/list,2.500000,0.000000,19,36,110,150,160,190,190,190,190,190,190,37,0,18,47.50758937773974,1.5024760505184531,192.28089693933725,62.972972972972975
1774610889,10,POST,/api/plugins/load?uri,0.750000,0.000000,6,10,21,23,95,95,95,95,95,95,95,12,0,5,16.285765760888655,2.0219110883772373,94.73549504764378,2977.8333333333335
1774610889,10,POST,/api/plugins/unload?uri,0.750000,0.000000,8,10,15,19,23,23,23,23,23,23,23,11,0,7,8.562153903767467,1.8739360384643078,23.21489795576781,129.1818181818182
1774610889,10,,Aggregated,24.000000,0.000000,16,24,35,40,120,160,220,940,1300,1300,1300,424,0,16,49.11103280138154,1.416733954101801,1334.3316399259493,7992.2169811320755
1774610890,10,GET,/api/audio/latency,3.000000,0.000000,7,18,21,26,97,150,160,160,160,160,160,63,0,7,25.92663602193906,1.416733954101801,162.2672559460625,33.0
1774610890,10,GET,/api/audio/levels,3.000000,0.000000,10,17,32,46,99,130,170,1200,1200,1200,1200,63,0,10,45.19262923009043,1.4831600710749626,1202.5830979691818,77.33333333333333
1774610890,10,GET,/api/audio/levels (during plugin swap),1.000000,0.000000,6,9,18,27,98,120,120,120,120,120,120,17,0,6,20.295912817613605,1.4950829790905118,122.7956609800458,76.05882352941177
1774610890,10,GET,/api/audio/levels/plugins,1.000000,0.000000,6,14,14,14,30,120,120,120,120,120,120,15,0,6,16.4948262895147,1.4111860655248165,121.54972308780998,21.8
1774610890,10,GET,/api/audio/status,5.800000,0.000000,8,15,20,35,39,50,170,180,180,180,180,56,0,6,18.52680617178391,1.4356919564306736,176.5937969321385,303.4642857142857
1774610890,10,GET,/api/chains/,4.600000,0.000000,17,25,32,69,140,940,1300,1300,1300,1300,1300,40,0,17,127.32501364371274,2.3184920428320765,1334.3316399259493,1478.2
1774610890,10,GET,/api/chains/{id},5.800000,0.000000,9,20,33,43,130,150,1300,1300,1300,1300,1300,57,0,9,68.75548485192682,1.897407928481698,1307.8627440845594,791.1578947368421
1774610890,10,POST,/api/chains/{id}/activate,5.800000,0.000000,19,23,29,34,63,150,200,220,220,220,220,57,0,18,29.962842714188522,1.7824969254434109,215.44775099027902,52.54385964912281
1774610890,10,POST,/api/chains/{id}/deactivate,5.600000,0.000000,12,18,22,26,35,43,90,90,90,90,90,54,0,10,14.968160225112957,1.7259259475395083,90.37421003449708,61.53703703703704
1774610890,10,POST,/api/plugins/batch/parameters (500 updates),0.000000,0.000000,27,96,160,160,200,200,200,200,200,200,200,9,0,17,60.34414346019427,4.706815001554787,203.6518930690363,881.8888888888889
1774610890,10,GET,/api/plugins/discover,4.400000,0.000000,36,44,44,62,170,180,180,180,180,180,180,40,0,36,51.78222156537231,12.869994970969856,184.70237508881837,89708.0
1774610890,10,GET,/api/plugins/list,4.600000,0.000000,18,26,44,150,160,190,190,190,190,190,190,40,0,17,44.49537857435644,1.5024760505184531,192.28089693933725,62.15
1774610890,10,POST,/api/plugins/load?uri,1.000000,0.000000,5,10,11,21,23,95,95,95,95,95,95,16,0,5,13.610081070510205,1.8862769939005375,94.73549504764378,2693.6875
1774610890,10,POST,/api/plugins/unload?uri,1.000000,0.000000,7,10,13,15,19,23,23,23,23,23,23,15,0,4,7.516255454781155,1.7856339691206813,23.21489795576781,126.8
1774610890,10,,Aggregated,46.600000,0.000000,13,20,28,35,96,150,200,920,1300,1300,1300,542,0,13,41.26088572618796,1.4111860655248165,1334.3316399259493,6973.8948339483395
1774610891,10,GET,/api/audio/latency,4.166667,0.000000,11,21,26,32,150,160,170,170,170,170,170,75,0,11,32.24098135406772,1.416733954101801,169.98980299104005,33.0
1774610891,10,GET,/api/audio/levels,4.166667,0.000000,13,22,37,66,100,130,170,1200,1200,1200,1200,75,0,13,45.81485440954566,1.4831600710749626,1202.5830979691818,77.50666666666666
1774610891,10,GET,/api/audio/levels (during plugin swap),1.833333,0.000000,9,27,77,98,110,120,120,120,120,120,120,23,0,9,35.211255905501865,1.4950829790905118,124.4387699989602,75.82608695652173
1774610891,10,GET,/api/audio/levels/plugins,1.833333,0.000000,7,14,14,19,30,120,150,150,150,150,150,23,0,7,20.40528518188259,1.4111860655248165,145.51379310432822,21.347826086956523
1774610891,10,GET,/api/audio/status,5.500000,0.000000,12,17,26,36,43,50,170,180,180,180,180,71,0,11,20.430616411367353,1.4296049484983087,176.5937969321385,303.36619718309856
1774610891,10,GET,/api/chains/,5.500000,0.000000,17,28,46,69,170,940,1300,1300,1300,1300,1300,43,0,17,124.23374631907791,2.3184920428320765,1334.3316399259493,1478.1860465116279
1774610891,10,GET,/api/chains/{id},5.666667,0.000000,12,33,51,56,140,160,1300,1300,1300,1300,1300,71,0,12,67.68853654166762,1.897407928481698,1307.8627440845594,792.0
1774610891,10,POST,/api/chains/{id}/activate,5.500000,0.000000,20,24,34,40,150,170,200,220,220,220,220,71,0,20,35.257459359086106,1.7518849344924092,215.44775099027902,52.95774647887324
1774610891,10,POST,/api/chains/{id}/deactivate,5.500000,0.000000,12,15,22,26,39,52,140,150,150,150,150,71,0,10,17.95990792149022,1.7259259475395083,145.95677005127072,61.647887323943664
1774610891,10,POST,/api/plugins/batch/parameters (500 updates),0.166667,0.000000,25,27,96,160,200,200,200,200,200,200,200,11,0,17,52.83391846089878,4.706815001554787,203.6518930690363,884.0909090909091
1774610891,10,GET,/api/plugins/discover,5.500000,0.000000,36,44,44,53,170,180,180,180,180,180,180,43,0,36,50.75032643291579,12.869994970969856,184.70237508881837,89708.0
1774610891,10,GET,/api/plugins/list,5.500000,0.000000,19,26,44,150,160,190,190,190,190,190,190,43,0,18,46.270187418951195,1.5024760505184531,192.28089693933725,61.44186046511628
1774610891,10,POST,/api/plugins/load?uri,1.833333,0.000000,9,11,23,24,140,160,170,170,170,170,170,23,0,9,32.01674083855165,1.8862769939005375,169.8079010238871,2301.0
1774610891,10,POST,/api/plugins/unload?uri,1.833333,0.000000,7,10,10,11,15,19,23,23,23,23,23,23,0,6,7.225467459015224,1.7856339691206813,23.21489795576781,126.65217391304348
1774610891,10,,Aggregated,54.500000,0.000000,14,23,33,40,120,160,190,510,1300,1300,1300,666,0,14,42.29119841611382,1.4111860655248165,1334.3316399259493,6134.594594594595
1774610892,10,GET,/api/audio/latency,6.428571,0.000000,12,21,25,32,140,160,170,170,170,170,170,95,0,12,30.435583784588072,1.416733954101801,169.98980299104005,33.0
1774610892,10,GET,/api/audio/levels,6.428571,0.000000,13,21,35,59,100,130,170,1200,1200,1200,1200,95,0,13,41.958967120827815,1.4831600710749626,1202.5830979691818,77.51578947368421
1774610892,10,GET,/api/audio/levels (during plugin swap),1.857143,0.000000,13,27,77,98,110,120,120,120,120,120,120,26,0,9,33.10157714608627,1.4950829790905118,124.4387699989602,75.5
1774610892,10,GET,/api/audio/levels/plugins,1.857143,0.000000,7,13,14,19,30,120,150,150,150,150,150,26,0,6,18.79269232113774,1.4111860655248165,145.51379310432822,21.0
1774610892,10,GET,/api/audio/status,6.857143,0.000000,9,15,19,26,41,50,170,180,180,180,180,83,0,7,18.014482472159237,1.4296049484983087,176.5937969321385,303.31325301204816
1774610892,10,GET,/api/chains/,5.571429,0.000000,17,25,32,55,140,920,1300,1300,1300,1300,1300,46,0,17,116.91775377941035,2.3184920428320765,1334.3316399259493,1478.2173913043478
1774610892,10,GET,/api/chains/{id},6.857143,0.000000,12,29,51,64,140,150,1300,1300,1300,1300,1300,87,0,12,62.22898503979561,1.897407928481698,1307.8627440845594,799.0689655172414
1774610892,10,POST,/api/chains/{id}/activate,6.857143,0.000000,19,23,29,40,75,160,200,220,220,220,220,86,0,19,32.77073750748884,1.7518849344924092,215.44775099027902,53.895348837209305
1774610892,10,POST,/api/chains/{id}/deactivate,6.714286,0.000000,9,13,18,25,37,52,140,150,150,150,150,83,0,9,15.773037308266005,1.7259259475395083,145.95677005127072,61.397590361445786
1774610892,10,POST,/api/plugins/batch/parameters (500 updates),1.000000,0.000000,15,27,48,95,160,200,200,200,200,200,200,18,0,14,43.503703349011225,4.706815001554787,203.6518930690363,883.7777777777778
1774610892,10,GET,/api/plugins/discover,5.428571,0.000000,36,43,44,44,150,180,180,180,180,180,180,46,0,36,49.37136862376381,12.869994970969856,184.70237508881837,89708.0
1774610892,10,GET,/api/plugins/list,5.571429,0.000000,18,24,40,110,160,190,190,190,190,190,190,46,0,17,43.50601471758083,1.5024760505184531,192.28089693933725,63.02173913043478
1774610892,10,POST,/api/plugins/load?uri,1.857143,0.000000,10,19,24,24,140,160,170,170,170,170,170,26,0,10,30.487391703690474,1.8862769939005375,169.8079010238871,2189.653846153846
1774610892,10,POST,/api/plugins/unload?uri,1.857143,0.000000,6,8,10,11,15,19,23,23,23,23,23,26,0,4,6.797001329967036,1.7856339691206813,23.21489795576781,126.3076923076923
1774610892,10,,Aggregated,65.142857,0.000000,13,21,30,38,100,150,180,510,1300,1300,1300,789,0,13,38.86735081718113,1.4111860655248165,1334.3316399259493,5565.2991128010135
1774610893,10,GET,/api/audio/latency,8.125000,0.000000,11,21,26,37,150,160,160,170,170,170,170,109,0,11,32.91538510356235,1.416733954101801,169.98980299104005,33.0
1774610893,10,GET,/api/audio/levels,8.125000,0.000000,14,24,46,76,110,140,170,180,1200,1200,1200,109,0,14,44.204530919209944,1.4831600710749626,1202.5830979691818,77.65137614678899
1774610893,10,GET,/api/audio/levels (during plugin swap),2.375000,0.000000,14,38,98,100,120,120,170,170,170,170,170,30,0,14,39.45626716207092,1.4950829790905118,169.4003070006147,75.6
1774610893,10,GET,/api/audio/levels/plugins,2.375000,0.000000,10,14,19,20,30,120,150,150,150,150,150,30,0,7,18.328850708591442,1.4111860655248165,145.51379310432822,20.933333333333334
1774610893,10,GET,/api/audio/status,7.250000,0.000000,10,17,20,26,43,110,170,180,180,180,180,99,0,9,20.135979304522877,1.4296049484983087,176.5937969321385,303.3939393939394
1774610893,10,GET,/api/chains/,5.000000,0.000000,17,25,46,69,140,920,1300,1300,1300,1300,1300,47,0,17,116.07581365635579,2.3184920428320765,1334.3316399259493,1478.212765957447
1774610893,10,GET,/api/chains/{id},7.250000,0.000000,12,29,52,69,140,160,1300,1300,1300,1300,1300,99,0,12,59.572830397607476,1.897407928481698,1307.8627440845594,798.4040404040404
1774610893,10,POST,/api/chains/{id}/activate,7.250000,0.000000,19,24,36,40,150,170,200,220,220,220,220,99,0,19,37.18574503742422,1.7518849344924092,215.44775099027902,53.686868686868685
1774610893,10,POST,/api/chains/{id}/deactivate,7.250000,0.000000,10,15,19,21,35,43,140,150,150,150,150,99,0,9,15.489255615528862,1.7259259475395083,145.95677005127072,61.24242424242424
1774610893,10,POST,/api/plugins/batch/parameters (500 updates),1.125000,0.000000,22,25,36,48,96,160,200,200,200,200,200,22,0,17,40.32705819488249,4.706815001554787,203.6518930690363,886.2272727272727
1774610893,10,GET,/api/plugins/discover,5.000000,0.000000,36,42,44,44,150,180,180,180,180,180,180,47,0,36,48.821890057916654,12.869994970969856,184.70237508881837,89708.0
1774610893,10,GET,/api/plugins/list,5.000000,0.000000,18,24,40,110,160,190,190,190,190,190,190,47,0,17,42.75615378580195,1.5024760505184531,192.28089693933725,62.787234042553195
1774610893,10,POST,/api/plugins/load?uri,2.375000,0.000000,14,23,95,140,160,160,170,170,170,170,170,30,0,11,42.526740316922464,1.8862769939005375,169.8079010238871,2216.5
1774610893,10,POST,/api/plugins/unload?uri,2.375000,0.000000,7,10,13,13,19,19,23,23,23,23,23,30,0,5,7.578866047939907,1.7856339691206813,23.21489795576781,124.93333333333334
1774610893,10,,Aggregated,70.875000,0.000000,14,21,30,40,120,160,180,220,1300,1300,1300,897,0,14,39.46010744870913,1.4111860655248165,1334.3316399259493,5032.169453734671
1774610894,10,GET,/api/audio/latency,8.777778,0.000000,11,21,25,27,140,160,160,170,170,170,170,132,0,11,29.501002444180124,1.416733954101801,169.98980299104005,33.0
1774610894,10,GET,/api/audio/levels,8.888889,0.000000,13,24,46,76,110,130,170,180,1200,1200,1200,132,0,13,42.44758412206659,1.4831600710749626,1202.5830979691818,77.72727272727273
1774610894,10,GET,/api/audio/levels (during plugin swap),2.777778,0.000000,14,27,77,98,110,120,170,170,170,170,170,34,0,13,35.672563292524394,1.4950829790905118,169.4003070006147,75.29411764705883
1774610894,10,GET,/api/audio/levels/plugins,2.777778,0.000000,6,14,18,19,30,120,150,150,150,150,150,34,0,5,16.389319567037198,1.4111860655248165,145.51379310432822,20.88235294117647
1774610894,10,GET,/api/audio/status,7.888889,0.000000,10,17,20,22,41,100,140,170,180,180,180,110,0,8,19.001807291484013,1.4234239934012294,176.5937969321385,303.3545454545455
1774610894,10,GET,/api/chains/,4.888889,0.000000,16,24,28,55,140,920,1300,1300,1300,1300,1300,55,0,17,100.48084694214843,1.985507900826633,1334.3316399259493,1478.2545454545455
1774610894,10,GET,/api/chains/{id},7.888889,0.000000,11,28,52,74,140,150,180,1300,1300,1300,1300,110,0,11,57.16472849122841,1.897407928481698,1307.8627440845594,795.3818181818182
1774610894,10,POST,/api/chains/{id}/activate,7.888889,0.000000,19,23,29,40,150,170,190,200,220,220,220,110,0,19,35.12269332475791,1.7518849344924092,215.44775099027902,53.63636363636363
1774610894,10,POST,/api/chains/{id}/deactivate,7.888889,0.000000,10,14,18,21,34,41,90,140,150,150,150,107,0,9,14.83507957048366,1.7259259475395083,145.95677005127072,61.299065420560744
1774610894,10,POST,/api/plugins/batch/parameters (500 updates),1.333333,0.000000,22,25,27,48,96,160,200,200,200,200,200,26,0,20,37.035514972208496,4.706815001554787,203.6518930690363,886.0769230769231
1774610894,10,GET,/api/plugins/discover,4.777778,0.000000,35,41,44,44,150,180,180,180,180,180,180,55,0,35,45.620702012357384,12.869994970969856,184.70237508881837,89708.0
1774610894,10,GET,/api/plugins/list,4.888889,0.000000,15,23,26,44,160,190,190,190,190,190,190,55,0,15,37.45756263590672,1.5024760505184531,192.28089693933725,61.21818181818182
1774610894,10,POST,/api/plugins/load?uri,2.777778,0.000000,10,22,24,95,150,160,170,170,170,170,170,34,0,10,37.853272953618536,1.8862769939005375,169.8079010238871,2204.3823529411766
1774610894,10,POST,/api/plugins/unload?uri,2.777778,0.000000,5,10,11,13,15,19,23,23,23,23,23,34,0,4,6.910272808882462,1.781477010808885,23.21489795576781,125.02941176470588
1774610894,10,,Aggregated,76.222222,0.000000,13,21,28,38,100,150,180,190,1300,1300,1300,1028,0,13,36.65089615029989,1.4111860655248165,1334.3316399259493,5128.458171206225
1774610895,10,GET,/api/audio/latency,9.500000,0.000000,13,21,25,30,150,160,160,170,170,170,170,144,0,13,30.936945823971957,1.416733954101801,169.98980299104005,33.0
1774610895,10,GET,/api/audio/levels,9.500000,0.000000,14,25,66,92,120,150,180,180,1200,1200,1200,144,0,14,45.31870424317377,1.4831600710749626,1202.5830979691818,77.51388888888889
1774610895,10,GET,/api/audio/levels (during plugin swap),2.600000,0.000000,13,27,77,100,120,140,170,170,170,170,170,37,0,13,36.80352299675547,1.4950829790905118,169.4003070006147,75.45945945945945
1774610895,10,GET,/api/audio/levels/plugins,2.600000,0.000000,6,14,18,20,30,150,150,150,150,150,150,37,0,6,19.569171793960237,1.4111860655248165,152.04593003727496,21.027027027027028
1774610895,10,GET,/api/audio/status,8.800000,0.000000,11,17,20,22,43,110,150,170,180,180,180,119,0,9,19.719816068336055,1.4234239934012294,176.5937969321385,303.327731092437
1774610895,10,GET,/api/chains/,4.600000,0.000000,17,24,37,65,120,920,940,1300,1300,1300,1300,63,0,17,92.62427902736124,1.985507900826633,1334.3316399259493,1478.3809523809523
1774610895,10,GET,/api/chains/{id},8.800000,0.000000,12,37,56,75,140,150,180,1300,1300,1300,1300,119,0,11,55.82599984990636,1.897407928481698,1307.8627440845594,798.5966386554621
1774610895,10,POST,/api/chains/{id}/activate,8.800000,0.000000,20,26,34,40,150,170,190,200,220,220,220,119,0,19,36.42817462712307,1.7518849344924092,215.44775099027902,53.90756302521008
1774610895,10,POST,/api/chains/{id}/deactivate,8.800000,0.000000,9,14,20,23,39,140,140,150,190,190,190,119,0,9,18.938274305712962,1.7259259475395083,185.60700106900185,60.94957983193277
1774610895,10,POST,/api/plugins/batch/parameters (500 updates),2.000000,0.000000,22,27,36,82,140,160,200,200,200,200,200,30,0,20,40.241056746648006,4.706815001554787,203.6518930690363,885.8666666666667
1774610895,10,GET,/api/plugins/discover,4.600000,0.000000,35,42,44,53,150,180,180,180,180,180,180,63,0,35,46.19835520214919,12.869994970969856,184.70237508881837,89708.0
1774610895,10,GET,/api/plugins/list,4.600000,0.000000,13,19,24,40,160,190,190,190,190,190,190,63,0,14,36.66015298268388,1.5024760505184531,192.28089693933725,60.04761904761905
1774610895,10,POST,/api/plugins/load?uri,2.600000,0.000000,10,23,95,150,160,170,180,180,180,180,180,37,0,10,43.948159496476116,1.8862769939005375,183.9208910241723,2142.108108108108
1774610895,10,POST,/api/plugins/unload?uri,2.600000,0.000000,5,10,13,15,16,19,23,23,23,23,23,37,0,4,7.213963227145173,1.781477010808885,23.21489795576781,125.4054054054054
1774610895,10,,Aggregated,80.400000,0.000000,14,22,32,42,120,160,180,190,1300,1300,1300,1131,0,14,37.843332158926145,1.4111860655248165,1334.3316399259493,5325.623342175067
1774610896,10,GET,/api/audio/latency,11.500000,0.000000,13,19,23,26,150,160,160,170,170,170,170,161,0,13,28.729721668078014,1.416733954101801,169.98980299104005,33.0
1774610896,10,GET,/api/audio/levels,11.500000,0.000000,13,22,37,76,110,140,170,180,180,180,180,161,0,13,41.493554117291104,1.4831600710749626,1202.5830979691818,77.27950310559007
1774610896,10,GET,/api/audio/levels (during plugin swap),3.300000,0.000000,9,27,52,98,120,140,170,170,170,170,170,40,0,9,34.246642896323465,1.4950829790905118,169.4003070006147,75.275
1774610896,10,GET,/api/audio/levels/plugins,3.300000,0.000000,5,13,14,19,30,150,150,150,150,150,150,40,0,5,18.28362756059505,1.4111860655248165,152.04593003727496,21.15
1774610896,10,GET,/api/audio/status,10.000000,0.000000,9,16,19,20,38,100,150,170,180,180,180,132,0,8,18.477671850246914,1.4234239934012294,176.5937969321385,303.29545454545456
1774610896,10,GET,/api/chains/,4.800000,0.000000,15,21,28,46,78,120,140,170,170,170,170,66,0,17,88.58199239087601,1.985507900826633,1334.3316399259493,1478.409090909091
1774610896,10,GET,/api/chains/{id},10.000000,0.000000,11,25,48,59,120,140,160,170,180,180,180,132,0,11,51.32328132061627,1.897407928481698,1307.8627440845594,802.8787878787879
1774610896,10,POST,/api/chains/{id}/activate,10.000000,0.000000,19,24,29,40,140,170,190,200,220,220,220,132,0,19,34.112993020133935,1.7518849344924092,215.44775099027902,53.93939393939394
1774610896,10,POST,/api/chains/{id}/deactivate,10.000000,0.000000,9,14,18,21,35,90,140,150,190,190,190,132,0,7,17.839005754936036,1.7259259475395083,185.60700106900185,60.86363636363637
1774610896,10,POST,/api/plugins/batch/parameters (500 updates),2.200000,0.000000,20,25,34,48,96,160,200,200,200,200,200,36,0,17,36.28517437674519,4.405821091495454,203.6518930690363,886.3055555555555
1774610896,10,GET,/api/plugins/discover,4.800000,0.000000,35,41,44,53,150,180,180,180,180,180,180,66,0,33,45.14689364639873,12.869994970969856,184.70237508881837,89708.0
1774610896,10,GET,/api/plugins/list,4.800000,0.000000,10,18,24,40,160,190,190,190,190,190,190,66,0,13,35.4913626197782,1.5024760505184531,192.28089693933725,59.68181818181818
1774610896,10,POST,/api/plugins/load?uri,3.300000,0.000000,10,22,24,140,160,170,180,180,180,180,180,40,0,9,40.843907062662765,1.8862769939005375,183.9208910241723,2136.975
1774610896,10,POST,/api/plugins/unload?uri,3.300000,0.000000,5,10,11,13,16,19,23,23,23,23,23,40,0,4,6.951662909705192,1.781477010808885,23.21489795576781,126.0
1774610896,10,,Aggregated,92.800000,0.000000,13,20,26,37,100,150,170,180,200,220,220,1244,0,13,35.261393379748704,1.4111860655248165,1334.3316399259493,5086.373794212219
1774610897,10,GET,/api/audio/latency,11.500000,0.000000,12,18,23,27,150,160,160,170,170,170,170,161,0,13,28.729721668078014,1.416733954101801,169.98980299104005,33.0
1774610897,10,GET,/api/audio/levels,11.500000,0.000000,13,21,35,76,110,130,170,180,180,180,180,161,0,13,41.493554117291104,1.4831600710749626,1202.5830979691818,77.27950310559007
1774610897,10,GET,/api/audio/levels (during plugin swap),3.300000,0.000000,13,27,77,100,120,140,170,170,170,170,170,40,0,9,34.246642896323465,1.4950829790905118,169.4003070006147,75.275
1774610897,10,GET,/api/audio/levels/plugins,3.300000,0.000000,6,14,18,20,30,150,150,150,150,150,150,40,0,5,18.28362756059505,1.4111860655248165,152.04593003727496,21.15
1774610897,10,GET,/api/audio/status,10.000000,0.000000,9,16,19,21,38,110,150,170,180,180,180,132,0,8,18.477671850246914,1.4234239934012294,176.5937969321385,303.29545454545456
1774610897,10,GET,/api/chains/,4.800000,0.000000,14,24,37,65,79,120,170,170,170,170,170,66,0,17,88.58199239087601,1.985507900826633,1334.3316399259493,1478.409090909091
1774610897,10,GET,/api/chains/{id},10.000000,0.000000,10,25,55,66,120,140,160,170,180,180,180,132,0,11,51.32328132061627,1.897407928481698,1307.8627440845594,802.8787878787879
1774610897,10,POST,/api/chains/{id}/activate,10.000000,0.000000,19,24,29,40,150,170,180,190,220,220,220,132,0,19,34.112993020133935,1.7518849344924092,215.44775099027902,53.93939393939394
1774610897,10,POST,/api/chains/{id}/deactivate,10.000000,0.000000,7,12,17,20,34,140,140,150,190,190,190,132,0,7,17.839005754936036,1.7259259475395083,185.60700106900185,60.86363636363637
1774610897,10,POST,/api/plugins/batch/parameters (500 updates),2.200000,0.000000,20,25,34,48,96,160,200,200,200,200,200,36,0,17,36.28517437674519,4.405821091495454,203.6518930690363,886.3055555555555
1774610897,10,GET,/api/plugins/discover,4.800000,0.000000,30,39,43,44,65,88,150,150,150,150,150,66,0,33,45.14689364639873,12.869994970969856,184.70237508881837,89708.0
1774610897,10,GET,/api/plugins/list,4.800000,0.000000,9,18,24,24,150,160,190,190,190,190,190,66,0,13,35.4913626197782,1.5024760505184531,192.28089693933725,59.68181818181818
1774610897,10,POST,/api/plugins/load?uri,3.300000,0.000000,10,23,95,150,160,170,180,180,180,180,180,40,0,9,40.843907062662765,1.8862769939005375,183.9208910241723,2136.975
1774610897,10,POST,/api/plugins/unload?uri,3.300000,0.000000,5,10,13,15,16,19,23,23,23,23,23,40,0,4,6.951662909705192,1.781477010808885,23.21489795576781,126.0
1774610897,10,,Aggregated,92.800000,0.000000,12,20,25,36,100,150,170,180,200,220,220,1244,0,13,35.261393379748704,1.4111860655248165,1334.3316399259493,5086.373794212219
1774610898,10,GET,/api/audio/latency,14.500000,0.000000,13,19,25,28,140,150,160,170,190,190,190,181,0,13,30.005556126691154,1.416733954101801,185.29365002177656,33.0
1774610898,10,GET,/api/audio/levels,14.500000,0.000000,13,22,70,93,120,170,1200,1300,1300,1300,1300,181,0,14,74.86502067906298,1.4831600710749626,1328.6506059812382,77.52486187845304
1774610898,10,GET,/api/audio/levels (during plugin swap),3.400000,0.000000,14,27,97,100,140,1300,1300,1300,1300,1300,1300,47,0,9,87.77069786880561,1.4950829790905118,1329.4727200409397,75.76595744680851
1774610898,10,GET,/api/audio/levels/plugins,3.400000,0.000000,4,10,19,20,38,150,150,150,150,150,150,47,0,5,17.841609308813165,1.4111860655248165,152.04593003727496,21.19148936170213
1774610898,10,GET,/api/audio/status,11.400000,0.000000,9,16,19,21,38,100,140,150,180,180,180,142,0,9,18.26554795310662,1.4234239934012294,176.5937969321385,303.27464788732397
1774610898,10,GET,/api/chains/,5.800000,0.000000,15,24,55,63,79,170,1300,1300,1300,1300,1300,69,0,17,105.03139653229627,1.985507900826633,1334.3316399259493,1478.4057971014493
1774610898,10,GET,/api/chains/{id},11.400000,0.000000,14,43,68,89,140,150,180,1200,1300,1300,1300,142,0,12,69.92075117846007,1.897407928481698,1328.3483020495623,803.2464788732394
1774610898,10,POST,/api/chains/{id}/activate,11.400000,0.000000,20,26,34,58,140,170,180,190,220,220,220,142,0,20,36.74246027941068,1.7518849344924092,215.44775099027902,53.66197183098591
1774610898,10,POST,/api/chains/{id}/deactivate,11.400000,0.000000,7,14,17,20,25,140,140,150,190,190,190,142,0,9,17.67241709019569,1.7259259475395083,185.60700106900185,60.943661971830984
1774610898,10,POST,/api/plugins/batch/parameters (500 updates),3.200000,0.000000,22,27,36,82,140,190,230,230,230,230,230,44,0,20,43.47991660523059,4.405821091495454,234.70507096499205,887.1363636363636
1774610898,10,GET,/api/plugins/discover,5.800000,0.000000,28,35,41,43,65,150,150,150,150,150,150,69,0,33,44.551890372109696,12.869994970969856,184.70237508881837,89708.0
1774610898,10,GET,/api/plugins/list,5.800000,0.000000,8,15,20,24,110,160,190,190,190,190,190,69,0,14,34.74445192588736,1.5024760505184531,192.28089693933725,60.869565217391305
1774610898,10,POST,/api/plugins/load?uri,3.400000,0.000000,11,24,130,140,160,170,180,180,180,180,180,47,0,10,39.249035522361545,1.802070066332817,183.9208910241723,2098.8936170212764
1774610898,10,POST,/api/plugins/unload?uri,3.400000,0.000000,4,8,13,13,16,19,21,21,21,21,21,47,0,4,7.249278685157287,1.7659260192885995,23.21489795576781,125.85106382978724
1774610898,10,,Aggregated,108.800000,0.000000,13,20,27,38,120,150,180,230,1300,1300,1300,1369,0,14,44.5667428634258,1.4111860655248165,1334.3316399259493,4848.517896274653
1774610899,10,GET,/api/audio/latency,15.700000,0.000000,12,17,21,25,77,150,160,170,190,190,190,207,0,12,27.58251714963322,1.416733954101801,185.29365002177656,33.0
1774610899,10,GET,/api/audio/levels,15.700000,0.000000,14,22,76,93,120,170,1200,1300,1300,1300,1300,207,0,14,69.87753882498035,1.4831600710749626,1328.6506059812382,77.14492753623189
1774610899,10,GET,/api/audio/levels (during plugin swap),3.700000,0.000000,8,14,77,100,140,1300,1300,1300,1300,1300,1300,52,0,7,79.89681193766256,1.4950829790905118,1329.4727200409397,75.75
1774610899,10,GET,/api/audio/levels/plugins,3.700000,0.000000,4,13,19,20,38,150,150,150,150,150,150,52,0,5,17.113449916136094,1.4111860655248165,152.04593003727496,21.0
1774610899,10,GET,/api/audio/status,12.100000,0.000000,8,15,18,20,24,48,120,140,150,150,150,156,0,8,17.363149809310787,1.4234239934012294,176.5937969321385,303.25
1774610899,10,GET,/api/chains/,5.300000,0.000000,15,21,37,63,79,170,1300,1300,1300,1300,1300,72,0,17,100.99986618863315,1.985507900826633,1334.3316399259493,1478.388888888889
1774610899,10,GET,/api/chains/{id},12.100000,0.000000,12,37,59,75,140,150,180,1200,1300,1300,1300,156,0,11,64.71502606589824,1.897407928481698,1328.3483020495623,804.8141025641025
1774610899,10,POST,/api/chains/{id}/activate,12.100000,0.000000,19,24,31,41,140,160,180,180,190,190,190,156,0,19,34.23495887695119,1.7518849344924092,215.44775099027902,53.75
1774610899,10,POST,/api/chains/{id}/deactivate,12.100000,0.000000,7,13,16,19,24,140,140,150,190,190,190,156,0,9,16.760330794988057,1.7259259475395083,185.60700106900185,60.87820512820513
1774610899,10,POST,/api/plugins/batch/parameters (500 updates),3.600000,0.000000,20,24,31,36,96,190,230,230,230,230,230,46,0,20,42.44101314511879,4.405821091495454,234.70507096499205,887.6304347826087
1774610899,10,GET,/api/plugins/discover,5.700000,0.000000,27,35,41,44,65,150,150,150,150,150,150,72,0,32,43.80242091267266,12.869994970969856,184.70237508881837,89708.0
1774610899,10,GET,/api/plugins/list,5.600000,0.000000,5,15,18,20,24,160,190,190,190,190,190,72,0,12,33.431848915319684,1.5024760505184531,192.28089693933725,60.5
1774610899,10,POST,/api/plugins/load?uri,3.700000,0.000000,11,24,37,140,160,170,180,180,180,180,180,52,0,9,36.703397356457295,1.802070066332817,183.9208910241723,2223.7884615384614
1774610899,10,POST,/api/plugins/unload?uri,3.700000,0.000000,3,6,10,13,16,19,21,21,21,21,21,52,0,4,6.8512121215462685,1.7659260192885995,23.21489795576781,127.0
1774610899,10,,Aggregated,114.800000,0.000000,12,19,24,31,100,150,180,230,1300,1300,1300,1508,0,13,41.79589517190077,1.4111860655248165,1334.3316399259493,4609.694297082228
1774610900,10,GET,/api/audio/latency,15.200000,0.000000,14,19,24,27,140,160,170,190,200,200,200,221,0,13,30.60083618551931,1.416733954101801,196.30145595874637,33.0
1774610900,10,GET,/api/audio/levels,15.300000,0.000000,16,32,93,100,130,170,1200,1300,1300,1300,1300,221,0,14,70.47487861409412,1.4831600710749626,1328.6506059812382,77.11764705882354
1774610900,10,GET,/api/audio/levels (during plugin swap),3.700000,0.000000,9,14,38,77,140,1300,1300,1300,1300,1300,1300,58,0,8,72.6678282171006,1.4950829790905118,1329.4727200409397,75.91379310344827
1774610900,10,GET,/api/audio/levels/plugins,3.700000,0.000000,7,16,19,20,38,150,190,190,190,190,190,57,0,6,19.79438229178062,1.4111860655248165,192.69024196546525,21.07017543859649
1774610900,10,GET,/api/audio/status,10.500000,0.000000,9,15,18,20,24,48,110,120,150,150,150,170,0,8,17.020541877376246,1.4234239934012294,176.5937969321385,303.2294117647059
1774610900,10,GET,/api/chains/,4.400000,0.000000,15,24,55,65,83,170,1300,1300,1300,1300,1300,75,0,17,98.94857732889552,1.985507900826633,1334.3316399259493,1478.3733333333332
1774610900,10,GET,/api/chains/{id},10.500000,0.000000,16,42,59,75,130,150,180,1200,1300,1300,1300,170,0,12,62.90578781216241,1.897407928481698,1328.3483020495623,801.9823529411765
1774610900,10,POST,/api/chains/{id}/activate,10.500000,0.000000,20,26,40,58,140,160,180,180,190,190,190,170,0,19,35.0224298048381,1.7518849344924092,215.44775099027902,53.6764705882353
1774610900,10,POST,/api/chains/{id}/deactivate,10.600000,0.000000,7,12,15,18,21,37,140,140,190,190,190,170,0,8,15.961977216990336,1.7259259475395083,185.60700106900185,60.970588235294116
1774610900,10,POST,/api/plugins/batch/parameters (500 updates),3.600000,0.000000,22,25,34,40,95,140,230,230,230,230,230,52,0,20,41.14870709599927,4.405821091495454,234.70507096499205,886.9615384615385
1774610900,10,GET,/api/plugins/discover,4.500000,0.000000,27,39,41,44,56,70,150,150,150,150,150,75,0,33,43.53528007709732,12.869994970969856,184.70237508881837,89708.0
1774610900,10,GET,/api/plugins/list,4.400000,0.000000,5,15,20,22,24,160,190,190,190,190,190,75,0,13,32.724904652374484,1.5024760505184531,192.28089693933725,62.88
1774610900,10,POST,/api/plugins/load?uri,3.700000,0.000000,16,25,37,130,160,170,180,180,180,180,180,57,0,10,35.547040605084284,1.802070066332817,183.9208910241723,2304.2631578947367
1774610900,10,POST,/api/plugins/unload?uri,3.700000,0.000000,4,10,13,15,18,21,140,140,140,140,140,57,0,4,9.329261774965154,1.7353729344904423,139.19286895543337,126.94736842105263
1774610900,10,,Aggregated,104.300000,0.000000,13,20,26,39,110,150,180,230,1300,1300,1300,1628,0,13,41.63016658347828,1.4111860655248165,1334.3316399259493,4462.967444717445
1774610901,10,GET,/api/audio/latency,15.900000,0.000000,13,19,23,27,130,150,160,190,200,200,200,240,0,13,29.90386725383966,1.416733954101801,196.30145595874637,33.0
1774610901,10,GET,/api/audio/levels,16.000000,0.000000,14,29,91,110,130,170,1200,1300,1300,1300,1300,240,0,13,67.18657720727303,1.4739589532837272,1328.6506059812382,77.225
1774610901,10,GET,/api/audio/levels (during plugin swap),3.700000,0.000000,6,13,24,27,140,1300,1300,1300,1300,1300,1300,63,0,7,67.45331291301501,1.4950829790905118,1329.4727200409397,75.68253968253968
1774610901,10,GET,/api/audio/levels/plugins,3.700000,0.000000,4,15,19,20,38,150,190,190,190,190,190,63,0,6,18.726699057936905,1.4111860655248165,192.69024196546525,20.80952380952381
1774610901,10,GET,/api/audio/status,11.300000,0.000000,8,13,16,18,22,30,110,120,150,150,150,186,0,8,16.166749728282774,1.4234239934012294,176.5937969321385,303.2096774193548
1774610901,10,GET,/api/chains/,3.700000,0.000000,14,21,32,63,79,95,1300,1300,1300,1300,1300,78,0,17,95.4472544313504,1.985507900826633,1334.3316399259493,1478.3589743589744
1774610901,10,GET,/api/chains/{id},11.200000,0.000000,12,25,55,74,130,150,170,1200,1300,1300,1300,187,0,12,59.67786996924184,1.897407928481698,1328.3483020495623,799.2352941176471
1774610901,10,POST,/api/chains/{id}/activate,11.300000,0.000000,16,23,28,39,140,150,170,180,180,180,180,187,0,18,33.188043836439476,1.7518849344924092,215.44775099027902,53.716577540106954
1774610901,10,POST,/api/chains/{id}/deactivate,11.100000,0.000000,6,13,16,18,21,25,140,140,190,190,190,183,0,8,15.497208228767366,1.7259259475395083,185.60700106900185,61.04371584699454
1774610901,10,POST,/api/plugins/batch/parameters (500 updates),4.300000,0.000000,19,24,31,36,95,140,230,230,230,230,230,59,0,17,37.541340643903084,4.405821091495454,234.70507096499205,885.8983050847457
1774610901,10,GET,/api/plugins/discover,3.700000,0.000000,26,34,40,44,56,70,150,150,150,150,150,78,0,32,42.72051198551288,12.869994970969856,184.70237508881837,89708.0
1774610901,10,GET,/api/plugins/list,3.700000,0.000000,5,14,18,20,22,31,190,190,190,190,190,78,0,12,31.7947867174203,1.5024760505184531,192.28089693933725,62.46153846153846
1774610901,10,POST,/api/plugins/load?uri,3.700000,0.000000,9,23,27,37,150,160,180,180,180,180,180,63,0,9,32.750036072222485,1.802070066332817,183.9208910241723,2271.1111111111113
1774610901,10,POST,/api/plugins/unload?uri,3.700000,0.000000,5,13,15,16,19,25,140,140,140,140,140,63,0,4,9.480071667995718,1.7353729344904423,139.19286895543337,126.95238095238095
1774610901,10,,Aggregated,107.000000,0.000000,12,19,24,28,100,140,180,230,1300,1300,1300,1768,0,13,39.63376294792002,1.4111860655248165,1334.3316399259493,4287.532239819005
1774610902,10,GET,/api/audio/latency,16.600000,0.000000,13,18,22,27,140,150,160,190,200,200,200,254,0,13,29.943178459180622,1.416733954101801,196.30145595874637,33.0
1774610902,10,GET,/api/audio/levels,16.800000,0.000000,16,45,94,110,130,170,1200,1300,1300,1300,1300,254,0,14,66.8355140901046,1.4739589532837272,1328.6506059812382,77.45275590551181
1774610902,10,GET,/api/audio/levels (during plugin swap),4.000000,0.000000,6,14,24,38,100,170,1300,1300,1300,1300,1300,67,0,8,66.31814493491912,1.4950829790905118,1329.4727200409397,75.71641791044776
1774610902,10,GET,/api/audio/levels/plugins,3.900000,0.000000,4,16,20,20,38,92,190,190,190,190,190,67,0,6,19.55811053326826,1.4111860655248165,192.69024196546525,20.98507462686567
1774610902,10,GET,/api/audio/status,11.000000,0.000000,8,14,17,18,22,24,140,150,230,230,230,192,0,8,17.729274886126706,1.4234239934012294,231.0847109183669,303.203125
1774610902,10,GET,/api/chains/,3.300000,0.000000,14,22,37,65,79,95,1300,1300,1300,1300,1300,81,0,17,92.94284935350771,1.985507900826633,1334.3316399259493,1478.3703703703704
1774610902,10,GET,/api/chains/{id},11.000000,0.000000,12,25,55,68,120,140,170,1200,1300,1300,1300,194,0,12,59.37150442857564,1.897407928481698,1328.3483020495623,798.1907216494845
1774610902,10,POST,/api/chains/{id}/activate,11.000000,0.000000,16,25,31,41,140,150,170,170,180,180,180,193,0,18,33.91390497653885,1.7518849344924092,215.44775099027902,53.652849740932645
1774610902,10,POST,/api/chains/{id}/deactivate,11.100000,0.000000,7,14,17,19,24,140,140,140,190,190,190,192,0,8,17.213641322693245,1.7259259475395083,185.60700106900185,60.958333333333336
1774610902,10,POST,/api/plugins/batch/parameters (500 updates),4.100000,0.000000,23,32,55,82,180,220,230,230,230,230,230,70,0,20,46.399836897450896,4.405821091495454,234.70507096499205,884.0285714285715
1774610902,10,GET,/api/plugins/discover,3.400000,0.000000,26,34,39,44,56,70,150,150,150,150,150,81,0,32,42.35507930876158,12.869994970969856,184.70237508881837,89708.0
1774610902,10,GET,/api/plugins/list,3.300000,0.000000,5,15,19,21,24,130,190,190,190,190,190,81,0,12,32.37081360342096,1.5024760505184531,192.28089693933725,63.2962962962963
1774610902,10,POST,/api/plugins/load?uri,4.000000,0.000000,5,22,27,37,150,150,180,180,180,180,180,67,0,9,33.11309147341205,1.802070066332817,183.9208910241723,2211.0298507462685
1774610902,10,POST,/api/plugins/unload?uri,3.900000,0.000000,5,13,15,16,19,25,140,140,140,140,140,67,0,5,10.947994807901889,1.7353729344904423,139.19286895543337,127.1044776119403
1774610902,10,,Aggregated,107.400000,0.000000,13,20,25,34,120,150,180,230,1300,1300,1300,1860,0,13,40.26303330257345,1.4111860655248165,1334.3316399259493,4236.245698924731
1774610903,10,GET,/api/audio/latency,15.800000,0.000000,13,18,21,24,130,140,160,190,200,200,200,275,0,13,28.164014691825617,1.416733954101801,196.30145595874637,33.0
1774610903,10,GET,/api/audio/levels,15.800000,0.000000,13,32,84,100,130,170,1200,1300,1300,1300,1300,275,0,13,62.793045584112406,1.4739589532837272,1328.6506059812382,77.39636363636363
1774610903,10,GET,/api/audio/levels (during plugin swap),3.900000,0.000000,6,10,15,26,140,1300,1300,1300,1300,1300,1300,73,0,8,63.26165244825287,1.4950829790905118,1329.4727200409397,75.67123287671232
1774610903,10,GET,/api/audio/levels/plugins,3.900000,0.000000,5,13,19,20,40,150,190,190,190,190,190,73,0,5,18.403291284451132,1.4111860655248165,192.69024196546525,21.123287671232877
1774610903,10,GET,/api/audio/status,11.500000,0.000000,7,13,15,17,22,24,140,150,230,230,230,209,0,8,16.818579335910886,1.4234239934012294,231.0847109183669,303.1866028708134
1774610903,10,GET,/api/chains/,3.500000,0.000000,13,20,32,63,79,95,1300,1300,1300,1300,1300,83,0,16,90.86241430872266,1.985507900826633,1334.3316399259493,1478.3614457831325
1774610903,10,GET,/api/chains/{id},11.600000,0.000000,10,23,42,61,120,140,150,1200,1300,1300,1300,210,0,11,55.547414844789145,1.897407928481698,1328.3483020495623,799.7904761904762
1774610903,10,POST,/api/chains/{id}/activate,11.600000,0.000000,14,21,27,32,75,140,150,170,180,180,180,209,0,17,32.018296676799295,1.750156981870532,215.44775099027902,53.7799043062201
1774610903,10,POST,/api/chains/{id}/deactivate,11.500000,0.000000,6,12,16,17,24,140,140,140,190,190,190,209,0,7,16.307591655042074,1.7259259475395083,185.60700106900185,61.04306220095694
1774610903,10,POST,/api/plugins/batch/parameters (500 updates),4.400000,0.000000,20,31,55,82,140,220,230,230,230,230,230,75,0,20,45.906546182620026,4.405821091495454,234.70507096499205,885.8933333333333
1774610903,10,GET,/api/plugins/discover,3.500000,0.000000,28,34,39,44,56,70,150,150,150,150,150,82,0,32,42.17927182865579,12.869994970969856,184.70237508881837,89708.0
1774610903,10,GET,/api/plugins/list,3.500000,0.000000,5,15,19,21,24,130,190,190,190,190,190,83,0,10,31.76115658863571,1.5024760505184531,192.28089693933725,63.024096385542165
1774610903,10,POST,/api/plugins/load?uri,3.900000,0.000000,5,19,24,27,130,150,180,180,180,180,180,73,0,9,31.407651872603758,1.802070066332817,183.9208910241723,2439.027397260274
1774610903,10,POST,/api/plugins/unload?uri,3.900000,0.000000,4,10,15,16,21,110,140,140,140,140,140,73,0,4,10.437047577858584,1.7353729344904423,139.19286895543337,128.1917808219178
1774610903,10,,Aggregated,108.300000,0.000000,11,18,23,29,97,140,180,230,1300,1300,1300,2002,0,12,38.15634067250103,1.4111860655248165,1334.3316399259493,4011.2812187812187
1774610904,10,GET,/api/audio/latency,16.400000,0.000000,13,19,22,28,140,160,160,190,200,200,200,291,0,13,30.515765354814988,1.416733954101801,196.30145595874637,33.0
1774610904,10,GET,/api/audio/levels,16.300000,0.000000,14,52,96,110,140,180,1200,1300,1300,1300,1300,292,0,14,63.996333426362135,1.4739589532837272,1328.6506059812382,77.54109589041096
1774610904,10,GET,/api/audio/levels (during plugin swap),3.900000,0.000000,7,13,26,52,100,140,1300,1300,1300,1300,1300,77,0,9,62.41016690589052,1.4950829790905118,1329.4727200409397,76.03896103896103
1774610904,10,GET,/api/audio/levels/plugins,3.900000,0.000000,8,13,16,20,38,92,190,190,190,190,190,77,0,6,17.890419334765863,1.4111860655248165,192.69024196546525,20.92207792207792
1774610904,10,GET,/api/audio/status,11.700000,0.000000,7,13,14,16,22,24,140,150,230,230,230,216,0,8,16.586482584157405,1.4234239934012294,231.0847109183669,303.18055555555554
1774610904,10,GET,/api/chains/,3.400000,0.000000,8,22,37,63,83,95,1300,1300,1300,1300,1300,84,0,16,89.83567287629869,1.985507900826633,1334.3316399259493,1478.357142857143
1774610904,10,GET,/api/chains/{id},11.700000,0.000000,12,25,47,59,99,130,150,1200,1300,1300,1300,216,0,11,55.15313840469052,1.897407928481698,1328.3483020495623,800.0185185185185
1774610904,10,POST,/api/chains/{id}/activate,11.700000,0.000000,15,21,31,39,140,150,170,180,180,180,180,216,0,17,33.55534606251038,1.750156981870532,215.44775099027902,53.63425925925926
1774610904,10,POST,/api/chains/{id}/deactivate,11.700000,0.000000,6,11,14,16,21,25,140,140,190,190,190,216,0,7,15.974648128677574,1.7259259475395083,185.60700106900185,61.074074074074076
1774610904,10,POST,/api/plugins/batch/parameters (500 updates),4.800000,0.000000,22,36,67,94,180,220,230,230,230,230,230,86,0,22,48.289699810232186,4.225312964990735,234.70507096499205,886.9883720930233
1774610904,10,GET,/api/plugins/discover,3.500000,0.000000,29,36,46,56,70,74,150,150,150,150,150,84,0,32,42.533199331955984,12.869994970969856,184.70237508881837,89708.0
1774610904,10,GET,/api/plugins/list,3.400000,0.000000,6,15,21,22,31,130,190,190,190,190,190,84,0,10,31.403981366782403,1.5024760505184531,192.28089693933725,62.892857142857146
1774610904,10,POST,/api/plugins/load?uri,3.900000,0.000000,12,19,24,27,58,130,180,180,180,180,180,77,0,10,30.81101659449519,1.802070066332817,183.9208910241723,2385.87012987013
1774610904,10,POST,/api/plugins/unload?uri,3.900000,0.000000,5,11,15,15,19,25,140,140,140,140,140,77,0,4,10.298490429043092,1.7353729344904423,139.19286895543337,128.23376623376623
1774610904,10,,Aggregated,110.200000,0.000000,11,19,25,34,110,150,190,230,1300,1300,1300,2093,0,12,38.709825620144635,1.4111860655248165,1334.3316399259493,3935.7778308647876
1774610905,10,GET,/api/audio/latency,16.100000,0.000000,13,18,21,25,140,160,160,190,200,200,200,320,0,13,29.084232169770985,1.416733954101801,196.30145595874637,33.0
1774610905,10,GET,/api/audio/levels,16.100000,0.000000,13,35,81,98,130,150,1200,1300,1300,1300,1300,320,0,13,60.541785370514845,1.4739589532837272,1328.6506059812382,77.590625
1774610905,10,GET,/api/audio/levels (during plugin swap),4.200000,0.000000,5,11,24,26,97,140,1300,1300,1300,1300,1300,80,0,8,60.190819746640045,1.4950829790905118,1329.4727200409397,75.925
1774610905,10,GET,/api/audio/levels/plugins,4.200000,0.000000,5,13,16,20,33,40,190,190,190,190,190,80,0,5,17.59310552297393,1.4111860655248165,192.69024196546525,20.9875
1774610905,10,GET,/api/audio/status,10.700000,0.000000,6,9,14,15,21,24,56,140,230,230,230,233,0,7,15.765874532187286,1.4234239934012294,231.0847109183669,303.16738197424894
1774610905,10,GET,/api/chains/,3.500000,0.000000,8,20,32,63,95,98,1300,1300,1300,1300,1300,87,0,16,88.01238886990595,1.985507900826633,1334.3316399259493,1478.344827586207
1774610905,10,GET,/api/chains/{id},10.700000,0.000000,9,17,29,49,99,130,150,1200,1300,1300,1300,233,0,10,51.55229728664931,1.897407928481698,1328.3483020495623,799.4678111587983
1774610905,10,POST,/api/chains/{id}/activate,10.700000,0.000000,11,18,25,34,98,140,160,170,180,180,180,233,0,16,31.632886993670795,1.750156981870532,215.44775099027902,53.66952789699571
1774610905,10,POST,/api/chains/{id}/deactivate,10.700000,0.000000,5,10,13,15,20,21,140,140,140,140,140,233,0,6,15.168742505062069,1.7259259475395083,185.60700106900185,61.141630901287556
1774610905,10,POST,/api/plugins/batch/parameters (500 updates),5.100000,0.000000,19,36,61,92,160,210,230,230,230,230,230,93,0,20,46.52637011441652,4.225312964990735,234.70507096499205,888.3440860215054
1774610905,10,GET,/api/plugins/discover,3.500000,0.000000,28,34,40,40,46,56,74,74,74,74,74,87,0,32,41.84663704403773,12.869994970969856,184.70237508881837,89708.0
1774610905,10,GET,/api/plugins/list,3.500000,0.000000,5,20,21,22,24,31,130,130,130,130,130,87,0,10,30.619173147448006,1.5024760505184531,192.28089693933725,62.51724137931034
1774610905,10,POST,/api/plugins/load?uri,4.200000,0.000000,5,18,22,24,33,58,130,130,130,130,130,80,0,9,29.773790236504283,1.802070066332817,183.9208910241723,2345.475
1774610905,10,POST,/api/plugins/unload?uri,4.200000,0.000000,4,11,15,18,21,25,140,140,140,140,140,80,0,4,10.426952362468,1.7353729344904423,139.19286895543337,128.1
1774610905,10,,Aggregated,107.400000,0.000000,9,17,22,27,96,140,180,230,1300,1300,1300,2246,0,12,36.95350333408454,1.4111860655248165,1334.3316399259493,3804.968833481745
1774610906,10,GET,/api/audio/latency,16.000000,0.000000,13,19,22,28,140,160,160,190,200,200,200,334,0,13,30.238690122775175,1.416733954101801,196.30145595874637,33.0
1774610906,10,GET,/api/audio/levels,16.100000,0.000000,14,47,91,100,130,150,1200,1300,1300,1300,1300,335,0,13,59.78579998864278,1.4739589532837272,1328.6506059812382,77.57910447761193
1774610906,10,GET,/api/audio/levels (during plugin swap),4.100000,0.000000,8,13,26,52,97,140,1300,1300,1300,1300,1300,85,0,9,58.25002384098137,1.4950829790905118,1329.4727200409397,76.05882352941177
1774610906,10,GET,/api/audio/levels/plugins,4.000000,0.000000,8,14,16,20,33,40,190,190,190,190,190,84,0,6,17.236822986021814,1.4111860655248165,192.69024196546525,21.11904761904762
1774610906,10,GET,/api/audio/status,10.900000,0.000000,6,11,14,15,22,30,140,160,230,230,230,247,0,7,16.443102349063405,1.4234239934012294,231.0847109183669,303.1578947368421
1774610906,10,GET,/api/chains/,3.500000,0.000000,10,20,32,63,95,98,1300,1300,1300,1300,1300,88,0,15,87.08059801905289,1.985507900826633,1334.3316399259493,1478.340909090909
1774610906,10,GET,/api/chains/{id},11.000000,0.000000,10,22,47,68,100,130,150,1200,1300,1300,1300,247,0,10,51.16761658766763,1.897407928481698,1328.3483020495623,799.9514170040486
1774610906,10,POST,/api/chains/{id}/activate,11.000000,0.000000,11,20,27,39,140,150,170,180,220,220,220,247,0,16,32.35286861320633,1.750156981870532,221.327324048616,53.62348178137652
1774610906,10,POST,/api/chains/{id}/deactivate,10.900000,0.000000,5,11,14,14,18,21,140,140,140,140,140,246,0,6,14.799323937159063,1.7259259475395083,185.60700106900185,61.1869918699187
1774610906,10,POST,/api/plugins/batch/parameters (500 updates),5.300000,0.000000,20,39,69,96,180,220,230,250,250,250,250,97,0,20,49.87927641930808,4.225312964990735,253.7369680358097,888.0412371134021
1774610906,10,GET,/api/plugins/discover,3.500000,0.000000,29,34,40,40,46,56,74,74,74,74,74,88,0,32,41.528966191849165,12.869994970969856,184.70237508881837,89708.0
1774610906,10,GET,/api/plugins/list,3.500000,0.000000,6,9,20,21,22,31,130,130,130,130,130,88,0,9,30.362461861593395,1.5024760505184531,192.28089693933725,62.39772727272727
1774610906,10,POST,/api/plugins/load?uri,4.000000,0.000000,9,18,20,24,33,58,130,130,130,130,130,85,0,9,28.567019881516256,1.802070066332817,183.9208910241723,2267.423529411765
1774610906,10,POST,/api/plugins/unload?uri,4.000000,0.000000,5,12,15,18,21,25,140,140,140,140,140,84,0,5,10.457843963411593,1.7353729344904423,139.19286895543337,127.83333333333333
1774610906,10,,Aggregated,107.800000,0.000000,10,18,24,31,100,140,180,230,1300,1300,1300,2355,0,12,36.93980219014654,1.4111860655248165,1334.3316399259493,3679.623354564756
1774610907,10,GET,/api/audio/latency,16.300000,0.000000,12,18,21,27,140,160,160,190,200,200,200,350,0,12,29.305162401869893,1.416733954101801,196.30145595874637,33.0
1774610907,10,GET,/api/audio/levels,16.300000,0.000000,13,32,76,93,120,130,150,180,180,180,180,350,0,13,57.659769798296374,1.4739589532837272,1328.6506059812382,77.45714285714286
1774610907,10,GET,/api/audio/levels (during plugin swap),4.200000,0.000000,7,13,17,26,86,97,140,140,140,140,140,89,0,9,55.99942809399845,1.4950829790905118,1329.4727200409397,75.92134831460675
1774610907,10,GET,/api/audio/levels/plugins,4.300000,0.000000,6,13,14,15,21,33,190,190,190,190,190,89,0,6,16.58515225614557,1.4111860655248165,192.69024196546525,20.865168539325843
1774610907,10,GET,/api/audio/status,10.900000,0.000000,6,11,14,15,22,30,140,160,230,230,230,256,0,7,16.309403051309346,1.4234239934012294,231.0847109183669,303.15234375
1774610907,10,GET,/api/chains/,2.600000,0.000000,10,20,42,61,72,95,98,98,98,98,98,91,0,16,85.36691787642437,1.985507900826633,1334.3316399259493,1478.3296703296703
1774610907,10,GET,/api/chains/{id},10.800000,0.000000,10,19,37,55,95,120,140,150,150,150,150,256,0,10,49.912577668237645,1.897407928481698,1328.3483020495623,798.515625
1774610907,10,POST,/api/chains/{id}/activate,10.900000,0.000000,11,19,25,31,110,140,170,180,220,220,220,256,0,15,31.5566156928071,1.750156981870532,221.327324048616,53.65234375
1774610907,10,POST,/api/chains/{id}/deactivate,11.000000,0.000000,5,10,13,14,19,21,140,140,140,140,140,256,0,6,14.492301131667773,1.7259259475395083,185.60700106900185,61.21875
1774610907,10,POST,/api/plugins/batch/parameters (500 updates),6.000000,0.000000,20,40,88,96,180,220,230,250,250,250,250,99,0,20,49.07897352170425,4.225312964990735,253.7369680358097,888.5454545454545
1774610907,10,GET,/api/plugins/discover,2.700000,0.000000,29,33,36,40,40,56,74,74,74,74,74,91,0,32,41.10560025175481,12.869994970969856,184.70237508881837,89708.0
1774610907,10,GET,/api/plugins/list,2.700000,0.000000,6,9,20,20,22,22,130,130,130,130,130,91,0,10,29.68567506420416,1.5024760505184531,192.28089693933725,62.05494505494506
1774610907,10,POST,/api/plugins/load?uri,4.300000,0.000000,6,16,20,21,33,58,130,130,130,130,130,89,0,9,27.612962056307143,1.802070066332817,183.9208910241723,2242.325842696629
1774610907,10,POST,/api/plugins/unload?uri,4.300000,0.000000,5,11,13,15,21,25,140,140,140,140,140,89,0,5,10.248351774147052,1.7353729344904423,139.19286895543337,127.80898876404494
1774610907,10,,Aggregated,107.300000,0.000000,9,16,21,27,95,140,160,190,230,250,250,2452,0,11,35.92087054753533,1.4111860655248165,1334.3316399259493,3654.657014681892
1774610908,10,GET,/api/audio/latency,17.200000,0.000000,12,18,21,27,140,160,160,190,200,200,200,352,0,12,29.298754277326886,1.416733954101801,196.30145595874637,33.0
1774610908,10,GET,/api/audio/levels,17.200000,0.000000,13,36,78,97,130,140,180,1100,1300,1300,1300,352,0,13,64.33239755245846,1.4739589532837272,1328.6506059812382,77.50568181818181
1774610908,10,GET,/api/audio/levels (during plugin swap),4.300000,0.000000,9,13,24,26,86,100,1200,1200,1200,1200,1200,90,0,9,68.82323118237157,1.4950829790905118,1329.4727200409397,76.03333333333333
1774610908,10,GET,/api/audio/levels/plugins,4.300000,0.000000,7,13,14,15,21,33,190,190,190,190,190,89,0,6,16.58515225614557,1.4111860655248165,192.69024196546525,20.865168539325843
1774610908,10,GET,/api/audio/status,11.000000,0.000000,6,9,13,15,21,37,140,160,230,230,230,256,0,7,16.309403051309346,1.4234239934012294,231.0847109183669,303.15234375
1774610908,10,GET,/api/chains/,2.300000,0.000000,7,13,32,42,72,95,98,98,98,98,98,91,0,16,85.36691787642437,1.985507900826633,1334.3316399259493,1478.3296703296703
1774610908,10,GET,/api/chains/{id},11.000000,0.000000,10,19,41,61,100,150,1300,1300,1300,1300,1300,261,0,11,73.26960554025297,1.897407928481698,1328.3483020495623,797.6858237547892
1774610908,10,POST,/api/chains/{id}/activate,11.000000,0.000000,10,17,21,29,75,150,170,180,220,220,220,259,0,16,31.531786962329594,1.750156981870532,221.327324048616,53.72586872586873
1774610908,10,POST,/api/chains/{id}/deactivate,11.000000,0.000000,5,9,13,14,17,21,140,140,140,140,140,256,0,6,14.492301131667773,1.7259259475395083,185.60700106900185,61.21875
1774610908,10,POST,/api/plugins/batch/parameters (500 updates),6.100000,0.000000,20,43,88,100,210,250,1200,1300,1300,1300,1300,101,0,20,73.43931373849622,4.225312964990735,1326.5616409480572,887.7722772277227
1774610908,10,GET,/api/plugins/discover,2.300000,0.000000,30,34,36,40,40,56,74,74,74,74,74,91,0,32,41.10560025175481,12.869994970969856,184.70237508881837,89708.0
1774610908,10,GET,/api/plugins/list,2.300000,0.000000,6,9,12,20,22,22,130,130,130,130,130,91,0,10,29.68567506420416,1.5024760505184531,192.28089693933725,62.05494505494506
1774610908,10,POST,/api/plugins/load?uri,4.300000,0.000000,9,18,20,22,30,37,130,130,130,130,130,90,0,9,27.644210144515252,1.802070066332817,183.9208910241723,2248.9
1774610908,10,POST,/api/plugins/unload?uri,4.300000,0.000000,6,11,13,15,20,25,140,140,140,140,140,89,0,5,10.248351774147052,1.7353729344904423,139.19286895543337,127.80898876404494
1774610908,10,,Aggregated,108.600000,0.000000,9,16,22,29,96,140,180,250,1300,1300,1300,2468,0,12,40.85555892641282,1.4111860655248165,1334.3316399259493,3634.5348460291734
1774610909,10,GET,/api/audio/latency,17.500000,0.000000,13,21,27,31,140,160,160,190,200,200,200,368,0,13,30.634177002471205,1.416733954101801,196.30145595874637,33.0
1774610909,10,GET,/api/audio/levels,17.500000,0.000000,13,43,74,100,120,140,180,1100,1300,1300,1300,368,0,13,63.74073788206063,1.4739589532837272,1328.6506059812382,77.59239130434783
1774610909,10,GET,/api/audio/levels (during plugin swap),4.600000,0.000000,10,17,31,52,100,140,1200,1200,1200,1200,1200,95,0,9,68.43449470930193,1.4950829790905118,1329.4727200409397,76.28421052631579
1774610909,10,GET,/api/audio/levels/plugins,4.600000,0.000000,8,13,15,16,26,33,190,190,190,190,190,95,0,7,16.54581412501437,1.4111860655248165,192.69024196546525,20.978947368421053
1774610909,10,GET,/api/audio/status,11.600000,0.000000,6,12,14,17,22,37,140,160,230,230,230,269,0,7,16.17056733390254,1.4234239934012294,231.0847109183669,303.1449814126394
1774610909,10,GET,/api/chains/,2.200000,0.000000,10,30,42,61,95,98,140,140,140,140,140,94,0,16,84.47823059210118,1.985507900826633,1334.3316399259493,1478.3191489361702
1774610909,10,GET,/api/chains/{id},11.600000,0.000000,10,21,42,64,100,150,1300,1300,1300,1300,1300,269,0,11,71.80342942365483,1.897407928481698,1328.3483020495623,797.3382899628252
1774610909,10,POST,/api/chains/{id}/activate,11.600000,0.000000,11,19,28,31,98,150,170,180,220,220,220,269,0,16,31.38482398232341,1.750156981870532,221.327324048616,53.58736059479554
1774610909,10,POST,/api/chains/{id}/deactivate,11.600000,0.000000,5,10,14,15,17,24,140,140,140,140,140,269,0,6,14.39136931833683,1.7259259475395083,185.60700106900185,61.25650557620818
1774610909,10,POST,/api/plugins/batch/parameters (500 updates),6.100000,0.000000,22,43,92,140,210,250,1200,1300,1300,1300,1300,107,0,20,71.38200159615481,4.172908025793731,1326.5616409480572,888.2616822429907
1774610909,10,GET,/api/plugins/discover,2.200000,0.000000,29,33,36,40,40,56,74,74,74,74,74,94,0,31,40.55077931967544,12.869994970969856,184.70237508881837,89708.0
1774610909,10,GET,/api/plugins/list,2.200000,0.000000,8,12,20,21,22,27,130,130,130,130,130,94,0,10,29.26777710424776,1.5024760505184531,192.28089693933725,61.734042553191486
1774610909,10,POST,/api/plugins/load?uri,4.600000,0.000000,9,20,23,25,33,130,140,140,140,140,140,95,0,9,29.80707416825585,1.802070066332817,183.9208910241723,2227.0947368421052
1774610909,10,POST,/api/plugins/unload?uri,4.600000,0.000000,10,13,17,18,20,25,140,140,140,140,140,95,0,5,10.471061580373268,1.7353729344904423,139.19286895543337,127.54736842105264
1774610909,10,,Aggregated,112.500000,0.000000,10,18,25,32,110,140,180,250,1300,1300,1300,2581,0,12,40.58508104953232,1.4111860655248165,1334.3316399259493,3592.759783029833
1774610910,10,GET,/api/audio/latency,18.300000,0.000000,12,21,27,30,140,150,160,160,160,160,160,389,0,13,30.103416020196686,1.416733954101801,196.30145595874637,33.0
1774610910,10,GET,/api/audio/levels,18.200000,0.000000,12,35,64,86,120,140,180,1100,1300,1300,1300,391,0,13,61.757894880447985,1.4739589532837272,1328.6506059812382,77.58823529411765
1774610910,10,GET,/api/audio/levels (during plugin swap),4.700000,0.000000,12,17,31,52,100,140,1200,1200,1200,1200,1200,100,0,9,65.44194243499078,1.4950829790905118,1329.4727200409397,76.25
1774610910,10,GET,/api/audio/levels/plugins,4.700000,0.000000,5,11,13,14,24,30,92,92,92,92,92,100,0,5,15.857156759593636,1.4111860655248165,192.69024196546525,20.89
1774610910,10,GET,/api/audio/status,12.200000,0.000000,5,9,14,16,22,37,150,160,230,230,230,284,0,6,16.104870961575678,1.4234239934012294,231.0847109183669,303.1830985915493
1774610910,10,GET,/api/chains/,2.400000,0.000000,7,10,30,42,72,98,140,140,140,140,140,96,0,15,82.78952262116945,1.985507900826633,1334.3316399259493,1478.3125
1774610910,10,GET,/api/chains/{id},12.200000,0.000000,11,18,30,61,95,150,1300,1300,1300,1300,1300,286,0,11,68.86163430770377,1.897407928481698,1328.3483020495623,797.6643356643357
1774610910,10,POST,/api/chains/{id}/activate,12.200000,0.000000,11,18,25,29,44,140,170,180,220,220,220,285,0,15,30.596158401468735,1.7499960958957672,221.327324048616,53.68421052631579
1774610910,10,POST,/api/chains/{id}/deactivate,12.200000,0.000000,5,10,14,15,17,24,140,140,140,140,140,283,0,6,14.032901670740976,1.7259259475395083,185.60700106900185,61.293286219081274
1774610910,10,POST,/api/plugins/batch/parameters (500 updates),6.300000,0.000000,17,39,92,140,210,250,1200,1300,1300,1300,1300,113,0,18,68.05136811453849,4.172908025793731,1326.5616409480572,887.4867256637168
1774610910,10,GET,/api/plugins/discover,2.400000,0.000000,28,31,33,34,40,40,74,74,74,74,74,96,0,31,40.293687667144695,12.869994970969856,184.70237508881837,89708.0
1774610910,10,GET,/api/plugins/list,2.400000,0.000000,6,9,12,17,22,27,130,130,130,130,130,96,0,9,28.697228174375294,1.4884789707139134,192.28089693933725,61.53125
1774610910,10,POST,/api/plugins/load?uri,4.700000,0.000000,5,18,21,23,32,130,140,140,140,140,140,100,0,9,28.46313442918472,1.802070066332817,183.9208910241723,2282.56
1774610910,10,POST,/api/plugins/unload?uri,4.700000,0.000000,10,13,14,16,19,21,110,110,110,110,110,100,0,6,10.484341752016917,1.7353729344904423,139.19286895543337,127.52
1774610910,10,,Aggregated,117.600000,0.000000,9,17,23,30,96,140,160,250,1300,1300,1300,2719,0,12,39.39035565994129,1.4111860655248165,1334.3316399259493,3494.246781905112
1774610911,10,GET,/api/audio/latency,16.800000,0.000000,12,21,27,31,140,150,160,160,160,160,160,404,0,13,29.965157115470046,1.416733954101801,196.30145595874637,33.0
1774610911,10,GET,/api/audio/levels,16.700000,0.000000,14,44,71,91,110,140,180,1100,1300,1300,1300,404,0,13,61.46026524083486,1.4739589532837272,1328.6506059812382,77.6980198019802
1774610911,10,GET,/api/audio/levels (during plugin swap),4.200000,0.000000,15,26,71,94,130,150,1200,1200,1200,1200,1200,104,0,9,66.37755150418693,1.4950829790905118,1329.4727200409397,76.25
1774610911,10,GET,/api/audio/levels/plugins,4.200000,0.000000,7,13,15,18,26,33,92,92,92,92,92,104,0,6,15.93253576720599,1.4111860655248165,192.69024196546525,21.0
1774610911,10,GET,/api/audio/status,11.500000,0.000000,5,12,18,18,26,37,160,200,230,230,230,295,0,7,16.760053237805426,1.4234239934012294,231.0847109183669,303.17627118644066
1774610911,10,GET,/api/chains/,2.100000,0.000000,10,21,42,48,72,98,140,140,140,140,140,100,0,16,80.5278866365552,1.985507900826633,1334.3316399259493,1478.3
1774610911,10,GET,/api/chains/{id},11.500000,0.000000,11,19,40,70,110,140,1300,1300,1300,1300,1300,295,0,12,68.5586738577744,1.897407928481698,1328.3483020495623,798.2779661016949
1774610911,10,POST,/api/chains/{id}/activate,11.500000,0.000000,11,19,28,31,140,170,180,220,280,280,280,295,0,16,32.943114391685924,1.7499960958957672,283.61696004867554,53.47457627118644
1774610911,10,POST,/api/chains/{id}/deactivate,11.700000,0.000000,5,11,14,14,17,21,29,32,150,150,150,295,0,6,14.457898131587495,1.7259259475395083,185.60700106900185,61.32203389830509
1774610911,10,POST,/api/plugins/batch/parameters (500 updates),5.700000,0.000000,22,42,92,130,180,230,1200,1300,1300,1300,1300,121,0,19,66.11501590025512,4.172908025793731,1326.5616409480572,887.5371900826447
1774610911,10,GET,/api/plugins/discover,2.100000,0.000000,28,31,33,34,40,40,74,74,74,74,74,100,0,30,39.51442735968158,12.869994970969856,184.70237508881837,89708.0
1774610911,10,GET,/api/plugins/list,2.100000,0.000000,6,12,17,18,27,34,130,130,130,130,130,100,0,9,28.15123443841003,1.4884789707139134,192.28089693933725,61.15
1774610911,10,POST,/api/plugins/load?uri,4.200000,0.000000,10,20,27,32,140,150,150,150,150,150,150,104,0,9,31.737517671829735,1.802070066332817,183.9208910241723,2275.1923076923076
1774610911,10,POST,/api/plugins/unload?uri,4.200000,0.000000,11,13,16,18,21,21,110,110,110,110,110,104,0,6,10.636661444620517,1.7353729344904423,139.19286895543337,127.66346153846153
1774610911,10,,Aggregated,108.500000,0.000000,11,18,25,33,110,150,180,280,1300,1300,1300,2825,0,12,39.601638687164645,1.4111860655248165,1334.3316399259493,3502.8899115044246
1774610912,10,GET,/api/audio/latency,15.800000,0.000000,10,21,27,33,140,150,160,160,160,160,160,421,0,12,29.291183054237017,1.4096450759097934,196.30145595874637,33.0
1774610912,10,GET,/api/audio/levels,15.700000,0.000000,12,32,63,78,120,170,290,1100,1300,1300,1300,423,0,13,61.4090898585006,1.4739589532837272,1328.6506059812382,77.67139479905437
1774610912,10,GET,/api/audio/levels (during plugin swap),4.200000,0.000000,16,31,71,100,140,260,1200,1200,1200,1200,1200,105,0,9,68.24095375680675,1.4950829790905118,1329.4727200409397,76.34285714285714
1774610912,10,GET,/api/audio/levels/plugins,4.300000,0.000000,7,12,14,15,24,26,30,30,30,30,30,104,0,6,15.93253576720599,1.4111860655248165,192.69024196546525,21.0
1774610912,10,GET,/api/audio/status,11.200000,0.000000,5,10,14,18,24,33,150,160,200,200,200,302,0,7,16.444085953781837,1.4234239934012294,231.0847109183669,303.17218543046357
1774610912,10,GET,/api/chains/,2.300000,0.000000,7,19,30,42,61,98,140,140,140,140,140,102,0,16,78.99600038802544,1.985507900826633,1334.3316399259493,1478.2941176470588
1774610912,10,GET,/api/chains/{id},11.200000,0.000000,10,18,30,70,110,250,1300,1300,1300,1300,1300,304,0,12,68.29544548006533,1.897407928481698,1328.3483020495623,800.0131578947369
1774610912,10,POST,/api/chains/{id}/activate,11.200000,0.000000,9,19,28,30,130,160,180,220,280,280,280,302,0,15,32.45683680620007,1.7499960958957672,283.61696004867554,53.54304635761589
1774610912,10,POST,/api/chains/{id}/deactivate,11.200000,0.000000,5,11,14,14,17,21,29,32,150,150,150,302,0,6,14.263590963153378,1.7259259475395083,185.60700106900185,61.33774834437086
1774610912,10,POST,/api/plugins/batch/parameters (500 updates),6.000000,0.000000,17,40,48,100,160,230,1200,1300,1300,1300,1300,132,0,18,64.98671263706814,4.172908025793731,1326.5616409480572,887.689393939394
1774610912,10,GET,/api/plugins/discover,2.300000,0.000000,28,31,34,37,40,74,330,330,330,330,330,102,0,30,42.384942733299205,12.869994970969856,334.3900569016114,89708.0
1774610912,10,GET,/api/plugins/list,2.300000,0.000000,6,9,12,17,20,27,34,34,34,34,34,102,0,9,27.692076665641483,1.4884789707139134,192.28089693933725,60.970588235294116
1774610912,10,POST,/api/plugins/load?uri,4.200000,0.000000,10,20,27,30,140,150,150,150,150,150,150,104,0,9,31.737517671829735,1.802070066332817,183.9208910241723,2275.1923076923076
1774610912,10,POST,/api/plugins/unload?uri,4.300000,0.000000,12,13,16,17,20,21,21,21,21,21,21,104,0,6,10.636661444620517,1.7353729344904423,139.19286895543337,127.66346153846153
1774610912,10,,Aggregated,106.200000,0.000000,9,18,24,30,100,150,220,330,1300,1300,1300,2909,0,12,39.586807915103044,1.4096450759097934,1334.3316399259493,3472.2231007218975
1774610913,10,GET,/api/audio/latency,17.000000,0.000000,12,22,31,36,140,160,160,160,160,160,160,436,0,12,30.466467265462622,1.4096450759097934,196.30145595874637,33.0
1774610913,10,GET,/api/audio/levels,17.000000,0.000000,15,51,74,95,130,180,290,1100,1300,1300,1300,436,0,13,61.57512132344349,1.4739589532837272,1328.6506059812382,77.71100917431193
1774610913,10,GET,/api/audio/levels (during plugin swap),4.200000,0.000000,17,52,94,110,150,260,1200,1200,1200,1200,1200,108,0,9,68.24380467124111,1.4950829790905118,1329.4727200409397,76.37037037037037
1774610913,10,GET,/api/audio/levels/plugins,4.200000,0.000000,10,14,16,24,26,27,30,30,30,30,30,108,0,7,16.055465859136785,1.4111860655248165,192.69024196546525,21.10185185185185
1774610913,10,GET,/api/audio/status,11.300000,0.000000,6,14,18,18,25,33,150,160,200,200,200,317,0,7,16.25412969691356,1.4234239934012294,231.0847109183669,303.1640378548896
1774610913,10,GET,/api/chains/,2.100000,0.000000,10,21,42,48,98,140,140,140,140,140,140,102,0,16,78.99600038802544,1.985507900826633,1334.3316399259493,1478.2941176470588
1774610913,10,GET,/api/chains/{id},11.200000,0.000000,14,24,64,82,110,250,1300,1300,1300,1300,1300,317,0,12,67.2090187601228,1.897407928481698,1328.3483020495623,800.0757097791798
1774610913,10,POST,/api/chains/{id}/activate,11.200000,0.000000,11,20,29,34,140,160,180,220,280,280,280,317,0,16,33.08185105460288,1.7499960958957672,283.61696004867554,53.61198738170347
1774610913,10,POST,/api/chains/{id}/deactivate,11.300000,0.000000,5,12,14,15,18,27,32,84,150,150,150,317,0,6,14.19612252680814,1.7259259475395083,185.60700106900185,61.290220820189276
1774610913,10,POST,/api/plugins/batch/parameters (500 updates),6.100000,0.000000,18,40,61,130,170,230,1200,1300,1300,1300,1300,137,0,18,65.65966505903995,4.172908025793731,1326.5616409480572,886.92700729927
1774610913,10,GET,/api/plugins/discover,2.100000,0.000000,25,31,34,37,40,330,330,330,330,330,330,102,0,30,42.384942733299205,12.869994970969856,334.3900569016114,89708.0
1774610913,10,GET,/api/plugins/list,2.100000,0.000000,6,12,17,18,27,34,34,34,34,34,34,102,0,9,27.692076665641483,1.4884789707139134,192.28089693933725,60.970588235294116
1774610913,10,POST,/api/plugins/load?uri,4.200000,0.000000,10,27,33,140,150,160,160,160,160,160,160,108,0,9,34.61430148066332,1.802070066332817,183.9208910241723,2256.8981481481483
1774610913,10,POST,/api/plugins/unload?uri,4.200000,0.000000,12,14,17,18,20,21,21,21,21,21,21,108,0,6,10.689344290531826,1.7353729344904423,139.19286895543337,127.46296296296296
1774610913,10,,Aggregated,108.200000,0.000000,12,19,27,36,110,160,220,330,1300,1300,1300,3015,0,12,39.72570660128683,1.4096450759097934,1334.3316399259493,3360.2616915422886
1774610914,10,GET,/api/audio/latency,16.100000,0.000000,10,20,27,34,140,140,160,160,160,160,160,452,0,12,29.755787154097128,1.4096450759097934,196.30145595874637,33.0
1774610914,10,GET,/api/audio/levels,16.100000,0.000000,13,25,58,72,120,180,290,1100,1300,1300,1300,453,0,13,59.90762745644938,1.4739589532837272,1328.6506059812382,77.62030905077263
1774610914,10,GET,/api/audio/levels (during plugin swap),4.000000,0.000000,16,31,94,120,150,260,1200,1200,1200,1200,1200,117,0,9,65.83294250831231,1.4950829790905118,1329.4727200409397,76.44444444444444
1774610914,10,GET,/api/audio/levels/plugins,4.000000,0.000000,7,15,18,23,26,27,30,30,30,30,30,116,0,6,15.407346998911414,1.4111860655248165,192.69024196546525,20.836206896551722
1774610914,10,GET,/api/audio/status,10.800000,0.000000,5,14,18,19,25,33,150,160,200,200,200,329,0,7,15.851798385599668,1.4234239934012294,231.0847109183669,303.1580547112462
1774610914,10,GET,/api/chains/,2.200000,0.000000,10,21,42,48,98,140,140,140,140,140,140,103,0,16,78.29353798551539,1.985507900826633,1334.3316399259493,1478.2912621359224
1774610914,10,GET,/api/chains/{id},10.800000,0.000000,13,23,64,84,110,250,1300,1300,1300,1300,1300,332,0,12,65.6305564246954,1.897407928481698,1328.3483020495623,801.2319277108434
1774610914,10,POST,/api/chains/{id}/activate,10.800000,0.000000,10,20,28,34,130,160,180,220,280,280,280,331,0,16,32.481130614547546,1.7499960958957672,283.61696004867554,53.65558912386707
1774610914,10,POST,/api/chains/{id}/deactivate,10.800000,0.000000,5,11,14,15,20,27,32,84,150,150,150,328,0,6,13.910870273986536,1.7259259475395083,185.60700106900185,61.3140243902439
1774610914,10,POST,/api/plugins/batch/parameters (500 updates),6.300000,0.000000,17,27,48,100,170,250,1200,1300,1300,1300,1300,147,0,18,63.273290217359914,4.172908025793731,1326.5616409480572,887.1632653061224
1774610914,10,GET,/api/plugins/discover,2.200000,0.000000,25,28,31,34,40,330,330,330,330,330,330,103,0,30,42.238406454963446,12.869994970969856,334.3900569016114,89708.0
1774610914,10,GET,/api/plugins/list,2.200000,0.000000,6,12,17,18,27,34,34,34,34,34,34,103,0,9,27.472699804737875,1.4884789707139134,192.28089693933725,61.83495145631068
1774610914,10,POST,/api/plugins/load?uri,4.000000,0.000000,6,21,50,110,150,160,160,160,160,160,160,117,0,9,33.06301477818917,1.802070066332817,183.9208910241723,2317.965811965812
1774610914,10,POST,/api/plugins/unload?uri,4.000000,0.000000,10,13,16,17,20,21,21,21,21,21,21,115,0,6,10.245089932425838,1.7347290413454175,139.19286895543337,127.34782608695652
1774610914,10,,Aggregated,104.300000,0.000000,10,18,24,31,110,150,220,330,1300,1300,1300,3146,0,12,38.77568141525749,1.4096450759097934,1334.3316399259493,3267.6017164653526
1774610915,10,GET,/api/audio/latency,16.700000,0.000000,11,22,30,36,140,140,160,160,160,160,160,465,0,12,30.048426038395334,1.4096450759097934,196.30145595874637,33.0
1774610915,10,GET,/api/audio/levels,16.700000,0.000000,16,39,63,87,140,180,290,1100,1300,1300,1300,466,0,13,59.88563201215334,1.4739589532837272,1328.6506059812382,77.6030042918455
1774610915,10,GET,/api/audio/levels (during plugin swap),3.700000,0.000000,16,35,94,110,150,150,1200,1200,1200,1200,1200,121,0,9,64.79296069746175,1.4950829790905118,1329.4727200409397,76.65289256198348
1774610915,10,GET,/api/audio/levels/plugins,3.600000,0.000000,7,14,16,20,25,27,33,33,33,33,33,121,0,6,15.220522842069796,1.4111860655248165,192.69024196546525,20.876033057851238
1774610915,10,GET,/api/audio/status,10.700000,0.000000,7,17,18,19,26,37,150,160,200,200,200,344,0,7,16.081101598480696,1.4234239934012294,231.0847109183669,303.1511627906977
1774610915,10,GET,/api/chains/,2.100000,0.000000,18,21,42,42,61,140,140,140,140,140,140,103,0,16,78.29353798551539,1.985507900826633,1334.3316399259493,1478.2912621359224
1774610915,10,GET,/api/chains/{id},10.900000,0.000000,15,30,82,92,140,250,1300,1300,1300,1300,1300,344,0,12,65.25852738880975,1.8709859577938914,1328.3483020495623,802.0
1774610915,10,POST,/api/chains/{id}/activate,10.800000,0.000000,16,22,30,41,140,160,180,220,280,280,280,344,0,16,33.2902073728186,1.7499960958957672,283.61696004867554,53.75
1774610915,10,POST,/api/chains/{id}/deactivate,10.700000,0.000000,5,13,15,15,22,32,110,110,150,150,150,344,0,6,14.274382694058533,1.7259259475395083,185.60700106900185,61.200581395348834
1774610915,10,POST,/api/plugins/batch/parameters (500 updates),6.100000,0.000000,17,40,86,130,220,250,1200,1300,1300,1300,1300,153,0,18,64.41757043753599,4.172908025793731,1326.5616409480572,886.5294117647059
1774610915,10,GET,/api/plugins/discover,2.100000,0.000000,27,28,31,31,37,330,330,330,330,330,330,103,0,30,42.238406454963446,12.869994970969856,334.3900569016114,89708.0
1774610915,10,GET,/api/plugins/list,2.100000,0.000000,7,12,17,17,27,34,34,34,34,34,34,103,0,9,27.472699804737875,1.4884789707139134,192.28089693933725,61.83495145631068
1774610915,10,POST,/api/plugins/load?uri,3.700000,0.000000,6,21,32,56,150,150,160,160,160,160,160,121,0,9,32.321367257905834,1.802070066332817,183.9208910241723,2300.6694214876034
1774610915,10,POST,/api/plugins/unload?uri,3.600000,0.000000,11,14,16,17,19,21,110,110,110,110,110,121,0,7,11.203043158012173,1.7347290413454175,139.19286895543337,127.0495867768595
1774610915,10,,Aggregated,103.500000,0.000000,11,20,27,36,120,150,220,330,1300,1300,1300,3253,0,12,38.81670020994794,1.4096450759097934,1334.3316399259493,3169.681524746388
1774610916,10,GET,/api/audio/latency,16.300000,0.000000,6,20,27,34,140,140,160,160,160,160,160,486,0,11,29.273311089898687,1.4096450759097934,196.30145595874637,33.0
1774610916,10,GET,/api/audio/levels,16.200000,0.000000,11,23,55,71,130,180,290,1100,1300,1300,1300,488,0,13,57.81898360635482,1.4739589532837272,1328.6506059812382,77.52868852459017
1774610916,10,GET,/api/audio/levels (during plugin swap),3.500000,0.000000,12,32,99,120,150,150,1200,1200,1200,1200,1200,129,0,9,62.274599615701064,1.4950829790905118,1329.4727200409397,76.52713178294573
1774610916,10,GET,/api/audio/levels/plugins,3.600000,0.000000,5,11,17,20,25,27,33,33,33,33,33,128,0,5,14.667462248326046,1.4111860655248165,192.69024196546525,20.703125
1774610916,10,GET,/api/audio/status,10.800000,0.000000,5,16,18,19,26,33,110,150,200,200,200,355,0,6,15.66274668988575,1.4234239934012294,231.0847109183669,303.14647887323946
1774610916,10,GET,/api/chains/,1.900000,0.000000,18,21,42,42,61,140,140,140,140,140,140,104,0,15,77.57808638024682,1.985507900826633,1334.3316399259493,1478.2884615384614
1774610916,10,GET,/api/chains/{id},10.700000,0.000000,15,24,64,92,140,250,1300,1300,1300,1300,1300,360,0,12,63.32654014695436,1.8709859577938914,1328.3483020495623,803.2472222222223
1774610916,10,POST,/api/chains/{id}/activate,10.700000,0.000000,11,21,29,36,140,160,170,180,280,280,280,356,0,15,32.85426832899043,1.7499960958957672,283.61696004867554,53.75
1774610916,10,POST,/api/chains/{id}/deactivate,10.800000,0.000000,5,11,14,15,23,32,110,110,150,150,150,355,0,5,13.92203512877016,1.7259259475395083,185.60700106900185,61.225352112676056
1774610916,10,POST,/api/plugins/batch/parameters (500 updates),6.200000,0.000000,16,26,44,86,170,230,1200,1300,1300,1300,1300,159,0,18,63.01696497416885,4.172908025793731,1326.5616409480572,886.6415094339623
1774610916,10,GET,/api/plugins/discover,1.900000,0.000000,28,31,32,32,37,330,330,330,330,330,330,104,0,30,42.13564685442879,12.869994970969856,334.3900569016114,89708.0
1774610916,10,GET,/api/plugins/list,1.900000,0.000000,6,12,17,17,27,34,34,34,34,34,34,104,0,8,27.245752519005553,1.4884789707139134,192.28089693933725,62.66346153846154
1774610916,10,POST,/api/plugins/load?uri,3.600000,0.000000,6,21,32,56,150,150,160,160,160,160,160,128,0,6,30.939558196223516,1.802070066332817,183.9208910241723,2241.1015625
1774610916,10,POST,/api/plugins/unload?uri,3.600000,0.000000,10,13,15,17,19,21,110,110,110,110,110,128,0,6,10.898715710936813,1.7325259977951646,139.19286895543337,127.015625
1774610916,10,,Aggregated,101.700000,0.000000,9,18,24,32,110,150,220,330,1300,1300,1300,3384,0,11,37.82754321537893,1.4096450759097934,1334.3316399259493,3084.526004728132
1774610917,10,GET,/api/audio/latency,15.800000,0.000000,9,20,29,36,140,140,160,160,160,160,160,504,0,11,29.638242473805487,1.4096450759097934,196.30145595874637,33.0
1774610917,10,GET,/api/audio/levels,15.800000,0.000000,12,30,63,88,130,180,290,1100,1300,1300,1300,504,0,13,57.28260911576125,1.4739589532837272,1328.6506059812382,77.51388888888889
1774610917,10,GET,/api/audio/levels (during plugin swap),3.900000,0.000000,16,35,99,120,150,150,1200,1200,1200,1200,1200,131,0,9,62.12183020170067,1.4950829790905118,1329.4727200409397,76.57251908396947
1774610917,10,GET,/api/audio/levels/plugins,3.900000,0.000000,8,13,18,23,26,30,110,110,110,110,110,131,0,6,15.316397946093316,1.4111860655248165,192.69024196546525,20.748091603053435
1774610917,10,GET,/api/audio/status,11.000000,0.000000,6,16,18,19,27,91,110,150,200,200,200,372,0,6,16.217499379611883,1.4234239934012294,231.0847109183669,303.13978494623655
1774610917,10,GET,/api/chains/,1.900000,0.000000,18,21,42,42,61,140,140,140,140,140,140,104,0,15,77.57808638024682,1.985507900826633,1334.3316399259493,1478.2884615384614
1774610917,10,GET,/api/chains/{id},11.100000,0.000000,17,30,84,95,150,250,1300,1300,1300,1300,1300,372,0,12,63.195157238790486,1.8709859577938914,1328.3483020495623,803.8736559139785
1774610917,10,POST,/api/chains/{id}/activate,11.100000,0.000000,17,23,34,56,150,160,180,180,280,280,280,372,0,16,33.80820225556231,1.7499960958957672,283.61696004867554,53.81720430107527
1774610917,10,POST,/api/chains/{id}/deactivate,10.800000,0.000000,5,12,15,16,27,38,110,110,150,150,150,372,0,6,14.041925630574765,1.7259259475395083,185.60700106900185,61.193548387096776
1774610917,10,POST,/api/plugins/batch/parameters (500 updates),6.000000,0.000000,16,38,84,120,190,230,1200,1300,1300,1300,1300,166,0,18,63.61080275943884,4.172908025793731,1326.5616409480572,885.3795180722891
1774610917,10,GET,/api/plugins/discover,1.900000,0.000000,28,31,32,32,37,330,330,330,330,330,330,104,0,30,42.13564685442879,12.869994970969856,334.3900569016114,89708.0
1774610917,10,GET,/api/plugins/list,1.900000,0.000000,6,12,17,17,27,34,34,34,34,34,34,104,0,8,27.245752519005553,1.4884789707139134,192.28089693933725,62.66346153846154
1774610917,10,POST,/api/plugins/load?uri,3.900000,0.000000,13,21,50,71,150,150,160,160,160,160,160,131,0,9,31.038413085541084,1.802070066332817,183.9208910241723,2209.664122137405
1774610917,10,POST,/api/plugins/unload?uri,3.800000,0.000000,12,14,16,17,19,21,110,110,110,110,110,131,0,6,11.053360152619941,1.7325259977951646,139.19286895543337,127.06106870229007
1774610917,10,,Aggregated,102.800000,0.000000,11,19,27,38,120,150,220,330,1300,1300,1300,3498,0,11,37.92209119349345,1.4096450759097934,1334.3316399259493,2992.0
1774610918,10,GET,/api/audio/latency,14.800000,0.000000,5,17,24,35,140,140,160,160,160,160,160,519,0,10,28.862697836316705,1.4096450759097934,196.30145595874637,33.0
1774610918,10,GET,/api/audio/levels,14.800000,0.000000,8,22,53,71,110,160,180,290,290,290,290,519,0,12,55.754801798800294,1.4739589532837272,1328.6506059812382,77.43352601156069
1774610918,10,GET,/api/audio/levels (during plugin swap),4.200000,0.000000,14,32,94,110,140,150,260,260,260,260,260,134,0,9,60.89837798838323,1.4950829790905118,1329.4727200409397,76.49253731343283
1774610918,10,GET,/api/audio/levels/plugins,4.100000,0.000000,5,12,17,20,26,30,110,110,110,110,110,134,0,5,15.017877119148512,1.4111860655248165,192.69024196546525,20.791044776119403
1774610918,10,GET,/api/audio/status,11.100000,0.000000,5,12,18,18,25,88,110,150,200,200,200,382,0,6,15.89091120992363,1.4234239934012294,231.0847109183669,303.13612565445027
1774610918,10,GET,/api/chains/,1.600000,0.000000,7,19,21,30,48,140,140,140,140,140,140,104,0,15,77.57808638024682,1.985507900826633,1334.3316399259493,1478.2884615384614
1774610918,10,GET,/api/chains/{id},11.100000,0.000000,14,22,41,72,110,150,180,220,250,250,250,382,0,12,61.73375335489083,1.8709859577938914,1328.3483020495623,804.9109947643979
1774610918,10,POST,/api/chains/{id}/activate,11.100000,0.000000,11,20,27,41,140,160,180,180,280,280,280,382,0,15,33.090790107429356,1.7499960958957672,283.61696004867554,53.84816753926702
1774610918,10,POST,/api/chains/{id}/deactivate,11.100000,0.000000,4,9,13,15,24,35,110,110,150,150,150,382,0,5,13.734217600577574,1.7259259475395083,185.60700106900185,61.21465968586387
1774610918,10,POST,/api/plugins/batch/parameters (500 updates),6.000000,0.000000,16,26,42,86,170,200,230,230,230,230,230,170,0,18,62.485496582709914,4.172908025793731,1326.5616409480572,885.1176470588235
1774610918,10,GET,/api/plugins/discover,1.600000,0.000000,27,28,31,32,37,330,330,330,330,330,330,104,0,30,42.13564685442879,12.869994970969856,334.3900569016114,89708.0
1774610918,10,GET,/api/plugins/list,1.600000,0.000000,5,7,17,18,27,34,34,34,34,34,34,104,0,8,27.245752519005553,1.4884789707139134,192.28089693933725,62.66346153846154
1774610918,10,POST,/api/plugins/load?uri,4.100000,0.000000,6,19,50,71,150,150,160,160,160,160,160,134,0,9,30.50008200894374,1.802070066332817,183.9208910241723,2251.4850746268658
1774610918,10,POST,/api/plugins/unload?uri,4.100000,0.000000,10,14,16,17,19,21,110,110,110,110,110,134,0,6,10.889776656577892,1.7325259977951646,139.19286895543337,127.28358208955224
1774610918,10,,Aggregated,101.300000,0.000000,8,18,23,33,110,150,170,200,290,330,330,3584,0,11,37.13214210431813,1.4096450759097934,1334.3316399259493,2928.7653459821427
1774610919,10,GET,/api/audio/latency,15.200000,0.000000,4,16,22,35,93,140,160,160,160,160,160,524,0,10,28.918850698858456,1.4096450759097934,196.30145595874637,33.0
1774610919,10,GET,/api/audio/levels,15.200000,0.000000,8,22,58,87,140,270,1200,1300,1300,1300,1300,524,0,13,67.17528299697788,1.4739589532837272,1328.6506059812382,77.51526717557252
1774610919,10,GET,/api/audio/levels (during plugin swap),4.300000,0.000000,11,20,94,99,140,150,260,260,260,260,260,134,0,9,60.89837798838323,1.4950829790905118,1329.4727200409397,76.49253731343283
1774610919,10,GET,/api/audio/levels/plugins,4.200000,0.000000,4,9,17,20,26,33,110,110,110,110,110,134,0,5,15.017877119148512,1.4111860655248165,192.69024196546525,20.791044776119403
1774610919,10,GET,/api/audio/status,10.800000,0.000000,5,14,18,18,25,91,110,150,200,200,200,386,0,6,15.872308876428155,1.4234239934012294,231.0847109183669,303.13471502590676
1774610919,10,GET,/api/chains/,1.600000,0.000000,7,18,19,21,48,48,48,48,48,48,48,104,0,15,77.57808638024682,1.985507900826633,1334.3316399259493,1478.2884615384614
1774610919,10,GET,/api/chains/{id},11.200000,0.000000,15,26,70,94,140,220,1300,1300,1300,1300,1300,386,0,12,74.21866908924017,1.8709859577938914,1328.3483020495623,804.9481865284974
1774610919,10,POST,/api/chains/{id}/activate,11.100000,0.000000,13,21,34,51,150,160,180,180,280,280,280,386,0,15,33.1377567071347,1.7499960958957672,283.61696004867554,53.78238341968912
1774610919,10,POST,/api/chains/{id}/deactivate,10.700000,0.000000,4,8,13,15,27,38,110,110,150,150,150,386,0,5,13.692164400331869,1.7259259475395083,185.60700106900185,61.22279792746114
1774610919,10,POST,/api/plugins/batch/parameters (500 updates),6.200000,0.000000,17,27,48,100,170,220,230,1300,1300,1300,1300,171,0,18,69.85055552645755,4.172908025793731,1326.5616409480572,884.9298245614035
1774610919,10,GET,/api/plugins/discover,1.600000,0.000000,28,31,32,37,330,330,330,330,330,330,330,104,0,30,42.13564685442879,12.869994970969856,334.3900569016114,89708.0
1774610919,10,GET,/api/plugins/list,1.600000,0.000000,5,5,7,18,34,34,34,34,34,34,34,104,0,8,27.245752519005553,1.4884789707139134,192.28089693933725,62.66346153846154
1774610919,10,POST,/api/plugins/load?uri,4.300000,0.000000,5,16,21,56,150,160,160,160,160,160,160,134,0,9,30.50008200894374,1.802070066332817,183.9208910241723,2251.4850746268658
1774610919,10,POST,/api/plugins/unload?uri,4.200000,0.000000,8,13,14,16,21,35,110,110,110,110,110,134,0,6,10.889776656577892,1.7325259977951646,139.19286895543337,127.28358208955224
1774610919,10,,Aggregated,102.200000,0.000000,8,17,23,34,110,150,220,330,1300,1300,1300,3611,0,11,40.47411904121976,1.4096450759097934,1334.3316399259493,2908.620049847688
1774610920,10,GET,/api/audio/latency,15.400000,0.000000,7,17,29,36,140,150,160,160,160,160,160,546,0,11,30.150589871522204,1.4096450759097934,196.30145595874637,33.0
1774610920,10,GET,/api/audio/levels,15.500000,0.000000,11,23,65,98,150,270,1200,1300,1300,1300,1300,546,0,13,66.55374509406074,1.4739589532837272,1328.6506059812382,77.5952380952381
1774610920,10,GET,/api/audio/levels (during plugin swap),4.300000,0.000000,14,55,99,130,150,160,260,260,260,260,260,135,0,9,61.6150250106498,1.4950829790905118,1329.4727200409397,76.56296296296296
1774610920,10,GET,/api/audio/levels/plugins,4.300000,0.000000,5,13,18,23,26,33,110,110,110,110,110,135,0,5,15.005525355054825,1.4111860655248165,192.69024196546525,20.83703703703704
1774610920,10,GET,/api/audio/status,11.700000,0.000000,5,13,18,18,24,88,91,110,200,200,200,398,0,6,15.55617924969194,1.4234239934012294,231.0847109183669,303.13065326633165
1774610920,10,GET,/api/chains/,1.300000,0.000000,18,19,21,21,48,48,48,48,48,48,48,104,0,15,77.57808638024682,1.985507900826633,1334.3316399259493,1478.2884615384614
1774610920,10,GET,/api/chains/{id},11.700000,0.000000,13,26,72,95,140,220,1300,1300,1300,1300,1300,398,0,12,72.68417788781787,1.8709859577938914,1328.3483020495623,805.929648241206
1774610920,10,POST,/api/chains/{id}/activate,11.700000,0.000000,14,21,34,51,150,160,170,180,280,280,280,398,0,15,32.772486578104505,1.7499960958957672,283.61696004867554,53.84422110552764
1774610920,10,POST,/api/chains/{id}/deactivate,11.600000,0.000000,4,7,12,15,27,38,110,110,150,150,150,398,0,5,13.405914403189293,1.7259259475395083,185.60700106900185,61.18341708542714
1774610920,10,POST,/api/plugins/batch/parameters (500 updates),6.700000,0.000000,17,33,84,120,170,220,230,1300,1300,1300,1300,177,0,18,68.6301755426862,4.172908025793731,1326.5616409480572,884.5988700564972
1774610920,10,GET,/api/plugins/discover,1.300000,0.000000,28,32,37,37,330,330,330,330,330,330,330,104,0,30,42.13564685442879,12.869994970969856,334.3900569016114,89708.0
1774610920,10,GET,/api/plugins/list,1.300000,0.000000,5,7,18,18,34,34,34,34,34,34,34,104,0,8,27.245752519005553,1.4884789707139134,192.28089693933725,62.66346153846154
1774610920,10,POST,/api/plugins/load?uri,4.300000,0.000000,13,19,56,110,150,160,160,160,160,160,160,135,0,9,31.43030967546144,1.802070066332817,183.9208910241723,2246.296296296296
1774610920,10,POST,/api/plugins/unload?uri,4.300000,0.000000,8,13,15,17,21,35,110,110,110,110,110,135,0,6,10.925511636391834,1.7325259977951646,139.19286895543337,127.25185185185185
1774610920,10,,Aggregated,105.400000,0.000000,9,18,26,36,120,160,220,1200,1300,1300,1300,3713,0,11,40.34267987837348,1.4096450759097934,1334.3316399259493,2835.339348235928
1774610921,10,GET,/api/audio/latency,16.700000,0.000000,5,16,27,33,140,150,160,160,160,160,160,567,0,11,29.438660377217705,1.4096450759097934,196.30145595874637,33.0
1774610921,10,GET,/api/audio/levels,16.700000,0.000000,8,18,56,96,140,180,1200,1300,1300,1300,1300,567,0,13,64.88748034872968,1.4739589532837272,1328.6506059812382,77.5626102292769
1774610921,10,GET,/api/audio/levels (during plugin swap),4.400000,0.000000,9,25,94,130,150,160,260,260,260,260,260,143,0,9,60.559981765544656,1.4950829790905118,1329.4727200409397,76.54545454545455
1774610921,10,GET,/api/audio/levels/plugins,4.400000,0.000000,5,12,18,23,27,110,150,150,150,150,150,143,0,5,16.376265347446804,1.4111860655248165,192.69024196546525,20.90909090909091
1774610921,10,GET,/api/audio/status,12.100000,0.000000,5,11,16,18,25,91,110,140,150,150,150,409,0,6,16.037682030625497,1.4234239934012294,231.0847109183669,303.12713936430316
1774610921,10,GET,/api/chains/,1.300000,0.000000,4,4,7,7,7,7,7,7,7,7,7,104,0,15,77.57808638024682,1.985507900826633,1334.3316399259493,1478.2884615384614
1774610921,10,GET,/api/chains/{id},12.100000,0.000000,12,22,60,86,140,220,1300,1300,1300,1300,1300,409,0,12,71.3712706781063,1.8709859577938914,1328.3483020495623,806.200488997555
1774610921,10,POST,/api/chains/{id}/activate,12.100000,0.000000,11,20,29,35,140,150,160,170,180,180,180,409,0,14,32.2115428971746,1.7499960958957672,283.61696004867554,53.826405867970664
1774610921,10,POST,/api/chains/{id}/deactivate,12.100000,0.000000,4,7,11,13,22,36,88,110,110,110,110,409,0,5,13.35659054105687,1.7259259475395083,185.60700106900185,61.1442542787286
1774610921,10,POST,/api/plugins/batch/parameters (500 updates),6.900000,0.000000,17,27,48,120,170,220,230,1300,1300,1300,1300,188,0,18,66.12428836214872,4.172908025793731,1326.5616409480572,883.4414893617021
1774610921,10,GET,/api/plugins/discover,1.300000,0.000000,37,37,330,330,330,330,330,330,330,330,330,104,0,30,42.13564685442879,12.869994970969856,334.3900569016114,89708.0
1774610921,10,GET,/api/plugins/list,1.300000,0.000000,5,5,7,7,7,7,7,7,7,7,7,104,0,8,27.245752519005553,1.4884789707139134,192.28089693933725,62.66346153846154
1774610921,10,POST,/api/plugins/load?uri,4.400000,0.000000,6,16,21,38,110,160,160,160,160,160,160,143,0,9,30.441518378821755,1.802070066332817,183.9208910241723,2307.5454545454545
1774610921,10,POST,/api/plugins/unload?uri,4.400000,0.000000,8,12,15,16,19,21,110,110,110,110,110,143,0,6,10.75882472625406,1.7325259977951646,139.19286895543337,127.65034965034965
1774610921,10,,Aggregated,110.200000,0.000000,7,16,21,33,110,150,200,330,1300,1300,1300,3842,0,11,39.68746360160608,1.4096450759097934,1334.3316399259493,2754.183758459136
1774610922,10,GET,/api/audio/latency,15.500000,0.000000,6,17,27,33,150,150,160,160,160,160,160,584,0,11,30.064745264746605,1.4096450759097934,196.30145595874637,33.0
1774610922,10,GET,/api/audio/levels,15.400000,0.000000,10,19,63,96,140,180,1200,1300,1300,1300,1300,584,0,13,64.57781416726019,1.4739589532837272,1328.6506059812382,77.54109589041096
1774610922,10,GET,/api/audio/levels (during plugin swap),3.900000,0.000000,9,25,55,99,150,150,180,180,180,180,180,148,0,9,59.98174040861478,1.4950829790905118,1329.4727200409397,76.51351351351352
1774610922,10,GET,/api/audio/levels/plugins,3.900000,0.000000,5,10,16,20,27,110,150,150,150,150,150,148,0,5,16.183284255266944,1.4111860655248165,192.69024196546525,20.85135135135135
1774610922,10,GET,/api/audio/status,11.600000,0.000000,5,11,16,18,25,91,110,140,150,150,150,419,0,6,15.804877605006935,1.4234239934012294,231.0847109183669,303.1241050119332
1774610922,10,GET,/api/chains/,0.900000,0.000000,4,4,7,7,7,7,7,7,7,7,7,104,0,15,77.57808638024682,1.985507900826633,1334.3316399259493,1478.2884615384614
1774610922,10,GET,/api/chains/{id},11.600000,0.000000,11,22,58,80,130,170,1300,1300,1300,1300,1300,419,0,12,70.30724908468626,1.8709859577938914,1328.3483020495623,805.8377088305489
1774610922,10,POST,/api/chains/{id}/activate,11.600000,0.000000,11,20,26,34,140,160,160,170,180,180,180,419,0,14,32.01727217606764,1.7499960958957672,283.61696004867554,53.85441527446301
1774610922,10,POST,/api/chains/{id}/deactivate,11.600000,0.000000,4,7,11,14,23,36,88,110,110,110,110,419,0,5,13.280130559100652,1.7259259475395083,185.60700106900185,61.04534606205251
1774610922,10,POST,/api/plugins/batch/parameters (500 updates),6.300000,0.000000,16,24,86,120,180,220,240,1300,1300,1300,1300,198,0,17,66.31347568202388,4.172908025793731,1326.5616409480572,884.070707070707
1774610922,10,GET,/api/plugins/discover,0.900000,0.000000,37,37,330,330,330,330,330,330,330,330,330,104,0,30,42.13564685442879,12.869994970969856,334.3900569016114,89708.0
1774610922,10,GET,/api/plugins/list,0.900000,0.000000,5,5,7,7,7,7,7,7,7,7,7,104,0,8,27.245752519005553,1.4884789707139134,192.28089693933725,62.66346153846154
1774610922,10,POST,/api/plugins/load?uri,3.900000,0.000000,6,16,21,30,71,160,160,160,160,160,160,148,0,9,30.733035351904864,1.802070066332817,183.9208910241723,2297.837837837838
1774610922,10,POST,/api/plugins/unload?uri,3.900000,0.000000,7,12,14,16,18,19,110,110,110,110,110,148,0,6,10.658179330356369,1.7325259977951646,139.19286895543337,127.51351351351352
1774610922,10,,Aggregated,101.900000,0.000000,8,16,21,33,110,150,180,240,1300,1300,1300,3946,0,11,39.57020417231669,1.4096450759097934,1334.3316399259493,2690.2313735428284
1774610923,10,GET,/api/audio/latency,15.400000,0.000000,5,16,20,29,140,150,150,160,160,160,160,602,0,10,29.360562416553137,1.4060119865462184,196.30145595874637,33.0
1774610923,10,GET,/api/audio/levels,15.400000,0.000000,8,16,52,88,110,160,1200,1300,1300,1300,1300,602,0,12,63.14163315871829,1.452918048016727,1328.6506059812382,77.49169435215947
1774610923,10,GET,/api/audio/levels (during plugin swap),3.600000,0.000000,8,15,40,99,140,150,180,180,180,180,180,157,0,9,58.65663124076357,1.4950829790905118,1329.4727200409397,76.89171974522293
1774610923,10,GET,/api/audio/levels/plugins,3.500000,0.000000,4,6,10,13,26,110,150,150,150,150,150,157,0,5,15.490262253820944,1.4111860655248165,192.69024196546525,20.955414012738853
1774610923,10,GET,/api/audio/status,11.200000,0.000000,4,8,12,16,21,91,110,140,150,150,150,431,0,6,15.43691508896571,1.4228629879653454,231.0847109183669,303.12064965197214
1774610923,10,GET,/api/chains/,0.800000,0.000000,7,7,7,7,7,7,7,7,7,7,7,104,0,15,77.57808638024682,1.985507900826633,1334.3316399259493,1478.2884615384614
1774610923,10,GET,/api/chains/{id},11.200000,0.000000,10,17,49,70,130,170,1300,1300,1300,1300,1300,431,0,11,68.91827353950495,1.8709859577938914,1328.3483020495623,805.9025522041763
1774610923,10,POST,/api/chains/{id}/activate,11.200000,0.000000,9,18,24,34,92,150,160,170,180,180,180,431,0,14,31.673396948623427,1.7499960958957672,283.61696004867554,53.793503480278424
1774610923,10,POST,/api/chains/{id}/deactivate,11.200000,0.000000,3,6,10,13,22,35,88,110,110,110,110,431,0,5,13.011007499232836,1.703101908788085,185.60700106900185,61.071925754060324
1774610923,10,POST,/api/plugins/batch/parameters (500 updates),6.500000,0.000000,17,27,86,110,150,200,240,1300,1300,1300,1300,211,0,18,65.19746406763015,4.172908025793731,1326.5616409480572,884.0758293838862
1774610923,10,GET,/api/plugins/discover,0.800000,0.000000,32,32,32,32,32,32,32,32,32,32,32,104,0,30,42.13564685442879,12.869994970969856,334.3900569016114,89708.0
1774610923,10,GET,/api/plugins/list,0.800000,0.000000,5,5,5,5,5,5,5,5,5,5,5,104,0,8,27.245752519005553,1.4884789707139134,192.28089693933725,62.66346153846154
1774610923,10,POST,/api/plugins/load?uri,3.500000,0.000000,5,15,17,19,50,71,160,160,160,160,160,157,0,8,29.412659087550537,1.802070066332817,183.9208910241723,2265.2866242038217
1774610923,10,POST,/api/plugins/unload?uri,3.500000,0.000000,7,12,14,15,18,19,110,110,110,110,110,157,0,6,10.5552733949961,1.7325259977951646,139.19286895543337,127.2547770700637
1774610923,10,,Aggregated,98.600000,0.000000,6,14,19,27,100,150,170,240,1300,1300,1300,4079,0,10,38.798447037821205,1.4060119865462184,1334.3316399259493,2613.7371904878646
1774610924,10,GET,/api/audio/latency,16.300000,0.000000,6,17,21,30,140,150,150,160,160,160,160,612,0,10,29.48770842311776,1.4060119865462184,196.30145595874637,33.0
1774610924,10,GET,/api/audio/levels,16.300000,0.000000,9,17,63,94,130,160,1200,1300,1300,1300,1300,612,0,13,62.90160341730822,1.452918048016727,1328.6506059812382,77.50326797385621
1774610924,10,GET,/api/audio/levels (during plugin swap),3.900000,0.000000,9,27,84,98,140,150,180,180,180,180,180,165,0,9,58.53655113852724,1.4950829790905118,1329.4727200409397,77.0969696969697
1774610924,10,GET,/api/audio/levels/plugins,3.900000,0.000000,5,8,12,13,26,140,190,190,190,190,190,165,0,5,16.324752102126226,1.4111860655248165,192.69024196546525,20.933333333333334
1774610924,10,GET,/api/audio/status,11.300000,0.000000,5,10,15,17,31,91,150,180,180,180,180,446,0,6,16.093254317226716,1.4228629879653454,231.0847109183669,303.1457399103139
1774610924,10,GET,/api/chains/,0.400000,0.000000,7,7,7,7,7,7,7,7,7,7,7,104,0,15,77.57808638024682,1.985507900826633,1334.3316399259493,1478.2884615384614
1774610924,10,GET,/api/chains/{id},11.400000,0.000000,12,23,60,87,130,170,1300,1300,1300,1300,1300,446,0,12,68.30154140709561,1.8709859577938914,1328.3483020495623,806.5762331838565
1774610924,10,POST,/api/chains/{id}/activate,11.300000,0.000000,11,18,25,38,150,160,160,170,180,180,180,446,0,14,32.68930432543309,1.7499960958957672,283.61696004867554,53.946188340807176
1774610924,10,POST,/api/chains/{id}/deactivate,11.300000,0.000000,4,8,11,14,23,36,88,110,110,110,110,446,0,5,13.011817969413132,1.703101908788085,185.60700106900185,60.99103139013453
1774610924,10,POST,/api/plugins/batch/parameters (500 updates),6.500000,0.000000,17,31,93,120,170,200,240,1300,1300,1300,1300,216,0,18,64.9030643997119,4.172908025793731,1326.5616409480572,884.3425925925926
1774610924,10,GET,/api/plugins/discover,0.400000,0.000000,32,32,32,32,32,32,32,32,32,32,32,104,0,30,42.13564685442879,12.869994970969856,334.3900569016114,89708.0
1774610924,10,GET,/api/plugins/list,0.400000,0.000000,5,5,5,5,5,5,5,5,5,5,5,104,0,8,27.245752519005553,1.4884789707139134,192.28089693933725,62.66346153846154
1774610924,10,POST,/api/plugins/load?uri,3.900000,0.000000,9,16,19,19,38,160,160,160,160,160,160,165,0,9,29.512814258817922,1.802070066332817,183.9208910241723,2254.1272727272726
1774610924,10,POST,/api/plugins/unload?uri,3.900000,0.000000,8,13,15,15,18,35,160,160,160,160,160,165,0,7,11.487682285775064,1.7325259977951646,160.50132003147155,127.27878787878788
1774610924,10,,Aggregated,101.200000,0.000000,8,16,21,32,110,150,180,240,1300,1300,1300,4196,0,10,38.84296560442711,1.4060119865462184,1334.3316399259493,2550.963298379409
1774610925,10,GET,/api/audio/latency,16.100000,0.000000,5,17,20,28,140,150,150,160,160,160,160,633,0,10,28.84518714731274,1.4060119865462184,196.30145595874637,33.0
1774610925,10,GET,/api/audio/levels,16.200000,0.000000,8,16,51,71,110,150,1200,1300,1300,1300,1300,633,0,12,61.39849778577409,1.452918048016727,1328.6506059812382,77.51816745655609
1774610925,10,GET,/api/audio/levels (during plugin swap),4.300000,0.000000,8,26,62,94,140,150,180,180,180,180,180,169,0,9,57.25134918796857,1.4950829790905118,1329.4727200409397,77.0
1774610925,10,GET,/api/audio/levels/plugins,4.400000,0.000000,5,9,13,15,26,140,190,190,190,190,190,169,0,5,16.184291111432103,1.4111860655248165,192.69024196546525,20.923076923076923
1774610925,10,GET,/api/audio/status,11.800000,0.000000,4,9,13,15,29,91,150,180,180,180,180,464,0,6,15.778979887194321,1.4228629879653454,231.0847109183669,303.14008620689657
1774610925,10,GET,/api/chains/,0.200000,0.000000,4,4,4,4,4,4,4,4,4,4,4,104,0,15,77.57808638024682,1.985507900826633,1334.3316399259493,1478.2884615384614
1774610925,10,GET,/api/chains/{id},11.600000,0.000000,9,18,36,70,97,140,1300,1300,1300,1300,1300,464,0,11,65.96027461135488,1.8709859577938914,1328.3483020495623,805.8900862068965
1774610925,10,POST,/api/chains/{id}/activate,11.700000,0.000000,7,16,21,29,110,160,160,170,180,180,180,464,0,13,31.687133459290006,1.7499960958957672,283.61696004867554,54.07327586206897
1774610925,10,POST,/api/chains/{id}/deactivate,11.800000,0.000000,4,8,12,14,20,35,39,88,150,150,150,462,0,5,13.108656659280857,1.703101908788085,185.60700106900185,60.97186147186147
1774610925,10,POST,/api/plugins/batch/parameters (500 updates),6.600000,0.000000,15,23,77,110,130,180,240,1300,1300,1300,1300,225,0,17,63.209850058580436,4.172908025793731,1326.5616409480572,885.0177777777777
1774610925,10,GET,/api/plugins/discover,0.200000,0.000000,32,32,32,32,32,32,32,32,32,32,32,104,0,30,42.13564685442879,12.869994970969856,334.3900569016114,89708.0
1774610925,10,GET,/api/plugins/list,0.200000,0.000000,4,4,4,4,4,4,4,4,4,4,4,104,0,8,27.245752519005553,1.4884789707139134,192.28089693933725,62.66346153846154
1774610925,10,POST,/api/plugins/load?uri,4.300000,0.000000,9,16,19,21,38,160,160,160,160,160,160,169,0,9,29.171969778780667,1.802070066332817,183.9208910241723,2237.1420118343194
1774610925,10,POST,/api/plugins/unload?uri,4.400000,0.000000,7,10,15,15,18,24,160,160,160,160,160,169,0,7,11.342881782636178,1.7325259977951646,160.50132003147155,127.25443786982248
1774610925,10,,Aggregated,103.800000,0.000000,7,15,19,26,96,150,170,240,1300,1300,1300,4333,0,10,37.98152131495747,1.4060119865462184,1334.3316399259493,2479.3351027002077
1774610926,10,GET,/api/audio/latency,16.400000,0.000000,9,17,23,28,140,150,160,160,160,160,160,649,0,10,29.125893070758572,1.4060119865462184,196.30145595874637,33.0
1774610926,10,GET,/api/audio/levels,16.400000,0.000000,11,26,62,92,110,150,1200,1300,1300,1300,1300,649,0,13,61.13731579475524,1.452918048016727,1328.6506059812382,77.44684129429892
1774610926,10,GET,/api/audio/levels (during plugin swap),4.800000,0.000000,7,20,59,84,140,150,180,180,180,180,180,175,0,9,55.583095176012385,1.4950829790905118,1329.4727200409397,77.08571428571429
1774610926,10,GET,/api/audio/levels/plugins,4.800000,0.000000,5,9,13,15,100,140,190,190,190,190,190,175,0,5,16.87844722797828,1.4111860655248165,192.69024196546525,20.834285714285713
1774610926,10,GET,/api/audio/status,11.400000,0.000000,5,10,13,15,19,31,150,180,180,180,180,479,0,6,15.58536897041098,1.4228629879653454,231.0847109183669,303.1356993736952
1774610926,10,GET,/api/chains/,0.200000,0.000000,4,4,4,4,4,4,4,4,4,4,4,104,0,15,77.57808638024682,1.985507900826633,1334.3316399259493,1478.2884615384614
1774610926,10,GET,/api/chains/{id},11.400000,0.000000,8,15,36,70,96,140,1300,1300,1300,1300,1300,479,0,11,65.07457293291034,1.8709859577938914,1328.3483020495623,806.1524008350731
1774610926,10,POST,/api/chains/{id}/activate,11.400000,0.000000,6,15,21,24,110,160,160,160,160,160,160,479,0,13,31.743057144344988,1.7499960958957672,283.61696004867554,54.102296450939455
1774610926,10,POST,/api/chains/{id}/deactivate,11.400000,0.000000,4,9,14,14,20,34,150,150,150,150,150,479,0,5,13.553732882656297,1.703101908788085,185.60700106900185,60.95615866388309
1774610926,10,POST,/api/plugins/batch/parameters (500 updates),7.400000,0.000000,16,28,93,120,180,220,270,1300,1300,1300,1300,233,0,17,64.95198936955084,4.172908025793731,1326.5616409480572,884.8025751072961
1774610926,10,GET,/api/plugins/discover,0.200000,0.000000,32,32,32,32,32,32,32,32,32,32,32,104,0,30,42.13564685442879,12.869994970969856,334.3900569016114,89708.0
1774610926,10,GET,/api/plugins/list,0.200000,0.000000,4,4,4,4,4,4,4,4,4,4,4,104,0,8,27.245752519005553,1.4884789707139134,192.28089693933725,62.66346153846154
1774610926,10,POST,/api/plugins/load?uri,4.800000,0.000000,9,17,19,23,38,160,160,160,160,160,160,175,0,9,28.90710526744702,1.802070066332817,183.9208910241723,2255.6285714285714
1774610926,10,POST,/api/plugins/unload?uri,4.800000,0.000000,6,12,15,16,18,25,160,160,160,160,160,175,0,6,12.057600578825388,1.7325259977951646,160.50132003147155,127.16
1774610926,10,,Aggregated,105.600000,0.000000,8,15,20,27,100,150,180,1200,1300,1300,1300,4459,0,10,37.94153187567329,1.4060119865462184,1334.3316399259493,2419.447409733124
1774610928,10,GET,/api/audio/latency,15.900000,0.000000,10,19,25,28,150,150,160,160,160,160,160,662,0,10,28.70113038024626,1.4060119865462184,196.30145595874637,33.0
1774610928,10,GET,/api/audio/levels,15.900000,0.000000,12,29,69,97,120,160,1300,1300,1300,1300,1300,662,0,12,60.40853366791763,1.452918048016727,1328.6506059812382,77.45770392749245
1774610928,10,GET,/api/audio/levels (during plugin swap),4.800000,0.000000,8,21,59,84,140,150,160,180,180,180,180,184,0,9,54.73876893760778,1.4950829790905118,1329.4727200409397,77.16847826086956
1774610928,10,GET,/api/audio/levels/plugins,4.800000,0.000000,5,9,12,13,26,140,150,190,190,190,190,184,0,5,16.31308801069795,1.4111860655248165,192.69024196546525,20.85326086956522
1774610928,10,GET,/api/audio/status,11.500000,0.000000,5,10,13,15,19,31,150,180,180,180,180,490,0,6,15.289752785002394,1.4228629879653454,231.0847109183669,303.1326530612245
1774610928,10,GET,/api/chains/,0.100000,0.000000,4,4,4,4,4,4,4,4,4,4,4,104,0,15,77.57808638024682,1.985507900826633,1334.3316399259493,1478.2884615384614
1774610928,10,GET,/api/chains/{id},11.600000,0.000000,8,17,41,70,97,140,1300,1300,1300,1300,1300,491,0,11,63.963070370744376,1.8709859577938914,1328.3483020495623,807.2749490835031
1774610928,10,POST,/api/chains/{id}/activate,11.500000,0.000000,7,16,21,24,110,160,160,160,160,160,160,491,0,13,31.230263540268993,1.7499960958957672,283.61696004867554,54.04276985743381
1774610928,10,POST,/api/chains/{id}/deactivate,11.700000,0.000000,5,10,14,14,22,36,150,150,150,150,150,490,0,5,13.629569342521457,1.703101908788085,185.60700106900185,60.97959183673469
1774610928,10,POST,/api/plugins/batch/parameters (500 updates),7.000000,0.000000,15,22,77,120,150,220,270,1300,1300,1300,1300,250,0,17,62.3221626682207,4.150638938881457,1326.5616409480572,884.816
1774610928,10,GET,/api/plugins/discover,0.100000,0.000000,32,32,32,32,32,32,32,32,32,32,32,104,0,30,42.13564685442879,12.869994970969856,334.3900569016114,89708.0
1774610928,10,GET,/api/plugins/list,0.100000,0.000000,4,4,4,4,4,4,4,4,4,4,4,104,0,8,27.245752519005553,1.4884789707139134,192.28089693933725,62.66346153846154
1774610928,10,POST,/api/plugins/load?uri,4.800000,0.000000,9,17,21,22,33,160,160,160,160,160,160,184,0,9,28.034474672218177,1.802070066332817,183.9208910241723,2322.038043478261
1774610928,10,POST,/api/plugins/unload?uri,4.900000,0.000000,5,9,14,15,18,25,160,160,160,160,160,181,0,6,11.738902725824747,1.7325259977951646,160.50132003147155,127.353591160221
1774610928,10,,Aggregated,104.700000,0.000000,8,15,21,27,110,150,180,1200,1300,1300,1300,4581,0,10,37.35471425227405,1.4060119865462184,1334.3316399259493,2369.325911373063
1774610929,10,GET,/api/audio/latency,16.100000,0.000000,9,18,23,28,150,160,160,160,160,160,160,684,0,10,29.25108035747915,1.4060119865462184,196.30145595874637,33.0
1774610929,10,GET,/api/audio/levels,16.100000,0.000000,11,22,58,85,110,140,150,160,190,190,190,684,0,12,59.693763439328414,1.452918048016727,1328.6506059812382,77.39035087719299
1774610929,10,GET,/api/audio/levels (during plugin swap),4.600000,0.000000,8,21,59,98,140,150,160,180,180,180,180,187,0,9,54.5119876869989,1.4950829790905118,1329.4727200409397,77.10160427807487
1774610929,10,GET,/api/audio/levels/plugins,4.700000,0.000000,5,9,12,15,26,140,150,190,190,190,190,187,0,5,16.168131512953316,1.4111860655248165,192.69024196546525,20.951871657754012
1774610929,10,GET,/api/audio/status,12.300000,0.000000,5,9,13,14,18,31,150,180,180,180,180,498,0,6,15.424550133878851,1.4228629879653454,231.0847109183669,303.1305220883534
1774610929,10,GET,/api/chains/,0.000000,0.000000,4,4,4,4,4,4,4,4,4,4,4,104,0,15,77.57808638024682,1.985507900826633,1334.3316399259493,1478.2884615384614
1774610929,10,GET,/api/chains/{id},11.900000,0.000000,8,15,31,53,94,120,140,170,180,180,180,498,0,11,63.749364025546726,1.8709859577938914,1328.3483020495623,807.1084337349398
1774610929,10,POST,/api/chains/{id}/activate,12.000000,0.000000,7,15,21,23,110,160,160,180,190,190,190,498,0,13,31.62462463327515,1.7499960958957672,283.61696004867554,53.975903614457835
1774610929,10,POST,/api/chains/{id}/deactivate,12.400000,0.000000,4,9,14,14,20,36,150,150,150,150,150,498,0,5,13.49648632540229,1.703101908788085,185.60700106900185,60.99598393574297
1774610929,10,POST,/api/plugins/batch/parameters (500 updates),7.400000,0.000000,15,23,77,110,140,180,240,270,270,270,270,259,0,17,61.74572419355404,4.150638938881457,1326.5616409480572,884.2818532818533
1774610929,10,GET,/api/plugins/discover,0.000000,0.000000,32,32,32,32,32,32,32,32,32,32,32,104,0,30,42.13564685442879,12.869994970969856,334.3900569016114,89708.0
1774610929,10,GET,/api/plugins/list,0.000000,0.000000,4,4,4,4,4,4,4,4,4,4,4,104,0,8,27.245752519005553,1.4884789707139134,192.28089693933725,62.66346153846154
1774610929,10,POST,/api/plugins/load?uri,4.600000,0.000000,8,17,21,23,38,160,160,160,160,160,160,187,0,9,28.475683874744465,1.802070066332817,183.9208910241723,2312.609625668449
1774610929,10,POST,/api/plugins/unload?uri,4.700000,0.000000,6,12,15,16,25,150,160,160,160,160,160,187,0,6,13.843643595464528,1.7325259977951646,160.50132003147155,127.44385026737967
1774610929,10,,Aggregated,106.800000,0.000000,8,15,20,27,110,150,160,180,240,270,270,4679,0,10,37.43193444703252,1.4060119865462184,1334.3316399259493,2325.1139132293224
1774610930,10,GET,/api/audio/latency,16.100000,0.000000,5,16,19,23,100,150,160,160,160,160,160,696,0,10,28.824985765279326,1.4060119865462184,196.30145595874637,33.0
1774610930,10,GET,/api/audio/levels,16.100000,0.000000,8,17,47,62,110,130,150,160,190,190,190,696,0,12,58.762666234584664,1.452918048016727,1328.6506059812382,77.35201149425288
1774610930,10,GET,/api/audio/levels (during plugin swap),4.600000,0.000000,7,20,44,84,130,140,150,180,180,180,180,190,0,9,53.70194190794504,1.4950829790905118,1329.4727200409397,77.10526315789474
1774610930,10,GET,/api/audio/levels/plugins,4.700000,0.000000,5,9,12,15,26,140,150,190,190,190,190,190,0,5,15.937843946985117,1.4111860655248165,192.69024196546525,20.910526315789475
1774610930,10,GET,/api/audio/status,12.300000,0.000000,5,8,13,14,20,31,150,180,180,180,180,504,0,6,15.280495602859272,1.4228629879653454,231.0847109183669,303.12896825396825
1774610930,10,GET,/api/chains/,0.000000,0.000000,4,4,4,4,4,4,4,4,4,4,4,104,0,15,77.57808638024682,1.985507900826633,1334.3316399259493,1478.2884615384614
1774610930,10,GET,/api/chains/{id},11.900000,0.000000,8,14,27,49,94,110,130,170,180,180,180,504,0,11,63.06689225727626,1.8709859577938914,1328.3483020495623,807.1190476190476
1774610930,10,POST,/api/chains/{id}/activate,12.000000,0.000000,7,16,20,22,110,160,160,180,190,190,190,504,0,12,31.352650266767125,1.7499960958957672,283.61696004867554,53.99801587301587
1774610930,10,POST,/api/chains/{id}/deactivate,12.400000,0.000000,5,9,14,14,22,36,150,150,150,150,150,504,0,5,13.37994044066392,1.703101908788085,185.60700106900185,61.007936507936506
1774610930,10,POST,/api/plugins/batch/parameters (500 updates),7.400000,0.000000,15,22,57,110,140,180,240,270,270,270,270,267,0,17,60.235375138644955,4.150638938881457,1326.5616409480572,884.2359550561798
1774610930,10,GET,/api/plugins/discover,0.000000,0.000000,32,32,32,32,32,32,32,32,32,32,32,104,0,30,42.13564685442879,12.869994970969856,334.3900569016114,89708.0
1774610930,10,GET,/api/plugins/list,0.000000,0.000000,4,4,4,4,4,4,4,4,4,4,4,104,0,8,27.245752519005553,1.4884789707139134,192.28089693933725,62.66346153846154
1774610930,10,POST,/api/plugins/load?uri,4.600000,0.000000,8,17,19,22,33,160,160,160,160,160,160,190,0,8,28.080934909245883,1.802070066332817,183.9208910241723,2288.9578947368423
1774610930,10,POST,/api/plugins/unload?uri,4.700000,0.000000,5,10,15,16,25,150,160,160,160,160,160,190,0,6,13.653837300616464,1.7325259977951646,160.50132003147155,127.38421052631578
1774610930,10,,Aggregated,106.800000,0.000000,7,14,18,23,98,150,160,180,240,270,270,4747,0,10,36.97516593694344,1.4060119865462184,1334.3316399259493,2295.7748051400886
1774610931,10,GET,/api/audio/latency,15.800000,0.000000,6,17,21,23,110,160,160,160,160,160,160,699,0,10,28.813475271445753,1.4060119865462184,196.30145595874637,33.0
1774610931,10,GET,/api/audio/levels,15.700000,0.000000,8,22,56,69,110,140,1200,1200,1300,1300,1300,699,0,12,63.858529708703955,1.452918048016727,1328.6506059812382,77.38912732474964
1774610931,10,GET,/api/audio/levels (during plugin swap),5.200000,0.000000,7,20,44,62,120,140,180,180,180,180,180,190,0,9,53.70194190794504,1.4950829790905118,1329.4727200409397,77.10526315789474
1774610931,10,GET,/api/audio/levels/plugins,5.200000,0.000000,5,9,12,13,20,100,190,190,190,190,190,190,0,5,15.937843946985117,1.4111860655248165,192.69024196546525,20.910526315789475
1774610931,10,GET,/api/audio/status,11.700000,0.000000,5,9,13,14,20,29,180,180,180,180,180,509,0,6,15.281900211625269,1.4228629879653454,231.0847109183669,303.1277013752456
1774610931,10,GET,/api/chains/,0.000000,0.000000,4,4,4,4,4,4,4,4,4,4,4,104,0,15,77.57808638024682,1.985507900826633,1334.3316399259493,1478.2884615384614
1774610931,10,GET,/api/chains/{id},11.800000,0.000000,8,22,49,77,110,1200,1300,1300,1300,1300,1300,509,0,11,74.716873113377,1.8709859577938914,1328.3483020495623,807.6463654223969
1774610931,10,POST,/api/chains/{id}/activate,11.800000,0.000000,7,18,22,24,150,160,180,190,190,190,190,509,0,13,31.5120313488119,1.7499960958957672,283.61696004867554,53.95874263261297
1774610931,10,POST,/api/chains/{id}/deactivate,11.800000,0.000000,5,10,13,14,22,39,150,150,150,150,150,509,0,5,13.355800737206017,1.703101908788085,185.60700106900185,61.017681728880156
1774610931,10,POST,/api/plugins/batch/parameters (500 updates),8.400000,0.000000,13,23,90,110,150,220,1300,1300,1300,1300,1300,269,0,17,69.57422445362025,4.150638938881457,1343.4202540665865,884.1003717472119
1774610931,10,GET,/api/plugins/discover,0.000000,0.000000,32,32,32,32,32,32,32,32,32,32,32,104,0,30,42.13564685442879,12.869994970969856,334.3900569016114,89708.0
1774610931,10,GET,/api/plugins/list,0.000000,0.000000,4,4,4,4,4,4,4,4,4,4,4,104,0,8,27.245752519005553,1.4884789707139134,192.28089693933725,62.66346153846154
1774610931,10,POST,/api/plugins/load?uri,5.200000,0.000000,8,17,19,21,33,160,160,160,160,160,160,190,0,8,28.080934909245883,1.802070066332817,183.9208910241723,2288.9578947368423
1774610931,10,POST,/api/plugins/unload?uri,4.900000,0.000000,5,10,15,16,150,150,160,160,160,160,160,190,0,6,13.653837300616464,1.7325259977951646,160.50132003147155,127.38421052631578
1774610931,10,,Aggregated,107.500000,0.000000,7,15,20,25,110,150,180,1200,1300,1300,1300,4775,0,10,39.494293730691346,1.4060119865462184,1343.4202540665865,2284.0860732984293
1774610932,10,GET,/api/audio/latency,17.200000,0.000000,6,17,21,24,140,150,160,160,160,160,160,722,0,10,29.31678866151039,1.4060119865462184,196.30145595874637,33.0
1774610932,10,GET,/api/audio/levels,17.200000,0.000000,8,19,47,62,120,140,1200,1200,1300,1300,1300,722,0,12,63.11090693823926,1.452918048016727,1328.6506059812382,77.37534626038781
1774610932,10,GET,/api/audio/levels (during plugin swap),5.600000,0.000000,7,15,44,62,110,130,140,140,140,140,140,191,0,9,53.44691302893069,1.4950829790905118,1329.4727200409397,77.08376963350786
1774610932,10,GET,/api/audio/levels/plugins,5.600000,0.000000,4,6,11,12,16,100,190,190,190,190,190,191,0,5,15.862637528593783,1.4111860655248165,192.69024196546525,20.94240837696335
1774610932,10,GET,/api/audio/status,11.800000,0.000000,6,9,13,15,20,29,180,180,180,180,180,520,0,6,15.14051055710297,1.4228629879653454,231.0847109183669,303.125
1774610932,10,GET,/api/chains/,0.000000,0.000000,4,4,4,4,4,4,4,4,4,4,4,104,0,15,77.57808638024682,1.985507900826633,1334.3316399259493,1478.2884615384614
1774610932,10,GET,/api/chains/{id},11.800000,0.000000,9,21,36,70,97,180,1300,1300,1300,1300,1300,521,0,11,73.40631043898647,1.8709859577938914,1328.3483020495623,808.0019193857966
1774610932,10,POST,/api/chains/{id}/activate,11.800000,0.000000,7,17,21,24,120,160,160,180,190,190,190,521,0,12,31.373057020390174,1.7499960958957672,283.61696004867554,53.953934740882914
1774610932,10,POST,/api/chains/{id}/deactivate,11.800000,0.000000,5,9,12,14,19,39,150,150,150,150,150,520,0,5,13.205316614655134,1.703101908788085,185.60700106900185,60.99038461538461
1774610932,10,POST,/api/plugins/batch/parameters (500 updates),9.600000,0.000000,16,31,86,110,170,180,1300,1300,1300,1300,1300,280,0,17,69.70955921403531,4.150638938881457,1343.4202540665865,883.7678571428571
1774610932,10,GET,/api/plugins/discover,0.000000,0.000000,32,32,32,32,32,32,32,32,32,32,32,104,0,30,42.13564685442879,12.869994970969856,334.3900569016114,89708.0
1774610932,10,GET,/api/plugins/list,0.000000,0.000000,4,4,4,4,4,4,4,4,4,4,4,104,0,8,27.245752519005553,1.4884789707139134,192.28089693933725,62.66346153846154
1774610932,10,POST,/api/plugins/load?uri,5.600000,0.000000,6,15,17,21,25,83,160,160,160,160,160,191,0,8,27.946344428056978,1.802070066332817,183.9208910241723,2285.0314136125653
1774610932,10,POST,/api/plugins/unload?uri,5.600000,0.000000,5,8,15,16,150,150,160,160,160,160,160,191,0,6,13.591750424369897,1.7325259977951646,160.50132003147155,127.38219895287958
1774610932,10,,Aggregated,113.600000,0.000000,7,15,20,24,110,150,180,1200,1300,1300,1300,4882,0,10,39.33573129256086,1.4060119865462184,1343.4202540665865,2239.850471118394
1774610933,10,GET,/api/audio/latency,17.200000,0.000000,7,16,22,24,140,150,160,160,160,160,160,738,0,9,28.825692169785974,1.4060119865462184,196.30145595874637,33.0
1774610933,10,GET,/api/audio/levels,17.200000,0.000000,9,22,53,66,120,140,1200,1200,1300,1300,1300,738,0,12,62.303791296173664,1.452918048016727,1328.6506059812382,77.40379403794039
1774610933,10,GET,/api/audio/levels (during plugin swap),5.600000,0.000000,7,15,59,62,110,120,140,140,140,140,140,193,0,9,53.2626817847356,1.4950829790905118,1329.4727200409397,77.10880829015544
1774610933,10,GET,/api/audio/levels/plugins,5.600000,0.000000,4,9,12,15,20,110,190,190,190,190,190,193,0,5,15.726521403716944,1.4111860655248165,192.69024196546525,20.93782383419689
1774610933,10,GET,/api/audio/status,11.800000,0.000000,6,9,13,15,20,24,140,180,180,180,180,535,0,6,14.862740560539207,1.4228629879653454,231.0847109183669,303.1214953271028
1774610933,10,GET,/api/chains/,0.000000,0.000000,4,4,4,4,4,4,4,4,4,4,4,104,0,15,77.57808638024682,1.985507900826633,1334.3316399259493,1478.2884615384614
1774610933,10,GET,/api/chains/{id},11.800000,0.000000,8,18,34,70,100,180,1300,1300,1300,1300,1300,535,0,11,71.81275346703723,1.8709859577938914,1328.3483020495623,808.6598130841121
1774610933,10,POST,/api/chains/{id}/activate,11.800000,0.000000,7,16,20,24,110,160,160,180,190,190,190,535,0,12,30.73784095783518,1.7499960958957672,283.61696004867554,53.97196261682243
1774610933,10,POST,/api/chains/{id}/deactivate,11.800000,0.000000,5,9,12,14,19,39,150,150,150,150,150,535,0,5,13.20611289506517,1.703101908788085,185.60700106900185,61.018691588785046
1774610933,10,POST,/api/plugins/batch/parameters (500 updates),9.600000,0.000000,15,23,80,100,170,180,1300,1300,1300,1300,1300,297,0,17,67.81158108626389,4.150638938881457,1343.4202540665865,883.5151515151515
1774610933,10,GET,/api/plugins/discover,0.000000,0.000000,32,32,32,32,32,32,32,32,32,32,32,104,0,30,42.13564685442879,12.869994970969856,334.3900569016114,89708.0
1774610933,10,GET,/api/plugins/list,0.000000,0.000000,4,4,4,4,4,4,4,4,4,4,4,104,0,8,27.245752519005553,1.4884789707139134,192.28089693933725,62.66346153846154
1774610933,10,POST,/api/plugins/load?uri,5.600000,0.000000,8,17,21,21,33,160,160,160,160,160,160,193,0,8,27.74439912308683,1.802070066332817,183.9208910241723,2271.917098445596
1774610933,10,POST,/api/plugins/unload?uri,5.600000,0.000000,4,8,16,18,150,160,160,160,160,160,160,193,0,6,13.479432948247332,1.7325259977951646,160.50132003147155,127.27979274611398
1774610933,10,,Aggregated,113.600000,0.000000,7,15,20,24,110,150,180,1200,1300,1300,1300,4997,0,9,38.789254616785136,1.4060119865462184,1343.4202540665865,2195.730238142886
1774610934,10,GET,/api/audio/latency,15.300000,0.000000,6,16,22,26,150,160,160,160,160,160,160,759,0,9,29.794515696156658,1.4060119865462184,196.30145595874637,33.0
1774610934,10,GET,/api/audio/levels,15.300000,0.000000,8,23,56,81,130,180,1200,1200,1300,1300,1300,759,0,12,62.36067647221762,1.452918048016727,1328.6506059812382,77.33333333333333
1774610934,10,GET,/api/audio/levels (during plugin swap),4.800000,0.000000,6,8,15,21,110,110,140,140,140,140,140,194,0,9,53.02330453342461,1.4950829790905118,1329.4727200409397,77.15463917525773
1774610934,10,GET,/api/audio/levels/plugins,4.800000,0.000000,3,5,9,12,20,100,110,110,110,110,110,194,0,5,15.658187571932206,1.4111860655248165,192.69024196546525,20.969072164948454
1774610934,10,GET,/api/audio/status,11.100000,0.000000,5,7,11,13,17,20,22,29,140,140,140,550,0,6,14.61412703406743,1.4228629879653454,231.0847109183669,303.1181818181818
1774610934,10,GET,/api/chains/,0.000000,0.000000,0,0,0,0,0,0,0,0,0,0,0,104,0,15,77.57808638024682,1.985507900826633,1334.3316399259493,1478.2884615384614
1774610934,10,GET,/api/chains/{id},11.000000,0.000000,6,13,23,41,100,180,1300,1300,1300,1300,1300,551,0,10,70.5388058910819,1.8709859577938914,1328.3483020495623,807.6823956442831
1774610934,10,POST,/api/chains/{id}/activate,11.100000,0.000000,6,15,20,22,41,130,160,180,190,190,190,551,0,12,30.44770040719207,1.7499960958957672,283.61696004867554,53.96551724137931
1774610934,10,POST,/api/chains/{id}/deactivate,11.100000,0.000000,4,7,10,11,16,22,150,150,150,150,150,550,0,5,12.962195892733606,1.703101908788085,185.60700106900185,61.04545454545455
1774610934,10,POST,/api/plugins/batch/parameters (500 updates),9.200000,0.000000,15,22,80,100,180,190,1300,1300,1300,1300,1300,306,0,17,67.10472556738048,4.150638938881457,1343.4202540665865,883.4215686274509
1774610934,10,GET,/api/plugins/discover,0.000000,0.000000,0,0,0,0,0,0,0,0,0,0,0,104,0,30,42.13564685442879,12.869994970969856,334.3900569016114,89708.0
1774610934,10,GET,/api/plugins/list,0.000000,0.000000,0,0,0,0,0,0,0,0,0,0,0,104,0,8,27.245752519005553,1.4884789707139134,192.28089693933725,62.66346153846154
1774610934,10,POST,/api/plugins/load?uri,4.800000,0.000000,5,14,17,21,33,83,160,160,160,160,160,194,0,8,27.623870106985237,1.802070066332817,183.9208910241723,2271.6134020618556
1774610934,10,POST,/api/plugins/unload?uri,4.800000,0.000000,3,5,8,18,150,150,160,160,160,160,160,194,0,6,13.455082933039202,1.7325259977951646,160.50132003147155,127.31443298969072
1774610934,10,,Aggregated,103.300000,0.000000,6,13,19,23,110,150,180,1200,1300,1300,1300,5114,0,9,38.69137511460517,1.4060119865462184,1343.4202540665865,2151.632186155651
1774610935,10,GET,/api/audio/latency,15.400000,0.000000,6,16,21,26,150,160,160,160,160,160,160,778,0,9,29.43210263905932,1.4060119865462184,196.30145595874637,33.0
1774610935,10,GET,/api/audio/levels,15.300000,0.000000,10,23,62,98,130,180,1200,1200,1300,1300,1300,778,0,12,61.46216750082711,1.452918048016727,1328.6506059812382,77.32776349614396
1774610935,10,GET,/api/audio/levels (during plugin swap),4.500000,0.000000,5,8,15,20,66,110,140,140,140,140,140,202,0,8,51.154681670451815,1.4950829790905118,1329.4727200409397,76.99009900990099
1774610935,10,GET,/api/audio/levels/plugins,4.500000,0.000000,3,4,5,9,16,100,110,110,110,110,110,202,0,5,15.2742433365167,1.4111860655248165,192.69024196546525,20.757425742574256
1774610935,10,GET,/api/audio/status,11.500000,0.000000,5,7,9,11,15,20,21,22,140,140,140,566,0,6,14.378847472670788,1.4228629879653454,231.0847109183669,303.1148409893993
1774610935,10,GET,/api/chains/,0.000000,0.000000,0,0,0,0,0,0,0,0,0,0,0,104,0,15,77.57808638024682,1.985507900826633,1334.3316399259493,1478.2884615384614
1774610935,10,GET,/api/chains/{id},11.500000,0.000000,7,21,42,81,110,180,1300,1300,1300,1300,1300,566,0,10,69.91395559910579,1.8709859577938914,1328.3483020495623,807.8462897526501
1774610935,10,POST,/api/chains/{id}/activate,11.500000,0.000000,8,16,20,23,41,130,160,180,190,190,190,566,0,12,29.97334782044854,1.7499960958957672,283.61696004867554,53.99293286219081
1774610935,10,POST,/api/chains/{id}/deactivate,11.500000,0.000000,4,6,10,11,15,19,150,150,150,150,150,566,0,5,12.761306055071154,1.703101908788085,185.60700106900185,61.07243816254417
1774610935,10,POST,/api/plugins/batch/parameters (500 updates),9.900000,0.000000,16,23,58,97,180,190,1300,1300,1300,1300,1300,315,0,17,65.65694225257234,4.150638938881457,1343.4202540665865,883.0571428571428
1774610935,10,GET,/api/plugins/discover,0.000000,0.000000,0,0,0,0,0,0,0,0,0,0,0,104,0,30,42.13564685442879,12.869994970969856,334.3900569016114,89708.0
1774610935,10,GET,/api/plugins/list,0.000000,0.000000,0,0,0,0,0,0,0,0,0,0,0,104,0,8,27.245752519005553,1.4884789707139134,192.28089693933725,62.66346153846154
1774610935,10,POST,/api/plugins/load?uri,4.500000,0.000000,4,6,9,17,23,83,160,160,160,160,160,202,0,6,26.675836643028894,1.802070066332817,183.9208910241723,2244.772277227723
1774610935,10,POST,/api/plugins/unload?uri,4.500000,0.000000,2,3,7,17,150,150,160,160,160,160,160,202,0,5,13.106154153437013,1.7325259977951646,160.50132003147155,127.42574257425743
1774610935,10,,Aggregated,104.600000,0.000000,6,13,19,23,110,150,180,1200,1300,1300,1300,5255,0,9,38.06538746360385,1.4060119865462184,1343.4202540665865,2102.1406279733587
1774610936,10,GET,/api/audio/latency,15.400000,0.000000,6,17,20,27,140,160,160,160,160,160,160,793,0,10,29.897403224485295,1.4060119865462184,196.30145595874637,33.0
1774610936,10,GET,/api/audio/levels,15.400000,0.000000,11,24,71,100,140,180,1200,1200,1300,1300,1300,793,0,12,61.65427762767227,1.452918048016727,1328.6506059812382,77.36065573770492
1774610936,10,GET,/api/audio/levels (during plugin swap),3.700000,0.000000,7,16,44,66,93,110,140,140,140,140,140,207,0,8,51.22436318098869,1.4950829790905118,1329.4727200409397,77.08212560386474
1774610936,10,GET,/api/audio/levels/plugins,3.600000,0.000000,3,4,5,7,12,16,27,27,27,27,27,207,0,5,15.04766536710091,1.4111860655248165,192.69024196546525,20.782608695652176
1774610936,10,GET,/api/audio/status,11.800000,0.000000,5,7,8,11,16,19,21,22,140,140,140,581,0,6,14.208140832102712,1.4228629879653454,231.0847109183669,303.1118760757315
1774610936,10,GET,/api/chains/,0.000000,0.000000,0,0,0,0,0,0,0,0,0,0,0,104,0,15,77.57808638024682,1.985507900826633,1334.3316399259493,1478.2884615384614
1774610936,10,GET,/api/chains/{id},11.900000,0.000000,7,21,48,96,130,180,1300,1300,1300,1300,1300,581,0,11,69.46164607022297,1.8709859577938914,1328.3483020495623,808.3132530120482
1774610936,10,POST,/api/chains/{id}/activate,11.800000,0.000000,9,15,19,20,41,140,170,180,190,190,190,581,0,12,30.171242961339434,1.7499960958957672,283.61696004867554,54.06196213425129
1774610936,10,POST,/api/chains/{id}/deactivate,11.800000,0.000000,4,6,8,10,15,18,32,140,150,150,150,581,0,5,12.697684988355434,1.703101908788085,185.60700106900185,61.010327022375215
1774610936,10,POST,/api/plugins/batch/parameters (500 updates),9.500000,0.000000,16,22,40,86,140,180,1300,1300,1300,1300,1300,322,0,17,65.08220800868183,4.150638938881457,1343.4202540665865,882.5062111801242
1774610936,10,GET,/api/plugins/discover,0.000000,0.000000,0,0,0,0,0,0,0,0,0,0,0,104,0,30,42.13564685442879,12.869994970969856,334.3900569016114,89708.0
1774610936,10,GET,/api/plugins/list,0.000000,0.000000,0,0,0,0,0,0,0,0,0,0,0,104,0,8,27.245752519005553,1.4884789707139134,192.28089693933725,62.66346153846154
1774610936,10,POST,/api/plugins/load?uri,3.600000,0.000000,4,6,17,18,21,23,160,160,160,160,160,207,0,6,26.323777816375348,1.802070066332817,183.9208910241723,2289.07729468599
1774610936,10,POST,/api/plugins/unload?uri,3.600000,0.000000,3,7,12,13,18,150,150,150,150,150,150,207,0,6,13.042392768190751,1.7325259977951646,160.50132003147155,127.30434782608695
1774610936,10,,Aggregated,102.100000,0.000000,6,13,18,23,110,150,180,1200,1300,1300,1300,5372,0,9,38.01691008235723,1.4060119865462184,1343.4202540665865,2065.2676842889055
1774610937,10,GET,/api/audio/latency,15.400000,0.000000,7,17,21,37,140,160,160,160,160,160,160,812,0,9,29.50225775907151,1.4060119865462184,196.30145595874637,33.0
1774610937,10,GET,/api/audio/levels,15.400000,0.000000,11,24,74,100,140,180,1200,1200,1300,1300,1300,812,0,12,61.22647933524304,1.452918048016727,1328.6506059812382,77.37068965517241
1774610937,10,GET,/api/audio/levels (during plugin swap),3.700000,0.000000,7,10,30,72,93,100,110,110,110,110,110,214,0,8,50.68796036099127,1.4834649628028274,1329.4727200409397,77.07009345794393
1774610937,10,GET,/api/audio/levels/plugins,3.600000,0.000000,3,4,7,10,15,16,27,27,27,27,27,212,0,5,14.91531201930418,1.4111860655248165,192.69024196546525,20.683962264150942
1774610937,10,GET,/api/audio/status,11.800000,0.000000,5,7,9,11,16,20,22,140,140,140,140,590,0,6,14.052216665448336,1.4228629879653454,231.0847109183669,303.1101694915254
1774610937,10,GET,/api/chains/,0.000000,0.000000,0,0,0,0,0,0,0,0,0,0,0,104,0,15,77.57808638024682,1.985507900826633,1334.3316399259493,1478.2884615384614
1774610937,10,GET,/api/chains/{id},11.900000,0.000000,6,18,48,98,130,180,1300,1300,1300,1300,1300,592,0,10,68.77975996935307,1.8709859577938914,1328.3483020495623,808.1672297297297
1774610937,10,POST,/api/chains/{id}/activate,11.800000,0.000000,9,15,19,22,39,140,170,180,190,190,190,592,0,12,29.827845172926697,1.7499960958957672,283.61696004867554,54.08783783783784
1774610937,10,POST,/api/chains/{id}/deactivate,11.800000,0.000000,4,6,8,11,15,19,32,140,140,140,140,590,0,5,12.60276953452977,1.703101908788085,185.60700106900185,61.02542372881356
1774610937,10,POST,/api/plugins/batch/parameters (500 updates),9.500000,0.000000,17,22,48,86,130,180,1300,1300,1300,1300,1300,333,0,17,63.68135894801154,4.150638938881457,1343.4202540665865,882.2702702702703
1774610937,10,GET,/api/plugins/discover,0.000000,0.000000,0,0,0,0,0,0,0,0,0,0,0,104,0,30,42.13564685442879,12.869994970969856,334.3900569016114,89708.0
1774610937,10,GET,/api/plugins/list,0.000000,0.000000,0,0,0,0,0,0,0,0,0,0,0,104,0,8,27.245752519005553,1.4884789707139134,192.28089693933725,62.66346153846154
1774610937,10,POST,/api/plugins/load?uri,3.600000,0.000000,4,6,14,18,27,28,160,160,160,160,160,214,0,6,25.898208972784715,1.802070066332817,183.9208910241723,2304.467289719626
1774610937,10,POST,/api/plugins/unload?uri,3.600000,0.000000,5,11,13,14,27,150,150,150,150,150,150,212,0,6,13.021770170077085,1.7325259977951646,160.50132003147155,127.47169811320755
1774610937,10,,Aggregated,102.100000,0.000000,7,14,19,24,110,150,180,1200,1300,1300,1300,5485,0,9,37.66192512897861,1.4060119865462184,1343.4202540665865,2030.9318140382863
1774610938,10,GET,/api/audio/latency,15.900000,0.000000,8,17,21,33,140,160,160,160,160,160,160,831,0,10,30.032795323109397,1.4060119865462184,196.30145595874637,33.01564380264741
1774610938,10,GET,/api/audio/levels,15.900000,0.000000,12,27,82,110,150,180,1200,1200,1300,1300,1300,831,0,12,60.991828535934495,1.452918048016727,1328.6506059812382,77.33333333333333
1774610938,10,GET,/api/audio/levels (during plugin swap),3.800000,0.000000,5,10,30,66,91,100,130,130,130,130,130,218,0,8,50.38986757927395,1.4834649628028274,1329.4727200409397,77.05504587155963
1774610938,10,GET,/api/audio/levels/plugins,3.800000,0.000000,3,5,10,12,18,240,240,240,240,240,240,218,0,5,16.88252283108566,1.4111860655248165,244.7975219693035,20.738532110091743
1774610938,10,GET,/api/audio/status,11.600000,0.000000,5,7,10,11,17,20,22,250,250,250,250,608,0,6,14.629760716687949,1.4228629879653454,252.89161107502878,303.14967105263156
1774610938,10,GET,/api/chains/,0.000000,0.000000,0,0,0,0,0,0,0,0,0,0,0,104,0,15,77.57808638024682,1.985507900826633,1334.3316399259493,1478.2884615384614
1774610938,10,GET,/api/chains/{id},11.600000,0.000000,7,24,72,100,130,170,1300,1300,1300,1300,1300,608,0,10,68.31357711838025,1.8709859577938914,1328.3483020495623,808.452302631579
1774610938,10,POST,/api/chains/{id}/activate,11.600000,0.000000,9,15,19,25,39,140,140,160,170,170,170,608,0,12,29.820416250961564,1.7499960958957672,283.61696004867554,54.078947368421055
1774610938,10,POST,/api/chains/{id}/deactivate,11.800000,0.000000,4,6,10,11,15,18,25,32,140,140,140,608,0,5,12.436036535195614,1.703101908788085,185.60700106900185,61.05427631578947
1774610938,10,POST,/api/plugins/batch/parameters (500 updates),9.600000,0.000000,17,22,28,80,140,190,1300,1300,1300,1300,1300,337,0,17,63.63648872025234,4.150638938881457,1343.4202540665865,882.4896142433234
1774610938,10,GET,/api/plugins/discover,0.000000,0.000000,0,0,0,0,0,0,0,0,0,0,0,104,0,30,42.13564685442879,12.869994970969856,334.3900569016114,89708.0
1774610938,10,GET,/api/plugins/list,0.000000,0.000000,0,0,0,0,0,0,0,0,0,0,0,104,0,8,27.245752519005553,1.4884789707139134,192.28089693933725,62.66346153846154
1774610938,10,POST,/api/plugins/load?uri,3.800000,0.000000,4,6,14,15,18,28,140,140,140,140,140,218,0,6,26.103879068764524,1.802070066332817,183.9208910241723,2295.4036697247707
1774610938,10,POST,/api/plugins/unload?uri,3.800000,0.000000,3,9,12,13,15,17,27,27,27,27,27,218,0,6,12.904371110372109,1.7325259977951646,160.50132003147155,127.40825688073394
1774610938,10,,Aggregated,103.200000,0.000000,7,14,18,24,120,150,180,1200,1300,1300,1300,5615,0,9,37.695707567264215,1.4060119865462184,1343.4202540665865,1990.086731967943
1774610939,10,GET,/api/audio/latency,15.900000,0.000000,7,17,22,29,140,160,160,160,160,160,160,855,0,9,29.417448658741225,1.4060119865462184,196.30145595874637,33.01520467836257
1774610939,10,GET,/api/audio/levels,15.900000,0.000000,11,24,82,110,150,180,190,1200,1300,1300,1300,855,0,12,59.96322309399535,1.452918048016727,1328.6506059812382,77.25730994152046
1774610939,10,GET,/api/audio/levels (during plugin swap),3.800000,0.000000,5,10,19,66,91,100,130,130,130,130,130,220,0,8,49.99740542420609,1.4834649628028274,1329.4727200409397,77.07727272727273
1774610939,10,GET,/api/audio/levels/plugins,3.800000,0.000000,3,5,10,15,27,240,240,240,240,240,240,220,0,5,17.60844628284262,1.4111860655248165,244.7975219693035,20.795454545454547
1774610939,10,GET,/api/audio/status,11.600000,0.000000,5,7,9,11,16,20,22,250,250,250,250,624,0,6,14.364208001494168,1.4228629879653454,252.89161107502878,303.1458333333333
1774610939,10,GET,/api/chains/,0.000000,0.000000,0,0,0,0,0,0,0,0,0,0,0,104,0,15,77.57808638024682,1.985507900826633,1334.3316399259493,1478.2884615384614
1774610939,10,GET,/api/chains/{id},11.600000,0.000000,7,22,72,100,130,180,1300,1300,1300,1300,1300,624,0,10,67.19301914264902,1.8709859577938914,1328.3483020495623,808.1586538461538
1774610939,10,POST,/api/chains/{id}/activate,11.600000,0.000000,8,15,19,23,36,140,140,160,170,170,170,624,0,11,29.25817300442409,1.7499960958957672,283.61696004867554,54.07051282051282
1774610939,10,POST,/api/chains/{id}/deactivate,11.800000,0.000000,4,6,9,11,15,19,32,140,190,190,190,622,0,5,12.539803447430936,1.703101908788085,191.55314099043608,61.07556270096463
1774610939,10,POST,/api/plugins/batch/parameters (500 updates),9.600000,0.000000,17,23,58,88,170,190,1300,1300,1300,1300,1300,347,0,17,63.0221045760556,4.150638938881457,1343.4202540665865,882.7031700288185
1774610939,10,GET,/api/plugins/discover,0.000000,0.000000,0,0,0,0,0,0,0,0,0,0,0,104,0,30,42.13564685442879,12.869994970969856,334.3900569016114,89708.0
1774610939,10,GET,/api/plugins/list,0.000000,0.000000,0,0,0,0,0,0,0,0,0,0,0,104,0,8,27.245752519005553,1.4884789707139134,192.28089693933725,62.66346153846154
1774610939,10,POST,/api/plugins/load?uri,3.800000,0.000000,4,6,14,15,18,28,140,140,140,140,140,220,0,6,25.89268774132837,1.802070066332817,183.9208910241723,2296.163636363636
1774610939,10,POST,/api/plugins/unload?uri,3.800000,0.000000,4,11,13,15,17,27,29,29,29,29,29,220,0,6,13.006240808912976,1.7325259977951646,160.50132003147155,127.49545454545455
1774610939,10,,Aggregated,103.200000,0.000000,7,14,19,24,120,150,190,1200,1300,1300,1300,5743,0,9,37.2544924688274,1.4060119865462184,1343.4202540665865,1952.0097510012188
1774610940,10,GET,/api/audio/latency,16.800000,0.000000,7,17,21,37,140,160,160,160,160,160,160,874,0,9,29.8946797988938,1.4060119865462184,196.30145595874637,33.01487414187643
1774610940,10,GET,/api/audio/levels,16.800000,0.000000,11,23,75,110,140,180,180,190,190,190,190,874,0,12,59.71655569178344,1.452918048016727,1328.6506059812382,77.20938215102974
1774610940,10,GET,/api/audio/levels (during plugin swap),3.300000,0.000000,6,16,30,66,93,120,130,130,130,130,130,227,0,8,49.35698157498441,1.4834649628028274,1329.4727200409397,77.00881057268722
1774610940,10,GET,/api/audio/levels/plugins,3.300000,0.000000,4,7,12,13,27,240,240,240,240,240,240,227,0,5,17.235927880712936,1.4111860655248165,244.7975219693035,20.70044052863436
1774610940,10,GET,/api/audio/status,11.600000,0.000000,5,7,9,11,15,18,20,250,250,250,250,632,0,6,14.280210460036628,1.4228629879653454,252.89161107502878,303.1439873417722
1774610940,10,GET,/api/chains/,0.000000,0.000000,0,0,0,0,0,0,0,0,0,0,0,104,0,15,77.57808638024682,1.985507900826633,1334.3316399259493,1478.2884615384614
1774610940,10,GET,/api/chains/{id},11.500000,0.000000,7,21,60,95,130,160,180,190,200,200,200,632,0,10,67.47895743697146,1.8709859577938914,1328.3483020495623,808.7136075949367
1774610940,10,POST,/api/chains/{id}/activate,11.500000,0.000000,8,15,18,22,39,140,170,180,180,180,180,632,0,11,29.991839088232823,1.7499960958957672,283.61696004867554,54.026898734177216
1774610940,10,POST,/api/chains/{id}/deactivate,11.600000,0.000000,4,5,7,11,16,21,110,140,190,190,190,632,0,5,12.748011446829084,1.703101908788085,191.55314099043608,61.09018987341772
1774610940,10,POST,/api/plugins/batch/parameters (500 updates),8.700000,0.000000,17,22,38,61,130,180,190,200,200,200,200,352,0,17,62.47411656526806,4.150638938881457,1343.4202540665865,882.5255681818181
1774610940,10,GET,/api/plugins/discover,0.000000,0.000000,0,0,0,0,0,0,0,0,0,0,0,104,0,30,42.13564685442879,12.869994970969856,334.3900569016114,89708.0
1774610940,10,GET,/api/plugins/list,0.000000,0.000000,0,0,0,0,0,0,0,0,0,0,0,104,0,8,27.245752519005553,1.4884789707139134,192.28089693933725,62.66346153846154
1774610940,10,POST,/api/plugins/load?uri,3.300000,0.000000,4,6,14,17,27,140,160,160,160,160,160,227,0,6,25.92951120318443,1.802070066332817,183.9208910241723,2327.590308370044
1774610940,10,POST,/api/plugins/unload?uri,3.600000,0.000000,5,11,13,15,19,27,29,29,29,29,29,227,0,6,12.807692092379744,1.7325259977951646,160.50132003147155,127.63436123348018
1774610940,10,,Aggregated,102.000000,0.000000,6,14,18,24,120,160,180,190,250,250,250,5848,0,9,37.309885535535855,1.4060119865462184,1343.4202540665865,1924.0492476060192
1774610941,10,GET,/api/audio/latency,16.800000,0.000000,6,14,19,24,150,160,160,160,160,160,160,887,0,9,29.531027270972377,1.4060119865462184,196.30145595874637,33.01465614430665
1774610941,10,GET,/api/audio/levels,16.800000,0.000000,8,16,71,100,140,160,180,190,190,190,190,888,0,11,58.86421967056572,1.452918048016727,1328.6506059812382,77.18693693693693
1774610941,10,GET,/api/audio/levels (during plugin swap),3.300000,0.000000,6,16,30,66,93,120,130,130,130,130,130,229,0,8,48.952272346885835,1.4834649628028274,1329.4727200409397,76.97379912663756
1774610941,10,GET,/api/audio/levels/plugins,3.300000,0.000000,4,9,12,13,27,240,240,240,240,240,240,229,0,5,17.133185453916287,1.4111860655248165,244.7975219693035,20.69868995633188
1774610941,10,GET,/api/audio/status,11.600000,0.000000,4,6,8,10,15,19,20,250,250,250,250,639,0,6,14.177454845922968,1.4228629879653454,252.89161107502878,303.14241001564943
1774610941,10,GET,/api/chains/,0.000000,0.000000,0,0,0,0,0,0,0,0,0,0,0,104,0,15,77.57808638024682,1.985507900826633,1334.3316399259493,1478.2884615384614
1774610941,10,GET,/api/chains/{id},11.500000,0.000000,7,17,60,96,130,170,180,190,200,200,200,639,0,10,66.81836170147294,1.8709859577938914,1328.3483020495623,808.5680751173709
1774610941,10,POST,/api/chains/{id}/activate,11.500000,0.000000,9,15,18,21,36,140,170,180,180,180,180,639,0,12,29.784448623929773,1.7499960958957672,283.61696004867554,54.014084507042256
1774610941,10,POST,/api/chains/{id}/deactivate,11.600000,0.000000,4,5,7,11,16,25,110,140,190,190,190,639,0,5,12.65602570784268,1.703101908788085,191.55314099043608,61.10015649452269
1774610941,10,POST,/api/plugins/batch/parameters (500 updates),8.700000,0.000000,16,20,24,28,110,140,190,200,200,200,200,357,0,17,61.747208296996995,4.150638938881457,1343.4202540665865,882.7787114845938
1774610941,10,GET,/api/plugins/discover,0.000000,0.000000,0,0,0,0,0,0,0,0,0,0,0,104,0,30,42.13564685442879,12.869994970969856,334.3900569016114,89708.0
1774610941,10,GET,/api/plugins/list,0.000000,0.000000,0,0,0,0,0,0,0,0,0,0,0,104,0,8,27.245752519005553,1.4884789707139134,192.28089693933725,62.66346153846154
1774610941,10,POST,/api/plugins/load?uri,3.300000,0.000000,4,6,14,17,27,140,160,160,160,160,160,229,0,6,25.759213869398923,1.802070066332817,183.9208910241723,2320.349344978166
1774610941,10,POST,/api/plugins/unload?uri,3.600000,0.000000,5,11,13,15,19,27,29,29,29,29,29,229,0,6,12.716851589640026,1.7325259977951646,160.50132003147155,127.60698689956332
1774610941,10,,Aggregated,102.000000,0.000000,6,13,17,20,110,150,180,190,250,250,250,5916,0,9,36.95290176394824,1.4060119865462184,1343.4202540665865,1904.962643678161
1774610942,10,GET,/api/audio/latency,17.700000,0.000000,7,17,22,37,160,160,160,160,1000,1000,1000,890,0,9,30.84831534076503,1.4060119865462184,1005.3409399697557,33.01460674157303
1774610942,10,GET,/api/audio/levels,17.700000,0.000000,10,19,82,110,150,180,190,1100,1300,1300,1300,890,0,11,61.38594789951098,1.452918048016727,1328.6506059812382,77.20674157303371
1774610942,10,GET,/api/audio/levels (during plugin swap),3.700000,0.000000,7,19,72,91,130,1200,1300,1300,1300,1300,1300,232,0,8,63.835044864641404,1.4834649628028274,1329.4727200409397,77.09051724137932
1774610942,10,GET,/api/audio/levels/plugins,3.700000,0.000000,4,10,13,15,27,190,240,240,240,240,240,232,0,5,17.56627080562637,1.4111860655248165,244.7975219693035,20.724137931034484
1774610942,10,GET,/api/audio/status,12.700000,0.000000,5,7,9,10,15,18,19,250,250,250,250,641,0,6,14.183706581060791,1.4228629879653454,252.89161107502878,303.1419656786272
1774610942,10,GET,/api/chains/,0.000000,0.000000,0,0,0,0,0,0,0,0,0,0,0,104,0,15,77.57808638024682,1.985507900826633,1334.3316399259493,1478.2884615384614
1774610942,10,GET,/api/chains/{id},12.700000,0.000000,8,31,81,100,140,170,190,200,1100,1100,1100,642,0,10,68.52179194123823,1.8709859577938914,1328.3483020495623,808.4283489096573
1774610942,10,POST,/api/chains/{id}/activate,12.700000,0.000000,10,16,20,24,140,140,170,180,180,180,180,641,0,12,30.09792743650281,1.7499960958957672,283.61696004867554,53.95475819032761
1774610942,10,POST,/api/chains/{id}/deactivate,12.700000,0.000000,4,6,8,12,16,21,100,110,190,190,190,641,0,5,12.666216222191586,1.703101908788085,191.55314099043608,61.10296411856474
1774610942,10,POST,/api/plugins/batch/parameters (500 updates),8.500000,0.000000,16,21,26,47,130,200,1200,1300,1300,1300,1300,362,0,17,71.10978014096978,4.150638938881457,1343.4202540665865,882.585635359116
1774610942,10,GET,/api/plugins/discover,0.000000,0.000000,0,0,0,0,0,0,0,0,0,0,0,104,0,30,42.13564685442879,12.869994970969856,334.3900569016114,89708.0
1774610942,10,GET,/api/plugins/list,0.000000,0.000000,0,0,0,0,0,0,0,0,0,0,0,104,0,8,27.245752519005553,1.4884789707139134,192.28089693933725,62.66346153846154
1774610942,10,POST,/api/plugins/load?uri,3.700000,0.000000,4,14,17,18,36,130,160,160,160,160,160,232,0,6,26.614262737486317,1.802070066332817,183.9208910241723,2326.4094827586205
1774610942,10,POST,/api/plugins/unload?uri,3.700000,0.000000,6,12,14,15,17,19,29,29,29,29,29,232,0,6,12.715544357919937,1.7325259977951646,160.50132003147155,127.46551724137932
1774610942,10,,Aggregated,109.500000,0.000000,7,14,19,25,130,160,190,1000,1300,1300,1300,5947,0,9,38.94706644103816,1.4060119865462184,1343.4202540665865,1897.8565663359677
1774610943,10,GET,/api/audio/latency,18.800000,0.000000,6,15,20,28,140,160,160,160,1000,1000,1000,904,0,9,30.891143481336755,1.4060119865462184,1005.3409399697557,33.014380530973455
1774610943,10,GET,/api/audio/levels,18.900000,0.000000,8,16,67,100,150,180,280,1100,1300,1300,1300,904,0,11,61.22162780918663,1.419991021975875,1328.6506059812382,77.19911504424779
1774610943,10,GET,/api/audio/levels (during plugin swap),3.900000,0.000000,8,29,72,91,130,1100,1300,1300,1300,1300,1300,235,0,9,63.97900344120299,1.4834649628028274,1329.4727200409397,77.14893617021276
1774610943,10,GET,/api/audio/levels/plugins,3.900000,0.000000,6,12,15,18,27,190,240,240,240,240,240,235,0,5,17.526214906173024,1.4111860655248165,244.7975219693035,20.693617021276594
1774610943,10,GET,/api/audio/status,13.000000,0.000000,5,7,10,11,15,18,170,250,250,250,250,655,0,6,14.276043877346826,1.4200720470398664,252.89161107502878,303.1389312977099
1774610943,10,GET,/api/chains/,0.000000,0.000000,0,0,0,0,0,0,0,0,0,0,0,104,0,15,77.57808638024682,1.985507900826633,1334.3316399259493,1478.2884615384614
1774610943,10,GET,/api/chains/{id},13.000000,0.000000,9,39,93,110,150,170,200,310,1100,1100,1100,655,0,10,68.27099250330953,1.8709859577938914,1328.3483020495623,809.0961832061068
1774610943,10,POST,/api/chains/{id}/activate,13.000000,0.000000,12,17,21,23,140,160,180,180,320,320,320,655,0,12,30.62641409702087,1.7297950107604265,323.12044396530837,54.00763358778626
1774610943,10,POST,/api/chains/{id}/deactivate,13.000000,0.000000,4,6,12,13,16,21,100,110,190,190,190,655,0,5,12.555720528431294,1.703101908788085,191.55314099043608,61.083969465648856
1774610943,10,POST,/api/plugins/batch/parameters (500 updates),8.800000,0.000000,17,22,38,93,200,310,1200,1300,1300,1300,1300,370,0,17,72.55475411374071,4.150638938881457,1343.4202540665865,882.2567567567568
1774610943,10,GET,/api/plugins/discover,0.000000,0.000000,0,0,0,0,0,0,0,0,0,0,0,104,0,30,42.13564685442879,12.869994970969856,334.3900569016114,89708.0
1774610943,10,GET,/api/plugins/list,0.000000,0.000000,0,0,0,0,0,0,0,0,0,0,0,104,0,8,27.245752519005553,1.4884789707139134,192.28089693933725,62.66346153846154
1774610943,10,POST,/api/plugins/load?uri,3.900000,0.000000,6,14,18,20,110,130,160,160,160,160,160,235,0,6,26.966678630065253,1.802070066332817,183.9208910241723,2312.978723404255
1774610943,10,POST,/api/plugins/unload?uri,3.900000,0.000000,7,11,14,15,17,19,29,29,29,29,29,235,0,6,12.640268042525078,1.7325259977951646,160.50132003147155,127.56595744680851
1774610943,10,,Aggregated,114.100000,0.000000,7,14,18,24,130,160,240,1000,1300,1300,1300,6050,0,9,39.04346389682532,1.4060119865462184,1343.4202540665865,1870.475867768595
1774610944,10,GET,/api/audio/latency,17.000000,0.000000,6,15,19,28,140,160,160,190,1000,1000,1000,927,0,9,30.68643842385268,1.4060119865462184,1005.3409399697557,33.014023732470335
1774610944,10,GET,/api/audio/levels,17.000000,0.000000,8,17,67,100,150,180,280,1100,1300,1300,1300,927,0,11,60.28408092180892,1.419991021975875,1328.6506059812382,77.19309600863
1774610944,10,GET,/api/audio/levels (during plugin swap),4.100000,0.000000,10,30,91,93,190,1200,1300,1300,1300,1300,1300,238,0,8,63.23014449879934,1.4834649628028274,1329.4727200409397,77.09663865546219
1774610944,10,GET,/api/audio/levels/plugins,4.100000,0.000000,8,12,17,18,110,240,240,240,240,240,240,238,0,5,17.334879134359042,1.4111860655248165,244.7975219693035,20.718487394957982
1774610944,10,GET,/api/audio/status,12.100000,0.000000,5,7,10,13,16,19,170,250,250,250,250,672,0,6,14.115888450760394,1.4200720470398664,252.89161107502878,303.1354166666667
1774610944,10,GET,/api/chains/,0.000000,0.000000,0,0,0,0,0,0,0,0,0,0,0,104,0,15,77.57808638024682,1.985507900826633,1334.3316399259493,1478.2884615384614
1774610944,10,GET,/api/chains/{id},12.100000,0.000000,8,20,72,100,160,180,200,310,1100,1100,1100,676,0,10,67.089775119448,1.8709859577938914,1328.3483020495623,809.1997041420118
1774610944,10,POST,/api/chains/{id}/activate,12.100000,0.000000,12,17,21,23,140,170,180,180,320,320,320,672,0,12,30.366384365715064,1.7297950107604265,323.12044396530837,54.04761904761905
1774610944,10,POST,/api/chains/{id}/deactivate,12.100000,0.000000,5,7,12,14,18,25,100,110,190,190,190,670,0,5,12.448850231516216,1.703101908788085,191.55314099043608,61.1044776119403
1774610944,10,POST,/api/plugins/batch/parameters (500 updates),8.200000,0.000000,16,24,47,110,200,310,1200,1300,1300,1300,1300,375,0,17,72.13284964052339,4.150638938881457,1343.4202540665865,881.8293333333334
1774610944,10,GET,/api/plugins/discover,0.000000,0.000000,0,0,0,0,0,0,0,0,0,0,0,104,0,30,42.13564685442879,12.869994970969856,334.3900569016114,89708.0
1774610944,10,GET,/api/plugins/list,0.000000,0.000000,0,0,0,0,0,0,0,0,0,0,0,104,0,8,27.245752519005553,1.4884789707139134,192.28089693933725,62.66346153846154
1774610944,10,POST,/api/plugins/load?uri,4.100000,0.000000,8,17,20,27,130,140,160,160,160,160,160,238,0,6,26.693887004390078,1.802070066332817,183.9208910241723,2304.201680672269
1774610944,10,POST,/api/plugins/unload?uri,4.100000,0.000000,10,13,14,15,19,27,29,29,29,29,29,238,0,6,12.555796306721177,1.7325259977951646,160.50132003147155,127.65966386554622
1774610944,10,,Aggregated,107.000000,0.000000,7,15,19,24,130,170,240,1000,1300,1300,1300,6183,0,9,38.61631599357558,1.4060119865462184,1343.4202540665865,1836.1293870289503
1774610945,10,GET,/api/audio/latency,16.300000,0.000000,6,13,19,28,150,160,190,190,1000,1000,1000,938,0,9,31.087894694008895,1.4060119865462184,1005.3409399697557,33.013859275053306
1774610945,10,GET,/api/audio/levels,16.300000,0.000000,7,15,24,84,150,180,280,1100,1300,1300,1300,938,0,11,60.25372890977443,1.419991021975875,1328.6506059812382,77.17164179104478
1774610945,10,GET,/api/audio/levels (during plugin swap),4.200000,0.000000,9,20,53,91,170,1100,1300,1300,1300,1300,1300,249,0,8,61.8605244480238,1.4834649628028274,1329.4727200409397,77.07228915662651
1774610945,10,GET,/api/audio/levels/plugins,4.200000,0.000000,8,13,17,18,24,190,240,240,240,240,240,249,0,5,16.963357309227337,1.4111860655248165,244.7975219693035,20.57831325301205
1774610945,10,GET,/api/audio/status,11.900000,0.000000,5,8,10,12,15,19,170,250,250,250,250,681,0,6,14.048038648678025,1.4200720470398664,252.89161107502878,303.1336270190896
1774610945,10,GET,/api/chains/,0.000000,0.000000,0,0,0,0,0,0,0,0,0,0,0,104,0,15,77.57808638024682,1.985507900826633,1334.3316399259493,1478.2884615384614
1774610945,10,GET,/api/chains/{id},11.900000,0.000000,7,18,56,83,150,180,200,310,1100,1100,1100,681,0,10,66.71946497771495,1.8709859577938914,1328.3483020495623,808.8105726872246
1774610945,10,POST,/api/chains/{id}/activate,11.900000,0.000000,10,18,21,23,140,160,180,180,320,320,320,681,0,12,30.35732055860387,1.7297950107604265,323.12044396530837,54.052863436123346
1774610945,10,POST,/api/chains/{id}/deactivate,11.800000,0.000000,5,10,13,14,18,32,120,120,190,190,190,681,0,5,12.76893531148036,1.703101908788085,191.55314099043608,61.008810572687224
1774610945,10,POST,/api/plugins/batch/parameters (500 updates),7.100000,0.000000,18,26,100,130,250,310,1200,1300,1300,1300,1300,383,0,17,72.62522993000181,4.150638938881457,1343.4202540665865,881.8877284595301
1774610945,10,GET,/api/plugins/discover,0.000000,0.000000,0,0,0,0,0,0,0,0,0,0,0,104,0,30,42.13564685442879,12.869994970969856,334.3900569016114,89708.0
1774610945,10,GET,/api/plugins/list,0.000000,0.000000,0,0,0,0,0,0,0,0,0,0,0,104,0,8,27.245752519005553,1.4884789707139134,192.28089693933725,62.66346153846154
1774610945,10,POST,/api/plugins/load?uri,4.200000,0.000000,9,16,23,28,130,140,160,160,160,160,160,249,0,6,26.971949016147978,1.802070066332817,183.9208910241723,2359.9196787148594
1774610945,10,POST,/api/plugins/unload?uri,4.200000,0.000000,5,10,14,15,19,19,29,29,29,29,29,249,0,6,12.286521175999688,1.7325259977951646,160.50132003147155,127.7710843373494
1774610945,10,,Aggregated,104.000000,0.000000,7,14,19,23,130,170,250,1000,1300,1300,1300,6291,0,9,38.555372496331834,1.4060119865462184,1343.4202540665865,1813.757590208234
1774610946,10,GET,/api/audio/latency,17.100000,0.000000,5,10,17,21,150,160,190,190,1000,1000,1000,957,0,8,30.55076060372394,1.4060119865462184,1005.3409399697557,33.013584117032394
1774610946,10,GET,/api/audio/levels,17.100000,0.000000,6,16,23,83,150,180,280,1100,1300,1300,1300,961,0,11,59.53627577464365,1.419991021975875,1328.6506059812382,77.15296566077004
1774610946,10,GET,/api/audio/levels (during plugin swap),4.400000,0.000000,8,20,50,77,190,1100,1300,1300,1300,1300,1300,256,0,8,61.241606912517454,1.4834649628028274,1329.4727200409397,77.11328125
1774610946,10,GET,/api/audio/levels/plugins,4.500000,0.000000,7,12,17,18,24,190,240,240,240,240,240,254,0,5,16.73225551984808,1.4111860655248165,244.7975219693035,20.551181102362204
1774610946,10,GET,/api/audio/status,12.300000,0.000000,5,8,11,13,16,19,170,250,250,250,250,691,0,6,13.942372944245085,1.4200720470398664,252.89161107502878,303.1316931982634
1774610946,10,GET,/api/chains/,0.000000,0.000000,0,0,0,0,0,0,0,0,0,0,0,104,0,15,77.57808638024682,1.985507900826633,1334.3316399259493,1478.2884615384614
1774610946,10,GET,/api/chains/{id},12.200000,0.000000,8,20,60,94,150,180,200,310,1100,1100,1100,695,0,10,66.39871955514222,1.8709859577938914,1328.3483020495623,808.0345323741008
1774610946,10,POST,/api/chains/{id}/activate,12.300000,0.000000,9,17,21,23,140,170,180,320,320,320,320,692,0,11,29.96247609158052,1.7297950107604265,323.12044396530837,54.07514450867052
1774610946,10,POST,/api/chains/{id}/deactivate,12.100000,0.000000,5,9,13,14,16,25,120,120,190,190,190,691,0,5,12.663237335916484,1.703101908788085,191.55314099043608,61.02315484804631
1774610946,10,POST,/api/plugins/batch/parameters (500 updates),6.800000,0.000000,16,25,93,130,250,310,1200,1300,1300,1300,1300,394,0,17,70.97563324413419,4.150638938881457,1343.4202540665865,881.994923857868
1774610946,10,GET,/api/plugins/discover,0.000000,0.000000,0,0,0,0,0,0,0,0,0,0,0,104,0,30,42.13564685442879,12.869994970969856,334.3900569016114,89708.0
1774610946,10,GET,/api/plugins/list,0.000000,0.000000,0,0,0,0,0,0,0,0,0,0,0,104,0,8,27.245752519005553,1.4884789707139134,192.28089693933725,62.66346153846154
1774610946,10,POST,/api/plugins/load?uri,4.500000,0.000000,8,16,20,36,130,140,160,160,160,160,160,256,0,6,26.850028281387495,1.802070066332817,183.9208910241723,2325.4375
1774610946,10,POST,/api/plugins/unload?uri,4.500000,0.000000,5,10,14,15,16,19,29,29,29,29,29,254,0,6,12.227461570653858,1.70905701816082,160.50132003147155,127.69291338582677
1774610946,10,,Aggregated,107.800000,0.000000,6,14,18,22,130,180,250,1000,1300,1300,1300,6413,0,9,38.1837629711811,1.4060119865462184,1343.4202540665865,1784.886480586309
1774610947,10,GET,/api/audio/latency,16.100000,0.000000,5,9,18,22,140,180,190,230,1000,1000,1000,978,0,8,31.168762164510376,1.4060119865462184,1005.3409399697557,33.013292433537835
1774610947,10,GET,/api/audio/levels,16.000000,0.000000,6,13,23,71,150,190,280,1100,1300,1300,1300,978,0,11,59.32769025921163,1.419991021975875,1328.6506059812382,77.14723926380368
1774610947,10,GET,/api/audio/levels (during plugin swap),4.700000,0.000000,8,20,50,77,190,1200,1300,1300,1300,1300,1300,256,0,8,61.241606912517454,1.4834649628028274,1329.4727200409397,77.11328125
1774610947,10,GET,/api/audio/levels/plugins,4.700000,0.000000,6,12,17,19,25,120,190,190,190,190,190,256,0,5,17.17849076976563,1.4111860655248165,244.7975219693035,20.6015625
1774610947,10,GET,/api/audio/status,11.400000,0.000000,5,9,12,15,19,33,140,170,170,170,170,702,0,6,14.378766352151576,1.4200720470398664,252.89161107502878,303.14814814814815
1774610947,10,GET,/api/chains/,0.000000,0.000000,0,0,0,0,0,0,0,0,0,0,0,104,0,15,77.57808638024682,1.985507900826633,1334.3316399259493,1478.2884615384614
1774610947,10,GET,/api/chains/{id},11.400000,0.000000,8,20,56,83,170,180,310,1100,1100,1100,1100,703,0,10,66.28774994455019,1.8709859577938914,1328.3483020495623,807.7837837837837
1774610947,10,POST,/api/chains/{id}/activate,11.400000,0.000000,10,19,21,23,160,180,350,370,370,370,370,703,0,12,31.903252164054276,1.7297950107604265,369.93197991978377,53.9900426742532
1774610947,10,POST,/api/chains/{id}/deactivate,11.300000,0.000000,5,9,13,14,19,100,120,190,190,190,190,702,0,5,12.721459101189055,1.703101908788085,191.55314099043608,61.03846153846154
1774610947,10,POST,/api/plugins/batch/parameters (500 updates),6.900000,0.000000,18,26,100,140,250,310,1200,1300,1300,1300,1300,400,0,17,71.12490934319794,4.150638938881457,1343.4202540665865,882.2025
1774610947,10,GET,/api/plugins/discover,0.000000,0.000000,0,0,0,0,0,0,0,0,0,0,0,104,0,30,42.13564685442879,12.869994970969856,334.3900569016114,89708.0
1774610947,10,GET,/api/plugins/list,0.000000,0.000000,0,0,0,0,0,0,0,0,0,0,0,104,0,8,27.245752519005553,1.4884789707139134,192.28089693933725,62.66346153846154
1774610947,10,POST,/api/plugins/load?uri,4.700000,0.000000,8,16,20,36,130,140,160,160,160,160,160,256,0,6,26.850028281387495,1.802070066332817,183.9208910241723,2325.4375
1774610947,10,POST,/api/plugins/unload?uri,4.700000,0.000000,5,10,14,16,19,25,29,29,29,29,29,256,0,6,12.325684070219722,1.70905701816082,160.50132003147155,127.6484375
1774610947,10,,Aggregated,103.300000,0.000000,7,14,19,23,130,180,250,1000,1300,1300,1300,6502,0,9,38.51067992084468,1.4060119865462184,1343.4202540665865,1763.3035988926483
1774610948,10,GET,/api/audio/latency,16.500000,0.000000,5,9,18,19,140,180,190,230,1000,1000,1000,1001,0,8,30.609994084685,1.4060119865462184,1005.3409399697557,33.01298701298701
1774610948,10,GET,/api/audio/levels,16.900000,0.000000,6,16,22,55,150,190,280,1100,1300,1300,1300,1004,0,11,58.54846269160832,1.419991021975875,1328.6506059812382,77.11752988047809
1774610948,10,GET,/api/audio/levels (during plugin swap),4.900000,0.000000,8,20,50,77,190,1100,1300,1300,1300,1300,1300,262,0,8,60.263454040089435,1.4834649628028274,1329.4727200409397,77.11832061068702
1774610948,10,GET,/api/audio/levels/plugins,4.700000,0.000000,6,11,13,17,24,25,120,120,120,120,120,261,0,5,16.93274050913537,1.4111860655248165,244.7975219693035,20.624521072796934
1774610948,10,GET,/api/audio/status,11.100000,0.000000,6,10,13,15,21,33,140,170,170,170,170,714,0,6,14.234205363227018,1.4200720470398664,252.89161107502878,303.14565826330534
1774610948,10,GET,/api/chains/,0.000000,0.000000,0,0,0,0,0,0,0,0,0,0,0,104,0,15,77.57808638024682,1.985507900826633,1334.3316399259493,1478.2884615384614
1774610948,10,GET,/api/chains/{id},11.500000,0.000000,10,23,80,110,160,180,310,1100,1100,1100,1100,719,0,10,65.81378093582575,1.8709859577938914,1328.3483020495623,808.5229485396384
1774610948,10,POST,/api/chains/{id}/activate,11.100000,0.000000,13,20,22,120,170,180,350,370,370,370,370,714,0,11,31.548091962722232,1.7297950107604265,369.93197991978377,53.977591036414566
1774610948,10,POST,/api/chains/{id}/deactivate,11.100000,0.000000,5,10,13,14,16,97,120,120,120,120,120,714,0,5,12.583093283011863,1.703101908788085,191.55314099043608,61.054621848739494
1774610948,10,POST,/api/plugins/batch/parameters (500 updates),7.300000,0.000000,18,26,93,140,250,310,1200,1300,1300,1300,1300,411,0,17,70.03287913491882,4.150638938881457,1343.4202540665865,881.8953771289538
1774610948,10,GET,/api/plugins/discover,0.000000,0.000000,0,0,0,0,0,0,0,0,0,0,0,104,0,30,42.13564685442879,12.869994970969856,334.3900569016114,89708.0
1774610948,10,GET,/api/plugins/list,0.000000,0.000000,0,0,0,0,0,0,0,0,0,0,0,104,0,8,27.245752519005553,1.4884789707139134,192.28089693933725,62.66346153846154
1774610948,10,POST,/api/plugins/load?uri,4.700000,0.000000,8,16,19,23,120,130,160,160,160,160,160,261,0,6,26.402312912532196,1.802070066332817,183.9208910241723,2340.9808429118775
1774610948,10,POST,/api/plugins/unload?uri,4.700000,0.000000,5,10,14,14,19,22,25,25,25,25,25,261,0,6,12.248865838994012,1.70905701816082,160.50132003147155,127.52107279693486
1774610948,10,,Aggregated,104.500000,0.000000,7,15,19,23,130,180,270,1100,1300,1300,1300,6634,0,9,38.103706020074156,1.4060119865462184,1343.4202540665865,1735.3928248417244
1774610949,10,GET,/api/audio/latency,16.300000,0.000000,5,14,19,28,140,180,190,230,1000,1000,1000,1014,0,8,31.408086755493,1.4060119865462184,1005.3409399697557,33.01282051282051
1774610949,10,GET,/api/audio/levels,16.300000,0.000000,6,18,23,84,150,190,280,1100,1300,1300,1300,1014,0,11,58.730277611807,1.419991021975875,1328.6506059812382,77.14102564102564
1774610949,10,GET,/api/audio/levels (during plugin swap),4.200000,0.000000,10,39,77,95,190,1200,1300,1300,1300,1300,1300,266,0,8,60.847766227806616,1.4834649628028274,1329.4727200409397,77.10526315789474
1774610949,10,GET,/api/audio/levels/plugins,4.400000,0.000000,7,17,18,20,24,110,120,120,120,120,120,266,0,5,16.967834808068925,1.4111860655248165,244.7975219693035,20.597744360902254
1774610949,10,GET,/api/audio/status,11.200000,0.000000,7,11,15,16,21,33,140,170,170,170,170,728,0,6,14.198141452372791,1.4200720470398664,252.89161107502878,303.14285714285717
1774610949,10,GET,/api/chains/,0.000000,0.000000,0,0,0,0,0,0,0,0,0,0,0,104,0,15,77.57808638024682,1.985507900826633,1334.3316399259493,1478.2884615384614
1774610949,10,GET,/api/chains/{id},11.000000,0.000000,10,22,57,94,150,180,310,1100,1100,1100,1100,728,0,10,65.53833501635421,1.8709859577938914,1328.3483020495623,808.6401098901099
1774610949,10,POST,/api/chains/{id}/activate,11.000000,0.000000,13,21,23,120,150,180,350,370,370,370,370,728,0,12,32.46239837240505,1.7297950107604265,369.93197991978377,53.99038461538461
1774610949,10,POST,/api/chains/{id}/deactivate,11.200000,0.000000,6,11,13,14,16,23,120,120,120,120,120,728,0,5,12.53495121596683,1.703101908788085,191.55314099043608,61.03846153846154
1774610949,10,POST,/api/plugins/batch/parameters (500 updates),6.500000,0.000000,19,26,110,170,250,310,1200,1300,1300,1300,1300,414,0,17,70.50906159270528,4.150638938881457,1343.4202540665865,881.7729468599034
1774610949,10,GET,/api/plugins/discover,0.000000,0.000000,0,0,0,0,0,0,0,0,0,0,0,104,0,30,42.13564685442879,12.869994970969856,334.3900569016114,89708.0
1774610949,10,GET,/api/plugins/list,0.000000,0.000000,0,0,0,0,0,0,0,0,0,0,0,104,0,8,27.245752519005553,1.4884789707139134,192.28089693933725,62.66346153846154
1774610949,10,POST,/api/plugins/load?uri,4.200000,0.000000,11,20,36,110,140,150,150,150,150,150,150,266,0,6,27.75906763631234,1.802070066332817,183.9208910241723,2343.0676691729323
1774610949,10,POST,/api/plugins/unload?uri,4.400000,0.000000,6,12,14,15,19,25,25,25,25,25,25,266,0,6,12.240568217926455,1.70905701816082,160.50132003147155,127.53383458646617
1774610949,10,,Aggregated,100.700000,0.000000,8,16,21,25,140,180,270,1100,1300,1300,1300,6730,0,9,38.33876937125459,1.4060119865462184,1343.4202540665865,1715.1454680534919
