[2026-03-07 14:34:20,057] MAP2-TESTBED/INFO/locust.main: Starting Locust 2.43.3
[2026-03-07 14:34:20,057] MAP2-TESTBED/WARNING/locust.main: System open file limit '8192 is below minimum setting '10000'.
It's not high enough for load testing, and the OS didn't allow locust to increase it by itself.
See https://github.com/locustio/locust/wiki/Installation#increasing-maximum-number-of-open-files-limit for more info.
[2026-03-07 14:34:20,057] MAP2-TESTBED/INFO/locust.main: Run time limit set to 310 seconds
Type     Name                                                                          # reqs      # fails |    Avg     Min     Max    Med |   req/s  failures/s
--------|----------------------------------------------------------------------------|-------|-------------|-------|-------|-------|-------|--------|-----------
--------|----------------------------------------------------------------------------|-------|-------------|-------|-------|-------|-------|--------|-----------
         Aggregated                                                                         0     0(0.00%) |      0       0       0      0 |    0.00        0.00

[2026-03-07 14:34:20,076] MAP2-TESTBED/INFO/locust.runners: Ramping to 10 users at a rate of 2.00 per second
Type     Name                                                                          # reqs      # fails |    Avg     Min     Max    Med |   req/s  failures/s
--------|----------------------------------------------------------------------------|-------|-------------|-------|-------|-------|-------|--------|-----------
GET      /api/audio/latency                                                                13     0(0.00%) |      4       1      11      2 |    0.00        0.00
GET      /api/audio/levels                                                                 13     0(0.00%) |      6       1      18      6 |    0.00        0.00
GET      /api/audio/levels (during plugin swap)                                             7     0(0.00%) |      8       1      32      5 |    0.00        0.00
GET      /api/audio/levels/plugins                                                          7     0(0.00%) |      4       1      16      2 |    0.00        0.00
GET      /api/audio/status                                                                  8     0(0.00%) |      2       1       8      1 |    0.00        0.00
GET      /api/chains/                                                                      10     0(0.00%) |     27       1     120      4 |    0.00        0.00
GET      /api/chains/{id}                                                                   8     0(0.00%) |     11       1      40      2 |    0.00        0.00
POST     /api/chains/{id}/activate                                                          8     0(0.00%) |      6       1      15      6 |    0.00        0.00
POST     /api/chains/{id}/deactivate                                                        8     0(0.00%) |      3       1       7      1 |    0.00        0.00
POST     /api/plugins/batch/parameters (500 updates)                                        1     0(0.00%) |      3       3       3      3 |    0.00        0.00
GET      /api/plugins/discover                                                             10     0(0.00%) |     23      10      39     26 |    0.00        0.00
GET      /api/plugins/list                                                                 10     0(0.00%) |      6       1      33      3 |    0.00        0.00
POST     /api/plugins/load?uri                                                              7     0(0.00%) |      6       1      28      2 |    0.00        0.00
POST     /api/plugins/unload?uri                                                            7     0(0.00%) |      3       1      10      3 |    0.00        0.00
--------|----------------------------------------------------------------------------|-------|-------------|-------|-------|-------|-------|--------|-----------
         Aggregated                                                                       117     0(0.00%) |      9       1     120      3 |    0.00        0.00

Type     Name                                                                          # reqs      # fails |    Avg     Min     Max    Med |   req/s  failures/s
--------|----------------------------------------------------------------------------|-------|-------------|-------|-------|-------|-------|--------|-----------
GET      /api/audio/latency                                                                46     0(0.00%) |      5       1      36      2 |    6.50        0.00
GET      /api/audio/levels                                                                 46     0(0.00%) |      7       1      22      6 |    6.50        0.00
GET      /api/audio/levels (during plugin swap)                                            18     0(0.00%) |      7       1      32      3 |    3.50        0.00
GET      /api/audio/levels/plugins                                                         18     0(0.00%) |      3       1      16      2 |    3.50        0.00
GET      /api/audio/status                                                                 35     0(0.00%) |      4       1      33      2 |    4.00        0.00
GET      /api/chains/                                                                      25     0(0.00%) |     16       1     120      7 |    5.00        0.00
GET      /api/chains/{id}                                                                  36     0(0.00%) |      7       1      40      3 |    4.00        0.00
POST     /api/chains/{id}/activate                                                         35     0(0.00%) |      4       1      16      3 |    4.00        0.00
POST     /api/chains/{id}/deactivate                                                       35     0(0.00%) |      5       1      39      2 |    4.00        0.00
POST     /api/plugins/batch/parameters (500 updates)                                        5     0(0.00%) |     14       3      32     14 |    0.50        0.00
GET      /api/plugins/discover                                                             25     0(0.00%) |     20      10      39     14 |    5.00        0.00
GET      /api/plugins/list                                                                 25     0(0.00%) |      6       1      33      3 |    5.00        0.00
POST     /api/plugins/load?uri                                                             18     0(0.00%) |      5       1      28      3 |    3.50        0.00
POST     /api/plugins/unload?uri                                                           18     0(0.00%) |      4       1      14      3 |    3.50        0.00
--------|----------------------------------------------------------------------------|-------|-------------|-------|-------|-------|-------|--------|-----------
         Aggregated                                                                       385     0(0.00%) |      7       1     120      3 |   58.50        0.00

[2026-03-07 14:34:24,091] MAP2-TESTBED/INFO/locust.runners: All users spawned: {"MAP2RealtimeUser": 10} (10 total users)
Type     Name                                                                          # reqs      # fails |    Avg     Min     Max    Med |   req/s  failures/s
--------|----------------------------------------------------------------------------|-------|-------------|-------|-------|-------|-------|--------|-----------
GET      /api/audio/latency                                                                90     0(0.00%) |      5       1      59      2 |   11.00        0.00
GET      /api/audio/levels                                                                 90     0(0.00%) |      8       1      32      6 |   11.00        0.00
GET      /api/audio/levels (during plugin swap)                                            29     0(0.00%) |      9       1      66      4 |    4.50        0.00
GET      /api/audio/levels/plugins                                                         29     0(0.00%) |      4       1      17      2 |    4.50        0.00
GET      /api/audio/status                                                                 66     0(0.00%) |      4       1      37      2 |    8.75        0.00
GET      /api/chains/                                                                      50     0(0.00%) |     13       1     120      7 |    6.25        0.00
GET      /api/chains/{id}                                                                  66     0(0.00%) |      8       1      40      4 |    8.75        0.00
POST     /api/chains/{id}/activate                                                         66     0(0.00%) |      7       1      75      3 |    8.75        0.00
POST     /api/chains/{id}/deactivate                                                       66     0(0.00%) |      5       1      39      2 |    8.75        0.00
POST     /api/plugins/batch/parameters (500 updates)                                       13     0(0.00%) |     15       3      45     14 |    1.00        0.00
GET      /api/plugins/discover                                                             49     0(0.00%) |     19      10      39     14 |    6.00        0.00
GET      /api/plugins/list                                                                 50     0(0.00%) |      7       1      56      3 |    6.25        0.00
POST     /api/plugins/load?uri                                                             29     0(0.00%) |      6       1      28      3 |    4.50        0.00
POST     /api/plugins/unload?uri                                                           29     0(0.00%) |      6       1      34      3 |    4.50        0.00
--------|----------------------------------------------------------------------------|-------|-------------|-------|-------|-------|-------|--------|-----------
         Aggregated                                                                       722     0(0.00%) |      8       1     120      3 |   94.50        0.00

Type     Name                                                                          # reqs      # fails |    Avg     Min     Max    Med |   req/s  failures/s
--------|----------------------------------------------------------------------------|-------|-------------|-------|-------|-------|-------|--------|-----------
GET      /api/audio/latency                                                               144     0(0.00%) |      5       1      59      2 |   12.80        0.00
GET      /api/audio/levels                                                                144     0(0.00%) |      8       1      54      4 |   12.80        0.00
GET      /api/audio/levels (during plugin swap)                                            39     0(0.00%) |      8       1      66      3 |    4.80        0.00
GET      /api/audio/levels/plugins                                                         39     0(0.00%) |      4       1      17      2 |    4.80        0.00
GET      /api/audio/status                                                                 93     0(0.00%) |      4       1      37      2 |   10.80        0.00
GET      /api/chains/                                                                      57     0(0.00%) |     12       1     120      4 |    7.20        0.00
GET      /api/chains/{id}                                                                  93     0(0.00%) |      7       1      40      4 |   10.80        0.00
POST     /api/chains/{id}/activate                                                         93     0(0.00%) |      7       1      75      4 |   10.80        0.00
POST     /api/chains/{id}/deactivate                                                       92     0(0.00%) |      5       1      39      2 |   10.80        0.00
POST     /api/plugins/batch/parameters (500 updates)                                       32     0(0.00%) |     13       3      45     12 |    1.80        0.00
GET      /api/plugins/discover                                                             57     0(0.00%) |     18      10      39     13 |    7.20        0.00
GET      /api/plugins/list                                                                 57     0(0.00%) |      7       1      56      3 |    7.20        0.00
POST     /api/plugins/load?uri                                                             39     0(0.00%) |      5       1      28      3 |    4.80        0.00
POST     /api/plugins/unload?uri                                                           39     0(0.00%) |      5       1      34      3 |    4.80        0.00
--------|----------------------------------------------------------------------------|-------|-------------|-------|-------|-------|-------|--------|-----------
         Aggregated                                                                      1018     0(0.00%) |      7       1     120      3 |  111.40        0.00

Type     Name                                                                          # reqs      # fails |    Avg     Min     Max    Med |   req/s  failures/s
--------|----------------------------------------------------------------------------|-------|-------------|-------|-------|-------|-------|--------|-----------
GET      /api/audio/latency                                                               171     0(0.00%) |      5       1      59      2 |   18.00        0.00
GET      /api/audio/levels                                                                171     0(0.00%) |     30       1    1053      3 |   18.00        0.00
GET      /api/audio/levels (during plugin swap)                                            48     0(0.00%) |     47       1     991      3 |    4.88        0.00
GET      /api/audio/levels/plugins                                                         48     0(0.00%) |      4       1      17      2 |    4.88        0.00
GET      /api/audio/status                                                                111     0(0.00%) |      4       1      37      2 |   11.62        0.00
GET      /api/chains/                                                                      58     0(0.00%) |     12       1     120      4 |    7.12        0.00
GET      /api/chains/{id}                                                                 113     0(0.00%) |     15       1     983      3 |   11.62        0.00
POST     /api/chains/{id}/activate                                                        112     0(0.00%) |      7       1      75      3 |   11.62        0.00
POST     /api/chains/{id}/deactivate                                                      111     0(0.00%) |     14       1    1076      2 |   11.50        0.00
POST     /api/plugins/batch/parameters (500 updates)                                       45     0(0.00%) |     56       3    1029     11 |    4.00        0.00
GET      /api/plugins/discover                                                             58     0(0.00%) |     18      10      39     13 |    7.12        0.00
GET      /api/plugins/list                                                                 58     0(0.00%) |      7       1      56      3 |    7.12        0.00
POST     /api/plugins/load?uri                                                             48     0(0.00%) |      6       1      28      3 |    4.88        0.00
POST     /api/plugins/unload?uri                                                           48     0(0.00%) |      5       1      34      2 |    4.88        0.00
--------|----------------------------------------------------------------------------|-------|-------------|-------|-------|-------|-------|--------|-----------
         Aggregated                                                                      1200     0(0.00%) |     15       1    1076      3 |  127.25        0.00

Type     Name                                                                          # reqs      # fails |    Avg     Min     Max    Med |   req/s  failures/s
--------|----------------------------------------------------------------------------|-------|-------------|-------|-------|-------|-------|--------|-----------
GET      /api/audio/latency                                                               219     0(0.00%) |      4       1      59      2 |   17.00        0.00
GET      /api/audio/levels                                                                219     0(0.00%) |     25       1    1053      3 |   17.00        0.00
GET      /api/audio/levels (during plugin swap)                                            59     0(0.00%) |     40       1     991      3 |    4.70        0.00
GET      /api/audio/levels/plugins                                                         59     0(0.00%) |      4       1      17      2 |    4.70        0.00
GET      /api/audio/status                                                                151     0(0.00%) |      4       1      37      2 |   10.90        0.00
GET      /api/chains/                                                                      60     0(0.00%) |     11       1     120      4 |    5.80        0.00
GET      /api/chains/{id}                                                                 151     0(0.00%) |     13       1     983      3 |   11.00        0.00
POST     /api/chains/{id}/activate                                                        151     0(0.00%) |      6       1      75      3 |   10.90        0.00
POST     /api/chains/{id}/deactivate                                                      151     0(0.00%) |     11       1    1076      2 |   10.90        0.00
POST     /api/plugins/batch/parameters (500 updates)                                       66     0(0.00%) |     41       3    1029     10 |    4.50        0.00
GET      /api/plugins/discover                                                             60     0(0.00%) |     18      10      39     13 |    5.80        0.00
GET      /api/plugins/list                                                                 60     0(0.00%) |      6       1      56      3 |    5.80        0.00
POST     /api/plugins/load?uri                                                             59     0(0.00%) |      5       1      28      3 |    4.70        0.00
POST     /api/plugins/unload?uri                                                           59     0(0.00%) |      4       1      34      2 |    4.70        0.00
--------|----------------------------------------------------------------------------|-------|-------------|-------|-------|-------|-------|--------|-----------
         Aggregated                                                                      1524     0(0.00%) |     13       1    1076      3 |  118.40        0.00

Type     Name                                                                          # reqs      # fails |    Avg     Min     Max    Med |   req/s  failures/s
--------|----------------------------------------------------------------------------|-------|-------------|-------|-------|-------|-------|--------|-----------
GET      /api/audio/latency                                                               274     0(0.00%) |      4       1      59      2 |   20.60        0.00
GET      /api/audio/levels                                                                274     0(0.00%) |     21       1    1053      3 |   20.60        0.00
GET      /api/audio/levels (during plugin swap)                                            75     0(0.00%) |     33       1     991      3 |    5.10        0.00
GET      /api/audio/levels/plugins                                                         75     0(0.00%) |      4       1      17      2 |    5.10        0.00
GET      /api/audio/status                                                                183     0(0.00%) |      4       1      37      2 |   14.30        0.00
GET      /api/chains/                                                                      62     0(0.00%) |     11       1     120      4 |    5.00        0.00
GET      /api/chains/{id}                                                                 183     0(0.00%) |     12       1     983      3 |   14.30        0.00
POST     /api/chains/{id}/activate                                                        183     0(0.00%) |      6       1      75      3 |   14.30        0.00
POST     /api/chains/{id}/deactivate                                                      183     0(0.00%) |     10       1    1076      2 |   14.30        0.00
POST     /api/plugins/batch/parameters (500 updates)                                       84     0(0.00%) |     34       3    1029     10 |    6.40        0.00
GET      /api/plugins/discover                                                             62     0(0.00%) |     18      10      39     13 |    5.00        0.00
GET      /api/plugins/list                                                                 62     0(0.00%) |      6       1      56      3 |    5.00        0.00
POST     /api/plugins/load?uri                                                             75     0(0.00%) |      5       1      28      3 |    5.10        0.00
POST     /api/plugins/unload?uri                                                           75     0(0.00%) |      4       1      34      2 |    5.10        0.00
--------|----------------------------------------------------------------------------|-------|-------------|-------|-------|-------|-------|--------|-----------
         Aggregated                                                                      1850     0(0.00%) |     11       1    1076      3 |  140.20        0.00

Type     Name                                                                          # reqs      # fails |    Avg     Min     Max    Med |   req/s  failures/s
--------|----------------------------------------------------------------------------|-------|-------------|-------|-------|-------|-------|--------|-----------
GET      /api/audio/latency                                                               313     0(0.00%) |      4       1      59      2 |   22.70        0.00
GET      /api/audio/levels                                                                313     0(0.00%) |     19       1    1053      3 |   22.70        0.00
GET      /api/audio/levels (during plugin swap)                                            88     0(0.00%) |     28       1     991      3 |    5.70        0.00
GET      /api/audio/levels/plugins                                                         88     0(0.00%) |      4       1      21      2 |    5.70        0.00
GET      /api/audio/status                                                                221     0(0.00%) |      4       1      37      2 |   14.50        0.00
GET      /api/chains/                                                                      65     0(0.00%) |     11       1     120      4 |    3.70        0.00
GET      /api/chains/{id}                                                                 221     0(0.00%) |     11       1     983      3 |   14.50        0.00
POST     /api/chains/{id}/activate                                                        221     0(0.00%) |      6       1      75      3 |   14.50        0.00
POST     /api/chains/{id}/deactivate                                                      221     0(0.00%) |      9       1    1076      2 |   14.50        0.00
POST     /api/plugins/batch/parameters (500 updates)                                      113     0(0.00%) |     27       3    1029      8 |    8.00        0.00
GET      /api/plugins/discover                                                             65     0(0.00%) |     17      10      39     13 |    3.80        0.00
GET      /api/plugins/list                                                                 65     0(0.00%) |      6       1      56      3 |    3.70        0.00
POST     /api/plugins/load?uri                                                             88     0(0.00%) |      5       1      28      3 |    5.70        0.00
POST     /api/plugins/unload?uri                                                           88     0(0.00%) |      4       1      34      2 |    5.70        0.00
--------|----------------------------------------------------------------------------|-------|-------------|-------|-------|-------|-------|--------|-----------
         Aggregated                                                                      2170     0(0.00%) |     10       1    1076      3 |  145.40        0.00

Type     Name                                                                          # reqs      # fails |    Avg     Min     Max    Med |   req/s  failures/s
--------|----------------------------------------------------------------------------|-------|-------------|-------|-------|-------|-------|--------|-----------
GET      /api/audio/latency                                                               359     0(0.00%) |      4       1      59      2 |   22.50        0.00
GET      /api/audio/levels                                                                359     0(0.00%) |     18       1    1053      3 |   22.50        0.00
GET      /api/audio/levels (during plugin swap)                                           100     0(0.00%) |     26       1     991      3 |    5.80        0.00
GET      /api/audio/levels/plugins                                                        100     0(0.00%) |      4       1      21      2 |    5.80        0.00
GET      /api/audio/status                                                                254     0(0.00%) |      4       1      37      2 |   15.50        0.00
GET      /api/chains/                                                                      65     0(0.00%) |     11       1     120      4 |    1.60        0.00
GET      /api/chains/{id}                                                                 254     0(0.00%) |     10       1     983      3 |   15.50        0.00
POST     /api/chains/{id}/activate                                                        254     0(0.00%) |      6       1      75      3 |   15.50        0.00
POST     /api/chains/{id}/deactivate                                                      254     0(0.00%) |      8       1    1076      2 |   15.50        0.00
POST     /api/plugins/batch/parameters (500 updates)                                      139     0(0.00%) |     24       2    1029      8 |    9.80        0.00
GET      /api/plugins/discover                                                             65     0(0.00%) |     17      10      39     13 |    1.70        0.00
GET      /api/plugins/list                                                                 65     0(0.00%) |      6       1      56      3 |    1.60        0.00
POST     /api/plugins/load?uri                                                            100     0(0.00%) |      5       1      28      3 |    5.80        0.00
POST     /api/plugins/unload?uri                                                          100     0(0.00%) |      4       1      34      2 |    5.80        0.00
--------|----------------------------------------------------------------------------|-------|-------------|-------|-------|-------|-------|--------|-----------
         Aggregated                                                                      2468     0(0.00%) |     10       1    1076      3 |  144.90        0.00

Type     Name                                                                          # reqs      # fails |    Avg     Min     Max    Med |   req/s  failures/s
--------|----------------------------------------------------------------------------|-------|-------------|-------|-------|-------|-------|--------|-----------
GET      /api/audio/latency                                                               381     0(0.00%) |      4       1      59      2 |   21.20        0.00
GET      /api/audio/levels                                                                381     0(0.00%) |     27       1    1053      3 |   21.20        0.00
GET      /api/audio/levels (during plugin swap)                                           103     0(0.00%) |     25       1     991      3 |    6.00        0.00
GET      /api/audio/levels/plugins                                                        103     0(0.00%) |      4       1      21      2 |    6.00        0.00
GET      /api/audio/status                                                                271     0(0.00%) |      4       1      37      2 |   15.90        0.00
GET      /api/chains/                                                                      65     0(0.00%) |     11       1     120      4 |    0.80        0.00
GET      /api/chains/{id}                                                                 271     0(0.00%) |     20       1    1009      3 |   16.00        0.00
POST     /api/chains/{id}/activate                                                        271     0(0.00%) |      6       1      75      3 |   15.90        0.00
POST     /api/chains/{id}/deactivate                                                      271     0(0.00%) |      8       1    1076      2 |   16.00        0.00
POST     /api/plugins/batch/parameters (500 updates)                                      153     0(0.00%) |     40       2    1029      7 |   10.70        0.00
GET      /api/plugins/discover                                                             65     0(0.00%) |     17      10      39     13 |    0.80        0.00
GET      /api/plugins/list                                                                 65     0(0.00%) |      6       1      56      3 |    0.80        0.00
POST     /api/plugins/load?uri                                                            103     0(0.00%) |      5       1      28      3 |    6.00        0.00
POST     /api/plugins/unload?uri                                                          103     0(0.00%) |      4       1      34      2 |    6.00        0.00
--------|----------------------------------------------------------------------------|-------|-------------|-------|-------|-------|-------|--------|-----------
         Aggregated                                                                      2606     0(0.00%) |     13       1    1076      3 |  143.30        0.00

Type     Name                                                                          # reqs      # fails |    Avg     Min     Max    Med |   req/s  failures/s
--------|----------------------------------------------------------------------------|-------|-------------|-------|-------|-------|-------|--------|-----------
GET      /api/audio/latency                                                               432     0(0.00%) |      4       1      59      2 |   20.70        0.00
GET      /api/audio/levels                                                                432     0(0.00%) |     24       1    1053      3 |   20.70        0.00
GET      /api/audio/levels (during plugin swap)                                           114     0(0.00%) |     23       1     991      3 |    5.60        0.00
GET      /api/audio/levels/plugins                                                        114     0(0.00%) |      3       1      21      2 |    5.60        0.00
GET      /api/audio/status                                                                306     0(0.00%) |      4       1      37      2 |   15.90        0.00
GET      /api/chains/                                                                      65     0(0.00%) |     11       1     120      4 |    0.70        0.00
GET      /api/chains/{id}                                                                 306     0(0.00%) |     18       1    1009      3 |   15.80        0.00
POST     /api/chains/{id}/activate                                                        306     0(0.00%) |      6       1      75      3 |   15.90        0.00
POST     /api/chains/{id}/deactivate                                                      306     0(0.00%) |      7       1    1076      2 |   15.90        0.00
POST     /api/plugins/batch/parameters (500 updates)                                      184     0(0.00%) |     34       2    1029      7 |   10.50        0.00
GET      /api/plugins/discover                                                             65     0(0.00%) |     17      10      39     13 |    0.70        0.00
GET      /api/plugins/list                                                                 65     0(0.00%) |      6       1      56      3 |    0.70        0.00
POST     /api/plugins/load?uri                                                            114     0(0.00%) |      5       1      28      3 |    5.60        0.00
POST     /api/plugins/unload?uri                                                          114     0(0.00%) |      3       1      34      2 |    5.60        0.00
--------|----------------------------------------------------------------------------|-------|-------------|-------|-------|-------|-------|--------|-----------
         Aggregated                                                                      2923     0(0.00%) |     12       1    1076      3 |  139.90        0.00

Type     Name                                                                          # reqs      # fails |    Avg     Min     Max    Med |   req/s  failures/s
--------|----------------------------------------------------------------------------|-------|-------------|-------|-------|-------|-------|--------|-----------
GET      /api/audio/latency                                                               475     0(0.00%) |      4       1      59      2 |   21.00        0.00
GET      /api/audio/levels                                                                475     0(0.00%) |     23       1    1053      3 |   21.00        0.00
GET      /api/audio/levels (during plugin swap)                                           123     0(0.00%) |     22       1     991      3 |    5.50        0.00
GET      /api/audio/levels/plugins                                                        123     0(0.00%) |      3       1      21      2 |    5.50        0.00
GET      /api/audio/status                                                                350     0(0.00%) |      4       1      37      2 |   15.20        0.00
GET      /api/chains/                                                                      65     0(0.00%) |     11       1     120      4 |    0.50        0.00
GET      /api/chains/{id}                                                                 350     0(0.00%) |     17       1    1009      3 |   15.20        0.00
POST     /api/chains/{id}/activate                                                        350     0(0.00%) |      6       1      75      3 |   15.20        0.00
POST     /api/chains/{id}/deactivate                                                      350     0(0.00%) |      6       1    1076      2 |   15.20        0.00
POST     /api/plugins/batch/parameters (500 updates)                                      211     0(0.00%) |     31       2    1029      6 |   11.90        0.00
GET      /api/plugins/discover                                                             65     0(0.00%) |     17      10      39     13 |    0.50        0.00
GET      /api/plugins/list                                                                 65     0(0.00%) |      6       1      56      3 |    0.50        0.00
POST     /api/plugins/load?uri                                                            123     0(0.00%) |      5       1      28      3 |    5.50        0.00
POST     /api/plugins/unload?uri                                                          123     0(0.00%) |      3       1      34      2 |    5.50        0.00
--------|----------------------------------------------------------------------------|-------|-------------|-------|-------|-------|-------|--------|-----------
         Aggregated                                                                      3248     0(0.00%) |     11       1    1076      3 |  138.20        0.00

Type     Name                                                                          # reqs      # fails |    Avg     Min     Max    Med |   req/s  failures/s
--------|----------------------------------------------------------------------------|-------|-------------|-------|-------|-------|-------|--------|-----------
GET      /api/audio/latency                                                               523     0(0.00%) |      4       1      59      2 |   20.20        0.00
GET      /api/audio/levels                                                                523     0(0.00%) |     21       1    1053      3 |   20.20        0.00
GET      /api/audio/levels (during plugin swap)                                           134     0(0.00%) |     20       1     991      3 |    4.70        0.00
GET      /api/audio/levels/plugins                                                        134     0(0.00%) |      3       1      21      2 |    4.70        0.00
GET      /api/audio/status                                                                390     0(0.00%) |      4       1      37      2 |   16.90        0.00
GET      /api/chains/                                                                      65     0(0.00%) |     11       1     120      4 |    0.30        0.00
GET      /api/chains/{id}                                                                 390     0(0.00%) |     16       1    1009      3 |   17.00        0.00
POST     /api/chains/{id}/activate                                                        390     0(0.00%) |      5       1      75      3 |   16.90        0.00
POST     /api/chains/{id}/deactivate                                                      390     0(0.00%) |      6       1    1076      2 |   16.90        0.00
POST     /api/plugins/batch/parameters (500 updates)                                      232     0(0.00%) |     29       2    1029      6 |   12.70        0.00
GET      /api/plugins/discover                                                             65     0(0.00%) |     17      10      39     13 |    0.30        0.00
GET      /api/plugins/list                                                                 65     0(0.00%) |      6       1      56      3 |    0.30        0.00
POST     /api/plugins/load?uri                                                            134     0(0.00%) |      4       1      28      3 |    4.70        0.00
POST     /api/plugins/unload?uri                                                          134     0(0.00%) |      3       1      34      2 |    4.70        0.00
--------|----------------------------------------------------------------------------|-------|-------------|-------|-------|-------|-------|--------|-----------
         Aggregated                                                                      3569     0(0.00%) |     11       1    1076      3 |  140.50        0.00

Type     Name                                                                          # reqs      # fails |    Avg     Min     Max    Med |   req/s  failures/s
--------|----------------------------------------------------------------------------|-------|-------------|-------|-------|-------|-------|--------|-----------
GET      /api/audio/latency                                                               573     0(0.00%) |      4       1      59      2 |   20.80        0.00
GET      /api/audio/levels                                                                573     0(0.00%) |     20       1    1053      3 |   20.80        0.00
GET      /api/audio/levels (during plugin swap)                                           148     0(0.00%) |     19       1     991      3 |    4.70        0.00
GET      /api/audio/levels/plugins                                                        148     0(0.00%) |      3       1      21      2 |    4.70        0.00
GET      /api/audio/status                                                                425     0(0.00%) |      3       1      37      2 |   16.80        0.00
GET      /api/chains/                                                                      65     0(0.00%) |     11       1     120      4 |    0.00        0.00
GET      /api/chains/{id}                                                                 425     0(0.00%) |     15       1    1009      3 |   16.80        0.00
POST     /api/chains/{id}/activate                                                        425     0(0.00%) |      5       1      75      3 |   16.80        0.00
POST     /api/chains/{id}/deactivate                                                      425     0(0.00%) |      6       1    1076      2 |   16.80        0.00
POST     /api/plugins/batch/parameters (500 updates)                                      256     0(0.00%) |     27       2    1029      6 |   12.10        0.00
GET      /api/plugins/discover                                                             65     0(0.00%) |     17      10      39     13 |    0.00        0.00
GET      /api/plugins/list                                                                 65     0(0.00%) |      6       1      56      3 |    0.00        0.00
POST     /api/plugins/load?uri                                                            148     0(0.00%) |      5       1      28      3 |    4.70        0.00
POST     /api/plugins/unload?uri                                                          148     0(0.00%) |      3       1      34      2 |    4.70        0.00
--------|----------------------------------------------------------------------------|-------|-------------|-------|-------|-------|-------|--------|-----------
         Aggregated                                                                      3889     0(0.00%) |     10       1    1076      3 |  139.70        0.00

Type     Name                                                                          # reqs      # fails |    Avg     Min     Max    Med |   req/s  failures/s
--------|----------------------------------------------------------------------------|-------|-------------|-------|-------|-------|-------|--------|-----------
GET      /api/audio/latency                                                               621     0(0.00%) |      4       1      59      2 |   20.90        0.00
GET      /api/audio/levels                                                                621     0(0.00%) |     19       1    1053      3 |   20.90        0.00
GET      /api/audio/levels (during plugin swap)                                           159     0(0.00%) |     18       1     991      3 |    4.70        0.00
GET      /api/audio/levels/plugins                                                        159     0(0.00%) |      3       1      21      2 |    4.70        0.00
GET      /api/audio/status                                                                452     0(0.00%) |      3       1      37      2 |   16.90        0.00
GET      /api/chains/                                                                      65     0(0.00%) |     11       1     120      4 |    0.00        0.00
GET      /api/chains/{id}                                                                 452     0(0.00%) |     14       1    1009      3 |   16.90        0.00
POST     /api/chains/{id}/activate                                                        452     0(0.00%) |      5       1      75      3 |   16.90        0.00
POST     /api/chains/{id}/deactivate                                                      452     0(0.00%) |      6       1    1076      2 |   16.90        0.00
POST     /api/plugins/batch/parameters (500 updates)                                      281     0(0.00%) |     25       2    1029      6 |   11.70        0.00
GET      /api/plugins/discover                                                             65     0(0.00%) |     17      10      39     13 |    0.00        0.00
GET      /api/plugins/list                                                                 65     0(0.00%) |      6       1      56      3 |    0.00        0.00
POST     /api/plugins/load?uri                                                            159     0(0.00%) |      5       1      28      3 |    4.70        0.00
POST     /api/plugins/unload?uri                                                          159     0(0.00%) |      3       1      34      2 |    4.70        0.00
--------|----------------------------------------------------------------------------|-------|-------------|-------|-------|-------|-------|--------|-----------
         Aggregated                                                                      4162     0(0.00%) |     10       1    1076      3 |  139.90        0.00

Type     Name                                                                          # reqs      # fails |    Avg     Min     Max    Med |   req/s  failures/s
--------|----------------------------------------------------------------------------|-------|-------------|-------|-------|-------|-------|--------|-----------
GET      /api/audio/latency                                                               650     0(0.00%) |      4       1      59      2 |   24.40        0.00
GET      /api/audio/levels                                                                650     0(0.00%) |     24       1    1053      3 |   24.40        0.00
GET      /api/audio/levels (during plugin swap)                                           164     0(0.00%) |     30       1    1016      3 |    5.60        0.00
GET      /api/audio/levels/plugins                                                        164     0(0.00%) |      3       1      21      2 |    5.60        0.00
GET      /api/audio/status                                                                471     0(0.00%) |      3       1      37      2 |   18.40        0.00
GET      /api/chains/                                                                      65     0(0.00%) |     11       1     120      4 |    0.00        0.00
GET      /api/chains/{id}                                                                 471     0(0.00%) |     16       1    1056      3 |   18.40        0.00
POST     /api/chains/{id}/activate                                                        471     0(0.00%) |      5       1      75      3 |   18.40        0.00
POST     /api/chains/{id}/deactivate                                                      471     0(0.00%) |      6       1    1076      2 |   18.40        0.00
POST     /api/plugins/batch/parameters (500 updates)                                      302     0(0.00%) |     33       2    1029      6 |   13.10        0.00
GET      /api/plugins/discover                                                             65     0(0.00%) |     17      10      39     13 |    0.00        0.00
GET      /api/plugins/list                                                                 65     0(0.00%) |      6       1      56      3 |    0.00        0.00
POST     /api/plugins/load?uri                                                            164     0(0.00%) |      5       1      28      3 |    5.60        0.00
POST     /api/plugins/unload?uri                                                          164     0(0.00%) |      3       1      34      2 |    5.60        0.00
--------|----------------------------------------------------------------------------|-------|-------------|-------|-------|-------|-------|--------|-----------
         Aggregated                                                                      4337     0(0.00%) |     12       1    1076      3 |  157.90        0.00

Type     Name                                                                          # reqs      # fails |    Avg     Min     Max    Med |   req/s  failures/s
--------|----------------------------------------------------------------------------|-------|-------------|-------|-------|-------|-------|--------|-----------
GET      /api/audio/latency                                                               705     0(0.00%) |      4       1      59      2 |   22.10        0.00
GET      /api/audio/levels                                                                705     0(0.00%) |     23       1    1053      3 |   22.10        0.00
GET      /api/audio/levels (during plugin swap)                                           172     0(0.00%) |     29       1    1016      3 |    5.00        0.00
GET      /api/audio/levels/plugins                                                        172     0(0.00%) |      3       1      21      2 |    5.00        0.00
GET      /api/audio/status                                                                498     0(0.00%) |      3       1      37      2 |   16.70        0.00
GET      /api/chains/                                                                      65     0(0.00%) |     11       1     120      4 |    0.00        0.00
GET      /api/chains/{id}                                                                 498     0(0.00%) |     16       1    1056      3 |   16.70        0.00
POST     /api/chains/{id}/activate                                                        498     0(0.00%) |      5       1      75      3 |   16.70        0.00
POST     /api/chains/{id}/deactivate                                                      498     0(0.00%) |      5       1    1076      2 |   16.70        0.00
POST     /api/plugins/batch/parameters (500 updates)                                      329     0(0.00%) |     31       2    1029      6 |   11.50        0.00
GET      /api/plugins/discover                                                             65     0(0.00%) |     17      10      39     13 |    0.00        0.00
GET      /api/plugins/list                                                                 65     0(0.00%) |      6       1      56      3 |    0.00        0.00
POST     /api/plugins/load?uri                                                            172     0(0.00%) |      4       1      28      3 |    5.00        0.00
POST     /api/plugins/unload?uri                                                          172     0(0.00%) |      3       1      34      2 |    5.00        0.00
--------|----------------------------------------------------------------------------|-------|-------------|-------|-------|-------|-------|--------|-----------
         Aggregated                                                                      4614     0(0.00%) |     11       1    1076      3 |  142.50        0.00

Type     Name                                                                          # reqs      # fails |    Avg     Min     Max    Med |   req/s  failures/s
--------|----------------------------------------------------------------------------|-------|-------------|-------|-------|-------|-------|--------|-----------
GET      /api/audio/latency                                                               753     0(0.00%) |      4       1      59      2 |   23.10        0.00
GET      /api/audio/levels                                                                753     0(0.00%) |     22       1    1053      3 |   23.20        0.00
GET      /api/audio/levels (during plugin swap)                                           185     0(0.00%) |     27       1    1016      3 |    4.90        0.00
GET      /api/audio/levels/plugins                                                        185     0(0.00%) |      3       1      21      2 |    4.90        0.00
GET      /api/audio/status                                                                542     0(0.00%) |      3       1      37      2 |   14.80        0.00
GET      /api/chains/                                                                      65     0(0.00%) |     11       1     120      4 |    0.00        0.00
GET      /api/chains/{id}                                                                 542     0(0.00%) |     15       1    1056      3 |   14.70        0.00
POST     /api/chains/{id}/activate                                                        542     0(0.00%) |      5       1      75      3 |   14.80        0.00
POST     /api/chains/{id}/deactivate                                                      542     0(0.00%) |      5       1    1076      2 |   14.80        0.00
POST     /api/plugins/batch/parameters (500 updates)                                      350     0(0.00%) |     30       2    1029      6 |   11.60        0.00
GET      /api/plugins/discover                                                             65     0(0.00%) |     17      10      39     13 |    0.00        0.00
GET      /api/plugins/list                                                                 65     0(0.00%) |      6       1      56      3 |    0.00        0.00
POST     /api/plugins/load?uri                                                            185     0(0.00%) |      4       1      28      3 |    4.90        0.00
POST     /api/plugins/unload?uri                                                          185     0(0.00%) |      3       1      34      2 |    4.90        0.00
--------|----------------------------------------------------------------------------|-------|-------------|-------|-------|-------|-------|--------|-----------
         Aggregated                                                                      4959     0(0.00%) |     11       1    1076      3 |  136.60        0.00

Type     Name                                                                          # reqs      # fails |    Avg     Min     Max    Med |   req/s  failures/s
--------|----------------------------------------------------------------------------|-------|-------------|-------|-------|-------|-------|--------|-----------
GET      /api/audio/latency                                                               801     0(0.00%) |      4       1      59      2 |   23.00        0.00
GET      /api/audio/levels                                                                802     0(0.00%) |     21       1    1053      3 |   23.00        0.00
GET      /api/audio/levels (during plugin swap)                                           200     0(0.00%) |     25       1    1016      3 |    5.10        0.00
GET      /api/audio/levels/plugins                                                        200     0(0.00%) |      3       1      21      2 |    5.10        0.00
GET      /api/audio/status                                                                585     0(0.00%) |      3       1      37      2 |   15.00        0.00
GET      /api/chains/                                                                      65     0(0.00%) |     11       1     120      4 |    0.00        0.00
GET      /api/chains/{id}                                                                 585     0(0.00%) |     14       1    1056      3 |   15.00        0.00
POST     /api/chains/{id}/activate                                                        585     0(0.00%) |      5       1      75      3 |   15.00        0.00
POST     /api/chains/{id}/deactivate                                                      585     0(0.00%) |      5       1    1076      2 |   15.00        0.00
POST     /api/plugins/batch/parameters (500 updates)                                      364     0(0.00%) |     29       2    1029      6 |   11.80        0.00
GET      /api/plugins/discover                                                             65     0(0.00%) |     17      10      39     13 |    0.00        0.00
GET      /api/plugins/list                                                                 65     0(0.00%) |      6       1      56      3 |    0.00        0.00
POST     /api/plugins/load?uri                                                            200     0(0.00%) |      4       1      28      3 |    5.10        0.00
POST     /api/plugins/unload?uri                                                          200     0(0.00%) |      3       1      34      2 |    5.10        0.00
--------|----------------------------------------------------------------------------|-------|-------------|-------|-------|-------|-------|--------|-----------
         Aggregated                                                                      5302     0(0.00%) |     10       1    1076      3 |  138.20        0.00

Type     Name                                                                          # reqs      # fails |    Avg     Min     Max    Med |   req/s  failures/s
--------|----------------------------------------------------------------------------|-------|-------------|-------|-------|-------|-------|--------|-----------
GET      /api/audio/latency                                                               848     0(0.00%) |      4       1      59      2 |   23.10        0.00
GET      /api/audio/levels                                                                848     0(0.00%) |     20       1    1053      3 |   23.10        0.00
GET      /api/audio/levels (during plugin swap)                                           211     0(0.00%) |     24       1    1016      3 |    5.20        0.00
GET      /api/audio/levels/plugins                                                        211     0(0.00%) |      3       1      21      2 |    5.30        0.00
GET      /api/audio/status                                                                617     0(0.00%) |      3       1      37      2 |   15.90        0.00
GET      /api/chains/                                                                      65     0(0.00%) |     11       1     120      4 |    0.00        0.00
GET      /api/chains/{id}                                                                 617     0(0.00%) |     14       1    1056      3 |   15.90        0.00
POST     /api/chains/{id}/activate                                                        617     0(0.00%) |      5       1      75      3 |   15.90        0.00
POST     /api/chains/{id}/deactivate                                                      617     0(0.00%) |      5       1    1076      2 |   15.90        0.00
POST     /api/plugins/batch/parameters (500 updates)                                      388     0(0.00%) |     28       2    1029      6 |   10.70        0.00
GET      /api/plugins/discover                                                             65     0(0.00%) |     17      10      39     13 |    0.00        0.00
GET      /api/plugins/list                                                                 65     0(0.00%) |      6       1      56      3 |    0.00        0.00
POST     /api/plugins/load?uri                                                            211     0(0.00%) |      4       1      28      3 |    5.20        0.00
POST     /api/plugins/unload?uri                                                          210     0(0.00%) |      3       1      34      2 |    5.30        0.00
--------|----------------------------------------------------------------------------|-------|-------------|-------|-------|-------|-------|--------|-----------
         Aggregated                                                                      5590     0(0.00%) |     10       1    1076      3 |  141.50        0.00

Type     Name                                                                          # reqs      # fails |    Avg     Min     Max    Med |   req/s  failures/s
--------|----------------------------------------------------------------------------|-------|-------------|-------|-------|-------|-------|--------|-----------
GET      /api/audio/latency                                                               872     0(0.00%) |      4       1      59      2 |   22.70        0.00
GET      /api/audio/levels                                                                872     0(0.00%) |     24       1    1053      3 |   22.70        0.00
GET      /api/audio/levels (during plugin swap)                                           216     0(0.00%) |     28       1    1016      3 |    5.10        0.00
GET      /api/audio/levels/plugins                                                        216     0(0.00%) |      3       1      21      2 |    5.10        0.00
GET      /api/audio/status                                                                643     0(0.00%) |      3       1      37      2 |   16.40        0.00
GET      /api/chains/                                                                      65     0(0.00%) |     11       1     120      4 |    0.00        0.00
GET      /api/chains/{id}                                                                 643     0(0.00%) |     16       1    1056      3 |   16.40        0.00
POST     /api/chains/{id}/activate                                                        643     0(0.00%) |      5       1      75      3 |   16.40        0.00
POST     /api/chains/{id}/deactivate                                                      643     0(0.00%) |      5       1    1076      2 |   16.40        0.00
POST     /api/plugins/batch/parameters (500 updates)                                      397     0(0.00%) |     34       2    1042      6 |   10.50        0.00
GET      /api/plugins/discover                                                             65     0(0.00%) |     17      10      39     13 |    0.00        0.00
GET      /api/plugins/list                                                                 65     0(0.00%) |      6       1      56      3 |    0.00        0.00
POST     /api/plugins/load?uri                                                            216     0(0.00%) |      4       1      28      3 |    5.10        0.00
POST     /api/plugins/unload?uri                                                          216     0(0.00%) |      3       1      34      2 |    5.10        0.00
--------|----------------------------------------------------------------------------|-------|-------------|-------|-------|-------|-------|--------|-----------
         Aggregated                                                                      5772     0(0.00%) |     12       1    1076      3 |  141.90        0.00

Type     Name                                                                          # reqs      # fails |    Avg     Min     Max    Med |   req/s  failures/s
--------|----------------------------------------------------------------------------|-------|-------------|-------|-------|-------|-------|--------|-----------
GET      /api/audio/latency                                                               917     0(0.00%) |      4       1      59      2 |   21.80        0.00
GET      /api/audio/levels                                                                917     0(0.00%) |     23       1    1053      3 |   21.80        0.00
GET      /api/audio/levels (during plugin swap)                                           231     0(0.00%) |     28       1    1016      3 |    5.20        0.00
GET      /api/audio/levels/plugins                                                        231     0(0.00%) |      3       1      22      2 |    5.20        0.00
GET      /api/audio/status                                                                669     0(0.00%) |      3       1      37      2 |   17.10        0.00
GET      /api/chains/                                                                      65     0(0.00%) |     11       1     120      4 |    0.00        0.00
GET      /api/chains/{id}                                                                 669     0(0.00%) |     16       1    1056      3 |   17.10        0.00
POST     /api/chains/{id}/activate                                                        669     0(0.00%) |      5       1      75      3 |   17.10        0.00
POST     /api/chains/{id}/deactivate                                                      669     0(0.00%) |      5       1    1076      2 |   17.10        0.00
POST     /api/plugins/batch/parameters (500 updates)                                      423     0(0.00%) |     33       2    1042      6 |    9.50        0.00
GET      /api/plugins/discover                                                             65     0(0.00%) |     17      10      39     13 |    0.00        0.00
GET      /api/plugins/list                                                                 65     0(0.00%) |      6       1      56      3 |    0.00        0.00
POST     /api/plugins/load?uri                                                            231     0(0.00%) |      4       1      28      3 |    5.20        0.00
POST     /api/plugins/unload?uri                                                          231     0(0.00%) |      3       1      34      2 |    5.20        0.00
--------|----------------------------------------------------------------------------|-------|-------------|-------|-------|-------|-------|--------|-----------
         Aggregated                                                                      6052     0(0.00%) |     11       1    1076      3 |  142.30        0.00

Type     Name                                                                          # reqs      # fails |    Avg     Min     Max    Med |   req/s  failures/s
--------|----------------------------------------------------------------------------|-------|-------------|-------|-------|-------|-------|--------|-----------
GET      /api/audio/latency                                                               967     0(0.00%) |      4       1      59      2 |   21.10        0.00
GET      /api/audio/levels                                                                967     0(0.00%) |     22       1    1053      3 |   21.00        0.00
GET      /api/audio/levels (during plugin swap)                                           243     0(0.00%) |     27       1    1016      3 |    5.90        0.00
GET      /api/audio/levels/plugins                                                        243     0(0.00%) |      3       1      22      2 |    5.90        0.00
GET      /api/audio/status                                                                705     0(0.00%) |      3       1      37      2 |   16.80        0.00
GET      /api/chains/                                                                      65     0(0.00%) |     11       1     120      4 |    0.00        0.00
GET      /api/chains/{id}                                                                 705     0(0.00%) |     16       1    1056      3 |   16.80        0.00
POST     /api/chains/{id}/activate                                                        705     0(0.00%) |      5       1      75      3 |   16.80        0.00
POST     /api/chains/{id}/deactivate                                                      705     0(0.00%) |      4       1    1076      2 |   16.80        0.00
POST     /api/plugins/batch/parameters (500 updates)                                      440     0(0.00%) |     32       2    1042      6 |    9.60        0.00
GET      /api/plugins/discover                                                             65     0(0.00%) |     17      10      39     13 |    0.00        0.00
GET      /api/plugins/list                                                                 65     0(0.00%) |      6       1      56      3 |    0.00        0.00
POST     /api/plugins/load?uri                                                            243     0(0.00%) |      4       1      28      3 |    5.90        0.00
POST     /api/plugins/unload?uri                                                          243     0(0.00%) |      3       1      34      2 |    5.90        0.00
--------|----------------------------------------------------------------------------|-------|-------------|-------|-------|-------|-------|--------|-----------
         Aggregated                                                                      6361     0(0.00%) |     11       1    1076      3 |  142.50        0.00

Type     Name                                                                          # reqs      # fails |    Avg     Min     Max    Med |   req/s  failures/s
--------|----------------------------------------------------------------------------|-------|-------------|-------|-------|-------|-------|--------|-----------
GET      /api/audio/latency                                                              1014     0(0.00%) |      4       1      59      2 |   21.20        0.00
GET      /api/audio/levels                                                               1015     0(0.00%) |     21       1    1053      3 |   21.20        0.00
GET      /api/audio/levels (during plugin swap)                                           251     0(0.00%) |     26       1    1016      3 |    5.80        0.00
GET      /api/audio/levels/plugins                                                        251     0(0.00%) |      3       1      22      2 |    5.80        0.00
GET      /api/audio/status                                                                741     0(0.00%) |      3       1      37      2 |   16.50        0.00
GET      /api/chains/                                                                      65     0(0.00%) |     11       1     120      4 |    0.00        0.00
GET      /api/chains/{id}                                                                 743     0(0.00%) |     15       1    1056      3 |   16.50        0.00
POST     /api/chains/{id}/activate                                                        741     0(0.00%) |      5       1      75      3 |   16.50        0.00
POST     /api/chains/{id}/deactivate                                                      741     0(0.00%) |      4       1    1076      2 |   16.50        0.00
POST     /api/plugins/batch/parameters (500 updates)                                      470     0(0.00%) |     31       2    1042      6 |    9.00        0.00
GET      /api/plugins/discover                                                             65     0(0.00%) |     17      10      39     13 |    0.00        0.00
GET      /api/plugins/list                                                                 65     0(0.00%) |      6       1      56      3 |    0.00        0.00
POST     /api/plugins/load?uri                                                            251     0(0.00%) |      4       1      28      3 |    5.80        0.00
POST     /api/plugins/unload?uri                                                          251     0(0.00%) |      3       1      34      2 |    5.80        0.00
--------|----------------------------------------------------------------------------|-------|-------------|-------|-------|-------|-------|--------|-----------
         Aggregated                                                                      6664     0(0.00%) |     11       1    1076      3 |  140.60        0.00

Type     Name                                                                          # reqs      # fails |    Avg     Min     Max    Med |   req/s  failures/s
--------|----------------------------------------------------------------------------|-------|-------------|-------|-------|-------|-------|--------|-----------
GET      /api/audio/latency                                                              1061     0(0.00%) |      4       1      59      2 |   21.10        0.00
GET      /api/audio/levels                                                               1061     0(0.00%) |     21       1    1053      3 |   21.10        0.00
GET      /api/audio/levels (during plugin swap)                                           264     0(0.00%) |     25       1    1016      3 |    5.10        0.00
GET      /api/audio/levels/plugins                                                        264     0(0.00%) |      3       1      22      2 |    5.10        0.00
GET      /api/audio/status                                                                782     0(0.00%) |      3       1      37      2 |   15.90        0.00
GET      /api/chains/                                                                      65     0(0.00%) |     11       1     120      4 |    0.00        0.00
GET      /api/chains/{id}                                                                 783     0(0.00%) |     15       1    1056      3 |   15.90        0.00
POST     /api/chains/{id}/activate                                                        783     0(0.00%) |      5       1      75      3 |   15.90        0.00
POST     /api/chains/{id}/deactivate                                                      781     0(0.00%) |      4       1    1076      2 |   15.90        0.00
POST     /api/plugins/batch/parameters (500 updates)                                      493     0(0.00%) |     30       2    1042      6 |   10.40        0.00
GET      /api/plugins/discover                                                             65     0(0.00%) |     17      10      39     13 |    0.00        0.00
GET      /api/plugins/list                                                                 65     0(0.00%) |      6       1      56      3 |    0.00        0.00
POST     /api/plugins/load?uri                                                            264     0(0.00%) |      4       1      28      3 |    5.10        0.00
POST     /api/plugins/unload?uri                                                          264     0(0.00%) |      3       1      34      2 |    5.10        0.00
--------|----------------------------------------------------------------------------|-------|-------------|-------|-------|-------|-------|--------|-----------
         Aggregated                                                                      6995     0(0.00%) |     10       1    1076      2 |  136.60        0.00

Type     Name                                                                          # reqs      # fails |    Avg     Min     Max    Med |   req/s  failures/s
--------|----------------------------------------------------------------------------|-------|-------------|-------|-------|-------|-------|--------|-----------
GET      /api/audio/latency                                                              1108     0(0.00%) |      4       1      59      2 |   21.20        0.00
GET      /api/audio/levels                                                               1108     0(0.00%) |     20       1    1053      3 |   21.20        0.00
GET      /api/audio/levels (during plugin swap)                                           276     0(0.00%) |     24       1    1016      3 |    5.30        0.00
GET      /api/audio/levels/plugins                                                        275     0(0.00%) |      3       1      22      2 |    5.20        0.00
GET      /api/audio/status                                                                819     0(0.00%) |      3       1      39      2 |   16.90        0.00
GET      /api/chains/                                                                      65     0(0.00%) |     11       1     120      4 |    0.00        0.00
GET      /api/chains/{id}                                                                 819     0(0.00%) |     14       1    1056      3 |   16.80        0.00
POST     /api/chains/{id}/activate                                                        819     0(0.00%) |      5       1      75      3 |   16.90        0.00
POST     /api/chains/{id}/deactivate                                                      819     0(0.00%) |      4       1    1076      2 |   16.90        0.00
POST     /api/plugins/batch/parameters (500 updates)                                      515     0(0.00%) |     29       2    1042      6 |   10.10        0.00
GET      /api/plugins/discover                                                             65     0(0.00%) |     17      10      39     13 |    0.00        0.00
GET      /api/plugins/list                                                                 65     0(0.00%) |      6       1      56      3 |    0.00        0.00
POST     /api/plugins/load?uri                                                            276     0(0.00%) |      4       1      28      3 |    5.20        0.00
POST     /api/plugins/unload?uri                                                          275     0(0.00%) |      3       1      34      2 |    5.20        0.00
--------|----------------------------------------------------------------------------|-------|-------------|-------|-------|-------|-------|--------|-----------
         Aggregated                                                                      7304     0(0.00%) |     10       1    1076      2 |  140.90        0.00

Type     Name                                                                          # reqs      # fails |    Avg     Min     Max    Med |   req/s  failures/s
--------|----------------------------------------------------------------------------|-------|-------------|-------|-------|-------|-------|--------|-----------
GET      /api/audio/latency                                                              1135     0(0.00%) |      4       1      59      2 |   24.00        0.00
GET      /api/audio/levels                                                               1135     0(0.00%) |     22       1    1053      3 |   24.00        0.00
GET      /api/audio/levels (during plugin swap)                                           281     0(0.00%) |     24       1    1016      3 |    6.10        0.00
GET      /api/audio/levels/plugins                                                        281     0(0.00%) |      7       1    1053      2 |    6.00        0.00
GET      /api/audio/status                                                                845     0(0.00%) |      3       1      39      2 |   17.80        0.00
GET      /api/chains/                                                                      65     0(0.00%) |     11       1     120      4 |    0.00        0.00
GET      /api/chains/{id}                                                                 845     0(0.00%) |     19       1    1056      3 |   17.80        0.00
POST     /api/chains/{id}/activate                                                        845     0(0.00%) |      5       1      75      3 |   17.80        0.00
POST     /api/chains/{id}/deactivate                                                      845     0(0.00%) |      4       1    1076      2 |   17.80        0.00
POST     /api/plugins/batch/parameters (500 updates)                                      529     0(0.00%) |     30       2    1042      6 |   12.10        0.00
GET      /api/plugins/discover                                                             65     0(0.00%) |     17      10      39     13 |    0.00        0.00
GET      /api/plugins/list                                                                 65     0(0.00%) |      6       1      56      3 |    0.00        0.00
POST     /api/plugins/load?uri                                                            281     0(0.00%) |      4       1      28      3 |    6.10        0.00
POST     /api/plugins/unload?uri                                                          281     0(0.00%) |      3       1      34      2 |    6.00        0.00
--------|----------------------------------------------------------------------------|-------|-------------|-------|-------|-------|-------|--------|-----------
         Aggregated                                                                      7498     0(0.00%) |     11       1    1076      2 |  155.50        0.00

Type     Name                                                                          # reqs      # fails |    Avg     Min     Max    Med |   req/s  failures/s
--------|----------------------------------------------------------------------------|-------|-------------|-------|-------|-------|-------|--------|-----------
GET      /api/audio/latency                                                              1188     0(0.00%) |      4       1      59      2 |   21.80        0.00
GET      /api/audio/levels                                                               1188     0(0.00%) |     22       1    1053      3 |   21.80        0.00
GET      /api/audio/levels (during plugin swap)                                           289     0(0.00%) |     23       1    1016      3 |    5.00        0.00
GET      /api/audio/levels/plugins                                                        289     0(0.00%) |      7       1    1053      2 |    5.00        0.00
GET      /api/audio/status                                                                879     0(0.00%) |      3       1      39      2 |   17.50        0.00
GET      /api/chains/                                                                      65     0(0.00%) |     11       1     120      4 |    0.00        0.00
GET      /api/chains/{id}                                                                 879     0(0.00%) |     19       1    1056      3 |   17.50        0.00
POST     /api/chains/{id}/activate                                                        879     0(0.00%) |      5       1      75      3 |   17.50        0.00
POST     /api/chains/{id}/deactivate                                                      879     0(0.00%) |      4       1    1076      2 |   17.50        0.00
POST     /api/plugins/batch/parameters (500 updates)                                      550     0(0.00%) |     29       2    1042      6 |   10.60        0.00
GET      /api/plugins/discover                                                             65     0(0.00%) |     17      10      39     13 |    0.00        0.00
GET      /api/plugins/list                                                                 65     0(0.00%) |      6       1      56      3 |    0.00        0.00
POST     /api/plugins/load?uri                                                            289     0(0.00%) |      4       1      28      3 |    5.00        0.00
POST     /api/plugins/unload?uri                                                          289     0(0.00%) |      3       1      34      2 |    5.00        0.00
--------|----------------------------------------------------------------------------|-------|-------------|-------|-------|-------|-------|--------|-----------
         Aggregated                                                                      7793     0(0.00%) |     11       1    1076      2 |  144.20        0.00

Type     Name                                                                          # reqs      # fails |    Avg     Min     Max    Med |   req/s  failures/s
--------|----------------------------------------------------------------------------|-------|-------------|-------|-------|-------|-------|--------|-----------
GET      /api/audio/latency                                                              1241     0(0.00%) |      4       1      59      2 |   22.10        0.00
GET      /api/audio/levels                                                               1241     0(0.00%) |     21       1    1053      3 |   22.10        0.00
GET      /api/audio/levels (during plugin swap)                                           300     0(0.00%) |     23       1    1016      3 |    4.60        0.00
GET      /api/audio/levels/plugins                                                        300     0(0.00%) |      7       1    1053      2 |    4.60        0.00
GET      /api/audio/status                                                                911     0(0.00%) |      3       1      39      2 |   17.10        0.00
GET      /api/chains/                                                                      65     0(0.00%) |     11       1     120      4 |    0.00        0.00
GET      /api/chains/{id}                                                                 911     0(0.00%) |     19       1    1056      3 |   17.10        0.00
POST     /api/chains/{id}/activate                                                        911     0(0.00%) |      5       1      75      3 |   17.10        0.00
POST     /api/chains/{id}/deactivate                                                      911     0(0.00%) |      4       1    1076      2 |   17.00        0.00
POST     /api/plugins/batch/parameters (500 updates)                                      574     0(0.00%) |     28       2    1042      6 |   10.90        0.00
GET      /api/plugins/discover                                                             65     0(0.00%) |     17      10      39     13 |    0.00        0.00
GET      /api/plugins/list                                                                 65     0(0.00%) |      6       1      56      3 |    0.00        0.00
POST     /api/plugins/load?uri                                                            300     0(0.00%) |      4       1      28      3 |    4.60        0.00
POST     /api/plugins/unload?uri                                                          300     0(0.00%) |      3       1      34      2 |    4.60        0.00
--------|----------------------------------------------------------------------------|-------|-------------|-------|-------|-------|-------|--------|-----------
         Aggregated                                                                      8095     0(0.00%) |     11       1    1076      2 |  141.80        0.00

Type     Name                                                                          # reqs      # fails |    Avg     Min     Max    Med |   req/s  failures/s
--------|----------------------------------------------------------------------------|-------|-------------|-------|-------|-------|-------|--------|-----------
GET      /api/audio/latency                                                              1289     0(0.00%) |      4       1      59      2 |   22.90        0.00
GET      /api/audio/levels                                                               1289     0(0.00%) |     20       1    1053      3 |   22.90        0.00
GET      /api/audio/levels (during plugin swap)                                           312     0(0.00%) |     22       1    1016      3 |    4.90        0.00
GET      /api/audio/levels/plugins                                                        312     0(0.00%) |      6       1    1053      2 |    4.90        0.00
GET      /api/audio/status                                                                952     0(0.00%) |      3       1      39      2 |   16.70        0.00
GET      /api/chains/                                                                      65     0(0.00%) |     11       1     120      4 |    0.00        0.00
GET      /api/chains/{id}                                                                 952     0(0.00%) |     18       1    1056      3 |   16.70        0.00
POST     /api/chains/{id}/activate                                                        952     0(0.00%) |      5       1      75      3 |   16.70        0.00
POST     /api/chains/{id}/deactivate                                                      952     0(0.00%) |      4       1    1076      2 |   16.70        0.00
POST     /api/plugins/batch/parameters (500 updates)                                      601     0(0.00%) |     27       2    1042      6 |   10.40        0.00
GET      /api/plugins/discover                                                             65     0(0.00%) |     17      10      39     13 |    0.00        0.00
GET      /api/plugins/list                                                                 65     0(0.00%) |      6       1      56      3 |    0.00        0.00
POST     /api/plugins/load?uri                                                            312     0(0.00%) |      4       1      28      3 |    4.90        0.00
POST     /api/plugins/unload?uri                                                          312     0(0.00%) |      3       1      34      2 |    4.90        0.00
--------|----------------------------------------------------------------------------|-------|-------------|-------|-------|-------|-------|--------|-----------
         Aggregated                                                                      8430     0(0.00%) |     11       1    1076      2 |  142.60        0.00

Type     Name                                                                          # reqs      # fails |    Avg     Min     Max    Med |   req/s  failures/s
--------|----------------------------------------------------------------------------|-------|-------------|-------|-------|-------|-------|--------|-----------
GET      /api/audio/latency                                                              1335     0(0.00%) |      4       1      59      2 |   22.70        0.00
GET      /api/audio/levels                                                               1335     0(0.00%) |     20       1    1053      3 |   22.70        0.00
GET      /api/audio/levels (during plugin swap)                                           327     0(0.00%) |     21       1    1016      3 |    4.50        0.00
GET      /api/audio/levels/plugins                                                        327     0(0.00%) |      6       1    1053      2 |    4.50        0.00
GET      /api/audio/status                                                                990     0(0.00%) |      3       1      39      2 |   17.10        0.00
GET      /api/chains/                                                                      65     0(0.00%) |     11       1     120      4 |    0.00        0.00
GET      /api/chains/{id}                                                                 990     0(0.00%) |     17       1    1056      3 |   17.20        0.00
POST     /api/chains/{id}/activate                                                        990     0(0.00%) |      5       1      75      3 |   17.20        0.00
POST     /api/chains/{id}/deactivate                                                      989     0(0.00%) |      4       1    1076      2 |   17.10        0.00
POST     /api/plugins/batch/parameters (500 updates)                                      629     0(0.00%) |     27       2    1042      6 |   10.80        0.00
GET      /api/plugins/discover                                                             65     0(0.00%) |     17      10      39     13 |    0.00        0.00
GET      /api/plugins/list                                                                 65     0(0.00%) |      6       1      56      3 |    0.00        0.00
POST     /api/plugins/load?uri                                                            327     0(0.00%) |      4       1      28      3 |    4.50        0.00
POST     /api/plugins/unload?uri                                                          327     0(0.00%) |      3       1      34      2 |    4.50        0.00
--------|----------------------------------------------------------------------------|-------|-------------|-------|-------|-------|-------|--------|-----------
         Aggregated                                                                      8761     0(0.00%) |     10       1    1076      2 |  142.80        0.00

Type     Name                                                                          # reqs      # fails |    Avg     Min     Max    Med |   req/s  failures/s
--------|----------------------------------------------------------------------------|-------|-------------|-------|-------|-------|-------|--------|-----------
GET      /api/audio/latency                                                              1354     0(0.00%) |      4       1      59      2 |   22.30        0.00
GET      /api/audio/levels                                                               1354     0(0.00%) |     24       1    1145      3 |   22.40        0.00
GET      /api/audio/levels (during plugin swap)                                           337     0(0.00%) |     24       1    1055      3 |    5.00        0.00
GET      /api/audio/levels/plugins                                                        337     0(0.00%) |      6       1    1053      2 |    5.00        0.00
GET      /api/audio/status                                                               1004     0(0.00%) |      3       1      39      2 |   16.80        0.00
GET      /api/chains/                                                                      65     0(0.00%) |     11       1     120      4 |    0.00        0.00
GET      /api/chains/{id}                                                                1004     0(0.00%) |     19       1    1056      3 |   16.90        0.00
POST     /api/chains/{id}/activate                                                       1004     0(0.00%) |      5       1      75      3 |   16.80        0.00
POST     /api/chains/{id}/deactivate                                                     1004     0(0.00%) |      4       1    1076      2 |   16.80        0.00
POST     /api/plugins/batch/parameters (500 updates)                                      640     0(0.00%) |     28       2    1066      6 |   10.90        0.00
GET      /api/plugins/discover                                                             65     0(0.00%) |     17      10      39     13 |    0.00        0.00
GET      /api/plugins/list                                                                 65     0(0.00%) |      6       1      56      3 |    0.00        0.00
POST     /api/plugins/load?uri                                                            337     0(0.00%) |      4       1      28      3 |    4.90        0.00
POST     /api/plugins/unload?uri                                                          337     0(0.00%) |      3       1      34      2 |    5.00        0.00
--------|----------------------------------------------------------------------------|-------|-------------|-------|-------|-------|-------|--------|-----------
         Aggregated                                                                      8907     0(0.00%) |     11       1    1145      2 |  142.80        0.00

Type     Name                                                                          # reqs      # fails |    Avg     Min     Max    Med |   req/s  failures/s
--------|----------------------------------------------------------------------------|-------|-------------|-------|-------|-------|-------|--------|-----------
GET      /api/audio/latency                                                              1395     0(0.00%) |      4       1      59      2 |   21.50        0.00
GET      /api/audio/levels                                                               1395     0(0.00%) |     24       1    1145      3 |   21.50        0.00
GET      /api/audio/levels (during plugin swap)                                           354     0(0.00%) |     23       1    1055      3 |    5.60        0.00
GET      /api/audio/levels/plugins                                                        354     0(0.00%) |      6       1    1053      2 |    5.60        0.00
GET      /api/audio/status                                                               1039     0(0.00%) |      3       1      39      2 |   16.20        0.00
GET      /api/chains/                                                                      65     0(0.00%) |     11       1     120      4 |    0.00        0.00
GET      /api/chains/{id}                                                                1039     0(0.00%) |     19       1    1056      3 |   16.20        0.00
POST     /api/chains/{id}/activate                                                       1039     0(0.00%) |      5       1      75      3 |   16.20        0.00
POST     /api/chains/{id}/deactivate                                                     1039     0(0.00%) |      4       1    1076      2 |   16.20        0.00
POST     /api/plugins/batch/parameters (500 updates)                                      662     0(0.00%) |     27       2    1066      6 |   11.00        0.00
GET      /api/plugins/discover                                                             65     0(0.00%) |     17      10      39     13 |    0.00        0.00
GET      /api/plugins/list                                                                 65     0(0.00%) |      6       1      56      3 |    0.00        0.00
POST     /api/plugins/load?uri                                                            354     0(0.00%) |      4       1      28      3 |    5.60        0.00
POST     /api/plugins/unload?uri                                                          354     0(0.00%) |      3       1      34      2 |    5.60        0.00
--------|----------------------------------------------------------------------------|-------|-------------|-------|-------|-------|-------|--------|-----------
         Aggregated                                                                      9219     0(0.00%) |     11       1    1145      2 |  141.20        0.00

Type     Name                                                                          # reqs      # fails |    Avg     Min     Max    Med |   req/s  failures/s
--------|----------------------------------------------------------------------------|-------|-------------|-------|-------|-------|-------|--------|-----------
GET      /api/audio/latency                                                              1450     0(0.00%) |      4       1      59      2 |   20.90        0.00
GET      /api/audio/levels                                                               1450     0(0.00%) |     23       1    1145      3 |   20.90        0.00
GET      /api/audio/levels (during plugin swap)                                           369     0(0.00%) |     22       1    1055      3 |    6.20        0.00
GET      /api/audio/levels/plugins                                                        369     0(0.00%) |      6       1    1053      2 |    6.20        0.00
GET      /api/audio/status                                                               1075     0(0.00%) |      3       1      39      2 |   16.10        0.00
GET      /api/chains/                                                                      65     0(0.00%) |     11       1     120      4 |    0.00        0.00
GET      /api/chains/{id}                                                                1075     0(0.00%) |     18       1    1056      3 |   16.20        0.00
POST     /api/chains/{id}/activate                                                       1075     0(0.00%) |      5       1      75      3 |   16.20        0.00
POST     /api/chains/{id}/deactivate                                                     1075     0(0.00%) |      4       1    1076      2 |   16.20        0.00
POST     /api/plugins/batch/parameters (500 updates)                                      682     0(0.00%) |     27       2    1066      6 |   11.20        0.00
GET      /api/plugins/discover                                                             65     0(0.00%) |     17      10      39     13 |    0.00        0.00
GET      /api/plugins/list                                                                 65     0(0.00%) |      6       1      56      3 |    0.00        0.00
POST     /api/plugins/load?uri                                                            369     0(0.00%) |      4       1      28      3 |    6.20        0.00
POST     /api/plugins/unload?uri                                                          369     0(0.00%) |      3       1      34      2 |    6.20        0.00
--------|----------------------------------------------------------------------------|-------|-------------|-------|-------|-------|-------|--------|-----------
         Aggregated                                                                      9553     0(0.00%) |     11       1    1145      2 |  142.50        0.00

Type     Name                                                                          # reqs      # fails |    Avg     Min     Max    Med |   req/s  failures/s
--------|----------------------------------------------------------------------------|-------|-------------|-------|-------|-------|-------|--------|-----------
GET      /api/audio/latency                                                              1502     0(0.00%) |      4       1      59      2 |   20.50        0.00
GET      /api/audio/levels                                                               1502     0(0.00%) |     22       1    1145      3 |   20.50        0.00
GET      /api/audio/levels (during plugin swap)                                           382     0(0.00%) |     22       1    1055      3 |    6.90        0.00
GET      /api/audio/levels/plugins                                                        382     0(0.00%) |      6       1    1053      2 |    6.90        0.00
GET      /api/audio/status                                                               1110     0(0.00%) |      3       1      39      2 |   16.40        0.00
GET      /api/chains/                                                                      65     0(0.00%) |     11       1     120      4 |    0.00        0.00
GET      /api/chains/{id}                                                                1110     0(0.00%) |     18       1    1056      3 |   16.50        0.00
POST     /api/chains/{id}/activate                                                       1110     0(0.00%) |      5       1      75      3 |   16.40        0.00
POST     /api/chains/{id}/deactivate                                                     1110     0(0.00%) |      4       1    1076      2 |   16.40        0.00
POST     /api/plugins/batch/parameters (500 updates)                                      709     0(0.00%) |     26       2    1066      6 |   11.00        0.00
GET      /api/plugins/discover                                                             65     0(0.00%) |     17      10      39     13 |    0.00        0.00
GET      /api/plugins/list                                                                 65     0(0.00%) |      6       1      56      3 |    0.00        0.00
POST     /api/plugins/load?uri                                                            382     0(0.00%) |      4       1      28      3 |    6.90        0.00
POST     /api/plugins/unload?uri                                                          382     0(0.00%) |      3       1      34      2 |    6.90        0.00
--------|----------------------------------------------------------------------------|-------|-------------|-------|-------|-------|-------|--------|-----------
         Aggregated                                                                      9876     0(0.00%) |     11       1    1145      2 |  145.30        0.00

Type     Name                                                                          # reqs      # fails |    Avg     Min     Max    Med |   req/s  failures/s
--------|----------------------------------------------------------------------------|-------|-------------|-------|-------|-------|-------|--------|-----------
GET      /api/audio/latency                                                              1547     0(0.00%) |      4       1      59      2 |   20.80        0.00
GET      /api/audio/levels                                                               1547     0(0.00%) |     22       1    1145      3 |   20.80        0.00
GET      /api/audio/levels (during plugin swap)                                           396     0(0.00%) |     21       1    1055      3 |    7.30        0.00
GET      /api/audio/levels/plugins                                                        396     0(0.00%) |      5       1    1053      2 |    7.30        0.00
GET      /api/audio/status                                                               1141     0(0.00%) |      3       1      39      2 |   15.90        0.00
GET      /api/chains/                                                                      65     0(0.00%) |     11       1     120      4 |    0.00        0.00
GET      /api/chains/{id}                                                                1141     0(0.00%) |     18       1    1056      3 |   15.80        0.00
POST     /api/chains/{id}/activate                                                       1141     0(0.00%) |      5       1      75      3 |   15.80        0.00
POST     /api/chains/{id}/deactivate                                                     1141     0(0.00%) |      4       1    1076      2 |   15.90        0.00
POST     /api/plugins/batch/parameters (500 updates)                                      738     0(0.00%) |     25       2    1066      6 |   10.70        0.00
GET      /api/plugins/discover                                                             65     0(0.00%) |     17      10      39     13 |    0.00        0.00
GET      /api/plugins/list                                                                 65     0(0.00%) |      6       1      56      3 |    0.00        0.00
POST     /api/plugins/load?uri                                                            396     0(0.00%) |      4       1      28      3 |    7.30        0.00
POST     /api/plugins/unload?uri                                                          396     0(0.00%) |      3       1      34      2 |    7.30        0.00
--------|----------------------------------------------------------------------------|-------|-------------|-------|-------|-------|-------|--------|-----------
         Aggregated                                                                     10175     0(0.00%) |     11       1    1145      2 |  144.90        0.00

Type     Name                                                                          # reqs      # fails |    Avg     Min     Max    Med |   req/s  failures/s
--------|----------------------------------------------------------------------------|-------|-------------|-------|-------|-------|-------|--------|-----------
GET      /api/audio/latency                                                              1583     0(0.00%) |      3       1      59      2 |   21.20        0.00
GET      /api/audio/levels                                                               1583     0(0.00%) |     22       1    1145      3 |   21.20        0.00
GET      /api/audio/levels (during plugin swap)                                           410     0(0.00%) |     21       1    1055      3 |    7.20        0.00
GET      /api/audio/levels/plugins                                                        410     0(0.00%) |      5       1    1053      2 |    7.20        0.00
GET      /api/audio/status                                                               1174     0(0.00%) |      3       1      39      2 |   14.50        0.00
GET      /api/chains/                                                                      65     0(0.00%) |     11       1     120      4 |    0.00        0.00
GET      /api/chains/{id}                                                                1174     0(0.00%) |     17       1    1056      3 |   14.40        0.00
POST     /api/chains/{id}/activate                                                       1174     0(0.00%) |      5       1      75      3 |   14.40        0.00
POST     /api/chains/{id}/deactivate                                                     1174     0(0.00%) |      4       1    1076      2 |   14.50        0.00
POST     /api/plugins/batch/parameters (500 updates)                                      769     0(0.00%) |     25       2    1066      6 |   11.00        0.00
GET      /api/plugins/discover                                                             65     0(0.00%) |     17      10      39     13 |    0.00        0.00
GET      /api/plugins/list                                                                 65     0(0.00%) |      6       1      56      3 |    0.00        0.00
POST     /api/plugins/load?uri                                                            410     0(0.00%) |      4       1      28      3 |    7.20        0.00
POST     /api/plugins/unload?uri                                                          410     0(0.00%) |      3       1      34      2 |    7.20        0.00
--------|----------------------------------------------------------------------------|-------|-------------|-------|-------|-------|-------|--------|-----------
         Aggregated                                                                     10466     0(0.00%) |     10       1    1145      2 |  140.00        0.00

Type     Name                                                                          # reqs      # fails |    Avg     Min     Max    Med |   req/s  failures/s
--------|----------------------------------------------------------------------------|-------|-------------|-------|-------|-------|-------|--------|-----------
GET      /api/audio/latency                                                              1613     0(0.00%) |      4       1      59      2 |   23.50        0.00
GET      /api/audio/levels                                                               1613     0(0.00%) |     24       1    1145      3 |   23.50        0.00
GET      /api/audio/levels (during plugin swap)                                           418     0(0.00%) |     25       1    1055      3 |    7.40        0.00
GET      /api/audio/levels/plugins                                                        418     0(0.00%) |      5       1    1053      2 |    7.40        0.00
GET      /api/audio/status                                                               1198     0(0.00%) |      3       1      39      2 |   17.20        0.00
GET      /api/chains/                                                                      65     0(0.00%) |     11       1     120      4 |    0.00        0.00
GET      /api/chains/{id}                                                                1198     0(0.00%) |     20       1    1056      3 |   17.20        0.00
POST     /api/chains/{id}/activate                                                       1198     0(0.00%) |      5       1      75      3 |   17.20        0.00
POST     /api/chains/{id}/deactivate                                                     1198     0(0.00%) |      4       1    1076      2 |   17.20        0.00
POST     /api/plugins/batch/parameters (500 updates)                                      779     0(0.00%) |     25       2    1066      6 |   13.00        0.00
GET      /api/plugins/discover                                                             65     0(0.00%) |     17      10      39     13 |    0.00        0.00
GET      /api/plugins/list                                                                 65     0(0.00%) |      6       1      56      3 |    0.00        0.00
POST     /api/plugins/load?uri                                                            418     0(0.00%) |      4       1      28      3 |    7.40        0.00
POST     /api/plugins/unload?uri                                                          418     0(0.00%) |      3       1      34      2 |    7.40        0.00
--------|----------------------------------------------------------------------------|-------|-------------|-------|-------|-------|-------|--------|-----------
         Aggregated                                                                     10664     0(0.00%) |     11       1    1145      2 |  158.40        0.00

Type     Name                                                                          # reqs      # fails |    Avg     Min     Max    Med |   req/s  failures/s
--------|----------------------------------------------------------------------------|-------|-------------|-------|-------|-------|-------|--------|-----------
GET      /api/audio/latency                                                              1662     0(0.00%) |      4       1      59      2 |   21.30        0.00
GET      /api/audio/levels                                                               1662     0(0.00%) |     23       1    1145      3 |   21.30        0.00
GET      /api/audio/levels (during plugin swap)                                           436     0(0.00%) |     24       1    1055      3 |    6.60        0.00
GET      /api/audio/levels/plugins                                                        436     0(0.00%) |      5       1    1053      2 |    6.60        0.00
GET      /api/audio/status                                                               1231     0(0.00%) |      3       1      39      2 |   16.00        0.00
GET      /api/chains/                                                                      65     0(0.00%) |     11       1     120      4 |    0.00        0.00
GET      /api/chains/{id}                                                                1231     0(0.00%) |     19       1    1056      3 |   15.90        0.00
POST     /api/chains/{id}/activate                                                       1231     0(0.00%) |      5       1      75      3 |   15.90        0.00
POST     /api/chains/{id}/deactivate                                                     1231     0(0.00%) |      4       1    1076      2 |   16.00        0.00
POST     /api/plugins/batch/parameters (500 updates)                                      803     0(0.00%) |     25       2    1066      6 |   11.80        0.00
GET      /api/plugins/discover                                                             65     0(0.00%) |     17      10      39     13 |    0.00        0.00
GET      /api/plugins/list                                                                 65     0(0.00%) |      6       1      56      3 |    0.00        0.00
POST     /api/plugins/load?uri                                                            436     0(0.00%) |      4       1      28      3 |    6.60        0.00
POST     /api/plugins/unload?uri                                                          436     0(0.00%) |      3       1      34      2 |    6.60        0.00
--------|----------------------------------------------------------------------------|-------|-------------|-------|-------|-------|-------|--------|-----------
         Aggregated                                                                     10990     0(0.00%) |     11       1    1145      2 |  144.60        0.00

Type     Name                                                                          # reqs      # fails |    Avg     Min     Max    Med |   req/s  failures/s
--------|----------------------------------------------------------------------------|-------|-------------|-------|-------|-------|-------|--------|-----------
GET      /api/audio/latency                                                              1713     0(0.00%) |      3       1      59      2 |   21.30        0.00
GET      /api/audio/levels                                                               1713     0(0.00%) |     23       1    1145      3 |   21.30        0.00
GET      /api/audio/levels (during plugin swap)                                           448     0(0.00%) |     24       1    1055      3 |    6.70        0.00
GET      /api/audio/levels/plugins                                                        448     0(0.00%) |      5       1    1053      2 |    6.70        0.00
GET      /api/audio/status                                                               1258     0(0.00%) |      3       1      39      2 |   15.50        0.00
GET      /api/chains/                                                                      65     0(0.00%) |     11       1     120      4 |    0.00        0.00
GET      /api/chains/{id}                                                                1258     0(0.00%) |     19       1    1056      3 |   15.40        0.00
POST     /api/chains/{id}/activate                                                       1258     0(0.00%) |      5       1      75      3 |   15.50        0.00
POST     /api/chains/{id}/deactivate                                                     1258     0(0.00%) |      4       1    1076      2 |   15.50        0.00
POST     /api/plugins/batch/parameters (500 updates)                                      834     0(0.00%) |     24       2    1066      6 |   12.00        0.00
GET      /api/plugins/discover                                                             65     0(0.00%) |     17      10      39     13 |    0.00        0.00
GET      /api/plugins/list                                                                 65     0(0.00%) |      6       1      56      3 |    0.00        0.00
POST     /api/plugins/load?uri                                                            448     0(0.00%) |      4       1      28      3 |    6.70        0.00
POST     /api/plugins/unload?uri                                                          448     0(0.00%) |      3       1      34      2 |    6.70        0.00
--------|----------------------------------------------------------------------------|-------|-------------|-------|-------|-------|-------|--------|-----------
         Aggregated                                                                     11279     0(0.00%) |     11       1    1145      2 |  143.30        0.00

Type     Name                                                                          # reqs      # fails |    Avg     Min     Max    Med |   req/s  failures/s
--------|----------------------------------------------------------------------------|-------|-------------|-------|-------|-------|-------|--------|-----------
GET      /api/audio/latency                                                              1766     0(0.00%) |      3       1      59      2 |   21.00        0.00
GET      /api/audio/levels                                                               1766     0(0.00%) |     22       1    1145      3 |   21.00        0.00
GET      /api/audio/levels (during plugin swap)                                           459     0(0.00%) |     24       1    1055      3 |    6.50        0.00
GET      /api/audio/levels/plugins                                                        459     0(0.00%) |      5       1    1053      2 |    6.50        0.00
GET      /api/audio/status                                                               1291     0(0.00%) |      3       1      39      2 |   14.80        0.00
GET      /api/chains/                                                                      65     0(0.00%) |     11       1     120      4 |    0.00        0.00
GET      /api/chains/{id}                                                                1291     0(0.00%) |     19       1    1056      3 |   14.80        0.00
POST     /api/chains/{id}/activate                                                       1291     0(0.00%) |      5       1      75      3 |   14.80        0.00
POST     /api/chains/{id}/deactivate                                                     1291     0(0.00%) |      4       1    1076      2 |   14.80        0.00
POST     /api/plugins/batch/parameters (500 updates)                                      856     0(0.00%) |     24       2    1066      6 |   12.70        0.00
GET      /api/plugins/discover                                                             65     0(0.00%) |     17      10      39     13 |    0.00        0.00
GET      /api/plugins/list                                                                 65     0(0.00%) |      6       1      56      3 |    0.00        0.00
POST     /api/plugins/load?uri                                                            459     0(0.00%) |      4       1      28      3 |    6.50        0.00
POST     /api/plugins/unload?uri                                                          459     0(0.00%) |      3       1      34      2 |    6.50        0.00
--------|----------------------------------------------------------------------------|-------|-------------|-------|-------|-------|-------|--------|-----------
         Aggregated                                                                     11583     0(0.00%) |     11       1    1145      2 |  139.90        0.00

Type     Name                                                                          # reqs      # fails |    Avg     Min     Max    Med |   req/s  failures/s
--------|----------------------------------------------------------------------------|-------|-------------|-------|-------|-------|-------|--------|-----------
GET      /api/audio/latency                                                              1813     0(0.00%) |      3       1      59      2 |   21.40        0.00
GET      /api/audio/levels                                                               1813     0(0.00%) |     22       1    1145      3 |   21.40        0.00
GET      /api/audio/levels (during plugin swap)                                           469     0(0.00%) |     23       1    1055      3 |    6.30        0.00
GET      /api/audio/levels/plugins                                                        469     0(0.00%) |      5       1    1053      2 |    6.30        0.00
GET      /api/audio/status                                                               1327     0(0.00%) |      3       1      39      2 |   15.40        0.00
GET      /api/chains/                                                                      65     0(0.00%) |     11       1     120      4 |    0.00        0.00
GET      /api/chains/{id}                                                                1327     0(0.00%) |     18       1    1056      3 |   15.50        0.00
POST     /api/chains/{id}/activate                                                       1327     0(0.00%) |      5       1      75      3 |   15.40        0.00
POST     /api/chains/{id}/deactivate                                                     1327     0(0.00%) |      4       1    1076      2 |   15.40        0.00
POST     /api/plugins/batch/parameters (500 updates)                                      885     0(0.00%) |     23       2    1066      6 |   11.80        0.00
GET      /api/plugins/discover                                                             65     0(0.00%) |     17      10      39     13 |    0.00        0.00
GET      /api/plugins/list                                                                 65     0(0.00%) |      6       1      56      3 |    0.00        0.00
POST     /api/plugins/load?uri                                                            469     0(0.00%) |      4       1      28      3 |    6.30        0.00
POST     /api/plugins/unload?uri                                                          469     0(0.00%) |      3       1      34      2 |    6.30        0.00
--------|----------------------------------------------------------------------------|-------|-------------|-------|-------|-------|-------|--------|-----------
         Aggregated                                                                     11890     0(0.00%) |     10       1    1145      2 |  141.50        0.00

Type     Name                                                                          # reqs      # fails |    Avg     Min     Max    Med |   req/s  failures/s
--------|----------------------------------------------------------------------------|-------|-------------|-------|-------|-------|-------|--------|-----------
GET      /api/audio/latency                                                              1833     0(0.00%) |      3       1      59      2 |   22.60        0.00
GET      /api/audio/levels                                                               1833     0(0.00%) |     22       1    1145      3 |   22.60        0.00
GET      /api/audio/levels (during plugin swap)                                           474     0(0.00%) |     25       1    1055      3 |    5.90        0.00
GET      /api/audio/levels/plugins                                                        474     0(0.00%) |      5       1    1053      2 |    5.90        0.00
GET      /api/audio/status                                                               1350     0(0.00%) |      3       1      39      2 |   14.60        0.00
GET      /api/chains/                                                                      65     0(0.00%) |     11       1     120      4 |    0.00        0.00
GET      /api/chains/{id}                                                                1350     0(0.00%) |     21       1    1056      3 |   14.60        0.00
POST     /api/chains/{id}/activate                                                       1350     0(0.00%) |      5       1      75      3 |   14.60        0.00
POST     /api/chains/{id}/deactivate                                                     1350     0(0.00%) |      4       1    1076      2 |   14.60        0.00
POST     /api/plugins/batch/parameters (500 updates)                                      897     0(0.00%) |     27       2    1066      6 |   11.50        0.00
GET      /api/plugins/discover                                                             65     0(0.00%) |     17      10      39     13 |    0.00        0.00
GET      /api/plugins/list                                                                 65     0(0.00%) |      6       1      56      3 |    0.00        0.00
POST     /api/plugins/load?uri                                                            474     0(0.00%) |      4       1      28      3 |    5.90        0.00
POST     /api/plugins/unload?uri                                                          474     0(0.00%) |      3       1      34      2 |    5.90        0.00
--------|----------------------------------------------------------------------------|-------|-------------|-------|-------|-------|-------|--------|-----------
         Aggregated                                                                     12054     0(0.00%) |     11       1    1145      2 |  138.70        0.00

Type     Name                                                                          # reqs      # fails |    Avg     Min     Max    Med |   req/s  failures/s
--------|----------------------------------------------------------------------------|-------|-------------|-------|-------|-------|-------|--------|-----------
GET      /api/audio/latency                                                              1881     0(0.00%) |      3       1      59      2 |   22.50        0.00
GET      /api/audio/levels                                                               1881     0(0.00%) |     22       1    1145      3 |   22.50        0.00
GET      /api/audio/levels (during plugin swap)                                           492     0(0.00%) |     24       1    1055      3 |    5.60        0.00
GET      /api/audio/levels/plugins                                                        492     0(0.00%) |      5       1    1053      2 |    5.60        0.00
GET      /api/audio/status                                                               1386     0(0.00%) |      3       1      39      2 |   15.00        0.00
GET      /api/chains/                                                                      65     0(0.00%) |     11       1     120      4 |    0.00        0.00
GET      /api/chains/{id}                                                                1386     0(0.00%) |     20       1    1056      3 |   15.00        0.00
POST     /api/chains/{id}/activate                                                       1386     0(0.00%) |      5       1      75      3 |   15.00        0.00
POST     /api/chains/{id}/deactivate                                                     1386     0(0.00%) |      4       1    1076      2 |   15.00        0.00
POST     /api/plugins/batch/parameters (500 updates)                                      917     0(0.00%) |     26       2    1066      6 |   11.50        0.00
GET      /api/plugins/discover                                                             65     0(0.00%) |     17      10      39     13 |    0.00        0.00
GET      /api/plugins/list                                                                 65     0(0.00%) |      6       1      56      3 |    0.00        0.00
POST     /api/plugins/load?uri                                                            492     0(0.00%) |      4       1      28      3 |    5.60        0.00
POST     /api/plugins/unload?uri                                                          492     0(0.00%) |      3       1      34      2 |    5.60        0.00
--------|----------------------------------------------------------------------------|-------|-------------|-------|-------|-------|-------|--------|-----------
         Aggregated                                                                     12386     0(0.00%) |     11       1    1145      2 |  138.90        0.00

Type     Name                                                                          # reqs      # fails |    Avg     Min     Max    Med |   req/s  failures/s
--------|----------------------------------------------------------------------------|-------|-------------|-------|-------|-------|-------|--------|-----------
GET      /api/audio/latency                                                              1928     0(0.00%) |      3       1      59      2 |   21.70        0.00
GET      /api/audio/levels                                                               1928     0(0.00%) |     22       1    1145      3 |   21.70        0.00
GET      /api/audio/levels (during plugin swap)                                           506     0(0.00%) |     24       1    1055      3 |    5.40        0.00
GET      /api/audio/levels/plugins                                                        506     0(0.00%) |      5       1    1053      2 |    5.40        0.00
GET      /api/audio/status                                                               1419     0(0.00%) |      3       1      39      2 |   15.80        0.00
GET      /api/chains/                                                                      65     0(0.00%) |     11       1     120      4 |    0.00        0.00
GET      /api/chains/{id}                                                                1419     0(0.00%) |     20       1    1056      3 |   15.80        0.00
POST     /api/chains/{id}/activate                                                       1419     0(0.00%) |      5       1      75      3 |   15.80        0.00
POST     /api/chains/{id}/deactivate                                                     1419     0(0.00%) |      4       1    1076      2 |   15.80        0.00
POST     /api/plugins/batch/parameters (500 updates)                                      944     0(0.00%) |     26       2    1066      6 |   11.40        0.00
GET      /api/plugins/discover                                                             65     0(0.00%) |     17      10      39     13 |    0.00        0.00
GET      /api/plugins/list                                                                 65     0(0.00%) |      6       1      56      3 |    0.00        0.00
POST     /api/plugins/load?uri                                                            506     0(0.00%) |      4       1      28      3 |    5.40        0.00
POST     /api/plugins/unload?uri                                                          506     0(0.00%) |      3       1      34      2 |    5.40        0.00
--------|----------------------------------------------------------------------------|-------|-------------|-------|-------|-------|-------|--------|-----------
         Aggregated                                                                     12695     0(0.00%) |     11       1    1145      2 |  139.60        0.00

Type     Name                                                                          # reqs      # fails |    Avg     Min     Max    Med |   req/s  failures/s
--------|----------------------------------------------------------------------------|-------|-------------|-------|-------|-------|-------|--------|-----------
GET      /api/audio/latency                                                              1976     0(0.00%) |      3       1      59      2 |   22.10        0.00
GET      /api/audio/levels                                                               1976     0(0.00%) |     21       1    1145      3 |   22.10        0.00
GET      /api/audio/levels (during plugin swap)                                           518     0(0.00%) |     23       1    1055      3 |    5.80        0.00
GET      /api/audio/levels/plugins                                                        518     0(0.00%) |      5       1    1053      2 |    5.80        0.00
GET      /api/audio/status                                                               1452     0(0.00%) |      3       1      39      2 |   15.70        0.00
GET      /api/chains/                                                                      65     0(0.00%) |     11       1     120      4 |    0.00        0.00
GET      /api/chains/{id}                                                                1452     0(0.00%) |     20       1    1056      3 |   15.70        0.00
POST     /api/chains/{id}/activate                                                       1452     0(0.00%) |      5       1      75      3 |   15.70        0.00
POST     /api/chains/{id}/deactivate                                                     1452     0(0.00%) |      4       1    1076      2 |   15.70        0.00
POST     /api/plugins/batch/parameters (500 updates)                                      968     0(0.00%) |     25       2    1066      6 |   10.90        0.00
GET      /api/plugins/discover                                                             65     0(0.00%) |     17      10      39     13 |    0.00        0.00
GET      /api/plugins/list                                                                 65     0(0.00%) |      6       1      56      3 |    0.00        0.00
POST     /api/plugins/load?uri                                                            518     0(0.00%) |      4       1      28      3 |    5.80        0.00
POST     /api/plugins/unload?uri                                                          517     0(0.00%) |      3       1      34      2 |    5.80        0.00
--------|----------------------------------------------------------------------------|-------|-------------|-------|-------|-------|-------|--------|-----------
         Aggregated                                                                     12994     0(0.00%) |     11       1    1145      2 |  141.10        0.00

Type     Name                                                                          # reqs      # fails |    Avg     Min     Max    Med |   req/s  failures/s
--------|----------------------------------------------------------------------------|-------|-------------|-------|-------|-------|-------|--------|-----------
GET      /api/audio/latency                                                              2025     0(0.00%) |      3       1      59      2 |   20.80        0.00
GET      /api/audio/levels                                                               2025     0(0.00%) |     21       1    1145      3 |   20.80        0.00
GET      /api/audio/levels (during plugin swap)                                           534     0(0.00%) |     23       1    1055      3 |    5.90        0.00
GET      /api/audio/levels/plugins                                                        534     0(0.00%) |      5       1    1053      2 |    5.90        0.00
GET      /api/audio/status                                                               1491     0(0.00%) |      3       1      39      2 |   16.30        0.00
GET      /api/chains/                                                                      65     0(0.00%) |     11       1     120      4 |    0.00        0.00
GET      /api/chains/{id}                                                                1491     0(0.00%) |     19       1    1056      3 |   16.20        0.00
POST     /api/chains/{id}/activate                                                       1491     0(0.00%) |      5       1      75      3 |   16.30        0.00
POST     /api/chains/{id}/deactivate                                                     1491     0(0.00%) |      4       1    1076      2 |   16.30        0.00
POST     /api/plugins/batch/parameters (500 updates)                                      982     0(0.00%) |     25       2    1066      6 |   11.30        0.00
GET      /api/plugins/discover                                                             65     0(0.00%) |     17      10      39     13 |    0.00        0.00
GET      /api/plugins/list                                                                 65     0(0.00%) |      6       1      56      3 |    0.00        0.00
POST     /api/plugins/load?uri                                                            534     0(0.00%) |      4       1      28      3 |    5.90        0.00
POST     /api/plugins/unload?uri                                                          534     0(0.00%) |      3       1      34      2 |    5.90        0.00
--------|----------------------------------------------------------------------------|-------|-------------|-------|-------|-------|-------|--------|-----------
         Aggregated                                                                     13327     0(0.00%) |     10       1    1145      2 |  141.60        0.00

Type     Name                                                                          # reqs      # fails |    Avg     Min     Max    Med |   req/s  failures/s
--------|----------------------------------------------------------------------------|-------|-------------|-------|-------|-------|-------|--------|-----------
GET      /api/audio/latency                                                              2064     0(0.00%) |      3       1      59      2 |   20.50        0.00
GET      /api/audio/levels                                                               2064     0(0.00%) |     20       1    1145      3 |   20.50        0.00
GET      /api/audio/levels (during plugin swap)                                           543     0(0.00%) |     23       1    1055      3 |    6.00        0.00
GET      /api/audio/levels/plugins                                                        543     0(0.00%) |      5       1    1053      2 |    6.00        0.00
GET      /api/audio/status                                                               1529     0(0.00%) |      3       1      39      2 |   16.60        0.00
GET      /api/chains/                                                                      65     0(0.00%) |     11       1     120      4 |    0.00        0.00
GET      /api/chains/{id}                                                                1529     0(0.00%) |     19       1    1056      3 |   16.60        0.00
POST     /api/chains/{id}/activate                                                       1529     0(0.00%) |      5       1      75      3 |   16.60        0.00
POST     /api/chains/{id}/deactivate                                                     1529     0(0.00%) |      4       1    1076      2 |   16.70        0.00
POST     /api/plugins/batch/parameters (500 updates)                                     1005     0(0.00%) |     25       2    1066      6 |   10.40        0.00
GET      /api/plugins/discover                                                             65     0(0.00%) |     17      10      39     13 |    0.00        0.00
GET      /api/plugins/list                                                                 65     0(0.00%) |      6       1      56      3 |    0.00        0.00
POST     /api/plugins/load?uri                                                            543     0(0.00%) |      4       1      28      3 |    6.00        0.00
POST     /api/plugins/unload?uri                                                          542     0(0.00%) |      3       1      34      2 |    6.00        0.00
--------|----------------------------------------------------------------------------|-------|-------------|-------|-------|-------|-------|--------|-----------
         Aggregated                                                                     13615     0(0.00%) |     10       1    1145      2 |  141.90        0.00

Type     Name                                                                          # reqs      # fails |    Avg     Min     Max    Med |   req/s  failures/s
--------|----------------------------------------------------------------------------|-------|-------------|-------|-------|-------|-------|--------|-----------
GET      /api/audio/latency                                                              2094     0(0.00%) |      3       1      59      2 |   23.30        0.00
GET      /api/audio/levels                                                               2094     0(0.00%) |     22       1    1145      3 |   23.30        0.00
GET      /api/audio/levels (during plugin swap)                                           551     0(0.00%) |     22       1    1055      3 |    7.00        0.00
GET      /api/audio/levels/plugins                                                        551     0(0.00%) |      5       1    1053      2 |    7.00        0.00
GET      /api/audio/status                                                               1556     0(0.00%) |      3       1      39      2 |   18.30        0.00
GET      /api/chains/                                                                      65     0(0.00%) |     11       1     120      4 |    0.00        0.00
GET      /api/chains/{id}                                                                1557     0(0.00%) |     21       1    1056      3 |   18.30        0.00
POST     /api/chains/{id}/activate                                                       1556     0(0.00%) |      5       1      75      3 |   18.30        0.00
POST     /api/chains/{id}/deactivate                                                     1556     0(0.00%) |      4       1    1076      2 |   18.30        0.00
POST     /api/plugins/batch/parameters (500 updates)                                     1019     0(0.00%) |     26       2    1066      6 |   11.10        0.00
GET      /api/plugins/discover                                                             65     0(0.00%) |     17      10      39     13 |    0.00        0.00
GET      /api/plugins/list                                                                 65     0(0.00%) |      6       1      56      3 |    0.00        0.00
POST     /api/plugins/load?uri                                                            551     0(0.00%) |      4       1      28      3 |    7.00        0.00
POST     /api/plugins/unload?uri                                                          551     0(0.00%) |      5       1    1052      2 |    6.90        0.00
--------|----------------------------------------------------------------------------|-------|-------------|-------|-------|-------|-------|--------|-----------
         Aggregated                                                                     13831     0(0.00%) |     11       1    1145      2 |  158.80        0.00

Type     Name                                                                          # reqs      # fails |    Avg     Min     Max    Med |   req/s  failures/s
--------|----------------------------------------------------------------------------|-------|-------------|-------|-------|-------|-------|--------|-----------
GET      /api/audio/latency                                                              2150     0(0.00%) |      3       1      59      2 |   21.50        0.00
GET      /api/audio/levels                                                               2151     0(0.00%) |     22       1    1145      3 |   21.50        0.00
GET      /api/audio/levels (during plugin swap)                                           562     0(0.00%) |     22       1    1055      3 |    6.00        0.00
GET      /api/audio/levels/plugins                                                        562     0(0.00%) |      5       1    1053      2 |    6.00        0.00
GET      /api/audio/status                                                               1597     0(0.00%) |      3       1      39      2 |   16.80        0.00
GET      /api/chains/                                                                      65     0(0.00%) |     11       1     120      4 |    0.00        0.00
GET      /api/chains/{id}                                                                1597     0(0.00%) |     20       1    1056      3 |   16.80        0.00
POST     /api/chains/{id}/activate                                                       1597     0(0.00%) |      5       1      75      3 |   16.80        0.00
POST     /api/chains/{id}/deactivate                                                     1597     0(0.00%) |      4       1    1076      2 |   16.80        0.00
POST     /api/plugins/batch/parameters (500 updates)                                     1039     0(0.00%) |     26       2    1066      6 |   10.20        0.00
GET      /api/plugins/discover                                                             65     0(0.00%) |     17      10      39     13 |    0.00        0.00
GET      /api/plugins/list                                                                 65     0(0.00%) |      6       1      56      3 |    0.00        0.00
POST     /api/plugins/load?uri                                                            562     0(0.00%) |      4       1      28      3 |    6.00        0.00
POST     /api/plugins/unload?uri                                                          562     0(0.00%) |      5       1    1052      2 |    6.00        0.00
--------|----------------------------------------------------------------------------|-------|-------------|-------|-------|-------|-------|--------|-----------
         Aggregated                                                                     14171     0(0.00%) |     11       1    1145      2 |  144.40        0.00

Type     Name                                                                          # reqs      # fails |    Avg     Min     Max    Med |   req/s  failures/s
--------|----------------------------------------------------------------------------|-------|-------------|-------|-------|-------|-------|--------|-----------
GET      /api/audio/latency                                                              2201     0(0.00%) |      3       1      59      2 |   21.80        0.00
GET      /api/audio/levels                                                               2201     0(0.00%) |     21       1    1145      3 |   21.80        0.00
GET      /api/audio/levels (during plugin swap)                                           577     0(0.00%) |     22       1    1055      3 |    5.70        0.00
GET      /api/audio/levels/plugins                                                        576     0(0.00%) |      5       1    1053      2 |    5.70        0.00
GET      /api/audio/status                                                               1631     0(0.00%) |      3       1      39      2 |   18.00        0.00
GET      /api/chains/                                                                      65     0(0.00%) |     11       1     120      4 |    0.00        0.00
GET      /api/chains/{id}                                                                1631     0(0.00%) |     20       1    1056      3 |   18.00        0.00
POST     /api/chains/{id}/activate                                                       1631     0(0.00%) |      5       1      75      3 |   18.00        0.00
POST     /api/chains/{id}/deactivate                                                     1631     0(0.00%) |      4       1    1076      2 |   18.00        0.00
POST     /api/plugins/batch/parameters (500 updates)                                     1065     0(0.00%) |     26       2    1066      6 |    9.50        0.00
GET      /api/plugins/discover                                                             65     0(0.00%) |     17      10      39     13 |    0.00        0.00
GET      /api/plugins/list                                                                 65     0(0.00%) |      6       1      56      3 |    0.00        0.00
POST     /api/plugins/load?uri                                                            576     0(0.00%) |      4       1      28      3 |    5.70        0.00
POST     /api/plugins/unload?uri                                                          576     0(0.00%) |      5       1    1052      2 |    5.70        0.00
--------|----------------------------------------------------------------------------|-------|-------------|-------|-------|-------|-------|--------|-----------
         Aggregated                                                                     14491     0(0.00%) |     11       1    1145      2 |  147.90        0.00

Type     Name                                                                          # reqs      # fails |    Avg     Min     Max    Med |   req/s  failures/s
--------|----------------------------------------------------------------------------|-------|-------------|-------|-------|-------|-------|--------|-----------
GET      /api/audio/latency                                                              2251     0(0.00%) |      3       1      59      2 |   23.20        0.00
GET      /api/audio/levels                                                               2251     0(0.00%) |     21       1    1145      3 |   23.20        0.00
GET      /api/audio/levels (during plugin swap)                                           583     0(0.00%) |     21       1    1055      3 |    5.70        0.00
GET      /api/audio/levels/plugins                                                        583     0(0.00%) |      5       1    1053      2 |    5.70        0.00
GET      /api/audio/status                                                               1673     0(0.00%) |      3       1      39      2 |   17.40        0.00
GET      /api/chains/                                                                      65     0(0.00%) |     11       1     120      4 |    0.00        0.00
GET      /api/chains/{id}                                                                1673     0(0.00%) |     19       1    1056      3 |   17.40        0.00
POST     /api/chains/{id}/activate                                                       1673     0(0.00%) |      5       1      75      3 |   17.40        0.00
POST     /api/chains/{id}/deactivate                                                     1673     0(0.00%) |      3       1    1076      2 |   17.40        0.00
POST     /api/plugins/batch/parameters (500 updates)                                     1090     0(0.00%) |     25       2    1066      6 |    9.80        0.00
GET      /api/plugins/discover                                                             65     0(0.00%) |     17      10      39     13 |    0.00        0.00
GET      /api/plugins/list                                                                 65     0(0.00%) |      6       1      56      3 |    0.00        0.00
POST     /api/plugins/load?uri                                                            583     0(0.00%) |      4       1      28      3 |    5.70        0.00
POST     /api/plugins/unload?uri                                                          583     0(0.00%) |      5       1    1052      2 |    5.70        0.00
--------|----------------------------------------------------------------------------|-------|-------------|-------|-------|-------|-------|--------|-----------
         Aggregated                                                                     14811     0(0.00%) |     10       1    1145      2 |  148.60        0.00

Type     Name                                                                          # reqs      # fails |    Avg     Min     Max    Med |   req/s  failures/s
--------|----------------------------------------------------------------------------|-------|-------------|-------|-------|-------|-------|--------|-----------
GET      /api/audio/latency                                                              2299     0(0.00%) |      3       1      59      2 |   22.50        0.00
GET      /api/audio/levels                                                               2299     0(0.00%) |     20       1    1145      3 |   22.50        0.00
GET      /api/audio/levels (during plugin swap)                                           594     0(0.00%) |     21       1    1055      3 |    5.10        0.00
GET      /api/audio/levels/plugins                                                        594     0(0.00%) |      5       1    1053      2 |    5.10        0.00
GET      /api/audio/status                                                               1717     0(0.00%) |      3       1      56      2 |   17.80        0.00
GET      /api/chains/                                                                      65     0(0.00%) |     11       1     120      4 |    0.00        0.00
GET      /api/chains/{id}                                                                1718     0(0.00%) |     19       1    1056      3 |   17.80        0.00
POST     /api/chains/{id}/activate                                                       1717     0(0.00%) |      5       1      75      3 |   17.80        0.00
POST     /api/chains/{id}/deactivate                                                     1717     0(0.00%) |      4       1    1076      2 |   17.80        0.00
POST     /api/plugins/batch/parameters (500 updates)                                     1109     0(0.00%) |     25       2    1066      6 |   10.90        0.00
GET      /api/plugins/discover                                                             65     0(0.00%) |     17      10      39     13 |    0.00        0.00
GET      /api/plugins/list                                                                 65     0(0.00%) |      6       1      56      3 |    0.00        0.00
POST     /api/plugins/load?uri                                                            594     0(0.00%) |      4       1      28      3 |    5.10        0.00
POST     /api/plugins/unload?uri                                                          594     0(0.00%) |      5       1    1052      2 |    5.10        0.00
--------|----------------------------------------------------------------------------|-------|-------------|-------|-------|-------|-------|--------|-----------
         Aggregated                                                                     15147     0(0.00%) |     10       1    1145      2 |  147.50        0.00

Type     Name                                                                          # reqs      # fails |    Avg     Min     Max    Med |   req/s  failures/s
--------|----------------------------------------------------------------------------|-------|-------------|-------|-------|-------|-------|--------|-----------
GET      /api/audio/latency                                                              2330     0(0.00%) |      4       1    1074      2 |   22.90        0.00
GET      /api/audio/levels                                                               2330     0(0.00%) |     21       1    1145      3 |   22.90        0.00
GET      /api/audio/levels (during plugin swap)                                           598     0(0.00%) |     22       1    1055      3 |    5.00        0.00
GET      /api/audio/levels/plugins                                                        598     0(0.00%) |      5       1    1053      2 |    5.00        0.00
GET      /api/audio/status                                                               1735     0(0.00%) |      3       1      56      2 |   18.30        0.00
GET      /api/chains/                                                                      65     0(0.00%) |     11       1     120      4 |    0.00        0.00
GET      /api/chains/{id}                                                                1735     0(0.00%) |     19       1    1056      3 |   18.30        0.00
POST     /api/chains/{id}/activate                                                       1735     0(0.00%) |      5       1      75      3 |   18.30        0.00
POST     /api/chains/{id}/deactivate                                                     1735     0(0.00%) |      4       1    1076      2 |   18.30        0.00
POST     /api/plugins/batch/parameters (500 updates)                                     1126     0(0.00%) |     28       2    1066      6 |   10.40        0.00
GET      /api/plugins/discover                                                             65     0(0.00%) |     17      10      39     13 |    0.00        0.00
GET      /api/plugins/list                                                                 65     0(0.00%) |      6       1      56      3 |    0.00        0.00
POST     /api/plugins/load?uri                                                            598     0(0.00%) |      4       1      28      3 |    5.00        0.00
POST     /api/plugins/unload?uri                                                          598     0(0.00%) |      5       1    1052      2 |    5.10        0.00
--------|----------------------------------------------------------------------------|-------|-------------|-------|-------|-------|-------|--------|-----------
         Aggregated                                                                     15313     0(0.00%) |     11       1    1145      2 |  149.50        0.00

Type     Name                                                                          # reqs      # fails |    Avg     Min     Max    Med |   req/s  failures/s
--------|----------------------------------------------------------------------------|-------|-------------|-------|-------|-------|-------|--------|-----------
GET      /api/audio/latency                                                              2385     0(0.00%) |      4       1    1074      2 |   23.40        0.00
GET      /api/audio/levels                                                               2385     0(0.00%) |     21       1    1145      3 |   23.50        0.00
GET      /api/audio/levels (during plugin swap)                                           607     0(0.00%) |     22       1    1055      3 |    4.70        0.00
GET      /api/audio/levels/plugins                                                        607     0(0.00%) |      5       1    1053      2 |    4.70        0.00
GET      /api/audio/status                                                               1761     0(0.00%) |      3       1      56      2 |   18.00        0.00
GET      /api/chains/                                                                      65     0(0.00%) |     11       1     120      4 |    0.00        0.00
GET      /api/chains/{id}                                                                1761     0(0.00%) |     19       1    1056      3 |   18.00        0.00
POST     /api/chains/{id}/activate                                                       1761     0(0.00%) |      5       1      75      3 |   18.00        0.00
POST     /api/chains/{id}/deactivate                                                     1761     0(0.00%) |      3       1    1076      2 |   18.00        0.00
POST     /api/plugins/batch/parameters (500 updates)                                     1158     0(0.00%) |     27       2    1066      6 |   10.40        0.00
GET      /api/plugins/discover                                                             65     0(0.00%) |     17      10      39     13 |    0.00        0.00
GET      /api/plugins/list                                                                 65     0(0.00%) |      6       1      56      3 |    0.00        0.00
POST     /api/plugins/load?uri                                                            607     0(0.00%) |      4       1      28      3 |    4.70        0.00
POST     /api/plugins/unload?uri                                                          607     0(0.00%) |      5       1    1052      2 |    4.70        0.00
--------|----------------------------------------------------------------------------|-------|-------------|-------|-------|-------|-------|--------|-----------
         Aggregated                                                                     15595     0(0.00%) |     11       1    1145      2 |  148.10        0.00

Type     Name                                                                          # reqs      # fails |    Avg     Min     Max    Med |   req/s  failures/s
--------|----------------------------------------------------------------------------|-------|-------------|-------|-------|-------|-------|--------|-----------
GET      /api/audio/latency                                                              2433     0(0.00%) |      4       1    1074      2 |   23.50        0.00
GET      /api/audio/levels                                                               2433     0(0.00%) |     21       1    1145      3 |   23.50        0.00
GET      /api/audio/levels (during plugin swap)                                           614     0(0.00%) |     22       1    1055      3 |    4.30        0.00
GET      /api/audio/levels/plugins                                                        614     0(0.00%) |      4       1    1053      2 |    4.30        0.00
GET      /api/audio/status                                                               1798     0(0.00%) |      3       1      56      2 |   16.50        0.00
GET      /api/chains/                                                                      65     0(0.00%) |     11       1     120      4 |    0.00        0.00
GET      /api/chains/{id}                                                                1798     0(0.00%) |     19       1    1056      3 |   16.50        0.00
POST     /api/chains/{id}/activate                                                       1798     0(0.00%) |      5       1      75      3 |   16.50        0.00
POST     /api/chains/{id}/deactivate                                                     1798     0(0.00%) |      3       1    1076      2 |   16.50        0.00
POST     /api/plugins/batch/parameters (500 updates)                                     1185     0(0.00%) |     27       2    1066      6 |   11.80        0.00
GET      /api/plugins/discover                                                             65     0(0.00%) |     17      10      39     13 |    0.00        0.00
GET      /api/plugins/list                                                                 65     0(0.00%) |      6       1      56      3 |    0.00        0.00
POST     /api/plugins/load?uri                                                            614     0(0.00%) |      4       1      28      3 |    4.30        0.00
POST     /api/plugins/unload?uri                                                          614     0(0.00%) |      5       1    1052      2 |    4.30        0.00
--------|----------------------------------------------------------------------------|-------|-------------|-------|-------|-------|-------|--------|-----------
         Aggregated                                                                     15894     0(0.00%) |     11       1    1145      2 |  142.00        0.00

Type     Name                                                                          # reqs      # fails |    Avg     Min     Max    Med |   req/s  failures/s
--------|----------------------------------------------------------------------------|-------|-------------|-------|-------|-------|-------|--------|-----------
GET      /api/audio/latency                                                              2482     0(0.00%) |      4       1    1074      2 |   22.80        0.00
GET      /api/audio/levels                                                               2482     0(0.00%) |     21       1    1145      3 |   22.80        0.00
GET      /api/audio/levels (during plugin swap)                                           628     0(0.00%) |     21       1    1055      3 |    4.00        0.00
GET      /api/audio/levels/plugins                                                        628     0(0.00%) |      4       1    1053      2 |    4.00        0.00
GET      /api/audio/status                                                               1836     0(0.00%) |      3       1      56      2 |   17.00        0.00
GET      /api/chains/                                                                      65     0(0.00%) |     11       1     120      4 |    0.00        0.00
GET      /api/chains/{id}                                                                1836     0(0.00%) |     19       1    1056      3 |   17.00        0.00
POST     /api/chains/{id}/activate                                                       1836     0(0.00%) |      5       1      75      3 |   17.00        0.00
POST     /api/chains/{id}/deactivate                                                     1836     0(0.00%) |      4       1    1076      2 |   17.00        0.00
POST     /api/plugins/batch/parameters (500 updates)                                     1207     0(0.00%) |     27       2    1066      6 |   11.80        0.00
GET      /api/plugins/discover                                                             65     0(0.00%) |     17      10      39     13 |    0.00        0.00
GET      /api/plugins/list                                                                 65     0(0.00%) |      6       1      56      3 |    0.00        0.00
POST     /api/plugins/load?uri                                                            628     0(0.00%) |      4       1      28      3 |    4.00        0.00
POST     /api/plugins/unload?uri                                                          628     0(0.00%) |      5       1    1052      2 |    4.00        0.00
--------|----------------------------------------------------------------------------|-------|-------------|-------|-------|-------|-------|--------|-----------
         Aggregated                                                                     16222     0(0.00%) |     11       1    1145      2 |  141.40        0.00

Type     Name                                                                          # reqs      # fails |    Avg     Min     Max    Med |   req/s  failures/s
--------|----------------------------------------------------------------------------|-------|-------------|-------|-------|-------|-------|--------|-----------
GET      /api/audio/latency                                                              2526     0(0.00%) |      4       1    1074      2 |   23.40        0.00
GET      /api/audio/levels                                                               2526     0(0.00%) |     20       1    1145      3 |   23.40        0.00
GET      /api/audio/levels (during plugin swap)                                           642     0(0.00%) |     21       1    1055      3 |    4.50        0.00
GET      /api/audio/levels/plugins                                                        642     0(0.00%) |      4       1    1053      2 |    4.50        0.00
GET      /api/audio/status                                                               1870     0(0.00%) |      3       1      56      2 |   15.90        0.00
GET      /api/chains/                                                                      65     0(0.00%) |     11       1     120      4 |    0.00        0.00
GET      /api/chains/{id}                                                                1870     0(0.00%) |     18       1    1056      3 |   15.90        0.00
POST     /api/chains/{id}/activate                                                       1870     0(0.00%) |      5       1      75      3 |   15.90        0.00
POST     /api/chains/{id}/deactivate                                                     1870     0(0.00%) |      4       1    1076      2 |   15.90        0.00
POST     /api/plugins/batch/parameters (500 updates)                                     1238     0(0.00%) |     26       2    1066      6 |   11.50        0.00
GET      /api/plugins/discover                                                             65     0(0.00%) |     17      10      39     13 |    0.00        0.00
GET      /api/plugins/list                                                                 65     0(0.00%) |      6       1      56      3 |    0.00        0.00
POST     /api/plugins/load?uri                                                            642     0(0.00%) |      4       1      28      3 |    4.50        0.00
POST     /api/plugins/unload?uri                                                          642     0(0.00%) |      4       1    1052      2 |    4.50        0.00
--------|----------------------------------------------------------------------------|-------|-------------|-------|-------|-------|-------|--------|-----------
         Aggregated                                                                     16533     0(0.00%) |     10       1    1145      2 |  139.90        0.00

Type     Name                                                                          # reqs      # fails |    Avg     Min     Max    Med |   req/s  failures/s
--------|----------------------------------------------------------------------------|-------|-------------|-------|-------|-------|-------|--------|-----------
GET      /api/audio/latency                                                              2574     0(0.00%) |      4       1    1074      2 |   22.90        0.00
GET      /api/audio/levels                                                               2574     0(0.00%) |     20       1    1145      3 |   22.90        0.00
GET      /api/audio/levels (during plugin swap)                                           651     0(0.00%) |     21       1    1055      3 |    4.60        0.00
GET      /api/audio/levels/plugins                                                        651     0(0.00%) |      4       1    1053      2 |    4.60        0.00
GET      /api/audio/status                                                               1901     0(0.00%) |      3       1      56      2 |   15.90        0.00
GET      /api/chains/                                                                      65     0(0.00%) |     11       1     120      4 |    0.00        0.00
GET      /api/chains/{id}                                                                1901     0(0.00%) |     18       1    1056      3 |   15.90        0.00
POST     /api/chains/{id}/activate                                                       1901     0(0.00%) |      5       1      75      3 |   15.90        0.00
POST     /api/chains/{id}/deactivate                                                     1901     0(0.00%) |      3       1    1076      2 |   15.90        0.00
POST     /api/plugins/batch/parameters (500 updates)                                     1254     0(0.00%) |     26       2    1066      6 |   11.90        0.00
GET      /api/plugins/discover                                                             65     0(0.00%) |     17      10      39     13 |    0.00        0.00
GET      /api/plugins/list                                                                 65     0(0.00%) |      6       1      56      3 |    0.00        0.00
POST     /api/plugins/load?uri                                                            651     0(0.00%) |      4       1      28      3 |    4.60        0.00
POST     /api/plugins/unload?uri                                                          651     0(0.00%) |      4       1    1052      2 |    4.60        0.00
--------|----------------------------------------------------------------------------|-------|-------------|-------|-------|-------|-------|--------|-----------
         Aggregated                                                                     16805     0(0.00%) |     10       1    1145      2 |  139.70        0.00

Type     Name                                                                          # reqs      # fails |    Avg     Min     Max    Med |   req/s  failures/s
--------|----------------------------------------------------------------------------|-------|-------------|-------|-------|-------|-------|--------|-----------
GET      /api/audio/latency                                                              2600     0(0.00%) |      4       1    1074      2 |   25.00        0.00
GET      /api/audio/levels                                                               2600     0(0.00%) |     21       1    1145      3 |   24.90        0.00
GET      /api/audio/levels (during plugin swap)                                           656     0(0.00%) |     22       1    1055      3 |    5.40        0.00
GET      /api/audio/levels/plugins                                                        655     0(0.00%) |      4       1    1053      2 |    5.40        0.00
GET      /api/audio/status                                                               1924     0(0.00%) |      3       1      56      2 |   16.80        0.00
GET      /api/chains/                                                                      65     0(0.00%) |     11       1     120      4 |    0.00        0.00
GET      /api/chains/{id}                                                                1924     0(0.00%) |     20       1    1056      3 |   16.80        0.00
POST     /api/chains/{id}/activate                                                       1924     0(0.00%) |      5       1      75      3 |   16.80        0.00
POST     /api/chains/{id}/deactivate                                                     1924     0(0.00%) |      3       1    1076      2 |   16.80        0.00
POST     /api/plugins/batch/parameters (500 updates)                                     1274     0(0.00%) |     27       2    1083      6 |   13.30        0.00
GET      /api/plugins/discover                                                             65     0(0.00%) |     17      10      39     13 |    0.00        0.00
GET      /api/plugins/list                                                                 65     0(0.00%) |      6       1      56      3 |    0.00        0.00
POST     /api/plugins/load?uri                                                            656     0(0.00%) |      4       1      28      3 |    5.40        0.00
POST     /api/plugins/unload?uri                                                          655     0(0.00%) |      4       1    1052      2 |    5.40        0.00
--------|----------------------------------------------------------------------------|-------|-------------|-------|-------|-------|-------|--------|-----------
         Aggregated                                                                     16987     0(0.00%) |     11       1    1145      2 |  152.00        0.00

Type     Name                                                                          # reqs      # fails |    Avg     Min     Max    Med |   req/s  failures/s
--------|----------------------------------------------------------------------------|-------|-------------|-------|-------|-------|-------|--------|-----------
GET      /api/audio/latency                                                              2649     0(0.00%) |      4       1    1074      2 |   21.00        0.00
GET      /api/audio/levels                                                               2649     0(0.00%) |     21       1    1145      3 |   21.00        0.00
GET      /api/audio/levels (during plugin swap)                                           663     0(0.00%) |     22       1    1055      3 |    5.00        0.00
GET      /api/audio/levels/plugins                                                        663     0(0.00%) |      4       1    1053      2 |    5.00        0.00
GET      /api/audio/status                                                               1970     0(0.00%) |      3       1      56      2 |   16.20        0.00
GET      /api/chains/                                                                      65     0(0.00%) |     11       1     120      4 |    0.00        0.00
GET      /api/chains/{id}                                                                1970     0(0.00%) |     20       1    1056      3 |   16.20        0.00
POST     /api/chains/{id}/activate                                                       1970     0(0.00%) |      5       1      75      3 |   16.20        0.00
POST     /api/chains/{id}/deactivate                                                     1970     0(0.00%) |      3       1    1076      2 |   16.20        0.00
POST     /api/plugins/batch/parameters (500 updates)                                     1296     0(0.00%) |     27       2    1083      6 |   11.80        0.00
GET      /api/plugins/discover                                                             65     0(0.00%) |     17      10      39     13 |    0.00        0.00
GET      /api/plugins/list                                                                 65     0(0.00%) |      6       1      56      3 |    0.00        0.00
POST     /api/plugins/load?uri                                                            663     0(0.00%) |      4       1      28      3 |    5.00        0.00
POST     /api/plugins/unload?uri                                                          663     0(0.00%) |      4       1    1052      2 |    5.00        0.00
--------|----------------------------------------------------------------------------|-------|-------------|-------|-------|-------|-------|--------|-----------
         Aggregated                                                                     17321     0(0.00%) |     11       1    1145      2 |  138.60        0.00

Type     Name                                                                          # reqs      # fails |    Avg     Min     Max    Med |   req/s  failures/s
--------|----------------------------------------------------------------------------|-------|-------------|-------|-------|-------|-------|--------|-----------
GET      /api/audio/latency                                                              2685     0(0.00%) |      4       1    1074      2 |   21.50        0.00
GET      /api/audio/levels                                                               2685     0(0.00%) |     21       1    1145      3 |   21.50        0.00
GET      /api/audio/levels (during plugin swap)                                           676     0(0.00%) |     22       1    1055      3 |    4.90        0.00
GET      /api/audio/levels/plugins                                                        676     0(0.00%) |      4       1    1053      2 |    4.90        0.00
GET      /api/audio/status                                                               2000     0(0.00%) |      3       1      56      2 |   16.90        0.00
GET      /api/chains/                                                                      65     0(0.00%) |     11       1     120      4 |    0.00        0.00
GET      /api/chains/{id}                                                                2000     0(0.00%) |     20       1    1056      3 |   16.90        0.00
POST     /api/chains/{id}/activate                                                       2000     0(0.00%) |      5       1      75      3 |   16.90        0.00
POST     /api/chains/{id}/deactivate                                                     2000     0(0.00%) |      3       1    1076      2 |   16.90        0.00
POST     /api/plugins/batch/parameters (500 updates)                                     1320     0(0.00%) |     27       2    1083      6 |   11.10        0.00
GET      /api/plugins/discover                                                             65     0(0.00%) |     17      10      39     13 |    0.00        0.00
GET      /api/plugins/list                                                                 65     0(0.00%) |      6       1      56      3 |    0.00        0.00
POST     /api/plugins/load?uri                                                            676     0(0.00%) |      4       1      28      3 |    4.90        0.00
POST     /api/plugins/unload?uri                                                          676     0(0.00%) |      4       1    1052      2 |    4.90        0.00
--------|----------------------------------------------------------------------------|-------|-------------|-------|-------|-------|-------|--------|-----------
         Aggregated                                                                     17589     0(0.00%) |     11       1    1145      2 |  141.30        0.00

Type     Name                                                                          # reqs      # fails |    Avg     Min     Max    Med |   req/s  failures/s
--------|----------------------------------------------------------------------------|-------|-------------|-------|-------|-------|-------|--------|-----------
GET      /api/audio/latency                                                              2726     0(0.00%) |      4       1    1074      2 |   20.10        0.00
GET      /api/audio/levels                                                               2727     0(0.00%) |     20       1    1145      3 |   20.10        0.00
GET      /api/audio/levels (during plugin swap)                                           689     0(0.00%) |     22       1    1055      3 |    4.50        0.00
GET      /api/audio/levels/plugins                                                        689     0(0.00%) |      4       1    1053      2 |    4.50        0.00
GET      /api/audio/status                                                               2043     0(0.00%) |      3       1      56      2 |   17.10        0.00
GET      /api/chains/                                                                      65     0(0.00%) |     11       1     120      4 |    0.00        0.00
GET      /api/chains/{id}                                                                2044     0(0.00%) |     19       1    1056      3 |   17.10        0.00
POST     /api/chains/{id}/activate                                                       2043     0(0.00%) |      5       1      75      3 |   17.10        0.00
POST     /api/chains/{id}/deactivate                                                     2043     0(0.00%) |      3       1    1076      2 |   17.10        0.00
POST     /api/plugins/batch/parameters (500 updates)                                     1348     0(0.00%) |     26       2    1083      6 |   11.10        0.00
GET      /api/plugins/discover                                                             65     0(0.00%) |     17      10      39     13 |    0.00        0.00
GET      /api/plugins/list                                                                 65     0(0.00%) |      6       1      56      3 |    0.00        0.00
POST     /api/plugins/load?uri                                                            689     0(0.00%) |      4       1      28      3 |    4.50        0.00
POST     /api/plugins/unload?uri                                                          689     0(0.00%) |      4       1    1052      2 |    4.50        0.00
--------|----------------------------------------------------------------------------|-------|-------------|-------|-------|-------|-------|--------|-----------
         Aggregated                                                                     17925     0(0.00%) |     11       1    1145      2 |  137.70        0.00

Type     Name                                                                          # reqs      # fails |    Avg     Min     Max    Med |   req/s  failures/s
--------|----------------------------------------------------------------------------|-------|-------------|-------|-------|-------|-------|--------|-----------
GET      /api/audio/latency                                                              2781     0(0.00%) |      4       1    1074      2 |   20.20        0.00
GET      /api/audio/levels                                                               2781     0(0.00%) |     20       1    1145      3 |   20.20        0.00
GET      /api/audio/levels (during plugin swap)                                           705     0(0.00%) |     21       1    1055      3 |    4.70        0.00
GET      /api/audio/levels/plugins                                                        705     0(0.00%) |      4       1    1053      2 |    4.70        0.00
GET      /api/audio/status                                                               2074     0(0.00%) |      3       1      56      2 |   17.30        0.00
GET      /api/chains/                                                                      65     0(0.00%) |     11       1     120      4 |    0.00        0.00
GET      /api/chains/{id}                                                                2074     0(0.00%) |     19       1    1056      3 |   17.30        0.00
POST     /api/chains/{id}/activate                                                       2074     0(0.00%) |      5       1      75      3 |   17.30        0.00
POST     /api/chains/{id}/deactivate                                                     2074     0(0.00%) |      3       1    1076      2 |   17.20        0.00
POST     /api/plugins/batch/parameters (500 updates)                                     1372     0(0.00%) |     26       2    1083      6 |   10.60        0.00
GET      /api/plugins/discover                                                             65     0(0.00%) |     17      10      39     13 |    0.00        0.00
GET      /api/plugins/list                                                                 65     0(0.00%) |      6       1      56      3 |    0.00        0.00
POST     /api/plugins/load?uri                                                            705     0(0.00%) |      4       1      28      3 |    4.70        0.00
POST     /api/plugins/unload?uri                                                          705     0(0.00%) |      4       1    1052      2 |    4.70        0.00
--------|----------------------------------------------------------------------------|-------|-------------|-------|-------|-------|-------|--------|-----------
         Aggregated                                                                     18245     0(0.00%) |     10       1    1145      2 |  138.90        0.00

Type     Name                                                                          # reqs      # fails |    Avg     Min     Max    Med |   req/s  failures/s
--------|----------------------------------------------------------------------------|-------|-------------|-------|-------|-------|-------|--------|-----------
GET      /api/audio/latency                                                              2808     0(0.00%) |      4       1    1074      2 |   19.70        0.00
GET      /api/audio/levels                                                               2808     0(0.00%) |     21       1    1145      3 |   19.70        0.00
GET      /api/audio/levels (during plugin swap)                                           709     0(0.00%) |     21       1    1055      3 |    5.10        0.00
GET      /api/audio/levels/plugins                                                        709     0(0.00%) |      4       1    1053      2 |    5.10        0.00
GET      /api/audio/status                                                               2086     0(0.00%) |      3       1      56      2 |   17.10        0.00
GET      /api/chains/                                                                      65     0(0.00%) |     11       1     120      4 |    0.00        0.00
GET      /api/chains/{id}                                                                2087     0(0.00%) |     20       1    1056      3 |   17.10        0.00
POST     /api/chains/{id}/activate                                                       2086     0(0.00%) |      5       1      75      3 |   17.10        0.00
POST     /api/chains/{id}/deactivate                                                     2086     0(0.00%) |      3       1    1076      2 |   17.10        0.00
POST     /api/plugins/batch/parameters (500 updates)                                     1395     0(0.00%) |     29       2    1083      6 |   11.70        0.00
GET      /api/plugins/discover                                                             65     0(0.00%) |     17      10      39     13 |    0.00        0.00
GET      /api/plugins/list                                                                 65     0(0.00%) |      6       1      56      3 |    0.00        0.00
POST     /api/plugins/load?uri                                                            709     0(0.00%) |      4       1      28      3 |    5.10        0.00
POST     /api/plugins/unload?uri                                                          709     0(0.00%) |      4       1    1052      2 |    5.10        0.00
--------|----------------------------------------------------------------------------|-------|-------------|-------|-------|-------|-------|--------|-----------
         Aggregated                                                                     18387     0(0.00%) |     11       1    1145      2 |  139.90        0.00

Type     Name                                                                          # reqs      # fails |    Avg     Min     Max    Med |   req/s  failures/s
--------|----------------------------------------------------------------------------|-------|-------------|-------|-------|-------|-------|--------|-----------
GET      /api/audio/latency                                                              2861     0(0.00%) |      4       1    1074      2 |   21.10        0.00
GET      /api/audio/levels                                                               2861     0(0.00%) |     21       1    1145      3 |   21.10        0.00
GET      /api/audio/levels (during plugin swap)                                           724     0(0.00%) |     21       1    1055      3 |    5.40        0.00
GET      /api/audio/levels/plugins                                                        724     0(0.00%) |      4       1    1053      2 |    5.40        0.00
GET      /api/audio/status                                                               2122     0(0.00%) |      3       1      56      2 |   16.30        0.00
GET      /api/chains/                                                                      65     0(0.00%) |     11       1     120      4 |    0.00        0.00
GET      /api/chains/{id}                                                                2122     0(0.00%) |     20       1    1056      3 |   16.30        0.00
POST     /api/chains/{id}/activate                                                       2122     0(0.00%) |      5       1      75      3 |   16.30        0.00
POST     /api/chains/{id}/deactivate                                                     2122     0(0.00%) |      3       1    1076      2 |   16.30        0.00
POST     /api/plugins/batch/parameters (500 updates)                                     1411     0(0.00%) |     29       2    1083      6 |   11.40        0.00
GET      /api/plugins/discover                                                             65     0(0.00%) |     17      10      39     13 |    0.00        0.00
GET      /api/plugins/list                                                                 65     0(0.00%) |      6       1      56      3 |    0.00        0.00
POST     /api/plugins/load?uri                                                            724     0(0.00%) |      4       1      28      3 |    5.40        0.00
POST     /api/plugins/unload?uri                                                          724     0(0.00%) |      4       1    1052      2 |    5.40        0.00
--------|----------------------------------------------------------------------------|-------|-------------|-------|-------|-------|-------|--------|-----------
         Aggregated                                                                     18712     0(0.00%) |     11       1    1145      2 |  140.40        0.00

Type     Name                                                                          # reqs      # fails |    Avg     Min     Max    Med |   req/s  failures/s
--------|----------------------------------------------------------------------------|-------|-------------|-------|-------|-------|-------|--------|-----------
GET      /api/audio/latency                                                              2909     0(0.00%) |      4       1    1074      2 |   21.00        0.00
GET      /api/audio/levels                                                               2909     0(0.00%) |     20       1    1145      3 |   21.00        0.00
GET      /api/audio/levels (during plugin swap)                                           737     0(0.00%) |     20       1    1055      3 |    6.00        0.00
GET      /api/audio/levels/plugins                                                        737     0(0.00%) |      4       1    1053      2 |    6.00        0.00
GET      /api/audio/status                                                               2169     0(0.00%) |      3       1      56      2 |   15.60        0.00
GET      /api/chains/                                                                      65     0(0.00%) |     11       1     120      4 |    0.00        0.00
GET      /api/chains/{id}                                                                2169     0(0.00%) |     19       1    1056      3 |   15.60        0.00
POST     /api/chains/{id}/activate                                                       2169     0(0.00%) |      5       1      75      3 |   15.60        0.00
POST     /api/chains/{id}/deactivate                                                     2169     0(0.00%) |      3       1    1076      2 |   15.60        0.00
POST     /api/plugins/batch/parameters (500 updates)                                     1430     0(0.00%) |     29       2    1083      5 |   11.50        0.00
GET      /api/plugins/discover                                                             65     0(0.00%) |     17      10      39     13 |    0.00        0.00
GET      /api/plugins/list                                                                 65     0(0.00%) |      6       1      56      3 |    0.00        0.00
POST     /api/plugins/load?uri                                                            737     0(0.00%) |      4       1      28      3 |    6.00        0.00
POST     /api/plugins/unload?uri                                                          737     0(0.00%) |      4       1    1052      2 |    6.00        0.00
--------|----------------------------------------------------------------------------|-------|-------------|-------|-------|-------|-------|--------|-----------
         Aggregated                                                                     19067     0(0.00%) |     11       1    1145      2 |  139.90        0.00

Type     Name                                                                          # reqs      # fails |    Avg     Min     Max    Med |   req/s  failures/s
--------|----------------------------------------------------------------------------|-------|-------------|-------|-------|-------|-------|--------|-----------
GET      /api/audio/latency                                                              2956     0(0.00%) |      4       1    1074      2 |   22.40        0.00
GET      /api/audio/levels                                                               2956     0(0.00%) |     20       1    1145      3 |   22.40        0.00
GET      /api/audio/levels (during plugin swap)                                           754     0(0.00%) |     20       1    1055      3 |    6.00        0.00
GET      /api/audio/levels/plugins                                                        754     0(0.00%) |      4       1    1053      2 |    6.00        0.00
GET      /api/audio/status                                                               2197     0(0.00%) |      3       1      56      2 |   16.70        0.00
GET      /api/chains/                                                                      65     0(0.00%) |     11       1     120      4 |    0.00        0.00
GET      /api/chains/{id}                                                                2198     0(0.00%) |     19       1    1056      3 |   16.70        0.00
POST     /api/chains/{id}/activate                                                       2197     0(0.00%) |      5       1      75      3 |   16.70        0.00
POST     /api/chains/{id}/deactivate                                                     2196     0(0.00%) |      3       1    1076      2 |   16.70        0.00
POST     /api/plugins/batch/parameters (500 updates)                                     1459     0(0.00%) |     28       2    1083      5 |   11.10        0.00
GET      /api/plugins/discover                                                             65     0(0.00%) |     17      10      39     13 |    0.00        0.00
GET      /api/plugins/list                                                                 65     0(0.00%) |      6       1      56      3 |    0.00        0.00
POST     /api/plugins/load?uri                                                            754     0(0.00%) |      4       1      28      3 |    6.00        0.00
POST     /api/plugins/unload?uri                                                          754     0(0.00%) |      4       1    1052      2 |    6.00        0.00
--------|----------------------------------------------------------------------------|-------|-------------|-------|-------|-------|-------|--------|-----------
         Aggregated                                                                     19370     0(0.00%) |     11       1    1145      2 |  146.70        0.00

Type     Name                                                                          # reqs      # fails |    Avg     Min     Max    Med |   req/s  failures/s
--------|----------------------------------------------------------------------------|-------|-------------|-------|-------|-------|-------|--------|-----------
GET      /api/audio/latency                                                              3008     0(0.00%) |      4       1    1074      2 |   22.70        0.00
GET      /api/audio/levels                                                               3008     0(0.00%) |     20       1    1145      3 |   22.70        0.00
GET      /api/audio/levels (during plugin swap)                                           770     0(0.00%) |     20       1    1055      3 |    6.30        0.00
GET      /api/audio/levels/plugins                                                        770     0(0.00%) |      4       1    1053      2 |    6.30        0.00
GET      /api/audio/status                                                               2235     0(0.00%) |      3       1      56      2 |   15.70        0.00
GET      /api/chains/                                                                      65     0(0.00%) |     11       1     120      4 |    0.00        0.00
GET      /api/chains/{id}                                                                2235     0(0.00%) |     19       1    1056      3 |   15.70        0.00
POST     /api/chains/{id}/activate                                                       2235     0(0.00%) |      5       1      75      3 |   15.70        0.00
POST     /api/chains/{id}/deactivate                                                     2235     0(0.00%) |      3       1    1076      2 |   15.80        0.00
POST     /api/plugins/batch/parameters (500 updates)                                     1484     0(0.00%) |     28       2    1083      5 |   11.60        0.00
GET      /api/plugins/discover                                                             65     0(0.00%) |     17      10      39     13 |    0.00        0.00
GET      /api/plugins/list                                                                 65     0(0.00%) |      6       1      56      3 |    0.00        0.00
POST     /api/plugins/load?uri                                                            770     0(0.00%) |      4       1      28      3 |    6.30        0.00
POST     /api/plugins/unload?uri                                                          770     0(0.00%) |      4       1    1052      2 |    6.30        0.00
--------|----------------------------------------------------------------------------|-------|-------------|-------|-------|-------|-------|--------|-----------
         Aggregated                                                                     19715     0(0.00%) |     10       1    1145      2 |  145.10        0.00

Type     Name                                                                          # reqs      # fails |    Avg     Min     Max    Med |   req/s  failures/s
--------|----------------------------------------------------------------------------|-------|-------------|-------|-------|-------|-------|--------|-----------
GET      /api/audio/latency                                                              3052     0(0.00%) |      4       1    1074      2 |   23.60        0.00
GET      /api/audio/levels                                                               3052     0(0.00%) |     20       1    1145      3 |   23.60        0.00
GET      /api/audio/levels (during plugin swap)                                           781     0(0.00%) |     20       1    1055      3 |    6.40        0.00
GET      /api/audio/levels/plugins                                                        781     0(0.00%) |      4       1    1053      2 |    6.40        0.00
GET      /api/audio/status                                                               2261     0(0.00%) |      3       1      56      2 |   15.90        0.00
GET      /api/chains/                                                                      65     0(0.00%) |     11       1     120      4 |    0.00        0.00
GET      /api/chains/{id}                                                                2261     0(0.00%) |     19       1    1056      3 |   15.90        0.00
POST     /api/chains/{id}/activate                                                       2261     0(0.00%) |      5       1      75      3 |   15.90        0.00
POST     /api/chains/{id}/deactivate                                                     2261     0(0.00%) |      3       1    1076      2 |   15.90        0.00
POST     /api/plugins/batch/parameters (500 updates)                                     1505     0(0.00%) |     28       2    1083      5 |   10.90        0.00
GET      /api/plugins/discover                                                             65     0(0.00%) |     17      10      39     13 |    0.00        0.00
GET      /api/plugins/list                                                                 65     0(0.00%) |      6       1      56      3 |    0.00        0.00
POST     /api/plugins/load?uri                                                            781     0(0.00%) |      4       1      28      3 |    6.40        0.00
POST     /api/plugins/unload?uri                                                          781     0(0.00%) |      4       1    1052      2 |    6.40        0.00
--------|----------------------------------------------------------------------------|-------|-------------|-------|-------|-------|-------|--------|-----------
         Aggregated                                                                     19972     0(0.00%) |     10       1    1145      2 |  147.30        0.00

Type     Name                                                                          # reqs      # fails |    Avg     Min     Max    Med |   req/s  failures/s
--------|----------------------------------------------------------------------------|-------|-------------|-------|-------|-------|-------|--------|-----------
GET      /api/audio/latency                                                              3079     0(0.00%) |      4       1    1074      2 |   25.10        0.00
GET      /api/audio/levels                                                               3080     0(0.00%) |     21       1    1145      3 |   25.10        0.00
GET      /api/audio/levels (during plugin swap)                                           788     0(0.00%) |     22       1    1056      3 |    7.20        0.00
GET      /api/audio/levels/plugins                                                        788     0(0.00%) |      4       1    1053      2 |    7.20        0.00
GET      /api/audio/status                                                               2290     0(0.00%) |      3       1      56      2 |   17.70        0.00
GET      /api/chains/                                                                      65     0(0.00%) |     11       1     120      4 |    0.00        0.00
GET      /api/chains/{id}                                                                2290     0(0.00%) |     20       1    1056      3 |   17.70        0.00
POST     /api/chains/{id}/activate                                                       2290     0(0.00%) |      5       1      75      3 |   17.70        0.00
POST     /api/chains/{id}/deactivate                                                     2290     0(0.00%) |      3       1    1076      2 |   17.70        0.00
POST     /api/plugins/batch/parameters (500 updates)                                     1518     0(0.00%) |     28       2    1083      5 |   11.80        0.00
GET      /api/plugins/discover                                                             65     0(0.00%) |     17      10      39     13 |    0.00        0.00
GET      /api/plugins/list                                                                 65     0(0.00%) |      6       1      56      3 |    0.00        0.00
POST     /api/plugins/load?uri                                                            788     0(0.00%) |      4       1      28      3 |    7.20        0.00
POST     /api/plugins/unload?uri                                                          788     0(0.00%) |      4       1    1052      2 |    7.20        0.00
--------|----------------------------------------------------------------------------|-------|-------------|-------|-------|-------|-------|--------|-----------
         Aggregated                                                                     20184     0(0.00%) |     11       1    1145      2 |  161.60        0.00

Type     Name                                                                          # reqs      # fails |    Avg     Min     Max    Med |   req/s  failures/s
--------|----------------------------------------------------------------------------|-------|-------------|-------|-------|-------|-------|--------|-----------
GET      /api/audio/latency                                                              3128     0(0.00%) |      4       1    1074      2 |   22.10        0.00
GET      /api/audio/levels                                                               3128     0(0.00%) |     20       1    1145      3 |   22.10        0.00
GET      /api/audio/levels (during plugin swap)                                           795     0(0.00%) |     22       1    1056      3 |    6.30        0.00
GET      /api/audio/levels/plugins                                                        795     0(0.00%) |      4       1    1053      2 |    6.30        0.00
GET      /api/audio/status                                                               2331     0(0.00%) |      3       1      56      2 |   16.40        0.00
GET      /api/chains/                                                                      65     0(0.00%) |     11       1     120      4 |    0.00        0.00
GET      /api/chains/{id}                                                                2331     0(0.00%) |     20       1    1056      3 |   16.40        0.00
POST     /api/chains/{id}/activate                                                       2331     0(0.00%) |      5       1     103      3 |   16.40        0.00
POST     /api/chains/{id}/deactivate                                                     2331     0(0.00%) |      3       1    1076      2 |   16.40        0.00
POST     /api/plugins/batch/parameters (500 updates)                                     1543     0(0.00%) |     28       2    1083      5 |   10.60        0.00
GET      /api/plugins/discover                                                             65     0(0.00%) |     17      10      39     13 |    0.00        0.00
GET      /api/plugins/list                                                                 65     0(0.00%) |      6       1      56      3 |    0.00        0.00
POST     /api/plugins/load?uri                                                            795     0(0.00%) |      4       1      28      3 |    6.30        0.00
POST     /api/plugins/unload?uri                                                          795     0(0.00%) |      4       1    1052      2 |    6.30        0.00
--------|----------------------------------------------------------------------------|-------|-------------|-------|-------|-------|-------|--------|-----------
         Aggregated                                                                     20498     0(0.00%) |     11       1    1145      2 |  145.60        0.00

Type     Name                                                                          # reqs      # fails |    Avg     Min     Max    Med |   req/s  failures/s
--------|----------------------------------------------------------------------------|-------|-------------|-------|-------|-------|-------|--------|-----------
GET      /api/audio/latency                                                              3177     0(0.00%) |      4       1    1074      2 |   22.20        0.00
GET      /api/audio/levels                                                               3177     0(0.00%) |     20       1    1145      3 |   22.20        0.00
GET      /api/audio/levels (during plugin swap)                                           811     0(0.00%) |     22       1    1056      3 |    6.10        0.00
GET      /api/audio/levels/plugins                                                        811     0(0.00%) |      4       1    1053      2 |    6.10        0.00
GET      /api/audio/status                                                               2367     0(0.00%) |      3       1      56      2 |   16.00        0.00
GET      /api/chains/                                                                      65     0(0.00%) |     11       1     120      4 |    0.00        0.00
GET      /api/chains/{id}                                                                2367     0(0.00%) |     20       1    1056      3 |   16.00        0.00
POST     /api/chains/{id}/activate                                                       2367     0(0.00%) |      5       1     103      3 |   16.00        0.00
POST     /api/chains/{id}/deactivate                                                     2367     0(0.00%) |      3       1    1076      2 |   16.00        0.00
POST     /api/plugins/batch/parameters (500 updates)                                     1570     0(0.00%) |     28       2    1083      5 |   11.00        0.00
GET      /api/plugins/discover                                                             65     0(0.00%) |     17      10      39     13 |    0.00        0.00
GET      /api/plugins/list                                                                 65     0(0.00%) |      6       1      56      3 |    0.00        0.00
POST     /api/plugins/load?uri                                                            811     0(0.00%) |      4       1      28      3 |    6.10        0.00
POST     /api/plugins/unload?uri                                                          811     0(0.00%) |      4       1    1052      2 |    6.10        0.00
--------|----------------------------------------------------------------------------|-------|-------------|-------|-------|-------|-------|--------|-----------
         Aggregated                                                                     20831     0(0.00%) |     11       1    1145      2 |  143.80        0.00

Type     Name                                                                          # reqs      # fails |    Avg     Min     Max    Med |   req/s  failures/s
--------|----------------------------------------------------------------------------|-------|-------------|-------|-------|-------|-------|--------|-----------
GET      /api/audio/latency                                                              3218     0(0.00%) |      4       1    1074      2 |   22.10        0.00
GET      /api/audio/levels                                                               3218     0(0.00%) |     20       1    1145      3 |   22.10        0.00
GET      /api/audio/levels (during plugin swap)                                           826     0(0.00%) |     21       1    1056      3 |    5.50        0.00
GET      /api/audio/levels/plugins                                                        826     0(0.00%) |      4       1    1053      2 |    5.50        0.00
GET      /api/audio/status                                                               2413     0(0.00%) |      3       1      56      2 |   16.70        0.00
GET      /api/chains/                                                                      65     0(0.00%) |     11       1     120      4 |    0.00        0.00
GET      /api/chains/{id}                                                                2413     0(0.00%) |     19       1    1056      3 |   16.70        0.00
POST     /api/chains/{id}/activate                                                       2413     0(0.00%) |      5       1     103      3 |   16.70        0.00
POST     /api/chains/{id}/deactivate                                                     2413     0(0.00%) |      3       1    1076      2 |   16.70        0.00
POST     /api/plugins/batch/parameters (500 updates)                                     1594     0(0.00%) |     27       2    1083      5 |   11.00        0.00
GET      /api/plugins/discover                                                             65     0(0.00%) |     17      10      39     13 |    0.00        0.00
GET      /api/plugins/list                                                                 65     0(0.00%) |      6       1      56      3 |    0.00        0.00
POST     /api/plugins/load?uri                                                            826     0(0.00%) |      4       1      28      3 |    5.50        0.00
POST     /api/plugins/unload?uri                                                          826     0(0.00%) |      4       1    1052      2 |    5.50        0.00
--------|----------------------------------------------------------------------------|-------|-------------|-------|-------|-------|-------|--------|-----------
         Aggregated                                                                     21181     0(0.00%) |     11       1    1145      2 |  144.00        0.00

Type     Name                                                                          # reqs      # fails |    Avg     Min     Max    Med |   req/s  failures/s
--------|----------------------------------------------------------------------------|-------|-------------|-------|-------|-------|-------|--------|-----------
GET      /api/audio/latency                                                              3264     0(0.00%) |      4       1    1074      2 |   20.90        0.00
GET      /api/audio/levels                                                               3264     0(0.00%) |     20       1    1145      3 |   20.90        0.00
GET      /api/audio/levels (during plugin swap)                                           835     0(0.00%) |     21       1    1056      3 |    5.70        0.00
GET      /api/audio/levels/plugins                                                        835     0(0.00%) |      4       1    1053      2 |    5.70        0.00
GET      /api/audio/status                                                               2453     0(0.00%) |      3       1      56      2 |   17.50        0.00
GET      /api/chains/                                                                      65     0(0.00%) |     11       1     120      4 |    0.00        0.00
GET      /api/chains/{id}                                                                2453     0(0.00%) |     19       1    1056      3 |   17.50        0.00
POST     /api/chains/{id}/activate                                                       2453     0(0.00%) |      5       1     103      3 |   17.50        0.00
POST     /api/chains/{id}/deactivate                                                     2452     0(0.00%) |      3       1    1076      2 |   17.50        0.00
POST     /api/plugins/batch/parameters (500 updates)                                     1621     0(0.00%) |     27       2    1083      5 |   11.00        0.00
GET      /api/plugins/discover                                                             65     0(0.00%) |     17      10      39     13 |    0.00        0.00
GET      /api/plugins/list                                                                 65     0(0.00%) |      6       1      56      3 |    0.00        0.00
POST     /api/plugins/load?uri                                                            835     0(0.00%) |      4       1      28      3 |    5.70        0.00
POST     /api/plugins/unload?uri                                                          835     0(0.00%) |      4       1    1052      2 |    5.70        0.00
--------|----------------------------------------------------------------------------|-------|-------------|-------|-------|-------|-------|--------|-----------
         Aggregated                                                                     21495     0(0.00%) |     10       1    1145      2 |  145.60        0.00

Type     Name                                                                          # reqs      # fails |    Avg     Min     Max    Med |   req/s  failures/s
--------|----------------------------------------------------------------------------|-------|-------------|-------|-------|-------|-------|--------|-----------
GET      /api/audio/latency                                                              3287     0(0.00%) |      4       1    1074      2 |   20.40        0.00
GET      /api/audio/levels                                                               3287     0(0.00%) |     21       1    1145      3 |   20.40        0.00
GET      /api/audio/levels (during plugin swap)                                           841     0(0.00%) |     22       1    1056      3 |    5.30        0.00
GET      /api/audio/levels/plugins                                                        841     0(0.00%) |      4       1    1053      2 |    5.30        0.00
GET      /api/audio/status                                                               2470     0(0.00%) |      3       1      56      2 |   18.40        0.00
GET      /api/chains/                                                                      65     0(0.00%) |     11       1     120      4 |    0.00        0.00
GET      /api/chains/{id}                                                                2470     0(0.00%) |     20       1    1056      3 |   18.40        0.00
POST     /api/chains/{id}/activate                                                       2470     0(0.00%) |      5       1     103      3 |   18.40        0.00
POST     /api/chains/{id}/deactivate                                                     2470     0(0.00%) |      3       1    1076      2 |   18.40        0.00
POST     /api/plugins/batch/parameters (500 updates)                                     1636     0(0.00%) |     27       2    1083      5 |   11.10        0.00
GET      /api/plugins/discover                                                             65     0(0.00%) |     17      10      39     13 |    0.00        0.00
GET      /api/plugins/list                                                                 65     0(0.00%) |      6       1      56      3 |    0.00        0.00
POST     /api/plugins/load?uri                                                            841     0(0.00%) |      4       1      28      3 |    5.30        0.00
POST     /api/plugins/unload?uri                                                          841     0(0.00%) |      4       1    1052      2 |    5.30        0.00
--------|----------------------------------------------------------------------------|-------|-------------|-------|-------|-------|-------|--------|-----------
         Aggregated                                                                     21649     0(0.00%) |     11       1    1145      2 |  146.70        0.00

Type     Name                                                                          # reqs      # fails |    Avg     Min     Max    Med |   req/s  failures/s
--------|----------------------------------------------------------------------------|-------|-------------|-------|-------|-------|-------|--------|-----------
GET      /api/audio/latency                                                              3341     0(0.00%) |      4       1    1074      2 |   20.50        0.00
GET      /api/audio/levels                                                               3341     0(0.00%) |     21       1    1145      3 |   20.60        0.00
GET      /api/audio/levels (during plugin swap)                                           854     0(0.00%) |     22       1    1056      3 |    5.40        0.00
GET      /api/audio/levels/plugins                                                        854     0(0.00%) |      4       1    1053      2 |    5.40        0.00
GET      /api/audio/status                                                               2503     0(0.00%) |      3       1      56      2 |   18.00        0.00
GET      /api/chains/                                                                      65     0(0.00%) |     11       1     120      4 |    0.00        0.00
GET      /api/chains/{id}                                                                2503     0(0.00%) |     20       1    1056      3 |   18.00        0.00
POST     /api/chains/{id}/activate                                                       2503     0(0.00%) |      5       1     103      3 |   18.00        0.00
POST     /api/chains/{id}/deactivate                                                     2503     0(0.00%) |      3       1    1076      2 |   18.00        0.00
POST     /api/plugins/batch/parameters (500 updates)                                     1662     0(0.00%) |     27       2    1083      5 |   11.50        0.00
GET      /api/plugins/discover                                                             65     0(0.00%) |     17      10      39     13 |    0.00        0.00
GET      /api/plugins/list                                                                 65     0(0.00%) |      6       1      56      3 |    0.00        0.00
POST     /api/plugins/load?uri                                                            854     0(0.00%) |      4       1      28      3 |    5.40        0.00
POST     /api/plugins/unload?uri                                                          854     0(0.00%) |      4       1    1052      2 |    5.40        0.00
--------|----------------------------------------------------------------------------|-------|-------------|-------|-------|-------|-------|--------|-----------
         Aggregated                                                                     21967     0(0.00%) |     11       1    1145      2 |  146.20        0.00

Type     Name                                                                          # reqs      # fails |    Avg     Min     Max    Med |   req/s  failures/s
--------|----------------------------------------------------------------------------|-------|-------------|-------|-------|-------|-------|--------|-----------
GET      /api/audio/latency                                                              3400     0(0.00%) |      4       1    1074      2 |   20.90        0.00
GET      /api/audio/levels                                                               3400     0(0.00%) |     21       1    1145      3 |   21.00        0.00
GET      /api/audio/levels (during plugin swap)                                           863     0(0.00%) |     22       1    1056      3 |    5.90        0.00
GET      /api/audio/levels/plugins                                                        863     0(0.00%) |      4       1    1053      2 |    5.90        0.00
GET      /api/audio/status                                                               2533     0(0.00%) |      3       1      56      2 |   17.20        0.00
GET      /api/chains/                                                                      65     0(0.00%) |     11       1     120      4 |    0.00        0.00
GET      /api/chains/{id}                                                                2533     0(0.00%) |     19       1    1056      3 |   17.20        0.00
POST     /api/chains/{id}/activate                                                       2533     0(0.00%) |      5       1     103      3 |   17.20        0.00
POST     /api/chains/{id}/deactivate                                                     2533     0(0.00%) |      3       1    1076      2 |   17.20        0.00
POST     /api/plugins/batch/parameters (500 updates)                                     1680     0(0.00%) |     27       2    1083      5 |   11.90        0.00
GET      /api/plugins/discover                                                             65     0(0.00%) |     17      10      39     13 |    0.00        0.00
GET      /api/plugins/list                                                                 65     0(0.00%) |      6       1      56      3 |    0.00        0.00
POST     /api/plugins/load?uri                                                            863     0(0.00%) |      4       1      28      3 |    5.90        0.00
POST     /api/plugins/unload?uri                                                          863     0(0.00%) |      4       1    1052      2 |    5.90        0.00
--------|----------------------------------------------------------------------------|-------|-------------|-------|-------|-------|-------|--------|-----------
         Aggregated                                                                     22259     0(0.00%) |     11       1    1145      2 |  146.20        0.00

Type     Name                                                                          # reqs      # fails |    Avg     Min     Max    Med |   req/s  failures/s
--------|----------------------------------------------------------------------------|-------|-------------|-------|-------|-------|-------|--------|-----------
GET      /api/audio/latency                                                              3456     0(0.00%) |      4       1    1074      2 |   22.30        0.00
GET      /api/audio/levels                                                               3456     0(0.00%) |     20       1    1145      3 |   22.30        0.00
GET      /api/audio/levels (during plugin swap)                                           875     0(0.00%) |     21       1    1056      3 |    5.30        0.00
GET      /api/audio/levels/plugins                                                        875     0(0.00%) |      4       1    1053      2 |    5.30        0.00
GET      /api/audio/status                                                               2570     0(0.00%) |      3       1      56      2 |   16.40        0.00
GET      /api/chains/                                                                      65     0(0.00%) |     11       1     120      4 |    0.00        0.00
GET      /api/chains/{id}                                                                2570     0(0.00%) |     19       1    1056      3 |   16.50        0.00
POST     /api/chains/{id}/activate                                                       2570     0(0.00%) |      5       1     103      3 |   16.50        0.00
POST     /api/chains/{id}/deactivate                                                     2570     0(0.00%) |      3       1    1076      2 |   16.40        0.00
POST     /api/plugins/batch/parameters (500 updates)                                     1704     0(0.00%) |     27       2    1083      5 |   11.10        0.00
GET      /api/plugins/discover                                                             65     0(0.00%) |     17      10      39     13 |    0.00        0.00
GET      /api/plugins/list                                                                 65     0(0.00%) |      6       1      56      3 |    0.00        0.00
POST     /api/plugins/load?uri                                                            875     0(0.00%) |      4       1      28      3 |    5.30        0.00
POST     /api/plugins/unload?uri                                                          875     0(0.00%) |      4       1    1052      2 |    5.30        0.00
--------|----------------------------------------------------------------------------|-------|-------------|-------|-------|-------|-------|--------|-----------
         Aggregated                                                                     22591     0(0.00%) |     11       1    1145      2 |  142.70        0.00

Type     Name                                                                          # reqs      # fails |    Avg     Min     Max    Med |   req/s  failures/s
--------|----------------------------------------------------------------------------|-------|-------------|-------|-------|-------|-------|--------|-----------
GET      /api/audio/latency                                                              3496     0(0.00%) |      4       1    1074      2 |   23.60        0.00
GET      /api/audio/levels                                                               3496     0(0.00%) |     20       1    1145      3 |   23.70        0.00
GET      /api/audio/levels (during plugin swap)                                           894     0(0.00%) |     21       1    1056      3 |    4.80        0.00
GET      /api/audio/levels/plugins                                                        894     0(0.00%) |      4       1    1053      2 |    4.80        0.00
GET      /api/audio/status                                                               2611     0(0.00%) |      3       1      56      2 |   15.80        0.00
GET      /api/chains/                                                                      65     0(0.00%) |     11       1     120      4 |    0.00        0.00
GET      /api/chains/{id}                                                                2611     0(0.00%) |     19       1    1056      3 |   15.80        0.00
POST     /api/chains/{id}/activate                                                       2611     0(0.00%) |      5       1     103      3 |   15.80        0.00
POST     /api/chains/{id}/deactivate                                                     2611     0(0.00%) |      3       1    1076      2 |   15.80        0.00
POST     /api/plugins/batch/parameters (500 updates)                                     1723     0(0.00%) |     26       2    1083      5 |   11.20        0.00
GET      /api/plugins/discover                                                             65     0(0.00%) |     17      10      39     13 |    0.00        0.00
GET      /api/plugins/list                                                                 65     0(0.00%) |      6       1      56      3 |    0.00        0.00
POST     /api/plugins/load?uri                                                            894     0(0.00%) |      4       1      28      3 |    4.80        0.00
POST     /api/plugins/unload?uri                                                          894     0(0.00%) |      4       1    1052      2 |    4.80        0.00
--------|----------------------------------------------------------------------------|-------|-------------|-------|-------|-------|-------|--------|-----------
         Aggregated                                                                     22930     0(0.00%) |     10       1    1145      2 |  140.90        0.00

Type     Name                                                                          # reqs      # fails |    Avg     Min     Max    Med |   req/s  failures/s
--------|----------------------------------------------------------------------------|-------|-------------|-------|-------|-------|-------|--------|-----------
GET      /api/audio/latency                                                              3546     0(0.00%) |      4       1    1074      2 |   23.50        0.00
GET      /api/audio/levels                                                               3546     0(0.00%) |     20       1    1145      3 |   23.40        0.00
GET      /api/audio/levels (during plugin swap)                                           903     0(0.00%) |     21       1    1056      3 |    5.10        0.00
GET      /api/audio/levels/plugins                                                        903     0(0.00%) |      4       1    1053      2 |    5.10        0.00
GET      /api/audio/status                                                               2637     0(0.00%) |      3       1      56      2 |   15.80        0.00
GET      /api/chains/                                                                      65     0(0.00%) |     11       1     120      4 |    0.00        0.00
GET      /api/chains/{id}                                                                2637     0(0.00%) |     19       1    1056      3 |   15.70        0.00
POST     /api/chains/{id}/activate                                                       2637     0(0.00%) |      5       1     103      3 |   15.80        0.00
POST     /api/chains/{id}/deactivate                                                     2637     0(0.00%) |      3       1    1076      2 |   15.80        0.00
POST     /api/plugins/batch/parameters (500 updates)                                     1737     0(0.00%) |     26       2    1083      5 |   11.20        0.00
GET      /api/plugins/discover                                                             65     0(0.00%) |     17      10      39     13 |    0.00        0.00
GET      /api/plugins/list                                                                 65     0(0.00%) |      6       1      56      3 |    0.00        0.00
POST     /api/plugins/load?uri                                                            903     0(0.00%) |      4       1      28      3 |    5.10        0.00
POST     /api/plugins/unload?uri                                                          903     0(0.00%) |      4       1    1052      2 |    5.10        0.00
--------|----------------------------------------------------------------------------|-------|-------------|-------|-------|-------|-------|--------|-----------
         Aggregated                                                                     23184     0(0.00%) |     10       1    1145      2 |  141.60        0.00

Type     Name                                                                          # reqs      # fails |    Avg     Min     Max    Med |   req/s  failures/s
--------|----------------------------------------------------------------------------|-------|-------------|-------|-------|-------|-------|--------|-----------
GET      /api/audio/latency                                                              3579     0(0.00%) |      4       1    1074      2 |   26.80        0.00
GET      /api/audio/levels                                                               3579     0(0.00%) |     22       1    1145      3 |   26.70        0.00
GET      /api/audio/levels (during plugin swap)                                           910     0(0.00%) |     21       1    1056      3 |    6.30        0.00
GET      /api/audio/levels/plugins                                                        910     0(0.00%) |      4       1    1053      2 |    6.30        0.00
GET      /api/audio/status                                                               2664     0(0.00%) |      3       1      56      2 |   17.30        0.00
GET      /api/chains/                                                                      65     0(0.00%) |     11       1     120      4 |    0.00        0.00
GET      /api/chains/{id}                                                                2664     0(0.00%) |     19       1    1056      3 |   17.30        0.00
POST     /api/chains/{id}/activate                                                       2664     0(0.00%) |      5       1     103      3 |   17.30        0.00
POST     /api/chains/{id}/deactivate                                                     2664     0(0.00%) |      3       1    1076      2 |   17.30        0.00
POST     /api/plugins/batch/parameters (500 updates)                                     1753     0(0.00%) |     27       2    1083      5 |   10.70        0.00
GET      /api/plugins/discover                                                             65     0(0.00%) |     17      10      39     13 |    0.00        0.00
GET      /api/plugins/list                                                                 65     0(0.00%) |      6       1      56      3 |    0.00        0.00
POST     /api/plugins/load?uri                                                            910     0(0.00%) |      4       1      28      3 |    6.30        0.00
POST     /api/plugins/unload?uri                                                          910     0(0.00%) |      4       1    1052      2 |    6.30        0.00
--------|----------------------------------------------------------------------------|-------|-------------|-------|-------|-------|-------|--------|-----------
         Aggregated                                                                     23402     0(0.00%) |     11       1    1145      2 |  158.60        0.00

Type     Name                                                                          # reqs      # fails |    Avg     Min     Max    Med |   req/s  failures/s
--------|----------------------------------------------------------------------------|-------|-------------|-------|-------|-------|-------|--------|-----------
GET      /api/audio/latency                                                              3631     0(0.00%) |      4       1    1074      2 |   23.90        0.00
GET      /api/audio/levels                                                               3631     0(0.00%) |     22       1    1145      3 |   23.80        0.00
GET      /api/audio/levels (during plugin swap)                                           924     0(0.00%) |     21       1    1056      3 |    5.40        0.00
GET      /api/audio/levels/plugins                                                        924     0(0.00%) |      4       1    1053      2 |    5.30        0.00
GET      /api/audio/status                                                               2698     0(0.00%) |      3       1      56      2 |   15.80        0.00
GET      /api/chains/                                                                      65     0(0.00%) |     11       1     120      4 |    0.00        0.00
GET      /api/chains/{id}                                                                2698     0(0.00%) |     19       1    1056      3 |   15.90        0.00
POST     /api/chains/{id}/activate                                                       2698     0(0.00%) |      5       1     103      3 |   15.90        0.00
POST     /api/chains/{id}/deactivate                                                     2698     0(0.00%) |      3       1    1076      2 |   15.80        0.00
POST     /api/plugins/batch/parameters (500 updates)                                     1774     0(0.00%) |     26       2    1083      5 |    9.20        0.00
GET      /api/plugins/discover                                                             65     0(0.00%) |     17      10      39     13 |    0.00        0.00
GET      /api/plugins/list                                                                 65     0(0.00%) |      6       1      56      3 |    0.00        0.00
POST     /api/plugins/load?uri                                                            924     0(0.00%) |      4       1      28      3 |    5.40        0.00
POST     /api/plugins/unload?uri                                                          924     0(0.00%) |      4       1    1052      2 |    5.30        0.00
--------|----------------------------------------------------------------------------|-------|-------------|-------|-------|-------|-------|--------|-----------
         Aggregated                                                                     23719     0(0.00%) |     11       1    1145      2 |  141.70        0.00

Type     Name                                                                          # reqs      # fails |    Avg     Min     Max    Med |   req/s  failures/s
--------|----------------------------------------------------------------------------|-------|-------------|-------|-------|-------|-------|--------|-----------
GET      /api/audio/latency                                                              3678     0(0.00%) |      4       1    1074      2 |   23.00        0.00
GET      /api/audio/levels                                                               3678     0(0.00%) |     21       1    1145      3 |   23.00        0.00
GET      /api/audio/levels (during plugin swap)                                           935     0(0.00%) |     20       1    1056      3 |    6.30        0.00
GET      /api/audio/levels/plugins                                                        935     0(0.00%) |      4       1    1053      2 |    6.30        0.00
GET      /api/audio/status                                                               2741     0(0.00%) |      3       1      56      2 |   16.70        0.00
GET      /api/chains/                                                                      65     0(0.00%) |     11       1     120      4 |    0.00        0.00
GET      /api/chains/{id}                                                                2741     0(0.00%) |     19       1    1056      3 |   16.60        0.00
POST     /api/chains/{id}/activate                                                       2741     0(0.00%) |      5       1     103      3 |   16.60        0.00
POST     /api/chains/{id}/deactivate                                                     2741     0(0.00%) |      3       1    1076      2 |   16.70        0.00
POST     /api/plugins/batch/parameters (500 updates)                                     1797     0(0.00%) |     26       2    1083      5 |    9.10        0.00
GET      /api/plugins/discover                                                             65     0(0.00%) |     17      10      39     13 |    0.00        0.00
GET      /api/plugins/list                                                                 65     0(0.00%) |      6       1      56      3 |    0.00        0.00
POST     /api/plugins/load?uri                                                            935     0(0.00%) |      4       1      28      3 |    6.30        0.00
POST     /api/plugins/unload?uri                                                          935     0(0.00%) |      4       1    1052      2 |    6.30        0.00
--------|----------------------------------------------------------------------------|-------|-------------|-------|-------|-------|-------|--------|-----------
         Aggregated                                                                     24052     0(0.00%) |     11       1    1145      2 |  146.90        0.00

Type     Name                                                                          # reqs      # fails |    Avg     Min     Max    Med |   req/s  failures/s
--------|----------------------------------------------------------------------------|-------|-------------|-------|-------|-------|-------|--------|-----------
GET      /api/audio/latency                                                              3728     0(0.00%) |      4       1    1074      2 |   22.30        0.00
GET      /api/audio/levels                                                               3728     0(0.00%) |     21       1    1145      3 |   22.20        0.00
GET      /api/audio/levels (during plugin swap)                                           948     0(0.00%) |     20       1    1056      3 |    5.90        0.00
GET      /api/audio/levels/plugins                                                        948     0(0.00%) |      4       1    1053      2 |    5.90        0.00
GET      /api/audio/status                                                               2772     0(0.00%) |      3       1      56      2 |   17.00        0.00
GET      /api/chains/                                                                      65     0(0.00%) |     11       1     120      4 |    0.00        0.00
GET      /api/chains/{id}                                                                2772     0(0.00%) |     19       1    1056      3 |   17.00        0.00
POST     /api/chains/{id}/activate                                                       2772     0(0.00%) |      5       1     103      3 |   17.00        0.00
POST     /api/chains/{id}/deactivate                                                     2772     0(0.00%) |      3       1    1076      2 |   17.00        0.00
POST     /api/plugins/batch/parameters (500 updates)                                     1821     0(0.00%) |     26       2    1083      5 |    9.20        0.00
GET      /api/plugins/discover                                                             65     0(0.00%) |     17      10      39     13 |    0.00        0.00
GET      /api/plugins/list                                                                 65     0(0.00%) |      6       1      56      3 |    0.00        0.00
POST     /api/plugins/load?uri                                                            948     0(0.00%) |      4       1      28      3 |    5.90        0.00
POST     /api/plugins/unload?uri                                                          948     0(0.00%) |      4       1    1052      2 |    5.90        0.00
--------|----------------------------------------------------------------------------|-------|-------------|-------|-------|-------|-------|--------|-----------
         Aggregated                                                                     24352     0(0.00%) |     10       1    1145      2 |  145.30        0.00

Type     Name                                                                          # reqs      # fails |    Avg     Min     Max    Med |   req/s  failures/s
--------|----------------------------------------------------------------------------|-------|-------------|-------|-------|-------|-------|--------|-----------
GET      /api/audio/latency                                                              3772     0(0.00%) |      4       1    1074      2 |   23.30        0.00
GET      /api/audio/levels                                                               3772     0(0.00%) |     21       1    1145      3 |   23.30        0.00
GET      /api/audio/levels (during plugin swap)                                           966     0(0.00%) |     20       1    1056      3 |    5.60        0.00
GET      /api/audio/levels/plugins                                                        965     0(0.00%) |      4       1    1053      2 |    5.60        0.00
GET      /api/audio/status                                                               2811     0(0.00%) |      3       1      56      2 |   16.10        0.00
GET      /api/chains/                                                                      65     0(0.00%) |     11       1     120      4 |    0.00        0.00
GET      /api/chains/{id}                                                                2811     0(0.00%) |     19       1    1056      3 |   16.10        0.00
POST     /api/chains/{id}/activate                                                       2811     0(0.00%) |      5       1     103      3 |   16.10        0.00
POST     /api/chains/{id}/deactivate                                                     2811     0(0.00%) |      3       1    1076      2 |   16.10        0.00
POST     /api/plugins/batch/parameters (500 updates)                                     1837     0(0.00%) |     26       2    1083      5 |    9.50        0.00
GET      /api/plugins/discover                                                             65     0(0.00%) |     17      10      39     13 |    0.00        0.00
GET      /api/plugins/list                                                                 65     0(0.00%) |      6       1      56      3 |    0.00        0.00
POST     /api/plugins/load?uri                                                            966     0(0.00%) |      4       1      28      3 |    5.60        0.00
POST     /api/plugins/unload?uri                                                          965     0(0.00%) |      4       1    1052      2 |    5.60        0.00
--------|----------------------------------------------------------------------------|-------|-------------|-------|-------|-------|-------|--------|-----------
         Aggregated                                                                     24682     0(0.00%) |     10       1    1145      2 |  142.90        0.00

Type     Name                                                                          # reqs      # fails |    Avg     Min     Max    Med |   req/s  failures/s
--------|----------------------------------------------------------------------------|-------|-------------|-------|-------|-------|-------|--------|-----------
GET      /api/audio/latency                                                              3802     0(0.00%) |      4       1    1074      2 |   21.70        0.00
GET      /api/audio/levels                                                               3802     0(0.00%) |     22       1    1145      3 |   21.70        0.00
GET      /api/audio/levels (during plugin swap)                                           972     0(0.00%) |     20       1    1056      3 |    6.00        0.00
GET      /api/audio/levels/plugins                                                        972     0(0.00%) |      4       1    1053      2 |    6.00        0.00
GET      /api/audio/status                                                               2826     0(0.00%) |      3       1      56      2 |   16.70        0.00
GET      /api/chains/                                                                      65     0(0.00%) |     11       1     120      4 |    0.00        0.00
GET      /api/chains/{id}                                                                2826     0(0.00%) |     20       1    1056      3 |   16.70        0.00
POST     /api/chains/{id}/activate                                                       2826     0(0.00%) |      5       1     103      3 |   16.70        0.00
POST     /api/chains/{id}/deactivate                                                     2826     0(0.00%) |      3       1    1076      2 |   16.70        0.00
POST     /api/plugins/batch/parameters (500 updates)                                     1852     0(0.00%) |     27       2    1083      5 |   10.00        0.00
GET      /api/plugins/discover                                                             65     0(0.00%) |     17      10      39     13 |    0.00        0.00
GET      /api/plugins/list                                                                 65     0(0.00%) |      6       1      56      3 |    0.00        0.00
POST     /api/plugins/load?uri                                                            972     0(0.00%) |      4       1      28      3 |    6.00        0.00
POST     /api/plugins/unload?uri                                                          972     0(0.00%) |      4       1    1052      2 |    6.00        0.00
--------|----------------------------------------------------------------------------|-------|-------------|-------|-------|-------|-------|--------|-----------
         Aggregated                                                                     24843     0(0.00%) |     11       1    1145      2 |  144.20        0.00

Type     Name                                                                          # reqs      # fails |    Avg     Min     Max    Med |   req/s  failures/s
--------|----------------------------------------------------------------------------|-------|-------------|-------|-------|-------|-------|--------|-----------
GET      /api/audio/latency                                                              3858     0(0.00%) |      4       1    1074      2 |   22.10        0.00
GET      /api/audio/levels                                                               3858     0(0.00%) |     21       1    1145      3 |   22.10        0.00
GET      /api/audio/levels (during plugin swap)                                           981     0(0.00%) |     20       1    1056      3 |    6.50        0.00
GET      /api/audio/levels/plugins                                                        981     0(0.00%) |      4       1    1053      2 |    6.60        0.00
GET      /api/audio/status                                                               2866     0(0.00%) |      3       1      56      2 |   16.50        0.00
GET      /api/chains/                                                                      65     0(0.00%) |     11       1     120      4 |    0.00        0.00
GET      /api/chains/{id}                                                                2866     0(0.00%) |     20       1    1056      3 |   16.40        0.00
POST     /api/chains/{id}/activate                                                       2866     0(0.00%) |      5       1     103      3 |   16.40        0.00
POST     /api/chains/{id}/deactivate                                                     2866     0(0.00%) |      3       1    1076      2 |   16.50        0.00
POST     /api/plugins/batch/parameters (500 updates)                                     1874     0(0.00%) |     27       2    1083      5 |    9.90        0.00
GET      /api/plugins/discover                                                             65     0(0.00%) |     17      10      39     13 |    0.00        0.00
GET      /api/plugins/list                                                                 65     0(0.00%) |      6       1      56      3 |    0.00        0.00
POST     /api/plugins/load?uri                                                            981     0(0.00%) |      4       1      43      3 |    6.50        0.00
POST     /api/plugins/unload?uri                                                          981     0(0.00%) |      4       1    1052      2 |    6.60        0.00
--------|----------------------------------------------------------------------------|-------|-------------|-------|-------|-------|-------|--------|-----------
         Aggregated                                                                     25173     0(0.00%) |     11       1    1145      2 |  146.10        0.00

Type     Name                                                                          # reqs      # fails |    Avg     Min     Max    Med |   req/s  failures/s
--------|----------------------------------------------------------------------------|-------|-------------|-------|-------|-------|-------|--------|-----------
GET      /api/audio/latency                                                              3902     0(0.00%) |      4       1    1074      2 |   22.60        0.00
GET      /api/audio/levels                                                               3902     0(0.00%) |     21       1    1145      3 |   22.60        0.00
GET      /api/audio/levels (during plugin swap)                                           991     0(0.00%) |     20       1    1056      3 |    5.60        0.00
GET      /api/audio/levels/plugins                                                        991     0(0.00%) |      4       1    1053      2 |    5.60        0.00
GET      /api/audio/status                                                               2902     0(0.00%) |      3       1      56      2 |   16.60        0.00
GET      /api/chains/                                                                      65     0(0.00%) |     11       1     120      4 |    0.00        0.00
GET      /api/chains/{id}                                                                2902     0(0.00%) |     20       1    1056      3 |   16.60        0.00
POST     /api/chains/{id}/activate                                                       2902     0(0.00%) |      5       1     103      3 |   16.60        0.00
POST     /api/chains/{id}/deactivate                                                     2902     0(0.00%) |      3       1    1076      2 |   16.60        0.00
POST     /api/plugins/batch/parameters (500 updates)                                     1907     0(0.00%) |     27       2    1083      5 |   10.30        0.00
GET      /api/plugins/discover                                                             65     0(0.00%) |     17      10      39     13 |    0.00        0.00
GET      /api/plugins/list                                                                 65     0(0.00%) |      6       1      56      3 |    0.00        0.00
POST     /api/plugins/load?uri                                                            991     0(0.00%) |      4       1      43      3 |    5.60        0.00
POST     /api/plugins/unload?uri                                                          991     0(0.00%) |      4       1    1052      2 |    5.60        0.00
--------|----------------------------------------------------------------------------|-------|-------------|-------|-------|-------|-------|--------|-----------
         Aggregated                                                                     25478     0(0.00%) |     11       1    1145      2 |  144.30        0.00

Type     Name                                                                          # reqs      # fails |    Avg     Min     Max    Med |   req/s  failures/s
--------|----------------------------------------------------------------------------|-------|-------------|-------|-------|-------|-------|--------|-----------
GET      /api/audio/latency                                                              3952     0(0.00%) |      4       1    1074      2 |   22.40        0.00
GET      /api/audio/levels                                                               3952     0(0.00%) |     21       1    1145      3 |   22.40        0.00
GET      /api/audio/levels (during plugin swap)                                          1004     0(0.00%) |     19       1    1056      3 |    5.70        0.00
GET      /api/audio/levels/plugins                                                       1004     0(0.00%) |      4       1    1053      2 |    5.70        0.00
GET      /api/audio/status                                                               2938     0(0.00%) |      3       1      56      2 |   16.40        0.00
GET      /api/chains/                                                                      65     0(0.00%) |     11       1     120      4 |    0.00        0.00
GET      /api/chains/{id}                                                                2938     0(0.00%) |     19       1    1056      3 |   16.40        0.00
POST     /api/chains/{id}/activate                                                       2938     0(0.00%) |      5       1     103      3 |   16.40        0.00
POST     /api/chains/{id}/deactivate                                                     2938     0(0.00%) |      3       1    1076      2 |   16.40        0.00
POST     /api/plugins/batch/parameters (500 updates)                                     1931     0(0.00%) |     27       2    1083      5 |   10.40        0.00
GET      /api/plugins/discover                                                             65     0(0.00%) |     17      10      39     13 |    0.00        0.00
GET      /api/plugins/list                                                                 65     0(0.00%) |      6       1      56      3 |    0.00        0.00
POST     /api/plugins/load?uri                                                           1004     0(0.00%) |      4       1      43      3 |    5.70        0.00
POST     /api/plugins/unload?uri                                                         1004     0(0.00%) |      4       1    1052      2 |    5.70        0.00
--------|----------------------------------------------------------------------------|-------|-------------|-------|-------|-------|-------|--------|-----------
         Aggregated                                                                     25798     0(0.00%) |     11       1    1145      2 |  143.60        0.00

Type     Name                                                                          # reqs      # fails |    Avg     Min     Max    Med |   req/s  failures/s
--------|----------------------------------------------------------------------------|-------|-------------|-------|-------|-------|-------|--------|-----------
GET      /api/audio/latency                                                              4005     0(0.00%) |      4       1    1074      2 |   22.10        0.00
GET      /api/audio/levels                                                               4005     0(0.00%) |     21       1    1145      3 |   22.10        0.00
GET      /api/audio/levels (during plugin swap)                                          1016     0(0.00%) |     19       1    1056      3 |    5.60        0.00
GET      /api/audio/levels/plugins                                                       1015     0(0.00%) |      4       1    1053      2 |    5.60        0.00
GET      /api/audio/status                                                               2967     0(0.00%) |      3       1      56      2 |   16.60        0.00
GET      /api/chains/                                                                      65     0(0.00%) |     11       1     120      4 |    0.00        0.00
GET      /api/chains/{id}                                                                2968     0(0.00%) |     19       1    1056      3 |   16.60        0.00
POST     /api/chains/{id}/activate                                                       2967     0(0.00%) |      5       1     103      3 |   16.60        0.00
POST     /api/chains/{id}/deactivate                                                     2967     0(0.00%) |      3       1    1076      2 |   16.60        0.00
POST     /api/plugins/batch/parameters (500 updates)                                     1956     0(0.00%) |     26       2    1083      5 |   11.20        0.00
GET      /api/plugins/discover                                                             65     0(0.00%) |     17      10      39     13 |    0.00        0.00
GET      /api/plugins/list                                                                 65     0(0.00%) |      6       1      56      3 |    0.00        0.00
POST     /api/plugins/load?uri                                                           1016     0(0.00%) |      4       1      43      3 |    5.60        0.00
POST     /api/plugins/unload?uri                                                         1015     0(0.00%) |      4       1    1052      2 |    5.60        0.00
--------|----------------------------------------------------------------------------|-------|-------------|-------|-------|-------|-------|--------|-----------
         Aggregated                                                                     26092     0(0.00%) |     10       1    1145      2 |  144.20        0.00

Type     Name                                                                          # reqs      # fails |    Avg     Min     Max    Med |   req/s  failures/s
--------|----------------------------------------------------------------------------|-------|-------------|-------|-------|-------|-------|--------|-----------
GET      /api/audio/latency                                                              4052     0(0.00%) |      4       1    1074      2 |   23.40        0.00
GET      /api/audio/levels                                                               4052     0(0.00%) |     21       1    1145      3 |   23.40        0.00
GET      /api/audio/levels (during plugin swap)                                          1020     0(0.00%) |     19       1    1056      3 |    4.90        0.00
GET      /api/audio/levels/plugins                                                       1020     0(0.00%) |      4       1    1053      2 |    4.90        0.00
GET      /api/audio/status                                                               3001     0(0.00%) |      3       1      56      2 |   15.50        0.00
GET      /api/chains/                                                                      65     0(0.00%) |     11       1     120      4 |    0.00        0.00
GET      /api/chains/{id}                                                                3002     0(0.00%) |     19       1    1056      3 |   15.60        0.00
POST     /api/chains/{id}/activate                                                       3001     0(0.00%) |      5       1     103      3 |   15.60        0.00
POST     /api/chains/{id}/deactivate                                                     3001     0(0.00%) |      3       1    1076      2 |   15.50        0.00
POST     /api/plugins/batch/parameters (500 updates)                                     1971     0(0.00%) |     26       2    1083      5 |   11.40        0.00
GET      /api/plugins/discover                                                             65     0(0.00%) |     17      10      39     13 |    0.00        0.00
GET      /api/plugins/list                                                                 65     0(0.00%) |      6       1      56      3 |    0.00        0.00
POST     /api/plugins/load?uri                                                           1020     0(0.00%) |      4       1      43      3 |    4.90        0.00
POST     /api/plugins/unload?uri                                                         1020     0(0.00%) |      4       1    1052      2 |    4.90        0.00
--------|----------------------------------------------------------------------------|-------|-------------|-------|-------|-------|-------|--------|-----------
         Aggregated                                                                     26355     0(0.00%) |     10       1    1145      2 |  140.00        0.00

Type     Name                                                                          # reqs      # fails |    Avg     Min     Max    Med |   req/s  failures/s
--------|----------------------------------------------------------------------------|-------|-------------|-------|-------|-------|-------|--------|-----------
GET      /api/audio/latency                                                              4093     0(0.00%) |      4       1    1074      2 |   25.80        0.00
GET      /api/audio/levels                                                               4093     0(0.00%) |     21       1    1145      3 |   25.90        0.00
GET      /api/audio/levels (during plugin swap)                                          1022     0(0.00%) |     19       1    1056      3 |    4.80        0.00
GET      /api/audio/levels/plugins                                                       1022     0(0.00%) |      4       1    1053      2 |    4.80        0.00
GET      /api/audio/status                                                               3026     0(0.00%) |      3       1      56      2 |   18.00        0.00
GET      /api/chains/                                                                      65     0(0.00%) |     11       1     120      4 |    0.00        0.00
GET      /api/chains/{id}                                                                3026     0(0.00%) |     20       1    1056      3 |   18.00        0.00
POST     /api/chains/{id}/activate                                                       3026     0(0.00%) |      5       1    1069      3 |   18.00        0.00
POST     /api/chains/{id}/deactivate                                                     3026     0(0.00%) |      3       1    1076      2 |   18.00        0.00
POST     /api/plugins/batch/parameters (500 updates)                                     1989     0(0.00%) |     27       2    1083      5 |   12.40        0.00
GET      /api/plugins/discover                                                             65     0(0.00%) |     17      10      39     13 |    0.00        0.00
GET      /api/plugins/list                                                                 65     0(0.00%) |      6       1      56      3 |    0.00        0.00
POST     /api/plugins/load?uri                                                           1022     0(0.00%) |      4       1      43      3 |    4.80        0.00
POST     /api/plugins/unload?uri                                                         1022     0(0.00%) |      4       1    1052      2 |    4.80        0.00
--------|----------------------------------------------------------------------------|-------|-------------|-------|-------|-------|-------|--------|-----------
         Aggregated                                                                     26562     0(0.00%) |     11       1    1145      2 |  155.30        0.00

Type     Name                                                                          # reqs      # fails |    Avg     Min     Max    Med |   req/s  failures/s
--------|----------------------------------------------------------------------------|-------|-------------|-------|-------|-------|-------|--------|-----------
GET      /api/audio/latency                                                              4143     0(0.00%) |      4       1    1074      2 |   22.90        0.00
GET      /api/audio/levels                                                               4143     0(0.00%) |     21       1    1145      3 |   22.90        0.00
GET      /api/audio/levels (during plugin swap)                                          1028     0(0.00%) |     19       1    1056      3 |    4.30        0.00
GET      /api/audio/levels/plugins                                                       1028     0(0.00%) |      4       1    1053      2 |    4.30        0.00
GET      /api/audio/status                                                               3060     0(0.00%) |      3       1      56      2 |   16.00        0.00
GET      /api/chains/                                                                      65     0(0.00%) |     11       1     120      4 |    0.00        0.00
GET      /api/chains/{id}                                                                3060     0(0.00%) |     20       1    1056      3 |   16.00        0.00
POST     /api/chains/{id}/activate                                                       3060     0(0.00%) |      5       1    1069      3 |   16.00        0.00
POST     /api/chains/{id}/deactivate                                                     3060     0(0.00%) |      3       1    1076      2 |   16.00        0.00
POST     /api/plugins/batch/parameters (500 updates)                                     2015     0(0.00%) |     27       2    1083      5 |   11.40        0.00
GET      /api/plugins/discover                                                             65     0(0.00%) |     17      10      39     13 |    0.00        0.00
GET      /api/plugins/list                                                                 65     0(0.00%) |      6       1      56      3 |    0.00        0.00
POST     /api/plugins/load?uri                                                           1028     0(0.00%) |      4       1      43      3 |    4.30        0.00
POST     /api/plugins/unload?uri                                                         1028     0(0.00%) |      4       1    1052      2 |    4.30        0.00
--------|----------------------------------------------------------------------------|-------|-------------|-------|-------|-------|-------|--------|-----------
         Aggregated                                                                     26848     0(0.00%) |     11       1    1145      2 |  138.40        0.00

Type     Name                                                                          # reqs      # fails |    Avg     Min     Max    Med |   req/s  failures/s
--------|----------------------------------------------------------------------------|-------|-------------|-------|-------|-------|-------|--------|-----------
GET      /api/audio/latency                                                              4193     0(0.00%) |      4       1    1074      2 |   24.00        0.00
GET      /api/audio/levels                                                               4193     0(0.00%) |     21       1    1145      3 |   24.00        0.00
GET      /api/audio/levels (during plugin swap)                                          1039     0(0.00%) |     19       1    1056      3 |    3.90        0.00
GET      /api/audio/levels/plugins                                                       1039     0(0.00%) |      4       1    1053      2 |    3.90        0.00
GET      /api/audio/status                                                               3095     0(0.00%) |      3       1      56      2 |   15.90        0.00
GET      /api/chains/                                                                      65     0(0.00%) |     11       1     120      4 |    0.00        0.00
GET      /api/chains/{id}                                                                3095     0(0.00%) |     20       1    1056      3 |   15.90        0.00
POST     /api/chains/{id}/activate                                                       3095     0(0.00%) |      5       1    1069      3 |   15.90        0.00
POST     /api/chains/{id}/deactivate                                                     3095     0(0.00%) |      3       1    1076      2 |   15.90        0.00
POST     /api/plugins/batch/parameters (500 updates)                                     2037     0(0.00%) |     27       2    1083      5 |   11.10        0.00
GET      /api/plugins/discover                                                             65     0(0.00%) |     17      10      39     13 |    0.00        0.00
GET      /api/plugins/list                                                                 65     0(0.00%) |      6       1      56      3 |    0.00        0.00
POST     /api/plugins/load?uri                                                           1039     0(0.00%) |      4       1      43      3 |    3.90        0.00
POST     /api/plugins/unload?uri                                                         1039     0(0.00%) |      4       1    1052      2 |    3.90        0.00
--------|----------------------------------------------------------------------------|-------|-------------|-------|-------|-------|-------|--------|-----------
         Aggregated                                                                     27154     0(0.00%) |     11       1    1145      2 |  138.30        0.00

Type     Name                                                                          # reqs      # fails |    Avg     Min     Max    Med |   req/s  failures/s
--------|----------------------------------------------------------------------------|-------|-------------|-------|-------|-------|-------|--------|-----------
GET      /api/audio/latency                                                              4235     0(0.00%) |      4       1    1074      2 |   24.20        0.00
GET      /api/audio/levels                                                               4235     0(0.00%) |     21       1    1145      3 |   24.20        0.00
GET      /api/audio/levels (during plugin swap)                                          1053     0(0.00%) |     19       1    1056      3 |    3.40        0.00
GET      /api/audio/levels/plugins                                                       1053     0(0.00%) |      4       1    1053      2 |    3.40        0.00
GET      /api/audio/status                                                               3134     0(0.00%) |      3       1      56      2 |   15.60        0.00
GET      /api/chains/                                                                      65     0(0.00%) |     11       1     120      4 |    0.00        0.00
GET      /api/chains/{id}                                                                3134     0(0.00%) |     19       1    1056      3 |   15.60        0.00
POST     /api/chains/{id}/activate                                                       3134     0(0.00%) |      5       1    1069      3 |   15.60        0.00
POST     /api/chains/{id}/deactivate                                                     3134     0(0.00%) |      3       1    1076      2 |   15.60        0.00
POST     /api/plugins/batch/parameters (500 updates)                                     2062     0(0.00%) |     27       2    1083      5 |   10.70        0.00
GET      /api/plugins/discover                                                             65     0(0.00%) |     17      10      39     13 |    0.00        0.00
GET      /api/plugins/list                                                                 65     0(0.00%) |      6       1      56      3 |    0.00        0.00
POST     /api/plugins/load?uri                                                           1053     0(0.00%) |      4       1      43      3 |    3.40        0.00
POST     /api/plugins/unload?uri                                                         1053     0(0.00%) |      4       1    1052      2 |    3.40        0.00
--------|----------------------------------------------------------------------------|-------|-------------|-------|-------|-------|-------|--------|-----------
         Aggregated                                                                     27475     0(0.00%) |     10       1    1145      2 |  135.10        0.00

Type     Name                                                                          # reqs      # fails |    Avg     Min     Max    Med |   req/s  failures/s
--------|----------------------------------------------------------------------------|-------|-------------|-------|-------|-------|-------|--------|-----------
GET      /api/audio/latency                                                              4286     0(0.00%) |      4       1    1074      2 |   23.60        0.00
GET      /api/audio/levels                                                               4286     0(0.00%) |     20       1    1145      3 |   23.60        0.00
GET      /api/audio/levels (during plugin swap)                                          1066     0(0.00%) |     19       1    1056      3 |    3.60        0.00
GET      /api/audio/levels/plugins                                                       1066     0(0.00%) |      4       1    1053      2 |    3.60        0.00
GET      /api/audio/status                                                               3173     0(0.00%) |      3       1      56      2 |   16.60        0.00
GET      /api/chains/                                                                      65     0(0.00%) |     11       1     120      4 |    0.00        0.00
GET      /api/chains/{id}                                                                3173     0(0.00%) |     19       1    1056      3 |   16.60        0.00
POST     /api/chains/{id}/activate                                                       3173     0(0.00%) |      5       1    1069      3 |   16.50        0.00
POST     /api/chains/{id}/deactivate                                                     3173     0(0.00%) |      3       1    1076      2 |   16.60        0.00
POST     /api/plugins/batch/parameters (500 updates)                                     2080     0(0.00%) |     27       2    1083      5 |   10.30        0.00
GET      /api/plugins/discover                                                             65     0(0.00%) |     17      10      39     13 |    0.00        0.00
GET      /api/plugins/list                                                                 65     0(0.00%) |      6       1      56      3 |    0.00        0.00
POST     /api/plugins/load?uri                                                           1066     0(0.00%) |      4       1      43      3 |    3.60        0.00
POST     /api/plugins/unload?uri                                                         1066     0(0.00%) |      4       1    1052      2 |    3.60        0.00
--------|----------------------------------------------------------------------------|-------|-------------|-------|-------|-------|-------|--------|-----------
         Aggregated                                                                     27803     0(0.00%) |     10       1    1145      2 |  138.20        0.00

Type     Name                                                                          # reqs      # fails |    Avg     Min     Max    Med |   req/s  failures/s
--------|----------------------------------------------------------------------------|-------|-------------|-------|-------|-------|-------|--------|-----------
GET      /api/audio/latency                                                              4314     0(0.00%) |      4       1    1074      2 |   22.30        0.00
GET      /api/audio/levels                                                               4315     0(0.00%) |     21       1    1145      3 |   22.20        0.00
GET      /api/audio/levels (during plugin swap)                                          1073     0(0.00%) |     19       1    1056      3 |    4.40        0.00
GET      /api/audio/levels/plugins                                                       1073     0(0.00%) |      4       1    1053      2 |    4.40        0.00
GET      /api/audio/status                                                               3191     0(0.00%) |      3       1      56      2 |   16.60        0.00
GET      /api/chains/                                                                      65     0(0.00%) |     11       1     120      4 |    0.00        0.00
GET      /api/chains/{id}                                                                3191     0(0.00%) |     20       1    1056      3 |   16.60        0.00
POST     /api/chains/{id}/activate                                                       3191     0(0.00%) |      5       1    1069      3 |   16.60        0.00
POST     /api/chains/{id}/deactivate                                                     3191     0(0.00%) |      3       1    1076      2 |   16.60        0.00
POST     /api/plugins/batch/parameters (500 updates)                                     2092     0(0.00%) |     27       2    1083      5 |   10.50        0.00
GET      /api/plugins/discover                                                             65     0(0.00%) |     17      10      39     13 |    0.00        0.00
GET      /api/plugins/list                                                                 65     0(0.00%) |      6       1      56      3 |    0.00        0.00
POST     /api/plugins/load?uri                                                           1073     0(0.00%) |      4       1      43      3 |    4.40        0.00
POST     /api/plugins/unload?uri                                                         1073     0(0.00%) |      4       1    1052      2 |    4.40        0.00
--------|----------------------------------------------------------------------------|-------|-------------|-------|-------|-------|-------|--------|-----------
         Aggregated                                                                     27972     0(0.00%) |     11       1    1145      2 |  139.00        0.00

Type     Name                                                                          # reqs      # fails |    Avg     Min     Max    Med |   req/s  failures/s
--------|----------------------------------------------------------------------------|-------|-------------|-------|-------|-------|-------|--------|-----------
GET      /api/audio/latency                                                              4366     0(0.00%) |      4       1    1074      2 |   22.70        0.00
GET      /api/audio/levels                                                               4366     0(0.00%) |     21       1    1145      3 |   22.70        0.00
GET      /api/audio/levels (during plugin swap)                                          1086     0(0.00%) |     19       1    1056      3 |    4.90        0.00
GET      /api/audio/levels/plugins                                                       1086     0(0.00%) |      4       1    1053      2 |    4.90        0.00
GET      /api/audio/status                                                               3219     0(0.00%) |      3       1      56      2 |   16.50        0.00
GET      /api/chains/                                                                      65     0(0.00%) |     11       1     120      4 |    0.00        0.00
GET      /api/chains/{id}                                                                3219     0(0.00%) |     20       1    1056      3 |   16.50        0.00
POST     /api/chains/{id}/activate                                                       3219     0(0.00%) |      5       1    1069      3 |   16.50        0.00
POST     /api/chains/{id}/deactivate                                                     3219     0(0.00%) |      3       1    1076      2 |   16.50        0.00
POST     /api/plugins/batch/parameters (500 updates)                                     2124     0(0.00%) |     27       2    1083      5 |   10.30        0.00
GET      /api/plugins/discover                                                             65     0(0.00%) |     17      10      39     13 |    0.00        0.00
GET      /api/plugins/list                                                                 65     0(0.00%) |      6       1      56      3 |    0.00        0.00
POST     /api/plugins/load?uri                                                           1086     0(0.00%) |      4       1      43      3 |    4.90        0.00
POST     /api/plugins/unload?uri                                                         1086     0(0.00%) |      4       1    1052      2 |    4.90        0.00
--------|----------------------------------------------------------------------------|-------|-------------|-------|-------|-------|-------|--------|-----------
         Aggregated                                                                     28271     0(0.00%) |     11       1    1145      2 |  141.30        0.00

Type     Name                                                                          # reqs      # fails |    Avg     Min     Max    Med |   req/s  failures/s
--------|----------------------------------------------------------------------------|-------|-------------|-------|-------|-------|-------|--------|-----------
GET      /api/audio/latency                                                              4419     0(0.00%) |      4       1    1074      2 |   22.30        0.00
GET      /api/audio/levels                                                               4420     0(0.00%) |     21       1    1145      3 |   22.30        0.00
GET      /api/audio/levels (during plugin swap)                                          1104     0(0.00%) |     19       1    1056      3 |    5.50        0.00
GET      /api/audio/levels/plugins                                                       1104     0(0.00%) |      4       1    1053      2 |    5.50        0.00
GET      /api/audio/status                                                               3251     0(0.00%) |      3       1      56      2 |   15.70        0.00
GET      /api/chains/                                                                      65     0(0.00%) |     11       1     120      4 |    0.00        0.00
GET      /api/chains/{id}                                                                3251     0(0.00%) |     19       1    1056      3 |   15.70        0.00
POST     /api/chains/{id}/activate                                                       3251     0(0.00%) |      5       1    1069      3 |   15.70        0.00
POST     /api/chains/{id}/deactivate                                                     3251     0(0.00%) |      3       1    1076      2 |   15.70        0.00
POST     /api/plugins/batch/parameters (500 updates)                                     2148     0(0.00%) |     27       2    1083      5 |   10.80        0.00
GET      /api/plugins/discover                                                             65     0(0.00%) |     17      10      39     13 |    0.00        0.00
GET      /api/plugins/list                                                                 65     0(0.00%) |      6       1      56      3 |    0.00        0.00
POST     /api/plugins/load?uri                                                           1104     0(0.00%) |      4       1      52      3 |    5.50        0.00
POST     /api/plugins/unload?uri                                                         1104     0(0.00%) |      4       1    1052      2 |    5.50        0.00
--------|----------------------------------------------------------------------------|-------|-------------|-------|-------|-------|-------|--------|-----------
         Aggregated                                                                     28602     0(0.00%) |     11       1    1145      2 |  140.20        0.00

Type     Name                                                                          # reqs      # fails |    Avg     Min     Max    Med |   req/s  failures/s
--------|----------------------------------------------------------------------------|-------|-------------|-------|-------|-------|-------|--------|-----------
GET      /api/audio/latency                                                              4471     0(0.00%) |      4       1    1074      2 |   22.20        0.00
GET      /api/audio/levels                                                               4471     0(0.00%) |     21       1    1145      3 |   22.20        0.00
GET      /api/audio/levels (during plugin swap)                                          1121     0(0.00%) |     19       1    1056      3 |    6.60        0.00
GET      /api/audio/levels/plugins                                                       1121     0(0.00%) |      4       1    1053      2 |    6.60        0.00
GET      /api/audio/status                                                               3280     0(0.00%) |      3       1      56      2 |   15.40        0.00
GET      /api/chains/                                                                      65     0(0.00%) |     11       1     120      4 |    0.00        0.00
GET      /api/chains/{id}                                                                3281     0(0.00%) |     19       1    1056      3 |   15.40        0.00
POST     /api/chains/{id}/activate                                                       3281     0(0.00%) |      5       1    1069      3 |   15.40        0.00
POST     /api/chains/{id}/deactivate                                                     3280     0(0.00%) |      3       1    1076      2 |   15.40        0.00
POST     /api/plugins/batch/parameters (500 updates)                                     2174     0(0.00%) |     27       2    1083      5 |   11.20        0.00
GET      /api/plugins/discover                                                             65     0(0.00%) |     17      10      39     13 |    0.00        0.00
GET      /api/plugins/list                                                                 65     0(0.00%) |      6       1      56      3 |    0.00        0.00
POST     /api/plugins/load?uri                                                           1121     0(0.00%) |      4       1      52      3 |    6.60        0.00
POST     /api/plugins/unload?uri                                                         1121     0(0.00%) |      4       1    1052      2 |    6.60        0.00
--------|----------------------------------------------------------------------------|-------|-------------|-------|-------|-------|-------|--------|-----------
         Aggregated                                                                     28917     0(0.00%) |     11       1    1145      2 |  143.60        0.00

Type     Name                                                                          # reqs      # fails |    Avg     Min     Max    Med |   req/s  failures/s
--------|----------------------------------------------------------------------------|-------|-------------|-------|-------|-------|-------|--------|-----------
GET      /api/audio/latency                                                              4516     0(0.00%) |      4       1    1074      2 |   23.00        0.00
GET      /api/audio/levels                                                               4516     0(0.00%) |     21       1    1145      3 |   23.00        0.00
GET      /api/audio/levels (during plugin swap)                                          1130     0(0.00%) |     19       1    1056      3 |    7.10        0.00
GET      /api/audio/levels/plugins                                                       1130     0(0.00%) |      4       1    1053      2 |    7.10        0.00
GET      /api/audio/status                                                               3304     0(0.00%) |      3       1     261      2 |   14.80        0.00
GET      /api/chains/                                                                      65     0(0.00%) |     11       1     120      4 |    0.00        0.00
GET      /api/chains/{id}                                                                3304     0(0.00%) |     19       1    1056      3 |   14.70        0.00
POST     /api/chains/{id}/activate                                                       3304     0(0.00%) |      5       1    1069      3 |   14.80        0.00
POST     /api/chains/{id}/deactivate                                                     3304     0(0.00%) |      3       1    1076      2 |   14.80        0.00
POST     /api/plugins/batch/parameters (500 updates)                                     2201     0(0.00%) |     27       2    1083      5 |   11.60        0.00
GET      /api/plugins/discover                                                             65     0(0.00%) |     17      10      39     13 |    0.00        0.00
GET      /api/plugins/list                                                                 65     0(0.00%) |      6       1      56      3 |    0.00        0.00
POST     /api/plugins/load?uri                                                           1130     0(0.00%) |      4       1      52      3 |    7.10        0.00
POST     /api/plugins/unload?uri                                                         1130     0(0.00%) |      4       1    1052      2 |    7.10        0.00
--------|----------------------------------------------------------------------------|-------|-------------|-------|-------|-------|-------|--------|-----------
         Aggregated                                                                     29164     0(0.00%) |     11       1    1145      2 |  145.10        0.00

Type     Name                                                                          # reqs      # fails |    Avg     Min     Max    Med |   req/s  failures/s
--------|----------------------------------------------------------------------------|-------|-------------|-------|-------|-------|-------|--------|-----------
GET      /api/audio/latency                                                              4560     0(0.00%) |      4       1    1074      2 |   23.30        0.00
GET      /api/audio/levels                                                               4560     0(0.00%) |     21       1    1145      3 |   23.30        0.00
GET      /api/audio/levels (during plugin swap)                                          1137     0(0.00%) |     19       1    1056      3 |    6.40        0.00
GET      /api/audio/levels/plugins                                                       1137     0(0.00%) |      4       1    1053      2 |    6.40        0.00
GET      /api/audio/status                                                               3332     0(0.00%) |      3       1     261      2 |   13.50        0.00
GET      /api/chains/                                                                      65     0(0.00%) |     11       1     120      4 |    0.00        0.00
GET      /api/chains/{id}                                                                3332     0(0.00%) |     19       1    1056      3 |   13.50        0.00
POST     /api/chains/{id}/activate                                                       3332     0(0.00%) |      5       1    1069      3 |   13.50        0.00
POST     /api/chains/{id}/deactivate                                                     3332     0(0.00%) |      3       1    1076      2 |   13.50        0.00
POST     /api/plugins/batch/parameters (500 updates)                                     2222     0(0.00%) |     26       2    1083      5 |   11.70        0.00
GET      /api/plugins/discover                                                             65     0(0.00%) |     17      10      39     13 |    0.00        0.00
GET      /api/plugins/list                                                                 65     0(0.00%) |      6       1      56      3 |    0.00        0.00
POST     /api/plugins/load?uri                                                           1137     0(0.00%) |      4       1      52      3 |    6.40        0.00
POST     /api/plugins/unload?uri                                                         1137     0(0.00%) |      4       1    1052      2 |    6.40        0.00
--------|----------------------------------------------------------------------------|-------|-------------|-------|-------|-------|-------|--------|-----------
         Aggregated                                                                     29413     0(0.00%) |     10       1    1145      2 |  137.90        0.00

Type     Name                                                                          # reqs      # fails |    Avg     Min     Max    Med |   req/s  failures/s
--------|----------------------------------------------------------------------------|-------|-------------|-------|-------|-------|-------|--------|-----------
GET      /api/audio/latency                                                              4597     0(0.00%) |      4       1    1074      2 |   25.40        0.00
GET      /api/audio/levels                                                               4598     0(0.00%) |     22       1    1145      3 |   25.40        0.00
GET      /api/audio/levels (during plugin swap)                                          1148     0(0.00%) |     20       1    1056      3 |    6.60        0.00
GET      /api/audio/levels/plugins                                                       1148     0(0.00%) |      4       1    1053      2 |    6.60        0.00
GET      /api/audio/status                                                               3355     0(0.00%) |      3       1     261      2 |   14.60        0.00
GET      /api/chains/                                                                      65     0(0.00%) |     11       1     120      4 |    0.00        0.00
GET      /api/chains/{id}                                                                3355     0(0.00%) |     20       1    1056      3 |   14.60        0.00
POST     /api/chains/{id}/activate                                                       3355     0(0.00%) |      5       1    1069      3 |   14.60        0.00
POST     /api/chains/{id}/deactivate                                                     3355     0(0.00%) |      3       1    1076      2 |   14.50        0.00
POST     /api/plugins/batch/parameters (500 updates)                                     2238     0(0.00%) |     27       2    1083      5 |   13.30        0.00
GET      /api/plugins/discover                                                             65     0(0.00%) |     17      10      39     13 |    0.00        0.00
GET      /api/plugins/list                                                                 65     0(0.00%) |      6       1      56      3 |    0.00        0.00
POST     /api/plugins/load?uri                                                           1148     0(0.00%) |      4       1      52      3 |    6.60        0.00
POST     /api/plugins/unload?uri                                                         1148     0(0.00%) |      4       1    1052      2 |    6.60        0.00
--------|----------------------------------------------------------------------------|-------|-------------|-------|-------|-------|-------|--------|-----------
         Aggregated                                                                     29640     0(0.00%) |     11       1    1145      2 |  148.80        0.00

Type     Name                                                                          # reqs      # fails |    Avg     Min     Max    Med |   req/s  failures/s
--------|----------------------------------------------------------------------------|-------|-------------|-------|-------|-------|-------|--------|-----------
GET      /api/audio/latency                                                              4651     0(0.00%) |      4       1    1074      2 |   23.10        0.00
GET      /api/audio/levels                                                               4651     0(0.00%) |     22       1    1145      3 |   23.10        0.00
GET      /api/audio/levels (during plugin swap)                                          1167     0(0.00%) |     19       1    1056      3 |    6.20        0.00
GET      /api/audio/levels/plugins                                                       1167     0(0.00%) |      4       1    1053      2 |    6.20        0.00
GET      /api/audio/status                                                               3385     0(0.00%) |      3       1     261      2 |   13.50        0.00
GET      /api/chains/                                                                      65     0(0.00%) |     11       1     120      4 |    0.00        0.00
GET      /api/chains/{id}                                                                3386     0(0.00%) |     19       1    1056      3 |   13.50        0.00
POST     /api/chains/{id}/activate                                                       3386     0(0.00%) |      5       1    1069      3 |   13.50        0.00
POST     /api/chains/{id}/deactivate                                                     3385     0(0.00%) |      3       1    1076      2 |   13.50        0.00
POST     /api/plugins/batch/parameters (500 updates)                                     2261     0(0.00%) |     27       2    1083      5 |   11.60        0.00
GET      /api/plugins/discover                                                             65     0(0.00%) |     17      10      39     13 |    0.00        0.00
GET      /api/plugins/list                                                                 65     0(0.00%) |      6       1      56      3 |    0.00        0.00
POST     /api/plugins/load?uri                                                           1167     0(0.00%) |      4       1      52      3 |    6.20        0.00
POST     /api/plugins/unload?uri                                                         1166     0(0.00%) |      4       1    1052      2 |    6.20        0.00
--------|----------------------------------------------------------------------------|-------|-------------|-------|-------|-------|-------|--------|-----------
         Aggregated                                                                     29967     0(0.00%) |     11       1    1145      2 |  136.60        0.00

Type     Name                                                                          # reqs      # fails |    Avg     Min     Max    Med |   req/s  failures/s
--------|----------------------------------------------------------------------------|-------|-------------|-------|-------|-------|-------|--------|-----------
GET      /api/audio/latency                                                              4697     0(0.00%) |      4       1    1074      2 |   23.40        0.00
GET      /api/audio/levels                                                               4697     0(0.00%) |     21       1    1145      3 |   23.40        0.00
GET      /api/audio/levels (during plugin swap)                                          1183     0(0.00%) |     19       1    1056      3 |    6.10        0.00
GET      /api/audio/levels/plugins                                                       1183     0(0.00%) |      4       1    1053      2 |    6.10        0.00
GET      /api/audio/status                                                               3428     0(0.00%) |      3       1     261      2 |   13.50        0.00
GET      /api/chains/                                                                      65     0(0.00%) |     11       1     120      4 |    0.00        0.00
GET      /api/chains/{id}                                                                3428     0(0.00%) |     19       1    1056      3 |   13.50        0.00
POST     /api/chains/{id}/activate                                                       3428     0(0.00%) |      5       1    1069      3 |   13.50        0.00
POST     /api/chains/{id}/deactivate                                                     3428     0(0.00%) |      3       1    1076      2 |   13.50        0.00
POST     /api/plugins/batch/parameters (500 updates)                                     2278     0(0.00%) |     26       2    1083      5 |   11.10        0.00
GET      /api/plugins/discover                                                             65     0(0.00%) |     17      10      39     13 |    0.00        0.00
GET      /api/plugins/list                                                                 65     0(0.00%) |      6       1      56      3 |    0.00        0.00
POST     /api/plugins/load?uri                                                           1183     0(0.00%) |      4       1      52      3 |    6.10        0.00
POST     /api/plugins/unload?uri                                                         1183     0(0.00%) |      4       1    1052      2 |    6.10        0.00
--------|----------------------------------------------------------------------------|-------|-------------|-------|-------|-------|-------|--------|-----------
         Aggregated                                                                     30311     0(0.00%) |     11       1    1145      2 |  136.30        0.00

Type     Name                                                                          # reqs      # fails |    Avg     Min     Max    Med |   req/s  failures/s
--------|----------------------------------------------------------------------------|-------|-------------|-------|-------|-------|-------|--------|-----------
GET      /api/audio/latency                                                              4733     0(0.00%) |      4       1    1074      2 |   22.50        0.00
GET      /api/audio/levels                                                               4733     0(0.00%) |     21       1    1145      3 |   22.60        0.00
GET      /api/audio/levels (during plugin swap)                                          1197     0(0.00%) |     19       1    1056      3 |    6.00        0.00
GET      /api/audio/levels/plugins                                                       1197     0(0.00%) |      4       1    1053      2 |    6.00        0.00
GET      /api/audio/status                                                               3471     0(0.00%) |      3       1     261      2 |   14.50        0.00
GET      /api/chains/                                                                      65     0(0.00%) |     11       1     120      4 |    0.00        0.00
GET      /api/chains/{id}                                                                3471     0(0.00%) |     19       1    1056      3 |   14.50        0.00
POST     /api/chains/{id}/activate                                                       3471     0(0.00%) |      5       1    1069      3 |   14.50        0.00
POST     /api/chains/{id}/deactivate                                                     3471     0(0.00%) |      3       1    1076      2 |   14.50        0.00
POST     /api/plugins/batch/parameters (500 updates)                                     2306     0(0.00%) |     26       2    1083      5 |   10.20        0.00
GET      /api/plugins/discover                                                             65     0(0.00%) |     17      10      39     13 |    0.00        0.00
GET      /api/plugins/list                                                                 65     0(0.00%) |      6       1      56      3 |    0.00        0.00
POST     /api/plugins/load?uri                                                           1197     0(0.00%) |      4       1      52      3 |    6.00        0.00
POST     /api/plugins/unload?uri                                                         1197     0(0.00%) |      4       1    1052      2 |    6.00        0.00
--------|----------------------------------------------------------------------------|-------|-------------|-------|-------|-------|-------|--------|-----------
         Aggregated                                                                     30639     0(0.00%) |     11       1    1145      2 |  137.30        0.00

Type     Name                                                                          # reqs      # fails |    Avg     Min     Max    Med |   req/s  failures/s
--------|----------------------------------------------------------------------------|-------|-------------|-------|-------|-------|-------|--------|-----------
GET      /api/audio/latency                                                              4784     0(0.00%) |      4       1    1074      2 |   22.10        0.00
GET      /api/audio/levels                                                               4785     0(0.00%) |     21       1    1145      3 |   22.20        0.00
GET      /api/audio/levels (during plugin swap)                                          1212     0(0.00%) |     19       1    1056      3 |    6.50        0.00
GET      /api/audio/levels/plugins                                                       1212     0(0.00%) |      4       1    1053      2 |    6.50        0.00
GET      /api/audio/status                                                               3499     0(0.00%) |      3       1     261      2 |   15.80        0.00
GET      /api/chains/                                                                      65     0(0.00%) |     11       1     120      4 |    0.00        0.00
GET      /api/chains/{id}                                                                3499     0(0.00%) |     19       1    1056      3 |   15.80        0.00
POST     /api/chains/{id}/activate                                                       3499     0(0.00%) |      5       1    1069      3 |   15.80        0.00
POST     /api/chains/{id}/deactivate                                                     3499     0(0.00%) |      3       1    1076      2 |   15.80        0.00
POST     /api/plugins/batch/parameters (500 updates)                                     2331     0(0.00%) |     26       2    1083      5 |   10.70        0.00
GET      /api/plugins/discover                                                             65     0(0.00%) |     17      10      39     13 |    0.00        0.00
GET      /api/plugins/list                                                                 65     0(0.00%) |      6       1      56      3 |    0.00        0.00
POST     /api/plugins/load?uri                                                           1212     0(0.00%) |      4       1      52      3 |    6.50        0.00
POST     /api/plugins/unload?uri                                                         1211     0(0.00%) |      4       1    1052      2 |    6.50        0.00
--------|----------------------------------------------------------------------------|-------|-------------|-------|-------|-------|-------|--------|-----------
         Aggregated                                                                     30938     0(0.00%) |     10       1    1145      2 |  144.20        0.00

Type     Name                                                                          # reqs      # fails |    Avg     Min     Max    Med |   req/s  failures/s
--------|----------------------------------------------------------------------------|-------|-------------|-------|-------|-------|-------|--------|-----------
GET      /api/audio/latency                                                              4818     0(0.00%) |      4       1    1074      2 |   21.20        0.00
GET      /api/audio/levels                                                               4818     0(0.00%) |     23       1    1145      3 |   21.30        0.00
GET      /api/audio/levels (during plugin swap)                                          1215     0(0.00%) |     19       1    1056      3 |    7.20        0.00
GET      /api/audio/levels/plugins                                                       1215     0(0.00%) |      4       1    1053      2 |    7.20        0.00
GET      /api/audio/status                                                               3515     0(0.00%) |      3       1     261      2 |   16.10        0.00
GET      /api/chains/                                                                      65     0(0.00%) |     11       1     120      4 |    0.00        0.00
GET      /api/chains/{id}                                                                3515     0(0.00%) |     19       1    1056      3 |   16.10        0.00
POST     /api/chains/{id}/activate                                                       3515     0(0.00%) |      5       1    1069      3 |   16.10        0.00
POST     /api/chains/{id}/deactivate                                                     3515     0(0.00%) |      3       1    1076      2 |   16.20        0.00
POST     /api/plugins/batch/parameters (500 updates)                                     2336     0(0.00%) |     26       2    1083      5 |   10.60        0.00
GET      /api/plugins/discover                                                             65     0(0.00%) |     17      10      39     13 |    0.00        0.00
GET      /api/plugins/list                                                                 65     0(0.00%) |      6       1      56      3 |    0.00        0.00
POST     /api/plugins/load?uri                                                           1215     0(0.00%) |      4       1      52      3 |    7.20        0.00
POST     /api/plugins/unload?uri                                                         1215     0(0.00%) |      4       1    1052      2 |    7.20        0.00
--------|----------------------------------------------------------------------------|-------|-------------|-------|-------|-------|-------|--------|-----------
         Aggregated                                                                     31087     0(0.00%) |     11       1    1145      2 |  146.40        0.00

Type     Name                                                                          # reqs      # fails |    Avg     Min     Max    Med |   req/s  failures/s
--------|----------------------------------------------------------------------------|-------|-------------|-------|-------|-------|-------|--------|-----------
GET      /api/audio/latency                                                              4868     0(0.00%) |      4       1    1074      2 |   21.20        0.00
GET      /api/audio/levels                                                               4868     0(0.00%) |     23       1    1145      3 |   21.20        0.00
GET      /api/audio/levels (during plugin swap)                                          1222     0(0.00%) |     19       1    1056      3 |    7.00        0.00
GET      /api/audio/levels/plugins                                                       1222     0(0.00%) |      4       1    1053      2 |    7.00        0.00
GET      /api/audio/status                                                               3554     0(0.00%) |      3       1     261      2 |   16.40        0.00
GET      /api/chains/                                                                      65     0(0.00%) |     11       1     120      4 |    0.00        0.00
GET      /api/chains/{id}                                                                3554     0(0.00%) |     19       1    1056      3 |   16.40        0.00
POST     /api/chains/{id}/activate                                                       3554     0(0.00%) |      5       1    1069      3 |   16.40        0.00
POST     /api/chains/{id}/deactivate                                                     3554     0(0.00%) |      3       1    1076      2 |   16.40        0.00
POST     /api/plugins/batch/parameters (500 updates)                                     2355     0(0.00%) |     26       2    1083      5 |    9.90        0.00
GET      /api/plugins/discover                                                             65     0(0.00%) |     17      10      39     13 |    0.00        0.00
GET      /api/plugins/list                                                                 65     0(0.00%) |      6       1      56      3 |    0.00        0.00
POST     /api/plugins/load?uri                                                           1222     0(0.00%) |      4       1      52      3 |    7.00        0.00
POST     /api/plugins/unload?uri                                                         1222     0(0.00%) |      4       1    1052      2 |    7.00        0.00
--------|----------------------------------------------------------------------------|-------|-------------|-------|-------|-------|-------|--------|-----------
         Aggregated                                                                     31390     0(0.00%) |     11       1    1145      2 |  145.90        0.00

Type     Name                                                                          # reqs      # fails |    Avg     Min     Max    Med |   req/s  failures/s
--------|----------------------------------------------------------------------------|-------|-------------|-------|-------|-------|-------|--------|-----------
GET      /api/audio/latency                                                              4926     0(0.00%) |      4       1    1074      2 |   21.80        0.00
GET      /api/audio/levels                                                               4926     0(0.00%) |     23       1    1145      3 |   21.80        0.00
GET      /api/audio/levels (during plugin swap)                                          1229     0(0.00%) |     19       1    1056      3 |    5.90        0.00
GET      /api/audio/levels/plugins                                                       1229     0(0.00%) |      4       1    1053      2 |    5.90        0.00
GET      /api/audio/status                                                               3592     0(0.00%) |      3       1     261      2 |   16.90        0.00
GET      /api/chains/                                                                      65     0(0.00%) |     11       1     120      4 |    0.00        0.00
GET      /api/chains/{id}                                                                3592     0(0.00%) |     19       1    1056      3 |   16.90        0.00
POST     /api/chains/{id}/activate                                                       3592     0(0.00%) |      5       1    1069      3 |   16.90        0.00
POST     /api/chains/{id}/deactivate                                                     3592     0(0.00%) |      3       1    1076      2 |   16.90        0.00
POST     /api/plugins/batch/parameters (500 updates)                                     2382     0(0.00%) |     26       2    1083      5 |    9.10        0.00
GET      /api/plugins/discover                                                             65     0(0.00%) |     17      10      39     13 |    0.00        0.00
GET      /api/plugins/list                                                                 65     0(0.00%) |      6       1      56      3 |    0.00        0.00
POST     /api/plugins/load?uri                                                           1229     0(0.00%) |      4       1      52      3 |    5.90        0.00
POST     /api/plugins/unload?uri                                                         1229     0(0.00%) |      4       1    1052      2 |    5.90        0.00
--------|----------------------------------------------------------------------------|-------|-------------|-------|-------|-------|-------|--------|-----------
         Aggregated                                                                     31713     0(0.00%) |     11       1    1145      2 |  143.90        0.00

Type     Name                                                                          # reqs      # fails |    Avg     Min     Max    Med |   req/s  failures/s
--------|----------------------------------------------------------------------------|-------|-------------|-------|-------|-------|-------|--------|-----------
GET      /api/audio/latency                                                              4974     0(0.00%) |      4       1    1074      2 |   22.40        0.00
GET      /api/audio/levels                                                               4974     0(0.00%) |     23       1    1145      3 |   22.30        0.00
GET      /api/audio/levels (during plugin swap)                                          1241     0(0.00%) |     19       1    1056      3 |    5.00        0.00
GET      /api/audio/levels/plugins                                                       1241     0(0.00%) |      4       1    1053      2 |    5.00        0.00
GET      /api/audio/status                                                               3633     0(0.00%) |      3       1     261      2 |   16.60        0.00
GET      /api/chains/                                                                      65     0(0.00%) |     11       1     120      4 |    0.00        0.00
GET      /api/chains/{id}                                                                3633     0(0.00%) |     19       1    1056      3 |   16.60        0.00
POST     /api/chains/{id}/activate                                                       3633     0(0.00%) |      5       1    1069      3 |   16.60        0.00
POST     /api/chains/{id}/deactivate                                                     3633     0(0.00%) |      3       1    1076      2 |   16.60        0.00
POST     /api/plugins/batch/parameters (500 updates)                                     2406     0(0.00%) |     25       2    1083      5 |   10.40        0.00
GET      /api/plugins/discover                                                             65     0(0.00%) |     17      10      39     13 |    0.00        0.00
GET      /api/plugins/list                                                                 65     0(0.00%) |      6       1      56      3 |    0.00        0.00
POST     /api/plugins/load?uri                                                           1241     0(0.00%) |      4       1      52      3 |    5.00        0.00
POST     /api/plugins/unload?uri                                                         1241     0(0.00%) |      4       1    1052      2 |    5.00        0.00
--------|----------------------------------------------------------------------------|-------|-------------|-------|-------|-------|-------|--------|-----------
         Aggregated                                                                     32045     0(0.00%) |     11       1    1145      2 |  141.50        0.00

Type     Name                                                                          # reqs      # fails |    Avg     Min     Max    Med |   req/s  failures/s
--------|----------------------------------------------------------------------------|-------|-------------|-------|-------|-------|-------|--------|-----------
GET      /api/audio/latency                                                              5020     0(0.00%) |      4       1    1074      2 |   24.10        0.00
GET      /api/audio/levels                                                               5020     0(0.00%) |     22       1    1145      3 |   24.00        0.00
GET      /api/audio/levels (during plugin swap)                                          1256     0(0.00%) |     19       1    1056      3 |    4.30        0.00
GET      /api/audio/levels/plugins                                                       1256     0(0.00%) |      4       1    1053      2 |    4.30        0.00
GET      /api/audio/status                                                               3668     0(0.00%) |      3       1     261      2 |   16.60        0.00
GET      /api/chains/                                                                      65     0(0.00%) |     11       1     120      4 |    0.00        0.00
GET      /api/chains/{id}                                                                3668     0(0.00%) |     18       1    1056      3 |   16.60        0.00
POST     /api/chains/{id}/activate                                                       3668     0(0.00%) |      5       1    1069      3 |   16.60        0.00
POST     /api/chains/{id}/deactivate                                                     3668     0(0.00%) |      3       1    1076      2 |   16.60        0.00
POST     /api/plugins/batch/parameters (500 updates)                                     2432     0(0.00%) |     25       2    1083      5 |   10.00        0.00
GET      /api/plugins/discover                                                             65     0(0.00%) |     17      10      39     13 |    0.00        0.00
GET      /api/plugins/list                                                                 65     0(0.00%) |      6       1      56      3 |    0.00        0.00
POST     /api/plugins/load?uri                                                           1256     0(0.00%) |      4       1      52      3 |    4.30        0.00
POST     /api/plugins/unload?uri                                                         1256     0(0.00%) |      4       1    1052      2 |    4.30        0.00
--------|----------------------------------------------------------------------------|-------|-------------|-------|-------|-------|-------|--------|-----------
         Aggregated                                                                     32363     0(0.00%) |     11       1    1145      2 |  141.70        0.00

Type     Name                                                                          # reqs      # fails |    Avg     Min     Max    Med |   req/s  failures/s
--------|----------------------------------------------------------------------------|-------|-------------|-------|-------|-------|-------|--------|-----------
GET      /api/audio/latency                                                              5057     0(0.00%) |      4       1    1074      2 |   24.00        0.00
GET      /api/audio/levels                                                               5057     0(0.00%) |     22       1    1145      3 |   23.90        0.00
GET      /api/audio/levels (during plugin swap)                                          1263     0(0.00%) |     19       1    1056      3 |    4.50        0.00
GET      /api/audio/levels/plugins                                                       1263     0(0.00%) |      4       1    1053      2 |    4.50        0.00
GET      /api/audio/status                                                               3697     0(0.00%) |      3       1     261      2 |   16.70        0.00
GET      /api/chains/                                                                      65     0(0.00%) |     11       1     120      4 |    0.00        0.00
GET      /api/chains/{id}                                                                3697     0(0.00%) |     18       1    1056      3 |   16.70        0.00
POST     /api/chains/{id}/activate                                                       3697     0(0.00%) |      5       1    1069      3 |   16.70        0.00
POST     /api/chains/{id}/deactivate                                                     3697     0(0.00%) |      3       1    1076      2 |   16.70        0.00
POST     /api/plugins/batch/parameters (500 updates)                                     2456     0(0.00%) |     25       2    1083      5 |    9.90        0.00
GET      /api/plugins/discover                                                             65     0(0.00%) |     17      10      39     13 |    0.00        0.00
GET      /api/plugins/list                                                                 65     0(0.00%) |      6       1      56      3 |    0.00        0.00
POST     /api/plugins/load?uri                                                           1263     0(0.00%) |      4       1      52      3 |    4.50        0.00
POST     /api/plugins/unload?uri                                                         1263     0(0.00%) |      4       1    1052      2 |    4.50        0.00
--------|----------------------------------------------------------------------------|-------|-------------|-------|-------|-------|-------|--------|-----------
         Aggregated                                                                     32605     0(0.00%) |     11       1    1145      2 |  142.60        0.00

Type     Name                                                                          # reqs      # fails |    Avg     Min     Max    Med |   req/s  failures/s
--------|----------------------------------------------------------------------------|-------|-------------|-------|-------|-------|-------|--------|-----------
GET      /api/audio/latency                                                              5091     0(0.00%) |      4       1    1074      2 |   25.40        0.00
GET      /api/audio/levels                                                               5092     0(0.00%) |     23       1    1145      3 |   25.50        0.00
GET      /api/audio/levels (during plugin swap)                                          1266     0(0.00%) |     18       1    1056      3 |    4.80        0.00
GET      /api/audio/levels/plugins                                                       1266     0(0.00%) |      4       1    1053      2 |    4.80        0.00
GET      /api/audio/status                                                               3727     0(0.00%) |      3       1     261      2 |   18.50        0.00
GET      /api/chains/                                                                      65     0(0.00%) |     11       1     120      4 |    0.00        0.00
GET      /api/chains/{id}                                                                3727     0(0.00%) |     19       1    1056      3 |   18.50        0.00
POST     /api/chains/{id}/activate                                                       3727     0(0.00%) |      5       1    1069      3 |   18.50        0.00
POST     /api/chains/{id}/deactivate                                                     3727     0(0.00%) |      3       1    1076      2 |   18.50        0.00
POST     /api/plugins/batch/parameters (500 updates)                                     2472     0(0.00%) |     25       2    1083      5 |   12.30        0.00
GET      /api/plugins/discover                                                             65     0(0.00%) |     17      10      39     13 |    0.00        0.00
GET      /api/plugins/list                                                                 65     0(0.00%) |      6       1      56      3 |    0.00        0.00
POST     /api/plugins/load?uri                                                           1266     0(0.00%) |      4       1      52      3 |    4.80        0.00
POST     /api/plugins/unload?uri                                                         1266     0(0.00%) |      4       1    1052      2 |    4.80        0.00
--------|----------------------------------------------------------------------------|-------|-------------|-------|-------|-------|-------|--------|-----------
         Aggregated                                                                     32822     0(0.00%) |     11       1    1145      2 |  156.40        0.00

Type     Name                                                                          # reqs      # fails |    Avg     Min     Max    Med |   req/s  failures/s
--------|----------------------------------------------------------------------------|-------|-------------|-------|-------|-------|-------|--------|-----------
GET      /api/audio/latency                                                              5137     0(0.00%) |      4       1    1074      2 |   22.20        0.00
GET      /api/audio/levels                                                               5137     0(0.00%) |     23       1    1145      3 |   22.20        0.00
GET      /api/audio/levels (during plugin swap)                                          1283     0(0.00%) |     18       1    1056      3 |    4.50        0.00
GET      /api/audio/levels/plugins                                                       1283     0(0.00%) |      4       1    1053      2 |    4.50        0.00
GET      /api/audio/status                                                               3768     0(0.00%) |      3       1     261      2 |   16.90        0.00
GET      /api/chains/                                                                      65     0(0.00%) |     11       1     120      4 |    0.00        0.00
GET      /api/chains/{id}                                                                3768     0(0.00%) |     19       1    1056      3 |   16.90        0.00
POST     /api/chains/{id}/activate                                                       3768     0(0.00%) |      5       1    1069      3 |   16.90        0.00
POST     /api/chains/{id}/deactivate                                                     3768     0(0.00%) |      3       1    1076      2 |   16.90        0.00
POST     /api/plugins/batch/parameters (500 updates)                                     2487     0(0.00%) |     25       2    1083      5 |   12.00        0.00
GET      /api/plugins/discover                                                             65     0(0.00%) |     17      10      39     13 |    0.00        0.00
GET      /api/plugins/list                                                                 65     0(0.00%) |      6       1      56      3 |    0.00        0.00
POST     /api/plugins/load?uri                                                           1283     0(0.00%) |      4       1      52      3 |    4.50        0.00
POST     /api/plugins/unload?uri                                                         1283     0(0.00%) |      4       1    1052      2 |    4.50        0.00
--------|----------------------------------------------------------------------------|-------|-------------|-------|-------|-------|-------|--------|-----------
         Aggregated                                                                     33160     0(0.00%) |     11       1    1145      2 |  142.00        0.00

Type     Name                                                                          # reqs      # fails |    Avg     Min     Max    Med |   req/s  failures/s
--------|----------------------------------------------------------------------------|-------|-------------|-------|-------|-------|-------|--------|-----------
GET      /api/audio/latency                                                              5186     0(0.00%) |      4       1    1074      2 |   21.90        0.00
GET      /api/audio/levels                                                               5186     0(0.00%) |     23       1    1145      3 |   21.90        0.00
GET      /api/audio/levels (during plugin swap)                                          1299     0(0.00%) |     18       1    1056      3 |    5.20        0.00
GET      /api/audio/levels/plugins                                                       1299     0(0.00%) |      4       1    1053      2 |    5.20        0.00
GET      /api/audio/status                                                               3798     0(0.00%) |      3       1     261      2 |   17.30        0.00
GET      /api/chains/                                                                      65     0(0.00%) |     11       1     120      4 |    0.00        0.00
GET      /api/chains/{id}                                                                3798     0(0.00%) |     19       1    1056      3 |   17.30        0.00
POST     /api/chains/{id}/activate                                                       3798     0(0.00%) |      5       1    1069      3 |   17.30        0.00
POST     /api/chains/{id}/deactivate                                                     3798     0(0.00%) |      3       1    1076      2 |   17.30        0.00
POST     /api/plugins/batch/parameters (500 updates)                                     2510     0(0.00%) |     25       2    1083      5 |   10.60        0.00
GET      /api/plugins/discover                                                             65     0(0.00%) |     17      10      39     13 |    0.00        0.00
GET      /api/plugins/list                                                                 65     0(0.00%) |      6       1      56      3 |    0.00        0.00
POST     /api/plugins/load?uri                                                           1299     0(0.00%) |      4       1      52      3 |    5.20        0.00
POST     /api/plugins/unload?uri                                                         1299     0(0.00%) |      4       1    1052      2 |    5.20        0.00
--------|----------------------------------------------------------------------------|-------|-------------|-------|-------|-------|-------|--------|-----------
         Aggregated                                                                     33465     0(0.00%) |     11       1    1145      2 |  144.40        0.00

Type     Name                                                                          # reqs      # fails |    Avg     Min     Max    Med |   req/s  failures/s
--------|----------------------------------------------------------------------------|-------|-------------|-------|-------|-------|-------|--------|-----------
GET      /api/audio/latency                                                              5234     0(0.00%) |      4       1    1074      2 |   21.40        0.00
GET      /api/audio/levels                                                               5234     0(0.00%) |     23       1    1145      3 |   21.40        0.00
GET      /api/audio/levels (during plugin swap)                                          1314     0(0.00%) |     18       1    1056      3 |    5.70        0.00
GET      /api/audio/levels/plugins                                                       1314     0(0.00%) |      4       1    1053      2 |    5.70        0.00
GET      /api/audio/status                                                               3828     0(0.00%) |      3       1     261      2 |   16.20        0.00
GET      /api/chains/                                                                      65     0(0.00%) |     11       1     120      4 |    0.00        0.00
GET      /api/chains/{id}                                                                3828     0(0.00%) |     19       1    1056      3 |   16.20        0.00
POST     /api/chains/{id}/activate                                                       3828     0(0.00%) |      5       1    1069      3 |   16.20        0.00
POST     /api/chains/{id}/deactivate                                                     3828     0(0.00%) |      3       1    1076      2 |   16.20        0.00
POST     /api/plugins/batch/parameters (500 updates)                                     2538     0(0.00%) |     25       2    1083      5 |   10.30        0.00
GET      /api/plugins/discover                                                             65     0(0.00%) |     17      10      39     13 |    0.00        0.00
GET      /api/plugins/list                                                                 65     0(0.00%) |      6       1      56      3 |    0.00        0.00
POST     /api/plugins/load?uri                                                           1314     0(0.00%) |      4       1      52      3 |    5.70        0.00
POST     /api/plugins/unload?uri                                                         1314     0(0.00%) |      4       1    1052      2 |    5.70        0.00
--------|----------------------------------------------------------------------------|-------|-------------|-------|-------|-------|-------|--------|-----------
         Aggregated                                                                     33769     0(0.00%) |     11       1    1145      2 |  140.70        0.00

Type     Name                                                                          # reqs      # fails |    Avg     Min     Max    Med |   req/s  failures/s
--------|----------------------------------------------------------------------------|-------|-------------|-------|-------|-------|-------|--------|-----------
GET      /api/audio/latency                                                              5278     0(0.00%) |      4       1    1074      2 |   21.00        0.00
GET      /api/audio/levels                                                               5279     0(0.00%) |     23       1    1145      3 |   21.00        0.00
GET      /api/audio/levels (during plugin swap)                                          1329     0(0.00%) |     18       1    1056      3 |    5.70        0.00
GET      /api/audio/levels/plugins                                                       1329     0(0.00%) |      4       1    1053      2 |    5.70        0.00
GET      /api/audio/status                                                               3871     0(0.00%) |      3       1     261      2 |   16.00        0.00
GET      /api/chains/                                                                      65     0(0.00%) |     11       1     120      4 |    0.00        0.00
GET      /api/chains/{id}                                                                3871     0(0.00%) |     18       1    1056      3 |   16.00        0.00
POST     /api/chains/{id}/activate                                                       3871     0(0.00%) |      5       1    1069      3 |   16.00        0.00
POST     /api/chains/{id}/deactivate                                                     3871     0(0.00%) |      3       1    1076      2 |   16.00        0.00
POST     /api/plugins/batch/parameters (500 updates)                                     2551     0(0.00%) |     25       2    1083      5 |   10.60        0.00
GET      /api/plugins/discover                                                             65     0(0.00%) |     17      10      39     13 |    0.00        0.00
GET      /api/plugins/list                                                                 65     0(0.00%) |      6       1      56      3 |    0.00        0.00
POST     /api/plugins/load?uri                                                           1329     0(0.00%) |      4       1      52      3 |    5.70        0.00
POST     /api/plugins/unload?uri                                                         1329     0(0.00%) |      4       1    1052      2 |    5.70        0.00
--------|----------------------------------------------------------------------------|-------|-------------|-------|-------|-------|-------|--------|-----------
         Aggregated                                                                     34103     0(0.00%) |     11       1    1145      2 |  139.40        0.00

Type     Name                                                                          # reqs      # fails |    Avg     Min     Max    Med |   req/s  failures/s
--------|----------------------------------------------------------------------------|-------|-------------|-------|-------|-------|-------|--------|-----------
GET      /api/audio/latency                                                              5297     0(0.00%) |      4       1    1074      2 |   21.50        0.00
GET      /api/audio/levels                                                               5297     0(0.00%) |     23       1    1145      3 |   21.40        0.00
GET      /api/audio/levels (during plugin swap)                                          1333     0(0.00%) |     18       1    1056      3 |    6.00        0.00
GET      /api/audio/levels/plugins                                                       1333     0(0.00%) |      4       1    1053      2 |    5.90        0.00
GET      /api/audio/status                                                               3893     0(0.00%) |      3       1     261      2 |   16.60        0.00
GET      /api/chains/                                                                      65     0(0.00%) |     11       1     120      4 |    0.00        0.00
GET      /api/chains/{id}                                                                3893     0(0.00%) |     19       1    1056      3 |   16.80        0.00
POST     /api/chains/{id}/activate                                                       3893     0(0.00%) |      5       1    1069      3 |   16.70        0.00
POST     /api/chains/{id}/deactivate                                                     3893     0(0.00%) |      3       1    1076      2 |   16.60        0.00
POST     /api/plugins/batch/parameters (500 updates)                                     2566     0(0.00%) |     27       2    1083      5 |    9.00        0.00
GET      /api/plugins/discover                                                             65     0(0.00%) |     17      10      39     13 |    0.00        0.00
GET      /api/plugins/list                                                                 65     0(0.00%) |      6       1      56      3 |    0.00        0.00
POST     /api/plugins/load?uri                                                           1333     0(0.00%) |      4       1      52      3 |    5.90        0.00
POST     /api/plugins/unload?uri                                                         1333     0(0.00%) |      4       1    1052      2 |    5.90        0.00
--------|----------------------------------------------------------------------------|-------|-------------|-------|-------|-------|-------|--------|-----------
         Aggregated                                                                     34259     0(0.00%) |     11       1    1145      2 |  142.30        0.00

Type     Name                                                                          # reqs      # fails |    Avg     Min     Max    Med |   req/s  failures/s
--------|----------------------------------------------------------------------------|-------|-------------|-------|-------|-------|-------|--------|-----------
GET      /api/audio/latency                                                              5353     0(0.00%) |      4       1    1074      2 |   21.10        0.00
GET      /api/audio/levels                                                               5353     0(0.00%) |     23       1    1145      3 |   21.10        0.00
GET      /api/audio/levels (during plugin swap)                                          1344     0(0.00%) |     18       1    1056      3 |    6.70        0.00
GET      /api/audio/levels/plugins                                                       1344     0(0.00%) |      4       1    1053      2 |    6.70        0.00
GET      /api/audio/status                                                               3924     0(0.00%) |      3       1     261      2 |   16.60        0.00
GET      /api/chains/                                                                      65     0(0.00%) |     11       1     120      4 |    0.00        0.00
GET      /api/chains/{id}                                                                3924     0(0.00%) |     19       1    1056      3 |   16.60        0.00
POST     /api/chains/{id}/activate                                                       3924     0(0.00%) |      5       1    1069      3 |   16.60        0.00
POST     /api/chains/{id}/deactivate                                                     3924     0(0.00%) |      3       1    1076      2 |   16.60        0.00
POST     /api/plugins/batch/parameters (500 updates)                                     2587     0(0.00%) |     27       2    1083      5 |    9.10        0.00
GET      /api/plugins/discover                                                             65     0(0.00%) |     17      10      39     13 |    0.00        0.00
GET      /api/plugins/list                                                                 65     0(0.00%) |      6       1      56      3 |    0.00        0.00
POST     /api/plugins/load?uri                                                           1344     0(0.00%) |      4       1      52      3 |    6.70        0.00
POST     /api/plugins/unload?uri                                                         1344     0(0.00%) |      4       1    1052      2 |    6.70        0.00
--------|----------------------------------------------------------------------------|-------|-------------|-------|-------|-------|-------|--------|-----------
         Aggregated                                                                     34560     0(0.00%) |     11       1    1145      2 |  144.50        0.00

Type     Name                                                                          # reqs      # fails |    Avg     Min     Max    Med |   req/s  failures/s
--------|----------------------------------------------------------------------------|-------|-------------|-------|-------|-------|-------|--------|-----------
GET      /api/audio/latency                                                              5398     0(0.00%) |      4       1    1074      2 |   20.90        0.00
GET      /api/audio/levels                                                               5398     0(0.00%) |     23       1    1145      3 |   20.90        0.00
GET      /api/audio/levels (during plugin swap)                                          1359     0(0.00%) |     18       1    1056      3 |    6.10        0.00
GET      /api/audio/levels/plugins                                                       1359     0(0.00%) |      4       1    1053      2 |    6.10        0.00
GET      /api/audio/status                                                               3961     0(0.00%) |      3       1     261      2 |   16.10        0.00
GET      /api/chains/                                                                      65     0(0.00%) |     11       1     120      4 |    0.00        0.00
GET      /api/chains/{id}                                                                3961     0(0.00%) |     19       1    1056      3 |   16.10        0.00
POST     /api/chains/{id}/activate                                                       3961     0(0.00%) |      5       1    1069      3 |   16.10        0.00
POST     /api/chains/{id}/deactivate                                                     3961     0(0.00%) |      3       1    1076      2 |   16.10        0.00
POST     /api/plugins/batch/parameters (500 updates)                                     2613     0(0.00%) |     26       2    1083      5 |   10.30        0.00
GET      /api/plugins/discover                                                             65     0(0.00%) |     17      10      39     13 |    0.00        0.00
GET      /api/plugins/list                                                                 65     0(0.00%) |      6       1      56      3 |    0.00        0.00
POST     /api/plugins/load?uri                                                           1359     0(0.00%) |      4       1      52      3 |    6.10        0.00
POST     /api/plugins/unload?uri                                                         1359     0(0.00%) |      4       1    1052      2 |    6.10        0.00
--------|----------------------------------------------------------------------------|-------|-------------|-------|-------|-------|-------|--------|-----------
         Aggregated                                                                     34884     0(0.00%) |     11       1    1145      2 |  140.90        0.00

Type     Name                                                                          # reqs      # fails |    Avg     Min     Max    Med |   req/s  failures/s
--------|----------------------------------------------------------------------------|-------|-------------|-------|-------|-------|-------|--------|-----------
GET      /api/audio/latency                                                              5447     0(0.00%) |      4       1    1074      2 |   20.50        0.00
GET      /api/audio/levels                                                               5447     0(0.00%) |     22       1    1145      3 |   20.50        0.00
GET      /api/audio/levels (during plugin swap)                                          1369     0(0.00%) |     18       1    1056      3 |    6.40        0.00
GET      /api/audio/levels/plugins                                                       1369     0(0.00%) |      4       1    1053      2 |    6.40        0.00
GET      /api/audio/status                                                               3997     0(0.00%) |      3       1     261      2 |   16.40        0.00
GET      /api/chains/                                                                      65     0(0.00%) |     11       1     120      4 |    0.00        0.00
GET      /api/chains/{id}                                                                3997     0(0.00%) |     19       1    1056      3 |   16.60        0.00
POST     /api/chains/{id}/activate                                                       3997     0(0.00%) |      5       1    1069      3 |   16.60        0.00
POST     /api/chains/{id}/deactivate                                                     3997     0(0.00%) |      3       1    1076      2 |   16.40        0.00
POST     /api/plugins/batch/parameters (500 updates)                                     2642     0(0.00%) |     26       2    1083      5 |   10.10        0.00
GET      /api/plugins/discover                                                             65     0(0.00%) |     17      10      39     13 |    0.00        0.00
GET      /api/plugins/list                                                                 65     0(0.00%) |      6       1      56      3 |    0.00        0.00
POST     /api/plugins/load?uri                                                           1369     0(0.00%) |      4       1      52      3 |    6.40        0.00
POST     /api/plugins/unload?uri                                                         1369     0(0.00%) |      4       1    1052      2 |    6.40        0.00
--------|----------------------------------------------------------------------------|-------|-------------|-------|-------|-------|-------|--------|-----------
         Aggregated                                                                     35195     0(0.00%) |     11       1    1145      2 |  142.70        0.00

Type     Name                                                                          # reqs      # fails |    Avg     Min     Max    Med |   req/s  failures/s
--------|----------------------------------------------------------------------------|-------|-------------|-------|-------|-------|-------|--------|-----------
GET      /api/audio/latency                                                              5499     0(0.00%) |      4       1    1074      2 |   21.00        0.00
GET      /api/audio/levels                                                               5499     0(0.00%) |     22       1    1145      3 |   21.00        0.00
GET      /api/audio/levels (during plugin swap)                                          1385     0(0.00%) |     17       1    1056      3 |    5.50        0.00
GET      /api/audio/levels/plugins                                                       1385     0(0.00%) |      4       1    1053      2 |    5.50        0.00
GET      /api/audio/status                                                               4034     0(0.00%) |      3       1     261      2 |   17.20        0.00
GET      /api/chains/                                                                      65     0(0.00%) |     11       1     120      4 |    0.00        0.00
GET      /api/chains/{id}                                                                4034     0(0.00%) |     19       1    1056      3 |   17.20        0.00
POST     /api/chains/{id}/activate                                                       4034     0(0.00%) |      5       1    1069      3 |   17.20        0.00
POST     /api/chains/{id}/deactivate                                                     4034     0(0.00%) |      3       1    1076      2 |   17.20        0.00
POST     /api/plugins/batch/parameters (500 updates)                                     2656     0(0.00%) |     26       2    1083      5 |   10.40        0.00
GET      /api/plugins/discover                                                             65     0(0.00%) |     17      10      39     13 |    0.00        0.00
GET      /api/plugins/list                                                                 65     0(0.00%) |      6       1      56      3 |    0.00        0.00
POST     /api/plugins/load?uri                                                           1385     0(0.00%) |      4       1      52      3 |    5.50        0.00
POST     /api/plugins/unload?uri                                                         1385     0(0.00%) |      4       1    1052      2 |    5.50        0.00
--------|----------------------------------------------------------------------------|-------|-------------|-------|-------|-------|-------|--------|-----------
         Aggregated                                                                     35525     0(0.00%) |     11       1    1145      2 |  143.20        0.00

Type     Name                                                                          # reqs      # fails |    Avg     Min     Max    Med |   req/s  failures/s
--------|----------------------------------------------------------------------------|-------|-------------|-------|-------|-------|-------|--------|-----------
GET      /api/audio/latency                                                              5547     0(0.00%) |      4       1    1074      2 |   22.40        0.00
GET      /api/audio/levels                                                               5547     0(0.00%) |     22       1    1145      3 |   22.40        0.00
GET      /api/audio/levels (during plugin swap)                                          1392     0(0.00%) |     17       1    1056      3 |    5.70        0.00
GET      /api/audio/levels/plugins                                                       1392     0(0.00%) |      4       1    1053      2 |    5.80        0.00
GET      /api/audio/status                                                               4059     0(0.00%) |      3       1     261      2 |   16.00        0.00
GET      /api/chains/                                                                      65     0(0.00%) |     11       1     120      4 |    0.00        0.00
GET      /api/chains/{id}                                                                4059     0(0.00%) |     19       1    1056      3 |   15.80        0.00
POST     /api/chains/{id}/activate                                                       4059     0(0.00%) |      5       1    1069      3 |   15.90        0.00
POST     /api/chains/{id}/deactivate                                                     4059     0(0.00%) |      3       1    1076      2 |   16.00        0.00
POST     /api/plugins/batch/parameters (500 updates)                                     2671     0(0.00%) |     26       2    1083      5 |   10.50        0.00
GET      /api/plugins/discover                                                             65     0(0.00%) |     17      10      39     13 |    0.00        0.00
GET      /api/plugins/list                                                                 65     0(0.00%) |      6       1      56      3 |    0.00        0.00
POST     /api/plugins/load?uri                                                           1392     0(0.00%) |      4       1      52      3 |    5.80        0.00
POST     /api/plugins/unload?uri                                                         1392     0(0.00%) |      4       1    1052      2 |    5.80        0.00
--------|----------------------------------------------------------------------------|-------|-------------|-------|-------|-------|-------|--------|-----------
         Aggregated                                                                     35764     0(0.00%) |     11       1    1145      2 |  142.10        0.00

Type     Name                                                                          # reqs      # fails |    Avg     Min     Max    Med |   req/s  failures/s
--------|----------------------------------------------------------------------------|-------|-------------|-------|-------|-------|-------|--------|-----------
GET      /api/audio/latency                                                              5580     0(0.00%) |      4       1    1074      2 |   25.30        0.00
GET      /api/audio/levels                                                               5580     0(0.00%) |     23       1    1145      3 |   25.30        0.00
GET      /api/audio/levels (during plugin swap)                                          1400     0(0.00%) |     17       1    1056      3 |    5.90        0.00
GET      /api/audio/levels/plugins                                                       1400     0(0.00%) |      4       1    1053      2 |    5.90        0.00
GET      /api/audio/status                                                               4097     0(0.00%) |      3       1     261      2 |   17.50        0.00
GET      /api/chains/                                                                      65     0(0.00%) |     11       1     120      4 |    0.00        0.00
GET      /api/chains/{id}                                                                4097     0(0.00%) |     19       1    1056      3 |   17.60        0.00
POST     /api/chains/{id}/activate                                                       4097     0(0.00%) |      5       1    1069      3 |   17.50        0.00
POST     /api/chains/{id}/deactivate                                                     4097     0(0.00%) |      3       1    1076      2 |   17.50        0.00
POST     /api/plugins/batch/parameters (500 updates)                                     2686     0(0.00%) |     26       2    1083      5 |   11.20        0.00
GET      /api/plugins/discover                                                             65     0(0.00%) |     17      10      39     13 |    0.00        0.00
GET      /api/plugins/list                                                                 65     0(0.00%) |      6       1      56      3 |    0.00        0.00
POST     /api/plugins/load?uri                                                           1400     0(0.00%) |      4       1      52      3 |    5.90        0.00
POST     /api/plugins/unload?uri                                                         1400     0(0.00%) |      4       1    1052      2 |    5.90        0.00
--------|----------------------------------------------------------------------------|-------|-------------|-------|-------|-------|-------|--------|-----------
         Aggregated                                                                     36029     0(0.00%) |     11       1    1145      2 |  155.50        0.00

Type     Name                                                                          # reqs      # fails |    Avg     Min     Max    Med |   req/s  failures/s
--------|----------------------------------------------------------------------------|-------|-------------|-------|-------|-------|-------|--------|-----------
GET      /api/audio/latency                                                              5633     0(0.00%) |      4       1    1074      2 |   23.00        0.00
GET      /api/audio/levels                                                               5633     0(0.00%) |     23       1    1145      3 |   23.00        0.00
GET      /api/audio/levels (during plugin swap)                                          1404     0(0.00%) |     17       1    1056      3 |    5.50        0.00
GET      /api/audio/levels/plugins                                                       1404     0(0.00%) |      4       1    1053      2 |    5.50        0.00
GET      /api/audio/status                                                               4142     0(0.00%) |      3       1     261      2 |   16.60        0.00
GET      /api/chains/                                                                      65     0(0.00%) |     11       1     120      4 |    0.00        0.00
GET      /api/chains/{id}                                                                4142     0(0.00%) |     19       1    1056      3 |   16.60        0.00
POST     /api/chains/{id}/activate                                                       4142     0(0.00%) |      5       1    1069      3 |   16.60        0.00
POST     /api/chains/{id}/deactivate                                                     4142     0(0.00%) |      3       1    1076      2 |   16.60        0.00
POST     /api/plugins/batch/parameters (500 updates)                                     2703     0(0.00%) |     26       2    1083      5 |    9.50        0.00
GET      /api/plugins/discover                                                             65     0(0.00%) |     17      10      39     13 |    0.00        0.00
GET      /api/plugins/list                                                                 65     0(0.00%) |      6       1      56      3 |    0.00        0.00
POST     /api/plugins/load?uri                                                           1404     0(0.00%) |      4       1      52      3 |    5.50        0.00
POST     /api/plugins/unload?uri                                                         1404     0(0.00%) |      4       1    1052      2 |    5.50        0.00
--------|----------------------------------------------------------------------------|-------|-------------|-------|-------|-------|-------|--------|-----------
         Aggregated                                                                     36348     0(0.00%) |     11       1    1145      2 |  143.90        0.00

Type     Name                                                                          # reqs      # fails |    Avg     Min     Max    Med |   req/s  failures/s
--------|----------------------------------------------------------------------------|-------|-------------|-------|-------|-------|-------|--------|-----------
GET      /api/audio/latency                                                              5682     0(0.00%) |      4       1    1074      2 |   22.70        0.00
GET      /api/audio/levels                                                               5682     0(0.00%) |     23       1    1145      3 |   22.70        0.00
GET      /api/audio/levels (during plugin swap)                                          1418     0(0.00%) |     17       1    1056      3 |    4.50        0.00
GET      /api/audio/levels/plugins                                                       1418     0(0.00%) |      4       1    1053      2 |    4.50        0.00
GET      /api/audio/status                                                               4182     0(0.00%) |      3       1     261      2 |   17.70        0.00
GET      /api/chains/                                                                      65     0(0.00%) |     11       1     120      4 |    0.00        0.00
GET      /api/chains/{id}                                                                4182     0(0.00%) |     19       1    1056      3 |   17.50        0.00
POST     /api/chains/{id}/activate                                                       4182     0(0.00%) |      5       1    1069      3 |   17.50        0.00
POST     /api/chains/{id}/deactivate                                                     4182     0(0.00%) |      3       1    1076      2 |   17.70        0.00
POST     /api/plugins/batch/parameters (500 updates)                                     2727     0(0.00%) |     26       2    1083      5 |    9.70        0.00
GET      /api/plugins/discover                                                             65     0(0.00%) |     17      10      39     13 |    0.00        0.00
GET      /api/plugins/list                                                                 65     0(0.00%) |      6       1      56      3 |    0.00        0.00
POST     /api/plugins/load?uri                                                           1418     0(0.00%) |      4       1      52      3 |    4.50        0.00
POST     /api/plugins/unload?uri                                                         1418     0(0.00%) |      4       1    1052      2 |    4.50        0.00
--------|----------------------------------------------------------------------------|-------|-------------|-------|-------|-------|-------|--------|-----------
         Aggregated                                                                     36686     0(0.00%) |     11       1    1145      2 |  143.50        0.00

Type     Name                                                                          # reqs      # fails |    Avg     Min     Max    Med |   req/s  failures/s
--------|----------------------------------------------------------------------------|-------|-------------|-------|-------|-------|-------|--------|-----------
GET      /api/audio/latency                                                              5730     0(0.00%) |      4       1    1074      2 |   23.40        0.00
GET      /api/audio/levels                                                               5730     0(0.00%) |     22       1    1145      3 |   23.40        0.00
GET      /api/audio/levels (during plugin swap)                                          1438     0(0.00%) |     17       1    1056      3 |    5.10        0.00
GET      /api/audio/levels/plugins                                                       1438     0(0.00%) |      4       1    1053      2 |    5.10        0.00
GET      /api/audio/status                                                               4206     0(0.00%) |      3       1     261      2 |   18.00        0.00
GET      /api/chains/                                                                      65     0(0.00%) |     11       1     120      4 |    0.00        0.00
GET      /api/chains/{id}                                                                4206     0(0.00%) |     19       1    1056      3 |   18.00        0.00
POST     /api/chains/{id}/activate                                                       4206     0(0.00%) |      5       1    1069      3 |   18.00        0.00
POST     /api/chains/{id}/deactivate                                                     4206     0(0.00%) |      3       1    1076      2 |   18.00        0.00
POST     /api/plugins/batch/parameters (500 updates)                                     2753     0(0.00%) |     26       2    1083      5 |    8.40        0.00
GET      /api/plugins/discover                                                             65     0(0.00%) |     17      10      39     13 |    0.00        0.00
GET      /api/plugins/list                                                                 65     0(0.00%) |      6       1      56      3 |    0.00        0.00
POST     /api/plugins/load?uri                                                           1438     0(0.00%) |      4       1      52      3 |    5.10        0.00
POST     /api/plugins/unload?uri                                                         1437     0(0.00%) |      4       1    1052      2 |    5.10        0.00
--------|----------------------------------------------------------------------------|-------|-------------|-------|-------|-------|-------|--------|-----------
         Aggregated                                                                     36983     0(0.00%) |     11       1    1145      2 |  147.60        0.00

Type     Name                                                                          # reqs      # fails |    Avg     Min     Max    Med |   req/s  failures/s
--------|----------------------------------------------------------------------------|-------|-------------|-------|-------|-------|-------|--------|-----------
GET      /api/audio/latency                                                              5782     0(0.00%) |      4       1    1074      2 |   22.40        0.00
GET      /api/audio/levels                                                               5782     0(0.00%) |     22       1    1145      3 |   22.50        0.00
GET      /api/audio/levels (during plugin swap)                                          1445     0(0.00%) |     17       1    1056      3 |    5.20        0.00
GET      /api/audio/levels/plugins                                                       1445     0(0.00%) |      4       1    1053      2 |    5.20        0.00
GET      /api/audio/status                                                               4238     0(0.00%) |      3       1     261      2 |   17.80        0.00
GET      /api/chains/                                                                      65     0(0.00%) |     11       1     120      4 |    0.00        0.00
GET      /api/chains/{id}                                                                4238     0(0.00%) |     19       1    1056      3 |   17.80        0.00
POST     /api/chains/{id}/activate                                                       4238     0(0.00%) |      5       1    1069      3 |   17.80        0.00
POST     /api/chains/{id}/deactivate                                                     4238     0(0.00%) |      3       1    1076      2 |   17.80        0.00
POST     /api/plugins/batch/parameters (500 updates)                                     2780     0(0.00%) |     26       2    1083      5 |    9.20        0.00
GET      /api/plugins/discover                                                             65     0(0.00%) |     17      10      39     13 |    0.00        0.00
GET      /api/plugins/list                                                                 65     0(0.00%) |      6       1      56      3 |    0.00        0.00
POST     /api/plugins/load?uri                                                           1445     0(0.00%) |      4       1      52      3 |    5.20        0.00
POST     /api/plugins/unload?uri                                                         1445     0(0.00%) |      4       1    1052      2 |    5.20        0.00
--------|----------------------------------------------------------------------------|-------|-------------|-------|-------|-------|-------|--------|-----------
         Aggregated                                                                     37271     0(0.00%) |     11       1    1145      2 |  146.10        0.00

Type     Name                                                                          # reqs      # fails |    Avg     Min     Max    Med |   req/s  failures/s
--------|----------------------------------------------------------------------------|-------|-------------|-------|-------|-------|-------|--------|-----------
GET      /api/audio/latency                                                              5805     0(0.00%) |      4       1    1074      2 |   22.90        0.00
GET      /api/audio/levels                                                               5805     0(0.00%) |     23       1    1145      3 |   22.90        0.00
GET      /api/audio/levels (during plugin swap)                                          1451     0(0.00%) |     18       1    1056      3 |    5.00        0.00
GET      /api/audio/levels/plugins                                                       1451     0(0.00%) |      4       1    1053      2 |    5.00        0.00
GET      /api/audio/status                                                               4257     0(0.00%) |      3       1     261      2 |   17.00        0.00
GET      /api/chains/                                                                      65     0(0.00%) |     11       1     120      4 |    0.00        0.00
GET      /api/chains/{id}                                                                4258     0(0.00%) |     20       1    1056      3 |   16.90        0.00
POST     /api/chains/{id}/activate                                                       4258     0(0.00%) |      5       1    1069      3 |   17.00        0.00
POST     /api/chains/{id}/deactivate                                                     4257     0(0.00%) |      3       1    1076      2 |   17.00        0.00
POST     /api/plugins/batch/parameters (500 updates)                                     2797     0(0.00%) |     26       2    1083      5 |   10.20        0.00
GET      /api/plugins/discover                                                             65     0(0.00%) |     17      10      39     13 |    0.00        0.00
GET      /api/plugins/list                                                                 65     0(0.00%) |      6       1      56      3 |    0.00        0.00
POST     /api/plugins/load?uri                                                           1451     0(0.00%) |      4       1      52      3 |    5.00        0.00
POST     /api/plugins/unload?uri                                                         1451     0(0.00%) |      4       1    1052      2 |    5.00        0.00
--------|----------------------------------------------------------------------------|-------|-------------|-------|-------|-------|-------|--------|-----------
         Aggregated                                                                     37436     0(0.00%) |     11       1    1145      2 |  143.90        0.00

Type     Name                                                                          # reqs      # fails |    Avg     Min     Max    Med |   req/s  failures/s
--------|----------------------------------------------------------------------------|-------|-------------|-------|-------|-------|-------|--------|-----------
GET      /api/audio/latency                                                              5853     0(0.00%) |      4       1    1074      2 |   22.90        0.00
GET      /api/audio/levels                                                               5853     0(0.00%) |     23       1    1145      3 |   22.90        0.00
GET      /api/audio/levels (during plugin swap)                                          1462     0(0.00%) |     18       1    1056      3 |    5.20        0.00
GET      /api/audio/levels/plugins                                                       1462     0(0.00%) |      4       1    1053      2 |    5.20        0.00
GET      /api/audio/status                                                               4289     0(0.00%) |      3       1     261      2 |   15.90        0.00
GET      /api/chains/                                                                      65     0(0.00%) |     11       1     120      4 |    0.00        0.00
GET      /api/chains/{id}                                                                4289     0(0.00%) |     20       1    1056      3 |   15.90        0.00
POST     /api/chains/{id}/activate                                                       4289     0(0.00%) |      5       1    1069      3 |   15.90        0.00
POST     /api/chains/{id}/deactivate                                                     4289     0(0.00%) |      3       1    1076      2 |   15.90        0.00
POST     /api/plugins/batch/parameters (500 updates)                                     2824     0(0.00%) |     26       2    1083      5 |   11.20        0.00
GET      /api/plugins/discover                                                             65     0(0.00%) |     17      10      39     13 |    0.00        0.00
GET      /api/plugins/list                                                                 65     0(0.00%) |      6       1      56      3 |    0.00        0.00
POST     /api/plugins/load?uri                                                           1462     0(0.00%) |      4       1      52      3 |    5.20        0.00
POST     /api/plugins/unload?uri                                                         1462     0(0.00%) |      4       1    1052      2 |    5.20        0.00
--------|----------------------------------------------------------------------------|-------|-------------|-------|-------|-------|-------|--------|-----------
         Aggregated                                                                     37729     0(0.00%) |     11       1    1145      2 |  141.40        0.00

Type     Name                                                                          # reqs      # fails |    Avg     Min     Max    Med |   req/s  failures/s
--------|----------------------------------------------------------------------------|-------|-------------|-------|-------|-------|-------|--------|-----------
GET      /api/audio/latency                                                              5904     0(0.00%) |      4       1    1074      2 |   22.60        0.00
GET      /api/audio/levels                                                               5904     0(0.00%) |     23       1    1145      3 |   22.60        0.00
GET      /api/audio/levels (during plugin swap)                                          1472     0(0.00%) |     17       1    1056      3 |    5.90        0.00
GET      /api/audio/levels/plugins                                                       1472     0(0.00%) |      4       1    1053      2 |    5.90        0.00
GET      /api/audio/status                                                               4324     0(0.00%) |      3       1     261      2 |   15.30        0.00
GET      /api/chains/                                                                      65     0(0.00%) |     11       1     120      4 |    0.00        0.00
GET      /api/chains/{id}                                                                4324     0(0.00%) |     20       1    1056      3 |   15.30        0.00
POST     /api/chains/{id}/activate                                                       4324     0(0.00%) |      5       1    1069      3 |   15.30        0.00
POST     /api/chains/{id}/deactivate                                                     4324     0(0.00%) |      3       1    1076      2 |   15.30        0.00
POST     /api/plugins/batch/parameters (500 updates)                                     2841     0(0.00%) |     26       2    1083      5 |   11.50        0.00
GET      /api/plugins/discover                                                             65     0(0.00%) |     17      10      39     13 |    0.00        0.00
GET      /api/plugins/list                                                                 65     0(0.00%) |      6       1      56      3 |    0.00        0.00
POST     /api/plugins/load?uri                                                           1472     0(0.00%) |      4       1      52      3 |    5.90        0.00
POST     /api/plugins/unload?uri                                                         1472     0(0.00%) |      4       1    1052      2 |    5.90        0.00
--------|----------------------------------------------------------------------------|-------|-------------|-------|-------|-------|-------|--------|-----------
         Aggregated                                                                     38028     0(0.00%) |     11       1    1145      2 |  141.50        0.00

Type     Name                                                                          # reqs      # fails |    Avg     Min     Max    Med |   req/s  failures/s
--------|----------------------------------------------------------------------------|-------|-------------|-------|-------|-------|-------|--------|-----------
GET      /api/audio/latency                                                              5956     0(0.00%) |      4       1    1074      2 |   22.60        0.00
GET      /api/audio/levels                                                               5956     0(0.00%) |     22       1    1145      3 |   22.60        0.00
GET      /api/audio/levels (during plugin swap)                                          1489     0(0.00%) |     17       1    1056      3 |    5.50        0.00
GET      /api/audio/levels/plugins                                                       1489     0(0.00%) |      4       1    1053      2 |    5.50        0.00
GET      /api/audio/status                                                               4353     0(0.00%) |      3       1     261      2 |   14.10        0.00
GET      /api/chains/                                                                      65     0(0.00%) |     11       1     120      4 |    0.00        0.00
GET      /api/chains/{id}                                                                4353     0(0.00%) |     20       1    1056      3 |   14.10        0.00
POST     /api/chains/{id}/activate                                                       4353     0(0.00%) |      5       1    1069      3 |   14.10        0.00
POST     /api/chains/{id}/deactivate                                                     4353     0(0.00%) |      3       1    1076      2 |   14.10        0.00
POST     /api/plugins/batch/parameters (500 updates)                                     2863     0(0.00%) |     25       2    1083      5 |   11.90        0.00
GET      /api/plugins/discover                                                             65     0(0.00%) |     17      10      39     13 |    0.00        0.00
GET      /api/plugins/list                                                                 65     0(0.00%) |      6       1      56      3 |    0.00        0.00
POST     /api/plugins/load?uri                                                           1489     0(0.00%) |      4       1      52      3 |    5.50        0.00
POST     /api/plugins/unload?uri                                                         1489     0(0.00%) |      4       1    1052      2 |    5.50        0.00
--------|----------------------------------------------------------------------------|-------|-------------|-------|-------|-------|-------|--------|-----------
         Aggregated                                                                     38338     0(0.00%) |     11       1    1145      2 |  135.50        0.00

Type     Name                                                                          # reqs      # fails |    Avg     Min     Max    Med |   req/s  failures/s
--------|----------------------------------------------------------------------------|-------|-------------|-------|-------|-------|-------|--------|-----------
GET      /api/audio/latency                                                              6005     0(0.00%) |      4       1    1074      2 |   22.80        0.00
GET      /api/audio/levels                                                               6006     0(0.00%) |     22       1    1145      3 |   22.70        0.00
GET      /api/audio/levels (during plugin swap)                                          1499     0(0.00%) |     17       1    1056      3 |    5.40        0.00
GET      /api/audio/levels/plugins                                                       1499     0(0.00%) |      4       1    1053      2 |    5.40        0.00
GET      /api/audio/status                                                               4389     0(0.00%) |      3       1     261      2 |   14.00        0.00
GET      /api/chains/                                                                      65     0(0.00%) |     11       1     120      4 |    0.00        0.00
GET      /api/chains/{id}                                                                4389     0(0.00%) |     20       1    1056      3 |   14.00        0.00
POST     /api/chains/{id}/activate                                                       4389     0(0.00%) |      5       1    1069      3 |   14.00        0.00
POST     /api/chains/{id}/deactivate                                                     4389     0(0.00%) |      3       1    1076      2 |   14.00        0.00
POST     /api/plugins/batch/parameters (500 updates)                                     2889     0(0.00%) |     25       2    1083      5 |   11.80        0.00
GET      /api/plugins/discover                                                             65     0(0.00%) |     17      10      39     13 |    0.00        0.00
GET      /api/plugins/list                                                                 65     0(0.00%) |      6       1      56      3 |    0.00        0.00
POST     /api/plugins/load?uri                                                           1499     0(0.00%) |      4       1      52      3 |    5.40        0.00
POST     /api/plugins/unload?uri                                                         1499     0(0.00%) |      4       1    1052      2 |    5.40        0.00
--------|----------------------------------------------------------------------------|-------|-------------|-------|-------|-------|-------|--------|-----------
         Aggregated                                                                     38647     0(0.00%) |     11       1    1145      2 |  134.90        0.00

Type     Name                                                                          # reqs      # fails |    Avg     Min     Max    Med |   req/s  failures/s
--------|----------------------------------------------------------------------------|-------|-------------|-------|-------|-------|-------|--------|-----------
GET      /api/audio/latency                                                              6044     0(0.00%) |      4       1    1074      2 |   21.80        0.00
GET      /api/audio/levels                                                               6044     0(0.00%) |     22       1    1145      3 |   21.80        0.00
GET      /api/audio/levels (during plugin swap)                                          1509     0(0.00%) |     17       1    1056      3 |    5.40        0.00
GET      /api/audio/levels/plugins                                                       1509     0(0.00%) |      4       1    1053      2 |    5.40        0.00
GET      /api/audio/status                                                               4422     0(0.00%) |      3       1     261      2 |   15.30        0.00
GET      /api/chains/                                                                      65     0(0.00%) |     11       1     120      4 |    0.00        0.00
GET      /api/chains/{id}                                                                4422     0(0.00%) |     20       1    1056      3 |   15.30        0.00
POST     /api/chains/{id}/activate                                                       4422     0(0.00%) |      5       1    1069      3 |   15.30        0.00
POST     /api/chains/{id}/deactivate                                                     4422     0(0.00%) |      3       1    1076      2 |   15.30        0.00
POST     /api/plugins/batch/parameters (500 updates)                                     2903     0(0.00%) |     25       2    1083      5 |   11.10        0.00
GET      /api/plugins/discover                                                             65     0(0.00%) |     17      10      39     13 |    0.00        0.00
GET      /api/plugins/list                                                                 65     0(0.00%) |      6       1      56      3 |    0.00        0.00
POST     /api/plugins/load?uri                                                           1509     0(0.00%) |      4       1      52      3 |    5.40        0.00
POST     /api/plugins/unload?uri                                                         1509     0(0.00%) |      4       1    1052      2 |    5.40        0.00
--------|----------------------------------------------------------------------------|-------|-------------|-------|-------|-------|-------|--------|-----------
         Aggregated                                                                     38910     0(0.00%) |     11       1    1145      2 |  137.50        0.00

Type     Name                                                                          # reqs      # fails |    Avg     Min     Max    Med |   req/s  failures/s
--------|----------------------------------------------------------------------------|-------|-------------|-------|-------|-------|-------|--------|-----------
GET      /api/audio/latency                                                              6080     0(0.00%) |      4       1    1074      2 |   24.40        0.00
GET      /api/audio/levels                                                               6080     0(0.00%) |     23       1    1145      3 |   24.40        0.00
GET      /api/audio/levels (during plugin swap)                                          1512     0(0.00%) |     17       1    1056      3 |    6.00        0.00
GET      /api/audio/levels/plugins                                                       1512     0(0.00%) |      4       1    1053      2 |    6.00        0.00
GET      /api/audio/status                                                               4455     0(0.00%) |      3       1     261      2 |   17.70        0.00
GET      /api/chains/                                                                      65     0(0.00%) |     11       1     120      4 |    0.00        0.00
GET      /api/chains/{id}                                                                4455     0(0.00%) |     20       1    1056      3 |   17.70        0.00
POST     /api/chains/{id}/activate                                                       4455     0(0.00%) |      5       1    1069      3 |   17.70        0.00
POST     /api/chains/{id}/deactivate                                                     4455     0(0.00%) |      3       1    1076      2 |   17.70        0.00
POST     /api/plugins/batch/parameters (500 updates)                                     2922     0(0.00%) |     26       2    1083      5 |   11.10        0.00
GET      /api/plugins/discover                                                             65     0(0.00%) |     17      10      39     13 |    0.00        0.00
GET      /api/plugins/list                                                                 65     0(0.00%) |      6       1      56      3 |    0.00        0.00
POST     /api/plugins/load?uri                                                           1512     0(0.00%) |      4       1      52      3 |    6.00        0.00
POST     /api/plugins/unload?uri                                                         1512     0(0.00%) |      4       1    1052      2 |    6.00        0.00
--------|----------------------------------------------------------------------------|-------|-------------|-------|-------|-------|-------|--------|-----------
         Aggregated                                                                     39145     0(0.00%) |     11       1    1145      2 |  154.70        0.00

Type     Name                                                                          # reqs      # fails |    Avg     Min     Max    Med |   req/s  failures/s
--------|----------------------------------------------------------------------------|-------|-------------|-------|-------|-------|-------|--------|-----------
GET      /api/audio/latency                                                              6130     0(0.00%) |      4       1    1074      2 |   22.40        0.00
GET      /api/audio/levels                                                               6130     0(0.00%) |     23       1    1145      3 |   22.40        0.00
GET      /api/audio/levels (during plugin swap)                                          1525     0(0.00%) |     17       1    1056      3 |    4.80        0.00
GET      /api/audio/levels/plugins                                                       1525     0(0.00%) |      4       1    1053      2 |    4.80        0.00
GET      /api/audio/status                                                               4489     0(0.00%) |      3       1     261      2 |   16.40        0.00
GET      /api/chains/                                                                      65     0(0.00%) |     11       1     120      4 |    0.00        0.00
GET      /api/chains/{id}                                                                4489     0(0.00%) |     20       1    1056      3 |   16.40        0.00
POST     /api/chains/{id}/activate                                                       4489     0(0.00%) |      5       1    1069      3 |   16.40        0.00
POST     /api/chains/{id}/deactivate                                                     4489     0(0.00%) |      3       1    1076      2 |   16.40        0.00
POST     /api/plugins/batch/parameters (500 updates)                                     2944     0(0.00%) |     26       2    1083      5 |   10.10        0.00
GET      /api/plugins/discover                                                             65     0(0.00%) |     17      10      39     13 |    0.00        0.00
GET      /api/plugins/list                                                                 65     0(0.00%) |      6       1      56      3 |    0.00        0.00
POST     /api/plugins/load?uri                                                           1525     0(0.00%) |      4       1      52      3 |    4.80        0.00
POST     /api/plugins/unload?uri                                                         1525     0(0.00%) |      4       1    1052      2 |    4.80        0.00
--------|----------------------------------------------------------------------------|-------|-------------|-------|-------|-------|-------|--------|-----------
         Aggregated                                                                     39455     0(0.00%) |     11       1    1145      2 |  139.70        0.00

Type     Name                                                                          # reqs      # fails |    Avg     Min     Max    Med |   req/s  failures/s
--------|----------------------------------------------------------------------------|-------|-------------|-------|-------|-------|-------|--------|-----------
GET      /api/audio/latency                                                              6179     0(0.00%) |      4       1    1074      2 |   22.50        0.00
GET      /api/audio/levels                                                               6179     0(0.00%) |     22       1    1145      3 |   22.50        0.00
GET      /api/audio/levels (during plugin swap)                                          1532     0(0.00%) |     17       1    1056      3 |    4.90        0.00
GET      /api/audio/levels/plugins                                                       1532     0(0.00%) |      4       1    1053      2 |    4.90        0.00
GET      /api/audio/status                                                               4522     0(0.00%) |      3       1     261      2 |   16.70        0.00
GET      /api/chains/                                                                      65     0(0.00%) |     11       1     120      4 |    0.00        0.00
GET      /api/chains/{id}                                                                4522     0(0.00%) |     20       1    1056      3 |   16.80        0.00
POST     /api/chains/{id}/activate                                                       4522     0(0.00%) |      5       1    1069      3 |   16.80        0.00
POST     /api/chains/{id}/deactivate                                                     4522     0(0.00%) |      3       1    1076      2 |   16.70        0.00
POST     /api/plugins/batch/parameters (500 updates)                                     2976     0(0.00%) |     26       2    1083      5 |    9.90        0.00
GET      /api/plugins/discover                                                             65     0(0.00%) |     17      10      39     13 |    0.00        0.00
GET      /api/plugins/list                                                                 65     0(0.00%) |      6       1      56      3 |    0.00        0.00
POST     /api/plugins/load?uri                                                           1532     0(0.00%) |      4       1      52      3 |    4.90        0.00
POST     /api/plugins/unload?uri                                                         1532     0(0.00%) |      4       1    1052      2 |    4.90        0.00
--------|----------------------------------------------------------------------------|-------|-------------|-------|-------|-------|-------|--------|-----------
         Aggregated                                                                     39745     0(0.00%) |     11       1    1145      2 |  141.50        0.00

Type     Name                                                                          # reqs      # fails |    Avg     Min     Max    Med |   req/s  failures/s
--------|----------------------------------------------------------------------------|-------|-------------|-------|-------|-------|-------|--------|-----------
GET      /api/audio/latency                                                              6225     0(0.00%) |      4       1    1074      2 |   22.20        0.00
GET      /api/audio/levels                                                               6225     0(0.00%) |     22       1    1145      3 |   22.20        0.00
GET      /api/audio/levels (during plugin swap)                                          1540     0(0.00%) |     17       1    1056      3 |    4.30        0.00
GET      /api/audio/levels/plugins                                                       1540     0(0.00%) |      4       1    1053      2 |    4.30        0.00
GET      /api/audio/status                                                               4567     0(0.00%) |      3       1     261      2 |   17.10        0.00
GET      /api/chains/                                                                      65     0(0.00%) |     11       1     120      4 |    0.00        0.00
GET      /api/chains/{id}                                                                4567     0(0.00%) |     20       1    1056      3 |   17.10        0.00
POST     /api/chains/{id}/activate                                                       4567     0(0.00%) |      5       1    1069      3 |   17.10        0.00
POST     /api/chains/{id}/deactivate                                                     4567     0(0.00%) |      3       1    1076      2 |   17.10        0.00
POST     /api/plugins/batch/parameters (500 updates)                                     2999     0(0.00%) |     26       2    1083      5 |   10.60        0.00
GET      /api/plugins/discover                                                             65     0(0.00%) |     17      10      39     13 |    0.00        0.00
GET      /api/plugins/list                                                                 65     0(0.00%) |      6       1      56      3 |    0.00        0.00
POST     /api/plugins/load?uri                                                           1540     0(0.00%) |      4       1      52      3 |    4.30        0.00
POST     /api/plugins/unload?uri                                                         1540     0(0.00%) |      4       1    1052      2 |    4.30        0.00
--------|----------------------------------------------------------------------------|-------|-------------|-------|-------|-------|-------|--------|-----------
         Aggregated                                                                     40072     0(0.00%) |     11       1    1145      2 |  140.60        0.00

Type     Name                                                                          # reqs      # fails |    Avg     Min     Max    Med |   req/s  failures/s
--------|----------------------------------------------------------------------------|-------|-------------|-------|-------|-------|-------|--------|-----------
GET      /api/audio/latency                                                              6277     0(0.00%) |      4       1    1074      2 |   22.30        0.00
GET      /api/audio/levels                                                               6277     0(0.00%) |     22       1    1145      3 |   22.30        0.00
GET      /api/audio/levels (during plugin swap)                                          1546     0(0.00%) |     17       1    1056      3 |    4.10        0.00
GET      /api/audio/levels/plugins                                                       1546     0(0.00%) |      4       1    1053      2 |    4.10        0.00
GET      /api/audio/status                                                               4604     0(0.00%) |      3       1     261      2 |   17.60        0.00
GET      /api/chains/                                                                      65     0(0.00%) |     11       1     120      4 |    0.00        0.00
GET      /api/chains/{id}                                                                4604     0(0.00%) |     20       1    1056      3 |   17.60        0.00
POST     /api/chains/{id}/activate                                                       4604     0(0.00%) |      5       1    1069      3 |   17.60        0.00
POST     /api/chains/{id}/deactivate                                                     4604     0(0.00%) |      3       1    1076      2 |   17.60        0.00
POST     /api/plugins/batch/parameters (500 updates)                                     3027     0(0.00%) |     26       2    1083      5 |   10.70        0.00
GET      /api/plugins/discover                                                             65     0(0.00%) |     17      10      39     13 |    0.00        0.00
GET      /api/plugins/list                                                                 65     0(0.00%) |      6       1      56      3 |    0.00        0.00
POST     /api/plugins/load?uri                                                           1546     0(0.00%) |      4       1      52      3 |    4.10        0.00
POST     /api/plugins/unload?uri                                                         1546     0(0.00%) |      4       1    1052      2 |    4.10        0.00
--------|----------------------------------------------------------------------------|-------|-------------|-------|-------|-------|-------|--------|-----------
         Aggregated                                                                     40376     0(0.00%) |     11       1    1145      2 |  142.10        0.00

Type     Name                                                                          # reqs      # fails |    Avg     Min     Max    Med |   req/s  failures/s
--------|----------------------------------------------------------------------------|-------|-------------|-------|-------|-------|-------|--------|-----------
GET      /api/audio/latency                                                              6293     0(0.00%) |      4       1    1278      2 |   21.90        0.00
GET      /api/audio/levels                                                               6293     0(0.00%) |     22       1    1145      3 |   21.90        0.00
GET      /api/audio/levels (during plugin swap)                                          1548     0(0.00%) |     17       1    1056      3 |    3.50        0.00
GET      /api/audio/levels/plugins                                                       1548     0(0.00%) |      4       1    1053      2 |    3.50        0.00
GET      /api/audio/status                                                               4625     0(0.00%) |      3       1     261      2 |   17.40        0.00
GET      /api/chains/                                                                      65     0(0.00%) |     11       1     120      4 |    0.00        0.00
GET      /api/chains/{id}                                                                4625     0(0.00%) |     21       1    1265      3 |   17.40        0.00
POST     /api/chains/{id}/activate                                                       4625     0(0.00%) |      5       1    1069      3 |   17.40        0.00
POST     /api/chains/{id}/deactivate                                                     4625     0(0.00%) |      3       1    1076      2 |   17.20        0.00
POST     /api/plugins/batch/parameters (500 updates)                                     3040     0(0.00%) |     26       2    1262      5 |   11.80        0.00
GET      /api/plugins/discover                                                             65     0(0.00%) |     17      10      39     13 |    0.00        0.00
GET      /api/plugins/list                                                                 65     0(0.00%) |      6       1      56      3 |    0.00        0.00
POST     /api/plugins/load?uri                                                           1548     0(0.00%) |      4       1      52      3 |    3.50        0.00
POST     /api/plugins/unload?uri                                                         1548     0(0.00%) |      4       1    1052      2 |    3.50        0.00
--------|----------------------------------------------------------------------------|-------|-------------|-------|-------|-------|-------|--------|-----------
         Aggregated                                                                     40513     0(0.00%) |     11       1    1278      2 |  139.00        0.00

Type     Name                                                                          # reqs      # fails |    Avg     Min     Max    Med |   req/s  failures/s
--------|----------------------------------------------------------------------------|-------|-------------|-------|-------|-------|-------|--------|-----------
GET      /api/audio/latency                                                              6347     0(0.00%) |      4       1    1278      2 |   22.40        0.00
GET      /api/audio/levels                                                               6347     0(0.00%) |     22       1    1145      3 |   22.50        0.00
GET      /api/audio/levels (during plugin swap)                                          1561     0(0.00%) |     17       1    1056      3 |    3.80        0.00
GET      /api/audio/levels/plugins                                                       1561     0(0.00%) |      4       1    1053      2 |    3.80        0.00
GET      /api/audio/status                                                               4653     0(0.00%) |      3       1     261      2 |   16.60        0.00
GET      /api/chains/                                                                      65     0(0.00%) |     11       1     120      4 |    0.00        0.00
GET      /api/chains/{id}                                                                4653     0(0.00%) |     21       1    1265      3 |   16.60        0.00
POST     /api/chains/{id}/activate                                                       4653     0(0.00%) |      5       1    1069      3 |   16.60        0.00
POST     /api/chains/{id}/deactivate                                                     4653     0(0.00%) |      3       1    1076      2 |   16.60        0.00
POST     /api/plugins/batch/parameters (500 updates)                                     3065     0(0.00%) |     26       2    1262      5 |   12.10        0.00
GET      /api/plugins/discover                                                             65     0(0.00%) |     17      10      39     13 |    0.00        0.00
GET      /api/plugins/list                                                                 65     0(0.00%) |      6       1      56      3 |    0.00        0.00
POST     /api/plugins/load?uri                                                           1561     0(0.00%) |      4       1      52      3 |    3.80        0.00
POST     /api/plugins/unload?uri                                                         1561     0(0.00%) |      4       1    1052      2 |    3.80        0.00
--------|----------------------------------------------------------------------------|-------|-------------|-------|-------|-------|-------|--------|-----------
         Aggregated                                                                     40810     0(0.00%) |     11       1    1278      2 |  138.60        0.00

Type     Name                                                                          # reqs      # fails |    Avg     Min     Max    Med |   req/s  failures/s
--------|----------------------------------------------------------------------------|-------|-------------|-------|-------|-------|-------|--------|-----------
GET      /api/audio/latency                                                              6389     0(0.00%) |      4       1    1278      2 |   21.40        0.00
GET      /api/audio/levels                                                               6389     0(0.00%) |     22       1    1145      3 |   21.40        0.00
GET      /api/audio/levels (during plugin swap)                                          1577     0(0.00%) |     17       1    1056      3 |    3.70        0.00
GET      /api/audio/levels/plugins                                                       1577     0(0.00%) |      4       1    1053      2 |    3.70        0.00
GET      /api/audio/status                                                               4684     0(0.00%) |      3       1     261      2 |   16.80        0.00
GET      /api/chains/                                                                      65     0(0.00%) |     11       1     120      4 |    0.00        0.00
GET      /api/chains/{id}                                                                4684     0(0.00%) |     21       1    1265      3 |   16.70        0.00
POST     /api/chains/{id}/activate                                                       4684     0(0.00%) |      5       1    1069      3 |   16.70        0.00
POST     /api/chains/{id}/deactivate                                                     4684     0(0.00%) |      3       1    1076      2 |   16.80        0.00
POST     /api/plugins/batch/parameters (500 updates)                                     3094     0(0.00%) |     26       2    1262      5 |   12.00        0.00
GET      /api/plugins/discover                                                             65     0(0.00%) |     17      10      39     13 |    0.00        0.00
GET      /api/plugins/list                                                                 65     0(0.00%) |      6       1      56      3 |    0.00        0.00
POST     /api/plugins/load?uri                                                           1577     0(0.00%) |      4       1      52      3 |    3.70        0.00
POST     /api/plugins/unload?uri                                                         1577     0(0.00%) |      4       1    1052      2 |    3.70        0.00
--------|----------------------------------------------------------------------------|-------|-------------|-------|-------|-------|-------|--------|-----------
         Aggregated                                                                     41111     0(0.00%) |     11       1    1278      2 |  136.60        0.00

Type     Name                                                                          # reqs      # fails |    Avg     Min     Max    Med |   req/s  failures/s
--------|----------------------------------------------------------------------------|-------|-------------|-------|-------|-------|-------|--------|-----------
GET      /api/audio/latency                                                              6436     0(0.00%) |      4       1    1278      2 |   21.20        0.00
GET      /api/audio/levels                                                               6437     0(0.00%) |     22       1    1145      3 |   21.20        0.00
GET      /api/audio/levels (during plugin swap)                                          1583     0(0.00%) |     17       1    1056      3 |    4.60        0.00
GET      /api/audio/levels/plugins                                                       1583     0(0.00%) |      4       1    1053      2 |    4.60        0.00
GET      /api/audio/status                                                               4712     0(0.00%) |      3       1     261      2 |   16.30        0.00
GET      /api/chains/                                                                      65     0(0.00%) |     11       1     120      4 |    0.00        0.00
GET      /api/chains/{id}                                                                4712     0(0.00%) |     21       1    1265      3 |   16.30        0.00
POST     /api/chains/{id}/activate                                                       4712     0(0.00%) |      5       1    1069      3 |   16.30        0.00
POST     /api/chains/{id}/deactivate                                                     4712     0(0.00%) |      3       1    1076      2 |   16.30        0.00
POST     /api/plugins/batch/parameters (500 updates)                                     3133     0(0.00%) |     25       2    1262      6 |   11.80        0.00
GET      /api/plugins/discover                                                             65     0(0.00%) |     17      10      39     13 |    0.00        0.00
GET      /api/plugins/list                                                                 65     0(0.00%) |      6       1      56      3 |    0.00        0.00
POST     /api/plugins/load?uri                                                           1583     0(0.00%) |      4       1      52      3 |    4.60        0.00
POST     /api/plugins/unload?uri                                                         1583     0(0.00%) |      4       1    1052      2 |    4.60        0.00
--------|----------------------------------------------------------------------------|-------|-------------|-------|-------|-------|-------|--------|-----------
         Aggregated                                                                     41381     0(0.00%) |     11       1    1278      2 |  137.80        0.00

Type     Name                                                                          # reqs      # fails |    Avg     Min     Max    Med |   req/s  failures/s
--------|----------------------------------------------------------------------------|-------|-------------|-------|-------|-------|-------|--------|-----------
GET      /api/audio/latency                                                              6484     0(0.00%) |      4       1    1278      2 |   21.10        0.00
GET      /api/audio/levels                                                               6485     0(0.00%) |     22       1    1145      3 |   21.20        0.00
GET      /api/audio/levels (during plugin swap)                                          1600     0(0.00%) |     17       1    1056      3 |    4.30        0.00
GET      /api/audio/levels/plugins                                                       1600     0(0.00%) |      4       1    1053      2 |    4.30        0.00
GET      /api/audio/status                                                               4742     0(0.00%) |      3       1     261      2 |   14.50        0.00
GET      /api/chains/                                                                      65     0(0.00%) |     11       1     120      4 |    0.00        0.00
GET      /api/chains/{id}                                                                4743     0(0.00%) |     21       1    1265      3 |   14.50        0.00
POST     /api/chains/{id}/activate                                                       4743     0(0.00%) |      5       1    1069      3 |   14.50        0.00
POST     /api/chains/{id}/deactivate                                                     4742     0(0.00%) |      3       1    1076      2 |   14.50        0.00
POST     /api/plugins/batch/parameters (500 updates)                                     3164     0(0.00%) |     25       2    1262      6 |   13.20        0.00
GET      /api/plugins/discover                                                             65     0(0.00%) |     17      10      39     13 |    0.00        0.00
GET      /api/plugins/list                                                                 65     0(0.00%) |      6       1      56      3 |    0.00        0.00
POST     /api/plugins/load?uri                                                           1600     0(0.00%) |      4       1      52      3 |    4.30        0.00
POST     /api/plugins/unload?uri                                                         1600     0(0.00%) |      4       1    1052      2 |    4.30        0.00
--------|----------------------------------------------------------------------------|-------|-------------|-------|-------|-------|-------|--------|-----------
         Aggregated                                                                     41698     0(0.00%) |     11       1    1278      2 |  130.70        0.00

Type     Name                                                                          # reqs      # fails |    Avg     Min     Max    Med |   req/s  failures/s
--------|----------------------------------------------------------------------------|-------|-------------|-------|-------|-------|-------|--------|-----------
GET      /api/audio/latency                                                              6520     0(0.00%) |      4       1    1278      2 |   20.80        0.00
GET      /api/audio/levels                                                               6520     0(0.00%) |     22       1    1145      3 |   20.80        0.00
GET      /api/audio/levels (during plugin swap)                                          1610     0(0.00%) |     16       1    1056      3 |    5.40        0.00
GET      /api/audio/levels/plugins                                                       1610     0(0.00%) |      4       1    1053      2 |    5.40        0.00
GET      /api/audio/status                                                               4771     0(0.00%) |      3       1     261      2 |   13.90        0.00
GET      /api/chains/                                                                      65     0(0.00%) |     11       1     120      4 |    0.00        0.00
GET      /api/chains/{id}                                                                4771     0(0.00%) |     21       1    1265      3 |   14.10        0.00
POST     /api/chains/{id}/activate                                                       4771     0(0.00%) |      5       1    1069      3 |   14.00        0.00
POST     /api/chains/{id}/deactivate                                                     4771     0(0.00%) |      3       1    1076      2 |   14.10        0.00
POST     /api/plugins/batch/parameters (500 updates)                                     3179     0(0.00%) |     25       2    1262      6 |   13.10        0.00
GET      /api/plugins/discover                                                             65     0(0.00%) |     17      10      39     13 |    0.00        0.00
GET      /api/plugins/list                                                                 65     0(0.00%) |      6       1      56      3 |    0.00        0.00
POST     /api/plugins/load?uri                                                           1610     0(0.00%) |      4       1      52      3 |    5.40        0.00
POST     /api/plugins/unload?uri                                                         1610     0(0.00%) |      4       1    1052      2 |    5.40        0.00
--------|----------------------------------------------------------------------------|-------|-------------|-------|-------|-------|-------|--------|-----------
         Aggregated                                                                     41938     0(0.00%) |     11       1    1278      2 |  132.40        0.00

Type     Name                                                                          # reqs      # fails |    Avg     Min     Max    Med |   req/s  failures/s
--------|----------------------------------------------------------------------------|-------|-------------|-------|-------|-------|-------|--------|-----------
GET      /api/audio/latency                                                              6554     0(0.00%) |      4       1    1278      2 |   22.80        0.00
GET      /api/audio/levels                                                               6554     0(0.00%) |     22       1    1145      3 |   22.70        0.00
GET      /api/audio/levels (during plugin swap)                                          1620     0(0.00%) |     16       1    1056      3 |    6.30        0.00
GET      /api/audio/levels/plugins                                                       1620     0(0.00%) |      4       1    1053      2 |    6.30        0.00
GET      /api/audio/status                                                               4793     0(0.00%) |      3       1     261      2 |   15.70        0.00
GET      /api/chains/                                                                      65     0(0.00%) |     11       1     120      4 |    0.00        0.00
GET      /api/chains/{id}                                                                4793     0(0.00%) |     21       1    1265      3 |   15.70        0.00
POST     /api/chains/{id}/activate                                                       4793     0(0.00%) |      5       1    1069      3 |   15.70        0.00
POST     /api/chains/{id}/deactivate                                                     4793     0(0.00%) |      3       1    1076      2 |   15.70        0.00
POST     /api/plugins/batch/parameters (500 updates)                                     3208     0(0.00%) |     27       2    1262      6 |   14.10        0.00
GET      /api/plugins/discover                                                             65     0(0.00%) |     17      10      39     13 |    0.00        0.00
GET      /api/plugins/list                                                                 65     0(0.00%) |      6       1      56      3 |    0.00        0.00
POST     /api/plugins/load?uri                                                           1620     0(0.00%) |      4       1      52      3 |    6.30        0.00
POST     /api/plugins/unload?uri                                                         1620     0(0.00%) |      4       1    1052      2 |    6.30        0.00
--------|----------------------------------------------------------------------------|-------|-------------|-------|-------|-------|-------|--------|-----------
         Aggregated                                                                     42163     0(0.00%) |     11       1    1278      2 |  147.60        0.00

Type     Name                                                                          # reqs      # fails |    Avg     Min     Max    Med |   req/s  failures/s
--------|----------------------------------------------------------------------------|-------|-------------|-------|-------|-------|-------|--------|-----------
GET      /api/audio/latency                                                              6594     0(0.00%) |      4       1    1278      2 |   21.00        0.00
GET      /api/audio/levels                                                               6594     0(0.00%) |     22       1    1145      3 |   21.00        0.00
GET      /api/audio/levels (during plugin swap)                                          1640     0(0.00%) |     16       1    1056      3 |    5.70        0.00
GET      /api/audio/levels/plugins                                                       1640     0(0.00%) |      4       1    1053      2 |    5.70        0.00
GET      /api/audio/status                                                               4827     0(0.00%) |      3       1     261      2 |   13.70        0.00
GET      /api/chains/                                                                      65     0(0.00%) |     11       1     120      4 |    0.00        0.00
GET      /api/chains/{id}                                                                4827     0(0.00%) |     21       1    1265      3 |   13.70        0.00
POST     /api/chains/{id}/activate                                                       4827     0(0.00%) |      5       1    1069      3 |   13.70        0.00
POST     /api/chains/{id}/deactivate                                                     4826     0(0.00%) |      3       1    1076      2 |   13.70        0.00
POST     /api/plugins/batch/parameters (500 updates)                                     3236     0(0.00%) |     27       2    1262      6 |   14.20        0.00
GET      /api/plugins/discover                                                             65     0(0.00%) |     17      10      39     13 |    0.00        0.00
GET      /api/plugins/list                                                                 65     0(0.00%) |      6       1      56      3 |    0.00        0.00
POST     /api/plugins/load?uri                                                           1640     0(0.00%) |      4       1      52      3 |    5.70        0.00
POST     /api/plugins/unload?uri                                                         1640     0(0.00%) |      4       1    1052      2 |    5.70        0.00
--------|----------------------------------------------------------------------------|-------|-------------|-------|-------|-------|-------|--------|-----------
         Aggregated                                                                     42486     0(0.00%) |     11       1    1278      2 |  133.80        0.00

Type     Name                                                                          # reqs      # fails |    Avg     Min     Max    Med |   req/s  failures/s
--------|----------------------------------------------------------------------------|-------|-------------|-------|-------|-------|-------|--------|-----------
GET      /api/audio/latency                                                              6640     0(0.00%) |      4       1    1278      2 |   20.50        0.00
GET      /api/audio/levels                                                               6640     0(0.00%) |     22       1    1145      3 |   20.50        0.00
GET      /api/audio/levels (during plugin swap)                                          1650     0(0.00%) |     16       1    1056      3 |    5.80        0.00
GET      /api/audio/levels/plugins                                                       1650     0(0.00%) |      4       1    1053      2 |    5.80        0.00
GET      /api/audio/status                                                               4870     0(0.00%) |      3       1     261      2 |   14.50        0.00
GET      /api/chains/                                                                      65     0(0.00%) |     11       1     120      4 |    0.00        0.00
GET      /api/chains/{id}                                                                4872     0(0.00%) |     21       1    1265      3 |   14.50        0.00
POST     /api/chains/{id}/activate                                                       4871     0(0.00%) |      5       1    1069      3 |   14.50        0.00
POST     /api/chains/{id}/deactivate                                                     4870     0(0.00%) |      3       1    1076      2 |   14.50        0.00
POST     /api/plugins/batch/parameters (500 updates)                                     3254     0(0.00%) |     27       2    1262      6 |   14.20        0.00
GET      /api/plugins/discover                                                             65     0(0.00%) |     17      10      39     13 |    0.00        0.00
GET      /api/plugins/list                                                                 65     0(0.00%) |      6       1      56      3 |    0.00        0.00
POST     /api/plugins/load?uri                                                           1650     0(0.00%) |      4       1      52      3 |    5.80        0.00
POST     /api/plugins/unload?uri                                                         1650     0(0.00%) |      4       1    1052      2 |    5.80        0.00
--------|----------------------------------------------------------------------------|-------|-------------|-------|-------|-------|-------|--------|-----------
         Aggregated                                                                     42812     0(0.00%) |     11       1    1278      2 |  136.40        0.00

Type     Name                                                                          # reqs      # fails |    Avg     Min     Max    Med |   req/s  failures/s
--------|----------------------------------------------------------------------------|-------|-------------|-------|-------|-------|-------|--------|-----------
GET      /api/audio/latency                                                              6689     0(0.00%) |      4       1    1278      2 |   20.10        0.00
GET      /api/audio/levels                                                               6689     0(0.00%) |     22       1    1145      3 |   20.00        0.00
GET      /api/audio/levels (during plugin swap)                                          1662     0(0.00%) |     16       1    1056      3 |    6.90        0.00
GET      /api/audio/levels/plugins                                                       1662     0(0.00%) |      4       1    1053      2 |    6.90        0.00
GET      /api/audio/status                                                               4905     0(0.00%) |      3       1     261      2 |   15.80        0.00
GET      /api/chains/                                                                      65     0(0.00%) |     11       1     120      4 |    0.00        0.00
GET      /api/chains/{id}                                                                4905     0(0.00%) |     20       1    1265      3 |   15.80        0.00
POST     /api/chains/{id}/activate                                                       4905     0(0.00%) |      5       1    1069      3 |   15.80        0.00
POST     /api/chains/{id}/deactivate                                                     4905     0(0.00%) |      3       1    1076      2 |   15.80        0.00
POST     /api/plugins/batch/parameters (500 updates)                                     3277     0(0.00%) |     26       2    1262      6 |   12.50        0.00
GET      /api/plugins/discover                                                             65     0(0.00%) |     17      10      39     13 |    0.00        0.00
GET      /api/plugins/list                                                                 65     0(0.00%) |      6       1      56      3 |    0.00        0.00
POST     /api/plugins/load?uri                                                           1662     0(0.00%) |      4       1      52      3 |    6.90        0.00
POST     /api/plugins/unload?uri                                                         1662     0(0.00%) |      4       1    1052      2 |    6.90        0.00
--------|----------------------------------------------------------------------------|-------|-------------|-------|-------|-------|-------|--------|-----------
         Aggregated                                                                     43118     0(0.00%) |     11       1    1278      2 |  143.40        0.00

Type     Name                                                                          # reqs      # fails |    Avg     Min     Max    Med |   req/s  failures/s
--------|----------------------------------------------------------------------------|-------|-------------|-------|-------|-------|-------|--------|-----------
GET      /api/audio/latency                                                              6745     0(0.00%) |      4       1    1278      2 |   20.50        0.00
GET      /api/audio/levels                                                               6745     0(0.00%) |     22       1    1145      3 |   20.50        0.00
GET      /api/audio/levels (during plugin swap)                                          1670     0(0.00%) |     16       1    1056      3 |    6.20        0.00
GET      /api/audio/levels/plugins                                                       1670     0(0.00%) |      4       1    1053      2 |    6.20        0.00
GET      /api/audio/status                                                               4936     0(0.00%) |      3       1     261      2 |   15.70        0.00
GET      /api/chains/                                                                      65     0(0.00%) |     11       1     120      4 |    0.00        0.00
GET      /api/chains/{id}                                                                4936     0(0.00%) |     20       1    1265      3 |   15.50        0.00
POST     /api/chains/{id}/activate                                                       4936     0(0.00%) |      5       1    1069      3 |   15.60        0.00
POST     /api/chains/{id}/deactivate                                                     4936     0(0.00%) |      3       1    1076      2 |   15.70        0.00
POST     /api/plugins/batch/parameters (500 updates)                                     3297     0(0.00%) |     26       2    1262      6 |   11.80        0.00
GET      /api/plugins/discover                                                             65     0(0.00%) |     17      10      39     13 |    0.00        0.00
GET      /api/plugins/list                                                                 65     0(0.00%) |      6       1      56      3 |    0.00        0.00
POST     /api/plugins/load?uri                                                           1670     0(0.00%) |      4       1      52      3 |    6.20        0.00
POST     /api/plugins/unload?uri                                                         1670     0(0.00%) |      4       1    1052      2 |    6.20        0.00
--------|----------------------------------------------------------------------------|-------|-------------|-------|-------|-------|-------|--------|-----------
         Aggregated                                                                     43406     0(0.00%) |     11       1    1278      2 |  140.10        0.00

Type     Name                                                                          # reqs      # fails |    Avg     Min     Max    Med |   req/s  failures/s
--------|----------------------------------------------------------------------------|-------|-------------|-------|-------|-------|-------|--------|-----------
GET      /api/audio/latency                                                              6770     0(0.00%) |      4       1    1278      2 |   21.30        0.00
GET      /api/audio/levels                                                               6770     0(0.00%) |     22       1    1145      3 |   21.40        0.00
GET      /api/audio/levels (during plugin swap)                                          1676     0(0.00%) |     17       1    1056      3 |    5.80        0.00
GET      /api/audio/levels/plugins                                                       1676     0(0.00%) |      4       1    1053      2 |    5.70        0.00
GET      /api/audio/status                                                               4958     0(0.00%) |      3       1     261      2 |   15.60        0.00
GET      /api/chains/                                                                      65     0(0.00%) |     11       1     120      4 |    0.00        0.00
GET      /api/chains/{id}                                                                4958     0(0.00%) |     21       1    1265      3 |   15.70        0.00
POST     /api/chains/{id}/activate                                                       4958     0(0.00%) |      5       1    1069      3 |   15.70        0.00
POST     /api/chains/{id}/deactivate                                                     4958     0(0.00%) |      3       1    1076      2 |   15.50        0.00
POST     /api/plugins/batch/parameters (500 updates)                                     3306     0(0.00%) |     27       2    1262      6 |   11.00        0.00
GET      /api/plugins/discover                                                             65     0(0.00%) |     17      10      39     13 |    0.00        0.00
GET      /api/plugins/list                                                                 65     0(0.00%) |      6       1      56      3 |    0.00        0.00
POST     /api/plugins/load?uri                                                           1676     0(0.00%) |      4       1      52      3 |    5.80        0.00
POST     /api/plugins/unload?uri                                                         1676     0(0.00%) |      4       1    1052      2 |    5.70        0.00
--------|----------------------------------------------------------------------------|-------|-------------|-------|-------|-------|-------|--------|-----------
         Aggregated                                                                     43577     0(0.00%) |     11       1    1278      2 |  139.20        0.00

Type     Name                                                                          # reqs      # fails |    Avg     Min     Max    Med |   req/s  failures/s
--------|----------------------------------------------------------------------------|-------|-------------|-------|-------|-------|-------|--------|-----------
GET      /api/audio/latency                                                              6810     0(0.00%) |      4       1    1278      2 |   21.80        0.00
GET      /api/audio/levels                                                               6810     0(0.00%) |     22       1    1145      3 |   21.80        0.00
GET      /api/audio/levels (during plugin swap)                                          1691     0(0.00%) |     17       1    1056      3 |    5.70        0.00
GET      /api/audio/levels/plugins                                                       1691     0(0.00%) |      4       1    1053      2 |    5.70        0.00
GET      /api/audio/status                                                               4998     0(0.00%) |      3       1     261      2 |   16.60        0.00
GET      /api/chains/                                                                      65     0(0.00%) |     11       1     120      4 |    0.00        0.00
GET      /api/chains/{id}                                                                4998     0(0.00%) |     21       1    1265      3 |   16.60        0.00
POST     /api/chains/{id}/activate                                                       4998     0(0.00%) |      5       1    1069      3 |   16.60        0.00
POST     /api/chains/{id}/deactivate                                                     4998     0(0.00%) |      3       1    1076      2 |   16.60        0.00
POST     /api/plugins/batch/parameters (500 updates)                                     3332     0(0.00%) |     27       2    1262      6 |    9.90        0.00
GET      /api/plugins/discover                                                             65     0(0.00%) |     17      10      39     13 |    0.00        0.00
GET      /api/plugins/list                                                                 65     0(0.00%) |      6       1      56      3 |    0.00        0.00
POST     /api/plugins/load?uri                                                           1691     0(0.00%) |      4       1      52      3 |    5.70        0.00
POST     /api/plugins/unload?uri                                                         1691     0(0.00%) |      4       1    1052      2 |    5.70        0.00
--------|----------------------------------------------------------------------------|-------|-------------|-------|-------|-------|-------|--------|-----------
         Aggregated                                                                     43903     0(0.00%) |     11       1    1278      2 |  142.70        0.00

[2026-03-07 14:39:29,890] MAP2-TESTBED/INFO/locust.main: --run-time limit reached, shutting down
[2026-03-07 14:39:29,949] MAP2-TESTBED/INFO/locust.main: Shutting down (exit code 0)
Type     Name                                                                          # reqs      # fails |    Avg     Min     Max    Med |   req/s  failures/s
--------|----------------------------------------------------------------------------|-------|-------------|-------|-------|-------|-------|--------|-----------
GET      /api/audio/latency                                                              6847     0(0.00%) |      4       1    1278      2 |   22.10        0.00
GET      /api/audio/levels                                                               6847     0(0.00%) |     22       1    1145      3 |   22.10        0.00
GET      /api/audio/levels (during plugin swap)                                          1703     0(0.00%) |     17       1    1056      3 |    5.50        0.00
GET      /api/audio/levels/plugins                                                       1703     0(0.00%) |      4       1    1053      2 |    5.50        0.00
GET      /api/audio/status                                                               5013     0(0.00%) |      3       1     261      2 |   16.18        0.00
GET      /api/chains/                                                                      65     0(0.00%) |     11       1     120      4 |    0.21        0.00
GET      /api/chains/{id}                                                                5013     0(0.00%) |     21       1    1265      3 |   16.18        0.00
POST     /api/chains/{id}/activate                                                       5013     0(0.00%) |      5       1    1069      3 |   16.18        0.00
POST     /api/chains/{id}/deactivate                                                     5013     0(0.00%) |      3       1    1076      2 |   16.18        0.00
POST     /api/plugins/batch/parameters (500 updates)                                     3344     0(0.00%) |     27       2    1262      6 |   10.79        0.00
GET      /api/plugins/discover                                                             65     0(0.00%) |     17      10      39     13 |    0.21        0.00
GET      /api/plugins/list                                                                 65     0(0.00%) |      6       1      56      3 |    0.21        0.00
POST     /api/plugins/load?uri                                                           1703     0(0.00%) |      4       1      52      3 |    5.50        0.00
POST     /api/plugins/unload?uri                                                         1703     0(0.00%) |      4       1    1052      2 |    5.50        0.00
--------|----------------------------------------------------------------------------|-------|-------------|-------|-------|-------|-------|--------|-----------
         Aggregated                                                                     44097     0(0.00%) |     11       1    1278      2 |  142.33        0.00

Response time percentiles (approximated)
Type     Name                                                                                  50%    66%    75%    80%    90%    95%    98%    99%  99.9% 99.99%   100% # reqs
--------|--------------------------------------------------------------------------------|--------|------|------|------|------|------|------|------|------|------|------|------
GET      /api/audio/latency                                                                      2      3      3      4     11     17     21     24     55   1300   1300   6847
GET      /api/audio/levels                                                                       3      5      8     11     16     21     51    970   1100   1100   1100   6847
GET      /api/audio/levels (during plugin swap)                                                  3      6      9     11     16     21     44    920   1100   1100   1100   1703
GET      /api/audio/levels/plugins                                                               2      3      3      4      9     13     17     21    250   1100   1100   1703
GET      /api/audio/status                                                                       2      2      3      4      9     13     17     20     45    260    260   5013
GET      /api/chains/                                                                            4      9     14     16     22     27    120    120    120    120    120     65
GET      /api/chains/{id}                                                                        3      6      8     10     16     21     49    960   1200   1300   1300   5013
POST     /api/chains/{id}/activate                                                               3      4      6      7     14     19     25     29     54   1100   1100   5013
POST     /api/chains/{id}/deactivate                                                             2      2      3      4      9     13     17     20     51   1100   1100   5013
POST     /api/plugins/batch/parameters (500 updates)                                             6     10     13     15     20     25    110    990   1100   1300   1300   3344
GET      /api/plugins/discover                                                                  13     18     23     28     32     35     39     40     40     40     40     65
GET      /api/plugins/list                                                                       3      3      6      9     20     25     34     57     57     57     57     65
POST     /api/plugins/load?uri                                                                   3      3      4      5     12     17     22     25     44     53     53   1703
POST     /api/plugins/unload?uri                                                                 2      2      3      4      9     13     16     20     34   1100   1100   1703
--------|--------------------------------------------------------------------------------|--------|------|------|------|------|------|------|------|------|------|------|------
         Aggregated                                                                              2      4      6      8     14     18     25     41   1000   1200   1300  44097

[load_test] started WS soak with target=100 clients
[load_test] WS summary: {
  "connected": 100.0,
  "drops": 0.0,
  "samples": 5000.0,
  "spread_mean_ms": 0.14451003722060704,
  "spread_p95_ms": 0.20995300292270258
}
[load_test] PASS: REST p95=18.00ms, WS target clients=100, soak=300s
