Timestamp,User Count,Type,Name,Requests/s,Failures/s,50%,66%,75%,80%,90%,95%,98%,99%,99.9%,99.99%,100%,Total Request Count,Total Failure Count,Total Median Response Time,Total Average Response Time,Total Min Response Time,Total Max Response Time,Total Average Content Size
1772911689,0,,Aggregated,0.000000,0.000000,N/A,N/A,N/A,N/A,N/A,N/A,N/A,N/A,N/A,N/A,N/A,0,0,0,0.0,0,0,0
1772911690,2,GET,/api/audio/latency,0.000000,0.000000,0,0,0,0,0,0,0,0,0,0,0,5,0,1.1153119994560257,1.7191876002470963,1.1153119994560257,2.5207120015693363,33.0
1772911690,2,GET,/api/audio/levels,0.000000,0.000000,0,0,0,0,0,0,0,0,0,0,0,5,0,2,3.4583389991894364,1.5083969992701896,9.166013998765266,78.2
1772911690,2,GET,/api/audio/levels (during plugin swap),0.000000,0.000000,0,0,0,0,0,0,0,0,0,0,0,1,0,1.2405310008034576,1.2405310008034576,1.2405310008034576,1.2405310008034576,73.0
1772911690,2,GET,/api/audio/levels/plugins,0.000000,0.000000,0,0,0,0,0,0,0,0,0,0,0,1,0,9.172264999506297,9.172264999506297,9.172264999506297,9.172264999506297,14.0
1772911690,2,GET,/api/audio/status,0.000000,0.000000,0,0,0,0,0,0,0,0,0,0,0,2,0,1.2229719977767672,1.566241498949239,1.2229719977767672,1.9095110001217108,168.0
1772911690,2,GET,/api/chains/,0.000000,0.000000,0,0,0,0,0,0,0,0,0,0,0,5,0,14,54.96859379927628,1.9344190004630946,128.7548489999608,1448.0
1772911690,2,GET,/api/chains/{id},0.000000,0.000000,0,0,0,0,0,0,0,0,0,0,0,2,0,4.26371100184042,10.887490499953856,4.26371100184042,17.51126999806729,584.0
1772911690,2,POST,/api/chains/{id}/activate,0.000000,0.000000,0,0,0,0,0,0,0,0,0,0,0,2,0,4,4.147403002207284,3.6571160017047077,4.63769000270986,35.0
1772911690,2,POST,/api/chains/{id}/deactivate,0.000000,0.000000,0,0,0,0,0,0,0,0,0,0,0,2,0,1.34018999960972,1.5402799999719718,1.34018999960972,1.7403700003342237,62.0
1772911690,2,GET,/api/plugins/discover,0.000000,0.000000,0,0,0,0,0,0,0,0,0,0,0,5,0,34,25.898853400576627,11.059404001571238,39.70779900191701,85406.2
1772911690,2,GET,/api/plugins/list,0.000000,0.000000,0,0,0,0,0,0,0,0,0,0,0,5,0,2,2.2925638004380744,1.2458750024961773,2.8603449973161332,23.0
1772911690,2,POST,/api/plugins/load?uri,0.000000,0.000000,0,0,0,0,0,0,0,0,0,0,0,1,0,2.665576001163572,2.665576001163572,2.665576001163572,2.665576001163572,5683.0
1772911690,2,POST,/api/plugins/unload?uri,0.000000,0.000000,0,0,0,0,0,0,0,0,0,0,0,1,0,16.914635998546146,16.914635998546146,16.914635998546146,16.914635998546146,103.0
1772911690,2,,Aggregated,0.000000,0.000000,0,0,0,0,0,0,0,0,0,0,0,37,0,3,13.728743945968155,1.1153119994560257,128.7548489999608,11959.81081081081
1772911691,4,GET,/api/audio/latency,0.000000,0.000000,4,8,85,85,360,360,360,360,360,360,360,10,0,2,47.15676359992358,1.0712420007621404,364.58130100072594,33.0
1772911691,4,GET,/api/audio/levels,0.000000,0.000000,11,29,38,38,72,72,72,72,72,72,72,10,0,4,17.145397999775014,1.5083969992701896,72.28963600209681,78.2
1772911691,4,GET,/api/audio/levels (during plugin swap),0.000000,0.000000,0,0,0,0,0,0,0,0,0,0,0,6,0,2,53.29756716673728,1.1136499997519422,260.5646260017238,79.5
1772911691,4,GET,/api/audio/levels/plugins,0.000000,0.000000,0,0,0,0,0,0,0,0,0,0,0,6,0,5,64.97073649976907,1.1407120000512805,365.12994499935303,18.333333333333332
1772911691,4,GET,/api/audio/status,0.000000,0.000000,2,2,2,2,2,2,2,2,2,2,2,2,0,1.2229719977767672,1.566241498949239,1.2229719977767672,1.9095110001217108,168.0
1772911691,4,GET,/api/chains/,0.000000,0.000000,8,8,9,9,75,75,75,75,75,75,75,11,0,8,34.5621915449473,1.7075109972211067,128.7548489999608,1448.0
1772911691,4,GET,/api/chains/{id},0.000000,0.000000,4,4,18,18,18,18,18,18,18,18,18,3,0,4,8.035224665945861,2.330692997929873,17.51126999806729,555.6666666666666
1772911691,4,POST,/api/chains/{id}/activate,0.000000,0.000000,5,5,18,18,18,18,18,18,18,18,18,3,0,5,8.793762002217894,3.6571160017047077,18.086480002239114,35.0
1772911691,4,POST,/api/chains/{id}/deactivate,0.000000,0.000000,2,2,2,2,2,2,2,2,2,2,2,2,0,1.34018999960972,1.5402799999719718,1.34018999960972,1.7403700003342237,62.0
1772911691,4,GET,/api/plugins/discover,0.000000,0.000000,22,22,26,26,31,31,31,31,31,31,31,11,0,22,22.684196364108093,11.059404001571238,39.70779900191701,85406.09090909091
1772911691,4,GET,/api/plugins/list,0.000000,0.000000,3,3,6,6,360,360,360,360,360,360,360,11,0,2,35.54961672786951,1.2458750024961773,364.84311599997454,43.45454545454545
1772911691,4,POST,/api/plugins/load?uri,0.000000,0.000000,0,0,0,0,0,0,0,0,0,0,0,6,0,11,22.624110665977543,1.3661190023412928,85.07214299970656,3338.3333333333335
1772911691,4,POST,/api/plugins/unload?uri,0.000000,0.000000,0,0,0,0,0,0,0,0,0,0,0,6,0,2,9.185013998527817,1.216384996951092,25.941526997485198,113.16666666666667
1772911691,4,,Aggregated,0.000000,0.000000,8,13,25,29,85,360,360,370,370,370,370,87,0,5,30.12577287346625,1.0712420007621404,365.12994499935303,11270.264367816091
1772911692,6,GET,/api/audio/latency,0.000000,0.000000,4,8,85,85,360,360,360,360,360,360,360,10,0,2,47.15676359992358,1.0712420007621404,364.58130100072594,33.0
1772911692,6,GET,/api/audio/levels,0.000000,0.000000,11,29,38,38,72,72,72,72,72,72,72,11,0,4,15.77490245439218,1.5083969992701896,72.28963600209681,78.9090909090909
1772911692,6,GET,/api/audio/levels (during plugin swap),0.000000,0.000000,260,260,260,260,260,260,260,260,260,260,260,6,0,2,53.29756716673728,1.1136499997519422,260.5646260017238,79.5
1772911692,6,GET,/api/audio/levels/plugins,0.000000,0.000000,3,3,370,370,370,370,370,370,370,370,370,6,0,5,64.97073649976907,1.1407120000512805,365.12994499935303,18.333333333333332
1772911692,6,GET,/api/audio/status,0.000000,0.000000,2,2,8,8,8,8,8,8,8,8,8,3,0,2,3.705839999990227,1.2229719977767672,7.985037002072204,168.0
1772911692,6,GET,/api/chains/,0.000000,0.000000,8,8,9,14,75,75,75,75,75,75,75,14,0,8,28.643286928334938,1.7075109972211067,128.7548489999608,1448.0
1772911692,6,GET,/api/chains/{id},0.000000,0.000000,10,10,18,18,18,18,18,18,18,18,18,4,0,4,8.642377499199938,2.330692997929873,17.51126999806729,541.5
1772911692,6,POST,/api/chains/{id}/activate,0.000000,0.000000,5,5,18,18,18,18,18,18,18,18,18,3,0,5,8.793762002217894,3.6571160017047077,18.086480002239114,35.0
1772911692,6,POST,/api/chains/{id}/deactivate,0.000000,0.000000,2,2,17,17,17,17,17,17,17,17,17,3,0,2,6.552630333317211,1.34018999960972,16.57733100000769,62.0
1772911692,6,GET,/api/plugins/discover,0.000000,0.000000,22,25,26,26,31,31,31,31,31,31,31,13,0,22,22.778538769601326,11.059404001571238,39.70779900191701,85406.07692307692
1772911692,6,GET,/api/plugins/list,0.000000,0.000000,2,3,6,6,360,360,360,360,360,360,360,13,0,2,30.41459292384948,1.2458750024961773,364.84311599997454,40.30769230769231
1772911692,6,POST,/api/plugins/load?uri,0.000000,0.000000,25,25,25,25,25,25,25,25,25,25,25,6,0,11,22.624110665977543,1.3661190023412928,85.07214299970656,3338.3333333333335
1772911692,6,POST,/api/plugins/unload?uri,0.000000,0.000000,1,1,26,26,26,26,26,26,26,26,26,6,0,2,9.185013998527817,1.216384996951092,25.941526997485198,113.16666666666667
1772911692,6,,Aggregated,0.000000,0.000000,8,13,21,26,75,260,360,370,370,370,370,98,0,5,27.855092540801483,1.0712420007621404,365.12994499935303,11801.326530612245
1772911693,8,GET,/api/audio/latency,4.000000,0.000000,3,8,17,17,85,360,1000,1000,1000,1000,1000,25,0,3,65.60816723984317,1.0712420007621404,1034.433042997989,33.52
1772911693,8,GET,/api/audio/levels,4.500000,0.000000,7,13,29,38,72,99,1000,1000,1000,1000,1000,26,0,4,54.19539053834272,1.216838998516323,1017.5971559983736,77.5
1772911693,8,GET,/api/audio/levels (during plugin swap),2.000000,0.000000,15,15,260,260,980,980,980,980,980,980,980,10,0,11,132.8986223004904,1.1136499997519422,981.3142680031888,79.5
1772911693,8,GET,/api/audio/levels/plugins,1.500000,0.000000,3,3,77,77,370,370,370,370,370,370,370,10,0,3,47.4988845999178,1.1407120000512805,365.12994499935303,20.5
1772911693,8,GET,/api/audio/status,1.000000,0.000000,2,4,8,8,15,21,21,21,21,21,21,15,0,2,5.0733965331649715,1.1614810027822386,21.185448997130152,168.0
1772911693,8,GET,/api/chains/,5.000000,0.000000,8,14,75,75,83,92,92,92,92,92,92,21,0,8,34.71080614274667,1.7075109972211067,128.7548489999608,1448.0
1772911693,8,GET,/api/chains/{id},1.000000,0.000000,10,13,14,18,74,990,990,990,990,990,990,17,0,10,71.67466670558925,1.3515540013031568,985.2804170004674,489.2352941176471
1772911693,8,POST,/api/chains/{id}/activate,1.000000,0.000000,4,6,14,18,41,1000,1000,1000,1000,1000,1000,15,0,4,76.5093890671172,1.316859998041764,1036.1605870020867,46.666666666666664
1772911693,8,POST,/api/chains/{id}/deactivate,1.000000,0.000000,2,3,8,17,19,24,24,24,24,24,24,15,0,2,6.14097780053271,1.279973002965562,24.475821999658365,62.0
1772911693,8,POST,/api/plugins/batch/parameters (500 updates),0.000000,0.000000,0,0,0,0,0,0,0,0,0,0,0,4,0,5,10.439113500069652,3.0102830023679417,20.549976001348114,1067.0
1772911693,8,GET,/api/plugins/discover,4.500000,0.000000,21,23,25,26,26,31,31,31,31,31,31,19,0,21,21.140895736798964,11.059404001571238,39.70779900191701,85406.05263157895
1772911693,8,GET,/api/plugins/list,4.500000,0.000000,4,6,22,79,360,1000,1000,1000,1000,1000,1000,20,0,3,76.11942255043687,1.2458750024961773,1006.7570299979707,50.5
1772911693,8,POST,/api/plugins/load?uri,2.000000,0.000000,14,14,25,25,110,110,110,110,110,110,110,10,0,11,27.916913499575458,1.3661190023412928,114.57575500025996,2617.0
1772911693,8,POST,/api/plugins/unload?uri,1.500000,0.000000,12,12,24,24,26,26,26,26,26,26,26,9,0,8,10.7391347769913,1.216384996951092,25.941526997485198,113.0
1772911693,8,,Aggregated,33.500000,0.000000,7,13,18,24,77,260,1000,1000,1000,1000,1000,216,0,6,48.41738606480956,1.0712420007621404,1036.1605870020867,7879.2037037037035
1772911694,10,GET,/api/audio/latency,3.333333,0.000000,3,8,17,17,85,360,1000,1000,1000,1000,1000,35,0,3,58.22070774281331,1.0712420007621404,1034.433042997989,33.371428571428574
1772911694,10,GET,/api/audio/levels,3.666667,0.000000,4,11,14,19,50,99,1000,1000,1000,1000,1000,35,0,4,41.581955257009085,1.1447420001786668,1017.5971559983736,77.45714285714286
1772911694,10,GET,/api/audio/levels (during plugin swap),2.000000,0.000000,11,15,18,260,980,980,980,980,980,980,980,14,0,2,96.50736078635548,1.1136499997519422,981.3142680031888,77.64285714285714
1772911694,10,GET,/api/audio/levels/plugins,2.000000,0.000000,3,3,7,7,77,370,370,370,370,370,370,14,0,3,34.80027757125624,1.1407120000512805,365.12994499935303,19.571428571428573
1772911694,10,GET,/api/audio/status,1.000000,0.000000,2,4,8,8,21,23,24,24,24,24,24,29,0,2,5.57224503439823,1.1596219992497936,24.477039001794765,168.0
1772911694,10,GET,/api/chains/,4.666667,0.000000,9,19,75,82,92,260,280,280,280,280,280,27,0,9,48.626729111102,1.4669049996882677,284.3269010008953,1448.0
1772911694,10,GET,/api/chains/{id},1.333333,0.000000,3,11,14,18,65,74,990,990,990,990,990,29,0,3,44.73201386193476,1.3515540013031568,985.2804170004674,499.2413793103448
1772911694,10,POST,/api/chains/{id}/activate,1.000000,0.000000,3,5,6,14,320,330,1000,1000,1000,1000,1000,29,0,3,63.29845665534557,1.2797050003428012,1036.1605870020867,48.793103448275865
1772911694,10,POST,/api/chains/{id}/deactivate,1.000000,0.000000,2,8,8,17,24,34,37,37,37,37,37,29,0,2,7.3127933453712295,1.2676670012297109,37.259211003402015,62.0
1772911694,10,POST,/api/plugins/batch/parameters (500 updates),0.000000,0.000000,15,19,200,200,340,340,340,340,340,340,340,12,0,13,54.00239475056878,2.9457430027832743,337.03481200063834,1001.0
1772911694,10,GET,/api/plugins/discover,4.333333,0.000000,21,25,26,31,32,37,310,310,310,310,310,27,0,21,32.199124740819336,11.059404001571238,305.7565550006984,85406.03703703704
1772911694,10,GET,/api/plugins/list,4.333333,0.000000,4,8,24,46,310,360,1000,1000,1000,1000,1000,27,0,3,70.76669696309384,1.1745560004783329,1006.7570299979707,46.2962962962963
1772911694,10,POST,/api/plugins/load?uri,2.000000,0.000000,13,14,19,25,110,110,110,110,110,110,110,14,0,11,22.431529928196273,1.3661190023412928,114.57575500025996,2664.4285714285716
1772911694,10,POST,/api/plugins/unload?uri,2.000000,0.000000,12,20,24,24,26,310,310,310,310,310,310,14,0,8,32.02543514271383,1.216384996951092,312.4758150006528,111.35714285714286
1772911694,10,,Aggregated,32.666667,0.000000,5,12,18,21,74,310,370,1000,1000,1000,1000,335,0,4,42.81007468662617,1.0712420007621404,1036.1605870020867,7238.761194029851
1772911695,10,GET,/api/audio/latency,5.500000,0.000000,3,8,14,17,37,350,360,1000,1000,1000,1000,56,0,3,39.416974785646225,1.0632729972712696,1034.433042997989,33.232142857142854
1772911695,10,GET,/api/audio/levels,5.500000,0.000000,8,12,14,15,29,72,99,1000,1000,1000,1000,56,0,8,29.697777160566016,1.1447420001786668,1017.5971559983736,76.71428571428571
1772911695,10,GET,/api/audio/levels (during plugin swap),2.250000,0.000000,15,18,18,18,260,980,980,980,980,980,980,16,0,11,86.65701793802327,1.1136499997519422,981.3142680031888,77.875
1772911695,10,GET,/api/audio/levels/plugins,2.250000,0.000000,3,3,3,7,77,370,370,370,370,370,370,16,0,3,30.645555687215165,1.1407120000512805,365.12994499935303,20.5
1772911695,10,GET,/api/audio/status,3.750000,0.000000,2,6,8,12,18,23,24,31,31,31,31,51,0,2,6.228206607963383,1.0550369988777675,30.538348000845872,168.0
1772911695,10,GET,/api/chains/,4.750000,0.000000,8,14,53,75,92,260,280,280,280,280,280,32,0,8,41.59948868732499,1.4669049996882677,284.3269010008953,1448.0
1772911695,10,GET,/api/chains/{id},3.750000,0.000000,3,10,13,16,21,65,74,990,990,990,990,51,0,3,28.362427098138998,1.340679002169054,985.2804170004674,476.01960784313724
1772911695,10,POST,/api/chains/{id}/activate,3.750000,0.000000,3,5,8,14,33,320,330,1000,1000,1000,1000,51,0,3,39.72086607837792,1.2797050003428012,1036.1605870020867,50.68627450980392
1772911695,10,POST,/api/chains/{id}/deactivate,3.750000,0.000000,2,3,8,8,18,24,34,37,37,37,37,51,0,2,5.835401784804394,1.2098900006094482,37.259211003402015,62.0
1772911695,10,POST,/api/plugins/batch/parameters (500 updates),1.000000,0.000000,10,13,15,17,200,340,340,340,340,340,340,22,0,9,33.08371940941222,2.9457430027832743,337.03481200063834,962.0909090909091
1772911695,10,GET,/api/plugins/discover,4.750000,0.000000,19,22,26,26,32,37,310,310,310,310,310,32,0,19,29.199736125178788,11.059404001571238,305.7565550006984,85406.03125
1772911695,10,GET,/api/plugins/list,4.750000,0.000000,3,6,22,24,310,360,1000,1000,1000,1000,1000,32,0,2,60.190166937672984,1.1745560004783329,1006.7570299979707,42.65625
1772911695,10,POST,/api/plugins/load?uri,2.250000,0.000000,12,13,19,19,25,110,110,110,110,110,110,16,0,11,19.96384731228318,1.3661190023412928,114.57575500025996,2716.9375
1772911695,10,POST,/api/plugins/unload?uri,2.250000,0.000000,6,17,20,24,26,310,310,310,310,310,310,16,0,6,28.193319062438604,1.216384996951092,312.4758150006528,110.25
1772911695,10,,Aggregated,50.250000,0.000000,4,11,15,18,32,85,350,990,1000,1000,1000,498,0,4,31.174249582396573,1.0550369988777675,1036.1605870020867,5810.076305220883
1772911696,10,GET,/api/audio/latency,6.000000,0.000000,3,12,17,18,37,85,360,1000,1000,1000,1000,69,0,3,35.32293171019114,1.0632729972712696,1034.433042997989,33.18840579710145
1772911696,10,GET,/api/audio/levels,6.000000,0.000000,8,12,15,19,61,200,250,1000,1000,1000,1000,69,0,8,35.43597360861157,1.1447420001786668,1017.5971559983736,76.95652173913044
1772911696,10,GET,/api/audio/levels (during plugin swap),2.400000,0.000000,11,18,18,18,260,980,980,980,980,980,980,22,0,7,67.29368827324255,1.1136499997519422,981.3142680031888,76.54545454545455
1772911696,10,GET,/api/audio/levels/plugins,2.400000,0.000000,3,3,7,12,310,370,370,370,370,370,370,22,0,3,37.22861495423951,1.1407120000512805,365.12994499935303,19.90909090909091
1772911696,10,GET,/api/audio/status,4.600000,0.000000,2,5,8,9,18,21,24,31,31,31,31,62,0,2,6.005878483964836,1.0550369988777675,30.538348000845872,168.0
1772911696,10,GET,/api/chains/,5.400000,0.000000,8,14,53,75,92,260,280,280,280,280,280,35,0,8,40.23215422837114,1.4669049996882677,284.3269010008953,1448.0285714285715
1772911696,10,GET,/api/chains/{id},4.600000,0.000000,3,10,13,16,23,65,280,990,990,990,990,62,0,3,29.519651064542668,1.340679002169054,985.2804170004674,480.14516129032256
1772911696,10,POST,/api/chains/{id}/activate,4.600000,0.000000,3,6,14,18,41,320,330,1000,1000,1000,1000,62,0,3,41.648741838564035,1.2376279992167838,1036.1605870020867,50.725806451612904
1772911696,10,POST,/api/chains/{id}/deactivate,4.600000,0.000000,2,3,8,8,19,34,310,330,330,330,330,62,0,2,15.471972468144338,1.2098900006094482,327.7471119981783,61.596774193548384
1772911696,10,POST,/api/plugins/batch/parameters (500 updates),2.000000,0.000000,10,15,17,26,140,200,340,340,340,340,340,29,0,10,33.30507072427407,2.9457430027832743,337.03481200063834,956.448275862069
1772911696,10,GET,/api/plugins/discover,5.400000,0.000000,19,22,26,31,37,310,310,310,310,310,310,35,0,19,36.19005285727326,11.059404001571238,306.9335649997811,85406.02857142857
1772911696,10,GET,/api/plugins/list,5.400000,0.000000,3,6,19,24,310,360,1000,1000,1000,1000,1000,35,0,3,55.77172465730525,1.1745560004783329,1006.7570299979707,43.17142857142857
1772911696,10,POST,/api/plugins/load?uri,2.400000,0.000000,12,13,18,19,25,110,110,110,110,110,110,22,0,11,17.05047027247598,1.3661190023412928,114.57575500025996,2256.4545454545455
1772911696,10,POST,/api/plugins/unload?uri,2.400000,0.000000,6,17,24,25,26,310,310,310,310,310,310,22,0,6,23.353575409022266,1.216384996951092,312.4758150006528,109.54545454545455
1772911696,10,,Aggregated,58.200000,0.000000,4,11,16,19,38,200,330,980,1000,1000,1000,608,0,4,31.9201413224104,1.0550369988777675,1036.1605870020867,5227.077302631579
1772911697,10,GET,/api/audio/latency,8.833333,0.000000,3,5,13,15,27,77,360,1000,1000,1000,1000,90,0,3,27.62000212230002,1.0632729972712696,1034.433042997989,33.144444444444446
1772911697,10,GET,/api/audio/levels,8.833333,0.000000,4,10,14,17,41,99,250,1000,1000,1000,1000,90,0,4,28.532209066543146,1.1447420001786668,1017.5971559983736,76.61111111111111
1772911697,10,GET,/api/audio/levels (during plugin swap),2.666667,0.000000,10,15,18,18,62,260,980,980,980,980,980,30,0,10,51.867075599875534,1.1136499997519422,981.3142680031888,76.46666666666667
1772911697,10,GET,/api/audio/levels/plugins,2.666667,0.000000,3,3,4,5,77,310,370,370,370,370,370,30,0,3,27.906923999641247,1.1407120000512805,365.12994499935303,19.633333333333333
1772911697,10,GET,/api/audio/status,7.333333,0.000000,2,4,7,8,16,21,24,31,31,31,31,83,0,2,5.4216815543736905,1.0550369988777675,30.538348000845872,168.0
1772911697,10,GET,/api/chains/,5.166667,0.000000,8,14,53,61,83,260,280,280,280,280,280,37,0,8,38.136074216045266,1.4542919998348225,284.3269010008953,1448.027027027027
1772911697,10,GET,/api/chains/{id},7.333333,0.000000,3,9,11,14,22,37,280,990,990,990,990,83,0,3,23.668419939796483,1.2769730019499548,985.2804170004674,478.9277108433735
1772911697,10,POST,/api/chains/{id}/activate,7.333333,0.000000,3,5,8,14,33,90,330,1000,1000,1000,1000,83,0,3,32.291562481855564,1.2376279992167838,1036.1605870020867,51.566265060240966
1772911697,10,POST,/api/chains/{id}/deactivate,7.333333,0.000000,2,3,7,8,17,24,310,330,330,330,330,83,0,2,12.507281578668387,1.2098900006094482,327.7471119981783,61.69879518072289
1772911697,10,POST,/api/plugins/batch/parameters (500 updates),3.000000,0.000000,6,10,13,15,40,200,340,340,340,340,340,42,0,6,24.594949166774832,2.9457430027832743,337.03481200063834,953.5714285714286
1772911697,10,GET,/api/plugins/discover,5.166667,0.000000,19,23,26,29,32,310,310,310,310,310,310,37,0,19,35.46550481090939,11.059404001571238,306.9335649997811,85406.02702702703
1772911697,10,GET,/api/plugins/list,5.166667,0.000000,3,6,19,22,79,360,1000,1000,1000,1000,1000,37,0,2,52.82651675686891,1.1745560004783329,1006.7570299979707,42.08108108108108
1772911697,10,POST,/api/plugins/load?uri,2.666667,0.000000,10,13,16,18,20,25,110,110,110,110,110,30,0,10,14.71061649984525,1.3661190023412928,114.57575500025996,2591.9666666666667
1772911697,10,POST,/api/plugins/unload?uri,2.666667,0.000000,3,7,17,20,25,26,310,310,310,310,310,30,0,3,17.840902133320924,1.216384996951092,312.4758150006528,108.83333333333333
1772911697,10,,Aggregated,76.166667,0.000000,3,9,13,16,27,82,310,360,1000,1000,1000,785,0,3,25.817929228053504,1.0550369988777675,1036.1605870020867,4346.608917197453
1772911698,10,GET,/api/audio/latency,9.285714,0.000000,3,6,14,15,29,110,350,360,1000,1000,1000,111,0,3,26.457104468431066,1.0632729972712696,1034.433042997989,33.11711711711712
1772911698,10,GET,/api/audio/levels,9.285714,0.000000,6,11,14,20,61,120,210,250,1000,1000,1000,113,0,6,28.595258610481984,1.1447420001786668,1017.5971559983736,76.22123893805309
1772911698,10,GET,/api/audio/levels (during plugin swap),3.000000,0.000000,10,15,18,18,64,260,980,980,980,980,980,38,0,8,46.539818815577554,1.1136499997519422,981.3142680031888,76.42105263157895
1772911698,10,GET,/api/audio/levels/plugins,2.857143,0.000000,2,3,3,4,12,310,370,370,370,370,370,36,0,3,23.634382055408626,1.1407120000512805,365.12994499935303,19.416666666666668
1772911698,10,GET,/api/audio/status,8.285714,0.000000,2,5,7,8,16,21,24,31,31,31,31,97,0,2,5.31199082492019,1.0550369988777675,30.538348000845872,168.0
1772911698,10,GET,/api/chains/,4.857143,0.000000,8,9,53,60,83,260,280,280,280,280,280,41,0,8,36.22742648786232,1.4142800027912017,284.3269010008953,1448.0243902439024
1772911698,10,GET,/api/chains/{id},8.428571,0.000000,3,9,10,12,22,44,280,990,990,990,990,98,0,3,21.15814094903893,1.2769730019499548,985.2804170004674,482.0612244897959
1772911698,10,POST,/api/chains/{id}/activate,8.285714,0.000000,3,5,8,10,33,140,330,1000,1000,1000,1000,98,0,3,29.32633149990876,1.2376279992167838,1036.1605870020867,51.83673469387755
1772911698,10,POST,/api/chains/{id}/deactivate,8.000000,0.000000,2,3,7,8,17,24,310,330,330,330,330,97,0,2,11.357756453979107,1.2098900006094482,327.7471119981783,61.74226804123711
1772911698,10,POST,/api/plugins/batch/parameters (500 updates),4.000000,0.000000,5,10,13,15,26,140,340,340,340,340,340,49,0,5,21.73770422450616,2.7473410009406507,337.03481200063834,949.3265306122449
1772911698,10,GET,/api/plugins/discover,4.714286,0.000000,18,23,26,29,32,310,310,310,310,310,310,40,0,18,34.130232999996224,11.059404001571238,306.9335649997811,85406.025
1772911698,10,GET,/api/plugins/list,4.857143,0.000000,3,6,19,22,79,360,1000,1000,1000,1000,1000,41,0,2,48.71787756103625,1.157198999862885,1006.7570299979707,42.707317073170735
1772911698,10,POST,/api/plugins/load?uri,3.000000,0.000000,4,12,14,18,20,110,110,110,110,110,110,37,0,10,15.81936381075679,1.3661190023412928,114.57575500025996,2395.4054054054054
1772911698,10,POST,/api/plugins/unload?uri,2.857143,0.000000,2,7,15,17,25,26,310,310,310,310,310,36,0,2,15.934577138877001,1.216384996951092,312.4758150006528,109.61111111111111
1772911698,10,,Aggregated,81.714286,0.000000,3,8,12,15,29,83,310,350,1000,1000,1000,932,0,3,24.05994957620187,1.0550369988777675,1036.1605870020867,3977.417381974249
1772911699,10,GET,/api/audio/latency,10.250000,0.000000,3,8,15,18,29,110,350,360,1000,1000,1000,125,0,3,29.517727631988237,1.0632729972712696,1034.433042997989,33.104
1772911699,10,GET,/api/audio/levels,10.250000,0.000000,8,12,20,24,99,200,270,270,1000,1000,1000,125,0,7,35.922473503800575,1.1447420001786668,1017.5971559983736,76.848
1772911699,10,GET,/api/audio/levels (during plugin swap),3.625000,0.000000,10,18,20,38,240,270,980,980,980,980,980,42,0,10,55.67767499971004,1.1136499997519422,981.3142680031888,77.02380952380952
1772911699,10,GET,/api/audio/levels/plugins,3.625000,0.000000,3,3,5,5,77,310,370,370,370,370,370,42,0,3,29.66507947608729,1.1407120000512805,365.12994499935303,19.571428571428573
1772911699,10,GET,/api/audio/status,9.750000,0.000000,2,5,8,9,16,21,24,31,310,310,310,103,0,2,8.326230262328748,1.0550369988777675,313.8765340008831,168.0
1772911699,10,GET,/api/chains/,4.500000,0.000000,8,14,53,61,92,260,280,280,280,280,280,42,0,8,41.32828088101329,1.4142800027912017,284.3269010008953,1448.0238095238096
1772911699,10,GET,/api/chains/{id},9.750000,0.000000,3,9,11,14,23,65,220,280,990,990,990,103,0,3,24.72171540779245,1.2769730019499548,985.2804170004674,482.8932038834951
1772911699,10,POST,/api/chains/{id}/activate,9.750000,0.000000,3,6,8,11,29,90,330,330,1000,1000,1000,103,0,3,28.40291117458549,1.2150079965067562,1036.1605870020867,51.74757281553398
1772911699,10,POST,/api/chains/{id}/deactivate,9.750000,0.000000,2,3,7,8,17,24,46,310,330,330,330,103,0,2,11.388149728482302,1.2098900006094482,327.7471119981783,61.75728155339806
1772911699,10,POST,/api/plugins/batch/parameters (500 updates),4.875000,0.000000,6,10,13,17,190,230,340,340,340,340,340,53,0,6,33.43207077362096,2.7473410009406507,337.03481200063834,951.2641509433962
1772911699,10,GET,/api/plugins/discover,4.500000,0.000000,18,23,26,29,37,310,310,310,310,310,310,42,0,18,40.08264516665977,11.059404001571238,306.9335649997811,85406.02380952382
1772911699,10,GET,/api/plugins/list,4.500000,0.000000,3,6,13,22,79,360,1000,1000,1000,1000,1000,42,0,2,47.68287504772334,1.157198999862885,1006.7570299979707,46.142857142857146
1772911699,10,POST,/api/plugins/load?uri,3.625000,0.000000,10,13,16,19,25,110,300,300,300,300,300,42,0,10,22.190521714167385,1.3661190023412928,304.2600560002029,2311.7619047619046
1772911699,10,POST,/api/plugins/unload?uri,3.625000,0.000000,3,7,16,18,25,76,310,310,310,310,310,42,0,3,16.191032047486043,1.216384996951092,312.4758150006528,109.54761904761905
1772911699,10,,Aggregated,92.375000,0.000000,4,9,13,18,38,140,310,350,1000,1000,1000,1009,0,4,27.82230244003326,1.0550369988777675,1036.1605870020867,3863.680872150644
1772911700,10,GET,/api/audio/latency,11.888889,0.000000,3,5,12,15,24,110,350,360,1000,1000,1000,155,0,3,24.29637446447516,1.0632729972712696,1034.433042997989,33.08387096774194
1772911700,10,GET,/api/audio/levels,11.888889,0.000000,4,9,14,19,65,190,270,270,1000,1000,1000,155,0,4,29.792753406241722,1.1447420001786668,1017.5971559983736,76.43870967741935
1772911700,10,GET,/api/audio/levels (during plugin swap),4.000000,0.000000,10,18,20,38,240,270,980,980,980,980,980,44,0,10,53.33326252242511,1.1136499997519422,981.3142680031888,76.8409090909091
1772911700,10,GET,/api/audio/levels/plugins,4.000000,0.000000,3,3,4,5,76,300,370,370,370,370,370,44,0,3,28.434776136154223,1.1407120000512805,365.12994499935303,19.613636363636363
1772911700,10,GET,/api/audio/status,10.777778,0.000000,2,4,6,8,16,21,24,31,310,310,310,120,0,2,7.4332971585135965,1.0550369988777675,313.8765340008831,168.0
1772911700,10,GET,/api/chains/,4.333333,0.000000,8,18,60,61,92,260,280,280,280,280,280,42,0,8,41.32828088101329,1.4142800027912017,284.3269010008953,1448.0238095238096
1772911700,10,GET,/api/chains/{id},10.777778,0.000000,3,7,10,12,23,65,220,280,990,990,990,121,0,3,21.82315170254644,1.2769730019499548,985.2804170004674,486.73553719008265
1772911700,10,POST,/api/chains/{id}/activate,10.777778,0.000000,3,6,8,10,26,90,330,330,1000,1000,1000,121,0,3,24.89018666928741,1.2150079965067562,1036.1605870020867,51.735537190082646
1772911700,10,POST,/api/chains/{id}/deactivate,10.666667,0.000000,2,3,4,8,17,24,46,310,330,330,330,120,0,2,9.989485308597068,1.2098900006094482,327.7471119981783,61.791666666666664
1772911700,10,POST,/api/plugins/batch/parameters (500 updates),5.444444,0.000000,7,10,13,15,40,200,280,340,340,340,340,68,0,6,27.974505147112186,2.7473410009406507,337.03481200063834,956.4117647058823
1772911700,10,GET,/api/plugins/discover,4.333333,0.000000,17,23,26,29,37,310,310,310,310,310,310,42,0,18,40.08264516665977,11.059404001571238,306.9335649997811,85406.02380952382
1772911700,10,GET,/api/plugins/list,4.333333,0.000000,3,8,19,24,79,360,1000,1000,1000,1000,1000,42,0,2,47.68287504772334,1.157198999862885,1006.7570299979707,46.142857142857146
1772911700,10,POST,/api/plugins/load?uri,4.000000,0.000000,6,12,16,19,25,110,300,300,300,300,300,44,0,6,21.340129272671632,1.3661190023412928,304.2600560002029,2406.9545454545455
1772911700,10,POST,/api/plugins/unload?uri,3.888889,0.000000,3,7,15,17,25,26,310,310,310,310,310,44,0,3,15.66637238622868,1.216384996951092,312.4758150006528,110.20454545454545
1772911700,10,,Aggregated,101.111111,0.000000,3,8,12,15,27,110,310,340,1000,1000,1000,1162,0,3,24.67912945695841,1.0550369988777675,1036.1605870020867,3390.317555938038
1772911701,10,GET,/api/audio/latency,12.000000,0.000000,2,4,10,14,22,77,310,350,1000,1000,1000,172,0,2,22.72263702324444,1.0632729972712696,1034.433042997989,33.075581395348834
1772911701,10,GET,/api/audio/levels,12.000000,0.000000,4,9,14,19,52,140,250,270,1000,1000,1000,172,0,4,27.649835476611685,1.1447420001786668,1017.5971559983736,76.40116279069767
1772911701,10,GET,/api/audio/levels (during plugin swap),4.000000,0.000000,10,18,20,38,85,240,980,980,980,980,980,50,0,10,50.34106613966287,1.1136499997519422,981.3142680031888,76.64
1772911701,10,GET,/api/audio/levels/plugins,3.900000,0.000000,3,3,4,5,12,77,310,310,310,310,310,48,0,3,26.399053166414888,1.1407120000512805,365.12994499935303,19.958333333333332
1772911701,10,GET,/api/audio/status,9.900000,0.000000,2,4,7,8,15,19,24,31,310,310,310,135,0,2,7.175933281649594,1.0550369988777675,313.8765340008831,168.0
1772911701,10,GET,/api/chains/,4.200000,0.000000,9,19,61,82,250,260,280,280,280,280,280,42,0,8,41.32828088101329,1.4142800027912017,284.3269010008953,1448.0238095238096
1772911701,10,GET,/api/chains/{id},10.000000,0.000000,3,7,10,13,25,72,220,280,990,990,990,138,0,3,20.90741084791354,1.2769730019499548,985.2804170004674,489.5072463768116
1772911701,10,POST,/api/chains/{id}/activate,9.900000,0.000000,3,6,8,10,29,82,330,330,1000,1000,1000,138,0,3,23.90994814482258,1.1923410020244773,1036.1605870020867,52.028985507246375
1772911701,10,POST,/api/chains/{id}/deactivate,9.900000,0.000000,2,3,4,8,17,20,46,310,330,330,330,135,0,2,9.587215792837217,1.2098900006094482,327.7471119981783,61.81481481481482
1772911701,10,POST,/api/plugins/batch/parameters (500 updates),5.200000,0.000000,7,11,14,17,46,200,280,340,340,340,340,81,0,7,26.043178654404468,2.7473410009406507,337.03481200063834,954.3333333333334
1772911701,10,GET,/api/plugins/discover,4.200000,0.000000,16,23,26,32,300,310,310,310,310,310,310,42,0,18,40.08264516665977,11.059404001571238,306.9335649997811,85406.02380952382
1772911701,10,GET,/api/plugins/list,4.200000,0.000000,4,9,19,24,79,310,1000,1000,1000,1000,1000,42,0,2,47.68287504772334,1.157198999862885,1006.7570299979707,46.142857142857146
1772911701,10,POST,/api/plugins/load?uri,4.000000,0.000000,6,11,14,18,20,110,300,300,300,300,300,48,0,6,20.224821416604755,1.3661190023412928,304.2600560002029,2548.875
1772911701,10,POST,/api/plugins/unload?uri,3.900000,0.000000,3,6,12,16,24,25,310,310,310,310,310,48,0,3,14.5755731666668,1.216384996951092,312.4758150006528,110.60416666666667
1772911701,10,,Aggregated,97.300000,0.000000,3,8,11,15,26,83,300,320,1000,1000,1000,1291,0,3,23.313671457792456,1.0550369988777675,1036.1605870020867,3086.089078233927
1772911702,10,GET,/api/audio/latency,14.600000,0.000000,2,4,9,14,24,67,110,310,350,350,350,189,0,2,21.40019131748073,1.0585240015643649,1034.433042997989,33.06878306878307
1772911702,10,GET,/api/audio/levels,14.600000,0.000000,4,9,14,19,65,200,270,320,330,330,330,189,0,4,30.18719410040171,1.1447420001786668,1017.5971559983736,76.43915343915344
1772911702,10,GET,/api/audio/levels (during plugin swap),4.400000,0.000000,7,15,18,20,64,110,270,270,270,270,270,59,0,7,43.035699440532866,1.1136499997519422,981.3142680031888,76.30508474576271
1772911702,10,GET,/api/audio/levels/plugins,4.400000,0.000000,2,3,5,7,26,77,310,310,310,310,310,59,0,3,22.771573745619932,1.1407120000512805,365.12994499935303,19.728813559322035
1772911702,10,GET,/api/audio/status,11.200000,0.000000,2,3,6,9,16,23,350,350,350,350,350,154,0,2,13.407485662509163,1.0550369988777675,347.9726709992974,168.0
1772911702,10,GET,/api/chains/,3.700000,0.000000,9,19,60,61,250,260,280,280,280,280,280,42,0,8,41.32828088101329,1.4142800027912017,284.3269010008953,1448.0238095238096
1772911702,10,GET,/api/chains/{id},11.200000,0.000000,3,7,10,15,32,74,280,300,310,310,310,154,0,3,23.157292006556407,1.2769730019499548,985.2804170004674,488.3636363636364
1772911702,10,POST,/api/chains/{id}/activate,11.200000,0.000000,3,5,7,9,25,81,320,330,330,330,330,154,0,3,21.988235201182786,1.1923410020244773,1036.1605870020867,52.20779220779221
1772911702,10,POST,/api/chains/{id}/deactivate,11.200000,0.000000,2,3,4,8,18,34,46,310,330,330,330,154,0,2,9.462556168917029,1.2098900006094482,327.7471119981783,61.51298701298701
1772911702,10,POST,/api/plugins/batch/parameters (500 updates),6.300000,0.000000,6,10,13,16,40,190,280,340,340,340,340,86,0,6,24.779558662864243,2.7473410009406507,337.03481200063834,952.0697674418604
1772911702,10,GET,/api/plugins/discover,3.700000,0.000000,16,26,32,32,300,310,310,310,310,310,310,42,0,18,40.08264516665977,11.059404001571238,306.9335649997811,85406.02380952382
1772911702,10,GET,/api/plugins/list,3.700000,0.000000,2,9,19,24,46,79,310,310,310,310,310,42,0,2,47.68287504772334,1.157198999862885,1006.7570299979707,46.142857142857146
1772911702,10,POST,/api/plugins/load?uri,4.400000,0.000000,4,11,13,19,110,300,350,350,350,350,350,59,0,4,28.67648277951649,1.3661190023412928,351.46939100013697,2462.2203389830506
1772911702,10,POST,/api/plugins/unload?uri,4.400000,0.000000,3,4,8,15,20,25,310,310,310,310,310,59,0,3,12.834658881529013,1.216384996951092,312.4758150006528,111.10169491525424
1772911702,10,,Aggregated,109.000000,0.000000,3,7,10,15,27,85,300,320,350,350,350,1442,0,3,23.654078809298838,1.0550369988777675,1036.1605870020867,2793.667128987517
1772911703,10,GET,/api/audio/latency,14.600000,0.000000,2,4,9,14,22,38,110,310,310,310,310,189,0,2,21.40019131748073,1.0585240015643649,1034.433042997989,33.06878306878307
1772911703,10,GET,/api/audio/levels,14.600000,0.000000,4,8,13,19,65,210,270,320,330,330,330,189,0,4,30.18719410040171,1.1447420001786668,1017.5971559983736,76.43915343915344
1772911703,10,GET,/api/audio/levels (during plugin swap),4.400000,0.000000,6,10,18,20,64,110,270,270,270,270,270,60,0,6,42.33790313319332,1.1136499997519422,981.3142680031888,76.25
1772911703,10,GET,/api/audio/levels/plugins,4.400000,0.000000,2,3,5,5,23,76,310,310,310,310,310,60,0,3,22.52051533323538,1.1407120000512805,365.12994499935303,19.633333333333333
1772911703,10,GET,/api/audio/status,11.200000,0.000000,2,3,6,8,16,19,350,350,350,350,350,154,0,2,13.407485662509163,1.0550369988777675,347.9726709992974,168.0
1772911703,10,GET,/api/chains/,3.700000,0.000000,4,9,9,60,61,250,250,250,250,250,250,42,0,8,41.32828088101329,1.4142800027912017,284.3269010008953,1448.0238095238096
1772911703,10,GET,/api/chains/{id},11.200000,0.000000,3,7,9,11,23,72,280,300,310,310,310,154,0,3,23.157292006556407,1.2769730019499548,985.2804170004674,488.3636363636364
1772911703,10,POST,/api/chains/{id}/activate,11.200000,0.000000,3,5,7,9,22,76,90,140,330,330,330,154,0,3,21.988235201182786,1.1923410020244773,1036.1605870020867,52.20779220779221
1772911703,10,POST,/api/chains/{id}/deactivate,11.200000,0.000000,2,2,3,6,16,20,46,310,330,330,330,154,0,2,9.462556168917029,1.2098900006094482,327.7471119981783,61.51298701298701
1772911703,10,POST,/api/plugins/batch/parameters (500 updates),6.300000,0.000000,6,9,13,13,26,140,230,280,280,280,280,86,0,6,24.779558662864243,2.7473410009406507,337.03481200063834,952.0697674418604
1772911703,10,GET,/api/plugins/discover,3.700000,0.000000,15,17,26,29,300,310,310,310,310,310,310,42,0,18,40.08264516665977,11.059404001571238,306.9335649997811,85406.02380952382
1772911703,10,GET,/api/plugins/list,3.700000,0.000000,2,5,9,13,19,27,27,27,27,27,27,42,0,2,47.68287504772334,1.157198999862885,1006.7570299979707,46.142857142857146
1772911703,10,POST,/api/plugins/load?uri,4.400000,0.000000,3,7,11,16,22,300,350,350,350,350,350,60,0,4,28.228584783209953,1.3661190023412928,351.46939100013697,2449.116666666667
1772911703,10,POST,/api/plugins/unload?uri,4.400000,0.000000,2,4,7,8,17,25,76,76,76,76,76,59,0,3,12.834658881529013,1.216384996951092,312.4758150006528,111.10169491525424
1772911703,10,,Aggregated,109.000000,0.000000,3,6,9,12,23,76,270,310,350,350,350,1445,0,3,23.61236002492232,1.0550369988777675,1036.1605870020867,2789.087197231834
1772911704,10,GET,/api/audio/latency,17.200000,0.000000,2,4,8,14,27,77,310,310,340,340,340,202,0,2,22.11405653469057,1.0585240015643649,1034.433042997989,33.06435643564357
1772911704,10,GET,/api/audio/levels,17.100000,0.000000,3,8,14,22,120,260,970,970,1000,1000,1000,202,0,4,43.30036681672973,1.1447420001786668,1017.5971559983736,76.53960396039604
1772911704,10,GET,/api/audio/levels (during plugin swap),4.800000,0.000000,6,10,20,38,70,110,270,270,270,270,270,64,0,6,41.55739767173827,1.1136499997519422,981.3142680031888,76.25
1772911704,10,GET,/api/audio/levels/plugins,4.800000,0.000000,3,3,5,11,26,300,320,320,320,320,320,64,0,3,26.503103406128048,1.1407120000512805,365.12994499935303,19.890625
1772911704,10,GET,/api/audio/status,14.600000,0.000000,2,3,7,9,19,310,350,350,350,350,350,166,0,2,20.5150145181933,1.0550369988777675,347.9726709992974,168.0
1772911704,10,GET,/api/chains/,2.800000,0.000000,7,9,60,60,61,250,250,250,250,250,250,42,0,8,41.32828088101329,1.4142800027912017,284.3269010008953,1448.0238095238096
1772911704,10,GET,/api/chains/{id},14.500000,0.000000,4,9,12,20,91,280,910,950,1000,1000,1000,166,0,3,43.12000273500186,1.2769730019499548,1007.453797999915,493.2530120481928
1772911704,10,POST,/api/chains/{id}/activate,14.600000,0.000000,3,7,9,17,31,79,100,140,330,330,330,166,0,3,23.12444090348874,1.1923410020244773,1036.1605870020867,52.31927710843374
1772911704,10,POST,/api/chains/{id}/deactivate,14.500000,0.000000,2,3,4,7,17,20,46,310,330,330,330,166,0,2,9.091618078449953,1.2098900006094482,327.7471119981783,61.397590361445786
1772911704,10,POST,/api/plugins/batch/parameters (500 updates),8.400000,0.000000,6,13,17,20,140,280,1000,1000,1000,1000,1000,97,0,7,56.26153190723457,2.7473410009406507,1015.2338480002072,944.9587628865979
1772911704,10,GET,/api/plugins/discover,2.900000,0.000000,16,26,29,29,300,310,310,310,310,310,310,42,0,18,40.08264516665977,11.059404001571238,306.9335649997811,85406.02380952382
1772911704,10,GET,/api/plugins/list,2.900000,0.000000,2,5,13,13,19,27,27,27,27,27,27,42,0,2,47.68287504772334,1.157198999862885,1006.7570299979707,46.142857142857146
1772911704,10,POST,/api/plugins/load?uri,4.800000,0.000000,3,10,16,19,110,300,350,350,350,350,350,64,0,4,32.26554531244119,1.3661190023412928,351.46939100013697,2378.390625
1772911704,10,POST,/api/plugins/unload?uri,4.800000,0.000000,3,4,8,15,23,25,1000,1000,1000,1000,1000,64,0,3,28.334622687680167,1.216384996951092,1022.8903060015,110.640625
1772911704,10,,Aggregated,128.700000,0.000000,3,7,11,16,42,190,330,350,1000,1000,1000,1547,0,3,31.182018897232535,1.0550369988777675,1036.1605870020867,2622.950872656755
1772911705,10,GET,/api/audio/latency,16.700000,0.000000,2,3,5,8,24,38,110,310,340,340,340,222,0,2,20.288371468497875,1.0585240015643649,1034.433042997989,33.05855855855856
1772911705,10,GET,/api/audio/levels,16.700000,0.000000,2,8,12,19,120,260,330,970,1000,1000,1000,222,0,3,39.825175270216114,1.1447420001786668,1017.5971559983736,76.45495495495496
1772911705,10,GET,/api/audio/levels (during plugin swap),5.100000,0.000000,6,10,20,26,70,110,270,270,270,270,270,69,0,6,38.979124927393876,1.1136499997519422,981.3142680031888,76.01449275362319
1772911705,10,GET,/api/audio/levels/plugins,5.100000,0.000000,2,3,5,11,26,300,320,320,320,320,320,69,0,2,24.685936115744973,1.1407120000512805,365.12994499935303,19.840579710144926
1772911705,10,GET,/api/audio/status,13.900000,0.000000,2,3,5,9,16,310,350,350,350,350,350,187,0,2,18.60869093595775,1.0550369988777675,347.9726709992974,168.0
1772911705,10,GET,/api/chains/,2.300000,0.000000,7,9,60,60,250,250,250,250,250,250,250,42,0,8,41.32828088101329,1.4142800027912017,284.3269010008953,1448.0238095238096
1772911705,10,GET,/api/chains/{id},13.900000,0.000000,3,7,9,15,91,280,910,950,1000,1000,1000,187,0,3,38.623760133767085,1.2769730019499548,1007.453797999915,502.1283422459893
1772911705,10,POST,/api/chains/{id}/activate,13.900000,0.000000,3,5,8,10,25,74,100,140,330,330,330,187,0,3,20.90041642234848,1.1923410020244773,1036.1605870020867,52.64705882352941
1772911705,10,POST,/api/chains/{id}/deactivate,13.900000,0.000000,2,3,4,7,17,20,46,310,330,330,330,187,0,2,8.575226176636889,1.2098900006094482,327.7471119981783,61.331550802139034
1772911705,10,POST,/api/plugins/batch/parameters (500 updates),8.200000,0.000000,6,10,16,20,140,280,1000,1000,1000,1000,1000,108,0,6,51.30984012966009,2.7473410009406507,1015.2338480002072,943.5185185185185
1772911705,10,GET,/api/plugins/discover,2.300000,0.000000,17,26,29,300,310,310,310,310,310,310,310,42,0,18,40.08264516665977,11.059404001571238,306.9335649997811,85406.02380952382
1772911705,10,GET,/api/plugins/list,2.300000,0.000000,2,5,13,13,27,27,27,27,27,27,27,42,0,2,47.68287504772334,1.157198999862885,1006.7570299979707,46.142857142857146
1772911705,10,POST,/api/plugins/load?uri,5.100000,0.000000,3,6,11,16,110,300,350,350,350,350,350,69,0,3,30.056632884014213,1.3661190023412928,351.46939100013697,2325.391304347826
1772911705,10,POST,/api/plugins/unload?uri,5.000000,0.000000,3,4,7,8,18,25,1000,1000,1000,1000,1000,69,0,3,26.385451710350186,1.216384996951092,1022.8903060015,110.59420289855072
1772911705,10,,Aggregated,124.400000,0.000000,3,5,9,12,32,140,320,350,1000,1000,1000,1702,0,3,28.67827045889599,1.0550369988777675,1036.1605870020867,2407.3707403055228
1772911706,10,GET,/api/audio/latency,16.300000,0.000000,2,3,4,7,22,61,110,310,340,340,340,240,0,2,19.180655962478948,1.0585240015643649,1034.433042997989,33.05416666666667
1772911706,10,GET,/api/audio/levels,16.400000,0.000000,3,8,12,18,54,250,330,970,1000,1000,1000,243,0,3,37.32287975305362,1.1447420001786668,1017.5971559983736,76.37037037037037
1772911706,10,GET,/api/audio/levels (during plugin swap),5.100000,0.000000,2,12,24,38,70,110,270,270,270,270,270,71,0,6,38.06675640835622,1.1136499997519422,981.3142680031888,75.92957746478874
1772911706,10,GET,/api/audio/levels/plugins,4.900000,0.000000,2,3,5,8,23,76,320,320,320,320,320,71,0,2,24.037761929359707,1.1407120000512805,365.12994499935303,19.859154929577464
1772911706,10,GET,/api/audio/status,13.400000,0.000000,2,2,5,9,16,310,350,350,350,350,350,201,0,2,17.426704721514742,1.0550369988777675,347.9726709992974,168.0
1772911706,10,GET,/api/chains/,1.500000,0.000000,9,9,60,60,250,250,250,250,250,250,250,42,0,8,41.32828088101329,1.4142800027912017,284.3269010008953,1448.0238095238096
1772911706,10,GET,/api/chains/{id},13.800000,0.000000,3,7,11,18,83,220,910,950,1000,1000,1000,204,0,3,36.51655200498199,1.2769730019499548,1007.453797999915,501.0686274509804
1772911706,10,POST,/api/chains/{id}/activate,13.800000,0.000000,3,6,9,12,24,74,82,100,140,140,140,203,0,3,20.167826349628957,1.1923410020244773,1036.1605870020867,52.73399014778325
1772911706,10,POST,/api/chains/{id}/deactivate,13.400000,0.000000,2,2,3,7,16,19,42,43,46,46,46,201,0,2,8.085619776294102,1.2098900006094482,327.7471119981783,61.37810945273632
1772911706,10,POST,/api/plugins/batch/parameters (500 updates),8.400000,0.000000,7,13,17,20,110,280,1000,1000,1000,1000,1000,118,0,6,48.5366121440967,2.7473410009406507,1015.2338480002072,942.7627118644068
1772911706,10,GET,/api/plugins/discover,1.500000,0.000000,26,26,29,29,300,300,300,300,300,300,300,42,0,18,40.08264516665977,11.059404001571238,306.9335649997811,85406.02380952382
1772911706,10,GET,/api/plugins/list,1.500000,0.000000,5,5,13,13,27,27,27,27,27,27,27,42,0,2,47.68287504772334,1.157198999862885,1006.7570299979707,46.142857142857146
1772911706,10,POST,/api/plugins/load?uri,5.000000,0.000000,3,5,11,11,110,300,350,350,350,350,350,71,0,3,29.26334026758436,1.3661190023412928,351.46939100013697,2316.1267605633802
1772911706,10,POST,/api/plugins/unload?uri,4.900000,0.000000,3,4,7,8,17,23,1000,1000,1000,1000,1000,71,0,3,25.684643873396006,1.216384996951092,1022.8903060015,110.80281690140845
1772911706,10,,Aggregated,119.900000,0.000000,2,5,9,12,35,110,320,350,1000,1000,1000,1820,0,3,27.364960081337944,1.0550369988777675,1036.1605870020867,2266.8604395604398
1772911707,10,GET,/api/audio/latency,16.100000,0.000000,2,2,4,7,25,110,300,310,340,340,340,262,0,2,21.16543607632614,1.0585240015643649,1034.433042997989,33.04961832061068
1772911707,10,GET,/api/audio/levels,16.100000,0.000000,3,8,12,20,82,260,330,970,1000,1000,1000,262,0,3,35.844853648850126,1.085670999600552,1017.5971559983736,76.37404580152672
1772911707,10,GET,/api/audio/levels (during plugin swap),5.200000,0.000000,2,7,24,47,85,240,270,270,270,270,270,75,0,4,36.165566986552825,1.0583909970591776,981.3142680031888,75.77333333333333
1772911707,10,GET,/api/audio/levels/plugins,5.200000,0.000000,2,3,5,11,26,300,320,320,320,320,320,75,0,2,22.83622319975014,1.0451259986439254,365.12994499935303,19.72
1772911707,10,GET,/api/audio/status,13.700000,0.000000,2,2,3,7,19,310,350,350,350,350,350,221,0,2,18.843690755767053,1.0550369988777675,347.9726709992974,168.0
1772911707,10,GET,/api/chains/,1.100000,0.000000,60,60,250,250,250,250,250,250,250,250,250,42,0,8,41.32828088101329,1.4142800027912017,284.3269010008953,1448.0238095238096
1772911707,10,GET,/api/chains/{id},13.700000,0.000000,3,8,15,23,98,280,910,950,1000,1000,1000,221,0,3,37.17407222186785,1.2769730019499548,1007.453797999915,503.2533936651584
1772911707,10,POST,/api/chains/{id}/activate,13.700000,0.000000,3,6,9,13,25,77,100,140,300,300,300,221,0,3,20.248427841513696,1.1923410020244773,1036.1605870020867,52.873303167420815
1772911707,10,POST,/api/chains/{id}/deactivate,13.700000,0.000000,2,2,3,6,17,19,42,43,46,46,46,221,0,2,7.791059927796793,1.1902049991476815,327.7471119981783,61.20814479638009
1772911707,10,POST,/api/plugins/batch/parameters (500 updates),8.600000,0.000000,6,13,18,21,63,230,1000,1000,1000,1000,1000,130,0,6,44.76196504617222,2.739354000368621,1015.2338480002072,943.3384615384615
1772911707,10,GET,/api/plugins/discover,1.100000,0.000000,26,26,300,300,300,300,300,300,300,300,300,42,0,18,40.08264516665977,11.059404001571238,306.9335649997811,85406.02380952382
1772911707,10,GET,/api/plugins/list,1.100000,0.000000,5,5,27,27,27,27,27,27,27,27,27,42,0,2,47.68287504772334,1.157198999862885,1006.7570299979707,46.142857142857146
1772911707,10,POST,/api/plugins/load?uri,5.200000,0.000000,2,4,10,20,290,350,350,350,350,350,350,75,0,3,27.986502506585868,1.3661190023412928,351.46939100013697,2362.6266666666666
1772911707,10,POST,/api/plugins/unload?uri,5.200000,0.000000,2,4,4,7,18,76,1000,1000,1000,1000,1000,75,0,2,24.411516520146204,1.2057919993821997,1022.8903060015,110.74666666666667
1772911707,10,,Aggregated,119.700000,0.000000,2,5,9,14,46,220,320,350,1000,1000,1000,1964,0,3,27.04140993689296,1.0451259986439254,1036.1605870020867,2121.86099796334
1772911708,10,GET,/api/audio/latency,17.200000,0.000000,2,2,3,4,9,35,300,300,340,340,340,282,0,2,19.89340771985637,1.0585240015643649,1034.433042997989,33.04609929078014
1772911708,10,GET,/api/audio/levels,17.200000,0.000000,2,5,9,11,22,52,330,970,1000,1000,1000,282,0,3,33.71332009217775,1.085670999600552,1017.5971559983736,76.36524822695036
1772911708,10,GET,/api/audio/levels (during plugin swap),5.000000,0.000000,2,4,9,16,47,70,85,85,85,85,85,79,0,4,34.52870021504203,1.0583909970591776,981.3142680031888,75.63291139240506
1772911708,10,GET,/api/audio/levels/plugins,5.100000,0.000000,2,3,5,6,22,26,320,320,320,320,320,79,0,2,21.84062393648731,1.0451259986439254,365.12994499935303,19.759493670886076
1772911708,10,GET,/api/audio/status,14.200000,0.000000,2,2,3,4,13,310,350,350,350,350,350,244,0,2,17.31309132797147,1.0550369988777675,347.9726709992974,168.0
1772911708,10,GET,/api/chains/,0.800000,0.000000,60,60,250,250,250,250,250,250,250,250,250,42,0,8,41.32828088101329,1.4142800027912017,284.3269010008953,1448.0238095238096
1772911708,10,GET,/api/chains/{id},14.100000,0.000000,3,7,12,16,72,260,910,950,1000,1000,1000,244,0,3,34.39789791408672,1.2769730019499548,1007.453797999915,505.65983606557376
1772911708,10,POST,/api/chains/{id}/activate,14.200000,0.000000,3,5,8,12,23,73,82,100,300,300,300,244,0,3,18.75055097524801,1.1923410020244773,1036.1605870020867,53.032786885245905
1772911708,10,POST,/api/chains/{id}/deactivate,14.400000,0.000000,2,2,3,4,16,19,42,43,44,44,44,244,0,2,7.51855631572608,1.1902049991476815,327.7471119981783,61.282786885245905
1772911708,10,POST,/api/plugins/batch/parameters (500 updates),8.800000,0.000000,6,10,16,18,46,110,1000,1000,1000,1000,1000,143,0,6,41.21590165036301,2.739354000368621,1015.2338480002072,947.8811188811189
1772911708,10,GET,/api/plugins/discover,0.900000,0.000000,26,26,300,300,300,300,300,300,300,300,300,42,0,18,40.08264516665977,11.059404001571238,306.9335649997811,85406.02380952382
1772911708,10,GET,/api/plugins/list,0.800000,0.000000,5,5,27,27,27,27,27,27,27,27,27,42,0,2,47.68287504772334,1.157198999862885,1006.7570299979707,46.142857142857146
1772911708,10,POST,/api/plugins/load?uri,5.000000,0.000000,2,3,4,7,76,350,350,350,350,350,350,79,0,3,26.71698145561003,1.3661190023412928,351.46939100013697,2339.215189873418
1772911708,10,POST,/api/plugins/unload?uri,5.100000,0.000000,2,3,4,5,17,26,1000,1000,1000,1000,1000,79,0,2,23.589260481204764,1.2057919993821997,1022.8903060015,110.40506329113924
1772911708,10,,Aggregated,122.800000,0.000000,2,4,7,9,22,70,310,350,1000,1000,1000,2125,0,3,25.358787811784115,1.0451259986439254,1036.1605870020867,1980.9557647058823
1772911709,10,GET,/api/audio/latency,17.200000,0.000000,2,2,4,7,69,82,300,320,340,340,340,297,0,2,22.96455965316831,1.0585240015643649,1034.433042997989,33.043771043771045
1772911709,10,GET,/api/audio/levels,17.200000,0.000000,3,8,12,17,45,230,970,970,1000,1000,1000,297,0,3,35.48393817170173,1.085670999600552,1017.5971559983736,76.45791245791246
1772911709,10,GET,/api/audio/levels (during plugin swap),4.600000,0.000000,2,5,9,16,70,130,210,210,210,210,210,82,0,4,37.51283352424408,1.0583909970591776,981.3142680031888,75.85365853658537
1772911709,10,GET,/api/audio/levels/plugins,4.600000,0.000000,2,3,6,8,22,26,320,320,320,320,320,82,0,2,21.33335859731987,1.0451259986439254,365.12994499935303,20.024390243902438
1772911709,10,GET,/api/audio/status,13.700000,0.000000,2,2,3,5,16,310,350,350,350,350,350,250,0,2,18.41511728009209,1.0550369988777675,347.9726709992974,168.0
1772911709,10,GET,/api/chains/,0.600000,0.000000,60,60,250,250,250,250,250,250,250,250,250,42,0,8,41.32828088101329,1.4142800027912017,284.3269010008953,1448.0238095238096
1772911709,10,GET,/api/chains/{id},13.700000,0.000000,3,7,12,18,83,280,910,950,1000,1000,1000,251,0,3,33.91227473720975,1.2769730019499548,1007.453797999915,506.83266932270914
1772911709,10,POST,/api/chains/{id}/activate,13.700000,0.000000,3,5,10,13,25,77,85,100,300,300,300,250,0,3,19.039179591825814,1.1923410020244773,1036.1605870020867,53.0
1772911709,10,POST,/api/chains/{id}/deactivate,13.700000,0.000000,2,2,3,6,17,20,44,86,310,310,310,250,0,2,8.938599656146835,1.1902049991476815,327.7471119981783,61.2
1772911709,10,POST,/api/plugins/batch/parameters (500 updates),8.700000,0.000000,6,13,18,20,57,110,1000,1000,1000,1000,1000,146,0,6,41.234535116441975,2.739354000368621,1015.2338480002072,950.4246575342465
1772911709,10,GET,/api/plugins/discover,0.600000,0.000000,26,26,300,300,300,300,300,300,300,300,300,42,0,18,40.08264516665977,11.059404001571238,306.9335649997811,85406.02380952382
1772911709,10,GET,/api/plugins/list,0.600000,0.000000,5,5,27,27,27,27,27,27,27,27,27,42,0,2,47.68287504772334,1.157198999862885,1006.7570299979707,46.142857142857146
1772911709,10,POST,/api/plugins/load?uri,4.600000,0.000000,2,3,3,17,77,350,350,350,350,350,350,82,0,3,27.558951902436803,1.3661190023412928,351.46939100013697,2292.987804878049
1772911709,10,POST,/api/plugins/unload?uri,4.600000,0.000000,2,3,4,4,17,26,1000,1000,1000,1000,1000,82,0,2,22.826257573331354,1.2057919993821997,1022.8903060015,110.2439024390244
1772911709,10,,Aggregated,118.100000,0.000000,2,4,8,12,39,94,320,350,1000,1000,1000,2195,0,3,26.363811229626716,1.0451259986439254,1036.1605870020867,1924.2751708428245
1772911710,10,GET,/api/audio/latency,16.800000,0.000000,2,2,4,7,69,82,300,320,340,340,340,318,0,2,21.669343132054806,1.0585240015643649,1034.433042997989,33.040880503144656
1772911710,10,GET,/api/audio/levels,16.800000,0.000000,3,8,12,17,52,230,970,970,1000,1000,1000,318,0,4,33.97571660061887,1.085670999600552,1017.5971559983736,76.39308176100629
1772911710,10,GET,/api/audio/levels (during plugin swap),4.100000,0.000000,2,5,12,47,130,220,260,260,260,260,260,87,0,4,40.93688382749077,1.0583909970591776,981.3142680031888,75.98850574712644
1772911710,10,GET,/api/audio/levels/plugins,4.100000,0.000000,2,3,7,10,22,26,320,320,320,320,320,87,0,2,20.43864516068508,1.0451259986439254,365.12994499935303,20.126436781609197
1772911710,10,GET,/api/audio/status,13.900000,0.000000,2,3,3,7,18,310,350,350,350,350,350,268,0,2,17.621591559805324,1.0550369988777675,347.9726709992974,168.0
1772911710,10,GET,/api/chains/,0.300000,0.000000,60,60,250,250,250,250,250,250,250,250,250,42,0,8,41.32828088101329,1.4142800027912017,284.3269010008953,1448.0238095238096
1772911710,10,GET,/api/chains/{id},13.900000,0.000000,3,9,16,25,120,290,910,950,1000,1000,1000,268,0,3,35.07341252998909,1.27383600192843,1007.453797999915,507.63432835820896
1772911710,10,POST,/api/chains/{id}/activate,13.900000,0.000000,3,7,13,16,27,79,100,300,380,380,380,268,0,3,19.63856457820581,1.1923410020244773,1036.1605870020867,53.1865671641791
1772911710,10,POST,/api/chains/{id}/deactivate,14.000000,0.000000,2,3,4,8,16,19,44,86,310,310,310,268,0,2,8.74235010836747,1.1902049991476815,327.7471119981783,61.16044776119403
1772911710,10,POST,/api/plugins/batch/parameters (500 updates),9.000000,0.000000,6,12,20,25,68,220,1000,1000,1000,1000,1000,155,0,6,41.941759477401405,2.739354000368621,1015.2338480002072,949.9290322580645
1772911710,10,GET,/api/plugins/discover,0.300000,0.000000,26,26,300,300,300,300,300,300,300,300,300,42,0,18,40.08264516665977,11.059404001571238,306.9335649997811,85406.02380952382
1772911710,10,GET,/api/plugins/list,0.300000,0.000000,5,5,27,27,27,27,27,27,27,27,27,42,0,2,47.68287504772334,1.157198999862885,1006.7570299979707,46.142857142857146
1772911710,10,POST,/api/plugins/load?uri,4.100000,0.000000,2,3,3,16,77,350,350,350,350,350,350,87,0,3,26.410990735618316,1.3661190023412928,351.46939100013697,2359.4942528735633
1772911710,10,POST,/api/plugins/unload?uri,4.200000,0.000000,2,4,5,8,17,26,1000,1000,1000,1000,1000,87,0,2,21.982756827692985,1.2057919993821997,1022.8903060015,110.34482758620689
1772911710,10,,Aggregated,115.700000,0.000000,2,5,9,14,46,160,330,380,1000,1000,1000,2337,0,3,26.057473107419778,1.0451259986439254,1036.1605870020867,1825.7595207531024
1772911711,10,GET,/api/audio/latency,17.000000,0.000000,2,2,3,5,25,75,300,320,340,340,340,335,0,2,20.795962301488192,1.0585240015643649,1034.433042997989,33.038805970149255
1772911711,10,GET,/api/audio/levels,17.200000,0.000000,3,8,11,15,39,140,300,970,1000,1000,1000,336,0,4,32.57400767856346,1.085670999600552,1017.5971559983736,76.48214285714286
1772911711,10,GET,/api/audio/levels (during plugin swap),4.000000,0.000000,2,4,9,12,130,220,260,260,260,260,260,90,0,3,39.63470241105824,1.0583909970591776,981.3142680031888,75.88888888888889
1772911711,10,GET,/api/audio/levels/plugins,4.100000,0.000000,2,3,4,6,10,22,320,320,320,320,320,90,0,2,19.811632255328327,1.0451259986439254,365.12994499935303,20.211111111111112
1772911711,10,GET,/api/audio/status,15.000000,0.000000,2,3,3,4,15,70,340,340,340,340,340,290,0,2,16.51779271046037,1.0550369988777675,347.9726709992974,168.0
1772911711,10,GET,/api/chains/,0.000000,0.000000,60,60,250,250,250,250,250,250,250,250,250,42,0,8,41.32828088101329,1.4142800027912017,284.3269010008953,1448.0238095238096
1772911711,10,GET,/api/chains/{id},15.000000,0.000000,3,8,13,18,91,200,910,950,1000,1000,1000,294,0,3,32.876951037547265,1.2273779975657817,1007.453797999915,507.48639455782313
1772911711,10,POST,/api/chains/{id}/activate,15.100000,0.000000,3,7,10,15,23,73,100,300,380,380,380,293,0,3,18.555694846324137,1.1923410020244773,1036.1605870020867,53.341296928327644
1772911711,10,POST,/api/chains/{id}/deactivate,14.900000,0.000000,2,2,3,6,14,17,44,86,310,310,310,290,0,2,8.295127410483788,1.1902049991476815,327.7471119981783,61.13793103448276
1772911711,10,POST,/api/plugins/batch/parameters (500 updates),9.400000,0.000000,6,12,18,22,68,200,1000,1000,1000,1000,1000,166,0,6,40.16133151208671,2.739354000368621,1015.2338480002072,951.3614457831326
1772911711,10,GET,/api/plugins/discover,0.000000,0.000000,26,26,300,300,300,300,300,300,300,300,300,42,0,18,40.08264516665977,11.059404001571238,306.9335649997811,85406.02380952382
1772911711,10,GET,/api/plugins/list,0.000000,0.000000,5,5,27,27,27,27,27,27,27,27,27,42,0,2,47.68287504772334,1.157198999862885,1006.7570299979707,46.142857142857146
1772911711,10,POST,/api/plugins/load?uri,4.000000,0.000000,2,3,3,3,69,77,290,290,290,290,290,90,0,3,25.598987066688196,1.3661190023412928,351.46939100013697,2338.777777777778
1772911711,10,POST,/api/plugins/unload?uri,4.100000,0.000000,2,2,5,5,16,26,1000,1000,1000,1000,1000,90,0,2,21.300939544542214,1.2057919993821997,1022.8903060015,110.18888888888888
1772911711,10,,Aggregated,119.800000,0.000000,2,4,8,11,25,87,300,340,1000,1000,1000,2490,0,3,24.847304085574343,1.0451259986439254,1036.1605870020867,1728.8497991967872
1772911712,10,GET,/api/audio/latency,16.100000,0.000000,2,3,4,7,25,75,300,320,340,340,340,353,0,2,20.775268988671204,1.0585240015643649,1034.433042997989,33.036827195467424
1772911712,10,GET,/api/audio/levels,16.100000,0.000000,3,8,11,15,39,140,300,970,1000,1000,1000,353,0,3,31.82350241075116,1.085670999600552,1017.5971559983736,76.46175637393767
1772911712,10,GET,/api/audio/levels (during plugin swap),4.200000,0.000000,2,6,12,24,210,220,260,260,260,260,260,97,0,3,39.25645184531699,1.0583909970591776,981.3142680031888,75.81443298969072
1772911712,10,GET,/api/audio/levels/plugins,4.200000,0.000000,2,2,3,4,10,22,320,320,320,320,320,97,0,2,18.554347927645196,1.0451259986439254,365.12994499935303,20.030927835051546
1772911712,10,GET,/api/audio/status,14.600000,0.000000,2,2,3,5,17,310,320,340,340,340,340,309,0,2,18.726311087501248,1.0550369988777675,347.9726709992974,168.0
1772911712,10,GET,/api/chains/,0.000000,0.000000,60,60,250,250,250,250,250,250,250,250,250,42,0,8,41.32828088101329,1.4142800027912017,284.3269010008953,1448.0238095238096
1772911712,10,GET,/api/chains/{id},14.600000,0.000000,3,7,12,18,91,260,330,950,1000,1000,1000,309,0,3,32.298910029231656,1.2273779975657817,1007.453797999915,506.54368932038835
1772911712,10,POST,/api/chains/{id}/activate,14.600000,0.000000,3,7,10,15,23,73,100,310,380,380,380,309,0,3,18.882376304130645,1.1923410020244773,1036.1605870020867,53.200647249190936
1772911712,10,POST,/api/chains/{id}/deactivate,14.600000,0.000000,2,2,4,7,14,19,42,86,310,310,310,309,0,2,8.207910404662382,1.1902049991476815,327.7471119981783,61.19093851132686
1772911712,10,POST,/api/plugins/batch/parameters (500 updates),8.600000,0.000000,6,12,18,22,68,220,1000,1000,1000,1000,1000,178,0,6,40.37740654497652,2.739354000368621,1015.2338480002072,949.4044943820224
1772911712,10,GET,/api/plugins/discover,0.000000,0.000000,26,26,300,300,300,300,300,300,300,300,300,42,0,18,40.08264516665977,11.059404001571238,306.9335649997811,85406.02380952382
1772911712,10,GET,/api/plugins/list,0.000000,0.000000,5,5,27,27,27,27,27,27,27,27,27,42,0,2,47.68287504772334,1.157198999862885,1006.7570299979707,46.142857142857146
1772911712,10,POST,/api/plugins/load?uri,4.200000,0.000000,3,3,3,13,69,77,290,290,290,290,290,97,0,3,24.184328092852628,1.2765600004058797,351.46939100013697,2300.041237113402
1772911712,10,POST,/api/plugins/unload?uri,4.200000,0.000000,2,3,4,5,16,26,1000,1000,1000,1000,1000,97,0,2,19.937984474306656,1.2057919993821997,1022.8903060015,109.65979381443299
1772911712,10,,Aggregated,116.000000,0.000000,2,4,8,11,27,110,310,340,1000,1000,1000,2634,0,3,24.753867930936924,1.0451259986439254,1036.1605870020867,1649.30675778284
1772911713,10,GET,/api/audio/latency,15.900000,0.000000,2,2,3,5,16,75,300,320,340,340,340,374,0,2,19.767365935852705,1.0465810009918641,1034.433042997989,33.03475935828877
1772911713,10,GET,/api/audio/levels,15.900000,0.000000,3,7,11,12,23,54,220,240,300,300,300,374,0,3,30.341020970556134,1.085670999600552,1017.5971559983736,76.40641711229947
1772911713,10,GET,/api/audio/levels (during plugin swap),4.200000,0.000000,2,6,9,12,210,220,260,260,260,260,260,102,0,3,37.64091540188911,1.0583909970591776,981.3142680031888,75.67647058823529
1772911713,10,GET,/api/audio/levels/plugins,4.200000,0.000000,2,2,3,4,10,14,320,320,320,320,320,102,0,2,17.734752019439874,1.0451259986439254,365.12994499935303,19.99019607843137
1772911713,10,GET,/api/audio/status,15.000000,0.000000,2,2,3,4,16,300,320,340,340,340,340,329,0,2,17.748053495544482,1.0550369988777675,347.9726709992974,168.0
1772911713,10,GET,/api/chains/,0.000000,0.000000,60,60,250,250,250,250,250,250,250,250,250,42,0,8,41.32828088101329,1.4142800027912017,284.3269010008953,1448.0238095238096
1772911713,10,GET,/api/chains/{id},15.000000,0.000000,2,6,9,12,41,130,280,290,330,330,330,329,0,3,30.641703130820652,1.2273779975657817,1007.453797999915,506.1033434650456
1772911713,10,POST,/api/chains/{id}/activate,15.000000,0.000000,3,5,8,10,20,28,85,310,380,380,380,329,0,3,18.02621636469415,1.1923410020244773,1036.1605870020867,53.234042553191486
1772911713,10,POST,/api/chains/{id}/deactivate,15.000000,0.000000,2,2,4,7,14,19,42,86,310,310,310,329,0,2,7.9081124043868645,1.1902049991476815,327.7471119981783,61.24012158054711
1772911713,10,POST,/api/plugins/batch/parameters (500 updates),8.300000,0.000000,6,10,14,18,46,150,220,240,240,240,240,189,0,6,38.6628543862749,2.739354000368621,1015.2338480002072,947.1798941798942
1772911713,10,GET,/api/plugins/discover,0.000000,0.000000,26,26,300,300,300,300,300,300,300,300,300,42,0,18,40.08264516665977,11.059404001571238,306.9335649997811,85406.02380952382
1772911713,10,GET,/api/plugins/list,0.000000,0.000000,5,5,27,27,27,27,27,27,27,27,27,42,0,2,47.68287504772334,1.157198999862885,1006.7570299979707,46.142857142857146
1772911713,10,POST,/api/plugins/load?uri,4.200000,0.000000,3,3,3,13,26,77,290,290,290,290,290,102,0,3,23.31979849027537,1.2765600004058797,351.46939100013697,2271.049019607843
1772911713,10,POST,/api/plugins/unload?uri,4.200000,0.000000,2,2,3,4,5,16,26,26,26,26,26,102,0,2,19.029466607938886,1.2057919993821997,1022.8903060015,109.53921568627452
1772911713,10,,Aggregated,116.900000,0.000000,2,4,7,10,19,69,290,310,340,380,380,2787,0,3,23.64202477219401,1.0451259986439254,1036.1605870020867,1572.2195909580194
1772911714,10,GET,/api/audio/latency,15.900000,0.000000,2,3,4,6,25,75,300,310,320,320,320,374,0,2,19.767365935852705,1.0465810009918641,1034.433042997989,33.03475935828877
1772911714,10,GET,/api/audio/levels,15.900000,0.000000,3,7,11,14,29,69,220,240,300,300,300,374,0,3,30.341020970556134,1.085670999600552,1017.5971559983736,76.40641711229947
1772911714,10,GET,/api/audio/levels (during plugin swap),4.200000,0.000000,3,9,9,12,210,220,260,260,260,260,260,102,0,3,37.64091540188911,1.0583909970591776,981.3142680031888,75.67647058823529
1772911714,10,GET,/api/audio/levels/plugins,4.200000,0.000000,2,2,3,4,7,10,14,14,14,14,14,102,0,2,17.734752019439874,1.0451259986439254,365.12994499935303,19.99019607843137
1772911714,10,GET,/api/audio/status,15.000000,0.000000,2,2,3,4,15,22,320,320,320,320,320,329,0,2,17.748053495544482,1.0550369988777675,347.9726709992974,168.0
1772911714,10,GET,/api/chains/,0.000000,0.000000,60,60,250,250,250,250,250,250,250,250,250,42,0,8,41.32828088101329,1.4142800027912017,284.3269010008953,1448.0238095238096
1772911714,10,GET,/api/chains/{id},15.000000,0.000000,3,6,10,13,41,130,280,280,330,330,330,329,0,3,30.641703130820652,1.2273779975657817,1007.453797999915,506.1033434650456
1772911714,10,POST,/api/chains/{id}/activate,15.000000,0.000000,3,6,9,11,20,28,300,310,380,380,380,329,0,3,18.02621636469415,1.1923410020244773,1036.1605870020867,53.234042553191486
1772911714,10,POST,/api/chains/{id}/deactivate,15.000000,0.000000,2,2,3,6,15,19,44,86,310,310,310,329,0,2,7.9081124043868645,1.1902049991476815,327.7471119981783,61.24012158054711
1772911714,10,POST,/api/plugins/batch/parameters (500 updates),8.300000,0.000000,6,10,14,18,46,68,220,240,240,240,240,189,0,6,38.6628543862749,2.739354000368621,1015.2338480002072,947.1798941798942
1772911714,10,GET,/api/plugins/discover,0.000000,0.000000,26,26,300,300,300,300,300,300,300,300,300,42,0,18,40.08264516665977,11.059404001571238,306.9335649997811,85406.02380952382
1772911714,10,GET,/api/plugins/list,0.000000,0.000000,5,5,27,27,27,27,27,27,27,27,27,42,0,2,47.68287504772334,1.157198999862885,1006.7570299979707,46.142857142857146
1772911714,10,POST,/api/plugins/load?uri,4.200000,0.000000,3,3,3,13,24,69,77,77,77,77,77,102,0,3,23.31979849027537,1.2765600004058797,351.46939100013697,2271.049019607843
1772911714,10,POST,/api/plugins/unload?uri,4.200000,0.000000,2,2,3,4,5,16,26,26,26,26,26,102,0,2,19.029466607938886,1.2057919993821997,1022.8903060015,109.53921568627452
1772911714,10,,Aggregated,116.900000,0.000000,2,4,7,10,19,69,240,300,330,380,380,2787,0,3,23.64202477219401,1.0451259986439254,1036.1605870020867,1572.2195909580194
1772911715,10,GET,/api/audio/latency,17.800000,0.000000,2,3,6,9,69,77,300,310,320,320,320,389,0,2,20.015745367630757,1.0465810009918641,1034.433042997989,33.03341902313625
1772911715,10,GET,/api/audio/levels,17.900000,0.000000,4,9,14,17,69,230,920,1000,1100,1100,1100,389,0,3,41.387479868857774,1.085670999600552,1074.153876001219,76.54241645244215
1772911715,10,GET,/api/audio/levels (during plugin swap),4.200000,0.000000,2,6,9,17,210,260,990,990,990,990,990,113,0,3,46.7819763627985,1.0583909970591776,990.0027369985764,75.99115044247787
1772911715,10,GET,/api/audio/levels/plugins,4.200000,0.000000,2,3,4,5,8,10,19,19,19,19,19,113,0,2,16.435994955569925,1.0451259986439254,365.12994499935303,19.75221238938053
1772911715,10,GET,/api/audio/status,16.700000,0.000000,2,2,4,5,17,70,320,320,320,320,320,339,0,2,17.41899811220553,1.0550369988777675,347.9726709992974,168.0
1772911715,10,GET,/api/chains/,0.000000,0.000000,60,60,250,250,250,250,250,250,250,250,250,42,0,8,41.32828088101329,1.4142800027912017,284.3269010008953,1448.0238095238096
1772911715,10,GET,/api/chains/{id},16.700000,0.000000,3,7,12,17,130,280,1000,1000,1100,1100,1100,339,0,3,43.640839719907405,1.2273779975657817,1056.3935520003724,504.4041297935103
1772911715,10,POST,/api/chains/{id}/activate,16.700000,0.000000,4,7,11,15,22,85,300,310,380,380,380,339,0,3,18.782541973426717,1.1923410020244773,1036.1605870020867,53.064896755162245
1772911715,10,POST,/api/chains/{id}/deactivate,16.700000,0.000000,2,3,4,7,15,19,86,310,310,310,310,339,0,2,8.71663360190176,1.1902049991476815,327.7471119981783,61.26253687315634
1772911715,10,POST,/api/plugins/batch/parameters (500 updates),9.800000,0.000000,7,12,17,19,60,200,240,1100,1100,1100,1100,198,0,6,43.21952615659158,2.739354000368621,1112.417002001166,948.5151515151515
1772911715,10,GET,/api/plugins/discover,0.000000,0.000000,26,26,300,300,300,300,300,300,300,300,300,42,0,18,40.08264516665977,11.059404001571238,306.9335649997811,85406.02380952382
1772911715,10,GET,/api/plugins/list,0.000000,0.000000,5,5,27,27,27,27,27,27,27,27,27,42,0,2,47.68287504772334,1.157198999862885,1006.7570299979707,46.142857142857146
1772911715,10,POST,/api/plugins/load?uri,4.200000,0.000000,3,3,5,16,24,69,80,80,80,80,80,113,0,3,22.226028451430757,1.2765600004058797,351.46939100013697,2324.4424778761063
1772911715,10,POST,/api/plugins/unload?uri,4.300000,0.000000,2,3,5,5,9,16,26,26,26,26,26,113,0,2,17.650767035525554,1.2057919993821997,1022.8903060015,109.53097345132744
1772911715,10,,Aggregated,129.200000,0.000000,3,5,9,12,27,140,300,330,1100,1100,1100,2910,0,3,27.332121868085963,1.0451259986439254,1112.417002001166,1523.2986254295533
1772911716,10,GET,/api/audio/latency,18.100000,0.000000,2,3,5,7,25,75,87,310,320,320,320,410,0,2,19.14073373172425,1.0465810009918641,1034.433042997989,33.03170731707317
1772911716,10,GET,/api/audio/levels,18.000000,0.000000,3,8,11,14,45,230,920,1000,1100,1100,1100,410,0,3,39.55621213655565,1.085670999600552,1074.153876001219,76.48780487804878
1772911716,10,GET,/api/audio/levels (during plugin swap),3.900000,0.000000,3,6,9,12,210,260,990,990,990,990,990,121,0,3,43.93160599169624,1.0583909970591776,990.0027369985764,75.79338842975207
1772911716,10,GET,/api/audio/levels/plugins,4.100000,0.000000,2,3,4,5,10,10,19,19,19,19,19,121,0,2,15.529752388258112,1.0451259986439254,365.12994499935303,19.694214876033058
1772911716,10,GET,/api/audio/status,17.200000,0.000000,2,3,4,5,13,18,320,320,320,320,320,359,0,2,16.660906058598897,1.0550369988777675,347.9726709992974,168.0
1772911716,10,GET,/api/chains/,0.000000,0.000000,0,0,0,0,0,0,0,0,0,0,0,42,0,8,41.32828088101329,1.4142800027912017,284.3269010008953,1448.0238095238096
1772911716,10,GET,/api/chains/{id},16.800000,0.000000,3,7,10,13,46,270,1000,1000,1100,1100,1100,359,0,3,41.538368370600026,1.2273779975657817,1056.3935520003724,503.65181058495824
1772911716,10,POST,/api/chains/{id}/activate,16.800000,0.000000,4,8,11,14,20,70,94,310,380,380,380,359,0,3,18.080219635070698,1.1923410020244773,1036.1605870020867,53.033426183844014
1772911716,10,POST,/api/chains/{id}/deactivate,17.200000,0.000000,2,3,3,5,13,19,86,310,310,310,310,359,0,2,8.343749181171269,1.1902049991476815,327.7471119981783,61.30362116991643
1772911716,10,POST,/api/plugins/batch/parameters (500 updates),9.500000,0.000000,6,12,15,18,46,200,240,1100,1100,1100,1100,210,0,6,41.26838952853134,2.739354000368621,1112.417002001166,946.8285714285714
1772911716,10,GET,/api/plugins/discover,0.000000,0.000000,0,0,0,0,0,0,0,0,0,0,0,42,0,18,40.08264516665977,11.059404001571238,306.9335649997811,85406.02380952382
1772911716,10,GET,/api/plugins/list,0.000000,0.000000,0,0,0,0,0,0,0,0,0,0,0,42,0,2,47.68287504772334,1.157198999862885,1006.7570299979707,46.142857142857146
1772911716,10,POST,/api/plugins/load?uri,4.000000,0.000000,3,3,3,5,24,69,80,80,80,80,80,121,0,3,20.918574231442964,1.2765600004058797,351.46939100013697,2392.9421487603304
1772911716,10,POST,/api/plugins/unload?uri,4.100000,0.000000,2,4,5,5,14,17,26,26,26,26,26,121,0,2,16.80908418200503,1.2057919993821997,1022.8903060015,109.50413223140495
1772911716,10,,Aggregated,129.700000,0.000000,3,5,8,10,19,77,280,330,1100,1100,1100,3076,0,3,26.10327197987905,1.0451259986439254,1112.417002001166,1459.7090377113134
1772911717,10,GET,/api/audio/latency,16.800000,0.000000,2,3,6,9,70,81,310,320,320,320,320,431,0,2,20.28692631326654,1.0465810009918641,1034.433042997989,33.030162412993036
1772911717,10,GET,/api/audio/levels,16.800000,0.000000,4,8,12,15,69,230,920,1000,1100,1100,1100,431,0,4,38.58714579114866,1.085670999600552,1074.153876001219,76.5893271461717
1772911717,10,GET,/api/audio/levels (during plugin swap),3.800000,0.000000,3,9,16,130,210,260,990,990,990,990,990,125,0,3,46.06154835197958,1.0583909970591776,990.0027369985764,75.912
1772911717,10,GET,/api/audio/levels/plugins,3.800000,0.000000,2,3,4,4,10,10,19,19,19,19,19,123,0,2,15.311072609590592,1.0451259986439254,365.12994499935303,19.70731707317073
1772911717,10,GET,/api/audio/status,15.400000,0.000000,2,3,4,7,16,70,320,320,320,320,320,369,0,2,18.028492208756457,1.0550369988777675,347.9726709992974,168.0
1772911717,10,GET,/api/chains/,0.000000,0.000000,0,0,0,0,0,0,0,0,0,0,0,42,0,8,41.32828088101329,1.4142800027912017,284.3269010008953,1448.0238095238096
1772911717,10,GET,/api/chains/{id},15.400000,0.000000,3,8,11,16,57,280,1000,1000,1100,1100,1100,369,0,3,40.83867527923558,1.2273779975657817,1056.3935520003724,503.0731707317073
1772911717,10,POST,/api/chains/{id}/activate,15.400000,0.000000,4,8,11,17,23,85,310,340,380,380,380,369,0,3,19.092771346870272,1.1923410020244773,1036.1605870020867,53.018970189701896
1772911717,10,POST,/api/chains/{id}/deactivate,15.400000,0.000000,2,3,4,6,14,19,86,310,310,310,310,367,0,2,8.349702381577684,1.1902049991476815,327.7471119981783,61.31880108991825
1772911717,10,POST,/api/plugins/batch/parameters (500 updates),8.800000,0.000000,9,14,18,20,68,220,290,1100,1100,1100,1100,220,0,7,41.76588390905222,2.739354000368621,1112.417002001166,947.0
1772911717,10,GET,/api/plugins/discover,0.000000,0.000000,0,0,0,0,0,0,0,0,0,0,0,42,0,18,40.08264516665977,11.059404001571238,306.9335649997811,85406.02380952382
1772911717,10,GET,/api/plugins/list,0.000000,0.000000,0,0,0,0,0,0,0,0,0,0,0,42,0,2,47.68287504772334,1.157198999862885,1006.7570299979707,46.142857142857146
1772911717,10,POST,/api/plugins/load?uri,3.800000,0.000000,3,3,5,16,25,69,80,80,80,80,80,125,0,3,20.704418320034165,1.2765600004058797,351.46939100013697,2376.848
1772911717,10,POST,/api/plugins/unload?uri,3.800000,0.000000,2,4,5,5,12,16,19,19,19,19,19,123,0,2,16.644261455484212,1.2057919993821997,1022.8903060015,109.4390243902439
1772911717,10,,Aggregated,119.200000,0.000000,3,5,9,12,26,130,310,340,1100,1100,1100,3178,0,3,26.460972092860356,1.0451259986439254,1112.417002001166,1421.5129011957206
1772911718,10,GET,/api/audio/latency,16.700000,0.000000,2,3,5,7,24,77,310,320,320,320,320,454,0,2,19.461139099154337,1.0465810009918641,1034.433042997989,33.02863436123348
1772911718,10,GET,/api/audio/levels,16.700000,0.000000,4,8,11,14,44,220,920,1000,1100,1100,1100,454,0,3,36.94693484359583,1.085670999600552,1074.153876001219,76.52202643171806
1772911718,10,GET,/api/audio/levels (during plugin swap),4.600000,0.000000,3,8,10,17,210,260,270,990,990,990,990,134,0,3,43.202119425328796,1.0583909970591776,990.0027369985764,75.71641791044776
1772911718,10,GET,/api/audio/levels/plugins,4.600000,0.000000,2,3,4,6,10,19,19,21,21,21,21,133,0,2,14.651554466000473,1.0451259986439254,365.12994499935303,19.76691729323308
1772911718,10,GET,/api/audio/status,15.400000,0.000000,2,3,4,7,16,110,320,320,320,320,320,383,0,2,17.75888955361084,1.0550369988777675,347.9726709992974,168.0
1772911718,10,GET,/api/chains/,0.000000,0.000000,0,0,0,0,0,0,0,0,0,0,0,42,0,8,41.32828088101329,1.4142800027912017,284.3269010008953,1448.0238095238096
1772911718,10,GET,/api/chains/{id},15.400000,0.000000,4,9,13,18,60,280,1000,1000,1100,1100,1100,383,0,3,39.99391062410362,1.2273779975657817,1056.3935520003724,500.289817232376
1772911718,10,POST,/api/chains/{id}/activate,15.400000,0.000000,4,8,14,17,22,81,310,340,380,380,380,383,0,3,18.76983245690595,1.1923410020244773,1036.1605870020867,53.07832898172324
1772911718,10,POST,/api/chains/{id}/deactivate,15.400000,0.000000,2,3,4,7,16,24,86,310,310,310,310,383,0,2,8.293838553642338,1.1902049991476815,327.7471119981783,61.281984334203656
1772911718,10,POST,/api/plugins/batch/parameters (500 updates),9.000000,0.000000,8,12,17,19,68,220,290,1100,1100,1100,1100,229,0,7,40.36258153272521,2.739354000368621,1112.417002001166,948.9650655021834
1772911718,10,GET,/api/plugins/discover,0.000000,0.000000,0,0,0,0,0,0,0,0,0,0,0,42,0,18,40.08264516665977,11.059404001571238,306.9335649997811,85406.02380952382
1772911718,10,GET,/api/plugins/list,0.000000,0.000000,0,0,0,0,0,0,0,0,0,0,0,42,0,2,47.68287504772334,1.157198999862885,1006.7570299979707,46.142857142857146
1772911718,10,POST,/api/plugins/load?uri,4.600000,0.000000,3,3,3,13,25,69,77,80,80,80,80,134,0,3,19.488543805986843,1.2765600004058797,351.46939100013697,2304.4701492537315
1772911718,10,POST,/api/plugins/unload?uri,4.600000,0.000000,2,3,5,5,9,16,17,19,19,19,19,132,0,2,15.70906430317171,1.2057919993821997,1022.8903060015,109.0530303030303
1772911718,10,,Aggregated,122.400000,0.000000,3,5,9,12,22,110,310,340,1100,1100,1100,3328,0,3,25.595476850092233,1.0451259986439254,1112.417002001166,1367.9630408653845
1772911719,10,GET,/api/audio/latency,17.200000,0.000000,2,3,4,6,18,75,81,320,320,320,320,477,0,2,18.70868554509897,1.0465810009918641,1034.433042997989,33.0272536687631
1772911719,10,GET,/api/audio/levels,17.400000,0.000000,3,7,10,12,22,150,920,1000,1100,1100,1100,477,0,3,35.43332026204951,1.085670999600552,1074.153876001219,76.43396226415095
1772911719,10,GET,/api/audio/levels (during plugin swap),4.800000,0.000000,2,3,8,9,170,210,270,990,990,990,990,144,0,2,40.35693747914593,1.0583909970591776,990.0027369985764,75.88888888888889
1772911719,10,GET,/api/audio/levels/plugins,4.800000,0.000000,2,3,4,4,16,19,21,49,49,49,49,144,0,2,14.208136201154453,1.0451259986439254,365.12994499935303,19.59722222222222
1772911719,10,GET,/api/audio/status,15.100000,0.000000,2,3,4,5,11,22,320,320,320,320,320,400,0,2,17.12903002759049,1.0550369988777675,347.9726709992974,168.0
1772911719,10,GET,/api/chains/,0.000000,0.000000,0,0,0,0,0,0,0,0,0,0,0,42,0,8,41.32828088101329,1.4142800027912017,284.3269010008953,1448.0238095238096
1772911719,10,GET,/api/chains/{id},15.300000,0.000000,3,8,11,14,27,71,1000,1000,1100,1100,1100,401,0,3,38.53935503997164,1.2273779975657817,1056.3935520003724,500.24688279301745
1772911719,10,POST,/api/chains/{id}/activate,15.100000,0.000000,4,8,11,16,21,81,94,310,340,340,340,400,0,3,18.189679159986554,1.1923410020244773,1036.1605870020867,53.06
1772911719,10,POST,/api/chains/{id}/deactivate,15.100000,0.000000,2,3,4,5,15,22,36,42,310,310,310,400,0,2,8.146721055099988,1.1902049991476815,327.7471119981783,61.3125
1772911719,10,POST,/api/plugins/batch/parameters (500 updates),9.200000,0.000000,8,12,15,18,44,71,290,1100,1100,1100,1100,238,0,6,39.16105961759952,2.739354000368621,1112.417002001166,948.2605042016806
1772911719,10,GET,/api/plugins/discover,0.000000,0.000000,0,0,0,0,0,0,0,0,0,0,0,42,0,18,40.08264516665977,11.059404001571238,306.9335649997811,85406.02380952382
1772911719,10,GET,/api/plugins/list,0.000000,0.000000,0,0,0,0,0,0,0,0,0,0,0,42,0,2,47.68287504772334,1.157198999862885,1006.7570299979707,46.142857142857146
1772911719,10,POST,/api/plugins/load?uri,4.800000,0.000000,3,3,3,4,24,26,50,80,80,80,80,144,0,3,18.642096631942373,1.2765600004058797,351.46939100013697,2258.277777777778
1772911719,10,POST,/api/plugins/unload?uri,4.800000,0.000000,2,3,4,5,9,17,18,19,19,19,19,144,0,2,14.743116312628343,1.196782999613788,1022.8903060015,108.84027777777777
1772911719,10,,Aggregated,123.600000,0.000000,3,4,8,10,19,54,280,320,1100,1100,1100,3495,0,3,24.62755460574708,1.0451259986439254,1112.417002001166,1314.9842632331902
1772911720,10,GET,/api/audio/latency,16.900000,0.000000,2,3,6,7,21,77,160,320,320,320,320,483,0,2,19.245909072483027,1.0465810009918641,1034.433042997989,33.08074534161491
1772911720,10,GET,/api/audio/levels,16.900000,0.000000,3,8,12,15,80,240,920,1000,1100,1100,1100,483,0,3,37.073611109712445,1.085670999600552,1074.153876001219,76.49896480331263
1772911720,10,GET,/api/audio/levels (during plugin swap),5.500000,0.000000,2,3,9,10,170,210,270,990,990,990,990,145,0,3,40.85942748961629,1.0583909970591776,990.0027369985764,75.95862068965518
1772911720,10,GET,/api/audio/levels/plugins,5.500000,0.000000,2,3,4,6,16,19,21,49,49,49,49,145,0,2,14.149718206643794,1.0451259986439254,365.12994499935303,19.648275862068967
1772911720,10,GET,/api/audio/status,14.000000,0.000000,2,3,4,7,14,110,320,320,320,320,320,406,0,2,17.363529130638682,1.0550369988777675,347.9726709992974,168.0320197044335
1772911720,10,GET,/api/chains/,0.000000,0.000000,0,0,0,0,0,0,0,0,0,0,0,42,0,8,41.32828088101329,1.4142800027912017,284.3269010008953,1448.0238095238096
1772911720,10,GET,/api/chains/{id},14.000000,0.000000,5,10,13,19,64,280,1000,1000,1100,1100,1100,406,0,3,39.52523308628416,1.2273779975657817,1056.3935520003724,499.40147783251234
1772911720,10,POST,/api/chains/{id}/activate,14.000000,0.000000,5,9,17,20,31,94,160,310,340,340,340,406,0,3,19.52501038176885,1.1923410020244773,1036.1605870020867,52.916256157635466
1772911720,10,POST,/api/chains/{id}/deactivate,14.000000,0.000000,2,3,5,7,17,36,360,360,380,380,380,406,0,2,11.507183532114427,1.1902049991476815,384.24487299926113,61.26108374384236
1772911720,10,POST,/api/plugins/batch/parameters (500 updates),8.700000,0.000000,8,14,18,20,68,240,290,1100,1100,1100,1100,241,0,7,40.9189510953874,2.739354000368621,1112.417002001166,947.9377593360996
1772911720,10,GET,/api/plugins/discover,0.000000,0.000000,0,0,0,0,0,0,0,0,0,0,0,42,0,18,40.08264516665977,11.059404001571238,306.9335649997811,85406.02380952382
1772911720,10,GET,/api/plugins/list,0.000000,0.000000,0,0,0,0,0,0,0,0,0,0,0,42,0,2,47.68287504772334,1.157198999862885,1006.7570299979707,46.142857142857146
1772911720,10,POST,/api/plugins/load?uri,5.500000,0.000000,3,3,3,5,24,26,50,80,80,80,80,145,0,3,18.565048413789743,1.2765600004058797,351.46939100013697,2252.648275862069
1772911720,10,POST,/api/plugins/unload?uri,5.500000,0.000000,2,3,5,5,10,17,18,19,19,19,19,145,0,2,14.71476757252621,1.196782999613788,1022.8903060015,108.86896551724138
1772911720,10,,Aggregated,120.500000,0.000000,3,5,9,13,25,130,310,380,1100,1100,1100,3537,0,3,25.723365208107502,1.0451259986439254,1112.417002001166,1301.8956743002545
1772911721,10,GET,/api/audio/latency,18.200000,0.000000,2,3,5,7,20,77,160,320,320,320,320,499,0,2,18.753245967935598,1.0465810009918641,1034.433042997989,33.078156312625254
1772911721,10,GET,/api/audio/levels,18.000000,0.000000,3,8,12,15,80,250,920,1000,1100,1100,1100,499,0,3,36.58465505609702,1.085670999600552,1074.153876001219,76.46492985971943
1772911721,10,GET,/api/audio/levels (during plugin swap),6.000000,0.000000,2,3,8,9,110,210,270,990,990,990,990,153,0,2,40.43976447704397,1.0583909970591776,990.0027369985764,75.97385620915033
1772911721,10,GET,/api/audio/levels/plugins,6.000000,0.000000,2,3,3,5,13,19,21,49,49,49,49,153,0,2,13.555152032447689,1.0451259986439254,365.12994499935303,19.522875816993466
1772911721,10,GET,/api/audio/status,14.300000,0.000000,2,3,4,7,16,22,150,320,320,320,320,432,0,2,16.70703103713499,1.0550369988777675,347.9726709992974,168.03009259259258
1772911721,10,GET,/api/chains/,0.000000,0.000000,0,0,0,0,0,0,0,0,0,0,0,42,0,8,41.32828088101329,1.4142800027912017,284.3269010008953,1448.0238095238096
1772911721,10,GET,/api/chains/{id},14.200000,0.000000,5,10,15,21,130,280,1000,1000,1100,1100,1100,432,0,3,40.14839220145337,1.2273779975657817,1056.3935520003724,503.7291666666667
1772911721,10,POST,/api/chains/{id}/activate,14.200000,0.000000,4,8,17,20,26,94,160,160,340,340,340,432,0,3,18.992751347207527,1.176350997411646,1036.1605870020867,52.995370370370374
1772911721,10,POST,/api/chains/{id}/deactivate,14.400000,0.000000,2,3,4,6,16,26,360,360,380,380,380,432,0,2,11.036028976967053,1.1902049991476815,384.24487299926113,61.30555555555556
1772911721,10,POST,/api/plugins/batch/parameters (500 updates),8.900000,0.000000,10,14,19,21,55,230,290,1100,1100,1100,1100,257,0,7,40.8526460583312,2.739354000368621,1112.417002001166,948.6264591439689
1772911721,10,GET,/api/plugins/discover,0.000000,0.000000,0,0,0,0,0,0,0,0,0,0,0,42,0,18,40.08264516665977,11.059404001571238,306.9335649997811,85406.02380952382
1772911721,10,GET,/api/plugins/list,0.000000,0.000000,0,0,0,0,0,0,0,0,0,0,0,42,0,2,47.68287504772334,1.157198999862885,1006.7570299979707,46.142857142857146
1772911721,10,POST,/api/plugins/load?uri,6.000000,0.000000,2,3,3,4,19,25,50,80,80,80,80,153,0,3,17.826693777773517,1.2765600004058797,351.46939100013697,2267.9607843137255
1772911721,10,POST,/api/plugins/unload?uri,6.000000,0.000000,2,3,4,5,10,15,18,19,19,19,19,153,0,2,14.120058058990276,1.196782999613788,1022.8903060015,108.59477124183006
1772911721,10,,Aggregated,126.200000,0.000000,3,5,9,12,23,110,290,360,1100,1100,1100,3721,0,3,25.32054111531328,1.0451259986439254,1112.417002001166,1253.9825315775329
1772911722,10,GET,/api/audio/latency,17.100000,0.000000,3,4,6,8,21,77,160,320,320,320,320,513,0,2,18.383794910337475,1.0465810009918641,1034.433042997989,33.07602339181287
1772911722,10,GET,/api/audio/levels,17.100000,0.000000,3,9,14,20,84,250,930,1000,1100,1100,1100,516,0,3,35.92554493601809,1.0814679990289733,1074.153876001219,76.47674418604652
1772911722,10,GET,/api/audio/levels (during plugin swap),5.800000,0.000000,3,6,9,9,110,210,270,990,990,990,990,158,0,3,39.561333348029635,1.0583909970591776,990.0027369985764,75.9620253164557
1772911722,10,GET,/api/audio/levels/plugins,5.800000,0.000000,2,3,4,6,15,19,21,49,49,49,49,158,0,2,13.381315392196692,1.0451259986439254,365.12994499935303,19.5126582278481
1772911722,10,GET,/api/audio/status,14.500000,0.000000,3,4,7,10,18,23,150,320,320,320,320,445,0,2,16.592064898978105,1.0550369988777675,347.9726709992974,168.02921348314607
1772911722,10,GET,/api/chains/,0.000000,0.000000,0,0,0,0,0,0,0,0,0,0,0,42,0,8,41.32828088101329,1.4142800027912017,284.3269010008953,1448.0238095238096
1772911722,10,GET,/api/chains/{id},14.500000,0.000000,7,12,19,21,130,280,1000,1000,1100,1100,1100,445,0,3,39.13739411241448,1.2273779975657817,1056.3935520003724,503.98426966292135
1772911722,10,POST,/api/chains/{id}/activate,14.500000,0.000000,6,11,18,20,48,94,160,160,340,340,340,445,0,4,18.76860220895804,1.176350997411646,1036.1605870020867,53.0314606741573
1772911722,10,POST,/api/chains/{id}/deactivate,14.200000,0.000000,2,4,6,7,16,36,360,360,380,380,380,444,0,2,11.056911477574324,1.1902049991476815,384.24487299926113,61.32432432432432
1772911722,10,POST,/api/plugins/batch/parameters (500 updates),9.000000,0.000000,10,17,20,24,68,230,290,1100,1100,1100,1100,273,0,7,39.74541396706667,2.739354000368621,1112.417002001166,952.1062271062272
1772911722,10,GET,/api/plugins/discover,0.000000,0.000000,0,0,0,0,0,0,0,0,0,0,0,42,0,18,40.08264516665977,11.059404001571238,306.9335649997811,85406.02380952382
1772911722,10,GET,/api/plugins/list,0.000000,0.000000,0,0,0,0,0,0,0,0,0,0,0,42,0,2,47.68287504772334,1.157198999862885,1006.7570299979707,46.142857142857146
1772911722,10,POST,/api/plugins/load?uri,5.800000,0.000000,3,3,4,5,19,25,50,80,80,80,80,158,0,3,17.466022670892535,1.2765600004058797,351.46939100013697,2226.3860759493673
1772911722,10,POST,/api/plugins/unload?uri,5.800000,0.000000,2,3,4,5,11,15,18,19,19,19,19,158,0,2,13.80944177232973,1.196782999613788,1022.8903060015,108.30379746835443
1772911722,10,,Aggregated,124.100000,0.000000,3,7,11,15,26,130,290,360,1100,1100,1100,3839,0,3,24.904473419403026,1.0451259986439254,1112.417002001166,1224.2776764782495
1772911723,10,GET,/api/audio/latency,16.000000,0.000000,3,4,6,9,24,81,320,390,390,390,390,532,0,2,20.045791669174907,1.0465810009918641,1034.433042997989,33.07330827067669
1772911723,10,GET,/api/audio/levels,16.000000,0.000000,3,9,13,16,110,280,920,1000,1100,1100,1100,532,0,3,36.00726241539202,1.0814679990289733,1074.153876001219,76.46992481203007
1772911723,10,GET,/api/audio/levels (during plugin swap),6.300000,0.000000,2,5,8,13,170,240,270,990,990,990,990,162,0,3,39.667068327078056,1.0583909970591776,990.0027369985764,76.04938271604938
1772911723,10,GET,/api/audio/levels/plugins,6.300000,0.000000,2,3,6,8,16,19,21,49,49,49,49,162,0,2,13.132734129433146,1.0451259986439254,365.12994499935303,19.617283950617285
1772911723,10,GET,/api/audio/status,13.400000,0.000000,2,4,7,8,16,23,150,320,320,320,320,461,0,2,16.08521371811128,1.0550369988777675,347.9726709992974,168.0281995661605
1772911723,10,GET,/api/chains/,0.000000,0.000000,0,0,0,0,0,0,0,0,0,0,0,42,0,8,41.32828088101329,1.4142800027912017,284.3269010008953,1448.0238095238096
1772911723,10,GET,/api/chains/{id},13.500000,0.000000,5,12,18,21,130,280,1000,1000,1100,1100,1100,461,0,3,38.31490119093415,1.2273779975657817,1056.3935520003724,506.41431670282
1772911723,10,POST,/api/chains/{id}/activate,13.500000,0.000000,5,10,17,19,44,94,160,160,340,340,340,461,0,3,18.26741556180261,1.176350997411646,1036.1605870020867,53.11062906724512
1772911723,10,POST,/api/chains/{id}/deactivate,13.400000,0.000000,2,3,5,7,16,88,360,380,390,390,390,461,0,2,11.569767707235073,1.1902049991476815,386.5213729986863,61.240780911062906
1772911723,10,POST,/api/plugins/batch/parameters (500 updates),9.200000,0.000000,11,18,21,25,68,250,360,1100,1100,1100,1100,283,0,7,40.476393826905834,2.739354000368621,1112.417002001166,953.1837455830389
1772911723,10,GET,/api/plugins/discover,0.000000,0.000000,0,0,0,0,0,0,0,0,0,0,0,42,0,18,40.08264516665977,11.059404001571238,306.9335649997811,85406.02380952382
1772911723,10,GET,/api/plugins/list,0.000000,0.000000,0,0,0,0,0,0,0,0,0,0,0,42,0,2,47.68287504772334,1.157198999862885,1006.7570299979707,46.142857142857146
1772911723,10,POST,/api/plugins/load?uri,6.300000,0.000000,3,3,5,5,19,25,50,80,80,80,80,162,0,3,17.211702617288086,1.2765600004058797,351.46939100013697,2237.043209876543
1772911723,10,POST,/api/plugins/unload?uri,6.300000,0.000000,2,3,5,5,12,17,18,19,19,19,19,161,0,2,13.587100174088574,1.196782999613788,1022.8903060015,108.29813664596273
1772911723,10,,Aggregated,120.200000,0.000000,3,7,10,15,26,150,320,390,1100,1100,1100,3964,0,3,24.989849970254962,1.0451259986439254,1112.417002001166,1194.9558526740666
1772911724,10,GET,/api/audio/latency,16.700000,0.000000,2,3,4,6,18,81,320,390,390,390,390,548,0,2,19.564436268271233,1.0465810009918641,1034.433042997989,33.07116788321168
1772911724,10,GET,/api/audio/levels,16.700000,0.000000,3,8,10,12,30,84,250,310,350,350,350,548,0,3,35.06189971712093,1.0814679990289733,1074.153876001219,76.43978102189782
1772911724,10,GET,/api/audio/levels (during plugin swap),6.500000,0.000000,2,3,7,8,16,170,210,240,240,240,240,168,0,3,38.38496089875186,1.0583909970591776,990.0027369985764,76.01785714285714
1772911724,10,GET,/api/audio/levels/plugins,6.500000,0.000000,2,3,4,6,15,18,21,49,49,49,49,168,0,2,12.819625880789923,1.0451259986439254,365.12994499935303,19.571428571428573
1772911724,10,GET,/api/audio/status,14.000000,0.000000,2,4,7,8,16,22,150,320,320,320,320,479,0,2,15.654806162931289,1.0550369988777675,347.9726709992974,168.02713987473905
1772911724,10,GET,/api/chains/,0.000000,0.000000,0,0,0,0,0,0,0,0,0,0,0,42,0,8,41.32828088101329,1.4142800027912017,284.3269010008953,1448.0238095238096
1772911724,10,GET,/api/chains/{id},14.000000,0.000000,5,10,13,18,39,130,230,280,280,280,280,479,0,3,37.0582186576385,1.2273779975657817,1056.3935520003724,507.21085594989563
1772911724,10,POST,/api/chains/{id}/activate,14.000000,0.000000,4,8,11,16,22,61,160,160,340,340,340,479,0,3,17.729224632533036,1.176350997411646,1036.1605870020867,53.05636743215031
1772911724,10,POST,/api/chains/{id}/deactivate,14.000000,0.000000,2,3,5,7,15,26,360,380,390,390,390,479,0,2,11.2181946013281,1.1902049991476815,386.5213729986863,61.26931106471816
1772911724,10,POST,/api/plugins/batch/parameters (500 updates),9.500000,0.000000,10,15,20,22,55,190,290,290,360,360,360,294,0,7,39.191151986446144,2.739354000368621,1112.417002001166,954.9863945578231
1772911724,10,GET,/api/plugins/discover,0.000000,0.000000,0,0,0,0,0,0,0,0,0,0,0,42,0,18,40.08264516665977,11.059404001571238,306.9335649997811,85406.02380952382
1772911724,10,GET,/api/plugins/list,0.000000,0.000000,0,0,0,0,0,0,0,0,0,0,0,42,0,2,47.68287504772334,1.157198999862885,1006.7570299979707,46.142857142857146
1772911724,10,POST,/api/plugins/load?uri,6.500000,0.000000,3,3,4,5,12,21,25,50,50,50,50,168,0,3,16.833432761900657,1.2765600004058797,351.46939100013697,2265.8571428571427
1772911724,10,POST,/api/plugins/unload?uri,6.500000,0.000000,2,3,4,6,11,15,18,19,19,19,19,168,0,2,13.18090508948444,1.196782999613788,1022.8903060015,108.4702380952381
1772911724,10,,Aggregated,124.900000,0.000000,3,5,8,11,21,71,230,320,390,390,390,4104,0,3,24.27863121103432,1.0451259986439254,1112.417002001166,1165.6269493177388
1772911725,10,GET,/api/audio/latency,16.700000,0.000000,2,3,6,8,20,81,380,390,390,390,390,548,0,2,19.564436268271233,1.0465810009918641,1034.433042997989,33.07116788321168
1772911725,10,GET,/api/audio/levels,16.700000,0.000000,3,8,10,15,44,110,300,310,350,350,350,548,0,3,35.06189971712093,1.0814679990289733,1074.153876001219,76.43978102189782
1772911725,10,GET,/api/audio/levels (during plugin swap),6.500000,0.000000,3,6,8,9,30,200,210,240,240,240,240,168,0,3,38.38496089875186,1.0583909970591776,990.0027369985764,76.01785714285714
1772911725,10,GET,/api/audio/levels/plugins,6.500000,0.000000,2,3,5,8,16,19,21,49,49,49,49,168,0,2,12.819625880789923,1.0451259986439254,365.12994499935303,19.571428571428573
1772911725,10,GET,/api/audio/status,14.000000,0.000000,2,4,7,10,17,23,150,320,320,320,320,479,0,2,15.654806162931289,1.0550369988777675,347.9726709992974,168.02713987473905
1772911725,10,GET,/api/chains/,0.000000,0.000000,0,0,0,0,0,0,0,0,0,0,0,42,0,8,41.32828088101329,1.4142800027912017,284.3269010008953,1448.0238095238096
1772911725,10,GET,/api/chains/{id},14.000000,0.000000,4,10,14,20,60,150,230,280,280,280,280,479,0,3,37.0582186576385,1.2273779975657817,1056.3935520003724,507.21085594989563
1772911725,10,POST,/api/chains/{id}/activate,14.000000,0.000000,4,8,11,18,26,81,160,160,340,340,340,479,0,3,17.729224632533036,1.176350997411646,1036.1605870020867,53.05636743215031
1772911725,10,POST,/api/chains/{id}/deactivate,14.000000,0.000000,2,3,5,7,16,36,360,380,390,390,390,479,0,2,11.2181946013281,1.1902049991476815,386.5213729986863,61.26931106471816
1772911725,10,POST,/api/plugins/batch/parameters (500 updates),9.500000,0.000000,9,14,21,24,68,230,290,360,360,360,360,294,0,7,39.191151986446144,2.739354000368621,1112.417002001166,954.9863945578231
1772911725,10,GET,/api/plugins/discover,0.000000,0.000000,0,0,0,0,0,0,0,0,0,0,0,42,0,18,40.08264516665977,11.059404001571238,306.9335649997811,85406.02380952382
1772911725,10,GET,/api/plugins/list,0.000000,0.000000,0,0,0,0,0,0,0,0,0,0,0,42,0,2,47.68287504772334,1.157198999862885,1006.7570299979707,46.142857142857146
1772911725,10,POST,/api/plugins/load?uri,6.500000,0.000000,3,4,5,5,17,25,25,50,50,50,50,168,0,3,16.833432761900657,1.2765600004058797,351.46939100013697,2265.8571428571427
1772911725,10,POST,/api/plugins/unload?uri,6.500000,0.000000,2,3,4,5,10,13,15,18,18,18,18,168,0,2,13.18090508948444,1.196782999613788,1022.8903060015,108.4702380952381
1772911725,10,,Aggregated,124.900000,0.000000,3,6,9,12,23,84,250,320,390,390,390,4104,0,3,24.27863121103432,1.0451259986439254,1112.417002001166,1165.6269493177388
1772911726,10,GET,/api/audio/latency,16.500000,0.000000,2,4,8,9,30,81,380,390,390,390,390,572,0,2,19.544003381130235,1.0465810009918641,1034.433042997989,33.06818181818182
1772911726,10,GET,/api/audio/levels,16.500000,0.000000,3,9,16,22,170,300,1000,1100,1100,1100,1100,572,0,3,44.45743455416196,1.0814679990289733,1122.8824099998747,76.54545454545455
1772911726,10,GET,/api/audio/levels (during plugin swap),6.400000,0.000000,2,6,8,13,200,240,1100,1100,1100,1100,1100,173,0,3,45.14469676296936,1.0583909970591776,1105.011599000136,76.15606936416185
1772911726,10,GET,/api/audio/levels/plugins,6.300000,0.000000,2,3,6,13,18,19,49,49,49,49,49,173,0,2,12.581695051824424,1.0451259986439254,365.12994499935303,19.560693641618496
1772911726,10,GET,/api/audio/status,14.300000,0.000000,2,4,7,9,18,23,150,320,320,320,320,487,0,2,15.497430384070222,1.0550369988777675,347.9726709992974,168.02669404517454
1772911726,10,GET,/api/chains/,0.000000,0.000000,0,0,0,0,0,0,0,0,0,0,0,42,0,8,41.32828088101329,1.4142800027912017,284.3269010008953,1448.0238095238096
1772911726,10,GET,/api/chains/{id},14.300000,0.000000,5,12,17,21,150,280,940,1000,1100,1100,1100,487,0,3,43.958054201242255,1.2273779975657817,1084.4515280004998,508.1252566735113
1772911726,10,POST,/api/chains/{id}/activate,14.300000,0.000000,4,8,15,19,44,89,160,160,340,340,340,487,0,4,18.040974437334377,1.176350997411646,1036.1605870020867,52.91375770020534
1772911726,10,POST,/api/chains/{id}/deactivate,14.300000,0.000000,2,3,6,7,22,340,360,380,390,390,390,487,0,2,13.182341765993163,1.1902049991476815,386.5213729986863,61.281314168377826
1772911726,10,POST,/api/plugins/batch/parameters (500 updates),10.400000,0.000000,8,14,21,24,71,250,360,1100,1100,1100,1100,301,0,7,41.865272531623816,2.739354000368621,1112.417002001166,955.7774086378738
1772911726,10,GET,/api/plugins/discover,0.000000,0.000000,0,0,0,0,0,0,0,0,0,0,0,42,0,18,40.08264516665977,11.059404001571238,306.9335649997811,85406.02380952382
1772911726,10,GET,/api/plugins/list,0.000000,0.000000,0,0,0,0,0,0,0,0,0,0,0,42,0,2,47.68287504772334,1.157198999862885,1006.7570299979707,46.142857142857146
1772911726,10,POST,/api/plugins/load?uri,6.300000,0.000000,3,4,5,10,21,25,81,81,81,81,81,173,0,3,16.91099875723937,1.2765600004058797,351.46939100013697,2309.092485549133
1772911726,10,POST,/api/plugins/unload?uri,6.300000,0.000000,2,3,3,4,10,13,18,18,18,18,18,173,0,2,12.850642375879506,1.196782999613788,1022.8903060015,108.45664739884393
1772911726,10,,Aggregated,125.900000,0.000000,3,6,10,15,44,170,340,390,1100,1100,1100,4211,0,3,27.05490735242677,1.0451259986439254,1122.8824099998747,1144.5951080503444
1772911727,10,GET,/api/audio/latency,16.600000,0.000000,2,3,6,8,19,78,160,390,390,390,390,598,0,2,18.827129326072157,1.0465810009918641,1034.433042997989,33.06521739130435
1772911727,10,GET,/api/audio/levels,16.600000,0.000000,3,7,10,16,110,300,1000,1100,1100,1100,1100,598,0,3,42.69661386786045,1.0814679990289733,1122.8824099998747,76.47826086956522
1772911727,10,GET,/api/audio/levels (during plugin swap),6.200000,0.000000,2,4,7,10,110,240,1100,1100,1100,1100,1100,180,0,3,43.58716223883271,1.0583909970591776,1105.011599000136,76.10555555555555
1772911727,10,GET,/api/audio/levels/plugins,6.200000,0.000000,2,3,6,8,16,18,49,49,49,49,49,180,0,2,12.17050501092874,1.0451259986439254,365.12994499935303,19.56111111111111
1772911727,10,GET,/api/audio/status,14.400000,0.000000,2,3,7,9,18,21,86,110,150,150,150,504,0,2,15.132927579449484,1.0550369988777675,347.9726709992974,168.02579365079364
1772911727,10,GET,/api/chains/,0.000000,0.000000,0,0,0,0,0,0,0,0,0,0,0,42,0,8,41.32828088101329,1.4142800027912017,284.3269010008953,1448.0238095238096
1772911727,10,GET,/api/chains/{id},14.400000,0.000000,4,10,16,19,130,270,940,1000,1100,1100,1100,504,0,3,42.68715948016925,1.2273779975657817,1084.4515280004998,506.484126984127
1772911727,10,POST,/api/chains/{id}/activate,14.400000,0.000000,4,7,10,16,26,77,160,160,160,160,160,504,0,4,17.606269249968353,1.176350997411646,1036.1605870020867,52.904761904761905
1772911727,10,POST,/api/chains/{id}/deactivate,14.400000,0.000000,2,3,5,7,17,340,360,380,390,390,390,504,0,2,12.850264748088929,1.1902049991476815,386.5213729986863,61.30555555555556
1772911727,10,POST,/api/plugins/batch/parameters (500 updates),10.200000,0.000000,9,14,21,23,59,230,360,1100,1100,1100,1100,310,0,7,40.956962380709406,2.739354000368621,1112.417002001166,954.2645161290322
1772911727,10,GET,/api/plugins/discover,0.000000,0.000000,0,0,0,0,0,0,0,0,0,0,0,42,0,18,40.08264516665977,11.059404001571238,306.9335649997811,85406.02380952382
1772911727,10,GET,/api/plugins/list,0.000000,0.000000,0,0,0,0,0,0,0,0,0,0,0,42,0,2,47.68287504772334,1.157198999862885,1006.7570299979707,46.142857142857146
1772911727,10,POST,/api/plugins/load?uri,6.200000,0.000000,3,4,5,7,17,21,81,81,81,81,81,180,0,3,16.371061538908787,1.2765600004058797,351.46939100013697,2294.838888888889
1772911727,10,POST,/api/plugins/unload?uri,6.200000,0.000000,1,2,3,4,10,13,18,18,18,18,18,180,0,2,12.46367080014655,1.196782999613788,1022.8903060015,108.48333333333333
1772911727,10,,Aggregated,125.800000,0.000000,3,6,9,12,23,130,340,390,1100,1100,1100,4368,0,3,26.242638588153387,1.0451259986439254,1122.8824099998747,1112.2870879120878
1772911728,10,GET,/api/audio/latency,15.400000,0.000000,2,4,8,8,26,79,380,390,390,390,390,615,0,2,18.74865220811259,1.0465810009918641,1034.433042997989,33.06341463414634
1772911728,10,GET,/api/audio/levels,15.400000,0.000000,3,8,12,22,140,300,1000,1100,1100,1100,1100,615,0,3,42.42917937721122,1.0814679990289733,1122.8824099998747,76.53008130081301
1772911728,10,GET,/api/audio/levels (during plugin swap),5.400000,0.000000,3,6,10,15,170,250,1100,1100,1100,1100,1100,180,0,3,43.58716223883271,1.0583909970591776,1105.011599000136,76.10555555555555
1772911728,10,GET,/api/audio/levels/plugins,5.400000,0.000000,2,2,4,6,14,16,18,18,18,18,18,180,0,2,12.17050501092874,1.0451259986439254,365.12994499935303,19.56111111111111
1772911728,10,GET,/api/audio/status,13.000000,0.000000,2,5,8,10,18,23,150,330,330,330,330,516,0,2,16.30466600203391,1.0550369988777675,347.9726709992974,168.0251937984496
1772911728,10,GET,/api/chains/,0.000000,0.000000,0,0,0,0,0,0,0,0,0,0,0,42,0,8,41.32828088101329,1.4142800027912017,284.3269010008953,1448.0238095238096
1772911728,10,GET,/api/chains/{id},13.000000,0.000000,4,9,14,20,140,270,940,1000,1100,1100,1100,517,0,3,42.56236881047915,1.2273779975657817,1084.4515280004998,504.66537717601545
1772911728,10,POST,/api/chains/{id}/activate,13.000000,0.000000,4,8,11,18,33,89,160,160,350,350,350,517,0,4,18.236631353933372,1.176350997411646,1036.1605870020867,52.887814313346226
1772911728,10,POST,/api/chains/{id}/deactivate,13.000000,0.000000,2,3,5,7,17,340,360,380,390,390,390,515,0,2,12.678506553472015,1.1902049991476815,386.5213729986863,61.320388349514566
1772911728,10,POST,/api/plugins/batch/parameters (500 updates),8.900000,0.000000,10,19,24,26,160,270,360,1100,1100,1100,1100,326,0,7,41.99703862276653,2.739354000368621,1112.417002001166,956.0920245398773
1772911728,10,GET,/api/plugins/discover,0.000000,0.000000,0,0,0,0,0,0,0,0,0,0,0,42,0,18,40.08264516665977,11.059404001571238,306.9335649997811,85406.02380952382
1772911728,10,GET,/api/plugins/list,0.000000,0.000000,0,0,0,0,0,0,0,0,0,0,0,42,0,2,47.68287504772334,1.157198999862885,1006.7570299979707,46.142857142857146
1772911728,10,POST,/api/plugins/load?uri,5.400000,0.000000,3,5,7,9,17,21,81,81,81,81,81,180,0,3,16.371061538908787,1.2765600004058797,351.46939100013697,2294.838888888889
1772911728,10,POST,/api/plugins/unload?uri,5.400000,0.000000,1,2,3,4,10,13,15,15,15,15,15,180,0,2,12.46367080014655,1.196782999613788,1022.8903060015,108.48333333333333
1772911728,10,,Aggregated,113.300000,0.000000,3,7,10,14,48,160,350,390,1100,1100,1100,4467,0,3,26.49198437543733,1.0451259986439254,1122.8824099998747,1093.6306245802552
1772911729,10,GET,/api/audio/latency,16.000000,0.000000,2,4,7,8,19,78,79,390,390,390,390,639,0,2,18.193897281679153,1.0465810009918641,1034.433042997989,33.06103286384977
1772911729,10,GET,/api/audio/levels,15.800000,0.000000,3,7,10,16,130,300,1000,1100,1100,1100,1100,639,0,3,41.02608997962816,1.0814679990289733,1122.8824099998747,76.4585289514867
1772911729,10,GET,/api/audio/levels (during plugin swap),5.400000,0.000000,4,7,15,17,170,250,1100,1100,1100,1100,1100,184,0,3,42.85533583145914,1.0583909970591776,1105.011599000136,76.17934782608695
1772911729,10,GET,/api/audio/levels/plugins,5.400000,0.000000,2,2,4,6,14,16,18,18,18,18,18,184,0,2,11.945142065028252,1.0451259986439254,365.12994499935303,19.652173913043477
1772911729,10,GET,/api/audio/status,13.100000,0.000000,2,3,7,9,18,22,86,330,330,330,330,533,0,2,15.876975921309736,1.0550369988777675,347.9726709992974,168.02439024390245
1772911729,10,GET,/api/chains/,0.000000,0.000000,0,0,0,0,0,0,0,0,0,0,0,42,0,8,41.32828088101329,1.4142800027912017,284.3269010008953,1448.0238095238096
1772911729,10,GET,/api/chains/{id},12.900000,0.000000,4,9,13,17,140,270,940,1000,1100,1100,1100,534,0,3,41.386494279060216,1.2273779975657817,1084.4515280004998,503.5468164794008
1772911729,10,POST,/api/chains/{id}/activate,13.100000,0.000000,4,7,10,14,26,48,89,92,350,350,350,534,0,3,17.80090401305724,1.176350997411646,1036.1605870020867,52.92696629213483
1772911729,10,POST,/api/chains/{id}/deactivate,13.100000,0.000000,2,3,5,6,12,340,360,380,390,390,390,533,0,2,12.372628889369263,1.1902049991476815,386.5213729986863,61.34333958724203
1772911729,10,POST,/api/plugins/batch/parameters (500 updates),8.900000,0.000000,10,18,23,25,160,270,360,1100,1100,1100,1100,339,0,7,40.80072561657375,2.739354000368621,1112.417002001166,955.8436578171091
1772911729,10,GET,/api/plugins/discover,0.000000,0.000000,0,0,0,0,0,0,0,0,0,0,0,42,0,18,40.08264516665977,11.059404001571238,306.9335649997811,85406.02380952382
1772911729,10,GET,/api/plugins/list,0.000000,0.000000,0,0,0,0,0,0,0,0,0,0,0,42,0,2,47.68287504772334,1.157198999862885,1006.7570299979707,46.142857142857146
1772911729,10,POST,/api/plugins/load?uri,5.400000,0.000000,3,5,7,9,17,21,81,81,81,81,81,184,0,3,16.062863891321562,1.2765600004058797,351.46939100013697,2266.663043478261
1772911729,10,POST,/api/plugins/unload?uri,5.400000,0.000000,1,2,3,4,10,13,15,15,15,15,15,184,0,2,12.242933695807038,1.196782999613788,1022.8903060015,108.30434782608695
1772911729,10,,Aggregated,114.500000,0.000000,3,6,9,12,24,140,340,390,1100,1100,1100,4613,0,3,25.80741864970052,1.0451259986439254,1122.8824099998747,1066.0869282462606
1772911730,10,GET,/api/audio/latency,16.600000,0.000000,2,3,5,8,18,76,79,390,390,390,390,662,0,2,17.686044282461346,1.0465810009918641,1034.433042997989,33.05891238670695
1772911730,10,GET,/api/audio/levels,16.600000,0.000000,3,6,9,11,66,240,1000,1100,1100,1100,1100,662,0,3,39.771744132901766,1.0814679990289733,1122.8824099998747,76.41691842900302
1772911730,10,GET,/api/audio/levels (during plugin swap),4.800000,0.000000,4,7,10,15,30,250,1100,1100,1100,1100,1100,187,0,3,42.243834053397954,1.0583909970591776,1105.011599000136,76.1283422459893
1772911730,10,GET,/api/audio/levels/plugins,4.800000,0.000000,2,3,3,5,14,16,18,18,18,18,18,187,0,2,11.800527133506394,1.0451259986439254,365.12994499935303,19.700534759358288
1772911730,10,GET,/api/audio/status,13.500000,0.000000,2,3,6,8,15,20,86,330,330,330,330,553,0,2,15.508138763236067,1.0477460018591955,347.9726709992974,168.0235081374322
1772911730,10,GET,/api/chains/,0.000000,0.000000,0,0,0,0,0,0,0,0,0,0,0,42,0,8,41.32828088101329,1.4142800027912017,284.3269010008953,1448.0238095238096
1772911730,10,GET,/api/chains/{id},13.600000,0.000000,4,7,10,12,20,140,940,1000,1100,1100,1100,553,0,3,40.13535629298578,1.2273779975657817,1084.4515280004998,502.7920433996383
1772911730,10,POST,/api/chains/{id}/activate,13.500000,0.000000,3,6,8,10,18,33,89,92,350,350,350,553,0,3,17.34805325852642,1.176350997411646,1036.1605870020867,52.943942133815554
1772911730,10,POST,/api/chains/{id}/deactivate,13.500000,0.000000,2,2,3,5,10,18,340,360,390,390,390,553,0,2,12.052242217073259,1.1902049991476815,386.5213729986863,61.36708860759494
1772911730,10,POST,/api/plugins/batch/parameters (500 updates),9.500000,0.000000,8,14,21,23,49,190,360,1100,1100,1100,1100,353,0,7,39.712009079387954,2.739354000368621,1112.417002001166,957.0453257790368
1772911730,10,GET,/api/plugins/discover,0.000000,0.000000,0,0,0,0,0,0,0,0,0,0,0,42,0,18,40.08264516665977,11.059404001571238,306.9335649997811,85406.02380952382
1772911730,10,GET,/api/plugins/list,0.000000,0.000000,0,0,0,0,0,0,0,0,0,0,0,42,0,2,47.68287504772334,1.157198999862885,1006.7570299979707,46.142857142857146
1772911730,10,POST,/api/plugins/load?uri,4.800000,0.000000,3,5,5,9,12,18,81,81,81,81,81,187,0,3,15.859948518735177,1.2765600004058797,351.46939100013697,2258.780748663102
1772911730,10,POST,/api/plugins/unload?uri,4.800000,0.000000,2,2,3,4,9,13,13,13,13,13,13,187,0,2,12.153775861119804,1.196782999613788,1022.8903060015,108.2620320855615
1772911730,10,,Aggregated,116.000000,0.000000,3,5,8,10,19,77,300,390,1100,1100,1100,4763,0,3,25.163009226765123,1.0451259986439254,1122.8824099998747,1040.2792357757717
1772911731,10,GET,/api/audio/latency,15.700000,0.000000,2,4,8,9,62,94,110,390,390,390,390,668,0,2,18.359252140693634,1.0465810009918641,1034.433042997989,33.058383233532936
1772911731,10,GET,/api/audio/levels,15.700000,0.000000,3,7,10,20,140,310,1000,1100,1100,1100,1100,671,0,3,41.7160899120502,1.0814679990289733,1122.8824099998747,76.52608047690015
1772911731,10,GET,/api/audio/levels (during plugin swap),4.200000,0.000000,4,8,15,17,220,290,1100,1100,1100,1100,1100,190,0,3,45.14218624731017,1.0583909970591776,1105.011599000136,76.28421052631579
1772911731,10,GET,/api/audio/levels/plugins,4.200000,0.000000,2,2,3,3,8,18,62,62,62,62,62,188,0,2,12.068135696628158,1.0451259986439254,365.12994499935303,19.73936170212766
1772911731,10,GET,/api/audio/status,13.500000,0.000000,2,3,6,8,17,52,86,330,330,330,330,554,0,2,15.596968427922508,1.0477460018591955,347.9726709992974,168.0234657039711
1772911731,10,GET,/api/chains/,0.000000,0.000000,0,0,0,0,0,0,0,0,0,0,0,42,0,8,41.32828088101329,1.4142800027912017,284.3269010008953,1448.0238095238096
1772911731,10,GET,/api/chains/{id},13.500000,0.000000,4,9,11,15,78,240,940,1000,1100,1100,1100,555,0,3,40.69185801445447,1.2273779975657817,1084.4515280004998,502.47387387387386
1772911731,10,POST,/api/chains/{id}/activate,13.500000,0.000000,4,6,8,10,18,77,89,92,350,350,350,554,0,3,17.477066443980583,1.176350997411646,1036.1605870020867,52.95667870036101
1772911731,10,POST,/api/chains/{id}/deactivate,13.500000,0.000000,2,2,3,5,9,19,340,360,390,390,390,554,0,2,12.042816397192361,1.1902049991476815,386.5213729986863,61.368231046931406
1772911731,10,POST,/api/plugins/batch/parameters (500 updates),9.800000,0.000000,9,19,23,35,180,360,370,1100,1100,1100,1100,360,0,8,43.607978102833535,2.739354000368621,1112.417002001166,956.4
1772911731,10,GET,/api/plugins/discover,0.000000,0.000000,0,0,0,0,0,0,0,0,0,0,0,42,0,18,40.08264516665977,11.059404001571238,306.9335649997811,85406.02380952382
1772911731,10,GET,/api/plugins/list,0.000000,0.000000,0,0,0,0,0,0,0,0,0,0,0,42,0,2,47.68287504772334,1.157198999862885,1006.7570299979707,46.142857142857146
1772911731,10,POST,/api/plugins/load?uri,4.200000,0.000000,3,4,7,9,17,81,98,98,98,98,98,188,0,3,16.29944992556433,1.2765600004058797,351.46939100013697,2289.101063829787
1772911731,10,POST,/api/plugins/unload?uri,4.200000,0.000000,2,2,4,4,9,13,16,16,16,16,16,188,0,2,12.171941744840142,1.196782999613788,1022.8903060015,108.45212765957447
1772911731,10,,Aggregated,112.000000,0.000000,3,6,9,11,48,150,360,920,1100,1100,1100,4796,0,3,26.09538195518931,1.0451259986439254,1122.8824099998747,1036.6520016680568
1772911732,10,GET,/api/audio/latency,17.000000,0.000000,2,3,7,8,26,79,110,360,370,370,370,694,0,2,19.366313926470067,1.0465810009918641,1034.433042997989,33.07492795389049
1772911732,10,GET,/api/audio/levels,17.000000,0.000000,3,7,9,18,130,290,1000,1100,1100,1100,1100,694,0,3,41.35054846828326,1.0814679990289733,1122.8824099998747,76.55907780979827
1772911732,10,GET,/api/audio/levels (during plugin swap),4.200000,0.000000,3,7,15,17,220,290,1100,1100,1100,1100,1100,195,0,3,44.13150050763178,1.0583909970591776,1105.011599000136,76.26666666666667
1772911732,10,GET,/api/audio/levels/plugins,4.200000,0.000000,2,3,3,6,18,20,62,62,62,62,62,195,0,2,11.877859815229804,1.0451259986439254,365.12994499935303,19.8
1772911732,10,GET,/api/audio/status,14.200000,0.000000,2,2,3,6,15,20,77,330,330,330,330,573,0,2,15.139571548101339,1.0477460018591955,347.9726709992974,168.02268760907504
1772911732,10,GET,/api/chains/,0.000000,0.000000,0,0,0,0,0,0,0,0,0,0,0,42,0,8,41.32828088101329,1.4142800027912017,284.3269010008953,1448.0238095238096
1772911732,10,GET,/api/chains/{id},14.200000,0.000000,4,8,11,15,31,200,940,1000,1100,1100,1100,573,0,3,39.961486446799846,1.2273779975657817,1084.4515280004998,501.4851657940663
1772911732,10,POST,/api/chains/{id}/activate,14.200000,0.000000,3,5,8,9,18,77,92,350,370,370,370,573,0,3,17.678780577603508,1.176350997411646,1036.1605870020867,52.92844677137871
1772911732,10,POST,/api/chains/{id}/deactivate,14.400000,0.000000,2,2,3,3,9,15,340,340,360,360,360,573,0,2,11.695620090840922,1.1894579984073061,386.5213729986863,61.389179755671904
1772911732,10,POST,/api/plugins/batch/parameters (500 updates),10.800000,0.000000,8,18,22,23,150,350,370,1100,1100,1100,1100,368,0,8,42.87222559787551,2.739354000368621,1112.417002001166,956.2608695652174
1772911732,10,GET,/api/plugins/discover,0.000000,0.000000,0,0,0,0,0,0,0,0,0,0,0,42,0,18,40.08264516665977,11.059404001571238,306.9335649997811,85406.02380952382
1772911732,10,GET,/api/plugins/list,0.000000,0.000000,0,0,0,0,0,0,0,0,0,0,0,42,0,2,47.68287504772334,1.157198999862885,1006.7570299979707,46.142857142857146
1772911732,10,POST,/api/plugins/load?uri,4.200000,0.000000,3,3,5,10,81,360,360,360,360,360,360,195,0,3,19.413390825689138,1.252794998436002,356.40554900237476,2253.271794871795
1772911732,10,POST,/api/plugins/unload?uri,4.200000,0.000000,2,3,3,4,9,13,16,16,16,16,16,195,0,2,11.81911057449328,1.196782999613788,1022.8903060015,108.34871794871795
1772911732,10,,Aggregated,118.600000,0.000000,3,5,8,10,24,130,350,380,1100,1100,1100,4954,0,3,25.989709733159923,1.0451259986439254,1122.8824099998747,1010.5327008477998
1772911733,10,GET,/api/audio/latency,17.800000,0.000000,2,4,7,8,20,79,110,360,370,370,370,725,0,2,18.705729202734677,1.0465810009918641,1034.433042997989,33.071724137931035
1772911733,10,GET,/api/audio/levels,17.800000,0.000000,3,6,8,12,120,290,1000,1100,1100,1100,1100,725,0,3,39.75567861653339,1.0814679990289733,1122.8824099998747,76.49655172413793
1772911733,10,GET,/api/audio/levels (during plugin swap),3.500000,0.000000,4,8,17,17,220,290,1100,1100,1100,1100,1100,202,0,3,42.8736617227199,1.0583909970591776,1105.011599000136,76.15346534653466
1772911733,10,GET,/api/audio/levels/plugins,3.500000,0.000000,2,3,3,6,16,20,62,62,62,62,62,202,0,2,11.608048257234133,1.0451259986439254,365.12994499935303,19.72772277227723
1772911733,10,GET,/api/audio/status,13.500000,0.000000,2,3,5,7,15,21,77,330,330,330,330,591,0,2,14.813944270825512,1.0477460018591955,347.9726709992974,168.02199661590524
1772911733,10,GET,/api/chains/,0.000000,0.000000,0,0,0,0,0,0,0,0,0,0,0,42,0,8,41.32828088101329,1.4142800027912017,284.3269010008953,1448.0238095238096
1772911733,10,GET,/api/chains/{id},13.400000,0.000000,4,7,11,13,78,240,940,1000,1100,1100,1100,591,0,3,38.86527650087521,1.2273779975657817,1084.4515280004998,502.56852791878174
1772911733,10,POST,/api/chains/{id}/activate,13.400000,0.000000,3,4,8,10,18,79,92,350,370,370,370,591,0,3,17.2688135600162,1.176350997411646,1036.1605870020867,52.974619289340104
1772911733,10,POST,/api/chains/{id}/deactivate,13.500000,0.000000,2,2,3,6,10,17,340,340,360,360,360,591,0,2,11.485575656599377,1.1894579984073061,386.5213729986863,61.36548223350254
1772911733,10,POST,/api/plugins/batch/parameters (500 updates),10.200000,0.000000,9,16,22,23,150,350,370,1100,1100,1100,1100,380,0,8,41.78291295004448,2.739354000368621,1112.417002001166,956.9368421052632
1772911733,10,GET,/api/plugins/discover,0.000000,0.000000,0,0,0,0,0,0,0,0,0,0,0,42,0,18,40.08264516665977,11.059404001571238,306.9335649997811,85406.02380952382
1772911733,10,GET,/api/plugins/list,0.000000,0.000000,0,0,0,0,0,0,0,0,0,0,0,42,0,2,47.68287504772334,1.157198999862885,1006.7570299979707,46.142857142857146
1772911733,10,POST,/api/plugins/load?uri,3.500000,0.000000,3,4,7,9,81,360,360,360,360,360,360,202,0,3,18.933445574304535,1.252794998436002,356.40554900237476,2270.0940594059407
1772911733,10,POST,/api/plugins/unload?uri,3.500000,0.000000,2,3,3,4,10,13,16,16,16,16,16,202,0,2,11.564109485280454,1.196782999613788,1022.8903060015,108.37128712871286
1772911733,10,,Aggregated,113.600000,0.000000,3,5,8,10,23,120,350,380,1100,1100,1100,5128,0,3,25.266778915186176,1.0451259986439254,1122.8824099998747,986.0750780031201
1772911734,10,GET,/api/audio/latency,16.800000,0.000000,2,4,7,9,69,79,110,360,370,370,370,736,0,2,18.841327289380942,1.0465810009918641,1034.433042997989,33.07065217391305
1772911734,10,GET,/api/audio/levels,16.900000,0.000000,3,7,9,18,120,290,1000,1100,1100,1100,1100,736,0,3,39.46634834101528,1.0814679990289733,1122.8824099998747,76.53260869565217
1772911734,10,GET,/api/audio/levels (during plugin swap),3.500000,0.000000,7,12,17,18,240,290,1100,1100,1100,1100,1100,204,0,3,43.66526307346837,1.0583909970591776,1105.011599000136,76.18627450980392
1772911734,10,GET,/api/audio/levels/plugins,3.500000,0.000000,2,3,3,6,16,20,62,62,62,62,62,204,0,2,11.517207244918716,1.0451259986439254,365.12994499935303,19.79901960784314
1772911734,10,GET,/api/audio/status,12.200000,0.000000,2,3,6,7,15,21,77,330,330,330,330,605,0,2,14.620715920763592,1.0477460018591955,347.9726709992974,168.0214876033058
1772911734,10,GET,/api/chains/,0.000000,0.000000,0,0,0,0,0,0,0,0,0,0,0,42,0,8,41.32828088101329,1.4142800027912017,284.3269010008953,1448.0238095238096
1772911734,10,GET,/api/chains/{id},12.200000,0.000000,4,8,11,17,120,200,940,1000,1100,1100,1100,605,0,3,39.15822462977078,1.2273779975657817,1084.4515280004998,503.3404958677686
1772911734,10,POST,/api/chains/{id}/activate,12.200000,0.000000,4,6,10,14,32,79,320,350,370,370,370,605,0,3,17.948684100768084,1.176350997411646,1036.1605870020867,52.970247933884295
1772911734,10,POST,/api/chains/{id}/deactivate,12.200000,0.000000,2,3,4,6,12,19,340,340,360,360,360,605,0,2,12.776559768682384,1.1894579984073061,386.5213729986863,61.37851239669421
1772911734,10,POST,/api/plugins/batch/parameters (500 updates),9.900000,0.000000,10,19,23,26,150,350,370,1100,1100,1100,1100,390,0,8,42.047194033371994,2.739354000368621,1112.417002001166,955.9538461538461
1772911734,10,GET,/api/plugins/discover,0.000000,0.000000,0,0,0,0,0,0,0,0,0,0,0,42,0,18,40.08264516665977,11.059404001571238,306.9335649997811,85406.02380952382
1772911734,10,GET,/api/plugins/list,0.000000,0.000000,0,0,0,0,0,0,0,0,0,0,0,42,0,2,47.68287504772334,1.157198999862885,1006.7570299979707,46.142857142857146
1772911734,10,POST,/api/plugins/load?uri,3.500000,0.000000,3,4,9,9,81,360,360,360,360,360,360,204,0,3,18.868757220629693,1.252794998436002,356.40554900237476,2262.4656862745096
1772911734,10,POST,/api/plugins/unload?uri,3.500000,0.000000,2,3,4,4,10,13,16,16,16,16,16,204,0,2,11.477639191302753,1.196782999613788,1022.8903060015,108.34803921568627
1772911734,10,,Aggregated,106.400000,0.000000,3,6,9,12,52,140,350,370,1100,1100,1100,5224,0,3,25.51832216119245,1.0451259986439254,1122.8824099998747,972.7947932618683
1772911735,10,GET,/api/audio/latency,18.500000,0.000000,2,3,6,8,19,73,100,350,370,370,370,763,0,2,18.306888129737334,1.0465810009918641,1034.433042997989,33.06815203145479
1772911735,10,GET,/api/audio/levels,18.500000,0.000000,3,6,8,11,42,110,210,300,380,380,380,763,0,3,38.3311552909409,1.0814679990289733,1122.8824099998747,76.47575360419397
1772911735,10,GET,/api/audio/levels (during plugin swap),3.700000,0.000000,7,8,15,17,170,240,290,290,290,290,290,206,0,3,43.315130189265034,1.0583909970591776,1105.011599000136,76.15533980582525
1772911735,10,GET,/api/audio/levels/plugins,3.700000,0.000000,2,3,3,7,11,20,62,62,62,62,62,206,0,2,11.464819956141511,1.0451259986439254,365.12994499935303,19.868932038834952
1772911735,10,GET,/api/audio/status,12.800000,0.000000,2,3,5,7,12,20,77,330,330,330,330,617,0,2,14.409752502529951,1.0477460018591955,347.9726709992974,168.02106969205835
1772911735,10,GET,/api/chains/,0.000000,0.000000,0,0,0,0,0,0,0,0,0,0,0,42,0,8,41.32828088101329,1.4142800027912017,284.3269010008953,1448.0238095238096
1772911735,10,GET,/api/chains/{id},12.800000,0.000000,4,7,11,13,31,130,150,200,240,240,240,618,0,3,38.470913885136746,1.2273779975657817,1084.4515280004998,503.2540453074434
1772911735,10,POST,/api/chains/{id}/activate,12.800000,0.000000,3,5,8,11,23,69,320,350,370,370,370,618,0,3,17.662972386684444,1.176350997411646,1036.1605870020867,52.996763754045304
1772911735,10,POST,/api/chains/{id}/deactivate,12.800000,0.000000,2,2,3,5,10,17,290,290,320,320,320,617,0,2,12.58971969376711,1.1894579984073061,386.5213729986863,61.39059967585089
1772911735,10,POST,/api/plugins/batch/parameters (500 updates),9.600000,0.000000,9,14,21,23,80,270,370,370,370,370,370,404,0,8,40.84624064359046,2.739354000368621,1112.417002001166,955.3366336633663
1772911735,10,GET,/api/plugins/discover,0.000000,0.000000,0,0,0,0,0,0,0,0,0,0,0,42,0,18,40.08264516665977,11.059404001571238,306.9335649997811,85406.02380952382
1772911735,10,GET,/api/plugins/list,0.000000,0.000000,0,0,0,0,0,0,0,0,0,0,0,42,0,2,47.68287504772334,1.157198999862885,1006.7570299979707,46.142857142857146
1772911735,10,POST,/api/plugins/load?uri,3.700000,0.000000,2,4,7,9,23,360,360,360,360,360,360,206,0,3,18.73694138353616,1.252794998436002,356.40554900237476,2273.9951456310678
1772911735,10,POST,/api/plugins/unload?uri,3.700000,0.000000,2,3,4,4,10,13,16,16,16,16,16,206,0,2,11.391800684613221,1.196782999613788,1022.8903060015,108.26699029126213
1772911735,10,,Aggregated,112.600000,0.000000,3,5,8,10,21,79,270,350,370,380,380,5350,0,3,25.042851337025795,1.0451259986439254,1122.8824099998747,956.1089719626168
1772911736,10,GET,/api/audio/latency,19.200000,0.000000,2,4,7,8,20,79,110,360,370,370,370,763,0,2,18.306888129737334,1.0465810009918641,1034.433042997989,33.06815203145479
1772911736,10,GET,/api/audio/levels,19.200000,0.000000,3,7,9,16,73,160,380,1100,1100,1100,1100,766,0,3,42.35284268927877,1.0814679990289733,1122.8824099998747,76.5130548302872
1772911736,10,GET,/api/audio/levels (during plugin swap),3.600000,0.000000,7,12,15,18,220,240,290,290,290,290,290,206,0,3,43.315130189265034,1.0583909970591776,1105.011599000136,76.15533980582525
1772911736,10,GET,/api/audio/levels/plugins,3.700000,0.000000,2,3,3,7,20,20,62,62,62,62,62,206,0,2,11.464819956141511,1.0451259986439254,365.12994499935303,19.868932038834952
1772911736,10,GET,/api/audio/status,12.200000,0.000000,2,3,6,8,14,21,330,330,1100,1100,1100,618,0,2,16.181194780033085,1.0477460018591955,1109.161079999467,168.042071197411
1772911736,10,GET,/api/chains/,0.000000,0.000000,0,0,0,0,0,0,0,0,0,0,0,42,0,8,41.32828088101329,1.4142800027912017,284.3269010008953,1448.0238095238096
1772911736,10,GET,/api/chains/{id},12.300000,0.000000,4,7,11,17,110,140,930,1000,1000,1000,1000,621,0,3,43.08682589534959,1.2273779975657817,1084.4515280004998,503.2351046698873
1772911736,10,POST,/api/chains/{id}/activate,12.200000,0.000000,3,6,10,13,23,69,320,350,370,370,370,618,0,3,17.662972386684444,1.176350997411646,1036.1605870020867,52.996763754045304
1772911736,10,POST,/api/chains/{id}/deactivate,11.900000,0.000000,2,3,4,6,11,18,290,290,320,320,320,617,0,2,12.58971969376711,1.1894579984073061,386.5213729986863,61.39059967585089
1772911736,10,POST,/api/plugins/batch/parameters (500 updates),9.100000,0.000000,11,20,23,37,180,370,1000,1100,1100,1100,1100,407,0,8,48.05296484032322,2.739354000368621,1112.417002001166,955.7420147420147
1772911736,10,GET,/api/plugins/discover,0.000000,0.000000,0,0,0,0,0,0,0,0,0,0,0,42,0,18,40.08264516665977,11.059404001571238,306.9335649997811,85406.02380952382
1772911736,10,GET,/api/plugins/list,0.000000,0.000000,0,0,0,0,0,0,0,0,0,0,0,42,0,2,47.68287504772334,1.157198999862885,1006.7570299979707,46.142857142857146
1772911736,10,POST,/api/plugins/load?uri,3.700000,0.000000,3,4,7,9,98,360,360,360,360,360,360,206,0,3,18.73694138353616,1.252794998436002,356.40554900237476,2273.9951456310678
1772911736,10,POST,/api/plugins/unload?uri,3.700000,0.000000,2,3,4,4,10,13,16,16,16,16,16,206,0,2,11.391800684613221,1.196782999613788,1022.8903060015,108.26699029126213
1772911736,10,,Aggregated,110.800000,0.000000,3,6,9,12,26,120,350,380,1100,1100,1100,5360,0,3,26.925670021657776,1.0451259986439254,1122.8824099998747,955.252052238806
1772911737,10,GET,/api/audio/latency,20.700000,0.000000,2,4,8,9,62,84,110,360,370,370,370,781,0,2,18.302876443010415,1.0465810009918641,1034.433042997989,33.06658130601792
1772911737,10,GET,/api/audio/levels,20.700000,0.000000,3,8,11,18,74,200,380,1100,1100,1100,1100,781,0,3,41.908224147219826,1.0814679990289733,1122.8824099998747,76.4955185659411
1772911737,10,GET,/api/audio/levels (during plugin swap),3.600000,0.000000,8,13,18,160,240,260,290,290,290,290,290,210,0,3,44.54239198566938,1.0583909970591776,1105.011599000136,76.21904761904761
1772911737,10,GET,/api/audio/levels/plugins,3.600000,0.000000,3,3,8,12,20,20,62,62,62,62,62,210,0,2,11.465628261742365,1.0451259986439254,365.12994499935303,19.942857142857143
1772911737,10,GET,/api/audio/status,13.200000,0.000000,2,4,7,8,16,320,330,330,1100,1100,1100,629,0,2,17.53404257878259,1.0477460018591955,1109.161079999467,168.04133545310015
1772911737,10,GET,/api/chains/,0.000000,0.000000,0,0,0,0,0,0,0,0,0,0,0,42,0,8,41.32828088101329,1.4142800027912017,284.3269010008953,1448.0238095238096
1772911737,10,GET,/api/chains/{id},13.200000,0.000000,4,8,13,19,130,240,930,1000,1000,1000,1000,629,0,3,43.574120701116094,1.2273779975657817,1084.4515280004998,502.64864864864865
1772911737,10,POST,/api/chains/{id}/activate,13.200000,0.000000,4,6,10,17,33,100,320,350,370,370,370,629,0,4,17.97473978850346,1.176350997411646,1036.1605870020867,52.92050874403816
1772911737,10,POST,/api/chains/{id}/deactivate,13.200000,0.000000,2,3,5,7,15,28,290,290,320,320,320,629,0,2,12.68260967894721,1.1894579984073061,386.5213729986863,61.36248012718601
1772911737,10,POST,/api/plugins/batch/parameters (500 updates),10.400000,0.000000,11,16,23,46,180,370,1000,1100,1100,1100,1100,417,0,8,47.78431505518639,2.739354000368621,1112.417002001166,955.3693045563549
1772911737,10,GET,/api/plugins/discover,0.000000,0.000000,0,0,0,0,0,0,0,0,0,0,0,42,0,18,40.08264516665977,11.059404001571238,306.9335649997811,85406.02380952382
1772911737,10,GET,/api/plugins/list,0.000000,0.000000,0,0,0,0,0,0,0,0,0,0,0,42,0,2,47.68287504772334,1.157198999862885,1006.7570299979707,46.142857142857146
1772911737,10,POST,/api/plugins/load?uri,3.600000,0.000000,3,7,9,23,98,360,360,360,360,360,360,210,0,3,18.693675385743735,1.252794998436002,356.40554900237476,2252.519047619048
1772911737,10,POST,/api/plugins/unload?uri,3.600000,0.000000,3,4,4,7,10,13,16,16,16,16,16,210,0,2,11.252261181081328,1.196782999613788,1022.8903060015,108.21428571428571
1772911737,10,,Aggregated,119.000000,0.000000,3,7,10,14,67,160,350,380,1100,1100,1100,5461,0,3,27.127578654836416,1.0451259986439254,1122.8824099998747,941.8533235671123
1772911738,10,GET,/api/audio/latency,20.500000,0.000000,2,5,8,9,23,84,110,360,370,370,370,804,0,2,17.95748868903841,1.0465810009918641,1034.433042997989,33.06467661691542
1772911738,10,GET,/api/audio/levels,20.500000,0.000000,3,8,11,16,63,200,380,1100,1100,1100,1100,804,0,3,40.9864531653846,1.0814679990289733,1122.8824099998747,76.49253731343283
1772911738,10,GET,/api/audio/levels (during plugin swap),3.500000,0.000000,8,13,15,18,220,260,290,290,290,290,290,220,0,3,42.9605755681471,1.0583909970591776,1105.011599000136,76.19090909090909
1772911738,10,GET,/api/audio/levels/plugins,3.500000,0.000000,3,3,7,8,17,20,62,62,62,62,62,220,0,2,11.06674918168706,1.0451259986439254,365.12994499935303,19.79090909090909
1772911738,10,GET,/api/audio/status,13.300000,0.000000,2,4,7,8,15,52,330,330,1100,1100,1100,640,0,2,17.369269296960965,1.0477460018591955,1109.161079999467,168.040625
1772911738,10,GET,/api/chains/,0.000000,0.000000,0,0,0,0,0,0,0,0,0,0,0,42,0,8,41.32828088101329,1.4142800027912017,284.3269010008953,1448.0238095238096
1772911738,10,GET,/api/chains/{id},13.400000,0.000000,3,7,11,15,120,240,930,1000,1000,1000,1000,640,0,3,42.96678505468208,1.2273779975657817,1084.4515280004998,502.59375
1772911738,10,POST,/api/chains/{id}/activate,13.400000,0.000000,4,6,10,12,24,89,110,320,370,370,370,640,0,4,17.77757512182916,1.176350997411646,1036.1605870020867,52.846875
1772911738,10,POST,/api/chains/{id}/deactivate,13.300000,0.000000,2,3,5,7,13,28,290,290,320,320,320,640,0,2,12.537378875083505,1.1894579984073061,386.5213729986863,61.334375
1772911738,10,POST,/api/plugins/batch/parameters (500 updates),10.900000,0.000000,9,14,21,24,140,370,960,1000,1100,1100,1100,434,0,8,46.35355575809865,2.739354000368621,1112.417002001166,955.9677419354839
1772911738,10,GET,/api/plugins/discover,0.000000,0.000000,0,0,0,0,0,0,0,0,0,0,0,42,0,18,40.08264516665977,11.059404001571238,306.9335649997811,85406.02380952382
1772911738,10,GET,/api/plugins/list,0.000000,0.000000,0,0,0,0,0,0,0,0,0,0,0,42,0,2,47.68287504772334,1.157198999862885,1006.7570299979707,46.142857142857146
1772911738,10,POST,/api/plugins/load?uri,3.500000,0.000000,3,5,9,9,27,360,360,360,360,360,360,220,0,3,17.97686479096063,1.252794998436002,356.40554900237476,2302.913636363636
1772911738,10,POST,/api/plugins/unload?uri,3.500000,0.000000,3,4,4,7,10,13,16,16,16,16,16,220,0,2,10.887928409234023,1.196782999613788,1022.8903060015,108.38181818181818
1772911738,10,,Aggregated,119.300000,0.000000,3,7,10,13,26,120,330,380,1100,1100,1100,5608,0,3,26.601858664061975,1.0451259986439254,1122.8824099998747,928.4352710413694
1772911739,10,GET,/api/audio/latency,18.100000,0.000000,2,6,9,14,73,100,330,360,370,370,370,821,0,2,19.35981109013466,1.0465810009918641,1034.433042997989,33.06333739342266
1772911739,10,GET,/api/audio/levels,18.100000,0.000000,4,10,13,18,91,290,380,1100,1100,1100,1100,821,0,3,41.21109024112867,1.0814679990289733,1122.8824099998747,76.48355663824604
1772911739,10,GET,/api/audio/levels (during plugin swap),3.100000,0.000000,8,13,18,21,220,260,290,290,290,290,290,221,0,3,42.77185000449196,1.0583909970591776,1105.011599000136,76.17647058823529
1772911739,10,GET,/api/audio/levels/plugins,3.100000,0.000000,2,4,7,11,17,20,62,62,62,62,62,221,0,2,11.027496162766688,1.0451259986439254,365.12994499935303,19.823529411764707
1772911739,10,GET,/api/audio/status,12.800000,0.000000,2,5,7,8,16,65,330,330,1100,1100,1100,653,0,2,17.60653511800539,1.0477460018591955,1109.161079999467,168.0398162327718
1772911739,10,GET,/api/chains/,0.000000,0.000000,0,0,0,0,0,0,0,0,0,0,0,42,0,8,41.32828088101329,1.4142800027912017,284.3269010008953,1448.0238095238096
1772911739,10,GET,/api/chains/{id},12.800000,0.000000,4,8,15,21,140,290,930,1000,1000,1000,1000,653,0,3,43.17927183614689,1.2273779975657817,1084.4515280004998,502.0183767228178
1772911739,10,POST,/api/chains/{id}/activate,12.800000,0.000000,4,7,11,17,67,100,320,340,370,370,370,653,0,4,18.20415345018787,1.176350997411646,1036.1605870020867,52.874425727411946
1772911739,10,POST,/api/chains/{id}/deactivate,12.800000,0.000000,2,3,5,8,18,28,290,290,320,320,320,653,0,2,12.40506037067537,1.1894579984073061,386.5213729986863,61.27105666156202
1772911739,10,POST,/api/plugins/batch/parameters (500 updates),10.200000,0.000000,9,14,20,24,150,370,1000,1100,1100,1100,1100,444,0,8,45.613448310849655,2.739354000368621,1112.417002001166,954.8558558558559
1772911739,10,GET,/api/plugins/discover,0.000000,0.000000,0,0,0,0,0,0,0,0,0,0,0,42,0,18,40.08264516665977,11.059404001571238,306.9335649997811,85406.02380952382
1772911739,10,GET,/api/plugins/list,0.000000,0.000000,0,0,0,0,0,0,0,0,0,0,0,42,0,2,47.68287504772334,1.157198999862885,1006.7570299979707,46.142857142857146
1772911739,10,POST,/api/plugins/load?uri,3.100000,0.000000,3,7,9,10,27,360,360,360,360,360,360,221,0,3,17.906107886922065,1.252794998436002,356.40554900237476,2330.0633484162895
1772911739,10,POST,/api/plugins/unload?uri,3.100000,0.000000,2,3,4,7,8,10,16,16,16,16,16,221,0,2,10.849586470723963,1.196782999613788,1022.8903060015,108.39366515837104
1772911739,10,,Aggregated,110.000000,0.000000,3,7,11,14,63,200,350,380,1100,1100,1100,5708,0,3,26.862059076923643,1.0451259986439254,1122.8824099998747,917.291871058164
1772911740,10,GET,/api/audio/latency,18.200000,0.000000,2,4,7,9,25,84,330,360,370,370,370,845,0,2,18.878154131367225,1.0465810009918641,1034.433042997989,33.06153846153846
1772911740,10,GET,/api/audio/levels,18.200000,0.000000,4,9,11,14,40,290,380,1100,1100,1100,1100,845,0,3,40.21006311474577,1.0814679990289733,1122.8824099998747,76.47692307692307
1772911740,10,GET,/api/audio/levels (during plugin swap),3.800000,0.000000,8,13,15,18,220,260,290,290,290,290,290,225,0,3,42.211313902193474,1.0583909970591776,1105.011599000136,76.17777777777778
1772911740,10,GET,/api/audio/levels/plugins,3.800000,0.000000,2,3,7,7,15,20,20,20,20,20,20,225,0,2,10.86414869764768,1.0451259986439254,365.12994499935303,19.835555555555555
1772911740,10,GET,/api/audio/status,12.300000,0.000000,2,5,7,8,13,41,330,330,1100,1100,1100,669,0,2,17.24491219590907,1.0477460018591955,1109.161079999467,168.03886397608372
1772911740,10,GET,/api/chains/,0.000000,0.000000,0,0,0,0,0,0,0,0,0,0,0,42,0,8,41.32828088101329,1.4142800027912017,284.3269010008953,1448.0238095238096
1772911740,10,GET,/api/chains/{id},12.300000,0.000000,3,8,13,17,120,290,930,1000,1000,1000,1000,669,0,3,42.27003442152331,1.2273779975657817,1084.4515280004998,501.4529147982063
1772911740,10,POST,/api/chains/{id}/activate,12.300000,0.000000,4,6,10,16,29,100,320,340,370,370,370,669,0,4,17.902812644214706,1.176350997411646,1036.1605870020867,52.93273542600897
1772911740,10,POST,/api/chains/{id}/deactivate,12.300000,0.000000,2,3,4,5,13,28,290,290,320,320,320,669,0,2,12.152508490359388,1.1894579984073061,386.5213729986863,61.28849028400598
1772911740,10,POST,/api/plugins/batch/parameters (500 updates),10.600000,0.000000,8,13,15,23,130,370,960,1000,1100,1100,1100,457,0,8,44.64422891250206,2.739354000368621,1112.417002001166,954.4442013129103
1772911740,10,GET,/api/plugins/discover,0.000000,0.000000,0,0,0,0,0,0,0,0,0,0,0,42,0,18,40.08264516665977,11.059404001571238,306.9335649997811,85406.02380952382
1772911740,10,GET,/api/plugins/list,0.000000,0.000000,0,0,0,0,0,0,0,0,0,0,0,42,0,2,47.68287504772334,1.157198999862885,1006.7570299979707,46.142857142857146
1772911740,10,POST,/api/plugins/load?uri,3.800000,0.000000,3,5,9,9,25,360,360,360,360,360,360,225,0,3,17.672541577841102,1.252794998436002,356.40554900237476,2305.4222222222224
1772911740,10,POST,/api/plugins/unload?uri,3.800000,0.000000,2,3,3,4,7,10,10,10,10,10,10,225,0,2,10.689889644596,1.196782999613788,1022.8903060015,108.49777777777778
1772911740,10,,Aggregated,111.400000,0.000000,3,7,10,12,26,160,340,380,1100,1100,1100,5849,0,3,26.329275272369724,1.0451259986439254,1122.8824099998747,900.5963412549154
1772911741,10,GET,/api/audio/latency,18.500000,0.000000,2,3,5,8,16,72,320,330,330,330,330,868,0,2,18.456003561075175,1.0465810009918641,1034.433042997989,33.05990783410138
1772911741,10,GET,/api/audio/levels,18.600000,0.000000,3,9,11,13,24,63,330,1100,1100,1100,1100,870,0,3,39.30992267008244,1.0814679990289733,1122.8824099998747,76.46666666666667
1772911741,10,GET,/api/audio/levels (during plugin swap),3.900000,0.000000,7,12,13,15,38,240,260,260,260,260,260,228,0,3,41.71360659207143,1.0583909970591776,1105.011599000136,76.1359649122807
1772911741,10,GET,/api/audio/levels/plugins,3.900000,0.000000,2,3,4,7,11,15,17,17,17,17,17,228,0,2,10.737735820073699,1.0451259986439254,365.12994499935303,19.87280701754386
1772911741,10,GET,/api/audio/status,12.100000,0.000000,2,4,7,8,12,21,330,330,1100,1100,1100,689,0,2,16.839035241017907,1.0477460018591955,1109.161079999467,168.03773584905662
1772911741,10,GET,/api/chains/,0.000000,0.000000,0,0,0,0,0,0,0,0,0,0,0,42,0,8,41.32828088101329,1.4142800027912017,284.3269010008953,1448.0238095238096
1772911741,10,GET,/api/chains/{id},12.200000,0.000000,3,8,12,15,78,220,930,1000,1000,1000,1000,689,0,3,41.22718133090445,1.2273779975657817,1084.4515280004998,502.3788098693759
1772911741,10,POST,/api/chains/{id}/activate,12.100000,0.000000,4,6,8,11,24,79,110,320,340,340,340,689,0,4,17.506706808400217,1.176350997411646,1036.1605870020867,52.95645863570392
1772911741,10,POST,/api/chains/{id}/deactivate,12.100000,0.000000,2,3,4,7,13,28,290,290,320,320,320,689,0,2,11.91804777365009,1.1894579984073061,386.5213729986863,61.27285921625544
1772911741,10,POST,/api/plugins/batch/parameters (500 updates),11.100000,0.000000,8,13,14,19,46,140,960,1000,1100,1100,1100,474,0,8,43.54935496205128,2.739354000368621,1112.417002001166,956.0379746835443
1772911741,10,GET,/api/plugins/discover,0.000000,0.000000,0,0,0,0,0,0,0,0,0,0,0,42,0,18,40.08264516665977,11.059404001571238,306.9335649997811,85406.02380952382
1772911741,10,GET,/api/plugins/list,0.000000,0.000000,0,0,0,0,0,0,0,0,0,0,0,42,0,2,47.68287504772334,1.157198999862885,1006.7570299979707,46.142857142857146
1772911741,10,POST,/api/plugins/load?uri,3.900000,0.000000,3,4,9,9,13,25,27,27,27,27,27,228,0,3,17.51130965356807,1.252794998436002,356.40554900237476,2291.245614035088
1772911741,10,POST,/api/plugins/unload?uri,3.900000,0.000000,2,2,4,4,7,10,10,10,10,10,10,228,0,2,10.56716292995381,1.196782999613788,1022.8903060015,108.3640350877193
1772911741,10,,Aggregated,112.300000,0.000000,3,6,9,11,21,72,320,330,1100,1100,1100,6006,0,3,25.795180595421776,1.0451259986439254,1122.8824099998747,883.7519147519148
1772911742,10,GET,/api/audio/latency,18.100000,0.000000,2,4,8,11,69,84,320,330,330,330,330,879,0,2,18.945264515375737,1.0465810009918641,1034.433042997989,33.08873720136519
1772911742,10,GET,/api/audio/levels,18.100000,0.000000,5,10,14,18,63,210,330,1100,1100,1100,1100,879,0,3,40.603197300305354,1.0814679990289733,1122.8824099998747,76.56427758816837
1772911742,10,GET,/api/audio/levels (during plugin swap),3.500000,0.000000,10,13,18,120,240,260,350,350,350,350,350,232,0,3,44.86701825426908,1.0583909970591776,1105.011599000136,76.30603448275862
1772911742,10,GET,/api/audio/levels/plugins,3.500000,0.000000,2,4,8,12,17,20,27,27,27,27,27,232,0,2,10.901804137825694,1.0451259986439254,365.12994499935303,19.995689655172413
1772911742,10,GET,/api/audio/status,11.200000,0.000000,2,6,8,9,20,41,330,330,1100,1100,1100,695,0,2,16.83379029072574,1.0477460018591955,1109.161079999467,168.03741007194245
1772911742,10,GET,/api/chains/,0.000000,0.000000,0,0,0,0,0,0,0,0,0,0,0,42,0,8,41.32828088101329,1.4142800027912017,284.3269010008953,1448.0238095238096
1772911742,10,GET,/api/chains/{id},11.200000,0.000000,4,9,15,24,210,290,930,1000,1000,1000,1000,695,0,4,42.73846042589029,1.2273779975657817,1084.4515280004998,502.59712230215825
1772911742,10,POST,/api/chains/{id}/activate,11.200000,0.000000,4,8,12,19,67,100,320,340,410,410,410,695,0,4,18.289890330919885,1.176350997411646,1036.1605870020867,52.90791366906475
1772911742,10,POST,/api/chains/{id}/deactivate,11.300000,0.000000,2,4,7,10,18,28,290,290,320,320,320,694,0,2,11.936197772396952,1.1894579984073061,386.5213729986863,61.278097982708935
1772911742,10,POST,/api/plugins/batch/parameters (500 updates),10.400000,0.000000,9,14,20,36,130,180,960,1000,1100,1100,1100,480,0,8,45.25697271668984,2.739354000368621,1112.417002001166,955.5833333333334
1772911742,10,GET,/api/plugins/discover,0.000000,0.000000,0,0,0,0,0,0,0,0,0,0,0,42,0,18,40.08264516665977,11.059404001571238,306.9335649997811,85406.02380952382
1772911742,10,GET,/api/plugins/list,0.000000,0.000000,0,0,0,0,0,0,0,0,0,0,0,42,0,2,47.68287504772334,1.157198999862885,1006.7570299979707,46.142857142857146
1772911742,10,POST,/api/plugins/load?uri,3.500000,0.000000,3,9,12,20,27,80,80,80,80,80,80,232,0,3,18.27458740092033,1.252794998436002,356.40554900237476,2307.5172413793102
1772911742,10,POST,/api/plugins/unload?uri,3.500000,0.000000,2,3,4,7,8,10,18,18,18,18,18,230,0,2,10.580480687080442,1.196782999613788,1022.8903060015,108.42608695652174
1772911742,10,,Aggregated,105.500000,0.000000,4,8,12,15,51,140,330,410,1100,1100,1100,6069,0,3,26.610294183241127,1.0451259986439254,1122.8824099998747,878.7091777887625
1772911743,10,GET,/api/audio/latency,19.000000,0.000000,2,4,7,9,23,84,320,330,330,330,330,905,0,2,18.519530573494645,1.0465810009918641,1034.433042997989,33.08618784530387
1772911743,10,GET,/api/audio/levels,19.000000,0.000000,5,10,14,17,52,210,330,1100,1100,1100,1100,905,0,3,39.59751084638012,1.0814679990289733,1122.8824099998747,76.50497237569061
1772911743,10,GET,/api/audio/levels (during plugin swap),3.900000,0.000000,6,12,15,18,170,260,350,350,350,350,350,243,0,3,42.97082673247694,1.0583909970591776,1105.011599000136,76.26337448559671
1772911743,10,GET,/api/audio/levels/plugins,3.900000,0.000000,2,3,7,12,16,18,27,27,27,27,27,243,0,2,10.600443526666153,1.0451259986439254,365.12994499935303,19.88477366255144
1772911743,10,GET,/api/audio/status,12.500000,0.000000,2,5,7,9,16,41,330,330,1100,1100,1100,709,0,2,16.59119515240243,1.0477460018591955,1109.161079999467,168.03667136812413
1772911743,10,GET,/api/chains/,0.000000,0.000000,0,0,0,0,0,0,0,0,0,0,0,42,0,8,41.32828088101329,1.4142800027912017,284.3269010008953,1448.0238095238096
1772911743,10,GET,/api/chains/{id},12.500000,0.000000,4,9,15,17,210,290,930,1000,1000,1000,1000,709,0,4,42.01032025668433,1.2273779975657817,1084.4515280004998,503.966149506347
1772911743,10,POST,/api/chains/{id}/activate,12.500000,0.000000,5,7,10,16,25,100,320,340,410,410,410,709,0,4,18.017075297588587,1.176350997411646,1036.1605870020867,52.94217207334274
1772911743,10,POST,/api/chains/{id}/deactivate,12.500000,0.000000,2,3,5,10,19,28,290,290,320,320,320,709,0,2,11.796052568466397,1.1870730013470165,386.5213729986863,61.29337094499295
1772911743,10,POST,/api/plugins/batch/parameters (500 updates),10.700000,0.000000,8,13,15,24,130,180,960,1000,1100,1100,1100,490,0,8,44.49555223675686,2.739354000368621,1112.417002001166,955.8244897959183
1772911743,10,GET,/api/plugins/discover,0.000000,0.000000,0,0,0,0,0,0,0,0,0,0,0,42,0,18,40.08264516665977,11.059404001571238,306.9335649997811,85406.02380952382
1772911743,10,GET,/api/plugins/list,0.000000,0.000000,0,0,0,0,0,0,0,0,0,0,0,42,0,2,47.68287504772334,1.157198999862885,1006.7570299979707,46.142857142857146
1772911743,10,POST,/api/plugins/load?uri,3.900000,0.000000,3,5,12,13,25,68,80,80,80,80,80,243,0,3,17.649284267560684,1.252794998436002,356.40554900237476,2283.4362139917694
1772911743,10,POST,/api/plugins/unload?uri,3.900000,0.000000,2,3,4,6,7,13,18,18,18,18,18,243,0,2,10.241581946625777,1.196782999613788,1022.8903060015,108.29218106995884
1772911743,10,,Aggregated,114.300000,0.000000,3,7,11,14,27,140,330,410,1100,1100,1100,6234,0,3,26.034963742717157,1.0451259986439254,1122.8824099998747,862.9032723772858
1772911744,10,GET,/api/audio/latency,19.500000,0.000000,2,4,8,12,25,84,320,330,330,330,330,919,0,2,18.34353068662812,1.0465810009918641,1034.433042997989,33.08487486398259
1772911744,10,GET,/api/audio/levels,19.400000,0.000000,6,10,13,17,60,210,330,1100,1100,1100,1100,919,0,3,39.1308203220715,1.0814679990289733,1122.8824099998747,76.49401523394995
1772911744,10,GET,/api/audio/levels (during plugin swap),3.600000,0.000000,6,12,13,18,160,260,350,350,350,350,350,249,0,3,42.17541774695231,1.0583909970591776,1105.011599000136,76.18473895582329
1772911744,10,GET,/api/audio/levels/plugins,3.600000,0.000000,2,3,11,13,17,18,27,27,27,27,27,247,0,2,10.518337238786426,1.0451259986439254,365.12994499935303,19.842105263157894
1772911744,10,GET,/api/audio/status,12.600000,0.000000,2,4,7,8,16,41,330,330,1100,1100,1100,722,0,2,16.335023464058178,1.0477460018591955,1109.161079999467,168.0360110803324
1772911744,10,GET,/api/chains/,0.000000,0.000000,0,0,0,0,0,0,0,0,0,0,0,42,0,8,41.32828088101329,1.4142800027912017,284.3269010008953,1448.0238095238096
1772911744,10,GET,/api/chains/{id},12.700000,0.000000,4,9,15,17,210,290,930,1000,1000,1000,1000,725,0,4,41.46991171032604,1.2273779975657817,1084.4515280004998,503.3958620689655
1772911744,10,POST,/api/chains/{id}/activate,12.600000,0.000000,4,7,10,16,29,90,110,340,410,410,410,724,0,4,17.996760263797608,1.176350997411646,1036.1605870020867,52.91574585635359
1772911744,10,POST,/api/chains/{id}/deactivate,12.600000,0.000000,2,3,4,5,16,20,28,33,86,86,86,722,0,2,11.617320786766632,1.1870730013470165,386.5213729986863,61.30609418282548
1772911744,10,POST,/api/plugins/batch/parameters (500 updates),10.800000,0.000000,8,12,19,25,94,180,960,1000,1100,1100,1100,501,0,8,43.931305964093724,2.739354000368621,1112.417002001166,955.4830339321358
1772911744,10,GET,/api/plugins/discover,0.000000,0.000000,0,0,0,0,0,0,0,0,0,0,0,42,0,18,40.08264516665977,11.059404001571238,306.9335649997811,85406.02380952382
1772911744,10,GET,/api/plugins/list,0.000000,0.000000,0,0,0,0,0,0,0,0,0,0,0,42,0,2,47.68287504772334,1.157198999862885,1006.7570299979707,46.142857142857146
1772911744,10,POST,/api/plugins/load?uri,3.600000,0.000000,3,5,10,12,25,68,80,80,80,80,80,247,0,3,17.4249924737391,1.252794998436002,356.40554900237476,2268.3967611336034
1772911744,10,POST,/api/plugins/unload?uri,3.600000,0.000000,2,2,4,6,7,13,18,18,18,18,18,247,0,2,10.106728587157955,1.196782999613788,1022.8903060015,108.27125506072875
1772911744,10,,Aggregated,114.600000,0.000000,3,7,11,14,28,110,330,410,1100,1100,1100,6348,0,3,25.744711546959177,1.0451259986439254,1122.8824099998747,852.0752993068683
1772911745,10,GET,/api/audio/latency,18.200000,0.000000,2,4,7,12,25,84,320,330,330,330,330,941,0,2,18.050372098839095,1.0465810009918641,1034.433042997989,33.08289054197662
1772911745,10,GET,/api/audio/levels,18.200000,0.000000,4,10,13,17,65,300,400,1100,1100,1100,1100,942,0,3,39.339561032893144,1.0814679990289733,1122.8824099998747,76.50530785562633
1772911745,10,GET,/api/audio/levels (during plugin swap),4.100000,0.000000,4,12,15,18,170,260,350,350,350,350,350,256,0,3,42.49454639450789,1.0583909970591776,1105.011599000136,76.1484375
1772911745,10,GET,/api/audio/levels/plugins,4.100000,0.000000,2,3,7,15,18,21,27,27,27,27,27,255,0,2,10.40904193325653,1.0451259986439254,365.12994499935303,19.862745098039216
1772911745,10,GET,/api/audio/status,12.200000,0.000000,2,3,7,8,20,320,410,410,1100,1100,1100,741,0,2,17.095806193047054,1.0477460018591955,1109.161079999467,168.03508771929825
1772911745,10,GET,/api/chains/,0.000000,0.000000,0,0,0,0,0,0,0,0,0,0,0,42,0,8,41.32828088101329,1.4142800027912017,284.3269010008953,1448.0238095238096
1772911745,10,GET,/api/chains/{id},12.200000,0.000000,3,9,12,17,93,260,930,1000,1000,1000,1000,741,0,3,40.6449902078203,1.2273779975657817,1084.4515280004998,504.00539811066125
1772911745,10,POST,/api/chains/{id}/activate,12.200000,0.000000,4,7,9,16,29,90,340,410,430,430,430,741,0,4,18.24549852630072,1.176350997411646,1036.1605870020867,52.94331983805668
1772911745,10,POST,/api/chains/{id}/deactivate,12.200000,0.000000,2,3,5,7,17,20,28,33,86,86,86,741,0,2,11.419208982521104,1.1870730013470165,386.5213729986863,61.256410256410255
1772911745,10,POST,/api/plugins/batch/parameters (500 updates),11.100000,0.000000,8,12,16,24,94,230,960,1000,1100,1100,1100,515,0,8,43.51937511652704,2.739354000368621,1112.417002001166,955.1514563106796
1772911745,10,GET,/api/plugins/discover,0.000000,0.000000,0,0,0,0,0,0,0,0,0,0,0,42,0,18,40.08264516665977,11.059404001571238,306.9335649997811,85406.02380952382
1772911745,10,GET,/api/plugins/list,0.000000,0.000000,0,0,0,0,0,0,0,0,0,0,0,42,0,2,47.68287504772334,1.157198999862885,1006.7570299979707,46.142857142857146
1772911745,10,POST,/api/plugins/load?uri,4.100000,0.000000,3,5,12,15,68,80,430,430,430,430,430,255,0,3,20.352867392206214,1.252794998436002,426.1067759980506,2249.9176470588236
1772911745,10,POST,/api/plugins/unload?uri,4.100000,0.000000,2,2,4,6,7,13,18,18,18,18,18,255,0,2,9.88721580014338,1.196782999613788,1022.8903060015,108.24705882352941
1772911745,10,,Aggregated,112.700000,0.000000,3,6,10,14,28,140,330,430,1100,1100,1100,6509,0,3,25.793408150271052,1.0451259986439254,1122.8824099998747,837.8253187893686
1772911746,10,GET,/api/audio/latency,18.500000,0.000000,2,3,6,8,22,69,320,330,330,330,330,962,0,2,17.739696068613565,1.0465810009918641,1034.433042997989,33.08108108108108
1772911746,10,GET,/api/audio/levels,18.500000,0.000000,4,9,11,14,39,120,310,400,400,400,400,962,0,3,38.617154692296545,1.0814679990289733,1122.8824099998747,76.44594594594595
1772911746,10,GET,/api/audio/levels (during plugin swap),4.400000,0.000000,4,11,13,15,38,260,340,350,350,350,350,260,0,3,41.96659819228024,1.0583909970591776,1105.011599000136,76.2
1772911746,10,GET,/api/audio/levels/plugins,4.400000,0.000000,2,3,3,7,17,21,24,27,27,27,27,259,0,2,10.278291528887529,1.0451259986439254,365.12994499935303,19.872586872586872
1772911746,10,GET,/api/audio/status,12.500000,0.000000,2,3,5,7,12,22,330,410,410,410,410,760,0,2,16.757571052700147,1.0477460018591955,1109.161079999467,168.0342105263158
1772911746,10,GET,/api/chains/,0.000000,0.000000,0,0,0,0,0,0,0,0,0,0,0,42,0,8,41.32828088101329,1.4142800027912017,284.3269010008953,1448.0238095238096
1772911746,10,GET,/api/chains/{id},12.400000,0.000000,3,7,10,13,26,210,260,260,330,330,330,760,0,3,39.76050340656672,1.2273779975657817,1084.4515280004998,502.5486842105263
1772911746,10,POST,/api/chains/{id}/activate,12.500000,0.000000,4,5,8,8,19,87,340,410,430,430,430,760,0,4,17.886800507887145,1.176350997411646,1036.1605870020867,52.988157894736844
1772911746,10,POST,/api/chains/{id}/deactivate,12.800000,0.000000,2,2,3,4,13,18,20,20,33,33,33,759,0,2,11.210319249084273,1.1870730013470165,386.5213729986863,61.27404479578393
1772911746,10,POST,/api/plugins/batch/parameters (500 updates),11.200000,0.000000,8,11,13,19,49,100,230,310,340,340,340,519,0,8,43.27243727362194,2.739354000368621,1112.417002001166,955.3815028901735
1772911746,10,GET,/api/plugins/discover,0.000000,0.000000,0,0,0,0,0,0,0,0,0,0,0,42,0,18,40.08264516665977,11.059404001571238,306.9335649997811,85406.02380952382
1772911746,10,GET,/api/plugins/list,0.000000,0.000000,0,0,0,0,0,0,0,0,0,0,0,42,0,2,47.68287504772334,1.157198999862885,1006.7570299979707,46.142857142857146
1772911746,10,POST,/api/plugins/load?uri,4.400000,0.000000,3,3,10,12,23,80,430,430,430,430,430,259,0,3,20.096327876489546,1.252794998436002,426.1067759980506,2263.254826254826
1772911746,10,POST,/api/plugins/unload?uri,4.400000,0.000000,2,2,3,5,7,13,17,18,18,18,18,259,0,2,9.823908552283697,1.196782999613788,1022.8903060015,108.4015444015444
1772911746,10,,Aggregated,116.000000,0.000000,3,5,9,11,20,65,260,330,430,430,430,6645,0,3,25.353603698891042,1.0451259986439254,1122.8824099998747,825.6817155756207
1772911747,10,GET,/api/audio/latency,17.200000,0.000000,2,4,7,12,25,86,320,330,330,330,330,966,0,2,18.024070181168597,1.0465810009918641,1034.433042997989,33.08074534161491
1772911747,10,GET,/api/audio/levels,17.200000,0.000000,4,9,11,17,65,310,970,990,1100,1100,1100,966,0,3,42.62744657451993,1.0814679990289733,1122.8824099998747,76.48550724637681
1772911747,10,GET,/api/audio/levels (during plugin swap),4.700000,0.000000,4,10,18,32,260,350,1100,1100,1100,1100,1100,262,0,3,49.959925435075114,1.0583909970591776,1132.417089997034,76.22519083969466
1772911747,10,GET,/api/audio/levels/plugins,4.700000,0.000000,2,3,7,15,20,24,96,96,96,96,96,260,0,2,10.606325346088852,1.0451259986439254,365.12994499935303,19.9
1772911747,10,GET,/api/audio/status,11.800000,0.000000,2,3,5,7,13,22,330,410,410,410,410,760,0,2,16.757571052700147,1.0477460018591955,1109.161079999467,168.0342105263158
1772911747,10,GET,/api/chains/,0.000000,0.000000,0,0,0,0,0,0,0,0,0,0,0,42,0,8,41.32828088101329,1.4142800027912017,284.3269010008953,1448.0238095238096
1772911747,10,GET,/api/chains/{id},11.800000,0.000000,3,7,10,13,38,210,260,260,330,330,330,760,0,3,39.76050340656672,1.2273779975657817,1084.4515280004998,502.5486842105263
1772911747,10,POST,/api/chains/{id}/activate,11.800000,0.000000,4,5,8,8,22,87,340,410,430,430,430,760,0,4,17.886800507887145,1.176350997411646,1036.1605870020867,52.988157894736844
1772911747,10,POST,/api/chains/{id}/deactivate,11.800000,0.000000,2,2,3,4,15,18,20,33,1100,1100,1100,760,0,2,12.69191944349682,1.1870730013470165,1137.2264670026198,61.275
1772911747,10,POST,/api/plugins/batch/parameters (500 updates),11.000000,0.000000,8,12,16,23,65,230,1000,1100,1100,1100,1100,521,0,8,47.23403484071426,2.739354000368621,1134.7870520003198,955.0652591170825
1772911747,10,GET,/api/plugins/discover,0.000000,0.000000,0,0,0,0,0,0,0,0,0,0,0,42,0,18,40.08264516665977,11.059404001571238,306.9335649997811,85406.02380952382
1772911747,10,GET,/api/plugins/list,0.000000,0.000000,0,0,0,0,0,0,0,0,0,0,0,42,0,2,47.68287504772334,1.157198999862885,1006.7570299979707,46.142857142857146
1772911747,10,POST,/api/plugins/load?uri,4.700000,0.000000,3,10,15,23,80,430,1100,1100,1100,1100,1100,262,0,3,24.80036921377122,1.252794998436002,1124.6547699993243,2255.2251908396947
1772911747,10,POST,/api/plugins/unload?uri,4.700000,0.000000,2,3,4,5,7,13,18,18,18,18,18,259,0,2,9.823908552283697,1.196782999613788,1022.8903060015,108.4015444015444
1772911747,10,,Aggregated,111.400000,0.000000,3,5,9,12,25,93,330,430,1100,1100,1100,6662,0,3,26.974337261952996,1.0451259986439254,1137.2264670026198,824.6489042329631
1772911748,10,GET,/api/audio/latency,19.100000,0.000000,2,4,7,13,28,86,320,330,330,330,330,985,0,2,17.816928770569085,1.0465810009918641,1034.433042997989,33.079187817258884
1772911748,10,GET,/api/audio/levels,19.100000,0.000000,5,8,11,18,100,310,970,990,1100,1100,1100,986,0,3,42.566030693706125,1.0814679990289733,1122.8824099998747,76.48073022312373
1772911748,10,GET,/api/audio/levels (during plugin swap),5.200000,0.000000,4,11,18,32,280,350,1100,1100,1100,1100,1100,267,0,3,50.193710771497436,1.0583909970591776,1132.417089997034,76.2621722846442
1772911748,10,GET,/api/audio/levels/plugins,5.200000,0.000000,2,3,12,16,24,96,340,340,340,340,340,267,0,2,12.983198880071578,1.0451259986439254,365.12994499935303,19.89138576779026
1772911748,10,GET,/api/audio/status,13.100000,0.000000,2,3,4,5,11,21,330,410,410,410,410,770,0,2,16.57851760656185,1.0477460018591955,1109.161079999467,168.03376623376624
1772911748,10,GET,/api/chains/,0.000000,0.000000,0,0,0,0,0,0,0,0,0,0,0,42,0,8,41.32828088101329,1.4142800027912017,284.3269010008953,1448.0238095238096
1772911748,10,GET,/api/chains/{id},13.000000,0.000000,3,7,11,14,68,220,260,260,330,330,330,770,0,3,39.84767580647725,1.2273779975657817,1084.4515280004998,501.6272727272727
1772911748,10,POST,/api/chains/{id}/activate,13.000000,0.000000,4,5,7,8,24,87,340,410,430,430,430,770,0,4,17.804040294797304,1.176350997411646,1036.1605870020867,52.94935064935065
1772911748,10,POST,/api/chains/{id}/deactivate,13.100000,0.000000,2,2,3,4,15,18,20,33,1100,1100,1100,770,0,2,12.578038183204768,1.1870730013470165,1137.2264670026198,61.284415584415584
1772911748,10,POST,/api/plugins/batch/parameters (500 updates),11.400000,0.000000,9,12,19,25,100,240,1000,1100,1100,1100,1100,527,0,8,47.22314239470213,2.739354000368621,1134.7870520003198,954.3889943074004
1772911748,10,GET,/api/plugins/discover,0.000000,0.000000,0,0,0,0,0,0,0,0,0,0,0,42,0,18,40.08264516665977,11.059404001571238,306.9335649997811,85406.02380952382
1772911748,10,GET,/api/plugins/list,0.000000,0.000000,0,0,0,0,0,0,0,0,0,0,0,42,0,2,47.68287504772334,1.157198999862885,1006.7570299979707,46.142857142857146
1772911748,10,POST,/api/plugins/load?uri,5.200000,0.000000,3,10,15,23,80,430,1100,1100,1100,1100,1100,267,0,3,24.54043080900972,1.252794998436002,1124.6547699993243,2272.1498127340824
1772911748,10,POST,/api/plugins/unload?uri,5.200000,0.000000,2,3,5,7,17,26,340,340,340,340,340,267,0,2,11.077857887773398,1.196782999613788,1022.8903060015,108.52434456928839
1772911748,10,,Aggregated,122.600000,0.000000,3,6,10,13,28,170,340,430,1100,1100,1100,6772,0,3,27.030272313368457,1.0451259986439254,1137.2264670026198,815.9592439456586
1772911749,10,GET,/api/audio/latency,19.500000,0.000000,2,4,6,10,22,69,87,140,140,140,140,1011,0,2,17.496682705247444,1.0465810009918641,1034.433042997989,33.07715133531157
1772911749,10,GET,/api/audio/levels,19.500000,0.000000,4,8,12,17,65,270,970,990,1100,1100,1100,1011,0,4,41.792289188913436,1.0814679990289733,1122.8824099998747,76.43323442136499
1772911749,10,GET,/api/audio/levels (during plugin swap),5.200000,0.000000,4,10,18,18,260,350,1000,1100,1100,1100,1100,273,0,3,49.20072430400319,1.0583909970591776,1132.417089997034,76.19047619047619
1772911749,10,GET,/api/audio/levels/plugins,5.100000,0.000000,2,3,12,15,21,96,340,340,340,340,340,273,0,2,12.752125146450716,1.0451259986439254,365.12994499935303,19.857142857142858
1772911749,10,GET,/api/audio/status,13.500000,0.000000,2,2,3,4,11,20,24,410,410,410,410,784,0,2,16.309778350831746,1.0477460018591955,1109.161079999467,168.03316326530611
1772911749,10,GET,/api/chains/,0.000000,0.000000,0,0,0,0,0,0,0,0,0,0,0,42,0,8,41.32828088101329,1.4142800027912017,284.3269010008953,1448.0238095238096
1772911749,10,GET,/api/chains/{id},13.500000,0.000000,3,7,11,13,24,190,260,260,260,260,260,784,0,3,39.272937677284915,1.2273779975657817,1084.4515280004998,501.37117346938777
1772911749,10,POST,/api/chains/{id}/activate,13.500000,0.000000,4,5,7,8,19,48,90,410,430,430,430,784,0,4,17.556871732137683,1.176350997411646,1036.1605870020867,52.88392857142857
1772911749,10,POST,/api/chains/{id}/deactivate,13.400000,0.000000,2,2,3,5,15,18,19,20,1100,1100,1100,784,0,2,12.421673317685046,1.1870730013470165,1137.2264670026198,61.297193877551024
1772911749,10,POST,/api/plugins/batch/parameters (500 updates),11.000000,0.000000,9,12,17,23,100,240,1000,1100,1100,1100,1100,540,0,8,46.31308716296998,2.739354000368621,1134.7870520003198,954.0666666666667
1772911749,10,GET,/api/plugins/discover,0.000000,0.000000,0,0,0,0,0,0,0,0,0,0,0,42,0,18,40.08264516665977,11.059404001571238,306.9335649997811,85406.02380952382
1772911749,10,GET,/api/plugins/list,0.000000,0.000000,0,0,0,0,0,0,0,0,0,0,0,42,0,2,47.68287504772334,1.157198999862885,1006.7570299979707,46.142857142857146
1772911749,10,POST,/api/plugins/load?uri,5.100000,0.000000,3,10,18,20,80,430,430,1100,1100,1100,1100,273,0,3,24.14544532969694,1.252794998436002,1124.6547699993243,2270.6630036630036
1772911749,10,POST,/api/plugins/unload?uri,5.100000,0.000000,2,3,5,6,13,26,27,340,340,340,340,273,0,2,10.894209498290852,1.196782999613788,1022.8903060015,108.3882783882784
1772911749,10,,Aggregated,124.400000,0.000000,3,5,8,12,23,90,340,430,1100,1100,1100,6916,0,3,26.59501730077012,1.0451259986439254,1137.2264670026198,804.7646038172354
1772911750,10,GET,/api/audio/latency,17.700000,0.000000,2,4,8,15,25,74,87,140,140,140,140,1037,0,2,17.33758049566146,1.0267750003549736,1034.433042997989,33.07521697203472
1772911750,10,GET,/api/audio/levels,17.700000,0.000000,5,8,13,18,88,270,970,990,1100,1100,1100,1037,0,4,41.23264873479573,1.0642130000633188,1122.8824099998747,76.39729990356798
1772911750,10,GET,/api/audio/levels (during plugin swap),4.500000,0.000000,6,11,18,32,280,350,1100,1100,1100,1100,1100,276,0,3,49.30197685865531,1.0583909970591776,1132.417089997034,76.29710144927536
1772911750,10,GET,/api/audio/levels/plugins,4.500000,0.000000,2,3,12,16,24,96,340,340,340,340,340,276,0,2,12.644006775282332,1.0451259986439254,365.12994499935303,19.88768115942029
1772911750,10,GET,/api/audio/status,12.800000,0.000000,2,2,4,6,11,22,330,410,410,410,410,792,0,2,16.6100098434972,1.0477460018591955,1109.161079999467,168.0328282828283
1772911750,10,GET,/api/chains/,0.000000,0.000000,0,0,0,0,0,0,0,0,0,0,0,42,0,8,41.32828088101329,1.4142800027912017,284.3269010008953,1448.0238095238096
1772911750,10,GET,/api/chains/{id},12.700000,0.000000,3,7,11,15,38,210,260,260,260,260,260,792,0,3,39.21741143306858,1.2273779975657817,1084.4515280004998,501.13762626262627
1772911750,10,POST,/api/chains/{id}/activate,12.800000,0.000000,4,5,7,8,22,89,330,410,430,430,430,792,0,4,17.948616503780602,1.176350997411646,1036.1605870020867,52.89141414141414
1772911750,10,POST,/api/chains/{id}/deactivate,12.800000,0.000000,2,3,3,5,15,18,19,20,1100,1100,1100,792,0,2,12.326883827105544,1.1870730013470165,1137.2264670026198,61.24116161616162
1772911750,10,POST,/api/plugins/batch/parameters (500 updates),9.500000,0.000000,10,15,23,64,230,300,1000,1100,1100,1100,1100,553,0,8,47.7421300777729,2.739354000368621,1134.7870520003198,955.3074141048825
1772911750,10,GET,/api/plugins/discover,0.000000,0.000000,0,0,0,0,0,0,0,0,0,0,0,42,0,18,40.08264516665977,11.059404001571238,306.9335649997811,85406.02380952382
1772911750,10,GET,/api/plugins/list,0.000000,0.000000,0,0,0,0,0,0,0,0,0,0,0,42,0,2,47.68287504772334,1.157198999862885,1006.7570299979707,46.142857142857146
1772911750,10,POST,/api/plugins/load?uri,4.500000,0.000000,3,10,19,23,80,430,1100,1100,1100,1100,1100,276,0,3,23.97692548552384,1.252794998436002,1124.6547699993243,2262.014492753623
1772911750,10,POST,/api/plugins/unload?uri,4.500000,0.000000,2,3,5,7,17,26,340,340,340,340,340,276,0,2,10.79897338418643,1.1934850008401554,1022.8903060015,108.34782608695652
1772911750,10,,Aggregated,114.000000,0.000000,3,6,10,14,32,170,340,430,1100,1100,1100,7025,0,3,26.68319128471287,1.0267750003549736,1137.2264670026198,796.1222775800712
1772911751,10,GET,/api/audio/latency,18.300000,0.000000,2,4,7,8,22,69,85,87,88,88,88,1062,0,2,17.025206443488123,1.0267750003549736,1034.433042997989,33.07344632768361
1772911751,10,GET,/api/audio/levels,18.200000,0.000000,5,7,9,13,62,250,970,990,1100,1100,1100,1062,0,4,40.37480335402417,1.0642130000633188,1122.8824099998747,76.36629001883239
1772911751,10,GET,/api/audio/levels (during plugin swap),4.800000,0.000000,4,9,18,20,260,350,1000,1100,1100,1100,1100,281,0,3,48.459206718793105,1.0583909970591776,1132.417089997034,76.2846975088968
1772911751,10,GET,/api/audio/levels/plugins,4.800000,0.000000,2,3,6,15,21,96,340,340,340,340,340,281,0,2,12.454737889601867,1.0451259986439254,365.12994499935303,19.92170818505338
1772911751,10,GET,/api/audio/status,13.100000,0.000000,2,3,4,6,11,21,330,410,410,410,410,814,0,2,16.238054246989226,1.0477460018591955,1109.161079999467,168.03194103194105
1772911751,10,GET,/api/chains/,0.000000,0.000000,0,0,0,0,0,0,0,0,0,0,0,42,0,8,41.32828088101329,1.4142800027912017,284.3269010008953,1448.0238095238096
1772911751,10,GET,/api/chains/{id},13.000000,0.000000,3,7,11,14,30,200,260,260,260,260,260,814,0,3,38.342242184261984,1.2273779975657817,1084.4515280004998,501.3071253071253
1772911751,10,POST,/api/chains/{id}/activate,13.100000,0.000000,4,5,7,8,20,87,330,410,430,430,430,814,0,4,17.587309803431697,1.176350997411646,1036.1605870020867,52.92997542997543
1772911751,10,POST,/api/chains/{id}/deactivate,13.100000,0.000000,2,3,3,5,15,18,20,20,1100,1100,1100,814,0,2,12.083875318255377,1.1870730013470165,1137.2264670026198,61.261670761670764
1772911751,10,POST,/api/plugins/batch/parameters (500 updates),8.900000,0.000000,9,12,20,45,230,300,1000,1100,1100,1100,1100,563,0,8,47.0470798223997,2.739354000368621,1134.7870520003198,954.797513321492
1772911751,10,GET,/api/plugins/discover,0.000000,0.000000,0,0,0,0,0,0,0,0,0,0,0,42,0,18,40.08264516665977,11.059404001571238,306.9335649997811,85406.02380952382
1772911751,10,GET,/api/plugins/list,0.000000,0.000000,0,0,0,0,0,0,0,0,0,0,0,42,0,2,47.68287504772334,1.157198999862885,1006.7570299979707,46.142857142857146
1772911751,10,POST,/api/plugins/load?uri,4.800000,0.000000,3,9,18,20,80,430,430,1100,1100,1100,1100,281,0,3,23.615490441313934,1.252794998436002,1124.6547699993243,2247.640569395018
1772911751,10,POST,/api/plugins/unload?uri,4.800000,0.000000,2,3,5,7,13,26,27,340,340,340,340,281,0,2,10.673944932505265,1.1910829998669215,1022.8903060015,108.29181494661921
1772911751,10,,Aggregated,116.900000,0.000000,3,5,8,12,23,100,340,430,1100,1100,1100,7193,0,3,26.164480988470693,1.0267750003549736,1137.2264670026198,782.7650493535382
1772911752,10,GET,/api/audio/latency,19.700000,0.000000,2,3,5,8,18,28,85,87,88,88,88,1080,0,2,16.798170101834263,1.0267750003549736,1034.433042997989,33.07222222222222
1772911752,10,GET,/api/audio/levels,19.700000,0.000000,4,7,8,11,24,230,970,990,1100,1100,1100,1082,0,4,39.77750422085871,1.0642130000633188,1122.8824099998747,76.3641404805915
1772911752,10,GET,/api/audio/levels (during plugin swap),5.400000,0.000000,4,9,12,18,150,340,1100,1100,1100,1100,1100,285,0,3,47.8683429402672,1.0583909970591776,1132.417089997034,76.23859649122807
1772911752,10,GET,/api/audio/levels/plugins,5.400000,0.000000,2,3,6,12,21,96,340,340,340,340,340,284,0,2,12.415163887248717,1.0451259986439254,365.12994499935303,19.950704225352112
1772911752,10,GET,/api/audio/status,12.700000,0.000000,2,3,4,4,9,16,330,410,410,410,410,836,0,2,15.91917655029634,1.0477460018591955,1109.161079999467,168.0311004784689
1772911752,10,GET,/api/chains/,0.000000,0.000000,0,0,0,0,0,0,0,0,0,0,0,42,0,8,41.32828088101329,1.4142800027912017,284.3269010008953,1448.0238095238096
1772911752,10,GET,/api/chains/{id},12.700000,0.000000,3,7,11,12,21,48,190,200,230,230,230,838,0,3,37.52572181383368,1.2273779975657817,1084.4515280004998,500.44510739856804
1772911752,10,POST,/api/chains/{id}/activate,12.700000,0.000000,3,4,6,7,18,46,89,330,430,430,430,836,0,4,17.256855462906778,1.176350997411646,1036.1605870020867,53.026315789473685
1772911752,10,POST,/api/chains/{id}/deactivate,12.700000,0.000000,2,2,3,4,10,18,21,24,1100,1100,1100,836,0,2,11.901427903197463,1.1870730013470165,1137.2264670026198,61.22129186602871
1772911752,10,POST,/api/plugins/batch/parameters (500 updates),9.300000,0.000000,8,12,19,22,180,290,1000,1100,1100,1100,1100,571,0,8,46.51170870754664,2.739354000368621,1134.7870520003198,955.3607705779334
1772911752,10,GET,/api/plugins/discover,0.000000,0.000000,0,0,0,0,0,0,0,0,0,0,0,42,0,18,40.08264516665977,11.059404001571238,306.9335649997811,85406.02380952382
1772911752,10,GET,/api/plugins/list,0.000000,0.000000,0,0,0,0,0,0,0,0,0,0,0,42,0,2,47.68287504772334,1.157198999862885,1006.7570299979707,46.142857142857146
1772911752,10,POST,/api/plugins/load?uri,5.400000,0.000000,3,10,15,19,78,430,1100,1100,1100,1100,1100,285,0,3,23.60374049125025,1.252794998436002,1124.6547699993243,2235.080701754386
1772911752,10,POST,/api/plugins/unload?uri,5.400000,0.000000,2,3,4,5,13,26,340,340,340,340,340,284,0,2,10.62544285927493,1.1910829998669215,1022.8903060015,108.26408450704226
1772911752,10,,Aggregated,121.100000,0.000000,3,5,7,10,19,65,310,430,1100,1100,1100,7343,0,3,25.76682501144826,1.0267750003549736,1137.2264670026198,771.3686504153616
1772911753,10,GET,/api/audio/latency,18.800000,0.000000,2,4,7,10,26,74,140,430,430,430,430,1090,0,2,17.805357655022217,1.0267750003549736,1034.433042997989,33.095412844036694
1772911753,10,GET,/api/audio/levels,18.800000,0.000000,5,7,10,16,130,270,970,990,1100,1100,1100,1090,0,4,41.07042852107426,1.0642130000633188,1122.8824099998747,76.41100917431193
1772911753,10,GET,/api/audio/levels (during plugin swap),5.100000,0.000000,5,11,18,18,280,1000,1100,1100,1100,1100,1100,285,0,3,47.8683429402672,1.0583909970591776,1132.417089997034,76.23859649122807
1772911753,10,GET,/api/audio/levels/plugins,5.100000,0.000000,2,4,7,17,96,340,340,340,340,340,340,285,0,2,12.884950350800002,1.0451259986439254,365.12994499935303,19.975438596491227
1772911753,10,GET,/api/audio/status,12.400000,0.000000,2,3,4,5,11,22,410,410,430,430,430,842,0,2,16.92957101193643,1.0477460018591955,1109.161079999467,168.0308788598575
1772911753,10,GET,/api/chains/,0.000000,0.000000,0,0,0,0,0,0,0,0,0,0,0,42,0,8,41.32828088101329,1.4142800027912017,284.3269010008953,1448.0238095238096
1772911753,10,GET,/api/chains/{id},12.500000,0.000000,4,7,11,14,36,97,230,230,260,260,260,842,0,4,38.31370507837629,1.2273779975657817,1084.4515280004998,500.4418052256532
1772911753,10,POST,/api/chains/{id}/activate,12.500000,0.000000,4,4,7,8,20,89,340,430,440,440,440,842,0,4,18.474540236332093,1.176350997411646,1036.1605870020867,53.01543942992874
1772911753,10,POST,/api/chains/{id}/deactivate,12.400000,0.000000,2,3,4,4,11,19,24,430,1100,1100,1100,842,0,2,12.362905541660457,1.1870730013470165,1137.2264670026198,61.22565320665083
1772911753,10,POST,/api/plugins/batch/parameters (500 updates),9.200000,0.000000,10,15,23,73,250,300,1000,1100,1100,1100,1100,576,0,8,47.78815506945951,2.739354000368621,1134.7870520003198,955.6145833333334
1772911753,10,GET,/api/plugins/discover,0.000000,0.000000,0,0,0,0,0,0,0,0,0,0,0,42,0,18,40.08264516665977,11.059404001571238,306.9335649997811,85406.02380952382
1772911753,10,GET,/api/plugins/list,0.000000,0.000000,0,0,0,0,0,0,0,0,0,0,0,42,0,2,47.68287504772334,1.157198999862885,1006.7570299979707,46.142857142857146
1772911753,10,POST,/api/plugins/load?uri,5.100000,0.000000,4,10,19,23,90,430,1100,1100,1100,1100,1100,285,0,3,23.60374049125025,1.252794998436002,1124.6547699993243,2235.080701754386
1772911753,10,POST,/api/plugins/unload?uri,5.100000,0.000000,2,3,6,12,26,340,340,340,340,340,340,285,0,2,11.79265483520443,1.1910829998669215,1022.8903060015,108.32631578947368
1772911753,10,,Aggregated,117.000000,0.000000,3,5,9,12,30,200,400,440,1100,1100,1100,7390,0,3,26.658342756030752,1.0267750003549736,1137.2264670026198,767.7863328822733
1772911754,10,GET,/api/audio/latency,19.400000,0.000000,2,4,7,8,19,73,140,430,430,430,430,1114,0,2,17.496828939835318,1.0267750003549736,1034.433042997989,33.09335727109515
1772911754,10,GET,/api/audio/levels,19.400000,0.000000,4,7,9,13,62,220,970,990,1100,1100,1100,1114,0,4,40.285212654376316,1.0642130000633188,1122.8824099998747,76.38420107719928
1772911754,10,GET,/api/audio/levels (during plugin swap),5.500000,0.000000,3,11,12,17,20,280,1100,1100,1100,1100,1100,294,0,3,46.56370751013592,1.0583909970591776,1132.417089997034,76.13945578231292
1772911754,10,GET,/api/audio/levels/plugins,5.500000,0.000000,2,3,4,7,17,150,340,340,340,340,340,294,0,2,12.595603622363576,1.0451259986439254,365.12994499935303,19.92517006802721
1772911754,10,GET,/api/audio/status,13.800000,0.000000,2,3,4,4,9,16,330,410,430,430,430,861,0,2,16.627187899000315,1.0477460018591955,1109.161079999467,168.0301974448316
1772911754,10,GET,/api/chains/,0.000000,0.000000,0,0,0,0,0,0,0,0,0,0,0,42,0,8,41.32828088101329,1.4142800027912017,284.3269010008953,1448.0238095238096
1772911754,10,GET,/api/chains/{id},13.700000,0.000000,3,7,11,12,23,97,230,230,260,260,260,861,0,3,37.564458103373056,1.2273779975657817,1084.4515280004998,500.2206736353078
1772911754,10,POST,/api/chains/{id}/activate,13.800000,0.000000,3,4,6,8,18,48,330,340,440,440,440,861,0,4,18.165286261325253,1.176350997411646,1036.1605870020867,53.02439024390244
1772911754,10,POST,/api/chains/{id}/deactivate,13.800000,0.000000,2,2,3,4,10,18,24,430,1100,1100,1100,861,0,2,12.1529696609559,1.1870730013470165,1137.2264670026198,61.242740998838556
1772911754,10,POST,/api/plugins/batch/parameters (500 updates),9.100000,0.000000,8,12,19,24,240,290,1000,1100,1100,1100,1100,585,0,8,47.12494119489242,2.739354000368621,1134.7870520003198,955.7589743589743
1772911754,10,GET,/api/plugins/discover,0.000000,0.000000,0,0,0,0,0,0,0,0,0,0,0,42,0,18,40.08264516665977,11.059404001571238,306.9335649997811,85406.02380952382
1772911754,10,GET,/api/plugins/list,0.000000,0.000000,0,0,0,0,0,0,0,0,0,0,0,42,0,2,47.68287504772334,1.157198999862885,1006.7570299979707,46.142857142857146
1772911754,10,POST,/api/plugins/load?uri,5.500000,0.000000,3,4,9,11,28,78,1100,1100,1100,1100,1100,294,0,3,22.964670136085868,1.252794998436002,1124.6547699993243,2234.598639455782
1772911754,10,POST,/api/plugins/unload?uri,5.500000,0.000000,2,3,4,9,17,27,340,340,340,340,340,294,0,2,11.51346099670548,1.1910829998669215,1022.8903060015,108.25170068027211
1772911754,10,,Aggregated,125.000000,0.000000,3,4,8,10,20,120,330,430,1100,1100,1100,7559,0,3,26.147857939422348,1.0267750003549736,1137.2264670026198,756.9353089032941
