Timestamp,User Count,Type,Name,Requests/s,Failures/s,50%,66%,75%,80%,90%,95%,98%,99%,99.9%,99.99%,100%,Total Request Count,Total Failure Count,Total Median Response Time,Total Average Response Time,Total Min Response Time,Total Max Response Time,Total Average Content Size
1772908239,0,,Aggregated,0.000000,0.000000,N/A,N/A,N/A,N/A,N/A,N/A,N/A,N/A,N/A,N/A,N/A,0,0,0,0.0,0,0,0
1772908240,2,GET,/api/audio/latency,0.000000,0.000000,0,0,0,0,0,0,0,0,0,0,0,3,0,1.3250620013423031,5.454331333870262,1.3250620013423031,13.698067999939667,33.0
1772908240,2,GET,/api/audio/levels,0.000000,0.000000,0,0,0,0,0,0,0,0,0,0,0,3,0,12,13.448876999973436,1.358987999992678,27.316407000398613,73.0
1772908240,2,GET,/api/audio/levels (during plugin swap),0.000000,0.000000,0,0,0,0,0,0,0,0,0,0,0,1,0,1.3466050004353747,1.3466050004353747,1.3466050004353747,1.3466050004353747,73.0
1772908240,2,GET,/api/chains/,0.000000,0.000000,0,0,0,0,0,0,0,0,0,0,0,2,0,440.0,477.06593749990134,438.6417559999245,515.4901189998782,1451.0
1772908240,2,GET,/api/plugins/discover,0.000000,0.000000,0,0,0,0,0,0,0,0,0,0,0,2,0,23,49.24712699994416,22.881221999341506,75.61303200054681,85406.5
1772908240,2,GET,/api/plugins/list,0.000000,0.000000,0,0,0,0,0,0,0,0,0,0,0,2,0,3.039352000996587,6.377722001161601,3.039352000996587,9.716092001326615,23.0
1772908240,2,,Aggregated,0.000000,0.000000,0,0,0,0,0,0,0,0,0,0,0,13,0,12,86.41829253876774,1.3250620013423031,515.4901189998782,13396.307692307691
1772908241,4,GET,/api/audio/latency,0.000000,0.000000,0,0,0,0,0,0,0,0,0,0,0,3,0,1.3250620013423031,5.454331333870262,1.3250620013423031,13.698067999939667,33.0
1772908241,4,GET,/api/audio/levels,0.000000,0.000000,0,0,0,0,0,0,0,0,0,0,0,3,0,12,13.448876999973436,1.358987999992678,27.316407000398613,73.0
1772908241,4,GET,/api/audio/levels (during plugin swap),0.000000,0.000000,0,0,0,0,0,0,0,0,0,0,0,1,0,1.3466050004353747,1.3466050004353747,1.3466050004353747,1.3466050004353747,73.0
1772908241,4,GET,/api/chains/,0.000000,0.000000,520,520,520,520,520,520,520,520,520,520,520,2,0,440.0,477.06593749990134,438.6417559999245,515.4901189998782,1451.0
1772908241,4,GET,/api/plugins/discover,0.000000,0.000000,0,0,0,0,0,0,0,0,0,0,0,2,0,23,49.24712699994416,22.881221999341506,75.61303200054681,85406.5
1772908241,4,GET,/api/plugins/list,0.000000,0.000000,10,10,10,10,10,10,10,10,10,10,10,2,0,3.039352000996587,6.377722001161601,3.039352000996587,9.716092001326615,23.0
1772908241,4,,Aggregated,0.000000,0.000000,12,23,27,27,76,520,520,520,520,520,520,13,0,12,86.41829253876774,1.3250620013423031,515.4901189998782,13396.307692307691
1772908242,6,GET,/api/audio/latency,0.000000,0.000000,1,1,14,14,14,14,14,14,14,14,14,3,0,1.3250620013423031,5.454331333870262,1.3250620013423031,13.698067999939667,33.0
1772908242,6,GET,/api/audio/levels,0.000000,0.000000,12,12,27,27,27,27,27,27,27,27,27,3,0,12,13.448876999973436,1.358987999992678,27.316407000398613,73.0
1772908242,6,GET,/api/audio/levels (during plugin swap),0.000000,0.000000,1,1,1,1,1,1,1,1,1,1,1,1,0,1.3466050004353747,1.3466050004353747,1.3466050004353747,1.3466050004353747,73.0
1772908242,6,GET,/api/chains/,0.000000,0.000000,520,520,520,520,520,520,520,520,520,520,520,2,0,440.0,477.06593749990134,438.6417559999245,515.4901189998782,1451.0
1772908242,6,GET,/api/plugins/discover,0.000000,0.000000,76,76,76,76,76,76,76,76,76,76,76,2,0,23,49.24712699994416,22.881221999341506,75.61303200054681,85406.5
1772908242,6,GET,/api/plugins/list,0.000000,0.000000,10,10,10,10,10,10,10,10,10,10,10,2,0,3.039352000996587,6.377722001161601,3.039352000996587,9.716092001326615,23.0
1772908242,6,,Aggregated,0.000000,0.000000,12,23,27,27,76,520,520,520,520,520,520,13,0,12,86.41829253876774,1.3250620013423031,515.4901189998782,13396.307692307691
1772908243,8,GET,/api/audio/latency,0.000000,0.000000,1,1,14,14,14,14,14,14,14,14,14,3,0,1.3250620013423031,5.454331333870262,1.3250620013423031,13.698067999939667,33.0
1772908243,8,GET,/api/audio/levels,0.000000,0.000000,12,12,27,27,27,27,27,27,27,27,27,3,0,12,13.448876999973436,1.358987999992678,27.316407000398613,73.0
1772908243,8,GET,/api/audio/levels (during plugin swap),0.000000,0.000000,1,1,1,1,1,1,1,1,1,1,1,1,0,1.3466050004353747,1.3466050004353747,1.3466050004353747,1.3466050004353747,73.0
1772908243,8,GET,/api/chains/,0.000000,0.000000,520,520,520,520,520,520,520,520,520,520,520,2,0,440.0,477.06593749990134,438.6417559999245,515.4901189998782,1451.0
1772908243,8,GET,/api/plugins/discover,0.000000,0.000000,76,76,76,76,76,76,76,76,76,76,76,2,0,23,49.24712699994416,22.881221999341506,75.61303200054681,85406.5
1772908243,8,GET,/api/plugins/list,0.000000,0.000000,10,10,10,10,10,10,10,10,10,10,10,2,0,3.039352000996587,6.377722001161601,3.039352000996587,9.716092001326615,23.0
1772908243,8,,Aggregated,0.000000,0.000000,12,23,27,27,76,520,520,520,520,520,520,13,0,12,86.41829253876774,1.3250620013423031,515.4901189998782,13396.307692307691
1772908244,10,GET,/api/audio/latency,0.000000,0.000000,1,1,14,14,14,14,14,14,14,14,14,3,0,1.3250620013423031,5.454331333870262,1.3250620013423031,13.698067999939667,33.0
1772908244,10,GET,/api/audio/levels,0.000000,0.000000,12,12,27,27,27,27,27,27,27,27,27,3,0,12,13.448876999973436,1.358987999992678,27.316407000398613,73.0
1772908244,10,GET,/api/audio/levels (during plugin swap),0.000000,0.000000,1,1,1,1,1,1,1,1,1,1,1,1,0,1.3466050004353747,1.3466050004353747,1.3466050004353747,1.3466050004353747,73.0
1772908244,10,GET,/api/chains/,0.000000,0.000000,520,520,520,520,520,520,520,520,520,520,520,2,0,440.0,477.06593749990134,438.6417559999245,515.4901189998782,1451.0
1772908244,10,GET,/api/plugins/discover,0.000000,0.000000,76,76,76,76,76,76,76,76,76,76,76,2,0,23,49.24712699994416,22.881221999341506,75.61303200054681,85406.5
1772908244,10,GET,/api/plugins/list,0.000000,0.000000,10,10,10,10,10,10,10,10,10,10,10,2,0,3.039352000996587,6.377722001161601,3.039352000996587,9.716092001326615,23.0
1772908244,10,,Aggregated,0.000000,0.000000,12,23,27,27,76,520,520,520,520,520,520,13,0,12,86.41829253876774,1.3250620013423031,515.4901189998782,13396.307692307691
1772908245,10,GET,/api/audio/latency,0.000000,0.000000,1,1,14,14,14,14,14,14,14,14,14,3,0,1.3250620013423031,5.454331333870262,1.3250620013423031,13.698067999939667,33.0
1772908245,10,GET,/api/audio/levels,0.000000,0.000000,12,12,27,27,27,27,27,27,27,27,27,3,0,12,13.448876999973436,1.358987999992678,27.316407000398613,73.0
1772908245,10,GET,/api/audio/levels (during plugin swap),0.000000,0.000000,1,1,1,1,1,1,1,1,1,1,1,1,0,1.3466050004353747,1.3466050004353747,1.3466050004353747,1.3466050004353747,73.0
1772908245,10,GET,/api/chains/,0.000000,0.000000,520,520,520,520,520,520,520,520,520,520,520,2,0,440.0,477.06593749990134,438.6417559999245,515.4901189998782,1451.0
1772908245,10,GET,/api/plugins/discover,0.000000,0.000000,76,76,76,76,76,76,76,76,76,76,76,2,0,23,49.24712699994416,22.881221999341506,75.61303200054681,85406.5
1772908245,10,GET,/api/plugins/list,0.000000,0.000000,10,10,10,10,10,10,10,10,10,10,10,2,0,3.039352000996587,6.377722001161601,3.039352000996587,9.716092001326615,23.0
1772908245,10,,Aggregated,0.000000,0.000000,12,23,27,27,76,520,520,520,520,520,520,13,0,12,86.41829253876774,1.3250620013423031,515.4901189998782,13396.307692307691
1772908246,10,GET,/api/audio/latency,0.000000,0.000000,1,1,14,14,14,14,14,14,14,14,14,3,0,1.3250620013423031,5.454331333870262,1.3250620013423031,13.698067999939667,33.0
1772908246,10,GET,/api/audio/levels,0.000000,0.000000,12,12,27,27,27,27,27,27,27,27,27,3,0,12,13.448876999973436,1.358987999992678,27.316407000398613,73.0
1772908246,10,GET,/api/audio/levels (during plugin swap),0.000000,0.000000,1,1,1,1,1,1,1,1,1,1,1,1,0,1.3466050004353747,1.3466050004353747,1.3466050004353747,1.3466050004353747,73.0
1772908246,10,GET,/api/chains/,0.000000,0.000000,520,520,520,520,520,520,520,520,520,520,520,2,0,440.0,477.06593749990134,438.6417559999245,515.4901189998782,1451.0
1772908246,10,GET,/api/plugins/discover,0.000000,0.000000,76,76,76,76,76,76,76,76,76,76,76,2,0,23,49.24712699994416,22.881221999341506,75.61303200054681,85406.5
1772908246,10,GET,/api/plugins/list,0.000000,0.000000,10,10,10,10,10,10,10,10,10,10,10,2,0,3.039352000996587,6.377722001161601,3.039352000996587,9.716092001326615,23.0
1772908246,10,,Aggregated,0.000000,0.000000,12,23,27,27,76,520,520,520,520,520,520,13,0,12,86.41829253876774,1.3250620013423031,515.4901189998782,13396.307692307691
1772908247,10,GET,/api/audio/latency,0.000000,0.000000,1,1,14,14,14,14,14,14,14,14,14,3,0,1.3250620013423031,5.454331333870262,1.3250620013423031,13.698067999939667,33.0
1772908247,10,GET,/api/audio/levels,0.000000,0.000000,12,12,27,27,27,27,27,27,27,27,27,3,0,12,13.448876999973436,1.358987999992678,27.316407000398613,73.0
1772908247,10,GET,/api/audio/levels (during plugin swap),0.000000,0.000000,1,1,1,1,1,1,1,1,1,1,1,1,0,1.3466050004353747,1.3466050004353747,1.3466050004353747,1.3466050004353747,73.0
1772908247,10,GET,/api/chains/,0.000000,0.000000,520,520,520,520,520,520,520,520,520,520,520,2,0,440.0,477.06593749990134,438.6417559999245,515.4901189998782,1451.0
1772908247,10,GET,/api/plugins/discover,0.000000,0.000000,76,76,76,76,76,76,76,76,76,76,76,2,0,23,49.24712699994416,22.881221999341506,75.61303200054681,85406.5
1772908247,10,GET,/api/plugins/list,0.000000,0.000000,10,10,10,10,10,10,10,10,10,10,10,2,0,3.039352000996587,6.377722001161601,3.039352000996587,9.716092001326615,23.0
1772908247,10,,Aggregated,0.000000,0.000000,12,23,27,27,76,520,520,520,520,520,520,13,0,12,86.41829253876774,1.3250620013423031,515.4901189998782,13396.307692307691
1772908248,10,GET,/api/audio/latency,0.428571,0.000000,1,1,14,14,14,14,14,14,14,14,14,3,0,1.3250620013423031,5.454331333870262,1.3250620013423031,13.698067999939667,33.0
1772908248,10,GET,/api/audio/levels,0.428571,0.000000,12,12,27,27,27,27,27,27,27,27,27,3,0,12,13.448876999973436,1.358987999992678,27.316407000398613,73.0
1772908248,10,GET,/api/audio/levels (during plugin swap),0.142857,0.000000,8000,8000,8000,8000,8000,8000,8000,8000,8000,8000,8000,2,1,1.3466050004353747,4001.2401820004015,1.3466050004353747,8001.133759000368,36.5
1772908248,10,GET,/api/chains/,0.285714,0.000000,520,520,520,520,520,520,520,520,520,520,520,2,0,440.0,477.06593749990134,438.6417559999245,515.4901189998782,1451.0
1772908248,10,GET,/api/plugins/discover,0.285714,0.000000,76,76,76,76,76,76,76,76,76,76,76,2,0,23,49.24712699994416,22.881221999341506,75.61303200054681,85406.5
1772908248,10,GET,/api/plugins/list,0.285714,0.000000,10,10,10,10,10,10,10,10,10,10,10,2,0,3.039352000996587,6.377722001161601,3.039352000996587,9.716092001326615,23.0
1772908248,10,POST,/api/plugins/load?uri,0.000000,0.000000,0,0,0,0,0,0,0,0,0,0,0,1,1,8001.32939300056,8001.32939300056,8001.32939300056,8001.32939300056,0.0
1772908248,10,,Aggregated,1.857143,0.000000,14,27,76,520,8000,8000,8000,8000,8000,8000,8000,15,2,14,1141.7267303336605,1.3250620013423031,8001.32939300056,11610.133333333333
1772908249,10,GET,/api/audio/latency,0.428571,0.000000,1,1,14,14,14,14,14,14,14,14,14,3,0,1.3250620013423031,5.454331333870262,1.3250620013423031,13.698067999939667,33.0
1772908249,10,GET,/api/audio/levels,0.428571,0.000000,12,12,27,27,27,27,27,27,27,27,27,3,0,12,13.448876999973436,1.358987999992678,27.316407000398613,73.0
1772908249,10,GET,/api/audio/levels (during plugin swap),0.142857,0.000000,8000,8000,8000,8000,8000,8000,8000,8000,8000,8000,8000,2,1,1.3466050004353747,4001.2401820004015,1.3466050004353747,8001.133759000368,36.5
1772908249,10,GET,/api/chains/,0.285714,0.000000,8000,8000,8000,8000,8000,8000,8000,8000,8000,8000,8000,4,2,520.0,4239.8240867501045,438.6417559999245,8003.127326999675,725.5
1772908249,10,GET,/api/plugins/discover,0.285714,0.000000,76,76,76,76,76,76,76,76,76,76,76,2,0,23,49.24712699994416,22.881221999341506,75.61303200054681,85406.5
1772908249,10,GET,/api/plugins/list,0.285714,0.000000,10,10,10,10,10,10,10,10,10,10,10,2,0,3.039352000996587,6.377722001161601,3.039352000996587,9.716092001326615,23.0
1772908249,10,POST,/api/plugins/load?uri,0.000000,0.000000,0,0,0,0,0,0,0,0,0,0,0,1,1,8001.32939300056,8001.32939300056,8001.32939300056,8001.32939300056,0.0
1772908249,10,,Aggregated,1.857143,0.000000,23,76,8000,8000,8000,8000,8000,8000,8000,8000,8000,17,4,23,1948.8862015885602,1.3250620013423031,8003.127326999675,10244.235294117647
1772908250,10,GET,/api/audio/latency,0.375000,0.000000,1,1,14,14,14,14,14,14,14,14,14,3,0,1.3250620013423031,5.454331333870262,1.3250620013423031,13.698067999939667,33.0
1772908250,10,GET,/api/audio/levels,0.375000,0.000000,12,12,27,27,27,27,27,27,27,27,27,3,0,12,13.448876999973436,1.358987999992678,27.316407000398613,73.0
1772908250,10,GET,/api/audio/levels (during plugin swap),0.125000,0.000000,8000,8000,8000,8000,8000,8000,8000,8000,8000,8000,8000,2,1,1.3466050004353747,4001.2401820004015,1.3466050004353747,8001.133759000368,36.5
1772908250,10,GET,/api/chains/,0.250000,0.000000,8000,8000,8000,8000,8000,8000,8000,8000,8000,8000,8000,6,4,8000.0,5494.112398666705,438.6417559999245,8003.127326999675,483.6666666666667
1772908250,10,GET,/api/plugins/discover,0.250000,0.000000,76,76,76,76,76,76,76,76,76,76,76,2,0,23,49.24712699994416,22.881221999341506,75.61303200054681,85406.5
1772908250,10,GET,/api/plugins/list,0.250000,0.000000,10,10,10,10,10,10,10,10,10,10,10,2,0,3.039352000996587,6.377722001161601,3.039352000996587,9.716092001326615,23.0
1772908250,10,POST,/api/plugins/load?uri,0.000000,0.000000,8000,8000,8000,8000,8000,8000,8000,8000,8000,8000,8000,1,1,8001.32939300056,8001.32939300056,8001.32939300056,8001.32939300056,0.0
1772908250,10,,Aggregated,1.625000,0.000000,27,8000,8000,8000,8000,8000,8000,8000,8000,8000,8000,19,6,27,2586.128603789755,1.3250620013423031,8003.127326999675,9165.894736842105
1772908251,10,GET,/api/audio/latency,0.333333,0.000000,1,1,14,14,14,14,14,14,14,14,14,3,0,1.3250620013423031,5.454331333870262,1.3250620013423031,13.698067999939667,33.0
1772908251,10,GET,/api/audio/levels,0.333333,0.000000,12,12,27,27,27,27,27,27,27,27,27,3,0,12,13.448876999973436,1.358987999992678,27.316407000398613,73.0
1772908251,10,GET,/api/audio/levels (during plugin swap),0.111111,0.000000,8000,8000,8000,8000,8000,8000,8000,8000,8000,8000,8000,2,1,1.3466050004353747,4001.2401820004015,1.3466050004353747,8001.133759000368,36.5
1772908251,10,GET,/api/chains/,0.222222,0.000000,8000,8000,8000,8000,8000,8000,8000,8000,8000,8000,8000,8,6,8000.0,6121.266063749999,438.6417559999245,8003.127326999675,362.75
1772908251,10,GET,/api/plugins/discover,0.222222,0.000000,76,76,76,76,76,76,76,76,76,76,76,2,0,23,49.24712699994416,22.881221999341506,75.61303200054681,85406.5
1772908251,10,GET,/api/plugins/list,0.222222,0.000000,10,10,10,10,10,10,10,10,10,10,10,2,0,3.039352000996587,6.377722001161601,3.039352000996587,9.716092001326615,23.0
1772908251,10,POST,/api/plugins/load?uri,0.000000,0.000000,8000,8000,8000,8000,8000,8000,8000,8000,8000,8000,8000,1,1,8001.32939300056,8001.32939300056,8001.32939300056,8001.32939300056,0.0
1772908251,10,,Aggregated,1.444444,0.000000,76,8000,8000,8000,8000,8000,8000,8000,8000,8000,8000,21,8,76,3101.9951233335764,1.3250620013423031,8003.127326999675,8292.952380952382
1772908252,10,GET,/api/audio/latency,0.300000,0.000000,1,1,14,14,14,14,14,14,14,14,14,3,0,1.3250620013423031,5.454331333870262,1.3250620013423031,13.698067999939667,33.0
1772908252,10,GET,/api/audio/levels,0.300000,0.000000,12,12,27,27,27,27,27,27,27,27,27,3,0,12,13.448876999973436,1.358987999992678,27.316407000398613,73.0
1772908252,10,GET,/api/audio/levels (during plugin swap),0.200000,0.100000,8000,8000,8000,8000,8000,8000,8000,8000,8000,8000,8000,2,1,1.3466050004353747,4001.2401820004015,1.3466050004353747,8001.133759000368,36.5
1772908252,10,GET,/api/chains/,0.400000,0.200000,8000,8000,8000,8000,8000,8000,8000,8000,8000,8000,8000,10,8,8000.0,6497.4666453998,438.6417559999245,8003.127326999675,290.2
1772908252,10,GET,/api/plugins/discover,0.200000,0.000000,76,76,76,76,76,76,76,76,76,76,76,2,0,23,49.24712699994416,22.881221999341506,75.61303200054681,85406.5
1772908252,10,GET,/api/plugins/list,0.200000,0.000000,10,10,10,10,10,10,10,10,10,10,10,2,0,3.039352000996587,6.377722001161601,3.039352000996587,9.716092001326615,23.0
1772908252,10,POST,/api/plugins/load?uri,0.100000,0.100000,8000,8000,8000,8000,8000,8000,8000,8000,8000,8000,8000,1,1,8001.32939300056,8001.32939300056,8001.32939300056,8001.32939300056,0.0
1772908252,10,,Aggregated,1.700000,0.400000,520,8000,8000,8000,8000,8000,8000,8000,8000,8000,8000,23,10,440.0,3528.1058927827435,1.3250620013423031,8003.127326999675,7571.826086956522
1772908253,10,GET,/api/audio/latency,0.300000,0.000000,1,1,14,14,14,14,14,14,14,14,14,3,0,1.3250620013423031,5.454331333870262,1.3250620013423031,13.698067999939667,33.0
1772908253,10,GET,/api/audio/levels,0.300000,0.000000,12,12,27,27,27,27,27,27,27,27,27,3,0,12,13.448876999973436,1.358987999992678,27.316407000398613,73.0
1772908253,10,GET,/api/audio/levels (during plugin swap),0.200000,0.100000,8000,8000,8000,8000,8000,8000,8000,8000,8000,8000,8000,2,1,1.3466050004353747,4001.2401820004015,1.3466050004353747,8001.133759000368,36.5
1772908253,10,GET,/api/chains/,0.400000,0.200000,8000,8000,8000,8000,8000,8000,8000,8000,8000,8000,8000,10,8,8000.0,6497.4666453998,438.6417559999245,8003.127326999675,290.2
1772908253,10,GET,/api/plugins/discover,0.200000,0.000000,76,76,76,76,76,76,76,76,76,76,76,2,0,23,49.24712699994416,22.881221999341506,75.61303200054681,85406.5
1772908253,10,GET,/api/plugins/list,0.200000,0.000000,10,10,10,10,10,10,10,10,10,10,10,2,0,3.039352000996587,6.377722001161601,3.039352000996587,9.716092001326615,23.0
1772908253,10,POST,/api/plugins/load?uri,0.100000,0.100000,8000,8000,8000,8000,8000,8000,8000,8000,8000,8000,8000,1,1,8001.32939300056,8001.32939300056,8001.32939300056,8001.32939300056,0.0
1772908253,10,,Aggregated,1.700000,0.400000,520,8000,8000,8000,8000,8000,8000,8000,8000,8000,8000,23,10,440.0,3528.1058927827435,1.3250620013423031,8003.127326999675,7571.826086956522
1772908254,10,GET,/api/audio/latency,0.300000,0.000000,1,1,14,14,14,14,14,14,14,14,14,3,0,1.3250620013423031,5.454331333870262,1.3250620013423031,13.698067999939667,33.0
1772908254,10,GET,/api/audio/levels,0.300000,0.000000,12,12,27,27,27,27,27,27,27,27,27,3,0,12,13.448876999973436,1.358987999992678,27.316407000398613,73.0
1772908254,10,GET,/api/audio/levels (during plugin swap),0.200000,0.100000,8000,8000,8000,8000,8000,8000,8000,8000,8000,8000,8000,2,1,1.3466050004353747,4001.2401820004015,1.3466050004353747,8001.133759000368,36.5
1772908254,10,GET,/api/chains/,0.400000,0.200000,8000,8000,8000,8000,8000,8000,8000,8000,8000,8000,8000,10,8,8000.0,6497.4666453998,438.6417559999245,8003.127326999675,290.2
1772908254,10,GET,/api/plugins/discover,0.200000,0.000000,76,76,76,76,76,76,76,76,76,76,76,2,0,23,49.24712699994416,22.881221999341506,75.61303200054681,85406.5
1772908254,10,GET,/api/plugins/list,0.200000,0.000000,10,10,10,10,10,10,10,10,10,10,10,2,0,3.039352000996587,6.377722001161601,3.039352000996587,9.716092001326615,23.0
1772908254,10,POST,/api/plugins/load?uri,0.100000,0.100000,8000,8000,8000,8000,8000,8000,8000,8000,8000,8000,8000,1,1,8001.32939300056,8001.32939300056,8001.32939300056,8001.32939300056,0.0
1772908254,10,,Aggregated,1.700000,0.400000,8000,8000,8000,8000,8000,8000,8000,8000,8000,8000,8000,23,10,440.0,3528.1058927827435,1.3250620013423031,8003.127326999675,7571.826086956522
1772908255,10,GET,/api/audio/latency,0.300000,0.000000,1,1,14,14,14,14,14,14,14,14,14,3,0,1.3250620013423031,5.454331333870262,1.3250620013423031,13.698067999939667,33.0
1772908255,10,GET,/api/audio/levels,0.300000,0.000000,12,12,27,27,27,27,27,27,27,27,27,3,0,12,13.448876999973436,1.358987999992678,27.316407000398613,73.0
1772908255,10,GET,/api/audio/levels (during plugin swap),0.200000,0.100000,8000,8000,8000,8000,8000,8000,8000,8000,8000,8000,8000,2,1,1.3466050004353747,4001.2401820004015,1.3466050004353747,8001.133759000368,36.5
1772908255,10,GET,/api/chains/,0.400000,0.200000,8000,8000,8000,8000,8000,8000,8000,8000,8000,8000,8000,10,8,8000.0,6497.4666453998,438.6417559999245,8003.127326999675,290.2
1772908255,10,GET,/api/plugins/discover,0.200000,0.000000,76,76,76,76,76,76,76,76,76,76,76,2,0,23,49.24712699994416,22.881221999341506,75.61303200054681,85406.5
1772908255,10,GET,/api/plugins/list,0.200000,0.000000,10,10,10,10,10,10,10,10,10,10,10,2,0,3.039352000996587,6.377722001161601,3.039352000996587,9.716092001326615,23.0
1772908255,10,POST,/api/plugins/load?uri,0.100000,0.100000,8000,8000,8000,8000,8000,8000,8000,8000,8000,8000,8000,1,1,8001.32939300056,8001.32939300056,8001.32939300056,8001.32939300056,0.0
1772908255,10,,Aggregated,1.700000,0.400000,8000,8000,8000,8000,8000,8000,8000,8000,8000,8000,8000,23,10,440.0,3528.1058927827435,1.3250620013423031,8003.127326999675,7571.826086956522
1772908256,10,GET,/api/audio/latency,0.000000,0.000000,1,1,14,14,14,14,14,14,14,14,14,3,0,1.3250620013423031,5.454331333870262,1.3250620013423031,13.698067999939667,33.0
1772908256,10,GET,/api/audio/levels,0.000000,0.000000,12,12,27,27,27,27,27,27,27,27,27,3,0,12,13.448876999973436,1.358987999992678,27.316407000398613,73.0
1772908256,10,GET,/api/audio/levels (during plugin swap),0.100000,0.100000,8000,8000,8000,8000,8000,8000,8000,8000,8000,8000,8000,2,1,1.3466050004353747,4001.2401820004015,1.3466050004353747,8001.133759000368,36.5
1772908256,10,GET,/api/audio/levels/plugins,0.000000,0.000000,0,0,0,0,0,0,0,0,0,0,0,1,1,8001.6457330002595,8001.6457330002595,8001.6457330002595,8001.6457330002595,0.0
1772908256,10,GET,/api/chains/,0.800000,0.800000,8000,8000,8000,8000,8000,8000,8000,8000,8000,8000,8000,10,8,8000.0,6497.4666453998,438.6417559999245,8003.127326999675,290.2
1772908256,10,GET,/api/plugins/discover,0.000000,0.000000,76,76,76,76,76,76,76,76,76,76,76,2,0,23,49.24712699994416,22.881221999341506,75.61303200054681,85406.5
1772908256,10,GET,/api/plugins/list,0.000000,0.000000,10,10,10,10,10,10,10,10,10,10,10,2,0,3.039352000996587,6.377722001161601,3.039352000996587,9.716092001326615,23.0
1772908256,10,POST,/api/plugins/load?uri,0.100000,0.100000,8000,8000,8000,8000,8000,8000,8000,8000,8000,8000,8000,2,2,8001.32939300056,8001.575169500029,8001.32939300056,8001.820945999498,0.0
1772908256,10,,Aggregated,1.000000,1.000000,8000,8000,8000,8000,8000,8000,8000,8000,8000,8000,8000,25,12,520.0,3885.9960885201144,1.3250620013423031,8003.127326999675,6966.08
1772908257,10,GET,/api/audio/latency,0.000000,0.000000,1,1,14,14,14,14,14,14,14,14,14,3,0,1.3250620013423031,5.454331333870262,1.3250620013423031,13.698067999939667,33.0
1772908257,10,GET,/api/audio/levels,0.000000,0.000000,12,12,27,27,27,27,27,27,27,27,27,3,0,12,13.448876999973436,1.358987999992678,27.316407000398613,73.0
1772908257,10,GET,/api/audio/levels (during plugin swap),0.100000,0.100000,8000,8000,8000,8000,8000,8000,8000,8000,8000,8000,8000,2,1,1.3466050004353747,4001.2401820004015,1.3466050004353747,8001.133759000368,36.5
1772908257,10,GET,/api/audio/levels/plugins,0.000000,0.000000,0,0,0,0,0,0,0,0,0,0,0,1,1,8001.6457330002595,8001.6457330002595,8001.6457330002595,8001.6457330002595,0.0
1772908257,10,GET,/api/chains/,0.800000,0.800000,8000,8000,8000,8000,8000,8000,8000,8000,8000,8000,8000,10,8,8000.0,6497.4666453998,438.6417559999245,8003.127326999675,290.2
1772908257,10,GET,/api/plugins/discover,0.000000,0.000000,76,76,76,76,76,76,76,76,76,76,76,2,0,23,49.24712699994416,22.881221999341506,75.61303200054681,85406.5
1772908257,10,GET,/api/plugins/list,0.000000,0.000000,8000,8000,8000,8000,8000,8000,8000,8000,8000,8000,8000,4,2,10,4004.3402127503214,3.039352000996587,8002.390600999206,11.5
1772908257,10,POST,/api/plugins/load?uri,0.100000,0.100000,8000,8000,8000,8000,8000,8000,8000,8000,8000,8000,8000,2,2,8001.32939300056,8001.575169500029,8001.32939300056,8001.820945999498,0.0
1772908257,10,,Aggregated,1.000000,1.000000,8000,8000,8000,8000,8000,8000,8000,8000,8000,8000,8000,27,14,8000.0,4190.907689629697,1.3250620013423031,8003.127326999675,6450.074074074074
1772908258,10,GET,/api/audio/latency,0.000000,0.000000,1,1,14,14,14,14,14,14,14,14,14,3,0,1.3250620013423031,5.454331333870262,1.3250620013423031,13.698067999939667,33.0
1772908258,10,GET,/api/audio/levels,0.000000,0.000000,12,12,27,27,27,27,27,27,27,27,27,3,0,12,13.448876999973436,1.358987999992678,27.316407000398613,73.0
1772908258,10,GET,/api/audio/levels (during plugin swap),0.100000,0.100000,8000,8000,8000,8000,8000,8000,8000,8000,8000,8000,8000,2,1,1.3466050004353747,4001.2401820004015,1.3466050004353747,8001.133759000368,36.5
1772908258,10,GET,/api/audio/levels/plugins,0.000000,0.000000,8000,8000,8000,8000,8000,8000,8000,8000,8000,8000,8000,1,1,8001.6457330002595,8001.6457330002595,8001.6457330002595,8001.6457330002595,0.0
1772908258,10,GET,/api/chains/,0.800000,0.800000,8000,8000,8000,8000,8000,8000,8000,8000,8000,8000,8000,10,8,8000.0,6497.4666453998,438.6417559999245,8003.127326999675,290.2
1772908258,10,GET,/api/plugins/discover,0.000000,0.000000,76,76,76,76,76,76,76,76,76,76,76,2,0,23,49.24712699994416,22.881221999341506,75.61303200054681,85406.5
1772908258,10,GET,/api/plugins/list,0.000000,0.000000,8000,8000,8000,8000,8000,8000,8000,8000,8000,8000,8000,6,4,8000.0,5337.0185178334095,3.039352000996587,8002.390600999206,7.666666666666667
1772908258,10,POST,/api/plugins/load?uri,0.100000,0.100000,8000,8000,8000,8000,8000,8000,8000,8000,8000,8000,8000,2,2,8001.32939300056,8001.575169500029,8001.32939300056,8001.820945999498,0.0
1772908258,10,,Aggregated,1.000000,1.000000,8000,8000,8000,8000,8000,8000,8000,8000,8000,8000,8000,29,16,8000.0,4453.767512965552,1.3250620013423031,8003.127326999675,6005.241379310345
1772908259,10,GET,/api/audio/latency,0.000000,0.000000,0,0,0,0,0,0,0,0,0,0,0,3,0,1.3250620013423031,5.454331333870262,1.3250620013423031,13.698067999939667,33.0
1772908259,10,GET,/api/audio/levels,0.000000,0.000000,0,0,0,0,0,0,0,0,0,0,0,3,0,12,13.448876999973436,1.358987999992678,27.316407000398613,73.0
1772908259,10,GET,/api/audio/levels (during plugin swap),0.100000,0.100000,8000,8000,8000,8000,8000,8000,8000,8000,8000,8000,8000,2,1,1.3466050004353747,4001.2401820004015,1.3466050004353747,8001.133759000368,36.5
1772908259,10,GET,/api/audio/levels/plugins,0.000000,0.000000,8000,8000,8000,8000,8000,8000,8000,8000,8000,8000,8000,1,1,8001.6457330002595,8001.6457330002595,8001.6457330002595,8001.6457330002595,0.0
1772908259,10,GET,/api/chains/,0.800000,0.800000,8000,8000,8000,8000,8000,8000,8000,8000,8000,8000,8000,10,8,8000.0,6497.4666453998,438.6417559999245,8003.127326999675,290.2
1772908259,10,GET,/api/plugins/discover,0.000000,0.000000,0,0,0,0,0,0,0,0,0,0,0,2,0,23,49.24712699994416,22.881221999341506,75.61303200054681,85406.5
1772908259,10,GET,/api/plugins/list,0.000000,0.000000,8000,8000,8000,8000,8000,8000,8000,8000,8000,8000,8000,8,6,8000.0,6003.5888452500785,3.039352000996587,8003.3203450002475,5.75
1772908259,10,POST,/api/plugins/load?uri,0.100000,0.100000,8000,8000,8000,8000,8000,8000,8000,8000,8000,8000,8000,2,2,8001.32939300056,8001.575169500029,8001.32939300056,8001.820945999498,0.0
1772908259,10,,Aggregated,1.000000,1.000000,8000,8000,8000,8000,8000,8000,8000,8000,8000,8000,8000,31,18,8000.0,4682.7695977742305,1.3250620013423031,8003.3203450002475,5617.806451612903
1772908260,10,GET,/api/audio/latency,0.000000,0.000000,0,0,0,0,0,0,0,0,0,0,0,3,0,1.3250620013423031,5.454331333870262,1.3250620013423031,13.698067999939667,33.0
1772908260,10,GET,/api/audio/levels,0.000000,0.000000,0,0,0,0,0,0,0,0,0,0,0,3,0,12,13.448876999973436,1.358987999992678,27.316407000398613,73.0
1772908260,10,GET,/api/audio/levels (during plugin swap),0.100000,0.100000,8000,8000,8000,8000,8000,8000,8000,8000,8000,8000,8000,2,1,1.3466050004353747,4001.2401820004015,1.3466050004353747,8001.133759000368,36.5
1772908260,10,GET,/api/audio/levels/plugins,0.100000,0.100000,8000,8000,8000,8000,8000,8000,8000,8000,8000,8000,8000,1,1,8001.6457330002595,8001.6457330002595,8001.6457330002595,8001.6457330002595,0.0
1772908260,10,GET,/api/chains/,0.800000,0.800000,8000,8000,8000,8000,8000,8000,8000,8000,8000,8000,8000,10,8,8000.0,6497.4666453998,438.6417559999245,8003.127326999675,290.2
1772908260,10,GET,/api/plugins/discover,0.000000,0.000000,0,0,0,0,0,0,0,0,0,0,0,2,0,23,49.24712699994416,22.881221999341506,75.61303200054681,85406.5
1772908260,10,GET,/api/plugins/list,0.200000,0.200000,8000,8000,8000,8000,8000,8000,8000,8000,8000,8000,8000,10,8,8000.0,6403.294494000147,3.039352000996587,8003.3203450002475,4.6
1772908260,10,POST,/api/plugins/load?uri,0.200000,0.200000,8000,8000,8000,8000,8000,8000,8000,8000,8000,8000,8000,2,2,8001.32939300056,8001.575169500029,8001.32939300056,8001.820945999498,0.0
1772908260,10,,Aggregated,1.400000,1.400000,8000,8000,8000,8000,8000,8000,8000,8000,8000,8000,8000,33,20,8000.0,4883.94217300006,1.3250620013423031,8003.3203450002475,5277.333333333333
1772908261,10,GET,/api/audio/latency,0.000000,0.000000,0,0,0,0,0,0,0,0,0,0,0,3,0,1.3250620013423031,5.454331333870262,1.3250620013423031,13.698067999939667,33.0
1772908261,10,GET,/api/audio/levels,0.000000,0.000000,0,0,0,0,0,0,0,0,0,0,0,3,0,12,13.448876999973436,1.358987999992678,27.316407000398613,73.0
1772908261,10,GET,/api/audio/levels (during plugin swap),0.100000,0.100000,8000,8000,8000,8000,8000,8000,8000,8000,8000,8000,8000,2,1,1.3466050004353747,4001.2401820004015,1.3466050004353747,8001.133759000368,36.5
1772908261,10,GET,/api/audio/levels/plugins,0.100000,0.100000,8000,8000,8000,8000,8000,8000,8000,8000,8000,8000,8000,1,1,8001.6457330002595,8001.6457330002595,8001.6457330002595,8001.6457330002595,0.0
1772908261,10,GET,/api/chains/,0.800000,0.800000,8000,8000,8000,8000,8000,8000,8000,8000,8000,8000,8000,10,8,8000.0,6497.4666453998,438.6417559999245,8003.127326999675,290.2
1772908261,10,GET,/api/plugins/discover,0.000000,0.000000,0,0,0,0,0,0,0,0,0,0,0,2,0,23,49.24712699994416,22.881221999341506,75.61303200054681,85406.5
1772908261,10,GET,/api/plugins/list,0.200000,0.200000,8000,8000,8000,8000,8000,8000,8000,8000,8000,8000,8000,10,8,8000.0,6403.294494000147,3.039352000996587,8003.3203450002475,4.6
1772908261,10,POST,/api/plugins/load?uri,0.200000,0.200000,8000,8000,8000,8000,8000,8000,8000,8000,8000,8000,8000,2,2,8001.32939300056,8001.575169500029,8001.32939300056,8001.820945999498,0.0
1772908261,10,,Aggregated,1.400000,1.400000,8000,8000,8000,8000,8000,8000,8000,8000,8000,8000,8000,33,20,8000.0,4883.94217300006,1.3250620013423031,8003.3203450002475,5277.333333333333
1772908262,10,GET,/api/audio/latency,0.000000,0.000000,0,0,0,0,0,0,0,0,0,0,0,3,0,1.3250620013423031,5.454331333870262,1.3250620013423031,13.698067999939667,33.0
1772908262,10,GET,/api/audio/levels,0.000000,0.000000,0,0,0,0,0,0,0,0,0,0,0,3,0,12,13.448876999973436,1.358987999992678,27.316407000398613,73.0
1772908262,10,GET,/api/audio/levels (during plugin swap),0.100000,0.100000,8000,8000,8000,8000,8000,8000,8000,8000,8000,8000,8000,2,1,1.3466050004353747,4001.2401820004015,1.3466050004353747,8001.133759000368,36.5
1772908262,10,GET,/api/audio/levels/plugins,0.100000,0.100000,8000,8000,8000,8000,8000,8000,8000,8000,8000,8000,8000,1,1,8001.6457330002595,8001.6457330002595,8001.6457330002595,8001.6457330002595,0.0
1772908262,10,GET,/api/chains/,0.800000,0.800000,8000,8000,8000,8000,8000,8000,8000,8000,8000,8000,8000,10,8,8000.0,6497.4666453998,438.6417559999245,8003.127326999675,290.2
1772908262,10,GET,/api/plugins/discover,0.000000,0.000000,0,0,0,0,0,0,0,0,0,0,0,2,0,23,49.24712699994416,22.881221999341506,75.61303200054681,85406.5
1772908262,10,GET,/api/plugins/list,0.200000,0.200000,8000,8000,8000,8000,8000,8000,8000,8000,8000,8000,8000,10,8,8000.0,6403.294494000147,3.039352000996587,8003.3203450002475,4.6
1772908262,10,POST,/api/plugins/load?uri,0.200000,0.200000,8000,8000,8000,8000,8000,8000,8000,8000,8000,8000,8000,2,2,8001.32939300056,8001.575169500029,8001.32939300056,8001.820945999498,0.0
1772908262,10,,Aggregated,1.400000,1.400000,8000,8000,8000,8000,8000,8000,8000,8000,8000,8000,8000,33,20,8000.0,4883.94217300006,1.3250620013423031,8003.3203450002475,5277.333333333333
1772908263,10,GET,/api/audio/latency,0.000000,0.000000,0,0,0,0,0,0,0,0,0,0,0,3,0,1.3250620013423031,5.454331333870262,1.3250620013423031,13.698067999939667,33.0
1772908263,10,GET,/api/audio/levels,0.000000,0.000000,0,0,0,0,0,0,0,0,0,0,0,3,0,12,13.448876999973436,1.358987999992678,27.316407000398613,73.0
1772908263,10,GET,/api/audio/levels (during plugin swap),0.100000,0.100000,8000,8000,8000,8000,8000,8000,8000,8000,8000,8000,8000,2,1,1.3466050004353747,4001.2401820004015,1.3466050004353747,8001.133759000368,36.5
1772908263,10,GET,/api/audio/levels/plugins,0.100000,0.100000,8000,8000,8000,8000,8000,8000,8000,8000,8000,8000,8000,1,1,8001.6457330002595,8001.6457330002595,8001.6457330002595,8001.6457330002595,0.0
1772908263,10,GET,/api/chains/,0.800000,0.800000,8000,8000,8000,8000,8000,8000,8000,8000,8000,8000,8000,10,8,8000.0,6497.4666453998,438.6417559999245,8003.127326999675,290.2
1772908263,10,GET,/api/plugins/discover,0.000000,0.000000,0,0,0,0,0,0,0,0,0,0,0,2,0,23,49.24712699994416,22.881221999341506,75.61303200054681,85406.5
1772908263,10,GET,/api/plugins/list,0.200000,0.200000,8000,8000,8000,8000,8000,8000,8000,8000,8000,8000,8000,10,8,8000.0,6403.294494000147,3.039352000996587,8003.3203450002475,4.6
1772908263,10,POST,/api/plugins/load?uri,0.200000,0.200000,8000,8000,8000,8000,8000,8000,8000,8000,8000,8000,8000,2,2,8001.32939300056,8001.575169500029,8001.32939300056,8001.820945999498,0.0
1772908263,10,,Aggregated,1.400000,1.400000,8000,8000,8000,8000,8000,8000,8000,8000,8000,8000,8000,33,20,8000.0,4883.94217300006,1.3250620013423031,8003.3203450002475,5277.333333333333
1772908264,10,GET,/api/audio/latency,0.000000,0.000000,0,0,0,0,0,0,0,0,0,0,0,3,0,1.3250620013423031,5.454331333870262,1.3250620013423031,13.698067999939667,33.0
1772908264,10,GET,/api/audio/levels,0.000000,0.000000,0,0,0,0,0,0,0,0,0,0,0,3,0,12,13.448876999973436,1.358987999992678,27.316407000398613,73.0
1772908264,10,GET,/api/audio/levels (during plugin swap),0.000000,0.000000,8000,8000,8000,8000,8000,8000,8000,8000,8000,8000,8000,2,1,1.3466050004353747,4001.2401820004015,1.3466050004353747,8001.133759000368,36.5
1772908264,10,GET,/api/audio/levels/plugins,0.100000,0.100000,8000,8000,8000,8000,8000,8000,8000,8000,8000,8000,8000,2,2,8001.328779000687,8001.487256000473,8001.328779000687,8001.6457330002595,0.0
1772908264,10,GET,/api/chains/,0.000000,0.000000,8000,8000,8000,8000,8000,8000,8000,8000,8000,8000,8000,10,8,8000.0,6497.4666453998,438.6417559999245,8003.127326999675,290.2
1772908264,10,GET,/api/plugins/discover,0.000000,0.000000,0,0,0,0,0,0,0,0,0,0,0,4,2,76,4025.6882427502205,22.881221999341506,8002.198092000981,42703.25
1772908264,10,GET,/api/plugins/list,0.800000,0.800000,8000,8000,8000,8000,8000,8000,8000,8000,8000,8000,8000,10,8,8000.0,6403.294494000147,3.039352000996587,8003.3203450002475,4.6
1772908264,10,POST,/api/plugins/load?uri,0.100000,0.100000,8000,8000,8000,8000,8000,8000,8000,8000,8000,8000,8000,2,2,8001.32939300056,8001.575169500029,8001.32939300056,8001.820945999498,0.0
1772908264,10,POST,/api/plugins/unload?uri,0.000000,0.000000,0,0,0,0,0,0,0,0,0,0,0,1,1,8001.737505999699,8001.737505999699,8001.737505999699,8001.737505999699,0.0
1772908264,10,,Aggregated,1.000000,1.000000,8000,8000,8000,8000,8000,8000,8000,8000,8000,8000,8000,37,24,8000.0,5221.0112624595495,1.3250620013423031,8003.3203450002475,4706.810810810811
1772908265,10,GET,/api/audio/latency,0.000000,0.000000,0,0,0,0,0,0,0,0,0,0,0,3,0,1.3250620013423031,5.454331333870262,1.3250620013423031,13.698067999939667,33.0
1772908265,10,GET,/api/audio/levels,0.000000,0.000000,0,0,0,0,0,0,0,0,0,0,0,3,0,12,13.448876999973436,1.358987999992678,27.316407000398613,73.0
1772908265,10,GET,/api/audio/levels (during plugin swap),0.000000,0.000000,8000,8000,8000,8000,8000,8000,8000,8000,8000,8000,8000,2,1,1.3466050004353747,4001.2401820004015,1.3466050004353747,8001.133759000368,36.5
1772908265,10,GET,/api/audio/levels/plugins,0.100000,0.100000,8000,8000,8000,8000,8000,8000,8000,8000,8000,8000,8000,2,2,8001.328779000687,8001.487256000473,8001.328779000687,8001.6457330002595,0.0
1772908265,10,GET,/api/chains/,0.000000,0.000000,8000,8000,8000,8000,8000,8000,8000,8000,8000,8000,8000,10,8,8000.0,6497.4666453998,438.6417559999245,8003.127326999675,290.2
1772908265,10,GET,/api/plugins/discover,0.000000,0.000000,8000,8000,8000,8000,8000,8000,8000,8000,8000,8000,8000,6,4,8000.0,5351.359090167231,22.881221999341506,8002.726402000917,28468.833333333332
1772908265,10,GET,/api/plugins/list,0.800000,0.800000,8000,8000,8000,8000,8000,8000,8000,8000,8000,8000,8000,10,8,8000.0,6403.294494000147,3.039352000996587,8003.3203450002475,4.6
1772908265,10,POST,/api/plugins/load?uri,0.100000,0.100000,8000,8000,8000,8000,8000,8000,8000,8000,8000,8000,8000,2,2,8001.32939300056,8001.575169500029,8001.32939300056,8001.820945999498,0.0
1772908265,10,POST,/api/plugins/unload?uri,0.000000,0.000000,0,0,0,0,0,0,0,0,0,0,0,1,1,8001.737505999699,8001.737505999699,8001.737505999699,8001.737505999699,0.0
1772908265,10,,Aggregated,1.000000,1.000000,8000,8000,8000,8000,8000,8000,8000,8000,8000,8000,8000,39,26,8000.0,5363.662007205277,1.3250620013423031,8003.3203450002475,4465.4358974358975
1772908266,10,GET,/api/audio/latency,0.000000,0.000000,0,0,0,0,0,0,0,0,0,0,0,3,0,1.3250620013423031,5.454331333870262,1.3250620013423031,13.698067999939667,33.0
1772908266,10,GET,/api/audio/levels,0.000000,0.000000,0,0,0,0,0,0,0,0,0,0,0,3,0,12,13.448876999973436,1.358987999992678,27.316407000398613,73.0
1772908266,10,GET,/api/audio/levels (during plugin swap),0.000000,0.000000,0,0,0,0,0,0,0,0,0,0,0,2,1,1.3466050004353747,4001.2401820004015,1.3466050004353747,8001.133759000368,36.5
1772908266,10,GET,/api/audio/levels/plugins,0.100000,0.100000,8000,8000,8000,8000,8000,8000,8000,8000,8000,8000,8000,2,2,8001.328779000687,8001.487256000473,8001.328779000687,8001.6457330002595,0.0
1772908266,10,GET,/api/chains/,0.000000,0.000000,8000,8000,8000,8000,8000,8000,8000,8000,8000,8000,8000,10,8,8000.0,6497.4666453998,438.6417559999245,8003.127326999675,290.2
1772908266,10,GET,/api/plugins/discover,0.000000,0.000000,8000,8000,8000,8000,8000,8000,8000,8000,8000,8000,8000,8,6,8000.0,6014.213522000546,22.881221999341506,8002.777961000902,21351.625
1772908266,10,GET,/api/plugins/list,0.800000,0.800000,8000,8000,8000,8000,8000,8000,8000,8000,8000,8000,8000,10,8,8000.0,6403.294494000147,3.039352000996587,8003.3203450002475,4.6
1772908266,10,POST,/api/plugins/load?uri,0.100000,0.100000,8000,8000,8000,8000,8000,8000,8000,8000,8000,8000,8000,2,2,8001.32939300056,8001.575169500029,8001.32939300056,8001.820945999498,0.0
1772908266,10,POST,/api/plugins/unload?uri,0.000000,0.000000,8000,8000,8000,8000,8000,8000,8000,8000,8000,8000,8000,1,1,8001.737505999699,8001.737505999699,8001.737505999699,8001.737505999699,0.0
1772908266,10,,Aggregated,1.000000,1.000000,8000,8000,8000,8000,8000,8000,8000,8000,8000,8000,8000,41,28,8000.0,5492.399315024557,1.3250620013423031,8003.3203450002475,4247.609756097561
1772908267,10,GET,/api/audio/latency,0.000000,0.000000,0,0,0,0,0,0,0,0,0,0,0,3,0,1.3250620013423031,5.454331333870262,1.3250620013423031,13.698067999939667,33.0
1772908267,10,GET,/api/audio/levels,0.000000,0.000000,0,0,0,0,0,0,0,0,0,0,0,3,0,12,13.448876999973436,1.358987999992678,27.316407000398613,73.0
1772908267,10,GET,/api/audio/levels (during plugin swap),0.000000,0.000000,0,0,0,0,0,0,0,0,0,0,0,2,1,1.3466050004353747,4001.2401820004015,1.3466050004353747,8001.133759000368,36.5
1772908267,10,GET,/api/audio/levels/plugins,0.200000,0.200000,8000,8000,8000,8000,8000,8000,8000,8000,8000,8000,8000,2,2,8001.328779000687,8001.487256000473,8001.328779000687,8001.6457330002595,0.0
1772908267,10,GET,/api/chains/,0.000000,0.000000,8000,8000,8000,8000,8000,8000,8000,8000,8000,8000,8000,10,8,8000.0,6497.4666453998,438.6417559999245,8003.127326999675,290.2
1772908267,10,GET,/api/plugins/discover,0.200000,0.200000,8000,8000,8000,8000,8000,8000,8000,8000,8000,8000,8000,10,8,8000.0,6411.831895600517,22.881221999341506,8002.777961000902,17081.3
1772908267,10,GET,/api/plugins/list,0.800000,0.800000,8000,8000,8000,8000,8000,8000,8000,8000,8000,8000,8000,10,8,8000.0,6403.294494000147,3.039352000996587,8003.3203450002475,4.6
1772908267,10,POST,/api/plugins/load?uri,0.100000,0.100000,8000,8000,8000,8000,8000,8000,8000,8000,8000,8000,8000,2,2,8001.32939300056,8001.575169500029,8001.32939300056,8001.820945999498,0.0
1772908267,10,POST,/api/plugins/unload?uri,0.100000,0.100000,8000,8000,8000,8000,8000,8000,8000,8000,8000,8000,8000,1,1,8001.737505999699,8001.737505999699,8001.737505999699,8001.737505999699,0.0
1772908267,10,,Aggregated,1.400000,1.400000,8000,8000,8000,8000,8000,8000,8000,8000,8000,8000,8000,43,30,8000.0,5609.139132465294,1.3250620013423031,8003.3203450002475,4050.046511627907
1772908268,10,GET,/api/audio/latency,0.000000,0.000000,0,0,0,0,0,0,0,0,0,0,0,3,0,1.3250620013423031,5.454331333870262,1.3250620013423031,13.698067999939667,33.0
1772908268,10,GET,/api/audio/levels,0.000000,0.000000,0,0,0,0,0,0,0,0,0,0,0,3,0,12,13.448876999973436,1.358987999992678,27.316407000398613,73.0
1772908268,10,GET,/api/audio/levels (during plugin swap),0.000000,0.000000,0,0,0,0,0,0,0,0,0,0,0,2,1,1.3466050004353747,4001.2401820004015,1.3466050004353747,8001.133759000368,36.5
1772908268,10,GET,/api/audio/levels/plugins,0.200000,0.200000,8000,8000,8000,8000,8000,8000,8000,8000,8000,8000,8000,2,2,8001.328779000687,8001.487256000473,8001.328779000687,8001.6457330002595,0.0
1772908268,10,GET,/api/chains/,0.000000,0.000000,8000,8000,8000,8000,8000,8000,8000,8000,8000,8000,8000,10,8,8000.0,6497.4666453998,438.6417559999245,8003.127326999675,290.2
1772908268,10,GET,/api/plugins/discover,0.200000,0.200000,8000,8000,8000,8000,8000,8000,8000,8000,8000,8000,8000,10,8,8000.0,6411.831895600517,22.881221999341506,8002.777961000902,17081.3
1772908268,10,GET,/api/plugins/list,0.800000,0.800000,8000,8000,8000,8000,8000,8000,8000,8000,8000,8000,8000,10,8,8000.0,6403.294494000147,3.039352000996587,8003.3203450002475,4.6
1772908268,10,POST,/api/plugins/load?uri,0.100000,0.100000,8000,8000,8000,8000,8000,8000,8000,8000,8000,8000,8000,2,2,8001.32939300056,8001.575169500029,8001.32939300056,8001.820945999498,0.0
1772908268,10,POST,/api/plugins/unload?uri,0.100000,0.100000,8000,8000,8000,8000,8000,8000,8000,8000,8000,8000,8000,1,1,8001.737505999699,8001.737505999699,8001.737505999699,8001.737505999699,0.0
1772908268,10,,Aggregated,1.400000,1.400000,8000,8000,8000,8000,8000,8000,8000,8000,8000,8000,8000,43,30,8000.0,5609.139132465294,1.3250620013423031,8003.3203450002475,4050.046511627907
1772908269,10,GET,/api/audio/latency,0.000000,0.000000,0,0,0,0,0,0,0,0,0,0,0,3,0,1.3250620013423031,5.454331333870262,1.3250620013423031,13.698067999939667,33.0
1772908269,10,GET,/api/audio/levels,0.000000,0.000000,0,0,0,0,0,0,0,0,0,0,0,3,0,12,13.448876999973436,1.358987999992678,27.316407000398613,73.0
1772908269,10,GET,/api/audio/levels (during plugin swap),0.000000,0.000000,0,0,0,0,0,0,0,0,0,0,0,2,1,1.3466050004353747,4001.2401820004015,1.3466050004353747,8001.133759000368,36.5
1772908269,10,GET,/api/audio/levels/plugins,0.200000,0.200000,8000,8000,8000,8000,8000,8000,8000,8000,8000,8000,8000,2,2,8001.328779000687,8001.487256000473,8001.328779000687,8001.6457330002595,0.0
1772908269,10,GET,/api/chains/,0.000000,0.000000,0,0,0,0,0,0,0,0,0,0,0,10,8,8000.0,6497.4666453998,438.6417559999245,8003.127326999675,290.2
1772908269,10,GET,/api/plugins/discover,0.200000,0.200000,8000,8000,8000,8000,8000,8000,8000,8000,8000,8000,8000,10,8,8000.0,6411.831895600517,22.881221999341506,8002.777961000902,17081.3
1772908269,10,GET,/api/plugins/list,0.800000,0.800000,8000,8000,8000,8000,8000,8000,8000,8000,8000,8000,8000,10,8,8000.0,6403.294494000147,3.039352000996587,8003.3203450002475,4.6
1772908269,10,POST,/api/plugins/load?uri,0.100000,0.100000,8000,8000,8000,8000,8000,8000,8000,8000,8000,8000,8000,2,2,8001.32939300056,8001.575169500029,8001.32939300056,8001.820945999498,0.0
1772908269,10,POST,/api/plugins/unload?uri,0.100000,0.100000,8000,8000,8000,8000,8000,8000,8000,8000,8000,8000,8000,1,1,8001.737505999699,8001.737505999699,8001.737505999699,8001.737505999699,0.0
1772908269,10,,Aggregated,1.400000,1.400000,8000,8000,8000,8000,8000,8000,8000,8000,8000,8000,8000,43,30,8000.0,5609.139132465294,1.3250620013423031,8003.3203450002475,4050.046511627907
1772908270,10,GET,/api/audio/latency,0.000000,0.000000,0,0,0,0,0,0,0,0,0,0,0,3,0,1.3250620013423031,5.454331333870262,1.3250620013423031,13.698067999939667,33.0
1772908270,10,GET,/api/audio/levels,0.000000,0.000000,0,0,0,0,0,0,0,0,0,0,0,3,0,12,13.448876999973436,1.358987999992678,27.316407000398613,73.0
1772908270,10,GET,/api/audio/levels (during plugin swap),0.000000,0.000000,0,0,0,0,0,0,0,0,0,0,0,2,1,1.3466050004353747,4001.2401820004015,1.3466050004353747,8001.133759000368,36.5
1772908270,10,GET,/api/audio/levels/plugins,0.200000,0.200000,8000,8000,8000,8000,8000,8000,8000,8000,8000,8000,8000,2,2,8001.328779000687,8001.487256000473,8001.328779000687,8001.6457330002595,0.0
1772908270,10,GET,/api/chains/,0.000000,0.000000,0,0,0,0,0,0,0,0,0,0,0,10,8,8000.0,6497.4666453998,438.6417559999245,8003.127326999675,290.2
1772908270,10,GET,/api/plugins/discover,0.200000,0.200000,8000,8000,8000,8000,8000,8000,8000,8000,8000,8000,8000,10,8,8000.0,6411.831895600517,22.881221999341506,8002.777961000902,17081.3
1772908270,10,GET,/api/plugins/list,0.800000,0.800000,8000,8000,8000,8000,8000,8000,8000,8000,8000,8000,8000,10,8,8000.0,6403.294494000147,3.039352000996587,8003.3203450002475,4.6
1772908270,10,POST,/api/plugins/load?uri,0.100000,0.100000,8000,8000,8000,8000,8000,8000,8000,8000,8000,8000,8000,2,2,8001.32939300056,8001.575169500029,8001.32939300056,8001.820945999498,0.0
1772908270,10,POST,/api/plugins/unload?uri,0.100000,0.100000,8000,8000,8000,8000,8000,8000,8000,8000,8000,8000,8000,1,1,8001.737505999699,8001.737505999699,8001.737505999699,8001.737505999699,0.0
1772908270,10,,Aggregated,1.400000,1.400000,8000,8000,8000,8000,8000,8000,8000,8000,8000,8000,8000,43,30,8000.0,5609.139132465294,1.3250620013423031,8003.3203450002475,4050.046511627907
1772908271,10,GET,/api/audio/latency,0.000000,0.000000,0,0,0,0,0,0,0,0,0,0,0,3,0,1.3250620013423031,5.454331333870262,1.3250620013423031,13.698067999939667,33.0
1772908271,10,GET,/api/audio/levels,0.000000,0.000000,0,0,0,0,0,0,0,0,0,0,0,3,0,12,13.448876999973436,1.358987999992678,27.316407000398613,73.0
1772908271,10,GET,/api/audio/levels (during plugin swap),0.000000,0.000000,0,0,0,0,0,0,0,0,0,0,0,2,1,1.3466050004353747,4001.2401820004015,1.3466050004353747,8001.133759000368,36.5
1772908271,10,GET,/api/audio/levels/plugins,0.200000,0.200000,8000,8000,8000,8000,8000,8000,8000,8000,8000,8000,8000,2,2,8001.328779000687,8001.487256000473,8001.328779000687,8001.6457330002595,0.0
1772908271,10,GET,/api/chains/,0.000000,0.000000,0,0,0,0,0,0,0,0,0,0,0,10,8,8000.0,6497.4666453998,438.6417559999245,8003.127326999675,290.2
1772908271,10,GET,/api/plugins/discover,0.200000,0.200000,8000,8000,8000,8000,8000,8000,8000,8000,8000,8000,8000,10,8,8000.0,6411.831895600517,22.881221999341506,8002.777961000902,17081.3
1772908271,10,GET,/api/plugins/list,0.800000,0.800000,8000,8000,8000,8000,8000,8000,8000,8000,8000,8000,8000,10,8,8000.0,6403.294494000147,3.039352000996587,8003.3203450002475,4.6
1772908271,10,POST,/api/plugins/load?uri,0.100000,0.100000,8000,8000,8000,8000,8000,8000,8000,8000,8000,8000,8000,2,2,8001.32939300056,8001.575169500029,8001.32939300056,8001.820945999498,0.0
1772908271,10,POST,/api/plugins/unload?uri,0.100000,0.100000,8000,8000,8000,8000,8000,8000,8000,8000,8000,8000,8000,1,1,8001.737505999699,8001.737505999699,8001.737505999699,8001.737505999699,0.0
1772908271,10,,Aggregated,1.400000,1.400000,8000,8000,8000,8000,8000,8000,8000,8000,8000,8000,8000,43,30,8000.0,5609.139132465294,1.3250620013423031,8003.3203450002475,4050.046511627907
1772908272,10,GET,/api/audio/latency,0.000000,0.000000,0,0,0,0,0,0,0,0,0,0,0,3,0,1.3250620013423031,5.454331333870262,1.3250620013423031,13.698067999939667,33.0
1772908272,10,GET,/api/audio/levels,0.000000,0.000000,0,0,0,0,0,0,0,0,0,0,0,4,1,12,2010.5913799998234,1.358987999992678,8002.018888999373,54.75
1772908272,10,GET,/api/audio/levels (during plugin swap),0.000000,0.000000,0,0,0,0,0,0,0,0,0,0,0,2,1,1.3466050004353747,4001.2401820004015,1.3466050004353747,8001.133759000368,36.5
1772908272,10,GET,/api/audio/levels/plugins,0.100000,0.100000,8000,8000,8000,8000,8000,8000,8000,8000,8000,8000,8000,2,2,8001.328779000687,8001.487256000473,8001.328779000687,8001.6457330002595,0.0
1772908272,10,GET,/api/chains/,0.000000,0.000000,0,0,0,0,0,0,0,0,0,0,0,12,10,8000.0,6748.3351910832425,438.6417559999245,8003.127326999675,241.83333333333334
1772908272,10,GET,/api/plugins/discover,0.800000,0.800000,8000,8000,8000,8000,8000,8000,8000,8000,8000,8000,8000,10,8,8000.0,6411.831895600517,22.881221999341506,8002.777961000902,17081.3
1772908272,10,GET,/api/plugins/list,0.000000,0.000000,8000,8000,8000,8000,8000,8000,8000,8000,8000,8000,8000,10,8,8000.0,6403.294494000147,3.039352000996587,8003.3203450002475,4.6
1772908272,10,POST,/api/plugins/load?uri,0.000000,0.000000,8000,8000,8000,8000,8000,8000,8000,8000,8000,8000,8000,2,2,8001.32939300056,8001.575169500029,8001.32939300056,8001.820945999498,0.0
1772908272,10,POST,/api/plugins/unload?uri,0.100000,0.100000,8000,8000,8000,8000,8000,8000,8000,8000,8000,8000,8000,2,2,8001.737505999699,8001.77154999983,8001.737505999699,8001.805593999961,0.0
1772908272,10,,Aggregated,1.000000,1.000000,8000,8000,8000,8000,8000,8000,8000,8000,8000,8000,8000,47,34,8000.0,5812.811979106551,1.3250620013423031,8003.3203450002475,3705.3617021276596
1772908273,10,GET,/api/audio/latency,0.000000,0.000000,0,0,0,0,0,0,0,0,0,0,0,3,0,1.3250620013423031,5.454331333870262,1.3250620013423031,13.698067999939667,33.0
1772908273,10,GET,/api/audio/levels,0.000000,0.000000,8000,8000,8000,8000,8000,8000,8000,8000,8000,8000,8000,4,1,12,2010.5913799998234,1.358987999992678,8002.018888999373,54.75
1772908273,10,GET,/api/audio/levels (during plugin swap),0.000000,0.000000,0,0,0,0,0,0,0,0,0,0,0,2,1,1.3466050004353747,4001.2401820004015,1.3466050004353747,8001.133759000368,36.5
1772908273,10,GET,/api/audio/levels/plugins,0.100000,0.100000,8000,8000,8000,8000,8000,8000,8000,8000,8000,8000,8000,2,2,8001.328779000687,8001.487256000473,8001.328779000687,8001.6457330002595,0.0
1772908273,10,GET,/api/chains/,0.000000,0.000000,8000,8000,8000,8000,8000,8000,8000,8000,8000,8000,8000,14,12,8000.0,6927.456093642832,438.6417559999245,8003.127326999675,207.28571428571428
1772908273,10,GET,/api/plugins/discover,0.800000,0.800000,8000,8000,8000,8000,8000,8000,8000,8000,8000,8000,8000,10,8,8000.0,6411.831895600517,22.881221999341506,8002.777961000902,17081.3
1772908273,10,GET,/api/plugins/list,0.000000,0.000000,8000,8000,8000,8000,8000,8000,8000,8000,8000,8000,8000,10,8,8000.0,6403.294494000147,3.039352000996587,8003.3203450002475,4.6
1772908273,10,POST,/api/plugins/load?uri,0.000000,0.000000,8000,8000,8000,8000,8000,8000,8000,8000,8000,8000,8000,2,2,8001.32939300056,8001.575169500029,8001.32939300056,8001.820945999498,0.0
1772908273,10,POST,/api/plugins/unload?uri,0.100000,0.100000,8000,8000,8000,8000,8000,8000,8000,8000,8000,8000,8000,2,2,8001.737505999699,8001.77154999983,8001.737505999699,8001.805593999961,0.0
1772908273,10,,Aggregated,1.000000,1.000000,8000,8000,8000,8000,8000,8000,8000,8000,8000,8000,8000,49,36,8000.0,5902.17400073487,1.3250620013423031,8003.3203450002475,3554.122448979592
1772908274,10,GET,/api/audio/latency,0.000000,0.000000,0,0,0,0,0,0,0,0,0,0,0,3,0,1.3250620013423031,5.454331333870262,1.3250620013423031,13.698067999939667,33.0
1772908274,10,GET,/api/audio/levels,0.000000,0.000000,8000,8000,8000,8000,8000,8000,8000,8000,8000,8000,8000,5,2,27,3208.975013199597,1.358987999992678,8002.5095459986915,43.8
1772908274,10,GET,/api/audio/levels (during plugin swap),0.000000,0.000000,0,0,0,0,0,0,0,0,0,0,0,2,1,1.3466050004353747,4001.2401820004015,1.3466050004353747,8001.133759000368,36.5
1772908274,10,GET,/api/audio/levels/plugins,0.100000,0.100000,8000,8000,8000,8000,8000,8000,8000,8000,8000,8000,8000,2,2,8001.328779000687,8001.487256000473,8001.328779000687,8001.6457330002595,0.0
1772908274,10,GET,/api/chains/,0.000000,0.000000,8000,8000,8000,8000,8000,8000,8000,8000,8000,8000,8000,15,13,8000.0,6999.131486933281,438.6417559999245,8003.127326999675,193.46666666666667
1772908274,10,GET,/api/plugins/discover,0.800000,0.800000,8000,8000,8000,8000,8000,8000,8000,8000,8000,8000,8000,10,8,8000.0,6411.831895600517,22.881221999341506,8002.777961000902,17081.3
1772908274,10,GET,/api/plugins/list,0.000000,0.000000,8000,8000,8000,8000,8000,8000,8000,8000,8000,8000,8000,10,8,8000.0,6403.294494000147,3.039352000996587,8003.3203450002475,4.6
1772908274,10,POST,/api/plugins/load?uri,0.000000,0.000000,0,0,0,0,0,0,0,0,0,0,0,2,2,8001.32939300056,8001.575169500029,8001.32939300056,8001.820945999498,0.0
1772908274,10,POST,/api/plugins/unload?uri,0.100000,0.100000,8000,8000,8000,8000,8000,8000,8000,8000,8000,8000,8000,2,2,8001.737505999699,8001.77154999983,8001.737505999699,8001.805593999961,0.0
1772908274,10,,Aggregated,1.000000,1.000000,8000,8000,8000,8000,8000,8000,8000,8000,8000,8000,8000,51,38,8000.0,5984.541619117783,1.3250620013423031,8003.3203450002475,3414.7450980392155
1772908275,10,GET,/api/audio/latency,0.000000,0.000000,0,0,0,0,0,0,0,0,0,0,0,3,0,1.3250620013423031,5.454331333870262,1.3250620013423031,13.698067999939667,33.0
1772908275,10,GET,/api/audio/levels,0.100000,0.100000,8000,8000,8000,8000,8000,8000,8000,8000,8000,8000,8000,6,3,27,4007.955734333033,1.358987999992678,8002.859340000214,36.5
1772908275,10,GET,/api/audio/levels (during plugin swap),0.000000,0.000000,0,0,0,0,0,0,0,0,0,0,0,2,1,1.3466050004353747,4001.2401820004015,1.3466050004353747,8001.133759000368,36.5
1772908275,10,GET,/api/audio/levels/plugins,0.100000,0.100000,8000,8000,8000,8000,8000,8000,8000,8000,8000,8000,8000,2,2,8001.328779000687,8001.487256000473,8001.328779000687,8001.6457330002595,0.0
1772908275,10,GET,/api/chains/,0.200000,0.200000,8000,8000,8000,8000,8000,8000,8000,8000,8000,8000,8000,16,14,8000.0,7061.86376906237,438.6417559999245,8003.127326999675,181.375
1772908275,10,GET,/api/plugins/discover,0.800000,0.800000,8000,8000,8000,8000,8000,8000,8000,8000,8000,8000,8000,10,8,8000.0,6411.831895600517,22.881221999341506,8002.777961000902,17081.3
1772908275,10,GET,/api/plugins/list,0.000000,0.000000,8000,8000,8000,8000,8000,8000,8000,8000,8000,8000,8000,10,8,8000.0,6403.294494000147,3.039352000996587,8003.3203450002475,4.6
1772908275,10,POST,/api/plugins/load?uri,0.000000,0.000000,0,0,0,0,0,0,0,0,0,0,0,2,2,8001.32939300056,8001.575169500029,8001.32939300056,8001.820945999498,0.0
1772908275,10,POST,/api/plugins/unload?uri,0.200000,0.200000,8000,8000,8000,8000,8000,8000,8000,8000,8000,8000,8000,2,2,8001.737505999699,8001.77154999983,8001.737505999699,8001.805593999961,0.0
1772908275,10,,Aggregated,1.400000,1.400000,8000,8000,8000,8000,8000,8000,8000,8000,8000,8000,8000,53,40,8000.0,6060.704338037846,1.3250620013423031,8003.3203450002475,3285.8867924528304
1772908276,10,GET,/api/audio/latency,0.000000,0.000000,0,0,0,0,0,0,0,0,0,0,0,3,0,1.3250620013423031,5.454331333870262,1.3250620013423031,13.698067999939667,33.0
1772908276,10,GET,/api/audio/levels,0.100000,0.100000,8000,8000,8000,8000,8000,8000,8000,8000,8000,8000,8000,6,3,27,4007.955734333033,1.358987999992678,8002.859340000214,36.5
1772908276,10,GET,/api/audio/levels (during plugin swap),0.000000,0.000000,0,0,0,0,0,0,0,0,0,0,0,2,1,1.3466050004353747,4001.2401820004015,1.3466050004353747,8001.133759000368,36.5
1772908276,10,GET,/api/audio/levels/plugins,0.100000,0.100000,8000,8000,8000,8000,8000,8000,8000,8000,8000,8000,8000,2,2,8001.328779000687,8001.487256000473,8001.328779000687,8001.6457330002595,0.0
1772908276,10,GET,/api/chains/,0.200000,0.200000,8000,8000,8000,8000,8000,8000,8000,8000,8000,8000,8000,16,14,8000.0,7061.86376906237,438.6417559999245,8003.127326999675,181.375
1772908276,10,GET,/api/plugins/discover,0.800000,0.800000,8000,8000,8000,8000,8000,8000,8000,8000,8000,8000,8000,10,8,8000.0,6411.831895600517,22.881221999341506,8002.777961000902,17081.3
1772908276,10,GET,/api/plugins/list,0.000000,0.000000,8000,8000,8000,8000,8000,8000,8000,8000,8000,8000,8000,10,8,8000.0,6403.294494000147,3.039352000996587,8003.3203450002475,4.6
1772908276,10,POST,/api/plugins/load?uri,0.000000,0.000000,0,0,0,0,0,0,0,0,0,0,0,2,2,8001.32939300056,8001.575169500029,8001.32939300056,8001.820945999498,0.0
1772908276,10,POST,/api/plugins/unload?uri,0.200000,0.200000,8000,8000,8000,8000,8000,8000,8000,8000,8000,8000,8000,2,2,8001.737505999699,8001.77154999983,8001.737505999699,8001.805593999961,0.0
1772908276,10,,Aggregated,1.400000,1.400000,8000,8000,8000,8000,8000,8000,8000,8000,8000,8000,8000,53,40,8000.0,6060.704338037846,1.3250620013423031,8003.3203450002475,3285.8867924528304
1772908277,10,GET,/api/audio/latency,0.000000,0.000000,0,0,0,0,0,0,0,0,0,0,0,3,0,1.3250620013423031,5.454331333870262,1.3250620013423031,13.698067999939667,33.0
1772908277,10,GET,/api/audio/levels,0.100000,0.100000,8000,8000,8000,8000,8000,8000,8000,8000,8000,8000,8000,6,3,27,4007.955734333033,1.358987999992678,8002.859340000214,36.5
1772908277,10,GET,/api/audio/levels (during plugin swap),0.000000,0.000000,0,0,0,0,0,0,0,0,0,0,0,2,1,1.3466050004353747,4001.2401820004015,1.3466050004353747,8001.133759000368,36.5
1772908277,10,GET,/api/audio/levels/plugins,0.100000,0.100000,8000,8000,8000,8000,8000,8000,8000,8000,8000,8000,8000,2,2,8001.328779000687,8001.487256000473,8001.328779000687,8001.6457330002595,0.0
1772908277,10,GET,/api/chains/,0.200000,0.200000,8000,8000,8000,8000,8000,8000,8000,8000,8000,8000,8000,16,14,8000.0,7061.86376906237,438.6417559999245,8003.127326999675,181.375
1772908277,10,GET,/api/plugins/discover,0.800000,0.800000,8000,8000,8000,8000,8000,8000,8000,8000,8000,8000,8000,10,8,8000.0,6411.831895600517,22.881221999341506,8002.777961000902,17081.3
1772908277,10,GET,/api/plugins/list,0.000000,0.000000,0,0,0,0,0,0,0,0,0,0,0,10,8,8000.0,6403.294494000147,3.039352000996587,8003.3203450002475,4.6
1772908277,10,POST,/api/plugins/load?uri,0.000000,0.000000,0,0,0,0,0,0,0,0,0,0,0,2,2,8001.32939300056,8001.575169500029,8001.32939300056,8001.820945999498,0.0
1772908277,10,POST,/api/plugins/unload?uri,0.200000,0.200000,8000,8000,8000,8000,8000,8000,8000,8000,8000,8000,8000,2,2,8001.737505999699,8001.77154999983,8001.737505999699,8001.805593999961,0.0
1772908277,10,,Aggregated,1.400000,1.400000,8000,8000,8000,8000,8000,8000,8000,8000,8000,8000,8000,53,40,8000.0,6060.704338037846,1.3250620013423031,8003.3203450002475,3285.8867924528304
1772908278,10,GET,/api/audio/latency,0.000000,0.000000,0,0,0,0,0,0,0,0,0,0,0,3,0,1.3250620013423031,5.454331333870262,1.3250620013423031,13.698067999939667,33.0
1772908278,10,GET,/api/audio/levels,0.100000,0.100000,8000,8000,8000,8000,8000,8000,8000,8000,8000,8000,8000,6,3,27,4007.955734333033,1.358987999992678,8002.859340000214,36.5
1772908278,10,GET,/api/audio/levels (during plugin swap),0.000000,0.000000,0,0,0,0,0,0,0,0,0,0,0,2,1,1.3466050004353747,4001.2401820004015,1.3466050004353747,8001.133759000368,36.5
1772908278,10,GET,/api/audio/levels/plugins,0.100000,0.100000,8000,8000,8000,8000,8000,8000,8000,8000,8000,8000,8000,2,2,8001.328779000687,8001.487256000473,8001.328779000687,8001.6457330002595,0.0
1772908278,10,GET,/api/chains/,0.200000,0.200000,8000,8000,8000,8000,8000,8000,8000,8000,8000,8000,8000,16,14,8000.0,7061.86376906237,438.6417559999245,8003.127326999675,181.375
1772908278,10,GET,/api/plugins/discover,0.800000,0.800000,8000,8000,8000,8000,8000,8000,8000,8000,8000,8000,8000,10,8,8000.0,6411.831895600517,22.881221999341506,8002.777961000902,17081.3
1772908278,10,GET,/api/plugins/list,0.000000,0.000000,0,0,0,0,0,0,0,0,0,0,0,10,8,8000.0,6403.294494000147,3.039352000996587,8003.3203450002475,4.6
1772908278,10,POST,/api/plugins/load?uri,0.000000,0.000000,0,0,0,0,0,0,0,0,0,0,0,2,2,8001.32939300056,8001.575169500029,8001.32939300056,8001.820945999498,0.0
1772908278,10,POST,/api/plugins/unload?uri,0.200000,0.200000,8000,8000,8000,8000,8000,8000,8000,8000,8000,8000,8000,2,2,8001.737505999699,8001.77154999983,8001.737505999699,8001.805593999961,0.0
1772908278,10,,Aggregated,1.400000,1.400000,8000,8000,8000,8000,8000,8000,8000,8000,8000,8000,8000,53,40,8000.0,6060.704338037846,1.3250620013423031,8003.3203450002475,3285.8867924528304
1772908279,10,GET,/api/audio/latency,0.000000,0.000000,0,0,0,0,0,0,0,0,0,0,0,3,0,1.3250620013423031,5.454331333870262,1.3250620013423031,13.698067999939667,33.0
1772908279,10,GET,/api/audio/levels,0.100000,0.100000,8000,8000,8000,8000,8000,8000,8000,8000,8000,8000,8000,6,3,27,4007.955734333033,1.358987999992678,8002.859340000214,36.5
1772908279,10,GET,/api/audio/levels (during plugin swap),0.000000,0.000000,0,0,0,0,0,0,0,0,0,0,0,2,1,1.3466050004353747,4001.2401820004015,1.3466050004353747,8001.133759000368,36.5
1772908279,10,GET,/api/audio/levels/plugins,0.100000,0.100000,8000,8000,8000,8000,8000,8000,8000,8000,8000,8000,8000,2,2,8001.328779000687,8001.487256000473,8001.328779000687,8001.6457330002595,0.0
1772908279,10,GET,/api/chains/,0.200000,0.200000,8000,8000,8000,8000,8000,8000,8000,8000,8000,8000,8000,16,14,8000.0,7061.86376906237,438.6417559999245,8003.127326999675,181.375
1772908279,10,GET,/api/plugins/discover,0.800000,0.800000,8000,8000,8000,8000,8000,8000,8000,8000,8000,8000,8000,10,8,8000.0,6411.831895600517,22.881221999341506,8002.777961000902,17081.3
1772908279,10,GET,/api/plugins/list,0.000000,0.000000,0,0,0,0,0,0,0,0,0,0,0,10,8,8000.0,6403.294494000147,3.039352000996587,8003.3203450002475,4.6
1772908279,10,POST,/api/plugins/load?uri,0.000000,0.000000,0,0,0,0,0,0,0,0,0,0,0,2,2,8001.32939300056,8001.575169500029,8001.32939300056,8001.820945999498,0.0
1772908279,10,POST,/api/plugins/unload?uri,0.200000,0.200000,8000,8000,8000,8000,8000,8000,8000,8000,8000,8000,8000,2,2,8001.737505999699,8001.77154999983,8001.737505999699,8001.805593999961,0.0
1772908279,10,,Aggregated,1.400000,1.400000,8000,8000,8000,8000,8000,8000,8000,8000,8000,8000,8000,53,40,8000.0,6060.704338037846,1.3250620013423031,8003.3203450002475,3285.8867924528304
1772908280,10,GET,/api/audio/latency,0.000000,0.000000,0,0,0,0,0,0,0,0,0,0,0,4,1,1.3250620013423031,2004.5219050002743,1.3250620013423031,8001.724625999486,24.75
1772908280,10,GET,/api/audio/levels,0.300000,0.300000,8000,8000,8000,8000,8000,8000,8000,8000,8000,8000,8000,6,3,27,4007.955734333033,1.358987999992678,8002.859340000214,36.5
1772908280,10,GET,/api/audio/levels (during plugin swap),0.000000,0.000000,0,0,0,0,0,0,0,0,0,0,0,2,1,1.3466050004353747,4001.2401820004015,1.3466050004353747,8001.133759000368,36.5
1772908280,10,GET,/api/audio/levels/plugins,0.000000,0.000000,8000,8000,8000,8000,8000,8000,8000,8000,8000,8000,8000,2,2,8001.328779000687,8001.487256000473,8001.328779000687,8001.6457330002595,0.0
1772908280,10,GET,/api/chains/,0.600000,0.600000,8000,8000,8000,8000,8000,8000,8000,8000,8000,8000,8000,17,15,8000.0,7117.157092705812,438.6417559999245,8003.127326999675,170.7058823529412
1772908280,10,GET,/api/plugins/discover,0.000000,0.000000,8000,8000,8000,8000,8000,8000,8000,8000,8000,8000,8000,10,8,8000.0,6411.831895600517,22.881221999341506,8002.777961000902,17081.3
1772908280,10,GET,/api/plugins/list,0.000000,0.000000,0,0,0,0,0,0,0,0,0,0,0,12,10,8000.0,6669.834313083508,3.039352000996587,8003.3203450002475,3.8333333333333335
1772908280,10,POST,/api/plugins/load?uri,0.000000,0.000000,0,0,0,0,0,0,0,0,0,0,0,2,2,8001.32939300056,8001.575169500029,8001.32939300056,8001.820945999498,0.0
1772908280,10,POST,/api/plugins/unload?uri,0.100000,0.100000,8000,8000,8000,8000,8000,8000,8000,8000,8000,8000,8000,2,2,8001.737505999699,8001.77154999983,8001.737505999699,8001.805593999961,0.0
1772908280,10,,Aggregated,1.000000,1.000000,8000,8000,8000,8000,8000,8000,8000,8000,8000,8000,8000,57,44,8000.0,6196.946870701873,1.3250620013423031,8003.3203450002475,3055.2982456140353
1772908281,10,GET,/api/audio/latency,0.000000,0.000000,8000,8000,8000,8000,8000,8000,8000,8000,8000,8000,8000,4,1,1.3250620013423031,2004.5219050002743,1.3250620013423031,8001.724625999486,24.75
1772908281,10,GET,/api/audio/levels,0.300000,0.300000,8000,8000,8000,8000,8000,8000,8000,8000,8000,8000,8000,6,3,27,4007.955734333033,1.358987999992678,8002.859340000214,36.5
1772908281,10,GET,/api/audio/levels (during plugin swap),0.000000,0.000000,0,0,0,0,0,0,0,0,0,0,0,2,1,1.3466050004353747,4001.2401820004015,1.3466050004353747,8001.133759000368,36.5
1772908281,10,GET,/api/audio/levels/plugins,0.000000,0.000000,8000,8000,8000,8000,8000,8000,8000,8000,8000,8000,8000,2,2,8001.328779000687,8001.487256000473,8001.328779000687,8001.6457330002595,0.0
1772908281,10,GET,/api/chains/,0.600000,0.600000,8000,8000,8000,8000,8000,8000,8000,8000,8000,8000,8000,17,15,8000.0,7117.157092705812,438.6417559999245,8003.127326999675,170.7058823529412
1772908281,10,GET,/api/plugins/discover,0.000000,0.000000,8000,8000,8000,8000,8000,8000,8000,8000,8000,8000,8000,10,8,8000.0,6411.831895600517,22.881221999341506,8002.777961000902,17081.3
1772908281,10,GET,/api/plugins/list,0.000000,0.000000,8000,8000,8000,8000,8000,8000,8000,8000,8000,8000,8000,14,12,8000.0,6860.225486857286,3.039352000996587,8003.3203450002475,3.2857142857142856
1772908281,10,POST,/api/plugins/load?uri,0.000000,0.000000,0,0,0,0,0,0,0,0,0,0,0,2,2,8001.32939300056,8001.575169500029,8001.32939300056,8001.820945999498,0.0
1772908281,10,POST,/api/plugins/unload?uri,0.100000,0.100000,8000,8000,8000,8000,8000,8000,8000,8000,8000,8000,8000,2,2,8001.737505999699,8001.77154999983,8001.737505999699,8001.805593999961,0.0
1772908281,10,,Aggregated,1.000000,1.000000,8000,8000,8000,8000,8000,8000,8000,8000,8000,8000,8000,59,46,8000.0,6258.154520152657,1.3250620013423031,8003.3203450002475,2951.728813559322
1772908282,10,GET,/api/audio/latency,0.000000,0.000000,8000,8000,8000,8000,8000,8000,8000,8000,8000,8000,8000,5,2,14,3204.2253092004103,1.3250620013423031,8003.038926000954,19.8
1772908282,10,GET,/api/audio/levels,0.300000,0.300000,8000,8000,8000,8000,8000,8000,8000,8000,8000,8000,8000,6,3,27,4007.955734333033,1.358987999992678,8002.859340000214,36.5
1772908282,10,GET,/api/audio/levels (during plugin swap),0.000000,0.000000,0,0,0,0,0,0,0,0,0,0,0,2,1,1.3466050004353747,4001.2401820004015,1.3466050004353747,8001.133759000368,36.5
1772908282,10,GET,/api/audio/levels/plugins,0.000000,0.000000,0,0,0,0,0,0,0,0,0,0,0,2,2,8001.328779000687,8001.487256000473,8001.328779000687,8001.6457330002595,0.0
1772908282,10,GET,/api/chains/,0.600000,0.600000,8000,8000,8000,8000,8000,8000,8000,8000,8000,8000,8000,17,15,8000.0,7117.157092705812,438.6417559999245,8003.127326999675,170.7058823529412
1772908282,10,GET,/api/plugins/discover,0.000000,0.000000,8000,8000,8000,8000,8000,8000,8000,8000,8000,8000,8000,10,8,8000.0,6411.831895600517,22.881221999341506,8002.777961000902,17081.3
1772908282,10,GET,/api/plugins/list,0.000000,0.000000,8000,8000,8000,8000,8000,8000,8000,8000,8000,8000,8000,15,13,8000.0,6936.383840066749,3.039352000996587,8003.3203450002475,3.066666666666667
1772908282,10,POST,/api/plugins/load?uri,0.000000,0.000000,0,0,0,0,0,0,0,0,0,0,0,2,2,8001.32939300056,8001.575169500029,8001.32939300056,8001.820945999498,0.0
1772908282,10,POST,/api/plugins/unload?uri,0.100000,0.100000,8000,8000,8000,8000,8000,8000,8000,8000,8000,8000,8000,2,2,8001.737505999699,8001.77154999983,8001.737505999699,8001.805593999961,0.0
1772908282,10,,Aggregated,1.000000,1.000000,8000,8000,8000,8000,8000,8000,8000,8000,8000,8000,8000,61,48,8000.0,6315.356662295196,1.3250620013423031,8003.3203450002475,2854.9508196721313
1772908283,10,GET,/api/audio/latency,0.100000,0.100000,8000,8000,8000,8000,8000,8000,8000,8000,8000,8000,8000,6,3,14,4003.9787350002975,1.3250620013423031,8003.038926000954,16.5
1772908283,10,GET,/api/audio/levels,0.300000,0.300000,8000,8000,8000,8000,8000,8000,8000,8000,8000,8000,8000,6,3,27,4007.955734333033,1.358987999992678,8002.859340000214,36.5
1772908283,10,GET,/api/audio/levels (during plugin swap),0.000000,0.000000,0,0,0,0,0,0,0,0,0,0,0,2,1,1.3466050004353747,4001.2401820004015,1.3466050004353747,8001.133759000368,36.5
1772908283,10,GET,/api/audio/levels/plugins,0.000000,0.000000,0,0,0,0,0,0,0,0,0,0,0,2,2,8001.328779000687,8001.487256000473,8001.328779000687,8001.6457330002595,0.0
1772908283,10,GET,/api/chains/,0.700000,0.700000,8000,8000,8000,8000,8000,8000,8000,8000,8000,8000,8000,17,15,8000.0,7117.157092705812,438.6417559999245,8003.127326999675,170.7058823529412
1772908283,10,GET,/api/plugins/discover,0.000000,0.000000,8000,8000,8000,8000,8000,8000,8000,8000,8000,8000,8000,10,8,8000.0,6411.831895600517,22.881221999341506,8002.777961000902,17081.3
1772908283,10,GET,/api/plugins/list,0.200000,0.200000,8000,8000,8000,8000,8000,8000,8000,8000,8000,8000,8000,16,14,8000.0,7003.0335669375745,3.039352000996587,8003.3203450002475,2.875
1772908283,10,POST,/api/plugins/load?uri,0.000000,0.000000,0,0,0,0,0,0,0,0,0,0,0,2,2,8001.32939300056,8001.575169500029,8001.32939300056,8001.820945999498,0.0
1772908283,10,POST,/api/plugins/unload?uri,0.100000,0.100000,8000,8000,8000,8000,8000,8000,8000,8000,8000,8000,8000,2,2,8001.737505999699,8001.77154999983,8001.737505999699,8001.805593999961,0.0
1772908283,10,,Aggregated,1.400000,1.400000,8000,8000,8000,8000,8000,8000,8000,8000,8000,8000,8000,63,50,8000.0,6368.9251068889935,1.3250620013423031,8003.3203450002475,2764.3174603174602
1772908284,10,GET,/api/audio/latency,0.100000,0.100000,8000,8000,8000,8000,8000,8000,8000,8000,8000,8000,8000,6,3,14,4003.9787350002975,1.3250620013423031,8003.038926000954,16.5
1772908284,10,GET,/api/audio/levels,0.300000,0.300000,8000,8000,8000,8000,8000,8000,8000,8000,8000,8000,8000,6,3,27,4007.955734333033,1.358987999992678,8002.859340000214,36.5
1772908284,10,GET,/api/audio/levels (during plugin swap),0.000000,0.000000,0,0,0,0,0,0,0,0,0,0,0,2,1,1.3466050004353747,4001.2401820004015,1.3466050004353747,8001.133759000368,36.5
1772908284,10,GET,/api/audio/levels/plugins,0.000000,0.000000,0,0,0,0,0,0,0,0,0,0,0,2,2,8001.328779000687,8001.487256000473,8001.328779000687,8001.6457330002595,0.0
1772908284,10,GET,/api/chains/,0.700000,0.700000,8000,8000,8000,8000,8000,8000,8000,8000,8000,8000,8000,17,15,8000.0,7117.157092705812,438.6417559999245,8003.127326999675,170.7058823529412
1772908284,10,GET,/api/plugins/discover,0.000000,0.000000,8000,8000,8000,8000,8000,8000,8000,8000,8000,8000,8000,10,8,8000.0,6411.831895600517,22.881221999341506,8002.777961000902,17081.3
1772908284,10,GET,/api/plugins/list,0.200000,0.200000,8000,8000,8000,8000,8000,8000,8000,8000,8000,8000,8000,16,14,8000.0,7003.0335669375745,3.039352000996587,8003.3203450002475,2.875
1772908284,10,POST,/api/plugins/load?uri,0.000000,0.000000,0,0,0,0,0,0,0,0,0,0,0,2,2,8001.32939300056,8001.575169500029,8001.32939300056,8001.820945999498,0.0
1772908284,10,POST,/api/plugins/unload?uri,0.100000,0.100000,8000,8000,8000,8000,8000,8000,8000,8000,8000,8000,8000,2,2,8001.737505999699,8001.77154999983,8001.737505999699,8001.805593999961,0.0
1772908284,10,,Aggregated,1.400000,1.400000,8000,8000,8000,8000,8000,8000,8000,8000,8000,8000,8000,63,50,8000.0,6368.9251068889935,1.3250620013423031,8003.3203450002475,2764.3174603174602
1772908285,10,GET,/api/audio/latency,0.100000,0.100000,8000,8000,8000,8000,8000,8000,8000,8000,8000,8000,8000,6,3,14,4003.9787350002975,1.3250620013423031,8003.038926000954,16.5
1772908285,10,GET,/api/audio/levels,0.300000,0.300000,8000,8000,8000,8000,8000,8000,8000,8000,8000,8000,8000,6,3,27,4007.955734333033,1.358987999992678,8002.859340000214,36.5
1772908285,10,GET,/api/audio/levels (during plugin swap),0.000000,0.000000,0,0,0,0,0,0,0,0,0,0,0,2,1,1.3466050004353747,4001.2401820004015,1.3466050004353747,8001.133759000368,36.5
1772908285,10,GET,/api/audio/levels/plugins,0.000000,0.000000,0,0,0,0,0,0,0,0,0,0,0,2,2,8001.328779000687,8001.487256000473,8001.328779000687,8001.6457330002595,0.0
1772908285,10,GET,/api/chains/,0.700000,0.700000,8000,8000,8000,8000,8000,8000,8000,8000,8000,8000,8000,17,15,8000.0,7117.157092705812,438.6417559999245,8003.127326999675,170.7058823529412
1772908285,10,GET,/api/plugins/discover,0.000000,0.000000,0,0,0,0,0,0,0,0,0,0,0,10,8,8000.0,6411.831895600517,22.881221999341506,8002.777961000902,17081.3
1772908285,10,GET,/api/plugins/list,0.200000,0.200000,8000,8000,8000,8000,8000,8000,8000,8000,8000,8000,8000,16,14,8000.0,7003.0335669375745,3.039352000996587,8003.3203450002475,2.875
1772908285,10,POST,/api/plugins/load?uri,0.000000,0.000000,0,0,0,0,0,0,0,0,0,0,0,2,2,8001.32939300056,8001.575169500029,8001.32939300056,8001.820945999498,0.0
1772908285,10,POST,/api/plugins/unload?uri,0.100000,0.100000,8000,8000,8000,8000,8000,8000,8000,8000,8000,8000,8000,2,2,8001.737505999699,8001.77154999983,8001.737505999699,8001.805593999961,0.0
1772908285,10,,Aggregated,1.400000,1.400000,8000,8000,8000,8000,8000,8000,8000,8000,8000,8000,8000,63,50,8000.0,6368.9251068889935,1.3250620013423031,8003.3203450002475,2764.3174603174602
1772908286,10,GET,/api/audio/latency,0.100000,0.100000,8000,8000,8000,8000,8000,8000,8000,8000,8000,8000,8000,6,3,14,4003.9787350002975,1.3250620013423031,8003.038926000954,16.5
1772908286,10,GET,/api/audio/levels,0.300000,0.300000,8000,8000,8000,8000,8000,8000,8000,8000,8000,8000,8000,6,3,27,4007.955734333033,1.358987999992678,8002.859340000214,36.5
1772908286,10,GET,/api/audio/levels (during plugin swap),0.000000,0.000000,0,0,0,0,0,0,0,0,0,0,0,2,1,1.3466050004353747,4001.2401820004015,1.3466050004353747,8001.133759000368,36.5
1772908286,10,GET,/api/audio/levels/plugins,0.000000,0.000000,0,0,0,0,0,0,0,0,0,0,0,2,2,8001.328779000687,8001.487256000473,8001.328779000687,8001.6457330002595,0.0
1772908286,10,GET,/api/chains/,0.700000,0.700000,8000,8000,8000,8000,8000,8000,8000,8000,8000,8000,8000,17,15,8000.0,7117.157092705812,438.6417559999245,8003.127326999675,170.7058823529412
1772908286,10,GET,/api/plugins/discover,0.000000,0.000000,0,0,0,0,0,0,0,0,0,0,0,10,8,8000.0,6411.831895600517,22.881221999341506,8002.777961000902,17081.3
1772908286,10,GET,/api/plugins/list,0.200000,0.200000,8000,8000,8000,8000,8000,8000,8000,8000,8000,8000,8000,16,14,8000.0,7003.0335669375745,3.039352000996587,8003.3203450002475,2.875
1772908286,10,POST,/api/plugins/load?uri,0.000000,0.000000,0,0,0,0,0,0,0,0,0,0,0,2,2,8001.32939300056,8001.575169500029,8001.32939300056,8001.820945999498,0.0
1772908286,10,POST,/api/plugins/unload?uri,0.100000,0.100000,8000,8000,8000,8000,8000,8000,8000,8000,8000,8000,8000,2,2,8001.737505999699,8001.77154999983,8001.737505999699,8001.805593999961,0.0
1772908286,10,,Aggregated,1.400000,1.400000,8000,8000,8000,8000,8000,8000,8000,8000,8000,8000,8000,63,50,8000.0,6368.9251068889935,1.3250620013423031,8003.3203450002475,2764.3174603174602
1772908287,10,GET,/api/audio/latency,0.100000,0.100000,8000,8000,8000,8000,8000,8000,8000,8000,8000,8000,8000,6,3,14,4003.9787350002975,1.3250620013423031,8003.038926000954,16.5
1772908287,10,GET,/api/audio/levels,0.300000,0.300000,8000,8000,8000,8000,8000,8000,8000,8000,8000,8000,8000,6,3,27,4007.955734333033,1.358987999992678,8002.859340000214,36.5
1772908287,10,GET,/api/audio/levels (during plugin swap),0.000000,0.000000,0,0,0,0,0,0,0,0,0,0,0,2,1,1.3466050004353747,4001.2401820004015,1.3466050004353747,8001.133759000368,36.5
1772908287,10,GET,/api/audio/levels/plugins,0.000000,0.000000,0,0,0,0,0,0,0,0,0,0,0,2,2,8001.328779000687,8001.487256000473,8001.328779000687,8001.6457330002595,0.0
1772908287,10,GET,/api/chains/,0.700000,0.700000,8000,8000,8000,8000,8000,8000,8000,8000,8000,8000,8000,17,15,8000.0,7117.157092705812,438.6417559999245,8003.127326999675,170.7058823529412
1772908287,10,GET,/api/plugins/discover,0.000000,0.000000,0,0,0,0,0,0,0,0,0,0,0,10,8,8000.0,6411.831895600517,22.881221999341506,8002.777961000902,17081.3
1772908287,10,GET,/api/plugins/list,0.200000,0.200000,8000,8000,8000,8000,8000,8000,8000,8000,8000,8000,8000,16,14,8000.0,7003.0335669375745,3.039352000996587,8003.3203450002475,2.875
1772908287,10,POST,/api/plugins/load?uri,0.000000,0.000000,0,0,0,0,0,0,0,0,0,0,0,2,2,8001.32939300056,8001.575169500029,8001.32939300056,8001.820945999498,0.0
1772908287,10,POST,/api/plugins/unload?uri,0.100000,0.100000,8000,8000,8000,8000,8000,8000,8000,8000,8000,8000,8000,2,2,8001.737505999699,8001.77154999983,8001.737505999699,8001.805593999961,0.0
1772908287,10,,Aggregated,1.400000,1.400000,8000,8000,8000,8000,8000,8000,8000,8000,8000,8000,8000,63,50,8000.0,6368.9251068889935,1.3250620013423031,8003.3203450002475,2764.3174603174602
1772908288,10,GET,/api/audio/latency,0.300000,0.300000,8000,8000,8000,8000,8000,8000,8000,8000,8000,8000,8000,6,3,14,4003.9787350002975,1.3250620013423031,8003.038926000954,16.5
1772908288,10,GET,/api/audio/levels,0.000000,0.000000,8000,8000,8000,8000,8000,8000,8000,8000,8000,8000,8000,7,4,8000.0,4578.4576224284265,1.358987999992678,8002.859340000214,31.285714285714285
1772908288,10,GET,/api/audio/levels (during plugin swap),0.000000,0.000000,0,0,0,0,0,0,0,0,0,0,0,2,1,1.3466050004353747,4001.2401820004015,1.3466050004353747,8001.133759000368,36.5
1772908288,10,GET,/api/audio/levels/plugins,0.000000,0.000000,0,0,0,0,0,0,0,0,0,0,0,2,2,8001.328779000687,8001.487256000473,8001.328779000687,8001.6457330002595,0.0
1772908288,10,GET,/api/chains/,0.100000,0.100000,8000,8000,8000,8000,8000,8000,8000,8000,8000,8000,8000,17,15,8000.0,7117.157092705812,438.6417559999245,8003.127326999675,170.7058823529412
1772908288,10,GET,/api/plugins/discover,0.000000,0.000000,0,0,0,0,0,0,0,0,0,0,0,12,10,8000.0,6676.898134833664,22.881221999341506,8002.777961000902,14234.416666666666
1772908288,10,GET,/api/plugins/list,0.600000,0.600000,8000,8000,8000,8000,8000,8000,8000,8000,8000,8000,8000,17,15,8000.0,7061.809521294194,3.039352000996587,8003.3203450002475,2.7058823529411766
1772908288,10,POST,/api/plugins/load?uri,0.000000,0.000000,0,0,0,0,0,0,0,0,0,0,0,2,2,8001.32939300056,8001.575169500029,8001.32939300056,8001.820945999498,0.0
1772908288,10,POST,/api/plugins/unload?uri,0.000000,0.000000,8000,8000,8000,8000,8000,8000,8000,8000,8000,8000,8000,2,2,8001.737505999699,8001.77154999983,8001.737505999699,8001.805593999961,0.0
1772908288,10,,Aggregated,1.000000,1.000000,8000,8000,8000,8000,8000,8000,8000,8000,8000,8000,8000,67,54,8000.0,6466.424390119497,1.3250620013423031,8003.3203450002475,2599.283582089552
1772908289,10,GET,/api/audio/latency,0.300000,0.300000,8000,8000,8000,8000,8000,8000,8000,8000,8000,8000,8000,6,3,14,4003.9787350002975,1.3250620013423031,8003.038926000954,16.5
1772908289,10,GET,/api/audio/levels,0.000000,0.000000,8000,8000,8000,8000,8000,8000,8000,8000,8000,8000,8000,7,4,8000.0,4578.4576224284265,1.358987999992678,8002.859340000214,31.285714285714285
1772908289,10,GET,/api/audio/levels (during plugin swap),0.000000,0.000000,0,0,0,0,0,0,0,0,0,0,0,2,1,1.3466050004353747,4001.2401820004015,1.3466050004353747,8001.133759000368,36.5
1772908289,10,GET,/api/audio/levels/plugins,0.000000,0.000000,0,0,0,0,0,0,0,0,0,0,0,2,2,8001.328779000687,8001.487256000473,8001.328779000687,8001.6457330002595,0.0
1772908289,10,GET,/api/chains/,0.100000,0.100000,8000,8000,8000,8000,8000,8000,8000,8000,8000,8000,8000,17,15,8000.0,7117.157092705812,438.6417559999245,8003.127326999675,170.7058823529412
1772908289,10,GET,/api/plugins/discover,0.000000,0.000000,8000,8000,8000,8000,8000,8000,8000,8000,8000,8000,8000,14,12,8000.0,6866.227733357456,22.881221999341506,8002.777961000902,12200.92857142857
1772908289,10,GET,/api/plugins/list,0.600000,0.600000,8000,8000,8000,8000,8000,8000,8000,8000,8000,8000,8000,17,15,8000.0,7061.809521294194,3.039352000996587,8003.3203450002475,2.7058823529411766
1772908289,10,POST,/api/plugins/load?uri,0.000000,0.000000,0,0,0,0,0,0,0,0,0,0,0,2,2,8001.32939300056,8001.575169500029,8001.32939300056,8001.820945999498,0.0
1772908289,10,POST,/api/plugins/unload?uri,0.000000,0.000000,8000,8000,8000,8000,8000,8000,8000,8000,8000,8000,8000,2,2,8001.737505999699,8001.77154999983,8001.737505999699,8001.805593999961,0.0
1772908289,10,,Aggregated,1.000000,1.000000,8000,8000,8000,8000,8000,8000,8000,8000,8000,8000,8000,69,56,8000.0,6510.9397795218365,1.3250620013423031,8003.3203450002475,2523.942028985507
1772908290,10,GET,/api/audio/latency,0.300000,0.300000,8000,8000,8000,8000,8000,8000,8000,8000,8000,8000,8000,6,3,14,4003.9787350002975,1.3250620013423031,8003.038926000954,16.5
1772908290,10,GET,/api/audio/levels,0.000000,0.000000,8000,8000,8000,8000,8000,8000,8000,8000,8000,8000,8000,7,4,8000.0,4578.4576224284265,1.358987999992678,8002.859340000214,31.285714285714285
1772908290,10,GET,/api/audio/levels (during plugin swap),0.000000,0.000000,0,0,0,0,0,0,0,0,0,0,0,2,1,1.3466050004353747,4001.2401820004015,1.3466050004353747,8001.133759000368,36.5
1772908290,10,GET,/api/audio/levels/plugins,0.000000,0.000000,0,0,0,0,0,0,0,0,0,0,0,2,2,8001.328779000687,8001.487256000473,8001.328779000687,8001.6457330002595,0.0
1772908290,10,GET,/api/chains/,0.100000,0.100000,8000,8000,8000,8000,8000,8000,8000,8000,8000,8000,8000,17,15,8000.0,7117.157092705812,438.6417559999245,8003.127326999675,170.7058823529412
1772908290,10,GET,/api/plugins/discover,0.000000,0.000000,8000,8000,8000,8000,8000,8000,8000,8000,8000,8000,8000,15,13,8000.0,6941.943041333677,22.881221999341506,8002.777961000902,11387.533333333333
1772908290,10,GET,/api/plugins/list,0.600000,0.600000,8000,8000,8000,8000,8000,8000,8000,8000,8000,8000,8000,17,15,8000.0,7061.809521294194,3.039352000996587,8003.3203450002475,2.7058823529411766
1772908290,10,POST,/api/plugins/load?uri,0.000000,0.000000,0,0,0,0,0,0,0,0,0,0,0,2,2,8001.32939300056,8001.575169500029,8001.32939300056,8001.820945999498,0.0
1772908290,10,POST,/api/plugins/unload?uri,0.000000,0.000000,0,0,0,0,0,0,0,0,0,0,0,2,2,8001.737505999699,8001.77154999983,8001.737505999699,8001.805593999961,0.0
1772908290,10,,Aggregated,1.000000,1.000000,8000,8000,8000,8000,8000,8000,8000,8000,8000,8000,8000,70,57,8000.0,6532.2400305715355,1.3250620013423031,8003.3203450002475,2487.885714285714
1772908291,10,GET,/api/audio/latency,0.300000,0.300000,8000,8000,8000,8000,8000,8000,8000,8000,8000,8000,8000,6,3,14,4003.9787350002975,1.3250620013423031,8003.038926000954,16.5
1772908291,10,GET,/api/audio/levels,0.100000,0.100000,8000,8000,8000,8000,8000,8000,8000,8000,8000,8000,8000,8,5,8000.0,5006.40962149987,1.358987999992678,8002.859340000214,27.375
1772908291,10,GET,/api/audio/levels (during plugin swap),0.000000,0.000000,0,0,0,0,0,0,0,0,0,0,0,2,1,1.3466050004353747,4001.2401820004015,1.3466050004353747,8001.133759000368,36.5
1772908291,10,GET,/api/audio/levels/plugins,0.000000,0.000000,0,0,0,0,0,0,0,0,0,0,0,2,2,8001.328779000687,8001.487256000473,8001.328779000687,8001.6457330002595,0.0
1772908291,10,GET,/api/chains/,0.100000,0.100000,8000,8000,8000,8000,8000,8000,8000,8000,8000,8000,8000,17,15,8000.0,7117.157092705812,438.6417559999245,8003.127326999675,170.7058823529412
1772908291,10,GET,/api/plugins/discover,0.200000,0.200000,8000,8000,8000,8000,8000,8000,8000,8000,8000,8000,8000,16,14,8000.0,7008.174645687859,22.881221999341506,8002.777961000902,10675.8125
1772908291,10,GET,/api/plugins/list,0.700000,0.700000,8000,8000,8000,8000,8000,8000,8000,8000,8000,8000,8000,17,15,8000.0,7061.809521294194,3.039352000996587,8003.3203450002475,2.7058823529411766
1772908291,10,POST,/api/plugins/load?uri,0.000000,0.000000,0,0,0,0,0,0,0,0,0,0,0,2,2,8001.32939300056,8001.575169500029,8001.32939300056,8001.820945999498,0.0
1772908291,10,POST,/api/plugins/unload?uri,0.000000,0.000000,0,0,0,0,0,0,0,0,0,0,0,2,2,8001.737505999699,8001.77154999983,8001.737505999699,8001.805593999961,0.0
1772908291,10,,Aggregated,1.400000,1.400000,8000,8000,8000,8000,8000,8000,8000,8000,8000,8000,8000,72,59,8000.0,6573.062839805668,1.3250620013423031,8003.3203450002475,2418.777777777778
1772908292,10,GET,/api/audio/latency,0.300000,0.300000,8000,8000,8000,8000,8000,8000,8000,8000,8000,8000,8000,6,3,14,4003.9787350002975,1.3250620013423031,8003.038926000954,16.5
1772908292,10,GET,/api/audio/levels,0.100000,0.100000,8000,8000,8000,8000,8000,8000,8000,8000,8000,8000,8000,9,6,8000.0,5339.245218888715,1.358987999992678,8002.859340000214,24.333333333333332
1772908292,10,GET,/api/audio/levels (during plugin swap),0.000000,0.000000,0,0,0,0,0,0,0,0,0,0,0,2,1,1.3466050004353747,4001.2401820004015,1.3466050004353747,8001.133759000368,36.5
1772908292,10,GET,/api/audio/levels/plugins,0.000000,0.000000,0,0,0,0,0,0,0,0,0,0,0,2,2,8001.328779000687,8001.487256000473,8001.328779000687,8001.6457330002595,0.0
1772908292,10,GET,/api/chains/,0.100000,0.100000,8000,8000,8000,8000,8000,8000,8000,8000,8000,8000,8000,17,15,8000.0,7117.157092705812,438.6417559999245,8003.127326999675,170.7058823529412
1772908292,10,GET,/api/plugins/discover,0.200000,0.200000,8000,8000,8000,8000,8000,8000,8000,8000,8000,8000,8000,16,14,8000.0,7008.174645687859,22.881221999341506,8002.777961000902,10675.8125
1772908292,10,GET,/api/plugins/list,0.700000,0.700000,8000,8000,8000,8000,8000,8000,8000,8000,8000,8000,8000,17,15,8000.0,7061.809521294194,3.039352000996587,8003.3203450002475,2.7058823529411766
1772908292,10,POST,/api/plugins/load?uri,0.000000,0.000000,0,0,0,0,0,0,0,0,0,0,0,2,2,8001.32939300056,8001.575169500029,8001.32939300056,8001.820945999498,0.0
1772908292,10,POST,/api/plugins/unload?uri,0.000000,0.000000,0,0,0,0,0,0,0,0,0,0,0,2,2,8001.737505999699,8001.77154999983,8001.737505999699,8001.805593999961,0.0
1772908292,10,,Aggregated,1.400000,1.400000,8000,8000,8000,8000,8000,8000,8000,8000,8000,8000,8000,73,60,8000.0,6592.636362520651,1.3250620013423031,8003.3203450002475,2385.6438356164385
1772908293,10,GET,/api/audio/latency,0.300000,0.300000,8000,8000,8000,8000,8000,8000,8000,8000,8000,8000,8000,6,3,14,4003.9787350002975,1.3250620013423031,8003.038926000954,16.5
1772908293,10,GET,/api/audio/levels,0.100000,0.100000,8000,8000,8000,8000,8000,8000,8000,8000,8000,8000,8000,9,6,8000.0,5339.245218888715,1.358987999992678,8002.859340000214,24.333333333333332
1772908293,10,GET,/api/audio/levels (during plugin swap),0.000000,0.000000,0,0,0,0,0,0,0,0,0,0,0,2,1,1.3466050004353747,4001.2401820004015,1.3466050004353747,8001.133759000368,36.5
1772908293,10,GET,/api/audio/levels/plugins,0.000000,0.000000,0,0,0,0,0,0,0,0,0,0,0,2,2,8001.328779000687,8001.487256000473,8001.328779000687,8001.6457330002595,0.0
1772908293,10,GET,/api/chains/,0.100000,0.100000,8000,8000,8000,8000,8000,8000,8000,8000,8000,8000,8000,17,15,8000.0,7117.157092705812,438.6417559999245,8003.127326999675,170.7058823529412
1772908293,10,GET,/api/plugins/discover,0.200000,0.200000,8000,8000,8000,8000,8000,8000,8000,8000,8000,8000,8000,16,14,8000.0,7008.174645687859,22.881221999341506,8002.777961000902,10675.8125
1772908293,10,GET,/api/plugins/list,0.700000,0.700000,8000,8000,8000,8000,8000,8000,8000,8000,8000,8000,8000,17,15,8000.0,7061.809521294194,3.039352000996587,8003.3203450002475,2.7058823529411766
1772908293,10,POST,/api/plugins/load?uri,0.000000,0.000000,0,0,0,0,0,0,0,0,0,0,0,2,2,8001.32939300056,8001.575169500029,8001.32939300056,8001.820945999498,0.0
1772908293,10,POST,/api/plugins/unload?uri,0.000000,0.000000,0,0,0,0,0,0,0,0,0,0,0,2,2,8001.737505999699,8001.77154999983,8001.737505999699,8001.805593999961,0.0
1772908293,10,,Aggregated,1.400000,1.400000,8000,8000,8000,8000,8000,8000,8000,8000,8000,8000,8000,73,60,8000.0,6592.636362520651,1.3250620013423031,8003.3203450002475,2385.6438356164385
1772908294,10,GET,/api/audio/latency,0.300000,0.300000,8000,8000,8000,8000,8000,8000,8000,8000,8000,8000,8000,6,3,14,4003.9787350002975,1.3250620013423031,8003.038926000954,16.5
1772908294,10,GET,/api/audio/levels,0.100000,0.100000,8000,8000,8000,8000,8000,8000,8000,8000,8000,8000,8000,9,6,8000.0,5339.245218888715,1.358987999992678,8002.859340000214,24.333333333333332
1772908294,10,GET,/api/audio/levels (during plugin swap),0.000000,0.000000,0,0,0,0,0,0,0,0,0,0,0,2,1,1.3466050004353747,4001.2401820004015,1.3466050004353747,8001.133759000368,36.5
1772908294,10,GET,/api/audio/levels/plugins,0.000000,0.000000,0,0,0,0,0,0,0,0,0,0,0,2,2,8001.328779000687,8001.487256000473,8001.328779000687,8001.6457330002595,0.0
1772908294,10,GET,/api/chains/,0.100000,0.100000,8000,8000,8000,8000,8000,8000,8000,8000,8000,8000,8000,17,15,8000.0,7117.157092705812,438.6417559999245,8003.127326999675,170.7058823529412
1772908294,10,GET,/api/plugins/discover,0.200000,0.200000,8000,8000,8000,8000,8000,8000,8000,8000,8000,8000,8000,16,14,8000.0,7008.174645687859,22.881221999341506,8002.777961000902,10675.8125
1772908294,10,GET,/api/plugins/list,0.700000,0.700000,8000,8000,8000,8000,8000,8000,8000,8000,8000,8000,8000,17,15,8000.0,7061.809521294194,3.039352000996587,8003.3203450002475,2.7058823529411766
1772908294,10,POST,/api/plugins/load?uri,0.000000,0.000000,0,0,0,0,0,0,0,0,0,0,0,2,2,8001.32939300056,8001.575169500029,8001.32939300056,8001.820945999498,0.0
1772908294,10,POST,/api/plugins/unload?uri,0.000000,0.000000,0,0,0,0,0,0,0,0,0,0,0,2,2,8001.737505999699,8001.77154999983,8001.737505999699,8001.805593999961,0.0
1772908294,10,,Aggregated,1.400000,1.400000,8000,8000,8000,8000,8000,8000,8000,8000,8000,8000,8000,73,60,8000.0,6592.636362520651,1.3250620013423031,8003.3203450002475,2385.6438356164385
1772908295,10,GET,/api/audio/latency,0.300000,0.300000,8000,8000,8000,8000,8000,8000,8000,8000,8000,8000,8000,6,3,14,4003.9787350002975,1.3250620013423031,8003.038926000954,16.5
1772908295,10,GET,/api/audio/levels,0.100000,0.100000,8000,8000,8000,8000,8000,8000,8000,8000,8000,8000,8000,9,6,8000.0,5339.245218888715,1.358987999992678,8002.859340000214,24.333333333333332
1772908295,10,GET,/api/audio/levels (during plugin swap),0.000000,0.000000,0,0,0,0,0,0,0,0,0,0,0,2,1,1.3466050004353747,4001.2401820004015,1.3466050004353747,8001.133759000368,36.5
1772908295,10,GET,/api/audio/levels/plugins,0.000000,0.000000,0,0,0,0,0,0,0,0,0,0,0,2,2,8001.328779000687,8001.487256000473,8001.328779000687,8001.6457330002595,0.0
1772908295,10,GET,/api/chains/,0.100000,0.100000,8000,8000,8000,8000,8000,8000,8000,8000,8000,8000,8000,17,15,8000.0,7117.157092705812,438.6417559999245,8003.127326999675,170.7058823529412
1772908295,10,GET,/api/plugins/discover,0.200000,0.200000,8000,8000,8000,8000,8000,8000,8000,8000,8000,8000,8000,16,14,8000.0,7008.174645687859,22.881221999341506,8002.777961000902,10675.8125
1772908295,10,GET,/api/plugins/list,0.700000,0.700000,8000,8000,8000,8000,8000,8000,8000,8000,8000,8000,8000,17,15,8000.0,7061.809521294194,3.039352000996587,8003.3203450002475,2.7058823529411766
1772908295,10,POST,/api/plugins/load?uri,0.000000,0.000000,0,0,0,0,0,0,0,0,0,0,0,2,2,8001.32939300056,8001.575169500029,8001.32939300056,8001.820945999498,0.0
1772908295,10,POST,/api/plugins/unload?uri,0.000000,0.000000,0,0,0,0,0,0,0,0,0,0,0,2,2,8001.737505999699,8001.77154999983,8001.737505999699,8001.805593999961,0.0
1772908295,10,,Aggregated,1.400000,1.400000,8000,8000,8000,8000,8000,8000,8000,8000,8000,8000,8000,73,60,8000.0,6592.636362520651,1.3250620013423031,8003.3203450002475,2385.6438356164385
1772908296,10,GET,/api/audio/latency,0.000000,0.000000,8000,8000,8000,8000,8000,8000,8000,8000,8000,8000,8000,7,4,8000.0,4575.0207855715935,1.3250620013423031,8003.038926000954,14.142857142857142
1772908296,10,GET,/api/audio/levels,0.300000,0.300000,8000,8000,8000,8000,8000,8000,8000,8000,8000,8000,8000,9,6,8000.0,5339.245218888715,1.358987999992678,8002.859340000214,24.333333333333332
1772908296,10,GET,/api/audio/levels (during plugin swap),0.000000,0.000000,0,0,0,0,0,0,0,0,0,0,0,2,1,1.3466050004353747,4001.2401820004015,1.3466050004353747,8001.133759000368,36.5
1772908296,10,GET,/api/audio/levels/plugins,0.000000,0.000000,0,0,0,0,0,0,0,0,0,0,0,2,2,8001.328779000687,8001.487256000473,8001.328779000687,8001.6457330002595,0.0
1772908296,10,GET,/api/chains/,0.000000,0.000000,8000,8000,8000,8000,8000,8000,8000,8000,8000,8000,8000,17,15,8000.0,7117.157092705812,438.6417559999245,8003.127326999675,170.7058823529412
1772908296,10,GET,/api/plugins/discover,0.600000,0.600000,8000,8000,8000,8000,8000,8000,8000,8000,8000,8000,8000,17,15,8000.0,7066.65516835325,22.881221999341506,8002.777961000902,10047.823529411764
1772908296,10,GET,/api/plugins/list,0.100000,0.100000,8000,8000,8000,8000,8000,8000,8000,8000,8000,8000,8000,17,15,8000.0,7061.809521294194,3.039352000996587,8003.3203450002475,2.7058823529411766
1772908296,10,POST,/api/plugins/load?uri,0.000000,0.000000,0,0,0,0,0,0,0,0,0,0,0,2,2,8001.32939300056,8001.575169500029,8001.32939300056,8001.820945999498,0.0
1772908296,10,POST,/api/plugins/unload?uri,0.000000,0.000000,0,0,0,0,0,0,0,0,0,0,0,2,2,8001.737505999699,8001.77154999983,8001.737505999699,8001.805593999961,0.0
1772908296,10,,Aggregated,1.000000,1.000000,8000,8000,8000,8000,8000,8000,8000,8000,8000,8000,8000,75,62,8000.0,6630.214281120086,1.3250620013423031,8003.3203450002475,2322.0266666666666
1772908297,10,GET,/api/audio/latency,0.000000,0.000000,8000,8000,8000,8000,8000,8000,8000,8000,8000,8000,8000,7,4,8000.0,4575.0207855715935,1.3250620013423031,8003.038926000954,14.142857142857142
1772908297,10,GET,/api/audio/levels,0.300000,0.300000,8000,8000,8000,8000,8000,8000,8000,8000,8000,8000,8000,9,6,8000.0,5339.245218888715,1.358987999992678,8002.859340000214,24.333333333333332
1772908297,10,GET,/api/audio/levels (during plugin swap),0.000000,0.000000,8000,8000,8000,8000,8000,8000,8000,8000,8000,8000,8000,3,2,8000.0,5335.04911533358,1.3466050004353747,8002.666981999937,24.333333333333332
1772908297,10,GET,/api/audio/levels/plugins,0.000000,0.000000,0,0,0,0,0,0,0,0,0,0,0,2,2,8001.328779000687,8001.487256000473,8001.328779000687,8001.6457330002595,0.0
1772908297,10,GET,/api/chains/,0.000000,0.000000,8000,8000,8000,8000,8000,8000,8000,8000,8000,8000,8000,18,16,8000.0,7166.34304472215,438.6417559999245,8003.127326999675,161.22222222222223
1772908297,10,GET,/api/plugins/discover,0.600000,0.600000,8000,8000,8000,8000,8000,8000,8000,8000,8000,8000,8000,17,15,8000.0,7066.65516835325,22.881221999341506,8002.777961000902,10047.823529411764
1772908297,10,GET,/api/plugins/list,0.100000,0.100000,8000,8000,8000,8000,8000,8000,8000,8000,8000,8000,8000,17,15,8000.0,7061.809521294194,3.039352000996587,8003.3203450002475,2.7058823529411766
1772908297,10,POST,/api/plugins/load?uri,0.000000,0.000000,0,0,0,0,0,0,0,0,0,0,0,2,2,8001.32939300056,8001.575169500029,8001.32939300056,8001.820945999498,0.0
1772908297,10,POST,/api/plugins/unload?uri,0.000000,0.000000,0,0,0,0,0,0,0,0,0,0,0,2,2,8001.737505999699,8001.77154999983,8001.737505999699,8001.805593999961,0.0
1772908297,10,,Aggregated,1.000000,1.000000,8000,8000,8000,8000,8000,8000,8000,8000,8000,8000,8000,77,64,8000.0,6665.860289545535,1.3250620013423031,8003.3203450002475,2261.714285714286
1772908298,10,GET,/api/audio/latency,0.000000,0.000000,8000,8000,8000,8000,8000,8000,8000,8000,8000,8000,8000,7,4,8000.0,4575.0207855715935,1.3250620013423031,8003.038926000954,14.142857142857142
1772908298,10,GET,/api/audio/levels,0.300000,0.300000,8000,8000,8000,8000,8000,8000,8000,8000,8000,8000,8000,10,7,8000.0,5605.443910899703,1.358987999992678,8002.859340000214,21.9
1772908298,10,GET,/api/audio/levels (during plugin swap),0.000000,0.000000,8000,8000,8000,8000,8000,8000,8000,8000,8000,8000,8000,3,2,8000.0,5335.04911533358,1.3466050004353747,8002.666981999937,24.333333333333332
1772908298,10,GET,/api/audio/levels/plugins,0.000000,0.000000,0,0,0,0,0,0,0,0,0,0,0,2,2,8001.328779000687,8001.487256000473,8001.328779000687,8001.6457330002595,0.0
1772908298,10,GET,/api/chains/,0.000000,0.000000,8000,8000,8000,8000,8000,8000,8000,8000,8000,8000,8000,19,17,8000.0,7210.324749526225,438.6417559999245,8003.127326999675,152.73684210526315
1772908298,10,GET,/api/plugins/discover,0.600000,0.600000,8000,8000,8000,8000,8000,8000,8000,8000,8000,8000,8000,17,15,8000.0,7066.65516835325,22.881221999341506,8002.777961000902,10047.823529411764
1772908298,10,GET,/api/plugins/list,0.100000,0.100000,8000,8000,8000,8000,8000,8000,8000,8000,8000,8000,8000,17,15,8000.0,7061.809521294194,3.039352000996587,8003.3203450002475,2.7058823529411766
1772908298,10,POST,/api/plugins/load?uri,0.000000,0.000000,0,0,0,0,0,0,0,0,0,0,0,2,2,8001.32939300056,8001.575169500029,8001.32939300056,8001.820945999498,0.0
1772908298,10,POST,/api/plugins/unload?uri,0.000000,0.000000,0,0,0,0,0,0,0,0,0,0,0,2,2,8001.737505999699,8001.77154999983,8001.737505999699,8001.805593999961,0.0
1772908298,10,,Aggregated,1.000000,1.000000,8000,8000,8000,8000,8000,8000,8000,8000,8000,8000,8000,79,66,8000.0,6699.676833797524,1.3250620013423031,8003.3203450002475,2204.4556962025317
1772908299,10,GET,/api/audio/latency,0.000000,0.000000,8000,8000,8000,8000,8000,8000,8000,8000,8000,8000,8000,8,5,8000.0,5003.363107500036,1.3250620013423031,8003.038926000954,12.375
1772908299,10,GET,/api/audio/levels,0.300000,0.300000,8000,8000,8000,8000,8000,8000,8000,8000,8000,8000,8000,11,8,8000.0,5823.302587636135,1.358987999992678,8002.859340000214,19.90909090909091
1772908299,10,GET,/api/audio/levels (during plugin swap),0.000000,0.000000,8000,8000,8000,8000,8000,8000,8000,8000,8000,8000,8000,3,2,8000.0,5335.04911533358,1.3466050004353747,8002.666981999937,24.333333333333332
1772908299,10,GET,/api/audio/levels/plugins,0.000000,0.000000,0,0,0,0,0,0,0,0,0,0,0,2,2,8001.328779000687,8001.487256000473,8001.328779000687,8001.6457330002595,0.0
1772908299,10,GET,/api/chains/,0.000000,0.000000,8000,8000,8000,8000,8000,8000,8000,8000,8000,8000,8000,19,17,8000.0,7210.324749526225,438.6417559999245,8003.127326999675,152.73684210526315
1772908299,10,GET,/api/plugins/discover,0.600000,0.600000,8000,8000,8000,8000,8000,8000,8000,8000,8000,8000,8000,17,15,8000.0,7066.65516835325,22.881221999341506,8002.777961000902,10047.823529411764
1772908299,10,GET,/api/plugins/list,0.100000,0.100000,8000,8000,8000,8000,8000,8000,8000,8000,8000,8000,8000,17,15,8000.0,7061.809521294194,3.039352000996587,8003.3203450002475,2.7058823529411766
1772908299,10,POST,/api/plugins/load?uri,0.000000,0.000000,0,0,0,0,0,0,0,0,0,0,0,2,2,8001.32939300056,8001.575169500029,8001.32939300056,8001.820945999498,0.0
1772908299,10,POST,/api/plugins/unload?uri,0.000000,0.000000,0,0,0,0,0,0,0,0,0,0,0,2,2,8001.737505999699,8001.77154999983,8001.737505999699,8001.805593999961,0.0
1772908299,10,,Aggregated,1.000000,1.000000,8000,8000,8000,8000,8000,8000,8000,8000,8000,8000,8000,81,68,8000.0,6731.828624518566,1.3250620013423031,8003.3203450002475,2150.0246913580245
1772908300,10,GET,/api/audio/latency,0.100000,0.100000,8000,8000,8000,8000,8000,8000,8000,8000,8000,8000,8000,9,6,8000.0,5336.466138111064,1.3250620013423031,8003.038926000954,11.0
1772908300,10,GET,/api/audio/levels,0.300000,0.300000,8000,8000,8000,8000,8000,8000,8000,8000,8000,8000,8000,11,8,8000.0,5823.302587636135,1.358987999992678,8002.859340000214,19.90909090909091
1772908300,10,GET,/api/audio/levels (during plugin swap),0.100000,0.100000,8000,8000,8000,8000,8000,8000,8000,8000,8000,8000,8000,4,3,8000.0,6001.654483000038,1.3466050004353747,8002.666981999937,18.25
1772908300,10,GET,/api/audio/levels/plugins,0.000000,0.000000,0,0,0,0,0,0,0,0,0,0,0,2,2,8001.328779000687,8001.487256000473,8001.328779000687,8001.6457330002595,0.0
1772908300,10,GET,/api/chains/,0.100000,0.100000,8000,8000,8000,8000,8000,8000,8000,8000,8000,8000,8000,19,17,8000.0,7210.324749526225,438.6417559999245,8003.127326999675,152.73684210526315
1772908300,10,GET,/api/plugins/discover,0.700000,0.700000,8000,8000,8000,8000,8000,8000,8000,8000,8000,8000,8000,17,15,8000.0,7066.65516835325,22.881221999341506,8002.777961000902,10047.823529411764
1772908300,10,GET,/api/plugins/list,0.100000,0.100000,8000,8000,8000,8000,8000,8000,8000,8000,8000,8000,8000,17,15,8000.0,7061.809521294194,3.039352000996587,8003.3203450002475,2.7058823529411766
1772908300,10,POST,/api/plugins/load?uri,0.000000,0.000000,0,0,0,0,0,0,0,0,0,0,0,2,2,8001.32939300056,8001.575169500029,8001.32939300056,8001.820945999498,0.0
1772908300,10,POST,/api/plugins/unload?uri,0.000000,0.000000,0,0,0,0,0,0,0,0,0,0,0,2,2,8001.737505999699,8001.77154999983,8001.737505999699,8001.805593999961,0.0
1772908300,10,,Aggregated,1.400000,1.400000,8000,8000,8000,8000,8000,8000,8000,8000,8000,8000,8000,83,70,8000.0,6762.420235602442,1.3250620013423031,8003.3203450002475,2098.2168674698796
1772908301,10,GET,/api/audio/latency,0.100000,0.100000,8000,8000,8000,8000,8000,8000,8000,8000,8000,8000,8000,9,6,8000.0,5336.466138111064,1.3250620013423031,8003.038926000954,11.0
1772908301,10,GET,/api/audio/levels,0.300000,0.300000,8000,8000,8000,8000,8000,8000,8000,8000,8000,8000,8000,11,8,8000.0,5823.302587636135,1.358987999992678,8002.859340000214,19.90909090909091
1772908301,10,GET,/api/audio/levels (during plugin swap),0.100000,0.100000,8000,8000,8000,8000,8000,8000,8000,8000,8000,8000,8000,4,3,8000.0,6001.654483000038,1.3466050004353747,8002.666981999937,18.25
1772908301,10,GET,/api/audio/levels/plugins,0.000000,0.000000,0,0,0,0,0,0,0,0,0,0,0,2,2,8001.328779000687,8001.487256000473,8001.328779000687,8001.6457330002595,0.0
1772908301,10,GET,/api/chains/,0.100000,0.100000,8000,8000,8000,8000,8000,8000,8000,8000,8000,8000,8000,19,17,8000.0,7210.324749526225,438.6417559999245,8003.127326999675,152.73684210526315
1772908301,10,GET,/api/plugins/discover,0.700000,0.700000,8000,8000,8000,8000,8000,8000,8000,8000,8000,8000,8000,17,15,8000.0,7066.65516835325,22.881221999341506,8002.777961000902,10047.823529411764
1772908301,10,GET,/api/plugins/list,0.100000,0.100000,8000,8000,8000,8000,8000,8000,8000,8000,8000,8000,8000,17,15,8000.0,7061.809521294194,3.039352000996587,8003.3203450002475,2.7058823529411766
1772908301,10,POST,/api/plugins/load?uri,0.000000,0.000000,0,0,0,0,0,0,0,0,0,0,0,2,2,8001.32939300056,8001.575169500029,8001.32939300056,8001.820945999498,0.0
1772908301,10,POST,/api/plugins/unload?uri,0.000000,0.000000,0,0,0,0,0,0,0,0,0,0,0,2,2,8001.737505999699,8001.77154999983,8001.737505999699,8001.805593999961,0.0
1772908301,10,,Aggregated,1.400000,1.400000,8000,8000,8000,8000,8000,8000,8000,8000,8000,8000,8000,83,70,8000.0,6762.420235602442,1.3250620013423031,8003.3203450002475,2098.2168674698796
1772908302,10,GET,/api/audio/latency,0.100000,0.100000,8000,8000,8000,8000,8000,8000,8000,8000,8000,8000,8000,9,6,8000.0,5336.466138111064,1.3250620013423031,8003.038926000954,11.0
1772908302,10,GET,/api/audio/levels,0.300000,0.300000,8000,8000,8000,8000,8000,8000,8000,8000,8000,8000,8000,11,8,8000.0,5823.302587636135,1.358987999992678,8002.859340000214,19.90909090909091
1772908302,10,GET,/api/audio/levels (during plugin swap),0.100000,0.100000,8000,8000,8000,8000,8000,8000,8000,8000,8000,8000,8000,4,3,8000.0,6001.654483000038,1.3466050004353747,8002.666981999937,18.25
1772908302,10,GET,/api/audio/levels/plugins,0.000000,0.000000,0,0,0,0,0,0,0,0,0,0,0,2,2,8001.328779000687,8001.487256000473,8001.328779000687,8001.6457330002595,0.0
1772908302,10,GET,/api/chains/,0.100000,0.100000,8000,8000,8000,8000,8000,8000,8000,8000,8000,8000,8000,19,17,8000.0,7210.324749526225,438.6417559999245,8003.127326999675,152.73684210526315
1772908302,10,GET,/api/plugins/discover,0.700000,0.700000,8000,8000,8000,8000,8000,8000,8000,8000,8000,8000,8000,17,15,8000.0,7066.65516835325,22.881221999341506,8002.777961000902,10047.823529411764
1772908302,10,GET,/api/plugins/list,0.100000,0.100000,8000,8000,8000,8000,8000,8000,8000,8000,8000,8000,8000,17,15,8000.0,7061.809521294194,3.039352000996587,8003.3203450002475,2.7058823529411766
1772908302,10,POST,/api/plugins/load?uri,0.000000,0.000000,0,0,0,0,0,0,0,0,0,0,0,2,2,8001.32939300056,8001.575169500029,8001.32939300056,8001.820945999498,0.0
1772908302,10,POST,/api/plugins/unload?uri,0.000000,0.000000,0,0,0,0,0,0,0,0,0,0,0,2,2,8001.737505999699,8001.77154999983,8001.737505999699,8001.805593999961,0.0
1772908302,10,,Aggregated,1.400000,1.400000,8000,8000,8000,8000,8000,8000,8000,8000,8000,8000,8000,83,70,8000.0,6762.420235602442,1.3250620013423031,8003.3203450002475,2098.2168674698796
1772908303,10,GET,/api/audio/latency,0.100000,0.100000,8000,8000,8000,8000,8000,8000,8000,8000,8000,8000,8000,9,6,8000.0,5336.466138111064,1.3250620013423031,8003.038926000954,11.0
1772908303,10,GET,/api/audio/levels,0.300000,0.300000,8000,8000,8000,8000,8000,8000,8000,8000,8000,8000,8000,11,8,8000.0,5823.302587636135,1.358987999992678,8002.859340000214,19.90909090909091
1772908303,10,GET,/api/audio/levels (during plugin swap),0.100000,0.100000,8000,8000,8000,8000,8000,8000,8000,8000,8000,8000,8000,4,3,8000.0,6001.654483000038,1.3466050004353747,8002.666981999937,18.25
1772908303,10,GET,/api/audio/levels/plugins,0.000000,0.000000,0,0,0,0,0,0,0,0,0,0,0,2,2,8001.328779000687,8001.487256000473,8001.328779000687,8001.6457330002595,0.0
1772908303,10,GET,/api/chains/,0.100000,0.100000,8000,8000,8000,8000,8000,8000,8000,8000,8000,8000,8000,19,17,8000.0,7210.324749526225,438.6417559999245,8003.127326999675,152.73684210526315
1772908303,10,GET,/api/plugins/discover,0.700000,0.700000,8000,8000,8000,8000,8000,8000,8000,8000,8000,8000,8000,17,15,8000.0,7066.65516835325,22.881221999341506,8002.777961000902,10047.823529411764
1772908303,10,GET,/api/plugins/list,0.100000,0.100000,8000,8000,8000,8000,8000,8000,8000,8000,8000,8000,8000,17,15,8000.0,7061.809521294194,3.039352000996587,8003.3203450002475,2.7058823529411766
1772908303,10,POST,/api/plugins/load?uri,0.000000,0.000000,0,0,0,0,0,0,0,0,0,0,0,2,2,8001.32939300056,8001.575169500029,8001.32939300056,8001.820945999498,0.0
1772908303,10,POST,/api/plugins/unload?uri,0.000000,0.000000,0,0,0,0,0,0,0,0,0,0,0,2,2,8001.737505999699,8001.77154999983,8001.737505999699,8001.805593999961,0.0
1772908303,10,,Aggregated,1.400000,1.400000,8000,8000,8000,8000,8000,8000,8000,8000,8000,8000,8000,83,70,8000.0,6762.420235602442,1.3250620013423031,8003.3203450002475,2098.2168674698796
1772908304,10,GET,/api/audio/latency,0.100000,0.100000,8000,8000,8000,8000,8000,8000,8000,8000,8000,8000,8000,9,6,8000.0,5336.466138111064,1.3250620013423031,8003.038926000954,11.0
1772908304,10,GET,/api/audio/levels,0.300000,0.300000,8000,8000,8000,8000,8000,8000,8000,8000,8000,8000,8000,11,8,8000.0,5823.302587636135,1.358987999992678,8002.859340000214,19.90909090909091
1772908304,10,GET,/api/audio/levels (during plugin swap),0.100000,0.100000,8000,8000,8000,8000,8000,8000,8000,8000,8000,8000,8000,4,3,8000.0,6001.654483000038,1.3466050004353747,8002.666981999937,18.25
1772908304,10,GET,/api/audio/levels/plugins,0.000000,0.000000,0,0,0,0,0,0,0,0,0,0,0,2,2,8001.328779000687,8001.487256000473,8001.328779000687,8001.6457330002595,0.0
1772908304,10,GET,/api/chains/,0.100000,0.100000,8000,8000,8000,8000,8000,8000,8000,8000,8000,8000,8000,19,17,8000.0,7210.324749526225,438.6417559999245,8003.127326999675,152.73684210526315
1772908304,10,GET,/api/plugins/discover,0.700000,0.700000,8000,8000,8000,8000,8000,8000,8000,8000,8000,8000,8000,17,15,8000.0,7066.65516835325,22.881221999341506,8002.777961000902,10047.823529411764
1772908304,10,GET,/api/plugins/list,0.100000,0.100000,8000,8000,8000,8000,8000,8000,8000,8000,8000,8000,8000,17,15,8000.0,7061.809521294194,3.039352000996587,8003.3203450002475,2.7058823529411766
1772908304,10,POST,/api/plugins/load?uri,0.000000,0.000000,0,0,0,0,0,0,0,0,0,0,0,2,2,8001.32939300056,8001.575169500029,8001.32939300056,8001.820945999498,0.0
1772908304,10,POST,/api/plugins/unload?uri,0.000000,0.000000,0,0,0,0,0,0,0,0,0,0,0,2,2,8001.737505999699,8001.77154999983,8001.737505999699,8001.805593999961,0.0
1772908304,10,,Aggregated,1.400000,1.400000,8000,8000,8000,8000,8000,8000,8000,8000,8000,8000,8000,83,70,8000.0,6762.420235602442,1.3250620013423031,8003.3203450002475,2098.2168674698796
1772908305,10,GET,/api/audio/latency,0.300000,0.300000,8000,8000,8000,8000,8000,8000,8000,8000,8000,8000,8000,9,6,8000.0,5336.466138111064,1.3250620013423031,8003.038926000954,11.0
1772908305,10,GET,/api/audio/levels,0.200000,0.200000,8000,8000,8000,8000,8000,8000,8000,8000,8000,8000,8000,12,9,8000.0,6004.814214833156,1.358987999992678,8002.859340000214,18.25
1772908305,10,GET,/api/audio/levels (during plugin swap),0.200000,0.200000,8000,8000,8000,8000,8000,8000,8000,8000,8000,8000,8000,4,3,8000.0,6001.654483000038,1.3466050004353747,8002.666981999937,18.25
1772908305,10,GET,/api/audio/levels/plugins,0.000000,0.000000,0,0,0,0,0,0,0,0,0,0,0,2,2,8001.328779000687,8001.487256000473,8001.328779000687,8001.6457330002595,0.0
1772908305,10,GET,/api/chains/,0.200000,0.200000,8000,8000,8000,8000,8000,8000,8000,8000,8000,8000,8000,20,18,8000.0,7249.918754999909,438.6417559999245,8003.127326999675,145.1
1772908305,10,GET,/api/chains/{id},0.000000,0.000000,0,0,0,0,0,0,0,0,0,0,0,1,1,8002.339978000236,8002.339978000236,8002.339978000236,8002.339978000236,0.0
1772908305,10,GET,/api/plugins/discover,0.100000,0.100000,8000,8000,8000,8000,8000,8000,8000,8000,8000,8000,8000,17,15,8000.0,7066.65516835325,22.881221999341506,8002.777961000902,10047.823529411764
1772908305,10,GET,/api/plugins/list,0.000000,0.000000,8000,8000,8000,8000,8000,8000,8000,8000,8000,8000,8000,18,16,8000.0,7114.055521888986,3.039352000996587,8003.3203450002475,2.5555555555555554
1772908305,10,POST,/api/plugins/load?uri,0.000000,0.000000,0,0,0,0,0,0,0,0,0,0,0,2,2,8001.32939300056,8001.575169500029,8001.32939300056,8001.820945999498,0.0
1772908305,10,POST,/api/plugins/unload?uri,0.000000,0.000000,0,0,0,0,0,0,0,0,0,0,0,2,2,8001.737505999699,8001.77154999983,8001.737505999699,8001.805593999961,0.0
1772908305,10,,Aggregated,1.000000,1.000000,8000,8000,8000,8000,8000,8000,8000,8000,8000,8000,8000,87,74,8000.0,6819.414988942572,1.3250620013423031,8003.3203450002475,2001.7471264367816
1772908306,10,GET,/api/audio/latency,0.300000,0.300000,8000,8000,8000,8000,8000,8000,8000,8000,8000,8000,8000,10,7,8000.0,5602.932157699979,1.3250620013423031,8003.038926000954,9.9
1772908306,10,GET,/api/audio/levels,0.200000,0.200000,8000,8000,8000,8000,8000,8000,8000,8000,8000,8000,8000,12,9,8000.0,6004.814214833156,1.358987999992678,8002.859340000214,18.25
1772908306,10,GET,/api/audio/levels (during plugin swap),0.200000,0.200000,8000,8000,8000,8000,8000,8000,8000,8000,8000,8000,8000,4,3,8000.0,6001.654483000038,1.3466050004353747,8002.666981999937,18.25
1772908306,10,GET,/api/audio/levels/plugins,0.000000,0.000000,0,0,0,0,0,0,0,0,0,0,0,2,2,8001.328779000687,8001.487256000473,8001.328779000687,8001.6457330002595,0.0
1772908306,10,GET,/api/chains/,0.200000,0.200000,8000,8000,8000,8000,8000,8000,8000,8000,8000,8000,8000,20,18,8000.0,7249.918754999909,438.6417559999245,8003.127326999675,145.1
1772908306,10,GET,/api/chains/{id},0.000000,0.000000,8000,8000,8000,8000,8000,8000,8000,8000,8000,8000,8000,1,1,8002.339978000236,8002.339978000236,8002.339978000236,8002.339978000236,0.0
1772908306,10,GET,/api/plugins/discover,0.100000,0.100000,8000,8000,8000,8000,8000,8000,8000,8000,8000,8000,8000,17,15,8000.0,7066.65516835325,22.881221999341506,8002.777961000902,10047.823529411764
1772908306,10,GET,/api/plugins/list,0.000000,0.000000,8000,8000,8000,8000,8000,8000,8000,8000,8000,8000,8000,19,17,8000.0,7160.796810579039,3.039352000996587,8003.3203450002475,2.4210526315789473
1772908306,10,POST,/api/plugins/load?uri,0.000000,0.000000,0,0,0,0,0,0,0,0,0,0,0,2,2,8001.32939300056,8001.575169500029,8001.32939300056,8001.820945999498,0.0
1772908306,10,POST,/api/plugins/unload?uri,0.000000,0.000000,0,0,0,0,0,0,0,0,0,0,0,2,2,8001.737505999699,8001.77154999983,8001.737505999699,8001.805593999961,0.0
1772908306,10,,Aggregated,1.000000,1.000000,8000,8000,8000,8000,8000,8000,8000,8000,8000,8000,8000,89,76,8000.0,6845.9816896517295,1.3250620013423031,8003.3203450002475,1956.7640449438202
1772908307,10,GET,/api/audio/latency,0.300000,0.300000,8000,8000,8000,8000,8000,8000,8000,8000,8000,8000,8000,11,8,8000.0,5820.9874912728,1.3250620013423031,8003.038926000954,9.0
1772908307,10,GET,/api/audio/levels,0.300000,0.300000,8000,8000,8000,8000,8000,8000,8000,8000,8000,8000,8000,13,10,8000.0,6158.44728684603,1.358987999992678,8002.859340000214,16.846153846153847
1772908307,10,GET,/api/audio/levels (during plugin swap),0.200000,0.200000,8000,8000,8000,8000,8000,8000,8000,8000,8000,8000,8000,4,3,8000.0,6001.654483000038,1.3466050004353747,8002.666981999937,18.25
1772908307,10,GET,/api/audio/levels/plugins,0.000000,0.000000,0,0,0,0,0,0,0,0,0,0,0,2,2,8001.328779000687,8001.487256000473,8001.328779000687,8001.6457330002595,0.0
1772908307,10,GET,/api/chains/,0.300000,0.300000,8000,8000,8000,8000,8000,8000,8000,8000,8000,8000,8000,20,18,8000.0,7249.918754999909,438.6417559999245,8003.127326999675,145.1
1772908307,10,GET,/api/chains/{id},0.100000,0.100000,8000,8000,8000,8000,8000,8000,8000,8000,8000,8000,8000,1,1,8002.339978000236,8002.339978000236,8002.339978000236,8002.339978000236,0.0
1772908307,10,GET,/api/plugins/discover,0.100000,0.100000,8000,8000,8000,8000,8000,8000,8000,8000,8000,8000,8000,17,15,8000.0,7066.65516835325,22.881221999341506,8002.777961000902,10047.823529411764
1772908307,10,GET,/api/plugins/list,0.100000,0.100000,8000,8000,8000,8000,8000,8000,8000,8000,8000,8000,8000,19,17,8000.0,7160.796810579039,3.039352000996587,8003.3203450002475,2.4210526315789473
1772908307,10,POST,/api/plugins/load?uri,0.000000,0.000000,0,0,0,0,0,0,0,0,0,0,0,2,2,8001.32939300056,8001.575169500029,8001.32939300056,8001.820945999498,0.0
1772908307,10,POST,/api/plugins/unload?uri,0.000000,0.000000,0,0,0,0,0,0,0,0,0,0,0,2,2,8001.737505999699,8001.77154999983,8001.737505999699,8001.805593999961,0.0
1772908307,10,,Aggregated,1.400000,1.400000,8000,8000,8000,8000,8000,8000,8000,8000,8000,8000,8000,91,78,8000.0,6871.384124802258,1.3250620013423031,8003.3203450002475,1913.7582417582419
1772908308,10,GET,/api/audio/latency,0.300000,0.300000,8000,8000,8000,8000,8000,8000,8000,8000,8000,8000,8000,11,8,8000.0,5820.9874912728,1.3250620013423031,8003.038926000954,9.0
1772908308,10,GET,/api/audio/levels,0.300000,0.300000,8000,8000,8000,8000,8000,8000,8000,8000,8000,8000,8000,13,10,8000.0,6158.44728684603,1.358987999992678,8002.859340000214,16.846153846153847
1772908308,10,GET,/api/audio/levels (during plugin swap),0.200000,0.200000,8000,8000,8000,8000,8000,8000,8000,8000,8000,8000,8000,4,3,8000.0,6001.654483000038,1.3466050004353747,8002.666981999937,18.25
1772908308,10,GET,/api/audio/levels/plugins,0.000000,0.000000,0,0,0,0,0,0,0,0,0,0,0,2,2,8001.328779000687,8001.487256000473,8001.328779000687,8001.6457330002595,0.0
1772908308,10,GET,/api/chains/,0.300000,0.300000,8000,8000,8000,8000,8000,8000,8000,8000,8000,8000,8000,22,20,8000.0,7318.250560908962,438.6417559999245,8003.127326999675,131.9090909090909
1772908308,10,GET,/api/chains/{id},0.100000,0.100000,8000,8000,8000,8000,8000,8000,8000,8000,8000,8000,8000,1,1,8002.339978000236,8002.339978000236,8002.339978000236,8002.339978000236,0.0
1772908308,10,GET,/api/plugins/discover,0.100000,0.100000,8000,8000,8000,8000,8000,8000,8000,8000,8000,8000,8000,17,15,8000.0,7066.65516835325,22.881221999341506,8002.777961000902,10047.823529411764
1772908308,10,GET,/api/plugins/list,0.100000,0.100000,8000,8000,8000,8000,8000,8000,8000,8000,8000,8000,8000,19,17,8000.0,7160.796810579039,3.039352000996587,8003.3203450002475,2.4210526315789473
1772908308,10,POST,/api/plugins/load?uri,0.000000,0.000000,0,0,0,0,0,0,0,0,0,0,0,2,2,8001.32939300056,8001.575169500029,8001.32939300056,8001.820945999498,0.0
1772908308,10,POST,/api/plugins/unload?uri,0.000000,0.000000,0,0,0,0,0,0,0,0,0,0,0,2,2,8001.737505999699,8001.77154999983,8001.737505999699,8001.805593999961,0.0
1772908308,10,,Aggregated,1.400000,1.400000,8000,8000,8000,8000,8000,8000,8000,8000,8000,8000,8000,93,80,8000.0,6895.689167709725,1.3250620013423031,8003.3203450002475,1872.6021505376343
1772908309,10,GET,/api/audio/latency,0.300000,0.300000,8000,8000,8000,8000,8000,8000,8000,8000,8000,8000,8000,11,8,8000.0,5820.9874912728,1.3250620013423031,8003.038926000954,9.0
1772908309,10,GET,/api/audio/levels,0.300000,0.300000,8000,8000,8000,8000,8000,8000,8000,8000,8000,8000,8000,13,10,8000.0,6158.44728684603,1.358987999992678,8002.859340000214,16.846153846153847
1772908309,10,GET,/api/audio/levels (during plugin swap),0.200000,0.200000,8000,8000,8000,8000,8000,8000,8000,8000,8000,8000,8000,4,3,8000.0,6001.654483000038,1.3466050004353747,8002.666981999937,18.25
1772908309,10,GET,/api/audio/levels/plugins,0.000000,0.000000,0,0,0,0,0,0,0,0,0,0,0,2,2,8001.328779000687,8001.487256000473,8001.328779000687,8001.6457330002595,0.0
1772908309,10,GET,/api/chains/,0.300000,0.300000,8000,8000,8000,8000,8000,8000,8000,8000,8000,8000,8000,22,20,8000.0,7318.250560908962,438.6417559999245,8003.127326999675,131.9090909090909
1772908309,10,GET,/api/chains/{id},0.100000,0.100000,8000,8000,8000,8000,8000,8000,8000,8000,8000,8000,8000,1,1,8002.339978000236,8002.339978000236,8002.339978000236,8002.339978000236,0.0
1772908309,10,GET,/api/plugins/discover,0.100000,0.100000,8000,8000,8000,8000,8000,8000,8000,8000,8000,8000,8000,17,15,8000.0,7066.65516835325,22.881221999341506,8002.777961000902,10047.823529411764
1772908309,10,GET,/api/plugins/list,0.100000,0.100000,8000,8000,8000,8000,8000,8000,8000,8000,8000,8000,8000,19,17,8000.0,7160.796810579039,3.039352000996587,8003.3203450002475,2.4210526315789473
1772908309,10,POST,/api/plugins/load?uri,0.000000,0.000000,0,0,0,0,0,0,0,0,0,0,0,2,2,8001.32939300056,8001.575169500029,8001.32939300056,8001.820945999498,0.0
1772908309,10,POST,/api/plugins/unload?uri,0.000000,0.000000,0,0,0,0,0,0,0,0,0,0,0,2,2,8001.737505999699,8001.77154999983,8001.737505999699,8001.805593999961,0.0
1772908309,10,,Aggregated,1.400000,1.400000,8000,8000,8000,8000,8000,8000,8000,8000,8000,8000,8000,93,80,8000.0,6895.689167709725,1.3250620013423031,8003.3203450002475,1872.6021505376343
1772908310,10,GET,/api/audio/latency,0.300000,0.300000,8000,8000,8000,8000,8000,8000,8000,8000,8000,8000,8000,11,8,8000.0,5820.9874912728,1.3250620013423031,8003.038926000954,9.0
1772908310,10,GET,/api/audio/levels,0.300000,0.300000,8000,8000,8000,8000,8000,8000,8000,8000,8000,8000,8000,13,10,8000.0,6158.44728684603,1.358987999992678,8002.859340000214,16.846153846153847
1772908310,10,GET,/api/audio/levels (during plugin swap),0.200000,0.200000,8000,8000,8000,8000,8000,8000,8000,8000,8000,8000,8000,4,3,8000.0,6001.654483000038,1.3466050004353747,8002.666981999937,18.25
1772908310,10,GET,/api/audio/levels/plugins,0.000000,0.000000,0,0,0,0,0,0,0,0,0,0,0,2,2,8001.328779000687,8001.487256000473,8001.328779000687,8001.6457330002595,0.0
1772908310,10,GET,/api/chains/,0.300000,0.300000,8000,8000,8000,8000,8000,8000,8000,8000,8000,8000,8000,22,20,8000.0,7318.250560908962,438.6417559999245,8003.127326999675,131.9090909090909
1772908310,10,GET,/api/chains/{id},0.100000,0.100000,8000,8000,8000,8000,8000,8000,8000,8000,8000,8000,8000,1,1,8002.339978000236,8002.339978000236,8002.339978000236,8002.339978000236,0.0
1772908310,10,GET,/api/plugins/discover,0.100000,0.100000,8000,8000,8000,8000,8000,8000,8000,8000,8000,8000,8000,17,15,8000.0,7066.65516835325,22.881221999341506,8002.777961000902,10047.823529411764
1772908310,10,GET,/api/plugins/list,0.100000,0.100000,8000,8000,8000,8000,8000,8000,8000,8000,8000,8000,8000,19,17,8000.0,7160.796810579039,3.039352000996587,8003.3203450002475,2.4210526315789473
1772908310,10,POST,/api/plugins/load?uri,0.000000,0.000000,0,0,0,0,0,0,0,0,0,0,0,2,2,8001.32939300056,8001.575169500029,8001.32939300056,8001.820945999498,0.0
1772908310,10,POST,/api/plugins/unload?uri,0.000000,0.000000,0,0,0,0,0,0,0,0,0,0,0,2,2,8001.737505999699,8001.77154999983,8001.737505999699,8001.805593999961,0.0
1772908310,10,,Aggregated,1.400000,1.400000,8000,8000,8000,8000,8000,8000,8000,8000,8000,8000,8000,93,80,8000.0,6895.689167709725,1.3250620013423031,8003.3203450002475,1872.6021505376343
1772908311,10,GET,/api/audio/latency,0.300000,0.300000,8000,8000,8000,8000,8000,8000,8000,8000,8000,8000,8000,11,8,8000.0,5820.9874912728,1.3250620013423031,8003.038926000954,9.0
1772908311,10,GET,/api/audio/levels,0.300000,0.300000,8000,8000,8000,8000,8000,8000,8000,8000,8000,8000,8000,13,10,8000.0,6158.44728684603,1.358987999992678,8002.859340000214,16.846153846153847
1772908311,10,GET,/api/audio/levels (during plugin swap),0.200000,0.200000,8000,8000,8000,8000,8000,8000,8000,8000,8000,8000,8000,4,3,8000.0,6001.654483000038,1.3466050004353747,8002.666981999937,18.25
1772908311,10,GET,/api/audio/levels/plugins,0.000000,0.000000,0,0,0,0,0,0,0,0,0,0,0,2,2,8001.328779000687,8001.487256000473,8001.328779000687,8001.6457330002595,0.0
1772908311,10,GET,/api/chains/,0.300000,0.300000,8000,8000,8000,8000,8000,8000,8000,8000,8000,8000,8000,22,20,8000.0,7318.250560908962,438.6417559999245,8003.127326999675,131.9090909090909
1772908311,10,GET,/api/chains/{id},0.100000,0.100000,8000,8000,8000,8000,8000,8000,8000,8000,8000,8000,8000,1,1,8002.339978000236,8002.339978000236,8002.339978000236,8002.339978000236,0.0
1772908311,10,GET,/api/plugins/discover,0.100000,0.100000,8000,8000,8000,8000,8000,8000,8000,8000,8000,8000,8000,17,15,8000.0,7066.65516835325,22.881221999341506,8002.777961000902,10047.823529411764
1772908311,10,GET,/api/plugins/list,0.100000,0.100000,8000,8000,8000,8000,8000,8000,8000,8000,8000,8000,8000,19,17,8000.0,7160.796810579039,3.039352000996587,8003.3203450002475,2.4210526315789473
1772908311,10,POST,/api/plugins/load?uri,0.000000,0.000000,0,0,0,0,0,0,0,0,0,0,0,2,2,8001.32939300056,8001.575169500029,8001.32939300056,8001.820945999498,0.0
1772908311,10,POST,/api/plugins/unload?uri,0.000000,0.000000,0,0,0,0,0,0,0,0,0,0,0,2,2,8001.737505999699,8001.77154999983,8001.737505999699,8001.805593999961,0.0
1772908311,10,,Aggregated,1.400000,1.400000,8000,8000,8000,8000,8000,8000,8000,8000,8000,8000,8000,93,80,8000.0,6895.689167709725,1.3250620013423031,8003.3203450002475,1872.6021505376343
1772908312,10,GET,/api/audio/latency,0.300000,0.300000,8000,8000,8000,8000,8000,8000,8000,8000,8000,8000,8000,11,8,8000.0,5820.9874912728,1.3250620013423031,8003.038926000954,9.0
1772908312,10,GET,/api/audio/levels,0.300000,0.300000,8000,8000,8000,8000,8000,8000,8000,8000,8000,8000,8000,13,10,8000.0,6158.44728684603,1.358987999992678,8002.859340000214,16.846153846153847
1772908312,10,GET,/api/audio/levels (during plugin swap),0.200000,0.200000,8000,8000,8000,8000,8000,8000,8000,8000,8000,8000,8000,4,3,8000.0,6001.654483000038,1.3466050004353747,8002.666981999937,18.25
1772908312,10,GET,/api/audio/levels/plugins,0.000000,0.000000,0,0,0,0,0,0,0,0,0,0,0,2,2,8001.328779000687,8001.487256000473,8001.328779000687,8001.6457330002595,0.0
1772908312,10,GET,/api/chains/,0.300000,0.300000,8000,8000,8000,8000,8000,8000,8000,8000,8000,8000,8000,22,20,8000.0,7318.250560908962,438.6417559999245,8003.127326999675,131.9090909090909
1772908312,10,GET,/api/chains/{id},0.100000,0.100000,8000,8000,8000,8000,8000,8000,8000,8000,8000,8000,8000,1,1,8002.339978000236,8002.339978000236,8002.339978000236,8002.339978000236,0.0
1772908312,10,GET,/api/plugins/discover,0.100000,0.100000,8000,8000,8000,8000,8000,8000,8000,8000,8000,8000,8000,17,15,8000.0,7066.65516835325,22.881221999341506,8002.777961000902,10047.823529411764
1772908312,10,GET,/api/plugins/list,0.100000,0.100000,8000,8000,8000,8000,8000,8000,8000,8000,8000,8000,8000,19,17,8000.0,7160.796810579039,3.039352000996587,8003.3203450002475,2.4210526315789473
1772908312,10,POST,/api/plugins/load?uri,0.000000,0.000000,0,0,0,0,0,0,0,0,0,0,0,2,2,8001.32939300056,8001.575169500029,8001.32939300056,8001.820945999498,0.0
1772908312,10,POST,/api/plugins/unload?uri,0.000000,0.000000,0,0,0,0,0,0,0,0,0,0,0,2,2,8001.737505999699,8001.77154999983,8001.737505999699,8001.805593999961,0.0
1772908312,10,,Aggregated,1.400000,1.400000,8000,8000,8000,8000,8000,8000,8000,8000,8000,8000,8000,93,80,8000.0,6895.689167709725,1.3250620013423031,8003.3203450002475,1872.6021505376343
1772908313,10,GET,/api/audio/latency,0.200000,0.200000,8000,8000,8000,8000,8000,8000,8000,8000,8000,8000,8000,12,9,8000.0,6002.681089333389,1.3250620013423031,8003.038926000954,8.25
1772908313,10,GET,/api/audio/levels,0.200000,0.200000,8000,8000,8000,8000,8000,8000,8000,8000,8000,8000,8000,13,10,8000.0,6158.44728684603,1.358987999992678,8002.859340000214,16.846153846153847
1772908313,10,GET,/api/audio/levels (during plugin swap),0.000000,0.000000,8000,8000,8000,8000,8000,8000,8000,8000,8000,8000,8000,4,3,8000.0,6001.654483000038,1.3466050004353747,8002.666981999937,18.25
1772908313,10,GET,/api/audio/levels/plugins,0.000000,0.000000,0,0,0,0,0,0,0,0,0,0,0,2,2,8001.328779000687,8001.487256000473,8001.328779000687,8001.6457330002595,0.0
1772908313,10,GET,/api/chains/,0.300000,0.300000,8000,8000,8000,8000,8000,8000,8000,8000,8000,8000,8000,22,20,8000.0,7318.250560908962,438.6417559999245,8003.127326999675,131.9090909090909
1772908313,10,GET,/api/chains/{id},0.100000,0.100000,8000,8000,8000,8000,8000,8000,8000,8000,8000,8000,8000,1,1,8002.339978000236,8002.339978000236,8002.339978000236,8002.339978000236,0.0
1772908313,10,POST,/api/chains/{id}/activate,0.000000,0.000000,0,0,0,0,0,0,0,0,0,0,0,1,1,8002.217552999355,8002.217552999355,8002.217552999355,8002.217552999355,0.0
1772908313,10,GET,/api/plugins/discover,0.000000,0.000000,8000,8000,8000,8000,8000,8000,8000,8000,8000,8000,8000,19,17,8000.0,7165.263773789871,22.881221999341506,8005.5154750007205,8990.157894736842
1772908313,10,GET,/api/plugins/list,0.200000,0.200000,8000,8000,8000,8000,8000,8000,8000,8000,8000,8000,8000,20,18,8000.0,7203.0131196500415,3.039352000996587,8005.122991999087,2.3
1772908313,10,POST,/api/plugins/load?uri,0.000000,0.000000,0,0,0,0,0,0,0,0,0,0,0,2,2,8001.32939300056,8001.575169500029,8001.32939300056,8001.820945999498,0.0
1772908313,10,POST,/api/plugins/unload?uri,0.000000,0.000000,0,0,0,0,0,0,0,0,0,0,0,2,2,8001.737505999699,8001.77154999983,8001.737505999699,8001.805593999961,0.0
1772908313,10,,Aggregated,1.000000,1.000000,8000,8000,8000,8000,8000,8000,8000,8000,8000,8000,8000,98,85,8000.0,6952.18997602046,1.3250620013423031,8005.5154750007205,1777.061224489796
1772908314,10,GET,/api/audio/latency,0.200000,0.200000,8000,8000,8000,8000,8000,8000,8000,8000,8000,8000,8000,12,9,8000.0,6002.681089333389,1.3250620013423031,8003.038926000954,8.25
1772908314,10,GET,/api/audio/levels,0.200000,0.200000,8000,8000,8000,8000,8000,8000,8000,8000,8000,8000,8000,13,10,8000.0,6158.44728684603,1.358987999992678,8002.859340000214,16.846153846153847
1772908314,10,GET,/api/audio/levels (during plugin swap),0.000000,0.000000,8000,8000,8000,8000,8000,8000,8000,8000,8000,8000,8000,4,3,8000.0,6001.654483000038,1.3466050004353747,8002.666981999937,18.25
1772908314,10,GET,/api/audio/levels/plugins,0.000000,0.000000,0,0,0,0,0,0,0,0,0,0,0,2,2,8001.328779000687,8001.487256000473,8001.328779000687,8001.6457330002595,0.0
1772908314,10,GET,/api/chains/,0.300000,0.300000,8000,8000,8000,8000,8000,8000,8000,8000,8000,8000,8000,23,21,8000.0,7347.955342304214,438.6417559999245,8003.127326999675,126.17391304347827
1772908314,10,GET,/api/chains/{id},0.100000,0.100000,8000,8000,8000,8000,8000,8000,8000,8000,8000,8000,8000,1,1,8002.339978000236,8002.339978000236,8002.339978000236,8002.339978000236,0.0
1772908314,10,POST,/api/chains/{id}/activate,0.000000,0.000000,8000,8000,8000,8000,8000,8000,8000,8000,8000,8000,8000,1,1,8002.217552999355,8002.217552999355,8002.217552999355,8002.217552999355,0.0
1772908314,10,GET,/api/plugins/discover,0.000000,0.000000,8000,8000,8000,8000,8000,8000,8000,8000,8000,8000,8000,19,17,8000.0,7165.263773789871,22.881221999341506,8005.5154750007205,8990.157894736842
1772908314,10,GET,/api/plugins/list,0.200000,0.200000,8000,8000,8000,8000,8000,8000,8000,8000,8000,8000,8000,20,18,8000.0,7203.0131196500415,3.039352000996587,8005.122991999087,2.3
1772908314,10,POST,/api/plugins/load?uri,0.000000,0.000000,0,0,0,0,0,0,0,0,0,0,0,2,2,8001.32939300056,8001.575169500029,8001.32939300056,8001.820945999498,0.0
1772908314,10,POST,/api/plugins/unload?uri,0.000000,0.000000,0,0,0,0,0,0,0,0,0,0,0,2,2,8001.737505999699,8001.77154999983,8001.737505999699,8001.805593999961,0.0
1772908314,10,,Aggregated,1.000000,1.000000,8000,8000,8000,8000,8000,8000,8000,8000,8000,8000,8000,99,86,8000.0,6962.788668515201,1.3250620013423031,8005.5154750007205,1759.111111111111
1772908315,10,GET,/api/audio/latency,0.300000,0.300000,8000,8000,8000,8000,8000,8000,8000,8000,8000,8000,8000,13,10,8000.0,6156.478856692327,1.3250620013423031,8003.038926000954,7.615384615384615
1772908315,10,GET,/api/audio/levels,0.200000,0.200000,8000,8000,8000,8000,8000,8000,8000,8000,8000,8000,8000,14,11,8000.0,6290.153901642692,1.358987999992678,8002.859340000214,15.642857142857142
1772908315,10,GET,/api/audio/levels (during plugin swap),0.000000,0.000000,8000,8000,8000,8000,8000,8000,8000,8000,8000,8000,8000,4,3,8000.0,6001.654483000038,1.3466050004353747,8002.666981999937,18.25
1772908315,10,GET,/api/audio/levels/plugins,0.000000,0.000000,0,0,0,0,0,0,0,0,0,0,0,2,2,8001.328779000687,8001.487256000473,8001.328779000687,8001.6457330002595,0.0
1772908315,10,GET,/api/chains/,0.300000,0.300000,8000,8000,8000,8000,8000,8000,8000,8000,8000,8000,8000,23,21,8000.0,7347.955342304214,438.6417559999245,8003.127326999675,126.17391304347827
1772908315,10,GET,/api/chains/{id},0.100000,0.100000,8000,8000,8000,8000,8000,8000,8000,8000,8000,8000,8000,1,1,8002.339978000236,8002.339978000236,8002.339978000236,8002.339978000236,0.0
1772908315,10,POST,/api/chains/{id}/activate,0.100000,0.100000,8000,8000,8000,8000,8000,8000,8000,8000,8000,8000,8000,1,1,8002.217552999355,8002.217552999355,8002.217552999355,8002.217552999355,0.0
1772908315,10,GET,/api/plugins/discover,0.100000,0.100000,8000,8000,8000,8000,8000,8000,8000,8000,8000,8000,8000,19,17,8000.0,7165.263773789871,22.881221999341506,8005.5154750007205,8990.157894736842
1772908315,10,GET,/api/plugins/list,0.300000,0.300000,8000,8000,8000,8000,8000,8000,8000,8000,8000,8000,8000,20,18,8000.0,7203.0131196500415,3.039352000996587,8005.122991999087,2.3
1772908315,10,POST,/api/plugins/load?uri,0.000000,0.000000,0,0,0,0,0,0,0,0,0,0,0,2,2,8001.32939300056,8001.575169500029,8001.32939300056,8001.820945999498,0.0
1772908315,10,POST,/api/plugins/unload?uri,0.000000,0.000000,0,0,0,0,0,0,0,0,0,0,0,2,2,8001.737505999699,8001.77154999983,8001.737505999699,8001.805593999961,0.0
1772908315,10,,Aggregated,1.400000,1.400000,8000,8000,8000,8000,8000,8000,8000,8000,8000,8000,8000,101,88,8000.0,6983.370991504988,1.3250620013423031,8005.5154750007205,1724.2772277227723
1772908316,10,GET,/api/audio/latency,0.300000,0.300000,8000,8000,8000,8000,8000,8000,8000,8000,8000,8000,8000,13,10,8000.0,6156.478856692327,1.3250620013423031,8003.038926000954,7.615384615384615
1772908316,10,GET,/api/audio/levels,0.200000,0.200000,8000,8000,8000,8000,8000,8000,8000,8000,8000,8000,8000,14,11,8000.0,6290.153901642692,1.358987999992678,8002.859340000214,15.642857142857142
1772908316,10,GET,/api/audio/levels (during plugin swap),0.000000,0.000000,8000,8000,8000,8000,8000,8000,8000,8000,8000,8000,8000,4,3,8000.0,6001.654483000038,1.3466050004353747,8002.666981999937,18.25
1772908316,10,GET,/api/audio/levels/plugins,0.000000,0.000000,0,0,0,0,0,0,0,0,0,0,0,2,2,8001.328779000687,8001.487256000473,8001.328779000687,8001.6457330002595,0.0
1772908316,10,GET,/api/chains/,0.300000,0.300000,8000,8000,8000,8000,8000,8000,8000,8000,8000,8000,8000,23,21,8000.0,7347.955342304214,438.6417559999245,8003.127326999675,126.17391304347827
1772908316,10,GET,/api/chains/{id},0.100000,0.100000,8000,8000,8000,8000,8000,8000,8000,8000,8000,8000,8000,1,1,8002.339978000236,8002.339978000236,8002.339978000236,8002.339978000236,0.0
1772908316,10,POST,/api/chains/{id}/activate,0.100000,0.100000,8000,8000,8000,8000,8000,8000,8000,8000,8000,8000,8000,1,1,8002.217552999355,8002.217552999355,8002.217552999355,8002.217552999355,0.0
1772908316,10,GET,/api/plugins/discover,0.100000,0.100000,8000,8000,8000,8000,8000,8000,8000,8000,8000,8000,8000,19,17,8000.0,7165.263773789871,22.881221999341506,8005.5154750007205,8990.157894736842
1772908316,10,GET,/api/plugins/list,0.300000,0.300000,8000,8000,8000,8000,8000,8000,8000,8000,8000,8000,8000,22,20,8000.0,7275.581768772845,3.039352000996587,8005.122991999087,2.090909090909091
1772908316,10,POST,/api/plugins/load?uri,0.000000,0.000000,0,0,0,0,0,0,0,0,0,0,0,2,2,8001.32939300056,8001.575169500029,8001.32939300056,8001.820945999498,0.0
1772908316,10,POST,/api/plugins/unload?uri,0.000000,0.000000,0,0,0,0,0,0,0,0,0,0,0,2,2,8001.737505999699,8001.77154999983,8001.737505999699,8001.805593999961,0.0
1772908316,10,,Aggregated,1.400000,1.400000,8000,8000,8000,8000,8000,8000,8000,8000,8000,8000,8000,103,90,8000.0,7003.135987009761,1.3250620013423031,8005.5154750007205,1690.7961165048544
1772908317,10,GET,/api/audio/latency,0.300000,0.300000,8000,8000,8000,8000,8000,8000,8000,8000,8000,8000,8000,13,10,8000.0,6156.478856692327,1.3250620013423031,8003.038926000954,7.615384615384615
1772908317,10,GET,/api/audio/levels,0.200000,0.200000,8000,8000,8000,8000,8000,8000,8000,8000,8000,8000,8000,14,11,8000.0,6290.153901642692,1.358987999992678,8002.859340000214,15.642857142857142
1772908317,10,GET,/api/audio/levels (during plugin swap),0.000000,0.000000,0,0,0,0,0,0,0,0,0,0,0,4,3,8000.0,6001.654483000038,1.3466050004353747,8002.666981999937,18.25
1772908317,10,GET,/api/audio/levels/plugins,0.000000,0.000000,0,0,0,0,0,0,0,0,0,0,0,2,2,8001.328779000687,8001.487256000473,8001.328779000687,8001.6457330002595,0.0
1772908317,10,GET,/api/chains/,0.300000,0.300000,8000,8000,8000,8000,8000,8000,8000,8000,8000,8000,8000,23,21,8000.0,7347.955342304214,438.6417559999245,8003.127326999675,126.17391304347827
1772908317,10,GET,/api/chains/{id},0.100000,0.100000,8000,8000,8000,8000,8000,8000,8000,8000,8000,8000,8000,1,1,8002.339978000236,8002.339978000236,8002.339978000236,8002.339978000236,0.0
1772908317,10,POST,/api/chains/{id}/activate,0.100000,0.100000,8000,8000,8000,8000,8000,8000,8000,8000,8000,8000,8000,1,1,8002.217552999355,8002.217552999355,8002.217552999355,8002.217552999355,0.0
1772908317,10,GET,/api/plugins/discover,0.100000,0.100000,8000,8000,8000,8000,8000,8000,8000,8000,8000,8000,8000,19,17,8000.0,7165.263773789871,22.881221999341506,8005.5154750007205,8990.157894736842
1772908317,10,GET,/api/plugins/list,0.300000,0.300000,8000,8000,8000,8000,8000,8000,8000,8000,8000,8000,8000,22,20,8000.0,7275.581768772845,3.039352000996587,8005.122991999087,2.090909090909091
1772908317,10,POST,/api/plugins/load?uri,0.000000,0.000000,0,0,0,0,0,0,0,0,0,0,0,2,2,8001.32939300056,8001.575169500029,8001.32939300056,8001.820945999498,0.0
1772908317,10,POST,/api/plugins/unload?uri,0.000000,0.000000,0,0,0,0,0,0,0,0,0,0,0,2,2,8001.737505999699,8001.77154999983,8001.737505999699,8001.805593999961,0.0
1772908317,10,,Aggregated,1.400000,1.400000,8000,8000,8000,8000,8000,8000,8000,8000,8000,8000,8000,103,90,8000.0,7003.135987009761,1.3250620013423031,8005.5154750007205,1690.7961165048544
1772908318,10,GET,/api/audio/latency,0.300000,0.300000,8000,8000,8000,8000,8000,8000,8000,8000,8000,8000,8000,13,10,8000.0,6156.478856692327,1.3250620013423031,8003.038926000954,7.615384615384615
1772908318,10,GET,/api/audio/levels,0.200000,0.200000,8000,8000,8000,8000,8000,8000,8000,8000,8000,8000,8000,14,11,8000.0,6290.153901642692,1.358987999992678,8002.859340000214,15.642857142857142
1772908318,10,GET,/api/audio/levels (during plugin swap),0.000000,0.000000,0,0,0,0,0,0,0,0,0,0,0,4,3,8000.0,6001.654483000038,1.3466050004353747,8002.666981999937,18.25
1772908318,10,GET,/api/audio/levels/plugins,0.000000,0.000000,0,0,0,0,0,0,0,0,0,0,0,2,2,8001.328779000687,8001.487256000473,8001.328779000687,8001.6457330002595,0.0
1772908318,10,GET,/api/chains/,0.300000,0.300000,8000,8000,8000,8000,8000,8000,8000,8000,8000,8000,8000,23,21,8000.0,7347.955342304214,438.6417559999245,8003.127326999675,126.17391304347827
1772908318,10,GET,/api/chains/{id},0.100000,0.100000,8000,8000,8000,8000,8000,8000,8000,8000,8000,8000,8000,1,1,8002.339978000236,8002.339978000236,8002.339978000236,8002.339978000236,0.0
1772908318,10,POST,/api/chains/{id}/activate,0.100000,0.100000,8000,8000,8000,8000,8000,8000,8000,8000,8000,8000,8000,1,1,8002.217552999355,8002.217552999355,8002.217552999355,8002.217552999355,0.0
1772908318,10,GET,/api/plugins/discover,0.100000,0.100000,8000,8000,8000,8000,8000,8000,8000,8000,8000,8000,8000,19,17,8000.0,7165.263773789871,22.881221999341506,8005.5154750007205,8990.157894736842
1772908318,10,GET,/api/plugins/list,0.300000,0.300000,8000,8000,8000,8000,8000,8000,8000,8000,8000,8000,8000,22,20,8000.0,7275.581768772845,3.039352000996587,8005.122991999087,2.090909090909091
1772908318,10,POST,/api/plugins/load?uri,0.000000,0.000000,0,0,0,0,0,0,0,0,0,0,0,2,2,8001.32939300056,8001.575169500029,8001.32939300056,8001.820945999498,0.0
1772908318,10,POST,/api/plugins/unload?uri,0.000000,0.000000,0,0,0,0,0,0,0,0,0,0,0,2,2,8001.737505999699,8001.77154999983,8001.737505999699,8001.805593999961,0.0
1772908318,10,,Aggregated,1.400000,1.400000,8000,8000,8000,8000,8000,8000,8000,8000,8000,8000,8000,103,90,8000.0,7003.135987009761,1.3250620013423031,8005.5154750007205,1690.7961165048544
1772908319,10,GET,/api/audio/latency,0.300000,0.300000,8000,8000,8000,8000,8000,8000,8000,8000,8000,8000,8000,13,10,8000.0,6156.478856692327,1.3250620013423031,8003.038926000954,7.615384615384615
1772908319,10,GET,/api/audio/levels,0.200000,0.200000,8000,8000,8000,8000,8000,8000,8000,8000,8000,8000,8000,14,11,8000.0,6290.153901642692,1.358987999992678,8002.859340000214,15.642857142857142
1772908319,10,GET,/api/audio/levels (during plugin swap),0.000000,0.000000,0,0,0,0,0,0,0,0,0,0,0,4,3,8000.0,6001.654483000038,1.3466050004353747,8002.666981999937,18.25
1772908319,10,GET,/api/audio/levels/plugins,0.000000,0.000000,0,0,0,0,0,0,0,0,0,0,0,2,2,8001.328779000687,8001.487256000473,8001.328779000687,8001.6457330002595,0.0
1772908319,10,GET,/api/chains/,0.300000,0.300000,8000,8000,8000,8000,8000,8000,8000,8000,8000,8000,8000,23,21,8000.0,7347.955342304214,438.6417559999245,8003.127326999675,126.17391304347827
1772908319,10,GET,/api/chains/{id},0.100000,0.100000,8000,8000,8000,8000,8000,8000,8000,8000,8000,8000,8000,1,1,8002.339978000236,8002.339978000236,8002.339978000236,8002.339978000236,0.0
1772908319,10,POST,/api/chains/{id}/activate,0.100000,0.100000,8000,8000,8000,8000,8000,8000,8000,8000,8000,8000,8000,1,1,8002.217552999355,8002.217552999355,8002.217552999355,8002.217552999355,0.0
1772908319,10,GET,/api/plugins/discover,0.100000,0.100000,8000,8000,8000,8000,8000,8000,8000,8000,8000,8000,8000,19,17,8000.0,7165.263773789871,22.881221999341506,8005.5154750007205,8990.157894736842
1772908319,10,GET,/api/plugins/list,0.300000,0.300000,8000,8000,8000,8000,8000,8000,8000,8000,8000,8000,8000,22,20,8000.0,7275.581768772845,3.039352000996587,8005.122991999087,2.090909090909091
1772908319,10,POST,/api/plugins/load?uri,0.000000,0.000000,0,0,0,0,0,0,0,0,0,0,0,2,2,8001.32939300056,8001.575169500029,8001.32939300056,8001.820945999498,0.0
1772908319,10,POST,/api/plugins/unload?uri,0.000000,0.000000,0,0,0,0,0,0,0,0,0,0,0,2,2,8001.737505999699,8001.77154999983,8001.737505999699,8001.805593999961,0.0
1772908319,10,,Aggregated,1.400000,1.400000,8000,8000,8000,8000,8000,8000,8000,8000,8000,8000,8000,103,90,8000.0,7003.135987009761,1.3250620013423031,8005.5154750007205,1690.7961165048544
1772908320,10,GET,/api/audio/latency,0.300000,0.300000,8000,8000,8000,8000,8000,8000,8000,8000,8000,8000,8000,13,10,8000.0,6156.478856692327,1.3250620013423031,8003.038926000954,7.615384615384615
1772908320,10,GET,/api/audio/levels,0.200000,0.200000,8000,8000,8000,8000,8000,8000,8000,8000,8000,8000,8000,14,11,8000.0,6290.153901642692,1.358987999992678,8002.859340000214,15.642857142857142
1772908320,10,GET,/api/audio/levels (during plugin swap),0.000000,0.000000,0,0,0,0,0,0,0,0,0,0,0,4,3,8000.0,6001.654483000038,1.3466050004353747,8002.666981999937,18.25
1772908320,10,GET,/api/audio/levels/plugins,0.000000,0.000000,0,0,0,0,0,0,0,0,0,0,0,2,2,8001.328779000687,8001.487256000473,8001.328779000687,8001.6457330002595,0.0
1772908320,10,GET,/api/chains/,0.300000,0.300000,8000,8000,8000,8000,8000,8000,8000,8000,8000,8000,8000,23,21,8000.0,7347.955342304214,438.6417559999245,8003.127326999675,126.17391304347827
1772908320,10,GET,/api/chains/{id},0.100000,0.100000,8000,8000,8000,8000,8000,8000,8000,8000,8000,8000,8000,1,1,8002.339978000236,8002.339978000236,8002.339978000236,8002.339978000236,0.0
1772908320,10,POST,/api/chains/{id}/activate,0.100000,0.100000,8000,8000,8000,8000,8000,8000,8000,8000,8000,8000,8000,1,1,8002.217552999355,8002.217552999355,8002.217552999355,8002.217552999355,0.0
1772908320,10,GET,/api/plugins/discover,0.100000,0.100000,8000,8000,8000,8000,8000,8000,8000,8000,8000,8000,8000,19,17,8000.0,7165.263773789871,22.881221999341506,8005.5154750007205,8990.157894736842
1772908320,10,GET,/api/plugins/list,0.300000,0.300000,8000,8000,8000,8000,8000,8000,8000,8000,8000,8000,8000,22,20,8000.0,7275.581768772845,3.039352000996587,8005.122991999087,2.090909090909091
1772908320,10,POST,/api/plugins/load?uri,0.000000,0.000000,0,0,0,0,0,0,0,0,0,0,0,2,2,8001.32939300056,8001.575169500029,8001.32939300056,8001.820945999498,0.0
1772908320,10,POST,/api/plugins/unload?uri,0.000000,0.000000,0,0,0,0,0,0,0,0,0,0,0,2,2,8001.737505999699,8001.77154999983,8001.737505999699,8001.805593999961,0.0
1772908320,10,,Aggregated,1.400000,1.400000,8000,8000,8000,8000,8000,8000,8000,8000,8000,8000,8000,103,90,8000.0,7003.135987009761,1.3250620013423031,8005.5154750007205,1690.7961165048544
1772908321,10,GET,/api/audio/latency,0.200000,0.200000,8000,8000,8000,8000,8000,8000,8000,8000,8000,8000,8000,13,10,8000.0,6156.478856692327,1.3250620013423031,8003.038926000954,7.615384615384615
1772908321,10,GET,/api/audio/levels,0.100000,0.100000,8000,8000,8000,8000,8000,8000,8000,8000,8000,8000,8000,14,11,8000.0,6290.153901642692,1.358987999992678,8002.859340000214,15.642857142857142
1772908321,10,GET,/api/audio/levels (during plugin swap),0.000000,0.000000,0,0,0,0,0,0,0,0,0,0,0,4,3,8000.0,6001.654483000038,1.3466050004353747,8002.666981999937,18.25
1772908321,10,GET,/api/audio/levels/plugins,0.000000,0.000000,0,0,0,0,0,0,0,0,0,0,0,2,2,8001.328779000687,8001.487256000473,8001.328779000687,8001.6457330002595,0.0
1772908321,10,GET,/api/audio/status,0.000000,0.000000,0,0,0,0,0,0,0,0,0,0,0,1,1,8001.513444000011,8001.513444000011,8001.513444000011,8001.513444000011,0.0
1772908321,10,GET,/api/chains/,0.100000,0.100000,8000,8000,8000,8000,8000,8000,8000,8000,8000,8000,8000,24,22,8000.0,7375.182780374872,438.6417559999245,8003.127326999675,120.91666666666667
1772908321,10,GET,/api/chains/{id},0.000000,0.000000,8000,8000,8000,8000,8000,8000,8000,8000,8000,8000,8000,2,2,8001.260754001123,8001.80036600068,8001.260754001123,8002.339978000236,0.0
1772908321,10,POST,/api/chains/{id}/activate,0.100000,0.100000,8000,8000,8000,8000,8000,8000,8000,8000,8000,8000,8000,1,1,8002.217552999355,8002.217552999355,8002.217552999355,8002.217552999355,0.0
1772908321,10,GET,/api/plugins/discover,0.200000,0.200000,8000,8000,8000,8000,8000,8000,8000,8000,8000,8000,8000,20,18,8000.0,7207.102303750345,22.881221999341506,8005.5154750007205,8540.65
1772908321,10,GET,/api/plugins/list,0.300000,0.300000,8000,8000,8000,8000,8000,8000,8000,8000,8000,8000,8000,22,20,8000.0,7275.581768772845,3.039352000996587,8005.122991999087,2.090909090909091
1772908321,10,POST,/api/plugins/load?uri,0.000000,0.000000,0,0,0,0,0,0,0,0,0,0,0,2,2,8001.32939300056,8001.575169500029,8001.32939300056,8001.820945999498,0.0
1772908321,10,POST,/api/plugins/unload?uri,0.000000,0.000000,0,0,0,0,0,0,0,0,0,0,0,2,2,8001.737505999699,8001.77154999983,8001.737505999699,8001.805593999961,0.0
1772908321,10,,Aggregated,1.000000,1.000000,8000,8000,8000,8000,8000,8000,8000,8000,8000,8000,8000,107,94,8000.0,7040.46008494398,1.3250620013423031,8005.5154750007205,1627.588785046729
1772908322,10,GET,/api/audio/latency,0.200000,0.200000,8000,8000,8000,8000,8000,8000,8000,8000,8000,8000,8000,13,10,8000.0,6156.478856692327,1.3250620013423031,8003.038926000954,7.615384615384615
1772908322,10,GET,/api/audio/levels,0.100000,0.100000,8000,8000,8000,8000,8000,8000,8000,8000,8000,8000,8000,15,12,8000.0,6404.2744666665385,1.358987999992678,8002.859340000214,14.6
1772908322,10,GET,/api/audio/levels (during plugin swap),0.000000,0.000000,0,0,0,0,0,0,0,0,0,0,0,4,3,8000.0,6001.654483000038,1.3466050004353747,8002.666981999937,18.25
1772908322,10,GET,/api/audio/levels/plugins,0.000000,0.000000,0,0,0,0,0,0,0,0,0,0,0,2,2,8001.328779000687,8001.487256000473,8001.328779000687,8001.6457330002595,0.0
1772908322,10,GET,/api/audio/status,0.000000,0.000000,8000,8000,8000,8000,8000,8000,8000,8000,8000,8000,8000,1,1,8001.513444000011,8001.513444000011,8001.513444000011,8001.513444000011,0.0
1772908322,10,GET,/api/chains/,0.100000,0.100000,8000,8000,8000,8000,8000,8000,8000,8000,8000,8000,8000,24,22,8000.0,7375.182780374872,438.6417559999245,8003.127326999675,120.91666666666667
1772908322,10,GET,/api/chains/{id},0.000000,0.000000,8000,8000,8000,8000,8000,8000,8000,8000,8000,8000,8000,2,2,8001.260754001123,8001.80036600068,8001.260754001123,8002.339978000236,0.0
1772908322,10,POST,/api/chains/{id}/activate,0.100000,0.100000,8000,8000,8000,8000,8000,8000,8000,8000,8000,8000,8000,1,1,8002.217552999355,8002.217552999355,8002.217552999355,8002.217552999355,0.0
1772908322,10,GET,/api/plugins/discover,0.200000,0.200000,8000,8000,8000,8000,8000,8000,8000,8000,8000,8000,8000,20,18,8000.0,7207.102303750345,22.881221999341506,8005.5154750007205,8540.65
1772908322,10,GET,/api/plugins/list,0.300000,0.300000,8000,8000,8000,8000,8000,8000,8000,8000,8000,8000,8000,23,21,8000.0,7307.161157956612,3.039352000996587,8005.122991999087,2.0
1772908322,10,POST,/api/plugins/load?uri,0.000000,0.000000,0,0,0,0,0,0,0,0,0,0,0,2,2,8001.32939300056,8001.575169500029,8001.32939300056,8001.820945999498,0.0
1772908322,10,POST,/api/plugins/unload?uri,0.000000,0.000000,0,0,0,0,0,0,0,0,0,0,0,2,2,8001.737505999699,8001.77154999983,8001.737505999699,8001.805593999961,0.0
1772908322,10,,Aggregated,1.000000,1.000000,8000,8000,8000,8000,8000,8000,8000,8000,8000,8000,8000,109,96,8000.0,7058.101827394548,1.3250620013423031,8005.5154750007205,1597.7247706422017
1772908323,10,GET,/api/audio/latency,0.200000,0.200000,8000,8000,8000,8000,8000,8000,8000,8000,8000,8000,8000,14,11,8000.0,6288.301437071433,1.3250620013423031,8003.038926000954,7.071428571428571
1772908323,10,GET,/api/audio/levels,0.100000,0.100000,8000,8000,8000,8000,8000,8000,8000,8000,8000,8000,8000,16,13,8000.0,6504.081770062385,1.358987999992678,8002.859340000214,13.6875
1772908323,10,GET,/api/audio/levels (during plugin swap),0.000000,0.000000,0,0,0,0,0,0,0,0,0,0,0,4,3,8000.0,6001.654483000038,1.3466050004353747,8002.666981999937,18.25
1772908323,10,GET,/api/audio/levels/plugins,0.000000,0.000000,0,0,0,0,0,0,0,0,0,0,0,2,2,8001.328779000687,8001.487256000473,8001.328779000687,8001.6457330002595,0.0
1772908323,10,GET,/api/audio/status,0.100000,0.100000,8000,8000,8000,8000,8000,8000,8000,8000,8000,8000,8000,1,1,8001.513444000011,8001.513444000011,8001.513444000011,8001.513444000011,0.0
1772908323,10,GET,/api/chains/,0.200000,0.200000,8000,8000,8000,8000,8000,8000,8000,8000,8000,8000,8000,24,22,8000.0,7375.182780374872,438.6417559999245,8003.127326999675,120.91666666666667
1772908323,10,GET,/api/chains/{id},0.100000,0.100000,8000,8000,8000,8000,8000,8000,8000,8000,8000,8000,8000,2,2,8001.260754001123,8001.80036600068,8001.260754001123,8002.339978000236,0.0
1772908323,10,POST,/api/chains/{id}/activate,0.100000,0.100000,8000,8000,8000,8000,8000,8000,8000,8000,8000,8000,8000,1,1,8002.217552999355,8002.217552999355,8002.217552999355,8002.217552999355,0.0
1772908323,10,GET,/api/plugins/discover,0.300000,0.300000,8000,8000,8000,8000,8000,8000,8000,8000,8000,8000,8000,20,18,8000.0,7207.102303750345,22.881221999341506,8005.5154750007205,8540.65
1772908323,10,GET,/api/plugins/list,0.300000,0.300000,8000,8000,8000,8000,8000,8000,8000,8000,8000,8000,8000,23,21,8000.0,7307.161157956612,3.039352000996587,8005.122991999087,2.0
1772908323,10,POST,/api/plugins/load?uri,0.000000,0.000000,0,0,0,0,0,0,0,0,0,0,0,2,2,8001.32939300056,8001.575169500029,8001.32939300056,8001.820945999498,0.0
1772908323,10,POST,/api/plugins/unload?uri,0.000000,0.000000,0,0,0,0,0,0,0,0,0,0,0,2,2,8001.737505999699,8001.77154999983,8001.737505999699,8001.805593999961,0.0
1772908323,10,,Aggregated,1.400000,1.400000,8000,8000,8000,8000,8000,8000,8000,8000,8000,8000,8000,111,98,8000.0,7075.101671072124,1.3250620013423031,8005.5154750007205,1568.936936936937
1772908324,10,GET,/api/audio/latency,0.200000,0.200000,8000,8000,8000,8000,8000,8000,8000,8000,8000,8000,8000,14,11,8000.0,6288.301437071433,1.3250620013423031,8003.038926000954,7.071428571428571
1772908324,10,GET,/api/audio/levels,0.100000,0.100000,8000,8000,8000,8000,8000,8000,8000,8000,8000,8000,8000,16,13,8000.0,6504.081770062385,1.358987999992678,8002.859340000214,13.6875
1772908324,10,GET,/api/audio/levels (during plugin swap),0.000000,0.000000,0,0,0,0,0,0,0,0,0,0,0,4,3,8000.0,6001.654483000038,1.3466050004353747,8002.666981999937,18.25
1772908324,10,GET,/api/audio/levels/plugins,0.000000,0.000000,0,0,0,0,0,0,0,0,0,0,0,2,2,8001.328779000687,8001.487256000473,8001.328779000687,8001.6457330002595,0.0
1772908324,10,GET,/api/audio/status,0.100000,0.100000,8000,8000,8000,8000,8000,8000,8000,8000,8000,8000,8000,1,1,8001.513444000011,8001.513444000011,8001.513444000011,8001.513444000011,0.0
1772908324,10,GET,/api/chains/,0.200000,0.200000,8000,8000,8000,8000,8000,8000,8000,8000,8000,8000,8000,24,22,8000.0,7375.182780374872,438.6417559999245,8003.127326999675,120.91666666666667
1772908324,10,GET,/api/chains/{id},0.100000,0.100000,8000,8000,8000,8000,8000,8000,8000,8000,8000,8000,8000,2,2,8001.260754001123,8001.80036600068,8001.260754001123,8002.339978000236,0.0
1772908324,10,POST,/api/chains/{id}/activate,0.100000,0.100000,8000,8000,8000,8000,8000,8000,8000,8000,8000,8000,8000,1,1,8002.217552999355,8002.217552999355,8002.217552999355,8002.217552999355,0.0
1772908324,10,GET,/api/plugins/discover,0.300000,0.300000,8000,8000,8000,8000,8000,8000,8000,8000,8000,8000,8000,22,20,8000.0,7279.318501909406,22.881221999341506,8005.5154750007205,7764.227272727273
1772908324,10,GET,/api/plugins/list,0.300000,0.300000,8000,8000,8000,8000,8000,8000,8000,8000,8000,8000,8000,23,21,8000.0,7307.161157956612,3.039352000996587,8005.122991999087,2.0
1772908324,10,POST,/api/plugins/load?uri,0.000000,0.000000,0,0,0,0,0,0,0,0,0,0,0,2,2,8001.32939300056,8001.575169500029,8001.32939300056,8001.820945999498,0.0
1772908324,10,POST,/api/plugins/unload?uri,0.000000,0.000000,0,0,0,0,0,0,0,0,0,0,0,2,2,8001.737505999699,8001.77154999983,8001.737505999699,8001.805593999961,0.0
1772908324,10,,Aggregated,1.400000,1.400000,8000,8000,8000,8000,8000,8000,8000,8000,8000,8000,8000,113,100,8000.0,7091.497756247839,1.3250620013423031,8005.5154750007205,1541.1681415929204
1772908325,10,GET,/api/audio/latency,0.200000,0.200000,8000,8000,8000,8000,8000,8000,8000,8000,8000,8000,8000,14,11,8000.0,6288.301437071433,1.3250620013423031,8003.038926000954,7.071428571428571
1772908325,10,GET,/api/audio/levels,0.100000,0.100000,8000,8000,8000,8000,8000,8000,8000,8000,8000,8000,8000,16,13,8000.0,6504.081770062385,1.358987999992678,8002.859340000214,13.6875
1772908325,10,GET,/api/audio/levels (during plugin swap),0.000000,0.000000,0,0,0,0,0,0,0,0,0,0,0,4,3,8000.0,6001.654483000038,1.3466050004353747,8002.666981999937,18.25
1772908325,10,GET,/api/audio/levels/plugins,0.000000,0.000000,0,0,0,0,0,0,0,0,0,0,0,2,2,8001.328779000687,8001.487256000473,8001.328779000687,8001.6457330002595,0.0
1772908325,10,GET,/api/audio/status,0.100000,0.100000,8000,8000,8000,8000,8000,8000,8000,8000,8000,8000,8000,1,1,8001.513444000011,8001.513444000011,8001.513444000011,8001.513444000011,0.0
1772908325,10,GET,/api/chains/,0.200000,0.200000,8000,8000,8000,8000,8000,8000,8000,8000,8000,8000,8000,24,22,8000.0,7375.182780374872,438.6417559999245,8003.127326999675,120.91666666666667
1772908325,10,GET,/api/chains/{id},0.100000,0.100000,8000,8000,8000,8000,8000,8000,8000,8000,8000,8000,8000,2,2,8001.260754001123,8001.80036600068,8001.260754001123,8002.339978000236,0.0
1772908325,10,POST,/api/chains/{id}/activate,0.100000,0.100000,8000,8000,8000,8000,8000,8000,8000,8000,8000,8000,8000,1,1,8002.217552999355,8002.217552999355,8002.217552999355,8002.217552999355,0.0
1772908325,10,GET,/api/plugins/discover,0.300000,0.300000,8000,8000,8000,8000,8000,8000,8000,8000,8000,8000,8000,22,20,8000.0,7279.318501909406,22.881221999341506,8005.5154750007205,7764.227272727273
1772908325,10,GET,/api/plugins/list,0.300000,0.300000,8000,8000,8000,8000,8000,8000,8000,8000,8000,8000,8000,23,21,8000.0,7307.161157956612,3.039352000996587,8005.122991999087,2.0
1772908325,10,POST,/api/plugins/load?uri,0.000000,0.000000,0,0,0,0,0,0,0,0,0,0,0,2,2,8001.32939300056,8001.575169500029,8001.32939300056,8001.820945999498,0.0
1772908325,10,POST,/api/plugins/unload?uri,0.000000,0.000000,0,0,0,0,0,0,0,0,0,0,0,2,2,8001.737505999699,8001.77154999983,8001.737505999699,8001.805593999961,0.0
1772908325,10,,Aggregated,1.400000,1.400000,8000,8000,8000,8000,8000,8000,8000,8000,8000,8000,8000,113,100,8000.0,7091.497756247839,1.3250620013423031,8005.5154750007205,1541.1681415929204
1772908326,10,GET,/api/audio/latency,0.200000,0.200000,8000,8000,8000,8000,8000,8000,8000,8000,8000,8000,8000,14,11,8000.0,6288.301437071433,1.3250620013423031,8003.038926000954,7.071428571428571
1772908326,10,GET,/api/audio/levels,0.100000,0.100000,8000,8000,8000,8000,8000,8000,8000,8000,8000,8000,8000,16,13,8000.0,6504.081770062385,1.358987999992678,8002.859340000214,13.6875
1772908326,10,GET,/api/audio/levels (during plugin swap),0.000000,0.000000,0,0,0,0,0,0,0,0,0,0,0,4,3,8000.0,6001.654483000038,1.3466050004353747,8002.666981999937,18.25
1772908326,10,GET,/api/audio/levels/plugins,0.000000,0.000000,0,0,0,0,0,0,0,0,0,0,0,2,2,8001.328779000687,8001.487256000473,8001.328779000687,8001.6457330002595,0.0
1772908326,10,GET,/api/audio/status,0.100000,0.100000,8000,8000,8000,8000,8000,8000,8000,8000,8000,8000,8000,1,1,8001.513444000011,8001.513444000011,8001.513444000011,8001.513444000011,0.0
1772908326,10,GET,/api/chains/,0.200000,0.200000,8000,8000,8000,8000,8000,8000,8000,8000,8000,8000,8000,24,22,8000.0,7375.182780374872,438.6417559999245,8003.127326999675,120.91666666666667
1772908326,10,GET,/api/chains/{id},0.100000,0.100000,8000,8000,8000,8000,8000,8000,8000,8000,8000,8000,8000,2,2,8001.260754001123,8001.80036600068,8001.260754001123,8002.339978000236,0.0
1772908326,10,POST,/api/chains/{id}/activate,0.100000,0.100000,8000,8000,8000,8000,8000,8000,8000,8000,8000,8000,8000,1,1,8002.217552999355,8002.217552999355,8002.217552999355,8002.217552999355,0.0
1772908326,10,GET,/api/plugins/discover,0.300000,0.300000,8000,8000,8000,8000,8000,8000,8000,8000,8000,8000,8000,22,20,8000.0,7279.318501909406,22.881221999341506,8005.5154750007205,7764.227272727273
1772908326,10,GET,/api/plugins/list,0.300000,0.300000,8000,8000,8000,8000,8000,8000,8000,8000,8000,8000,8000,23,21,8000.0,7307.161157956612,3.039352000996587,8005.122991999087,2.0
1772908326,10,POST,/api/plugins/load?uri,0.000000,0.000000,0,0,0,0,0,0,0,0,0,0,0,2,2,8001.32939300056,8001.575169500029,8001.32939300056,8001.820945999498,0.0
1772908326,10,POST,/api/plugins/unload?uri,0.000000,0.000000,0,0,0,0,0,0,0,0,0,0,0,2,2,8001.737505999699,8001.77154999983,8001.737505999699,8001.805593999961,0.0
1772908326,10,,Aggregated,1.400000,1.400000,8000,8000,8000,8000,8000,8000,8000,8000,8000,8000,8000,113,100,8000.0,7091.497756247839,1.3250620013423031,8005.5154750007205,1541.1681415929204
1772908327,10,GET,/api/audio/latency,0.200000,0.200000,8000,8000,8000,8000,8000,8000,8000,8000,8000,8000,8000,14,11,8000.0,6288.301437071433,1.3250620013423031,8003.038926000954,7.071428571428571
1772908327,10,GET,/api/audio/levels,0.100000,0.100000,8000,8000,8000,8000,8000,8000,8000,8000,8000,8000,8000,16,13,8000.0,6504.081770062385,1.358987999992678,8002.859340000214,13.6875
1772908327,10,GET,/api/audio/levels (during plugin swap),0.000000,0.000000,0,0,0,0,0,0,0,0,0,0,0,4,3,8000.0,6001.654483000038,1.3466050004353747,8002.666981999937,18.25
1772908327,10,GET,/api/audio/levels/plugins,0.000000,0.000000,0,0,0,0,0,0,0,0,0,0,0,2,2,8001.328779000687,8001.487256000473,8001.328779000687,8001.6457330002595,0.0
1772908327,10,GET,/api/audio/status,0.100000,0.100000,8000,8000,8000,8000,8000,8000,8000,8000,8000,8000,8000,1,1,8001.513444000011,8001.513444000011,8001.513444000011,8001.513444000011,0.0
1772908327,10,GET,/api/chains/,0.200000,0.200000,8000,8000,8000,8000,8000,8000,8000,8000,8000,8000,8000,24,22,8000.0,7375.182780374872,438.6417559999245,8003.127326999675,120.91666666666667
1772908327,10,GET,/api/chains/{id},0.100000,0.100000,8000,8000,8000,8000,8000,8000,8000,8000,8000,8000,8000,2,2,8001.260754001123,8001.80036600068,8001.260754001123,8002.339978000236,0.0
1772908327,10,POST,/api/chains/{id}/activate,0.100000,0.100000,8000,8000,8000,8000,8000,8000,8000,8000,8000,8000,8000,1,1,8002.217552999355,8002.217552999355,8002.217552999355,8002.217552999355,0.0
1772908327,10,GET,/api/plugins/discover,0.300000,0.300000,8000,8000,8000,8000,8000,8000,8000,8000,8000,8000,8000,22,20,8000.0,7279.318501909406,22.881221999341506,8005.5154750007205,7764.227272727273
1772908327,10,GET,/api/plugins/list,0.300000,0.300000,8000,8000,8000,8000,8000,8000,8000,8000,8000,8000,8000,23,21,8000.0,7307.161157956612,3.039352000996587,8005.122991999087,2.0
1772908327,10,POST,/api/plugins/load?uri,0.000000,0.000000,0,0,0,0,0,0,0,0,0,0,0,2,2,8001.32939300056,8001.575169500029,8001.32939300056,8001.820945999498,0.0
1772908327,10,POST,/api/plugins/unload?uri,0.000000,0.000000,0,0,0,0,0,0,0,0,0,0,0,2,2,8001.737505999699,8001.77154999983,8001.737505999699,8001.805593999961,0.0
1772908327,10,,Aggregated,1.400000,1.400000,8000,8000,8000,8000,8000,8000,8000,8000,8000,8000,8000,113,100,8000.0,7091.497756247839,1.3250620013423031,8005.5154750007205,1541.1681415929204
1772908328,10,GET,/api/audio/latency,0.200000,0.200000,8000,8000,8000,8000,8000,8000,8000,8000,8000,8000,8000,14,11,8000.0,6288.301437071433,1.3250620013423031,8003.038926000954,7.071428571428571
1772908328,10,GET,/api/audio/levels,0.100000,0.100000,8000,8000,8000,8000,8000,8000,8000,8000,8000,8000,8000,16,13,8000.0,6504.081770062385,1.358987999992678,8002.859340000214,13.6875
1772908328,10,GET,/api/audio/levels (during plugin swap),0.000000,0.000000,0,0,0,0,0,0,0,0,0,0,0,4,3,8000.0,6001.654483000038,1.3466050004353747,8002.666981999937,18.25
1772908328,10,GET,/api/audio/levels/plugins,0.000000,0.000000,0,0,0,0,0,0,0,0,0,0,0,2,2,8001.328779000687,8001.487256000473,8001.328779000687,8001.6457330002595,0.0
1772908328,10,GET,/api/audio/status,0.100000,0.100000,8000,8000,8000,8000,8000,8000,8000,8000,8000,8000,8000,1,1,8001.513444000011,8001.513444000011,8001.513444000011,8001.513444000011,0.0
1772908328,10,GET,/api/chains/,0.200000,0.200000,8000,8000,8000,8000,8000,8000,8000,8000,8000,8000,8000,24,22,8000.0,7375.182780374872,438.6417559999245,8003.127326999675,120.91666666666667
1772908328,10,GET,/api/chains/{id},0.100000,0.100000,8000,8000,8000,8000,8000,8000,8000,8000,8000,8000,8000,2,2,8001.260754001123,8001.80036600068,8001.260754001123,8002.339978000236,0.0
1772908328,10,POST,/api/chains/{id}/activate,0.100000,0.100000,8000,8000,8000,8000,8000,8000,8000,8000,8000,8000,8000,1,1,8002.217552999355,8002.217552999355,8002.217552999355,8002.217552999355,0.0
1772908328,10,GET,/api/plugins/discover,0.300000,0.300000,8000,8000,8000,8000,8000,8000,8000,8000,8000,8000,8000,22,20,8000.0,7279.318501909406,22.881221999341506,8005.5154750007205,7764.227272727273
1772908328,10,GET,/api/plugins/list,0.300000,0.300000,8000,8000,8000,8000,8000,8000,8000,8000,8000,8000,8000,23,21,8000.0,7307.161157956612,3.039352000996587,8005.122991999087,2.0
1772908328,10,POST,/api/plugins/load?uri,0.000000,0.000000,0,0,0,0,0,0,0,0,0,0,0,2,2,8001.32939300056,8001.575169500029,8001.32939300056,8001.820945999498,0.0
1772908328,10,POST,/api/plugins/unload?uri,0.000000,0.000000,0,0,0,0,0,0,0,0,0,0,0,2,2,8001.737505999699,8001.77154999983,8001.737505999699,8001.805593999961,0.0
1772908328,10,,Aggregated,1.400000,1.400000,8000,8000,8000,8000,8000,8000,8000,8000,8000,8000,8000,113,100,8000.0,7091.497756247839,1.3250620013423031,8005.5154750007205,1541.1681415929204
1772908329,10,GET,/api/audio/latency,0.100000,0.100000,8000,8000,8000,8000,8000,8000,8000,8000,8000,8000,8000,14,11,8000.0,6288.301437071433,1.3250620013423031,8003.038926000954,7.071428571428571
1772908329,10,GET,/api/audio/levels,0.200000,0.200000,8000,8000,8000,8000,8000,8000,8000,8000,8000,8000,8000,17,14,8000.0,6592.139033117586,1.358987999992678,8002.859340000214,12.882352941176471
1772908329,10,GET,/api/audio/levels (during plugin swap),0.000000,0.000000,0,0,0,0,0,0,0,0,0,0,0,4,3,8000.0,6001.654483000038,1.3466050004353747,8002.666981999937,18.25
1772908329,10,GET,/api/audio/levels/plugins,0.000000,0.000000,0,0,0,0,0,0,0,0,0,0,0,2,2,8001.328779000687,8001.487256000473,8001.328779000687,8001.6457330002595,0.0
1772908329,10,GET,/api/audio/status,0.100000,0.100000,8000,8000,8000,8000,8000,8000,8000,8000,8000,8000,8000,1,1,8001.513444000011,8001.513444000011,8001.513444000011,8001.513444000011,0.0
1772908329,10,GET,/api/chains/,0.100000,0.100000,8000,8000,8000,8000,8000,8000,8000,8000,8000,8000,8000,24,22,8000.0,7375.182780374872,438.6417559999245,8003.127326999675,120.91666666666667
1772908329,10,GET,/api/chains/{id},0.100000,0.100000,8000,8000,8000,8000,8000,8000,8000,8000,8000,8000,8000,2,2,8001.260754001123,8001.80036600068,8001.260754001123,8002.339978000236,0.0
1772908329,10,POST,/api/chains/{id}/activate,0.000000,0.000000,8000,8000,8000,8000,8000,8000,8000,8000,8000,8000,8000,2,2,8001.851405000707,8002.034479000031,8001.851405000707,8002.217552999355,0.0
1772908329,10,POST,/api/chains/{id}/deactivate,0.000000,0.000000,0,0,0,0,0,0,0,0,0,0,0,1,1,8001.9930389989895,8001.9930389989895,8001.9930389989895,8001.9930389989895,0.0
1772908329,10,GET,/api/plugins/discover,0.300000,0.300000,8000,8000,8000,8000,8000,8000,8000,8000,8000,8000,8000,22,20,8000.0,7279.318501909406,22.881221999341506,8005.5154750007205,7764.227272727273
1772908329,10,GET,/api/plugins/list,0.100000,0.100000,8000,8000,8000,8000,8000,8000,8000,8000,8000,8000,8000,24,22,8000.0,7336.075364041791,3.039352000996587,8005.122991999087,1.9166666666666667
1772908329,10,POST,/api/plugins/load?uri,0.000000,0.000000,0,0,0,0,0,0,0,0,0,0,0,2,2,8001.32939300056,8001.575169500029,8001.32939300056,8001.820945999498,0.0
1772908329,10,POST,/api/plugins/unload?uri,0.000000,0.000000,0,0,0,0,0,0,0,0,0,0,0,2,2,8001.737505999699,8001.77154999983,8001.737505999699,8001.805593999961,0.0
1772908329,10,,Aggregated,1.000000,1.000000,8000,8000,8000,8000,8000,8000,8000,8000,8000,8000,8000,117,104,8000.0,7122.608959367583,1.3250620013423031,8005.5154750007205,1488.4786324786326
1772908330,10,GET,/api/audio/latency,0.100000,0.100000,8000,8000,8000,8000,8000,8000,8000,8000,8000,8000,8000,15,12,8000.0,6402.486355266592,1.3250620013423031,8003.038926000954,6.6
1772908330,10,GET,/api/audio/levels,0.200000,0.200000,8000,8000,8000,8000,8000,8000,8000,8000,8000,8000,8000,17,14,8000.0,6592.139033117586,1.358987999992678,8002.859340000214,12.882352941176471
1772908330,10,GET,/api/audio/levels (during plugin swap),0.000000,0.000000,0,0,0,0,0,0,0,0,0,0,0,4,3,8000.0,6001.654483000038,1.3466050004353747,8002.666981999937,18.25
1772908330,10,GET,/api/audio/levels/plugins,0.000000,0.000000,0,0,0,0,0,0,0,0,0,0,0,2,2,8001.328779000687,8001.487256000473,8001.328779000687,8001.6457330002595,0.0
1772908330,10,GET,/api/audio/status,0.100000,0.100000,8000,8000,8000,8000,8000,8000,8000,8000,8000,8000,8000,1,1,8001.513444000011,8001.513444000011,8001.513444000011,8001.513444000011,0.0
1772908330,10,GET,/api/chains/,0.100000,0.100000,8000,8000,8000,8000,8000,8000,8000,8000,8000,8000,8000,24,22,8000.0,7375.182780374872,438.6417559999245,8003.127326999675,120.91666666666667
1772908330,10,GET,/api/chains/{id},0.100000,0.100000,8000,8000,8000,8000,8000,8000,8000,8000,8000,8000,8000,2,2,8001.260754001123,8001.80036600068,8001.260754001123,8002.339978000236,0.0
1772908330,10,POST,/api/chains/{id}/activate,0.000000,0.000000,8000,8000,8000,8000,8000,8000,8000,8000,8000,8000,8000,2,2,8001.851405000707,8002.034479000031,8001.851405000707,8002.217552999355,0.0
1772908330,10,POST,/api/chains/{id}/deactivate,0.000000,0.000000,8000,8000,8000,8000,8000,8000,8000,8000,8000,8000,8000,1,1,8001.9930389989895,8001.9930389989895,8001.9930389989895,8001.9930389989895,0.0
1772908330,10,GET,/api/plugins/discover,0.300000,0.300000,8000,8000,8000,8000,8000,8000,8000,8000,8000,8000,8000,23,21,8000.0,7310.740889348145,22.881221999341506,8005.5154750007205,7426.652173913043
1772908330,10,GET,/api/plugins/list,0.100000,0.100000,8000,8000,8000,8000,8000,8000,8000,8000,8000,8000,8000,24,22,8000.0,7336.075364041791,3.039352000996587,8005.122991999087,1.9166666666666667
1772908330,10,POST,/api/plugins/load?uri,0.000000,0.000000,0,0,0,0,0,0,0,0,0,0,0,2,2,8001.32939300056,8001.575169500029,8001.32939300056,8001.820945999498,0.0
1772908330,10,POST,/api/plugins/unload?uri,0.000000,0.000000,0,0,0,0,0,0,0,0,0,0,0,2,2,8001.737505999699,8001.77154999983,8001.737505999699,8001.805593999961,0.0
1772908330,10,,Aggregated,1.000000,1.000000,8000,8000,8000,8000,8000,8000,8000,8000,8000,8000,8000,119,106,8000.0,7137.381150159718,1.3250620013423031,8005.5154750007205,1463.4621848739496
1772908331,10,GET,/api/audio/latency,0.100000,0.100000,8000,8000,8000,8000,8000,8000,8000,8000,8000,8000,8000,16,13,8000.0,6502.41299112497,1.3250620013423031,8003.038926000954,6.1875
1772908331,10,GET,/api/audio/levels,0.300000,0.300000,8000,8000,8000,8000,8000,8000,8000,8000,8000,8000,8000,18,15,8000.0,6670.484260944451,1.358987999992678,8002.859340000214,12.166666666666666
1772908331,10,GET,/api/audio/levels (during plugin swap),0.000000,0.000000,0,0,0,0,0,0,0,0,0,0,0,4,3,8000.0,6001.654483000038,1.3466050004353747,8002.666981999937,18.25
1772908331,10,GET,/api/audio/levels/plugins,0.000000,0.000000,0,0,0,0,0,0,0,0,0,0,0,2,2,8001.328779000687,8001.487256000473,8001.328779000687,8001.6457330002595,0.0
1772908331,10,GET,/api/audio/status,0.100000,0.100000,8000,8000,8000,8000,8000,8000,8000,8000,8000,8000,8000,1,1,8001.513444000011,8001.513444000011,8001.513444000011,8001.513444000011,0.0
1772908331,10,GET,/api/chains/,0.100000,0.100000,8000,8000,8000,8000,8000,8000,8000,8000,8000,8000,8000,24,22,8000.0,7375.182780374872,438.6417559999245,8003.127326999675,120.91666666666667
1772908331,10,GET,/api/chains/{id},0.100000,0.100000,8000,8000,8000,8000,8000,8000,8000,8000,8000,8000,8000,2,2,8001.260754001123,8001.80036600068,8001.260754001123,8002.339978000236,0.0
1772908331,10,POST,/api/chains/{id}/activate,0.100000,0.100000,8000,8000,8000,8000,8000,8000,8000,8000,8000,8000,8000,2,2,8001.851405000707,8002.034479000031,8001.851405000707,8002.217552999355,0.0
1772908331,10,POST,/api/chains/{id}/deactivate,0.100000,0.100000,8000,8000,8000,8000,8000,8000,8000,8000,8000,8000,8000,1,1,8001.9930389989895,8001.9930389989895,8001.9930389989895,8001.9930389989895,0.0
1772908331,10,GET,/api/plugins/discover,0.300000,0.300000,8000,8000,8000,8000,8000,8000,8000,8000,8000,8000,8000,23,21,8000.0,7310.740889348145,22.881221999341506,8005.5154750007205,7426.652173913043
1772908331,10,GET,/api/plugins/list,0.200000,0.200000,8000,8000,8000,8000,8000,8000,8000,8000,8000,8000,8000,24,22,8000.0,7336.075364041791,3.039352000996587,8005.122991999087,1.9166666666666667
1772908331,10,POST,/api/plugins/load?uri,0.000000,0.000000,0,0,0,0,0,0,0,0,0,0,0,2,2,8001.32939300056,8001.575169500029,8001.32939300056,8001.820945999498,0.0
1772908331,10,POST,/api/plugins/unload?uri,0.000000,0.000000,0,0,0,0,0,0,0,0,0,0,0,2,2,8001.737505999699,8001.77154999983,8001.737505999699,8001.805593999961,0.0
1772908331,10,,Aggregated,1.400000,1.400000,8000,8000,8000,8000,8000,8000,8000,8000,8000,8000,8000,121,108,8000.0,7151.669607702548,1.3250620013423031,8005.5154750007205,1439.2727272727273
1772908332,10,GET,/api/audio/latency,0.100000,0.100000,8000,8000,8000,8000,8000,8000,8000,8000,8000,8000,8000,16,13,8000.0,6502.41299112497,1.3250620013423031,8003.038926000954,6.1875
1772908332,10,GET,/api/audio/levels,0.300000,0.300000,8000,8000,8000,8000,8000,8000,8000,8000,8000,8000,8000,19,16,8000.0,6740.543540368411,1.358987999992678,8002.859340000214,11.526315789473685
1772908332,10,GET,/api/audio/levels (during plugin swap),0.000000,0.000000,0,0,0,0,0,0,0,0,0,0,0,4,3,8000.0,6001.654483000038,1.3466050004353747,8002.666981999937,18.25
1772908332,10,GET,/api/audio/levels/plugins,0.000000,0.000000,0,0,0,0,0,0,0,0,0,0,0,2,2,8001.328779000687,8001.487256000473,8001.328779000687,8001.6457330002595,0.0
1772908332,10,GET,/api/audio/status,0.100000,0.100000,8000,8000,8000,8000,8000,8000,8000,8000,8000,8000,8000,1,1,8001.513444000011,8001.513444000011,8001.513444000011,8001.513444000011,0.0
1772908332,10,GET,/api/chains/,0.100000,0.100000,8000,8000,8000,8000,8000,8000,8000,8000,8000,8000,8000,25,23,8000.0,7400.247266439912,438.6417559999245,8003.127326999675,116.08
1772908332,10,GET,/api/chains/{id},0.100000,0.100000,8000,8000,8000,8000,8000,8000,8000,8000,8000,8000,8000,2,2,8001.260754001123,8001.80036600068,8001.260754001123,8002.339978000236,0.0
1772908332,10,POST,/api/chains/{id}/activate,0.100000,0.100000,8000,8000,8000,8000,8000,8000,8000,8000,8000,8000,8000,2,2,8001.851405000707,8002.034479000031,8001.851405000707,8002.217552999355,0.0
1772908332,10,POST,/api/chains/{id}/deactivate,0.100000,0.100000,8000,8000,8000,8000,8000,8000,8000,8000,8000,8000,8000,1,1,8001.9930389989895,8001.9930389989895,8001.9930389989895,8001.9930389989895,0.0
1772908332,10,GET,/api/plugins/discover,0.300000,0.300000,8000,8000,8000,8000,8000,8000,8000,8000,8000,8000,8000,23,21,8000.0,7310.740889348145,22.881221999341506,8005.5154750007205,7426.652173913043
1772908332,10,GET,/api/plugins/list,0.200000,0.200000,8000,8000,8000,8000,8000,8000,8000,8000,8000,8000,8000,24,22,8000.0,7336.075364041791,3.039352000996587,8005.122991999087,1.9166666666666667
1772908332,10,POST,/api/plugins/load?uri,0.000000,0.000000,0,0,0,0,0,0,0,0,0,0,0,2,2,8001.32939300056,8001.575169500029,8001.32939300056,8001.820945999498,0.0
1772908332,10,POST,/api/plugins/unload?uri,0.000000,0.000000,0,0,0,0,0,0,0,0,0,0,0,2,2,8001.737505999699,8001.77154999983,8001.737505999699,8001.805593999961,0.0
1772908332,10,,Aggregated,1.400000,1.400000,8000,8000,8000,8000,8000,8000,8000,8000,8000,8000,8000,123,110,8000.0,7165.49128482934,1.3250620013423031,8005.5154750007205,1415.8699186991869
1772908333,10,GET,/api/audio/latency,0.100000,0.100000,8000,8000,8000,8000,8000,8000,8000,8000,8000,8000,8000,16,13,8000.0,6502.41299112497,1.3250620013423031,8003.038926000954,6.1875
1772908333,10,GET,/api/audio/levels,0.300000,0.300000,8000,8000,8000,8000,8000,8000,8000,8000,8000,8000,8000,19,16,8000.0,6740.543540368411,1.358987999992678,8002.859340000214,11.526315789473685
1772908333,10,GET,/api/audio/levels (during plugin swap),0.000000,0.000000,0,0,0,0,0,0,0,0,0,0,0,4,3,8000.0,6001.654483000038,1.3466050004353747,8002.666981999937,18.25
1772908333,10,GET,/api/audio/levels/plugins,0.000000,0.000000,0,0,0,0,0,0,0,0,0,0,0,2,2,8001.328779000687,8001.487256000473,8001.328779000687,8001.6457330002595,0.0
1772908333,10,GET,/api/audio/status,0.100000,0.100000,8000,8000,8000,8000,8000,8000,8000,8000,8000,8000,8000,1,1,8001.513444000011,8001.513444000011,8001.513444000011,8001.513444000011,0.0
1772908333,10,GET,/api/chains/,0.100000,0.100000,8000,8000,8000,8000,8000,8000,8000,8000,8000,8000,8000,25,23,8000.0,7400.247266439912,438.6417559999245,8003.127326999675,116.08
1772908333,10,GET,/api/chains/{id},0.100000,0.100000,8000,8000,8000,8000,8000,8000,8000,8000,8000,8000,8000,2,2,8001.260754001123,8001.80036600068,8001.260754001123,8002.339978000236,0.0
1772908333,10,POST,/api/chains/{id}/activate,0.100000,0.100000,8000,8000,8000,8000,8000,8000,8000,8000,8000,8000,8000,2,2,8001.851405000707,8002.034479000031,8001.851405000707,8002.217552999355,0.0
1772908333,10,POST,/api/chains/{id}/deactivate,0.100000,0.100000,8000,8000,8000,8000,8000,8000,8000,8000,8000,8000,8000,1,1,8001.9930389989895,8001.9930389989895,8001.9930389989895,8001.9930389989895,0.0
1772908333,10,GET,/api/plugins/discover,0.300000,0.300000,8000,8000,8000,8000,8000,8000,8000,8000,8000,8000,8000,23,21,8000.0,7310.740889348145,22.881221999341506,8005.5154750007205,7426.652173913043
1772908333,10,GET,/api/plugins/list,0.200000,0.200000,8000,8000,8000,8000,8000,8000,8000,8000,8000,8000,8000,24,22,8000.0,7336.075364041791,3.039352000996587,8005.122991999087,1.9166666666666667
1772908333,10,POST,/api/plugins/load?uri,0.000000,0.000000,0,0,0,0,0,0,0,0,0,0,0,2,2,8001.32939300056,8001.575169500029,8001.32939300056,8001.820945999498,0.0
1772908333,10,POST,/api/plugins/unload?uri,0.000000,0.000000,0,0,0,0,0,0,0,0,0,0,0,2,2,8001.737505999699,8001.77154999983,8001.737505999699,8001.805593999961,0.0
1772908333,10,,Aggregated,1.400000,1.400000,8000,8000,8000,8000,8000,8000,8000,8000,8000,8000,8000,123,110,8000.0,7165.49128482934,1.3250620013423031,8005.5154750007205,1415.8699186991869
1772908334,0,GET,/api/audio/latency,0.100000,0.100000,8000,8000,8000,8000,8000,8000,8000,8000,8000,8000,8000,16,13,8000.0,6502.41299112497,1.3250620013423031,8003.038926000954,6.1875
1772908334,0,GET,/api/audio/levels,0.300000,0.300000,8000,8000,8000,8000,8000,8000,8000,8000,8000,8000,8000,19,16,8000.0,6740.543540368411,1.358987999992678,8002.859340000214,11.526315789473685
1772908334,0,GET,/api/audio/levels (during plugin swap),0.000000,0.000000,0,0,0,0,0,0,0,0,0,0,0,4,3,8000.0,6001.654483000038,1.3466050004353747,8002.666981999937,18.25
1772908334,0,GET,/api/audio/levels/plugins,0.000000,0.000000,0,0,0,0,0,0,0,0,0,0,0,2,2,8001.328779000687,8001.487256000473,8001.328779000687,8001.6457330002595,0.0
1772908334,0,GET,/api/audio/status,0.100000,0.100000,8000,8000,8000,8000,8000,8000,8000,8000,8000,8000,8000,1,1,8001.513444000011,8001.513444000011,8001.513444000011,8001.513444000011,0.0
1772908334,0,GET,/api/chains/,0.100000,0.100000,8000,8000,8000,8000,8000,8000,8000,8000,8000,8000,8000,25,23,8000.0,7400.247266439912,438.6417559999245,8003.127326999675,116.08
1772908334,0,GET,/api/chains/{id},0.100000,0.100000,8000,8000,8000,8000,8000,8000,8000,8000,8000,8000,8000,2,2,8001.260754001123,8001.80036600068,8001.260754001123,8002.339978000236,0.0
1772908334,0,POST,/api/chains/{id}/activate,0.100000,0.100000,8000,8000,8000,8000,8000,8000,8000,8000,8000,8000,8000,2,2,8001.851405000707,8002.034479000031,8001.851405000707,8002.217552999355,0.0
1772908334,0,POST,/api/chains/{id}/deactivate,0.100000,0.100000,8000,8000,8000,8000,8000,8000,8000,8000,8000,8000,8000,1,1,8001.9930389989895,8001.9930389989895,8001.9930389989895,8001.9930389989895,0.0
1772908334,0,GET,/api/plugins/discover,0.300000,0.300000,8000,8000,8000,8000,8000,8000,8000,8000,8000,8000,8000,23,21,8000.0,7310.740889348145,22.881221999341506,8005.5154750007205,7426.652173913043
1772908334,0,GET,/api/plugins/list,0.200000,0.200000,8000,8000,8000,8000,8000,8000,8000,8000,8000,8000,8000,24,22,8000.0,7336.075364041791,3.039352000996587,8005.122991999087,1.9166666666666667
1772908334,0,POST,/api/plugins/load?uri,0.000000,0.000000,0,0,0,0,0,0,0,0,0,0,0,2,2,8001.32939300056,8001.575169500029,8001.32939300056,8001.820945999498,0.0
1772908334,0,POST,/api/plugins/unload?uri,0.000000,0.000000,0,0,0,0,0,0,0,0,0,0,0,2,2,8001.737505999699,8001.77154999983,8001.737505999699,8001.805593999961,0.0
1772908334,0,,Aggregated,1.400000,1.400000,8000,8000,8000,8000,8000,8000,8000,8000,8000,8000,8000,123,110,8000.0,7165.49128482934,1.3250620013423031,8005.5154750007205,1415.8699186991869
