[2026-03-07 14:16:16,520] MAP2-TESTBED/INFO/locust.main: Starting Locust 2.43.3
[2026-03-07 14:16:16,521] MAP2-TESTBED/WARNING/locust.main: System open file limit '8192 is below minimum setting '10000'.
It's not high enough for load testing, and the OS didn't allow locust to increase it by itself.
See https://github.com/locustio/locust/wiki/Installation#increasing-maximum-number-of-open-files-limit for more info.
[2026-03-07 14:16:16,521] MAP2-TESTBED/INFO/locust.main: Run time limit set to 70 seconds
Type     Name                                                                          # reqs      # fails |    Avg     Min     Max    Med |   req/s  failures/s
--------|----------------------------------------------------------------------------|-------|-------------|-------|-------|-------|-------|--------|-----------
--------|----------------------------------------------------------------------------|-------|-------------|-------|-------|-------|-------|--------|-----------
         Aggregated                                                                         0     0(0.00%) |      0       0       0      0 |    0.00        0.00

[2026-03-07 14:16:16,544] MAP2-TESTBED/INFO/locust.runners: Ramping to 10 users at a rate of 2.00 per second
Type     Name                                                                          # reqs      # fails |    Avg     Min     Max    Med |   req/s  failures/s
--------|----------------------------------------------------------------------------|-------|-------------|-------|-------|-------|-------|--------|-----------
GET      /api/audio/latency                                                                13     0(0.00%) |      5       1      20      3 |    0.00        0.00
GET      /api/audio/levels                                                                 13     0(0.00%) |     12       1      50     12 |    0.00        0.00
GET      /api/audio/levels (during plugin swap)                                             4     0(0.00%) |      7       1      13      6 |    0.00        0.00
GET      /api/audio/levels/plugins                                                          4     0(0.00%) |      1       1       2      2 |    0.00        0.00
GET      /api/audio/status                                                                  8     0(0.00%) |      2       1       6      2 |    0.00        0.00
GET      /api/chains/                                                                      10     0(0.00%) |     73       1     348      4 |    0.00        0.00
GET      /api/chains/{id}                                                                   8     0(0.00%) |      9       1      27      8 |    0.00        0.00
POST     /api/chains/{id}/activate                                                          8     0(0.00%) |      5       1      13      4 |    0.00        0.00
POST     /api/chains/{id}/deactivate                                                        8     0(0.00%) |      3       1       8      2 |    0.00        0.00
GET      /api/plugins/discover                                                             10     0(0.00%) |     22      10      39     22 |    0.00        0.00
GET      /api/plugins/list                                                                 10     0(0.00%) |      6       1      17      2 |    0.00        0.00
POST     /api/plugins/load?uri                                                              4     0(0.00%) |      9       2      17      4 |    0.00        0.00
POST     /api/plugins/unload?uri                                                            4     0(0.00%) |      2       1       4      1 |    0.00        0.00
--------|----------------------------------------------------------------------------|-------|-------------|-------|-------|-------|-------|--------|-----------
         Aggregated                                                                       104     0(0.00%) |     14       1     348      4 |    0.00        0.00

Type     Name                                                                          # reqs      # fails |    Avg     Min     Max    Med |   req/s  failures/s
--------|----------------------------------------------------------------------------|-------|-------------|-------|-------|-------|-------|--------|-----------
GET      /api/audio/latency                                                                32     0(0.00%) |     20       1     365      2 |    3.50        0.00
GET      /api/audio/levels                                                                 32     0(0.00%) |     34       1     302     11 |    3.50        0.00
GET      /api/audio/levels (during plugin swap)                                             6     0(0.00%) |      6       1      13      6 |    1.00        0.00
GET      /api/audio/levels/plugins                                                          6     0(0.00%) |      1       1       2      1 |    1.00        0.00
GET      /api/audio/status                                                                 25     0(0.00%) |     22       1     367      2 |    3.00        0.00
GET      /api/chains/                                                                      24     0(0.00%) |     41       1     348      5 |    3.00        0.00
GET      /api/chains/{id}                                                                  25     0(0.00%) |     20       1     193     11 |    3.00        0.00
POST     /api/chains/{id}/activate                                                         25     0(0.00%) |     27       1     309      7 |    3.00        0.00
POST     /api/chains/{id}/deactivate                                                       25     0(0.00%) |     20       1     366      4 |    3.00        0.00
GET      /api/plugins/discover                                                             24     0(0.00%) |     57      10     367     27 |    3.00        0.00
GET      /api/plugins/list                                                                 24     0(0.00%) |     60       1     362      2 |    3.00        0.00
POST     /api/plugins/load?uri                                                              6     0(0.00%) |      8       1      17      4 |    1.00        0.00
POST     /api/plugins/unload?uri                                                            6     0(0.00%) |      1       1       4      1 |    1.00        0.00
--------|----------------------------------------------------------------------------|-------|-------------|-------|-------|-------|-------|--------|-----------
         Aggregated                                                                       260     0(0.00%) |     30       1     367      6 |   32.00        0.00

[2026-03-07 14:16:20,570] MAP2-TESTBED/INFO/locust.runners: All users spawned: {"MAP2RealtimeUser": 10} (10 total users)
Type     Name                                                                          # reqs      # fails |    Avg     Min     Max    Med |   req/s  failures/s
--------|----------------------------------------------------------------------------|-------|-------------|-------|-------|-------|-------|--------|-----------
GET      /api/audio/latency                                                                75     0(0.00%) |     17       1     365      3 |    6.25        0.00
GET      /api/audio/levels                                                                 75     0(0.00%) |     28       1     302      7 |    6.25        0.00
GET      /api/audio/levels (during plugin swap)                                            11     0(0.00%) |      8       1      15      8 |    1.25        0.00
GET      /api/audio/levels/plugins                                                         11     0(0.00%) |      2       1       7      1 |    1.25        0.00
GET      /api/audio/status                                                                 52     0(0.00%) |     16       1     367      3 |    4.25        0.00
GET      /api/chains/                                                                      47     0(0.00%) |     31       1     348      7 |    4.50        0.00
GET      /api/chains/{id}                                                                  53     0(0.00%) |     20       1     245      7 |    4.25        0.00
POST     /api/chains/{id}/activate                                                         53     0(0.00%) |     30       1     309      7 |    4.25        0.00
POST     /api/chains/{id}/deactivate                                                       52     0(0.00%) |     21       1     366      3 |    4.25        0.00
GET      /api/plugins/discover                                                             47     0(0.00%) |     41      10     367     24 |    4.50        0.00
GET      /api/plugins/list                                                                 47     0(0.00%) |     40       1     362      3 |    4.50        0.00
POST     /api/plugins/load?uri                                                             11     0(0.00%) |      6       1      17      4 |    1.25        0.00
POST     /api/plugins/unload?uri                                                           11     0(0.00%) |      1       1       4      1 |    1.25        0.00
--------|----------------------------------------------------------------------------|-------|-------------|-------|-------|-------|-------|--------|-----------
         Aggregated                                                                       545     0(0.00%) |     24       1     367      5 |   48.00        0.00

Type     Name                                                                          # reqs      # fails |    Avg     Min     Max    Med |   req/s  failures/s
--------|----------------------------------------------------------------------------|-------|-------------|-------|-------|-------|-------|--------|-----------
GET      /api/audio/latency                                                                91     0(0.00%) |     17       1     365      3 |   10.50        0.00
GET      /api/audio/levels                                                                 91     0(0.00%) |     48       1    1095      9 |   10.50        0.00
GET      /api/audio/levels (during plugin swap)                                            12     0(0.00%) |     99       1    1108      8 |    1.50        0.00
GET      /api/audio/levels/plugins                                                         12     0(0.00%) |      4       1      32      1 |    1.50        0.00
GET      /api/audio/status                                                                 65     0(0.00%) |     16       1     367      3 |    8.00        0.00
GET      /api/chains/                                                                      58     0(0.00%) |     60       1    1001      7 |    6.33        0.00
GET      /api/chains/{id}                                                                  65     0(0.00%) |     94       1    1041      8 |    8.00        0.00
POST     /api/chains/{id}/activate                                                         65     0(0.00%) |     31       1     309      9 |    8.00        0.00
POST     /api/chains/{id}/deactivate                                                       65     0(0.00%) |     19       1     366      4 |    7.50        0.00
GET      /api/plugins/discover                                                             58     0(0.00%) |     37      10     367     23 |    6.17        0.00
GET      /api/plugins/list                                                                 58     0(0.00%) |     36       1     362      3 |    6.33        0.00
POST     /api/plugins/load?uri                                                             12     0(0.00%) |     13       1      81      4 |    1.50        0.00
POST     /api/plugins/unload?uri                                                           12     0(0.00%) |      2       1       9      1 |    1.50        0.00
--------|----------------------------------------------------------------------------|-------|-------------|-------|-------|-------|-------|--------|-----------
         Aggregated                                                                       664     0(0.00%) |     38       1    1108      6 |   77.33        0.00

Type     Name                                                                          # reqs      # fails |    Avg     Min     Max    Med |   req/s  failures/s
--------|----------------------------------------------------------------------------|-------|-------------|-------|-------|-------|-------|--------|-----------
GET      /api/audio/latency                                                               131     0(0.00%) |     14       1     365      3 |   11.12        0.00
GET      /api/audio/levels                                                                132     0(0.00%) |     39       1    1095      6 |   11.12        0.00
GET      /api/audio/levels (during plugin swap)                                            31     0(0.00%) |     44       1    1108      5 |    1.38        0.00
GET      /api/audio/levels/plugins                                                         31     0(0.00%) |      4       1      32      2 |    1.38        0.00
GET      /api/audio/status                                                                 94     0(0.00%) |     13       1     367      2 |    7.50        0.00
GET      /api/chains/                                                                      78     0(0.00%) |     53       1    1001      7 |    7.00        0.00
GET      /api/chains/{id}                                                                  95     0(0.00%) |     68       1    1041      4 |    7.50        0.00
POST     /api/chains/{id}/activate                                                         94     0(0.00%) |     23       1     309      6 |    7.50        0.00
POST     /api/chains/{id}/deactivate                                                       94     0(0.00%) |     15       1     366      3 |    7.50        0.00
POST     /api/plugins/batch/parameters (500 updates)                                        3     0(0.00%) |      8       3      13      9 |    0.00        0.00
GET      /api/plugins/discover                                                             78     0(0.00%) |     34      10     367     21 |    7.00        0.00
GET      /api/plugins/list                                                                 78     0(0.00%) |     29       1     362      3 |    7.00        0.00
POST     /api/plugins/load?uri                                                             31     0(0.00%) |      8       1      81      3 |    1.38        0.00
POST     /api/plugins/unload?uri                                                           31     0(0.00%) |      3       1      21      1 |    1.38        0.00
--------|----------------------------------------------------------------------------|-------|-------------|-------|-------|-------|-------|--------|-----------
         Aggregated                                                                      1001     0(0.00%) |     29       1    1108      4 |   78.75        0.00

Type     Name                                                                          # reqs      # fails |    Avg     Min     Max    Med |   req/s  failures/s
--------|----------------------------------------------------------------------------|-------|-------------|-------|-------|-------|-------|--------|-----------
GET      /api/audio/latency                                                               169     0(0.00%) |     14       1     365      3 |   12.00        0.00
GET      /api/audio/levels                                                                169     0(0.00%) |     38       1    1095      7 |   12.00        0.00
GET      /api/audio/levels (during plugin swap)                                            42     0(0.00%) |     35       1    1108      7 |    2.30        0.00
GET      /api/audio/levels/plugins                                                         42     0(0.00%) |      4       1      32      2 |    2.30        0.00
GET      /api/audio/status                                                                125     0(0.00%) |     11       1     367      2 |    8.60        0.00
GET      /api/chains/                                                                      92     0(0.00%) |     50       1    1001      7 |    7.50        0.00
GET      /api/chains/{id}                                                                 125     0(0.00%) |     57       1    1041      4 |    8.60        0.00
POST     /api/chains/{id}/activate                                                        125     0(0.00%) |     20       1     309      4 |    8.60        0.00
POST     /api/chains/{id}/deactivate                                                      125     0(0.00%) |     12       1     366      2 |    8.60        0.00
POST     /api/plugins/batch/parameters (500 updates)                                        9     0(0.00%) |     10       2      25      9 |    0.20        0.00
GET      /api/plugins/discover                                                             92     0(0.00%) |     34      10     367     20 |    7.40        0.00
GET      /api/plugins/list                                                                 92     0(0.00%) |     26       1     362      3 |    7.50        0.00
POST     /api/plugins/load?uri                                                             42     0(0.00%) |      7       1      81      3 |    2.30        0.00
POST     /api/plugins/unload?uri                                                           42     0(0.00%) |      3       1      24      2 |    2.30        0.00
--------|----------------------------------------------------------------------------|-------|-------------|-------|-------|-------|-------|--------|-----------
         Aggregated                                                                      1291     0(0.00%) |     26       1    1108      4 |   90.20        0.00

Type     Name                                                                          # reqs      # fails |    Avg     Min     Max    Med |   req/s  failures/s
--------|----------------------------------------------------------------------------|-------|-------------|-------|-------|-------|-------|--------|-----------
GET      /api/audio/latency                                                               218     0(0.00%) |     16       1     365      3 |   15.10        0.00
GET      /api/audio/levels                                                                218     0(0.00%) |     34       1    1095      6 |   15.10        0.00
GET      /api/audio/levels (during plugin swap)                                            55     0(0.00%) |     35       1    1108      7 |    3.60        0.00
GET      /api/audio/levels/plugins                                                         55     0(0.00%) |      5       1      45      2 |    3.60        0.00
GET      /api/audio/status                                                                147     0(0.00%) |     13       1     367      2 |   10.70        0.00
GET      /api/chains/                                                                     105     0(0.00%) |     44       1    1001      6 |    8.20        0.00
GET      /api/chains/{id}                                                                 147     0(0.00%) |     50       1    1041      4 |   10.70        0.00
POST     /api/chains/{id}/activate                                                        147     0(0.00%) |     18       1     309      4 |   10.70        0.00
POST     /api/chains/{id}/deactivate                                                      147     0(0.00%) |     12       1     366      2 |   10.70        0.00
POST     /api/plugins/batch/parameters (500 updates)                                       18     0(0.00%) |     19       2     184     10 |    0.90        0.00
GET      /api/plugins/discover                                                            105     0(0.00%) |     35      10     367     20 |    8.20        0.00
GET      /api/plugins/list                                                                105     0(0.00%) |     24       1     362      3 |    8.20        0.00
POST     /api/plugins/load?uri                                                             55     0(0.00%) |      7       1      81      3 |    3.60        0.00
POST     /api/plugins/unload?uri                                                           55     0(0.00%) |      4       1      24      2 |    3.60        0.00
--------|----------------------------------------------------------------------------|-------|-------------|-------|-------|-------|-------|--------|-----------
         Aggregated                                                                      1577     0(0.00%) |     24       1    1108      4 |  112.90        0.00

Type     Name                                                                          # reqs      # fails |    Avg     Min     Max    Med |   req/s  failures/s
--------|----------------------------------------------------------------------------|-------|-------------|-------|-------|-------|-------|--------|-----------
GET      /api/audio/latency                                                               257     0(0.00%) |     16       1     365      3 |   17.90        0.00
GET      /api/audio/levels                                                                257     0(0.00%) |     33       1    1095      6 |   17.90        0.00
GET      /api/audio/levels (during plugin swap)                                            66     0(0.00%) |     30       1    1108      5 |    4.60        0.00
GET      /api/audio/levels/plugins                                                         66     0(0.00%) |      4       1      45      2 |    4.60        0.00
GET      /api/audio/status                                                                175     0(0.00%) |     13       1     367      2 |   12.60        0.00
GET      /api/chains/                                                                     111     0(0.00%) |     42       1    1001      6 |    8.40        0.00
GET      /api/chains/{id}                                                                 175     0(0.00%) |     46       1    1041      4 |   12.60        0.00
POST     /api/chains/{id}/activate                                                        175     0(0.00%) |     19       1     309      4 |   12.60        0.00
POST     /api/chains/{id}/deactivate                                                      175     0(0.00%) |     11       1     366      2 |   12.50        0.00
POST     /api/plugins/batch/parameters (500 updates)                                       31     0(0.00%) |     22       2     184     10 |    1.40        0.00
GET      /api/plugins/discover                                                            111     0(0.00%) |     34      10     367     18 |    8.40        0.00
GET      /api/plugins/list                                                                111     0(0.00%) |     25       1     362      3 |    8.40        0.00
POST     /api/plugins/load?uri                                                             66     0(0.00%) |      7       1      81      3 |    4.60        0.00
POST     /api/plugins/unload?uri                                                           66     0(0.00%) |      4       1      26      2 |    4.60        0.00
--------|----------------------------------------------------------------------------|-------|-------------|-------|-------|-------|-------|--------|-----------
         Aggregated                                                                      1842     0(0.00%) |     23       1    1108      4 |  131.10        0.00

Type     Name                                                                          # reqs      # fails |    Avg     Min     Max    Med |   req/s  failures/s
--------|----------------------------------------------------------------------------|-------|-------------|-------|-------|-------|-------|--------|-----------
GET      /api/audio/latency                                                               285     0(0.00%) |     15       1     365      3 |   17.90        0.00
GET      /api/audio/levels                                                                285     0(0.00%) |     30       1    1095      6 |   18.00        0.00
GET      /api/audio/levels (during plugin swap)                                            79     0(0.00%) |     26       1    1108      5 |    5.40        0.00
GET      /api/audio/levels/plugins                                                         79     0(0.00%) |      5       1      45      2 |    5.40        0.00
GET      /api/audio/status                                                                202     0(0.00%) |     12       1     367      2 |   11.60        0.00
GET      /api/chains/                                                                     119     0(0.00%) |     40       1    1001      6 |    7.20        0.00
GET      /api/chains/{id}                                                                 202     0(0.00%) |     41       1    1041      4 |   11.80        0.00
POST     /api/chains/{id}/activate                                                        202     0(0.00%) |     17       1     309      4 |   11.70        0.00
POST     /api/chains/{id}/deactivate                                                      202     0(0.00%) |     10       1     366      2 |   11.90        0.00
POST     /api/plugins/batch/parameters (500 updates)                                       47     0(0.00%) |     17       2     184      9 |    2.80        0.00
GET      /api/plugins/discover                                                            119     0(0.00%) |     32      10     367     16 |    7.20        0.00
GET      /api/plugins/list                                                                119     0(0.00%) |     24       1     362      3 |    7.10        0.00
POST     /api/plugins/load?uri                                                             79     0(0.00%) |      6       1      81      3 |    5.40        0.00
POST     /api/plugins/unload?uri                                                           79     0(0.00%) |      4       1      26      2 |    5.40        0.00
--------|----------------------------------------------------------------------------|-------|-------------|-------|-------|-------|-------|--------|-----------
         Aggregated                                                                      2098     0(0.00%) |     21       1    1108      4 |  128.80        0.00

Type     Name                                                                          # reqs      # fails |    Avg     Min     Max    Med |   req/s  failures/s
--------|----------------------------------------------------------------------------|-------|-------------|-------|-------|-------|-------|--------|-----------
GET      /api/audio/latency                                                               310     0(0.00%) |     15       1     365      3 |   19.50        0.00
GET      /api/audio/levels                                                                312     0(0.00%) |     38       1    1095      5 |   19.50        0.00
GET      /api/audio/levels (during plugin swap)                                            87     0(0.00%) |     50       1    1108      5 |    6.60        0.00
GET      /api/audio/levels/plugins                                                         86     0(0.00%) |     11       1     307      2 |    6.60        0.00
GET      /api/audio/status                                                                218     0(0.00%) |     11       1     367      2 |   14.00        0.00
GET      /api/chains/                                                                     121     0(0.00%) |     40       1    1001      6 |    6.30        0.00
GET      /api/chains/{id}                                                                 218     0(0.00%) |     54       1    1306      4 |   14.00        0.00
POST     /api/chains/{id}/activate                                                        218     0(0.00%) |     19       1     384      4 |   14.00        0.00
POST     /api/chains/{id}/deactivate                                                      218     0(0.00%) |      9       1     366      2 |   14.00        0.00
POST     /api/plugins/batch/parameters (500 updates)                                       62     0(0.00%) |     55       2    1037      9 |    4.60        0.00
GET      /api/plugins/discover                                                            121     0(0.00%) |     32      10     367     16 |    6.30        0.00
GET      /api/plugins/list                                                                121     0(0.00%) |     24       1     362      3 |    6.30        0.00
POST     /api/plugins/load?uri                                                             86     0(0.00%) |      8       1      81      3 |    6.60        0.00
POST     /api/plugins/unload?uri                                                           86     0(0.00%) |      5       1      26      2 |    6.60        0.00
--------|----------------------------------------------------------------------------|-------|-------------|-------|-------|-------|-------|--------|-----------
         Aggregated                                                                      2264     0(0.00%) |     26       1    1306      4 |  144.90        0.00

Type     Name                                                                          # reqs      # fails |    Avg     Min     Max    Med |   req/s  failures/s
--------|----------------------------------------------------------------------------|-------|-------------|-------|-------|-------|-------|--------|-----------
GET      /api/audio/latency                                                               348     0(0.00%) |     15       1     365      3 |   17.80        0.00
GET      /api/audio/levels                                                                348     0(0.00%) |     36       1    1095      5 |   17.80        0.00
GET      /api/audio/levels (during plugin swap)                                            97     0(0.00%) |     46       1    1108      5 |    6.20        0.00
GET      /api/audio/levels/plugins                                                         97     0(0.00%) |     10       1     307      2 |    6.20        0.00
GET      /api/audio/status                                                                245     0(0.00%) |     12       1     367      2 |   12.50        0.00
GET      /api/chains/                                                                     124     0(0.00%) |     39       1    1001      6 |    4.40        0.00
GET      /api/chains/{id}                                                                 246     0(0.00%) |     50       1    1306      4 |   12.50        0.00
POST     /api/chains/{id}/activate                                                        246     0(0.00%) |     19       1     384      4 |   12.50        0.00
POST     /api/chains/{id}/deactivate                                                      244     0(0.00%) |     13       1     366      2 |   12.50        0.00
POST     /api/plugins/batch/parameters (500 updates)                                       80     0(0.00%) |     45       2    1037      9 |    5.10        0.00
GET      /api/plugins/discover                                                            124     0(0.00%) |     32      10     367     15 |    4.50        0.00
GET      /api/plugins/list                                                                124     0(0.00%) |     23       1     362      3 |    4.40        0.00
POST     /api/plugins/load?uri                                                             97     0(0.00%) |      8       1      81      3 |    6.20        0.00
POST     /api/plugins/unload?uri                                                           97     0(0.00%) |      8       1     288      2 |    6.20        0.00
--------|----------------------------------------------------------------------------|-------|-------------|-------|-------|-------|-------|--------|-----------
         Aggregated                                                                      2517     0(0.00%) |     25       1    1306      4 |  128.80        0.00

Type     Name                                                                          # reqs      # fails |    Avg     Min     Max    Med |   req/s  failures/s
--------|----------------------------------------------------------------------------|-------|-------------|-------|-------|-------|-------|--------|-----------
GET      /api/audio/latency                                                               382     0(0.00%) |     14       1     365      3 |   17.70        0.00
GET      /api/audio/levels                                                                385     0(0.00%) |     34       1    1095      5 |   17.80        0.00
GET      /api/audio/levels (during plugin swap)                                           103     0(0.00%) |     44       1    1108      5 |    5.70        0.00
GET      /api/audio/levels/plugins                                                        103     0(0.00%) |     11       1     307      2 |    5.70        0.00
GET      /api/audio/status                                                                275     0(0.00%) |     11       1     367      2 |   12.30        0.00
GET      /api/chains/                                                                     127     0(0.00%) |     38       1    1001      6 |    3.50        0.00
GET      /api/chains/{id}                                                                 277     0(0.00%) |     46       1    1306      4 |   12.40        0.00
POST     /api/chains/{id}/activate                                                        276     0(0.00%) |     17       1     384      4 |   12.40        0.00
POST     /api/chains/{id}/deactivate                                                      275     0(0.00%) |     12       1     366      2 |   11.90        0.00
POST     /api/plugins/batch/parameters (500 updates)                                      101     0(0.00%) |     39       2    1037      8 |    6.50        0.00
GET      /api/plugins/discover                                                            127     0(0.00%) |     32      10     367     16 |    3.50        0.00
GET      /api/plugins/list                                                                127     0(0.00%) |     23       1     362      3 |    3.50        0.00
POST     /api/plugins/load?uri                                                            103     0(0.00%) |      8       1      81      3 |    5.70        0.00
POST     /api/plugins/unload?uri                                                          102     0(0.00%) |      8       1     288      2 |    5.60        0.00
--------|----------------------------------------------------------------------------|-------|-------------|-------|-------|-------|-------|--------|-----------
         Aggregated                                                                      2763     0(0.00%) |     24       1    1306      3 |  124.20        0.00

Type     Name                                                                          # reqs      # fails |    Avg     Min     Max    Med |   req/s  failures/s
--------|----------------------------------------------------------------------------|-------|-------------|-------|-------|-------|-------|--------|-----------
GET      /api/audio/latency                                                               422     0(0.00%) |     16       1     365      3 |   17.30        0.00
GET      /api/audio/levels                                                                422     0(0.00%) |     34       1    1095      4 |   17.30        0.00
GET      /api/audio/levels (during plugin swap)                                           121     0(0.00%) |     45       1    1108      4 |    5.00        0.00
GET      /api/audio/levels/plugins                                                        121     0(0.00%) |     10       1     307      2 |    5.00        0.00
GET      /api/audio/status                                                                310     0(0.00%) |     11       1     367      2 |   12.90        0.00
GET      /api/chains/                                                                     128     0(0.00%) |     38       1    1001      6 |    2.50        0.00
GET      /api/chains/{id}                                                                 310     0(0.00%) |     44       1    1306      5 |   13.00        0.00
POST     /api/chains/{id}/activate                                                        310     0(0.00%) |     17       1     384      4 |   12.90        0.00
POST     /api/chains/{id}/deactivate                                                      310     0(0.00%) |     11       1     366      2 |   13.00        0.00
POST     /api/plugins/batch/parameters (500 updates)                                      115     0(0.00%) |     36       2    1037      7 |    8.20        0.00
GET      /api/plugins/discover                                                            128     0(0.00%) |     31      10     367     16 |    2.50        0.00
GET      /api/plugins/list                                                                128     0(0.00%) |     23       1     362      3 |    2.50        0.00
POST     /api/plugins/load?uri                                                            121     0(0.00%) |      9       1      81      3 |    5.00        0.00
POST     /api/plugins/unload?uri                                                          121     0(0.00%) |     10       1     289      2 |    4.90        0.00
--------|----------------------------------------------------------------------------|-------|-------------|-------|-------|-------|-------|--------|-----------
         Aggregated                                                                      3067     0(0.00%) |     23       1    1306      3 |  122.00        0.00

Type     Name                                                                          # reqs      # fails |    Avg     Min     Max    Med |   req/s  failures/s
--------|----------------------------------------------------------------------------|-------|-------------|-------|-------|-------|-------|--------|-----------
GET      /api/audio/latency                                                               470     0(0.00%) |     16       1     365      3 |   16.20        0.00
GET      /api/audio/levels                                                                470     0(0.00%) |     33       1    1095      4 |   16.10        0.00
GET      /api/audio/levels (during plugin swap)                                           127     0(0.00%) |     44       1    1108      4 |    5.50        0.00
GET      /api/audio/levels/plugins                                                        127     0(0.00%) |     10       1     307      2 |    5.50        0.00
GET      /api/audio/status                                                                339     0(0.00%) |     11       1     367      2 |   13.50        0.00
GET      /api/chains/                                                                     132     0(0.00%) |     37       1    1001      6 |    1.70        0.00
GET      /api/chains/{id}                                                                 339     0(0.00%) |     43       1    1306      6 |   13.30        0.00
POST     /api/chains/{id}/activate                                                        339     0(0.00%) |     19       1     384      4 |   13.40        0.00
POST     /api/chains/{id}/deactivate                                                      339     0(0.00%) |     11       1     366      2 |   13.50        0.00
POST     /api/plugins/batch/parameters (500 updates)                                      133     0(0.00%) |     35       2    1037      8 |    8.40        0.00
GET      /api/plugins/discover                                                            132     0(0.00%) |     31      10     367     15 |    1.80        0.00
GET      /api/plugins/list                                                                132     0(0.00%) |     22       1     362      3 |    1.80        0.00
POST     /api/plugins/load?uri                                                            127     0(0.00%) |     10       1     102      3 |    5.50        0.00
POST     /api/plugins/unload?uri                                                          127     0(0.00%) |     10       1     289      2 |    5.50        0.00
--------|----------------------------------------------------------------------------|-------|-------------|-------|-------|-------|-------|--------|-----------
         Aggregated                                                                      3333     0(0.00%) |     23       1    1306      3 |  121.70        0.00

Type     Name                                                                          # reqs      # fails |    Avg     Min     Max    Med |   req/s  failures/s
--------|----------------------------------------------------------------------------|-------|-------------|-------|-------|-------|-------|--------|-----------
GET      /api/audio/latency                                                               493     0(0.00%) |     16       1     365      3 |   16.70        0.00
GET      /api/audio/levels                                                                493     0(0.00%) |     46       1    1105      4 |   16.70        0.00
GET      /api/audio/levels (during plugin swap)                                           129     0(0.00%) |     43       1    1108      4 |    4.80        0.00
GET      /api/audio/levels/plugins                                                        129     0(0.00%) |     10       1     307      2 |    4.70        0.00
GET      /api/audio/status                                                                349     0(0.00%) |     10       1     367      2 |   12.80        0.00
GET      /api/chains/                                                                     133     0(0.00%) |     37       1    1001      6 |    1.10        0.00
GET      /api/chains/{id}                                                                 349     0(0.00%) |     48       1    1306      6 |   12.80        0.00
POST     /api/chains/{id}/activate                                                        349     0(0.00%) |     19       1     384      4 |   12.80        0.00
POST     /api/chains/{id}/deactivate                                                      349     0(0.00%) |     10       1     366      2 |   12.80        0.00
POST     /api/plugins/batch/parameters (500 updates)                                      141     0(0.00%) |     40       2    1037      8 |    8.00        0.00
GET      /api/plugins/discover                                                            133     0(0.00%) |     31      10     367     15 |    1.10        0.00
GET      /api/plugins/list                                                                133     0(0.00%) |     22       1     362      3 |    1.10        0.00
POST     /api/plugins/load?uri                                                            129     0(0.00%) |     10       1     102      3 |    4.70        0.00
POST     /api/plugins/unload?uri                                                          129     0(0.00%) |     10       1     289      2 |    4.70        0.00
--------|----------------------------------------------------------------------------|-------|-------------|-------|-------|-------|-------|--------|-----------
         Aggregated                                                                      3438     0(0.00%) |     26       1    1306      3 |  114.80        0.00

Type     Name                                                                          # reqs      # fails |    Avg     Min     Max    Med |   req/s  failures/s
--------|----------------------------------------------------------------------------|-------|-------------|-------|-------|-------|-------|--------|-----------
GET      /api/audio/latency                                                               539     0(0.00%) |     15       1     365      3 |   18.70        0.00
GET      /api/audio/levels                                                                539     0(0.00%) |     47       1    1105      4 |   18.70        0.00
GET      /api/audio/levels (during plugin swap)                                           137     0(0.00%) |     42       1    1108      4 |    4.40        0.00
GET      /api/audio/levels/plugins                                                        137     0(0.00%) |     10       1     307      2 |    4.40        0.00
GET      /api/audio/status                                                                382     0(0.00%) |     10       1     367      2 |   13.60        0.00
GET      /api/chains/                                                                     134     0(0.00%) |     39       1    1001      6 |    1.40        0.00
GET      /api/chains/{id}                                                                 382     0(0.00%) |     45       1    1306      5 |   13.60        0.00
POST     /api/chains/{id}/activate                                                        382     0(0.00%) |     18       1     384      4 |   13.60        0.00
POST     /api/chains/{id}/deactivate                                                      382     0(0.00%) |     10       1     366      2 |   13.60        0.00
POST     /api/plugins/batch/parameters (500 updates)                                      168     0(0.00%) |     38       2    1037      7 |    8.70        0.00
GET      /api/plugins/discover                                                            134     0(0.00%) |     31      10     367     15 |    1.40        0.00
GET      /api/plugins/list                                                                134     0(0.00%) |     22       1     362      3 |    1.40        0.00
POST     /api/plugins/load?uri                                                            137     0(0.00%) |      9       1     102      3 |    4.40        0.00
POST     /api/plugins/unload?uri                                                          137     0(0.00%) |      9       1     289      2 |    4.40        0.00
--------|----------------------------------------------------------------------------|-------|-------------|-------|-------|-------|-------|--------|-----------
         Aggregated                                                                      3724     0(0.00%) |     25       1    1306      3 |  122.30        0.00

Type     Name                                                                          # reqs      # fails |    Avg     Min     Max    Med |   req/s  failures/s
--------|----------------------------------------------------------------------------|-------|-------------|-------|-------|-------|-------|--------|-----------
GET      /api/audio/latency                                                               570     0(0.00%) |     15       1     365      3 |   19.20        0.00
GET      /api/audio/levels                                                                570     0(0.00%) |     46       1    1105      4 |   19.10        0.00
GET      /api/audio/levels (during plugin swap)                                           151     0(0.00%) |     41       1    1108      5 |    4.10        0.00
GET      /api/audio/levels/plugins                                                        151     0(0.00%) |     14       1     321      2 |    4.10        0.00
GET      /api/audio/status                                                                414     0(0.00%) |      9       1     367      2 |   13.60        0.00
GET      /api/chains/                                                                     134     0(0.00%) |     39       1    1001      6 |    1.10        0.00
GET      /api/chains/{id}                                                                 414     0(0.00%) |     42       1    1306      5 |   13.50        0.00
POST     /api/chains/{id}/activate                                                        414     0(0.00%) |     19       1     384      4 |   13.50        0.00
POST     /api/chains/{id}/deactivate                                                      414     0(0.00%) |      9       1     366      2 |   14.00        0.00
POST     /api/plugins/batch/parameters (500 updates)                                      190     0(0.00%) |     36       2    1037      8 |    8.50        0.00
GET      /api/plugins/discover                                                            134     0(0.00%) |     31      10     367     15 |    1.10        0.00
GET      /api/plugins/list                                                                134     0(0.00%) |     22       1     362      3 |    1.10        0.00
POST     /api/plugins/load?uri                                                            151     0(0.00%) |     12       1     316      3 |    4.10        0.00
POST     /api/plugins/unload?uri                                                          151     0(0.00%) |      9       1     289      2 |    4.20        0.00
--------|----------------------------------------------------------------------------|-------|-------------|-------|-------|-------|-------|--------|-----------
         Aggregated                                                                      3992     0(0.00%) |     25       1    1306      3 |  121.20        0.00

Type     Name                                                                          # reqs      # fails |    Avg     Min     Max    Med |   req/s  failures/s
--------|----------------------------------------------------------------------------|-------|-------------|-------|-------|-------|-------|--------|-----------
GET      /api/audio/latency                                                               599     0(0.00%) |     17       1     365      3 |   18.60        0.00
GET      /api/audio/levels                                                                599     0(0.00%) |     45       1    1105      4 |   18.60        0.00
GET      /api/audio/levels (during plugin swap)                                           159     0(0.00%) |     43       1    1108      5 |    4.50        0.00
GET      /api/audio/levels/plugins                                                        159     0(0.00%) |     14       1     321      2 |    4.40        0.00
GET      /api/audio/status                                                                436     0(0.00%) |     10       1     367      2 |   13.20        0.00
GET      /api/chains/                                                                     134     0(0.00%) |     39       1    1001      6 |    0.70        0.00
GET      /api/chains/{id}                                                                 436     0(0.00%) |     43       1    1306      5 |   13.10        0.00
POST     /api/chains/{id}/activate                                                        436     0(0.00%) |     22       1     384      4 |   13.20        0.00
POST     /api/chains/{id}/deactivate                                                      436     0(0.00%) |      9       1     366      2 |   13.10        0.00
POST     /api/plugins/batch/parameters (500 updates)                                      204     0(0.00%) |     37       2    1037      8 |    8.60        0.00
GET      /api/plugins/discover                                                            134     0(0.00%) |     31      10     367     15 |    0.70        0.00
GET      /api/plugins/list                                                                134     0(0.00%) |     22       1     362      3 |    0.70        0.00
POST     /api/plugins/load?uri                                                            159     0(0.00%) |     16       1     362      3 |    4.40        0.00
POST     /api/plugins/unload?uri                                                          159     0(0.00%) |     10       1     289      2 |    4.50        0.00
--------|----------------------------------------------------------------------------|-------|-------------|-------|-------|-------|-------|--------|-----------
         Aggregated                                                                      4184     0(0.00%) |     26       1    1306      3 |  118.30        0.00

Type     Name                                                                          # reqs      # fails |    Avg     Min     Max    Med |   req/s  failures/s
--------|----------------------------------------------------------------------------|-------|-------------|-------|-------|-------|-------|--------|-----------
GET      /api/audio/latency                                                               648     0(0.00%) |     17       1     365      3 |   18.80        0.00
GET      /api/audio/levels                                                                648     0(0.00%) |     43       1    1105      4 |   19.00        0.00
GET      /api/audio/levels (during plugin swap)                                           166     0(0.00%) |     42       1    1108      5 |    4.10        0.00
GET      /api/audio/levels/plugins                                                        166     0(0.00%) |     13       1     321      2 |    3.90        0.00
GET      /api/audio/status                                                                460     0(0.00%) |     10       1     367      2 |   12.90        0.00
GET      /api/chains/                                                                     134     0(0.00%) |     39       1    1001      6 |    0.70        0.00
GET      /api/chains/{id}                                                                 463     0(0.00%) |     41       1    1306      5 |   13.40        0.00
POST     /api/chains/{id}/activate                                                        461     0(0.00%) |     21       1     384      4 |   13.00        0.00
POST     /api/chains/{id}/deactivate                                                      459     0(0.00%) |      9       1     366      2 |   12.90        0.00
POST     /api/plugins/batch/parameters (500 updates)                                      239     0(0.00%) |     34       2    1037      8 |    8.90        0.00
GET      /api/plugins/discover                                                            134     0(0.00%) |     31      10     367     15 |    0.70        0.00
GET      /api/plugins/list                                                                134     0(0.00%) |     22       1     362      3 |    0.70        0.00
POST     /api/plugins/load?uri                                                            166     0(0.00%) |     16       1     362      3 |    3.90        0.00
POST     /api/plugins/unload?uri                                                          165     0(0.00%) |      9       1     289      2 |    3.90        0.00
--------|----------------------------------------------------------------------------|-------|-------------|-------|-------|-------|-------|--------|-----------
         Aggregated                                                                      4443     0(0.00%) |     25       1    1306      3 |  116.80        0.00

Type     Name                                                                          # reqs      # fails |    Avg     Min     Max    Med |   req/s  failures/s
--------|----------------------------------------------------------------------------|-------|-------------|-------|-------|-------|-------|--------|-----------
GET      /api/audio/latency                                                               677     0(0.00%) |     16       1     365      3 |   18.20        0.00
GET      /api/audio/levels                                                                677     0(0.00%) |     41       1    1105      4 |   18.20        0.00
GET      /api/audio/levels (during plugin swap)                                           175     0(0.00%) |     41       1    1108      5 |    3.90        0.00
GET      /api/audio/levels/plugins                                                        175     0(0.00%) |     13       1     321      2 |    4.00        0.00
GET      /api/audio/status                                                                485     0(0.00%) |     10       1     367      2 |   12.80        0.00
GET      /api/chains/                                                                     134     0(0.00%) |     39       1    1001      6 |    0.40        0.00
GET      /api/chains/{id}                                                                 485     0(0.00%) |     41       1    1306      5 |   12.80        0.00
POST     /api/chains/{id}/activate                                                        485     0(0.00%) |     22       1     384      4 |   12.80        0.00
POST     /api/chains/{id}/deactivate                                                      485     0(0.00%) |      9       1     366      2 |   12.80        0.00
POST     /api/plugins/batch/parameters (500 updates)                                      254     0(0.00%) |     34       2    1037      8 |   10.40        0.00
GET      /api/plugins/discover                                                            134     0(0.00%) |     31      10     367     15 |    0.40        0.00
GET      /api/plugins/list                                                                134     0(0.00%) |     22       1     362      3 |    0.40        0.00
POST     /api/plugins/load?uri                                                            175     0(0.00%) |     16       1     362      3 |    4.00        0.00
POST     /api/plugins/unload?uri                                                          175     0(0.00%) |     11       1     359      2 |    4.00        0.00
--------|----------------------------------------------------------------------------|-------|-------------|-------|-------|-------|-------|--------|-----------
         Aggregated                                                                      4650     0(0.00%) |     25       1    1306      3 |  115.10        0.00

Type     Name                                                                          # reqs      # fails |    Avg     Min     Max    Med |   req/s  failures/s
--------|----------------------------------------------------------------------------|-------|-------------|-------|-------|-------|-------|--------|-----------
GET      /api/audio/latency                                                               698     0(0.00%) |     16       1     365      3 |   18.90        0.00
GET      /api/audio/levels                                                                698     0(0.00%) |     47       1    1105      4 |   18.90        0.00
GET      /api/audio/levels (during plugin swap)                                           183     0(0.00%) |     46       1    1108      5 |    4.50        0.00
GET      /api/audio/levels/plugins                                                        183     0(0.00%) |     12       1     321      2 |    4.50        0.00
GET      /api/audio/status                                                                503     0(0.00%) |     10       1     367      2 |   13.70        0.00
GET      /api/chains/                                                                     134     0(0.00%) |     39       1    1001      6 |    0.10        0.00
GET      /api/chains/{id}                                                                 503     0(0.00%) |     46       1    1306      5 |   13.70        0.00
POST     /api/chains/{id}/activate                                                        503     0(0.00%) |     22       1     384      4 |   13.70        0.00
POST     /api/chains/{id}/deactivate                                                      503     0(0.00%) |     11       1     366      2 |   13.70        0.00
POST     /api/plugins/batch/parameters (500 updates)                                      274     0(0.00%) |     42       2    1075      8 |   11.30        0.00
GET      /api/plugins/discover                                                            134     0(0.00%) |     31      10     367     15 |    0.10        0.00
GET      /api/plugins/list                                                                134     0(0.00%) |     22       1     362      3 |    0.10        0.00
POST     /api/plugins/load?uri                                                            183     0(0.00%) |     16       1     362      3 |    4.50        0.00
POST     /api/plugins/unload?uri                                                          183     0(0.00%) |     12       1     359      2 |    4.50        0.00
--------|----------------------------------------------------------------------------|-------|-------------|-------|-------|-------|-------|--------|-----------
         Aggregated                                                                      4816     0(0.00%) |     27       1    1306      3 |  122.20        0.00

Type     Name                                                                          # reqs      # fails |    Avg     Min     Max    Med |   req/s  failures/s
--------|----------------------------------------------------------------------------|-------|-------------|-------|-------|-------|-------|--------|-----------
GET      /api/audio/latency                                                               735     0(0.00%) |     16       1     365      3 |   16.10        0.00
GET      /api/audio/levels                                                                735     0(0.00%) |     45       1    1105      4 |   16.10        0.00
GET      /api/audio/levels (during plugin swap)                                           192     0(0.00%) |     44       1    1108      5 |    4.40        0.00
GET      /api/audio/levels/plugins                                                        192     0(0.00%) |     12       1     321      2 |    4.40        0.00
GET      /api/audio/status                                                                541     0(0.00%) |     11       1     367      2 |   12.30        0.00
GET      /api/chains/                                                                     134     0(0.00%) |     39       1    1001      6 |    0.00        0.00
GET      /api/chains/{id}                                                                 541     0(0.00%) |     44       1    1306      6 |   12.30        0.00
POST     /api/chains/{id}/activate                                                        541     0(0.00%) |     23       1     384      4 |   12.30        0.00
POST     /api/chains/{id}/deactivate                                                      541     0(0.00%) |     10       1     366      2 |   12.30        0.00
POST     /api/plugins/batch/parameters (500 updates)                                      289     0(0.00%) |     41       2    1075      8 |   10.00        0.00
GET      /api/plugins/discover                                                            134     0(0.00%) |     31      10     367     15 |    0.00        0.00
GET      /api/plugins/list                                                                134     0(0.00%) |     22       1     362      3 |    0.00        0.00
POST     /api/plugins/load?uri                                                            192     0(0.00%) |     17       1     362      3 |    4.40        0.00
POST     /api/plugins/unload?uri                                                          192     0(0.00%) |     12       1     359      2 |    4.40        0.00
--------|----------------------------------------------------------------------------|-------|-------------|-------|-------|-------|-------|--------|-----------
         Aggregated                                                                      5093     0(0.00%) |     26       1    1306      3 |  109.00        0.00

Type     Name                                                                          # reqs      # fails |    Avg     Min     Max    Med |   req/s  failures/s
--------|----------------------------------------------------------------------------|-------|-------------|-------|-------|-------|-------|--------|-----------
GET      /api/audio/latency                                                               778     0(0.00%) |     16       1     365      3 |   15.90        0.00
GET      /api/audio/levels                                                                782     0(0.00%) |     43       1    1105      4 |   16.00        0.00
GET      /api/audio/levels (during plugin swap)                                           207     0(0.00%) |     41       1    1108      5 |    4.40        0.00
GET      /api/audio/levels/plugins                                                        207     0(0.00%) |     12       1     321      2 |    4.40        0.00
GET      /api/audio/status                                                                569     0(0.00%) |     10       1     367      2 |   12.40        0.00
GET      /api/chains/                                                                     134     0(0.00%) |     39       1    1001      6 |    0.00        0.00
GET      /api/chains/{id}                                                                 571     0(0.00%) |     43       1    1306      5 |   12.90        0.00
POST     /api/chains/{id}/activate                                                        569     0(0.00%) |     22       1     384      4 |   12.60        0.00
POST     /api/chains/{id}/deactivate                                                      569     0(0.00%) |     10       1     366      2 |   12.50        0.00
POST     /api/plugins/batch/parameters (500 updates)                                      308     0(0.00%) |     40       2    1075      8 |   10.40        0.00
GET      /api/plugins/discover                                                            134     0(0.00%) |     31      10     367     15 |    0.00        0.00
GET      /api/plugins/list                                                                134     0(0.00%) |     22       1     362      3 |    0.00        0.00
POST     /api/plugins/load?uri                                                            207     0(0.00%) |     16       1     362      3 |    4.40        0.00
POST     /api/plugins/unload?uri                                                          206     0(0.00%) |     11       1     359      2 |    4.40        0.00
--------|----------------------------------------------------------------------------|-------|-------------|-------|-------|-------|-------|--------|-----------
         Aggregated                                                                      5375     0(0.00%) |     25       1    1306      3 |  110.30        0.00

Type     Name                                                                          # reqs      # fails |    Avg     Min     Max    Med |   req/s  failures/s
--------|----------------------------------------------------------------------------|-------|-------------|-------|-------|-------|-------|--------|-----------
GET      /api/audio/latency                                                               836     0(0.00%) |     17       1     365      3 |   18.00        0.00
GET      /api/audio/levels                                                                836     0(0.00%) |     42       1    1105      4 |   17.80        0.00
GET      /api/audio/levels (during plugin swap)                                           220     0(0.00%) |     39       1    1108      4 |    4.60        0.00
GET      /api/audio/levels/plugins                                                        220     0(0.00%) |     11       1     321      2 |    4.80        0.00
GET      /api/audio/status                                                                593     0(0.00%) |     10       1     367      2 |   13.60        0.00
GET      /api/chains/                                                                     134     0(0.00%) |     39       1    1001      6 |    0.00        0.00
GET      /api/chains/{id}                                                                 593     0(0.00%) |     42       1    1306      5 |   13.10        0.00
POST     /api/chains/{id}/activate                                                        593     0(0.00%) |     23       1     446      4 |   13.50        0.00
POST     /api/chains/{id}/deactivate                                                      593     0(0.00%) |     10       1     366      2 |   13.60        0.00
POST     /api/plugins/batch/parameters (500 updates)                                      325     0(0.00%) |     40       2    1075      9 |   10.20        0.00
GET      /api/plugins/discover                                                            134     0(0.00%) |     31      10     367     15 |    0.00        0.00
GET      /api/plugins/list                                                                134     0(0.00%) |     22       1     362      3 |    0.00        0.00
POST     /api/plugins/load?uri                                                            220     0(0.00%) |     15       1     362      3 |    4.80        0.00
POST     /api/plugins/unload?uri                                                          220     0(0.00%) |     12       1     359      2 |    4.80        0.00
--------|----------------------------------------------------------------------------|-------|-------------|-------|-------|-------|-------|--------|-----------
         Aggregated                                                                      5651     0(0.00%) |     25       1    1306      3 |  118.80        0.00

Type     Name                                                                          # reqs      # fails |    Avg     Min     Max    Med |   req/s  failures/s
--------|----------------------------------------------------------------------------|-------|-------------|-------|-------|-------|-------|--------|-----------
GET      /api/audio/latency                                                               874     0(0.00%) |     17       1     365      2 |   18.30        0.00
GET      /api/audio/levels                                                                874     0(0.00%) |     42       1    1105      4 |   18.30        0.00
GET      /api/audio/levels (during plugin swap)                                           228     0(0.00%) |     38       1    1108      4 |    5.20        0.00
GET      /api/audio/levels/plugins                                                        228     0(0.00%) |     11       1     321      2 |    5.20        0.00
GET      /api/audio/status                                                                622     0(0.00%) |     10       1     367      2 |   12.80        0.00
GET      /api/chains/                                                                     134     0(0.00%) |     39       1    1001      6 |    0.00        0.00
GET      /api/chains/{id}                                                                 622     0(0.00%) |     40       1    1306      5 |   12.80        0.00
POST     /api/chains/{id}/activate                                                        622     0(0.00%) |     22       1     446      4 |   12.80        0.00
POST     /api/chains/{id}/deactivate                                                      622     0(0.00%) |      9       1     366      2 |   12.80        0.00
POST     /api/plugins/batch/parameters (500 updates)                                      349     0(0.00%) |     40       2    1075      8 |    8.80        0.00
GET      /api/plugins/discover                                                            134     0(0.00%) |     31      10     367     15 |    0.00        0.00
GET      /api/plugins/list                                                                134     0(0.00%) |     22       1     362      3 |    0.00        0.00
POST     /api/plugins/load?uri                                                            228     0(0.00%) |     16       1     362      3 |    5.20        0.00
POST     /api/plugins/unload?uri                                                          228     0(0.00%) |     12       1     359      2 |    5.20        0.00
--------|----------------------------------------------------------------------------|-------|-------------|-------|-------|-------|-------|--------|-----------
         Aggregated                                                                      5899     0(0.00%) |     25       1    1306      3 |  117.40        0.00

Type     Name                                                                          # reqs      # fails |    Avg     Min     Max    Med |   req/s  failures/s
--------|----------------------------------------------------------------------------|-------|-------------|-------|-------|-------|-------|--------|-----------
GET      /api/audio/latency                                                               890     0(0.00%) |     17       1     365      3 |   19.00        0.00
GET      /api/audio/levels                                                                890     0(0.00%) |     44       1    1105      4 |   19.00        0.00
GET      /api/audio/levels (during plugin swap)                                           230     0(0.00%) |     38       1    1108      4 |    5.00        0.00
GET      /api/audio/levels/plugins                                                        230     0(0.00%) |     11       1     321      2 |    5.00        0.00
GET      /api/audio/status                                                                635     0(0.00%) |     10       1     367      2 |   12.60        0.00
GET      /api/chains/                                                                     134     0(0.00%) |     39       1    1001      6 |    0.00        0.00
GET      /api/chains/{id}                                                                 636     0(0.00%) |     46       1    1306      5 |   12.60        0.00
POST     /api/chains/{id}/activate                                                        636     0(0.00%) |     22       1     446      4 |   12.60        0.00
POST     /api/chains/{id}/deactivate                                                      633     0(0.00%) |      9       1     366      2 |   12.60        0.00
POST     /api/plugins/batch/parameters (500 updates)                                      362     0(0.00%) |     47       2    1091      8 |    8.60        0.00
GET      /api/plugins/discover                                                            134     0(0.00%) |     31      10     367     15 |    0.00        0.00
GET      /api/plugins/list                                                                134     0(0.00%) |     22       1     362      3 |    0.00        0.00
POST     /api/plugins/load?uri                                                            230     0(0.00%) |     16       1     362      3 |    5.00        0.00
POST     /api/plugins/unload?uri                                                          230     0(0.00%) |     12       1     359      2 |    5.00        0.00
--------|----------------------------------------------------------------------------|-------|-------------|-------|-------|-------|-------|--------|-----------
         Aggregated                                                                      6004     0(0.00%) |     26       1    1306      3 |  117.00        0.00

Type     Name                                                                          # reqs      # fails |    Avg     Min     Max    Med |   req/s  failures/s
--------|----------------------------------------------------------------------------|-------|-------------|-------|-------|-------|-------|--------|-----------
GET      /api/audio/latency                                                               930     0(0.00%) |     16       1     365      2 |   19.80        0.00
GET      /api/audio/levels                                                                930     0(0.00%) |     43       1    1105      4 |   19.80        0.00
GET      /api/audio/levels (during plugin swap)                                           247     0(0.00%) |     36       1    1108      4 |    5.00        0.00
GET      /api/audio/levels/plugins                                                        247     0(0.00%) |     11       1     321      2 |    5.00        0.00
GET      /api/audio/status                                                                662     0(0.00%) |     10       1     367      2 |   13.60        0.00
GET      /api/chains/                                                                     134     0(0.00%) |     39       1    1001      6 |    0.00        0.00
GET      /api/chains/{id}                                                                 662     0(0.00%) |     45       1    1306      5 |   13.60        0.00
POST     /api/chains/{id}/activate                                                        662     0(0.00%) |     22       1     446      4 |   13.60        0.00
POST     /api/chains/{id}/deactivate                                                      662     0(0.00%) |     10       1     366      2 |   13.60        0.00
POST     /api/plugins/batch/parameters (500 updates)                                      394     0(0.00%) |     45       2    1091      8 |   10.00        0.00
GET      /api/plugins/discover                                                            134     0(0.00%) |     31      10     367     15 |    0.00        0.00
GET      /api/plugins/list                                                                134     0(0.00%) |     22       1     362      3 |    0.00        0.00
POST     /api/plugins/load?uri                                                            247     0(0.00%) |     15       1     362      3 |    5.00        0.00
POST     /api/plugins/unload?uri                                                          247     0(0.00%) |     11       1     359      2 |    5.00        0.00
--------|----------------------------------------------------------------------------|-------|-------------|-------|-------|-------|-------|--------|-----------
         Aggregated                                                                      6292     0(0.00%) |     26       1    1306      3 |  124.00        0.00

Type     Name                                                                          # reqs      # fails |    Avg     Min     Max    Med |   req/s  failures/s
--------|----------------------------------------------------------------------------|-------|-------------|-------|-------|-------|-------|--------|-----------
GET      /api/audio/latency                                                               967     0(0.00%) |     16       1     365      2 |   19.80        0.00
GET      /api/audio/levels                                                                967     0(0.00%) |     42       1    1105      4 |   19.70        0.00
GET      /api/audio/levels (during plugin swap)                                           255     0(0.00%) |     35       1    1108      4 |    5.50        0.00
GET      /api/audio/levels/plugins                                                        255     0(0.00%) |     12       1     321      2 |    5.60        0.00
GET      /api/audio/status                                                                693     0(0.00%) |     11       1     367      2 |   12.50        0.00
GET      /api/chains/                                                                     134     0(0.00%) |     39       1    1001      6 |    0.00        0.00
GET      /api/chains/{id}                                                                 693     0(0.00%) |     44       1    1306      5 |   12.00        0.00
POST     /api/chains/{id}/activate                                                        693     0(0.00%) |     22       1     446      4 |   12.30        0.00
POST     /api/chains/{id}/deactivate                                                      693     0(0.00%) |     10       1     366      2 |   12.50        0.00
POST     /api/plugins/batch/parameters (500 updates)                                      413     0(0.00%) |     45       2    1091      8 |    9.70        0.00
GET      /api/plugins/discover                                                            134     0(0.00%) |     31      10     367     15 |    0.00        0.00
GET      /api/plugins/list                                                                134     0(0.00%) |     22       1     362      3 |    0.00        0.00
POST     /api/plugins/load?uri                                                            255     0(0.00%) |     15       1     362      3 |    5.60        0.00
POST     /api/plugins/unload?uri                                                          255     0(0.00%) |     11       1     359      2 |    5.60        0.00
--------|----------------------------------------------------------------------------|-------|-------------|-------|-------|-------|-------|--------|-----------
         Aggregated                                                                      6541     0(0.00%) |     25       1    1306      3 |  120.80        0.00

Type     Name                                                                          # reqs      # fails |    Avg     Min     Max    Med |   req/s  failures/s
--------|----------------------------------------------------------------------------|-------|-------------|-------|-------|-------|-------|--------|-----------
GET      /api/audio/latency                                                              1000     0(0.00%) |     17       1     365      2 |   17.90        0.00
GET      /api/audio/levels                                                               1000     0(0.00%) |     42       1    1105      4 |   17.90        0.00
GET      /api/audio/levels (during plugin swap)                                           267     0(0.00%) |     36       1    1108      4 |    4.50        0.00
GET      /api/audio/levels/plugins                                                        267     0(0.00%) |     12       1     321      2 |    4.50        0.00
GET      /api/audio/status                                                                716     0(0.00%) |     11       1     367      2 |   12.20        0.00
GET      /api/chains/                                                                     134     0(0.00%) |     39       1    1001      6 |    0.00        0.00
GET      /api/chains/{id}                                                                 716     0(0.00%) |     44       1    1306      5 |   12.20        0.00
POST     /api/chains/{id}/activate                                                        716     0(0.00%) |     23       1     446      4 |   12.20        0.00
POST     /api/chains/{id}/deactivate                                                      716     0(0.00%) |     10       1     366      2 |   12.20        0.00
POST     /api/plugins/batch/parameters (500 updates)                                      430     0(0.00%) |     45       2    1091      8 |   10.50        0.00
GET      /api/plugins/discover                                                            134     0(0.00%) |     31      10     367     15 |    0.00        0.00
GET      /api/plugins/list                                                                134     0(0.00%) |     22       1     362      3 |    0.00        0.00
POST     /api/plugins/load?uri                                                            267     0(0.00%) |     16       1     362      3 |    4.50        0.00
POST     /api/plugins/unload?uri                                                          267     0(0.00%) |     10       1     359      2 |    4.50        0.00
--------|----------------------------------------------------------------------------|-------|-------------|-------|-------|-------|-------|--------|-----------
         Aggregated                                                                      6764     0(0.00%) |     26       1    1306      3 |  113.10        0.00

Type     Name                                                                          # reqs      # fails |    Avg     Min     Max    Med |   req/s  failures/s
--------|----------------------------------------------------------------------------|-------|-------------|-------|-------|-------|-------|--------|-----------
GET      /api/audio/latency                                                              1040     0(0.00%) |     16       1     365      2 |   17.10        0.00
GET      /api/audio/levels                                                               1041     0(0.00%) |     41       1    1105      4 |   17.30        0.00
GET      /api/audio/levels (during plugin swap)                                           271     0(0.00%) |     35       1    1108      4 |    4.40        0.00
GET      /api/audio/levels/plugins                                                        271     0(0.00%) |     11       1     321      2 |    4.30        0.00
GET      /api/audio/status                                                                745     0(0.00%) |     10       1     367      2 |   12.20        0.00
GET      /api/chains/                                                                     134     0(0.00%) |     39       1    1001      6 |    0.00        0.00
GET      /api/chains/{id}                                                                 748     0(0.00%) |     43       1    1306      5 |   12.40        0.00
POST     /api/chains/{id}/activate                                                        745     0(0.00%) |     22       1     446      4 |   12.20        0.00
POST     /api/chains/{id}/deactivate                                                      745     0(0.00%) |     10       1     366      2 |   12.20        0.00
POST     /api/plugins/batch/parameters (500 updates)                                      454     0(0.00%) |     44       2    1091      8 |   10.90        0.00
GET      /api/plugins/discover                                                            134     0(0.00%) |     31      10     367     15 |    0.00        0.00
GET      /api/plugins/list                                                                134     0(0.00%) |     22       1     362      3 |    0.00        0.00
POST     /api/plugins/load?uri                                                            271     0(0.00%) |     16       1     362      3 |    4.30        0.00
POST     /api/plugins/unload?uri                                                          271     0(0.00%) |     10       1     359      2 |    4.30        0.00
--------|----------------------------------------------------------------------------|-------|-------------|-------|-------|-------|-------|--------|-----------
         Aggregated                                                                      7004     0(0.00%) |     25       1    1306      3 |  111.60        0.00

Type     Name                                                                          # reqs      # fails |    Avg     Min     Max    Med |   req/s  failures/s
--------|----------------------------------------------------------------------------|-------|-------------|-------|-------|-------|-------|--------|-----------
GET      /api/audio/latency                                                              1081     0(0.00%) |     16       1     365      2 |   17.10        0.00
GET      /api/audio/levels                                                               1081     0(0.00%) |     40       1    1105      4 |   17.10        0.00
GET      /api/audio/levels (during plugin swap)                                           280     0(0.00%) |     35       1    1108      4 |    4.70        0.00
GET      /api/audio/levels/plugins                                                        280     0(0.00%) |     11       1     321      2 |    4.70        0.00
GET      /api/audio/status                                                                767     0(0.00%) |     10       1     367      2 |   13.30        0.00
GET      /api/chains/                                                                     134     0(0.00%) |     39       1    1001      6 |    0.00        0.00
GET      /api/chains/{id}                                                                 767     0(0.00%) |     42       1    1306      5 |   13.30        0.00
POST     /api/chains/{id}/activate                                                        767     0(0.00%) |     23       1     455      4 |   13.30        0.00
POST     /api/chains/{id}/deactivate                                                      767     0(0.00%) |      9       1     366      2 |   13.30        0.00
POST     /api/plugins/batch/parameters (500 updates)                                      475     0(0.00%) |     43       2    1091      8 |   10.90        0.00
GET      /api/plugins/discover                                                            134     0(0.00%) |     31      10     367     15 |    0.00        0.00
GET      /api/plugins/list                                                                134     0(0.00%) |     22       1     362      3 |    0.00        0.00
POST     /api/plugins/load?uri                                                            280     0(0.00%) |     16       1     362      3 |    4.70        0.00
POST     /api/plugins/unload?uri                                                          280     0(0.00%) |     10       1     359      2 |    4.70        0.00
--------|----------------------------------------------------------------------------|-------|-------------|-------|-------|-------|-------|--------|-----------
         Aggregated                                                                      7227     0(0.00%) |     25       1    1306      3 |  117.10        0.00

Type     Name                                                                          # reqs      # fails |    Avg     Min     Max    Med |   req/s  failures/s
--------|----------------------------------------------------------------------------|-------|-------------|-------|-------|-------|-------|--------|-----------
GET      /api/audio/latency                                                              1105     0(0.00%) |     16       1     365      2 |   19.20        0.00
GET      /api/audio/levels                                                               1105     0(0.00%) |     44       1    1114      4 |   19.20        0.00
GET      /api/audio/levels (during plugin swap)                                           289     0(0.00%) |     42       1    1108      4 |    5.00        0.00
GET      /api/audio/levels/plugins                                                        289     0(0.00%) |     11       1     321      2 |    5.00        0.00
GET      /api/audio/status                                                                789     0(0.00%) |     10       1     367      2 |   13.60        0.00
GET      /api/chains/                                                                     134     0(0.00%) |     39       1    1001      6 |    0.00        0.00
GET      /api/chains/{id}                                                                 789     0(0.00%) |     44       1    1306      5 |   13.60        0.00
POST     /api/chains/{id}/activate                                                        789     0(0.00%) |     23       1     455      4 |   13.60        0.00
POST     /api/chains/{id}/deactivate                                                      788     0(0.00%) |     10       1     366      2 |   13.60        0.00
POST     /api/plugins/batch/parameters (500 updates)                                      493     0(0.00%) |     45       2    1091      8 |   11.40        0.00
GET      /api/plugins/discover                                                            134     0(0.00%) |     31      10     367     15 |    0.00        0.00
GET      /api/plugins/list                                                                134     0(0.00%) |     22       1     362      3 |    0.00        0.00
POST     /api/plugins/load?uri                                                            289     0(0.00%) |     16       1     362      3 |    5.00        0.00
POST     /api/plugins/unload?uri                                                          289     0(0.00%) |     10       1     359      2 |    5.00        0.00
--------|----------------------------------------------------------------------------|-------|-------------|-------|-------|-------|-------|--------|-----------
         Aggregated                                                                      7416     0(0.00%) |     26       1    1306      3 |  124.20        0.00

Type     Name                                                                          # reqs      # fails |    Avg     Min     Max    Med |   req/s  failures/s
--------|----------------------------------------------------------------------------|-------|-------------|-------|-------|-------|-------|--------|-----------
GET      /api/audio/latency                                                              1144     0(0.00%) |     16       1     365      2 |   17.70        0.00
GET      /api/audio/levels                                                               1144     0(0.00%) |     43       1    1114      4 |   17.70        0.00
GET      /api/audio/levels (during plugin swap)                                           304     0(0.00%) |     43       1    1108      4 |    3.80        0.00
GET      /api/audio/levels/plugins                                                        303     0(0.00%) |     11       1     321      2 |    3.80        0.00
GET      /api/audio/status                                                                817     0(0.00%) |     10       1     367      2 |   12.30        0.00
GET      /api/chains/                                                                     134     0(0.00%) |     39       1    1001      6 |    0.00        0.00
GET      /api/chains/{id}                                                                 817     0(0.00%) |     43       1    1306      5 |   12.30        0.00
POST     /api/chains/{id}/activate                                                        817     0(0.00%) |     22       1     455      4 |   12.30        0.00
POST     /api/chains/{id}/deactivate                                                      817     0(0.00%) |     10       1     366      2 |   12.30        0.00
POST     /api/plugins/batch/parameters (500 updates)                                      515     0(0.00%) |     44       2    1091      8 |   10.00        0.00
GET      /api/plugins/discover                                                            134     0(0.00%) |     31      10     367     15 |    0.00        0.00
GET      /api/plugins/list                                                                134     0(0.00%) |     22       1     362      3 |    0.00        0.00
POST     /api/plugins/load?uri                                                            303     0(0.00%) |     16       1     362      3 |    3.80        0.00
POST     /api/plugins/unload?uri                                                          303     0(0.00%) |     10       1     359      2 |    3.80        0.00
--------|----------------------------------------------------------------------------|-------|-------------|-------|-------|-------|-------|--------|-----------
         Aggregated                                                                      7686     0(0.00%) |     26       1    1306      3 |  109.80        0.00

Type     Name                                                                          # reqs      # fails |    Avg     Min     Max    Med |   req/s  failures/s
--------|----------------------------------------------------------------------------|-------|-------------|-------|-------|-------|-------|--------|-----------
GET      /api/audio/latency                                                              1185     0(0.00%) |     16       1     365      2 |   18.20        0.00
GET      /api/audio/levels                                                               1185     0(0.00%) |     42       1    1114      4 |   18.20        0.00
GET      /api/audio/levels (during plugin swap)                                           314     0(0.00%) |     43       1    1108      4 |    4.90        0.00
GET      /api/audio/levels/plugins                                                        314     0(0.00%) |     11       1     321      2 |    4.90        0.00
GET      /api/audio/status                                                                840     0(0.00%) |     10       1     367      2 |   12.40        0.00
GET      /api/chains/                                                                     134     0(0.00%) |     39       1    1001      6 |    0.00        0.00
GET      /api/chains/{id}                                                                 840     0(0.00%) |     42       1    1306      5 |   12.40        0.00
POST     /api/chains/{id}/activate                                                        840     0(0.00%) |     22       1     455      4 |   12.40        0.00
POST     /api/chains/{id}/deactivate                                                      840     0(0.00%) |      9       1     366      2 |   12.40        0.00
POST     /api/plugins/batch/parameters (500 updates)                                      542     0(0.00%) |     43       2    1091      8 |    9.70        0.00
GET      /api/plugins/discover                                                            134     0(0.00%) |     31      10     367     15 |    0.00        0.00
GET      /api/plugins/list                                                                134     0(0.00%) |     22       1     362      3 |    0.00        0.00
POST     /api/plugins/load?uri                                                            314     0(0.00%) |     16       1     362      3 |    4.90        0.00
POST     /api/plugins/unload?uri                                                          312     0(0.00%) |      9       1     359      2 |    4.90        0.00
--------|----------------------------------------------------------------------------|-------|-------------|-------|-------|-------|-------|--------|-----------
         Aggregated                                                                      7928     0(0.00%) |     25       1    1306      3 |  115.30        0.00

[2026-03-07 14:17:26,293] MAP2-TESTBED/INFO/locust.main: --run-time limit reached, shutting down
[2026-03-07 14:17:26,368] MAP2-TESTBED/INFO/locust.main: Shutting down (exit code 1)
Type     Name                                                                          # reqs      # fails |    Avg     Min     Max    Med |   req/s  failures/s
--------|----------------------------------------------------------------------------|-------|-------------|-------|-------|-------|-------|--------|-----------
GET      /api/audio/latency                                                              1216     0(0.00%) |     16       1     365      2 |   17.43        0.00
GET      /api/audio/levels                                                               1216     0(0.00%) |     42       1    1114      4 |   17.43        0.00
GET      /api/audio/levels (during plugin swap)                                           320     0(0.00%) |     42       1    1108      4 |    4.59        0.00
GET      /api/audio/levels/plugins                                                        320     0(0.00%) |     11       1     321      2 |    4.59        0.00
GET      /api/audio/status                                                                865     0(0.00%) |     10       1     367      2 |   12.40        0.00
GET      /api/chains/                                                                     134     0(0.00%) |     39       1    1001      6 |    1.92        0.00
GET      /api/chains/{id}                                                                 865     0(0.00%) |     42       1    1306      5 |   12.40        0.00
POST     /api/chains/{id}/activate                                                        865     0(0.00%) |     22       1     455      4 |   12.40        0.00
POST     /api/chains/{id}/deactivate                                                      865     0(0.00%) |      9       1     366      2 |   12.40        0.00
POST     /api/plugins/batch/parameters (500 updates)                                      557     0(0.00%) |     43       2    1091      8 |    7.98        0.00
GET      /api/plugins/discover                                                            134     0(0.00%) |     31      10     367     15 |    1.92        0.00
GET      /api/plugins/list                                                                134     0(0.00%) |     22       1     362      3 |    1.92        0.00
POST     /api/plugins/load?uri                                                            320     0(0.00%) |     16       1     362      3 |    4.59        0.00
POST     /api/plugins/unload?uri                                                          320     0(0.00%) |     11       1     359      2 |    4.59        0.00
--------|----------------------------------------------------------------------------|-------|-------------|-------|-------|-------|-------|--------|-----------
         Aggregated                                                                      8131     0(0.00%) |     25       1    1306      3 |  116.54        0.00

Response time percentiles (approximated)
Type     Name                                                                                  50%    66%    75%    80%    90%    95%    98%    99%  99.9% 99.99%   100% # reqs
--------|--------------------------------------------------------------------------------|--------|------|------|------|------|------|------|------|------|------|------|------
GET      /api/audio/latency                                                                      2      4      9     14     28     81    290    310    360    370    370   1216
GET      /api/audio/levels                                                                       4      9     13     17     69    230    380   1000   1100   1100   1100   1216
GET      /api/audio/levels (during plugin swap)                                                  4      9     13     18     87    240    300   1000   1100   1100   1100    320
GET      /api/audio/levels/plugins                                                               2      3      5      8     21     40     86    310    320    320    320    320
GET      /api/audio/status                                                                       2      3      6      8     15     23     73    300    370    370    370    865
GET      /api/chains/                                                                            6     12     18     20     51    200    350    960   1000   1000   1000    134
GET      /api/chains/{id}                                                                        5      9     14     18     54    200    960   1000   1300   1300   1300    865
POST     /api/chains/{id}/activate                                                               4      6     10     15     29     88    330    350    460    460    460    865
POST     /api/chains/{id}/deactivate                                                             2      3      4      5     12     20     71    300    370    370    370    865
POST     /api/plugins/batch/parameters (500 updates)                                             8     13     19     23     82    210    320   1000   1100   1100   1100    557
GET      /api/plugins/discover                                                                  16     24     27     30     46     66    300    370    370    370    370    134
GET      /api/plugins/list                                                                       3      9     16     18     34     82    290    310    360    360    360    134
POST     /api/plugins/load?uri                                                                   3      4      8     12     25     79    300    330    360    360    360    320
POST     /api/plugins/unload?uri                                                                 2      3      5      7     14     21    290    310    360    360    360    320
--------|--------------------------------------------------------------------------------|--------|------|------|------|------|------|------|------|------|------|------|------
         Aggregated                                                                              3      7     11     14     28     88    310    360   1100   1300   1300   8131

[load_test] started WS soak with target=100 clients
[load_test] WS summary: {
  "connected": 100.0,
  "drops": 0.0,
  "samples": 5000.0,
  "spread_mean_ms": 0.15624836638962733,
  "spread_p95_ms": 0.230871002713684
}
[load_test] FAIL:
 - REST p95 88.00ms exceeds 50.00ms
