[2026-03-07 14:12:52,333] MAP2-TESTBED/INFO/locust.main: Starting Locust 2.43.3
[2026-03-07 14:12:52,333] MAP2-TESTBED/WARNING/locust.main: System open file limit '8192 is below minimum setting '10000'.
It's not high enough for load testing, and the OS didn't allow locust to increase it by itself.
See https://github.com/locustio/locust/wiki/Installation#increasing-maximum-number-of-open-files-limit for more info.
[2026-03-07 14:12:52,334] MAP2-TESTBED/INFO/locust.main: Run time limit set to 65 seconds
Type     Name                                                                          # reqs      # fails |    Avg     Min     Max    Med |   req/s  failures/s
--------|----------------------------------------------------------------------------|-------|-------------|-------|-------|-------|-------|--------|-----------
--------|----------------------------------------------------------------------------|-------|-------------|-------|-------|-------|-------|--------|-----------
         Aggregated                                                                         0     0(0.00%) |      0       0       0      0 |    0.00        0.00

[2026-03-07 14:12:52,354] MAP2-TESTBED/INFO/locust.runners: Ramping to 10 users at a rate of 2.00 per second
Type     Name                                                                          # reqs      # fails |    Avg     Min     Max    Med |   req/s  failures/s
--------|----------------------------------------------------------------------------|-------|-------------|-------|-------|-------|-------|--------|-----------
GET      /api/audio/latency                                                                 7     0(0.00%) |     10       1      19     15 |    0.00        0.00
GET      /api/audio/levels                                                                  7     0(0.00%) |    147       1     347    150 |    0.00        0.00
GET      /api/audio/levels (during plugin swap)                                             1     0(0.00%) |    389     389     389    389 |    0.00        0.00
GET      /api/audio/levels/plugins                                                          1     0(0.00%) |      3       3       3      3 |    0.00        0.00
GET      /api/audio/status                                                                  9     0(0.00%) |     54       1     382      5 |    0.00        0.00
GET      /api/chains/                                                                       5     0(0.00%) |     79       1     150     47 |    0.00        0.00
GET      /api/chains/{id}                                                                   9     0(0.00%) |     75       1     384     16 |    0.00        0.00
POST     /api/chains/{id}/activate                                                          9     0(0.00%) |     27       1      80     17 |    0.00        0.00
POST     /api/chains/{id}/deactivate                                                        9     0(0.00%) |     14       1      68      5 |    0.00        0.00
GET      /api/plugins/discover                                                              5     0(0.00%) |     36      10      51     39 |    0.00        0.00
GET      /api/plugins/list                                                                  5     0(0.00%) |     12       1      18     14 |    0.00        0.00
POST     /api/plugins/load?uri                                                              1     0(0.00%) |     12      12      12     12 |    0.00        0.00
POST     /api/plugins/unload?uri                                                            1     0(0.00%) |      5       5       5      5 |    0.00        0.00
--------|----------------------------------------------------------------------------|-------|-------------|-------|-------|-------|-------|--------|-----------
         Aggregated                                                                        69     0(0.00%) |     53       1     389     14 |    0.00        0.00

Type     Name                                                                          # reqs      # fails |    Avg     Min     Max    Med |   req/s  failures/s
--------|----------------------------------------------------------------------------|-------|-------------|-------|-------|-------|-------|--------|-----------
GET      /api/audio/latency                                                                34     0(0.00%) |      7       1      33      2 |    2.00        0.00
GET      /api/audio/levels                                                                 34     0(0.00%) |     53       1     347      4 |    2.00        0.00
GET      /api/audio/levels (during plugin swap)                                             8     0(0.00%) |     78       1     389      8 |    0.50        0.00
GET      /api/audio/levels/plugins                                                          7     0(0.00%) |     45       1     276      3 |    0.50        0.00
GET      /api/audio/status                                                                 31     0(0.00%) |     20       1     382      3 |    4.00        0.00
GET      /api/chains/                                                                      19     0(0.00%) |     25       1     150      7 |    2.50        0.00
GET      /api/chains/{id}                                                                  32     0(0.00%) |     31       1     384      6 |    4.00        0.00
POST     /api/chains/{id}/activate                                                         31     0(0.00%) |     18       1      80      7 |    4.00        0.00
POST     /api/chains/{id}/deactivate                                                       31     0(0.00%) |     34       1     271      2 |    4.00        0.00
POST     /api/plugins/batch/parameters (500 updates)                                        1     0(0.00%) |     19      19      19     19 |    0.00        0.00
GET      /api/plugins/discover                                                             19     0(0.00%) |     33      10      88     30 |    2.50        0.00
GET      /api/plugins/list                                                                 19     0(0.00%) |     12       1      38     12 |    2.50        0.00
POST     /api/plugins/load?uri                                                              8     0(0.00%) |      9       2      22      4 |    0.50        0.00
POST     /api/plugins/unload?uri                                                            7     0(0.00%) |      5       1      13      3 |    0.50        0.00
--------|----------------------------------------------------------------------------|-------|-------------|-------|-------|-------|-------|--------|-----------
         Aggregated                                                                       281     0(0.00%) |     27       1     389      6 |   29.50        0.00

[2026-03-07 14:12:56,363] MAP2-TESTBED/INFO/locust.runners: All users spawned: {"MAP2RealtimeUser": 10} (10 total users)
Type     Name                                                                          # reqs      # fails |    Avg     Min     Max    Med |   req/s  failures/s
--------|----------------------------------------------------------------------------|-------|-------------|-------|-------|-------|-------|--------|-----------
GET      /api/audio/latency                                                                69     0(0.00%) |      7       1      33      3 |    6.00        0.00
GET      /api/audio/levels                                                                 69     0(0.00%) |     31       1     347      6 |    6.00        0.00
GET      /api/audio/levels (during plugin swap)                                            17     0(0.00%) |     38       1     389      4 |    1.00        0.00
GET      /api/audio/levels/plugins                                                         17     0(0.00%) |     19       1     276      2 |    1.00        0.00
GET      /api/audio/status                                                                 54     0(0.00%) |     13       1     382      2 |    4.33        0.00
GET      /api/chains/                                                                      36     0(0.00%) |     15       1     150      5 |    3.67        0.00
GET      /api/chains/{id}                                                                  54     0(0.00%) |     21       1     384      5 |    4.33        0.00
POST     /api/chains/{id}/activate                                                         54     0(0.00%) |     13       1      80      5 |    4.33        0.00
POST     /api/chains/{id}/deactivate                                                       54     0(0.00%) |     21       1     271      2 |    4.33        0.00
POST     /api/plugins/batch/parameters (500 updates)                                        3     0(0.00%) |     14       4      19     18 |    0.00        0.00
GET      /api/plugins/discover                                                             35     0(0.00%) |     28      10      88     22 |    3.67        0.00
GET      /api/plugins/list                                                                 36     0(0.00%) |      7       1      38      2 |    3.67        0.00
POST     /api/plugins/load?uri                                                             17     0(0.00%) |      8       1      22      4 |    1.00        0.00
POST     /api/plugins/unload?uri                                                           17     0(0.00%) |      3       1      13      2 |    1.00        0.00
--------|----------------------------------------------------------------------------|-------|-------------|-------|-------|-------|-------|--------|-----------
         Aggregated                                                                       532     0(0.00%) |     17       1     389      3 |   44.33        0.00

Type     Name                                                                          # reqs      # fails |    Avg     Min     Max    Med |   req/s  failures/s
--------|----------------------------------------------------------------------------|-------|-------------|-------|-------|-------|-------|--------|-----------
GET      /api/audio/latency                                                                95     0(0.00%) |     10       1     100      3 |   11.50        0.00
GET      /api/audio/levels                                                                 95     0(0.00%) |     66       1    1110      7 |   11.50        0.00
GET      /api/audio/levels (during plugin swap)                                            23     0(0.00%) |     74       1     923      4 |    2.83        0.00
GET      /api/audio/levels/plugins                                                         22     0(0.00%) |     17       1     276      2 |    2.83        0.00
GET      /api/audio/status                                                                 76     0(0.00%) |     12       1     382      2 |    9.00        0.00
GET      /api/chains/                                                                      45     0(0.00%) |     58       1    1066      5 |    6.00        0.00
GET      /api/chains/{id}                                                                  76     0(0.00%) |     65       1    1065      7 |    9.00        0.00
POST     /api/chains/{id}/activate                                                         76     0(0.00%) |     27       1     466      6 |    9.00        0.00
POST     /api/chains/{id}/deactivate                                                       76     0(0.00%) |     18       1     271      2 |    9.00        0.00
POST     /api/plugins/batch/parameters (500 updates)                                        7     0(0.00%) |     10       2      19     10 |    0.50        0.00
GET      /api/plugins/discover                                                             45     0(0.00%) |     50      10    1109     22 |    5.83        0.00
GET      /api/plugins/list                                                                 45     0(0.00%) |     11       1      99      2 |    6.00        0.00
POST     /api/plugins/load?uri                                                             22     0(0.00%) |     13       1      99      4 |    2.83        0.00
POST     /api/plugins/unload?uri                                                           22     0(0.00%) |      4       1      15      2 |    2.83        0.00
--------|----------------------------------------------------------------------------|-------|-------------|-------|-------|-------|-------|--------|-----------
         Aggregated                                                                       725     0(0.00%) |     34       1    1110      5 |   88.67        0.00

Type     Name                                                                          # reqs      # fails |    Avg     Min     Max    Med |   req/s  failures/s
--------|----------------------------------------------------------------------------|-------|-------------|-------|-------|-------|-------|--------|-----------
GET      /api/audio/latency                                                               129     0(0.00%) |     13       1     313      3 |   11.25        0.00
GET      /api/audio/levels                                                                130     0(0.00%) |     52       1    1110      4 |   11.25        0.00
GET      /api/audio/levels (during plugin swap)                                            28     0(0.00%) |     62       1     923      4 |    2.50        0.00
GET      /api/audio/levels/plugins                                                         28     0(0.00%) |     25       1     314      2 |    2.50        0.00
GET      /api/audio/status                                                                121     0(0.00%) |     12       1     382      2 |    8.88        0.00
GET      /api/chains/                                                                      52     0(0.00%) |     53       1    1066      5 |    5.25        0.00
GET      /api/chains/{id}                                                                 122     0(0.00%) |     48       1    1065      5 |    8.88        0.00
POST     /api/chains/{id}/activate                                                        121     0(0.00%) |     22       1     466      4 |    8.88        0.00
POST     /api/chains/{id}/deactivate                                                      121     0(0.00%) |     13       1     271      2 |    8.88        0.00
POST     /api/plugins/batch/parameters (500 updates)                                       15     0(0.00%) |     10       2      23     10 |    0.62        0.00
GET      /api/plugins/discover                                                             52     0(0.00%) |     52      10    1109     22 |    5.25        0.00
GET      /api/plugins/list                                                                 52     0(0.00%) |     18       1     313      2 |    5.25        0.00
POST     /api/plugins/load?uri                                                             28     0(0.00%) |     13       1      99      3 |    2.50        0.00
POST     /api/plugins/unload?uri                                                           28     0(0.00%) |      5       1      33      2 |    2.50        0.00
--------|----------------------------------------------------------------------------|-------|-------------|-------|-------|-------|-------|--------|-----------
         Aggregated                                                                      1027     0(0.00%) |     29       1    1110      3 |   84.38        0.00

Type     Name                                                                          # reqs      # fails |    Avg     Min     Max    Med |   req/s  failures/s
--------|----------------------------------------------------------------------------|-------|-------------|-------|-------|-------|-------|--------|-----------
GET      /api/audio/latency                                                               165     0(0.00%) |     12       1     313      3 |   12.20        0.00
GET      /api/audio/levels                                                                167     0(0.00%) |     43       1    1110      4 |   12.20        0.00
GET      /api/audio/levels (during plugin swap)                                            37     0(0.00%) |     49       1     923      4 |    2.80        0.00
GET      /api/audio/levels/plugins                                                         37     0(0.00%) |     20       1     314      3 |    2.80        0.00
GET      /api/audio/status                                                                151     0(0.00%) |     10       1     382      2 |   11.10        0.00
GET      /api/chains/                                                                      63     0(0.00%) |     45       1    1066      6 |    5.10        0.00
GET      /api/chains/{id}                                                                 155     0(0.00%) |     40       1    1065      4 |   11.10        0.00
POST     /api/chains/{id}/activate                                                        154     0(0.00%) |     20       1     466      4 |   11.10        0.00
POST     /api/chains/{id}/deactivate                                                      151     0(0.00%) |     11       1     271      2 |   11.10        0.00
POST     /api/plugins/batch/parameters (500 updates)                                       26     0(0.00%) |     10       2      33      7 |    1.30        0.00
GET      /api/plugins/discover                                                             63     0(0.00%) |     48      10    1109     20 |    5.10        0.00
GET      /api/plugins/list                                                                 63     0(0.00%) |     17       1     313      2 |    5.10        0.00
POST     /api/plugins/load?uri                                                             37     0(0.00%) |     12       1      99      4 |    2.80        0.00
POST     /api/plugins/unload?uri                                                           37     0(0.00%) |      5       1      33      2 |    2.80        0.00
--------|----------------------------------------------------------------------------|-------|-------------|-------|-------|-------|-------|--------|-----------
         Aggregated                                                                      1306     0(0.00%) |     25       1    1110      3 |   96.60        0.00

Type     Name                                                                          # reqs      # fails |    Avg     Min     Max    Med |   req/s  failures/s
--------|----------------------------------------------------------------------------|-------|-------------|-------|-------|-------|-------|--------|-----------
GET      /api/audio/latency                                                               198     0(0.00%) |     16       1     361      3 |   16.00        0.00
GET      /api/audio/levels                                                                198     0(0.00%) |     43       1    1110      4 |   16.10        0.00
GET      /api/audio/levels (during plugin swap)                                            48     0(0.00%) |     46       1     923      4 |    3.60        0.00
GET      /api/audio/levels/plugins                                                         48     0(0.00%) |     17       1     314      3 |    3.60        0.00
GET      /api/audio/status                                                                195     0(0.00%) |     18       1     382      2 |   14.30        0.00
GET      /api/chains/                                                                      69     0(0.00%) |     42       1    1066      6 |    5.80        0.00
GET      /api/chains/{id}                                                                 195     0(0.00%) |     39       1    1065      4 |   14.60        0.00
POST     /api/chains/{id}/activate                                                        195     0(0.00%) |     21       1     466      4 |   14.30        0.00
POST     /api/chains/{id}/deactivate                                                      195     0(0.00%) |     10       1     271      2 |   14.30        0.00
POST     /api/plugins/batch/parameters (500 updates)                                       35     0(0.00%) |     10       2      33     10 |    2.60        0.00
GET      /api/plugins/discover                                                             69     0(0.00%) |     45      10    1109     20 |    5.70        0.00
GET      /api/plugins/list                                                                 69     0(0.00%) |     16       1     313      2 |    5.80        0.00
POST     /api/plugins/load?uri                                                             48     0(0.00%) |     12       1      99      4 |    3.60        0.00
POST     /api/plugins/unload?uri                                                           48     0(0.00%) |      7       1      91      2 |    3.60        0.00
--------|----------------------------------------------------------------------------|-------|-------------|-------|-------|-------|-------|--------|-----------
         Aggregated                                                                      1610     0(0.00%) |     25       1    1110      3 |  123.90        0.00

Type     Name                                                                          # reqs      # fails |    Avg     Min     Max    Med |   req/s  failures/s
--------|----------------------------------------------------------------------------|-------|-------------|-------|-------|-------|-------|--------|-----------
GET      /api/audio/latency                                                               232     0(0.00%) |     15       1     361      3 |   16.20        0.00
GET      /api/audio/levels                                                                232     0(0.00%) |     41       1    1110      5 |   16.20        0.00
GET      /api/audio/levels (during plugin swap)                                            56     0(0.00%) |     42       1     923      5 |    3.70        0.00
GET      /api/audio/levels/plugins                                                         56     0(0.00%) |     15       1     314      2 |    3.70        0.00
GET      /api/audio/status                                                                229     0(0.00%) |     17       1     382      2 |   15.80        0.00
GET      /api/chains/                                                                      75     0(0.00%) |     39       1    1066      6 |    5.00        0.00
GET      /api/chains/{id}                                                                 229     0(0.00%) |     35       1    1065      4 |   15.50        0.00
POST     /api/chains/{id}/activate                                                        229     0(0.00%) |     19       1     466      4 |   15.80        0.00
POST     /api/chains/{id}/deactivate                                                      229     0(0.00%) |     11       1     304      2 |   15.80        0.00
POST     /api/plugins/batch/parameters (500 updates)                                       47     0(0.00%) |     12       2      57      8 |    3.10        0.00
GET      /api/plugins/discover                                                             75     0(0.00%) |     43      10    1109     20 |    5.00        0.00
GET      /api/plugins/list                                                                 75     0(0.00%) |     19       1     313      2 |    5.00        0.00
POST     /api/plugins/load?uri                                                             56     0(0.00%) |     12       1      99      4 |    3.70        0.00
POST     /api/plugins/unload?uri                                                           56     0(0.00%) |     11       1     304      2 |    3.70        0.00
--------|----------------------------------------------------------------------------|-------|-------------|-------|-------|-------|-------|--------|-----------
         Aggregated                                                                      1876     0(0.00%) |     24       1    1110      3 |  128.20        0.00

Type     Name                                                                          # reqs      # fails |    Avg     Min     Max    Med |   req/s  failures/s
--------|----------------------------------------------------------------------------|-------|-------------|-------|-------|-------|-------|--------|-----------
GET      /api/audio/latency                                                               255     0(0.00%) |     20       1    1134      3 |   15.50        0.00
GET      /api/audio/levels                                                                255     0(0.00%) |     62       1    1110      5 |   15.50        0.00
GET      /api/audio/levels (during plugin swap)                                            58     0(0.00%) |     41       1     923      5 |    3.50        0.00
GET      /api/audio/levels/plugins                                                         58     0(0.00%) |     14       1     314      2 |    3.50        0.00
GET      /api/audio/status                                                                241     0(0.00%) |     16       1     382      2 |   16.80        0.00
GET      /api/chains/                                                                      79     0(0.00%) |     41       1    1066      6 |    3.90        0.00
GET      /api/chains/{id}                                                                 241     0(0.00%) |     43       1    1065      4 |   16.80        0.00
POST     /api/chains/{id}/activate                                                        241     0(0.00%) |     19       1     466      4 |   16.80        0.00
POST     /api/chains/{id}/deactivate                                                      241     0(0.00%) |     11       1     304      2 |   16.80        0.00
POST     /api/plugins/batch/parameters (500 updates)                                       52     0(0.00%) |     34       2     968     10 |    4.30        0.00
GET      /api/plugins/discover                                                             79     0(0.00%) |     56      10    1132     20 |    4.00        0.00
GET      /api/plugins/list                                                                 79     0(0.00%) |     18       1     313      2 |    3.90        0.00
POST     /api/plugins/load?uri                                                             58     0(0.00%) |     12       1      99      3 |    3.50        0.00
POST     /api/plugins/unload?uri                                                           58     0(0.00%) |     11       1     304      2 |    3.50        0.00
--------|----------------------------------------------------------------------------|-------|-------------|-------|-------|-------|-------|--------|-----------
         Aggregated                                                                      1995     0(0.00%) |     29       1    1134      3 |  128.30        0.00

Type     Name                                                                          # reqs      # fails |    Avg     Min     Max    Med |   req/s  failures/s
--------|----------------------------------------------------------------------------|-------|-------------|-------|-------|-------|-------|--------|-----------
GET      /api/audio/latency                                                               306     0(0.00%) |     18       1    1134      3 |   16.00        0.00
GET      /api/audio/levels                                                                306     0(0.00%) |     53       1    1110      5 |   16.00        0.00
GET      /api/audio/levels (during plugin swap)                                            66     0(0.00%) |     37       1     923      4 |    3.80        0.00
GET      /api/audio/levels/plugins                                                         66     0(0.00%) |     13       1     314      2 |    3.80        0.00
GET      /api/audio/status                                                                279     0(0.00%) |     15       1     382      2 |   16.70        0.00
GET      /api/chains/                                                                      84     0(0.00%) |     39       1    1066      6 |    3.60        0.00
GET      /api/chains/{id}                                                                 279     0(0.00%) |     38       1    1065      4 |   16.70        0.00
POST     /api/chains/{id}/activate                                                        279     0(0.00%) |     17       1     466      4 |   16.70        0.00
POST     /api/chains/{id}/deactivate                                                      279     0(0.00%) |     10       1     304      2 |   16.70        0.00
POST     /api/plugins/batch/parameters (500 updates)                                       65     0(0.00%) |     29       2     968     10 |    4.60        0.00
GET      /api/plugins/discover                                                             84     0(0.00%) |     54      10    1132     19 |    3.60        0.00
GET      /api/plugins/list                                                                 84     0(0.00%) |     17       1     313      2 |    3.60        0.00
POST     /api/plugins/load?uri                                                             66     0(0.00%) |     11       1      99      3 |    3.80        0.00
POST     /api/plugins/unload?uri                                                           66     0(0.00%) |     10       1     304      2 |    3.80        0.00
--------|----------------------------------------------------------------------------|-------|-------------|-------|-------|-------|-------|--------|-----------
         Aggregated                                                                      2309     0(0.00%) |     26       1    1134      3 |  129.40        0.00

Type     Name                                                                          # reqs      # fails |    Avg     Min     Max    Med |   req/s  failures/s
--------|----------------------------------------------------------------------------|-------|-------------|-------|-------|-------|-------|--------|-----------
GET      /api/audio/latency                                                               336     0(0.00%) |     18       1    1134      3 |   17.50        0.00
GET      /api/audio/levels                                                                336     0(0.00%) |     50       1    1110      5 |   17.50        0.00
GET      /api/audio/levels (during plugin swap)                                            76     0(0.00%) |     34       1     923      5 |    3.70        0.00
GET      /api/audio/levels/plugins                                                         76     0(0.00%) |     16       1     316      2 |    3.70        0.00
GET      /api/audio/status                                                                315     0(0.00%) |     14       1     382      2 |   16.10        0.00
GET      /api/chains/                                                                      89     0(0.00%) |     38       1    1066      6 |    3.20        0.00
GET      /api/chains/{id}                                                                 316     0(0.00%) |     37       1    1065      4 |   16.20        0.00
POST     /api/chains/{id}/activate                                                        315     0(0.00%) |     17       1     466      4 |   16.10        0.00
POST     /api/chains/{id}/deactivate                                                      315     0(0.00%) |      9       1     304      2 |   16.10        0.00
POST     /api/plugins/batch/parameters (500 updates)                                       81     0(0.00%) |     25       2     968     10 |    5.20        0.00
GET      /api/plugins/discover                                                             89     0(0.00%) |     55      10    1132     20 |    3.20        0.00
GET      /api/plugins/list                                                                 89     0(0.00%) |     21       1     317      3 |    3.20        0.00
POST     /api/plugins/load?uri                                                             76     0(0.00%) |     11       1      99      3 |    3.70        0.00
POST     /api/plugins/unload?uri                                                           76     0(0.00%) |     10       1     304      2 |    3.70        0.00
--------|----------------------------------------------------------------------------|-------|-------------|-------|-------|-------|-------|--------|-----------
         Aggregated                                                                      2585     0(0.00%) |     25       1    1134      3 |  129.10        0.00

Type     Name                                                                          # reqs      # fails |    Avg     Min     Max    Med |   req/s  failures/s
--------|----------------------------------------------------------------------------|-------|-------------|-------|-------|-------|-------|--------|-----------
GET      /api/audio/latency                                                               364     0(0.00%) |     22       1    1134      3 |   16.70        0.00
GET      /api/audio/levels                                                                364     0(0.00%) |     50       1    1110      5 |   16.60        0.00
GET      /api/audio/levels (during plugin swap)                                            86     0(0.00%) |     34       1     923      5 |    3.70        0.00
GET      /api/audio/levels/plugins                                                         86     0(0.00%) |     15       1     316      2 |    3.70        0.00
GET      /api/audio/status                                                                348     0(0.00%) |     13       1     382      2 |   15.40        0.00
GET      /api/chains/                                                                      90     0(0.00%) |     38       1    1066      6 |    2.50        0.00
GET      /api/chains/{id}                                                                 348     0(0.00%) |     35       1    1065      4 |   15.30        0.00
POST     /api/chains/{id}/activate                                                        348     0(0.00%) |     17       1     466      4 |   15.40        0.00
POST     /api/chains/{id}/deactivate                                                      348     0(0.00%) |     12       1     644      2 |   15.40        0.00
POST     /api/plugins/batch/parameters (500 updates)                                       90     0(0.00%) |     26       2     968     10 |    5.10        0.00
GET      /api/plugins/discover                                                             90     0(0.00%) |     55      10    1132     20 |    2.60        0.00
GET      /api/plugins/list                                                                 90     0(0.00%) |     21       1     317      3 |    2.50        0.00
POST     /api/plugins/load?uri                                                             86     0(0.00%) |     16       1     307      3 |    3.70        0.00
POST     /api/plugins/unload?uri                                                           86     0(0.00%) |      9       1     304      2 |    3.60        0.00
--------|----------------------------------------------------------------------------|-------|-------------|-------|-------|-------|-------|--------|-----------
         Aggregated                                                                      2824     0(0.00%) |     26       1    1134      3 |  122.20        0.00

Type     Name                                                                          # reqs      # fails |    Avg     Min     Max    Med |   req/s  failures/s
--------|----------------------------------------------------------------------------|-------|-------------|-------|-------|-------|-------|--------|-----------
GET      /api/audio/latency                                                               407     0(0.00%) |     21       1    1134      3 |   16.20        0.00
GET      /api/audio/levels                                                                407     0(0.00%) |     46       1    1110      4 |   16.20        0.00
GET      /api/audio/levels (during plugin swap)                                            96     0(0.00%) |     32       1     923      5 |    4.00        0.00
GET      /api/audio/levels/plugins                                                         96     0(0.00%) |     18       1     357      2 |    4.00        0.00
GET      /api/audio/status                                                                370     0(0.00%) |     15       1     382      2 |   15.10        0.00
GET      /api/chains/                                                                      92     0(0.00%) |     38       1    1066      6 |    2.10        0.00
GET      /api/chains/{id}                                                                 370     0(0.00%) |     34       1    1065      4 |   15.10        0.00
POST     /api/chains/{id}/activate                                                        370     0(0.00%) |     18       1     466      4 |   15.10        0.00
POST     /api/chains/{id}/deactivate                                                      370     0(0.00%) |     14       1     644      2 |   15.10        0.00
POST     /api/plugins/batch/parameters (500 updates)                                      103     0(0.00%) |     29       2     968     10 |    5.70        0.00
GET      /api/plugins/discover                                                             92     0(0.00%) |     54      10    1132     19 |    2.10        0.00
GET      /api/plugins/list                                                                 92     0(0.00%) |     21       1     317      3 |    2.10        0.00
POST     /api/plugins/load?uri                                                             96     0(0.00%) |     16       1     307      3 |    4.00        0.00
POST     /api/plugins/unload?uri                                                           96     0(0.00%) |     12       1     358      2 |    4.00        0.00
--------|----------------------------------------------------------------------------|-------|-------------|-------|-------|-------|-------|--------|-----------
         Aggregated                                                                      3057     0(0.00%) |     26       1    1134      3 |  120.80        0.00

Type     Name                                                                          # reqs      # fails |    Avg     Min     Max    Med |   req/s  failures/s
--------|----------------------------------------------------------------------------|-------|-------------|-------|-------|-------|-------|--------|-----------
GET      /api/audio/latency                                                               441     0(0.00%) |     20       1    1134      3 |   17.60        0.00
GET      /api/audio/levels                                                                441     0(0.00%) |     43       1    1110      4 |   17.60        0.00
GET      /api/audio/levels (during plugin swap)                                           105     0(0.00%) |     30       1     923      4 |    4.00        0.00
GET      /api/audio/levels/plugins                                                        105     0(0.00%) |     17       1     357      2 |    4.00        0.00
GET      /api/audio/status                                                                388     0(0.00%) |     14       1     382      2 |   15.60        0.00
GET      /api/chains/                                                                      93     0(0.00%) |     37       1    1066      6 |    2.00        0.00
GET      /api/chains/{id}                                                                 388     0(0.00%) |     33       1    1065      4 |   15.60        0.00
POST     /api/chains/{id}/activate                                                        388     0(0.00%) |     17       1     466      4 |   15.60        0.00
POST     /api/chains/{id}/deactivate                                                      388     0(0.00%) |     14       1     644      2 |   15.60        0.00
POST     /api/plugins/batch/parameters (500 updates)                                      124     0(0.00%) |     25       2     968      9 |    5.70        0.00
GET      /api/plugins/discover                                                             93     0(0.00%) |     54      10    1132     19 |    2.00        0.00
GET      /api/plugins/list                                                                 93     0(0.00%) |     21       1     317      3 |    2.00        0.00
POST     /api/plugins/load?uri                                                            105     0(0.00%) |     15       1     307      3 |    4.00        0.00
POST     /api/plugins/unload?uri                                                          105     0(0.00%) |     11       1     358      2 |    4.00        0.00
--------|----------------------------------------------------------------------------|-------|-------------|-------|-------|-------|-------|--------|-----------
         Aggregated                                                                      3257     0(0.00%) |     24       1    1134      3 |  125.30        0.00

Type     Name                                                                          # reqs      # fails |    Avg     Min     Max    Med |   req/s  failures/s
--------|----------------------------------------------------------------------------|-------|-------------|-------|-------|-------|-------|--------|-----------
GET      /api/audio/latency                                                               474     0(0.00%) |     20       1    1134      3 |   19.10        0.00
GET      /api/audio/levels                                                                474     0(0.00%) |     53       1    1110      4 |   19.10        0.00
GET      /api/audio/levels (during plugin swap)                                           114     0(0.00%) |     32       1     923      4 |    4.70        0.00
GET      /api/audio/levels/plugins                                                        114     0(0.00%) |     16       1     357      2 |    4.70        0.00
GET      /api/audio/status                                                                416     0(0.00%) |     13       1     382      2 |   15.00        0.00
GET      /api/chains/                                                                      95     0(0.00%) |     37       1    1066      6 |    1.50        0.00
GET      /api/chains/{id}                                                                 416     0(0.00%) |     39       1    1068      4 |   15.00        0.00
POST     /api/chains/{id}/activate                                                        416     0(0.00%) |     17       1     466      4 |   15.00        0.00
POST     /api/chains/{id}/deactivate                                                      416     0(0.00%) |     13       1     644      2 |   15.00        0.00
POST     /api/plugins/batch/parameters (500 updates)                                      131     0(0.00%) |     33       2    1038      9 |    7.30        0.00
GET      /api/plugins/discover                                                             95     0(0.00%) |     53      10    1132     20 |    1.50        0.00
GET      /api/plugins/list                                                                 95     0(0.00%) |     21       1     317      3 |    1.50        0.00
POST     /api/plugins/load?uri                                                            114     0(0.00%) |     15       1     307      3 |    4.70        0.00
POST     /api/plugins/unload?uri                                                          114     0(0.00%) |     11       1     358      2 |    4.70        0.00
--------|----------------------------------------------------------------------------|-------|-------------|-------|-------|-------|-------|--------|-----------
         Aggregated                                                                      3484     0(0.00%) |     26       1    1134      3 |  128.80        0.00

Type     Name                                                                          # reqs      # fails |    Avg     Min     Max    Med |   req/s  failures/s
--------|----------------------------------------------------------------------------|-------|-------------|-------|-------|-------|-------|--------|-----------
GET      /api/audio/latency                                                               516     0(0.00%) |     20       1    1134      2 |   16.70        0.00
GET      /api/audio/levels                                                                516     0(0.00%) |     50       1    1110      4 |   16.70        0.00
GET      /api/audio/levels (during plugin swap)                                           122     0(0.00%) |     31       1     923      5 |    4.60        0.00
GET      /api/audio/levels/plugins                                                        122     0(0.00%) |     18       1     357      2 |    4.60        0.00
GET      /api/audio/status                                                                447     0(0.00%) |     14       1     382      2 |   13.50        0.00
GET      /api/chains/                                                                      97     0(0.00%) |     37       1    1066      6 |    1.10        0.00
GET      /api/chains/{id}                                                                 447     0(0.00%) |     37       1    1068      4 |   13.40        0.00
POST     /api/chains/{id}/activate                                                        447     0(0.00%) |     17       1     466      4 |   13.50        0.00
POST     /api/chains/{id}/deactivate                                                      447     0(0.00%) |     13       1     644      2 |   13.50        0.00
POST     /api/plugins/batch/parameters (500 updates)                                      146     0(0.00%) |     31       2    1038      8 |    6.50        0.00
GET      /api/plugins/discover                                                             97     0(0.00%) |     55      10    1132     20 |    1.10        0.00
GET      /api/plugins/list                                                                 97     0(0.00%) |     21       1     317      3 |    1.10        0.00
POST     /api/plugins/load?uri                                                            122     0(0.00%) |     17       1     320      3 |    4.60        0.00
POST     /api/plugins/unload?uri                                                          122     0(0.00%) |     11       1     358      2 |    4.60        0.00
--------|----------------------------------------------------------------------------|-------|-------------|-------|-------|-------|-------|--------|-----------
         Aggregated                                                                      3745     0(0.00%) |     26       1    1134      3 |  115.50        0.00

Type     Name                                                                          # reqs      # fails |    Avg     Min     Max    Med |   req/s  failures/s
--------|----------------------------------------------------------------------------|-------|-------------|-------|-------|-------|-------|--------|-----------
GET      /api/audio/latency                                                               552     0(0.00%) |     19       1    1134      2 |   17.70        0.00
GET      /api/audio/levels                                                                552     0(0.00%) |     47       1    1110      4 |   17.70        0.00
GET      /api/audio/levels (during plugin swap)                                           127     0(0.00%) |     30       1     923      5 |    4.40        0.00
GET      /api/audio/levels/plugins                                                        127     0(0.00%) |     18       1     357      2 |    4.40        0.00
GET      /api/audio/status                                                                482     0(0.00%) |     14       1     382      2 |   13.20        0.00
GET      /api/chains/                                                                      99     0(0.00%) |     36       1    1066      6 |    0.80        0.00
GET      /api/chains/{id}                                                                 484     0(0.00%) |     35       1    1068      4 |   13.00        0.00
POST     /api/chains/{id}/activate                                                        482     0(0.00%) |     17       1     466      4 |   13.20        0.00
POST     /api/chains/{id}/deactivate                                                      478     0(0.00%) |     12       1     644      2 |   13.20        0.00
POST     /api/plugins/batch/parameters (500 updates)                                      161     0(0.00%) |     29       2    1038      8 |    6.60        0.00
GET      /api/plugins/discover                                                             99     0(0.00%) |     55      10    1132     20 |    0.80        0.00
GET      /api/plugins/list                                                                 99     0(0.00%) |     21       1     317      3 |    0.80        0.00
POST     /api/plugins/load?uri                                                            127     0(0.00%) |     17       1     320      3 |    4.40        0.00
POST     /api/plugins/unload?uri                                                          127     0(0.00%) |     10       1     358      2 |    4.50        0.00
--------|----------------------------------------------------------------------------|-------|-------------|-------|-------|-------|-------|--------|-----------
         Aggregated                                                                      3996     0(0.00%) |     25       1    1134      3 |  114.70        0.00

Type     Name                                                                          # reqs      # fails |    Avg     Min     Max    Med |   req/s  failures/s
--------|----------------------------------------------------------------------------|-------|-------------|-------|-------|-------|-------|--------|-----------
GET      /api/audio/latency                                                               599     0(0.00%) |     19       1    1134      2 |   19.40        0.00
GET      /api/audio/levels                                                                599     0(0.00%) |     48       1    1110      4 |   19.50        0.00
GET      /api/audio/levels (during plugin swap)                                           135     0(0.00%) |     29       1     923      5 |    4.40        0.00
GET      /api/audio/levels/plugins                                                        135     0(0.00%) |     17       1     357      2 |    4.40        0.00
GET      /api/audio/status                                                                505     0(0.00%) |     13       1     382      2 |   14.10        0.00
GET      /api/chains/                                                                      99     0(0.00%) |     36       1    1066      6 |    0.90        0.00
GET      /api/chains/{id}                                                                 505     0(0.00%) |     34       1    1068      4 |   14.50        0.00
POST     /api/chains/{id}/activate                                                        505     0(0.00%) |     18       1     466      4 |   14.10        0.00
POST     /api/chains/{id}/deactivate                                                      505     0(0.00%) |     14       1     644      2 |   14.10        0.00
POST     /api/plugins/batch/parameters (500 updates)                                      180     0(0.00%) |     29       2    1038      8 |    7.20        0.00
GET      /api/plugins/discover                                                             99     0(0.00%) |     55      10    1132     20 |    0.90        0.00
GET      /api/plugins/list                                                                 99     0(0.00%) |     21       1     317      3 |    0.90        0.00
POST     /api/plugins/load?uri                                                            135     0(0.00%) |     16       1     320      3 |    4.40        0.00
POST     /api/plugins/unload?uri                                                          135     0(0.00%) |     10       1     358      2 |    4.40        0.00
--------|----------------------------------------------------------------------------|-------|-------------|-------|-------|-------|-------|--------|-----------
         Aggregated                                                                      4235     0(0.00%) |     25       1    1134      3 |  123.20        0.00

Type     Name                                                                          # reqs      # fails |    Avg     Min     Max    Med |   req/s  failures/s
--------|----------------------------------------------------------------------------|-------|-------------|-------|-------|-------|-------|--------|-----------
GET      /api/audio/latency                                                               637     0(0.00%) |     19       1    1134      2 |   18.40        0.00
GET      /api/audio/levels                                                                637     0(0.00%) |     48       1    1110      4 |   18.30        0.00
GET      /api/audio/levels (during plugin swap)                                           143     0(0.00%) |     27       1     923      5 |    3.90        0.00
GET      /api/audio/levels/plugins                                                        143     0(0.00%) |     16       1     357      2 |    4.00        0.00
GET      /api/audio/status                                                                537     0(0.00%) |     15       1     401      2 |   12.60        0.00
GET      /api/chains/                                                                      99     0(0.00%) |     36       1    1066      6 |    0.70        0.00
GET      /api/chains/{id}                                                                 537     0(0.00%) |     33       1    1068      4 |   12.40        0.00
POST     /api/chains/{id}/activate                                                        537     0(0.00%) |     18       1     466      4 |   12.50        0.00
POST     /api/chains/{id}/deactivate                                                      537     0(0.00%) |     15       1     644      2 |   12.90        0.00
POST     /api/plugins/batch/parameters (500 updates)                                      195     0(0.00%) |     31       2    1038      9 |    7.40        0.00
GET      /api/plugins/discover                                                             99     0(0.00%) |     55      10    1132     20 |    0.70        0.00
GET      /api/plugins/list                                                                 99     0(0.00%) |     21       1     317      3 |    0.70        0.00
POST     /api/plugins/load?uri                                                            143     0(0.00%) |     15       1     320      3 |    3.90        0.00
POST     /api/plugins/unload?uri                                                          143     0(0.00%) |      9       1     358      2 |    4.10        0.00
--------|----------------------------------------------------------------------------|-------|-------------|-------|-------|-------|-------|--------|-----------
         Aggregated                                                                      4486     0(0.00%) |     25       1    1134      3 |  112.50        0.00

Type     Name                                                                          # reqs      # fails |    Avg     Min     Max    Med |   req/s  failures/s
--------|----------------------------------------------------------------------------|-------|-------------|-------|-------|-------|-------|--------|-----------
GET      /api/audio/latency                                                               653     0(0.00%) |     19       1    1134      2 |   18.80        0.00
GET      /api/audio/levels                                                                653     0(0.00%) |     51       1    1110      4 |   18.90        0.00
GET      /api/audio/levels (during plugin swap)                                           150     0(0.00%) |     41       1    1111      4 |    3.50        0.00
GET      /api/audio/levels/plugins                                                        150     0(0.00%) |     15       1     357      2 |    3.50        0.00
GET      /api/audio/status                                                                550     0(0.00%) |     14       1     401      2 |   14.10        0.00
GET      /api/chains/                                                                      99     0(0.00%) |     36       1    1066      6 |    0.60        0.00
GET      /api/chains/{id}                                                                 551     0(0.00%) |     40       1    1068      4 |   14.10        0.00
POST     /api/chains/{id}/activate                                                        550     0(0.00%) |     18       1     466      4 |   14.10        0.00
POST     /api/chains/{id}/deactivate                                                      550     0(0.00%) |     14       1     644      2 |   14.00        0.00
POST     /api/plugins/batch/parameters (500 updates)                                      206     0(0.00%) |     40       2    1040      9 |    6.90        0.00
GET      /api/plugins/discover                                                             99     0(0.00%) |     55      10    1132     20 |    0.60        0.00
GET      /api/plugins/list                                                                 99     0(0.00%) |     21       1     317      3 |    0.60        0.00
POST     /api/plugins/load?uri                                                            150     0(0.00%) |     16       1     320      3 |    3.50        0.00
POST     /api/plugins/unload?uri                                                          150     0(0.00%) |      9       1     358      2 |    3.50        0.00
--------|----------------------------------------------------------------------------|-------|-------------|-------|-------|-------|-------|--------|-----------
         Aggregated                                                                      4610     0(0.00%) |     27       1    1134      3 |  116.70        0.00

Type     Name                                                                          # reqs      # fails |    Avg     Min     Max    Med |   req/s  failures/s
--------|----------------------------------------------------------------------------|-------|-------------|-------|-------|-------|-------|--------|-----------
GET      /api/audio/latency                                                               691     0(0.00%) |     18       1    1134      2 |   18.30        0.00
GET      /api/audio/levels                                                                693     0(0.00%) |     49       1    1110      4 |   18.30        0.00
GET      /api/audio/levels (during plugin swap)                                           163     0(0.00%) |     38       1    1111      4 |    3.90        0.00
GET      /api/audio/levels/plugins                                                        163     0(0.00%) |     14       1     357      2 |    3.90        0.00
GET      /api/audio/status                                                                590     0(0.00%) |     14       1     401      2 |   14.00        0.00
GET      /api/chains/                                                                      99     0(0.00%) |     36       1    1066      6 |    0.50        0.00
GET      /api/chains/{id}                                                                 593     0(0.00%) |     38       1    1068      4 |   14.00        0.00
POST     /api/chains/{id}/activate                                                        590     0(0.00%) |     17       1     466      4 |   14.00        0.00
POST     /api/chains/{id}/deactivate                                                      590     0(0.00%) |     14       1     644      2 |   13.70        0.00
POST     /api/plugins/batch/parameters (500 updates)                                      235     0(0.00%) |     36       2    1040      9 |    7.50        0.00
GET      /api/plugins/discover                                                             99     0(0.00%) |     55      10    1132     20 |    0.50        0.00
GET      /api/plugins/list                                                                 99     0(0.00%) |     21       1     317      3 |    0.50        0.00
POST     /api/plugins/load?uri                                                            163     0(0.00%) |     15       1     320      3 |    3.90        0.00
POST     /api/plugins/unload?uri                                                          163     0(0.00%) |      9       1     358      2 |    3.80        0.00
--------|----------------------------------------------------------------------------|-------|-------------|-------|-------|-------|-------|--------|-----------
         Aggregated                                                                      4931     0(0.00%) |     26       1    1134      3 |  116.80        0.00

Type     Name                                                                          # reqs      # fails |    Avg     Min     Max    Med |   req/s  failures/s
--------|----------------------------------------------------------------------------|-------|-------------|-------|-------|-------|-------|--------|-----------
GET      /api/audio/latency                                                               743     0(0.00%) |     18       1    1134      2 |   17.90        0.00
GET      /api/audio/levels                                                                743     0(0.00%) |     47       1    1110      4 |   17.90        0.00
GET      /api/audio/levels (during plugin swap)                                           171     0(0.00%) |     36       1    1111      4 |    4.30        0.00
GET      /api/audio/levels/plugins                                                        171     0(0.00%) |     14       1     357      2 |    4.30        0.00
GET      /api/audio/status                                                                624     0(0.00%) |     13       1     401      2 |   14.60        0.00
GET      /api/chains/                                                                      99     0(0.00%) |     36       1    1066      6 |    0.30        0.00
GET      /api/chains/{id}                                                                 624     0(0.00%) |     37       1    1068      4 |   14.60        0.00
POST     /api/chains/{id}/activate                                                        624     0(0.00%) |     17       1     466      4 |   14.60        0.00
POST     /api/chains/{id}/deactivate                                                      624     0(0.00%) |     13       1     644      2 |   14.60        0.00
POST     /api/plugins/batch/parameters (500 updates)                                      251     0(0.00%) |     35       2    1040      9 |    8.60        0.00
GET      /api/plugins/discover                                                             99     0(0.00%) |     55      10    1132     20 |    0.30        0.00
GET      /api/plugins/list                                                                 99     0(0.00%) |     21       1     317      3 |    0.30        0.00
POST     /api/plugins/load?uri                                                            171     0(0.00%) |     15       1     320      3 |    4.30        0.00
POST     /api/plugins/unload?uri                                                          171     0(0.00%) |     10       1     358      2 |    4.30        0.00
--------|----------------------------------------------------------------------------|-------|-------------|-------|-------|-------|-------|--------|-----------
         Aggregated                                                                      5214     0(0.00%) |     25       1    1134      3 |  120.90        0.00

Type     Name                                                                          # reqs      # fails |    Avg     Min     Max    Med |   req/s  failures/s
--------|----------------------------------------------------------------------------|-------|-------------|-------|-------|-------|-------|--------|-----------
GET      /api/audio/latency                                                               778     0(0.00%) |     17       1    1134      2 |   18.80        0.00
GET      /api/audio/levels                                                                778     0(0.00%) |     48       1    1110      4 |   18.70        0.00
GET      /api/audio/levels (during plugin swap)                                           180     0(0.00%) |     35       1    1111      4 |    4.20        0.00
GET      /api/audio/levels/plugins                                                        180     0(0.00%) |     13       1     357      2 |    4.20        0.00
GET      /api/audio/status                                                                649     0(0.00%) |     13       1     401      2 |   13.60        0.00
GET      /api/chains/                                                                      99     0(0.00%) |     36       1    1066      6 |    0.00        0.00
GET      /api/chains/{id}                                                                 649     0(0.00%) |     37       1    1068      4 |   13.20        0.00
POST     /api/chains/{id}/activate                                                        649     0(0.00%) |     17       1     466      4 |   13.60        0.00
POST     /api/chains/{id}/deactivate                                                      649     0(0.00%) |     14       1     644      2 |   13.60        0.00
POST     /api/plugins/batch/parameters (500 updates)                                      271     0(0.00%) |     35       2    1040      8 |    8.60        0.00
GET      /api/plugins/discover                                                             99     0(0.00%) |     55      10    1132     20 |    0.00        0.00
GET      /api/plugins/list                                                                 99     0(0.00%) |     21       1     317      3 |    0.00        0.00
POST     /api/plugins/load?uri                                                            180     0(0.00%) |     14       1     320      3 |    4.20        0.00
POST     /api/plugins/unload?uri                                                          180     0(0.00%) |     12       1     358      2 |    4.20        0.00
--------|----------------------------------------------------------------------------|-------|-------------|-------|-------|-------|-------|--------|-----------
         Aggregated                                                                      5440     0(0.00%) |     25       1    1134      3 |  116.90        0.00

Type     Name                                                                          # reqs      # fails |    Avg     Min     Max    Med |   req/s  failures/s
--------|----------------------------------------------------------------------------|-------|-------------|-------|-------|-------|-------|--------|-----------
GET      /api/audio/latency                                                               828     0(0.00%) |     17       1    1134      2 |   17.90        0.00
GET      /api/audio/levels                                                                828     0(0.00%) |     46       1    1110      4 |   17.90        0.00
GET      /api/audio/levels (during plugin swap)                                           186     0(0.00%) |     34       1    1111      4 |    4.30        0.00
GET      /api/audio/levels/plugins                                                        186     0(0.00%) |     13       1     357      2 |    4.30        0.00
GET      /api/audio/status                                                                680     0(0.00%) |     12       1     401      2 |   14.80        0.00
GET      /api/chains/                                                                      99     0(0.00%) |     36       1    1066      6 |    0.00        0.00
GET      /api/chains/{id}                                                                 680     0(0.00%) |     37       1    1068      4 |   14.80        0.00
POST     /api/chains/{id}/activate                                                        680     0(0.00%) |     17       1     466      4 |   14.80        0.00
POST     /api/chains/{id}/deactivate                                                      680     0(0.00%) |     13       1     644      2 |   14.80        0.00
POST     /api/plugins/batch/parameters (500 updates)                                      288     0(0.00%) |     34       2    1040      8 |    8.90        0.00
GET      /api/plugins/discover                                                             99     0(0.00%) |     55      10    1132     20 |    0.00        0.00
GET      /api/plugins/list                                                                 99     0(0.00%) |     21       1     317      3 |    0.00        0.00
POST     /api/plugins/load?uri                                                            186     0(0.00%) |     14       1     320      3 |    4.30        0.00
POST     /api/plugins/unload?uri                                                          186     0(0.00%) |     12       1     358      2 |    4.30        0.00
--------|----------------------------------------------------------------------------|-------|-------------|-------|-------|-------|-------|--------|-----------
         Aggregated                                                                      5705     0(0.00%) |     25       1    1134      3 |  121.10        0.00

Type     Name                                                                          # reqs      # fails |    Avg     Min     Max    Med |   req/s  failures/s
--------|----------------------------------------------------------------------------|-------|-------------|-------|-------|-------|-------|--------|-----------
GET      /api/audio/latency                                                               863     0(0.00%) |     16       1    1134      2 |   18.40        0.00
GET      /api/audio/levels                                                                863     0(0.00%) |     45       1    1110      4 |   18.40        0.00
GET      /api/audio/levels (during plugin swap)                                           191     0(0.00%) |     33       1    1111      4 |    4.30        0.00
GET      /api/audio/levels/plugins                                                        191     0(0.00%) |     13       1     357      2 |    4.30        0.00
GET      /api/audio/status                                                                697     0(0.00%) |     12       1     401      2 |   15.00        0.00
GET      /api/chains/                                                                      99     0(0.00%) |     36       1    1066      6 |    0.00        0.00
GET      /api/chains/{id}                                                                 697     0(0.00%) |     36       1    1068      4 |   14.70        0.00
POST     /api/chains/{id}/activate                                                        697     0(0.00%) |     16       1     466      4 |   14.70        0.00
POST     /api/chains/{id}/deactivate                                                      697     0(0.00%) |     13       1     644      2 |   14.90        0.00
POST     /api/plugins/batch/parameters (500 updates)                                      316     0(0.00%) |     32       2    1040      7 |    8.60        0.00
GET      /api/plugins/discover                                                             99     0(0.00%) |     55      10    1132     20 |    0.00        0.00
GET      /api/plugins/list                                                                 99     0(0.00%) |     21       1     317      3 |    0.00        0.00
POST     /api/plugins/load?uri                                                            191     0(0.00%) |     14       1     320      3 |    4.30        0.00
POST     /api/plugins/unload?uri                                                          191     0(0.00%) |     11       1     358      2 |    4.20        0.00
--------|----------------------------------------------------------------------------|-------|-------------|-------|-------|-------|-------|--------|-----------
         Aggregated                                                                      5891     0(0.00%) |     24       1    1134      3 |  121.80        0.00

Type     Name                                                                          # reqs      # fails |    Avg     Min     Max    Med |   req/s  failures/s
--------|----------------------------------------------------------------------------|-------|-------------|-------|-------|-------|-------|--------|-----------
GET      /api/audio/latency                                                               898     0(0.00%) |     16       1    1134      2 |   21.60        0.00
GET      /api/audio/levels                                                                898     0(0.00%) |     50       1    1110      4 |   21.60        0.00
GET      /api/audio/levels (during plugin swap)                                           205     0(0.00%) |     36       1    1111      4 |    4.10        0.00
GET      /api/audio/levels/plugins                                                        205     0(0.00%) |     12       1     357      2 |    4.10        0.00
GET      /api/audio/status                                                                719     0(0.00%) |     12       1     401      2 |   15.00        0.00
GET      /api/chains/                                                                      99     0(0.00%) |     36       1    1066      6 |    0.00        0.00
GET      /api/chains/{id}                                                                 721     0(0.00%) |     41       1    1090      4 |   15.00        0.00
POST     /api/chains/{id}/activate                                                        720     0(0.00%) |     17       1     466      4 |   15.00        0.00
POST     /api/chains/{id}/deactivate                                                      719     0(0.00%) |     13       1     644      2 |   15.30        0.00
POST     /api/plugins/batch/parameters (500 updates)                                      327     0(0.00%) |     32       2    1040      7 |   11.10        0.00
GET      /api/plugins/discover                                                             99     0(0.00%) |     55      10    1132     20 |    0.00        0.00
GET      /api/plugins/list                                                                 99     0(0.00%) |     21       1     317      3 |    0.00        0.00
POST     /api/plugins/load?uri                                                            205     0(0.00%) |     13       1     320      3 |    4.10        0.00
POST     /api/plugins/unload?uri                                                          205     0(0.00%) |     11       1     358      2 |    4.20        0.00
--------|----------------------------------------------------------------------------|-------|-------------|-------|-------|-------|-------|--------|-----------
         Aggregated                                                                      6119     0(0.00%) |     25       1    1134      3 |  131.10        0.00

Type     Name                                                                          # reqs      # fails |    Avg     Min     Max    Med |   req/s  failures/s
--------|----------------------------------------------------------------------------|-------|-------------|-------|-------|-------|-------|--------|-----------
GET      /api/audio/latency                                                               933     0(0.00%) |     16       1    1134      2 |   20.20        0.00
GET      /api/audio/levels                                                                933     0(0.00%) |     49       1    1110      4 |   20.20        0.00
GET      /api/audio/levels (during plugin swap)                                           216     0(0.00%) |     36       1    1111      4 |    3.70        0.00
GET      /api/audio/levels/plugins                                                        216     0(0.00%) |     12       1     357      2 |    3.70        0.00
GET      /api/audio/status                                                                757     0(0.00%) |     12       1     401      2 |   13.10        0.00
GET      /api/chains/                                                                      99     0(0.00%) |     36       1    1066      6 |    0.00        0.00
GET      /api/chains/{id}                                                                 758     0(0.00%) |     40       1    1090      4 |   13.10        0.00
POST     /api/chains/{id}/activate                                                        758     0(0.00%) |     17       1     466      4 |   13.10        0.00
POST     /api/chains/{id}/deactivate                                                      757     0(0.00%) |     13       1     644      2 |   13.10        0.00
POST     /api/plugins/batch/parameters (500 updates)                                      349     0(0.00%) |     31       2    1040      7 |    9.40        0.00
GET      /api/plugins/discover                                                             99     0(0.00%) |     55      10    1132     20 |    0.00        0.00
GET      /api/plugins/list                                                                 99     0(0.00%) |     21       1     317      3 |    0.00        0.00
POST     /api/plugins/load?uri                                                            216     0(0.00%) |     13       1     320      3 |    3.70        0.00
POST     /api/plugins/unload?uri                                                          216     0(0.00%) |     11       1     358      2 |    3.70        0.00
--------|----------------------------------------------------------------------------|-------|-------------|-------|-------|-------|-------|--------|-----------
         Aggregated                                                                      6406     0(0.00%) |     25       1    1134      3 |  117.00        0.00

Type     Name                                                                          # reqs      # fails |    Avg     Min     Max    Med |   req/s  failures/s
--------|----------------------------------------------------------------------------|-------|-------------|-------|-------|-------|-------|--------|-----------
GET      /api/audio/latency                                                               971     0(0.00%) |     16       1    1134      2 |   19.30        0.00
GET      /api/audio/levels                                                                972     0(0.00%) |     48       1    1110      4 |   19.30        0.00
GET      /api/audio/levels (during plugin swap)                                           227     0(0.00%) |     35       1    1111      4 |    4.30        0.00
GET      /api/audio/levels/plugins                                                        227     0(0.00%) |     11       1     357      2 |    4.30        0.00
GET      /api/audio/status                                                                786     0(0.00%) |     11       1     401      2 |   13.20        0.00
GET      /api/chains/                                                                      99     0(0.00%) |     36       1    1066      6 |    0.00        0.00
GET      /api/chains/{id}                                                                 787     0(0.00%) |     40       1    1090      4 |   13.20        0.00
POST     /api/chains/{id}/activate                                                        786     0(0.00%) |     17       1     466      4 |   13.20        0.00
POST     /api/chains/{id}/deactivate                                                      784     0(0.00%) |     13       1     644      2 |   13.20        0.00
POST     /api/plugins/batch/parameters (500 updates)                                      371     0(0.00%) |     31       2    1040      8 |    9.60        0.00
GET      /api/plugins/discover                                                             99     0(0.00%) |     55      10    1132     20 |    0.00        0.00
GET      /api/plugins/list                                                                 99     0(0.00%) |     21       1     317      3 |    0.00        0.00
POST     /api/plugins/load?uri                                                            227     0(0.00%) |     12       1     320      3 |    4.30        0.00
POST     /api/plugins/unload?uri                                                          227     0(0.00%) |     10       1     358      2 |    4.30        0.00
--------|----------------------------------------------------------------------------|-------|-------------|-------|-------|-------|-------|--------|-----------
         Aggregated                                                                      6662     0(0.00%) |     25       1    1134      3 |  118.20        0.00

Type     Name                                                                          # reqs      # fails |    Avg     Min     Max    Med |   req/s  failures/s
--------|----------------------------------------------------------------------------|-------|-------------|-------|-------|-------|-------|--------|-----------
GET      /api/audio/latency                                                              1019     0(0.00%) |     15       1    1134      2 |   19.90        0.00
GET      /api/audio/levels                                                               1019     0(0.00%) |     48       1    1110      4 |   20.00        0.00
GET      /api/audio/levels (during plugin swap)                                           236     0(0.00%) |     34       1    1111      4 |    4.90        0.00
GET      /api/audio/levels/plugins                                                        236     0(0.00%) |     11       1     357      2 |    4.90        0.00
GET      /api/audio/status                                                                816     0(0.00%) |     11       1     401      2 |   14.00        0.00
GET      /api/chains/                                                                      99     0(0.00%) |     36       1    1066      6 |    0.00        0.00
GET      /api/chains/{id}                                                                 816     0(0.00%) |     39       1    1090      4 |   14.20        0.00
POST     /api/chains/{id}/activate                                                        816     0(0.00%) |     16       1     466      4 |   14.20        0.00
POST     /api/chains/{id}/deactivate                                                      816     0(0.00%) |     13       1     644      2 |   14.00        0.00
POST     /api/plugins/batch/parameters (500 updates)                                      387     0(0.00%) |     30       2    1040      7 |   10.30        0.00
GET      /api/plugins/discover                                                             99     0(0.00%) |     55      10    1132     20 |    0.00        0.00
GET      /api/plugins/list                                                                 99     0(0.00%) |     21       1     317      3 |    0.00        0.00
POST     /api/plugins/load?uri                                                            236     0(0.00%) |     12       1     320      3 |    4.90        0.00
POST     /api/plugins/unload?uri                                                          236     0(0.00%) |     10       1     358      2 |    4.90        0.00
--------|----------------------------------------------------------------------------|-------|-------------|-------|-------|-------|-------|--------|-----------
         Aggregated                                                                      6930     0(0.00%) |     24       1    1134      3 |  126.20        0.00

Type     Name                                                                          # reqs      # fails |    Avg     Min     Max    Med |   req/s  failures/s
--------|----------------------------------------------------------------------------|-------|-------------|-------|-------|-------|-------|--------|-----------
GET      /api/audio/latency                                                              1063     0(0.00%) |     15       1    1134      2 |   18.70        0.00
GET      /api/audio/levels                                                               1063     0(0.00%) |     47       1    1110      4 |   18.70        0.00
GET      /api/audio/levels (during plugin swap)                                           245     0(0.00%) |     33       1    1111      4 |    4.60        0.00
GET      /api/audio/levels/plugins                                                        245     0(0.00%) |     11       1     357      2 |    4.70        0.00
GET      /api/audio/status                                                                854     0(0.00%) |     11       1     401      2 |   14.20        0.00
GET      /api/chains/                                                                      99     0(0.00%) |     36       1    1066      6 |    0.00        0.00
GET      /api/chains/{id}                                                                 854     0(0.00%) |     38       1    1090      4 |   14.20        0.00
POST     /api/chains/{id}/activate                                                        854     0(0.00%) |     16       1     466      4 |   14.20        0.00
POST     /api/chains/{id}/deactivate                                                      854     0(0.00%) |     12       1     644      2 |   14.20        0.00
POST     /api/plugins/batch/parameters (500 updates)                                      404     0(0.00%) |     29       2    1040      7 |    9.90        0.00
GET      /api/plugins/discover                                                             99     0(0.00%) |     55      10    1132     20 |    0.00        0.00
GET      /api/plugins/list                                                                 99     0(0.00%) |     21       1     317      3 |    0.00        0.00
POST     /api/plugins/load?uri                                                            245     0(0.00%) |     12       1     320      3 |    4.70        0.00
POST     /api/plugins/unload?uri                                                          245     0(0.00%) |     10       1     358      2 |    4.70        0.00
--------|----------------------------------------------------------------------------|-------|-------------|-------|-------|-------|-------|--------|-----------
         Aggregated                                                                      7223     0(0.00%) |     24       1    1134      3 |  122.80        0.00

Type     Name                                                                          # reqs      # fails |    Avg     Min     Max    Med |   req/s  failures/s
--------|----------------------------------------------------------------------------|-------|-------------|-------|-------|-------|-------|--------|-----------
GET      /api/audio/latency                                                              1074     0(0.00%) |     15       1    1134      2 |   19.10        0.00
GET      /api/audio/levels                                                               1074     0(0.00%) |     49       1    1110      4 |   19.10        0.00
GET      /api/audio/levels (during plugin swap)                                           250     0(0.00%) |     41       1    1111      4 |    4.90        0.00
GET      /api/audio/levels/plugins                                                        250     0(0.00%) |     13       1     357      2 |    4.90        0.00
GET      /api/audio/status                                                                869     0(0.00%) |     12       1     401      2 |   14.70        0.00
GET      /api/chains/                                                                      99     0(0.00%) |     36       1    1066      6 |    0.00        0.00
GET      /api/chains/{id}                                                                 870     0(0.00%) |     44       1    1092      4 |   14.70        0.00
POST     /api/chains/{id}/activate                                                        869     0(0.00%) |     17       1     466      4 |   14.70        0.00
POST     /api/chains/{id}/deactivate                                                      869     0(0.00%) |     12       1     644      2 |   14.70        0.00
POST     /api/plugins/batch/parameters (500 updates)                                      410     0(0.00%) |     31       2    1076      7 |    8.10        0.00
GET      /api/plugins/discover                                                             99     0(0.00%) |     55      10    1132     20 |    0.00        0.00
GET      /api/plugins/list                                                                 99     0(0.00%) |     21       1     317      3 |    0.00        0.00
POST     /api/plugins/load?uri                                                            250     0(0.00%) |     12       1     320      3 |    4.90        0.00
POST     /api/plugins/unload?uri                                                          250     0(0.00%) |     10       1     358      2 |    4.90        0.00
--------|----------------------------------------------------------------------------|-------|-------------|-------|-------|-------|-------|--------|-----------
         Aggregated                                                                      7332     0(0.00%) |     25       1    1134      3 |  124.70        0.00

Type     Name                                                                          # reqs      # fails |    Avg     Min     Max    Med |   req/s  failures/s
--------|----------------------------------------------------------------------------|-------|-------------|-------|-------|-------|-------|--------|-----------
GET      /api/audio/latency                                                              1122     0(0.00%) |     14       1    1134      2 |   17.90        0.00
GET      /api/audio/levels                                                               1125     0(0.00%) |     47       1    1110      4 |   18.10        0.00
GET      /api/audio/levels (during plugin swap)                                           262     0(0.00%) |     40       1    1111      4 |    5.20        0.00
GET      /api/audio/levels/plugins                                                        261     0(0.00%) |     13       1     357      2 |    5.00        0.00
GET      /api/audio/status                                                                900     0(0.00%) |     12       1     401      2 |   14.80        0.00
GET      /api/chains/                                                                      99     0(0.00%) |     36       1    1066      6 |    0.00        0.00
GET      /api/chains/{id}                                                                 900     0(0.00%) |     43       1    1092      4 |   15.30        0.00
POST     /api/chains/{id}/activate                                                        900     0(0.00%) |     16       1     466      4 |   14.80        0.00
POST     /api/chains/{id}/deactivate                                                      900     0(0.00%) |     12       1     644      2 |   14.80        0.00
POST     /api/plugins/batch/parameters (500 updates)                                      439     0(0.00%) |     30       2    1076      7 |    8.60        0.00
GET      /api/plugins/discover                                                             99     0(0.00%) |     55      10    1132     20 |    0.00        0.00
GET      /api/plugins/list                                                                 99     0(0.00%) |     21       1     317      3 |    0.00        0.00
POST     /api/plugins/load?uri                                                            261     0(0.00%) |     12       1     320      3 |    5.00        0.00
POST     /api/plugins/unload?uri                                                          260     0(0.00%) |      9       1     358      2 |    5.00        0.00
--------|----------------------------------------------------------------------------|-------|-------------|-------|-------|-------|-------|--------|-----------
         Aggregated                                                                      7627     0(0.00%) |     25       1    1134      3 |  124.50        0.00

[2026-03-07 14:13:57,140] MAP2-TESTBED/INFO/locust.main: --run-time limit reached, shutting down
[2026-03-07 14:13:57,200] MAP2-TESTBED/INFO/locust.main: Shutting down (exit code 1)
Type     Name                                                                          # reqs      # fails |    Avg     Min     Max    Med |   req/s  failures/s
--------|----------------------------------------------------------------------------|-------|-------------|-------|-------|-------|-------|--------|-----------
GET      /api/audio/latency                                                              1135     0(0.00%) |     15       1    1134      2 |   17.51        0.00
GET      /api/audio/levels                                                               1135     0(0.00%) |     47       1    1110      4 |   17.51        0.00
GET      /api/audio/levels (during plugin swap)                                           263     0(0.00%) |     40       1    1111      4 |    4.06        0.00
GET      /api/audio/levels/plugins                                                        263     0(0.00%) |     14       1     357      2 |    4.06        0.00
GET      /api/audio/status                                                                905     0(0.00%) |     12       1     401      2 |   13.96        0.00
GET      /api/chains/                                                                      99     0(0.00%) |     36       1    1066      6 |    1.53        0.00
GET      /api/chains/{id}                                                                 905     0(0.00%) |     43       1    1092      4 |   13.96        0.00
POST     /api/chains/{id}/activate                                                        905     0(0.00%) |     17       1     466      4 |   13.96        0.00
POST     /api/chains/{id}/deactivate                                                      905     0(0.00%) |     12       1     644      2 |   13.96        0.00
POST     /api/plugins/batch/parameters (500 updates)                                      447     0(0.00%) |     30       2    1076      7 |    6.90        0.00
GET      /api/plugins/discover                                                             99     0(0.00%) |     55      10    1132     20 |    1.53        0.00
GET      /api/plugins/list                                                                 99     0(0.00%) |     21       1     317      3 |    1.53        0.00
POST     /api/plugins/load?uri                                                            263     0(0.00%) |     12       1     320      3 |    4.06        0.00
POST     /api/plugins/unload?uri                                                          263     0(0.00%) |     10       1     358      2 |    4.06        0.00
--------|----------------------------------------------------------------------------|-------|-------------|-------|-------|-------|-------|--------|-----------
         Aggregated                                                                      7686     0(0.00%) |     25       1    1134      3 |  118.60        0.00

Response time percentiles (approximated)
Type     Name                                                                                  50%    66%    75%    80%    90%    95%    98%    99%  99.9% 99.99%   100% # reqs
--------|--------------------------------------------------------------------------------|--------|------|------|------|------|------|------|------|------|------|------|------
GET      /api/audio/latency                                                                      2      4     10     15     23     74     94    310    400   1100   1100   1135
GET      /api/audio/levels                                                                       4     10     15     20    100    260    890   1000   1100   1100   1100   1135
GET      /api/audio/levels (during plugin swap)                                                  4      8     12     16     41    200    920   1100   1100   1100   1100    263
GET      /api/audio/levels/plugins                                                               2      3      4      7     16     33    310    320    360    360    360    263
GET      /api/audio/status                                                                       2      3      5      8     16     26    280    320    400    400    400    905
GET      /api/chains/                                                                            6      9     13     16     59    150    940   1100   1100   1100   1100     99
GET      /api/chains/{id}                                                                        4      9     14     18     60    190    970   1000   1100   1100   1100    905
POST     /api/chains/{id}/activate                                                               4      6     10     15     35     80    130    320    470    470    470    905
POST     /api/chains/{id}/deactivate                                                             2      3      5      7     14     23    270    350    640    640    640    905
POST     /api/plugins/batch/parameters (500 updates)                                             7     12     16     18     39    130    250    960   1100   1100   1100    447
GET      /api/plugins/discover                                                                  20     24     33     36     52    310   1100   1100   1100   1100   1100     99
GET      /api/plugins/list                                                                       3     11     14     17     38    100    310    320    320    320    320     99
POST     /api/plugins/load?uri                                                                   3      4      9     13     23     77     92    130    320    320    320    263
POST     /api/plugins/unload?uri                                                                 2      3      5      6     13     23     86    300    360    360    360    263
--------|--------------------------------------------------------------------------------|--------|------|------|------|------|------|------|------|------|------|------|------
         Aggregated                                                                              3      6     11     14     29     87    300    360   1100   1100   1100   7686

[load_test] started WS soak with target=100 clients
[load_test] WS summary: {
  "connected": 100.0,
  "drops": 0.0,
  "samples": 5000.0,
  "spread_mean_ms": 0.16861945119453595,
  "spread_p95_ms": 0.239377000980312
}
[load_test] FAIL:
 - REST p95 87.00ms exceeds 50.00ms
 - WS soak duration 64.8s shorter than required 65s
