Timestamp,User Count,Type,Name,Requests/s,Failures/s,50%,66%,75%,80%,90%,95%,98%,99%,99.9%,99.99%,100%,Total Request Count,Total Failure Count,Total Median Response Time,Total Average Response Time,Total Min Response Time,Total Max Response Time,Total Average Content Size
1772908931,0,,Aggregated,0.000000,0.000000,N/A,N/A,N/A,N/A,N/A,N/A,N/A,N/A,N/A,N/A,N/A,0,0,0,0.0,0,0,0
1772908932,2,GET,/api/audio/latency,0.000000,0.000000,0,0,0,0,0,0,0,0,0,0,0,7,0,1.1060079996241257,2.1646038569867545,1.1060079996241257,6.870811999760917,33.0
1772908932,2,GET,/api/audio/levels,0.000000,0.000000,0,0,0,0,0,0,0,0,0,0,0,7,0,2,5.651316857308432,1.168431999758468,14.027200000782614,73.0
1772908932,2,GET,/api/audio/status,0.000000,0.000000,0,0,0,0,0,0,0,0,0,0,0,2,0,1.2083059991709888,1.331447499069327,1.2083059991709888,1.4545889989676652,168.0
1772908932,2,GET,/api/chains/,0.000000,0.000000,0,0,0,0,0,0,0,0,0,0,0,3,0,160.0,110.83915466648857,12.023494999084505,163.35405300014827,1451.0
1772908932,2,GET,/api/chains/{id},0.000000,0.000000,0,0,0,0,0,0,0,0,0,0,0,2,0,4,4.278229000192368,3.7353309999161866,4.82112700046855,331.0
1772908932,2,POST,/api/chains/{id}/activate,0.000000,0.000000,0,0,0,0,0,0,0,0,0,0,0,2,0,4,4.640029999791295,3.716236000400386,5.563823999182205,35.0
1772908932,2,POST,/api/chains/{id}/deactivate,0.000000,0.000000,0,0,0,0,0,0,0,0,0,0,0,2,0,3.1513929989159806,3.179074499712442,3.1513929989159806,3.2067560005089035,37.0
1772908932,2,GET,/api/plugins/discover,0.000000,0.000000,0,0,0,0,0,0,0,0,0,0,0,3,0,41,32.172045666811755,11.058926000259817,44.66532700098469,85406.33333333333
1772908932,2,GET,/api/plugins/list,0.000000,0.000000,0,0,0,0,0,0,0,0,0,0,0,3,0,3,4.419296332343947,2.008009998462512,7.855197000026237,23.0
1772908932,2,,Aggregated,0.000000,0.000000,0,0,0,0,0,0,0,0,0,0,0,31,0,3,16.898725709500965,1.1060079996241257,163.35405300014827,8468.548387096775
1772908933,4,GET,/api/audio/latency,0.000000,0.000000,2,3,3,3,4,4,4,4,4,4,4,15,0,1.1060079996241257,2.1303515336815813,1.1060079996241257,6.870811999760917,33.0
1772908933,4,GET,/api/audio/levels,0.000000,0.000000,3,4,10,10,25,25,25,25,25,25,25,15,0,3,6.038887400184952,1.168431999758468,25.37119100088603,73.0
1772908933,4,GET,/api/audio/levels (during plugin swap),0.000000,0.000000,0,0,0,0,0,0,0,0,0,0,0,3,0,1.1920609995286213,8.016408667269085,1.1920609995286213,21.613103001072886,73.0
1772908933,4,GET,/api/audio/levels/plugins,0.000000,0.000000,0,0,0,0,0,0,0,0,0,0,0,3,0,1.2015020001854282,3.769669999504307,1.2015020001854282,8.73218599917891,14.0
1772908933,4,GET,/api/audio/status,0.000000,0.000000,1,1,4,7,9,9,9,9,9,9,9,12,0,1.2083059991709888,2.676413249749506,1.2083059991709888,9.349781999844708,168.0
1772908933,4,GET,/api/chains/,0.000000,0.000000,8,29,29,30,30,30,30,30,30,30,30,8,0,12,50.95277524992525,1.496538001447334,163.35405300014827,1451.0
1772908933,4,GET,/api/chains/{id},0.000000,0.000000,4,7,13,15,22,22,22,22,22,22,22,12,0,4,7.316448833535105,3.6243670001567807,21.63976700103376,528.5833333333334
1772908933,4,POST,/api/chains/{id}/activate,0.000000,0.000000,7,10,11,15,21,21,21,21,21,21,21,12,0,4,7.692055250269429,3.677602000607294,20.874831001492566,35.0
1772908933,4,POST,/api/chains/{id}/deactivate,0.000000,0.000000,4,7,8,16,21,21,21,21,21,21,21,12,0,3,6.460869583255165,2.981130999614834,20.653442999901017,37.0
1772908933,4,GET,/api/plugins/discover,0.000000,0.000000,24,28,28,33,33,33,33,33,33,33,33,8,0,24,26.404815000205417,10.948941000606283,44.66532700098469,85406.125
1772908933,4,GET,/api/plugins/list,0.000000,0.000000,2,4,4,20,20,20,20,20,20,20,20,8,0,2,5.228969999734545,1.2274439995962894,20.33186399967235,23.0
1772908933,4,POST,/api/plugins/load?uri,0.000000,0.000000,0,0,0,0,0,0,0,0,0,0,0,3,0,3,3.2457563332476034,1.5373089991044253,5.597711000518757,1107.6666666666667
1772908933,4,POST,/api/plugins/unload?uri,0.000000,0.000000,0,0,0,0,0,0,0,0,0,0,0,3,0,1.3348079992283601,3.263836000163186,1.3348079992283601,7.078984001054778,78.0
1772908933,4,,Aggregated,0.000000,0.000000,4,7,9,11,21,25,30,33,33,33,33,114,0,4,9.893574754466515,1.1060079996241257,163.35405300014827,6225.19298245614
1772908934,6,GET,/api/audio/latency,7.000000,0.000000,2,3,4,8,10,22,22,22,22,22,22,20,0,1.1060079996241257,3.6729958003888896,1.1060079996241257,21.55662599943753,33.0
1772908934,6,GET,/api/audio/levels,7.000000,0.000000,4,4,10,10,25,45,45,45,45,45,45,20,0,3,7.688951950240153,1.168431999758468,44.77401199983433,73.0
1772908934,6,GET,/api/audio/levels (during plugin swap),0.000000,0.000000,37,37,110,110,230,230,230,230,230,230,230,9,0,20,48.89311933382285,1.1859829992317827,230.3185040000244,73.0
1772908934,6,GET,/api/audio/levels/plugins,0.000000,0.000000,18,18,21,21,21,21,21,21,21,21,21,9,0,5,9.02206666614802,1.2015020001854282,21.054937998997048,14.0
1772908934,6,GET,/api/audio/status,2.000000,0.000000,2,4,5,7,11,18,18,18,18,18,18,19,0,1.1573079991649138,3.9083098418862057,1.1573079991649138,18.38868300001195,168.0
1772908934,6,GET,/api/chains/,3.000000,0.000000,15,15,29,30,340,340,340,340,340,340,340,13,0,15,61.75708246155409,1.496538001447334,344.9821140002314,1450.923076923077
1772908934,6,GET,/api/chains/{id},2.000000,0.000000,8,16,22,23,210,240,240,240,240,240,240,19,0,7,38.562462631728664,3.6147049995634006,243.54142599986517,491.42105263157896
1772908934,6,POST,/api/chains/{id}/activate,2.000000,0.000000,11,18,21,26,31,100,100,100,100,100,100,19,0,10,16.433439263365518,3.561487999832025,100.80549300073471,35.0
1772908934,6,POST,/api/chains/{id}/deactivate,2.000000,0.000000,7,9,11,15,21,300,300,300,300,300,300,19,0,4,22.582329999989412,2.8297219996602507,303.54283599990595,37.0
1772908934,6,POST,/api/plugins/batch/parameters (500 updates),0.000000,0.000000,0,0,0,0,0,0,0,0,0,0,0,3,0,6,23.86142866695688,3.940062000765465,61.507006001193076,874.0
1772908934,6,GET,/api/plugins/discover,3.000000,0.000000,24,28,33,36,46,46,46,46,46,46,46,13,0,24,26.14431707717393,10.948941000606283,46.48581499895954,85406.07692307692
1772908934,6,GET,/api/plugins/list,3.000000,0.000000,3,4,5,9,20,20,20,20,20,20,20,13,0,3,4.811837461462487,1.2274439995962894,20.33186399967235,35.84615384615385
1772908934,6,POST,/api/plugins/load?uri,0.000000,0.000000,23,23,83,83,84,84,84,84,84,84,84,9,0,11,25.258813555410597,1.5189730002020951,83.69864599990251,1095.5555555555557
1772908934,6,POST,/api/plugins/unload?uri,0.000000,0.000000,4,4,11,11,16,16,16,16,16,16,16,9,0,3,5.436803444657319,1.3348079992283601,15.72599400060426,81.11111111111111
1772908934,6,,Aggregated,31.000000,0.000000,6,11,18,21,31,84,230,300,340,340,340,194,0,5,19.84451980422012,1.1060079996241257,344.9821140002314,5977.417525773196
1772908935,8,GET,/api/audio/latency,7.000000,0.000000,2,3,8,10,19,23,33,33,33,33,33,39,0,2,5.040422769385399,1.1060079996241257,32.84178200010501,33.0
1772908935,8,GET,/api/audio/levels,7.000000,0.000000,8,12,14,18,21,27,45,45,45,45,45,39,0,4,9.092071846120794,1.168431999758468,44.77401199983433,73.0
1772908935,8,GET,/api/audio/levels (during plugin swap),1.500000,0.000000,20,37,110,110,230,230,230,230,230,230,230,11,0,19,41.6310828186397,1.1851250001200242,230.3185040000244,73.0
1772908935,8,GET,/api/audio/levels/plugins,1.500000,0.000000,5,18,21,21,21,21,21,21,21,21,21,11,0,4,7.835966545165072,1.1944990001211409,21.054937998997048,14.0
1772908935,8,GET,/api/audio/status,5.500000,0.000000,2,4,6,8,11,17,18,18,18,18,18,31,0,2,4.081993935371077,1.1573079991649138,18.38868300001195,168.0
1772908935,8,GET,/api/chains/,4.000000,0.000000,15,19,21,23,30,340,340,340,340,340,340,20,0,15,44.7288714502065,1.485076001699781,344.9821140002314,1450.8
1772908935,8,GET,/api/chains/{id},5.500000,0.000000,14,17,22,28,140,210,240,240,240,240,240,32,0,11,30.916312187628137,3.5178130001440877,243.54142599986517,457.90625
1772908935,8,POST,/api/chains/{id}/activate,5.500000,0.000000,10,15,17,18,30,31,100,100,100,100,100,31,0,7,13.420193935681093,3.561487999832025,100.80549300073471,35.0
1772908935,8,POST,/api/chains/{id}/deactivate,5.500000,0.000000,7,9,9,13,17,21,300,300,300,300,300,31,0,6,16.65661196772905,2.8297219996602507,303.54283599990595,37.0
1772908935,8,POST,/api/plugins/batch/parameters (500 updates),0.000000,0.000000,4,4,5,5,14,14,14,14,14,14,14,9,0,4,11.67565444443931,3.269217999331886,61.507006001193076,850.8888888888889
1772908935,8,GET,/api/plugins/discover,4.000000,0.000000,21,24,33,33,36,46,46,46,46,46,46,19,0,21,23.74570315805613,10.899004999373574,46.48581499895954,85406.05263157895
1772908935,8,GET,/api/plugins/list,4.000000,0.000000,3,8,9,14,15,20,20,20,20,20,20,20,0,3,5.912388249907963,1.2274439995962894,20.33186399967235,39.45
1772908935,8,POST,/api/plugins/load?uri,1.500000,0.000000,15,23,83,83,84,84,84,84,84,84,84,11,0,11,22.13953063619556,1.4829419997113291,83.69864599990251,1100.1818181818182
1772908935,8,POST,/api/plugins/unload?uri,1.500000,0.000000,7,11,16,16,26,26,26,26,26,26,26,11,0,4,7.49730381837501,1.3348079992283601,26.11501299907104,82.27272727272727
1772908935,8,,Aggregated,54.000000,0.000000,6,11,16,18,26,45,140,240,340,340,340,315,0,6,15.995648384185708,1.1060079996241257,344.9821140002314,5397.996825396825
1772908936,10,GET,/api/audio/latency,6.000000,0.000000,2,3,10,12,64,65,66,66,66,66,66,53,0,2,10.295393566130375,1.104300999941188,66.04708200029563,33.0
1772908936,10,GET,/api/audio/levels,6.000000,0.000000,9,12,18,21,45,66,99,99,99,99,99,53,0,8,14.263677113084892,1.168431999758468,99.22262399959436,73.0
1772908936,10,GET,/api/audio/levels (during plugin swap),2.666667,0.000000,17,20,37,69,110,230,230,230,230,230,230,16,0,2,33.33359743794517,1.1851250001200242,230.3185040000244,73.0
1772908936,10,GET,/api/audio/levels/plugins,2.666667,0.000000,5,5,21,21,21,22,22,22,22,22,22,15,0,4,7.806252599766594,1.1830069997813553,22.0866740000929,14.0
1772908936,10,GET,/api/audio/status,6.000000,0.000000,2,6,9,12,20,24,67,67,67,67,67,48,0,2,8.00668108327803,1.1543649998202454,66.8832539995492,168.0
1772908936,10,GET,/api/chains/,4.333333,0.000000,15,19,21,21,29,30,340,340,340,340,340,26,0,15,37.82709988480257,1.485076001699781,344.9821140002314,1450.8461538461538
1772908936,10,GET,/api/chains/{id},6.000000,0.000000,13,19,28,41,63,140,240,240,240,240,240,49,0,12,28.270952102038606,3.4836320010072086,243.54142599986517,510.59183673469386
1772908936,10,POST,/api/chains/{id}/activate,6.000000,0.000000,10,17,21,23,31,65,100,100,100,100,100,48,0,10,16.609844208460345,3.553450000254088,103.58537199863349,35.0
1772908936,10,POST,/api/chains/{id}/deactivate,6.000000,0.000000,7,9,13,16,28,35,300,300,300,300,300,46,0,7,15.981351369547433,2.77791500047897,303.54283599990595,37.0
1772908936,10,POST,/api/plugins/batch/parameters (500 updates),0.666667,0.000000,4,4,5,14,37,37,37,37,37,37,37,11,0,4,13.234412454701008,3.211141000065254,61.507006001193076,834.7272727272727
1772908936,10,GET,/api/plugins/discover,4.333333,0.000000,23,33,36,36,39,46,46,46,46,46,46,26,0,23,25.840328038611915,10.899004999373574,46.48581499895954,85406.03846153847
1772908936,10,GET,/api/plugins/list,4.333333,0.000000,4,9,14,14,20,22,34,34,34,34,34,26,0,4,7.751361884402286,1.2274439995962894,33.505211998999584,38.69230769230769
1772908936,10,POST,/api/plugins/load?uri,2.666667,0.000000,14,15,23,65,83,84,84,84,84,84,84,16,0,6,20.47955806222035,1.4829419997113291,83.69864599990251,1017.5625
1772908936,10,POST,/api/plugins/unload?uri,2.666667,0.000000,7,11,19,19,26,32,32,32,32,32,32,15,0,6,9.430375466642241,1.3348079992283601,32.20659299950057,83.86666666666666
1772908936,10,,Aggregated,60.333333,0.000000,7,14,19,21,36,65,100,210,340,340,340,448,0,7,17.244798564742528,1.104300999941188,344.9821140002314,5199.703125
1772908937,10,GET,/api/audio/latency,9.500000,0.000000,3,8,16,18,64,66,81,81,81,81,81,63,0,2,12.487762777868378,1.0972929994750302,81.49391200095124,33.0
1772908937,10,GET,/api/audio/levels,9.500000,0.000000,10,18,25,33,99,250,270,280,280,280,280,63,0,9,31.834925412546173,1.168431999758468,283.42364600030123,73.0
1772908937,10,GET,/api/audio/levels (during plugin swap),2.750000,0.000000,19,37,69,110,210,230,230,230,230,230,230,17,0,17,43.95165135332825,1.1851250001200242,230.3185040000244,73.0
1772908937,10,GET,/api/audio/levels/plugins,2.750000,0.000000,5,18,21,21,22,310,310,310,310,310,310,17,0,4,25.36904099981578,1.1830069997813553,312.7076710006804,14.0
1772908937,10,GET,/api/audio/status,7.500000,0.000000,4,8,15,19,48,65,67,68,68,68,68,61,0,3,11.345236131002492,1.15201500011608,68.17596899963974,168.0
1772908937,10,GET,/api/chains/,4.500000,0.000000,15,19,21,21,30,170,340,340,340,340,340,29,0,15,40.540423724325656,1.485076001699781,344.9821140002314,1450.8620689655172
1772908937,10,GET,/api/chains/{id},7.500000,0.000000,15,23,41,56,210,290,340,350,350,350,350,61,0,15,47.46613696717431,3.4836320010072086,348.9528310001333,511.327868852459
1772908937,10,POST,/api/chains/{id}/activate,7.500000,0.000000,11,20,25,26,65,100,100,390,390,390,390,61,0,11,25.280477491952432,3.553450000254088,391.1482989988144,35.0
1772908937,10,POST,/api/chains/{id}/deactivate,7.500000,0.000000,8,15,17,28,300,340,350,380,380,380,380,61,0,8,43.293613475352835,2.77791500047897,377.1042709995527,37.0
1772908937,10,POST,/api/plugins/batch/parameters (500 updates),2.000000,0.000000,4,5,14,37,220,220,220,220,220,220,220,12,0,4,30.641616666798654,3.211141000065254,222.12086299987277,836.0
1772908937,10,GET,/api/plugins/discover,4.500000,0.000000,23,33,36,36,39,46,46,46,46,46,46,28,0,23,26.232978071610496,10.899004999373574,46.48581499895954,85406.03571428571
1772908937,10,GET,/api/plugins/list,4.500000,0.000000,5,9,14,15,20,22,34,34,34,34,34,28,0,4,8.070540571225138,1.2274439995962894,33.505211998999584,37.57142857142857
1772908937,10,POST,/api/plugins/load?uri,2.750000,0.000000,15,18,23,65,83,84,84,84,84,84,84,17,0,11,20.304417882096672,1.4829419997113291,83.69864599990251,1289.1764705882354
1772908937,10,POST,/api/plugins/unload?uri,2.750000,0.000000,7,16,19,26,32,81,81,81,81,81,81,17,0,6,13.20796905875956,1.3348079992283601,80.87404999969294,83.29411764705883
1772908937,10,,Aggregated,75.500000,0.000000,9,17,21,26,64,140,300,340,390,390,390,535,0,9,27.69135555513075,1.0972929994750302,391.1482989988144,4713.734579439252
1772908938,10,GET,/api/audio/latency,10.000000,0.000000,2,3,10,14,33,65,81,81,81,81,81,85,0,2,10.167877435378614,1.0796750011650147,81.49391200095124,33.0
1772908938,10,GET,/api/audio/levels,10.600000,0.000000,4,10,18,22,66,200,270,280,280,280,280,86,0,4,24.439106058052012,1.0681120002118405,283.42364600030123,73.0
1772908938,10,GET,/api/audio/levels (during plugin swap),3.200000,0.000000,9,19,37,69,210,230,230,230,230,230,230,22,0,2,35.09633427297972,1.1851250001200242,230.3185040000244,73.0
1772908938,10,GET,/api/audio/levels/plugins,3.000000,0.000000,4,17,19,21,22,310,310,310,310,310,310,22,0,3,21.459470045225647,1.1830069997813553,312.7076710006804,14.0
1772908938,10,GET,/api/audio/status,9.400000,0.000000,4,9,15,19,22,56,67,68,68,68,68,75,0,4,10.821915213212682,1.151714001025539,68.17596899963974,168.0
1772908938,10,GET,/api/chains/,5.200000,0.000000,15,19,21,22,30,170,340,340,340,340,340,32,0,15,37.8040557813506,1.485076001699781,344.9821140002314,1450.875
1772908938,10,GET,/api/chains/{id},9.800000,0.000000,13,19,30,41,140,240,340,350,350,350,350,75,0,13,40.551197640015744,3.4836320010072086,348.9528310001333,513.76
1772908938,10,POST,/api/chains/{id}/activate,9.600000,0.000000,11,20,23,26,34,82,100,390,390,390,390,75,0,11,22.84044956017169,3.553450000254088,391.1482989988144,35.0
1772908938,10,POST,/api/chains/{id}/deactivate,9.200000,0.000000,8,13,16,21,43,330,350,380,380,380,380,74,0,8,37.496799837754224,2.77791500047897,377.1042709995527,37.0
1772908938,10,POST,/api/plugins/batch/parameters (500 updates),2.200000,0.000000,6,14,15,16,37,220,220,220,220,220,220,21,0,6,22.28921671450648,3.211141000065254,222.12086299987277,831.3333333333334
1772908938,10,GET,/api/plugins/discover,5.200000,0.000000,23,28,34,36,39,46,46,46,46,46,46,32,0,23,25.19617118758788,10.899004999373574,46.48581499895954,85406.03125
1772908938,10,GET,/api/plugins/list,5.200000,0.000000,5,9,14,14,20,22,34,34,34,34,34,32,0,4,7.878791499820181,1.2274439995962894,33.505211998999584,38.1875
1772908938,10,POST,/api/plugins/load?uri,3.000000,0.000000,8,15,18,23,83,84,84,84,84,84,84,22,0,3,16.498987999759926,1.4829419997113291,83.69864599990251,1602.409090909091
1772908938,10,POST,/api/plugins/unload?uri,3.000000,0.000000,6,11,19,22,32,81,81,81,81,81,81,22,0,4,11.970911136235042,1.3348079992283601,80.87404999969294,82.86363636363636
1772908938,10,,Aggregated,88.600000,0.000000,8,15,19,22,44,82,280,340,390,390,390,675,0,7,23.57567509629007,1.0681120002118405,391.1482989988144,4300.250370370371
1772908939,10,GET,/api/audio/latency,10.166667,0.000000,3,8,12,16,31,65,81,81,81,81,81,110,0,3,11.16367655461297,1.0796750011650147,81.49391200095124,33.0
1772908939,10,GET,/api/audio/levels,10.166667,0.000000,7,10,18,21,62,99,250,270,280,280,280,110,0,7,22.14419619988555,1.0681120002118405,283.42364600030123,73.0
1772908939,10,GET,/api/audio/levels (during plugin swap),2.833333,0.000000,10,19,37,55,110,210,230,230,230,230,230,25,0,9,33.5814468801982,1.1851250001200242,230.3185040000244,73.0
1772908939,10,GET,/api/audio/levels/plugins,2.833333,0.000000,5,13,18,19,21,22,310,310,310,310,310,25,0,4,19.850541719788453,1.1830069997813553,312.7076710006804,14.0
1772908939,10,GET,/api/audio/status,9.333333,0.000000,4,9,13,18,22,56,68,110,110,110,110,83,0,4,11.49182593964001,1.151714001025539,109.2805780008348,168.0
1772908939,10,GET,/api/chains/,4.500000,0.000000,15,18,21,22,30,170,340,340,340,340,340,33,0,15,36.978069575828464,1.485076001699781,344.9821140002314,1450.878787878788
1772908939,10,GET,/api/chains/{id},9.333333,0.000000,13,19,34,41,130,230,340,350,350,350,350,85,0,12,39.14265317648909,3.287625000666594,348.9528310001333,508.1764705882353
1772908939,10,POST,/api/chains/{id}/activate,9.333333,0.000000,11,19,23,25,34,80,100,390,390,390,390,83,0,10,22.233676421841754,3.3477350007160567,391.1482989988144,35.0
1772908939,10,POST,/api/chains/{id}/deactivate,9.166667,0.000000,8,13,17,21,53,330,350,380,380,380,380,82,0,7,35.50317643895119,2.77791500047897,377.1042709995527,37.0
1772908939,10,POST,/api/plugins/batch/parameters (500 updates),2.000000,0.000000,6,14,15,16,28,37,220,220,220,220,220,28,0,6,19.402955214510648,3.211141000065254,222.12086299987277,819.1428571428571
1772908939,10,GET,/api/plugins/discover,4.500000,0.000000,23,25,34,36,39,46,46,46,46,46,46,33,0,23,24.7924913940303,10.899004999373574,46.48581499895954,85406.0303030303
1772908939,10,GET,/api/plugins/list,4.500000,0.000000,7,9,14,14,20,22,34,34,34,34,34,33,0,5,7.942447696801867,1.2274439995962894,33.505211998999584,37.72727272727273
1772908939,10,POST,/api/plugins/load?uri,2.833333,0.000000,10,15,16,18,65,83,84,84,84,84,84,25,0,7,15.863247479792335,1.4829419997113291,83.69864599990251,1609.64
1772908939,10,POST,/api/plugins/unload?uri,2.833333,0.000000,6,11,16,19,26,32,81,81,81,81,81,25,0,4,11.044727279877407,1.3348079992283601,80.87404999969294,82.92
1772908939,10,,Aggregated,84.333333,0.000000,8,14,19,22,44,81,250,330,390,390,390,780,0,7,22.50484590127039,1.0681120002118405,391.1482989988144,3858.5717948717947
1772908940,10,GET,/api/audio/latency,11.571429,0.000000,3,7,10,15,28,65,81,81,81,81,81,128,0,2,10.465226593836974,1.0796750011650147,81.49391200095124,33.0
1772908940,10,GET,/api/audio/levels,11.571429,0.000000,5,10,16,21,66,190,270,280,300,300,300,128,0,4,25.217978398359264,1.0681120002118405,302.5692080009321,73.0
1772908940,10,GET,/api/audio/levels (during plugin swap),3.000000,0.000000,9,19,21,37,110,210,230,230,230,230,230,29,0,9,30.158020758821735,1.1851250001200242,230.3185040000244,73.0
1772908940,10,GET,/api/audio/levels/plugins,3.000000,0.000000,4,12,17,18,21,22,310,310,310,310,310,29,0,3,17.676423586039917,1.1425459997553844,312.7076710006804,14.0
1772908940,10,GET,/api/audio/status,10.571429,0.000000,4,9,15,18,24,56,68,110,110,110,110,96,0,4,11.16210627073618,1.151714001025539,109.2805780008348,168.0
1772908940,10,GET,/api/chains/,4.571429,0.000000,14,18,21,22,30,170,340,340,340,340,340,38,0,14,36.33576418432265,1.3366960010898765,344.9821140002314,1450.7894736842106
1772908940,10,GET,/api/chains/{id},10.571429,0.000000,13,19,30,41,140,240,340,350,350,350,350,96,0,11,41.51133194795875,3.287625000666594,348.9528310001333,498.4583333333333
1772908940,10,POST,/api/chains/{id}/activate,10.571429,0.000000,11,19,23,26,61,100,350,390,390,390,390,96,0,10,28.381669656350066,3.3477350007160567,391.1482989988144,35.0
1772908940,10,POST,/api/chains/{id}/deactivate,10.571429,0.000000,8,15,20,21,43,330,350,380,380,380,380,96,0,7,35.33873892699072,2.77791500047897,377.1042709995527,37.0
1772908940,10,POST,/api/plugins/batch/parameters (500 updates),2.857143,0.000000,6,14,16,19,37,210,220,220,220,220,220,32,0,6,24.331945093933882,3.211141000065254,222.12086299987277,816.0
1772908940,10,GET,/api/plugins/discover,4.571429,0.000000,23,25,33,36,38,46,46,46,46,46,46,37,0,23,24.34676945955977,10.899004999373574,46.48581499895954,85406.02702702703
1772908940,10,GET,/api/plugins/list,4.571429,0.000000,5,9,13,14,16,22,34,34,34,34,34,37,0,4,7.468467189028161,1.1594589996093418,33.505211998999584,36.13513513513514
1772908940,10,POST,/api/plugins/load?uri,3.000000,0.000000,7,14,15,16,65,83,84,84,84,84,84,29,0,6,14.149010723987635,1.4829419997113291,83.69864599990251,1798.0689655172414
1772908940,10,POST,/api/plugins/unload?uri,3.000000,0.000000,3,10,11,16,26,32,81,81,81,81,81,29,0,3,9.79716617226147,1.276452998354216,80.87404999969294,82.24137931034483
1772908940,10,,Aggregated,94.000000,0.000000,7,14,19,21,44,83,280,340,390,390,390,900,0,7,23.510491762218507,1.0681120002118405,391.1482989988144,3760.1266666666666
1772908941,10,GET,/api/audio/latency,13.500000,0.000000,3,7,11,16,28,65,81,81,81,81,81,129,0,3,10.602952418685868,1.0796750011650147,81.49391200095124,33.0
1772908941,10,GET,/api/audio/levels,13.625000,0.000000,6,10,19,24,73,250,930,1000,1000,1000,1000,131,0,6,47.3635546258758,1.0681120002118405,1048.4094220009865,73.0
1772908941,10,GET,/api/audio/levels (during plugin swap),3.125000,0.000000,10,20,55,69,230,870,1100,1100,1100,1100,1100,31,0,9,90.12320235506782,1.1851250001200242,1053.774699999849,73.0
1772908941,10,GET,/api/audio/levels/plugins,3.000000,0.000000,4,12,17,18,21,22,310,310,310,310,310,29,0,3,17.676423586039917,1.1425459997553844,312.7076710006804,14.0
1772908941,10,GET,/api/audio/status,10.250000,0.000000,4,9,15,18,24,56,68,110,110,110,110,96,0,4,11.16210627073618,1.151714001025539,109.2805780008348,168.0
1772908941,10,GET,/api/chains/,4.125000,0.000000,14,18,21,22,30,170,340,340,340,340,340,38,0,14,36.33576418432265,1.3366960010898765,344.9821140002314,1450.7894736842106
1772908941,10,GET,/api/chains/{id},10.500000,0.000000,13,19,34,42,210,340,880,1100,1100,1100,1100,98,0,12,60.50735316330247,3.287625000666594,1064.6028880000813,498.5
1772908941,10,POST,/api/chains/{id}/activate,10.250000,0.000000,11,19,23,26,61,100,350,390,390,390,390,96,0,10,28.381669656350066,3.3477350007160567,391.1482989988144,35.0
1772908941,10,POST,/api/chains/{id}/deactivate,10.250000,0.000000,8,15,20,21,43,330,350,380,380,380,380,96,0,7,35.33873892699072,2.77791500047897,377.1042709995527,37.0
1772908941,10,POST,/api/plugins/batch/parameters (500 updates),3.500000,0.000000,8,15,19,24,210,920,1000,1000,1000,1000,1000,34,0,6,79.49765958838886,3.211141000065254,1002.8124529999332,816.8235294117648
1772908941,10,GET,/api/plugins/discover,4.125000,0.000000,23,25,33,36,38,46,46,46,46,46,46,37,0,23,24.34676945955977,10.899004999373574,46.48581499895954,85406.02702702703
1772908941,10,GET,/api/plugins/list,4.125000,0.000000,5,10,14,14,20,34,1100,1100,1100,1100,1100,38,0,4,35.072243605100084,1.1594589996093418,1056.4119709997613,35.78947368421053
1772908941,10,POST,/api/plugins/load?uri,3.000000,0.000000,7,14,16,18,65,83,84,84,84,84,84,30,0,6,14.626526499887404,1.4829419997113291,83.69864599990251,2001.8333333333333
1772908941,10,POST,/api/plugins/unload?uri,3.000000,0.000000,3,10,11,16,26,32,81,81,81,81,81,29,0,3,9.79716617226147,1.276452998354216,80.87404999969294,82.24137931034483
1772908941,10,,Aggregated,96.375000,0.000000,7,14,19,22,55,150,340,880,1100,1100,1100,912,0,7,34.03229486512796,1.0681120002118405,1064.6028880000813,3722.7050438596493
1772908942,10,GET,/api/audio/latency,14.000000,0.000000,3,8,14,18,31,65,81,81,81,81,81,148,0,3,11.05180335144797,1.0796750011650147,81.49391200095124,33.0
1772908942,10,GET,/api/audio/levels,14.000000,0.000000,7,11,18,24,99,250,930,1000,1000,1000,1000,148,0,6,46.07296008773758,1.0681120002118405,1048.4094220009865,73.0
1772908942,10,GET,/api/audio/levels (during plugin swap),3.222222,0.000000,10,21,69,110,230,870,1100,1100,1100,1100,1100,35,0,9,93.58437785735337,1.1851250001200242,1053.774699999849,73.0
1772908942,10,GET,/api/audio/levels/plugins,3.222222,0.000000,4,8,16,17,21,22,310,310,310,310,310,35,0,4,15.606800971207642,1.1425459997553844,312.7076710006804,14.0
1772908942,10,GET,/api/audio/status,10.555556,0.000000,5,9,15,18,24,56,68,110,110,110,110,107,0,4,10.549777831669264,1.151714001025539,109.2805780008348,168.0
1772908942,10,GET,/api/chains/,4.111111,0.000000,15,18,21,21,75,170,340,340,340,340,340,40,0,15,36.77926310010662,1.3366960010898765,344.9821140002314,1450.75
1772908942,10,GET,/api/chains/{id},10.666667,0.000000,15,23,41,56,210,340,880,1100,1100,1100,1100,107,0,13,58.67720315892877,3.287625000666594,1064.6028880000813,497.0747663551402
1772908942,10,POST,/api/chains/{id}/activate,10.555556,0.000000,13,20,26,33,80,330,350,390,390,390,390,107,0,11,33.77054443006052,3.3477350007160567,391.1482989988144,35.0
1772908942,10,POST,/api/chains/{id}/deactivate,10.444444,0.000000,9,15,20,21,53,330,350,380,380,380,380,107,0,8,35.67055796253537,2.77791500047897,377.1042709995527,37.0
1772908942,10,POST,/api/plugins/batch/parameters (500 updates),3.555556,0.000000,8,16,24,28,220,920,1000,1000,1000,1000,1000,39,0,8,78.36130700016861,3.211141000065254,1002.8124529999332,821.6923076923077
1772908942,10,GET,/api/plugins/discover,4.111111,0.000000,21,25,36,36,39,46,46,46,46,46,46,40,0,21,24.52183077512018,10.899004999373574,46.48581499895954,85406.025
1772908942,10,GET,/api/plugins/list,4.111111,0.000000,8,10,14,14,16,34,1100,1100,1100,1100,1100,40,0,4,33.77472912484336,1.1594589996093418,1056.4119709997613,35.15
1772908942,10,POST,/api/plugins/load?uri,3.222222,0.000000,8,15,18,18,36,83,84,84,84,84,84,35,0,6,14.7156748569874,1.4829419997113291,83.69864599990251,1873.3428571428572
1772908942,10,POST,/api/plugins/unload?uri,3.222222,0.000000,4,10,16,16,22,32,81,81,81,81,81,35,0,3,9.626468971276024,1.23700599942822,80.87404999969294,82.8
1772908942,10,,Aggregated,99.000000,0.000000,8,15,20,23,64,210,340,870,1100,1100,1100,1023,0,7,34.04177917595254,1.0681120002118405,1064.6028880000813,3591.190615835777
1772908943,10,GET,/api/audio/latency,12.800000,0.000000,3,8,12,16,28,65,80,81,81,81,81,173,0,3,10.287929803565026,1.0796750011650147,81.49391200095124,33.0
1772908943,10,GET,/api/audio/levels,12.800000,0.000000,7,10,16,21,71,240,300,1000,1000,1000,1000,173,0,6,40.47158067621865,1.0681120002118405,1048.4094220009865,73.0
1772908943,10,GET,/api/audio/levels (during plugin swap),2.900000,0.000000,8,14,21,69,290,870,1100,1100,1100,1100,1100,37,0,9,89.08134354070982,1.1851250001200242,1053.774699999849,73.0
1772908943,10,GET,/api/audio/levels/plugins,2.900000,0.000000,3,5,8,13,19,22,310,310,310,310,310,37,0,3,14.890948459209097,1.1425459997553844,312.7076710006804,14.0
1772908943,10,GET,/api/audio/status,9.600000,0.000000,5,9,14,16,22,50,67,68,110,110,110,120,0,4,10.042379724882267,1.151714001025539,109.2805780008348,168.0
1772908943,10,GET,/api/chains/,3.800000,0.000000,13,18,21,21,39,150,170,170,170,170,170,45,0,14,34.26878928904544,1.3366960010898765,344.9821140002314,1450.7777777777778
1772908943,10,GET,/api/chains/{id},9.600000,0.000000,13,19,32,41,130,290,350,880,1100,1100,1100,120,0,12,53.70570848335774,3.287625000666594,1064.6028880000813,498.84166666666664
1772908943,10,POST,/api/chains/{id}/activate,9.600000,0.000000,13,19,23,33,75,100,340,350,390,390,390,120,0,11,32.61298029178761,3.3477350007160567,391.1482989988144,35.0
1772908943,10,POST,/api/chains/{id}/deactivate,9.600000,0.000000,8,13,17,21,36,330,340,350,380,380,380,120,0,7,32.67233545824032,2.77791500047897,377.1042709995527,37.0
1772908943,10,POST,/api/plugins/batch/parameters (500 updates),3.200000,0.000000,9,16,19,27,210,270,1000,1000,1000,1000,1000,49,0,9,65.76644614298337,3.211141000065254,1002.8124529999332,822.734693877551
1772908943,10,GET,/api/plugins/discover,3.700000,0.000000,23,24,30,34,38,43,46,46,46,46,46,45,0,23,24.314483933509717,10.899004999373574,46.48581499895954,85406.02222222222
1772908943,10,GET,/api/plugins/list,3.700000,0.000000,9,14,14,14,16,34,1100,1100,1100,1100,1100,45,0,4,30.751450288799887,1.1594589996093418,1056.4119709997613,33.8
1772908943,10,POST,/api/plugins/load?uri,2.900000,0.000000,3,10,15,18,28,36,65,65,65,65,65,37,0,6,14.045681324156199,1.4829419997113291,83.69864599990251,1828.7567567567567
1772908943,10,POST,/api/plugins/unload?uri,2.900000,0.000000,3,10,11,17,26,32,81,81,81,81,81,37,0,3,9.204077405229327,1.23700599942822,80.87404999969294,82.78378378378379
1772908943,10,,Aggregated,90.000000,0.000000,8,14,18,21,49,150,330,870,1100,1100,1100,1158,0,7,31.273953440411187,1.0681120002118405,1064.6028880000813,3567.647668393782
1772908944,10,GET,/api/audio/latency,13.800000,0.000000,3,7,12,16,28,65,80,81,81,81,81,191,0,3,9.977176151955996,1.0796750011650147,81.49391200095124,33.0
1772908944,10,GET,/api/audio/levels,13.800000,0.000000,6,10,15,21,71,240,300,1000,1000,1000,1000,193,0,6,37.65980876676697,1.0681120002118405,1048.4094220009865,73.0
1772908944,10,GET,/api/audio/levels (during plugin swap),3.400000,0.000000,8,11,55,69,290,870,1100,1100,1100,1100,1100,41,0,9,82.01086795137287,1.1851250001200242,1053.774699999849,73.0
1772908944,10,GET,/api/audio/levels/plugins,3.400000,0.000000,3,5,8,13,19,22,310,310,310,310,310,41,0,3,13.80331548756569,1.1425459997553844,312.7076710006804,14.0
1772908944,10,GET,/api/audio/status,10.300000,0.000000,4,9,13,16,22,50,67,68,110,110,110,132,0,3,9.419819515063534,1.1412720014050137,109.2805780008348,168.0
1772908944,10,GET,/api/chains/,3.700000,0.000000,9,15,18,21,39,150,170,170,170,170,170,51,0,12,30.824426921718246,1.3366960010898765,344.9821140002314,1450.8039215686274
1772908944,10,GET,/api/chains/{id},10.300000,0.000000,13,27,38,42,130,290,350,880,1100,1100,1100,136,0,13,50.85272967649497,3.287625000666594,1064.6028880000813,502.75
1772908944,10,POST,/api/chains/{id}/activate,10.300000,0.000000,13,19,25,33,80,100,340,350,390,390,390,133,0,11,31.040548030159016,3.3477350007160567,391.1482989988144,35.0
1772908944,10,POST,/api/chains/{id}/deactivate,10.300000,0.000000,8,15,19,21,36,330,340,350,380,380,380,132,0,7,30.35115184835983,2.77791500047897,377.1042709995527,37.0
1772908944,10,POST,/api/plugins/batch/parameters (500 updates),3.700000,0.000000,9,16,19,28,210,270,1000,1000,1000,1000,1000,57,0,7,58.16596500016315,3.211141000065254,1002.8124529999332,821.0877192982456
1772908944,10,GET,/api/plugins/discover,3.700000,0.000000,21,24,25,30,38,43,46,46,46,46,46,51,0,21,23.383158627599613,10.899004999373574,46.48581499895954,85406.01960784313
1772908944,10,GET,/api/plugins/list,3.700000,0.000000,7,10,14,14,16,34,1100,1100,1100,1100,1100,51,0,4,27.79269856860172,1.1368700015736977,1056.4119709997613,32.529411764705884
1772908944,10,POST,/api/plugins/load?uri,3.400000,0.000000,4,7,14,18,28,36,65,65,65,65,65,41,0,6,13.11766607299122,1.4829419997113291,83.69864599990251,1893.4146341463415
1772908944,10,POST,/api/plugins/unload?uri,3.400000,0.000000,3,6,10,16,22,32,81,81,81,81,81,41,0,3,8.481046195012778,1.23700599942822,80.87404999969294,82.60975609756098
1772908944,10,,Aggregated,97.200000,0.000000,7,14,18,21,60,130,330,870,1100,1100,1100,1291,0,7,29.263763981412712,1.0681120002118405,1064.6028880000813,3627.5941130906276
1772908945,10,GET,/api/audio/latency,15.500000,0.000000,3,7,12,15,28,73,81,310,320,320,320,210,0,3,12.337077938216334,1.0796750011650147,319.375058001242,33.0
1772908945,10,GET,/api/audio/levels,15.500000,0.000000,4,9,13,17,68,240,300,1000,1000,1000,1000,210,0,4,35.013511171399884,1.0681120002118405,1048.4094220009865,73.0
1772908945,10,GET,/api/audio/levels (during plugin swap),3.400000,0.000000,8,11,21,60,290,870,1100,1100,1100,1100,1100,45,0,8,75.06637751127225,1.134742000431288,1053.774699999849,73.0
1772908945,10,GET,/api/audio/levels/plugins,3.400000,0.000000,3,4,8,12,17,19,310,310,310,310,310,45,0,3,12.765115910951863,1.1199380005564308,312.7076710006804,14.0
1772908945,10,GET,/api/audio/status,10.900000,0.000000,5,9,14,17,26,50,68,110,300,300,300,149,0,4,11.46282620798871,1.1412720014050137,304.0102119994117,168.0
1772908945,10,GET,/api/chains/,3.700000,0.000000,9,13,18,39,170,310,320,320,320,320,320,55,0,12,40.20334578199254,1.3366960010898765,344.9821140002314,1450.6909090909091
1772908945,10,GET,/api/chains/{id},10.900000,0.000000,13,21,32,40,180,340,880,1100,1100,1100,1100,149,0,13,49.68160836245035,3.287625000666594,1064.6028880000813,499.1140939597315
1772908945,10,POST,/api/chains/{id}/activate,10.900000,0.000000,13,18,23,34,86,330,340,350,390,390,390,149,0,11,35.2673277047504,3.3477350007160567,391.1482989988144,35.0
1772908945,10,POST,/api/chains/{id}/deactivate,10.900000,0.000000,8,13,19,21,53,330,340,350,380,380,380,149,0,7,28.94382644282338,2.77791500047897,377.1042709995527,37.0
1772908945,10,POST,/api/plugins/batch/parameters (500 updates),4.700000,0.000000,8,16,19,27,210,270,920,1000,1000,1000,1000,62,0,7,58.211306677578484,3.211141000065254,1002.8124529999332,820.4516129032259
1772908945,10,GET,/api/plugins/discover,3.600000,0.000000,20,24,24,30,37,38,43,43,43,43,43,55,0,21,23.34232549107004,10.899004999373574,46.48581499895954,85406.01818181819
1772908945,10,GET,/api/plugins/list,3.600000,0.000000,4,13,14,15,21,28,1100,1100,1100,1100,1100,55,0,4,26.757238272760084,1.1368700015736977,1056.4119709997613,31.836363636363636
1772908945,10,POST,/api/plugins/load?uri,3.400000,0.000000,4,7,10,18,28,36,65,65,65,65,65,45,0,4,12.179884377595348,1.3857100002496736,83.69864599990251,1990.9333333333334
1772908945,10,POST,/api/plugins/unload?uri,3.400000,0.000000,2,3,7,10,17,22,81,81,81,81,81,45,0,3,7.877969844412291,1.2163000010332325,80.87404999969294,84.13333333333334
1772908945,10,,Aggregated,103.800000,0.000000,7,13,17,21,60,220,340,870,1100,1100,1100,1423,0,7,29.551924184837567,1.0681120002118405,1064.6028880000813,3555.4595924104005
1772908946,10,GET,/api/audio/latency,17.200000,0.000000,3,6,9,13,20,31,80,310,320,320,320,230,0,3,11.837421352293346,1.0525990001042373,319.375058001242,33.0
1772908946,10,GET,/api/audio/levels,17.300000,0.000000,4,9,12,16,29,73,300,1000,1000,1000,1000,230,0,5,32.86953503473183,1.0681120002118405,1048.4094220009865,73.0
1772908946,10,GET,/api/audio/levels (during plugin swap),3.300000,0.000000,8,9,11,21,180,870,1100,1100,1100,1100,1100,51,0,8,66.85390137267949,1.134742000431288,1053.774699999849,73.0
1772908946,10,GET,/api/audio/levels/plugins,3.300000,0.000000,2,4,5,8,13,17,19,19,19,19,19,51,0,3,11.58941056842998,1.1199380005564308,312.7076710006804,14.0
1772908946,10,GET,/api/audio/status,11.400000,0.000000,4,7,11,14,21,26,30,110,300,300,300,163,0,3,10.887146527573439,1.1412720014050137,304.0102119994117,168.0
1772908946,10,GET,/api/chains/,3.800000,0.000000,7,9,15,22,75,310,320,320,320,320,320,60,0,9,37.43803448351173,1.3366960010898765,344.9821140002314,1450.7
1772908946,10,GET,/api/chains/{id},11.500000,0.000000,12,19,27,32,71,150,340,880,1100,1100,1100,163,0,13,47.23588888348792,3.287625000666594,1064.6028880000813,491.93865030674846
1772908946,10,POST,/api/chains/{id}/activate,11.400000,0.000000,11,17,20,32,75,330,330,340,350,350,350,163,0,11,33.36980691417285,3.3477350007160567,391.1482989988144,35.0
1772908946,10,POST,/api/chains/{id}/deactivate,11.400000,0.000000,7,12,15,19,30,53,78,320,330,330,330,162,0,7,27.183230827042145,2.77791500047897,377.1042709995527,37.0
1772908946,10,POST,/api/plugins/batch/parameters (500 updates),5.500000,0.000000,9,17,19,27,110,270,920,1000,1000,1000,1000,68,0,8,55.87689305893411,3.211141000065254,1002.8124529999332,824.0
1772908946,10,GET,/api/plugins/discover,3.800000,0.000000,19,23,24,30,32,38,43,43,43,43,43,60,0,21,23.05328086680068,10.899004999373574,46.48581499895954,85406.01666666666
1772908946,10,GET,/api/plugins/list,3.800000,0.000000,2,10,14,14,18,28,1100,1100,1100,1100,1100,60,0,3,24.940535066707525,1.1368700015736977,1056.4119709997613,31.1
1772908946,10,POST,/api/plugins/load?uri,3.300000,0.000000,4,6,8,10,18,28,36,36,36,36,36,51,0,4,11.518081372403186,1.3857100002496736,83.69864599990251,2184.0
1772908946,10,POST,/api/plugins/unload?uri,3.300000,0.000000,2,3,6,8,11,17,22,22,22,22,22,51,0,3,7.347783999969526,1.2163000010332325,80.87404999969294,83.50980392156863
1772908946,10,,Aggregated,110.300000,0.000000,6,11,16,18,31,75,320,350,1100,1100,1100,1563,0,7,27.823368175320603,1.0525990001042373,1064.6028880000813,3540.0063979526553
1772908947,10,GET,/api/audio/latency,16.800000,0.000000,3,7,12,14,26,58,80,310,320,320,320,239,0,3,12.34507813819904,1.0525990001042373,319.375058001242,33.0
1772908947,10,GET,/api/audio/levels,16.800000,0.000000,6,10,16,20,70,200,300,1000,1000,1000,1000,242,0,6,35.58772571070658,1.0681120002118405,1048.4094220009865,73.0
1772908947,10,GET,/api/audio/levels (during plugin swap),3.200000,0.000000,8,11,49,55,180,870,1100,1100,1100,1100,1100,57,0,8,66.56417512296461,1.134742000431288,1053.774699999849,73.0
1772908947,10,GET,/api/audio/levels/plugins,3.200000,0.000000,3,4,5,8,13,19,300,300,300,300,300,55,0,3,16.69788079978554,1.0912590005318634,312.7076710006804,14.0
1772908947,10,GET,/api/audio/status,11.600000,0.000000,3,6,9,10,19,29,110,300,300,300,300,170,0,3,10.590562988181773,1.1390999989089323,304.0102119994117,168.0
1772908947,10,GET,/api/chains/,3.700000,0.000000,7,9,15,23,150,310,320,320,320,320,320,60,0,9,37.43803448351173,1.3366960010898765,344.9821140002314,1450.7
1772908947,10,GET,/api/chains/{id},11.600000,0.000000,12,21,29,40,100,230,880,1100,1100,1100,1100,171,0,13,46.853650643327974,3.287625000666594,1064.6028880000813,489.3567251461988
1772908947,10,POST,/api/chains/{id}/activate,11.600000,0.000000,13,17,22,32,87,330,340,350,350,350,350,170,0,11,33.56074684713402,3.3477350007160567,391.1482989988144,35.0
1772908947,10,POST,/api/chains/{id}/deactivate,11.600000,0.000000,7,12,16,20,30,78,320,330,330,330,330,170,0,7,28.10007198812159,2.77791500047897,377.1042709995527,37.0
1772908947,10,POST,/api/plugins/batch/parameters (500 updates),5.400000,0.000000,9,18,27,57,110,270,920,1000,1000,1000,1000,75,0,8,54.15390809345505,3.211141000065254,1002.8124529999332,824.08
1772908947,10,GET,/api/plugins/discover,3.700000,0.000000,20,23,24,30,32,37,43,43,43,43,43,60,0,21,23.05328086680068,10.899004999373574,46.48581499895954,85406.01666666666
1772908947,10,GET,/api/plugins/list,3.700000,0.000000,2,10,14,15,21,28,1100,1100,1100,1100,1100,60,0,3,24.940535066707525,1.1368700015736977,1056.4119709997613,31.1
1772908947,10,POST,/api/plugins/load?uri,3.200000,0.000000,4,7,10,16,20,36,58,58,58,58,58,55,0,4,12.150356181684236,1.3857100002496736,83.69864599990251,2137.8545454545456
1772908947,10,POST,/api/plugins/unload?uri,3.200000,0.000000,2,3,3,6,8,16,17,17,17,17,17,54,0,2,7.071375481481717,1.2163000010332325,80.87404999969294,83.38888888888889
1772908947,10,,Aggregated,109.300000,0.000000,6,12,16,19,47,130,330,870,1100,1100,1100,1638,0,7,28.57602679550315,1.0525990001042373,1064.6028880000813,3389.5750915750914
1772908948,10,GET,/api/audio/latency,17.800000,0.000000,3,5,12,14,28,59,370,370,370,370,370,254,0,3,16.28532358280229,1.0525990001042373,374.8563600001944,33.0
1772908948,10,GET,/api/audio/levels,17.500000,0.000000,4,10,16,20,70,220,930,1000,1000,1000,1000,254,0,6,34.15728594879375,1.0681120002118405,1048.4094220009865,73.0
1772908948,10,GET,/api/audio/levels (during plugin swap),3.400000,0.000000,6,10,21,49,180,870,1100,1100,1100,1100,1100,62,0,6,61.73633738724734,1.134742000431288,1053.774699999849,73.0
1772908948,10,GET,/api/audio/levels/plugins,3.500000,0.000000,2,4,5,8,19,28,300,300,300,300,300,62,0,3,16.001748161127786,1.0505780010134913,312.7076710006804,14.0
1772908948,10,GET,/api/audio/status,11.300000,0.000000,3,6,10,12,17,26,30,37,300,300,300,185,0,3,10.418893626981141,1.1390999989089323,304.0102119994117,168.0
1772908948,10,GET,/api/chains/,3.300000,0.000000,7,13,23,39,310,320,460,460,460,460,460,62,0,11,44.1832064034022,1.3366960010898765,464.3103569997038,1450.6774193548388
1772908948,10,GET,/api/chains/{id},11.100000,0.000000,11,19,28,40,100,340,520,880,1100,1100,1100,185,0,11,49.06816210816426,3.287625000666594,1064.6028880000813,483.76756756756754
1772908948,10,POST,/api/chains/{id}/activate,11.200000,0.000000,12,17,21,32,87,330,340,350,680,680,680,185,0,11,35.25674745413542,3.3477350007160567,684.2721119992348,35.0
1772908948,10,POST,/api/chains/{id}/deactivate,11.400000,0.000000,7,12,16,20,30,56,150,320,330,330,330,185,0,7,26.902694691769383,2.77791500047897,377.1042709995527,37.0
1772908948,10,POST,/api/plugins/batch/parameters (500 updates),5.600000,0.000000,9,18,27,57,110,270,920,1000,1000,1000,1000,83,0,8,49.83541246998269,3.211141000065254,1002.8124529999332,822.9156626506024
1772908948,10,GET,/api/plugins/discover,3.300000,0.000000,21,24,24,30,32,37,43,43,43,43,43,62,0,21,23.09296391948949,10.899004999373574,46.48581499895954,85406.01612903226
1772908948,10,GET,/api/plugins/list,3.300000,0.000000,2,10,14,15,21,28,1100,1100,1100,1100,1100,62,0,4,24.369623725848918,1.1368700015736977,1056.4119709997613,33.483870967741936
1772908948,10,POST,/api/plugins/load?uri,3.500000,0.000000,3,6,16,18,36,380,380,380,380,380,380,62,0,3,23.04175108046395,1.3857100002496736,375.3226939988963,2038.741935483871
1772908948,10,POST,/api/plugins/unload?uri,3.500000,0.000000,2,3,6,8,17,31,370,370,370,370,370,62,0,2,13.334017145186202,1.1827629987237742,369.89493400142237,82.91935483870968
1772908948,10,,Aggregated,109.700000,0.000000,6,12,17,20,47,190,370,870,1100,1100,1100,1765,0,7,29.58099848670806,1.0505780010134913,1064.6028880000813,3259.6322946175637
1772908949,10,GET,/api/audio/latency,17.800000,0.000000,3,6,9,12,20,59,370,370,370,370,370,276,0,3,15.272135931262302,1.0525990001042373,374.8563600001944,33.0
1772908949,10,GET,/api/audio/levels,17.800000,0.000000,4,9,13,16,66,190,930,1000,1000,1000,1000,276,0,4,31.732000278970045,1.0681120002118405,1048.4094220009865,73.0
1772908949,10,GET,/api/audio/levels (during plugin swap),3.800000,0.000000,8,10,20,38,180,290,1100,1100,1100,1100,1100,67,0,8,57.844252358363384,1.134742000431288,1053.774699999849,73.0
1772908949,10,GET,/api/audio/levels/plugins,3.700000,0.000000,2,4,5,8,16,25,300,300,300,300,300,67,0,3,15.067550626744337,1.0505780010134913,312.7076710006804,14.0
1772908949,10,GET,/api/audio/status,11.400000,0.000000,2,6,8,10,16,23,30,37,300,300,300,204,0,3,9.842462656831463,1.1390999989089323,304.0102119994117,168.0
1772908949,10,GET,/api/chains/,3.300000,0.000000,7,13,23,29,310,320,460,460,460,460,460,63,0,11,43.52002007954792,1.3366960010898765,464.3103569997038,1450.6507936507937
1772908949,10,GET,/api/chains/{id},11.500000,0.000000,11,18,26,29,88,340,520,880,1100,1100,1100,204,0,11,45.3133679902481,3.287625000666594,1064.6028880000813,481.1519607843137
1772908949,10,POST,/api/chains/{id}/activate,11.400000,0.000000,11,15,19,21,75,330,330,330,680,680,680,204,0,10,32.841765063762175,3.3477350007160567,684.2721119992348,35.0
1772908949,10,POST,/api/chains/{id}/deactivate,11.500000,0.000000,7,11,15,17,26,49,140,150,320,320,320,204,0,7,25.169012225388524,2.77791500047897,377.1042709995527,37.0
1772908949,10,POST,/api/plugins/batch/parameters (500 updates),6.300000,0.000000,8,17,19,29,83,260,920,1000,1000,1000,1000,93,0,7,45.12528196781165,3.211141000065254,1002.8124529999332,822.3010752688172
1772908949,10,GET,/api/plugins/discover,3.300000,0.000000,21,23,24,30,32,37,43,43,43,43,43,63,0,21,23.081566889029798,10.899004999373574,46.48581499895954,85406.01587301587
1772908949,10,GET,/api/plugins/list,3.300000,0.000000,2,10,14,15,21,28,1100,1100,1100,1100,1100,63,0,4,24.022714761962387,1.1368700015736977,1056.4119709997613,33.317460317460316
1772908949,10,POST,/api/plugins/load?uri,3.800000,0.000000,3,6,11,16,28,58,380,380,380,380,380,67,0,3,21.62754517897821,1.3857100002496736,375.3226939988963,2025.686567164179
1772908949,10,POST,/api/plugins/unload?uri,3.700000,0.000000,2,3,6,8,16,29,370,370,370,370,370,67,0,2,12.569848552290628,1.1827629987237742,369.89493400142237,83.25373134328358
1772908949,10,,Aggregated,112.600000,0.000000,6,11,15,18,37,100,340,680,1100,1100,1100,1918,0,6,27.706688229949343,1.0505780010134913,1064.6028880000813,3062.587069864442
1772908950,10,GET,/api/audio/latency,16.900000,0.000000,3,6,10,14,28,88,320,370,370,370,370,289,0,3,17.415779339190934,1.0525990001042373,374.8563600001944,33.0
1772908950,10,GET,/api/audio/levels,16.900000,0.000000,4,10,14,19,66,190,290,1000,1000,1000,1000,289,0,4,32.34699689272328,1.0681120002118405,1048.4094220009865,73.0
1772908950,10,GET,/api/audio/levels (during plugin swap),3.900000,0.000000,8,14,18,38,180,290,1100,1100,1100,1100,1100,70,0,8,55.720984371561954,1.134742000431288,1053.774699999849,73.0
1772908950,10,GET,/api/audio/levels/plugins,3.900000,0.000000,2,4,5,8,19,28,300,300,300,300,300,70,0,3,15.723219914174738,1.0505780010134913,312.7076710006804,14.0
1772908950,10,GET,/api/audio/status,10.700000,0.000000,3,6,9,10,17,26,87,300,310,310,310,217,0,3,11.762527018404377,1.13573999988148,305.1528479991248,168.0
1772908950,10,GET,/api/chains/,2.900000,0.000000,9,13,23,29,310,320,460,460,460,460,460,65,0,11,42.609566615563104,1.3366960010898765,464.3103569997038,1450.6615384615384
1772908950,10,GET,/api/chains/{id},10.700000,0.000000,11,18,27,32,88,180,520,880,1100,1100,1100,217,0,11,46.48668520745509,3.287625000666594,1064.6028880000813,479.16129032258067
1772908950,10,POST,/api/chains/{id}/activate,10.700000,0.000000,11,17,20,22,86,170,330,330,680,680,680,217,0,11,33.10204838253999,3.3477350007160567,684.2721119992348,35.0
1772908950,10,POST,/api/chains/{id}/deactivate,10.700000,0.000000,8,12,15,19,26,56,320,320,320,320,320,217,0,8,27.054943253343453,2.77791500047897,377.1042709995527,37.0
1772908950,10,POST,/api/plugins/batch/parameters (500 updates),6.100000,0.000000,8,17,19,25,81,260,920,1000,1000,1000,1000,98,0,7,43.54811431637375,3.211141000065254,1002.8124529999332,821.6734693877551
1772908950,10,GET,/api/plugins/discover,2.900000,0.000000,21,23,26,26,32,37,43,43,43,43,43,65,0,21,23.002971877045077,10.899004999373574,46.48581499895954,85406.01538461538
1772908950,10,GET,/api/plugins/list,2.900000,0.000000,3,13,14,15,21,28,1100,1100,1100,1100,1100,65,0,4,23.51473480003523,1.1368700015736977,1056.4119709997613,33.0
1772908950,10,POST,/api/plugins/load?uri,3.900000,0.000000,3,6,11,18,36,120,380,380,380,380,380,70,0,3,22.48761907129457,1.3857100002496736,375.3226939988963,2108.8571428571427
1772908950,10,POST,/api/plugins/unload?uri,3.900000,0.000000,2,3,7,8,17,31,370,370,370,370,370,70,0,2,16.410956514326763,1.1827629987237742,369.89493400142237,83.37142857142857
1772908950,10,,Aggregated,107.000000,0.000000,6,11,16,19,46,150,330,520,1100,1100,1100,2019,0,6,28.658034238258015,1.0505780010134913,1064.6028880000813,3008.712729073799
1772908951,10,GET,/api/audio/latency,16.200000,0.000000,2,5,7,11,18,88,320,370,370,370,370,315,0,3,16.26586662865838,1.0525990001042373,374.8563600001944,33.0
1772908951,10,GET,/api/audio/levels,16.100000,0.000000,3,8,11,14,35,70,190,230,290,290,290,315,0,4,29.9851485364978,1.0681120002118405,1048.4094220009865,73.0
1772908951,10,GET,/api/audio/levels (during plugin swap),4.100000,0.000000,4,8,14,18,49,110,180,180,180,180,180,73,0,8,53.78142895904303,1.134742000431288,1053.774699999849,73.0
1772908951,10,GET,/api/audio/levels/plugins,4.200000,0.000000,2,3,5,8,25,88,300,300,300,300,300,73,0,2,15.133882849213105,1.0505780010134913,312.7076710006804,14.0
1772908951,10,GET,/api/audio/status,12.000000,0.000000,2,6,10,11,17,26,87,300,310,310,310,229,0,3,11.394994943200633,1.13573999988148,305.1528479991248,168.0
1772908951,10,GET,/api/chains/,3.000000,0.000000,7,10,18,23,310,320,460,460,460,460,460,66,0,10,42.06778389412978,1.3366960010898765,464.3103569997038,1450.6666666666667
1772908951,10,GET,/api/chains/{id},11.800000,0.000000,10,16,24,27,60,110,340,470,520,520,520,229,0,11,44.7483965677692,3.287625000666594,1064.6028880000813,480.27510917030565
1772908951,10,POST,/api/chains/{id}/activate,12.000000,0.000000,11,15,18,21,37,140,330,330,680,680,680,229,0,11,31.879661371216546,3.3477350007160567,684.2721119992348,35.0
1772908951,10,POST,/api/chains/{id}/deactivate,12.000000,0.000000,7,10,15,17,26,49,150,320,320,320,320,229,0,7,26.084303868883104,2.77791500047897,377.1042709995527,37.0
1772908951,10,POST,/api/plugins/batch/parameters (500 updates),6.300000,0.000000,8,15,18,19,57,81,110,260,260,260,260,103,0,8,42.105360184507944,3.211141000065254,1002.8124529999332,822.1165048543689
1772908951,10,GET,/api/plugins/discover,3.000000,0.000000,21,23,24,26,30,32,37,37,37,37,37,66,0,21,22.82169965162735,10.899004999373574,46.48581499895954,85406.01515151515
1772908951,10,GET,/api/plugins/list,3.000000,0.000000,2,10,13,14,18,21,28,28,28,28,28,66,0,3,23.175835681837327,1.1368700015736977,1056.4119709997613,32.84848484848485
1772908951,10,POST,/api/plugins/load?uri,4.200000,0.000000,3,3,6,10,58,380,380,380,380,380,380,73,0,3,21.64624530127035,1.3857100002496736,375.3226939988963,2233.109589041096
1772908951,10,POST,/api/plugins/unload?uri,4.200000,0.000000,2,3,6,8,29,300,370,370,370,370,370,73,0,2,15.87673950688104,1.1827629987237742,369.89493400142237,83.78082191780823
1772908951,10,,Aggregated,112.100000,0.000000,5,10,14,17,29,84,300,330,520,680,680,2139,0,6,27.4047747985238,1.0505780010134913,1064.6028880000813,2895.373539036933
1772908952,10,GET,/api/audio/latency,16.200000,0.000000,2,5,7,10,19,90,370,370,370,370,370,315,0,3,16.26586662865838,1.0525990001042373,374.8563600001944,33.0
1772908952,10,GET,/api/audio/levels,16.100000,0.000000,3,7,11,15,46,75,200,230,290,290,290,315,0,4,29.9851485364978,1.0681120002118405,1048.4094220009865,73.0
1772908952,10,GET,/api/audio/levels (during plugin swap),4.100000,0.000000,4,8,15,18,49,110,180,180,180,180,180,73,0,8,53.78142895904303,1.134742000431288,1053.774699999849,73.0
1772908952,10,GET,/api/audio/levels/plugins,4.200000,0.000000,2,3,5,8,25,88,300,300,300,300,300,73,0,2,15.133882849213105,1.0505780010134913,312.7076710006804,14.0
1772908952,10,GET,/api/audio/status,12.000000,0.000000,2,8,10,10,21,30,87,300,310,310,310,229,0,3,11.394994943200633,1.13573999988148,305.1528479991248,168.0
1772908952,10,GET,/api/chains/,3.000000,0.000000,7,9,18,23,310,320,460,460,460,460,460,66,0,10,42.06778389412978,1.3366960010898765,464.3103569997038,1450.6666666666667
1772908952,10,GET,/api/chains/{id},11.800000,0.000000,10,16,24,29,84,170,340,470,520,520,520,229,0,11,44.7483965677692,3.287625000666594,1064.6028880000813,480.27510917030565
1772908952,10,POST,/api/chains/{id}/activate,12.000000,0.000000,9,14,18,21,37,140,330,330,680,680,680,229,0,11,31.879661371216546,3.3477350007160567,684.2721119992348,35.0
1772908952,10,POST,/api/chains/{id}/deactivate,12.000000,0.000000,7,10,15,19,29,56,150,320,320,320,320,229,0,7,26.084303868883104,2.77791500047897,377.1042709995527,37.0
1772908952,10,POST,/api/plugins/batch/parameters (500 updates),6.300000,0.000000,8,13,19,19,57,83,110,260,260,260,260,103,0,8,42.105360184507944,3.211141000065254,1002.8124529999332,822.1165048543689
1772908952,10,GET,/api/plugins/discover,3.000000,0.000000,21,23,24,26,30,32,37,37,37,37,37,66,0,21,22.82169965162735,10.899004999373574,46.48581499895954,85406.01515151515
1772908952,10,GET,/api/plugins/list,3.000000,0.000000,3,10,13,14,18,21,28,28,28,28,28,66,0,3,23.175835681837327,1.1368700015736977,1056.4119709997613,32.84848484848485
1772908952,10,POST,/api/plugins/load?uri,4.200000,0.000000,3,4,7,10,58,380,380,380,380,380,380,73,0,3,21.64624530127035,1.3857100002496736,375.3226939988963,2233.109589041096
1772908952,10,POST,/api/plugins/unload?uri,4.200000,0.000000,2,3,6,8,29,300,370,370,370,370,370,73,0,2,15.87673950688104,1.1827629987237742,369.89493400142237,83.78082191780823
1772908952,10,,Aggregated,112.100000,0.000000,5,10,14,18,32,88,310,370,680,680,680,2139,0,6,27.4047747985238,1.0505780010134913,1064.6028880000813,2895.373539036933
1772908953,10,GET,/api/audio/latency,18.600000,0.000000,2,5,7,10,24,90,370,370,370,370,370,333,0,3,15.78637881689943,1.0525990001042373,374.8563600001944,33.0
1772908953,10,GET,/api/audio/levels,18.600000,0.000000,3,7,11,15,46,83,230,290,1100,1100,1100,333,0,4,32.08580179879235,1.0681120002118405,1138.1304459991952,73.0
1772908953,10,GET,/api/audio/levels (during plugin swap),4.300000,0.000000,6,10,18,23,180,1100,1100,1100,1100,1100,1100,80,0,8,88.82286715013379,1.134742000431288,1108.8799389999622,73.0
1772908953,10,GET,/api/audio/levels/plugins,4.300000,0.000000,2,4,8,19,52,88,300,300,300,300,300,79,0,3,15.979510987252278,1.0505780010134913,312.7076710006804,14.0
1772908953,10,GET,/api/audio/status,13.200000,0.000000,2,8,10,13,26,37,87,300,310,310,310,241,0,3,11.397009194965394,1.13573999988148,305.1528479991248,168.0
1772908953,10,GET,/api/chains/,2.800000,0.000000,10,23,310,320,1100,1100,1100,1100,1100,1100,1100,69,0,11,72.88548466688856,1.3366960010898765,1148.0556390015408,1450.6811594202898
1772908953,10,GET,/api/chains/{id},13.300000,0.000000,10,16,25,32,170,470,1100,1100,1100,1100,1100,241,0,11,62.08674602081728,3.287625000666594,1141.210226000112,482.6721991701245
1772908953,10,POST,/api/chains/{id}/activate,13.300000,0.000000,9,15,20,22,87,170,330,390,680,680,680,241,0,10,33.23365085897237,3.3477350007160567,684.2721119992348,35.0
1772908953,10,POST,/api/chains/{id}/deactivate,13.200000,0.000000,8,11,16,21,41,150,340,340,350,350,350,241,0,7,29.31162092935518,2.77791500047897,377.1042709995527,37.0
1772908953,10,POST,/api/plugins/batch/parameters (500 updates),7.000000,0.000000,9,17,19,24,83,110,260,260,260,260,260,106,0,8,44.28952450002983,3.211141000065254,1002.8124529999332,822.0754716981132
1772908953,10,GET,/api/plugins/discover,2.900000,0.000000,23,26,30,30,37,56,56,56,56,56,56,69,0,21,23.303577333470034,10.899004999373574,55.92168499970285,85406.01449275362
1772908953,10,GET,/api/plugins/list,2.900000,0.000000,4,10,18,18,28,76,76,76,76,76,76,69,0,4,23.550115420326566,1.1368700015736977,1056.4119709997613,39.89855072463768
1772908953,10,POST,/api/plugins/load?uri,4.300000,0.000000,3,4,11,20,90,380,380,380,380,380,380,79,0,3,23.45248969608223,1.3857100002496736,375.3226939988963,2386.7974683544303
1772908953,10,POST,/api/plugins/unload?uri,4.300000,0.000000,2,8,10,16,320,330,370,370,370,370,370,79,0,3,27.330692557025262,1.1827629987237742,369.89493400142237,83.43037974683544
1772908953,10,,Aggregated,123.000000,0.000000,5,10,16,20,58,230,370,1000,1100,1100,1100,2260,0,6,32.770445411524555,1.0505780010134913,1148.0556390015408,2873.699557522124
1772908954,10,GET,/api/audio/latency,17.000000,0.000000,2,4,7,9,19,88,300,370,370,370,370,358,0,2,15.078493874374056,1.0525990001042373,374.8563600001944,33.0
1772908954,10,GET,/api/audio/levels,17.000000,0.000000,3,7,11,15,26,83,200,290,1100,1100,1100,358,0,4,30.21595042737419,1.0681120002118405,1138.1304459991952,73.0
1772908954,10,GET,/api/audio/levels (during plugin swap),3.900000,0.000000,8,14,18,23,110,1000,1100,1100,1100,1100,1100,87,0,8,82.31215237943594,1.134742000431288,1108.8799389999622,73.0
1772908954,10,GET,/api/audio/levels/plugins,3.900000,0.000000,2,4,15,19,42,58,300,300,300,300,300,87,0,3,15.147918390696226,1.0505780010134913,312.7076710006804,14.0
1772908954,10,GET,/api/audio/status,12.400000,0.000000,2,5,9,10,16,37,87,87,310,310,310,260,0,3,10.911328957620125,1.13573999988148,305.1528479991248,168.0
1772908954,10,GET,/api/chains/,2.600000,0.000000,10,23,29,460,1100,1100,1100,1100,1100,1100,1100,69,0,11,72.88548466688856,1.3366960010898765,1148.0556390015408,1450.6811594202898
1772908954,10,GET,/api/chains/{id},12.400000,0.000000,10,13,18,26,100,470,1100,1100,1100,1100,1100,260,0,11,58.33920717698045,3.287625000666594,1141.210226000112,485.2576923076923
1772908954,10,POST,/api/chains/{id}/activate,12.400000,0.000000,10,15,18,21,30,88,170,390,680,680,680,260,0,11,31.753194223102373,3.3477350007160567,684.2721119992348,35.0
1772908954,10,POST,/api/chains/{id}/deactivate,12.400000,0.000000,7,10,15,16,26,150,340,340,350,350,350,260,0,7,27.787166061422724,2.77791500047897,377.1042709995527,37.0
1772908954,10,POST,/api/plugins/batch/parameters (500 updates),6.600000,0.000000,9,17,21,25,57,100,110,240,240,240,240,116,0,8,41.66994181896998,3.211141000065254,1002.8124529999332,822.1206896551724
1772908954,10,GET,/api/plugins/discover,2.600000,0.000000,23,26,26,30,32,56,56,56,56,56,56,69,0,21,23.303577333470034,10.899004999373574,55.92168499970285,85406.01449275362
1772908954,10,GET,/api/plugins/list,2.600000,0.000000,3,10,13,18,18,76,76,76,76,76,76,69,0,4,23.550115420326566,1.1368700015736977,1056.4119709997613,39.89855072463768
1772908954,10,POST,/api/plugins/load?uri,3.900000,0.000000,3,4,10,16,88,120,380,380,380,380,380,87,0,3,21.608892999880148,1.3857100002496736,375.3226939988963,2415.9080459770116
1772908954,10,POST,/api/plugins/unload?uri,3.900000,0.000000,2,4,8,11,300,320,370,370,370,370,370,87,0,3,25.050790425352872,1.1827629987237742,369.89493400142237,84.01149425287356
1772908954,10,,Aggregated,113.600000,0.000000,5,10,14,17,37,110,370,680,1100,1100,1100,2427,0,6,31.04045292007545,1.0505780010134913,1148.0556390015408,2695.8417799752783
1772908955,10,GET,/api/audio/latency,15.600000,0.000000,2,4,7,9,58,300,370,370,370,370,370,378,0,2,17.973701944515234,1.0525990001042373,374.8563600001944,33.0
1772908955,10,GET,/api/audio/levels,15.600000,0.000000,3,7,12,15,57,84,230,310,1100,1100,1100,379,0,4,30.394095894456704,1.0681120002118405,1138.1304459991952,73.0
1772908955,10,GET,/api/audio/levels (during plugin swap),4.100000,0.000000,9,16,23,38,180,1000,1100,1100,1100,1100,1100,91,0,8,84.20660083528684,1.134742000431288,1108.8799389999622,73.0
1772908955,10,GET,/api/audio/levels/plugins,4.100000,0.000000,2,4,16,25,52,88,300,300,300,300,300,89,0,2,14.845130505522464,1.0505780010134913,312.7076710006804,14.0
1772908955,10,GET,/api/audio/status,11.800000,0.000000,3,8,9,11,19,37,310,320,320,320,320,270,0,3,13.074515955486277,1.13573999988148,320.87193299958017,168.0
1772908955,10,GET,/api/chains/,2.300000,0.000000,18,29,460,460,1100,1100,1100,1100,1100,1100,1100,70,0,10,71.9244565002165,1.3366960010898765,1148.0556390015408,1450.6857142857143
1772908955,10,GET,/api/chains/{id},11.800000,0.000000,10,13,17,24,110,470,1100,1100,1100,1100,1100,270,0,11,56.89715472967186,3.287625000666594,1141.210226000112,485.81481481481484
1772908955,10,POST,/api/chains/{id}/activate,11.800000,0.000000,10,15,18,21,76,88,170,390,680,680,680,270,0,10,31.33577309261589,3.3477350007160567,684.2721119992348,35.0
1772908955,10,POST,/api/chains/{id}/deactivate,11.800000,0.000000,7,10,15,17,29,150,340,340,350,350,350,268,0,7,27.431309477507778,2.77791500047897,377.1042709995527,37.0
1772908955,10,POST,/api/plugins/batch/parameters (500 updates),5.800000,0.000000,9,15,21,25,57,100,240,240,240,240,240,125,0,8,41.54318281599262,3.1820740005059633,1002.8124529999332,820.352
1772908955,10,GET,/api/plugins/discover,2.400000,0.000000,22,26,26,26,30,56,56,56,56,56,56,70,0,21,23.135347100131703,10.899004999373574,55.92168499970285,85406.0142857143
1772908955,10,GET,/api/plugins/list,2.400000,0.000000,4,13,18,18,18,76,76,76,76,76,76,70,0,3,23.231649114313768,1.1368700015736977,1056.4119709997613,39.65714285714286
1772908955,10,POST,/api/plugins/load?uri,4.100000,0.000000,3,4,11,20,90,380,380,380,380,380,380,89,0,3,21.32166414596438,1.3857100002496736,375.3226939988963,2391.494382022472
1772908955,10,POST,/api/plugins/unload?uri,4.100000,0.000000,2,4,10,16,320,330,370,370,370,370,370,89,0,2,24.51975522477839,1.1827629987237742,369.89493400142237,84.02247191011236
1772908955,10,,Aggregated,107.700000,0.000000,5,10,15,18,58,190,370,1000,1100,1100,1100,2528,0,6,31.469630378172884,1.0505780010134913,1148.0556390015408,2630.3544303797466
1772908956,10,GET,/api/audio/latency,16.100000,0.000000,2,3,5,7,18,300,320,370,370,370,370,404,0,2,17.13140175749263,1.0525990001042373,374.8563600001944,33.0
1772908956,10,GET,/api/audio/levels,16.000000,0.000000,3,7,10,14,33,81,230,310,1100,1100,1100,404,0,4,29.074137245052132,1.0681120002118405,1138.1304459991952,73.0
1772908956,10,GET,/api/audio/levels (during plugin swap),4.400000,0.000000,6,14,18,23,180,1000,1100,1100,1100,1100,1100,99,0,6,77.66599623244824,1.102121999792871,1108.8799389999622,73.0
1772908956,10,GET,/api/audio/levels/plugins,4.400000,0.000000,2,3,8,16,42,58,300,300,300,300,300,99,0,2,13.674222343373307,1.0505780010134913,312.7076710006804,14.0
1772908956,10,GET,/api/audio/status,12.800000,0.000000,2,8,10,12,19,59,310,320,320,320,320,283,0,3,12.859507420435223,1.1283309995633317,320.87193299958017,168.0
1772908956,10,GET,/api/chains/,1.800000,0.000000,16,29,460,460,1100,1100,1100,1100,1100,1100,1100,71,0,11,71.13971584527769,1.3366960010898765,1148.0556390015408,1450.6901408450703
1772908956,10,GET,/api/chains/{id},12.700000,0.000000,9,13,16,20,60,470,1100,1100,1100,1100,1100,283,0,11,54.790166159055644,3.287625000666594,1141.210226000112,485.88339222614843
1772908956,10,POST,/api/chains/{id}/activate,12.800000,0.000000,9,14,18,19,30,87,140,390,680,680,680,283,0,10,30.371260932894433,3.3477350007160567,684.2721119992348,35.0
1772908956,10,POST,/api/chains/{id}/deactivate,12.800000,0.000000,7,9,14,17,26,93,340,340,350,350,350,283,0,7,26.720882028162812,2.7648769992083544,377.1042709995527,37.0
1772908956,10,POST,/api/plugins/batch/parameters (500 updates),5.600000,0.000000,7,14,18,19,26,100,240,240,240,240,240,133,0,8,39.46402106016751,3.138984999168315,1002.8124529999332,821.172932330827
1772908956,10,GET,/api/plugins/discover,1.800000,0.000000,22,26,26,26,30,56,56,56,56,56,56,71,0,21,22.994893408599957,10.899004999373574,55.92168499970285,85406.01408450704
1772908956,10,GET,/api/plugins/list,1.800000,0.000000,4,10,13,13,18,76,76,76,76,76,76,71,0,4,22.999065774674307,1.1368700015736977,1056.4119709997613,39.42253521126761
1772908956,10,POST,/api/plugins/load?uri,4.400000,0.000000,3,4,11,15,88,120,380,380,380,380,380,99,0,3,19.914605888782653,1.3779839991912013,375.3226939988963,2264.5757575757575
1772908956,10,POST,/api/plugins/unload?uri,4.400000,0.000000,2,4,8,11,300,320,370,370,370,370,370,99,0,2,22.351867686886568,1.1827629987237742,369.89493400142237,83.83838383838383
1772908956,10,,Aggregated,111.800000,0.000000,5,9,13,16,35,180,370,680,1100,1100,1100,2682,0,6,30.112319197997856,1.0505780010134913,1148.0556390015408,2523.5630126771066
1772908957,10,GET,/api/audio/latency,16.800000,0.000000,2,3,4,6,15,88,320,320,320,320,320,433,0,2,16.137628475824734,1.0525990001042373,374.8563600001944,33.0
1772908957,10,GET,/api/audio/levels,17.200000,0.000000,3,5,9,12,22,47,84,310,1100,1100,1100,433,0,3,27.43276138337095,1.0681120002118405,1138.1304459991952,73.0
1772908957,10,GET,/api/audio/levels (during plugin swap),4.600000,0.000000,6,11,15,16,180,1000,1100,1100,1100,1100,1100,102,0,6,75.61081722560273,1.102121999792871,1108.8799389999622,73.0
1772908957,10,GET,/api/audio/levels/plugins,4.600000,0.000000,2,3,4,8,28,52,88,88,88,88,88,102,0,2,13.31915441171398,1.0505780010134913,312.7076710006804,14.0
1772908957,10,GET,/api/audio/status,12.200000,0.000000,2,8,10,10,19,59,310,320,320,320,320,301,0,3,12.439607365397562,1.1283309995633317,320.87193299958017,168.0
1772908957,10,GET,/api/chains/,1.500000,0.000000,16,29,33,33,1100,1100,1100,1100,1100,1100,1100,72,0,11,70.61311291686758,1.3366960010898765,1148.0556390015408,1450.6944444444443
1772908957,10,GET,/api/chains/{id},12.400000,0.000000,10,13,15,18,47,270,1100,1100,1100,1100,1100,301,0,11,52.13600049838923,3.287625000666594,1141.210226000112,482.80398671096344
1772908957,10,POST,/api/chains/{id}/activate,12.400000,0.000000,10,14,18,20,30,87,140,140,390,390,390,301,0,10,29.386910687736776,3.3477350007160567,684.2721119992348,35.0
1772908957,10,POST,/api/chains/{id}/deactivate,12.200000,0.000000,7,9,12,15,24,93,340,340,350,350,350,301,0,7,25.591709657730636,2.7648769992083544,377.1042709995527,37.0
1772908957,10,POST,/api/plugins/batch/parameters (500 updates),6.200000,0.000000,7,11,15,18,25,46,240,240,240,240,240,143,0,8,37.20150827975122,3.138984999168315,1002.8124529999332,820.951048951049
1772908957,10,GET,/api/plugins/discover,1.500000,0.000000,16,23,26,26,30,56,56,56,56,56,56,72,0,21,22.855679472362073,10.899004999373574,55.92168499970285,85406.01388888889
1772908957,10,GET,/api/plugins/list,1.500000,0.000000,4,11,13,13,18,76,76,76,76,76,76,72,0,4,22.83437123613415,1.1368700015736977,1056.4119709997613,39.19444444444444
1772908957,10,POST,/api/plugins/load?uri,4.600000,0.000000,3,3,8,15,20,88,120,120,120,120,120,102,0,3,19.515444343043924,1.3779839991912013,375.3226939988963,2251.598039215686
1772908957,10,POST,/api/plugins/unload?uri,4.600000,0.000000,2,4,4,8,16,320,330,330,330,330,330,102,0,2,21.752125333353202,1.1827629987237742,369.89493400142237,83.70588235294117
1772908957,10,,Aggregated,112.300000,0.000000,4,9,12,15,25,87,320,350,1100,1100,1100,2837,0,6,28.842296150527556,1.0505780010134913,1148.0556390015408,2426.6612618963695
1772908958,10,GET,/api/audio/latency,16.800000,0.000000,2,3,4,7,26,99,320,350,360,360,360,439,0,2,17.909267043356678,1.0525990001042373,374.8563600001944,33.0
1772908958,10,GET,/api/audio/levels,16.800000,0.000000,3,7,12,15,46,230,310,350,1100,1100,1100,442,0,4,31.314311158367506,1.0681120002118405,1138.1304459991952,73.0
1772908958,10,GET,/api/audio/levels (during plugin swap),4.600000,0.000000,9,14,23,43,290,1100,1100,1100,1100,1100,1100,105,0,8,75.17548331438559,1.102121999792871,1108.8799389999622,73.0
1772908958,10,GET,/api/audio/levels/plugins,4.600000,0.000000,2,3,12,26,58,360,360,360,360,360,360,105,0,2,20.107190342813347,1.0505780010134913,363.88631599947985,14.0
1772908958,10,GET,/api/audio/status,11.900000,0.000000,3,8,10,12,35,87,320,320,360,360,360,303,0,3,13.800957570908182,1.1283309995633317,363.3089180002571,168.0
1772908958,10,GET,/api/chains/,1.200000,0.000000,16,18,33,1100,1100,1100,1100,1100,1100,1100,1100,72,0,11,70.61311291686758,1.3366960010898765,1148.0556390015408,1450.6944444444443
1772908958,10,GET,/api/chains/{id},11.900000,0.000000,10,13,17,23,60,300,1100,1100,1100,1100,1100,303,0,11,53.08531532347554,3.287625000666594,1141.210226000112,483.47854785478546
1772908958,10,POST,/api/chains/{id}/activate,11.900000,0.000000,10,16,19,21,33,87,140,140,390,390,390,303,0,10,29.546077749209,3.3477350007160567,684.2721119992348,35.0
1772908958,10,POST,/api/chains/{id}/deactivate,11.900000,0.000000,7,8,12,15,36,320,340,350,350,350,350,302,0,7,25.664987963496994,2.7648769992083544,377.1042709995527,37.0
1772908958,10,POST,/api/plugins/batch/parameters (500 updates),6.500000,0.000000,8,15,21,25,46,240,240,310,310,310,310,147,0,8,39.20703448303128,3.138984999168315,1002.8124529999332,820.5986394557823
1772908958,10,GET,/api/plugins/discover,1.200000,0.000000,15,16,26,30,56,56,56,56,56,56,56,72,0,21,22.855679472362073,10.899004999373574,55.92168499970285,85406.01388888889
1772908958,10,GET,/api/plugins/list,1.200000,0.000000,7,11,13,18,76,76,76,76,76,76,76,72,0,4,22.83437123613415,1.1368700015736977,1056.4119709997613,39.19444444444444
1772908958,10,POST,/api/plugins/load?uri,4.600000,0.000000,3,5,16,20,94,120,360,360,360,360,360,105,0,3,24.185186028504784,1.3779839991912013,375.3226939988963,2221.4761904761904
1772908958,10,POST,/api/plugins/unload?uri,4.600000,0.000000,3,4,8,11,300,320,330,330,330,330,330,105,1,2,21.635713171452238,1.1827629987237742,369.89493400142237,83.08571428571429
1772908958,10,,Aggregated,109.700000,0.000000,5,10,14,18,50,230,350,1000,1100,1100,1100,2875,1,6,30.47862934749561,1.0505780010134913,1148.0556390015408,2397.974608695652
1772908959,10,GET,/api/audio/latency,18.700000,0.000000,2,3,4,5,18,71,320,350,360,360,360,461,0,2,17.629808987055664,1.0525990001042373,374.8563600001944,33.0
1772908959,10,GET,/api/audio/levels,18.700000,0.000000,3,5,10,15,33,230,310,350,1100,1100,1100,461,0,3,30.231789683284166,1.0681120002118405,1138.1304459991952,73.0
1772908959,10,GET,/api/audio/levels (during plugin swap),4.700000,0.000000,3,13,16,23,180,1000,1100,1100,1100,1100,1100,114,0,6,69.6371800702668,1.102121999792871,1108.8799389999622,73.0
1772908959,10,GET,/api/audio/levels/plugins,4.800000,0.000000,2,3,3,12,42,58,360,360,360,360,360,114,0,2,18.67445692102608,1.0396130001026904,363.88631599947985,14.0
1772908959,10,GET,/api/audio/status,12.700000,0.000000,2,5,9,10,18,37,320,320,360,360,360,323,0,3,13.23245244577051,1.1129430004075402,363.3089180002571,168.0
1772908959,10,GET,/api/chains/,1.200000,0.000000,33,340,1100,1100,1100,1100,1100,1100,1100,1100,1100,73,0,12,74.3076367125219,1.3366960010898765,1148.0556390015408,1450.6849315068494
1772908959,10,GET,/api/chains/{id},12.600000,0.000000,10,13,15,21,60,350,1100,1100,1100,1100,1100,323,0,11,53.311665876194205,3.287625000666594,1141.210226000112,485.046439628483
1772908959,10,POST,/api/chains/{id}/activate,12.700000,0.000000,10,14,18,20,28,78,87,88,390,390,390,323,0,10,28.380481102177658,3.3477350007160567,684.2721119992348,35.0
1772908959,10,POST,/api/chains/{id}/deactivate,12.700000,0.000000,6,7,10,12,33,57,340,350,380,380,380,323,0,7,25.460588297146977,2.7648769992083544,382.11252899964165,37.0
1772908959,10,POST,/api/plugins/batch/parameters (500 updates),6.500000,0.000000,7,14,15,19,45,100,240,310,310,310,310,156,0,7,37.30291621799645,3.138984999168315,1002.8124529999332,820.4487179487179
1772908959,10,GET,/api/plugins/discover,1.200000,0.000000,16,22,30,30,56,56,56,56,56,56,56,73,0,21,22.84294094533834,10.899004999373574,55.92168499970285,85406.01369863014
1772908959,10,GET,/api/plugins/list,1.200000,0.000000,7,11,18,18,76,76,76,76,76,76,76,73,0,4,22.597344356193528,1.1368700015736977,1056.4119709997613,38.97260273972603
1772908959,10,POST,/api/plugins/load?uri,4.700000,0.000000,3,4,8,16,88,94,360,360,360,360,360,114,0,3,22.475198894665624,1.3779839991912013,375.3226939988963,2243.8859649122805
1772908959,10,POST,/api/plugins/unload?uri,4.800000,0.000000,2,4,4,7,24,320,330,330,330,330,330,114,1,2,20.09456420174709,1.1827629987237742,369.89493400142237,83.06140350877193
1772908959,10,,Aggregated,117.200000,0.000000,4,8,12,15,33,93,350,390,1100,1100,1100,3045,1,6,29.697847444346447,1.0396130001026904,1148.0556390015408,2308.577996715928
1772908960,10,GET,/api/audio/latency,18.700000,0.000000,2,3,4,8,26,86,320,350,360,360,360,479,0,2,17.447058267288885,1.0525990001042373,374.8563600001944,33.0
1772908960,10,GET,/api/audio/levels,18.700000,0.000000,3,7,12,17,40,230,310,350,1100,1100,1100,479,0,4,29.615139972858387,1.0681120002118405,1138.1304459991952,73.0
1772908960,10,GET,/api/audio/levels (during plugin swap),4.500000,0.000000,3,13,16,23,180,1000,1100,1100,1100,1100,1100,119,0,4,66.77439488244816,1.102121999792871,1108.8799389999622,73.0
1772908960,10,GET,/api/audio/levels/plugins,4.500000,0.000000,2,3,3,12,42,58,360,360,360,360,360,119,0,2,18.04418581507759,1.0396130001026904,363.88631599947985,14.0
1772908960,10,GET,/api/audio/status,12.200000,0.000000,2,6,10,12,19,37,320,320,360,360,360,332,0,3,13.084478264997404,1.1129430004075402,363.3089180002571,168.0
1772908960,10,GET,/api/chains/,1.100000,0.000000,33,340,1100,1100,1100,1100,1100,1100,1100,1100,1100,73,0,12,74.3076367125219,1.3366960010898765,1148.0556390015408,1450.6849315068494
1772908960,10,GET,/api/chains/{id},12.200000,0.000000,10,13,17,23,69,340,1100,1100,1100,1100,1100,337,0,11,52.35675292288904,3.287625000666594,1141.210226000112,484.1750741839763
1772908960,10,POST,/api/chains/{id}/activate,12.200000,0.000000,10,14,18,20,28,78,87,88,390,390,390,334,0,10,28.243632074858517,3.3477350007160567,684.2721119992348,35.0
1772908960,10,POST,/api/chains/{id}/deactivate,12.100000,0.000000,5,7,10,12,33,57,340,350,380,380,380,332,0,7,24.929842879461273,2.7648769992083544,382.11252899964165,37.0
1772908960,10,POST,/api/plugins/batch/parameters (500 updates),6.600000,0.000000,6,14,15,25,84,100,240,310,310,310,310,163,0,7,37.37765463808551,3.138984999168315,1002.8124529999332,820.0981595092024
1772908960,10,GET,/api/plugins/discover,1.100000,0.000000,16,22,30,30,56,56,56,56,56,56,56,73,0,21,22.84294094533834,10.899004999373574,55.92168499970285,85406.01369863014
1772908960,10,GET,/api/plugins/list,1.100000,0.000000,7,11,18,18,76,76,76,76,76,76,76,73,0,4,22.597344356193528,1.1368700015736977,1056.4119709997613,38.97260273972603
1772908960,10,POST,/api/plugins/load?uri,4.500000,0.000000,3,4,8,15,88,94,360,360,360,360,360,119,0,3,21.614709655395238,1.3779839991912013,375.3226939988963,2230.6974789915967
1772908960,10,POST,/api/plugins/unload?uri,4.500000,0.100000,2,4,4,7,24,320,330,330,330,330,330,119,1,2,19.53163219327469,1.1827629987237742,369.89493400142237,83.02521008403362
1772908960,10,,Aggregated,114.000000,0.100000,4,9,13,16,45,95,350,390,1100,1100,1100,3151,1,5,29.217749356089598,1.0396130001026904,1148.0556390015408,2239.4278006981913
1772908961,10,GET,/api/audio/latency,18.700000,0.000000,2,3,4,7,25,86,320,350,360,360,360,505,0,2,16.787072730758243,1.0525990001042373,374.8563600001944,33.0
1772908961,10,GET,/api/audio/levels,18.700000,0.000000,3,6,12,16,40,230,310,350,1100,1100,1100,505,0,3,29.1557878772221,1.0681120002118405,1138.1304459991952,73.0
1772908961,10,GET,/api/audio/levels (during plugin swap),4.400000,0.000000,3,9,14,17,180,1000,1100,1100,1100,1100,1100,122,0,4,65.20598213125491,1.102121999792871,1108.8799389999622,73.0
1772908961,10,GET,/api/audio/levels/plugins,4.400000,0.000000,2,3,3,12,42,58,360,360,360,360,360,122,0,2,17.749709180265437,1.0396130001026904,363.88631599947985,14.0
1772908961,10,GET,/api/audio/status,11.600000,0.000000,2,7,10,14,19,59,360,360,360,360,360,352,0,3,14.690851400494218,1.1129430004075402,363.3089180002571,168.0
1772908961,10,GET,/api/chains/,1.000000,0.000000,33,340,1100,1100,1100,1100,1100,1100,1100,1100,1100,73,0,12,74.3076367125219,1.3366960010898765,1148.0556390015408,1450.6849315068494
1772908961,10,GET,/api/chains/{id},11.600000,0.000000,10,13,17,23,78,340,1100,1100,1100,1100,1100,352,0,11,51.84554569321811,3.287625000666594,1141.210226000112,485.34375
1772908961,10,POST,/api/chains/{id}/activate,11.600000,0.000000,10,16,20,22,33,87,370,390,440,440,440,352,0,10,30.63851134660147,3.3477350007160567,684.2721119992348,35.0
1772908961,10,POST,/api/chains/{id}/deactivate,11.600000,0.000000,5,7,10,13,33,49,340,350,380,380,380,352,0,7,24.257092670392343,2.7648769992083544,382.11252899964165,37.0
1772908961,10,POST,/api/plugins/batch/parameters (500 updates),6.100000,0.000000,7,15,22,26,89,190,240,310,310,310,310,173,0,8,37.135410526063076,3.138984999168315,1002.8124529999332,819.6994219653179
1772908961,10,GET,/api/plugins/discover,1.000000,0.000000,16,22,30,30,56,56,56,56,56,56,56,73,0,21,22.84294094533834,10.899004999373574,55.92168499970285,85406.01369863014
1772908961,10,GET,/api/plugins/list,1.000000,0.000000,7,11,18,18,76,76,76,76,76,76,76,73,0,4,22.597344356193528,1.1368700015736977,1056.4119709997613,38.97260273972603
1772908961,10,POST,/api/plugins/load?uri,4.400000,0.000000,3,4,5,15,88,94,360,360,360,360,360,122,0,3,21.12543104911191,1.3779839991912013,375.3226939988963,2207.05737704918
1772908961,10,POST,/api/plugins/unload?uri,4.400000,0.100000,2,4,4,11,24,320,330,330,330,330,330,122,1,2,19.194284475413387,1.1827629987237742,369.89493400142237,82.95081967213115
1772908961,10,,Aggregated,110.500000,0.100000,4,9,13,16,45,140,350,390,1100,1100,1100,3298,1,5,29.154285312319903,1.0396130001026904,1148.0556390015408,2147.979987871437
1772908962,10,GET,/api/audio/latency,19.400000,0.000000,2,3,4,7,18,70,320,320,360,360,360,528,0,2,16.24910723680359,1.0525990001042373,374.8563600001944,33.0
1772908962,10,GET,/api/audio/levels,19.600000,0.000000,3,6,12,15,33,83,280,310,350,350,350,528,0,3,28.119868859848243,1.0681120002118405,1138.1304459991952,73.0
1772908962,10,GET,/api/audio/levels (during plugin swap),5.000000,0.000000,3,9,14,16,23,82,180,290,290,290,290,129,0,4,62.303208209400054,1.102121999792871,1108.8799389999622,73.0
1772908962,10,GET,/api/audio/levels/plugins,5.000000,0.000000,2,3,3,4,15,28,360,360,360,360,360,129,0,2,16.936794627876818,1.0396130001026904,363.88631599947985,14.0
1772908962,10,GET,/api/audio/status,11.900000,0.000000,2,7,9,10,18,59,360,360,360,360,360,364,0,3,14.32883532960669,1.1129430004075402,363.3089180002571,168.0
1772908962,10,GET,/api/chains/,0.800000,0.000000,16,33,33,340,340,340,340,340,340,340,340,73,0,12,74.3076367125219,1.3366960010898765,1148.0556390015408,1450.6849315068494
1772908962,10,GET,/api/chains/{id},12.400000,0.000000,11,14,17,22,48,86,340,350,360,360,360,366,0,11,50.451394890743096,3.287625000666594,1141.210226000112,487.30601092896177
1772908962,10,POST,/api/chains/{id}/activate,12.100000,0.000000,10,15,18,20,28,78,370,370,440,440,440,366,0,10,29.83314775683837,3.3477350007160567,684.2721119992348,35.0
1772908962,10,POST,/api/chains/{id}/deactivate,11.900000,0.000000,5,7,10,14,22,39,57,93,380,380,380,364,0,7,23.851757211484784,2.7648769992083544,382.11252899964165,37.0
1772908962,10,POST,/api/plugins/batch/parameters (500 updates),6.700000,0.000000,7,11,15,22,46,94,240,310,310,310,310,184,0,8,35.36995451093824,3.138984999168315,1002.8124529999332,819.6847826086956
1772908962,10,GET,/api/plugins/discover,0.800000,0.000000,13,16,16,22,22,22,22,22,22,22,22,73,0,21,22.84294094533834,10.899004999373574,55.92168499970285,85406.01369863014
1772908962,10,GET,/api/plugins/list,0.800000,0.000000,6,7,7,11,11,11,11,11,11,11,11,73,0,4,22.597344356193528,1.1368700015736977,1056.4119709997613,38.97260273972603
1772908962,10,POST,/api/plugins/load?uri,5.000000,0.000000,2,3,5,6,16,94,95,360,360,360,360,129,0,3,20.159815147194458,1.3779839991912013,375.3226939988963,2210.5581395348836
1772908962,10,POST,/api/plugins/unload?uri,5.000000,0.100000,2,3,4,4,12,16,24,25,25,25,25,129,1,2,18.33436130235254,1.1827629987237742,369.89493400142237,83.24806201550388
1772908962,10,,Aggregated,116.400000,0.100000,4,8,12,15,25,76,310,350,380,440,440,3435,1,5,28.281245047465248,1.0396130001026904,1148.0556390015408,2073.677438136827
1772908963,10,GET,/api/audio/latency,19.400000,0.000000,2,3,5,10,22,86,320,350,360,360,360,528,0,2,16.24910723680359,1.0525990001042373,374.8563600001944,33.0
1772908963,10,GET,/api/audio/levels,19.600000,0.000000,3,6,12,17,40,230,300,310,350,350,350,528,0,3,28.119868859848243,1.0681120002118405,1138.1304459991952,73.0
1772908963,10,GET,/api/audio/levels (during plugin swap),5.000000,0.000000,3,11,15,16,43,82,290,290,290,290,290,129,0,4,62.303208209400054,1.102121999792871,1108.8799389999622,73.0
1772908963,10,GET,/api/audio/levels/plugins,5.000000,0.000000,2,3,3,4,12,26,360,360,360,360,360,129,0,2,16.936794627876818,1.0396130001026904,363.88631599947985,14.0
1772908963,10,GET,/api/audio/status,11.900000,0.000000,2,7,10,12,19,74,360,360,360,360,360,364,0,3,14.32883532960669,1.1129430004075402,363.3089180002571,168.0
1772908963,10,GET,/api/chains/,0.800000,0.000000,33,33,340,340,340,340,340,340,340,340,340,73,0,12,74.3076367125219,1.3366960010898765,1148.0556390015408,1450.6849315068494
1772908963,10,GET,/api/chains/{id},12.400000,0.000000,11,14,20,23,60,140,340,350,360,360,360,366,0,11,50.451394890743096,3.287625000666594,1141.210226000112,487.30601092896177
1772908963,10,POST,/api/chains/{id}/activate,12.100000,0.000000,10,14,19,20,29,78,370,370,440,440,440,366,0,10,29.83314775683837,3.3477350007160567,684.2721119992348,35.0
1772908963,10,POST,/api/chains/{id}/deactivate,11.900000,0.000000,5,7,12,17,22,40,57,93,380,380,380,364,0,7,23.851757211484784,2.7648769992083544,382.11252899964165,37.0
1772908963,10,POST,/api/plugins/batch/parameters (500 updates),6.700000,0.000000,7,9,16,22,46,94,240,310,310,310,310,184,0,8,35.36995451093824,3.138984999168315,1002.8124529999332,819.6847826086956
1772908963,10,GET,/api/plugins/discover,0.800000,0.000000,13,13,22,22,22,22,22,22,22,22,22,73,0,21,22.84294094533834,10.899004999373574,55.92168499970285,85406.01369863014
1772908963,10,GET,/api/plugins/list,0.800000,0.000000,7,7,11,11,11,11,11,11,11,11,11,73,0,4,22.597344356193528,1.1368700015736977,1056.4119709997613,38.97260273972603
1772908963,10,POST,/api/plugins/load?uri,5.000000,0.000000,2,3,6,8,19,94,360,360,360,360,360,129,0,3,20.159815147194458,1.3779839991912013,375.3226939988963,2210.5581395348836
1772908963,10,POST,/api/plugins/unload?uri,5.000000,0.100000,2,3,4,4,12,16,25,25,25,25,25,129,1,2,18.33436130235254,1.1827629987237742,369.89493400142237,83.24806201550388
1772908963,10,,Aggregated,116.400000,0.100000,4,8,13,16,30,83,320,360,380,440,440,3435,1,5,28.281245047465248,1.0396130001026904,1148.0556390015408,2073.677438136827
1772908964,10,GET,/api/audio/latency,21.000000,0.000000,2,4,8,12,22,71,320,350,360,360,360,548,0,2,16.159525397869647,1.0525990001042373,374.8563600001944,33.0
1772908964,10,GET,/api/audio/levels,21.000000,0.000000,3,8,16,19,120,270,310,1100,1100,1100,1100,548,0,3,33.89947075912081,1.0681120002118405,1141.3557899995794,73.0
1772908964,10,GET,/api/audio/levels (during plugin swap),5.600000,0.000000,3,13,17,18,180,1100,1200,1200,1200,1200,1200,133,0,6,86.52634730837359,1.102121999792871,1210.7310650008003,73.0
1772908964,10,GET,/api/audio/levels/plugins,5.600000,0.000000,2,3,4,12,15,26,360,360,360,360,360,133,0,2,16.749337210495653,1.0396130001026904,363.88631599947985,14.0
1772908964,10,GET,/api/audio/status,13.400000,0.000000,2,7,10,12,21,320,360,1200,1200,1200,1200,374,0,3,20.573675748600312,1.1129430004075402,1227.8293279996433,168.0
1772908964,10,GET,/api/chains/,0.700000,0.000000,33,33,340,340,340,340,340,340,340,340,340,74,0,11,73.402941216414,1.3366960010898765,1148.0556390015408,1450.6891891891892
1772908964,10,GET,/api/chains/{id},13.400000,0.000000,11,17,22,23,69,260,350,360,1200,1200,1200,374,0,11,53.44125645457525,3.287625000666594,1160.5630699996254,486.6764705882353
1772908964,10,POST,/api/chains/{id}/activate,13.400000,0.000000,10,15,20,21,28,78,370,370,440,440,440,374,0,10,29.635707775408406,3.3477350007160567,684.2721119992348,35.0
1772908964,10,POST,/api/chains/{id}/deactivate,13.400000,0.000000,5,8,14,18,36,49,79,340,380,380,380,374,0,7,24.70194844113272,2.7648769992083544,382.11252899964165,37.0
1772908964,10,POST,/api/plugins/batch/parameters (500 updates),7.900000,0.000000,7,8,16,22,94,240,1100,1200,1200,1200,1200,192,0,8,47.134069468825146,3.138984999168315,1158.6737580000772,818.9895833333334
1772908964,10,GET,/api/plugins/discover,0.700000,0.000000,22,22,27,27,27,27,27,27,27,27,27,74,0,21,22.90212808121224,10.899004999373574,55.92168499970285,85406.01351351352
1772908964,10,GET,/api/plugins/list,0.700000,0.000000,10,10,11,11,11,11,11,11,11,11,11,74,0,4,22.42046721624541,1.1368700015736977,1056.4119709997613,38.75675675675676
1772908964,10,POST,/api/plugins/load?uri,5.600000,0.000000,2,4,8,16,69,94,360,360,360,360,360,133,0,3,21.120968390886603,1.3779839991912013,375.3226939988963,2201.8496240601503
1772908964,10,POST,/api/plugins/unload?uri,5.600000,0.100000,2,4,4,5,12,16,25,25,25,25,25,133,1,2,17.94269313536905,1.1827629987237742,369.89493400142237,83.14285714285714
1772908964,10,,Aggregated,128.000000,0.100000,4,10,14,17,43,230,360,440,1200,1200,1200,3538,1,5,31.71361278322424,1.0396130001026904,1227.8293279996433,2044.3329564725834
1772908965,10,GET,/api/audio/latency,20.300000,0.000000,2,3,6,11,17,70,86,350,360,360,360,574,0,2,15.600360585410085,1.0525990001042373,374.8563600001944,33.0
1772908965,10,GET,/api/audio/levels,20.300000,0.000000,3,9,17,20,94,240,310,1100,1100,1100,1100,574,0,3,32.819214015671925,1.0681120002118405,1141.3557899995794,73.0
1772908965,10,GET,/api/audio/levels (during plugin swap),5.100000,0.000000,3,13,15,17,57,1100,1200,1200,1200,1200,1200,139,0,6,83.11306337421118,1.102121999792871,1210.7310650008003,73.0
1772908965,10,GET,/api/audio/levels/plugins,5.100000,0.000000,2,3,4,6,15,26,360,360,360,360,360,139,0,2,16.105556884854227,1.0396130001026904,363.88631599947985,14.0
1772908965,10,GET,/api/audio/status,12.600000,0.000000,3,7,9,11,20,74,360,1200,1200,1200,1200,393,0,3,19.912574340904598,1.1129430004075402,1227.8293279996433,168.0
1772908965,10,GET,/api/chains/,0.500000,0.000000,33,33,340,340,340,340,340,340,340,340,340,74,0,11,73.402941216414,1.3366960010898765,1148.0556390015408,1450.6891891891892
1772908965,10,GET,/api/chains/{id},12.800000,0.000000,11,14,22,23,49,260,350,360,1200,1200,1200,394,0,11,51.29928077921651,3.287625000666594,1160.5630699996254,487.79441624365484
1772908965,10,POST,/api/chains/{id}/activate,12.800000,0.000000,10,14,18,21,28,78,370,370,440,440,440,394,0,10,28.667860454320156,3.3477350007160567,684.2721119992348,35.0
1772908965,10,POST,/api/chains/{id}/deactivate,12.600000,0.000000,6,10,13,17,23,57,79,340,380,380,380,393,0,7,24.04197770732838,2.7648769992083544,382.11252899964165,37.0
1772908965,10,POST,/api/plugins/batch/parameters (500 updates),7.900000,0.000000,8,11,17,22,89,220,1100,1200,1200,1200,1200,202,0,8,45.512117099086495,3.138984999168315,1158.6737580000772,819.019801980198
1772908965,10,GET,/api/plugins/discover,0.500000,0.000000,22,22,27,27,27,27,27,27,27,27,27,74,0,21,22.90212808121224,10.899004999373574,55.92168499970285,85406.01351351352
1772908965,10,GET,/api/plugins/list,0.500000,0.000000,10,10,11,11,11,11,11,11,11,11,11,74,0,4,22.42046721624541,1.1368700015736977,1056.4119709997613,38.75675675675676
1772908965,10,POST,/api/plugins/load?uri,5.100000,0.000000,2,3,4,6,69,94,360,360,360,360,360,139,0,3,20.313175323667075,1.3779839991912013,375.3226939988963,2188.906474820144
1772908965,10,POST,/api/plugins/unload?uri,5.100000,0.100000,2,4,5,8,12,16,25,25,25,25,25,139,1,2,17.382594194269398,1.1827629987237742,369.89493400142237,83.30935251798562
1772908965,10,,Aggregated,121.200000,0.100000,4,10,13,16,33,89,360,440,1200,1200,1200,3702,1,5,30.681865466514132,1.0396130001026904,1227.8293279996433,1964.0807671528903
1772908966,10,GET,/api/audio/latency,19.100000,0.000000,2,5,11,15,37,71,86,350,360,360,360,595,0,2,16.299955744578547,1.0525990001042373,374.8563600001944,33.0
1772908966,10,GET,/api/audio/levels,19.100000,0.000000,4,13,20,24,120,240,310,1100,1100,1100,1100,595,0,4,33.08104416134461,1.0681120002118405,1141.3557899995794,73.0
1772908966,10,GET,/api/audio/levels (during plugin swap),4.700000,0.000000,3,14,17,18,150,1200,1200,1200,1200,1200,1200,142,0,6,82.45934814799448,1.102121999792871,1210.7310650008003,73.0
1772908966,10,GET,/api/audio/levels/plugins,4.700000,0.000000,2,3,6,13,17,360,360,360,360,360,360,142,0,2,15.907190852078816,1.0396130001026904,363.88631599947985,14.0
1772908966,10,GET,/api/audio/status,10.900000,0.000000,2,7,10,14,22,74,360,1200,1200,1200,1200,403,0,3,19.70877791060526,1.1129430004075402,1227.8293279996433,168.0
1772908966,10,GET,/api/chains/,0.500000,0.000000,35,35,340,340,340,340,340,340,340,340,340,75,0,12,72.89397890686814,1.3366960010898765,1148.0556390015408,1450.6933333333334
1772908966,10,GET,/api/chains/{id},11.100000,0.000000,12,19,23,33,76,260,350,360,1200,1200,1200,403,0,11,50.95808982136637,3.287625000666594,1160.5630699996254,487.2307692307692
1772908966,10,POST,/api/chains/{id}/activate,10.900000,0.000000,10,14,20,22,35,79,370,370,440,440,440,403,0,10,28.707472717124748,3.3477350007160567,684.2721119992348,35.0
1772908966,10,POST,/api/chains/{id}/deactivate,10.900000,0.000000,6,10,14,19,40,79,320,340,380,380,380,403,0,7,25.91459573692737,2.7648769992083544,382.11252899964165,37.0
1772908966,10,POST,/api/plugins/batch/parameters (500 updates),7.500000,0.000000,8,14,18,23,89,220,1100,1200,1200,1200,1200,212,0,8,44.66068216047375,3.138984999168315,1158.6737580000772,819.7264150943396
1772908966,10,GET,/api/plugins/discover,0.500000,0.000000,27,27,33,33,33,33,33,33,33,33,33,75,0,21,23.03395158679147,10.899004999373574,55.92168499970285,85406.01333333334
1772908966,10,GET,/api/plugins/list,0.500000,0.000000,11,11,71,71,71,71,71,71,71,71,71,75,0,4,23.071671520034823,1.1368700015736977,1056.4119709997613,38.54666666666667
1772908966,10,POST,/api/plugins/load?uri,4.700000,0.000000,2,4,6,15,70,95,360,360,360,360,360,142,0,3,20.14355398584395,1.3779839991912013,375.3226939988963,2171.1267605633802
1772908966,10,POST,/api/plugins/unload?uri,4.700000,0.100000,3,4,5,11,13,24,25,25,25,25,25,142,1,2,17.075113809881604,1.1827629987237742,369.89493400142237,83.38732394366197
1772908966,10,,Aggregated,109.800000,0.100000,5,11,16,20,65,170,360,440,1200,1200,1200,3807,1,6,30.869259354095824,1.0396130001026904,1227.8293279996433,1938.4200157604414
1772908967,10,GET,/api/audio/latency,19.400000,0.000000,2,4,10,12,20,70,81,86,300,300,300,614,0,2,15.913831830660808,1.0525990001042373,374.8563600001944,33.0
1772908967,10,GET,/api/audio/levels,19.100000,0.000000,4,11,17,21,99,240,300,1100,1100,1100,1100,614,0,4,32.28771947556123,1.0681120002118405,1141.3557899995794,73.0
1772908967,10,GET,/api/audio/levels (during plugin swap),4.700000,0.000000,3,11,14,16,18,1100,1200,1200,1200,1200,1200,149,0,6,78.85110793300164,1.102121999792871,1210.7310650008003,73.0
1772908967,10,GET,/api/audio/levels/plugins,4.700000,0.000000,2,3,3,5,13,15,17,17,17,17,17,149,0,2,15.290898906013103,1.0396130001026904,363.88631599947985,14.0
1772908967,10,GET,/api/audio/status,11.800000,0.000000,2,6,9,11,20,25,360,1200,1200,1200,1200,423,0,3,18.95030286518392,1.1129430004075402,1227.8293279996433,168.0
1772908967,10,GET,/api/chains/,0.400000,0.000000,35,35,340,340,340,340,340,340,340,340,340,75,0,12,72.89397890686814,1.3366960010898765,1148.0556390015408,1450.6933333333334
1772908967,10,GET,/api/chains/{id},11.600000,0.000000,13,19,22,26,69,260,340,360,1200,1200,1200,423,0,11,49.315543844001546,3.287625000666594,1160.5630699996254,488.2482269503546
1772908967,10,POST,/api/chains/{id}/activate,11.600000,0.000000,10,14,17,20,29,79,370,370,440,440,440,423,0,10,27.91737281795813,3.3477350007160567,684.2721119992348,35.0
1772908967,10,POST,/api/chains/{id}/deactivate,11.800000,0.000000,5,9,14,15,22,77,320,340,380,380,380,423,0,7,25.008192855742156,2.7648769992083544,382.11252899964165,37.0
1772908967,10,POST,/api/plugins/batch/parameters (500 updates),7.500000,0.000000,8,14,17,18,72,190,1100,1200,1200,1200,1200,224,0,8,42.78877468755939,3.138984999168315,1158.6737580000772,821.1696428571429
1772908967,10,GET,/api/plugins/discover,0.400000,0.000000,27,27,33,33,33,33,33,33,33,33,33,75,0,21,23.03395158679147,10.899004999373574,55.92168499970285,85406.01333333334
1772908967,10,GET,/api/plugins/list,0.400000,0.000000,10,10,71,71,71,71,71,71,71,71,71,75,0,4,23.071671520034823,1.1368700015736977,1056.4119709997613,38.54666666666667
1772908967,10,POST,/api/plugins/load?uri,4.700000,0.000000,2,3,4,6,21,68,70,70,70,70,70,149,0,3,19.58156723484712,1.3779839991912013,375.3226939988963,2114.3422818791946
1772908967,10,POST,/api/plugins/unload?uri,4.700000,0.100000,2,3,4,5,12,12,16,16,16,16,16,149,1,2,16.35448373157573,1.1827629987237742,369.89493400142237,83.20134228187919
1772908967,10,,Aggregated,112.800000,0.100000,5,10,14,17,31,86,320,440,1200,1200,1200,3965,1,6,29.949812417158032,1.0396130001026904,1227.8293279996433,1870.0166456494326
1772908968,10,GET,/api/audio/latency,19.500000,0.000000,3,6,10,12,17,38,81,86,300,300,300,634,0,2,15.626671261871888,1.0525990001042373,374.8563600001944,33.0
1772908968,10,GET,/api/audio/levels,19.600000,0.000000,4,10,15,18,71,170,290,1100,1100,1100,1100,634,0,4,31.436160249205308,1.0681120002118405,1141.3557899995794,73.0
1772908968,10,GET,/api/audio/levels (during plugin swap),4.500000,0.000000,3,12,14,16,24,1100,1200,1200,1200,1200,1200,157,0,6,75.27580353516491,1.102121999792871,1210.7310650008003,73.0
1772908968,10,GET,/api/audio/levels/plugins,4.500000,0.000000,2,3,5,8,13,15,17,17,17,17,17,157,0,2,14.764315777057934,1.0396130001026904,363.88631599947985,14.0
1772908968,10,GET,/api/audio/status,12.300000,0.000000,2,7,8,12,21,25,360,1200,1200,1200,1200,436,0,2,18.5660965847951,1.1129430004075402,1227.8293279996433,168.0
1772908968,10,GET,/api/chains/,0.400000,0.000000,35,35,340,340,340,340,340,340,340,340,340,75,0,12,72.89397890686814,1.3366960010898765,1148.0556390015408,1450.6933333333334
1772908968,10,GET,/api/chains/{id},12.300000,0.000000,12,17,21,23,49,86,260,310,1200,1200,1200,437,0,11,47.96550347600298,3.287625000666594,1160.5630699996254,487.85812356979403
1772908968,10,POST,/api/chains/{id}/activate,12.300000,0.000000,9,13,17,20,29,79,370,370,440,440,440,437,0,10,27.317609821510477,3.3477350007160567,684.2721119992348,35.0
1772908968,10,POST,/api/chains/{id}/deactivate,12.000000,0.000000,5,10,14,17,22,77,320,320,340,340,340,436,0,7,24.508368066462854,2.7648769992083544,382.11252899964165,37.0
1772908968,10,POST,/api/plugins/batch/parameters (500 updates),7.900000,0.000000,8,14,17,18,43,170,1100,1200,1200,1200,1200,239,0,8,40.7920735314174,3.138984999168315,1158.6737580000772,822.3765690376569
1772908968,10,GET,/api/plugins/discover,0.400000,0.000000,27,27,33,33,33,33,33,33,33,33,33,75,0,21,23.03395158679147,10.899004999373574,55.92168499970285,85406.01333333334
1772908968,10,GET,/api/plugins/list,0.400000,0.000000,10,10,71,71,71,71,71,71,71,71,71,75,0,4,23.071671520034823,1.1368700015736977,1056.4119709997613,38.54666666666667
1772908968,10,POST,/api/plugins/load?uri,4.500000,0.000000,2,3,6,6,21,68,70,70,70,70,70,157,0,3,18.846351203757447,1.3779839991912013,375.3226939988963,2095.076433121019
1772908968,10,POST,/api/plugins/unload?uri,4.500000,0.100000,2,4,5,8,12,12,16,16,16,16,16,157,1,2,15.794987019139308,1.1827629987237742,369.89493400142237,83.43949044585987
1772908968,10,,Aggregated,115.100000,0.100000,5,10,14,16,24,76,290,370,1200,1200,1200,4106,1,6,29.16860371043215,1.0396130001026904,1227.8293279996433,1815.5019483682415
1772908969,10,GET,/api/audio/latency,18.000000,0.000000,3,8,12,15,20,79,86,300,330,330,330,642,0,2,16.406295317799938,1.0525990001042373,374.8563600001944,33.0
1772908969,10,GET,/api/audio/levels,18.000000,0.000000,5,12,18,23,120,230,300,1100,1100,1100,1100,642,0,4,33.160185271021604,1.0681120002118405,1141.3557899995794,73.0
1772908969,10,GET,/api/audio/levels (during plugin swap),4.500000,0.000000,8,14,16,17,150,1200,1200,1200,1200,1200,1200,159,0,6,74.76515067937954,1.102121999792871,1210.7310650008003,73.0
1772908969,10,GET,/api/audio/levels/plugins,4.500000,0.000000,2,4,8,9,15,17,330,330,330,330,330,158,0,2,16.766113778465275,1.0396130001026904,363.88631599947985,14.0
1772908969,10,GET,/api/audio/status,11.900000,0.000000,2,7,8,12,23,150,360,1200,1200,1200,1200,439,0,3,19.500567070550577,1.1129430004075402,1227.8293279996433,168.0
1772908969,10,GET,/api/chains/,0.300000,0.000000,35,35,340,340,340,340,340,340,340,340,340,75,0,12,72.89397890686814,1.3366960010898765,1148.0556390015408,1450.6933333333334
1772908969,10,GET,/api/chains/{id},11.900000,0.000000,12,19,22,26,76,190,310,670,1200,1200,1200,442,0,11,50.37663260636321,3.287625000666594,1160.5630699996254,487.61538461538464
1772908969,10,POST,/api/chains/{id}/activate,11.900000,0.000000,9,14,17,21,31,79,370,440,710,710,710,439,0,10,29.203123724375995,3.3477350007160567,705.5050750004739,35.0
1772908969,10,POST,/api/chains/{id}/deactivate,11.900000,0.000000,7,12,16,19,40,310,340,400,470,470,470,438,0,7,26.39231967803168,2.7648769992083544,474.35873200083734,37.0
1772908969,10,POST,/api/plugins/batch/parameters (500 updates),8.100000,0.000000,11,17,22,23,140,220,1100,1200,1200,1200,1200,246,0,8,44.083154451265166,3.138984999168315,1158.6737580000772,821.8617886178862
1772908969,10,GET,/api/plugins/discover,0.300000,0.000000,27,27,33,33,33,33,33,33,33,33,33,75,0,21,23.03395158679147,10.899004999373574,55.92168499970285,85406.01333333334
1772908969,10,GET,/api/plugins/list,0.300000,0.000000,10,10,71,71,71,71,71,71,71,71,71,75,0,4,23.071671520034823,1.1368700015736977,1056.4119709997613,38.54666666666667
1772908969,10,POST,/api/plugins/load?uri,4.500000,0.000000,3,6,11,14,65,69,70,70,70,70,70,159,0,3,19.059437276658592,1.3779839991912013,375.3226939988963,2089.106918238994
1772908969,10,POST,/api/plugins/unload?uri,4.500000,0.100000,2,4,8,8,12,13,330,330,330,330,330,158,1,2,17.80360206964671,1.1827629987237742,369.89493400142237,83.36708860759494
1772908969,10,,Aggregated,110.600000,0.100000,6,12,16,18,47,170,340,1100,1200,1200,1200,4147,1,6,30.667581182309302,1.0396130001026904,1227.8293279996433,1800.6708463949844
1772908970,10,GET,/api/audio/latency,18.900000,0.000000,2,7,11,14,18,70,81,300,330,330,330,664,0,2,15.957749513592104,1.0525990001042373,374.8563600001944,33.0
1772908970,10,GET,/api/audio/levels,18.900000,0.000000,5,11,16,21,99,210,290,1100,1100,1100,1100,664,0,4,32.17473468824056,1.0681120002118405,1141.3557899995794,73.0
1772908970,10,GET,/api/audio/levels (during plugin swap),4.800000,0.000000,9,14,16,18,150,1200,1200,1200,1200,1200,1200,160,0,6,74.41733875012915,1.102121999792871,1210.7310650008003,73.0
1772908970,10,GET,/api/audio/levels/plugins,4.800000,0.000000,2,4,8,9,14,17,330,330,330,330,330,160,0,2,16.65793856872142,1.0396130001026904,363.88631599947985,14.0
1772908970,10,GET,/api/audio/status,13.000000,0.000000,2,5,8,9,22,25,300,1200,1200,1200,1200,460,0,2,18.775992656462577,1.1129430004075402,1227.8293279996433,168.0
1772908970,10,GET,/api/chains/,0.300000,0.000000,8,8,35,35,35,35,35,35,35,35,35,76,0,11,72.0342975001873,1.3366960010898765,1148.0556390015408,1450.6973684210527
1772908970,10,GET,/api/chains/{id},13.000000,0.000000,12,17,20,22,38,120,260,670,1200,1200,1200,460,0,11,48.74004682828261,3.287625000666594,1160.5630699996254,487.3782608695652
1772908970,10,POST,/api/chains/{id}/activate,13.000000,0.000000,8,12,16,17,25,69,79,180,710,710,710,460,0,10,28.24177636087014,3.3477350007160567,705.5050750004739,35.0
1772908970,10,POST,/api/chains/{id}/deactivate,13.100000,0.000000,7,12,14,16,23,310,340,400,470,470,470,459,0,7,25.576239191682234,2.7648769992083544,474.35873200083734,37.0
1772908970,10,POST,/api/plugins/batch/parameters (500 updates),8.600000,0.000000,10,16,18,21,64,220,1100,1200,1200,1200,1200,259,0,8,42.394026405435675,3.138984999168315,1158.6737580000772,821.6061776061777
1772908970,10,GET,/api/plugins/discover,0.300000,0.000000,27,27,33,33,33,33,33,33,33,33,33,76,0,21,23.016492789601646,10.899004999373574,55.92168499970285,85406.01315789473
1772908970,10,GET,/api/plugins/list,0.300000,0.000000,10,10,71,71,71,71,71,71,71,71,71,76,0,4,22.783467736883864,1.1368700015736977,1056.4119709997613,38.3421052631579
1772908970,10,POST,/api/plugins/load?uri,4.800000,0.000000,3,6,11,14,65,69,70,70,70,70,70,160,0,3,18.951723712427793,1.3779839991912013,375.3226939988963,2082.68125
1772908970,10,POST,/api/plugins/unload?uri,4.800000,0.000000,2,4,8,8,11,12,330,330,330,330,330,160,1,2,17.649592812529136,1.1827629987237742,369.89493400142237,83.40625
1772908970,10,,Aggregated,118.600000,0.000000,6,11,14,17,28,99,310,710,1200,1200,1200,4294,1,6,29.83506521938199,1.0396130001026904,1227.8293279996433,1765.7789939450397
1772908971,10,GET,/api/audio/latency,18.200000,0.000000,2,6,11,13,18,70,81,300,330,330,330,692,0,2,15.422389289058186,1.0525990001042373,374.8563600001944,33.0
1772908971,10,GET,/api/audio/levels,18.300000,0.000000,5,10,16,21,99,210,290,1100,1100,1100,1100,692,0,3,31.07269943351681,1.0681120002118405,1141.3557899995794,73.0
1772908971,10,GET,/api/audio/levels (during plugin swap),4.800000,0.000000,7,14,16,17,61,1100,1200,1200,1200,1200,1200,165,0,4,72.21694201829395,1.102121999792871,1210.7310650008003,73.0
1772908971,10,GET,/api/audio/levels/plugins,4.800000,0.000000,2,3,6,9,14,15,330,330,330,330,330,165,0,2,16.206199236330576,1.0396130001026904,363.88631599947985,14.0
1772908971,10,GET,/api/audio/status,12.000000,0.000000,2,5,8,9,22,25,300,1200,1200,1200,1200,474,0,2,18.345119879696437,1.1129430004075402,1227.8293279996433,168.0
1772908971,10,GET,/api/chains/,0.200000,0.000000,34,34,35,35,35,35,35,35,35,35,35,77,0,12,71.53756929889008,1.3366960010898765,1148.0556390015408,1450.7012987012988
1772908971,10,GET,/api/chains/{id},12.100000,0.000000,8,15,19,21,38,120,260,670,1200,1200,1200,474,0,11,47.51031934601191,3.287625000666594,1160.5630699996254,488.4789029535865
1772908971,10,POST,/api/chains/{id}/activate,12.000000,0.000000,8,11,14,17,25,69,79,180,710,710,710,474,0,10,27.595290394518717,3.3477350007160567,705.5050750004739,35.0
1772908971,10,POST,/api/chains/{id}/deactivate,11.900000,0.000000,7,10,12,14,23,310,340,400,470,470,470,474,0,7,24.984543293221233,2.7648769992083544,474.35873200083734,37.0
1772908971,10,POST,/api/plugins/batch/parameters (500 updates),9.300000,0.000000,11,16,18,21,64,220,1100,1200,1200,1200,1200,269,0,8,41.18031879930018,3.138984999168315,1158.6737580000772,821.7695167286246
1772908971,10,GET,/api/plugins/discover,0.200000,0.000000,27,27,33,33,33,33,33,33,33,33,33,77,0,22,23.003932701423953,10.899004999373574,55.92168499970285,85406.01298701299
1772908971,10,GET,/api/plugins/list,0.200000,0.000000,10,10,71,71,71,71,71,71,71,71,71,77,0,4,22.576299142898492,1.1368700015736977,1056.4119709997613,38.142857142857146
1772908971,10,POST,/api/plugins/load?uri,4.800000,0.000000,3,4,6,13,35,68,70,70,70,70,70,165,0,3,18.451290381750425,1.3779839991912013,375.3226939988963,2098.4666666666667
1772908971,10,POST,/api/plugins/unload?uri,4.700000,0.000000,2,4,8,8,11,12,330,330,330,330,330,165,1,2,17.20142925457339,1.1827629987237742,369.89493400142237,83.53333333333333
1772908971,10,,Aggregated,113.500000,0.000000,5,10,14,16,29,99,310,710,1200,1200,1200,4440,1,5,29.02725546149594,1.0396130001026904,1227.8293279996433,1735.3594594594595
1772908972,10,GET,/api/audio/latency,17.500000,0.000000,3,8,12,15,20,79,81,300,330,330,330,715,0,2,15.670804248987803,1.0525990001042373,374.8563600001944,33.0
1772908972,10,GET,/api/audio/levels,17.300000,0.000000,5,11,18,24,120,210,290,1100,1100,1100,1100,715,0,4,31.592852331458698,1.0681120002118405,1141.3557899995794,73.0
1772908972,10,GET,/api/audio/levels (during plugin swap),4.100000,0.000000,7,14,19,35,150,1100,1200,1200,1200,1200,1200,173,0,6,71.72066543363654,1.102121999792871,1210.7310650008003,73.0
1772908972,10,GET,/api/audio/levels/plugins,4.100000,0.000000,2,3,9,11,14,15,330,330,330,330,330,173,0,2,15.6779934508439,1.0396130001026904,363.88631599947985,14.0
1772908972,10,GET,/api/audio/status,12.300000,0.000000,2,6,8,10,22,25,300,1200,1200,1200,1200,485,0,2,18.11675030097006,1.1129430004075402,1227.8293279996433,168.0
1772908972,10,GET,/api/chains/,0.200000,0.000000,24,34,34,35,35,35,35,35,35,35,35,78,0,12,70.92916767968022,1.3366960010898765,1148.0556390015408,1450.6923076923076
1772908972,10,GET,/api/chains/{id},11.800000,0.000000,8,15,19,21,61,120,260,670,1200,1200,1200,485,0,10,46.92451574228846,3.287625000666594,1160.5630699996254,487.34845360824744
1772908972,10,POST,/api/chains/{id}/activate,12.100000,0.000000,8,12,16,18,28,79,81,180,710,710,710,485,0,10,27.503488344331174,3.3477350007160567,705.5050750004739,35.0
1772908972,10,POST,/api/chains/{id}/deactivate,12.300000,0.000000,7,10,13,15,24,320,340,400,470,470,470,485,0,7,25.907255540174052,2.7648769992083544,474.35873200083734,37.0
1772908972,10,POST,/api/plugins/batch/parameters (500 updates),9.100000,0.000000,11,16,18,22,98,220,1100,1200,1200,1200,1200,272,0,8,41.11210480518554,3.138984999168315,1158.6737580000772,821.6985294117648
1772908972,10,GET,/api/plugins/discover,0.200000,0.000000,22,27,27,33,33,33,33,33,33,33,33,78,0,21,22.883367256536776,10.899004999373574,55.92168499970285,85406.01282051283
1772908972,10,GET,/api/plugins/list,0.200000,0.000000,7,10,10,71,71,71,71,71,71,71,71,78,0,4,22.3248966667131,1.1368700015736977,1056.4119709997613,37.94871794871795
1772908972,10,POST,/api/plugins/load?uri,4.100000,0.000000,3,6,15,17,68,70,81,81,81,81,81,173,0,3,18.786628462373034,1.3779839991912013,375.3226939988963,2080.8034682080925
1772908972,10,POST,/api/plugins/unload?uri,4.100000,0.000000,2,4,8,8,11,310,330,330,330,330,330,173,1,2,20.092663341050855,1.1827629987237742,369.89493400142237,83.32369942196532
1772908972,10,,Aggregated,109.400000,0.000000,6,10,15,17,42,120,310,670,1200,1200,1200,4568,1,5,29.1878364516268,1.0396130001026904,1227.8293279996433,1711.7521891418564
1772908973,10,GET,/api/audio/latency,18.700000,0.000000,2,7,11,13,19,79,81,300,330,330,330,730,0,2,15.479446416477053,1.0525990001042373,374.8563600001944,33.0
1772908973,10,GET,/api/audio/levels,18.800000,0.000000,4,9,15,16,71,120,210,280,310,310,310,730,0,4,31.059197973966185,1.0681120002118405,1141.3557899995794,73.0
1772908973,10,GET,/api/audio/levels (during plugin swap),4.200000,0.000000,3,9,14,16,61,120,240,240,240,240,240,181,0,4,68.73046581225815,1.102121999792871,1210.7310650008003,73.0
1772908973,10,GET,/api/audio/levels/plugins,4.100000,0.000000,2,3,5,7,12,14,330,330,330,330,330,181,0,2,15.100419762413205,1.0396130001026904,363.88631599947985,14.0
1772908973,10,GET,/api/audio/status,12.300000,0.000000,2,6,8,10,20,23,30,150,300,300,300,500,0,2,17.759691345938336,1.1129430004075402,1227.8293279996433,168.0
1772908973,10,GET,/api/chains/,0.400000,0.000000,24,24,34,34,35,35,35,35,35,35,35,79,0,12,70.20224605083611,1.3366960010898765,1148.0556390015408,1450.6835443037974
1772908973,10,GET,/api/chains/{id},12.300000,0.000000,8,14,17,19,34,87,190,220,670,670,670,500,0,10,45.784383412028546,3.287625000666594,1160.5630699996254,488.416
1772908973,10,POST,/api/chains/{id}/activate,12.300000,0.000000,8,12,15,16,25,69,81,180,710,710,710,500,0,10,26.99398763401041,3.3477350007160567,705.5050750004739,35.0
1772908973,10,POST,/api/chains/{id}/deactivate,12.300000,0.000000,6,10,12,14,20,310,320,400,470,470,470,500,0,7,25.36135773596834,2.7648769992083544,474.35873200083734,37.0
1772908973,10,POST,/api/plugins/batch/parameters (500 updates),9.700000,0.000000,10,15,17,19,42,140,290,300,300,300,300,278,0,8,40.347645348964164,3.138984999168315,1158.6737580000772,821.5323741007194
1772908973,10,GET,/api/plugins/discover,0.400000,0.000000,22,22,27,27,33,33,33,33,33,33,33,79,0,21,22.736201734304917,10.899004999373574,55.92168499970285,85406.01265822785
1772908973,10,GET,/api/plugins/list,0.400000,0.000000,7,7,10,10,71,71,71,71,71,71,71,79,0,4,22.114161556992602,1.1368700015736977,1056.4119709997613,37.75949367088607
1772908973,10,POST,/api/plugins/load?uri,4.100000,0.000000,3,3,7,14,21,65,81,81,81,81,81,181,0,3,18.181031917074556,1.3779839991912013,375.3226939988963,2095.182320441989
1772908973,10,POST,/api/plugins/unload?uri,4.100000,0.000000,2,3,8,8,11,310,330,330,330,330,330,181,1,2,19.400987801137134,1.1827629987237742,369.89493400142237,83.3646408839779
1772908973,10,,Aggregated,114.100000,0.000000,5,9,13,15,24,80,210,310,670,710,710,4699,1,5,28.56021661460923,1.0396130001026904,1227.8293279996433,1690.7214300915089
1772908974,10,GET,/api/audio/latency,17.800000,0.000000,3,9,13,16,67,81,86,300,330,330,330,734,0,2,15.864886675786712,1.0525990001042373,374.8563600001944,33.0
1772908974,10,GET,/api/audio/levels,17.800000,0.000000,5,10,16,24,110,210,930,1000,1100,1100,1100,734,0,4,36.34414429562919,1.0681120002118405,1141.3557899995794,73.0
1772908974,10,GET,/api/audio/levels (during plugin swap),4.000000,0.000000,3,9,14,17,61,120,240,240,240,240,240,181,0,4,68.73046581225815,1.102121999792871,1210.7310650008003,73.0
1772908974,10,GET,/api/audio/levels/plugins,4.000000,0.000000,2,3,5,8,12,14,330,330,330,330,330,181,0,2,15.100419762413205,1.0396130001026904,363.88631599947985,14.0
1772908974,10,GET,/api/audio/status,11.500000,0.000000,2,5,8,10,20,25,30,150,300,300,300,504,0,2,17.65379475390878,1.1129430004075402,1227.8293279996433,168.0
1772908974,10,GET,/api/chains/,0.500000,0.000000,24,34,34,35,35,35,35,35,35,35,35,79,0,12,70.20224605083611,1.3366960010898765,1148.0556390015408,1450.6835443037974
1772908974,10,GET,/api/chains/{id},11.500000,0.000000,8,16,19,21,96,960,1100,1100,1100,1100,1100,506,0,10,57.58265373717704,3.287625000666594,1160.5630699996254,488.2213438735178
1772908974,10,POST,/api/chains/{id}/activate,11.500000,0.000000,8,12,16,20,35,83,87,180,710,710,710,504,0,10,27.449340000008046,3.3477350007160567,705.5050750004739,35.0
1772908974,10,POST,/api/chains/{id}/deactivate,11.500000,0.000000,6,9,12,14,22,320,320,400,470,470,470,500,0,7,25.36135773596834,2.7648769992083544,474.35873200083734,37.0
1772908974,10,POST,/api/plugins/batch/parameters (500 updates),8.800000,0.000000,11,15,17,19,47,170,290,300,300,300,300,278,0,8,40.347645348964164,3.138984999168315,1158.6737580000772,821.5323741007194
1772908974,10,GET,/api/plugins/discover,0.500000,0.000000,22,22,22,33,33,33,33,33,33,33,33,79,0,21,22.736201734304917,10.899004999373574,55.92168499970285,85406.01265822785
1772908974,10,GET,/api/plugins/list,0.500000,0.000000,6,7,7,71,71,71,71,71,71,71,71,79,0,4,22.114161556992602,1.1368700015736977,1056.4119709997613,37.75949367088607
1772908974,10,POST,/api/plugins/load?uri,4.000000,0.000000,3,3,11,15,21,65,81,81,81,81,81,181,0,3,18.181031917074556,1.3779839991912013,375.3226939988963,2095.182320441989
1772908974,10,POST,/api/plugins/unload?uri,4.000000,0.000000,2,3,8,9,11,310,330,330,330,330,330,181,1,2,19.400987801137134,1.1827629987237742,369.89493400142237,83.3646408839779
1772908974,10,,Aggregated,107.900000,0.000000,5,10,14,17,36,100,310,710,1100,1100,1100,4721,1,5,30.746123217759276,1.0396130001026904,1227.8293279996433,1683.7042999364542
1772908975,10,GET,/api/audio/latency,20.000000,0.000000,2,7,12,15,19,80,86,300,330,330,330,752,0,2,15.600066711470468,1.0525990001042373,374.8563600001944,33.0
1772908975,10,GET,/api/audio/levels,20.000000,0.000000,3,8,15,16,120,230,930,1000,1100,1100,1100,752,0,3,36.27724682046924,1.0681120002118405,1141.3557899995794,73.0
1772908975,10,GET,/api/audio/levels (during plugin swap),5.100000,0.000000,2,9,16,17,61,120,240,240,240,240,240,185,0,4,67.28782484333843,1.102121999792871,1210.7310650008003,73.0
1772908975,10,GET,/api/audio/levels/plugins,5.100000,0.000000,2,3,5,7,11,14,330,330,330,330,330,185,0,2,14.821153756732913,1.0396130001026904,363.88631599947985,14.0
1772908975,10,GET,/api/audio/status,13.500000,0.000000,2,4,7,8,15,22,25,150,300,300,300,517,0,2,17.298894117932548,1.1129430004075402,1227.8293279996433,168.0
1772908975,10,GET,/api/chains/,0.600000,0.000000,24,24,34,34,35,35,35,35,35,35,35,80,0,12,69.45768276270883,1.3366960010898765,1148.0556390015408,1450.6875
1772908975,10,GET,/api/chains/{id},13.300000,0.000000,8,15,19,21,110,960,1100,1100,1100,1100,1100,517,0,10,56.99413629209178,3.287625000666594,1160.5630699996254,489.13346228239845
1772908975,10,POST,/api/chains/{id}/activate,13.300000,0.000000,8,12,16,19,31,85,420,420,710,710,710,517,0,10,28.587473266933745,3.3477350007160567,705.5050750004739,35.0
1772908975,10,POST,/api/chains/{id}/deactivate,13.500000,0.000000,7,10,13,15,29,330,330,400,470,470,470,517,0,7,27.325955071535564,2.7648769992083544,474.35873200083734,37.0
1772908975,10,POST,/api/plugins/batch/parameters (500 updates),9.400000,0.000000,8,14,17,19,47,170,290,300,300,300,300,285,0,8,39.549585586007055,3.138984999168315,1158.6737580000772,821.6140350877193
1772908975,10,GET,/api/plugins/discover,0.600000,0.000000,22,22,22,22,33,33,33,33,33,33,33,80,0,21,22.6386895501264,10.899004999373574,55.92168499970285,85406.0125
1772908975,10,GET,/api/plugins/list,0.600000,0.000000,7,7,17,17,71,71,71,71,71,71,71,80,0,4,22.048212200024864,1.1368700015736977,1056.4119709997613,37.575
1772908975,10,POST,/api/plugins/load?uri,5.100000,0.000000,3,4,11,14,20,65,81,81,81,81,81,185,0,3,17.857030983725203,1.3779839991912013,375.3226939988963,2115.210810810811
1772908975,10,POST,/api/plugins/unload?uri,5.100000,0.000000,2,3,8,8,11,310,330,330,330,330,330,185,1,2,19.02693796760719,1.1827629987237742,369.89493400142237,83.45405405405405
1772908975,10,,Aggregated,125.200000,0.000000,5,9,13,16,32,140,330,710,1100,1100,1100,4837,1,5,30.751575955972783,1.0396130001026904,1227.8293279996433,1667.40210874509
1772908976,10,GET,/api/audio/latency,18.800000,0.000000,2,6,10,13,19,79,86,87,330,330,330,772,0,2,15.313879974132643,1.0525990001042373,374.8563600001944,33.0
1772908976,10,GET,/api/audio/levels,18.800000,0.000000,3,8,14,16,110,230,930,1000,1100,1100,1100,773,0,3,35.647450122890454,1.0681120002118405,1141.3557899995794,73.0
1772908976,10,GET,/api/audio/levels (during plugin swap),4.900000,0.000000,2,9,12,16,35,68,240,240,240,240,240,192,0,4,65.03817223967683,1.102121999792871,1210.7310650008003,73.0
1772908976,10,GET,/api/audio/levels/plugins,4.900000,0.000000,2,3,4,7,11,14,330,330,330,330,330,192,0,2,14.355965161447179,1.0396130001026904,363.88631599947985,14.0
1772908976,10,GET,/api/audio/status,13.100000,0.000000,2,5,7,9,15,22,25,150,300,300,300,533,0,2,16.89777992864785,1.1067079994973028,1227.8293279996433,168.0
1772908976,10,GET,/api/chains/,0.500000,0.000000,22,24,34,34,35,35,35,35,35,35,35,81,0,12,68.87047480267938,1.3366960010898765,1148.0556390015408,1450.6913580246915
1772908976,10,GET,/api/chains/{id},12.900000,0.000000,7,14,18,21,110,960,1100,1100,1100,1100,1100,533,0,10,55.6575256360441,3.287625000666594,1160.5630699996254,488.19699812382737
1772908976,10,POST,/api/chains/{id}/activate,13.100000,0.000000,7,12,16,20,32,85,420,420,710,710,710,533,0,10,28.101858200765182,3.3477350007160567,705.5050750004739,35.0
1772908976,10,POST,/api/chains/{id}/deactivate,13.100000,0.000000,7,10,12,15,24,330,330,400,470,470,470,533,0,7,26.727029667887198,2.7648769992083544,474.35873200083734,37.0
1772908976,10,POST,/api/plugins/batch/parameters (500 updates),9.000000,0.000000,8,14,17,18,42,140,290,300,300,300,300,297,0,8,38.29163094954185,3.138984999168315,1158.6737580000772,821.4949494949495
1772908976,10,GET,/api/plugins/discover,0.500000,0.000000,15,22,22,22,33,33,33,33,33,33,33,81,0,21,22.53039617295863,10.899004999373574,55.92168499970285,85406.01234567902
1772908976,10,GET,/api/plugins/list,0.500000,0.000000,6,7,17,17,71,71,71,71,71,71,71,81,0,4,21.796089975351258,1.1368700015736977,1056.4119709997613,37.39506172839506
1772908976,10,POST,/api/plugins/load?uri,4.900000,0.000000,3,4,6,13,20,65,81,81,81,81,81,192,0,3,17.379289640568157,1.3779839991912013,375.3226939988963,2100.6145833333335
1772908976,10,POST,/api/plugins/unload?uri,4.900000,0.000000,2,3,8,8,11,310,330,330,330,330,330,192,1,2,18.43630692191785,1.1827629987237742,369.89493400142237,83.46354166666667
1772908976,10,,Aggregated,119.900000,0.000000,4,9,12,15,26,110,330,710,1100,1100,1100,4985,1,5,30.077313246751128,1.0396130001026904,1227.8293279996433,1642.6252758274825
1772908977,10,GET,/api/audio/latency,17.600000,0.000000,3,7,12,16,19,81,86,87,330,330,330,784,0,2,15.312774020446563,1.0525990001042373,374.8563600001944,33.0
1772908977,10,GET,/api/audio/levels,17.500000,0.000000,3,10,15,25,170,250,930,1000,1100,1100,1100,784,0,4,36.582047080352304,1.0681120002118405,1141.3557899995794,73.0
1772908977,10,GET,/api/audio/levels (during plugin swap),4.800000,0.000000,2,9,12,16,54,68,240,240,240,240,240,194,0,4,64.70907551555655,1.102121999792871,1210.7310650008003,73.0
1772908977,10,GET,/api/audio/levels/plugins,4.800000,0.000000,2,3,3,4,12,14,330,330,330,330,330,194,0,2,14.290939412359839,1.0396130001026904,363.88631599947985,14.0
1772908977,10,GET,/api/audio/status,12.400000,0.000000,2,5,6,8,14,17,25,150,300,300,300,547,0,2,16.57938780433526,1.1067079994973028,1227.8293279996433,168.0
1772908977,10,GET,/api/chains/,0.500000,0.000000,14,22,24,24,34,34,34,34,34,34,34,83,0,12,67.5062893737137,1.3366960010898765,1148.0556390015408,1450.698795180723
1772908977,10,GET,/api/chains/{id},12.500000,0.000000,8,15,20,23,180,960,1100,1100,1100,1100,1100,547,0,10,55.7155248172032,3.287625000666594,1160.5630699996254,489.7477148080439
1772908977,10,POST,/api/chains/{id}/activate,12.400000,0.000000,8,13,17,20,81,110,420,420,710,710,710,547,0,10,28.21815964901044,3.3477350007160567,705.5050750004739,35.0
1772908977,10,POST,/api/chains/{id}/deactivate,12.400000,0.000000,8,10,13,15,29,330,360,400,470,470,470,547,0,7,28.11519054475916,2.7648769992083544,474.35873200083734,37.0
1772908977,10,POST,/api/plugins/batch/parameters (500 updates),8.200000,0.000000,9,15,19,22,64,140,290,300,300,300,300,304,0,8,38.34955191452512,3.138984999168315,1158.6737580000772,821.8355263157895
1772908977,10,GET,/api/plugins/discover,0.500000,0.000000,16,17,22,22,22,22,22,22,22,22,22,83,0,21,22.380865831449675,10.899004999373574,55.92168499970285,85406.01204819277
1772908977,10,GET,/api/plugins/list,0.500000,0.000000,6,7,15,15,17,17,17,17,17,17,17,83,0,4,21.468006301254345,1.1368700015736977,1056.4119709997613,37.975903614457835
1772908977,10,POST,/api/plugins/load?uri,4.800000,0.000000,3,4,6,13,20,81,110,110,110,110,110,194,0,3,17.78739168550657,1.3779839991912013,375.3226939988963,2100.134020618557
1772908977,10,POST,/api/plugins/unload?uri,4.800000,0.000000,2,4,8,8,11,310,330,330,330,330,330,194,1,2,18.358056314467568,1.1827629987237742,369.89493400142237,83.37628865979381
1772908977,10,,Aggregated,113.700000,0.000000,5,9,14,16,64,180,330,710,1100,1100,1100,5085,1,5,30.341034709549422,1.0396130001026904,1227.8293279996433,1648.9384464110128
1772908978,10,GET,/api/audio/latency,17.100000,0.000000,2,5,9,15,19,81,110,120,330,330,330,805,0,2,15.412096150347967,1.0525990001042373,374.8563600001944,33.0
1772908978,10,GET,/api/audio/levels,17.000000,0.000000,3,9,15,20,110,230,930,1000,1100,1100,1100,805,0,4,36.088473992543335,1.0681120002118405,1141.3557899995794,73.0
1772908978,10,GET,/api/audio/levels (during plugin swap),5.100000,0.000000,3,9,11,12,54,120,240,240,240,240,240,196,0,4,64.10553207152421,1.102121999792871,1210.7310650008003,73.0
1772908978,10,GET,/api/audio/levels/plugins,5.100000,0.000000,2,3,3,4,12,14,15,15,15,15,15,196,0,2,14.180511392837337,1.0396130001026904,363.88631599947985,14.0
1772908978,10,GET,/api/audio/status,12.300000,0.000000,2,5,7,10,14,16,22,25,67,67,67,564,0,2,16.381628975126503,1.1067079994973028,1227.8293279996433,168.0
1772908978,10,GET,/api/chains/,0.600000,0.000000,14,22,24,24,34,34,34,34,34,34,34,83,0,12,67.5062893737137,1.3366960010898765,1148.0556390015408,1450.698795180723
1772908978,10,GET,/api/chains/{id},12.300000,0.000000,8,15,20,23,160,670,1100,1100,1100,1100,1100,564,0,10,54.500740390086705,3.287625000666594,1160.5630699996254,490.9663120567376
1772908978,10,POST,/api/chains/{id}/activate,12.300000,0.000000,9,14,20,24,83,110,420,420,710,710,710,564,0,10,28.349533333341164,3.3477350007160567,705.5050750004739,35.0
1772908978,10,POST,/api/chains/{id}/deactivate,12.600000,0.000000,8,10,12,14,29,330,350,360,400,400,400,564,0,7,27.75796674287055,2.7648769992083544,474.35873200083734,37.0
1772908978,10,POST,/api/plugins/batch/parameters (500 updates),8.300000,0.000000,8,15,18,24,29,97,120,290,290,290,290,318,0,8,37.789336018918995,3.138984999168315,1158.6737580000772,821.1635220125786
1772908978,10,GET,/api/plugins/discover,0.600000,0.000000,16,17,22,22,22,22,22,22,22,22,22,83,0,21,22.380865831449675,10.899004999373574,55.92168499970285,85406.01204819277
1772908978,10,GET,/api/plugins/list,0.600000,0.000000,6,7,15,15,17,17,17,17,17,17,17,83,0,4,21.468006301254345,1.1368700015736977,1056.4119709997613,37.975903614457835
1772908978,10,POST,/api/plugins/load?uri,5.100000,0.000000,3,4,5,7,20,81,110,110,110,110,110,196,0,3,17.64504909687628,1.3779839991912013,375.3226939988963,2100.1938775510203
1772908978,10,POST,/api/plugins/unload?uri,5.100000,0.000000,2,3,8,9,20,310,330,330,330,330,330,196,1,2,18.2251076632977,1.1827629987237742,369.89493400142237,83.39285714285714
1772908978,10,,Aggregated,114.100000,0.000000,5,9,14,16,34,120,330,710,1100,1100,1100,5217,1,5,30.03916960572147,1.0396130001026904,1227.8293279996433,1613.1912976806593
1772908979,10,GET,/api/audio/latency,17.300000,0.000000,2,4,7,12,18,81,87,110,120,120,120,830,0,2,15.036133426542346,1.0525990001042373,374.8563600001944,33.0
1772908979,10,GET,/api/audio/levels,17.300000,0.000000,3,8,13,16,100,230,930,1000,1100,1100,1100,831,0,3,35.111143785794766,1.0681120002118405,1141.3557899995794,73.0
1772908979,10,GET,/api/audio/levels (during plugin swap),4.700000,0.000000,2,6,9,12,35,68,240,240,240,240,240,201,0,4,62.61366364686463,1.102121999792871,1210.7310650008003,73.0
1772908979,10,GET,/api/audio/levels/plugins,4.700000,0.000000,2,2,3,4,7,12,15,15,15,15,15,201,0,2,13.897275462670168,1.0396130001026904,363.88631599947985,14.0
1772908979,10,GET,/api/audio/status,12.600000,0.000000,2,4,7,10,14,16,21,25,67,67,67,578,0,2,16.088063735239828,1.1067079994973028,1227.8293279996433,168.0
1772908979,10,GET,/api/chains/,0.800000,0.000000,14,22,24,24,34,34,34,34,34,34,34,83,0,12,67.5062893737137,1.3366960010898765,1148.0556390015408,1450.698795180723
1772908979,10,GET,/api/chains/{id},12.600000,0.000000,9,15,20,22,84,210,1100,1100,1100,1100,1100,579,0,10,53.379257174447595,3.287625000666594,1160.5630699996254,490.0379965457686
1772908979,10,POST,/api/chains/{id}/activate,12.600000,0.000000,10,14,18,21,81,110,130,420,420,420,420,578,0,10,27.91757074742409,3.3477350007160567,705.5050750004739,35.0
1772908979,10,POST,/api/chains/{id}/deactivate,12.300000,0.000000,8,9,12,13,24,330,340,350,360,360,360,578,0,7,27.23860731656994,2.7648769992083544,474.35873200083734,37.0
1772908979,10,POST,/api/plugins/batch/parameters (500 updates),8.200000,0.000000,7,14,17,24,29,66,98,120,120,120,120,328,0,8,37.02157543908448,3.138984999168315,1158.6737580000772,821.359756097561
1772908979,10,GET,/api/plugins/discover,0.800000,0.000000,16,17,22,22,22,22,22,22,22,22,22,83,0,21,22.380865831449675,10.899004999373574,55.92168499970285,85406.01204819277
1772908979,10,GET,/api/plugins/list,0.800000,0.000000,6,7,15,15,17,17,17,17,17,17,17,83,0,4,21.468006301254345,1.1368700015736977,1056.4119709997613,37.975903614457835
1772908979,10,POST,/api/plugins/load?uri,4.700000,0.000000,3,4,4,7,19,81,110,110,110,110,110,201,0,3,17.292339781030492,1.3779839991912013,375.3226939988963,2083.452736318408
1772908979,10,POST,/api/plugins/unload?uri,4.700000,0.000000,2,3,3,8,9,20,310,310,310,310,310,201,1,2,17.819763537365578,1.1827629987237742,369.89493400142237,83.54726368159204
1772908979,10,,Aggregated,114.100000,0.000000,4,9,13,15,28,98,310,420,1100,1100,1100,5355,1,5,29.423884140252877,1.0396130001026904,1227.8293279996433,1577.0726423902895
1772908980,10,GET,/api/audio/latency,16.700000,0.000000,3,7,12,17,77,86,110,390,390,390,390,839,0,2,16.006564934484164,1.0525990001042373,391.6679970006953,33.0
1772908980,10,GET,/api/audio/levels,16.700000,0.000000,4,11,16,42,180,240,930,1000,1100,1100,1100,839,0,4,36.09939774493088,1.0681120002118405,1141.3557899995794,73.0
1772908980,10,GET,/api/audio/levels (during plugin swap),4.300000,0.000000,4,9,12,34,92,190,390,390,390,390,390,205,0,4,64.8542927415536,1.102121999792871,1210.7310650008003,73.0
1772908980,10,GET,/api/audio/levels/plugins,4.300000,0.000000,2,3,4,5,8,14,17,17,17,17,17,205,0,2,13.76415827316367,1.0396130001026904,363.88631599947985,14.0
1772908980,10,GET,/api/audio/status,12.600000,0.000000,3,5,8,10,14,16,21,67,390,390,390,587,0,3,16.58028796417094,1.1067079994973028,1227.8293279996433,168.0
1772908980,10,GET,/api/chains/,0.800000,0.000000,14,14,22,22,24,24,24,24,24,24,24,83,0,12,67.5062893737137,1.3366960010898765,1148.0556390015408,1450.698795180723
1772908980,10,GET,/api/chains/{id},12.600000,0.000000,11,19,24,37,190,960,1100,1100,1100,1100,1100,587,0,11,55.33439848211862,3.287625000666594,1160.5630699996254,489.02555366269166
1772908980,10,POST,/api/chains/{id}/activate,12.600000,0.000000,12,17,22,26,87,130,420,420,420,420,420,587,0,10,29.85643404431272,3.3477350007160567,705.5050750004739,35.0
1772908980,10,POST,/api/chains/{id}/deactivate,12.600000,0.000000,8,10,13,15,77,330,340,350,360,360,360,587,0,7,27.25110443437698,2.7648769992083544,474.35873200083734,37.0
1772908980,10,POST,/api/plugins/batch/parameters (500 updates),8.200000,0.000000,8,15,26,27,65,98,220,260,260,260,260,330,0,8,38.25213229096279,3.138984999168315,1158.6737580000772,821.2424242424242
1772908980,10,GET,/api/plugins/discover,0.800000,0.000000,15,15,16,16,17,17,17,17,17,17,17,83,0,21,22.380865831449675,10.899004999373574,55.92168499970285,85406.01204819277
1772908980,10,GET,/api/plugins/list,0.800000,0.000000,6,6,15,15,17,17,17,17,17,17,17,83,0,4,21.468006301254345,1.1368700015736977,1056.4119709997613,37.975903614457835
1772908980,10,POST,/api/plugins/load?uri,4.300000,0.000000,3,4,15,17,20,81,390,390,390,390,390,205,0,3,19.087753268228504,1.3779839991912013,388.8444120002532,2073.570731707317
1772908980,10,POST,/api/plugins/unload?uri,4.300000,0.000000,2,3,4,8,9,20,310,310,310,310,310,205,1,2,17.540247746391533,1.1827629987237742,369.89493400142237,83.73658536585366
1772908980,10,,Aggregated,111.600000,0.000000,5,11,15,17,77,190,380,420,1100,1100,1100,5425,1,5,30.404452248120965,1.0396130001026904,1227.8293279996433,1559.4882949308756
1772908981,10,GET,/api/audio/latency,18.600000,0.000000,3,5,8,11,18,86,110,390,390,390,390,864,0,2,15.651059096093697,1.0525990001042373,391.6679970006953,33.0
1772908981,10,GET,/api/audio/levels,18.500000,0.000000,3,9,14,16,90,230,930,1000,1100,1100,1100,864,0,3,35.18324879397765,1.0681120002118405,1141.3557899995794,73.0
1772908981,10,GET,/api/audio/levels (during plugin swap),4.200000,0.000000,3,9,9,12,34,92,390,390,390,390,390,214,0,4,62.33545705615321,1.102121999792871,1210.7310650008003,73.0
1772908981,10,GET,/api/audio/levels/plugins,4.200000,0.000000,2,2,3,4,6,8,17,17,17,17,17,214,0,2,13.253931939246533,1.0396130001026904,363.88631599947985,14.0
1772908981,10,GET,/api/audio/status,13.600000,0.000000,3,4,7,10,14,16,21,67,390,390,390,603,0,3,16.24308752731878,1.1067079994973028,1227.8293279996433,168.0
1772908981,10,GET,/api/chains/,0.800000,0.000000,13,14,14,22,22,22,22,22,22,22,22,83,0,12,67.5062893737137,1.3366960010898765,1148.0556390015408,1450.698795180723
1772908981,10,GET,/api/chains/{id},13.500000,0.000000,9,17,21,27,180,400,1100,1100,1100,1100,1100,603,0,10,54.06336146435306,3.287625000666594,1160.5630699996254,489.04477611940297
1772908981,10,POST,/api/chains/{id}/activate,13.600000,0.000000,12,16,19,25,87,120,420,420,420,420,420,603,0,10,29.24701863849438,3.3477350007160567,705.5050750004739,35.0
1772908981,10,POST,/api/chains/{id}/deactivate,13.700000,0.000000,7,10,13,15,28,330,340,350,360,360,360,603,0,7,26.71775380096332,2.7648769992083544,474.35873200083734,37.0
1772908981,10,POST,/api/plugins/batch/parameters (500 updates),7.500000,0.000000,7,15,18,26,56,97,220,260,260,260,260,340,0,8,37.374104108873915,3.138984999168315,1158.6737580000772,821.4294117647058
1772908981,10,GET,/api/plugins/discover,0.800000,0.000000,15,16,16,17,17,17,17,17,17,17,17,83,0,21,22.380865831449675,10.899004999373574,55.92168499970285,85406.01204819277
1772908981,10,GET,/api/plugins/list,0.800000,0.000000,6,15,15,17,17,17,17,17,17,17,17,83,0,4,21.468006301254345,1.1368700015736977,1056.4119709997613,37.975903614457835
1772908981,10,POST,/api/plugins/load?uri,4.200000,0.000000,3,4,4,8,17,20,390,390,390,390,390,214,0,3,18.451850640125247,1.3779839991912013,388.8444120002532,2058.1728971962616
1772908981,10,POST,/api/plugins/unload?uri,4.300000,0.000000,2,3,3,4,8,9,20,20,20,20,20,214,1,2,16.88405241125918,1.1827629987237742,369.89493400142237,83.63084112149532
1772908981,10,,Aggregated,118.300000,0.000000,5,9,13,16,29,120,360,420,1100,1100,1100,5585,1,5,29.67772154701059,1.0396130001026904,1227.8293279996433,1521.8812891674127
1772908982,10,GET,/api/audio/latency,18.300000,0.000000,3,4,8,16,81,89,360,390,390,390,390,877,0,2,16.463601204132157,1.0525990001042373,391.6679970006953,33.0
1772908982,10,GET,/api/audio/levels,18.300000,0.000000,3,11,15,29,110,240,1000,1000,1100,1100,1100,877,0,4,34.967059499426654,1.0681120002118405,1141.3557899995794,73.0
1772908982,10,GET,/api/audio/levels (during plugin swap),4.400000,0.000000,3,9,12,12,54,190,390,390,390,390,390,218,0,4,61.32390321567773,1.102121999792871,1210.7310650008003,73.0
1772908982,10,GET,/api/audio/levels/plugins,4.400000,0.000000,2,2,3,4,8,17,18,18,18,18,18,218,0,2,13.10909692200341,1.0396130001026904,363.88631599947985,14.0
1772908982,10,GET,/api/audio/status,12.900000,0.000000,3,4,6,7,14,16,67,89,390,390,390,615,0,3,16.11847643084988,1.1067079994973028,1227.8293279996433,168.0
1772908982,10,GET,/api/chains/,0.800000,0.000000,13,14,14,22,22,22,22,22,22,22,22,83,0,12,67.5062893737137,1.3366960010898765,1148.0556390015408,1450.698795180723
1772908982,10,GET,/api/chains/{id},13.000000,0.000000,11,20,27,46,300,960,1100,1100,1100,1100,1100,619,0,11,54.753938255265766,3.287625000666594,1160.5630699996254,487.967689822294
1772908982,10,POST,/api/chains/{id}/activate,12.900000,0.000000,13,17,23,26,110,380,420,420,420,420,420,615,0,10,29.634289720346036,3.3477350007160567,705.5050750004739,35.0
1772908982,10,POST,/api/chains/{id}/deactivate,12.900000,0.000000,7,10,14,17,35,330,350,360,380,380,380,614,0,7,27.04557288432844,2.7648769992083544,474.35873200083734,37.0
1772908982,10,POST,/api/plugins/batch/parameters (500 updates),7.500000,0.000000,7,15,18,26,56,120,220,260,260,260,260,343,0,8,37.60293381637681,3.138984999168315,1158.6737580000772,821.1895043731779
1772908982,10,GET,/api/plugins/discover,0.800000,0.000000,15,16,16,17,17,17,17,17,17,17,17,83,0,21,22.380865831449675,10.899004999373574,55.92168499970285,85406.01204819277
1772908982,10,GET,/api/plugins/list,0.800000,0.000000,6,15,15,17,17,17,17,17,17,17,17,83,0,4,21.468006301254345,1.1368700015736977,1056.4119709997613,37.975903614457835
1772908982,10,POST,/api/plugins/load?uri,4.400000,0.000000,3,4,4,8,17,110,390,390,390,390,390,218,0,3,18.153774403616048,1.3779839991912013,388.8444120002532,2085.380733944954
1772908982,10,POST,/api/plugins/unload?uri,4.400000,0.000000,2,3,4,4,8,11,20,20,20,20,20,218,1,2,16.617364362425235,1.1827629987237742,369.89493400142237,83.6559633027523
1772908982,10,,Aggregated,115.800000,0.000000,5,10,15,18,66,220,390,930,1100,1100,1100,5681,1,5,29.869406290451487,1.0396130001026904,1227.8293279996433,1501.2004928709734
1772908983,10,GET,/api/audio/latency,17.500000,0.000000,3,4,8,13,19,87,360,390,390,390,390,900,0,2,16.1559750489222,1.0525990001042373,391.6679970006953,33.0
1772908983,10,GET,/api/audio/levels,17.400000,0.000000,3,9,14,17,90,230,930,1000,1100,1100,1100,900,0,3,34.213275649995516,1.0681120002118405,1141.3557899995794,73.0
1772908983,10,GET,/api/audio/levels (during plugin swap),4.800000,0.000000,3,6,11,12,34,92,390,390,390,390,390,226,0,4,59.28888665936689,1.102121999792871,1210.7310650008003,73.0
1772908983,10,GET,/api/audio/levels/plugins,4.900000,0.000000,2,2,3,4,11,17,18,18,18,18,18,226,0,2,12.810591570787357,1.0396130001026904,363.88631599947985,14.0
1772908983,10,GET,/api/audio/status,12.500000,0.000000,3,4,6,9,12,15,67,89,390,390,390,633,0,3,15.819625189531386,1.1067079994973028,1227.8293279996433,168.0
1772908983,10,GET,/api/chains/,0.600000,0.000000,13,13,22,22,22,22,22,22,22,22,22,83,0,12,67.5062893737137,1.3366960010898765,1148.0556390015408,1450.698795180723
1772908983,10,GET,/api/chains/{id},12.500000,0.000000,11,19,24,41,210,400,1100,1100,1100,1100,1100,633,0,10,53.95391073777662,3.287625000666594,1160.5630699996254,487.9731437598736
1772908983,10,POST,/api/chains/{id}/activate,12.500000,0.000000,13,17,22,26,87,380,420,420,420,420,420,633,0,10,29.75881074410653,3.3477350007160567,705.5050750004739,35.0
1772908983,10,POST,/api/chains/{id}/deactivate,12.500000,0.000000,8,10,13,15,30,330,350,360,380,380,380,632,0,7,26.538561210410208,2.7648769992083544,474.35873200083734,37.0
1772908983,10,POST,/api/plugins/batch/parameters (500 updates),6.600000,0.000000,8,13,18,26,56,120,220,260,260,260,260,354,0,8,36.63956116955075,3.138984999168315,1158.6737580000772,821.723163841808
1772908983,10,GET,/api/plugins/discover,0.600000,0.000000,16,16,17,17,17,17,17,17,17,17,17,83,0,21,22.380865831449675,10.899004999373574,55.92168499970285,85406.01204819277
1772908983,10,GET,/api/plugins/list,0.600000,0.000000,15,15,17,17,17,17,17,17,17,17,17,83,0,4,21.468006301254345,1.1368700015736977,1056.4119709997613,37.975903614457835
1772908983,10,POST,/api/plugins/load?uri,4.900000,0.000000,3,3,4,8,17,19,390,390,390,390,390,226,0,3,17.622769066308773,1.3779839991912013,388.8444120002532,2116.765486725664
1772908983,10,POST,/api/plugins/unload?uri,4.900000,0.000000,2,2,3,4,5,9,20,20,20,20,20,226,1,2,16.142747039854267,1.1827629987237742,369.89493400142237,83.72566371681415
1772908983,10,,Aggregated,112.800000,0.000000,5,10,14,17,42,170,380,420,1100,1100,1100,5838,1,5,29.333169499155833,1.0396130001026904,1227.8293279996433,1469.0462487153134
1772908984,10,GET,/api/audio/latency,17.000000,0.000000,2,4,6,9,18,87,360,390,390,390,390,921,0,2,15.874316014146698,1.0525990001042373,391.6679970006953,33.0
1772908984,10,GET,/api/audio/levels,17.200000,0.000000,3,7,11,14,55,110,240,270,280,280,280,921,0,3,33.52636643756856,1.0681120002118405,1141.3557899995794,73.0
1772908984,10,GET,/api/audio/levels (during plugin swap),4.900000,0.000000,3,9,12,13,34,92,390,390,390,390,390,234,0,4,57.530804671010145,1.102121999792871,1210.7310650008003,73.0
1772908984,10,GET,/api/audio/levels/plugins,4.900000,0.000000,2,2,3,3,11,17,18,18,18,18,18,234,0,2,12.425441256391034,1.0396130001026904,363.88631599947985,14.0
1772908984,10,GET,/api/audio/status,13.500000,0.000000,3,4,7,9,14,16,67,89,390,390,390,640,0,3,15.71435596402182,1.1067079994973028,1227.8293279996433,168.0
1772908984,10,GET,/api/chains/,0.500000,0.000000,13,13,22,22,22,22,22,22,22,22,22,83,0,12,67.5062893737137,1.3366960010898765,1148.0556390015408,1450.698795180723
1772908984,10,GET,/api/chains/{id},13.600000,0.000000,10,17,21,25,93,270,350,360,400,400,400,640,0,10,53.45503075314468,3.287625000666594,1160.5630699996254,487.5796875
1772908984,10,POST,/api/chains/{id}/activate,13.600000,0.000000,11,17,21,23,76,120,400,400,420,420,420,640,0,10,29.587335575030238,3.3477350007160567,705.5050750004739,35.0
1772908984,10,POST,/api/chains/{id}/deactivate,13.500000,0.000000,7,9,12,14,25,77,350,360,380,380,380,640,0,7,26.31032042184529,2.7648769992083544,474.35873200083734,37.0
1772908984,10,POST,/api/plugins/batch/parameters (500 updates),7.200000,0.000000,7,12,17,26,56,120,220,260,260,260,260,361,0,8,36.065024180111685,3.138984999168315,1158.6737580000772,821.6288088642659
1772908984,10,GET,/api/plugins/discover,0.500000,0.000000,16,16,17,17,17,17,17,17,17,17,17,83,0,21,22.380865831449675,10.899004999373574,55.92168499970285,85406.01204819277
1772908984,10,GET,/api/plugins/list,0.500000,0.000000,15,15,17,17,17,17,17,17,17,17,17,83,0,4,21.468006301254345,1.1368700015736977,1056.4119709997613,37.975903614457835
1772908984,10,POST,/api/plugins/load?uri,4.900000,0.000000,2,3,4,5,17,19,390,390,390,390,390,234,0,3,17.091525709358205,1.3779839991912013,388.8444120002532,2141.542735042735
1772908984,10,POST,/api/plugins/unload?uri,4.900000,0.000000,1,2,3,4,8,9,20,20,20,20,20,234,1,2,15.665878136778158,1.1827629987237742,369.89493400142237,83.94444444444444
1772908984,10,,Aggregated,116.700000,0.000000,4,9,12,15,26,89,270,380,400,420,420,5948,1,5,28.890027245473625,1.0396130001026904,1227.8293279996433,1448.0944855413584
1772908985,10,GET,/api/audio/latency,16.300000,0.000000,2,4,7,11,18,87,360,390,390,390,390,924,0,2,16.019760662368938,1.0525990001042373,391.6679970006953,33.0
1772908985,10,GET,/api/audio/levels,16.300000,0.000000,3,8,13,16,64,220,270,1100,1100,1100,1100,924,0,3,35.85152596645052,1.0681120002118405,1141.3557899995794,73.0
1772908985,10,GET,/api/audio/levels (during plugin swap),4.300000,0.000000,4,9,13,17,54,190,1100,1100,1100,1100,1100,235,0,4,61.9413369192192,1.102121999792871,1210.7310650008003,73.0
1772908985,10,GET,/api/audio/levels/plugins,4.300000,0.000000,2,2,3,5,15,18,19,19,19,19,19,235,0,2,12.454384221262522,1.0396130001026904,363.88631599947985,14.0
1772908985,10,GET,/api/audio/status,12.500000,0.000000,3,5,7,9,14,16,67,89,390,390,390,642,0,3,15.683919618341319,1.1067079994973028,1227.8293279996433,168.0
1772908985,10,GET,/api/chains/,0.400000,0.000000,13,13,13,13,13,13,13,13,13,13,13,83,0,12,67.5062893737137,1.3366960010898765,1148.0556390015408,1450.698795180723
1772908985,10,GET,/api/chains/{id},12.500000,0.000000,11,18,24,35,180,350,920,1100,1100,1100,1100,643,0,10,58.07264537171514,3.287625000666594,1160.5630699996254,487.6391912908243
1772908985,10,POST,/api/chains/{id}/activate,12.500000,0.000000,13,18,22,25,87,130,400,400,420,420,420,642,0,10,29.743774169814248,3.3477350007160567,705.5050750004739,35.0
1772908985,10,POST,/api/chains/{id}/deactivate,12.500000,0.000000,7,9,12,14,27,78,350,360,380,380,380,640,0,7,26.31032042184529,2.7648769992083544,474.35873200083734,37.0
1772908985,10,POST,/api/plugins/batch/parameters (500 updates),7.200000,0.000000,10,15,26,28,120,990,1100,1100,1100,1100,1100,366,0,8,46.945398314264175,3.138984999168315,1158.6737580000772,821.7322404371585
1772908985,10,GET,/api/plugins/discover,0.400000,0.000000,17,17,17,17,17,17,17,17,17,17,17,83,0,21,22.380865831449675,10.899004999373574,55.92168499970285,85406.01204819277
1772908985,10,GET,/api/plugins/list,0.400000,0.000000,15,15,15,15,15,15,15,15,15,15,15,83,0,4,21.468006301254345,1.1368700015736977,1056.4119709997613,37.975903614457835
1772908985,10,POST,/api/plugins/load?uri,4.300000,0.000000,3,3,4,8,17,82,390,390,390,390,390,235,0,3,17.369170804212967,1.3779839991912013,388.8444120002532,2142.4297872340426
1772908985,10,POST,/api/plugins/unload?uri,4.300000,0.000000,1,2,3,4,5,9,20,20,20,20,20,235,1,2,15.611234383005526,1.1827629987237742,369.89493400142237,83.91489361702128
1772908985,10,,Aggregated,108.200000,0.000000,5,9,14,17,39,120,380,420,1100,1100,1100,5970,1,5,30.64168311157145,1.0396130001026904,1227.8293279996433,1444.2463986599664
1772908986,10,GET,/api/audio/latency,18.900000,0.000000,2,4,8,11,19,87,360,390,390,390,390,944,0,2,15.826133681174323,1.0525990001042373,391.6679970006953,33.0
1772908986,10,GET,/api/audio/levels,18.900000,0.000000,3,7,13,16,66,230,280,1100,1100,1100,1100,944,0,3,35.989489670551635,1.0681120002118405,1141.3557899995794,73.0
1772908986,10,GET,/api/audio/levels (during plugin swap),5.300000,0.000000,3,7,12,14,34,190,1100,1100,1100,1100,1100,239,0,4,60.98791432642166,1.102121999792871,1210.7310650008003,73.0
1772908986,10,GET,/api/audio/levels/plugins,5.300000,0.000000,1,2,2,3,11,18,19,19,19,19,19,239,0,2,12.270356284503295,1.0396130001026904,363.88631599947985,14.0
1772908986,10,GET,/api/audio/status,13.800000,0.000000,3,4,7,9,14,17,67,89,390,390,390,655,0,3,15.4621285144694,1.1067079994973028,1227.8293279996433,168.0
1772908986,10,GET,/api/chains/,0.400000,0.000000,13,13,13,13,13,13,13,13,13,13,13,83,0,12,67.5062893737137,1.3366960010898765,1148.0556390015408,1450.698795180723
1772908986,10,GET,/api/chains/{id},13.900000,0.000000,11,17,24,41,190,350,920,1100,1100,1100,1100,655,0,10,57.86125719238627,3.287625000666594,1160.5630699996254,489.1603053435114
1772908986,10,POST,/api/chains/{id}/activate,13.800000,0.000000,13,17,21,23,79,380,400,420,440,440,440,655,0,10,30.0174224977356,3.3477350007160567,705.5050750004739,35.0
1772908986,10,POST,/api/chains/{id}/deactivate,13.800000,0.000000,7,10,13,17,30,340,360,360,380,380,380,655,0,7,26.96227406409084,2.7648769992083544,474.35873200083734,37.0
1772908986,10,POST,/api/plugins/batch/parameters (500 updates),8.200000,0.000000,10,16,26,26,190,990,1100,1100,1100,1100,1100,379,0,8,46.98114903963524,3.138984999168315,1158.6737580000772,820.88654353562
1772908986,10,GET,/api/plugins/discover,0.400000,0.000000,17,17,17,17,17,17,17,17,17,17,17,83,0,21,22.380865831449675,10.899004999373574,55.92168499970285,85406.01204819277
1772908986,10,GET,/api/plugins/list,0.400000,0.000000,15,15,15,15,15,15,15,15,15,15,15,83,0,4,21.468006301254345,1.1368700015736977,1056.4119709997613,37.975903614457835
1772908986,10,POST,/api/plugins/load?uri,5.300000,0.000000,2,3,3,5,15,17,390,390,390,390,390,239,0,3,17.11345169033281,1.3779839991912013,388.8444120002532,2132.121338912134
1772908986,10,POST,/api/plugins/unload?uri,5.300000,0.000000,1,2,3,4,5,8,14,14,14,14,14,239,1,2,15.39152076571044,1.1827629987237742,369.89493400142237,83.83682008368201
1772908986,10,,Aggregated,123.700000,0.000000,4,9,13,16,31,190,380,440,1100,1100,1100,6092,1,5,30.628400576834487,1.0396130001026904,1227.8293279996433,1420.1323046618515
1772908987,10,GET,/api/audio/latency,17.700000,0.000000,2,4,7,11,19,87,360,390,390,390,390,971,0,2,15.500165269858476,1.0525990001042373,391.6679970006953,33.0
1772908987,10,GET,/api/audio/levels,17.700000,0.000000,3,8,13,15,40,180,280,1100,1100,1100,1100,971,0,3,35.22611831411045,1.0681120002118405,1141.3557899995794,73.0
1772908987,10,GET,/api/audio/levels (during plugin swap),5.000000,0.000000,3,8,14,17,49,190,1100,1100,1100,1100,1100,244,0,4,60.04370448366243,1.102121999792871,1210.7310650008003,73.0
1772908987,10,GET,/api/audio/levels/plugins,5.000000,0.000000,2,2,3,3,14,18,19,19,19,19,19,244,0,2,12.10367339342797,1.0396130001026904,363.88631599947985,14.0
1772908987,10,GET,/api/audio/status,13.000000,0.000000,3,5,8,10,14,20,67,89,390,390,390,671,0,3,15.268549645270808,1.1067079994973028,1227.8293279996433,168.0
1772908987,10,GET,/api/chains/,0.400000,0.000000,13,13,13,13,13,13,13,13,13,13,13,83,0,12,67.5062893737137,1.3366960010898765,1148.0556390015408,1450.698795180723
1772908987,10,GET,/api/chains/{id},12.900000,0.000000,12,17,24,35,170,350,920,1100,1100,1100,1100,672,0,11,56.90555452681186,3.287625000666594,1160.5630699996254,489.4375
1772908987,10,POST,/api/chains/{id}/activate,13.000000,0.000000,13,17,21,23,79,380,400,420,440,440,440,671,0,10,29.672662701955062,3.3477350007160567,705.5050750004739,35.0
1772908987,10,POST,/api/chains/{id}/deactivate,13.000000,0.000000,7,9,13,16,25,77,360,360,380,380,380,670,0,7,26.585986889515322,2.678216000276734,474.35873200083734,37.0
1772908987,10,POST,/api/plugins/batch/parameters (500 updates),8.000000,0.000000,7,13,18,25,190,990,1100,1100,1100,1100,1100,387,0,8,46.13021862796555,3.138984999168315,1158.6737580000772,820.8062015503876
1772908987,10,GET,/api/plugins/discover,0.400000,0.000000,17,17,17,17,17,17,17,17,17,17,17,83,0,21,22.380865831449675,10.899004999373574,55.92168499970285,85406.01204819277
1772908987,10,GET,/api/plugins/list,0.400000,0.000000,15,15,15,15,15,15,15,15,15,15,15,83,0,4,21.468006301254345,1.1368700015736977,1056.4119709997613,37.975903614457835
1772908987,10,POST,/api/plugins/load?uri,5.000000,0.000000,2,3,3,4,17,19,390,390,390,390,390,244,0,3,16.87120828274437,1.3779839991912013,388.8444120002532,2170.3524590163934
1772908987,10,POST,/api/plugins/unload?uri,5.000000,0.000000,2,2,3,4,5,8,14,14,14,14,14,244,1,2,15.146546139372045,1.1827629987237742,369.89493400142237,83.95491803278688
1772908987,10,,Aggregated,116.500000,0.000000,4,9,13,16,28,120,380,440,1100,1100,1100,6238,1,5,30.1338704709966,1.0396130001026904,1227.8293279996433,1393.7193010580315
1772908988,10,GET,/api/audio/latency,17.200000,0.000000,3,4,11,13,24,85,360,390,390,390,390,987,0,2,15.704559819690157,1.0525990001042373,391.6679970006953,33.0
1772908988,10,GET,/api/audio/levels,17.300000,0.000000,3,9,14,17,55,220,280,1100,1100,1100,1100,987,0,3,35.55462614083259,1.0681120002118405,1141.3557899995794,73.0
1772908988,10,GET,/api/audio/levels (during plugin swap),4.500000,0.000000,3,9,17,24,73,190,1100,1100,1100,1100,1100,247,0,4,59.73383746564459,1.102121999792871,1210.7310650008003,73.0
1772908988,10,GET,/api/audio/levels/plugins,4.500000,0.000000,2,2,3,3,15,18,19,19,19,19,19,247,0,2,12.050446068808478,1.0396130001026904,363.88631599947985,14.0
1772908988,10,GET,/api/audio/status,12.400000,0.000000,3,5,7,9,12,18,22,89,390,390,390,685,0,3,15.0276527240596,1.1067079994973028,1227.8293279996433,168.0
1772908988,10,GET,/api/chains/,0.200000,0.000000,13,13,13,13,13,13,13,13,13,13,13,83,0,12,67.5062893737137,1.3366960010898765,1148.0556390015408,1450.698795180723
1772908988,10,GET,/api/chains/{id},12.400000,0.000000,13,18,25,41,270,350,920,1100,1100,1100,1100,685,0,11,57.175497673021184,3.287625000666594,1160.5630699996254,489.3970802919708
1772908988,10,POST,/api/chains/{id}/activate,12.400000,0.000000,13,18,22,23,76,380,400,420,440,440,440,685,0,10,29.5820042379722,3.3477350007160567,705.5050750004739,35.0
1772908988,10,POST,/api/chains/{id}/deactivate,12.400000,0.000000,7,11,14,17,27,78,360,360,380,380,380,685,0,7,27.1625197663817,2.678216000276734,474.35873200083734,37.0
1772908988,10,POST,/api/plugins/batch/parameters (500 updates),7.500000,0.000000,7,12,16,23,210,990,1100,1100,1100,1100,1100,394,0,8,46.169881200567865,3.138984999168315,1158.6737580000772,820.5939086294417
1772908988,10,GET,/api/plugins/discover,0.200000,0.000000,17,17,17,17,17,17,17,17,17,17,17,83,0,21,22.380865831449675,10.899004999373574,55.92168499970285,85406.01204819277
1772908988,10,GET,/api/plugins/list,0.200000,0.000000,15,15,15,15,15,15,15,15,15,15,15,83,0,4,21.468006301254345,1.1368700015736977,1056.4119709997613,37.975903614457835
1772908988,10,POST,/api/plugins/load?uri,4.500000,0.000000,2,3,3,9,19,23,390,390,390,390,390,247,0,3,16.858887016150614,1.3779839991912013,388.8444120002532,2159.6234817813765
1772908988,10,POST,/api/plugins/unload?uri,4.500000,0.000000,2,2,4,4,5,9,330,330,330,330,330,247,1,2,16.344729728767224,1.1827629987237742,369.89493400142237,83.93927125506073
1772908988,10,,Aggregated,110.200000,0.000000,5,9,14,17,35,210,380,440,1100,1100,1100,6345,1,5,30.305342234055086,1.0396130001026904,1227.8293279996433,1373.5982663514578
1772908989,10,GET,/api/audio/latency,17.900000,0.000000,2,4,9,11,20,81,87,360,360,360,360,1008,0,2,15.468913818484085,1.0525990001042373,391.6679970006953,33.0
1772908989,10,GET,/api/audio/levels,17.900000,0.000000,3,7,11,15,35,220,280,1100,1100,1100,1100,1008,0,3,34.89609920338158,1.0681120002118405,1141.3557899995794,73.0
1772908989,10,GET,/api/audio/levels (during plugin swap),4.800000,0.000000,3,8,14,17,36,73,1100,1100,1100,1100,1100,252,0,4,58.752654543703045,1.102121999792871,1210.7310650008003,73.0
1772908989,10,GET,/api/audio/levels/plugins,4.800000,0.000000,2,2,2,3,14,18,19,19,19,19,19,252,0,2,11.849452630933287,1.0396130001026904,363.88631599947985,14.0
1772908989,10,GET,/api/audio/status,12.100000,0.000000,2,4,7,9,12,18,21,22,89,89,89,704,0,2,14.713435455940333,1.1067079994973028,1227.8293279996433,168.0
1772908989,10,GET,/api/chains/,0.000000,0.000000,13,13,13,13,13,13,13,13,13,13,13,83,0,12,67.5062893737137,1.3366960010898765,1148.0556390015408,1450.698795180723
1772908989,10,GET,/api/chains/{id},12.100000,0.000000,11,17,19,25,220,330,920,1100,1100,1100,1100,704,0,11,55.89086620315956,3.287625000666594,1160.5630699996254,489.9332386363636
1772908989,10,POST,/api/chains/{id}/activate,12.100000,0.000000,10,16,21,23,31,100,380,400,440,440,440,704,0,10,29.030365152007935,3.3477350007160567,705.5050750004739,35.0
1772908989,10,POST,/api/chains/{id}/deactivate,12.400000,0.000000,7,10,12,14,23,35,360,360,380,380,380,704,0,7,26.609921061037767,2.678216000276734,474.35873200083734,37.0
1772908989,10,POST,/api/plugins/batch/parameters (500 updates),8.100000,0.000000,6,11,15,23,210,990,1100,1100,1100,1100,1100,405,0,8,45.14150378524425,3.138984999168315,1158.6737580000772,820.6222222222223
1772908989,10,GET,/api/plugins/discover,0.000000,0.000000,17,17,17,17,17,17,17,17,17,17,17,83,0,21,22.380865831449675,10.899004999373574,55.92168499970285,85406.01204819277
1772908989,10,GET,/api/plugins/list,0.000000,0.000000,15,15,15,15,15,15,15,15,15,15,15,83,0,4,21.468006301254345,1.1368700015736977,1056.4119709997613,37.975903614457835
1772908989,10,POST,/api/plugins/load?uri,4.800000,0.000000,2,3,3,9,17,23,82,82,82,82,82,252,0,3,16.69789124996405,1.3779839991912013,388.8444120002532,2174.873015873016
1772908989,10,POST,/api/plugins/unload?uri,4.800000,0.000000,2,2,3,4,5,9,330,330,330,330,330,252,1,2,16.055160543680632,1.1827629987237742,369.89493400142237,84.10317460317461
1772908989,10,,Aggregated,111.800000,0.000000,4,8,12,15,25,87,340,440,1100,1100,1100,6494,1,5,29.752758005250104,1.0396130001026904,1227.8293279996433,1348.4012935016938
1772908990,10,GET,/api/audio/latency,18.700000,0.000000,2,3,8,11,21,82,87,360,360,360,360,1028,0,2,15.311105963066389,1.0525990001042373,391.6679970006953,33.0
1772908990,10,GET,/api/audio/levels,18.700000,0.000000,3,7,11,15,29,90,280,1100,1100,1100,1100,1029,0,3,34.398372654036514,1.0681120002118405,1141.3557899995794,73.0
1772908990,10,GET,/api/audio/levels (during plugin swap),5.100000,0.000000,3,7,13,17,29,49,1100,1100,1100,1100,1100,256,0,4,57.91366240239171,1.102121999792871,1210.7310650008003,73.0
1772908990,10,GET,/api/audio/levels/plugins,5.100000,0.000000,1,2,3,3,14,18,19,19,19,19,19,256,0,2,11.693682378876247,1.0396130001026904,363.88631599947985,14.0
1772908990,10,GET,/api/audio/status,12.100000,0.000000,2,5,7,9,12,17,21,22,89,89,89,722,0,2,14.472231551224171,1.1067079994973028,1227.8293279996433,168.0
1772908990,10,GET,/api/chains/,0.000000,0.000000,13,13,13,13,13,13,13,13,13,13,13,83,0,12,67.5062893737137,1.3366960010898765,1148.0556390015408,1450.698795180723
1772908990,10,GET,/api/chains/{id},12.100000,0.000000,11,16,19,23,88,310,920,1100,1100,1100,1100,724,0,11,54.825044650580764,3.287625000666594,1160.5630699996254,490.2196132596685
1772908990,10,POST,/api/chains/{id}/activate,12.100000,0.000000,10,16,21,22,31,81,380,400,440,440,440,723,0,10,28.634963793934922,3.3477350007160567,705.5050750004739,35.0
1772908990,10,POST,/api/chains/{id}/deactivate,11.900000,0.000000,7,10,12,14,19,35,360,360,380,380,380,722,0,7,26.121935034586745,2.678216000276734,474.35873200083734,37.0
1772908990,10,POST,/api/plugins/batch/parameters (500 updates),7.600000,0.000000,7,11,15,18,90,300,1100,1100,1100,1100,1100,419,0,8,44.18002029839535,3.138984999168315,1158.6737580000772,820.7446300715991
1772908990,10,GET,/api/plugins/discover,0.000000,0.000000,17,17,17,17,17,17,17,17,17,17,17,83,0,21,22.380865831449675,10.899004999373574,55.92168499970285,85406.01204819277
1772908990,10,GET,/api/plugins/list,0.000000,0.000000,15,15,15,15,15,15,15,15,15,15,15,83,0,4,21.468006301254345,1.1368700015736977,1056.4119709997613,37.975903614457835
1772908990,10,POST,/api/plugins/load?uri,5.100000,0.000000,2,3,3,9,17,23,82,82,82,82,82,256,0,3,16.469968523402656,1.3779839991912013,388.8444120002532,2176.73828125
1772908990,10,POST,/api/plugins/unload?uri,5.000000,0.000000,2,2,2,4,5,9,330,330,330,330,330,256,1,2,15.829012183637303,1.1827629987237742,369.89493400142237,84.0703125
1772908990,10,,Aggregated,113.500000,0.000000,4,9,12,15,24,82,330,400,1100,1100,1100,6640,1,5,29.319739164321316,1.0396130001026904,1227.8293279996433,1324.4676204819277
1772908991,10,GET,/api/audio/latency,17.000000,0.000000,3,5,11,14,24,85,87,360,380,380,380,1040,0,2,15.623295894262741,1.0525990001042373,391.6679970006953,33.0
1772908991,10,GET,/api/audio/levels,17.100000,0.000000,3,7,13,18,66,280,360,1100,1100,1100,1100,1040,0,3,36.024752994231115,1.0681120002118405,1141.3557899995794,73.0
1772908991,10,GET,/api/audio/levels (during plugin swap),5.100000,0.000000,3,8,13,17,36,73,1100,1100,1100,1100,1100,256,0,4,57.91366240239171,1.102121999792871,1210.7310650008003,73.0
1772908991,10,GET,/api/audio/levels/plugins,5.100000,0.000000,1,2,3,3,14,18,19,19,19,19,19,256,0,2,11.693682378876247,1.0396130001026904,363.88631599947985,14.0
1772908991,10,GET,/api/audio/status,12.200000,0.000000,3,5,8,9,12,20,22,89,380,380,380,731,0,3,14.87714887001989,1.1067079994973028,1227.8293279996433,168.0
1772908991,10,GET,/api/chains/,0.000000,0.000000,13,13,13,13,13,13,13,13,13,13,13,83,0,12,67.5062893737137,1.3366960010898765,1148.0556390015408,1450.698795180723
1772908991,10,GET,/api/chains/{id},12.300000,0.000000,12,17,25,57,280,360,920,1100,1100,1100,1100,731,0,11,56.87886278114747,3.287625000666594,1160.5630699996254,489.38850889192884
1772908991,10,POST,/api/chains/{id}/activate,12.200000,0.000000,10,18,21,23,33,100,390,400,440,440,440,731,0,10,29.064808392631452,3.3477350007160567,705.5050750004739,35.0
1772908991,10,POST,/api/chains/{id}/deactivate,12.200000,0.000000,7,11,13,15,23,41,360,360,380,380,380,731,0,7,26.043034778352613,2.678216000276734,474.35873200083734,37.0
1772908991,10,POST,/api/plugins/batch/parameters (500 updates),8.200000,0.000000,7,13,18,26,210,330,1100,1100,1100,1100,1100,423,0,8,46.28515372583487,3.138984999168315,1158.6737580000772,821.0401891252955
1772908991,10,GET,/api/plugins/discover,0.000000,0.000000,17,17,17,17,17,17,17,17,17,17,17,83,0,21,22.380865831449675,10.899004999373574,55.92168499970285,85406.01204819277
1772908991,10,GET,/api/plugins/list,0.000000,0.000000,15,15,15,15,15,15,15,15,15,15,15,83,0,4,21.468006301254345,1.1368700015736977,1056.4119709997613,37.975903614457835
1772908991,10,POST,/api/plugins/load?uri,5.100000,0.000000,2,3,3,9,19,23,82,82,82,82,82,256,0,3,16.469968523402656,1.3779839991912013,388.8444120002532,2176.73828125
1772908991,10,POST,/api/plugins/unload?uri,5.100000,0.000000,2,2,2,4,8,14,330,330,330,330,330,256,1,2,15.829012183637303,1.1827629987237742,369.89493400142237,84.0703125
1772908991,10,,Aggregated,111.600000,0.000000,5,10,14,17,31,210,360,440,1100,1100,1100,6700,1,5,30.053815891805,1.0396130001026904,1227.8293279996433,1314.0329850746268
