Timestamp,User Count,Type,Name,Requests/s,Failures/s,50%,66%,75%,80%,90%,95%,98%,99%,99.9%,99.99%,100%,Total Request Count,Total Failure Count,Total Median Response Time,Total Average Response Time,Total Min Response Time,Total Max Response Time,Total Average Content Size
1772910136,0,,Aggregated,0.000000,0.000000,N/A,N/A,N/A,N/A,N/A,N/A,N/A,N/A,N/A,N/A,N/A,0,0,0,0.0,0,0,0
1772910137,2,GET,/api/audio/latency,0.000000,0.000000,0,0,0,0,0,0,0,0,0,0,0,1,0,3.47869899997022,3.47869899997022,3.47869899997022,3.47869899997022,33.0
1772910137,2,GET,/api/audio/levels,0.000000,0.000000,0,0,0,0,0,0,0,0,0,0,0,1,0,5.976353999358253,5.976353999358253,5.976353999358253,5.976353999358253,73.0
1772910137,2,GET,/api/audio/levels (during plugin swap),0.000000,0.000000,0,0,0,0,0,0,0,0,0,0,0,1,0,3.333321999889449,3.333321999889449,3.333321999889449,3.333321999889449,73.0
1772910137,2,GET,/api/audio/levels/plugins,0.000000,0.000000,0,0,0,0,0,0,0,0,0,0,0,1,0,1.5516820003540488,1.5516820003540488,1.5516820003540488,1.5516820003540488,14.0
1772910137,2,GET,/api/chains/,0.000000,0.000000,0,0,0,0,0,0,0,0,0,0,0,2,0,812.7433819990983,813.6055909999413,812.7433819990983,814.4678000007843,1448.0
1772910137,2,GET,/api/plugins/discover,0.000000,0.000000,0,0,0,0,0,0,0,0,0,0,0,2,0,41,42.881750000560714,40.82393300086551,44.93956700025592,85406.5
1772910137,2,GET,/api/plugins/list,0.000000,0.000000,0,0,0,0,0,0,0,0,0,0,0,2,0,2.8763179998350097,2.8181955003674375,2.7600730008998653,2.8763179998350097,23.0
1772910137,2,POST,/api/plugins/load?uri,0.000000,0.000000,0,0,0,0,0,0,0,0,0,0,0,1,0,3.1878369991318323,3.1878369991318323,3.1878369991318323,3.1878369991318323,3044.0
1772910137,2,POST,/api/plugins/unload?uri,0.000000,0.000000,0,0,0,0,0,0,0,0,0,0,0,1,0,1.6229480006586527,1.6229480006586527,1.6229480006586527,1.6229480006586527,82.0
1772910137,2,,Aggregated,0.000000,0.000000,0,0,0,0,0,0,0,0,0,0,0,12,0,3,144.81349291675846,1.5516820003540488,814.4678000007843,14756.166666666666
1772910138,4,GET,/api/audio/latency,0.000000,0.000000,0,0,0,0,0,0,0,0,0,0,0,6,0,12,36.256197833608894,1.154319999841391,67.31788300021435,33.0
1772910138,4,GET,/api/audio/levels,0.000000,0.000000,0,0,0,0,0,0,0,0,0,0,0,6,0,10,55.9932566666248,1.1967999998887535,191.5627250000398,73.0
1772910138,4,GET,/api/audio/levels (during plugin swap),0.000000,0.000000,0,0,0,0,0,0,0,0,0,0,0,4,0,3,20.423970250249113,1.6637870012345957,70.4360399995494,73.0
1772910138,4,GET,/api/audio/levels/plugins,0.000000,0.000000,0,0,0,0,0,0,0,0,0,0,0,4,0,2,7.369059499524155,1.192649999211426,13.864929998817388,14.0
1772910138,4,GET,/api/audio/status,0.000000,0.000000,0,0,0,0,0,0,0,0,0,0,0,6,0,1.1334110004099784,4.515932499695434,1.1334110004099784,18.751847999737947,168.0
1772910138,4,GET,/api/chains/,0.000000,0.000000,0,0,0,0,0,0,0,0,0,0,0,6,0,47,310.95358133340295,3.5524739996617427,814.4678000007843,1448.0
1772910138,4,GET,/api/chains/{id},0.000000,0.000000,0,0,0,0,0,0,0,0,0,0,0,6,0,11,30.01173683333036,3.499971000564983,120.97646899928804,471.0
1772910138,4,POST,/api/chains/{id}/activate,0.000000,0.000000,0,0,0,0,0,0,0,0,0,0,0,6,0,8,16.329799666588467,3.0943380006647203,37.19307000028493,39.166666666666664
1772910138,4,POST,/api/chains/{id}/deactivate,0.000000,0.000000,0,0,0,0,0,0,0,0,0,0,0,6,0,1.201736999064451,3.469444166815568,1.201736999064451,13.705052000659634,62.0
1772910138,4,GET,/api/plugins/discover,0.000000,0.000000,0,0,0,0,0,0,0,0,0,0,0,6,0,25,30.857465833832975,15.035763000923907,44.93956700025592,85406.16666666667
1772910138,4,GET,/api/plugins/list,0.000000,0.000000,0,0,0,0,0,0,0,0,0,0,0,6,0,3,14.67415466656045,2.157794000595459,66.97559500025818,23.0
1772910138,4,POST,/api/plugins/load?uri,0.000000,0.000000,0,0,0,0,0,0,0,0,0,0,0,4,0,3,7.405290499718831,1.640190999751212,13.290894999954617,2653.0
1772910138,4,POST,/api/plugins/unload?uri,0.000000,0.000000,0,0,0,0,0,0,0,0,0,0,0,4,0,2,5.8763617498698295,1.2511619988799794,18.842015999325668,82.75
1772910138,4,,Aggregated,0.000000,0.000000,10,19,25,45,70,180,810,810,810,810,810,70,0,8,45.46668778571724,1.1334110004099784,814.4678000007843,7680.442857142857
1772910139,6,GET,/api/audio/latency,0.000000,0.000000,3,6,12,18,67,67,67,67,67,67,67,18,0,3,14.416552722246301,1.1265989996900316,67.31788300021435,33.0
1772910139,6,GET,/api/audio/levels,0.000000,0.000000,8,12,12,21,77,190,190,190,190,190,190,18,0,8,23.49307677801941,1.0950529995170655,191.5627250000398,73.0
1772910139,6,GET,/api/audio/levels (during plugin swap),0.000000,0.000000,6,6,9,9,70,70,70,70,70,70,70,7,0,3,13.473855714307449,1.6637870012345957,70.4360399995494,73.0
1772910139,6,GET,/api/audio/levels/plugins,0.000000,0.000000,2,2,13,13,14,14,14,14,14,14,14,7,0,2,4.976900571429204,1.192649999211426,13.864929998817388,14.0
1772910139,6,GET,/api/audio/status,0.000000,0.000000,0,0,0,0,0,0,0,0,0,0,0,17,0,4,6.942337764592273,1.1214899986953242,22.106591999545344,168.0
1772910139,6,GET,/api/chains/,0.000000,0.000000,4,20,22,23,47,180,180,180,180,180,180,17,0,9,116.1032574116903,1.413586000126088,814.4678000007843,1448.0
1772910139,6,GET,/api/chains/{id},0.000000,0.000000,0,0,0,0,0,0,0,0,0,0,0,17,0,8,15.136170647083953,1.3983620010549203,120.97646899928804,459.47058823529414
1772910139,6,POST,/api/chains/{id}/activate,0.000000,0.000000,0,0,0,0,0,0,0,0,0,0,0,17,0,3,10.396546411785119,1.222058999701403,37.19307000028493,45.294117647058826
1772910139,6,POST,/api/chains/{id}/deactivate,0.000000,0.000000,0,0,0,0,0,0,0,0,0,0,0,17,0,2,5.077951117688345,1.201736999064451,13.705052000659634,62.0
1772910139,6,GET,/api/plugins/discover,0.000000,0.000000,22,25,28,29,33,34,34,34,34,34,34,17,0,25,23.757167764950495,10.810746000061044,44.93956700025592,85406.05882352941
1772910139,6,GET,/api/plugins/list,0.000000,0.000000,3,3,3,10,11,67,67,67,67,67,67,17,0,3,7.050956999913016,1.1236549999011913,66.97559500025818,23.0
1772910139,6,POST,/api/plugins/load?uri,0.000000,0.000000,3,3,12,12,13,13,13,13,13,13,13,7,0,3,5.234980857234665,1.640190999751212,13.290894999954617,2162.1428571428573
1772910139,6,POST,/api/plugins/unload?uri,0.000000,0.000000,2,2,2,2,19,19,19,19,19,19,19,7,0,2,4.043801285661175,1.208143999974709,18.842015999325668,85.42857142857143
1772910139,6,,Aggregated,0.000000,0.000000,4,11,14,19,29,67,180,810,810,810,810,183,0,4,21.925544797847923,1.0950529995170655,814.4678000007843,8238.530054644809
1772910140,8,GET,/api/audio/latency,0.500000,0.000000,2,4,12,15,44,67,67,67,67,67,67,35,0,2,11.451427542799918,1.1265989996900316,67.31788300021435,33.0
1772910140,8,GET,/api/audio/levels,0.500000,0.000000,10,12,17,21,38,77,190,190,190,190,190,35,0,9,18.10673851448103,1.0950529995170655,191.5627250000398,73.0
1772910140,8,GET,/api/audio/levels (during plugin swap),0.500000,0.000000,9,23,27,27,36,70,70,70,70,70,70,13,0,6,16.427055999884033,1.6637870012345957,70.4360399995494,73.0
1772910140,8,GET,/api/audio/levels/plugins,0.500000,0.000000,5,8,13,14,15,15,15,15,15,15,15,11,0,4,6.077803545353659,1.192649999211426,15.256742999554262,14.0
1772910140,8,GET,/api/audio/status,0.000000,0.000000,4,5,8,10,15,15,22,22,22,22,22,27,0,3,5.6394374072691855,1.1214899986953242,22.106591999545344,168.0
1772910140,8,GET,/api/chains/,1.000000,0.000000,4,11,20,23,47,80,180,180,180,180,180,27,0,5,78.9541692219818,1.413586000126088,814.4678000007843,1448.0
1772910140,8,GET,/api/chains/{id},0.000000,0.000000,8,11,16,17,25,65,76,76,76,76,76,28,0,8,17.40945099988624,1.3721149989578407,120.97646899928804,475.17857142857144
1772910140,8,POST,/api/chains/{id}/activate,0.000000,0.000000,3,10,13,13,18,20,29,29,29,29,29,27,0,4,9.8050284073839,1.222058999701403,37.19307000028493,47.03703703703704
1772910140,8,POST,/api/chains/{id}/deactivate,0.000000,0.000000,3,6,8,9,10,12,13,13,13,13,13,27,0,2,4.538038518418303,1.201736999064451,13.705052000659634,62.0
1772910140,8,GET,/api/plugins/discover,1.000000,0.000000,22,25,28,29,33,34,34,34,34,34,34,25,0,22,22.636891120055225,10.79270400077803,44.93956700025592,85406.04
1772910140,8,GET,/api/plugins/list,1.000000,0.000000,3,3,10,11,39,67,89,89,89,89,89,26,0,3,11.006261230739675,1.1236549999011913,89.32004700000107,25.96153846153846
1772910140,8,POST,/api/plugins/load?uri,0.500000,0.000000,4,12,13,13,13,89,89,89,89,89,89,12,0,3,12.555843416672966,1.640190999751212,89.42689600007725,1773.0
1772910140,8,POST,/api/plugins/unload?uri,0.500000,0.000000,3,3,5,11,19,19,19,19,19,19,19,11,0,2,4.6123240000187335,1.208143999974709,18.842015999325668,85.72727272727273
1772910140,8,,Aggregated,6.000000,0.000000,5,11,14,19,32,65,89,180,810,810,810,304,0,4,18.181542592060396,1.0950529995170655,814.4678000007843,7311.641447368421
1772910141,10,GET,/api/audio/latency,2.000000,0.000000,2,3,5,12,38,67,67,67,67,67,67,51,0,2,9.120420235287348,1.0839059996214928,67.31788300021435,33.0
1772910141,10,GET,/api/audio/levels,2.000000,0.000000,8,12,14,21,38,77,310,310,310,310,310,51,0,7,20.29685092155905,1.0950529995170655,305.86905099880823,73.0
1772910141,10,GET,/api/audio/levels (during plugin swap),1.333333,0.000000,6,14,25,27,70,260,260,260,260,260,260,19,0,5,26.016128578799236,1.1128690002806252,257.42159099900164,73.0
1772910141,10,GET,/api/audio/levels/plugins,1.333333,0.000000,4,8,14,15,44,320,320,320,320,320,320,19,0,3,25.0217608946083,1.0897089996433351,321.178352998686,14.0
1772910141,10,GET,/api/audio/status,2.000000,0.000000,3,5,8,10,17,22,23,23,23,23,23,45,0,2,5.363369355432547,1.1007459997927072,23.388843999782694,168.0
1772910141,10,GET,/api/chains/,2.000000,0.000000,8,20,23,47,240,250,310,310,310,310,310,32,0,8,92.25825712479718,1.413586000126088,814.4678000007843,1448.0
1772910141,10,GET,/api/chains/{id},2.000000,0.000000,6,8,13,15,23,65,76,76,76,76,76,45,0,6,13.2840831333144,1.3204099996073637,120.97646899928804,488.06666666666666
1772910141,10,POST,/api/chains/{id}/activate,2.000000,0.000000,3,6,11,13,18,29,320,320,320,320,320,45,0,3,14.715614844317315,1.2027169996144949,320.222461999947,48.888888888888886
1772910141,10,POST,/api/chains/{id}/deactivate,2.000000,0.000000,2,3,6,7,10,13,26,26,26,26,26,45,0,2,4.1046762666357814,1.1930880009458633,25.75628199883795,62.0
1772910141,10,POST,/api/plugins/batch/parameters (500 updates),0.000000,0.000000,0,0,0,0,0,0,0,0,0,0,0,5,0,6,10.917194199646474,3.3312979994661873,24.133122999046464,810.0
1772910141,10,GET,/api/plugins/discover,2.000000,0.000000,24,28,31,32,34,37,320,320,320,320,320,32,0,24,32.916234750075546,10.79270400077803,322.8276670015475,85406.03125
1772910141,10,GET,/api/plugins/list,2.000000,0.000000,3,8,13,35,67,89,320,320,320,320,320,32,0,3,22.497138312473908,1.1236549999011913,323.7777729991649,44.90625
1772910141,10,POST,/api/plugins/load?uri,1.333333,0.000000,4,10,13,13,89,320,320,320,320,320,320,19,0,3,28.008889315874274,1.359858000796521,321.2473889998364,1905.578947368421
1772910141,10,POST,/api/plugins/unload?uri,1.333333,0.000000,2,5,11,13,27,33,33,33,33,33,33,18,0,2,7.276191999961965,1.208143999974709,33.11390099952405,85.33333333333333
1772910141,10,,Aggregated,23.333333,0.000000,4,10,13,18,33,67,260,320,810,810,810,458,0,4,20.95909974011935,1.0839059996214928,814.4678000007843,6253.558951965066
1772910142,10,GET,/api/audio/latency,4.500000,0.000000,2,2,3,5,15,44,67,67,67,67,67,74,0,2,6.972152364854796,1.0464049992151558,67.31788300021435,33.0
1772910142,10,GET,/api/audio/levels,4.500000,0.000000,3,9,12,14,27,50,190,310,310,310,310,74,0,3,15.119930189153033,1.0739939989434788,305.86905099880823,73.0
1772910142,10,GET,/api/audio/levels (during plugin swap),1.750000,0.000000,4,12,23,25,36,70,260,260,260,260,260,24,0,4,21.653273874865892,1.1128690002806252,257.42159099900164,73.0
1772910142,10,GET,/api/audio/levels/plugins,1.750000,0.000000,4,13,15,15,35,44,320,320,320,320,320,24,0,3,21.770754875054383,1.0531970001466107,321.178352998686,14.0
1772910142,10,GET,/api/audio/status,4.500000,0.000000,1,4,6,10,15,17,22,23,23,23,23,61,0,1.0943880006379914,4.889116737581016,1.0943880006379914,23.388843999782694,168.0
1772910142,10,GET,/api/chains/,4.250000,0.000000,5,13,20,23,180,250,310,310,310,310,310,40,0,5,74.77694859985604,1.3395839996519499,814.4678000007843,1448.0
1772910142,10,GET,/api/chains/{id},4.750000,0.000000,4,8,13,14,21,51,65,76,76,76,76,62,0,4,11.764581435478073,1.3200299999880372,120.97646899928804,502.0806451612903
1772910142,10,POST,/api/chains/{id}/activate,4.500000,0.000000,3,6,10,13,17,21,29,320,320,320,320,61,0,3,12.376288360532957,1.2027169996144949,320.222461999947,48.9344262295082
1772910142,10,POST,/api/chains/{id}/deactivate,4.250000,0.000000,2,3,6,7,12,13,20,26,26,26,26,61,0,2,4.141310213049483,1.1786269988078857,25.75628199883795,62.0
1772910142,10,POST,/api/plugins/batch/parameters (500 updates),0.000000,0.000000,0,0,0,0,0,0,0,0,0,0,0,10,0,6,9.450524000021687,2.84988499879546,24.133122999046464,814.8
1772910142,10,GET,/api/plugins/discover,4.250000,0.000000,22,25,29,31,34,37,320,320,320,320,320,39,0,22,30.27280594874472,10.79270400077803,322.8276670015475,85406.02564102564
1772910142,10,GET,/api/plugins/list,4.250000,0.000000,3,8,10,13,39,89,320,320,320,320,320,40,0,3,18.63778784995702,1.1047920015698764,323.7777729991649,40.525
1772910142,10,POST,/api/plugins/load?uri,1.750000,0.000000,4,8,12,13,42,89,320,320,320,320,320,24,0,3,23.23735341671333,1.359858000796521,321.2473889998364,1717.7916666666667
1772910142,10,POST,/api/plugins/unload?uri,1.750000,0.000000,2,5,11,11,19,27,33,33,33,33,33,24,0,2,6.567191583371823,1.208143999974709,33.11390099952405,84.29166666666667
1772910142,10,,Aggregated,46.750000,0.000000,3,8,12,15,27,44,190,320,810,810,810,618,0,3,16.891986556587547,1.0464049992151558,814.4678000007843,5663.1877022653725
1772910143,10,GET,/api/audio/latency,7.000000,0.000000,2,3,5,11,33,67,81,120,120,120,120,89,0,2,9.940475247174291,1.0464049992151558,120.93315300080576,33.0
1772910143,10,GET,/api/audio/levels,7.000000,0.000000,3,11,13,17,50,120,190,310,310,310,310,89,0,3,20.318807629224835,1.0739939989434788,305.86905099880823,73.0
1772910143,10,GET,/api/audio/levels (during plugin swap),2.600000,0.000000,6,23,27,36,110,120,260,260,260,260,260,27,0,5,29.740767999909522,1.1128690002806252,257.42159099900164,73.0
1772910143,10,GET,/api/audio/levels/plugins,2.200000,0.000000,8,15,16,17,35,44,320,320,320,320,320,27,0,5,21.231043333466882,1.0531970001466107,321.178352998686,14.0
1772910143,10,GET,/api/audio/status,5.400000,0.000000,2,5,10,14,17,22,23,30,30,30,30,69,0,2,5.951841347690578,1.0943880006379914,30.183942999428837,168.0
1772910143,10,GET,/api/chains/,5.400000,0.000000,5,13,22,43,180,250,310,310,310,310,310,42,0,5,73.41835988080717,1.3395839996519499,814.4678000007843,1448.0
1772910143,10,GET,/api/chains/{id},5.600000,0.000000,6,9,14,17,51,97,320,500,500,500,500,69,1,6,28.50834504349315,1.3200299999880372,501.89395600136777,485.07246376811594
1772910143,10,POST,/api/chains/{id}/activate,5.400000,0.000000,3,9,13,16,19,23,140,320,320,320,320,69,1,3,14.304575333222022,0.8967110006778967,320.222461999947,48.98550724637681
1772910143,10,POST,/api/chains/{id}/deactivate,5.400000,0.000000,2,4,6,8,12,20,290,370,370,370,370,69,0,2,13.606638463713445,1.1786269988078857,368.8518489998387,61.27536231884058
1772910143,10,POST,/api/plugins/batch/parameters (500 updates),0.000000,0.000000,9,10,15,25,29,29,29,29,29,29,29,14,0,6,11.271465142791774,2.84988499879546,28.50507899893273,818.5714285714286
1772910143,10,GET,/api/plugins/discover,5.000000,0.000000,22,25,29,31,34,37,320,320,320,320,320,42,0,22,29.455319047667132,10.79270400077803,322.8276670015475,85406.02380952382
1772910143,10,GET,/api/plugins/list,5.200000,0.000000,3,8,11,33,67,89,320,320,320,320,320,42,0,3,19.75225111900294,1.1047920015698764,323.7777729991649,39.69047619047619
1772910143,10,POST,/api/plugins/load?uri,2.400000,0.000000,5,12,13,15,89,120,320,320,320,320,320,27,0,5,26.251140851888554,1.359858000796521,321.2473889998364,1744.7037037037037
1772910143,10,POST,/api/plugins/unload?uri,2.200000,0.000000,3,11,13,17,33,290,290,290,290,290,290,27,0,3,28.01631200000648,1.208143999974709,292.0355619990005,85.18518518518519
1772910143,10,,Aggregated,60.800000,0.000000,3,10,14,18,33,81,290,320,810,810,810,702,2,3,21.575858256374936,0.8967110006778967,814.4678000007843,5377.28774928775
1772910145,10,GET,/api/audio/latency,8.500000,0.000000,2,3,5,12,33,67,73,81,120,120,120,107,0,2,9.684285364485978,1.0464049992151558,120.93315300080576,33.0
1772910145,10,GET,/api/audio/levels,8.500000,0.000000,4,11,14,18,55,130,190,220,310,310,310,107,0,4,22.32350576636338,1.0739939989434788,305.86905099880823,73.0
1772910145,10,GET,/api/audio/levels (during plugin swap),3.166667,0.000000,4,14,27,36,110,260,270,270,270,270,270,33,0,4,32.783663060620185,1.1128690002806252,270.15066599960846,73.0
1772910145,10,GET,/api/audio/levels/plugins,3.166667,0.000000,7,15,16,17,35,44,320,320,320,320,320,33,0,5,19.26815581839147,1.0531970001466107,321.178352998686,14.0
1772910145,10,GET,/api/audio/status,7.500000,0.000000,2,5,10,13,17,23,54,63,63,63,63,87,0,2,7.149083850514405,1.0943880006379914,62.626619001093786,168.0
1772910145,10,GET,/api/chains/,5.333333,0.000000,5,20,43,80,180,250,310,310,310,310,310,45,0,7,81.67996937760715,1.3395839996519499,814.4678000007843,1448.1333333333334
1772910145,10,GET,/api/chains/{id},7.500000,0.000000,6,9,15,19,65,180,320,500,500,500,500,87,1,6,30.84009739085423,1.3200299999880372,501.89395600136777,497.82758620689657
1772910145,10,POST,/api/chains/{id}/activate,7.500000,0.000000,3,9,13,16,21,29,140,320,320,320,320,87,1,3,13.31804894245328,0.8967110006778967,320.222461999947,49.827586206896555
1772910145,10,POST,/api/chains/{id}/deactivate,7.500000,0.000000,2,4,6,8,12,13,290,370,370,370,370,87,0,2,11.689085310253772,1.1786269988078857,368.8518489998387,61.42528735632184
1772910145,10,POST,/api/plugins/batch/parameters (500 updates),0.833333,0.000000,10,14,15,18,25,29,29,29,29,29,29,18,0,9,11.343070888768933,2.84988499879546,28.50507899893273,819.3333333333334
1772910145,10,GET,/api/plugins/discover,5.333333,0.000000,22,28,31,32,37,45,320,320,320,320,320,45,0,22,30.470883800040205,10.79270400077803,322.8276670015475,85406.02222222222
1772910145,10,GET,/api/plugins/list,5.333333,0.000000,3,8,22,22,39,83,320,320,320,320,320,45,0,3,19.896643511068152,1.1047920015698764,323.7777729991649,44.37777777777778
1772910145,10,POST,/api/plugins/load?uri,3.166667,0.000000,5,10,13,15,42,120,320,320,320,320,320,33,0,4,22.59760360616245,1.359858000796521,321.2473889998364,1664.939393939394
1772910145,10,POST,/api/plugins/unload?uri,3.166667,0.000000,3,8,13,17,27,290,290,290,290,290,290,33,0,3,24.067358424266178,1.208143999974709,292.0355619990005,84.96969696969697
1772910145,10,,Aggregated,76.500000,0.000000,3,10,15,18,36,89,280,320,810,810,810,847,2,3,21.6168589090756,0.8967110006778967,814.4678000007843,4798.994096812278
1772910146,10,GET,/api/audio/latency,10.571429,0.000000,2,3,4,8,22,44,73,81,120,120,120,129,0,2,8.455319658938507,1.0464049992151558,120.93315300080576,33.0
1772910146,10,GET,/api/audio/levels,10.571429,0.000000,3,9,13,17,49,120,190,220,310,310,310,132,0,3,19.534994515183687,1.0739939989434788,305.86905099880823,73.0
1772910146,10,GET,/api/audio/levels (during plugin swap),3.428571,0.000000,4,12,25,27,110,260,270,270,270,270,270,37,0,4,30.01893497305384,1.1128690002806252,270.15066599960846,73.0
1772910146,10,GET,/api/audio/levels/plugins,3.428571,0.000000,4,13,16,16,35,44,320,320,320,320,320,37,0,3,17.318679486699104,1.0531970001466107,321.178352998686,14.0
1772910146,10,GET,/api/audio/status,8.714286,0.000000,2,4,9,11,17,23,54,63,63,63,63,102,0,2,6.463937558745623,1.0943880006379914,62.626619001093786,168.0
1772910146,10,GET,/api/chains/,5.714286,0.000000,5,18,23,80,180,250,310,310,310,310,310,47,0,6,78.39228834029896,1.3395839996519499,814.4678000007843,1448.212765957447
1772910146,10,GET,/api/chains/{id},8.857143,0.000000,6,9,14,19,65,180,320,500,500,500,500,104,1,6,27.581432692368953,1.3200299999880372,501.89395600136777,493.1826923076923
1772910146,10,POST,/api/chains/{id}/activate,8.714286,0.000000,3,8,11,15,21,36,140,320,320,320,320,103,1,3,12.579171252388194,0.8967110006778967,320.222461999947,49.95145631067961
1772910146,10,POST,/api/chains/{id}/deactivate,8.714286,0.000000,2,3,5,6,11,13,290,370,370,370,370,102,0,2,10.212038019530796,1.1786269988078857,368.8518489998387,61.509803921568626
1772910146,10,POST,/api/plugins/batch/parameters (500 updates),1.428571,0.000000,8,10,14,14,18,25,29,29,29,29,29,26,0,6,9.730224423107687,2.84988499879546,28.50507899893273,819.5384615384615
1772910146,10,GET,/api/plugins/discover,5.571429,0.000000,22,25,30,32,37,45,320,320,320,320,320,47,0,22,29.640155978763396,10.79270400077803,322.8276670015475,85406.02127659574
1772910146,10,GET,/api/plugins/list,5.714286,0.000000,3,8,13,22,39,83,320,320,320,320,320,47,0,3,19.113606021222793,1.1047920015698764,323.7777729991649,43.46808510638298
1772910146,10,POST,/api/plugins/load?uri,3.428571,0.000000,3,8,13,13,42,120,320,320,320,320,320,37,0,3,20.347567162290844,1.359858000796521,321.2473889998364,1666.7837837837837
1772910146,10,POST,/api/plugins/unload?uri,3.428571,0.000000,2,5,11,13,27,290,290,290,290,290,290,37,0,2,21.6083154054276,1.1812739994638832,292.0355619990005,84.4054054054054
1772910146,10,,Aggregated,88.285714,0.000000,3,8,13,16,33,75,250,320,810,810,810,987,2,3,19.318275836884,0.8967110006778967,814.4678000007843,4323.456940222898
1772910147,10,GET,/api/audio/latency,11.888889,0.000000,2,3,8,16,56,67,73,81,120,120,120,151,0,2,11.535815907312562,1.0464049992151558,120.93315300080576,33.0
1772910147,10,GET,/api/audio/levels,11.888889,0.000000,3,9,14,18,75,190,210,290,310,310,310,152,0,3,24.77182165794626,1.0739939989434788,305.86905099880823,73.0
1772910147,10,GET,/api/audio/levels (during plugin swap),3.666667,0.000000,4,12,25,27,110,260,270,270,270,270,270,37,0,4,30.01893497305384,1.1128690002806252,270.15066599960846,73.0
1772910147,10,GET,/api/audio/levels/plugins,3.666667,0.000000,4,13,16,16,35,44,320,320,320,320,320,37,0,3,17.318679486699104,1.0531970001466107,321.178352998686,14.0
1772910147,10,GET,/api/audio/status,9.666667,0.000000,2,4,9,12,17,30,59,63,67,67,67,114,0,2,7.268985499968837,1.0943880006379914,66.64112599901273,168.0
1772910147,10,GET,/api/chains/,5.000000,0.000000,6,20,43,57,180,250,310,310,310,310,310,49,0,7,76.50862716314916,1.3395839996519499,814.4678000007843,1448.265306122449
1772910147,10,GET,/api/chains/{id},9.666667,0.111111,6,10,15,19,71,160,280,320,500,500,500,114,1,6,27.362800000079453,1.3142650004738243,501.89395600136777,493.7456140350877
1772910147,10,POST,/api/chains/{id}/activate,9.666667,0.111111,3,9,13,16,23,68,140,320,320,320,320,114,1,3,15.826902482426943,0.8967110006778967,320.222461999947,49.81578947368421
1772910147,10,POST,/api/chains/{id}/deactivate,9.666667,0.000000,2,3,5,7,12,19,26,290,370,370,370,114,0,2,9.779558999948597,1.1786269988078857,368.8518489998387,61.3421052631579
1772910147,10,POST,/api/plugins/batch/parameters (500 updates),2.000000,0.000000,9,11,15,19,29,50,330,330,330,330,330,35,0,8,19.98774739996796,2.84988499879546,325.0269179989118,822.3428571428572
1772910147,10,GET,/api/plugins/discover,5.000000,0.000000,22,28,31,32,37,45,320,320,320,320,320,49,0,22,29.49689046942453,10.79270400077803,322.8276670015475,85406.02040816327
1772910147,10,GET,/api/plugins/list,5.000000,0.000000,3,8,18,22,39,83,320,320,320,320,320,49,0,3,18.726207918304254,1.1047920015698764,323.7777729991649,42.63265306122449
1772910147,10,POST,/api/plugins/load?uri,3.666667,0.000000,3,8,13,13,42,120,320,320,320,320,320,37,0,3,20.347567162290844,1.359858000796521,321.2473889998364,1666.7837837837837
1772910147,10,POST,/api/plugins/unload?uri,3.666667,0.000000,2,5,11,13,27,290,290,290,290,290,290,37,0,2,21.6083154054276,1.1812739994638832,292.0355619990005,84.4054054054054
1772910147,10,,Aggregated,94.111111,0.222222,3,9,14,17,38,80,240,310,370,500,500,1089,2,3,20.651671580364265,0.8967110006778967,814.4678000007843,4094.5215794306705
1772910148,10,GET,/api/audio/latency,11.888889,0.000000,2,3,4,10,34,56,69,81,120,120,120,172,0,2,10.519338860492923,1.0464049992151558,120.93315300080576,33.0
1772910148,10,GET,/api/audio/levels,11.888889,0.000000,3,8,13,15,55,130,210,290,310,310,310,172,0,3,22.399653680305313,1.0739939989434788,305.86905099880823,73.0
1772910148,10,GET,/api/audio/levels (during plugin swap),3.666667,0.000000,4,12,14,25,110,260,270,270,270,270,270,42,0,3,26.972130142937765,1.1128690002806252,270.15066599960846,73.0
1772910148,10,GET,/api/audio/levels/plugins,3.666667,0.000000,2,12,15,16,35,44,320,320,320,320,320,42,0,2,15.799310738310893,1.0531970001466107,321.178352998686,14.0
1772910148,10,GET,/api/audio/status,9.666667,0.000000,2,4,9,11,17,30,59,63,67,67,67,124,0,2,7.025405072527652,1.0943880006379914,66.64112599901273,168.0
1772910148,10,GET,/api/chains/,5.000000,0.000000,6,13,22,43,160,250,310,310,310,310,310,52,0,6,72.3276404806851,1.3395839996519499,814.4678000007843,1448.3076923076924
1772910148,10,GET,/api/chains/{id},9.666667,0.111111,6,10,15,19,65,160,280,320,500,500,500,124,1,6,25.93712831459573,1.3142650004738243,501.89395600136777,490.10483870967744
1772910148,10,POST,/api/chains/{id}/activate,9.666667,0.111111,3,9,13,16,23,68,140,320,320,320,320,124,1,3,15.279831733844349,0.8967110006778967,320.222461999947,50.03225806451613
1772910148,10,POST,/api/chains/{id}/deactivate,9.666667,0.000000,2,3,4,6,12,19,26,290,370,370,370,124,0,2,9.247430040270574,1.1786269988078857,368.8518489998387,61.395161290322584
1772910148,10,POST,/api/plugins/batch/parameters (500 updates),2.000000,0.000000,7,10,14,15,25,50,330,330,330,330,330,43,0,7,17.42187283728759,2.84988499879546,325.0269179989118,823.3953488372093
1772910148,10,GET,/api/plugins/discover,5.000000,0.000000,21,24,30,32,37,45,320,320,320,320,320,52,0,21,28.461902538520707,10.79270400077803,322.8276670015475,85406.01923076923
1772910148,10,GET,/api/plugins/list,5.000000,0.000000,3,8,13,22,39,83,320,320,320,320,320,52,0,3,17.880928423052794,1.1047920015698764,323.7777729991649,41.5
1772910148,10,POST,/api/plugins/load?uri,3.666667,0.000000,3,8,10,13,42,120,320,320,320,320,320,42,0,3,18.397660500167625,1.359858000796521,321.2473889998364,1613.0
1772910148,10,POST,/api/plugins/unload?uri,3.666667,0.000000,2,5,9,11,27,290,290,290,290,290,290,42,0,2,19.480639904767962,1.1812739994638832,292.0355619990005,84.11904761904762
1772910148,10,,Aggregated,94.111111,0.222222,3,8,12,16,32,71,240,310,370,500,500,1207,2,3,19.136781688509856,0.8967110006778967,814.4678000007843,3929.2261806130905
1772910149,10,GET,/api/audio/latency,12.900000,0.000000,2,3,5,15,56,69,88,91,120,120,120,176,0,2,12.295907602296294,1.0464049992151558,120.93315300080576,33.0
1772910149,10,GET,/api/audio/levels,13.200000,0.000000,3,9,14,18,90,210,930,1000,1000,1000,1000,176,0,3,44.735684880751336,1.0739939989434788,1048.907133999819,73.0
1772910149,10,GET,/api/audio/levels (during plugin swap),3.700000,0.000000,4,12,23,27,110,260,270,270,270,270,270,42,0,3,26.972130142937765,1.1128690002806252,270.15066599960846,73.0
1772910149,10,GET,/api/audio/levels/plugins,3.700000,0.000000,3,15,16,17,35,44,320,320,320,320,320,42,0,2,15.799310738310893,1.0531970001466107,321.178352998686,14.0
1772910149,10,GET,/api/audio/status,10.200000,0.000000,2,4,9,12,22,33,59,63,67,67,67,127,0,2,7.577239448781214,1.0943880006379914,66.64112599901273,168.0
1772910149,10,GET,/api/chains/,4.700000,0.000000,7,13,80,91,250,310,1100,1100,1100,1100,1100,53,0,7,91.11334298105025,1.3395839996519499,1067.9698730000382,1448.301886792453
1772910149,10,GET,/api/chains/{id},10.400000,0.100000,6,12,19,22,97,280,960,970,1000,1000,1000,127,1,6,48.56798084260594,1.3142650004738243,1018.2909880004445,491.65354330708664
1772910149,10,POST,/api/chains/{id}/activate,10.300000,0.100000,4,9,15,17,36,72,140,320,320,320,320,127,1,4,16.669705133837823,0.8967110006778967,320.222461999947,49.874015748031496
1772910149,10,POST,/api/chains/{id}/deactivate,10.200000,0.000000,2,3,4,5,12,19,26,290,370,370,370,125,0,2,9.198214511954575,1.1786269988078857,368.8518489998387,61.4
1772910149,10,POST,/api/plugins/batch/parameters (500 updates),2.600000,0.000000,8,11,15,19,29,330,1100,1100,1100,1100,1100,46,0,7,62.19942484791397,2.84988499879546,1065.046195000832,823.0434782608696
1772910149,10,GET,/api/plugins/discover,4.700000,0.000000,21,24,32,32,39,50,320,320,320,320,320,53,0,22,28.467103641577403,10.79270400077803,322.8276670015475,85406.01886792453
1772910149,10,GET,/api/plugins/list,4.700000,0.000000,5,13,22,33,76,89,320,320,320,320,320,53,0,3,18.98413324526254,1.1047920015698764,323.7777729991649,41.15094339622642
1772910149,10,POST,/api/plugins/load?uri,3.700000,0.000000,3,8,12,15,42,120,320,320,320,320,320,42,0,3,18.397660500167625,1.359858000796521,321.2473889998364,1613.0
1772910149,10,POST,/api/plugins/unload?uri,3.700000,0.000000,3,6,11,13,27,290,290,290,290,290,290,42,0,2,19.480639904767962,1.1812739994638832,292.0355619990005,84.11904761904762
1772910149,10,,Aggregated,98.700000,0.200000,3,8,14,17,44,97,310,500,1100,1100,1100,1231,2,3,27.641931787194345,0.8967110006778967,1067.9698730000382,3927.4524776604385
1772910150,10,GET,/api/audio/latency,17.100000,0.000000,2,3,5,16,55,69,88,91,120,120,120,197,0,2,11.795384852818186,1.0464049992151558,120.93315300080576,33.0
1772910150,10,GET,/api/audio/levels,17.100000,0.000000,3,6,13,16,120,210,930,1000,1000,1000,1000,197,0,3,42.11730777164407,1.0739939989434788,1048.907133999819,73.0
1772910150,10,GET,/api/audio/levels (during plugin swap),4.100000,0.000000,3,8,12,14,120,260,270,270,270,270,270,47,0,3,27.263161617040478,1.1128690002806252,270.15066599960846,73.0
1772910150,10,GET,/api/audio/levels/plugins,4.100000,0.000000,2,12,16,16,35,44,320,320,320,320,320,47,0,2,14.63742785122025,1.0531970001466107,321.178352998686,14.0
1772910150,10,GET,/api/audio/status,12.400000,0.000000,2,3,8,10,17,33,59,63,67,67,67,146,0,2,6.97040597942635,1.0943880006379914,66.64112599901273,168.0
1772910150,10,GET,/api/chains/,5.000000,0.000000,7,57,150,160,290,310,1100,1100,1100,1100,1100,53,0,7,91.11334298105025,1.3395839996519499,1067.9698730000382,1448.301886792453
1772910150,10,GET,/api/chains/{id},12.400000,0.100000,6,12,17,21,140,280,960,970,1000,1000,1000,146,1,6,47.71217611651331,1.2636920000659302,1018.2909880004445,490.32191780821915
1772910150,10,POST,/api/chains/{id}/activate,12.400000,0.100000,3,8,15,17,23,72,140,320,320,320,320,146,1,3,15.422041527366275,0.8967110006778967,320.222461999947,50.16438356164384
1772910150,10,POST,/api/chains/{id}/deactivate,12.400000,0.000000,2,3,4,6,12,22,290,300,370,370,370,146,0,2,12.333915595861559,1.1786269988078857,368.8518489998387,61.486301369863014
1772910150,10,POST,/api/plugins/batch/parameters (500 updates),4.300000,0.000000,8,10,15,19,29,330,1000,1100,1100,1100,1100,57,0,7,54.79883603520488,2.84988499879546,1065.046195000832,822.2105263157895
1772910150,10,GET,/api/plugins/discover,5.000000,0.000000,21,29,32,32,45,50,320,320,320,320,320,53,0,22,28.467103641577403,10.79270400077803,322.8276670015475,85406.01886792453
1772910150,10,GET,/api/plugins/list,5.000000,0.000000,3,18,22,33,76,83,320,320,320,320,320,53,0,3,18.98413324526254,1.1047920015698764,323.7777729991649,41.15094339622642
1772910150,10,POST,/api/plugins/load?uri,4.100000,0.000000,3,8,10,15,41,120,320,320,320,320,320,47,0,3,17.50649808526121,1.359858000796521,321.2473889998364,1647.0212765957447
1772910150,10,POST,/api/plugins/unload?uri,4.100000,0.000000,2,5,9,11,27,290,290,290,290,290,290,47,0,2,17.691409234024096,1.1812739994638832,292.0355619990005,84.08510638297872
1772910150,10,,Aggregated,119.500000,0.200000,3,7,12,17,45,130,310,500,1100,1100,1100,1382,2,3,26.590385607117973,0.8967110006778967,1067.9698730000382,3524.6562952243125
1772910151,10,GET,/api/audio/latency,17.000000,0.000000,2,3,8,15,55,69,88,91,120,120,120,220,0,2,11.055102950054293,1.0464049992151558,120.93315300080576,33.0
1772910151,10,GET,/api/audio/levels,17.000000,0.000000,3,8,13,15,90,190,930,1000,1000,1000,1000,220,0,3,38.547280295477485,1.0739939989434788,1048.907133999819,73.0
1772910151,10,GET,/api/audio/levels (during plugin swap),3.800000,0.000000,3,8,12,14,110,130,270,270,270,270,270,50,0,3,26.026901280019956,1.1128690002806252,270.15066599960846,73.0
1772910151,10,GET,/api/audio/levels/plugins,3.800000,0.000000,2,12,15,16,18,19,36,36,36,36,36,50,0,2,14.18986038013827,1.0531970001466107,321.178352998686,14.0
1772910151,10,GET,/api/audio/status,12.100000,0.000000,2,4,9,11,17,33,59,63,67,67,67,161,0,2,6.84734889438903,1.0943880006379914,66.64112599901273,168.0
1772910151,10,GET,/api/chains/,4.700000,0.000000,3,7,57,91,160,290,1100,1100,1100,1100,1100,55,0,6,87.85454461811406,1.3395839996519499,1067.9698730000382,1448.290909090909
1772910151,10,GET,/api/chains/{id},12.100000,0.100000,7,12,18,21,140,280,960,970,1000,1000,1000,161,1,6,43.988651316856995,1.2636920000659302,1018.2909880004445,494.3167701863354
1772910151,10,POST,/api/chains/{id}/activate,12.100000,0.100000,4,9,15,17,23,72,76,140,320,320,320,161,1,3,14.529183366417636,0.8967110006778967,320.222461999947,50.149068322981364
1772910151,10,POST,/api/chains/{id}/deactivate,11.900000,0.000000,2,3,5,6,12,20,290,300,370,370,370,161,0,2,11.558142006189815,1.1786269988078857,368.8518489998387,61.53416149068323
1772910151,10,POST,/api/plugins/batch/parameters (500 updates),4.600000,0.000000,8,11,14,18,29,190,1000,1100,1100,1100,1100,71,0,7,46.04215146491057,2.84988499879546,1065.046195000832,823.5211267605633
1772910151,10,GET,/api/plugins/discover,4.700000,0.000000,19,22,24,29,39,45,50,50,50,50,50,55,0,22,28.062612545545562,10.79270400077803,322.8276670015475,85406.01818181819
1772910151,10,GET,/api/plugins/list,4.700000,0.000000,2,8,18,22,22,76,83,83,83,83,83,55,0,3,18.3420650726806,1.1047920015698764,323.7777729991649,40.49090909090909
1772910151,10,POST,/api/plugins/load?uri,3.800000,0.000000,3,6,9,11,15,41,120,120,120,120,120,50,0,3,16.83382856015669,1.359858000796521,321.2473889998364,1723.04
1772910151,10,POST,/api/plugins/unload?uri,3.800000,0.000000,2,4,8,9,17,290,290,290,290,290,290,50,0,2,16.909195099942735,1.1812739994638832,292.0355619990005,83.94
1772910151,10,,Aggregated,116.100000,0.200000,3,8,12,15,36,91,290,500,1100,1100,1100,1520,2,3,24.76869669476161,0.8967110006778967,1067.9698730000382,3342.3138157894737
1772910152,10,GET,/api/audio/latency,17.800000,0.000000,2,4,11,18,56,81,91,310,310,310,310,233,0,2,13.476012781176335,1.0464049992151558,305.3743520013086,33.0
1772910152,10,GET,/api/audio/levels,17.800000,0.000000,3,9,13,20,120,210,930,1000,1000,1000,1000,233,0,3,37.27518441204736,1.0739939989434788,1048.907133999819,73.0
1772910152,10,GET,/api/audio/levels (during plugin swap),4.000000,0.000000,2,11,16,53,120,270,300,300,300,300,300,58,0,3,29.037952017272893,1.1128690002806252,295.8801280001353,73.0
1772910152,10,GET,/api/audio/levels/plugins,4.000000,0.000000,2,7,16,17,18,36,59,59,59,59,59,58,0,2,14.014942327682139,1.0531970001466107,321.178352998686,14.0
1772910152,10,GET,/api/audio/status,12.700000,0.000000,2,5,8,11,18,33,59,63,67,67,67,177,0,2,6.641784581910861,1.0943880006379914,66.64112599901273,168.0
1772910152,10,GET,/api/chains/,3.600000,0.000000,7,57,91,150,290,1100,1100,1100,1100,1100,1100,57,0,6,85.23197192976352,1.3395839996519499,1067.9698730000382,1448.280701754386
1772910152,10,GET,/api/chains/{id},12.700000,0.100000,8,12,19,26,160,310,960,970,1000,1000,1000,177,1,6,42.6202390282955,1.249748998816358,1018.2909880004445,496.68926553672316
1772910152,10,POST,/api/chains/{id}/activate,12.700000,0.100000,4,9,15,17,36,74,300,300,320,320,320,177,1,3,16.996822988665496,0.8967110006778967,320.222461999947,50.333333333333336
1772910152,10,POST,/api/chains/{id}/deactivate,12.800000,0.000000,2,3,4,5,11,19,290,300,370,370,370,177,0,2,10.776605514113875,1.1786269988078857,368.8518489998387,61.57627118644068
1772910152,10,POST,/api/plugins/batch/parameters (500 updates),5.700000,0.000000,7,11,17,19,34,190,1000,1100,1100,1100,1100,77,0,7,44.076756194895154,2.84988499879546,1065.046195000832,823.1948051948052
1772910152,10,GET,/api/plugins/discover,3.600000,0.000000,19,22,29,32,45,50,50,50,50,50,50,57,0,21,27.554664350980985,10.79270400077803,322.8276670015475,85406.01754385965
1772910152,10,GET,/api/plugins/list,3.600000,0.000000,2,18,22,22,76,83,83,83,83,83,83,57,0,3,17.956216210478217,1.1047920015698764,323.7777729991649,39.87719298245614
1772910152,10,POST,/api/plugins/load?uri,4.000000,0.000000,2,9,15,18,89,310,310,310,310,310,310,58,0,3,27.101914431145346,1.359858000796521,321.2473889998364,1744.4827586206898
1772910152,10,POST,/api/plugins/unload?uri,4.000000,0.000000,2,5,6,9,23,290,310,310,310,310,310,57,0,2,20.539530298265163,1.1812739994638832,306.3282260009146,83.64912280701755
1772910152,10,,Aggregated,119.000000,0.200000,3,8,13,17,56,130,310,500,1100,1100,1100,1653,2,3,25.133871098028525,0.8967110006778967,1067.9698730000382,3199.941923774955
1772910153,10,GET,/api/audio/latency,18.300000,0.000000,2,3,8,12,55,68,88,310,310,310,310,256,0,2,12.608964019584334,1.0464049992151558,305.3743520013086,33.0
1772910153,10,GET,/api/audio/levels,18.300000,0.000000,3,9,13,16,59,170,930,1000,1000,1000,1000,256,0,3,34.684899605487374,1.0739939989434788,1048.907133999819,73.0
1772910153,10,GET,/api/audio/levels (during plugin swap),3.700000,0.000000,2,6,11,14,62,270,300,300,300,300,300,64,0,3,26.908015171898114,1.1128690002806252,295.8801280001353,73.0
1772910153,10,GET,/api/audio/levels/plugins,3.900000,0.000000,2,2,7,12,17,36,59,59,59,59,59,64,0,2,12.96717237505618,1.0531970001466107,321.178352998686,14.0
1772910153,10,GET,/api/audio/status,13.400000,0.000000,2,3,7,8,16,33,59,63,67,67,67,191,0,2,6.432725539301761,1.0943880006379914,66.64112599901273,168.0
1772910153,10,GET,/api/chains/,2.800000,0.000000,6,9,57,150,290,1100,1100,1100,1100,1100,1100,61,0,5,79.88355059011961,1.3395839996519499,1067.9698730000382,1448.2622950819673
1772910153,10,GET,/api/chains/{id},13.300000,0.100000,8,12,17,19,71,200,960,970,1000,1000,1000,191,1,7,40.35811481153169,1.249748998816358,1018.2909880004445,492.4450261780105
1772910153,10,POST,/api/chains/{id}/activate,13.400000,0.100000,4,8,12,16,23,72,300,300,320,320,320,191,1,4,16.36213216229812,0.8967110006778967,320.222461999947,50.2565445026178
1772910153,10,POST,/api/chains/{id}/deactivate,13.400000,0.000000,2,3,4,5,10,16,22,290,300,300,300,191,0,2,10.223994837694129,1.1786269988078857,368.8518489998387,61.60732984293194
1772910153,10,POST,/api/plugins/batch/parameters (500 updates),7.100000,0.000000,8,11,14,19,34,190,1000,1100,1100,1100,1100,84,0,7,41.35394182150689,2.731978000156232,1065.046195000832,823.6190476190476
1772910153,10,GET,/api/plugins/discover,3.000000,0.000000,20,24,29,32,45,50,50,50,50,50,50,60,0,21,27.292461450088012,10.79270400077803,322.8276670015475,85406.01666666666
1772910153,10,GET,/api/plugins/list,2.900000,0.000000,3,10,18,22,22,76,76,76,76,76,76,61,0,3,17.171123213108228,1.1047920015698764,323.7777729991649,38.77049180327869
1772910153,10,POST,/api/plugins/load?uri,3.800000,0.000000,2,3,9,12,41,310,310,310,310,310,310,64,0,3,24.926020265752413,1.359858000796521,321.2473889998364,1755.046875
1772910153,10,POST,/api/plugins/unload?uri,3.900000,0.000000,2,3,5,6,9,23,310,310,310,310,310,64,0,2,18.720676921901713,1.1812739994638832,306.3282260009146,83.609375
1772910153,10,,Aggregated,121.200000,0.200000,3,7,11,14,32,76,300,330,1100,1100,1100,1798,2,3,23.636954603475953,0.8967110006778967,1067.9698730000382,3104.640155728587
1772910154,10,GET,/api/audio/latency,18.300000,0.000000,2,4,10,12,55,68,88,310,310,310,310,279,0,2,12.470371236581432,1.0464049992151558,305.3743520013086,33.0
1772910154,10,GET,/api/audio/levels,18.300000,0.000000,3,10,13,15,49,170,930,1000,1000,1000,1000,279,0,3,33.014489551979786,1.0739939989434788,1048.907133999819,73.0
1772910154,10,GET,/api/audio/levels (during plugin swap),3.700000,0.000000,2,9,11,14,47,130,300,300,300,300,300,71,0,3,25.367382591482478,1.1128690002806252,295.8801280001353,73.0
1772910154,10,GET,/api/audio/levels/plugins,3.900000,0.000000,2,2,4,9,17,19,59,59,59,59,59,70,0,2,12.132797828624982,1.0531970001466107,321.178352998686,14.0
1772910154,10,GET,/api/audio/status,13.400000,0.000000,2,3,7,8,17,30,59,67,69,69,69,203,0,2,6.7530083448451625,1.0943880006379914,69.12154499877943,168.0
1772910154,10,GET,/api/chains/,2.800000,0.000000,7,8,11,25,82,1100,1100,1100,1100,1100,1100,65,0,7,76.62528553843843,1.3395839996519499,1067.9698730000382,1448.246153846154
1772910154,10,GET,/api/chains/{id},13.300000,0.100000,8,12,17,19,71,200,960,970,1000,1000,1000,204,1,7,39.12739160784672,1.249748998816358,1018.2909880004445,492.88235294117646
1772910154,10,POST,/api/chains/{id}/activate,13.400000,0.100000,4,8,12,16,67,72,300,300,320,320,320,203,1,4,16.57190146302643,0.8967110006778967,320.222461999947,50.216748768472904
1772910154,10,POST,/api/chains/{id}/deactivate,13.400000,0.000000,2,2,3,5,10,19,41,290,300,300,300,201,0,2,10.01698159702235,1.1786269988078857,368.8518489998387,61.62686567164179
1772910154,10,POST,/api/plugins/batch/parameters (500 updates),7.100000,0.000000,7,11,14,19,34,190,1000,1100,1100,1100,1100,89,0,7,39.950887651776725,2.731978000156232,1065.046195000832,824.0224719101124
1772910154,10,GET,/api/plugins/discover,3.000000,0.000000,20,24,27,29,38,42,42,42,42,42,42,65,0,21,27.290579369330842,10.79270400077803,322.8276670015475,85406.01538461538
1772910154,10,GET,/api/plugins/list,2.900000,0.000000,3,8,10,14,76,84,84,84,84,84,84,65,0,3,17.58982166149788,1.1047920015698764,323.7777729991649,39.03076923076923
1772910154,10,POST,/api/plugins/load?uri,3.800000,0.000000,2,3,11,13,41,310,310,310,310,310,310,71,0,3,23.31502509867944,1.359858000796521,321.2473889998364,1767.718309859155
1772910154,10,POST,/api/plugins/unload?uri,3.900000,0.000000,2,3,5,5,9,13,310,310,310,310,310,70,0,2,17.34388561432882,1.1812739994638832,306.3282260009146,83.81428571428572
1772910154,10,,Aggregated,121.200000,0.200000,3,8,11,14,30,71,300,330,1100,1100,1100,1935,2,3,22.94261057107364,0.8967110006778967,1067.9698730000382,3124.417054263566
1772910155,10,GET,/api/audio/latency,18.100000,0.000000,2,4,10,15,55,68,88,310,310,310,310,302,0,2,11.881526354322556,1.0464049992151558,305.3743520013086,33.0
1772910155,10,GET,/api/audio/levels,18.100000,0.000000,4,10,13,15,82,170,930,1000,1000,1000,1000,302,0,3,32.1936019304815,1.0739939989434788,1048.907133999819,73.0
1772910155,10,GET,/api/audio/levels (during plugin swap),4.000000,0.000000,3,9,11,13,23,62,300,300,300,300,300,76,0,3,24.1242119736135,1.1128690002806252,295.8801280001353,73.0
1772910155,10,GET,/api/audio/levels/plugins,4.000000,0.000000,2,2,4,9,17,19,290,290,290,290,290,76,0,2,15.076662539501596,1.0422329996799817,321.178352998686,14.0
1772910155,10,GET,/api/audio/status,13.000000,0.000000,2,3,8,8,17,30,59,67,69,69,69,222,0,2,6.564021135156574,1.0943880006379914,69.12154499877943,168.0
1772910155,10,GET,/api/chains/,2.000000,0.000000,7,8,11,25,82,1100,1100,1100,1100,1100,1100,65,0,7,76.62528553843843,1.3395839996519499,1067.9698730000382,1448.246153846154
1772910155,10,GET,/api/chains/{id},12.900000,0.100000,9,13,18,19,71,250,960,970,1000,1000,1000,222,1,6,39.137383864898936,1.249748998816358,1018.2909880004445,494.18468468468467
1772910155,10,POST,/api/chains/{id}/activate,13.000000,0.100000,4,8,13,17,67,74,300,310,320,320,320,222,1,3,17.084802153148885,0.8967110006778967,320.222461999947,50.486486486486484
1772910155,10,POST,/api/chains/{id}/deactivate,13.000000,0.000000,2,3,4,5,12,22,300,300,310,310,310,222,0,2,12.07812496848927,1.1786269988078857,368.8518489998387,61.43693693693694
1772910155,10,POST,/api/plugins/batch/parameters (500 updates),7.400000,0.000000,7,11,15,20,50,190,1000,1100,1100,1100,1100,96,0,7,37.54181496886607,2.731978000156232,1065.046195000832,824.9166666666666
1772910155,10,GET,/api/plugins/discover,2.100000,0.000000,20,24,27,29,38,42,42,42,42,42,42,65,0,21,27.290579369330842,10.79270400077803,322.8276670015475,85406.01538461538
1772910155,10,GET,/api/plugins/list,2.000000,0.000000,3,8,10,14,76,84,84,84,84,84,84,65,0,3,17.58982166149788,1.1047920015698764,323.7777729991649,39.03076923076923
1772910155,10,POST,/api/plugins/load?uri,4.000000,0.000000,2,3,6,12,35,89,310,310,310,310,310,76,0,3,21.98235194749175,1.359858000796521,321.2473889998364,1834.6447368421052
1772910155,10,POST,/api/plugins/unload?uri,4.000000,0.000000,2,3,5,5,9,13,310,310,310,310,310,76,0,2,16.35763017111458,1.1812739994638832,306.3282260009146,83.96052631578948
1772910155,10,,Aggregated,117.600000,0.200000,3,8,11,15,33,82,300,330,1100,1100,1100,2087,2,3,22.676358141375733,0.8967110006778967,1067.9698730000382,2914.97172975563
1772910156,10,GET,/api/audio/latency,19.000000,0.000000,2,3,7,10,18,44,88,310,310,310,310,321,0,2,11.338432934620716,1.0464049992151558,305.3743520013086,33.0
1772910156,10,GET,/api/audio/levels,19.000000,0.000000,3,9,12,14,22,88,930,1000,1000,1000,1000,321,0,3,30.483737077880743,1.0510989995964337,1048.907133999819,73.0
1772910156,10,GET,/api/audio/levels (during plugin swap),4.400000,0.000000,3,9,10,11,23,62,300,300,300,300,300,78,0,3,23.62086807685652,1.1128690002806252,295.8801280001353,73.0
1772910156,10,GET,/api/audio/levels/plugins,4.300000,0.000000,2,3,4,9,17,19,290,290,290,290,290,78,0,2,14.747891948713796,1.0422329996799817,321.178352998686,14.0
1772910156,10,GET,/api/audio/status,13.400000,0.000000,2,3,5,7,13,26,33,33,69,69,69,246,0,2,6.141804825251082,1.0862960007216316,69.12154499877943,168.0
1772910156,10,GET,/api/chains/,2.300000,0.000000,7,8,11,11,82,1100,1100,1100,1100,1100,1100,65,0,7,76.62528553843843,1.3395839996519499,1067.9698730000382,1448.246153846154
1772910156,10,GET,/api/chains/{id},13.500000,0.000000,7,12,15,18,58,240,960,970,1000,1000,1000,246,1,6,35.88200709761097,1.2377509992802516,1018.2909880004445,496.7926829268293
1772910156,10,POST,/api/chains/{id}/activate,13.400000,0.000000,3,7,12,14,21,71,300,300,310,310,310,246,1,3,15.851843991873555,0.8967110006778967,320.222461999947,50.80487804878049
1772910156,10,POST,/api/chains/{id}/deactivate,13.200000,0.000000,2,2,4,5,9,17,300,300,310,310,310,246,0,2,11.112699065066645,1.1712480009009596,368.8518489998387,61.49186991869919
1772910156,10,POST,/api/plugins/batch/parameters (500 updates),7.500000,0.000000,6,10,13,15,28,69,1000,1100,1100,1100,1100,105,0,6,34.85910880966306,2.731978000156232,1065.046195000832,825.1619047619048
1772910156,10,GET,/api/plugins/discover,2.300000,0.000000,20,24,27,27,38,42,42,42,42,42,42,65,0,21,27.290579369330842,10.79270400077803,322.8276670015475,85406.01538461538
1772910156,10,GET,/api/plugins/list,2.300000,0.000000,3,8,10,10,76,84,84,84,84,84,84,65,0,3,17.58982166149788,1.1047920015698764,323.7777729991649,39.03076923076923
1772910156,10,POST,/api/plugins/load?uri,4.400000,0.000000,3,5,11,13,35,89,310,310,310,310,310,78,0,3,21.65765507706032,1.359858000796521,321.2473889998364,1835.0384615384614
1772910156,10,POST,/api/plugins/unload?uri,4.300000,0.000000,2,3,5,5,9,13,310,310,310,310,310,78,0,2,15.98946115390367,1.1812739994638832,306.3282260009146,84.03846153846153
1772910156,10,,Aggregated,123.300000,0.000000,3,6,10,12,21,67,290,310,1100,1100,1100,2238,2,3,21.395606031756472,0.8967110006778967,1067.9698730000382,2732.9624664879357
1772910157,10,GET,/api/audio/latency,19.200000,0.000000,2,3,8,10,18,44,88,310,310,310,310,340,0,2,11.051780417694639,1.0464049992151558,305.3743520013086,33.0
1772910157,10,GET,/api/audio/levels,19.200000,0.000000,4,10,13,16,61,140,930,1000,1000,1000,1000,340,0,3,30.725867361776608,1.0510989995964337,1048.907133999819,73.0
1772910157,10,GET,/api/audio/levels (during plugin swap),4.300000,0.000000,3,9,11,13,62,280,300,300,300,300,300,84,0,3,28.921946785647464,1.0895870000240393,295.8801280001353,73.0
1772910157,10,GET,/api/audio/levels/plugins,4.300000,0.000000,2,3,4,7,17,19,290,290,290,290,290,84,0,2,13.905336892851968,1.0422329996799817,321.178352998686,14.0
1772910157,10,GET,/api/audio/status,13.300000,0.000000,2,3,5,8,13,26,33,33,69,69,69,257,0,2,6.111237264645638,1.0862960007216316,69.12154499877943,168.0
1772910157,10,GET,/api/chains/,2.000000,0.000000,8,11,18,25,82,1100,1100,1100,1100,1100,1100,67,0,7,74.79457713430855,1.3395839996519499,1067.9698730000382,1448.2388059701493
1772910157,10,GET,/api/chains/{id},13.300000,0.000000,6,12,17,19,74,270,960,970,1000,1000,1000,257,1,6,37.94029993389845,1.2377509992802516,1018.2909880004445,494.26459143968873
1772910157,10,POST,/api/chains/{id}/activate,13.300000,0.000000,4,7,12,14,21,72,300,300,310,310,310,257,1,3,15.82120395330805,0.8967110006778967,320.222461999947,50.809338521400775
1772910157,10,POST,/api/chains/{id}/deactivate,13.200000,0.000000,2,3,4,5,10,19,300,300,310,310,310,257,0,2,10.878452315201164,1.1712480009009596,368.8518489998387,61.5136186770428
1772910157,10,POST,/api/plugins/batch/parameters (500 updates),7.700000,0.000000,7,13,20,21,69,220,1000,1100,1100,1100,1100,115,0,7,38.11161545231501,2.731978000156232,1065.046195000832,824.4
1772910157,10,GET,/api/plugins/discover,2.000000,0.000000,20,24,27,29,38,42,42,42,42,42,42,67,0,21,26.926989373201486,10.79270400077803,322.8276670015475,85406.01492537314
1772910157,10,GET,/api/plugins/list,2.000000,0.000000,3,8,10,14,76,84,84,84,84,84,84,67,0,3,17.168982179059842,1.1047920015698764,323.7777729991649,39.940298507462686
1772910157,10,POST,/api/plugins/load?uri,4.300000,0.000000,3,6,13,14,35,89,310,310,310,310,310,84,0,3,20.83135165494674,1.359858000796521,321.2473889998364,1846.75
1772910157,10,POST,/api/plugins/unload?uri,4.300000,0.000000,2,3,5,7,13,16,310,310,310,310,310,84,0,2,15.321071357188234,1.1812739994638832,306.3282260009146,84.21428571428571
1772910157,10,,Aggregated,122.400000,0.000000,3,7,11,13,25,80,290,310,1100,1100,1100,2360,2,3,21.767057147068908,0.8967110006778967,1067.9698730000382,2678.531779661017
1772910158,10,GET,/api/audio/latency,19.100000,0.000000,2,3,7,9,15,21,61,310,310,310,310,359,0,2,10.63261665743016,1.0464049992151558,305.3743520013086,33.0
1772910158,10,GET,/api/audio/levels,18.800000,0.000000,3,9,12,14,26,70,170,200,210,210,210,359,0,3,29.366226615613037,1.0510989995964337,1048.907133999819,73.0
1772910158,10,GET,/api/audio/levels (during plugin swap),4.100000,0.000000,3,9,10,13,62,280,300,300,300,300,300,89,0,3,27.584549887557912,1.0848849997273646,295.8801280001353,73.0
1772910158,10,GET,/api/audio/levels/plugins,4.100000,0.000000,2,4,4,7,17,20,290,290,290,290,290,89,0,2,13.474365550546588,1.0422329996799817,321.178352998686,14.0
1772910158,10,GET,/api/audio/status,14.400000,0.000000,2,3,5,7,11,17,30,30,69,69,69,274,0,2,5.982525094935286,1.0856129993044306,69.12154499877943,168.0
1772910158,10,GET,/api/chains/,1.800000,0.000000,8,11,18,25,82,1100,1100,1100,1100,1100,1100,67,0,7,74.79457713430855,1.3395839996519499,1067.9698730000382,1448.2388059701493
1772910158,10,GET,/api/chains/{id},14.200000,0.000000,5,11,14,17,58,200,280,290,310,310,310,274,1,6,35.901439021943816,1.2377509992802516,1018.2909880004445,493.33941605839414
1772910158,10,POST,/api/chains/{id}/activate,14.300000,0.000000,3,6,10,12,20,24,300,300,310,310,310,274,1,3,15.153354000003873,0.8967110006778967,320.222461999947,50.74087591240876
1772910158,10,POST,/api/chains/{id}/deactivate,14.300000,0.000000,2,3,4,5,10,17,300,300,310,310,310,274,0,2,10.387420967156414,1.1712480009009596,368.8518489998387,61.543795620437955
1772910158,10,POST,/api/plugins/batch/parameters (500 updates),7.900000,0.000000,7,11,14,15,30,80,220,230,230,230,230,134,0,7,33.791758119544134,2.715395001359866,1065.046195000832,826.179104477612
1772910158,10,GET,/api/plugins/discover,1.800000,0.000000,20,24,27,29,38,42,42,42,42,42,42,67,0,21,26.926989373201486,10.79270400077803,322.8276670015475,85406.01492537314
1772910158,10,GET,/api/plugins/list,1.800000,0.000000,3,8,10,14,76,84,84,84,84,84,84,67,0,3,17.168982179059842,1.1047920015698764,323.7777729991649,39.940298507462686
1772910158,10,POST,/api/plugins/load?uri,4.100000,0.000000,3,6,13,17,35,89,310,310,310,310,310,89,0,3,20.142966123754643,1.359858000796521,321.2473889998364,1910.7640449438202
1772910158,10,POST,/api/plugins/unload?uri,4.100000,0.000000,2,3,5,7,13,16,310,310,310,310,310,89,0,2,14.665147146117532,1.1812739994638832,306.3282260009146,84.67415730337079
1772910158,10,,Aggregated,124.800000,0.000000,3,6,9,12,20,58,210,300,310,310,310,2505,2,3,20.7903757082149,0.8967110006778967,1067.9698730000382,2542.108982035928
1772910159,10,GET,/api/audio/latency,19.100000,0.000000,2,3,6,8,13,21,61,310,310,310,310,374,0,2,10.307642010743352,1.0464049992151558,305.3743520013086,33.0
1772910159,10,GET,/api/audio/levels,18.800000,0.000000,3,9,12,14,25,62,100,200,210,210,210,375,0,3,28.336413818688015,1.0510989995964337,1048.907133999819,73.0
1772910159,10,GET,/api/audio/levels (during plugin swap),4.100000,0.000000,3,8,9,11,47,280,300,300,300,300,300,93,0,3,26.57856164509584,1.0848849997273646,295.8801280001353,73.0
1772910159,10,GET,/api/audio/levels/plugins,4.100000,0.000000,2,3,4,4,17,20,290,290,290,290,290,93,0,2,13.04301487097516,1.0422329996799817,321.178352998686,14.0
1772910159,10,GET,/api/audio/status,14.400000,0.000000,2,3,5,8,12,20,30,30,69,69,69,283,0,2,5.989644752690209,1.0856129993044306,69.12154499877943,168.0
1772910159,10,GET,/api/chains/,1.800000,0.000000,8,11,12,18,25,82,82,82,82,82,82,67,0,7,74.79457713430855,1.3395839996519499,1067.9698730000382,1448.2388059701493
1772910159,10,GET,/api/chains/{id},14.200000,0.000000,5,10,13,15,37,80,270,290,310,310,310,285,1,6,34.778246154434,1.2377509992802516,1018.2909880004445,490.02456140350876
1772910159,10,POST,/api/chains/{id}/activate,14.300000,0.000000,4,7,10,12,17,67,300,300,310,310,310,283,1,3,14.898992989407876,0.8967110006778967,320.222461999947,50.946996466431095
1772910159,10,POST,/api/chains/{id}/deactivate,14.300000,0.000000,2,3,4,4,10,17,41,300,310,310,310,283,0,2,10.215183286211872,1.1712480009009596,368.8518489998387,61.46996466431096
1772910159,10,POST,/api/plugins/batch/parameters (500 updates),7.900000,0.000000,6,11,13,15,28,69,220,230,230,230,230,138,0,6,32.92703857984463,2.715395001359866,1065.046195000832,826.3478260869565
1772910159,10,GET,/api/plugins/discover,1.800000,0.000000,20,24,24,27,38,42,42,42,42,42,42,67,0,21,26.926989373201486,10.79270400077803,322.8276670015475,85406.01492537314
1772910159,10,GET,/api/plugins/list,1.800000,0.000000,3,8,9,10,14,84,84,84,84,84,84,67,0,3,17.168982179059842,1.1047920015698764,323.7777729991649,39.940298507462686
1772910159,10,POST,/api/plugins/load?uri,4.100000,0.000000,3,6,13,14,26,89,310,310,310,310,310,93,0,3,19.35703688184887,1.359858000796521,321.2473889998364,1887.3010752688172
1772910159,10,POST,/api/plugins/unload?uri,4.100000,0.000000,2,3,6,7,13,20,310,310,310,310,310,93,0,2,14.312165698982582,1.1812739994638832,306.3282260009146,84.6989247311828
1772910159,10,,Aggregated,124.800000,0.000000,3,6,9,11,19,42,140,290,310,310,310,2594,2,3,20.247122336577522,0.8967110006778967,1067.9698730000382,2461.89899768697
1772910160,10,GET,/api/audio/latency,18.800000,0.000000,2,3,7,10,18,59,67,310,1100,1100,1100,379,0,2,13.725880757302885,1.0464049992151558,1110.973341999852,33.0
1772910160,10,GET,/api/audio/levels,18.800000,0.000000,3,10,13,15,49,88,940,960,1100,1100,1100,379,0,3,38.38766905806494,1.0510989995964337,1076.1117180009023,73.0
1772910160,10,GET,/api/audio/levels (during plugin swap),4.700000,0.000000,4,9,10,13,62,290,1100,1100,1100,1100,1100,94,0,3,37.753709159508794,1.0848849997273646,1077.0424279999133,73.0
1772910160,10,GET,/api/audio/levels/plugins,4.700000,0.000000,2,4,4,9,17,21,290,290,290,290,290,94,0,2,13.126822638309449,1.0422329996799817,321.178352998686,14.0
1772910160,10,GET,/api/audio/status,14.300000,0.000000,2,3,5,8,12,20,30,58,69,69,69,286,0,2,6.176542003536873,1.0856129993044306,69.12154499877943,168.0
1772910160,10,GET,/api/chains/,1.800000,0.000000,9,11,18,18,25,82,82,82,82,82,82,67,0,7,74.79457713430855,1.3395839996519499,1067.9698730000382,1448.2388059701493
1772910160,10,GET,/api/chains/{id},14.300000,0.000000,6,11,13,17,58,250,310,1000,1100,1100,1100,287,1,6,42.17142665161365,1.2377509992802516,1146.3634459996683,490.0940766550523
1772910160,10,POST,/api/chains/{id}/activate,14.300000,0.000000,4,8,11,13,20,71,310,1100,1200,1200,1200,286,1,4,22.824891842679104,0.8967110006778967,1186.1223080013588,50.95454545454545
1772910160,10,POST,/api/chains/{id}/deactivate,14.300000,0.000000,2,3,4,5,9,17,41,300,310,310,310,285,0,2,10.227998031571094,1.1712480009009596,368.8518489998387,61.473684210526315
1772910160,10,POST,/api/plugins/batch/parameters (500 updates),8.000000,0.000000,5,11,15,15,30,80,220,230,230,230,230,138,0,6,32.92703857984463,2.715395001359866,1065.046195000832,826.3478260869565
1772910160,10,GET,/api/plugins/discover,1.800000,0.000000,20,20,27,27,38,42,42,42,42,42,42,67,0,21,26.926989373201486,10.79270400077803,322.8276670015475,85406.01492537314
1772910160,10,GET,/api/plugins/list,1.800000,0.000000,4,8,10,10,14,84,84,84,84,84,84,67,0,3,17.168982179059842,1.1047920015698764,323.7777729991649,39.940298507462686
1772910160,10,POST,/api/plugins/load?uri,4.700000,0.000000,3,6,14,18,35,89,310,310,310,310,310,94,0,3,19.77150720225101,1.359858000796521,321.2473889998364,1893.3617021276596
1772910160,10,POST,/api/plugins/unload?uri,4.700000,0.000000,2,3,6,7,13,20,310,310,310,310,310,94,0,2,14.187317436230938,1.1812739994638832,306.3282260009146,84.82978723404256
1772910160,10,,Aggregated,127.000000,0.000000,3,6,10,12,21,64,290,310,1100,1200,1200,2617,2,3,24.282813121545285,0.8967110006778967,1186.1223080013588,2442.127244936951
1772910161,10,GET,/api/audio/latency,19.800000,0.000000,2,3,7,10,16,22,59,67,1100,1100,1100,405,0,2,13.20851904450665,1.0464049992151558,1110.973341999852,33.0
1772910161,10,GET,/api/audio/levels,19.900000,0.000000,3,9,12,15,49,140,940,960,1100,1100,1100,405,0,3,37.3870687135939,1.0510989995964337,1076.1117180009023,73.0
1772910161,10,GET,/api/audio/levels (during plugin swap),5.100000,0.000000,6,9,10,13,190,280,1100,1100,1100,1100,1100,98,0,3,40.23288697951975,1.0848849997273646,1077.0424279999133,73.0
1772910161,10,GET,/api/audio/levels/plugins,5.100000,0.000000,2,3,4,4,10,20,290,290,290,290,290,98,0,2,12.69444823469248,1.0422329996799817,321.178352998686,14.0
1772910161,10,GET,/api/audio/status,15.600000,0.000000,2,3,5,8,12,21,30,58,69,69,69,300,0,2,6.073897703372495,1.0856129993044306,69.12154499877943,168.0
1772910161,10,GET,/api/chains/,1.400000,0.000000,9,11,12,18,82,82,82,82,82,82,82,67,0,7,74.79457713430855,1.3395839996519499,1067.9698730000382,1448.2388059701493
1772910161,10,GET,/api/chains/{id},15.800000,0.000000,4,10,13,16,62,250,290,1000,1100,1100,1100,300,1,6,41.977302723383524,1.2377509992802516,1146.3634459996683,492.75333333333333
1772910161,10,POST,/api/chains/{id}/activate,15.600000,0.000000,3,8,11,12,19,69,320,1100,1200,1200,1200,300,1,3,22.99879087003016,0.8967110006778967,1186.1223080013588,50.95666666666666
1772910161,10,POST,/api/chains/{id}/deactivate,15.800000,0.000000,2,2,3,4,10,19,290,300,310,310,310,300,0,2,10.834460259993648,1.1712480009009596,368.8518489998387,61.5
1772910161,10,POST,/api/plugins/batch/parameters (500 updates),9.200000,0.000000,5,10,13,15,28,130,230,230,230,230,230,147,0,7,32.92773301374069,2.715395001359866,1065.046195000832,826.7074829931972
1772910161,10,GET,/api/plugins/discover,1.400000,0.000000,20,24,27,38,42,42,42,42,42,42,42,67,0,21,26.926989373201486,10.79270400077803,322.8276670015475,85406.01492537314
1772910161,10,GET,/api/plugins/list,1.400000,0.000000,4,8,9,10,84,84,84,84,84,84,84,67,0,3,17.168982179059842,1.1047920015698764,323.7777729991649,39.940298507462686
1772910161,10,POST,/api/plugins/load?uri,5.100000,0.000000,3,5,13,14,19,26,58,58,58,58,58,98,0,3,19.432974000126855,1.359858000796521,321.2473889998364,1934.8469387755101
1772910161,10,POST,/api/plugins/unload?uri,5.100000,0.000000,2,3,5,7,13,16,22,22,22,22,22,98,0,2,13.806856408225531,1.1812739994638832,306.3282260009146,85.01020408163265
1772910161,10,,Aggregated,136.300000,0.000000,3,6,10,12,20,62,250,310,1100,1200,1200,2750,2,3,24.111627001853115,0.8967110006778967,1186.1223080013588,2336.2916363636364
1772910162,10,GET,/api/audio/latency,18.300000,0.000000,2,3,7,9,18,22,59,67,1100,1100,1100,430,0,2,12.700684534933696,1.0464049992151558,1110.973341999852,33.0
1772910162,10,GET,/api/audio/levels,18.300000,0.000000,3,8,12,15,49,140,940,960,1100,1100,1100,430,0,3,35.60737503722458,1.0510989995964337,1076.1117180009023,73.0
1772910162,10,GET,/api/audio/levels (during plugin swap),4.700000,0.000000,6,9,11,13,190,280,1100,1100,1100,1100,1100,107,0,4,37.47372437379947,1.0848849997273646,1077.0424279999133,73.0
1772910162,10,GET,/api/audio/levels/plugins,4.700000,0.000000,2,3,4,4,10,20,290,290,290,290,290,107,0,2,11.906279457936218,1.0422329996799817,321.178352998686,14.0
1772910162,10,GET,/api/audio/status,14.100000,0.000000,2,3,5,8,12,21,30,58,69,69,69,318,0,2,5.9353647107260175,1.0856129993044306,69.12154499877943,168.0
1772910162,10,GET,/api/chains/,1.400000,0.000000,11,12,18,18,82,82,82,82,82,82,82,67,0,7,74.79457713430855,1.3395839996519499,1067.9698730000382,1448.2388059701493
1772910162,10,GET,/api/chains/{id},14.100000,0.000000,4,9,12,15,62,250,290,1000,1100,1100,1100,318,1,6,40.03352781451756,1.2377509992802516,1146.3634459996683,490.99056603773585
1772910162,10,POST,/api/chains/{id}/activate,14.100000,0.000000,3,7,10,12,19,69,320,1100,1200,1200,1200,318,1,3,22.008655559788533,0.8967110006778967,1186.1223080013588,51.075471698113205
1772910162,10,POST,/api/chains/{id}/deactivate,14.000000,0.000000,2,2,3,4,10,22,290,300,310,310,310,318,0,2,10.53307195910084,1.1712480009009596,368.8518489998387,61.4496855345912
1772910162,10,POST,/api/plugins/batch/parameters (500 updates),8.100000,0.000000,5,9,12,15,21,130,230,230,230,230,230,156,0,6,31.429414115546724,2.715395001359866,1065.046195000832,827.5897435897435
1772910162,10,GET,/api/plugins/discover,1.400000,0.000000,17,24,38,38,42,42,42,42,42,42,42,67,0,21,26.926989373201486,10.79270400077803,322.8276670015475,85406.01492537314
1772910162,10,GET,/api/plugins/list,1.400000,0.000000,4,8,9,9,84,84,84,84,84,84,84,67,0,3,17.168982179059842,1.1047920015698764,323.7777729991649,39.940298507462686
1772910162,10,POST,/api/plugins/load?uri,4.700000,0.000000,3,5,14,17,19,26,58,58,58,58,58,107,0,3,18.275685570222215,1.359858000796521,321.2473889998364,1993.0
1772910162,10,POST,/api/plugins/unload?uri,4.700000,0.000000,2,3,5,7,13,20,23,23,23,23,23,107,0,2,13.05419364490543,1.1812739994638832,306.3282260009146,84.66355140186916
1772910162,10,,Aggregated,124.000000,0.000000,3,6,9,11,20,62,250,310,1100,1200,1200,2917,2,3,23.05226453208851,0.8967110006778967,1186.1223080013588,2219.2512855673635
1772910163,10,GET,/api/audio/latency,18.700000,0.000000,2,4,7,9,20,59,75,78,1100,1100,1100,450,0,2,13.09239841561066,1.0464049992151558,1110.973341999852,33.0
1772910163,10,GET,/api/audio/levels,18.700000,0.000000,4,8,12,16,100,170,940,960,1100,1100,1100,450,0,4,36.78788142445329,1.0510989995964337,1076.1117180009023,73.0
1772910163,10,GET,/api/audio/levels (during plugin swap),4.700000,0.000000,6,10,13,21,190,280,1100,1100,1100,1100,1100,112,0,4,39.89510771426857,1.0848849997273646,1077.0424279999133,73.0
1772910163,10,GET,/api/audio/levels/plugins,4.700000,0.000000,3,4,4,8,18,20,290,290,290,290,290,112,0,2,11.848962776785552,1.0422329996799817,321.178352998686,14.0
1772910163,10,GET,/api/audio/status,13.800000,0.000000,2,3,6,8,11,14,22,23,58,58,58,330,0,2,5.909098712144249,1.0856129993044306,69.12154499877943,168.0
1772910163,10,GET,/api/chains/,1.200000,0.000000,11,12,18,18,82,82,82,82,82,82,82,67,0,7,74.79457713430855,1.3395839996519499,1067.9698730000382,1448.2388059701493
1772910163,10,GET,/api/chains/{id},13.800000,0.000000,4,8,12,15,80,250,290,1000,1100,1100,1100,330,1,6,40.750069624289495,1.2377509992802516,1146.3634459996683,490.7848484848485
1772910163,10,POST,/api/chains/{id}/activate,13.800000,0.000000,3,7,10,12,19,77,320,1100,1200,1200,1200,330,1,3,22.661887757606042,0.8967110006778967,1186.1223080013588,51.018181818181816
1772910163,10,POST,/api/chains/{id}/deactivate,13.800000,0.000000,2,3,4,5,10,19,290,300,310,310,310,330,0,2,10.289814687861178,1.1712480009009596,368.8518489998387,61.46969696969697
1772910163,10,POST,/api/plugins/batch/parameters (500 updates),7.500000,0.000000,5,10,13,15,80,200,230,230,230,230,230,162,0,6,32.905080135954194,2.715395001359866,1065.046195000832,827.4320987654321
1772910163,10,GET,/api/plugins/discover,1.200000,0.000000,17,24,38,38,42,42,42,42,42,42,42,67,0,21,26.926989373201486,10.79270400077803,322.8276670015475,85406.01492537314
1772910163,10,GET,/api/plugins/list,1.200000,0.000000,4,8,9,9,84,84,84,84,84,84,84,67,0,3,17.168982179059842,1.1047920015698764,323.7777729991649,39.940298507462686
1772910163,10,POST,/api/plugins/load?uri,4.700000,0.000000,3,8,17,19,22,58,75,75,75,75,75,112,0,3,19.073243035839887,1.359858000796521,321.2473889998364,2002.580357142857
1772910163,10,POST,/api/plugins/unload?uri,4.700000,0.000000,2,3,7,8,13,20,23,23,23,23,23,112,0,2,12.728165517890895,1.1812739994638832,306.3282260009146,84.63392857142857
1772910163,10,,Aggregated,122.500000,0.000000,3,6,9,11,21,90,270,320,1100,1200,1200,3031,2,3,23.547046084822423,0.8967110006778967,1186.1223080013588,2145.063345430551
1772910164,10,GET,/api/audio/latency,19.800000,0.000000,2,3,7,9,18,59,75,78,1100,1100,1100,479,0,2,12.497086632625374,1.0464049992151558,1110.973341999852,33.0
1772910164,10,GET,/api/audio/levels,19.800000,0.000000,4,8,12,17,62,160,940,960,1100,1100,1100,479,0,3,35.03704463883215,1.0510989995964337,1076.1117180009023,73.0
1772910164,10,GET,/api/audio/levels (during plugin swap),5.000000,0.000000,7,12,21,75,220,290,1100,1100,1100,1100,1100,116,0,4,39.08063494827729,1.0848849997273646,1077.0424279999133,73.0
1772910164,10,GET,/api/audio/levels/plugins,5.000000,0.000000,3,4,5,8,18,20,21,21,21,21,21,116,0,2,11.559660163772511,1.0422329996799817,321.178352998686,14.0
1772910164,10,GET,/api/audio/status,14.000000,0.000000,2,3,6,8,10,14,21,23,58,58,58,345,0,2,5.824542208727613,1.0856129993044306,69.12154499877943,168.0
1772910164,10,GET,/api/chains/,1.000000,0.000000,18,18,18,18,18,18,18,18,18,18,18,67,0,7,74.79457713430855,1.3395839996519499,1067.9698730000382,1448.2388059701493
1772910164,10,GET,/api/chains/{id},14.100000,0.000000,4,8,11,15,48,250,290,1000,1100,1100,1100,345,1,6,39.504726289891074,1.2377509992802516,1146.3634459996683,488.70144927536234
1772910164,10,POST,/api/chains/{id}/activate,14.100000,0.000000,3,7,10,11,16,53,320,1100,1200,1200,1200,345,1,3,22.008320086984053,0.8967110006778967,1186.1223080013588,51.0463768115942
1772910164,10,POST,/api/chains/{id}/deactivate,14.100000,0.000000,2,2,3,4,9,14,23,64,290,290,290,345,0,2,9.959320744910393,1.1712480009009596,368.8518489998387,61.492753623188406
1772910164,10,POST,/api/plugins/batch/parameters (500 updates),7.800000,0.000000,6,11,14,15,80,200,230,230,230,230,230,171,0,7,31.7517278890272,2.715395001359866,1065.046195000832,827.7777777777778
1772910164,10,GET,/api/plugins/discover,1.000000,0.000000,16,16,16,16,16,16,16,16,16,16,16,67,0,21,26.926989373201486,10.79270400077803,322.8276670015475,85406.01492537314
1772910164,10,GET,/api/plugins/list,1.000000,0.000000,4,4,4,4,4,4,4,4,4,4,4,67,0,3,17.168982179059842,1.1047920015698764,323.7777729991649,39.940298507462686
1772910164,10,POST,/api/plugins/load?uri,5.000000,0.000000,3,14,18,19,26,75,75,75,75,75,75,116,0,3,18.603030500124643,1.359858000796521,321.2473889998364,1986.8793103448277
1772910164,10,POST,/api/plugins/unload?uri,5.000000,0.000000,2,4,7,10,13,22,23,23,23,23,23,116,0,2,12.439409741420667,1.1812739994638832,306.3282260009146,84.37931034482759
1772910164,10,,Aggregated,126.700000,0.000000,3,6,9,11,20,75,230,320,1100,1200,1200,3174,2,3,22.780936398896046,0.8967110006778967,1186.1223080013588,2057.3349086326402
1772910165,10,GET,/api/audio/latency,19.200000,0.000000,2,3,7,9,20,59,89,94,1100,1100,1100,507,0,2,12.442231289995473,1.0464049992151558,1110.973341999852,33.0
1772910165,10,GET,/api/audio/levels,19.200000,0.000000,4,8,13,18,70,160,940,960,1100,1100,1100,507,0,3,33.78209004340336,1.0510989995964337,1076.1117180009023,73.0
1772910165,10,GET,/api/audio/levels (during plugin swap),4.600000,0.000000,8,14,29,75,190,280,1100,1100,1100,1100,1100,122,0,4,38.358343885252516,1.0848849997273646,1077.0424279999133,73.0
1772910165,10,GET,/api/audio/levels/plugins,4.600000,0.000000,3,4,4,5,11,18,21,21,21,21,21,120,0,2,11.225611499988494,1.0422329996799817,321.178352998686,14.0
1772910165,10,GET,/api/audio/status,13.700000,0.000000,2,3,6,9,11,14,21,23,58,58,58,356,0,2,5.700651806195862,1.0856129993044306,69.12154499877943,168.0
1772910165,10,GET,/api/chains/,0.700000,0.000000,18,18,18,18,18,18,18,18,18,18,18,67,0,7,74.79457713430855,1.3395839996519499,1067.9698730000382,1448.2388059701493
1772910165,10,GET,/api/chains/{id},13.700000,0.000000,5,10,15,23,80,260,290,1000,1100,1100,1100,361,1,6,38.80309692247773,1.2377509992802516,1146.3634459996683,484.4819944598338
1772910165,10,POST,/api/chains/{id}/activate,13.700000,0.000000,4,8,10,12,21,80,320,1100,1200,1200,1200,359,1,3,21.932522337071397,0.8967110006778967,1186.1223080013588,51.116991643454035
1772910165,10,POST,/api/chains/{id}/deactivate,13.700000,0.000000,2,3,3,4,8,14,23,64,290,290,290,356,0,2,9.708474266829123,1.1712480009009596,368.8518489998387,61.508426966292134
1772910165,10,POST,/api/plugins/batch/parameters (500 updates),7.800000,0.000000,7,11,15,18,80,200,230,230,230,230,230,179,0,7,30.778752352093075,2.715395001359866,1065.046195000832,827.8770949720671
1772910165,10,GET,/api/plugins/discover,0.700000,0.000000,16,16,16,16,16,16,16,16,16,16,16,67,0,21,26.926989373201486,10.79270400077803,322.8276670015475,85406.01492537314
1772910165,10,GET,/api/plugins/list,0.700000,0.000000,4,4,4,4,4,4,4,4,4,4,4,67,0,3,17.168982179059842,1.1047920015698764,323.7777729991649,39.940298507462686
1772910165,10,POST,/api/plugins/load?uri,4.600000,0.000000,3,8,17,19,22,58,75,75,75,75,75,120,0,3,18.119215016789287,1.359858000796521,321.2473889998364,1963.325
1772910165,10,POST,/api/plugins/unload?uri,4.600000,0.000000,2,3,7,8,12,16,23,23,23,23,23,120,0,2,12.07612707504874,1.1812739994638832,306.3282260009146,84.45
1772910165,10,,Aggregated,121.500000,0.000000,3,6,10,12,23,80,230,320,1100,1200,1200,3308,2,3,22.348358260005448,0.8967110006778967,1186.1223080013588,1981.5949214026602
1772910166,10,GET,/api/audio/latency,19.900000,0.000000,2,3,7,9,20,75,91,310,1100,1100,1100,516,0,2,12.927130044628107,1.0464049992151558,1110.973341999852,33.0
1772910166,10,GET,/api/audio/levels,19.900000,0.000000,4,8,12,18,74,160,940,960,1100,1100,1100,516,0,3,34.06308218605181,1.0510989995964337,1076.1117180009023,73.0
1772910166,10,GET,/api/audio/levels (during plugin swap),4.500000,0.000000,9,17,29,75,190,210,1100,1100,1100,1100,1100,125,0,5,40.77609991999634,1.0848849997273646,1077.0424279999133,73.0
1772910166,10,GET,/api/audio/levels/plugins,4.600000,0.000000,3,5,8,10,18,21,29,29,29,29,29,125,0,2,11.46920635997958,1.0422329996799817,321.178352998686,14.0
1772910166,10,GET,/api/audio/status,14.100000,0.000000,2,4,6,9,17,22,75,75,78,78,78,367,0,2,6.35150433244698,1.0856129993044306,77.561774998685,168.0
1772910166,10,GET,/api/chains/,0.200000,0.000000,18,18,18,18,18,18,18,18,18,18,18,67,0,7,74.79457713430855,1.3395839996519499,1067.9698730000382,1448.2388059701493
1772910166,10,GET,/api/chains/{id},14.000000,0.000000,6,11,16,24,120,270,560,1000,1100,1100,1100,367,2,6,42.16148767851431,1.2377509992802516,1146.3634459996683,482.6975476839237
1772910166,10,POST,/api/chains/{id}/activate,14.100000,0.000000,4,8,10,12,79,310,330,1100,1200,1200,1200,367,1,3,23.859125534083027,0.8967110006778967,1186.1223080013588,51.17438692098093
1772910166,10,POST,/api/chains/{id}/deactivate,14.300000,0.000000,2,3,3,6,13,28,290,330,650,650,650,367,0,2,12.373414422305181,1.1712480009009596,653.225547999682,61.45231607629428
1772910166,10,POST,/api/plugins/batch/parameters (500 updates),8.100000,0.000000,7,11,15,16,25,200,230,320,320,320,320,186,0,7,32.86207087110656,2.715395001359866,1065.046195000832,827.6774193548387
1772910166,10,GET,/api/plugins/discover,0.200000,0.000000,16,16,16,16,16,16,16,16,16,16,16,67,0,21,26.926989373201486,10.79270400077803,322.8276670015475,85406.01492537314
1772910166,10,GET,/api/plugins/list,0.200000,0.000000,4,4,4,4,4,4,4,4,4,4,4,67,0,3,17.168982179059842,1.1047920015698764,323.7777729991649,39.940298507462686
1772910166,10,POST,/api/plugins/load?uri,4.500000,0.000000,3,15,19,21,75,76,310,310,310,310,310,125,0,3,21.27132814412471,1.359858000796521,321.2473889998364,1945.56
1772910166,10,POST,/api/plugins/unload?uri,4.600000,0.000000,2,4,6,8,12,23,320,320,320,320,320,125,0,2,16.799054176051868,1.1812739994638832,320.24833700052113,84.52
1772910166,10,,Aggregated,123.200000,0.000000,3,7,10,13,28,130,320,650,1100,1200,1200,3387,3,3,23.831128657246285,0.8967110006778967,1186.1223080013588,1941.3433717153823
1772910167,10,GET,/api/audio/latency,20.500000,0.000000,2,3,7,9,20,59,91,310,1100,1100,1100,538,0,2,12.530878347635843,1.0464049992151558,1110.973341999852,33.0
1772910167,10,GET,/api/audio/levels,20.800000,0.000000,4,8,13,17,53,160,940,960,1100,1100,1100,538,0,3,32.926683789955725,1.0510989995964337,1076.1117180009023,73.0
1772910167,10,GET,/api/audio/levels (during plugin swap),4.400000,0.000000,8,17,29,75,190,210,1100,1100,1100,1100,1100,130,0,4,39.31792148459163,1.0848849997273646,1077.0424279999133,73.0
1772910167,10,GET,/api/audio/levels/plugins,4.400000,0.000000,3,5,9,11,18,21,29,29,29,29,29,130,0,2,11.169622638436312,1.0422329996799817,321.178352998686,14.0
1772910167,10,GET,/api/audio/status,13.600000,0.000000,2,3,6,9,14,21,75,75,78,78,78,393,0,2,6.151462216313646,1.0856129993044306,77.561774998685,168.0
1772910167,10,GET,/api/chains/,0.200000,0.000000,18,18,18,18,18,18,18,18,18,18,18,67,0,7,74.79457713430855,1.3395839996519499,1067.9698730000382,1448.2388059701493
1772910167,10,GET,/api/chains/{id},14.000000,0.000000,6,9,16,24,99,270,560,1000,1100,1100,1100,393,2,6,39.81916205602435,1.2377509992802516,1146.3634459996683,482.9440203562341
1772910167,10,POST,/api/chains/{id}/activate,13.600000,0.000000,3,7,10,11,73,310,330,1100,1200,1200,1200,393,1,3,22.593631358811034,0.8967110006778967,1186.1223080013588,51.31297709923664
1772910167,10,POST,/api/chains/{id}/deactivate,13.700000,0.000000,2,3,3,6,13,28,290,330,650,650,650,393,0,2,11.783369625933748,1.1712480009009596,653.225547999682,61.48854961832061
1772910167,10,POST,/api/plugins/batch/parameters (500 updates),8.400000,0.000000,6,12,14,17,28,200,230,320,320,320,320,202,0,6,30.79228950013887,2.715395001359866,1065.046195000832,828.1782178217821
1772910167,10,GET,/api/plugins/discover,0.200000,0.000000,16,16,16,16,16,16,16,16,16,16,16,67,0,21,26.926989373201486,10.79270400077803,322.8276670015475,85406.01492537314
1772910167,10,GET,/api/plugins/list,0.200000,0.000000,4,4,4,4,4,4,4,4,4,4,4,67,0,3,17.168982179059842,1.1047920015698764,323.7777729991649,39.940298507462686
1772910167,10,POST,/api/plugins/load?uri,4.400000,0.000000,3,8,16,19,75,76,310,310,310,310,310,130,0,3,20.528950323177224,1.359858000796521,321.2473889998364,1980.0307692307692
1772910167,10,POST,/api/plugins/unload?uri,4.400000,0.000000,2,4,6,8,12,23,320,320,320,320,320,130,0,2,16.240310407738434,1.1812739994638832,320.24833700052113,84.45384615384616
1772910167,10,,Aggregated,122.800000,0.000000,3,6,10,13,26,120,310,650,1100,1200,1200,3571,3,3,22.840066935899944,0.8967110006778967,1186.1223080013588,1855.5239428731447
1772910168,10,GET,/api/audio/latency,19.400000,0.000000,2,3,6,9,20,75,94,310,1100,1100,1100,555,0,2,12.465070549588491,1.0464049992151558,1110.973341999852,33.0
1772910168,10,GET,/api/audio/levels,19.400000,0.000000,4,9,16,19,53,160,940,960,1100,1100,1100,558,0,3,32.201781625437796,1.0510989995964337,1076.1117180009023,73.0
1772910168,10,GET,/api/audio/levels (during plugin swap),4.600000,0.000000,9,17,33,75,190,210,1100,1100,1100,1100,1100,135,0,4,38.31702931847421,1.0848849997273646,1077.0424279999133,73.0
1772910168,10,GET,/api/audio/levels/plugins,4.600000,0.000000,2,5,8,9,18,21,29,29,29,29,29,134,0,2,10.902494783552886,1.0422329996799817,321.178352998686,14.0
1772910168,10,GET,/api/audio/status,12.000000,0.000000,2,3,5,6,12,18,75,75,78,78,78,407,0,2,6.016857638855613,1.0856129993044306,77.561774998685,168.0
1772910168,10,GET,/api/chains/,0.200000,0.000000,18,18,18,18,18,18,18,18,18,18,18,67,0,7,74.79457713430855,1.3395839996519499,1067.9698730000382,1448.2388059701493
1772910168,10,GET,/api/chains/{id},12.000000,0.100000,5,10,19,26,75,250,560,1000,1100,1100,1100,410,2,6,38.81093837077592,1.2377509992802516,1146.3634459996683,484.45365853658535
1772910168,10,POST,/api/chains/{id}/activate,12.000000,0.000000,3,6,9,11,73,150,330,1100,1200,1200,1200,408,1,3,22.216973566209358,0.8967110006778967,1186.1223080013588,51.325980392156865
1772910168,10,POST,/api/chains/{id}/deactivate,12.100000,0.000000,2,2,3,4,12,22,290,330,650,650,650,407,0,2,11.455945648633817,1.1712480009009596,653.225547999682,61.5061425061425
1772910168,10,POST,/api/plugins/batch/parameters (500 updates),8.000000,0.000000,6,12,15,17,28,200,230,320,320,320,320,211,0,6,30.04954550251827,2.715395001359866,1065.046195000832,828.4644549763033
1772910168,10,GET,/api/plugins/discover,0.200000,0.000000,16,16,16,16,16,16,16,16,16,16,16,67,0,21,26.926989373201486,10.79270400077803,322.8276670015475,85406.01492537314
1772910168,10,GET,/api/plugins/list,0.200000,0.000000,4,4,4,4,4,4,4,4,4,4,4,67,0,3,17.168982179059842,1.1047920015698764,323.7777729991649,39.940298507462686
1772910168,10,POST,/api/plugins/load?uri,4.600000,0.000000,3,11,19,21,75,78,310,310,310,310,310,135,0,3,20.82792237787443,1.359858000796521,321.2473889998364,1971.348148148148
1772910168,10,POST,/api/plugins/unload?uri,4.600000,0.000000,2,3,5,6,11,23,320,320,320,320,320,134,0,2,15.82131847021289,1.1812739994638832,320.24833700052113,84.40298507462687
1772910168,10,,Aggregated,113.900000,0.100000,3,6,10,14,29,120,310,560,1100,1200,1200,3695,3,3,22.421334101515257,0.8967110006778967,1186.1223080013588,1801.871447902571
1772910169,10,GET,/api/audio/latency,19.500000,0.000000,2,3,5,9,20,75,310,310,320,320,320,577,0,2,13.74509563261806,1.0464049992151558,1110.973341999852,33.0
1772910169,10,GET,/api/audio/levels,19.500000,0.000000,3,8,13,17,34,140,180,250,260,260,260,577,0,3,31.708978058922526,1.0510989995964337,1076.1117180009023,73.0
1772910169,10,GET,/api/audio/levels (during plugin swap),4.500000,0.000000,7,13,21,52,190,210,220,220,220,220,220,143,0,4,37.91964320975036,1.0848849997273646,1077.0424279999133,73.0
1772910169,10,GET,/api/audio/levels/plugins,4.500000,0.000000,2,4,5,9,18,27,310,310,310,310,310,143,0,2,12.602690832151696,1.0422329996799817,321.178352998686,14.0
1772910169,10,GET,/api/audio/status,13.600000,0.000000,2,3,5,6,12,21,75,78,310,310,310,419,0,2,6.719439625327284,1.0856129993044306,311.04845899972133,168.0
1772910169,10,GET,/api/chains/,0.000000,0.000000,18,18,18,18,18,18,18,18,18,18,18,67,0,7,74.79457713430855,1.3395839996519499,1067.9698730000382,1448.2388059701493
1772910169,10,GET,/api/chains/{id},13.600000,0.100000,5,9,15,23,72,210,350,360,560,560,560,419,2,6,38.83664127690133,1.2377509992802516,1146.3634459996683,484.37947494033415
1772910169,10,POST,/api/chains/{id}/activate,13.600000,0.000000,3,6,8,11,53,150,330,330,430,430,430,419,1,3,23.57126235563942,0.8967110006778967,1186.1223080013588,51.31264916467781
1772910169,10,POST,/api/chains/{id}/deactivate,13.600000,0.000000,2,3,3,4,12,22,290,330,650,650,650,419,0,2,11.29233284962816,1.1712480009009596,653.225547999682,61.46062052505967
1772910169,10,POST,/api/plugins/batch/parameters (500 updates),8.600000,0.000000,6,12,15,18,28,200,230,320,320,320,320,217,0,6,29.44117024899368,2.715395001359866,1065.046195000832,828.8755760368664
1772910169,10,GET,/api/plugins/discover,0.000000,0.000000,16,16,16,16,16,16,16,16,16,16,16,67,0,21,26.926989373201486,10.79270400077803,322.8276670015475,85406.01492537314
1772910169,10,GET,/api/plugins/list,0.000000,0.000000,4,4,4,4,4,4,4,4,4,4,4,67,0,3,17.168982179059842,1.1047920015698764,323.7777729991649,39.940298507462686
1772910169,10,POST,/api/plugins/load?uri,4.500000,0.000000,3,6,16,19,75,78,310,310,310,310,310,143,0,3,19.946511713394603,1.359858000796521,321.2473889998364,1982.93006993007
1772910169,10,POST,/api/plugins/unload?uri,4.500000,0.000000,2,3,5,6,12,23,320,320,320,320,320,143,0,2,15.075287594477963,1.1812739994638832,320.24833700052113,84.27272727272727
1772910169,10,,Aggregated,120.000000,0.100000,3,5,9,12,24,94,260,320,560,650,650,3820,3,3,22.64661167123283,0.8967110006778967,1186.1223080013588,1751.7248691099476
1772910170,10,GET,/api/audio/latency,19.500000,0.000000,2,3,4,8,18,75,310,310,320,320,320,588,0,2,13.558973797651461,1.0464049992151558,1110.973341999852,33.0
1772910170,10,GET,/api/audio/levels,19.500000,0.000000,3,8,13,16,27,130,160,250,260,260,260,588,0,3,31.22388740476232,1.0510989995964337,1076.1117180009023,73.0
1772910170,10,GET,/api/audio/levels (during plugin swap),4.500000,0.000000,4,11,17,21,79,210,220,220,220,220,220,149,0,4,36.55024642277518,1.0848849997273646,1077.0424279999133,73.0
1772910170,10,GET,/api/audio/levels/plugins,4.500000,0.000000,2,4,5,8,17,27,29,310,310,310,310,149,0,2,12.141714483207414,1.0422329996799817,321.178352998686,14.0
1772910170,10,GET,/api/audio/status,13.600000,0.000000,2,3,4,6,11,18,75,78,310,310,310,430,0,2,6.612589551192752,1.0856129993044306,311.04845899972133,168.0
1772910170,10,GET,/api/chains/,0.000000,0.000000,18,18,18,18,18,18,18,18,18,18,18,67,0,7,74.79457713430855,1.3395839996519499,1067.9698730000382,1448.2388059701493
1772910170,10,GET,/api/chains/{id},13.600000,0.100000,5,9,12,22,52,180,350,360,560,560,560,430,2,6,37.96611582795374,1.2377509992802516,1146.3634459996683,485.16511627906976
1772910170,10,POST,/api/chains/{id}/activate,13.600000,0.000000,3,6,8,11,25,120,330,330,430,430,430,430,1,3,23.092083797704152,0.8967110006778967,1186.1223080013588,51.36046511627907
1772910170,10,POST,/api/chains/{id}/deactivate,13.600000,0.000000,2,3,3,4,10,19,64,330,650,650,650,430,0,2,11.08280063951899,1.1712480009009596,653.225547999682,61.41627906976744
1772910170,10,POST,/api/plugins/batch/parameters (500 updates),8.600000,0.000000,5,14,16,18,25,120,210,320,320,320,320,226,0,6,28.676209354123994,2.715395001359866,1065.046195000832,829.1504424778761
1772910170,10,GET,/api/plugins/discover,0.000000,0.000000,16,16,16,16,16,16,16,16,16,16,16,67,0,21,26.926989373201486,10.79270400077803,322.8276670015475,85406.01492537314
1772910170,10,GET,/api/plugins/list,0.000000,0.000000,4,4,4,4,4,4,4,4,4,4,4,67,0,3,17.168982179059842,1.1047920015698764,323.7777729991649,39.940298507462686
1772910170,10,POST,/api/plugins/load?uri,4.500000,0.000000,3,4,11,16,75,78,130,310,310,310,310,149,0,3,19.215714845746493,1.359858000796521,321.2473889998364,2046.2617449664428
1772910170,10,POST,/api/plugins/unload?uri,4.500000,0.000000,2,3,4,6,11,23,320,320,320,320,320,149,0,2,14.584094409473126,1.1812739994638832,320.24833700052113,84.20805369127517
1772910170,10,,Aggregated,120.000000,0.100000,3,5,9,11,23,78,250,320,560,650,650,3919,3,3,22.182732798701092,0.8967110006778967,1186.1223080013588,1717.6282214850728
1772910171,10,GET,/api/audio/latency,19.700000,0.000000,2,3,5,10,21,92,310,310,320,320,320,592,0,2,14.09036435307285,1.0464049992151558,1110.973341999852,33.0
1772910171,10,GET,/api/audio/levels,19.800000,0.000000,3,8,14,18,53,160,1000,1100,1100,1100,1100,592,0,3,38.220082462839244,1.0510989995964337,1107.8050169999187,73.0
1772910171,10,GET,/api/audio/levels (during plugin swap),4.600000,0.000000,4,12,20,33,160,210,220,220,220,220,220,149,0,4,36.55024642277518,1.0848849997273646,1077.0424279999133,73.0
1772910171,10,GET,/api/audio/levels/plugins,4.600000,0.000000,2,4,5,11,18,27,310,310,310,310,310,149,0,2,12.141714483207414,1.0422329996799817,321.178352998686,14.0
1772910171,10,GET,/api/audio/status,13.400000,0.000000,2,3,5,7,12,22,75,78,310,310,310,430,0,2,6.612589551192752,1.0856129993044306,311.04845899972133,168.0
1772910171,10,GET,/api/chains/,0.000000,0.000000,18,18,18,18,18,18,18,18,18,18,18,67,0,7,74.79457713430855,1.3395839996519499,1067.9698730000382,1448.2388059701493
1772910171,10,GET,/api/chains/{id},13.600000,0.100000,6,10,19,26,99,350,1000,1100,1100,1100,1100,433,2,6,45.213444706744646,1.2377509992802516,1146.3634459996683,485.6535796766744
1772910171,10,POST,/api/chains/{id}/activate,13.400000,0.000000,3,6,8,14,79,150,330,330,430,430,430,433,1,3,23.47881370210616,0.8967110006778967,1186.1223080013588,51.30484988452656
1772910171,10,POST,/api/chains/{id}/deactivate,13.400000,0.000000,2,3,3,4,10,19,29,330,650,650,650,430,0,2,11.08280063951899,1.1712480009009596,653.225547999682,61.41627906976744
1772910171,10,POST,/api/plugins/batch/parameters (500 updates),7.800000,0.000000,6,14,18,21,98,320,1000,1100,1100,1100,1100,229,0,6,41.91125105691007,2.715395001359866,1098.6739590007346,829.1091703056769
1772910171,10,GET,/api/plugins/discover,0.000000,0.000000,16,16,16,16,16,16,16,16,16,16,16,67,0,21,26.926989373201486,10.79270400077803,322.8276670015475,85406.01492537314
1772910171,10,GET,/api/plugins/list,0.000000,0.000000,4,4,4,4,4,4,4,4,4,4,4,67,0,3,17.168982179059842,1.1047920015698764,323.7777729991649,39.940298507462686
1772910171,10,POST,/api/plugins/load?uri,4.600000,0.000000,3,5,11,16,75,78,310,310,310,310,310,149,0,3,19.215714845746493,1.359858000796521,321.2473889998364,2046.2617449664428
1772910171,10,POST,/api/plugins/unload?uri,4.600000,0.000000,2,3,4,6,11,22,320,320,320,320,320,149,0,2,14.584094409473126,1.1812739994638832,320.24833700052113,84.20805369127517
1772910171,10,,Aggregated,119.500000,0.100000,3,5,10,14,43,130,320,650,1100,1100,1100,3936,3,3,24.942877844540174,0.8967110006778967,1186.1223080013588,1711.4034552845528
1772910172,10,GET,/api/audio/latency,20.900000,0.000000,2,3,4,5,20,92,310,310,320,320,320,615,0,2,13.796240104101145,1.0464049992151558,1110.973341999852,33.0
1772910172,10,GET,/api/audio/levels,20.900000,0.000000,3,7,12,16,27,150,1000,1100,1100,1100,1100,615,0,3,37.83034939025254,1.0510989995964337,1107.8050169999187,73.0
1772910172,10,GET,/api/audio/levels (during plugin swap),5.500000,0.000000,2,7,12,20,79,200,220,220,220,220,220,155,0,3,36.17025630317644,1.0848849997273646,1077.0424279999133,73.0
1772910172,10,GET,/api/audio/levels/plugins,5.500000,0.000000,2,2,4,5,17,27,310,310,310,310,310,155,0,2,11.742781645138635,1.0422329996799817,321.178352998686,14.0
1772910172,10,GET,/api/audio/status,14.400000,0.000000,2,3,4,6,17,75,330,340,340,340,340,451,0,2,8.6997907871779,1.0856129993044306,338.100212999052,168.0
1772910172,10,GET,/api/chains/,0.000000,0.000000,18,18,18,18,18,18,18,18,18,18,18,67,0,7,74.79457713430855,1.3395839996519499,1067.9698730000382,1448.2388059701493
1772910172,10,GET,/api/chains/{id},14.300000,0.100000,5,10,16,24,120,320,1000,1100,1100,1100,1100,451,2,6,46.014911669671285,1.2377509992802516,1146.3634459996683,486.9689578713969
1772910172,10,POST,/api/chains/{id}/activate,14.400000,0.000000,3,6,9,12,73,80,330,330,430,430,430,451,1,3,22.830357119763885,0.8967110006778967,1186.1223080013588,51.430155210643015
1772910172,10,POST,/api/chains/{id}/deactivate,14.500000,0.000000,2,3,4,6,14,22,40,330,650,650,650,451,0,2,11.006934769383085,1.1712480009009596,653.225547999682,61.33259423503326
1772910172,10,POST,/api/plugins/batch/parameters (500 updates),8.800000,0.000000,6,14,17,19,25,320,1000,1100,1100,1100,1100,238,0,6,40.67562289088803,2.715395001359866,1098.6739590007346,829.2268907563025
1772910172,10,GET,/api/plugins/discover,0.000000,0.000000,16,16,16,16,16,16,16,16,16,16,16,67,0,21,26.926989373201486,10.79270400077803,322.8276670015475,85406.01492537314
1772910172,10,GET,/api/plugins/list,0.000000,0.000000,4,4,4,4,4,4,4,4,4,4,4,67,0,3,17.168982179059842,1.1047920015698764,323.7777729991649,39.940298507462686
1772910172,10,POST,/api/plugins/load?uri,5.500000,0.000000,2,3,6,11,22,78,310,310,310,310,310,155,0,3,18.667350258164657,1.359858000796521,321.2473889998364,2018.9225806451614
1772910172,10,POST,/api/plugins/unload?uri,5.500000,0.000000,2,2,3,4,11,22,320,320,320,320,320,155,0,2,14.17153589041376,1.1812739994638832,320.24833700052113,84.4
1772910172,10,,Aggregated,130.200000,0.100000,3,5,9,12,24,95,320,650,1100,1100,1100,4093,3,3,24.88402522211625,0.8967110006778967,1186.1223080013588,1654.093330075739
1772910173,10,GET,/api/audio/latency,18.700000,0.000000,2,3,4,7,20,92,310,310,320,320,320,644,0,2,13.353605563716313,1.0464049992151558,1110.973341999852,33.0
1772910173,10,GET,/api/audio/levels,18.700000,0.000000,3,7,11,14,24,150,1000,1100,1100,1100,1100,644,0,3,36.33532925466582,1.0510989995964337,1107.8050169999187,73.0
1772910173,10,GET,/api/audio/levels (during plugin swap),5.200000,0.000000,2,7,11,12,79,200,220,220,220,220,220,163,0,3,34.56935547848196,1.0598709995974787,1077.0424279999133,73.0
1772910173,10,GET,/api/audio/levels/plugins,5.200000,0.000000,1,2,4,4,17,27,310,310,310,310,310,162,0,2,11.31957587034619,1.0422329996799817,321.178352998686,14.0
1772910173,10,GET,/api/audio/status,13.100000,0.000000,2,3,4,5,17,75,330,340,340,340,340,464,0,2,8.544307816852529,1.0856129993044306,338.100212999052,168.0
1772910173,10,GET,/api/chains/,0.000000,0.000000,18,18,18,18,18,18,18,18,18,18,18,67,0,7,74.79457713430855,1.3395839996519499,1067.9698730000382,1448.2388059701493
1772910173,10,GET,/api/chains/{id},13.400000,0.100000,6,10,16,24,180,350,1000,1100,1100,1100,1100,464,2,6,44.9635982198672,1.2377509992802516,1146.3634459996683,487.68318965517244
1772910173,10,POST,/api/chains/{id}/activate,13.400000,0.000000,3,6,10,15,78,120,330,330,430,430,430,464,1,3,22.382642571148516,0.8967110006778967,1186.1223080013588,51.400862068965516
1772910173,10,POST,/api/chains/{id}/deactivate,13.100000,0.000000,2,3,4,9,17,28,40,330,650,650,650,464,0,2,10.831931887905895,1.1712480009009596,653.225547999682,61.35129310344828
1772910173,10,POST,/api/plugins/batch/parameters (500 updates),8.300000,0.000000,5,12,15,18,24,320,1000,1100,1100,1100,1100,250,0,6,39.03141388410586,2.715395001359866,1098.6739590007346,828.976
1772910173,10,GET,/api/plugins/discover,0.000000,0.000000,16,16,16,16,16,16,16,16,16,16,16,67,0,21,26.926989373201486,10.79270400077803,322.8276670015475,85406.01492537314
1772910173,10,GET,/api/plugins/list,0.000000,0.000000,4,4,4,4,4,4,4,4,4,4,4,67,0,3,17.168982179059842,1.1047920015698764,323.7777729991649,39.940298507462686
1772910173,10,POST,/api/plugins/load?uri,5.200000,0.000000,2,3,6,9,22,78,310,310,310,310,310,163,0,3,17.921089742454022,1.32594299975608,321.2473889998364,2007.6564417177915
1772910173,10,POST,/api/plugins/unload?uri,5.200000,0.000000,1,2,2,3,11,22,320,320,320,320,320,162,0,2,13.635026037117774,1.1812739994638832,320.24833700052113,84.1604938271605
1772910173,10,,Aggregated,119.500000,0.100000,3,4,8,12,24,120,320,650,1100,1100,1100,4245,3,3,24.16042715809792,0.8967110006778967,1186.1223080013588,1604.0098939929328
1772910174,10,GET,/api/audio/latency,18.400000,0.000000,2,4,8,11,23,92,310,310,320,320,320,666,0,2,13.4523817673175,1.0464049992151558,1110.973341999852,33.0
1772910174,10,GET,/api/audio/levels,18.400000,0.000000,3,7,13,16,56,260,1000,1100,1100,1100,1100,666,0,3,36.87571944744839,1.0510989995964337,1107.8050169999187,73.0
1772910174,10,GET,/api/audio/levels (during plugin swap),4.700000,0.000000,2,7,11,33,150,200,220,220,220,220,220,169,0,3,35.74383348517284,1.0598709995974787,1077.0424279999133,73.0
1772910174,10,GET,/api/audio/levels/plugins,4.700000,0.000000,2,2,4,5,17,29,310,310,310,310,310,169,0,2,11.588316662683077,1.0422329996799817,321.178352998686,14.0
1772910174,10,GET,/api/audio/status,13.400000,0.000000,2,3,4,7,17,75,330,340,340,340,340,476,0,2,8.44437448113087,1.0856129993044306,338.100212999052,168.0
1772910174,10,GET,/api/chains/,0.000000,0.000000,0,0,0,0,0,0,0,0,0,0,0,67,0,7,74.79457713430855,1.3395839996519499,1067.9698730000382,1448.2388059701493
1772910174,10,GET,/api/chains/{id},13.300000,0.100000,6,10,20,28,220,350,1000,1100,1100,1100,1100,476,2,6,45.50480604206039,1.2377509992802516,1146.3634459996683,488.69117647058823
1772910174,10,POST,/api/chains/{id}/activate,13.300000,0.000000,4,8,12,17,78,120,330,330,430,430,430,476,1,3,22.302065836169383,0.8967110006778967,1186.1223080013588,51.35504201680672
1772910174,10,POST,/api/chains/{id}/deactivate,13.400000,0.000000,2,3,6,10,17,28,40,330,650,650,650,475,0,2,10.67403256209218,1.1712480009009596,653.225547999682,61.31368421052632
1772910174,10,POST,/api/plugins/batch/parameters (500 updates),8.300000,0.000000,6,13,15,21,43,320,1000,1100,1100,1100,1100,256,0,6,38.77955256650978,2.715395001359866,1098.6739590007346,829.0625
1772910174,10,GET,/api/plugins/discover,0.000000,0.000000,0,0,0,0,0,0,0,0,0,0,0,67,0,21,26.926989373201486,10.79270400077803,322.8276670015475,85406.01492537314
1772910174,10,GET,/api/plugins/list,0.000000,0.000000,0,0,0,0,0,0,0,0,0,0,0,67,0,3,17.168982179059842,1.1047920015698764,323.7777729991649,39.940298507462686
1772910174,10,POST,/api/plugins/load?uri,4.700000,0.000000,2,3,6,11,22,78,310,310,310,310,310,169,0,3,17.603127911355216,1.32594299975608,321.2473889998364,2008.7810650887575
1772910174,10,POST,/api/plugins/unload?uri,4.700000,0.000000,2,2,3,6,14,22,320,320,320,320,320,169,0,2,13.32409508292246,1.1812739994638832,320.24833700052113,84.35502958579882
1772910174,10,,Aggregated,117.300000,0.100000,3,6,10,14,37,150,320,650,1100,1100,1100,4368,3,3,24.268164016284523,0.8967110006778967,1186.1223080013588,1565.7838827838827
1772910175,10,GET,/api/audio/latency,19.600000,0.000000,2,3,4,8,19,80,130,310,320,320,320,683,0,2,13.165245723327189,1.0464049992151558,1110.973341999852,33.0
1772910175,10,GET,/api/audio/levels,19.700000,0.000000,3,7,11,14,41,260,1000,1100,1100,1100,1100,683,0,3,36.06600464274917,1.0510989995964337,1107.8050169999187,73.0
1772910175,10,GET,/api/audio/levels (during plugin swap),5.100000,0.000000,2,2,7,9,52,150,180,220,220,220,220,177,0,3,34.243946841779895,1.0598709995974787,1077.0424279999133,73.0
1772910175,10,GET,/api/audio/levels/plugins,5.100000,0.000000,1,2,3,4,13,17,110,310,310,310,310,177,0,2,11.282879084710093,1.0422329996799817,321.178352998686,14.0
1772910175,10,GET,/api/audio/status,13.400000,0.000000,2,3,4,5,12,14,330,340,340,340,340,502,0,2,8.191223735115367,1.0856129993044306,338.100212999052,168.0
1772910175,10,GET,/api/chains/,0.000000,0.000000,0,0,0,0,0,0,0,0,0,0,0,67,0,7,74.79457713430855,1.3395839996519499,1067.9698730000382,1448.2388059701493
1772910175,10,GET,/api/chains/{id},13.400000,0.100000,5,8,12,16,72,250,1000,1100,1100,1100,1100,502,2,6,43.43022683469572,1.2377509992802516,1146.3634459996683,490.59760956175296
1772910175,10,POST,/api/chains/{id}/activate,13.400000,0.000000,3,5,8,10,20,77,120,330,430,430,430,502,1,3,21.35017622912713,0.8967110006778967,1186.1223080013588,51.40438247011952
1772910175,10,POST,/api/chains/{id}/deactivate,13.400000,0.000000,2,3,4,8,14,19,22,37,40,40,40,502,0,2,10.372890551784314,1.1712480009009596,653.225547999682,61.35059760956175
1772910175,10,POST,/api/plugins/batch/parameters (500 updates),8.600000,0.000000,5,12,14,15,34,54,1000,1100,1100,1100,1100,264,0,7,37.95936852660623,2.715395001359866,1098.6739590007346,829.0
1772910175,10,GET,/api/plugins/discover,0.000000,0.000000,0,0,0,0,0,0,0,0,0,0,0,67,0,21,26.926989373201486,10.79270400077803,322.8276670015475,85406.01492537314
1772910175,10,GET,/api/plugins/list,0.000000,0.000000,0,0,0,0,0,0,0,0,0,0,0,67,0,3,17.168982179059842,1.1047920015698764,323.7777729991649,39.940298507462686
1772910175,10,POST,/api/plugins/load?uri,5.100000,0.000000,2,3,4,6,11,20,22,130,130,130,130,177,0,3,16.965629598982076,1.3190320005378453,321.2473889998364,2043.6892655367233
1772910175,10,POST,/api/plugins/unload?uri,5.100000,0.000000,1,2,2,3,9,14,15,22,22,22,22,177,0,2,12.803277113099762,1.1812739994638832,320.24833700052113,84.50847457627118
1772910175,10,,Aggregated,121.900000,0.100000,3,4,8,10,19,72,280,340,1100,1100,1100,4547,3,3,23.483214523893622,0.8967110006778967,1186.1223080013588,1515.8288981746207
1772910176,10,GET,/api/audio/latency,18.100000,0.000000,2,4,7,10,23,91,140,310,320,320,320,698,0,2,13.607728702054452,1.0464049992151558,1110.973341999852,33.0
1772910176,10,GET,/api/audio/levels,18.100000,0.000000,3,7,11,16,54,260,1000,1100,1100,1100,1100,698,0,3,35.7342878194811,1.0510989995964337,1107.8050169999187,73.0
1772910176,10,GET,/api/audio/levels (during plugin swap),5.300000,0.000000,2,4,9,12,100,150,220,220,220,220,220,179,0,3,34.10738719551331,1.0598709995974787,1077.0424279999133,73.0
1772910176,10,GET,/api/audio/levels/plugins,5.300000,0.000000,2,2,3,4,13,17,310,310,310,310,310,179,0,2,11.18806734075152,1.0422329996799817,321.178352998686,14.0
1772910176,10,GET,/api/audio/status,12.900000,0.000000,2,3,4,6,12,23,330,340,340,340,340,511,0,2,8.266153377746498,1.0856129993044306,338.100212999052,168.0
1772910176,10,GET,/api/chains/,0.000000,0.000000,0,0,0,0,0,0,0,0,0,0,0,67,0,7,74.79457713430855,1.3395839996519499,1067.9698730000382,1448.2388059701493
1772910176,10,GET,/api/chains/{id},12.900000,0.100000,6,10,16,23,96,250,1000,1100,1100,1100,1100,515,2,6,43.23810296119315,1.2018790002912283,1146.3634459996683,490.16699029126215
1772910176,10,POST,/api/chains/{id}/activate,12.900000,0.000000,3,6,9,12,27,80,160,330,430,430,430,513,1,3,21.69912342304027,0.8967110006778967,1186.1223080013588,51.44249512670565
1772910176,10,POST,/api/chains/{id}/deactivate,12.900000,0.000000,2,3,5,9,14,21,37,40,68,68,68,511,0,2,10.351488755370971,1.1712480009009596,653.225547999682,61.26418786692759
1772910176,10,POST,/api/plugins/batch/parameters (500 updates),8.500000,0.000000,8,13,15,18,34,54,1000,1100,1100,1100,1100,278,0,7,36.5433255144695,2.715395001359866,1098.6739590007346,829.1798561151079
1772910176,10,GET,/api/plugins/discover,0.000000,0.000000,0,0,0,0,0,0,0,0,0,0,0,67,0,21,26.926989373201486,10.79270400077803,322.8276670015475,85406.01492537314
1772910176,10,GET,/api/plugins/list,0.000000,0.000000,0,0,0,0,0,0,0,0,0,0,0,67,0,3,17.168982179059842,1.1047920015698764,323.7777729991649,39.940298507462686
1772910176,10,POST,/api/plugins/load?uri,5.300000,0.000000,2,3,5,7,19,20,130,130,130,130,130,179,0,3,16.819255480557167,1.3190320005378453,321.2473889998364,2044.5474860335196
1772910176,10,POST,/api/plugins/unload?uri,5.300000,0.000000,2,2,3,3,11,14,22,22,22,22,22,179,0,2,12.68717502804147,1.1812739994638832,320.24833700052113,84.42458100558659
1772910176,10,,Aggregated,117.500000,0.100000,3,5,9,12,23,90,310,430,1100,1100,1100,4641,3,3,23.45784630061242,0.8967110006778967,1186.1223080013588,1490.8532643826761
1772910177,10,GET,/api/audio/latency,17.500000,0.000000,2,4,7,10,69,92,140,310,320,320,320,705,0,2,13.496921638345015,1.0464049992151558,1110.973341999852,33.0
1772910177,10,GET,/api/audio/levels,17.200000,0.000000,3,7,11,15,62,270,1000,1100,1100,1100,1100,706,0,3,36.18680945041875,1.0510989995964337,1107.8050169999187,73.0
1772910177,10,GET,/api/audio/levels (during plugin swap),5.600000,0.000000,2,2,9,12,100,150,220,220,220,220,220,180,0,3,33.93096821108783,1.0598709995974787,1077.0424279999133,73.0
1772910177,10,GET,/api/audio/levels/plugins,5.600000,0.000000,1,2,3,4,13,17,310,310,310,310,310,180,0,2,11.132289033301074,1.0422329996799817,321.178352998686,14.0
1772910177,10,GET,/api/audio/status,14.000000,0.000000,2,3,5,7,13,310,340,370,370,370,370,522,0,2,9.655055191622216,1.0856129993044306,371.0155640001176,168.0
1772910177,10,GET,/api/chains/,0.000000,0.000000,0,0,0,0,0,0,0,0,0,0,0,67,0,7,74.79457713430855,1.3395839996519499,1067.9698730000382,1448.2388059701493
1772910177,10,GET,/api/chains/{id},13.600000,0.100000,7,13,23,81,310,460,1000,1100,1100,1100,1100,522,4,6,49.19875220309024,1.2018790002912283,1146.3634459996683,489.1111111111111
1772910177,10,POST,/api/chains/{id}/activate,14.000000,0.000000,4,8,11,17,68,160,430,500,830,830,830,522,1,3,24.19363085828151,0.8967110006778967,1186.1223080013588,51.44444444444444
1772910177,10,POST,/api/chains/{id}/deactivate,14.000000,0.000000,2,4,6,10,15,22,64,68,460,460,460,522,0,2,11.201809032559401,1.1712480009009596,653.225547999682,61.229885057471265
1772910177,10,POST,/api/plugins/batch/parameters (500 updates),8.500000,0.000000,9,14,18,22,49,330,1000,1100,1100,1100,1100,282,0,7,39.10770677312223,2.715395001359866,1098.6739590007346,829.2482269503546
1772910177,10,GET,/api/plugins/discover,0.000000,0.000000,0,0,0,0,0,0,0,0,0,0,0,67,0,21,26.926989373201486,10.79270400077803,322.8276670015475,85406.01492537314
1772910177,10,GET,/api/plugins/list,0.000000,0.000000,0,0,0,0,0,0,0,0,0,0,0,67,0,3,17.168982179059842,1.1047920015698764,323.7777729991649,39.940298507462686
1772910177,10,POST,/api/plugins/load?uri,5.600000,0.000000,2,3,5,7,19,20,130,130,130,130,130,180,0,3,16.737087822336132,1.3190320005378453,321.2473889998364,2039.0833333333333
1772910177,10,POST,/api/plugins/unload?uri,5.600000,0.000000,1,2,2,3,11,14,22,22,22,22,22,180,0,2,12.62340344455879,1.1812739994638832,320.24833700052113,84.35
1772910177,10,,Aggregated,121.200000,0.100000,3,6,10,13,48,180,360,830,1100,1100,1100,4702,5,3,24.80894068782209,0.8967110006778967,1186.1223080013588,1473.8979157805188
1772910178,10,GET,/api/audio/latency,18.000000,0.000000,2,3,7,9,20,86,92,95,140,140,140,733,0,2,13.132467241516858,1.0464049992151558,1110.973341999852,33.0
1772910178,10,GET,/api/audio/levels,18.300000,0.000000,3,7,11,14,60,270,1000,1100,1100,1100,1100,733,0,3,35.03698561254301,1.0510989995964337,1107.8050169999187,73.0
1772910178,10,GET,/api/audio/levels (during plugin swap),5.500000,0.000000,2,2,9,11,23,120,180,180,180,180,180,183,0,3,33.49626508194584,1.0598709995974787,1077.0424279999133,73.0
1772910178,10,GET,/api/audio/levels/plugins,5.500000,0.000000,1,2,3,3,5,16,110,110,110,110,110,183,0,2,10.973490300501476,1.0422329996799817,321.178352998686,14.0
1772910178,10,GET,/api/audio/status,14.400000,0.000000,2,3,4,6,12,86,340,370,370,370,370,537,0,2,9.435664724442448,1.0856129993044306,371.0155640001176,168.0
1772910178,10,GET,/api/chains/,0.000000,0.000000,0,0,0,0,0,0,0,0,0,0,0,67,0,7,74.79457713430855,1.3395839996519499,1067.9698730000382,1448.2388059701493
1772910178,10,GET,/api/chains/{id},14.700000,0.000000,6,13,23,35,310,460,1000,1100,1100,1100,1100,537,4,6,48.04274635197589,1.2018790002912283,1146.3634459996683,489.4115456238361
1772910178,10,POST,/api/chains/{id}/activate,14.500000,0.000000,3,6,10,11,58,78,160,500,830,830,830,537,1,3,23.578977664841883,0.8967110006778967,1186.1223080013588,51.45065176908752
1772910178,10,POST,/api/chains/{id}/deactivate,14.400000,0.000000,2,4,6,10,14,21,64,68,460,460,460,537,0,2,10.958898122888167,1.1712480009009596,653.225547999682,61.204841713221604
1772910178,10,POST,/api/plugins/batch/parameters (500 updates),9.300000,0.000000,9,14,19,22,43,330,1000,1100,1100,1100,1100,295,0,7,37.899755976326624,2.715395001359866,1098.6739590007346,829.5932203389831
1772910178,10,GET,/api/plugins/discover,0.000000,0.000000,0,0,0,0,0,0,0,0,0,0,0,67,0,21,26.926989373201486,10.79270400077803,322.8276670015475,85406.01492537314
1772910178,10,GET,/api/plugins/list,0.000000,0.000000,0,0,0,0,0,0,0,0,0,0,0,67,0,3,17.168982179059842,1.1047920015698764,323.7777729991649,39.940298507462686
1772910178,10,POST,/api/plugins/load?uri,5.500000,0.000000,2,3,4,6,9,19,22,22,22,22,22,183,0,3,16.5058316941044,1.3190320005378453,321.2473889998364,2061.9890710382515
1772910178,10,POST,/api/plugins/unload?uri,5.500000,0.000000,1,2,2,3,9,13,15,15,15,15,15,183,0,2,12.444773431808676,1.1812739994638832,320.24833700052113,84.43169398907104
1772910178,10,,Aggregated,125.600000,0.000000,3,5,9,12,24,96,340,830,1100,1100,1100,4842,5,3,24.226141209442392,0.8967110006778967,1186.1223080013588,1438.7817017761256
1772910179,10,GET,/api/audio/latency,16.600000,0.000000,2,3,5,9,20,80,92,95,140,140,140,757,0,2,12.851098048911476,1.0464049992151558,1110.973341999852,33.0
1772910179,10,GET,/api/audio/levels,16.600000,0.000000,3,7,11,14,59,270,1000,1100,1100,1100,1100,757,0,3,34.213366644636466,1.0510989995964337,1107.8050169999187,73.0
1772910179,10,GET,/api/audio/levels (during plugin swap),5.000000,0.000000,2,8,10,12,83,120,180,180,180,180,180,191,0,3,32.93566852354108,1.0598709995974787,1077.0424279999133,73.0
1772910179,10,GET,/api/audio/levels/plugins,5.000000,0.000000,1,2,3,4,16,17,110,110,110,110,110,191,0,2,10.742051523504214,1.0422329996799817,321.178352998686,14.0
1772910179,10,GET,/api/audio/status,12.900000,0.000000,2,3,5,6,12,32,340,370,370,370,370,546,0,2,9.329587869998473,1.0856129993044306,371.0155640001176,168.0
1772910179,10,GET,/api/chains/,0.000000,0.000000,0,0,0,0,0,0,0,0,0,0,0,67,0,7,74.79457713430855,1.3395839996519499,1067.9698730000382,1448.2388059701493
1772910179,10,GET,/api/chains/{id},12.900000,0.200000,8,16,24,55,310,460,1000,1100,1100,1100,1100,547,4,6,47.426170098745736,1.2018790002912283,1146.3634459996683,489.90310786106033
1772910179,10,POST,/api/chains/{id}/activate,12.900000,0.000000,4,7,10,13,68,86,160,500,830,830,830,547,1,3,23.5379000914358,0.8967110006778967,1186.1223080013588,51.3327239488117
1772910179,10,POST,/api/chains/{id}/deactivate,12.600000,0.000000,2,3,6,9,14,21,64,68,460,460,460,544,0,2,10.849439902555707,1.1712480009009596,653.225547999682,61.21507352941177
1772910179,10,POST,/api/plugins/batch/parameters (500 updates),8.100000,0.000000,10,14,18,20,43,310,1000,1100,1100,1100,1100,307,0,7,36.97736782090504,2.715395001359866,1098.6739590007346,829.8175895765472
1772910179,10,GET,/api/plugins/discover,0.000000,0.000000,0,0,0,0,0,0,0,0,0,0,0,67,0,21,26.926989373201486,10.79270400077803,322.8276670015475,85406.01492537314
1772910179,10,GET,/api/plugins/list,0.000000,0.000000,0,0,0,0,0,0,0,0,0,0,0,67,0,3,17.168982179059842,1.1047920015698764,323.7777729991649,39.940298507462686
1772910179,10,POST,/api/plugins/load?uri,5.000000,0.000000,2,3,4,7,19,22,88,88,88,88,88,191,0,3,16.784595209545277,1.3190320005378453,321.2473889998364,2083.560209424084
1772910179,10,POST,/api/plugins/unload?uri,5.000000,0.000000,1,2,2,2,9,13,15,15,15,15,15,189,0,2,12.098705312276795,1.1812739994638832,320.24833700052113,84.26984126984127
1772910179,10,,Aggregated,112.600000,0.200000,3,6,10,13,32,95,340,830,1100,1100,1100,4968,5,3,23.871552466204047,0.8967110006778967,1186.1223080013588,1410.7278582930758
1772910180,10,GET,/api/audio/latency,17.300000,0.000000,2,3,4,8,19,23,86,91,140,140,140,777,0,2,12.626246579184858,1.0464049992151558,1110.973341999852,33.0
1772910180,10,GET,/api/audio/levels,17.300000,0.000000,3,6,10,11,41,81,270,280,300,300,300,777,0,3,33.70057106818852,1.0510989995964337,1107.8050169999187,73.0
1772910180,10,GET,/api/audio/levels (during plugin swap),4.800000,0.000000,2,8,11,13,83,120,180,180,180,180,180,196,0,3,32.429017673454226,1.0598709995974787,1077.0424279999133,73.0
1772910180,10,GET,/api/audio/levels/plugins,4.900000,0.000000,2,2,3,3,13,17,110,110,110,110,110,196,0,2,10.524338152988223,1.0422329996799817,321.178352998686,14.0
1772910180,10,GET,/api/audio/status,12.800000,0.000000,2,3,5,6,12,86,340,370,370,370,370,561,0,2,9.672808005378688,1.0856129993044306,371.0155640001176,168.0
1772910180,10,GET,/api/chains/,0.000000,0.000000,0,0,0,0,0,0,0,0,0,0,0,67,0,7,74.79457713430855,1.3395839996519499,1067.9698730000382,1448.2388059701493
1772910180,10,GET,/api/chains/{id},12.600000,0.200000,7,13,23,28,220,310,460,740,750,750,750,561,4,6,47.08198770947324,1.2018790002912283,1146.3634459996683,489.2335115864528
1772910180,10,POST,/api/chains/{id}/activate,12.800000,0.000000,3,5,9,10,27,77,160,500,830,830,830,561,1,3,23.077721158677672,0.8967110006778967,1186.1223080013588,51.415329768270944
1772910180,10,POST,/api/chains/{id}/deactivate,12.700000,0.000000,2,3,6,9,15,37,300,300,460,460,460,561,0,2,11.74854007840687,1.1712480009009596,653.225547999682,61.105169340463455
1772910180,10,POST,/api/plugins/batch/parameters (500 updates),8.300000,0.000000,9,13,17,18,29,49,310,330,330,330,330,314,0,7,36.33895010196307,2.715395001359866,1098.6739590007346,829.8089171974523
1772910180,10,GET,/api/plugins/discover,0.000000,0.000000,0,0,0,0,0,0,0,0,0,0,0,67,0,21,26.926989373201486,10.79270400077803,322.8276670015475,85406.01492537314
1772910180,10,GET,/api/plugins/list,0.000000,0.000000,0,0,0,0,0,0,0,0,0,0,0,67,0,3,17.168982179059842,1.1047920015698764,323.7777729991649,39.940298507462686
1772910180,10,POST,/api/plugins/load?uri,4.900000,0.000000,2,3,5,7,20,22,88,88,88,88,88,196,0,3,16.509894801132834,1.3190320005378453,321.2473889998364,2081.1071428571427
1772910180,10,POST,/api/plugins/unload?uri,4.900000,0.000000,2,2,2,3,13,15,310,310,310,310,310,196,0,2,14.873795347043318,1.1812739994638832,320.24833700052113,84.37755102040816
1772910180,10,,Aggregated,113.300000,0.200000,3,5,9,12,23,86,300,340,750,830,830,5097,5,3,23.802053829132294,0.8967110006778967,1186.1223080013588,1380.8420639591916
1772910181,10,GET,/api/audio/latency,17.300000,0.000000,2,3,4,7,17,22,86,91,140,140,140,790,0,2,12.478878378517292,1.0464049992151558,1110.973341999852,33.0
1772910181,10,GET,/api/audio/levels,17.300000,0.000000,3,6,11,11,38,66,270,280,300,300,300,790,0,3,33.258380991114045,1.0510989995964337,1107.8050169999187,73.0
1772910181,10,GET,/api/audio/levels (during plugin swap),4.800000,0.000000,2,8,11,12,57,100,180,180,180,180,180,200,0,3,31.890726389983683,1.0598709995974787,1077.0424279999133,73.0
1772910181,10,GET,/api/audio/levels/plugins,4.900000,0.000000,2,2,3,3,13,17,110,110,110,110,110,200,0,2,10.386934429934627,1.0422329996799817,321.178352998686,14.0
1772910181,10,GET,/api/audio/status,12.800000,0.000000,2,3,5,6,12,14,300,370,370,370,370,574,0,2,9.5595062369598,1.0856129993044306,371.0155640001176,168.0
1772910181,10,GET,/api/chains/,0.000000,0.000000,0,0,0,0,0,0,0,0,0,0,0,67,0,7,74.79457713430855,1.3395839996519499,1067.9698730000382,1448.2388059701493
1772910181,10,GET,/api/chains/{id},12.600000,0.200000,6,12,16,24,97,310,460,740,750,750,750,574,4,6,46.11007604358202,1.2018790002912283,1146.3634459996683,490.06271777003485
1772910181,10,POST,/api/chains/{id}/activate,12.800000,0.000000,3,4,6,10,26,77,160,500,830,830,830,574,1,3,22.624901207354956,0.8967110006778967,1186.1223080013588,51.47909407665505
1772910181,10,POST,/api/chains/{id}/deactivate,12.700000,0.000000,2,3,6,8,13,21,300,300,460,460,460,574,0,2,11.590724592321086,1.1712480009009596,653.225547999682,61.12543554006969
1772910181,10,POST,/api/plugins/batch/parameters (500 updates),8.300000,0.000000,9,13,17,18,34,65,310,330,330,330,330,317,0,7,36.028940697216065,2.715395001359866,1098.6739590007346,829.8990536277603
1772910181,10,GET,/api/plugins/discover,0.000000,0.000000,0,0,0,0,0,0,0,0,0,0,0,67,0,21,26.926989373201486,10.79270400077803,322.8276670015475,85406.01492537314
1772910181,10,GET,/api/plugins/list,0.000000,0.000000,0,0,0,0,0,0,0,0,0,0,0,67,0,3,17.168982179059842,1.1047920015698764,323.7777729991649,39.940298507462686
1772910181,10,POST,/api/plugins/load?uri,4.900000,0.000000,2,3,5,7,19,20,88,88,88,88,88,200,0,3,16.256686830110993,1.3190320005378453,321.2473889998364,2063.0
1772910181,10,POST,/api/plugins/unload?uri,4.900000,0.000000,2,2,3,3,12,14,310,310,310,310,310,200,0,2,14.62118634511171,1.1812739994638832,320.24833700052113,84.35
1772910181,10,,Aggregated,113.300000,0.200000,2,4,8,11,21,79,270,330,750,830,830,5194,5,3,23.43944784407002,0.8967110006778967,1186.1223080013588,1358.8683095879862
1772910182,10,GET,/api/audio/latency,17.900000,0.000000,2,3,5,9,19,86,91,94,140,140,140,794,0,2,12.878038722957454,1.0464049992151558,1110.973341999852,33.0
1772910182,10,GET,/api/audio/levels,17.900000,0.000000,3,8,11,18,60,270,960,1000,1100,1100,1100,795,0,3,38.17913858488139,1.0510989995964337,1107.8050169999187,73.0
1772910182,10,GET,/api/audio/levels (during plugin swap),4.900000,0.000000,2,8,11,22,83,120,180,180,180,180,180,200,0,3,31.890726389983683,1.0598709995974787,1077.0424279999133,73.0
1772910182,10,GET,/api/audio/levels/plugins,4.700000,0.000000,2,2,3,5,16,18,110,110,110,110,110,200,0,2,10.386934429934627,1.0422329996799817,321.178352998686,14.0
1772910182,10,GET,/api/audio/status,12.600000,0.000000,2,3,5,6,12,24,300,370,370,370,370,574,0,2,9.5595062369598,1.0856129993044306,371.0155640001176,168.0
1772910182,10,GET,/api/chains/,0.000000,0.000000,0,0,0,0,0,0,0,0,0,0,0,67,0,7,74.79457713430855,1.3395839996519499,1067.9698730000382,1448.2388059701493
1772910182,10,GET,/api/chains/{id},12.800000,0.200000,7,13,19,35,230,460,1000,1100,1100,1100,1100,577,4,6,51.630436696735316,1.2018790002912283,1146.3634459996683,490.4055459272097
1772910182,10,POST,/api/chains/{id}/activate,12.600000,0.000000,3,4,7,11,68,86,160,500,830,830,830,577,1,3,22.89532328773123,0.8967110006778967,1186.1223080013588,51.436741767764296
1772910182,10,POST,/api/chains/{id}/deactivate,12.600000,0.000000,2,3,6,8,13,36,300,300,460,460,460,574,0,2,11.590724592321086,1.1712480009009596,653.225547999682,61.12543554006969
1772910182,10,POST,/api/plugins/batch/parameters (500 updates),9.000000,0.000000,11,16,18,22,49,330,1100,1100,1100,1100,1100,320,0,7,45.568493862555215,2.715395001359866,1099.152580000009,830.0625
1772910182,10,GET,/api/plugins/discover,0.000000,0.000000,0,0,0,0,0,0,0,0,0,0,0,67,0,21,26.926989373201486,10.79270400077803,322.8276670015475,85406.01492537314
1772910182,10,GET,/api/plugins/list,0.000000,0.000000,0,0,0,0,0,0,0,0,0,0,0,67,0,3,17.168982179059842,1.1047920015698764,323.7777729991649,39.940298507462686
1772910182,10,POST,/api/plugins/load?uri,4.700000,0.000000,3,3,7,9,20,86,88,88,88,88,88,200,0,3,16.256686830110993,1.3190320005378453,321.2473889998364,2063.0
1772910182,10,POST,/api/plugins/unload?uri,4.700000,0.000000,2,2,3,3,13,300,310,310,310,310,310,200,0,2,14.62118634511171,1.1812739994638832,320.24833700052113,84.35
1772910182,10,,Aggregated,114.400000,0.200000,3,5,10,13,40,96,360,960,1100,1100,1100,5212,5,3,25.498439279566274,0.8967110006778967,1186.1223080013588,1355.1034151957022
1772910183,10,GET,/api/audio/latency,19.800000,0.000000,2,3,3,5,18,86,93,140,340,340,340,826,0,2,12.953332872905843,1.0464049992151558,1110.973341999852,33.0
1772910183,10,GET,/api/audio/levels,19.800000,0.000000,2,6,11,14,32,130,960,1000,1100,1100,1100,826,0,3,37.49163319125001,1.0510989995964337,1107.8050169999187,73.0
1772910183,10,GET,/api/audio/levels (during plugin swap),5.100000,0.000000,2,8,10,11,23,57,83,83,83,83,83,207,0,3,30.93175632365392,1.0598709995974787,1077.0424279999133,73.0
1772910183,10,GET,/api/audio/levels/plugins,5.100000,0.000000,2,2,2,3,13,17,18,18,18,18,18,207,0,2,10.084902946778898,1.0422329996799817,321.178352998686,14.0
1772910183,10,GET,/api/audio/status,14.400000,0.000000,2,3,5,6,12,300,340,370,370,370,370,593,0,2,11.032107898841774,1.0856129993044306,371.0155640001176,168.0
1772910183,10,GET,/api/chains/,0.000000,0.000000,0,0,0,0,0,0,0,0,0,0,0,67,0,7,74.79457713430855,1.3395839996519499,1067.9698730000382,1448.2388059701493
1772910183,10,GET,/api/chains/{id},14.100000,0.200000,6,12,16,24,270,460,1000,1100,1100,1100,1100,593,4,6,51.916463109631735,1.2018790002912283,1146.3634459996683,490.9409780775717
1772910183,10,POST,/api/chains/{id}/activate,14.100000,0.000000,3,4,6,10,58,86,160,500,830,830,830,593,1,3,22.57946541655547,0.8967110006778967,1186.1223080013588,51.45699831365936
1772910183,10,POST,/api/chains/{id}/deactivate,14.400000,0.000000,2,4,6,9,15,37,300,300,460,460,460,593,0,2,11.507431841462516,1.1712480009009596,653.225547999682,61.11129848229342
1772910183,10,POST,/api/plugins/batch/parameters (500 updates),8.800000,0.000000,10,14,17,19,65,330,1100,1100,1100,1100,1100,325,0,7,45.00897824928241,2.715395001359866,1099.152580000009,830.1723076923076
1772910183,10,GET,/api/plugins/discover,0.000000,0.000000,0,0,0,0,0,0,0,0,0,0,0,67,0,21,26.926989373201486,10.79270400077803,322.8276670015475,85406.01492537314
1772910183,10,GET,/api/plugins/list,0.000000,0.000000,0,0,0,0,0,0,0,0,0,0,0,67,0,3,17.168982179059842,1.1047920015698764,323.7777729991649,39.940298507462686
1772910183,10,POST,/api/plugins/load?uri,5.100000,0.000000,3,3,3,5,9,86,88,88,88,88,88,207,0,3,15.810492285124827,1.3190320005378453,321.2473889998364,2120.135265700483
1772910183,10,POST,/api/plugins/unload?uri,5.100000,0.000000,2,2,2,2,3,300,310,310,310,310,310,207,0,2,14.174164724727454,1.1812739994638832,320.24833700052113,84.6376811594203
1772910183,10,,Aggregated,125.800000,0.200000,2,4,8,11,24,92,340,830,1100,1100,1100,5378,5,3,25.38126288844521,0.8967110006778967,1186.1223080013588,1322.2712904425437
1772910184,10,GET,/api/audio/latency,18.000000,0.000000,2,3,4,5,17,86,93,140,340,340,340,856,0,2,12.606726384368574,1.0464049992151558,1110.973341999852,33.0
1772910184,10,GET,/api/audio/levels,18.100000,0.000000,3,8,11,14,32,130,960,1000,1100,1100,1100,856,0,3,36.43681471958742,1.0510989995964337,1107.8050169999187,73.0
1772910184,10,GET,/api/audio/levels (during plugin swap),4.600000,0.000000,4,8,12,13,45,57,83,83,83,83,83,212,0,3,30.62289441035284,1.0598709995974787,1077.0424279999133,73.0
1772910184,10,GET,/api/audio/levels/plugins,4.600000,0.000000,2,2,3,3,12,17,18,18,18,18,18,212,0,2,9.947677773498244,1.0422329996799817,321.178352998686,14.0
1772910184,10,GET,/api/audio/status,12.500000,0.000000,2,2,5,6,8,300,340,370,370,370,370,608,0,2,10.812888922720575,1.0856129993044306,371.0155640001176,168.0
1772910184,10,GET,/api/chains/,0.000000,0.000000,0,0,0,0,0,0,0,0,0,0,0,67,0,7,74.79457713430855,1.3395839996519499,1067.9698730000382,1448.2388059701493
1772910184,10,GET,/api/chains/{id},12.800000,0.200000,7,12,19,26,270,460,1000,1100,1100,1100,1100,608,4,6,50.823267855285415,1.2018790002912283,1146.3634459996683,490.8700657894737
1772910184,10,POST,/api/chains/{id}/activate,12.800000,0.000000,3,4,6,11,58,86,160,500,830,830,830,608,1,3,22.151885713840688,0.8967110006778967,1186.1223080013588,51.421052631578945
1772910184,10,POST,/api/chains/{id}/deactivate,12.500000,0.000000,2,3,6,7,11,37,300,300,460,460,460,608,0,2,11.282576356874966,1.1712480009009596,653.225547999682,61.13322368421053
1772910184,10,POST,/api/plugins/batch/parameters (500 updates),8.200000,0.000000,7,14,17,18,26,330,1100,1100,1100,1100,1100,336,0,7,43.73629780957886,2.715395001359866,1099.152580000009,830.0595238095239
1772910184,10,GET,/api/plugins/discover,0.000000,0.000000,0,0,0,0,0,0,0,0,0,0,0,67,0,21,26.926989373201486,10.79270400077803,322.8276670015475,85406.01492537314
1772910184,10,GET,/api/plugins/list,0.000000,0.000000,0,0,0,0,0,0,0,0,0,0,0,67,0,3,17.168982179059842,1.1047920015698764,323.7777729991649,39.940298507462686
1772910184,10,POST,/api/plugins/load?uri,4.600000,0.000000,3,3,4,5,9,86,88,88,88,88,88,212,0,3,15.502850377459872,1.3190320005378453,321.2473889998364,2093.3443396226417
1772910184,10,POST,/api/plugins/unload?uri,4.600000,0.000000,2,2,2,2,12,300,310,310,310,310,310,212,0,2,13.946010816138335,1.1812739994638832,320.24833700052113,84.6745283018868
1772910184,10,,Aggregated,113.300000,0.200000,2,4,8,12,26,93,340,830,1100,1100,1100,5529,5,3,24.83078136137587,0.8967110006778967,1186.1223080013588,1291.509676252487
1772910185,10,GET,/api/audio/latency,17.700000,0.000000,2,3,5,9,18,86,91,94,340,340,340,871,0,2,12.694194156169102,1.0464049992151558,1110.973341999852,33.0
1772910185,10,GET,/api/audio/levels,17.700000,0.000000,3,8,12,17,58,280,960,1000,1100,1100,1100,871,0,3,37.37098470030855,1.0510989995964337,1107.8050169999187,73.0
1772910185,10,GET,/api/audio/levels (during plugin swap),4.300000,0.000000,3,8,11,13,45,57,83,83,83,83,83,217,0,3,30.265985700428704,1.0598709995974787,1077.0424279999133,73.0
1772910185,10,GET,/api/audio/levels/plugins,4.300000,0.000000,2,2,3,3,16,18,330,330,330,330,330,216,0,2,11.310847865649555,1.0422329996799817,328.85455999894475,14.0
1772910185,10,GET,/api/audio/status,12.800000,0.000000,2,3,5,6,12,300,340,370,370,370,370,617,0,2,10.720577927088748,1.0856129993044306,371.0155640001176,168.0
1772910185,10,GET,/api/chains/,0.000000,0.000000,0,0,0,0,0,0,0,0,0,0,0,67,0,7,74.79457713430855,1.3395839996519499,1067.9698730000382,1448.2388059701493
1772910185,10,GET,/api/chains/{id},12.900000,0.200000,7,13,23,55,310,460,1000,1100,1100,1100,1100,617,4,6,50.59153117992767,1.2018790002912283,1146.3634459996683,490.44570502431117
1772910185,10,POST,/api/chains/{id}/activate,12.900000,0.000000,3,4,10,17,68,88,330,500,830,830,830,617,1,3,22.946659881709618,0.8967110006778967,1186.1223080013588,51.38411669367909
1772910185,10,POST,/api/chains/{id}/deactivate,12.800000,0.000000,2,4,6,7,12,37,300,300,460,460,460,617,0,2,11.16917841001137,1.1712480009009596,653.225547999682,61.14586709886548
1772910185,10,POST,/api/plugins/batch/parameters (500 updates),7.700000,0.000000,8,16,20,24,230,330,1100,1100,1100,1100,1100,345,0,7,44.23949607832807,2.715395001359866,1099.152580000009,830.3478260869565
1772910185,10,GET,/api/plugins/discover,0.000000,0.000000,0,0,0,0,0,0,0,0,0,0,0,67,0,21,26.926989373201486,10.79270400077803,322.8276670015475,85406.01492537314
1772910185,10,GET,/api/plugins/list,0.000000,0.000000,0,0,0,0,0,0,0,0,0,0,0,67,0,3,17.168982179059842,1.1047920015698764,323.7777729991649,39.940298507462686
1772910185,10,POST,/api/plugins/load?uri,4.300000,0.000000,3,3,4,5,9,85,88,88,88,88,88,217,0,3,15.582372331903272,1.3190320005378453,321.2473889998364,2073.082949308756
1772910185,10,POST,/api/plugins/unload?uri,4.300000,0.000000,2,2,2,3,12,300,310,310,310,310,310,216,0,2,13.758308458439691,1.1812739994638832,320.24833700052113,84.64351851851852
1772910185,10,,Aggregated,111.700000,0.200000,2,5,9,12,45,170,360,960,1100,1100,1100,5622,5,3,25.093941426014876,0.8967110006778967,1186.1223080013588,1274.1739594450373
1772910186,10,GET,/api/audio/latency,19.200000,0.000000,2,3,4,8,14,22,90,94,340,340,340,896,0,2,12.462748271230696,1.0464049992151558,1110.973341999852,33.0
1772910186,10,GET,/api/audio/levels,19.200000,0.000000,3,7,11,14,36,160,960,1000,1100,1100,1100,896,0,3,36.54755340622273,1.0510989995964337,1107.8050169999187,73.0
1772910186,10,GET,/api/audio/levels (during plugin swap),4.300000,0.000000,3,7,10,11,45,57,83,83,83,83,83,225,0,3,29.32771269774498,1.0598709995974787,1077.0424279999133,73.0
1772910186,10,GET,/api/audio/levels/plugins,4.300000,0.000000,2,2,3,3,11,17,330,330,330,330,330,225,0,2,10.96860094656424,1.0422329996799817,328.85455999894475,14.0
1772910186,10,GET,/api/audio/status,12.900000,0.000000,2,2,3,5,8,19,340,340,340,340,340,635,0,2,10.52517564569675,1.0856129993044306,371.0155640001176,168.0
1772910186,10,GET,/api/chains/,0.000000,0.000000,0,0,0,0,0,0,0,0,0,0,0,67,0,7,74.79457713430855,1.3395839996519499,1067.9698730000382,1448.2388059701493
1772910186,10,GET,/api/chains/{id},12.900000,0.200000,6,11,14,17,55,230,1000,1100,1100,1100,1100,636,4,6,49.30219927361903,1.2018790002912283,1146.3634459996683,489.1147798742138
1772910186,10,POST,/api/chains/{id}/activate,12.900000,0.000000,3,4,6,9,32,75,88,330,330,330,330,636,1,3,22.45813708648986,0.8967110006778967,1186.1223080013588,51.405660377358494
1772910186,10,POST,/api/chains/{id}/deactivate,12.900000,0.000000,2,3,5,7,11,32,37,300,300,300,300,634,0,2,10.97431749838948,1.1712480009009596,653.225547999682,61.16876971608833
1772910186,10,POST,/api/plugins/batch/parameters (500 updates),8.000000,0.000000,6,13,17,20,65,250,1100,1100,1100,1100,1100,354,0,7,43.31247102548995,2.715395001359866,1099.152580000009,830.4406779661017
1772910186,10,GET,/api/plugins/discover,0.000000,0.000000,0,0,0,0,0,0,0,0,0,0,0,67,0,21,26.926989373201486,10.79270400077803,322.8276670015475,85406.01492537314
1772910186,10,GET,/api/plugins/list,0.000000,0.000000,0,0,0,0,0,0,0,0,0,0,0,67,0,3,17.168982179059842,1.1047920015698764,323.7777729991649,39.940298507462686
1772910186,10,POST,/api/plugins/load?uri,4.300000,0.000000,2,3,3,4,9,85,88,88,88,88,88,225,0,3,15.102139928987729,1.3190320005378453,321.2473889998364,2054.44
1772910186,10,POST,/api/plugins/unload?uri,4.300000,0.000000,2,2,2,2,12,15,310,310,310,310,310,225,0,2,13.338143400081512,1.1812739994638832,320.24833700052113,84.73333333333333
1772910186,10,,Aggregated,115.200000,0.200000,2,4,8,11,20,73,300,340,1100,1100,1100,5788,5,3,24.52626535609148,0.8967110006778967,1186.1223080013588,1244.1230131306152
1772910187,10,GET,/api/audio/latency,19.200000,0.000000,2,3,4,7,14,22,90,94,340,340,340,908,0,2,12.324802853545247,1.0464049992151558,1110.973341999852,33.0
1772910187,10,GET,/api/audio/levels,19.200000,0.000000,3,8,13,17,38,160,960,1000,1100,1100,1100,910,0,3,36.10011355931319,1.0510989995964337,1107.8050169999187,73.0
1772910187,10,GET,/api/audio/levels (during plugin swap),4.300000,0.000000,3,7,11,12,54,57,83,83,83,83,83,231,0,3,29.05612206057381,1.0598709995974787,1077.0424279999133,73.0
1772910187,10,GET,/api/audio/levels/plugins,4.300000,0.000000,2,2,3,3,11,17,330,330,330,330,330,228,0,2,10.843910806917783,1.0422329996799817,328.85455999894475,14.0
1772910187,10,GET,/api/audio/status,12.900000,0.000000,2,2,3,5,8,19,340,340,340,340,340,648,0,2,10.350967817930162,1.0856129993044306,371.0155640001176,168.0
1772910187,10,GET,/api/chains/,0.000000,0.000000,0,0,0,0,0,0,0,0,0,0,0,67,0,7,74.79457713430855,1.3395839996519499,1067.9698730000382,1448.2388059701493
1772910187,10,GET,/api/chains/{id},12.900000,0.200000,5,11,15,17,65,230,1000,1100,1100,1100,1100,650,4,6,48.47699192311176,1.2018790002912283,1146.3634459996683,487.5092307692308
1772910187,10,POST,/api/chains/{id}/activate,12.900000,0.000000,3,4,6,12,34,76,88,330,330,330,330,649,1,3,22.190436023121304,0.8967110006778967,1186.1223080013588,51.50077041602465
1772910187,10,POST,/api/chains/{id}/deactivate,12.900000,0.000000,2,3,6,8,11,32,37,300,300,300,300,648,0,2,10.833935371878127,1.1712480009009596,653.225547999682,61.148148148148145
1772910187,10,POST,/api/plugins/batch/parameters (500 updates),8.000000,0.000000,7,10,14,17,68,250,1100,1100,1100,1100,1100,363,0,7,42.399549851309956,2.715395001359866,1099.152580000009,830.595041322314
1772910187,10,GET,/api/plugins/discover,0.000000,0.000000,0,0,0,0,0,0,0,0,0,0,0,67,0,21,26.926989373201486,10.79270400077803,322.8276670015475,85406.01492537314
1772910187,10,GET,/api/plugins/list,0.000000,0.000000,0,0,0,0,0,0,0,0,0,0,0,67,0,3,17.168982179059842,1.1047920015698764,323.7777729991649,39.940298507462686
1772910187,10,POST,/api/plugins/load?uri,4.300000,0.000000,2,3,3,4,20,85,88,88,88,88,88,229,0,3,15.2030098909297,1.3190320005378453,321.2473889998364,2041.4366812227074
1772910187,10,POST,/api/plugins/unload?uri,4.300000,0.000000,1,2,2,3,12,15,310,310,310,310,310,228,0,2,13.183126311488243,1.1812739994638832,320.24833700052113,84.6842105263158
1772910187,10,,Aggregated,115.200000,0.200000,2,4,8,11,21,80,310,340,1100,1100,1100,5893,5,3,24.216833634491035,0.8967110006778967,1186.1223080013588,1226.1082640420839
1772910188,10,GET,/api/audio/latency,19.800000,0.000000,2,3,7,10,17,86,94,380,380,380,380,921,0,2,13.059961758977979,1.0464049992151558,1110.973341999852,33.0
1772910188,10,GET,/api/audio/levels,19.500000,0.000000,3,10,16,19,61,260,960,1000,1100,1100,1100,921,0,3,36.46856794676651,1.0510989995964337,1107.8050169999187,73.0
1772910188,10,GET,/api/audio/levels (during plugin swap),4.600000,0.000000,3,6,11,12,54,57,360,360,360,360,360,234,0,3,30.40019490167768,1.0598709995974787,1077.0424279999133,73.0
1772910188,10,GET,/api/audio/levels/plugins,4.600000,0.000000,2,3,4,8,18,26,380,380,380,380,380,234,0,2,12.445641927255425,1.0422329996799817,378.1279699996958,14.0
1772910188,10,GET,/api/audio/status,12.100000,0.000000,2,2,3,5,8,19,340,340,380,380,380,665,0,2,10.73816551280541,1.0856129993044306,379.35289300003205,168.0
1772910188,10,GET,/api/chains/,0.000000,0.000000,0,0,0,0,0,0,0,0,0,0,0,67,0,7,74.79457713430855,1.3395839996519499,1067.9698730000382,1448.2388059701493
1772910188,10,GET,/api/chains/{id},11.800000,0.200000,5,11,15,17,170,310,1000,1100,1100,1100,1100,665,4,6,49.37945080003244,1.2018790002912283,1146.3634459996683,488.8
1772910188,10,POST,/api/chains/{id}/activate,12.000000,0.000000,3,4,6,12,34,76,330,330,410,410,410,665,1,3,22.385573648128577,0.8967110006778967,1186.1223080013588,51.517293233082704
1772910188,10,POST,/api/chains/{id}/deactivate,12.100000,0.000000,2,3,6,8,12,32,300,300,380,380,380,665,0,2,11.236563911247378,1.1712480009009596,653.225547999682,61.13233082706767
1772910188,10,POST,/api/plugins/batch/parameters (500 updates),7.300000,0.000000,8,11,22,65,230,400,1100,1100,1100,1100,1100,368,0,7,44.895193396808715,2.715395001359866,1099.152580000009,830.5108695652174
1772910188,10,GET,/api/plugins/discover,0.000000,0.000000,0,0,0,0,0,0,0,0,0,0,0,67,0,21,26.926989373201486,10.79270400077803,322.8276670015475,85406.01492537314
1772910188,10,GET,/api/plugins/list,0.000000,0.000000,0,0,0,0,0,0,0,0,0,0,0,67,0,3,17.168982179059842,1.1047920015698764,323.7777729991649,39.940298507462686
1772910188,10,POST,/api/plugins/load?uri,4.600000,0.000000,3,3,5,9,85,88,380,380,380,380,380,234,0,3,18.26874819668082,1.3190320005378453,380.9233289994154,2055.897435897436
1772910188,10,POST,/api/plugins/unload?uri,4.600000,0.000000,2,2,3,10,15,300,370,370,370,370,370,234,0,2,14.632640987283361,1.1812739994638832,365.1988290002919,84.82905982905983
1772910188,10,,Aggregated,113.000000,0.200000,3,5,9,12,34,160,360,410,1100,1100,1100,6007,5,3,24.998278841860575,0.8967110006778967,1186.1223080013588,1208.279840186449
1772910189,10,GET,/api/audio/latency,20.800000,0.000000,2,3,5,9,14,86,94,380,380,380,380,948,0,2,12.766794975754475,1.0464049992151558,1110.973341999852,33.0
1772910189,10,GET,/api/audio/levels,21.000000,0.000000,3,8,14,17,47,260,960,1000,1100,1100,1100,948,0,3,35.60223492929795,1.0510989995964337,1107.8050169999187,73.0
1772910189,10,GET,/api/audio/levels (during plugin swap),5.200000,0.000000,3,6,8,11,41,57,360,360,360,360,360,240,0,3,29.740106624975244,1.0598709995974787,1077.0424279999133,73.0
1772910189,10,GET,/api/audio/levels/plugins,4.900000,0.000000,2,2,3,4,12,26,380,380,380,380,380,240,0,2,12.177865129077267,1.0422329996799817,378.1279699996958,14.0
1772910189,10,GET,/api/audio/status,12.600000,0.000000,2,2,3,5,8,17,340,340,380,380,380,681,0,2,10.553606331887801,1.0856129993044306,379.35289300003205,168.0
1772910189,10,GET,/api/chains/,0.000000,0.000000,0,0,0,0,0,0,0,0,0,0,0,67,0,7,74.79457713430855,1.3395839996519499,1067.9698730000382,1448.2388059701493
1772910189,10,GET,/api/chains/{id},12.800000,0.000000,4,8,14,16,87,280,1000,1100,1100,1100,1100,681,4,6,48.346697516909586,1.2018790002912283,1146.3634459996683,489.54331864904555
1772910189,10,POST,/api/chains/{id}/activate,12.700000,0.000000,3,4,6,9,22,73,330,330,410,410,410,681,1,3,21.950511729821926,0.8967110006778967,1186.1223080013588,51.49632892804699
1772910189,10,POST,/api/chains/{id}/deactivate,12.900000,0.000000,2,3,4,7,11,16,33,37,380,380,380,681,0,2,11.00884586781716,1.1712480009009596,653.225547999682,61.15271659324523
1772910189,10,POST,/api/plugins/batch/parameters (500 updates),8.200000,0.000000,6,10,18,24,230,400,1100,1100,1100,1100,1100,377,0,7,43.97979779051139,2.715395001359866,1099.152580000009,830.4668435013263
1772910189,10,GET,/api/plugins/discover,0.000000,0.000000,0,0,0,0,0,0,0,0,0,0,0,67,0,21,26.926989373201486,10.79270400077803,322.8276670015475,85406.01492537314
1772910189,10,GET,/api/plugins/list,0.000000,0.000000,0,0,0,0,0,0,0,0,0,0,0,67,0,3,17.168982179059842,1.1047920015698764,323.7777729991649,39.940298507462686
1772910189,10,POST,/api/plugins/load?uri,5.000000,0.000000,2,3,5,9,23,85,380,380,380,380,380,240,0,3,18.005522345924874,1.3190320005378453,380.9233289994154,2061.275
1772910189,10,POST,/api/plugins/unload?uri,4.900000,0.000000,1,2,3,3,11,15,370,370,370,370,370,240,0,2,14.31055359593453,1.1812739994638832,365.1988290002919,84.73333333333333
1772910189,10,,Aggregated,121.000000,0.000000,2,4,8,11,22,89,360,410,1100,1100,1100,6158,5,3,24.484003210629222,0.8967110006778967,1186.1223080013588,1184.7853199090614
1772910190,10,GET,/api/audio/latency,19.000000,0.000000,2,3,7,10,20,88,94,380,380,380,380,963,0,2,12.87495897509457,1.0464049992151558,1110.973341999852,33.0
1772910190,10,GET,/api/audio/levels,18.900000,0.000000,4,9,15,18,65,270,960,1000,1100,1100,1100,963,0,3,35.8892055814868,1.0510989995964337,1107.8050169999187,73.0
1772910190,10,GET,/api/audio/levels (during plugin swap),5.000000,0.000000,3,6,8,11,41,57,360,360,360,360,360,243,0,3,29.403303242772996,1.0598709995974787,1077.0424279999133,73.0
1772910190,10,GET,/api/audio/levels/plugins,5.000000,0.000000,2,2,3,4,12,26,380,380,380,380,380,243,0,2,12.047974777678862,1.0422329996799817,378.1279699996958,14.0
1772910190,10,GET,/api/audio/status,12.300000,0.000000,2,2,3,5,11,19,340,340,380,380,380,697,0,2,10.431999618389876,1.0856129993044306,379.35289300003205,168.0
1772910190,10,GET,/api/chains/,0.000000,0.000000,0,0,0,0,0,0,0,0,0,0,0,67,0,7,74.79457713430855,1.3395839996519499,1067.9698730000382,1448.2388059701493
1772910190,10,GET,/api/chains/{id},12.300000,0.000000,5,11,16,22,230,360,1000,1100,1100,1100,1100,697,4,6,49.566697363008444,1.2018790002912283,1146.3634459996683,489.4605451936872
1772910190,10,POST,/api/chains/{id}/activate,12.300000,0.000000,3,6,9,12,32,75,330,370,410,410,410,697,1,3,22.177273304183142,0.8967110006778967,1186.1223080013588,51.58249641319943
1772910190,10,POST,/api/chains/{id}/deactivate,12.400000,0.000000,2,3,4,7,11,22,33,37,380,380,380,697,0,2,10.846131929675085,1.1712480009009596,653.225547999682,61.136298421807744
1772910190,10,POST,/api/plugins/batch/parameters (500 updates),7.500000,0.000000,8,11,49,74,250,400,1100,1100,1100,1100,1100,385,0,7,44.53487173512777,2.715395001359866,1099.152580000009,830.7064935064935
1772910190,10,GET,/api/plugins/discover,0.000000,0.000000,0,0,0,0,0,0,0,0,0,0,0,67,0,21,26.926989373201486,10.79270400077803,322.8276670015475,85406.01492537314
1772910190,10,GET,/api/plugins/list,0.000000,0.000000,0,0,0,0,0,0,0,0,0,0,0,67,0,3,17.168982179059842,1.1047920015698764,323.7777729991649,39.940298507462686
1772910190,10,POST,/api/plugins/load?uri,5.000000,0.000000,2,3,5,9,23,85,380,380,380,380,380,243,0,3,17.820685489804806,1.3190320005378453,380.9233289994154,2076.2181069958847
1772910190,10,POST,/api/plugins/unload?uri,5.000000,0.000000,1,2,3,3,11,15,370,370,370,370,370,243,0,2,14.155941510381938,1.1812739994638832,365.1988290002919,84.86008230452676
1772910190,10,,Aggregated,114.700000,0.000000,3,5,8,12,32,190,370,410,1100,1100,1100,6272,5,3,24.673289064423038,0.8967110006778967,1186.1223080013588,1168.193399234694
1772910191,10,GET,/api/audio/latency,19.200000,0.000000,2,3,4,8,14,23,88,380,380,380,380,983,0,2,12.664086653123954,1.0464049992151558,1110.973341999852,33.0
1772910191,10,GET,/api/audio/levels,19.200000,0.000000,3,8,13,17,47,160,300,330,340,340,340,983,0,3,35.297081784305995,1.0510989995964337,1107.8050169999187,73.0
1772910191,10,GET,/api/audio/levels (during plugin swap),4.700000,0.000000,3,7,9,12,41,57,360,360,360,360,360,250,0,3,28.82091107997985,1.0598709995974787,1077.0424279999133,73.0
1772910191,10,GET,/api/audio/levels/plugins,4.900000,0.000000,2,2,3,3,12,26,380,380,380,380,380,250,0,2,11.75623819190514,1.0422329996799817,378.1279699996958,14.0
1772910191,10,GET,/api/audio/status,13.500000,0.000000,2,2,3,4,9,17,340,340,380,380,380,711,0,2,10.262852479629245,1.0856129993044306,379.35289300003205,168.0
1772910191,10,GET,/api/chains/,0.000000,0.000000,0,0,0,0,0,0,0,0,0,0,0,67,0,7,74.79457713430855,1.3395839996519499,1067.9698730000382,1448.2388059701493
1772910191,10,GET,/api/chains/{id},13.300000,0.000000,5,10,15,17,130,280,360,360,370,370,370,711,4,6,48.7106185851119,1.2018790002912283,1146.3634459996683,490.37693389592124
1772910191,10,POST,/api/chains/{id}/activate,13.500000,0.000000,3,4,7,9,20,43,330,370,410,410,410,711,1,3,21.802994430397085,0.8967110006778967,1186.1223080013588,51.572433192686354
1772910191,10,POST,/api/chains/{id}/deactivate,13.500000,0.000000,2,2,3,4,10,22,33,37,380,380,380,711,0,2,10.663043419103643,1.1712480009009596,653.225547999682,61.15330520393812
1772910191,10,POST,/api/plugins/batch/parameters (500 updates),6.700000,0.000000,6,9,15,23,88,250,300,400,400,400,400,400,0,7,43.09910167005455,2.715395001359866,1099.152580000009,830.61
1772910191,10,GET,/api/plugins/discover,0.000000,0.000000,0,0,0,0,0,0,0,0,0,0,0,67,0,21,26.926989373201486,10.79270400077803,322.8276670015475,85406.01492537314
1772910191,10,GET,/api/plugins/list,0.000000,0.000000,0,0,0,0,0,0,0,0,0,0,0,67,0,3,17.168982179059842,1.1047920015698764,323.7777729991649,39.940298507462686
1772910191,10,POST,/api/plugins/load?uri,4.900000,0.000000,3,3,4,5,23,85,380,380,380,380,380,250,0,3,17.411954340088414,1.3190320005378453,380.9233289994154,2096.464
1772910191,10,POST,/api/plugins/unload?uri,4.900000,0.000000,1,2,2,3,11,15,370,370,370,370,370,250,0,2,13.82361013609625,1.1812739994638832,365.1988290002919,84.848
1772910191,10,,Aggregated,118.300000,0.000000,2,4,7,10,21,85,330,370,400,410,410,6411,5,3,24.226767318524264,0.8967110006778967,1186.1223080013588,1150.1614412728125
1772910192,10,GET,/api/audio/latency,19.200000,0.000000,2,3,6,8,14,21,88,380,380,380,380,993,0,2,12.595527070516255,1.0464049992151558,1110.973341999852,33.0
1772910192,10,GET,/api/audio/levels,19.200000,0.000000,3,9,12,15,39,160,270,330,340,340,340,993,0,3,34.987768611250466,1.0510989995964337,1107.8050169999187,73.0
1772910192,10,GET,/api/audio/levels (during plugin swap),4.700000,0.000000,3,7,9,12,41,57,360,360,360,360,360,254,0,3,28.461305413356325,1.0598709995974787,1077.0424279999133,73.0
1772910192,10,GET,/api/audio/levels/plugins,4.900000,0.000000,2,3,3,4,23,26,380,380,380,380,380,254,0,2,11.71566455502223,1.0422329996799817,378.1279699996958,14.0
1772910192,10,GET,/api/audio/status,13.500000,0.000000,2,2,3,3,8,15,19,21,380,380,380,718,0,2,10.18146632453924,1.0856129993044306,379.35289300003205,168.0
1772910192,10,GET,/api/chains/,0.000000,0.000000,0,0,0,0,0,0,0,0,0,0,0,67,0,7,74.79457713430855,1.3395839996519499,1067.9698730000382,1448.2388059701493
1772910192,10,GET,/api/chains/{id},13.300000,0.000000,5,8,15,17,65,240,360,360,370,370,370,718,4,6,48.30345750141581,1.2018790002912283,1146.3634459996683,490.2284122562674
1772910192,10,POST,/api/chains/{id}/activate,13.500000,0.000000,3,4,7,9,17,30,330,370,410,410,410,718,1,3,21.64044900002313,0.8967110006778967,1186.1223080013588,51.619777158774376
1772910192,10,POST,/api/chains/{id}/deactivate,13.500000,0.000000,2,2,3,3,8,11,22,25,380,380,380,718,0,2,10.584676565437872,1.1712480009009596,653.225547999682,61.126740947075206
1772910192,10,POST,/api/plugins/batch/parameters (500 updates),6.700000,0.000000,6,9,14,23,88,250,300,400,400,400,400,405,0,7,42.685121308696345,2.715395001359866,1099.152580000009,830.3358024691358
1772910192,10,GET,/api/plugins/discover,0.000000,0.000000,0,0,0,0,0,0,0,0,0,0,0,67,0,21,26.926989373201486,10.79270400077803,322.8276670015475,85406.01492537314
1772910192,10,GET,/api/plugins/list,0.000000,0.000000,0,0,0,0,0,0,0,0,0,0,0,67,0,3,17.168982179059842,1.1047920015698764,323.7777729991649,39.940298507462686
1772910192,10,POST,/api/plugins/load?uri,4.900000,0.000000,3,4,5,5,23,85,380,380,380,380,380,254,0,3,17.200603771746636,1.3190320005378453,380.9233289994154,2112.468503937008
1772910192,10,POST,/api/plugins/unload?uri,4.900000,0.000000,2,2,2,3,11,15,370,370,370,370,370,254,0,2,13.631693413482548,1.1812739994638832,365.1988290002919,84.85433070866142
1772910192,10,,Aggregated,118.300000,0.000000,2,4,7,9,18,68,300,370,400,410,410,6480,5,3,24.02307450988728,0.8967110006778967,1186.1223080013588,1141.5483024691357
1772910193,10,GET,/api/audio/latency,19.000000,0.000000,2,4,8,11,21,88,92,380,380,380,380,998,0,2,12.987023688399127,1.0464049992151558,1110.973341999852,33.0
1772910193,10,GET,/api/audio/levels,19.000000,0.000000,4,10,17,22,210,300,950,1100,1100,1100,1100,1002,0,3,40.71180929238331,1.0510989995964337,1107.8050169999187,73.0
1772910193,10,GET,/api/audio/levels (during plugin swap),4.900000,0.000000,3,7,9,11,40,57,360,360,360,360,360,254,0,3,28.461305413356325,1.0598709995974787,1077.0424279999133,73.0
1772910193,10,GET,/api/audio/levels/plugins,4.900000,0.000000,2,2,3,4,23,26,380,380,380,380,380,254,0,2,11.71566455502223,1.0422329996799817,378.1279699996958,14.0
1772910193,10,GET,/api/audio/status,12.900000,0.000000,2,2,3,4,11,16,19,21,380,380,380,721,0,2,10.196082887681701,1.0856129993044306,379.35289300003205,168.0
1772910193,10,GET,/api/chains/,0.000000,0.000000,0,0,0,0,0,0,0,0,0,0,0,67,0,7,74.79457713430855,1.3395839996519499,1067.9698730000382,1448.2388059701493
1772910193,10,GET,/api/chains/{id},12.900000,0.000000,5,11,16,18,220,360,990,1000,1100,1100,1100,721,4,6,52.37772193067284,1.2018790002912283,1146.3634459996683,490.50346740638
1772910193,10,POST,/api/chains/{id}/activate,12.900000,0.000000,3,6,8,10,22,80,330,370,410,410,410,721,1,3,21.884933360634626,0.8967110006778967,1186.1223080013588,51.585298196948685
1772910193,10,POST,/api/chains/{id}/deactivate,12.900000,0.000000,2,2,3,5,10,22,320,320,380,380,380,721,0,2,11.863132599144128,1.1712480009009596,653.225547999682,61.13037447988904
1772910193,10,POST,/api/plugins/batch/parameters (500 updates),8.300000,0.000000,8,14,49,74,270,320,960,1000,1000,1000,1000,411,0,7,49.06965290516878,2.715395001359866,1099.152580000009,830.1167883211679
1772910193,10,GET,/api/plugins/discover,0.000000,0.000000,0,0,0,0,0,0,0,0,0,0,0,67,0,21,26.926989373201486,10.79270400077803,322.8276670015475,85406.01492537314
1772910193,10,GET,/api/plugins/list,0.000000,0.000000,0,0,0,0,0,0,0,0,0,0,0,67,0,3,17.168982179059842,1.1047920015698764,323.7777729991649,39.940298507462686
1772910193,10,POST,/api/plugins/load?uri,4.900000,0.000000,3,4,5,6,23,85,380,380,380,380,380,254,0,3,17.200603771746636,1.3190320005378453,380.9233289994154,2112.468503937008
1772910193,10,POST,/api/plugins/unload?uri,4.900000,0.000000,2,2,3,3,10,15,370,370,370,370,370,254,0,2,13.631693413482548,1.1812739994638832,365.1988290002919,84.85433070866142
1772910193,10,,Aggregated,117.500000,0.000000,3,5,9,12,31,230,370,410,1100,1100,1100,6512,5,3,26.00921365879382,0.8967110006778967,1186.1223080013588,1137.1984029484029
1772910194,10,GET,/api/audio/latency,19.900000,0.000000,2,3,6,9,18,88,91,380,380,380,380,1021,0,2,12.80223190893722,1.0464049992151558,1110.973341999852,33.0
1772910194,10,GET,/api/audio/levels,19.800000,0.000000,3,8,12,17,65,260,950,1100,1100,1100,1100,1021,0,3,40.005863086160915,1.0510989995964337,1107.8050169999187,73.0
1772910194,10,GET,/api/audio/levels (during plugin swap),5.400000,0.000000,3,7,9,11,19,41,360,360,360,360,360,260,0,3,27.96206473073583,1.0598709995974787,1077.0424279999133,73.0
1772910194,10,GET,/api/audio/levels/plugins,5.400000,0.000000,2,2,3,4,10,26,380,380,380,380,380,260,0,2,11.520275765297601,1.0422329996799817,378.1279699996958,14.0
1772910194,10,GET,/api/audio/status,14.400000,0.000000,2,2,3,4,9,16,19,21,380,380,380,739,0,2,10.013693420868265,1.0856129993044306,379.35289300003205,168.0
1772910194,10,GET,/api/chains/,0.000000,0.000000,0,0,0,0,0,0,0,0,0,0,0,67,0,7,74.79457713430855,1.3395839996519499,1067.9698730000382,1448.2388059701493
1772910194,10,GET,/api/chains/{id},14.100000,0.000000,4,7,15,16,88,360,990,1000,1100,1100,1100,739,4,6,51.261709497981755,1.2018790002912283,1146.3634459996683,490.489851150203
1772910194,10,POST,/api/chains/{id}/activate,14.100000,0.000000,3,5,8,9,17,44,87,370,410,410,410,739,1,3,21.499845772682118,0.8967110006778967,1186.1223080013588,51.51962110960758
1772910194,10,POST,/api/chains/{id}/deactivate,14.400000,0.000000,2,2,3,4,9,16,320,320,380,380,380,739,0,2,11.643533200249626,1.1712480009009596,653.225547999682,61.15155615696888
1772910194,10,POST,/api/plugins/batch/parameters (500 updates),8.500000,0.000000,7,9,17,22,270,320,960,1000,1000,1000,1000,424,0,7,47.76107187034163,2.715395001359866,1099.152580000009,830.2169811320755
1772910194,10,GET,/api/plugins/discover,0.000000,0.000000,0,0,0,0,0,0,0,0,0,0,0,67,0,21,26.926989373201486,10.79270400077803,322.8276670015475,85406.01492537314
1772910194,10,GET,/api/plugins/list,0.000000,0.000000,0,0,0,0,0,0,0,0,0,0,0,67,0,3,17.168982179059842,1.1047920015698764,323.7777729991649,39.940298507462686
1772910194,10,POST,/api/plugins/load?uri,5.400000,0.000000,3,4,5,5,21,78,380,380,380,380,380,260,0,3,16.87656406163744,1.3190320005378453,380.9233289994154,2098.5307692307692
1772910194,10,POST,/api/plugins/unload?uri,5.400000,0.000000,2,2,3,3,9,15,370,370,370,370,370,260,0,2,13.374037996254629,1.1812739994638832,365.1988290002919,84.87692307692308
1772910194,10,,Aggregated,126.800000,0.000000,3,4,7,9,20,91,370,410,1100,1100,1100,6663,5,3,25.51995664221334,0.8967110006778967,1186.1223080013588,1116.9657811796487
1772910195,10,GET,/api/audio/latency,17.800000,0.000000,2,3,5,8,20,88,92,380,380,380,380,1040,0,2,12.617345288484872,1.0464049992151558,1110.973341999852,33.0
1772910195,10,GET,/api/audio/levels,17.700000,0.000000,3,8,11,16,77,260,1100,1100,1100,1100,1100,1040,0,3,39.353410554783224,1.0510989995964337,1107.8050169999187,73.0
1772910195,10,GET,/api/audio/levels (during plugin swap),5.000000,0.000000,4,8,10,14,40,57,360,360,360,360,360,263,0,3,27.69253112924006,1.0598709995974787,1077.0424279999133,73.0
1772910195,10,GET,/api/audio/levels/plugins,5.000000,0.000000,2,3,4,5,23,26,380,380,380,380,380,263,0,2,11.468292927670362,1.0422329996799817,378.1279699996958,14.0
1772910195,10,GET,/api/audio/status,13.100000,0.000000,2,2,3,4,9,16,21,21,380,380,380,760,0,2,9.833688753968474,1.0856129993044306,379.35289300003205,168.0
1772910195,10,GET,/api/chains/,0.000000,0.000000,0,0,0,0,0,0,0,0,0,0,0,67,0,7,74.79457713430855,1.3395839996519499,1067.9698730000382,1448.2388059701493
1772910195,10,GET,/api/chains/{id},13.000000,0.000000,4,8,14,17,88,360,990,1000,1100,1100,1100,760,4,6,50.05289539212275,1.2018790002912283,1146.3634459996683,490.7328947368421
1772910195,10,POST,/api/chains/{id}/activate,13.000000,0.000000,3,4,6,8,15,44,87,370,410,410,410,760,1,3,20.99366501054551,0.8967110006778967,1186.1223080013588,51.52368421052632
1772910195,10,POST,/api/chains/{id}/deactivate,12.800000,0.000000,2,2,3,5,10,22,320,320,380,380,380,760,0,2,11.437989564448895,1.1712480009009596,653.225547999682,61.175
1772910195,10,POST,/api/plugins/batch/parameters (500 updates),8.300000,0.000000,7,10,14,18,150,300,960,1000,1000,1000,1000,442,0,7,46.24267672630487,2.715395001359866,1099.152580000009,830.3710407239819
1772910195,10,GET,/api/plugins/discover,0.000000,0.000000,0,0,0,0,0,0,0,0,0,0,0,67,0,21,26.926989373201486,10.79270400077803,322.8276670015475,85406.01492537314
1772910195,10,GET,/api/plugins/list,0.000000,0.000000,0,0,0,0,0,0,0,0,0,0,0,67,0,3,17.168982179059842,1.1047920015698764,323.7777729991649,39.940298507462686
1772910195,10,POST,/api/plugins/load?uri,5.000000,0.000000,3,4,6,9,23,380,380,380,380,380,380,263,0,3,16.746307224433753,1.3190320005378453,380.9233289994154,2096.3688212927755
1772910195,10,POST,/api/plugins/unload?uri,5.000000,0.000000,2,2,3,3,9,31,370,370,370,370,370,263,0,2,13.261084098970823,1.1812739994638832,365.1988290002919,84.85931558935361
1772910195,10,,Aggregated,115.700000,0.000000,3,4,7,9,21,91,370,410,1100,1100,1100,6815,5,3,25.06348026780242,0.8967110006778967,1186.1223080013588,1097.8733675715334
1772910196,10,GET,/api/audio/latency,16.600000,0.000000,2,4,6,9,21,88,91,380,380,380,380,1061,0,2,12.682449257327129,1.0464049992151558,1110.973341999852,33.0
1772910196,10,GET,/api/audio/levels,16.600000,0.000000,3,8,12,17,150,260,950,1100,1100,1100,1100,1061,0,3,39.178320982067845,1.0510989995964337,1107.8050169999187,73.0
1772910196,10,GET,/api/audio/levels (during plugin swap),4.700000,0.000000,5,10,14,18,80,300,360,360,360,360,360,271,0,3,29.16775534682811,1.0598709995974787,1077.0424279999133,73.0
1772910196,10,GET,/api/audio/levels/plugins,4.700000,0.000000,2,4,5,10,19,26,380,380,380,380,380,271,0,2,11.362579833867903,1.0422329996799817,378.1279699996958,14.0
1772910196,10,GET,/api/audio/status,13.200000,0.000000,2,2,4,4,9,16,21,21,380,380,380,768,0,2,9.760236576842848,1.0856129993044306,379.35289300003205,168.0
1772910196,10,GET,/api/chains/,0.000000,0.000000,0,0,0,0,0,0,0,0,0,0,0,67,0,7,74.79457713430855,1.3395839996519499,1067.9698730000382,1448.2388059701493
1772910196,10,GET,/api/chains/{id},13.200000,0.000000,5,8,15,19,230,360,990,1000,1100,1100,1100,768,4,6,50.42360513804075,1.2018790002912283,1146.3634459996683,491.04296875
1772910196,10,POST,/api/chains/{id}/activate,13.200000,0.000000,3,4,7,9,20,44,87,370,410,410,410,768,1,3,20.883087954447415,0.8967110006778967,1186.1223080013588,51.514322916666664
1772910196,10,POST,/api/chains/{id}/deactivate,13.200000,0.000000,2,2,3,4,10,25,320,320,380,380,380,768,0,2,11.761088532528182,1.1712480009009596,653.225547999682,61.151041666666664
1772910196,10,POST,/api/plugins/batch/parameters (500 updates),8.400000,0.000000,7,12,18,31,270,300,960,1000,1000,1000,1000,451,0,7,46.2951454279964,2.715395001359866,1099.152580000009,830.5676274944568
1772910196,10,GET,/api/plugins/discover,0.000000,0.000000,0,0,0,0,0,0,0,0,0,0,0,67,0,21,26.926989373201486,10.79270400077803,322.8276670015475,85406.01492537314
1772910196,10,GET,/api/plugins/list,0.000000,0.000000,0,0,0,0,0,0,0,0,0,0,0,67,0,3,17.168982179059842,1.1047920015698764,323.7777729991649,39.940298507462686
1772910196,10,POST,/api/plugins/load?uri,4.700000,0.000000,4,5,10,15,23,78,380,380,380,380,380,271,0,3,17.037926697502947,1.3190320005378453,380.9233289994154,2100.627306273063
1772910196,10,POST,/api/plugins/unload?uri,4.700000,0.000000,2,3,4,6,9,17,370,370,370,370,370,271,0,2,13.03736837280499,1.1812739994638832,365.1988290002919,85.02952029520296
1772910196,10,,Aggregated,113.200000,0.000000,3,5,8,11,26,210,370,410,1100,1100,1100,6930,5,3,25.15080784286786,0.8967110006778967,1186.1223080013588,1084.7799422799424
1772910197,10,GET,/api/audio/latency,16.800000,0.000000,2,3,4,7,19,78,91,91,92,92,92,1087,0,2,12.436667402971203,1.0464049992151558,1110.973341999852,33.0
1772910197,10,GET,/api/audio/levels,16.800000,0.000000,3,7,10,14,74,220,950,1100,1100,1100,1100,1087,0,3,38.35537736704818,1.0510989995964337,1107.8050169999187,73.0
1772910197,10,GET,/api/audio/levels (during plugin swap),4.700000,0.000000,3,9,12,14,19,80,300,300,300,300,300,274,0,3,28.93459332477691,1.0598709995974787,1077.0424279999133,73.0
1772910197,10,GET,/api/audio/levels/plugins,4.700000,0.000000,2,3,4,5,11,18,23,23,23,23,23,274,0,2,11.2590187116067,1.0422329996799817,378.1279699996958,14.0
1772910197,10,GET,/api/audio/status,13.900000,0.000000,2,3,4,5,10,16,19,21,21,21,21,787,0,2,9.663341306245462,1.0856129993044306,379.35289300003205,168.0
1772910197,10,GET,/api/chains/,0.000000,0.000000,0,0,0,0,0,0,0,0,0,0,0,67,0,7,74.79457713430855,1.3395839996519499,1067.9698730000382,1448.2388059701493
1772910197,10,GET,/api/chains/{id},13.900000,0.000000,5,10,15,17,51,300,990,1000,1100,1100,1100,787,4,6,49.439862410437144,1.2018790002912283,1146.3634459996683,491.24523506988567
1772910197,10,POST,/api/chains/{id}/activate,13.900000,0.000000,3,4,7,8,16,21,78,87,370,370,370,787,1,3,20.499757454910426,0.8967110006778967,1186.1223080013588,51.52858958068615
1772910197,10,POST,/api/chains/{id}/deactivate,13.900000,0.000000,2,2,3,4,9,16,320,320,320,320,320,787,0,2,11.574613993624457,1.1712480009009596,653.225547999682,61.1715374841169
1772910197,10,POST,/api/plugins/batch/parameters (500 updates),9.400000,0.000000,6,10,15,19,74,290,960,1000,1000,1000,1000,464,0,7,45.28459451729571,2.715395001359866,1099.152580000009,830.4568965517242
1772910197,10,GET,/api/plugins/discover,0.000000,0.000000,0,0,0,0,0,0,0,0,0,0,0,67,0,21,26.926989373201486,10.79270400077803,322.8276670015475,85406.01492537314
1772910197,10,GET,/api/plugins/list,0.000000,0.000000,0,0,0,0,0,0,0,0,0,0,0,67,0,3,17.168982179059842,1.1047920015698764,323.7777729991649,39.940298507462686
1772910197,10,POST,/api/plugins/load?uri,4.700000,0.000000,3,4,5,6,19,23,78,78,78,78,78,274,0,3,16.883984646071845,1.3190320005378453,380.9233289994154,2086.3138686131388
1772910197,10,POST,/api/plugins/unload?uri,4.700000,0.000000,2,2,3,3,6,7,17,17,17,17,17,274,0,2,12.916226087698996,1.1812739994638832,365.1988290002919,84.98540145985402
1772910197,10,,Aggregated,117.400000,0.000000,3,4,7,9,19,78,290,360,1100,1100,1100,7083,5,3,24.72451367740854,0.8967110006778967,1186.1223080013588,1065.7574474092899
1772910198,10,GET,/api/audio/latency,15.900000,0.000000,2,3,4,7,20,88,91,92,150,150,150,1103,0,2,12.418548572104234,1.0464049992151558,1110.973341999852,33.0
1772910198,10,GET,/api/audio/levels,15.900000,0.000000,3,7,11,16,120,230,950,1100,1100,1100,1100,1106,0,3,38.079471919514575,1.0510989995964337,1107.8050169999187,73.0
1772910198,10,GET,/api/audio/levels (during plugin swap),4.400000,0.000000,5,11,14,18,58,140,300,300,300,300,300,279,0,3,29.08317021142482,1.0598709995974787,1077.0424279999133,73.0
1772910198,10,GET,/api/audio/levels/plugins,4.300000,0.000000,2,3,4,5,16,19,23,23,23,23,23,277,0,2,11.162123180437963,1.0422329996799817,378.1279699996958,14.0
1772910198,10,GET,/api/audio/status,13.600000,0.000000,2,3,4,6,10,16,21,21,130,130,130,796,0,2,9.760445297757341,1.0856129993044306,379.35289300003205,168.0
1772910198,10,GET,/api/chains/,0.000000,0.000000,0,0,0,0,0,0,0,0,0,0,0,67,0,7,74.79457713430855,1.3395839996519499,1067.9698730000382,1448.2388059701493
1772910198,10,GET,/api/chains/{id},13.600000,0.000000,5,11,16,19,91,310,990,1000,1100,1100,1100,797,4,6,48.99391132247258,1.2018790002912283,1146.3634459996683,490.2835633626098
1772910198,10,POST,/api/chains/{id}/activate,13.600000,0.000000,3,4,7,9,18,44,87,91,370,370,370,796,1,3,20.40961060052339,0.8967110006778967,1186.1223080013588,51.530150753768844
1772910198,10,POST,/api/chains/{id}/deactivate,13.600000,0.000000,2,3,4,6,10,22,320,320,320,320,320,795,0,2,11.603231105641642,1.1712480009009596,653.225547999682,61.17987421383648
1772910198,10,POST,/api/plugins/batch/parameters (500 updates),9.500000,0.000000,6,10,17,23,74,290,960,1000,1000,1000,1000,473,0,7,44.77408634677292,2.715395001359866,1099.152580000009,830.5919661733615
1772910198,10,GET,/api/plugins/discover,0.000000,0.000000,0,0,0,0,0,0,0,0,0,0,0,67,0,21,26.926989373201486,10.79270400077803,322.8276670015475,85406.01492537314
1772910198,10,GET,/api/plugins/list,0.000000,0.000000,0,0,0,0,0,0,0,0,0,0,0,67,0,3,17.168982179059842,1.1047920015698764,323.7777729991649,39.940298507462686
1772910198,10,POST,/api/plugins/load?uri,4.300000,0.000000,3,4,6,10,24,78,150,150,150,150,150,278,0,3,17.30344451807599,1.3190320005378453,380.9233289994154,2092.3812949640287
1772910198,10,POST,/api/plugins/unload?uri,4.300000,0.000000,2,2,3,4,7,7,17,17,17,17,17,277,0,2,12.812626696854865,1.1812739994638832,365.1988290002919,84.98194945848375
1772910198,10,,Aggregated,113.000000,0.000000,3,5,8,11,21,90,300,370,1100,1100,1100,7178,5,3,24.632350647964277,0.8967110006778967,1186.1223080013588,1055.3810253552522
1772910199,10,GET,/api/audio/latency,17.100000,0.000000,2,3,5,7,21,91,150,380,380,380,380,1117,0,2,13.38149381291726,1.0464049992151558,1110.973341999852,33.0
1772910199,10,GET,/api/audio/levels,16.900000,0.000000,3,7,10,12,120,220,950,1100,1100,1100,1100,1117,0,3,38.044943850477345,1.0510989995964337,1107.8050169999187,73.0
1772910199,10,GET,/api/audio/levels (during plugin swap),4.300000,0.000000,9,14,19,58,230,260,300,300,300,300,300,287,0,3,31.89790157487864,1.0598709995974787,1077.0424279999133,73.0
1772910199,10,GET,/api/audio/levels/plugins,4.600000,0.000000,3,5,10,11,20,23,380,380,380,380,380,287,0,2,12.415815616656106,1.0422329996799817,378.1279699996958,14.0
1772910199,10,GET,/api/audio/status,13.200000,0.000000,2,3,5,7,13,16,19,21,130,130,130,809,0,2,9.716521394335073,1.0856129993044306,379.35289300003205,168.0
1772910199,10,GET,/api/chains/,0.000000,0.000000,0,0,0,0,0,0,0,0,0,0,0,67,0,7,74.79457713430855,1.3395839996519499,1067.9698730000382,1448.2388059701493
1772910199,10,GET,/api/chains/{id},13.000000,0.000000,5,11,15,19,91,270,990,1000,1100,1100,1100,809,4,6,49.70523530903772,1.2018790002912283,1146.3634459996683,491.0469715698393
1772910199,10,POST,/api/chains/{id}/activate,13.100000,0.000000,3,4,8,10,20,48,87,91,400,400,400,809,1,3,20.76202730409984,0.8967110006778967,1186.1223080013588,51.480840543881335
1772910199,10,POST,/api/chains/{id}/deactivate,13.200000,0.000000,2,3,4,7,11,77,320,320,410,410,410,809,0,2,11.98494487390236,1.1712480009009596,653.225547999682,61.132262051915944
1772910199,10,POST,/api/plugins/batch/parameters (500 updates),9.800000,0.000000,6,10,15,19,53,280,320,960,1000,1000,1000,483,0,7,45.23689321122483,2.715395001359866,1099.152580000009,830.5631469979296
1772910199,10,GET,/api/plugins/discover,0.000000,0.000000,0,0,0,0,0,0,0,0,0,0,0,67,0,21,26.926989373201486,10.79270400077803,322.8276670015475,85406.01492537314
1772910199,10,GET,/api/plugins/list,0.000000,0.000000,0,0,0,0,0,0,0,0,0,0,0,67,0,3,17.168982179059842,1.1047920015698764,323.7777729991649,39.940298507462686
1772910199,10,POST,/api/plugins/load?uri,4.500000,0.000000,4,9,19,20,24,78,380,380,380,380,380,287,0,3,18.411608735272942,1.3190320005378453,380.9233289994154,2088.5087108013936
1772910199,10,POST,/api/plugins/unload?uri,4.600000,0.000000,3,6,6,7,11,19,21,21,21,21,21,287,0,2,12.75265204189536,1.1812739994638832,365.1988290002919,84.91289198606272
1772910199,10,,Aggregated,114.300000,0.000000,3,6,9,12,22,130,320,410,1100,1100,1100,7302,5,3,25.128060585467445,0.8967110006778967,1186.1223080013588,1042.7949876746097
1772910200,10,GET,/api/audio/latency,18.500000,0.000000,2,3,5,7,21,91,150,380,380,380,380,1140,0,2,13.174236857037357,1.0464049992151558,1110.973341999852,33.0
1772910200,10,GET,/api/audio/levels,18.600000,0.000000,3,5,9,11,120,220,950,1100,1100,1100,1100,1140,0,3,37.34625754735597,1.0510989995964337,1107.8050169999187,73.0
1772910200,10,GET,/api/audio/levels (during plugin swap),4.500000,0.000000,5,11,19,58,230,260,300,300,300,300,300,294,0,3,31.18490234010096,1.0352310000598663,1077.0424279999133,73.0
1772910200,10,GET,/api/audio/levels/plugins,4.400000,0.000000,3,4,8,11,20,23,380,380,380,380,380,294,0,2,12.165670084961713,1.0422329996799817,378.1279699996958,14.0
1772910200,10,GET,/api/audio/status,13.700000,0.000000,2,3,5,7,12,18,20,21,130,130,130,828,0,2,9.583315547122519,1.0856129993044306,379.35289300003205,168.0
1772910200,10,GET,/api/chains/,0.000000,0.000000,0,0,0,0,0,0,0,0,0,0,0,67,0,7,74.79457713430855,1.3395839996519499,1067.9698730000382,1448.2388059701493
1772910200,10,GET,/api/chains/{id},13.800000,0.000000,6,11,15,17,51,180,990,1000,1100,1100,1100,828,4,6,48.72834166909399,1.2018790002912283,1146.3634459996683,489.6002415458937
1772910200,10,POST,/api/chains/{id}/activate,13.800000,0.000000,3,4,8,11,18,22,87,91,400,400,400,828,1,3,20.403592044702517,0.8967110006778967,1186.1223080013588,51.49516908212561
1772910200,10,POST,/api/chains/{id}/deactivate,13.700000,0.000000,2,3,4,7,10,22,320,320,410,410,410,828,0,2,11.765569478247135,1.1712480009009596,653.225547999682,61.15217391304348
1772910200,10,POST,/api/plugins/batch/parameters (500 updates),10.400000,0.000000,7,11,15,20,60,290,960,1000,1000,1000,1000,493,0,7,44.432016192739205,2.715395001359866,1099.152580000009,830.0649087221095
1772910200,10,GET,/api/plugins/discover,0.000000,0.000000,0,0,0,0,0,0,0,0,0,0,0,67,0,21,26.926989373201486,10.79270400077803,322.8276670015475,85406.01492537314
1772910200,10,GET,/api/plugins/list,0.000000,0.000000,0,0,0,0,0,0,0,0,0,0,0,67,0,3,17.168982179059842,1.1047920015698764,323.7777729991649,39.940298507462686
1772910200,10,POST,/api/plugins/load?uri,4.400000,0.000000,4,9,13,20,24,78,380,380,380,380,380,294,0,3,18.055060605522876,1.3190320005378453,380.9233289994154,2068.0850340136053
1772910200,10,POST,/api/plugins/unload?uri,4.400000,0.000000,2,6,6,7,15,19,21,21,21,21,21,294,0,2,12.53412968715714,1.1812739994638832,365.1988290002919,84.86734693877551
1772910200,10,,Aggregated,120.200000,0.000000,3,6,8,11,21,120,320,410,1100,1100,1100,7462,5,3,24.674406663237015,0.8967110006778967,1186.1223080013588,1024.9643527204503
1772910201,10,GET,/api/audio/latency,16.600000,0.000000,2,3,5,8,21,91,150,380,380,380,380,1150,0,2,13.10821984523658,1.0464049992151558,1110.973341999852,33.0
1772910201,10,GET,/api/audio/levels,16.600000,0.000000,2,5,8,12,150,250,950,1100,1100,1100,1100,1150,0,3,37.83497327477127,1.0510989995964337,1107.8050169999187,73.0
1772910201,10,GET,/api/audio/levels (during plugin swap),4.600000,0.000000,5,11,18,36,230,260,300,300,300,300,300,298,0,3,30.837600013385618,1.0352310000598663,1077.0424279999133,73.0
1772910201,10,GET,/api/audio/levels/plugins,4.600000,0.000000,3,5,8,11,22,25,380,380,380,380,380,298,0,2,12.306906553619882,1.0422329996799817,378.1279699996958,14.0
1772910201,10,GET,/api/audio/status,12.400000,0.000000,2,4,7,9,16,20,130,350,350,350,350,838,0,2,10.450503010760386,1.0856129993044306,379.35289300003205,168.0
1772910201,10,GET,/api/chains/,0.000000,0.000000,0,0,0,0,0,0,0,0,0,0,0,67,0,7,74.79457713430855,1.3395839996519499,1067.9698730000382,1448.2388059701493
1772910201,10,GET,/api/chains/{id},12.400000,0.000000,7,13,16,20,91,270,990,1000,1100,1100,1100,838,4,6,48.44551023629144,1.2018790002912283,1146.3634459996683,490.326968973747
1772910201,10,POST,/api/chains/{id}/activate,12.400000,0.000000,3,6,9,13,21,87,91,360,400,400,400,838,1,3,20.924214044168576,0.8967110006778967,1186.1223080013588,51.5071599045346
1772910201,10,POST,/api/chains/{id}/deactivate,12.400000,0.000000,2,3,5,8,16,77,320,360,410,410,410,838,0,2,12.146752693308311,1.1712480009009596,653.225547999682,61.10262529832936
1772910201,10,POST,/api/plugins/batch/parameters (500 updates),10.600000,0.000000,8,13,20,24,210,320,960,1000,1000,1000,1000,505,0,7,44.79935336836062,2.715395001359866,1099.152580000009,829.9366336633664
1772910201,10,GET,/api/plugins/discover,0.000000,0.000000,0,0,0,0,0,0,0,0,0,0,0,67,0,21,26.926989373201486,10.79270400077803,322.8276670015475,85406.01492537314
1772910201,10,GET,/api/plugins/list,0.000000,0.000000,0,0,0,0,0,0,0,0,0,0,0,67,0,3,17.168982179059842,1.1047920015698764,323.7777729991649,39.940298507462686
1772910201,10,POST,/api/plugins/load?uri,4.600000,0.000000,4,9,13,20,78,96,380,380,380,380,380,298,0,3,18.160304057126623,1.3190320005378453,380.9233289994154,2069.318791946309
1772910201,10,POST,/api/plugins/unload?uri,4.600000,0.000000,2,6,7,9,19,21,350,350,350,350,350,298,0,2,13.619431342356119,1.1812739994638832,365.1988290002919,84.83221476510067
1772910201,10,,Aggregated,111.800000,0.000000,3,7,10,14,34,170,350,410,1100,1100,1100,7550,5,3,24.9761278985536,0.8967110006778967,1186.1223080013588,1016.7996026490066
1772910202,10,GET,/api/audio/latency,17.500000,0.000000,2,3,4,5,17,21,150,380,380,380,380,1175,0,2,12.88138905789194,1.0464049992151558,1110.973341999852,33.0
1772910202,10,GET,/api/audio/levels,17.500000,0.000000,2,5,7,11,38,170,250,330,330,330,330,1175,0,3,37.15644203657885,1.0510989995964337,1107.8050169999187,73.0
1772910202,10,GET,/api/audio/levels (during plugin swap),4.900000,0.000000,5,11,18,36,230,260,300,300,300,300,300,301,0,3,30.582694322232136,1.0352310000598663,1077.0424279999133,73.0
1772910202,10,GET,/api/audio/levels/plugins,4.900000,0.000000,3,4,8,11,20,25,380,380,380,380,380,301,0,2,12.20849714942396,1.0422329996799817,378.1279699996958,14.0
1772910202,10,GET,/api/audio/status,12.800000,0.000000,2,4,6,8,13,19,130,350,350,350,350,852,0,2,10.345530253536982,1.0856129993044306,379.35289300003205,168.0
1772910202,10,GET,/api/chains/,0.000000,0.000000,0,0,0,0,0,0,0,0,0,0,0,67,0,7,74.79457713430855,1.3395839996519499,1067.9698730000382,1448.2388059701493
1772910202,10,GET,/api/chains/{id},12.800000,0.000000,7,11,15,17,38,140,270,310,330,330,330,852,4,6,47.73592322537314,1.2018790002912283,1146.3634459996683,490.88145539906105
1772910202,10,POST,/api/chains/{id}/activate,12.800000,0.000000,3,6,9,13,20,48,91,360,400,400,400,852,1,3,20.723565649080403,0.8967110006778967,1186.1223080013588,51.5
1772910202,10,POST,/api/chains/{id}/deactivate,12.800000,0.000000,2,3,7,8,16,77,320,360,410,410,410,852,0,2,12.020733375581965,1.1712480009009596,653.225547999682,61.117370892018776
1772910202,10,POST,/api/plugins/batch/parameters (500 updates),11.000000,0.000000,8,11,15,20,53,270,320,320,330,330,330,522,0,7,43.61427342724062,2.715395001359866,1099.152580000009,829.8390804597701
1772910202,10,GET,/api/plugins/discover,0.000000,0.000000,0,0,0,0,0,0,0,0,0,0,0,67,0,21,26.926989373201486,10.79270400077803,322.8276670015475,85406.01492537314
1772910202,10,GET,/api/plugins/list,0.000000,0.000000,0,0,0,0,0,0,0,0,0,0,0,67,0,3,17.168982179059842,1.1047920015698764,323.7777729991649,39.940298507462686
1772910202,10,POST,/api/plugins/load?uri,4.900000,0.000000,4,10,19,20,78,96,380,380,380,380,380,301,0,3,18.04568212300669,1.3190320005378453,380.9233289994154,2072.471760797342
1772910202,10,POST,/api/plugins/unload?uri,4.900000,0.000000,3,6,7,9,19,21,350,350,350,350,350,301,0,2,13.497425641266652,1.1812739994638832,365.1988290002919,84.82059800664452
1772910202,10,,Aggregated,116.800000,0.000000,3,6,9,12,21,91,300,350,400,410,410,7685,5,3,24.63044036826042,0.8967110006778967,1186.1223080013588,1003.5765777488614
