[2026-03-07 14:24:42,008] MAP2-TESTBED/INFO/locust.main: Starting Locust 2.43.3
[2026-03-07 14:24:42,008] MAP2-TESTBED/WARNING/locust.main: System open file limit '8192 is below minimum setting '10000'.
It's not high enough for load testing, and the OS didn't allow locust to increase it by itself.
See https://github.com/locustio/locust/wiki/Installation#increasing-maximum-number-of-open-files-limit for more info.
[2026-03-07 14:24:42,009] MAP2-TESTBED/INFO/locust.main: Run time limit set to 70 seconds
Type     Name                                                                          # reqs      # fails |    Avg     Min     Max    Med |   req/s  failures/s
--------|----------------------------------------------------------------------------|-------|-------------|-------|-------|-------|-------|--------|-----------
--------|----------------------------------------------------------------------------|-------|-------------|-------|-------|-------|-------|--------|-----------
         Aggregated                                                                         0     0(0.00%) |      0       0       0      0 |    0.00        0.00

[2026-03-07 14:24:42,028] MAP2-TESTBED/INFO/locust.runners: Ramping to 10 users at a rate of 2.00 per second
Type     Name                                                                          # reqs      # fails |    Avg     Min     Max    Med |   req/s  failures/s
--------|----------------------------------------------------------------------------|-------|-------------|-------|-------|-------|-------|--------|-----------
GET      /api/audio/latency                                                                11     0(0.00%) |     11       1      71      2 |    0.00        0.00
GET      /api/audio/levels                                                                 12     0(0.00%) |    168       1     965      7 |    0.00        0.00
GET      /api/audio/levels (during plugin swap)                                             1     0(0.00%) |     12      12      12     12 |    0.00        0.00
GET      /api/audio/levels/plugins                                                          1     0(0.00%) |      1       1       1      1 |    0.00        0.00
GET      /api/audio/status                                                                  6     0(0.00%) |      2       1      10      1 |    0.00        0.00
GET      /api/chains/                                                                       7     0(0.00%) |    115       1     243    120 |    0.00        0.00
GET      /api/chains/{id}                                                                   7     0(0.00%) |     21       9      39     22 |    0.00        0.00
POST     /api/chains/{id}/activate                                                          7     0(0.00%) |     16       3      72      8 |    0.00        0.00
POST     /api/chains/{id}/deactivate                                                        6     0(0.00%) |      1       1       2      1 |    0.00        0.00
GET      /api/plugins/discover                                                              6     0(0.00%) |     24      11      41     22 |    0.00        0.00
GET      /api/plugins/list                                                                  7     0(0.00%) |     14       1      73      3 |    0.00        0.00
POST     /api/plugins/load?uri                                                              1     0(0.00%) |      2       2       2      2 |    0.00        0.00
POST     /api/plugins/unload?uri                                                            1     0(0.00%) |      9       9       9      9 |    0.00        0.00
--------|----------------------------------------------------------------------------|-------|-------------|-------|-------|-------|-------|--------|-----------
         Aggregated                                                                        73     0(0.00%) |     48       1     965      8 |    0.00        0.00

Type     Name                                                                          # reqs      # fails |    Avg     Min     Max    Med |   req/s  failures/s
--------|----------------------------------------------------------------------------|-------|-------------|-------|-------|-------|-------|--------|-----------
GET      /api/audio/latency                                                                41     0(0.00%) |     13       1     308      2 |    5.00        0.00
GET      /api/audio/levels                                                                 41     0(0.00%) |     53       1     965      3 |    5.50        0.00
GET      /api/audio/levels (during plugin swap)                                             7     0(0.00%) |     10       1      28      7 |    0.50        0.00
GET      /api/audio/levels/plugins                                                          7     0(0.00%) |      6       1      26      2 |    0.50        0.00
GET      /api/audio/status                                                                 24     0(0.00%) |     16       1     308      1 |    3.00        0.00
GET      /api/chains/                                                                      24     0(0.00%) |     59       1     279      3 |    3.50        0.00
GET      /api/chains/{id}                                                                  24     0(0.00%) |     12       1      67      9 |    3.50        0.00
POST     /api/chains/{id}/activate                                                         24     0(0.00%) |      8       1      72      4 |    3.00        0.00
POST     /api/chains/{id}/deactivate                                                       24     0(0.00%) |      4       1      41      1 |    3.00        0.00
POST     /api/plugins/batch/parameters (500 updates)                                        4     0(0.00%) |     12       3      25      4 |    0.00        0.00
GET      /api/plugins/discover                                                             23     0(0.00%) |     32      10     308     21 |    3.00        0.00
GET      /api/plugins/list                                                                 24     0(0.00%) |      7       1      73      2 |    3.00        0.00
POST     /api/plugins/load?uri                                                              7     0(0.00%) |      5       1      27      2 |    0.50        0.00
POST     /api/plugins/unload?uri                                                            7     0(0.00%) |      3       1       9      2 |    0.50        0.00
--------|----------------------------------------------------------------------------|-------|-------------|-------|-------|-------|-------|--------|-----------
         Aggregated                                                                       281     0(0.00%) |     22       1     965      2 |   34.50        0.00

[2026-03-07 14:24:46,046] MAP2-TESTBED/INFO/locust.runners: All users spawned: {"MAP2RealtimeUser": 10} (10 total users)
Type     Name                                                                          # reqs      # fails |    Avg     Min     Max    Med |   req/s  failures/s
--------|----------------------------------------------------------------------------|-------|-------------|-------|-------|-------|-------|--------|-----------
GET      /api/audio/latency                                                                73     0(0.00%) |     22       1     308      2 |    6.67        0.00
GET      /api/audio/levels                                                                 73     0(0.00%) |     38       1     965      7 |    6.67        0.00
GET      /api/audio/levels (during plugin swap)                                            20     0(0.00%) |     21       1     250      4 |    1.00        0.00
GET      /api/audio/levels/plugins                                                         20     0(0.00%) |      8       1      55      2 |    1.00        0.00
GET      /api/audio/status                                                                 45     0(0.00%) |     17       1     308      2 |    6.00        0.00
GET      /api/chains/                                                                      45     0(0.00%) |     37       1     279      5 |    4.33        0.00
GET      /api/chains/{id}                                                                  45     0(0.00%) |      9       1      67      5 |    6.00        0.00
POST     /api/chains/{id}/activate                                                         45     0(0.00%) |     11       1      89      4 |    6.00        0.00
POST     /api/chains/{id}/deactivate                                                       45     0(0.00%) |      6       1      61      2 |    6.00        0.00
POST     /api/plugins/batch/parameters (500 updates)                                        8     0(0.00%) |     11       3      25      5 |    0.00        0.00
GET      /api/plugins/discover                                                             45     0(0.00%) |     33      10     308     18 |    4.33        0.00
GET      /api/plugins/list                                                                 45     0(0.00%) |     22       1     303      2 |    4.33        0.00
POST     /api/plugins/load?uri                                                             20     0(0.00%) |     23       1     301      2 |    1.00        0.00
POST     /api/plugins/unload?uri                                                           20     0(0.00%) |      4       1      25      2 |    1.00        0.00
--------|----------------------------------------------------------------------------|-------|-------------|-------|-------|-------|-------|--------|-----------
         Aggregated                                                                       549     0(0.00%) |     21       1     965      3 |   54.33        0.00

Type     Name                                                                          # reqs      # fails |    Avg     Min     Max    Med |   req/s  failures/s
--------|----------------------------------------------------------------------------|-------|-------------|-------|-------|-------|-------|--------|-----------
GET      /api/audio/latency                                                               115     0(0.00%) |     35       1     371      3 |   12.17        0.00
GET      /api/audio/levels                                                                115     0(0.00%) |     44       1     965      7 |   12.17        0.00
GET      /api/audio/levels (during plugin swap)                                            28     0(0.00%) |     27       1     292      4 |    3.33        0.00
GET      /api/audio/levels/plugins                                                         28     0(0.00%) |     10       1      55      2 |    3.33        0.00
GET      /api/audio/status                                                                 64     0(0.00%) |     14       1     308      2 |    7.50        0.00
GET      /api/chains/                                                                      51     0(0.00%) |     49       1     311      6 |    7.50        0.00
GET      /api/chains/{id}                                                                  64     0(0.00%) |     17       1     201      6 |    7.50        0.00
POST     /api/chains/{id}/activate                                                         64     0(0.00%) |     10       1      89      4 |    7.50        0.00
POST     /api/chains/{id}/deactivate                                                       64     0(0.00%) |      6       1      61      2 |    7.50        0.00
POST     /api/plugins/batch/parameters (500 updates)                                       19     0(0.00%) |     27       2     235     12 |    1.33        0.00
GET      /api/plugins/discover                                                             51     0(0.00%) |     33      10     308     20 |    7.50        0.00
GET      /api/plugins/list                                                                 51     0(0.00%) |     21       1     303      2 |    7.50        0.00
POST     /api/plugins/load?uri                                                             28     0(0.00%) |     19       1     301      4 |    3.33        0.00
POST     /api/plugins/unload?uri                                                           28     0(0.00%) |      5       1      25      2 |    3.33        0.00
--------|----------------------------------------------------------------------------|-------|-------------|-------|-------|-------|-------|--------|-----------
         Aggregated                                                                       770     0(0.00%) |     25       1     965      4 |   91.50        0.00

Type     Name                                                                          # reqs      # fails |    Avg     Min     Max    Med |   req/s  failures/s
--------|----------------------------------------------------------------------------|-------|-------------|-------|-------|-------|-------|--------|-----------
GET      /api/audio/latency                                                               162     0(0.00%) |     28       1     371      3 |   14.38        0.00
GET      /api/audio/levels                                                                162     0(0.00%) |     39       1     965      8 |   14.38        0.00
GET      /api/audio/levels (during plugin swap)                                            35     0(0.00%) |     23       1     292      4 |    3.50        0.00
GET      /api/audio/levels/plugins                                                         35     0(0.00%) |      9       1      55      2 |    3.38        0.00
GET      /api/audio/status                                                                 92     0(0.00%) |     11       1     308      2 |    7.88        0.00
GET      /api/chains/                                                                      54     0(0.00%) |     46       1     311      5 |    6.38        0.00
GET      /api/chains/{id}                                                                  92     0(0.00%) |     22       1     308      6 |    8.00        0.00
POST     /api/chains/{id}/activate                                                         92     0(0.00%) |     11       1      93      4 |    8.00        0.00
POST     /api/chains/{id}/deactivate                                                       92     0(0.00%) |      8       1     311      2 |    7.88        0.00
POST     /api/plugins/batch/parameters (500 updates)                                       36     0(0.00%) |     21       2     235     11 |    2.38        0.00
GET      /api/plugins/discover                                                             54     0(0.00%) |     32      10     308     18 |    6.25        0.00
GET      /api/plugins/list                                                                 54     0(0.00%) |     20       1     303      2 |    6.38        0.00
POST     /api/plugins/load?uri                                                             35     0(0.00%) |     16       1     301      2 |    3.50        0.00
POST     /api/plugins/unload?uri                                                           35     0(0.00%) |     13       1     312      2 |    3.38        0.00
--------|----------------------------------------------------------------------------|-------|-------------|-------|-------|-------|-------|--------|-----------
         Aggregated                                                                      1030     0(0.00%) |     23       1     965      4 |   95.62        0.00

Type     Name                                                                          # reqs      # fails |    Avg     Min     Max    Med |   req/s  failures/s
--------|----------------------------------------------------------------------------|-------|-------------|-------|-------|-------|-------|--------|-----------
GET      /api/audio/latency                                                               197     0(0.00%) |     24       1     371      3 |   15.44        0.00
GET      /api/audio/levels                                                                197     0(0.00%) |     33       1     965      7 |   15.44        0.00
GET      /api/audio/levels (during plugin swap)                                            41     0(0.00%) |     20       1     292      3 |    3.44        0.00
GET      /api/audio/levels/plugins                                                         41     0(0.00%) |      8       1      55      2 |    3.44        0.00
GET      /api/audio/status                                                                111     0(0.00%) |     10       1     308      2 |    8.67        0.00
GET      /api/chains/                                                                      58     0(0.00%) |     44       1     311      5 |    6.00        0.00
GET      /api/chains/{id}                                                                 111     0(0.00%) |     20       1     308      6 |    8.67        0.00
POST     /api/chains/{id}/activate                                                        111     0(0.00%) |     10       1      93      4 |    8.67        0.00
POST     /api/chains/{id}/deactivate                                                      111     0(0.00%) |      7       1     311      2 |    8.67        0.00
POST     /api/plugins/batch/parameters (500 updates)                                       43     0(0.00%) |     18       2     235     10 |    3.56        0.00
GET      /api/plugins/discover                                                             58     0(0.00%) |     31      10     308     18 |    6.00        0.00
GET      /api/plugins/list                                                                 58     0(0.00%) |     19       1     303      2 |    6.00        0.00
POST     /api/plugins/load?uri                                                             41     0(0.00%) |     14       1     301      2 |    3.44        0.00
POST     /api/plugins/unload?uri                                                           41     0(0.00%) |     12       1     312      2 |    3.44        0.00
--------|----------------------------------------------------------------------------|-------|-------------|-------|-------|-------|-------|--------|-----------
         Aggregated                                                                      1219     0(0.00%) |     20       1     965      4 |  100.89        0.00

Type     Name                                                                          # reqs      # fails |    Avg     Min     Max    Med |   req/s  failures/s
--------|----------------------------------------------------------------------------|-------|-------------|-------|-------|-------|-------|--------|-----------
GET      /api/audio/latency                                                               232     0(0.00%) |     22       1     371      2 |   18.90        0.00
GET      /api/audio/levels                                                                232     0(0.00%) |     56       1    1121      7 |   18.90        0.00
GET      /api/audio/levels (during plugin swap)                                            57     0(0.00%) |     40       1     922      3 |    4.00        0.00
GET      /api/audio/levels/plugins                                                         57     0(0.00%) |     12       1     313      2 |    4.00        0.00
GET      /api/audio/status                                                                128     0(0.00%) |     12       1     352      2 |   10.40        0.00
GET      /api/chains/                                                                      61     0(0.00%) |     77       1    1105      6 |    5.40        0.00
GET      /api/chains/{id}                                                                 128     0(0.00%) |     27       1    1061      4 |   10.40        0.00
POST     /api/chains/{id}/activate                                                        128     0(0.00%) |     10       1      93      4 |   10.40        0.00
POST     /api/chains/{id}/deactivate                                                      128     0(0.00%) |      7       1     311      2 |   10.40        0.00
POST     /api/plugins/batch/parameters (500 updates)                                       60     0(0.00%) |     19       2     235     10 |    4.30        0.00
GET      /api/plugins/discover                                                             61     0(0.00%) |     41      10     335     18 |    5.40        0.00
GET      /api/plugins/list                                                                 61     0(0.00%) |     20       1     303      2 |    5.40        0.00
POST     /api/plugins/load?uri                                                             57     0(0.00%) |     14       1     301      2 |    4.00        0.00
POST     /api/plugins/unload?uri                                                           57     0(0.00%) |     10       1     312      2 |    4.00        0.00
--------|----------------------------------------------------------------------------|-------|-------------|-------|-------|-------|-------|--------|-----------
         Aggregated                                                                      1447     0(0.00%) |     27       1    1121      3 |  115.90        0.00

Type     Name                                                                          # reqs      # fails |    Avg     Min     Max    Med |   req/s  failures/s
--------|----------------------------------------------------------------------------|-------|-------------|-------|-------|-------|-------|--------|-----------
GET      /api/audio/latency                                                               272     0(0.00%) |     22       1     371      2 |   19.10        0.00
GET      /api/audio/levels                                                                272     0(0.00%) |     52       1    1121      7 |   19.10        0.00
GET      /api/audio/levels (during plugin swap)                                            71     0(0.00%) |     34       1     922      3 |    5.00        0.00
GET      /api/audio/levels/plugins                                                         70     0(0.00%) |     11       1     313      2 |    5.00        0.00
GET      /api/audio/status                                                                158     0(0.00%) |     12       1     352      2 |   10.40        0.00
GET      /api/chains/                                                                      66     0(0.00%) |     72       1    1105      5 |    3.90        0.00
GET      /api/chains/{id}                                                                 158     0(0.00%) |     25       1    1061      5 |   10.40        0.00
POST     /api/chains/{id}/activate                                                        158     0(0.00%) |     10       1      93      4 |   10.40        0.00
POST     /api/chains/{id}/deactivate                                                      157     0(0.00%) |      8       1     311      2 |   10.40        0.00
POST     /api/plugins/batch/parameters (500 updates)                                       70     0(0.00%) |     18       2     235     10 |    5.60        0.00
GET      /api/plugins/discover                                                             65     0(0.00%) |     39      10     335     18 |    3.90        0.00
GET      /api/plugins/list                                                                 66     0(0.00%) |     19       1     303      2 |    3.90        0.00
POST     /api/plugins/load?uri                                                             71     0(0.00%) |     13       1     301      3 |    5.00        0.00
POST     /api/plugins/unload?uri                                                           69     0(0.00%) |     13       1     312      2 |    5.00        0.00
--------|----------------------------------------------------------------------------|-------|-------------|-------|-------|-------|-------|--------|-----------
         Aggregated                                                                      1723     0(0.00%) |     25       1    1121      3 |  117.10        0.00

Type     Name                                                                          # reqs      # fails |    Avg     Min     Max    Med |   req/s  failures/s
--------|----------------------------------------------------------------------------|-------|-------------|-------|-------|-------|-------|--------|-----------
GET      /api/audio/latency                                                               310     0(0.00%) |     21       1     371      2 |   19.80        0.00
GET      /api/audio/levels                                                                310     0(0.00%) |     47       1    1121      6 |   19.80        0.00
GET      /api/audio/levels (during plugin swap)                                            80     0(0.00%) |     32       1     922      3 |    4.90        0.00
GET      /api/audio/levels/plugins                                                         80     0(0.00%) |     10       1     313      2 |    4.90        0.00
GET      /api/audio/status                                                                196     0(0.00%) |     15       1     352      2 |   11.20        0.00
GET      /api/chains/                                                                      66     0(0.00%) |     72       1    1105      5 |    2.00        0.00
GET      /api/chains/{id}                                                                 196     0(0.00%) |     25       1    1061      6 |   11.20        0.00
POST     /api/chains/{id}/activate                                                        196     0(0.00%) |     12       1     296      4 |   11.20        0.00
POST     /api/chains/{id}/deactivate                                                      196     0(0.00%) |      7       1     311      2 |   11.20        0.00
POST     /api/plugins/batch/parameters (500 updates)                                       89     0(0.00%) |     19       2     262      8 |    6.20        0.00
GET      /api/plugins/discover                                                             66     0(0.00%) |     38      10     335     17 |    2.00        0.00
GET      /api/plugins/list                                                                 66     0(0.00%) |     19       1     303      2 |    2.00        0.00
POST     /api/plugins/load?uri                                                             80     0(0.00%) |     12       1     301      2 |    4.90        0.00
POST     /api/plugins/unload?uri                                                           80     0(0.00%) |     11       1     312      2 |    4.90        0.00
--------|----------------------------------------------------------------------------|-------|-------------|-------|-------|-------|-------|--------|-----------
         Aggregated                                                                      2011     0(0.00%) |     24       1    1121      3 |  116.20        0.00

Type     Name                                                                          # reqs      # fails |    Avg     Min     Max    Med |   req/s  failures/s
--------|----------------------------------------------------------------------------|-------|-------------|-------|-------|-------|-------|--------|-----------
GET      /api/audio/latency                                                               356     0(0.00%) |     19       1     371      2 |   19.10        0.00
GET      /api/audio/levels                                                                357     0(0.00%) |     42       1    1121      6 |   18.60        0.00
GET      /api/audio/levels (during plugin swap)                                            93     0(0.00%) |     28       1     922      3 |    5.10        0.00
GET      /api/audio/levels/plugins                                                         93     0(0.00%) |      9       1     313      2 |    5.10        0.00
GET      /api/audio/status                                                                232     0(0.00%) |     13       1     352      2 |   11.90        0.00
GET      /api/chains/                                                                      66     0(0.00%) |     72       1    1105      5 |    1.90        0.00
GET      /api/chains/{id}                                                                 233     0(0.00%) |     22       1    1061      4 |   11.90        0.00
POST     /api/chains/{id}/activate                                                        232     0(0.00%) |     10       1     296      3 |   11.90        0.00
POST     /api/chains/{id}/deactivate                                                      232     0(0.00%) |      6       1     311      2 |   11.90        0.00
POST     /api/plugins/batch/parameters (500 updates)                                      101     0(0.00%) |     19       2     262      9 |    6.80        0.00
GET      /api/plugins/discover                                                             66     0(0.00%) |     38      10     335     17 |    1.90        0.00
GET      /api/plugins/list                                                                 66     0(0.00%) |     19       1     303      2 |    1.90        0.00
POST     /api/plugins/load?uri                                                             93     0(0.00%) |     11       1     301      2 |    5.10        0.00
POST     /api/plugins/unload?uri                                                           93     0(0.00%) |     10       1     312      2 |    5.10        0.00
--------|----------------------------------------------------------------------------|-------|-------------|-------|-------|-------|-------|--------|-----------
         Aggregated                                                                      2313     0(0.00%) |     21       1    1121      3 |  118.20        0.00

Type     Name                                                                          # reqs      # fails |    Avg     Min     Max    Med |   req/s  failures/s
--------|----------------------------------------------------------------------------|-------|-------------|-------|-------|-------|-------|--------|-----------
GET      /api/audio/latency                                                               399     0(0.00%) |     18       1     371      3 |   19.70        0.00
GET      /api/audio/levels                                                                399     0(0.00%) |     40       1    1121      6 |   19.80        0.00
GET      /api/audio/levels (during plugin swap)                                           102     0(0.00%) |     26       1     922      3 |    5.80        0.00
GET      /api/audio/levels/plugins                                                        102     0(0.00%) |      8       1     313      2 |    5.80        0.00
GET      /api/audio/status                                                                268     0(0.00%) |     12       1     352      2 |   14.20        0.00
GET      /api/chains/                                                                      66     0(0.00%) |     72       1    1105      5 |    1.20        0.00
GET      /api/chains/{id}                                                                 268     0(0.00%) |     22       1    1061      4 |   14.30        0.00
POST     /api/chains/{id}/activate                                                        268     0(0.00%) |     11       1     298      4 |   14.20        0.00
POST     /api/chains/{id}/deactivate                                                      268     0(0.00%) |      6       1     311      2 |   14.20        0.00
POST     /api/plugins/batch/parameters (500 updates)                                      125     0(0.00%) |     20       2     262     10 |    6.60        0.00
GET      /api/plugins/discover                                                             66     0(0.00%) |     38      10     335     17 |    1.20        0.00
GET      /api/plugins/list                                                                 66     0(0.00%) |     19       1     303      2 |    1.20        0.00
POST     /api/plugins/load?uri                                                            102     0(0.00%) |     10       1     301      2 |    5.80        0.00
POST     /api/plugins/unload?uri                                                          102     0(0.00%) |      9       1     312      2 |    5.80        0.00
--------|----------------------------------------------------------------------------|-------|-------------|-------|-------|-------|-------|--------|-----------
         Aggregated                                                                      2601     0(0.00%) |     20       1    1121      3 |  129.80        0.00

Type     Name                                                                          # reqs      # fails |    Avg     Min     Max    Med |   req/s  failures/s
--------|----------------------------------------------------------------------------|-------|-------------|-------|-------|-------|-------|--------|-----------
GET      /api/audio/latency                                                               412     0(0.00%) |     18       1     371      2 |   20.10        0.00
GET      /api/audio/levels                                                                412     0(0.00%) |     44       1    1121      5 |   20.10        0.00
GET      /api/audio/levels (during plugin swap)                                           109     0(0.00%) |     25       1     922      3 |    6.10        0.00
GET      /api/audio/levels/plugins                                                        109     0(0.00%) |      8       1     313      2 |    6.10        0.00
GET      /api/audio/status                                                                281     0(0.00%) |     12       1     352      2 |   15.60        0.00
GET      /api/chains/                                                                      66     0(0.00%) |     72       1    1105      5 |    0.80        0.00
GET      /api/chains/{id}                                                                 282     0(0.00%) |     35       1    1061      4 |   15.60        0.00
POST     /api/chains/{id}/activate                                                        282     0(0.00%) |     12       1     298      4 |   15.60        0.00
POST     /api/chains/{id}/deactivate                                                      281     0(0.00%) |     10       1     311      2 |   15.50        0.00
POST     /api/plugins/batch/parameters (500 updates)                                      135     0(0.00%) |     46       2    1126     10 |    8.20        0.00
GET      /api/plugins/discover                                                             66     0(0.00%) |     38      10     335     17 |    0.80        0.00
GET      /api/plugins/list                                                                 66     0(0.00%) |     19       1     303      2 |    0.80        0.00
POST     /api/plugins/load?uri                                                            109     0(0.00%) |     20       1    1119      2 |    6.10        0.00
POST     /api/plugins/unload?uri                                                          109     0(0.00%) |      9       1     312      2 |    6.00        0.00
--------|----------------------------------------------------------------------------|-------|-------------|-------|-------|-------|-------|--------|-----------
         Aggregated                                                                      2719     0(0.00%) |     24       1    1126      3 |  137.40        0.00

Type     Name                                                                          # reqs      # fails |    Avg     Min     Max    Med |   req/s  failures/s
--------|----------------------------------------------------------------------------|-------|-------------|-------|-------|-------|-------|--------|-----------
GET      /api/audio/latency                                                               450     0(0.00%) |     17       1     371      2 |   19.50        0.00
GET      /api/audio/levels                                                                450     0(0.00%) |     41       1    1121      5 |   19.50        0.00
GET      /api/audio/levels (during plugin swap)                                           124     0(0.00%) |     24       1     922      3 |    5.70        0.00
GET      /api/audio/levels/plugins                                                        122     0(0.00%) |      8       1     313      2 |    5.80        0.00
GET      /api/audio/status                                                                315     0(0.00%) |     11       1     352      2 |   15.80        0.00
GET      /api/chains/                                                                      66     0(0.00%) |     72       1    1105      5 |    0.60        0.00
GET      /api/chains/{id}                                                                 320     0(0.00%) |     33       1    1061      4 |   15.80        0.00
POST     /api/chains/{id}/activate                                                        316     0(0.00%) |     11       1     298      4 |   15.80        0.00
POST     /api/chains/{id}/deactivate                                                      315     0(0.00%) |     10       1     311      2 |   15.80        0.00
POST     /api/plugins/batch/parameters (500 updates)                                      156     0(0.00%) |     41       2    1126     10 |    8.10        0.00
GET      /api/plugins/discover                                                             66     0(0.00%) |     38      10     335     17 |    0.60        0.00
GET      /api/plugins/list                                                                 66     0(0.00%) |     19       1     303      2 |    0.60        0.00
POST     /api/plugins/load?uri                                                            123     0(0.00%) |     19       1    1119      2 |    5.70        0.00
POST     /api/plugins/unload?uri                                                          122     0(0.00%) |      9       1     312      2 |    5.80        0.00
--------|----------------------------------------------------------------------------|-------|-------------|-------|-------|-------|-------|--------|-----------
         Aggregated                                                                      3011     0(0.00%) |     23       1    1126      3 |  135.10        0.00

Type     Name                                                                          # reqs      # fails |    Avg     Min     Max    Med |   req/s  failures/s
--------|----------------------------------------------------------------------------|-------|-------------|-------|-------|-------|-------|--------|-----------
GET      /api/audio/latency                                                               492     0(0.00%) |     16       1     371      2 |   17.90        0.00
GET      /api/audio/levels                                                                492     0(0.00%) |     38       1    1121      5 |   17.90        0.00
GET      /api/audio/levels (during plugin swap)                                           131     0(0.00%) |     24       1     922      3 |    5.50        0.00
GET      /api/audio/levels/plugins                                                        131     0(0.00%) |     10       1     348      2 |    5.30        0.00
GET      /api/audio/status                                                                348     0(0.00%) |     11       1     352      2 |   15.80        0.00
GET      /api/chains/                                                                      66     0(0.00%) |     72       1    1105      5 |    0.10        0.00
GET      /api/chains/{id}                                                                 348     0(0.00%) |     31       1    1061      4 |   16.30        0.00
POST     /api/chains/{id}/activate                                                        348     0(0.00%) |     15       1     358      3 |   15.90        0.00
POST     /api/chains/{id}/deactivate                                                      348     0(0.00%) |      9       1     311      2 |   15.80        0.00
POST     /api/plugins/batch/parameters (500 updates)                                      179     0(0.00%) |     38       2    1126     11 |    8.60        0.00
GET      /api/plugins/discover                                                             66     0(0.00%) |     38      10     335     17 |    0.10        0.00
GET      /api/plugins/list                                                                 66     0(0.00%) |     19       1     303      2 |    0.10        0.00
POST     /api/plugins/load?uri                                                            131     0(0.00%) |     21       1    1119      2 |    5.40        0.00
POST     /api/plugins/unload?uri                                                          131     0(0.00%) |      8       1     312      2 |    5.30        0.00
--------|----------------------------------------------------------------------------|-------|-------------|-------|-------|-------|-------|--------|-----------
         Aggregated                                                                      3277     0(0.00%) |     22       1    1126      3 |  130.00        0.00

Type     Name                                                                          # reqs      # fails |    Avg     Min     Max    Med |   req/s  failures/s
--------|----------------------------------------------------------------------------|-------|-------------|-------|-------|-------|-------|--------|-----------
GET      /api/audio/latency                                                               530     0(0.00%) |     16       1     371      2 |   18.00        0.00
GET      /api/audio/levels                                                                530     0(0.00%) |     39       1    1121      5 |   18.00        0.00
GET      /api/audio/levels (during plugin swap)                                           141     0(0.00%) |     26       1     922      3 |    5.10        0.00
GET      /api/audio/levels/plugins                                                        141     0(0.00%) |     10       1     348      2 |    5.10        0.00
GET      /api/audio/status                                                                372     0(0.00%) |     12       1     352      2 |   15.40        0.00
GET      /api/chains/                                                                      66     0(0.00%) |     72       1    1105      5 |    0.00        0.00
GET      /api/chains/{id}                                                                 372     0(0.00%) |     32       1    1061      5 |   15.40        0.00
POST     /api/chains/{id}/activate                                                        372     0(0.00%) |     16       1     372      4 |   15.40        0.00
POST     /api/chains/{id}/deactivate                                                      372     0(0.00%) |     11       1     357      2 |   15.40        0.00
POST     /api/plugins/batch/parameters (500 updates)                                      195     0(0.00%) |     38       2    1126     10 |    9.10        0.00
GET      /api/plugins/discover                                                             66     0(0.00%) |     38      10     335     17 |    0.00        0.00
GET      /api/plugins/list                                                                 66     0(0.00%) |     19       1     303      2 |    0.00        0.00
POST     /api/plugins/load?uri                                                            141     0(0.00%) |     20       1    1119      3 |    5.10        0.00
POST     /api/plugins/unload?uri                                                          141     0(0.00%) |     10       1     312      2 |    5.10        0.00
--------|----------------------------------------------------------------------------|-------|-------------|-------|-------|-------|-------|--------|-----------
         Aggregated                                                                      3505     0(0.00%) |     23       1    1126      3 |  127.10        0.00

Type     Name                                                                          # reqs      # fails |    Avg     Min     Max    Med |   req/s  failures/s
--------|----------------------------------------------------------------------------|-------|-------------|-------|-------|-------|-------|--------|-----------
GET      /api/audio/latency                                                               579     0(0.00%) |     16       1     371      2 |   17.00        0.00
GET      /api/audio/levels                                                                579     0(0.00%) |     39       1    1121      5 |   17.00        0.00
GET      /api/audio/levels (during plugin swap)                                           153     0(0.00%) |     24       1     922      3 |    4.80        0.00
GET      /api/audio/levels/plugins                                                        153     0(0.00%) |     11       1     357      2 |    4.80        0.00
GET      /api/audio/status                                                                399     0(0.00%) |     13       1     364      2 |   13.70        0.00
GET      /api/chains/                                                                      66     0(0.00%) |     72       1    1105      5 |    0.00        0.00
GET      /api/chains/{id}                                                                 399     0(0.00%) |     31       1    1061      4 |   13.60        0.00
POST     /api/chains/{id}/activate                                                        399     0(0.00%) |     15       1     372      3 |   13.70        0.00
POST     /api/chains/{id}/deactivate                                                      399     0(0.00%) |     11       1     357      2 |   13.70        0.00
POST     /api/plugins/batch/parameters (500 updates)                                      207     0(0.00%) |     38       2    1126      9 |    9.40        0.00
GET      /api/plugins/discover                                                             66     0(0.00%) |     38      10     335     17 |    0.00        0.00
GET      /api/plugins/list                                                                 66     0(0.00%) |     19       1     303      2 |    0.00        0.00
POST     /api/plugins/load?uri                                                            153     0(0.00%) |     19       1    1119      3 |    4.80        0.00
POST     /api/plugins/unload?uri                                                          153     0(0.00%) |     10       1     312      2 |    4.80        0.00
--------|----------------------------------------------------------------------------|-------|-------------|-------|-------|-------|-------|--------|-----------
         Aggregated                                                                      3771     0(0.00%) |     23       1    1126      3 |  117.30        0.00

Type     Name                                                                          # reqs      # fails |    Avg     Min     Max    Med |   req/s  failures/s
--------|----------------------------------------------------------------------------|-------|-------------|-------|-------|-------|-------|--------|-----------
GET      /api/audio/latency                                                               609     0(0.00%) |     16       1     371      2 |   17.10        0.00
GET      /api/audio/levels                                                                609     0(0.00%) |     37       1    1121      5 |   17.40        0.00
GET      /api/audio/levels (during plugin swap)                                           162     0(0.00%) |     23       1     922      3 |    5.20        0.00
GET      /api/audio/levels/plugins                                                        162     0(0.00%) |     11       1     357      2 |    5.20        0.00
GET      /api/audio/status                                                                425     0(0.00%) |     13       1     364      2 |   14.30        0.00
GET      /api/chains/                                                                      66     0(0.00%) |     72       1    1105      5 |    0.00        0.00
GET      /api/chains/{id}                                                                 425     0(0.00%) |     29       1    1061      4 |   14.50        0.00
POST     /api/chains/{id}/activate                                                        425     0(0.00%) |     15       1     372      3 |   14.30        0.00
POST     /api/chains/{id}/deactivate                                                      424     0(0.00%) |     10       1     357      2 |   14.30        0.00
POST     /api/plugins/batch/parameters (500 updates)                                      218     0(0.00%) |     36       2    1126      8 |    8.70        0.00
GET      /api/plugins/discover                                                             66     0(0.00%) |     38      10     335     17 |    0.00        0.00
GET      /api/plugins/list                                                                 66     0(0.00%) |     19       1     303      2 |    0.00        0.00
POST     /api/plugins/load?uri                                                            162     0(0.00%) |     18       1    1119      2 |    5.20        0.00
POST     /api/plugins/unload?uri                                                          162     0(0.00%) |      9       1     312      2 |    5.20        0.00
--------|----------------------------------------------------------------------------|-------|-------------|-------|-------|-------|-------|--------|-----------
         Aggregated                                                                      3981     0(0.00%) |     22       1    1126      3 |  121.40        0.00

Type     Name                                                                          # reqs      # fails |    Avg     Min     Max    Med |   req/s  failures/s
--------|----------------------------------------------------------------------------|-------|-------------|-------|-------|-------|-------|--------|-----------
GET      /api/audio/latency                                                               649     0(0.00%) |     15       1     371      2 |   19.90        0.00
GET      /api/audio/levels                                                                649     0(0.00%) |     44       1    1121      5 |   19.90        0.00
GET      /api/audio/levels (during plugin swap)                                           170     0(0.00%) |     24       1     922      3 |    5.40        0.00
GET      /api/audio/levels/plugins                                                        170     0(0.00%) |     10       1     357      2 |    5.40        0.00
GET      /api/audio/status                                                                454     0(0.00%) |     12       1     364      2 |   14.40        0.00
GET      /api/chains/                                                                      66     0(0.00%) |     72       1    1105      5 |    0.00        0.00
GET      /api/chains/{id}                                                                 454     0(0.00%) |     29       1    1061      4 |   14.40        0.00
POST     /api/chains/{id}/activate                                                        454     0(0.00%) |     14       1     372      3 |   14.40        0.00
POST     /api/chains/{id}/deactivate                                                      454     0(0.00%) |     12       1    1123      2 |   14.30        0.00
POST     /api/plugins/batch/parameters (500 updates)                                      240     0(0.00%) |     54       2    1126      9 |    8.40        0.00
GET      /api/plugins/discover                                                             66     0(0.00%) |     38      10     335     17 |    0.00        0.00
GET      /api/plugins/list                                                                 66     0(0.00%) |     19       1     303      2 |    0.00        0.00
POST     /api/plugins/load?uri                                                            170     0(0.00%) |     17       1    1119      2 |    5.40        0.00
POST     /api/plugins/unload?uri                                                          170     0(0.00%) |      9       1     312      2 |    5.40        0.00
--------|----------------------------------------------------------------------------|-------|-------------|-------|-------|-------|-------|--------|-----------
         Aggregated                                                                      4232     0(0.00%) |     24       1    1126      3 |  127.30        0.00

Type     Name                                                                          # reqs      # fails |    Avg     Min     Max    Med |   req/s  failures/s
--------|----------------------------------------------------------------------------|-------|-------------|-------|-------|-------|-------|--------|-----------
GET      /api/audio/latency                                                               684     0(0.00%) |     16       1     371      2 |   19.70        0.00
GET      /api/audio/levels                                                                684     0(0.00%) |     43       1    1121      5 |   19.80        0.00
GET      /api/audio/levels (during plugin swap)                                           183     0(0.00%) |     22       1     922      3 |    4.60        0.00
GET      /api/audio/levels/plugins                                                        183     0(0.00%) |     10       1     357      2 |    4.80        0.00
GET      /api/audio/status                                                                480     0(0.00%) |     12       1     364      2 |   13.80        0.00
GET      /api/chains/                                                                      66     0(0.00%) |     72       1    1105      5 |    0.00        0.00
GET      /api/chains/{id}                                                                 480     0(0.00%) |     29       1    1061      4 |   13.30        0.00
POST     /api/chains/{id}/activate                                                        480     0(0.00%) |     14       1     372      3 |   13.70        0.00
POST     /api/chains/{id}/deactivate                                                      480     0(0.00%) |     12       1    1123      2 |   13.80        0.00
POST     /api/plugins/batch/parameters (500 updates)                                      264     0(0.00%) |     53       2    1126     10 |    8.10        0.00
GET      /api/plugins/discover                                                             66     0(0.00%) |     38      10     335     17 |    0.00        0.00
GET      /api/plugins/list                                                                 66     0(0.00%) |     19       1     303      2 |    0.00        0.00
POST     /api/plugins/load?uri                                                            183     0(0.00%) |     16       1    1119      2 |    4.70        0.00
POST     /api/plugins/unload?uri                                                          183     0(0.00%) |      9       1     312      2 |    4.80        0.00
--------|----------------------------------------------------------------------------|-------|-------------|-------|-------|-------|-------|--------|-----------
         Aggregated                                                                      4482     0(0.00%) |     24       1    1126      3 |  121.10        0.00

Type     Name                                                                          # reqs      # fails |    Avg     Min     Max    Med |   req/s  failures/s
--------|----------------------------------------------------------------------------|-------|-------------|-------|-------|-------|-------|--------|-----------
GET      /api/audio/latency                                                               724     0(0.00%) |     17       1     371      2 |   20.00        0.00
GET      /api/audio/levels                                                                724     0(0.00%) |     42       1    1121      5 |   20.30        0.00
GET      /api/audio/levels (during plugin swap)                                           195     0(0.00%) |     22       1     922      3 |    4.70        0.00
GET      /api/audio/levels/plugins                                                        195     0(0.00%) |     10       1     357      2 |    4.70        0.00
GET      /api/audio/status                                                                512     0(0.00%) |     12       1     364      2 |   13.10        0.00
GET      /api/chains/                                                                      66     0(0.00%) |     72       1    1105      5 |    0.00        0.00
GET      /api/chains/{id}                                                                 512     0(0.00%) |     28       1    1061      4 |   13.30        0.00
POST     /api/chains/{id}/activate                                                        512     0(0.00%) |     15       1     377      3 |   13.20        0.00
POST     /api/chains/{id}/deactivate                                                      512     0(0.00%) |     11       1    1123      2 |   13.10        0.00
POST     /api/plugins/batch/parameters (500 updates)                                      276     0(0.00%) |     53       2    1126     10 |    8.80        0.00
GET      /api/plugins/discover                                                             66     0(0.00%) |     38      10     335     17 |    0.00        0.00
GET      /api/plugins/list                                                                 66     0(0.00%) |     19       1     303      2 |    0.00        0.00
POST     /api/plugins/load?uri                                                            195     0(0.00%) |     19       1    1119      2 |    4.70        0.00
POST     /api/plugins/unload?uri                                                          195     0(0.00%) |      9       1     312      2 |    4.70        0.00
--------|----------------------------------------------------------------------------|-------|-------------|-------|-------|-------|-------|--------|-----------
         Aggregated                                                                      4750     0(0.00%) |     23       1    1126      3 |  120.60        0.00

Type     Name                                                                          # reqs      # fails |    Avg     Min     Max    Med |   req/s  failures/s
--------|----------------------------------------------------------------------------|-------|-------------|-------|-------|-------|-------|--------|-----------
GET      /api/audio/latency                                                               764     0(0.00%) |     16       1     371      2 |   19.80        0.00
GET      /api/audio/levels                                                                765     0(0.00%) |     41       1    1121      5 |   19.70        0.00
GET      /api/audio/levels (during plugin swap)                                           205     0(0.00%) |     21       1     922      3 |    5.40        0.00
GET      /api/audio/levels/plugins                                                        204     0(0.00%) |      9       1     357      2 |    5.40        0.00
GET      /api/audio/status                                                                548     0(0.00%) |     11       1     364      2 |   14.30        0.00
GET      /api/chains/                                                                      66     0(0.00%) |     72       1    1105      5 |    0.00        0.00
GET      /api/chains/{id}                                                                 550     0(0.00%) |     28       1    1061      4 |   14.30        0.00
POST     /api/chains/{id}/activate                                                        548     0(0.00%) |     14       1     377      3 |   14.30        0.00
POST     /api/chains/{id}/deactivate                                                      548     0(0.00%) |     11       1    1123      2 |   14.30        0.00
POST     /api/plugins/batch/parameters (500 updates)                                      297     0(0.00%) |     51       2    1126      9 |    8.10        0.00
GET      /api/plugins/discover                                                             66     0(0.00%) |     38      10     335     17 |    0.00        0.00
GET      /api/plugins/list                                                                 66     0(0.00%) |     19       1     303      2 |    0.00        0.00
POST     /api/plugins/load?uri                                                            204     0(0.00%) |     19       1    1119      2 |    5.40        0.00
POST     /api/plugins/unload?uri                                                          204     0(0.00%) |      8       1     312      2 |    5.40        0.00
--------|----------------------------------------------------------------------------|-------|-------------|-------|-------|-------|-------|--------|-----------
         Aggregated                                                                      5035     0(0.00%) |     23       1    1126      3 |  126.40        0.00

Type     Name                                                                          # reqs      # fails |    Avg     Min     Max    Med |   req/s  failures/s
--------|----------------------------------------------------------------------------|-------|-------------|-------|-------|-------|-------|--------|-----------
GET      /api/audio/latency                                                               804     0(0.00%) |     16       1     371      2 |   19.10        0.00
GET      /api/audio/levels                                                                804     0(0.00%) |     40       1    1121      5 |   19.00        0.00
GET      /api/audio/levels (during plugin swap)                                           221     0(0.00%) |     22       1     922      3 |    5.10        0.00
GET      /api/audio/levels/plugins                                                        221     0(0.00%) |     11       1     357      2 |    5.10        0.00
GET      /api/audio/status                                                                580     0(0.00%) |     12       1     364      2 |   14.90        0.00
GET      /api/chains/                                                                      66     0(0.00%) |     72       1    1105      5 |    0.00        0.00
GET      /api/chains/{id}                                                                 580     0(0.00%) |     28       1    1061      4 |   14.90        0.00
POST     /api/chains/{id}/activate                                                        580     0(0.00%) |     14       1     377      3 |   14.90        0.00
POST     /api/chains/{id}/deactivate                                                      580     0(0.00%) |     10       1    1123      2 |   14.80        0.00
POST     /api/plugins/batch/parameters (500 updates)                                      318     0(0.00%) |     49       2    1126      9 |    9.00        0.00
GET      /api/plugins/discover                                                             66     0(0.00%) |     38      10     335     17 |    0.00        0.00
GET      /api/plugins/list                                                                 66     0(0.00%) |     19       1     303      2 |    0.00        0.00
POST     /api/plugins/load?uri                                                            221     0(0.00%) |     20       1    1119      3 |    5.10        0.00
POST     /api/plugins/unload?uri                                                          221     0(0.00%) |      8       1     312      2 |    5.10        0.00
--------|----------------------------------------------------------------------------|-------|-------------|-------|-------|-------|-------|--------|-----------
         Aggregated                                                                      5328     0(0.00%) |     22       1    1126      3 |  127.00        0.00

Type     Name                                                                          # reqs      # fails |    Avg     Min     Max    Med |   req/s  failures/s
--------|----------------------------------------------------------------------------|-------|-------------|-------|-------|-------|-------|--------|-----------
GET      /api/audio/latency                                                               821     0(0.00%) |     16       1     371      2 |   19.20        0.00
GET      /api/audio/levels                                                                821     0(0.00%) |     43       1    1136      5 |   19.20        0.00
GET      /api/audio/levels (during plugin swap)                                           225     0(0.00%) |     26       1     974      3 |    5.90        0.00
GET      /api/audio/levels/plugins                                                        225     0(0.00%) |     10       1     357      2 |    5.90        0.00
GET      /api/audio/status                                                                596     0(0.00%) |     12       1     364      2 |   15.30        0.00
GET      /api/chains/                                                                      66     0(0.00%) |     72       1    1105      5 |    0.00        0.00
GET      /api/chains/{id}                                                                 596     0(0.00%) |     38       1    1114      4 |   15.30        0.00
POST     /api/chains/{id}/activate                                                        596     0(0.00%) |     15       1     377      3 |   15.30        0.00
POST     /api/chains/{id}/deactivate                                                      596     0(0.00%) |     13       1    1123      2 |   15.40        0.00
POST     /api/plugins/batch/parameters (500 updates)                                      321     0(0.00%) |     50       2    1126      9 |    9.90        0.00
GET      /api/plugins/discover                                                             66     0(0.00%) |     38      10     335     17 |    0.00        0.00
GET      /api/plugins/list                                                                 66     0(0.00%) |     19       1     303      2 |    0.00        0.00
POST     /api/plugins/load?uri                                                            225     0(0.00%) |     20       1    1119      3 |    5.90        0.00
POST     /api/plugins/unload?uri                                                          225     0(0.00%) |      8       1     312      2 |    5.90        0.00
--------|----------------------------------------------------------------------------|-------|-------------|-------|-------|-------|-------|--------|-----------
         Aggregated                                                                      5445     0(0.00%) |     25       1    1136      3 |  133.20        0.00

Type     Name                                                                          # reqs      # fails |    Avg     Min     Max    Med |   req/s  failures/s
--------|----------------------------------------------------------------------------|-------|-------------|-------|-------|-------|-------|--------|-----------
GET      /api/audio/latency                                                               870     0(0.00%) |     16       1     371      2 |   18.50        0.00
GET      /api/audio/levels                                                                870     0(0.00%) |     41       1    1136      4 |   18.50        0.00
GET      /api/audio/levels (during plugin swap)                                           237     0(0.00%) |     25       1     974      3 |    5.80        0.00
GET      /api/audio/levels/plugins                                                        236     0(0.00%) |     10       1     357      2 |    5.80        0.00
GET      /api/audio/status                                                                628     0(0.00%) |     12       1     364      2 |   15.50        0.00
GET      /api/chains/                                                                      66     0(0.00%) |     72       1    1105      5 |    0.00        0.00
GET      /api/chains/{id}                                                                 629     0(0.00%) |     36       1    1114      4 |   15.50        0.00
POST     /api/chains/{id}/activate                                                        628     0(0.00%) |     14       1     377      3 |   15.50        0.00
POST     /api/chains/{id}/deactivate                                                      627     0(0.00%) |     12       1    1123      2 |   15.50        0.00
POST     /api/plugins/batch/parameters (500 updates)                                      345     0(0.00%) |     47       2    1126      9 |    9.40        0.00
GET      /api/plugins/discover                                                             66     0(0.00%) |     38      10     335     17 |    0.00        0.00
GET      /api/plugins/list                                                                 66     0(0.00%) |     19       1     303      2 |    0.00        0.00
POST     /api/plugins/load?uri                                                            237     0(0.00%) |     19       1    1119      3 |    5.80        0.00
POST     /api/plugins/unload?uri                                                          236     0(0.00%) |      8       1     312      2 |    5.80        0.00
--------|----------------------------------------------------------------------------|-------|-------------|-------|-------|-------|-------|--------|-----------
         Aggregated                                                                      5741     0(0.00%) |     24       1    1136      3 |  131.60        0.00

Type     Name                                                                          # reqs      # fails |    Avg     Min     Max    Med |   req/s  failures/s
--------|----------------------------------------------------------------------------|-------|-------------|-------|-------|-------|-------|--------|-----------
GET      /api/audio/latency                                                               907     0(0.00%) |     15       1     371      2 |   18.80        0.00
GET      /api/audio/levels                                                                907     0(0.00%) |     40       1    1136      4 |   18.80        0.00
GET      /api/audio/levels (during plugin swap)                                           243     0(0.00%) |     26       1     974      3 |    5.50        0.00
GET      /api/audio/levels/plugins                                                        243     0(0.00%) |     11       1     357      2 |    5.40        0.00
GET      /api/audio/status                                                                670     0(0.00%) |     11       1     364      2 |   15.00        0.00
GET      /api/chains/                                                                      66     0(0.00%) |     72       1    1105      5 |    0.00        0.00
GET      /api/chains/{id}                                                                 670     0(0.00%) |     35       1    1114      4 |   15.10        0.00
POST     /api/chains/{id}/activate                                                        670     0(0.00%) |     14       1     377      3 |   15.00        0.00
POST     /api/chains/{id}/deactivate                                                      670     0(0.00%) |     12       1    1123      2 |   14.90        0.00
POST     /api/plugins/batch/parameters (500 updates)                                      371     0(0.00%) |     44       2    1126      8 |    8.10        0.00
GET      /api/plugins/discover                                                             66     0(0.00%) |     38      10     335     17 |    0.00        0.00
GET      /api/plugins/list                                                                 66     0(0.00%) |     19       1     303      2 |    0.00        0.00
POST     /api/plugins/load?uri                                                            243     0(0.00%) |     19       1    1119      3 |    5.50        0.00
POST     /api/plugins/unload?uri                                                          243     0(0.00%) |      8       1     312      2 |    5.40        0.00
--------|----------------------------------------------------------------------------|-------|-------------|-------|-------|-------|-------|--------|-----------
         Aggregated                                                                      6035     0(0.00%) |     23       1    1136      3 |  127.50        0.00

Type     Name                                                                          # reqs      # fails |    Avg     Min     Max    Med |   req/s  failures/s
--------|----------------------------------------------------------------------------|-------|-------------|-------|-------|-------|-------|--------|-----------
GET      /api/audio/latency                                                               937     0(0.00%) |     15       1     371      2 |   18.20        0.00
GET      /api/audio/levels                                                                937     0(0.00%) |     41       1    1136      4 |   18.20        0.00
GET      /api/audio/levels (during plugin swap)                                           255     0(0.00%) |     25       1     974      3 |    4.70        0.00
GET      /api/audio/levels/plugins                                                        255     0(0.00%) |     11       1     357      2 |    4.70        0.00
GET      /api/audio/status                                                                698     0(0.00%) |     13       1     373      2 |   15.50        0.00
GET      /api/chains/                                                                      66     0(0.00%) |     72       1    1105      5 |    0.00        0.00
GET      /api/chains/{id}                                                                 698     0(0.00%) |     34       1    1114      4 |   15.50        0.00
POST     /api/chains/{id}/activate                                                        698     0(0.00%) |     16       1     394      3 |   15.50        0.00
POST     /api/chains/{id}/deactivate                                                      698     0(0.00%) |     12       1    1123      2 |   15.50        0.00
POST     /api/plugins/batch/parameters (500 updates)                                      382     0(0.00%) |     44       2    1126      8 |    9.50        0.00
GET      /api/plugins/discover                                                             66     0(0.00%) |     38      10     335     17 |    0.00        0.00
GET      /api/plugins/list                                                                 66     0(0.00%) |     19       1     303      2 |    0.00        0.00
POST     /api/plugins/load?uri                                                            255     0(0.00%) |     19       1    1119      3 |    4.70        0.00
POST     /api/plugins/unload?uri                                                          255     0(0.00%) |      8       1     312      2 |    4.70        0.00
--------|----------------------------------------------------------------------------|-------|-------------|-------|-------|-------|-------|--------|-----------
         Aggregated                                                                      6266     0(0.00%) |     23       1    1136      3 |  126.70        0.00

Type     Name                                                                          # reqs      # fails |    Avg     Min     Max    Med |   req/s  failures/s
--------|----------------------------------------------------------------------------|-------|-------------|-------|-------|-------|-------|--------|-----------
GET      /api/audio/latency                                                               982     0(0.00%) |     15       1     371      2 |   17.20        0.00
GET      /api/audio/levels                                                                982     0(0.00%) |     40       1    1136      4 |   17.20        0.00
GET      /api/audio/levels (during plugin swap)                                           265     0(0.00%) |     26       1     974      3 |    4.90        0.00
GET      /api/audio/levels/plugins                                                        265     0(0.00%) |     11       1     357      2 |    4.90        0.00
GET      /api/audio/status                                                                727     0(0.00%) |     13       1     373      2 |   14.70        0.00
GET      /api/chains/                                                                      66     0(0.00%) |     72       1    1105      5 |    0.00        0.00
GET      /api/chains/{id}                                                                 727     0(0.00%) |     33       1    1114      4 |   14.70        0.00
POST     /api/chains/{id}/activate                                                        727     0(0.00%) |     17       1     394      3 |   14.70        0.00
POST     /api/chains/{id}/deactivate                                                      727     0(0.00%) |     12       1    1123      2 |   14.80        0.00
POST     /api/plugins/batch/parameters (500 updates)                                      402     0(0.00%) |     43       2    1126      8 |    8.30        0.00
GET      /api/plugins/discover                                                             66     0(0.00%) |     38      10     335     17 |    0.00        0.00
GET      /api/plugins/list                                                                 66     0(0.00%) |     19       1     303      2 |    0.00        0.00
POST     /api/plugins/load?uri                                                            265     0(0.00%) |     22       1    1119      3 |    4.90        0.00
POST     /api/plugins/unload?uri                                                          265     0(0.00%) |      8       1     312      2 |    4.90        0.00
--------|----------------------------------------------------------------------------|-------|-------------|-------|-------|-------|-------|--------|-----------
         Aggregated                                                                      6532     0(0.00%) |     23       1    1136      3 |  121.20        0.00

Type     Name                                                                          # reqs      # fails |    Avg     Min     Max    Med |   req/s  failures/s
--------|----------------------------------------------------------------------------|-------|-------------|-------|-------|-------|-------|--------|-----------
GET      /api/audio/latency                                                              1010     0(0.00%) |     15       1     371      2 |   18.50        0.00
GET      /api/audio/levels                                                               1010     0(0.00%) |     39       1    1136      4 |   18.50        0.00
GET      /api/audio/levels (during plugin swap)                                           275     0(0.00%) |     25       1     974      3 |    5.00        0.00
GET      /api/audio/levels/plugins                                                        275     0(0.00%) |     11       1     357      2 |    5.00        0.00
GET      /api/audio/status                                                                749     0(0.00%) |     13       1     373      2 |   15.60        0.00
GET      /api/chains/                                                                      66     0(0.00%) |     72       1    1105      5 |    0.00        0.00
GET      /api/chains/{id}                                                                 749     0(0.00%) |     33       1    1114      4 |   15.60        0.00
POST     /api/chains/{id}/activate                                                        749     0(0.00%) |     16       1     394      3 |   15.60        0.00
POST     /api/chains/{id}/deactivate                                                      749     0(0.00%) |     11       1    1123      2 |   15.60        0.00
POST     /api/plugins/batch/parameters (500 updates)                                      415     0(0.00%) |     42       2    1126      8 |    9.20        0.00
GET      /api/plugins/discover                                                             66     0(0.00%) |     38      10     335     17 |    0.00        0.00
GET      /api/plugins/list                                                                 66     0(0.00%) |     19       1     303      2 |    0.00        0.00
POST     /api/plugins/load?uri                                                            275     0(0.00%) |     22       1    1119      3 |    5.00        0.00
POST     /api/plugins/unload?uri                                                          275     0(0.00%) |      7       1     312      2 |    5.00        0.00
--------|----------------------------------------------------------------------------|-------|-------------|-------|-------|-------|-------|--------|-----------
         Aggregated                                                                      6729     0(0.00%) |     23       1    1136      3 |  128.60        0.00

Type     Name                                                                          # reqs      # fails |    Avg     Min     Max    Med |   req/s  failures/s
--------|----------------------------------------------------------------------------|-------|-------------|-------|-------|-------|-------|--------|-----------
GET      /api/audio/latency                                                              1032     0(0.00%) |     15       1     371      2 |   19.30        0.00
GET      /api/audio/levels                                                               1032     0(0.00%) |     41       1    1136      4 |   19.30        0.00
GET      /api/audio/levels (during plugin swap)                                           286     0(0.00%) |     34       1    1024      3 |    5.20        0.00
GET      /api/audio/levels/plugins                                                        286     0(0.00%) |     10       1     357      2 |    5.20        0.00
GET      /api/audio/status                                                                779     0(0.00%) |     12       1     373      2 |   15.50        0.00
GET      /api/chains/                                                                      66     0(0.00%) |     72       1    1105      5 |    0.00        0.00
GET      /api/chains/{id}                                                                 779     0(0.00%) |     33       1    1114      4 |   15.50        0.00
POST     /api/chains/{id}/activate                                                        779     0(0.00%) |     16       1     394      3 |   15.50        0.00
POST     /api/chains/{id}/deactivate                                                      779     0(0.00%) |     12       1    1123      2 |   15.50        0.00
POST     /api/plugins/batch/parameters (500 updates)                                      441     0(0.00%) |     47       2    1126      8 |    9.40        0.00
GET      /api/plugins/discover                                                             66     0(0.00%) |     38      10     335     17 |    0.00        0.00
GET      /api/plugins/list                                                                 66     0(0.00%) |     19       1     303      2 |    0.00        0.00
POST     /api/plugins/load?uri                                                            286     0(0.00%) |     22       1    1119      3 |    5.20        0.00
POST     /api/plugins/unload?uri                                                          286     0(0.00%) |     10       1     312      2 |    5.20        0.00
--------|----------------------------------------------------------------------------|-------|-------------|-------|-------|-------|-------|--------|-----------
         Aggregated                                                                      6963     0(0.00%) |     24       1    1136      3 |  130.80        0.00

Type     Name                                                                          # reqs      # fails |    Avg     Min     Max    Med |   req/s  failures/s
--------|----------------------------------------------------------------------------|-------|-------------|-------|-------|-------|-------|--------|-----------
GET      /api/audio/latency                                                              1075     0(0.00%) |     15       1     371      2 |   15.90        0.00
GET      /api/audio/levels                                                               1075     0(0.00%) |     40       1    1136      4 |   15.90        0.00
GET      /api/audio/levels (during plugin swap)                                           292     0(0.00%) |     34       1    1024      3 |    4.90        0.00
GET      /api/audio/levels/plugins                                                        292     0(0.00%) |     10       1     357      2 |    5.00        0.00
GET      /api/audio/status                                                                811     0(0.00%) |     13       1     373      2 |   14.70        0.00
GET      /api/chains/                                                                      66     0(0.00%) |     72       1    1105      5 |    0.00        0.00
GET      /api/chains/{id}                                                                 811     0(0.00%) |     33       1    1114      4 |   14.60        0.00
POST     /api/chains/{id}/activate                                                        811     0(0.00%) |     16       1     394      3 |   14.70        0.00
POST     /api/chains/{id}/deactivate                                                      811     0(0.00%) |     11       1    1123      2 |   14.80        0.00
POST     /api/plugins/batch/parameters (500 updates)                                      461     0(0.00%) |     45       2    1126      8 |    9.50        0.00
GET      /api/plugins/discover                                                             66     0(0.00%) |     38      10     335     17 |    0.00        0.00
GET      /api/plugins/list                                                                 66     0(0.00%) |     19       1     303      2 |    0.00        0.00
POST     /api/plugins/load?uri                                                            292     0(0.00%) |     21       1    1119      3 |    4.90        0.00
POST     /api/plugins/unload?uri                                                          292     0(0.00%) |     10       1     312      2 |    5.00        0.00
--------|----------------------------------------------------------------------------|-------|-------------|-------|-------|-------|-------|--------|-----------
         Aggregated                                                                      7221     0(0.00%) |     24       1    1136      3 |  119.90        0.00

Type     Name                                                                          # reqs      # fails |    Avg     Min     Max    Med |   req/s  failures/s
--------|----------------------------------------------------------------------------|-------|-------------|-------|-------|-------|-------|--------|-----------
GET      /api/audio/latency                                                              1120     0(0.00%) |     16       1     371      2 |   17.00        0.00
GET      /api/audio/levels                                                               1120     0(0.00%) |     40       1    1136      5 |   17.10        0.00
GET      /api/audio/levels (during plugin swap)                                           302     0(0.00%) |     33       1    1024      3 |    4.80        0.00
GET      /api/audio/levels/plugins                                                        302     0(0.00%) |     10       1     357      2 |    4.80        0.00
GET      /api/audio/status                                                                828     0(0.00%) |     13       1     373      2 |   14.20        0.00
GET      /api/chains/                                                                      66     0(0.00%) |     72       1    1105      5 |    0.00        0.00
GET      /api/chains/{id}                                                                 828     0(0.00%) |     33       1    1114      4 |   14.60        0.00
POST     /api/chains/{id}/activate                                                        828     0(0.00%) |     16       1     394      3 |   14.50        0.00
POST     /api/chains/{id}/deactivate                                                      828     0(0.00%) |     11       1    1123      2 |   14.30        0.00
POST     /api/plugins/batch/parameters (500 updates)                                      476     0(0.00%) |     44       2    1126      8 |    9.70        0.00
GET      /api/plugins/discover                                                             66     0(0.00%) |     38      10     335     17 |    0.00        0.00
GET      /api/plugins/list                                                                 66     0(0.00%) |     19       1     303      2 |    0.00        0.00
POST     /api/plugins/load?uri                                                            302     0(0.00%) |     21       1    1119      3 |    4.80        0.00
POST     /api/plugins/unload?uri                                                          302     0(0.00%) |     10       1     312      2 |    4.80        0.00
--------|----------------------------------------------------------------------------|-------|-------------|-------|-------|-------|-------|--------|-----------
         Aggregated                                                                      7434     0(0.00%) |     24       1    1136      3 |  120.60        0.00

Type     Name                                                                          # reqs      # fails |    Avg     Min     Max    Med |   req/s  failures/s
--------|----------------------------------------------------------------------------|-------|-------------|-------|-------|-------|-------|--------|-----------
GET      /api/audio/latency                                                              1171     0(0.00%) |     16       1     371      2 |   18.40        0.00
GET      /api/audio/levels                                                               1171     0(0.00%) |     39       1    1136      5 |   18.40        0.00
GET      /api/audio/levels (during plugin swap)                                           310     0(0.00%) |     32       1    1024      3 |    4.90        0.00
GET      /api/audio/levels/plugins                                                        310     0(0.00%) |     10       1     357      2 |    4.90        0.00
GET      /api/audio/status                                                                860     0(0.00%) |     13       1     373      2 |   13.30        0.00
GET      /api/chains/                                                                      66     0(0.00%) |     72       1    1105      5 |    0.00        0.00
GET      /api/chains/{id}                                                                 861     0(0.00%) |     32       1    1114      4 |   13.30        0.00
POST     /api/chains/{id}/activate                                                        861     0(0.00%) |     16       1     394      3 |   13.30        0.00
POST     /api/chains/{id}/deactivate                                                      860     0(0.00%) |     11       1    1123      2 |   13.30        0.00
POST     /api/plugins/batch/parameters (500 updates)                                      499     0(0.00%) |     43       2    1126      8 |    9.60        0.00
GET      /api/plugins/discover                                                             66     0(0.00%) |     38      10     335     17 |    0.00        0.00
GET      /api/plugins/list                                                                 66     0(0.00%) |     19       1     303      2 |    0.00        0.00
POST     /api/plugins/load?uri                                                            310     0(0.00%) |     20       1    1119      3 |    4.90        0.00
POST     /api/plugins/unload?uri                                                          310     0(0.00%) |     10       1     312      2 |    4.90        0.00
--------|----------------------------------------------------------------------------|-------|-------------|-------|-------|-------|-------|--------|-----------
         Aggregated                                                                      7721     0(0.00%) |     23       1    1136      3 |  119.20        0.00

Type     Name                                                                          # reqs      # fails |    Avg     Min     Max    Med |   req/s  failures/s
--------|----------------------------------------------------------------------------|-------|-------------|-------|-------|-------|-------|--------|-----------
GET      /api/audio/latency                                                              1213     0(0.00%) |     15       1     371      2 |   19.10        0.00
GET      /api/audio/levels                                                               1213     0(0.00%) |     38       1    1136      4 |   19.20        0.00
GET      /api/audio/levels (during plugin swap)                                           325     0(0.00%) |     31       1    1024      3 |    4.50        0.00
GET      /api/audio/levels/plugins                                                        325     0(0.00%) |     10       1     357      2 |    4.50        0.00
GET      /api/audio/status                                                                896     0(0.00%) |     13       1     373      2 |   13.50        0.00
GET      /api/chains/                                                                      66     0(0.00%) |     72       1    1105      5 |    0.00        0.00
GET      /api/chains/{id}                                                                 896     0(0.00%) |     32       1    1114      4 |   13.60        0.00
POST     /api/chains/{id}/activate                                                        896     0(0.00%) |     16       1     394      3 |   13.60        0.00
POST     /api/chains/{id}/deactivate                                                      896     0(0.00%) |     11       1    1123      2 |   13.50        0.00
POST     /api/plugins/batch/parameters (500 updates)                                      516     0(0.00%) |     42       2    1126      8 |    9.50        0.00
GET      /api/plugins/discover                                                             66     0(0.00%) |     38      10     335     17 |    0.00        0.00
GET      /api/plugins/list                                                                 66     0(0.00%) |     19       1     303      2 |    0.00        0.00
POST     /api/plugins/load?uri                                                            325     0(0.00%) |     20       1    1119      3 |    4.50        0.00
POST     /api/plugins/unload?uri                                                          325     0(0.00%) |      9       1     312      2 |    4.50        0.00
--------|----------------------------------------------------------------------------|-------|-------------|-------|-------|-------|-------|--------|-----------
         Aggregated                                                                      8024     0(0.00%) |     23       1    1136      3 |  120.00        0.00

Type     Name                                                                          # reqs      # fails |    Avg     Min     Max    Med |   req/s  failures/s
--------|----------------------------------------------------------------------------|-------|-------------|-------|-------|-------|-------|--------|-----------
GET      /api/audio/latency                                                              1227     0(0.00%) |     16       1     371      2 |   20.00        0.00
GET      /api/audio/levels                                                               1227     0(0.00%) |     43       1    1136      5 |   20.00        0.00
GET      /api/audio/levels (during plugin swap)                                           331     0(0.00%) |     31       1    1024      3 |    5.00        0.00
GET      /api/audio/levels/plugins                                                        331     0(0.00%) |      9       1     357      2 |    4.90        0.00
GET      /api/audio/status                                                                907     0(0.00%) |     14       1     373      2 |   14.30        0.00
GET      /api/chains/                                                                      66     0(0.00%) |     72       1    1105      5 |    0.00        0.00
GET      /api/chains/{id}                                                                 907     0(0.00%) |     36       1    1114      4 |   14.40        0.00
POST     /api/chains/{id}/activate                                                        907     0(0.00%) |     17       1    1195      3 |   14.40        0.00
POST     /api/chains/{id}/deactivate                                                      907     0(0.00%) |     11       1    1123      2 |   14.30        0.00
POST     /api/plugins/batch/parameters (500 updates)                                      519     0(0.00%) |     44       2    1163      8 |   10.10        0.00
GET      /api/plugins/discover                                                             66     0(0.00%) |     38      10     335     17 |    0.00        0.00
GET      /api/plugins/list                                                                 66     0(0.00%) |     19       1     303      2 |    0.00        0.00
POST     /api/plugins/load?uri                                                            331     0(0.00%) |     20       1    1119      3 |    5.00        0.00
POST     /api/plugins/unload?uri                                                          331     0(0.00%) |      9       1     312      2 |    4.90        0.00
--------|----------------------------------------------------------------------------|-------|-------------|-------|-------|-------|-------|--------|-----------
         Aggregated                                                                      8123     0(0.00%) |     24       1    1195      3 |  127.30        0.00

[2026-03-07 14:25:51,806] MAP2-TESTBED/INFO/locust.main: --run-time limit reached, shutting down
[2026-03-07 14:25:51,857] MAP2-TESTBED/INFO/locust.main: Shutting down (exit code 1)
Type     Name                                                                          # reqs      # fails |    Avg     Min     Max    Med |   req/s  failures/s
--------|----------------------------------------------------------------------------|-------|-------------|-------|-------|-------|-------|--------|-----------
GET      /api/audio/latency                                                              1269     0(0.00%) |     15       1     371      2 |   18.18        0.00
GET      /api/audio/levels                                                               1270     0(0.00%) |     41       1    1136      4 |   18.19        0.00
GET      /api/audio/levels (during plugin swap)                                           340     0(0.00%) |     31       1    1024      3 |    4.87        0.00
GET      /api/audio/levels/plugins                                                        340     0(0.00%) |      9       1     357      2 |    4.87        0.00
GET      /api/audio/status                                                                935     0(0.00%) |     14       1     373      2 |   13.39        0.00
GET      /api/chains/                                                                      66     0(0.00%) |     72       1    1105      5 |    0.95        0.00
GET      /api/chains/{id}                                                                 936     0(0.00%) |     35       1    1114      4 |   13.41        0.00
POST     /api/chains/{id}/activate                                                        936     0(0.00%) |     17       1    1195      3 |   13.41        0.00
POST     /api/chains/{id}/deactivate                                                      935     0(0.00%) |     11       1    1123      2 |   13.39        0.00
POST     /api/plugins/batch/parameters (500 updates)                                      533     0(0.00%) |     43       2    1163      8 |    7.63        0.00
GET      /api/plugins/discover                                                             66     0(0.00%) |     38      10     335     17 |    0.95        0.00
GET      /api/plugins/list                                                                 66     0(0.00%) |     19       1     303      2 |    0.95        0.00
POST     /api/plugins/load?uri                                                            340     0(0.00%) |     19       1    1119      3 |    4.87        0.00
POST     /api/plugins/unload?uri                                                          340     0(0.00%) |      9       1     312      2 |    4.87        0.00
--------|----------------------------------------------------------------------------|-------|-------------|-------|-------|-------|-------|--------|-----------
         Aggregated                                                                      8372     0(0.00%) |     24       1    1195      3 |  119.91        0.00

Response time percentiles (approximated)
Type     Name                                                                                  50%    66%    75%    80%    90%    95%    98%    99%  99.9% 99.99%   100% # reqs
--------|--------------------------------------------------------------------------------|--------|------|------|------|------|------|------|------|------|------|------|------
GET      /api/audio/latency                                                                      2      4      8     11     26     68    280    320    370    370    370   1269
GET      /api/audio/levels                                                                       4     10     14     19     63    190    870   1100   1100   1100   1100   1270
GET      /api/audio/levels (during plugin swap)                                                  3      7     12     16     38    140    290    920   1000   1000   1000    340
GET      /api/audio/levels/plugins                                                               2      3      5      7     14     24     56    310    360    360    360    340
GET      /api/audio/status                                                                       2      3      6      8     14     24    320    340    370    370    370    935
GET      /api/chains/                                                                            6     19     24     54    240    280   1000   1100   1100   1100   1100     66
GET      /api/chains/{id}                                                                        4      9     14     18     38    180    300   1000   1100   1100   1100    936
POST     /api/chains/{id}/activate                                                               3      6      9     13     27     73    150    350   1200   1200   1200    936
POST     /api/chains/{id}/deactivate                                                             2      3      4      7     12     22     70    290   1100   1100   1100    935
POST     /api/plugins/batch/parameters (500 updates)                                             8     14     18     21     50    200    890   1100   1200   1200   1200    533
GET      /api/plugins/discover                                                                  18     22     25     30     53    290    330    340    340    340    340     66
GET      /api/plugins/list                                                                       2      6      8     18     59     74    290    300    300    300    300     66
POST     /api/plugins/load?uri                                                                   3      4      7     11     23     72    350    350   1100   1100   1100    340
POST     /api/plugins/unload?uri                                                                 2      3      4      8     14     21     57    290    310    310    310    340
--------|--------------------------------------------------------------------------------|--------|------|------|------|------|------|------|------|------|------|------|------
         Aggregated                                                                              3      6     10     13     25     80    300    360   1100   1200   1200   8372

[load_test] started WS soak with target=100 clients
[load_test] WS summary: {
  "connected": 100.0,
  "drops": 0.0,
  "samples": 5000.0,
  "spread_mean_ms": 0.13997835196132655,
  "spread_p95_ms": 0.2134589994966518
}
[load_test] FAIL:
 - REST p95 80.00ms exceeds 50.00ms
