[2026-03-07 14:32:31,963] MAP2-TESTBED/INFO/locust.main: Starting Locust 2.43.3
[2026-03-07 14:32:31,963] MAP2-TESTBED/WARNING/locust.main: System open file limit '8192 is below minimum setting '10000'.
It's not high enough for load testing, and the OS didn't allow locust to increase it by itself.
See https://github.com/locustio/locust/wiki/Installation#increasing-maximum-number-of-open-files-limit for more info.
[2026-03-07 14:32:31,964] MAP2-TESTBED/INFO/locust.main: Run time limit set to 70 seconds
Type     Name                                                                          # reqs      # fails |    Avg     Min     Max    Med |   req/s  failures/s
--------|----------------------------------------------------------------------------|-------|-------------|-------|-------|-------|-------|--------|-----------
--------|----------------------------------------------------------------------------|-------|-------------|-------|-------|-------|-------|--------|-----------
         Aggregated                                                                         0     0(0.00%) |      0       0       0      0 |    0.00        0.00

[2026-03-07 14:32:31,985] MAP2-TESTBED/INFO/locust.runners: Ramping to 10 users at a rate of 2.00 per second
Type     Name                                                                          # reqs      # fails |    Avg     Min     Max    Med |   req/s  failures/s
--------|----------------------------------------------------------------------------|-------|-------------|-------|-------|-------|-------|--------|-----------
GET      /api/audio/latency                                                                 9     0(0.00%) |      2       1       6      2 |    0.00        0.00
GET      /api/audio/levels                                                                  9     0(0.00%) |      9       1      21      8 |    0.00        0.00
GET      /api/audio/levels (during plugin swap)                                             5     0(0.00%) |      6       1      19      3 |    0.00        0.00
GET      /api/audio/levels/plugins                                                          5     0(0.00%) |      1       1       2      2 |    0.00        0.00
GET      /api/audio/status                                                                  9     0(0.00%) |      1       1       6      1 |    0.00        0.00
GET      /api/chains/                                                                      13     0(0.00%) |     28       1     120      9 |    0.00        0.00
GET      /api/chains/{id}                                                                   9     0(0.00%) |     10       1      33      8 |    0.00        0.00
POST     /api/chains/{id}/activate                                                          9     0(0.00%) |      7       1      24      3 |    0.00        0.00
POST     /api/chains/{id}/deactivate                                                        9     0(0.00%) |      1       1       3      1 |    0.00        0.00
GET      /api/plugins/discover                                                             13     0(0.00%) |     16       9      41     12 |    0.00        0.00
GET      /api/plugins/list                                                                 13     0(0.00%) |      8       1      22      9 |    0.00        0.00
POST     /api/plugins/load?uri                                                              5     0(0.00%) |      2       1       2      2 |    0.00        0.00
POST     /api/plugins/unload?uri                                                            5     0(0.00%) |      4       1      17      2 |    0.00        0.00
--------|----------------------------------------------------------------------------|-------|-------------|-------|-------|-------|-------|--------|-----------
         Aggregated                                                                       113     0(0.00%) |      9       1     120      3 |    0.00        0.00

Type     Name                                                                          # reqs      # fails |    Avg     Min     Max    Med |   req/s  failures/s
--------|----------------------------------------------------------------------------|-------|-------------|-------|-------|-------|-------|--------|-----------
GET      /api/audio/latency                                                                37     0(0.00%) |      3       1      15      2 |    1.50        0.00
GET      /api/audio/levels                                                                 37     0(0.00%) |      9       1      28      8 |    1.50        0.00
GET      /api/audio/levels (during plugin swap)                                            14     0(0.00%) |      8       1      27      5 |    0.50        0.00
GET      /api/audio/levels/plugins                                                         13     0(0.00%) |      4       1      19      2 |    0.50        0.00
GET      /api/audio/status                                                                 32     0(0.00%) |      4       1      34      2 |    1.00        0.00
GET      /api/chains/                                                                      38     0(0.00%) |     15       1     120      7 |    3.50        0.00
GET      /api/chains/{id}                                                                  32     0(0.00%) |     10       1      33      8 |    1.00        0.00
POST     /api/chains/{id}/activate                                                         32     0(0.00%) |      9       1      41      4 |    1.00        0.00
POST     /api/chains/{id}/deactivate                                                       32     0(0.00%) |      2       1      20      1 |    1.00        0.00
GET      /api/plugins/discover                                                             38     0(0.00%) |     17       9      41     12 |    2.50        0.00
GET      /api/plugins/list                                                                 38     0(0.00%) |      5       1      22      2 |    2.50        0.00
POST     /api/plugins/load?uri                                                             14     0(0.00%) |      6       1      24      3 |    0.50        0.00
POST     /api/plugins/unload?uri                                                           13     0(0.00%) |      3       1      17      1 |    0.50        0.00
--------|----------------------------------------------------------------------------|-------|-------------|-------|-------|-------|-------|--------|-----------
         Aggregated                                                                       370     0(0.00%) |      8       1     120      3 |   17.50        0.00

[2026-03-07 14:32:35,987] MAP2-TESTBED/INFO/locust.runners: All users spawned: {"MAP2RealtimeUser": 10} (10 total users)
Type     Name                                                                          # reqs      # fails |    Avg     Min     Max    Med |   req/s  failures/s
--------|----------------------------------------------------------------------------|-------|-------------|-------|-------|-------|-------|--------|-----------
GET      /api/audio/latency                                                                80     0(0.00%) |      4       1      15      3 |    5.75        0.00
GET      /api/audio/levels                                                                 80     0(0.00%) |      8       1      28      4 |    5.75        0.00
GET      /api/audio/levels (during plugin swap)                                            23     0(0.00%) |      6       1      27      3 |    2.75        0.00
GET      /api/audio/levels/plugins                                                         23     0(0.00%) |      5       1      31      2 |    2.75        0.00
GET      /api/audio/status                                                                 66     0(0.00%) |      5       1      34      2 |    3.75        0.00
GET      /api/chains/                                                                      63     0(0.00%) |     11       1     120      4 |    6.50        0.00
GET      /api/chains/{id}                                                                  68     0(0.00%) |      9       1      50      7 |    3.75        0.00
POST     /api/chains/{id}/activate                                                         66     0(0.00%) |      8       1      41      4 |    3.75        0.00
POST     /api/chains/{id}/deactivate                                                       66     0(0.00%) |      4       1      27      2 |    3.75        0.00
GET      /api/plugins/discover                                                             63     0(0.00%) |     17       9      42     13 |    6.00        0.00
GET      /api/plugins/list                                                                 63     0(0.00%) |      6       1      29      2 |    6.25        0.00
POST     /api/plugins/load?uri                                                             23     0(0.00%) |      4       1      24      3 |    2.75        0.00
POST     /api/plugins/unload?uri                                                           23     0(0.00%) |      4       1      20      2 |    2.75        0.00
--------|----------------------------------------------------------------------------|-------|-------------|-------|-------|-------|-------|--------|-----------
         Aggregated                                                                       707     0(0.00%) |      7       1     120      3 |   56.25        0.00

Type     Name                                                                          # reqs      # fails |    Avg     Min     Max    Med |   req/s  failures/s
--------|----------------------------------------------------------------------------|-------|-------------|-------|-------|-------|-------|--------|-----------
GET      /api/audio/latency                                                                98     0(0.00%) |      4       1      22      2 |   10.00        0.00
GET      /api/audio/levels                                                                 98     0(0.00%) |     28       1    1043      4 |   10.00        0.00
GET      /api/audio/levels (during plugin swap)                                            31     0(0.00%) |     39       1     995      3 |    3.17        0.00
GET      /api/audio/levels/plugins                                                         31     0(0.00%) |      6       1      40      2 |    3.17        0.00
GET      /api/audio/status                                                                 86     0(0.00%) |      6       1      42      2 |    8.33        0.00
GET      /api/chains/                                                                      79     0(0.00%) |     47       1    1032      5 |    9.17        0.00
GET      /api/chains/{id}                                                                  86     0(0.00%) |     32       1    1016      7 |    8.50        0.00
POST     /api/chains/{id}/activate                                                         86     0(0.00%) |     32       1    1057      4 |    8.50        0.00
POST     /api/chains/{id}/deactivate                                                       86     0(0.00%) |      4       1      53      2 |    8.33        0.00
GET      /api/plugins/discover                                                             79     0(0.00%) |     18       9      53     13 |    9.17        0.00
GET      /api/plugins/list                                                                 79     0(0.00%) |      6       1      29      2 |    9.17        0.00
POST     /api/plugins/load?uri                                                             31     0(0.00%) |      5       1      24      3 |    3.17        0.00
POST     /api/plugins/unload?uri                                                           31     0(0.00%) |      5       1      31      2 |    3.17        0.00
--------|----------------------------------------------------------------------------|-------|-------------|-------|-------|-------|-------|--------|-----------
         Aggregated                                                                       901     0(0.00%) |     19       1    1057      3 |   93.83        0.00

Type     Name                                                                          # reqs      # fails |    Avg     Min     Max    Med |   req/s  failures/s
--------|----------------------------------------------------------------------------|-------|-------------|-------|-------|-------|-------|--------|-----------
GET      /api/audio/latency                                                               148     0(0.00%) |      4       1      29      2 |   10.25        0.00
GET      /api/audio/levels                                                                148     0(0.00%) |     21       1    1043      3 |   10.25        0.00
GET      /api/audio/levels (during plugin swap)                                            43     0(0.00%) |     29       1     995      3 |    3.00        0.00
GET      /api/audio/levels/plugins                                                         43     0(0.00%) |      5       1      40      2 |    2.88        0.00
GET      /api/audio/status                                                                124     0(0.00%) |      5       1      42      2 |    8.50        0.00
GET      /api/chains/                                                                      92     0(0.00%) |     41       1    1032      4 |    8.25        0.00
GET      /api/chains/{id}                                                                 124     0(0.00%) |     24       1    1016      4 |    8.75        0.00
POST     /api/chains/{id}/activate                                                        124     0(0.00%) |     24       1    1057      4 |    8.75        0.00
POST     /api/chains/{id}/deactivate                                                      121     0(0.00%) |      4       1      53      2 |    8.38        0.00
POST     /api/plugins/batch/parameters (500 updates)                                        3     0(0.00%) |      7       4      14      5 |    0.00        0.00
GET      /api/plugins/discover                                                             92     0(0.00%) |     17       9      53     13 |    7.88        0.00
GET      /api/plugins/list                                                                 92     0(0.00%) |      6       1      29      2 |    8.25        0.00
POST     /api/plugins/load?uri                                                             43     0(0.00%) |      4       1      24      2 |    3.00        0.00
POST     /api/plugins/unload?uri                                                           43     0(0.00%) |      5       1      31      2 |    2.88        0.00
--------|----------------------------------------------------------------------------|-------|-------------|-------|-------|-------|-------|--------|-----------
         Aggregated                                                                      1240     0(0.00%) |     15       1    1057      3 |   91.00        0.00

Type     Name                                                                          # reqs      # fails |    Avg     Min     Max    Med |   req/s  failures/s
--------|----------------------------------------------------------------------------|-------|-------------|-------|-------|-------|-------|--------|-----------
GET      /api/audio/latency                                                               207     0(0.00%) |      4       1      29      2 |   12.40        0.00
GET      /api/audio/levels                                                                207     0(0.00%) |     16       1    1043      3 |   12.50        0.00
GET      /api/audio/levels (during plugin swap)                                            59     0(0.00%) |     23       1     995      2 |    3.70        0.00
GET      /api/audio/levels/plugins                                                         59     0(0.00%) |      6       1      40      2 |    3.70        0.00
GET      /api/audio/status                                                                148     0(0.00%) |      5       1      42      2 |   10.30        0.00
GET      /api/chains/                                                                     110     0(0.00%) |     36       1    1032      4 |    8.70        0.00
GET      /api/chains/{id}                                                                 148     0(0.00%) |     21       1    1016      3 |   10.40        0.00
POST     /api/chains/{id}/activate                                                        148     0(0.00%) |     21       1    1057      4 |   10.30        0.00
POST     /api/chains/{id}/deactivate                                                      148     0(0.00%) |      4       1      53      2 |   10.30        0.00
POST     /api/plugins/batch/parameters (500 updates)                                       10     0(0.00%) |      9       2      17      5 |    0.10        0.00
GET      /api/plugins/discover                                                            110     0(0.00%) |     17       9      53     13 |    8.60        0.00
GET      /api/plugins/list                                                                110     0(0.00%) |      5       1      29      2 |    8.60        0.00
POST     /api/plugins/load?uri                                                             59     0(0.00%) |      4       1      24      2 |    3.70        0.00
POST     /api/plugins/unload?uri                                                           59     0(0.00%) |      5       1      31      2 |    3.70        0.00
--------|----------------------------------------------------------------------------|-------|-------------|-------|-------|-------|-------|--------|-----------
         Aggregated                                                                      1582     0(0.00%) |     13       1    1057      3 |  107.00        0.00

Type     Name                                                                          # reqs      # fails |    Avg     Min     Max    Med |   req/s  failures/s
--------|----------------------------------------------------------------------------|-------|-------------|-------|-------|-------|-------|--------|-----------
GET      /api/audio/latency                                                               251     0(0.00%) |      4       1      29      2 |   17.60        0.00
GET      /api/audio/levels                                                                251     0(0.00%) |     15       1    1043      3 |   17.60        0.00
GET      /api/audio/levels (during plugin swap)                                            68     0(0.00%) |     21       1     995      2 |    4.90        0.00
GET      /api/audio/levels/plugins                                                         68     0(0.00%) |      6       1      40      2 |    4.90        0.00
GET      /api/audio/status                                                                181     0(0.00%) |      5       1      42      2 |   13.30        0.00
GET      /api/chains/                                                                     123     0(0.00%) |     33       1    1032      4 |    9.60        0.00
GET      /api/chains/{id}                                                                 181     0(0.00%) |     18       1    1016      4 |   13.30        0.00
POST     /api/chains/{id}/activate                                                        181     0(0.00%) |     19       1    1057      4 |   13.30        0.00
POST     /api/chains/{id}/deactivate                                                      181     0(0.00%) |      4       1      53      2 |   13.30        0.00
POST     /api/plugins/batch/parameters (500 updates)                                       20     0(0.00%) |     11       2      33     10 |    0.60        0.00
GET      /api/plugins/discover                                                            123     0(0.00%) |     17       9      53     13 |    9.80        0.00
GET      /api/plugins/list                                                                123     0(0.00%) |      6       1      29      2 |    9.80        0.00
POST     /api/plugins/load?uri                                                             68     0(0.00%) |      4       1      24      2 |    4.90        0.00
POST     /api/plugins/unload?uri                                                           68     0(0.00%) |      5       1      31      2 |    4.90        0.00
--------|----------------------------------------------------------------------------|-------|-------------|-------|-------|-------|-------|--------|-----------
         Aggregated                                                                      1887     0(0.00%) |     12       1    1057      3 |  137.80        0.00

Type     Name                                                                          # reqs      # fails |    Avg     Min     Max    Med |   req/s  failures/s
--------|----------------------------------------------------------------------------|-------|-------------|-------|-------|-------|-------|--------|-----------
GET      /api/audio/latency                                                               288     0(0.00%) |      4       1      29      2 |   20.90        0.00
GET      /api/audio/levels                                                                288     0(0.00%) |     13       1    1043      3 |   20.90        0.00
GET      /api/audio/levels (during plugin swap)                                            85     0(0.00%) |     18       1     995      2 |    5.20        0.00
GET      /api/audio/levels/plugins                                                         85     0(0.00%) |      5       1      40      2 |    5.20        0.00
GET      /api/audio/status                                                                222     0(0.00%) |      5       1      42      2 |   14.90        0.00
GET      /api/chains/                                                                     135     0(0.00%) |     31       1    1032      4 |    9.00        0.00
GET      /api/chains/{id}                                                                 222     0(0.00%) |     16       1    1016      4 |   15.00        0.00
POST     /api/chains/{id}/activate                                                        222     0(0.00%) |     16       1    1057      4 |   14.90        0.00
POST     /api/chains/{id}/deactivate                                                      222     0(0.00%) |      4       1      53      2 |   14.90        0.00
POST     /api/plugins/batch/parameters (500 updates)                                       29     0(0.00%) |     11       2      33     10 |    1.50        0.00
GET      /api/plugins/discover                                                            135     0(0.00%) |     17       9      53     12 |    9.20        0.00
GET      /api/plugins/list                                                                135     0(0.00%) |      5       1      29      2 |    9.10        0.00
POST     /api/plugins/load?uri                                                             85     0(0.00%) |      4       1      24      2 |    5.20        0.00
POST     /api/plugins/unload?uri                                                           85     0(0.00%) |      4       1      31      2 |    5.20        0.00
--------|----------------------------------------------------------------------------|-------|-------------|-------|-------|-------|-------|--------|-----------
         Aggregated                                                                      2238     0(0.00%) |     11       1    1057      3 |  151.10        0.00

Type     Name                                                                          # reqs      # fails |    Avg     Min     Max    Med |   req/s  failures/s
--------|----------------------------------------------------------------------------|-------|-------------|-------|-------|-------|-------|--------|-----------
GET      /api/audio/latency                                                               319     0(0.00%) |      4       1      29      2 |   21.40        0.00
GET      /api/audio/levels                                                                319     0(0.00%) |     32       1    1047      3 |   21.40        0.00
GET      /api/audio/levels (during plugin swap)                                            88     0(0.00%) |     17       1     995      2 |    5.60        0.00
GET      /api/audio/levels/plugins                                                         88     0(0.00%) |      5       1      40      2 |    5.60        0.00
GET      /api/audio/status                                                                239     0(0.00%) |      5       1      42      2 |   15.00        0.00
GET      /api/chains/                                                                     140     0(0.00%) |     36       1    1032      4 |    7.70        0.00
GET      /api/chains/{id}                                                                 241     0(0.00%) |     27       1    1016      4 |   14.90        0.00
POST     /api/chains/{id}/activate                                                        241     0(0.00%) |     15       1    1057      4 |   14.90        0.00
POST     /api/chains/{id}/deactivate                                                      238     0(0.00%) |      4       1      53      2 |   15.00        0.00
POST     /api/plugins/batch/parameters (500 updates)                                       36     0(0.00%) |     11       2      33     10 |    2.20        0.00
GET      /api/plugins/discover                                                            139     0(0.00%) |     16       9      53     12 |    7.60        0.00
GET      /api/plugins/list                                                                140     0(0.00%) |      6       1      29      3 |    7.60        0.00
POST     /api/plugins/load?uri                                                             88     0(0.00%) |      4       1      24      2 |    5.60        0.00
POST     /api/plugins/unload?uri                                                           88     0(0.00%) |      4       1      31      2 |    5.60        0.00
--------|----------------------------------------------------------------------------|-------|-------------|-------|-------|-------|-------|--------|-----------
         Aggregated                                                                      2404     0(0.00%) |     15       1    1057      3 |  150.10        0.00

Type     Name                                                                          # reqs      # fails |    Avg     Min     Max    Med |   req/s  failures/s
--------|----------------------------------------------------------------------------|-------|-------------|-------|-------|-------|-------|--------|-----------
GET      /api/audio/latency                                                               365     0(0.00%) |      4       1      29      2 |   23.10        0.00
GET      /api/audio/levels                                                                367     0(0.00%) |     28       1    1047      3 |   23.10        0.00
GET      /api/audio/levels (during plugin swap)                                           100     0(0.00%) |     16       1     995      2 |    6.40        0.00
GET      /api/audio/levels/plugins                                                        100     0(0.00%) |      5       1      40      2 |    6.50        0.00
GET      /api/audio/status                                                                272     0(0.00%) |      5       1      42      2 |   17.00        0.00
GET      /api/chains/                                                                     149     0(0.00%) |     34       1    1032      4 |    7.30        0.00
GET      /api/chains/{id}                                                                 272     0(0.00%) |     24       1    1016      3 |   16.80        0.00
POST     /api/chains/{id}/activate                                                        272     0(0.00%) |     14       1    1057      4 |   16.80        0.00
POST     /api/chains/{id}/deactivate                                                      272     0(0.00%) |      4       1      53      2 |   17.10        0.00
POST     /api/plugins/batch/parameters (500 updates)                                       49     0(0.00%) |     10       2      33     10 |    3.60        0.00
GET      /api/plugins/discover                                                            149     0(0.00%) |     16       9      53     12 |    7.60        0.00
GET      /api/plugins/list                                                                149     0(0.00%) |      6       1      29      2 |    7.30        0.00
POST     /api/plugins/load?uri                                                            100     0(0.00%) |      4       1      24      2 |    6.40        0.00
POST     /api/plugins/unload?uri                                                          100     0(0.00%) |      4       1      31      2 |    6.50        0.00
--------|----------------------------------------------------------------------------|-------|-------------|-------|-------|-------|-------|--------|-----------
         Aggregated                                                                      2716     0(0.00%) |     13       1    1057      3 |  165.50        0.00

Type     Name                                                                          # reqs      # fails |    Avg     Min     Max    Med |   req/s  failures/s
--------|----------------------------------------------------------------------------|-------|-------------|-------|-------|-------|-------|--------|-----------
GET      /api/audio/latency                                                               417     0(0.00%) |      4       1      29      2 |   21.30        0.00
GET      /api/audio/levels                                                                417     0(0.00%) |     25       1    1047      3 |   21.20        0.00
GET      /api/audio/levels (during plugin swap)                                           115     0(0.00%) |     14       1     995      2 |    6.00        0.00
GET      /api/audio/levels/plugins                                                        115     0(0.00%) |      5       1      40      2 |    6.00        0.00
GET      /api/audio/status                                                                305     0(0.00%) |      5       1      42      2 |   15.50        0.00
GET      /api/chains/                                                                     154     0(0.00%) |     33       1    1032      4 |    5.80        0.00
GET      /api/chains/{id}                                                                 305     0(0.00%) |     22       1    1016      3 |   15.40        0.00
POST     /api/chains/{id}/activate                                                        305     0(0.00%) |     13       1    1057      4 |   15.50        0.00
POST     /api/chains/{id}/deactivate                                                      305     0(0.00%) |      4       1      53      2 |   15.50        0.00
POST     /api/plugins/batch/parameters (500 updates)                                       65     0(0.00%) |     10       2      33      9 |    4.00        0.00
GET      /api/plugins/discover                                                            154     0(0.00%) |     16       9      53     12 |    5.90        0.00
GET      /api/plugins/list                                                                154     0(0.00%) |      5       1      29      2 |    5.90        0.00
POST     /api/plugins/load?uri                                                            115     0(0.00%) |      4       1      24      2 |    6.00        0.00
POST     /api/plugins/unload?uri                                                          115     0(0.00%) |      4       1      31      2 |    6.00        0.00
--------|----------------------------------------------------------------------------|-------|-------------|-------|-------|-------|-------|--------|-----------
         Aggregated                                                                      3041     0(0.00%) |     12       1    1057      3 |  150.00        0.00

Type     Name                                                                          # reqs      # fails |    Avg     Min     Max    Med |   req/s  failures/s
--------|----------------------------------------------------------------------------|-------|-------------|-------|-------|-------|-------|--------|-----------
GET      /api/audio/latency                                                               468     0(0.00%) |      4       1      29      2 |   21.00        0.00
GET      /api/audio/levels                                                                468     0(0.00%) |     23       1    1047      3 |   21.00        0.00
GET      /api/audio/levels (during plugin swap)                                           129     0(0.00%) |     13       1     995      2 |    5.60        0.00
GET      /api/audio/levels/plugins                                                        129     0(0.00%) |      4       1      40      2 |    5.60        0.00
GET      /api/audio/status                                                                337     0(0.00%) |      5       1      42      2 |   15.70        0.00
GET      /api/chains/                                                                     160     0(0.00%) |     32       1    1032      4 |    4.40        0.00
GET      /api/chains/{id}                                                                 338     0(0.00%) |     21       1    1016      3 |   15.70        0.00
POST     /api/chains/{id}/activate                                                        337     0(0.00%) |     12       1    1057      4 |   15.70        0.00
POST     /api/chains/{id}/deactivate                                                      337     0(0.00%) |      4       1      53      2 |   15.70        0.00
POST     /api/plugins/batch/parameters (500 updates)                                       88     0(0.00%) |      9       2      33      8 |    5.50        0.00
GET      /api/plugins/discover                                                            160     0(0.00%) |     16       9      53     12 |    4.40        0.00
GET      /api/plugins/list                                                                160     0(0.00%) |      5       1      29      2 |    4.40        0.00
POST     /api/plugins/load?uri                                                            129     0(0.00%) |      4       1      24      2 |    5.60        0.00
POST     /api/plugins/unload?uri                                                          129     0(0.00%) |      4       1      31      2 |    5.60        0.00
--------|----------------------------------------------------------------------------|-------|-------------|-------|-------|-------|-------|--------|-----------
         Aggregated                                                                      3369     0(0.00%) |     12       1    1057      3 |  145.90        0.00

Type     Name                                                                          # reqs      # fails |    Avg     Min     Max    Med |   req/s  failures/s
--------|----------------------------------------------------------------------------|-------|-------------|-------|-------|-------|-------|--------|-----------
GET      /api/audio/latency                                                               512     0(0.00%) |      4       1      29      2 |   21.70        0.00
GET      /api/audio/levels                                                                512     0(0.00%) |     22       1    1047      3 |   21.70        0.00
GET      /api/audio/levels (during plugin swap)                                           143     0(0.00%) |     12       1     995      2 |    6.00        0.00
GET      /api/audio/levels/plugins                                                        143     0(0.00%) |      4       1      40      2 |    6.00        0.00
GET      /api/audio/status                                                                367     0(0.00%) |      5       1      42      2 |   15.50        0.00
GET      /api/chains/                                                                     167     0(0.00%) |     31       1    1032      4 |    3.60        0.00
GET      /api/chains/{id}                                                                 367     0(0.00%) |     19       1    1016      3 |   15.50        0.00
POST     /api/chains/{id}/activate                                                        367     0(0.00%) |     12       1    1057      4 |   15.50        0.00
POST     /api/chains/{id}/deactivate                                                      367     0(0.00%) |      4       1      53      2 |   15.40        0.00
POST     /api/plugins/batch/parameters (500 updates)                                      115     0(0.00%) |     10       2      33      9 |    6.80        0.00
GET      /api/plugins/discover                                                            167     0(0.00%) |     16       9      53     12 |    3.70        0.00
GET      /api/plugins/list                                                                167     0(0.00%) |      5       1      29      2 |    3.60        0.00
POST     /api/plugins/load?uri                                                            143     0(0.00%) |      4       1      24      2 |    6.00        0.00
POST     /api/plugins/unload?uri                                                          143     0(0.00%) |      4       1      31      2 |    6.00        0.00
--------|----------------------------------------------------------------------------|-------|-------------|-------|-------|-------|-------|--------|-----------
         Aggregated                                                                      3680     0(0.00%) |     11       1    1057      3 |  147.00        0.00

Type     Name                                                                          # reqs      # fails |    Avg     Min     Max    Med |   req/s  failures/s
--------|----------------------------------------------------------------------------|-------|-------------|-------|-------|-------|-------|--------|-----------
GET      /api/audio/latency                                                               559     0(0.00%) |      4       1      29      2 |   21.40        0.00
GET      /api/audio/levels                                                                559     0(0.00%) |     20       1    1047      3 |   21.40        0.00
GET      /api/audio/levels (during plugin swap)                                           154     0(0.00%) |     12       1     995      2 |    5.80        0.00
GET      /api/audio/levels/plugins                                                        154     0(0.00%) |      4       1      40      2 |    5.80        0.00
GET      /api/audio/status                                                                400     0(0.00%) |      5       1      42      2 |   15.10        0.00
GET      /api/chains/                                                                     169     0(0.00%) |     31       1    1032      4 |    3.20        0.00
GET      /api/chains/{id}                                                                 400     0(0.00%) |     18       1    1016      3 |   15.10        0.00
POST     /api/chains/{id}/activate                                                        400     0(0.00%) |     11       1    1057      4 |   15.10        0.00
POST     /api/chains/{id}/deactivate                                                      400     0(0.00%) |      4       1      53      2 |   15.10        0.00
POST     /api/plugins/batch/parameters (500 updates)                                      138     0(0.00%) |     10       2      38      9 |    8.00        0.00
GET      /api/plugins/discover                                                            169     0(0.00%) |     16       9      53     12 |    3.30        0.00
GET      /api/plugins/list                                                                169     0(0.00%) |      5       1      29      2 |    3.30        0.00
POST     /api/plugins/load?uri                                                            154     0(0.00%) |      4       1      24      2 |    5.80        0.00
POST     /api/plugins/unload?uri                                                          154     0(0.00%) |      4       1      31      2 |    5.80        0.00
--------|----------------------------------------------------------------------------|-------|-------------|-------|-------|-------|-------|--------|-----------
         Aggregated                                                                      3979     0(0.00%) |     11       1    1057      3 |  144.20        0.00

Type     Name                                                                          # reqs      # fails |    Avg     Min     Max    Med |   req/s  failures/s
--------|----------------------------------------------------------------------------|-------|-------------|-------|-------|-------|-------|--------|-----------
GET      /api/audio/latency                                                               584     0(0.00%) |      4       1      29      2 |   24.00        0.00
GET      /api/audio/levels                                                                585     0(0.00%) |     25       1    1047      3 |   24.00        0.00
GET      /api/audio/levels (during plugin swap)                                           163     0(0.00%) |     18       1    1015      2 |    6.60        0.00
GET      /api/audio/levels/plugins                                                        163     0(0.00%) |      4       1      40      2 |    6.60        0.00
GET      /api/audio/status                                                                419     0(0.00%) |      5       1      42      2 |   16.10        0.00
GET      /api/chains/                                                                     172     0(0.00%) |     36       1    1032      4 |    2.90        0.00
GET      /api/chains/{id}                                                                 419     0(0.00%) |     27       1    1019      3 |   15.90        0.00
POST     /api/chains/{id}/activate                                                        419     0(0.00%) |     11       1    1057      4 |   15.90        0.00
POST     /api/chains/{id}/deactivate                                                      418     0(0.00%) |      4       1      53      2 |   16.20        0.00
POST     /api/plugins/batch/parameters (500 updates)                                      150     0(0.00%) |     16       2    1034      8 |   10.20        0.00
GET      /api/plugins/discover                                                            172     0(0.00%) |     16       9      53     12 |    3.00        0.00
GET      /api/plugins/list                                                                172     0(0.00%) |      5       1      29      2 |    2.90        0.00
POST     /api/plugins/load?uri                                                            163     0(0.00%) |      4       1      24      2 |    6.60        0.00
POST     /api/plugins/unload?uri                                                          163     0(0.00%) |      4       1      31      2 |    6.60        0.00
--------|----------------------------------------------------------------------------|-------|-------------|-------|-------|-------|-------|--------|-----------
         Aggregated                                                                      4162     0(0.00%) |     13       1    1057      3 |  157.50        0.00

Type     Name                                                                          # reqs      # fails |    Avg     Min     Max    Med |   req/s  failures/s
--------|----------------------------------------------------------------------------|-------|-------------|-------|-------|-------|-------|--------|-----------
GET      /api/audio/latency                                                               634     0(0.00%) |      4       1      29      2 |   21.70        0.00
GET      /api/audio/levels                                                                634     0(0.00%) |     23       1    1047      3 |   21.50        0.00
GET      /api/audio/levels (during plugin swap)                                           170     0(0.00%) |     17       1    1015      2 |    6.30        0.00
GET      /api/audio/levels/plugins                                                        170     0(0.00%) |      4       1      40      2 |    6.30        0.00
GET      /api/audio/status                                                                456     0(0.00%) |      5       1      42      2 |   14.60        0.00
GET      /api/chains/                                                                     175     0(0.00%) |     35       1    1032      4 |    2.30        0.00
GET      /api/chains/{id}                                                                 457     0(0.00%) |     25       1    1019      3 |   14.60        0.00
POST     /api/chains/{id}/activate                                                        456     0(0.00%) |     11       1    1057      4 |   14.60        0.00
POST     /api/chains/{id}/deactivate                                                      456     0(0.00%) |      4       1      53      2 |   14.60        0.00
POST     /api/plugins/batch/parameters (500 updates)                                      171     0(0.00%) |     15       2    1034      7 |   10.10        0.00
GET      /api/plugins/discover                                                            175     0(0.00%) |     16       9      53     12 |    2.30        0.00
GET      /api/plugins/list                                                                175     0(0.00%) |      5       1      29      2 |    2.30        0.00
POST     /api/plugins/load?uri                                                            170     0(0.00%) |      4       1      24      2 |    6.30        0.00
POST     /api/plugins/unload?uri                                                          170     0(0.00%) |      4       1      31      2 |    6.30        0.00
--------|----------------------------------------------------------------------------|-------|-------------|-------|-------|-------|-------|--------|-----------
         Aggregated                                                                      4469     0(0.00%) |     12       1    1057      3 |  143.80        0.00

Type     Name                                                                          # reqs      # fails |    Avg     Min     Max    Med |   req/s  failures/s
--------|----------------------------------------------------------------------------|-------|-------------|-------|-------|-------|-------|--------|-----------
GET      /api/audio/latency                                                               686     0(0.00%) |      4       1      29      2 |   21.60        0.00
GET      /api/audio/levels                                                                686     0(0.00%) |     22       1    1047      3 |   21.70        0.00
GET      /api/audio/levels (during plugin swap)                                           177     0(0.00%) |     17       1    1015      2 |    5.50        0.00
GET      /api/audio/levels/plugins                                                        177     0(0.00%) |      4       1      40      2 |    5.50        0.00
GET      /api/audio/status                                                                499     0(0.00%) |      4       1      42      2 |   15.00        0.00
GET      /api/chains/                                                                     177     0(0.00%) |     35       1    1032      4 |    2.10        0.00
GET      /api/chains/{id}                                                                 499     0(0.00%) |     24       1    1019      3 |   15.10        0.00
POST     /api/chains/{id}/activate                                                        499     0(0.00%) |     10       1    1057      3 |   15.00        0.00
POST     /api/chains/{id}/deactivate                                                      499     0(0.00%) |      4       1      53      2 |   15.00        0.00
POST     /api/plugins/batch/parameters (500 updates)                                      192     0(0.00%) |     14       2    1034      7 |   10.50        0.00
GET      /api/plugins/discover                                                            177     0(0.00%) |     16       9      53     12 |    2.10        0.00
GET      /api/plugins/list                                                                177     0(0.00%) |      5       1      29      2 |    2.10        0.00
POST     /api/plugins/load?uri                                                            177     0(0.00%) |      4       1      24      2 |    5.50        0.00
POST     /api/plugins/unload?uri                                                          177     0(0.00%) |      4       1      31      2 |    5.50        0.00
--------|----------------------------------------------------------------------------|-------|-------------|-------|-------|-------|-------|--------|-----------
         Aggregated                                                                      4799     0(0.00%) |     12       1    1057      3 |  142.20        0.00

Type     Name                                                                          # reqs      # fails |    Avg     Min     Max    Med |   req/s  failures/s
--------|----------------------------------------------------------------------------|-------|-------------|-------|-------|-------|-------|--------|-----------
GET      /api/audio/latency                                                               733     0(0.00%) |      4       1      29      2 |   21.70        0.00
GET      /api/audio/levels                                                                733     0(0.00%) |     21       1    1047      3 |   21.70        0.00
GET      /api/audio/levels (during plugin swap)                                           187     0(0.00%) |     16       1    1015      2 |    4.80        0.00
GET      /api/audio/levels/plugins                                                        187     0(0.00%) |      4       1      40      2 |    4.80        0.00
GET      /api/audio/status                                                                537     0(0.00%) |      4       1      42      2 |   16.20        0.00
GET      /api/chains/                                                                     179     0(0.00%) |     35       1    1032      4 |    1.70        0.00
GET      /api/chains/{id}                                                                 537     0(0.00%) |     22       1    1019      3 |   16.20        0.00
POST     /api/chains/{id}/activate                                                        537     0(0.00%) |     10       1    1057      3 |   16.20        0.00
POST     /api/chains/{id}/deactivate                                                      536     0(0.00%) |      4       1      53      2 |   16.30        0.00
POST     /api/plugins/batch/parameters (500 updates)                                      216     0(0.00%) |     14       2    1034      7 |   10.40        0.00
GET      /api/plugins/discover                                                            179     0(0.00%) |     16       9      53     12 |    1.70        0.00
GET      /api/plugins/list                                                                179     0(0.00%) |      5       1      29      2 |    1.70        0.00
POST     /api/plugins/load?uri                                                            187     0(0.00%) |      4       1      24      2 |    4.80        0.00
POST     /api/plugins/unload?uri                                                          187     0(0.00%) |      4       1      31      2 |    4.80        0.00
--------|----------------------------------------------------------------------------|-------|-------------|-------|-------|-------|-------|--------|-----------
         Aggregated                                                                      5114     0(0.00%) |     11       1    1057      3 |  143.00        0.00

Type     Name                                                                          # reqs      # fails |    Avg     Min     Max    Med |   req/s  failures/s
--------|----------------------------------------------------------------------------|-------|-------------|-------|-------|-------|-------|--------|-----------
GET      /api/audio/latency                                                               781     0(0.00%) |      4       1      29      2 |   22.10        0.00
GET      /api/audio/levels                                                                781     0(0.00%) |     20       1    1047      3 |   22.10        0.00
GET      /api/audio/levels (during plugin swap)                                           201     0(0.00%) |     16       1    1015      2 |    4.40        0.00
GET      /api/audio/levels/plugins                                                        201     0(0.00%) |      4       1      40      2 |    4.40        0.00
GET      /api/audio/status                                                                572     0(0.00%) |      4       1      42      2 |   16.80        0.00
GET      /api/chains/                                                                     181     0(0.00%) |     35       1    1032      4 |    1.20        0.00
GET      /api/chains/{id}                                                                 572     0(0.00%) |     22       1    1019      3 |   16.90        0.00
POST     /api/chains/{id}/activate                                                        572     0(0.00%) |     10       1    1057      3 |   16.80        0.00
POST     /api/chains/{id}/deactivate                                                      572     0(0.00%) |      4       1      53      2 |   16.80        0.00
POST     /api/plugins/batch/parameters (500 updates)                                      234     0(0.00%) |     14       2    1034      8 |   10.10        0.00
GET      /api/plugins/discover                                                            181     0(0.00%) |     16       9      53     12 |    1.20        0.00
GET      /api/plugins/list                                                                181     0(0.00%) |      5       1      29      2 |    1.20        0.00
POST     /api/plugins/load?uri                                                            201     0(0.00%) |      4       1      24      2 |    4.40        0.00
POST     /api/plugins/unload?uri                                                          201     0(0.00%) |      4       1      31      2 |    4.50        0.00
--------|----------------------------------------------------------------------------|-------|-------------|-------|-------|-------|-------|--------|-----------
         Aggregated                                                                      5431     0(0.00%) |     11       1    1057      3 |  142.90        0.00

Type     Name                                                                          # reqs      # fails |    Avg     Min     Max    Med |   req/s  failures/s
--------|----------------------------------------------------------------------------|-------|-------------|-------|-------|-------|-------|--------|-----------
GET      /api/audio/latency                                                               810     0(0.00%) |      4       1      29      2 |   22.10        0.00
GET      /api/audio/levels                                                                810     0(0.00%) |     28       1    1050      3 |   22.10        0.00
GET      /api/audio/levels (during plugin swap)                                           206     0(0.00%) |     20       1    1015      2 |    4.70        0.00
GET      /api/audio/levels/plugins                                                        206     0(0.00%) |      4       1      40      2 |    4.70        0.00
GET      /api/audio/status                                                                597     0(0.00%) |      4       1      42      2 |   17.20        0.00
GET      /api/chains/                                                                     181     0(0.00%) |     35       1    1032      4 |    1.20        0.00
GET      /api/chains/{id}                                                                 597     0(0.00%) |     24       1    1019      3 |   17.20        0.00
POST     /api/chains/{id}/activate                                                        597     0(0.00%) |      9       1    1057      3 |   17.20        0.00
POST     /api/chains/{id}/deactivate                                                      597     0(0.00%) |      3       1      53      2 |   17.20        0.00
POST     /api/plugins/batch/parameters (500 updates)                                      241     0(0.00%) |     14       2    1034      8 |    9.50        0.00
GET      /api/plugins/discover                                                            181     0(0.00%) |     16       9      53     12 |    1.20        0.00
GET      /api/plugins/list                                                                181     0(0.00%) |      5       1      29      2 |    1.20        0.00
POST     /api/plugins/load?uri                                                            206     0(0.00%) |      4       1      24      2 |    4.70        0.00
POST     /api/plugins/unload?uri                                                          206     0(0.00%) |      4       1      31      2 |    4.70        0.00
--------|----------------------------------------------------------------------------|-------|-------------|-------|-------|-------|-------|--------|-----------
         Aggregated                                                                      5616     0(0.00%) |     13       1    1057      3 |  144.90        0.00

Type     Name                                                                          # reqs      # fails |    Avg     Min     Max    Med |   req/s  failures/s
--------|----------------------------------------------------------------------------|-------|-------------|-------|-------|-------|-------|--------|-----------
GET      /api/audio/latency                                                               852     0(0.00%) |      4       1      29      2 |   22.80        0.00
GET      /api/audio/levels                                                                852     0(0.00%) |     27       1    1050      3 |   22.80        0.00
GET      /api/audio/levels (during plugin swap)                                           223     0(0.00%) |     19       1    1015      2 |    4.30        0.00
GET      /api/audio/levels/plugins                                                        223     0(0.00%) |      4       1      40      2 |    4.30        0.00
GET      /api/audio/status                                                                635     0(0.00%) |      4       1      42      2 |   17.70        0.00
GET      /api/chains/                                                                     181     0(0.00%) |     35       1    1032      4 |    0.90        0.00
GET      /api/chains/{id}                                                                 635     0(0.00%) |     23       1    1019      3 |   17.90        0.00
POST     /api/chains/{id}/activate                                                        635     0(0.00%) |      9       1    1057      3 |   17.90        0.00
POST     /api/chains/{id}/deactivate                                                      635     0(0.00%) |      3       1      53      2 |   17.70        0.00
POST     /api/plugins/batch/parameters (500 updates)                                      264     0(0.00%) |     14       2    1034      8 |    9.10        0.00
GET      /api/plugins/discover                                                            181     0(0.00%) |     16       9      53     12 |    0.90        0.00
GET      /api/plugins/list                                                                181     0(0.00%) |      5       1      29      2 |    0.90        0.00
POST     /api/plugins/load?uri                                                            223     0(0.00%) |      4       1      24      2 |    4.30        0.00
POST     /api/plugins/unload?uri                                                          223     0(0.00%) |      4       1      31      2 |    4.30        0.00
--------|----------------------------------------------------------------------------|-------|-------------|-------|-------|-------|-------|--------|-----------
         Aggregated                                                                      5943     0(0.00%) |     12       1    1057      3 |  145.80        0.00

Type     Name                                                                          # reqs      # fails |    Avg     Min     Max    Med |   req/s  failures/s
--------|----------------------------------------------------------------------------|-------|-------------|-------|-------|-------|-------|--------|-----------
GET      /api/audio/latency                                                               890     0(0.00%) |      4       1      29      2 |   21.60        0.00
GET      /api/audio/levels                                                                893     0(0.00%) |     26       1    1050      3 |   21.70        0.00
GET      /api/audio/levels (during plugin swap)                                           232     0(0.00%) |     19       1    1015      2 |    5.20        0.00
GET      /api/audio/levels/plugins                                                        232     0(0.00%) |      4       1      40      2 |    5.20        0.00
GET      /api/audio/status                                                                672     0(0.00%) |      4       1      55      2 |   17.90        0.00
GET      /api/chains/                                                                     181     0(0.00%) |     35       1    1032      4 |    0.60        0.00
GET      /api/chains/{id}                                                                 673     0(0.00%) |     22       1    1019      3 |   17.90        0.00
POST     /api/chains/{id}/activate                                                        672     0(0.00%) |      9       1    1057      3 |   18.00        0.00
POST     /api/chains/{id}/deactivate                                                      671     0(0.00%) |      3       1      53      2 |   17.90        0.00
POST     /api/plugins/batch/parameters (500 updates)                                      293     0(0.00%) |     13       2    1034      8 |    9.30        0.00
GET      /api/plugins/discover                                                            181     0(0.00%) |     16       9      53     12 |    0.60        0.00
GET      /api/plugins/list                                                                181     0(0.00%) |      5       1      29      2 |    0.60        0.00
POST     /api/plugins/load?uri                                                            232     0(0.00%) |      4       1      24      2 |    5.20        0.00
POST     /api/plugins/unload?uri                                                          232     0(0.00%) |      4       1      31      2 |    5.20        0.00
--------|----------------------------------------------------------------------------|-------|-------------|-------|-------|-------|-------|--------|-----------
         Aggregated                                                                      6235     0(0.00%) |     12       1    1057      3 |  146.90        0.00

Type     Name                                                                          # reqs      # fails |    Avg     Min     Max    Med |   req/s  failures/s
--------|----------------------------------------------------------------------------|-------|-------------|-------|-------|-------|-------|--------|-----------
GET      /api/audio/latency                                                               950     0(0.00%) |      4       1      29      2 |   20.50        0.00
GET      /api/audio/levels                                                                950     0(0.00%) |     24       1    1050      3 |   20.50        0.00
GET      /api/audio/levels (during plugin swap)                                           245     0(0.00%) |     18       1    1015      2 |    5.50        0.00
GET      /api/audio/levels/plugins                                                        245     0(0.00%) |      4       1      40      2 |    5.50        0.00
GET      /api/audio/status                                                                703     0(0.00%) |      4       1      55      2 |   17.20        0.00
GET      /api/chains/                                                                     181     0(0.00%) |     35       1    1032      4 |    0.40        0.00
GET      /api/chains/{id}                                                                 703     0(0.00%) |     21       1    1019      3 |   17.30        0.00
POST     /api/chains/{id}/activate                                                        703     0(0.00%) |      9       1    1057      3 |   17.30        0.00
POST     /api/chains/{id}/deactivate                                                      703     0(0.00%) |      3       1      53      2 |   17.20        0.00
POST     /api/plugins/batch/parameters (500 updates)                                      318     0(0.00%) |     13       2    1034      7 |   10.00        0.00
GET      /api/plugins/discover                                                            181     0(0.00%) |     16       9      53     12 |    0.40        0.00
GET      /api/plugins/list                                                                181     0(0.00%) |      5       1      29      2 |    0.40        0.00
POST     /api/plugins/load?uri                                                            245     0(0.00%) |      4       1      24      2 |    5.50        0.00
POST     /api/plugins/unload?uri                                                          245     0(0.00%) |      4       1      31      2 |    5.50        0.00
--------|----------------------------------------------------------------------------|-------|-------------|-------|-------|-------|-------|--------|-----------
         Aggregated                                                                      6553     0(0.00%) |     11       1    1057      3 |  143.20        0.00

Type     Name                                                                          # reqs      # fails |    Avg     Min     Max    Med |   req/s  failures/s
--------|----------------------------------------------------------------------------|-------|-------------|-------|-------|-------|-------|--------|-----------
GET      /api/audio/latency                                                              1001     0(0.00%) |      4       1      29      2 |   21.70        0.00
GET      /api/audio/levels                                                               1001     0(0.00%) |     23       1    1050      3 |   21.70        0.00
GET      /api/audio/levels (during plugin swap)                                           259     0(0.00%) |     17       1    1015      2 |    5.80        0.00
GET      /api/audio/levels/plugins                                                        259     0(0.00%) |      4       1      40      2 |    5.80        0.00
GET      /api/audio/status                                                                737     0(0.00%) |      4       1      55      2 |   16.70        0.00
GET      /api/chains/                                                                     181     0(0.00%) |     35       1    1032      4 |    0.20        0.00
GET      /api/chains/{id}                                                                 737     0(0.00%) |     21       1    1019      3 |   16.60        0.00
POST     /api/chains/{id}/activate                                                        737     0(0.00%) |      8       1    1057      3 |   16.70        0.00
POST     /api/chains/{id}/deactivate                                                      737     0(0.00%) |      3       1      53      2 |   16.70        0.00
POST     /api/plugins/batch/parameters (500 updates)                                      349     0(0.00%) |     13       2    1034      7 |   10.20        0.00
GET      /api/plugins/discover                                                            181     0(0.00%) |     16       9      53     12 |    0.20        0.00
GET      /api/plugins/list                                                                181     0(0.00%) |      5       1      29      2 |    0.20        0.00
POST     /api/plugins/load?uri                                                            259     0(0.00%) |      4       1      24      2 |    5.80        0.00
POST     /api/plugins/unload?uri                                                          259     0(0.00%) |      3       1      31      2 |    5.80        0.00
--------|----------------------------------------------------------------------------|-------|-------------|-------|-------|-------|-------|--------|-----------
         Aggregated                                                                      6878     0(0.00%) |     11       1    1057      3 |  144.10        0.00

Type     Name                                                                          # reqs      # fails |    Avg     Min     Max    Med |   req/s  failures/s
--------|----------------------------------------------------------------------------|-------|-------------|-------|-------|-------|-------|--------|-----------
GET      /api/audio/latency                                                              1046     0(0.00%) |      4       1      29      2 |   22.30        0.00
GET      /api/audio/levels                                                               1046     0(0.00%) |     23       1    1050      3 |   22.30        0.00
GET      /api/audio/levels (during plugin swap)                                           274     0(0.00%) |     16       1    1015      2 |    5.80        0.00
GET      /api/audio/levels/plugins                                                        274     0(0.00%) |      4       1      40      2 |    5.80        0.00
GET      /api/audio/status                                                                763     0(0.00%) |      4       1      55      2 |   16.50        0.00
GET      /api/chains/                                                                     181     0(0.00%) |     35       1    1032      4 |    0.00        0.00
GET      /api/chains/{id}                                                                 763     0(0.00%) |     20       1    1019      3 |   16.40        0.00
POST     /api/chains/{id}/activate                                                        763     0(0.00%) |      8       1    1057      3 |   16.40        0.00
POST     /api/chains/{id}/deactivate                                                      763     0(0.00%) |      3       1      53      2 |   16.50        0.00
POST     /api/plugins/batch/parameters (500 updates)                                      369     0(0.00%) |     13       2    1034      7 |   11.00        0.00
GET      /api/plugins/discover                                                            181     0(0.00%) |     16       9      53     12 |    0.00        0.00
GET      /api/plugins/list                                                                181     0(0.00%) |      5       1      29      2 |    0.00        0.00
POST     /api/plugins/load?uri                                                            274     0(0.00%) |      4       1      27      2 |    5.80        0.00
POST     /api/plugins/unload?uri                                                          274     0(0.00%) |      3       1      31      2 |    5.80        0.00
--------|----------------------------------------------------------------------------|-------|-------------|-------|-------|-------|-------|--------|-----------
         Aggregated                                                                      7152     0(0.00%) |     11       1    1057      3 |  144.60        0.00

Type     Name                                                                          # reqs      # fails |    Avg     Min     Max    Med |   req/s  failures/s
--------|----------------------------------------------------------------------------|-------|-------------|-------|-------|-------|-------|--------|-----------
GET      /api/audio/latency                                                              1073     0(0.00%) |      4       1      29      2 |   23.60        0.00
GET      /api/audio/levels                                                               1073     0(0.00%) |     27       1    1050      3 |   23.60        0.00
GET      /api/audio/levels (during plugin swap)                                           279     0(0.00%) |     16       1    1015      2 |    6.80        0.00
GET      /api/audio/levels/plugins                                                        279     0(0.00%) |      4       1      40      2 |    6.80        0.00
GET      /api/audio/status                                                                786     0(0.00%) |      4       1      55      2 |   16.80        0.00
GET      /api/chains/                                                                     181     0(0.00%) |     35       1    1032      4 |    0.00        0.00
GET      /api/chains/{id}                                                                 786     0(0.00%) |     23       1    1022      3 |   16.60        0.00
POST     /api/chains/{id}/activate                                                        786     0(0.00%) |      8       1    1057      3 |   16.60        0.00
POST     /api/chains/{id}/deactivate                                                      786     0(0.00%) |      3       1      53      2 |   16.80        0.00
POST     /api/plugins/batch/parameters (500 updates)                                      382     0(0.00%) |     18       2    1060      7 |   12.80        0.00
GET      /api/plugins/discover                                                            181     0(0.00%) |     16       9      53     12 |    0.00        0.00
GET      /api/plugins/list                                                                181     0(0.00%) |      5       1      29      2 |    0.00        0.00
POST     /api/plugins/load?uri                                                            279     0(0.00%) |      4       1      27      2 |    6.80        0.00
POST     /api/plugins/unload?uri                                                          279     0(0.00%) |      3       1      31      2 |    6.80        0.00
--------|----------------------------------------------------------------------------|-------|-------------|-------|-------|-------|-------|--------|-----------
         Aggregated                                                                      7331     0(0.00%) |     12       1    1060      3 |  154.00        0.00

Type     Name                                                                          # reqs      # fails |    Avg     Min     Max    Med |   req/s  failures/s
--------|----------------------------------------------------------------------------|-------|-------------|-------|-------|-------|-------|--------|-----------
GET      /api/audio/latency                                                              1121     0(0.00%) |      4       1      29      2 |   22.40        0.00
GET      /api/audio/levels                                                               1121     0(0.00%) |     26       1    1050      3 |   22.20        0.00
GET      /api/audio/levels (during plugin swap)                                           293     0(0.00%) |     16       1    1015      2 |    5.70        0.00
GET      /api/audio/levels/plugins                                                        293     0(0.00%) |      4       1      40      2 |    5.70        0.00
GET      /api/audio/status                                                                825     0(0.00%) |      4       1      55      2 |   15.10        0.00
GET      /api/chains/                                                                     181     0(0.00%) |     35       1    1032      4 |    0.00        0.00
GET      /api/chains/{id}                                                                 825     0(0.00%) |     23       1    1022      3 |   15.10        0.00
POST     /api/chains/{id}/activate                                                        825     0(0.00%) |      8       1    1057      3 |   15.10        0.00
POST     /api/chains/{id}/deactivate                                                      824     0(0.00%) |      3       1      53      2 |   15.00        0.00
POST     /api/plugins/batch/parameters (500 updates)                                      406     0(0.00%) |     17       2    1060      7 |   11.80        0.00
GET      /api/plugins/discover                                                            181     0(0.00%) |     16       9      53     12 |    0.00        0.00
GET      /api/plugins/list                                                                181     0(0.00%) |      5       1      29      2 |    0.00        0.00
POST     /api/plugins/load?uri                                                            293     0(0.00%) |      4       1      27      2 |    5.70        0.00
POST     /api/plugins/unload?uri                                                          293     0(0.00%) |      4       1      31      2 |    5.70        0.00
--------|----------------------------------------------------------------------------|-------|-------------|-------|-------|-------|-------|--------|-----------
         Aggregated                                                                      7662     0(0.00%) |     12       1    1060      3 |  139.50        0.00

Type     Name                                                                          # reqs      # fails |    Avg     Min     Max    Med |   req/s  failures/s
--------|----------------------------------------------------------------------------|-------|-------------|-------|-------|-------|-------|--------|-----------
GET      /api/audio/latency                                                              1169     0(0.00%) |      4       1      29      2 |   22.90        0.00
GET      /api/audio/levels                                                               1169     0(0.00%) |     25       1    1050      3 |   22.90        0.00
GET      /api/audio/levels (during plugin swap)                                           308     0(0.00%) |     15       1    1015      2 |    6.10        0.00
GET      /api/audio/levels/plugins                                                        308     0(0.00%) |      4       1      40      2 |    6.00        0.00
GET      /api/audio/status                                                                860     0(0.00%) |      4       1      55      2 |   15.30        0.00
GET      /api/chains/                                                                     181     0(0.00%) |     35       1    1032      4 |    0.00        0.00
GET      /api/chains/{id}                                                                 861     0(0.00%) |     22       1    1022      3 |   15.20        0.00
POST     /api/chains/{id}/activate                                                        860     0(0.00%) |      8       1    1057      3 |   15.20        0.00
POST     /api/chains/{id}/deactivate                                                      860     0(0.00%) |      3       1      53      2 |   15.20        0.00
POST     /api/plugins/batch/parameters (500 updates)                                      426     0(0.00%) |     17       2    1060      7 |   11.40        0.00
GET      /api/plugins/discover                                                            181     0(0.00%) |     16       9      53     12 |    0.00        0.00
GET      /api/plugins/list                                                                181     0(0.00%) |      5       1      29      2 |    0.00        0.00
POST     /api/plugins/load?uri                                                            308     0(0.00%) |      4       1      27      2 |    6.10        0.00
POST     /api/plugins/unload?uri                                                          308     0(0.00%) |      4       1      31      2 |    6.00        0.00
--------|----------------------------------------------------------------------------|-------|-------------|-------|-------|-------|-------|--------|-----------
         Aggregated                                                                      7980     0(0.00%) |     11       1    1060      3 |  142.30        0.00

Type     Name                                                                          # reqs      # fails |    Avg     Min     Max    Med |   req/s  failures/s
--------|----------------------------------------------------------------------------|-------|-------------|-------|-------|-------|-------|--------|-----------
GET      /api/audio/latency                                                              1219     0(0.00%) |      4       1      29      2 |   21.40        0.00
GET      /api/audio/levels                                                               1221     0(0.00%) |     24       1    1050      3 |   21.60        0.00
GET      /api/audio/levels (during plugin swap)                                           314     0(0.00%) |     15       1    1015      2 |    6.30        0.00
GET      /api/audio/levels/plugins                                                        314     0(0.00%) |      4       1      40      2 |    6.30        0.00
GET      /api/audio/status                                                                900     0(0.00%) |      4       1      55      2 |   15.70        0.00
GET      /api/chains/                                                                     181     0(0.00%) |     35       1    1032      4 |    0.00        0.00
GET      /api/chains/{id}                                                                 900     0(0.00%) |     21       1    1022      3 |   15.80        0.00
POST     /api/chains/{id}/activate                                                        900     0(0.00%) |      8       1    1057      3 |   15.70        0.00
POST     /api/chains/{id}/deactivate                                                      900     0(0.00%) |      3       1      53      2 |   15.70        0.00
POST     /api/plugins/batch/parameters (500 updates)                                      461     0(0.00%) |     16       2    1060      7 |   10.60        0.00
GET      /api/plugins/discover                                                            181     0(0.00%) |     16       9      53     12 |    0.00        0.00
GET      /api/plugins/list                                                                181     0(0.00%) |      5       1      29      2 |    0.00        0.00
POST     /api/plugins/load?uri                                                            314     0(0.00%) |      4       1      27      2 |    6.30        0.00
POST     /api/plugins/unload?uri                                                          314     0(0.00%) |      3       1      31      2 |    6.30        0.00
--------|----------------------------------------------------------------------------|-------|-------------|-------|-------|-------|-------|--------|-----------
         Aggregated                                                                      8300     0(0.00%) |     11       1    1060      3 |  141.70        0.00

Type     Name                                                                          # reqs      # fails |    Avg     Min     Max    Med |   req/s  failures/s
--------|----------------------------------------------------------------------------|-------|-------------|-------|-------|-------|-------|--------|-----------
GET      /api/audio/latency                                                              1265     0(0.00%) |      4       1      29      2 |   21.70        0.00
GET      /api/audio/levels                                                               1265     0(0.00%) |     24       1    1050      3 |   21.70        0.00
GET      /api/audio/levels (during plugin swap)                                           330     0(0.00%) |     15       1    1015      2 |    5.30        0.00
GET      /api/audio/levels/plugins                                                        330     0(0.00%) |      4       1      40      2 |    5.30        0.00
GET      /api/audio/status                                                                934     0(0.00%) |      4       1      55      2 |   16.30        0.00
GET      /api/chains/                                                                     181     0(0.00%) |     35       1    1032      4 |    0.00        0.00
GET      /api/chains/{id}                                                                 934     0(0.00%) |     21       1    1022      3 |   16.30        0.00
POST     /api/chains/{id}/activate                                                        934     0(0.00%) |      8       1    1057      3 |   16.30        0.00
POST     /api/chains/{id}/deactivate                                                      934     0(0.00%) |      3       1      53      2 |   16.30        0.00
POST     /api/plugins/batch/parameters (500 updates)                                      486     0(0.00%) |     16       2    1060      7 |   11.40        0.00
GET      /api/plugins/discover                                                            181     0(0.00%) |     16       9      53     12 |    0.00        0.00
GET      /api/plugins/list                                                                181     0(0.00%) |      5       1      29      2 |    0.00        0.00
POST     /api/plugins/load?uri                                                            330     0(0.00%) |      4       1      27      2 |    5.30        0.00
POST     /api/plugins/unload?uri                                                          330     0(0.00%) |      3       1      31      2 |    5.30        0.00
--------|----------------------------------------------------------------------------|-------|-------------|-------|-------|-------|-------|--------|-----------
         Aggregated                                                                      8615     0(0.00%) |     11       1    1060      3 |  141.20        0.00

Type     Name                                                                          # reqs      # fails |    Avg     Min     Max    Med |   req/s  failures/s
--------|----------------------------------------------------------------------------|-------|-------------|-------|-------|-------|-------|--------|-----------
GET      /api/audio/latency                                                              1293     0(0.00%) |      4       1      29      2 |   21.90        0.00
GET      /api/audio/levels                                                               1293     0(0.00%) |     25       1    1050      3 |   21.90        0.00
GET      /api/audio/levels (during plugin swap)                                           336     0(0.00%) |     17       1    1015      2 |    5.50        0.00
GET      /api/audio/levels/plugins                                                        336     0(0.00%) |      4       1      40      2 |    5.50        0.00
GET      /api/audio/status                                                                956     0(0.00%) |      4       1      55      2 |   17.00        0.00
GET      /api/chains/                                                                     181     0(0.00%) |     35       1    1032      4 |    0.00        0.00
GET      /api/chains/{id}                                                                 956     0(0.00%) |     25       1    1036      3 |   17.00        0.00
POST     /api/chains/{id}/activate                                                        956     0(0.00%) |      8       1    1057      3 |   17.00        0.00
POST     /api/chains/{id}/deactivate                                                      956     0(0.00%) |      3       1      53      2 |   17.00        0.00
POST     /api/plugins/batch/parameters (500 updates)                                      496     0(0.00%) |     20       2    1060      7 |   11.70        0.00
GET      /api/plugins/discover                                                            181     0(0.00%) |     16       9      53     12 |    0.00        0.00
GET      /api/plugins/list                                                                181     0(0.00%) |      5       1      29      2 |    0.00        0.00
POST     /api/plugins/load?uri                                                            336     0(0.00%) |      4       1      27      2 |    5.50        0.00
POST     /api/plugins/unload?uri                                                          336     0(0.00%) |      3       1      31      2 |    5.50        0.00
--------|----------------------------------------------------------------------------|-------|-------------|-------|-------|-------|-------|--------|-----------
         Aggregated                                                                      8793     0(0.00%) |     12       1    1060      3 |  145.50        0.00

Type     Name                                                                          # reqs      # fails |    Avg     Min     Max    Med |   req/s  failures/s
--------|----------------------------------------------------------------------------|-------|-------------|-------|-------|-------|-------|--------|-----------
GET      /api/audio/latency                                                              1340     0(0.00%) |      4       1      29      2 |   22.00        0.00
GET      /api/audio/levels                                                               1340     0(0.00%) |     24       1    1050      3 |   22.00        0.00
GET      /api/audio/levels (during plugin swap)                                           350     0(0.00%) |     17       1    1015      3 |    5.70        0.00
GET      /api/audio/levels/plugins                                                        350     0(0.00%) |      4       1      40      2 |    5.60        0.00
GET      /api/audio/status                                                                989     0(0.00%) |      4       1      55      2 |   16.60        0.00
GET      /api/chains/                                                                     181     0(0.00%) |     35       1    1032      4 |    0.00        0.00
GET      /api/chains/{id}                                                                 989     0(0.00%) |     24       1    1036      3 |   17.00        0.00
POST     /api/chains/{id}/activate                                                        989     0(0.00%) |      8       1    1057      3 |   16.70        0.00
POST     /api/chains/{id}/deactivate                                                      989     0(0.00%) |      3       1      53      2 |   16.70        0.00
POST     /api/plugins/batch/parameters (500 updates)                                      522     0(0.00%) |     19       2    1060      7 |   11.50        0.00
GET      /api/plugins/discover                                                            181     0(0.00%) |     16       9      53     12 |    0.00        0.00
GET      /api/plugins/list                                                                181     0(0.00%) |      5       1      29      2 |    0.00        0.00
POST     /api/plugins/load?uri                                                            350     0(0.00%) |      4       1      27      2 |    5.70        0.00
POST     /api/plugins/unload?uri                                                          350     0(0.00%) |      3       1      31      2 |    5.60        0.00
--------|----------------------------------------------------------------------------|-------|-------------|-------|-------|-------|-------|--------|-----------
         Aggregated                                                                      9101     0(0.00%) |     12       1    1060      3 |  145.10        0.00

Type     Name                                                                          # reqs      # fails |    Avg     Min     Max    Med |   req/s  failures/s
--------|----------------------------------------------------------------------------|-------|-------------|-------|-------|-------|-------|--------|-----------
GET      /api/audio/latency                                                              1393     0(0.00%) |      4       1      29      2 |   22.10        0.00
GET      /api/audio/levels                                                               1393     0(0.00%) |     23       1    1050      3 |   22.10        0.00
GET      /api/audio/levels (during plugin swap)                                           363     0(0.00%) |     16       1    1015      2 |    5.70        0.00
GET      /api/audio/levels/plugins                                                        363     0(0.00%) |      4       1      40      2 |    5.80        0.00
GET      /api/audio/status                                                               1018     0(0.00%) |      4       1      55      2 |   16.40        0.00
GET      /api/chains/                                                                     181     0(0.00%) |     35       1    1032      4 |    0.00        0.00
GET      /api/chains/{id}                                                                1018     0(0.00%) |     24       1    1036      3 |   16.40        0.00
POST     /api/chains/{id}/activate                                                       1018     0(0.00%) |      7       1    1057      3 |   16.40        0.00
POST     /api/chains/{id}/deactivate                                                     1018     0(0.00%) |      3       1      53      2 |   16.50        0.00
POST     /api/plugins/batch/parameters (500 updates)                                      550     0(0.00%) |     19       2    1060      7 |   11.40        0.00
GET      /api/plugins/discover                                                            181     0(0.00%) |     16       9      53     12 |    0.00        0.00
GET      /api/plugins/list                                                                181     0(0.00%) |      5       1      29      2 |    0.00        0.00
POST     /api/plugins/load?uri                                                            363     0(0.00%) |      4       1      27      2 |    5.70        0.00
POST     /api/plugins/unload?uri                                                          363     0(0.00%) |      3       1      31      2 |    5.80        0.00
--------|----------------------------------------------------------------------------|-------|-------------|-------|-------|-------|-------|--------|-----------
         Aggregated                                                                      9403     0(0.00%) |     11       1    1060      3 |  144.30        0.00

Type     Name                                                                          # reqs      # fails |    Avg     Min     Max    Med |   req/s  failures/s
--------|----------------------------------------------------------------------------|-------|-------------|-------|-------|-------|-------|--------|-----------
GET      /api/audio/latency                                                              1439     0(0.00%) |      4       1      29      2 |   22.80        0.00
GET      /api/audio/levels                                                               1439     0(0.00%) |     23       1    1050      3 |   22.60        0.00
GET      /api/audio/levels (during plugin swap)                                           374     0(0.00%) |     16       1    1015      2 |    5.50        0.00
GET      /api/audio/levels/plugins                                                        374     0(0.00%) |      4       1      40      2 |    5.50        0.00
GET      /api/audio/status                                                               1053     0(0.00%) |      4       1      55      2 |   15.70        0.00
GET      /api/chains/                                                                     181     0(0.00%) |     35       1    1032      4 |    0.00        0.00
GET      /api/chains/{id}                                                                1053     0(0.00%) |     23       1    1036      3 |   15.60        0.00
POST     /api/chains/{id}/activate                                                       1053     0(0.00%) |      7       1    1057      3 |   15.70        0.00
POST     /api/chains/{id}/deactivate                                                     1053     0(0.00%) |      3       1      53      2 |   15.70        0.00
POST     /api/plugins/batch/parameters (500 updates)                                      582     0(0.00%) |     18       2    1060      7 |   12.50        0.00
GET      /api/plugins/discover                                                            181     0(0.00%) |     16       9      53     12 |    0.00        0.00
GET      /api/plugins/list                                                                181     0(0.00%) |      5       1      29      2 |    0.00        0.00
POST     /api/plugins/load?uri                                                            374     0(0.00%) |      4       1      27      2 |    5.50        0.00
POST     /api/plugins/unload?uri                                                          374     0(0.00%) |      3       1      31      2 |    5.50        0.00
--------|----------------------------------------------------------------------------|-------|-------------|-------|-------|-------|-------|--------|-----------
         Aggregated                                                                      9711     0(0.00%) |     11       1    1060      3 |  142.60        0.00

[2026-03-07 14:33:41,774] MAP2-TESTBED/INFO/locust.main: --run-time limit reached, shutting down
[2026-03-07 14:33:41,821] MAP2-TESTBED/INFO/locust.main: Shutting down (exit code 0)
Type     Name                                                                          # reqs      # fails |    Avg     Min     Max    Med |   req/s  failures/s
--------|----------------------------------------------------------------------------|-------|-------------|-------|-------|-------|-------|--------|-----------
GET      /api/audio/latency                                                              1484     0(0.00%) |      4       1      29      2 |   21.27        0.00
GET      /api/audio/levels                                                               1484     0(0.00%) |     22       1    1050      3 |   21.27        0.00
GET      /api/audio/levels (during plugin swap)                                           382     0(0.00%) |     16       1    1015      3 |    5.47        0.00
GET      /api/audio/levels/plugins                                                        382     0(0.00%) |      4       1      40      2 |    5.47        0.00
GET      /api/audio/status                                                               1085     0(0.00%) |      4       1      55      2 |   15.55        0.00
GET      /api/chains/                                                                     181     0(0.00%) |     35       1    1032      4 |    2.59        0.00
GET      /api/chains/{id}                                                                1085     0(0.00%) |     23       1    1036      3 |   15.55        0.00
POST     /api/chains/{id}/activate                                                       1085     0(0.00%) |      7       1    1057      3 |   15.55        0.00
POST     /api/chains/{id}/deactivate                                                     1085     0(0.00%) |      3       1      53      2 |   15.55        0.00
POST     /api/plugins/batch/parameters (500 updates)                                      604     0(0.00%) |     18       2    1060      7 |    8.66        0.00
GET      /api/plugins/discover                                                            181     0(0.00%) |     16       9      53     12 |    2.59        0.00
GET      /api/plugins/list                                                                181     0(0.00%) |      5       1      29      2 |    2.59        0.00
POST     /api/plugins/load?uri                                                            382     0(0.00%) |      4       1      27      2 |    5.47        0.00
POST     /api/plugins/unload?uri                                                          382     0(0.00%) |      3       1      31      2 |    5.47        0.00
--------|----------------------------------------------------------------------------|-------|-------------|-------|-------|-------|-------|--------|-----------
         Aggregated                                                                      9983     0(0.00%) |     11       1    1060      3 |  143.05        0.00

Response time percentiles (approximated)
Type     Name                                                                                  50%    66%    75%    80%    90%    95%    98%    99%  99.9% 99.99%   100% # reqs
--------|--------------------------------------------------------------------------------|--------|------|------|------|------|------|------|------|------|------|------|------
GET      /api/audio/latency                                                                      2      3      4      5     12     18     23     25     30     30     30   1484
GET      /api/audio/levels                                                                       3      7      9     11     17     23     57    980   1000   1100   1100   1484
GET      /api/audio/levels (during plugin swap)                                                  3      6      8     10     17     23     34    870   1000   1000   1000    382
GET      /api/audio/levels/plugins                                                               2      3      3      5     10     16     23     27     41     41     41    382
GET      /api/audio/status                                                                       2      3      3      5     11     16     22     26     43     55     55   1085
GET      /api/chains/                                                                            4      9     12     16     22     33    920    980   1000   1000   1000    181
GET      /api/chains/{id}                                                                        3      8     10     12     18     22     57    960   1000   1000   1000   1085
POST     /api/chains/{id}/activate                                                               3      5      7      8     15     20     28     39   1100   1100   1100   1085
POST     /api/chains/{id}/deactivate                                                             2      2      3      4      9     13     19     21     28     53     53   1085
POST     /api/plugins/batch/parameters (500 updates)                                             7     11     14     16     22     27     42     81   1100   1100   1100    604
GET      /api/plugins/discover                                                                  12     16     20     22     27     34     39     42     53     53     53    181
GET      /api/plugins/list                                                                       2      4      7     11     18     22     27     28     29     29     29    181
POST     /api/plugins/load?uri                                                                   2      3      4      6     12     17     22     24     27     27     27    382
POST     /api/plugins/unload?uri                                                                 2      3      3      4     10     15     18     22     32     32     32    382
--------|--------------------------------------------------------------------------------|--------|------|------|------|------|------|------|------|------|------|------|------
         Aggregated                                                                              3      4      8     10     15     21     28     43   1000   1100   1100   9983

[load_test] started WS soak with target=100 clients
[load_test] WS summary: {
  "connected": 100.0,
  "drops": 0.0,
  "samples": 5000.0,
  "spread_mean_ms": 0.12200410281147925,
  "spread_p95_ms": 0.17630200090934522
}
[load_test] PASS: REST p95=21.00ms, WS target clients=100, soak=65s
