Timestamp,User Count,Type,Name,Requests/s,Failures/s,50%,66%,75%,80%,90%,95%,98%,99%,99.9%,99.99%,100%,Total Request Count,Total Failure Count,Total Median Response Time,Total Average Response Time,Total Min Response Time,Total Max Response Time,Total Average Content Size
1772909237,0,,Aggregated,0.000000,0.000000,N/A,N/A,N/A,N/A,N/A,N/A,N/A,N/A,N/A,N/A,N/A,0,0,0,0.0,0,0,0
1772909238,2,GET,/api/audio/latency,0.000000,0.000000,0,0,0,0,0,0,0,0,0,0,0,2,0,1.1462309994385578,7.978851999723702,1.1462309994385578,14.811473000008846,33.0
1772909238,2,GET,/api/audio/levels,0.000000,0.000000,0,0,0,0,0,0,0,0,0,0,0,2,0,2,6.543303499711328,1.5772869992360938,11.509320000186563,73.0
1772909238,2,GET,/api/audio/levels (during plugin swap),0.000000,0.000000,0,0,0,0,0,0,0,0,0,0,0,1,0,1.5091509994817898,1.5091509994817898,1.5091509994817898,1.5091509994817898,73.0
1772909238,2,GET,/api/audio/levels/plugins,0.000000,0.000000,0,0,0,0,0,0,0,0,0,0,0,1,0,1.648676001423155,1.648676001423155,1.648676001423155,1.648676001423155,14.0
1772909238,2,GET,/api/audio/status,0.000000,0.000000,0,0,0,0,0,0,0,0,0,0,0,4,0,2,3.51054849988941,1.4633129994763294,7.597186999191763,168.0
1772909238,2,GET,/api/chains/,0.000000,0.000000,0,0,0,0,0,0,0,0,0,0,0,2,0,264.9454420006805,264.9502955000571,264.9454420006805,264.95514899943373,1448.0
1772909238,2,GET,/api/chains/{id},0.000000,0.000000,0,0,0,0,0,0,0,0,0,0,0,4,0,15,15.16614225010926,4.951693001203239,24.13858999898366,626.5
1772909238,2,POST,/api/chains/{id}/activate,0.000000,0.000000,0,0,0,0,0,0,0,0,0,0,0,4,0,7,8.529514000201743,4.894100000456092,14.882942001349875,35.0
1772909238,2,POST,/api/chains/{id}/deactivate,0.000000,0.000000,0,0,0,0,0,0,0,0,0,0,0,4,0,1.2214700000185985,1.9074922502113623,1.2214700000185985,2.719571999477921,62.0
1772909238,2,GET,/api/plugins/discover,0.000000,0.000000,0,0,0,0,0,0,0,0,0,0,0,2,0,29.126131001248723,31.765511500452703,29.126131001248723,34.404891999656684,85406.0
1772909238,2,GET,/api/plugins/list,0.000000,0.000000,0,0,0,0,0,0,0,0,0,0,0,2,0,5.142121000972111,5.2585900002668495,5.142121000972111,5.375058999561588,23.0
1772909238,2,POST,/api/plugins/load?uri,0.000000,0.000000,0,0,0,0,0,0,0,0,0,0,0,1,0,2.6959509996231645,2.6959509996231645,2.6959509996231645,2.6959509996231645,1907.0
1772909238,2,POST,/api/plugins/unload?uri,0.000000,0.000000,0,0,0,0,0,0,0,0,0,0,0,1,0,1.7793229999369942,1.7793229999369942,1.7793229999369942,1.7793229999369942,80.0
1772909238,2,,Aggregated,0.000000,0.000000,0,0,0,0,0,0,0,0,0,0,0,30,0,5,25.236033133417852,1.1462309994385578,264.95514899943373,5986.866666666667
1772909239,4,GET,/api/audio/latency,0.000000,0.000000,2,17,18,18,88,88,88,88,88,88,88,9,0,2,16.167341111213318,1.1400550010876032,87.83792600115703,33.0
1772909239,4,GET,/api/audio/levels,0.000000,0.000000,9,12,18,18,62,62,62,62,62,62,62,9,0,9,13.434096999642659,1.5772869992360938,62.22289199831721,73.0
1772909239,4,GET,/api/audio/levels (during plugin swap),0.000000,0.000000,0,0,0,0,0,0,0,0,0,0,0,2,0,1.265741999304737,1.3874464993932634,1.265741999304737,1.5091509994817898,73.0
1772909239,4,GET,/api/audio/levels/plugins,0.000000,0.000000,0,0,0,0,0,0,0,0,0,0,0,2,0,1.1950879998039454,1.4218820006135502,1.1950879998039454,1.648676001423155,14.0
1772909239,4,GET,/api/audio/status,0.000000,0.000000,2,3,5,5,91,91,91,91,91,91,91,8,0,2,14.123476124950685,1.2570550006785197,91.03483199942275,168.0
1772909239,4,GET,/api/chains/,0.000000,0.000000,130,130,130,130,130,130,130,130,130,130,130,6,0,130.0,147.93119616691305,5.640540000968031,264.95514899943373,1448.0
1772909239,4,GET,/api/chains/{id},0.000000,0.000000,5,10,15,15,24,24,24,24,24,24,24,8,0,5,10.265609500038408,3.5551529999793274,24.13858999898366,626.625
1772909239,4,POST,/api/chains/{id}/activate,0.000000,0.000000,5,7,7,7,130,130,130,130,130,130,130,8,0,5,21.200713749976785,1.3694280005438486,127.01296399973216,38.125
1772909239,4,POST,/api/chains/{id}/deactivate,0.000000,0.000000,2,3,8,8,320,320,320,320,320,320,320,8,0,1.2214700000185985,42.281655500119086,1.2214700000185985,319.70237099994847,58.875
1772909239,4,GET,/api/plugins/discover,0.000000,0.000000,320,320,320,320,320,320,320,320,320,320,320,6,0,29,125.63858650052377,19.82009899984405,323.8500980005483,85406.0
1772909239,4,GET,/api/plugins/list,0.000000,0.000000,90,90,91,91,91,91,91,91,91,91,91,6,0,5,34.27424899988788,1.2816359994758386,90.6331299993326,23.0
1772909239,4,POST,/api/plugins/load?uri,0.000000,0.000000,0,0,0,0,0,0,0,0,0,0,0,2,0,2,2.1007314999224036,1.5055120002216427,2.6959509996231645,1425.5
1772909239,4,POST,/api/plugins/unload?uri,0.000000,0.000000,0,0,0,0,0,0,0,0,0,0,0,2,0,1.2897910000901902,1.5345570000135922,1.2897910000901902,1.7793229999369942,80.0
1772909239,4,,Aggregated,0.000000,0.000000,4,10,18,24,96,130,320,320,320,320,320,76,0,5,37.22813165792391,1.1400550010876032,323.8500980005483,7007.026315789473
1772909240,6,GET,/api/audio/latency,1.000000,0.000000,2,8,14,17,20,88,88,88,88,88,88,20,0,2,10.32322410010238,1.0953520013572415,87.83792600115703,33.0
1772909240,6,GET,/api/audio/levels,1.000000,0.000000,2,9,12,15,23,62,62,62,62,62,62,20,0,2,9.679021149895561,1.2814900001103524,62.22289199831721,73.0
1772909240,6,GET,/api/audio/levels (during plugin swap),0.000000,0.000000,5,5,13,13,13,13,13,13,13,13,13,5,0,4,4.781632799858926,1.265741999304737,12.65173399951891,73.0
1772909240,6,GET,/api/audio/levels/plugins,0.000000,0.000000,1,1,12,12,12,12,12,12,12,12,12,5,0,1.1216160000913078,3.4624216001247987,1.1216160000913078,12.127284000598593,14.0
1772909240,6,GET,/api/audio/status,1.000000,0.000000,3,4,7,8,22,91,91,91,91,91,91,21,0,3,8.8323329522869,1.097243000913295,91.03483199942275,168.0
1772909240,6,GET,/api/chains/,2.000000,0.000000,14,20,24,96,130,130,130,130,130,130,130,16,0,14,62.18645556270985,1.4896220000082394,264.95514899943373,1448.0
1772909240,6,GET,/api/chains/{id},1.000000,0.000000,10,12,15,18,21,24,24,24,24,24,24,21,0,10,10.990818190683578,3.5551529999793274,24.13858999898366,539.7619047619048
1772909240,6,POST,/api/chains/{id}/activate,1.000000,0.000000,5,9,14,23,26,130,130,130,130,130,130,21,0,5,13.993600333508637,1.2694289998762542,127.01296399973216,42.142857142857146
1772909240,6,POST,/api/chains/{id}/deactivate,1.000000,0.000000,2,8,8,9,15,320,320,320,320,320,320,21,0,2,19.303672095529258,1.209931000630604,319.70237099994847,60.80952380952381
1772909240,6,GET,/api/plugins/discover,2.000000,0.000000,22,27,28,30,320,320,320,320,320,320,320,16,0,22,58.96002443773796,11.666034999507247,323.8500980005483,85406.0
1772909240,6,GET,/api/plugins/list,2.000000,0.000000,6,13,20,20,90,91,91,91,91,91,91,16,0,5,17.10791056279959,1.181452000309946,90.6331299993326,27.25
1772909240,6,POST,/api/plugins/load?uri,0.000000,0.000000,2,2,10,10,10,10,10,10,10,10,10,5,0,2,3.6130442000285257,1.5055120002216427,10.025048000898096,1654.2
1772909240,6,POST,/api/plugins/unload?uri,0.000000,0.000000,2,2,12,12,12,12,12,12,12,12,12,5,0,2,3.6319539998658,1.2897910000901902,11.838806998639484,76.6
1772909240,6,,Aggregated,12.000000,0.000000,5,10,14,18,24,91,130,320,320,320,320,192,0,5,19.81817350012231,1.0953520013572415,323.8500980005483,7387.15625
1772909241,8,GET,/api/audio/latency,1.500000,0.000000,3,9,17,18,23,70,88,88,88,88,88,33,0,3,12.696844666689602,1.093583001420484,87.83792600115703,33.0
1772909241,8,GET,/api/audio/levels,1.500000,0.000000,9,12,15,18,25,47,62,62,62,62,62,33,0,9,11.497059969714787,1.0789950010803295,62.22289199831721,73.0
1772909241,8,GET,/api/audio/levels (during plugin swap),0.500000,0.000000,5,5,13,13,52,52,52,52,52,52,52,7,0,4,11.051333857072418,1.265741999304737,51.81088000063028,73.0
1772909241,8,GET,/api/audio/levels/plugins,0.500000,0.000000,2,2,12,12,22,22,22,22,22,22,22,7,0,2,5.91220357169472,1.1216160000913078,21.632267000313732,14.0
1772909241,8,GET,/api/audio/status,2.500000,0.000000,2,4,7,7,9,22,91,91,91,91,91,34,0,2,6.869089647111918,1.097243000913295,91.03483199942275,168.0
1772909241,8,GET,/api/chains/,2.500000,0.000000,10,20,23,24,130,130,130,130,130,130,130,22,0,10,47.884955227428605,1.4896220000082394,264.95514899943373,1448.0
1772909241,8,GET,/api/chains/{id},2.500000,0.000000,9,12,15,18,29,66,91,91,91,91,91,34,0,9,16.121722706082117,3.5551529999793274,91.24090600016643,514.3235294117648
1772909241,8,POST,/api/chains/{id}/activate,2.500000,0.000000,5,10,14,18,26,95,130,130,130,130,130,34,0,5,16.38739105901015,1.2694289998762542,127.01296399973216,43.088235294117645
1772909241,8,POST,/api/chains/{id}/deactivate,2.500000,0.000000,4,8,11,11,15,28,320,320,320,320,320,34,0,3,15.474674764899486,1.209931000630604,319.70237099994847,61.26470588235294
1772909241,8,POST,/api/plugins/batch/parameters (500 updates),0.000000,0.000000,0,0,0,0,0,0,0,0,0,0,0,1,0,6.950700000743382,6.950700000743382,6.950700000743382,6.950700000743382,746.0
1772909241,8,GET,/api/plugins/discover,1.500000,0.000000,22,27,28,30,320,320,320,320,320,320,320,22,0,22,48.86837077298299,11.666034999507247,323.8500980005483,85406.0
1772909241,8,GET,/api/plugins/list,2.000000,0.000000,3,6,13,20,90,91,91,91,91,91,91,22,0,3,13.111457591052881,1.181452000309946,90.6331299993326,34.54545454545455
1772909241,8,POST,/api/plugins/load?uri,0.500000,0.000000,10,10,23,23,77,77,77,77,77,77,77,7,0,3,16.859890571400424,1.5055120002216427,77.29776300038793,2266.4285714285716
1772909241,8,POST,/api/plugins/unload?uri,0.500000,0.000000,6,6,12,12,28,28,28,28,28,28,28,7,0,2,7.521326571285109,1.2897910000901902,28.247320000446052,78.28571428571429
1772909241,8,,Aggregated,21.000000,0.000000,6,11,14,20,27,77,130,320,320,320,320,297,0,6,18.10365633682155,1.0789950010803295,323.8500980005483,6597.848484848485
1772909242,10,GET,/api/audio/latency,5.000000,0.000000,3,9,18,22,34,70,88,88,88,88,88,49,0,3,13.89508846938154,1.0882860005949624,87.83792600115703,33.0
1772909242,10,GET,/api/audio/levels,5.000000,0.000000,9,12,23,25,130,200,250,250,250,250,250,49,0,9,29.680354326529244,1.0789950010803295,245.77391799903126,73.0
1772909242,10,GET,/api/audio/levels (during plugin swap),1.333333,0.000000,13,97,180,180,200,230,230,230,230,230,230,12,0,8,66.88265958321911,1.265741999304737,234.84764100066968,73.0
1772909242,10,GET,/api/audio/levels/plugins,1.333333,0.000000,4,8,9,9,12,22,22,22,22,22,22,12,0,2,5.699355500231225,1.0582300001260592,21.632267000313732,14.0
1772909242,10,GET,/api/audio/status,5.666667,0.000000,3,6,8,8,18,83,280,280,280,280,280,43,0,3,15.061219837281346,1.097243000913295,279.2877320007392,168.0
1772909242,10,GET,/api/chains/,3.666667,0.000000,14,23,24,96,130,190,190,190,190,190,190,24,0,14,59.91019250010746,1.4896220000082394,264.95514899943373,1448.0
1772909242,10,GET,/api/chains/{id},5.666667,0.000000,12,18,29,66,270,300,390,390,390,390,390,43,0,12,55.40987125595018,3.5551529999793274,391.00089599924104,491.48837209302326
1772909242,10,POST,/api/chains/{id}/activate,5.666667,0.000000,7,14,21,21,35,93,130,130,130,130,130,43,0,7,17.02596386061233,1.2530780004453845,127.01296399973216,44.30232558139535
1772909242,10,POST,/api/chains/{id}/deactivate,5.666667,0.000000,4,8,11,12,25,28,320,320,320,320,320,43,0,4,15.518079674515066,1.209931000630604,319.70237099994847,60.83720930232558
1772909242,10,POST,/api/plugins/batch/parameters (500 updates),0.000000,0.000000,300,300,370,370,370,370,370,370,370,370,370,5,0,11,139.30149780026113,6.658436999714468,373.37555500016606,794.0
1772909242,10,GET,/api/plugins/discover,3.666667,0.000000,22,27,28,30,43,320,320,320,320,320,320,24,0,22,47.4976933336014,11.666034999507247,323.8500980005483,85406.0
1772909242,10,GET,/api/plugins/list,3.666667,0.000000,4,5,9,13,20,90,91,91,91,91,91,24,0,4,12.409576708402406,1.181452000309946,90.6331299993326,33.583333333333336
1772909242,10,POST,/api/plugins/load?uri,1.333333,0.000000,7,23,32,32,35,77,77,77,77,77,77,12,0,7,16.753133166578966,1.5055120002216427,77.29776300038793,3047.25
1772909242,10,POST,/api/plugins/unload?uri,1.333333,0.000000,4,4,6,6,12,28,28,28,28,28,28,12,0,4,5.814568499772577,1.2724940006592078,28.247320000446052,85.5
1772909242,10,,Aggregated,49.000000,0.000000,7,12,20,23,77,160,300,320,390,390,390,395,0,7,28.55384981526243,1.0582300001260592,391.00089599924104,5483.498734177215
1772909243,10,GET,/api/audio/latency,7.500000,0.000000,3,9,14,18,33,67,83,88,88,88,88,68,0,3,11.871303794096628,1.0882860005949624,87.83792600115703,33.0
1772909243,10,GET,/api/audio/levels,7.500000,0.000000,7,12,15,23,62,140,220,250,250,250,250,68,0,7,23.903271441133043,1.0789950010803295,245.77391799903126,73.0
1772909243,10,GET,/api/audio/levels (during plugin swap),1.500000,0.000000,5,13,52,97,200,230,230,230,230,230,230,18,0,5,45.65817761108014,1.265741999304737,234.84764100066968,73.0
1772909243,10,GET,/api/audio/levels/plugins,1.500000,0.000000,2,5,8,9,15,22,22,22,22,22,22,18,0,2,5.097301888983768,1.0582300001260592,21.632267000313732,14.0
1772909243,10,GET,/api/audio/status,8.000000,0.000000,3,7,9,12,22,83,91,280,280,280,280,61,0,3,13.124964032821943,1.097243000913295,279.2877320007392,168.0
1772909243,10,GET,/api/chains/,5.500000,0.000000,10,20,23,24,130,190,190,190,190,190,190,34,0,10,44.86968488248856,1.3846099991496885,264.95514899943373,1448.1176470588234
1772909243,10,GET,/api/chains/{id},8.000000,0.000000,10,18,24,34,160,300,360,390,390,390,390,61,0,10,42.910088295177616,3.469913999651908,391.00089599924104,485.5081967213115
1772909243,10,POST,/api/chains/{id}/activate,8.000000,0.000000,7,14,19,21,34,93,95,130,130,130,130,61,0,7,15.302530065619962,1.2530780004453845,127.01296399973216,45.65573770491803
1772909243,10,POST,/api/chains/{id}/deactivate,8.000000,0.000000,4,8,11,13,24,28,81,320,320,320,320,61,0,3,12.874116442796295,1.193747999423067,319.70237099994847,60.77049180327869
1772909243,10,POST,/api/plugins/batch/parameters (500 updates),0.250000,0.000000,16,16,300,300,370,370,370,370,370,370,370,7,0,13,103.71070900042209,6.658436999714468,373.37555500016606,797.4285714285714
1772909243,10,GET,/api/plugins/discover,5.000000,0.000000,20,23,27,27,32,320,320,320,320,320,320,34,0,20,38.26986811776913,10.734547999163624,323.8500980005483,85406.0
1772909243,10,GET,/api/plugins/list,5.500000,0.000000,4,6,13,15,20,90,91,91,91,91,91,34,0,4,11.031161058834936,1.1334709997754544,90.6331299993326,35.294117647058826
1772909243,10,POST,/api/plugins/load?uri,1.500000,0.000000,4,7,10,23,35,77,77,77,77,77,77,18,0,3,12.163227277596889,1.5055120002216427,77.29776300038793,2601.6666666666665
1772909243,10,POST,/api/plugins/unload?uri,1.250000,0.000000,4,6,11,12,19,28,28,28,28,28,28,18,0,4,6.4525488889760005,1.2645850001717918,28.247320000446052,86.5
1772909243,10,,Aggregated,69.000000,0.000000,6,12,17,20,34,95,270,320,390,390,390,561,0,6,22.72022564710971,1.0582300001260592,391.00089599924104,5460.497326203208
1772909244,10,GET,/api/audio/latency,7.200000,0.000000,3,9,14,17,33,67,84,88,88,88,88,85,0,3,11.65703343527532,1.0882860005949624,87.83792600115703,33.0
1772909244,10,GET,/api/audio/levels,7.200000,0.000000,6,12,14,23,62,140,250,250,250,250,250,85,0,6,24.112105564670536,1.0789950010803295,253.07396499920287,73.0
1772909244,10,GET,/api/audio/levels (during plugin swap),1.800000,0.000000,7,41,53,97,200,230,230,230,230,230,230,21,0,5,43.65928647608338,1.265741999304737,234.84764100066968,73.0
1772909244,10,GET,/api/audio/levels/plugins,1.800000,0.000000,3,8,12,13,22,310,310,310,310,310,310,21,0,2,19.819252476216725,1.0582300001260592,310.72419100019033,14.0
1772909244,10,GET,/api/audio/status,7.400000,0.000000,3,7,10,12,18,31,91,280,280,280,280,73,0,3,12.042057000069516,1.0755269995570416,279.2877320007392,168.0
1772909244,10,GET,/api/chains/,4.800000,0.000000,10,15,23,24,130,190,190,190,190,190,190,41,0,10,40.09429785374534,1.3846099991496885,264.95514899943373,1448.1951219512196
1772909244,10,GET,/api/chains/{id},7.600000,0.000000,12,21,24,50,160,280,360,390,390,390,390,74,0,12,45.16235370271249,3.469913999651908,391.00089599924104,487.94594594594594
1772909244,10,POST,/api/chains/{id}/activate,7.600000,0.000000,10,15,20,21,35,93,130,320,320,320,320,73,0,10,20.601673287735,1.2530780004453845,322.9588579997653,45.61643835616438
1772909244,10,POST,/api/chains/{id}/deactivate,7.400000,0.000000,3,8,11,13,24,81,310,320,320,320,320,72,0,3,20.03495038904172,1.193747999423067,319.70237099994847,60.611111111111114
1772909244,10,POST,/api/plugins/batch/parameters (500 updates),0.800000,0.000000,16,28,88,88,300,370,370,370,370,370,370,13,0,16,71.45421707732916,6.658436999714468,373.37555500016606,800.7692307692307
1772909244,10,GET,/api/plugins/discover,4.800000,0.000000,20,23,27,28,43,320,320,320,320,320,320,40,0,20,42.74167250009668,10.734547999163624,323.8500980005483,85406.0
1772909244,10,GET,/api/plugins/list,4.800000,0.000000,3,5,9,13,20,90,91,91,91,91,91,40,0,3,9.837284375043964,1.1334709997754544,90.6331299993326,37.475
1772909244,10,POST,/api/plugins/load?uri,1.800000,0.000000,5,10,23,32,77,84,84,84,84,84,84,21,0,4,15.216901952260828,1.4402729993889807,83.89492600144877,2369.3333333333335
1772909244,10,POST,/api/plugins/unload?uri,1.800000,0.000000,4,10,12,12,28,310,310,310,310,310,310,21,0,4,20.878702904848893,1.2645850001717918,311.05816600029357,85.23809523809524
1772909244,10,,Aggregated,66.800000,0.000000,7,12,17,21,47,130,300,320,390,390,390,680,0,7,24.96306773092489,1.0582300001260592,391.00089599924104,5302.90294117647
1772909245,10,GET,/api/audio/latency,10.166667,0.000000,3,6,12,14,22,34,83,84,88,88,88,104,0,3,10.311534807687377,1.0882860005949624,87.83792600115703,33.0
1772909245,10,GET,/api/audio/levels,10.166667,0.000000,6,12,14,23,47,130,220,250,250,250,250,104,0,6,21.919838624941033,1.0789950010803295,253.07396499920287,73.0
1772909245,10,GET,/api/audio/levels (during plugin swap),2.666667,0.000000,5,12,13,52,180,200,230,230,230,230,230,30,0,4,32.09030563320994,1.1686920006468426,234.84764100066968,73.0
1772909245,10,GET,/api/audio/levels/plugins,2.666667,0.000000,2,5,8,9,15,22,310,310,310,310,310,30,0,2,14.807572200091576,1.0582300001260592,310.72419100019033,14.0
1772909245,10,GET,/api/audio/status,8.500000,0.000000,3,7,8,10,18,29,91,280,280,280,280,88,0,3,10.764598454588024,1.0755269995570416,279.2877320007392,168.0
1772909245,10,GET,/api/chains/,5.000000,0.000000,6,14,23,24,96,130,190,190,190,190,190,46,0,6,36.22711363052235,1.3846099991496885,264.95514899943373,1448.2826086956522
1772909245,10,GET,/api/chains/{id},8.500000,0.000000,12,18,24,34,91,270,360,390,390,390,390,89,0,12,39.60810044941098,3.469913999651908,391.00089599924104,493.69662921348316
1772909245,10,POST,/api/chains/{id}/activate,8.500000,0.000000,8,14,19,21,35,84,130,320,320,320,320,88,0,8,18.76866080686506,1.2530780004453845,322.9588579997653,46.36363636363637
1772909245,10,POST,/api/chains/{id}/deactivate,8.500000,0.000000,3,8,11,12,24,28,310,320,320,320,320,88,0,3,17.4501758296463,1.193747999423067,319.70237099994847,60.57954545454545
1772909245,10,POST,/api/plugins/batch/parameters (500 updates),1.000000,0.000000,14,22,31,57,300,370,370,370,370,370,370,21,0,13,48.45225019094609,3.543933999026194,373.37555500016606,820.2857142857143
1772909245,10,GET,/api/plugins/discover,5.000000,0.000000,21,24,28,30,43,310,320,320,320,320,320,46,0,21,40.89041021752168,10.734547999163624,323.8500980005483,85406.0
1772909245,10,GET,/api/plugins/list,5.000000,0.000000,3,5,9,13,20,22,91,91,91,91,91,46,0,3,9.379057956602596,1.1251730011281325,90.6331299993326,35.58695652173913
1772909245,10,POST,/api/plugins/load?uri,2.666667,0.000000,3,7,9,15,35,77,84,84,84,84,84,30,0,3,11.692167199847367,1.4402729993889807,83.89492600144877,2133.0666666666666
1772909245,10,POST,/api/plugins/unload?uri,2.666667,0.000000,2,4,6,11,19,28,310,310,310,310,310,30,0,2,15.177269066710627,1.2645850001717918,311.05816600029357,84.5
1772909245,10,,Aggregated,81.000000,0.000000,6,12,15,19,34,90,270,310,390,390,390,840,0,6,21.691768458365566,1.0582300001260592,391.00089599924104,4955.303571428572
1772909246,10,GET,/api/audio/latency,11.285714,0.000000,3,8,12,14,27,70,83,84,88,88,88,120,0,3,10.89156880001004,1.0609750006551621,87.83792600115703,33.0
1772909246,10,GET,/api/audio/levels,11.285714,0.000000,6,12,14,23,55,130,220,250,250,250,250,121,0,6,21.135601322249602,1.0789950010803295,253.07396499920287,73.0
1772909246,10,GET,/api/audio/levels (during plugin swap),2.857143,0.000000,4,12,13,41,97,200,230,230,230,230,230,32,0,2,30.156242406178535,1.0885890005738474,234.84764100066968,73.0
1772909246,10,GET,/api/audio/levels/plugins,2.714286,0.000000,2,8,9,9,15,22,310,310,310,310,310,32,0,2,14.772468281307738,1.0582300001260592,310.72419100019033,14.0
1772909246,10,GET,/api/audio/status,9.571429,0.000000,3,6,8,10,17,23,83,91,280,280,280,108,0,3,9.499169009308794,1.0755269995570416,279.2877320007392,168.0
1772909246,10,GET,/api/chains/,5.428571,0.000000,6,14,23,24,96,130,190,190,190,190,190,52,0,6,34.80066548085093,1.379286999508622,264.95514899943373,1448.2884615384614
1772909246,10,GET,/api/chains/{id},9.714286,0.000000,11,17,24,27,67,260,300,360,390,390,390,109,0,11,34.71437357795968,3.469913999651908,391.00089599924104,491.61467889908255
1772909246,10,POST,/api/chains/{id}/activate,9.571429,0.000000,8,13,18,20,30,55,95,130,320,320,320,108,0,8,16.66396773154904,1.2530780004453845,322.9588579997653,47.03703703703704
1772909246,10,POST,/api/chains/{id}/deactivate,9.285714,0.000000,3,5,10,11,19,26,310,310,320,320,320,108,0,2,14.969401398233188,1.1821629996120464,319.70237099994847,60.842592592592595
1772909246,10,POST,/api/plugins/batch/parameters (500 updates),1.428571,0.000000,11,16,22,31,88,300,370,370,370,370,370,26,0,11,40.95279938505533,3.543933999026194,373.37555500016606,820.7692307692307
1772909246,10,GET,/api/plugins/discover,5.285714,0.000000,20,24,27,29,43,310,320,320,320,320,320,50,0,20,38.824532800135785,10.701784000048065,323.8500980005483,85406.0
1772909246,10,GET,/api/plugins/list,5.428571,0.000000,3,6,12,13,20,22,91,91,91,91,91,52,0,3,9.125783211612333,1.11992799975269,90.6331299993326,34.13461538461539
1772909246,10,POST,/api/plugins/load?uri,2.857143,0.000000,3,7,10,10,32,77,84,84,84,84,84,32,0,3,11.328290749816006,1.4402729993889807,83.89492600144877,2063.71875
1772909246,10,POST,/api/plugins/unload?uri,2.571429,0.000000,2,4,10,11,15,28,310,310,310,310,310,32,0,2,14.77455000002692,1.2645850001717918,311.05816600029357,84.65625
1772909246,10,,Aggregated,89.285714,0.000000,6,11,14,18,33,83,250,310,390,390,390,982,0,6,20.01401350003431,1.0582300001260592,391.00089599924104,4619.584521384929
1772909247,10,GET,/api/audio/latency,11.285714,0.000000,3,8,12,14,27,70,83,84,88,88,88,120,0,3,10.89156880001004,1.0609750006551621,87.83792600115703,33.0
1772909247,10,GET,/api/audio/levels,11.285714,0.000000,6,12,14,23,55,130,220,250,250,250,250,121,0,6,21.135601322249602,1.0789950010803295,253.07396499920287,73.0
1772909247,10,GET,/api/audio/levels (during plugin swap),2.857143,0.000000,4,12,13,41,97,200,230,230,230,230,230,32,0,2,30.156242406178535,1.0885890005738474,234.84764100066968,73.0
1772909247,10,GET,/api/audio/levels/plugins,2.714286,0.000000,2,8,9,9,15,22,310,310,310,310,310,32,0,2,14.772468281307738,1.0582300001260592,310.72419100019033,14.0
1772909247,10,GET,/api/audio/status,9.571429,0.000000,3,6,8,10,17,23,83,91,280,280,280,108,0,3,9.499169009308794,1.0755269995570416,279.2877320007392,168.0
1772909247,10,GET,/api/chains/,5.428571,0.000000,6,14,23,24,96,130,190,190,190,190,190,52,0,6,34.80066548085093,1.379286999508622,264.95514899943373,1448.2884615384614
1772909247,10,GET,/api/chains/{id},9.714286,0.000000,11,17,24,27,67,260,300,360,390,390,390,109,0,11,34.71437357795968,3.469913999651908,391.00089599924104,491.61467889908255
1772909247,10,POST,/api/chains/{id}/activate,9.571429,0.000000,8,13,18,20,30,55,95,130,320,320,320,108,0,8,16.66396773154904,1.2530780004453845,322.9588579997653,47.03703703703704
1772909247,10,POST,/api/chains/{id}/deactivate,9.285714,0.000000,3,5,10,11,19,26,310,310,320,320,320,108,0,2,14.969401398233188,1.1821629996120464,319.70237099994847,60.842592592592595
1772909247,10,POST,/api/plugins/batch/parameters (500 updates),1.428571,0.000000,11,16,22,31,88,300,370,370,370,370,370,26,0,11,40.95279938505533,3.543933999026194,373.37555500016606,820.7692307692307
1772909247,10,GET,/api/plugins/discover,5.285714,0.000000,20,24,27,29,43,310,320,320,320,320,320,50,0,20,38.824532800135785,10.701784000048065,323.8500980005483,85406.0
1772909247,10,GET,/api/plugins/list,5.428571,0.000000,3,6,12,13,20,22,91,91,91,91,91,52,0,3,9.125783211612333,1.11992799975269,90.6331299993326,34.13461538461539
1772909247,10,POST,/api/plugins/load?uri,2.857143,0.000000,3,7,10,10,32,77,84,84,84,84,84,32,0,3,11.328290749816006,1.4402729993889807,83.89492600144877,2063.71875
1772909247,10,POST,/api/plugins/unload?uri,2.571429,0.000000,2,4,10,11,15,28,310,310,310,310,310,32,0,2,14.77455000002692,1.2645850001717918,311.05816600029357,84.65625
1772909247,10,,Aggregated,89.285714,0.000000,6,11,14,18,33,83,250,310,390,390,390,982,0,6,20.01401350003431,1.0582300001260592,391.00089599924104,4619.584521384929
1772909248,10,GET,/api/audio/latency,12.666667,0.000000,3,6,12,14,33,67,83,84,1400,1400,1400,143,0,3,20.23431389516572,1.0609750006551621,1355.4446540001663,33.0
1772909248,10,GET,/api/audio/levels,12.666667,0.000000,7,12,14,18,55,200,1200,1300,1300,1300,1300,143,0,7,45.67315801395526,1.0789950010803295,1349.7102880010061,73.0
1772909248,10,GET,/api/audio/levels (during plugin swap),3.555556,0.000000,5,12,13,41,97,200,230,230,230,230,230,34,0,4,29.230154764638215,1.0885890005738474,234.84764100066968,73.0
1772909248,10,GET,/api/audio/levels/plugins,3.555556,0.000000,2,8,9,12,19,27,310,310,310,310,310,34,0,2,14.722328970653026,1.0582300001260592,310.72419100019033,14.0
1772909248,10,GET,/api/audio/status,11.222222,0.000000,3,6,8,10,16,22,31,83,280,280,280,119,0,3,9.105350134525318,1.0755269995570416,279.2877320007392,168.0
1772909248,10,GET,/api/chains/,5.444444,0.000000,6,10,15,20,37,71,190,190,190,190,190,57,0,6,32.07347684219074,1.379286999508622,264.95514899943373,1448.3508771929824
1772909248,10,GET,/api/chains/{id},11.222222,0.000000,11,18,25,31,71,280,390,1200,1400,1400,1400,119,0,11,55.2418692268857,3.469913999651908,1429.0198010003223,493.70588235294116
1772909248,10,POST,/api/chains/{id}/activate,11.222222,0.000000,8,13,18,20,26,55,95,320,1400,1400,1400,119,1,8,27.69526247065179,1.2530780004453845,1416.1616380006308,47.0672268907563
1772909248,10,POST,/api/chains/{id}/deactivate,11.222222,0.000000,2,5,11,12,18,26,81,310,310,310,310,119,0,2,14.29500445383459,1.1821629996120464,319.70237099994847,60.739495798319325
1772909248,10,POST,/api/plugins/batch/parameters (500 updates),2.666667,0.000000,11,16,28,31,300,370,1200,1200,1200,1200,1200,30,0,11,77.02349010044902,3.370933000041987,1206.9371520010463,822.0
1772909248,10,GET,/api/plugins/discover,5.444444,0.000000,20,24,27,29,43,320,1400,1400,1400,1400,1400,57,0,20,83.3386939299855,10.701784000048065,1358.751202998974,85406.0
1772909248,10,GET,/api/plugins/list,5.444444,0.000000,2,4,7,12,15,20,20,22,22,22,22,57,0,3,8.501469771975902,1.11992799975269,90.6331299993326,34.666666666666664
1772909248,10,POST,/api/plugins/load?uri,3.555556,0.000000,4,7,10,13,32,77,84,84,84,84,84,34,0,3,11.163347558655968,1.4402729993889807,83.89492600144877,2049.470588235294
1772909248,10,POST,/api/plugins/unload?uri,3.555556,0.000000,2,4,6,11,15,28,310,310,310,310,310,34,0,2,14.035200852958951,1.2645850001717918,311.05816600029357,84.67647058823529
1772909248,10,,Aggregated,103.444444,0.000000,6,11,14,18,31,71,300,390,1400,1400,1400,1099,1,6,30.758732172930884,1.0582300001260592,1429.0198010003223,4694.797998180164
1772909249,10,GET,/api/audio/latency,12.000000,0.000000,3,5,10,13,27,56,83,84,1400,1400,1400,162,0,3,18.290019197615667,1.0609750006551621,1355.4446540001663,33.0
1772909249,10,GET,/api/audio/levels,12.100000,0.000000,6,12,14,17,50,140,1200,1300,1300,1300,1300,162,0,6,41.23405292592244,1.0789950010803295,1349.7102880010061,73.0
1772909249,10,GET,/api/audio/levels (during plugin swap),3.200000,0.000000,8,13,20,22,53,180,230,230,230,230,230,45,0,5,24.971800533199307,1.0885890005738474,234.84764100066968,73.0
1772909249,10,GET,/api/audio/levels/plugins,3.200000,0.000000,3,5,8,9,15,22,310,310,310,310,310,45,0,2,11.806272733317908,1.0582300001260592,310.72419100019033,14.0
1772909249,10,GET,/api/audio/status,10.800000,0.000000,3,6,8,10,16,22,31,83,280,280,280,135,0,3,8.423210948186115,1.0755269995570416,279.2877320007392,168.0
1772909249,10,GET,/api/chains/,5.200000,0.000000,6,10,15,23,47,71,190,190,190,190,190,59,0,6,31.43356457634181,1.379286999508622,264.95514899943373,1448.3389830508474
1772909249,10,GET,/api/chains/{id},10.900000,0.000000,11,21,25,29,71,280,390,1200,1400,1400,1400,136,0,10,49.6169797647112,3.4045689990307437,1429.0198010003223,493.1617647058824
1772909249,10,POST,/api/chains/{id}/activate,10.800000,0.000000,8,11,16,18,26,55,95,320,1400,1400,1400,135,1,7,25.199251533370074,1.2530780004453845,1416.1616380006308,46.93333333333333
1772909249,10,POST,/api/chains/{id}/deactivate,10.800000,0.000000,2,5,11,12,18,26,81,310,310,310,310,135,0,2,13.023588222252632,1.1821629996120464,319.70237099994847,60.888888888888886
1772909249,10,POST,/api/plugins/batch/parameters (500 updates),2.600000,0.000000,9,14,22,28,88,370,1200,1200,1200,1200,1200,35,0,9,66.6303897718795,3.3113910012616543,1206.9371520010463,820.7428571428571
1772909249,10,GET,/api/plugins/discover,5.000000,0.000000,19,22,27,29,43,310,1400,1400,1400,1400,1400,59,0,20,80.98452296625341,10.701784000048065,1358.751202998974,85406.0
1772909249,10,GET,/api/plugins/list,5.200000,0.000000,3,4,7,9,14,16,22,22,22,22,22,59,0,3,8.503041033937903,1.11992799975269,90.6331299993326,34.271186440677965
1772909249,10,POST,/api/plugins/load?uri,3.200000,0.000000,3,6,9,10,23,35,84,84,84,84,84,45,0,3,9.400494533272447,1.4402729993889807,83.89492600144877,2161.0666666666666
1772909249,10,POST,/api/plugins/unload?uri,3.200000,0.000000,2,4,6,9,12,19,310,310,310,310,310,45,0,2,11.378332800005511,1.2645850001717918,311.05816600029357,85.04444444444445
1772909249,10,,Aggregated,98.200000,0.000000,5,10,14,17,29,70,280,370,1400,1400,1400,1257,1,5,27.64080869693724,1.0582300001260592,1429.0198010003223,4281.322195704057
1772909250,10,GET,/api/audio/latency,12.700000,0.000000,3,5,12,14,29,56,84,290,1400,1400,1400,177,0,3,19.25289854246376,1.0609750006551621,1355.4446540001663,33.0
1772909250,10,GET,/api/audio/levels,12.700000,0.000000,6,13,15,22,71,200,1200,1300,1300,1300,1300,177,0,6,41.74747829377128,1.0789950010803295,1349.7102880010061,73.0
1772909250,10,GET,/api/audio/levels (during plugin swap),3.200000,0.000000,8,13,22,24,97,180,230,230,230,230,230,47,0,5,27.292609638181524,1.0885890005738474,234.84764100066968,73.0
1772909250,10,GET,/api/audio/levels/plugins,3.200000,0.000000,3,5,8,9,15,22,310,310,310,310,310,47,0,2,11.689588851058556,1.0582300001260592,310.72419100019033,14.0
1772909250,10,GET,/api/audio/status,11.200000,0.000000,3,6,8,10,16,24,83,280,290,290,290,148,0,2,9.975205148699338,1.0755269995570416,285.3348799999367,168.0
1772909250,10,GET,/api/chains/,5.200000,0.000000,6,12,24,37,71,190,280,280,280,280,280,62,0,6,35.68147711297159,1.379286999508622,283.27972300030524,1448.3225806451612
1772909250,10,GET,/api/chains/{id},11.200000,0.000000,11,21,25,29,160,300,390,1200,1400,1400,1400,148,0,10,50.269719459462266,3.4045689990307437,1429.0198010003223,497.11486486486484
1772909250,10,POST,/api/chains/{id}/activate,11.200000,0.100000,8,11,18,20,30,55,95,320,1400,1400,1400,148,1,7,23.961125513533016,1.187234998724307,1416.1616380006308,46.898648648648646
1772909250,10,POST,/api/chains/{id}/deactivate,11.200000,0.000000,2,4,9,11,18,35,81,310,310,310,310,148,0,2,12.73146552025414,1.1722380004357547,319.70237099994847,60.817567567567565
1772909250,10,POST,/api/plugins/batch/parameters (500 updates),2.800000,0.000000,11,16,28,39,110,370,1200,1200,1200,1200,1200,40,0,9,64.35754100034501,3.3113910012616543,1206.9371520010463,817.8
1772909250,10,GET,/api/plugins/discover,5.200000,0.000000,20,23,29,32,43,310,1400,1400,1400,1400,1400,62,0,20,78.55342661306138,10.701784000048065,1358.751202998974,85406.0
1772909250,10,GET,/api/plugins/list,5.200000,0.000000,3,7,13,14,22,84,280,280,280,280,280,62,0,3,14.385759951643019,1.11992799975269,281.3051960001758,35.08064516129032
1772909250,10,POST,/api/plugins/load?uri,3.200000,0.000000,3,5,7,10,32,42,84,84,84,84,84,47,0,3,9.96075985100067,1.4402729993889807,83.89492600144877,2163.9148936170213
1772909250,10,POST,/api/plugins/unload?uri,3.200000,0.000000,3,4,6,7,12,19,310,310,310,310,310,47,0,2,11.086705085116145,1.2645850001717918,311.05816600029357,84.87234042553192
1772909250,10,,Aggregated,101.400000,0.100000,5,11,15,19,34,86,300,390,1400,1400,1400,1360,1,5,28.319114694149636,1.0582300001260592,1429.0198010003223,4163.807352941177
1772909251,10,GET,/api/audio/latency,15.200000,0.000000,2,4,8,12,27,34,71,290,1400,1400,1400,201,0,3,17.208560527436912,1.0609750006551621,1355.4446540001663,33.0
1772909251,10,GET,/api/audio/levels,15.200000,0.000000,5,10,14,16,50,140,290,1300,1300,1300,1300,201,0,6,37.233386711428935,1.0789950010803295,1349.7102880010061,73.0
1772909251,10,GET,/api/audio/levels (during plugin swap),3.700000,0.000000,3,10,12,15,41,97,230,230,230,230,230,55,0,4,23.566081563463243,1.0885890005738474,234.84764100066968,73.0
1772909251,10,GET,/api/audio/levels/plugins,3.700000,0.000000,2,3,8,8,15,19,310,310,310,310,310,55,0,2,10.503512090905463,1.0582300001260592,310.72419100019033,14.0
1772909251,10,GET,/api/audio/status,12.200000,0.000000,2,4,7,10,15,19,31,280,290,290,290,161,0,2,9.444336614963149,1.0755269995570416,285.3348799999367,168.0
1772909251,10,GET,/api/chains/,5.300000,0.000000,6,12,15,24,38,54,280,280,280,280,280,65,0,7,34.861024923128966,1.379286999508622,283.27972300030524,1448.3076923076924
1772909251,10,GET,/api/chains/{id},12.200000,0.000000,9,17,23,25,44,240,340,1200,1400,1400,1400,162,0,10,46.74350611112234,3.4045689990307437,1429.0198010003223,492.0740740740741
1772909251,10,POST,/api/chains/{id}/activate,12.200000,0.100000,7,10,14,18,24,30,84,320,1400,1400,1400,161,1,7,22.48265842236658,1.187234998724307,1416.1616380006308,47.024844720496894
1772909251,10,POST,/api/chains/{id}/deactivate,12.200000,0.000000,2,4,8,11,17,24,44,310,310,310,310,161,0,2,12.10620333539799,1.1722380004357547,319.70237099994847,60.91304347826087
1772909251,10,POST,/api/plugins/batch/parameters (500 updates),3.200000,0.000000,9,15,16,24,57,88,1200,1200,1200,1200,1200,50,0,9,53.34308484023495,3.3113910012616543,1206.9371520010463,816.24
1772909251,10,GET,/api/plugins/discover,5.500000,0.000000,19,22,27,29,39,310,1400,1400,1400,1400,1400,65,0,20,75.58732752320513,10.701784000048065,1358.751202998974,85406.0
1772909251,10,GET,/api/plugins/list,5.400000,0.000000,3,8,13,14,20,25,280,280,280,280,280,65,0,3,13.94112016924527,1.11992799975269,281.3051960001758,34.52307692307692
1772909251,10,POST,/api/plugins/load?uri,3.700000,0.000000,3,4,5,9,15,35,84,84,84,84,84,55,0,3,8.96426136350783,1.400066999849514,83.89492600144877,2178.909090909091
1772909251,10,POST,/api/plugins/unload?uri,3.700000,0.000000,2,3,4,4,11,15,310,310,310,310,310,55,0,2,9.807971727290846,1.2315910007600905,311.05816600029357,84.96363636363637
1772909251,10,,Aggregated,113.400000,0.100000,4,9,13,15,27,55,280,320,1400,1400,1400,1512,1,5,25.967853674624095,1.0582300001260592,1429.0198010003223,3944.0026455026455
1772909252,10,GET,/api/audio/latency,15.500000,0.000000,2,4,8,11,22,56,71,290,1400,1400,1400,213,0,3,16.596751464866955,1.0609750006551621,1355.4446540001663,33.0
1772909252,10,GET,/api/audio/levels,15.600000,0.000000,5,10,14,16,36,86,290,1300,1300,1300,1300,214,0,6,35.95314285044776,1.0789950010803295,1349.7102880010061,73.0
1772909252,10,GET,/api/audio/levels (during plugin swap),4.100000,0.000000,3,12,15,20,26,41,160,160,160,160,160,65,0,4,22.02893987677481,1.0885890005738474,234.84764100066968,73.0
1772909252,10,GET,/api/audio/levels/plugins,4.100000,0.000000,2,3,8,9,15,19,310,310,310,310,310,62,0,2,10.093522370968252,1.0582300001260592,310.72419100019033,14.0
1772909252,10,GET,/api/audio/status,12.300000,0.000000,2,3,7,9,13,19,29,31,290,290,290,182,0,2,8.879943313271784,1.0755269995570416,285.3348799999367,168.0
1772909252,10,GET,/api/chains/,5.000000,0.000000,9,15,34,37,50,71,280,280,280,280,280,68,0,8,34.78030911770367,1.379286999508622,283.27972300030524,1448.2941176470588
1772909252,10,GET,/api/chains/{id},12.400000,0.000000,9,15,22,24,40,71,340,1200,1400,1400,1400,184,0,10,42.98501634241842,3.4045689990307437,1429.0198010003223,492.0326086956522
1772909252,10,POST,/api/chains/{id}/activate,12.400000,0.100000,6,10,13,16,25,53,95,320,1400,1400,1400,184,1,7,21.42831711958222,1.187234998724307,1416.1616380006308,47.55978260869565
1772909252,10,POST,/api/chains/{id}/deactivate,12.300000,0.000000,2,3,7,9,14,24,44,310,310,310,310,182,0,2,11.039276164860444,1.1722380004357547,319.70237099994847,60.9010989010989
1772909252,10,POST,/api/plugins/batch/parameters (500 updates),3.900000,0.000000,9,15,22,28,57,88,1200,1200,1200,1200,1200,54,0,9,50.66608848166517,3.3113910012616543,1206.9371520010463,820.3703703703703
1772909252,10,GET,/api/plugins/discover,4.900000,0.000000,19,22,29,32,54,1400,1400,1400,1400,1400,1400,67,0,20,73.81533404490011,10.701784000048065,1358.751202998974,85406.0
1772909252,10,GET,/api/plugins/list,4.900000,0.000000,3,12,14,16,25,84,280,280,280,280,280,68,0,3,14.693627926483126,1.11992799975269,281.3051960001758,36.35294117647059
1772909252,10,POST,/api/plugins/load?uri,4.100000,0.000000,3,4,10,11,29,84,92,92,92,92,92,64,0,3,11.662253265484424,1.400066999849514,92.25746899937803,2143.703125
1772909252,10,POST,/api/plugins/unload?uri,4.100000,0.000000,2,3,3,4,9,11,310,310,310,310,310,62,0,2,8.972106419400182,1.2315910007600905,311.05816600029357,85.04838709677419
1772909252,10,,Aggregated,115.600000,0.100000,4,9,13,15,27,53,250,320,1400,1400,1400,1669,1,4,24.63306776395914,1.0582300001260592,1429.0198010003223,3702.2989814260036
1772909253,10,GET,/api/audio/latency,16.200000,0.000000,2,3,6,11,27,56,310,380,1400,1400,1400,223,0,3,19.257318354336057,1.0609750006551621,1355.4446540001663,33.0
1772909253,10,GET,/api/audio/levels,16.200000,0.000000,5,12,15,17,55,160,1200,1300,1300,1300,1300,223,0,6,37.90017504036161,1.0789950010803295,1349.7102880010061,73.0
1772909253,10,GET,/api/audio/levels (during plugin swap),4.700000,0.000000,3,12,15,20,24,37,280,280,280,280,280,67,0,5,25.715014477453277,1.0885890005738474,278.16612099923077,73.0
1772909253,10,GET,/api/audio/levels/plugins,4.700000,0.000000,2,4,10,15,21,310,370,370,370,370,370,67,0,2,20.886279134323722,1.0582300001260592,368.04442100037704,14.0
1772909253,10,GET,/api/audio/status,11.900000,0.000000,2,3,6,9,14,19,290,370,390,390,390,192,0,2,12.598042510508852,1.0755269995570416,385.6482749997667,168.0
1772909253,10,GET,/api/chains/,4.000000,0.000000,9,34,38,41,71,280,350,350,350,350,350,70,0,9,41.8330521000306,1.379286999508622,350.281727998663,1448.3
1772909253,10,GET,/api/chains/{id},12.000000,0.000000,9,16,22,24,40,210,390,1200,1400,1400,1400,195,0,10,44.39860861029256,3.4045689990307437,1429.0198010003223,495.05641025641023
1772909253,10,POST,/api/chains/{id}/activate,11.900000,0.100000,5,9,11,14,25,35,320,330,1400,1400,1400,193,1,7,22.663900445618335,1.187234998724307,1416.1616380006308,47.62176165803109
1772909253,10,POST,/api/chains/{id}/deactivate,11.900000,0.000000,2,3,8,10,16,26,73,310,310,310,310,192,0,2,11.314566119816996,1.1722380004357547,319.70237099994847,60.828125
1772909253,10,POST,/api/plugins/batch/parameters (500 updates),4.400000,0.000000,9,15,24,31,110,180,1200,1200,1200,1200,1200,57,0,9,57.98231271945585,3.3113910012616543,1206.9371520010463,820.1052631578947
1772909253,10,GET,/api/plugins/discover,4.200000,0.000000,20,27,29,34,310,1400,1400,1400,1400,1400,1400,70,0,20,76.56812508581164,10.701784000048065,1358.751202998974,85406.0
1772909253,10,GET,/api/plugins/list,4.000000,0.000000,3,12,14,17,26,84,280,280,280,280,280,70,0,3,14.740005014287558,1.11992799975269,281.3051960001758,39.857142857142854
1772909253,10,POST,/api/plugins/load?uri,4.700000,0.000000,3,5,10,11,29,92,380,380,380,380,380,67,0,3,17.156760014762796,1.400066999849514,383.19910899917886,2196.9402985074626
1772909253,10,POST,/api/plugins/unload?uri,4.800000,0.000000,2,3,4,6,15,25,310,310,310,310,310,67,0,2,9.462211388082908,1.2315910007600905,311.05816600029357,85.05970149253731
1772909253,10,,Aggregated,115.600000,0.100000,4,9,13,16,29,84,320,390,1400,1400,1400,1753,1,5,27.324492689132526,1.0582300001260592,1429.0198010003223,3685.8870507701085
1772909254,10,GET,/api/audio/latency,17.200000,0.000000,2,4,8,11,27,56,310,380,1400,1400,1400,247,0,3,17.867973983885324,1.0609750006551621,1355.4446540001663,33.0
1772909254,10,GET,/api/audio/levels,17.200000,0.000000,6,12,16,17,46,140,1200,1300,1300,1300,1300,247,0,6,35.19901139271508,1.0789950010803295,1349.7102880010061,73.0
1772909254,10,GET,/api/audio/levels (during plugin swap),5.000000,0.000000,4,12,16,20,26,37,280,280,280,280,280,74,0,4,24.099772026921848,1.0885890005738474,278.16612099923077,73.0
1772909254,10,GET,/api/audio/levels/plugins,5.000000,0.000000,2,3,9,15,19,27,370,370,370,370,370,74,0,2,19.084103351348393,1.0582300001260592,368.04442100037704,14.0
1772909254,10,GET,/api/audio/status,13.800000,0.000000,2,4,7,9,12,19,290,370,390,390,390,212,0,2,11.870525712345385,1.0755269995570416,385.6482749997667,168.0
1772909254,10,GET,/api/chains/,4.200000,0.000000,9,34,41,50,210,280,350,350,350,350,350,70,0,9,41.8330521000306,1.379286999508622,350.281727998663,1448.3
1772909254,10,GET,/api/chains/{id},13.700000,0.000000,9,15,21,23,32,52,390,1200,1400,1400,1400,212,0,10,41.76819775474078,3.4045689990307437,1429.0198010003223,493.8066037735849
1772909254,10,POST,/api/chains/{id}/activate,13.700000,0.100000,5,9,13,15,22,30,95,330,1400,1400,1400,212,1,7,21.505378999979754,1.187234998724307,1416.1616380006308,47.7877358490566
1772909254,10,POST,/api/chains/{id}/deactivate,13.800000,0.000000,2,3,7,9,14,18,36,44,73,73,73,212,0,2,10.670655669855478,1.1722380004357547,319.70237099994847,60.820754716981135
1772909254,10,POST,/api/plugins/batch/parameters (500 updates),4.900000,0.000000,9,15,24,26,110,180,1200,1200,1200,1200,1200,63,0,9,53.79326330177488,3.3113910012616543,1206.9371520010463,826.2539682539683
1772909254,10,GET,/api/plugins/discover,4.200000,0.000000,21,27,29,32,370,1400,1400,1400,1400,1400,1400,70,0,20,76.56812508581164,10.701784000048065,1358.751202998974,85406.0
1772909254,10,GET,/api/plugins/list,4.200000,0.000000,3,12,14,17,75,84,280,280,280,280,280,70,0,3,14.740005014287558,1.11992799975269,281.3051960001758,39.857142857142854
1772909254,10,POST,/api/plugins/load?uri,5.000000,0.000000,3,4,10,11,29,92,380,380,380,380,380,74,0,3,15.86863008093575,1.400066999849514,383.19910899917886,2123.0
1772909254,10,POST,/api/plugins/unload?uri,5.000000,0.000000,2,3,3,5,15,22,27,27,27,27,27,74,0,2,8.979547648655048,1.2315910007600905,311.05816600029357,84.51351351351352
1772909254,10,,Aggregated,126.900000,0.100000,4,9,13,15,26,56,310,390,1400,1400,1400,1911,1,5,25.66379088699647,1.0582300001260592,1429.0198010003223,3398.194139194139
1772909255,10,GET,/api/audio/latency,15.400000,0.000000,2,4,9,14,29,58,310,380,1400,1400,1400,262,0,3,17.726588343573212,1.0609750006551621,1355.4446540001663,33.0
1772909255,10,GET,/api/audio/levels,15.500000,0.000000,7,13,16,22,75,190,1200,1300,1300,1300,1300,262,0,6,36.12853759540214,1.0789950010803295,1349.7102880010061,73.0
1772909255,10,GET,/api/audio/levels (during plugin swap),4.900000,0.000000,4,12,15,20,26,150,160,280,280,280,280,79,0,4,24.724405873297933,1.0885890005738474,278.16612099923077,73.0
1772909255,10,GET,/api/audio/levels/plugins,4.900000,0.000000,2,3,9,15,21,310,370,370,370,370,370,79,0,2,23.123146822721928,1.0582300001260592,368.04442100037704,14.0
1772909255,10,GET,/api/audio/status,13.400000,0.000000,2,6,9,9,15,19,290,370,390,390,390,225,0,2,11.70791287119856,1.0755269995570416,385.6482749997667,168.0
1772909255,10,GET,/api/chains/,3.900000,0.000000,16,38,50,54,210,280,350,350,350,350,350,70,0,9,41.8330521000306,1.379286999508622,350.281727998663,1448.3
1772909255,10,GET,/api/chains/{id},13.500000,0.000000,10,17,22,25,51,260,390,1200,1400,1400,1400,225,0,10,45.4087840667085,3.4045689990307437,1429.0198010003223,497.1333333333333
1772909255,10,POST,/api/chains/{id}/activate,13.400000,0.100000,7,10,14,17,24,30,95,330,1400,1400,1400,225,1,7,20.94155081331135,1.187234998724307,1416.1616380006308,47.937777777777775
1772909255,10,POST,/api/chains/{id}/deactivate,13.400000,0.000000,2,4,6,9,14,24,44,73,98,98,98,225,0,2,10.720995995604122,1.1722380004357547,319.70237099994847,60.888888888888886
1772909255,10,POST,/api/plugins/batch/parameters (500 updates),4.800000,0.000000,9,16,26,39,110,180,1200,1200,1200,1200,1200,71,0,11,50.855600436835616,3.2507360010640696,1206.9371520010463,827.8028169014085
1772909255,10,GET,/api/plugins/discover,3.900000,0.000000,20,23,29,32,370,1400,1400,1400,1400,1400,1400,70,0,20,76.56812508581164,10.701784000048065,1358.751202998974,85406.0
1772909255,10,GET,/api/plugins/list,3.900000,0.000000,7,13,17,25,75,84,280,280,280,280,280,70,0,3,14.740005014287558,1.11992799975269,281.3051960001758,39.857142857142854
1772909255,10,POST,/api/plugins/load?uri,4.900000,0.000000,3,4,10,13,20,92,92,380,380,380,380,79,0,3,15.361596101119854,1.400066999849514,383.19910899917886,2069.3544303797466
1772909255,10,POST,/api/plugins/unload?uri,4.900000,0.000000,2,3,4,7,17,25,27,57,57,57,57,79,0,2,9.613749405086965,1.2315910007600905,311.05816600029357,84.58227848101266
1772909255,10,,Aggregated,120.700000,0.100000,4,9,14,17,30,92,330,390,1400,1400,1400,2021,1,5,26.110347442873298,1.0582300001260592,1429.0198010003223,3226.2800593765464
1772909256,10,GET,/api/audio/latency,15.800000,0.000000,2,3,8,12,21,56,290,380,1400,1400,1400,279,0,3,16.829779856689584,1.0609750006551621,1355.4446540001663,33.0
1772909256,10,GET,/api/audio/levels,15.800000,0.000000,6,12,16,17,59,190,320,1300,1300,1300,1300,279,0,6,34.452252243704685,1.0789950010803295,1349.7102880010061,73.0
1772909256,10,GET,/api/audio/levels (during plugin swap),5.100000,0.000000,4,12,15,20,26,150,160,280,280,280,280,85,0,4,23.378894164574483,1.0885890005738474,278.16612099923077,73.0
1772909256,10,GET,/api/audio/levels/plugins,5.200000,0.000000,2,3,8,15,21,310,370,370,370,370,370,85,0,2,21.7629933175725,1.0582300001260592,368.04442100037704,14.0
1772909256,10,GET,/api/audio/status,13.300000,0.000000,2,6,8,9,14,19,290,370,390,390,390,244,0,2,11.133932893520322,1.0755269995570416,385.6482749997667,168.0
1772909256,10,GET,/api/chains/,3.200000,0.000000,16,36,41,50,280,350,350,350,350,350,350,70,0,9,41.8330521000306,1.379286999508622,350.281727998663,1448.3
1772909256,10,GET,/api/chains/{id},13.200000,0.000000,10,17,21,22,46,260,390,1200,1400,1400,1400,245,0,10,42.55013448575705,3.346640000017942,1429.0198010003223,499.39183673469387
1772909256,10,POST,/api/chains/{id}/activate,13.300000,0.100000,6,10,14,17,25,30,95,330,1400,1400,1400,244,1,7,20.105104971312134,1.187234998724307,1416.1616380006308,47.954918032786885
1772909256,10,POST,/api/chains/{id}/deactivate,13.500000,0.000000,2,4,7,8,14,24,44,73,98,98,98,244,0,2,10.11506775005385,1.1722380004357547,319.70237099994847,60.97540983606557
1772909256,10,POST,/api/plugins/batch/parameters (500 updates),5.000000,0.000000,8,15,24,26,93,180,230,1200,1200,1200,1200,84,0,9,44.07666738110753,3.161524999086396,1206.9371520010463,833.8095238095239
1772909256,10,GET,/api/plugins/discover,3.300000,0.000000,21,25,32,39,1400,1400,1400,1400,1400,1400,1400,70,0,20,76.56812508581164,10.701784000048065,1358.751202998974,85406.0
1772909256,10,GET,/api/plugins/list,3.200000,0.000000,7,14,25,26,84,280,280,280,280,280,280,70,0,3,14.740005014287558,1.11992799975269,281.3051960001758,39.857142857142854
1772909256,10,POST,/api/plugins/load?uri,5.100000,0.000000,3,5,10,13,20,92,92,380,380,380,380,85,0,3,14.548911341048283,1.400066999849514,383.19910899917886,2033.4823529411765
1772909256,10,POST,/api/plugins/unload?uri,5.300000,0.000000,2,3,5,7,17,25,27,57,57,57,57,85,0,2,9.218594294147538,1.2315910007600905,311.05816600029357,84.7764705882353
1772909256,10,,Aggregated,120.300000,0.100000,4,9,13,16,27,84,320,390,1400,1400,1400,2169,1,5,24.75910230707653,1.0582300001260592,1429.0198010003223,3024.238819732596
1772909257,10,GET,/api/audio/latency,15.800000,0.000000,2,3,5,9,20,29,58,310,380,380,380,298,0,2,16.221517466496056,1.0609750006551621,1355.4446540001663,33.0
1772909257,10,GET,/api/audio/levels,15.800000,0.000000,6,12,15,17,46,92,230,290,320,320,320,298,0,6,33.08674426172131,1.0789950010803295,1349.7102880010061,73.0
1772909257,10,GET,/api/audio/levels (during plugin swap),5.200000,0.000000,5,12,15,20,26,37,160,280,280,280,280,93,0,4,22.38299651601479,1.0885890005738474,278.16612099923077,73.0
1772909257,10,GET,/api/audio/levels/plugins,5.100000,0.000000,2,5,9,15,21,97,370,370,370,370,370,93,0,2,20.831309139706015,1.0582300001260592,368.04442100037704,14.0
1772909257,10,GET,/api/audio/status,13.600000,0.000000,2,5,8,9,14,19,290,370,390,390,390,261,0,2,10.748837268274865,1.0755269995570416,385.6482749997667,168.0
1772909257,10,GET,/api/chains/,2.800000,0.000000,34,38,50,50,280,350,350,350,350,350,350,70,0,9,41.8330521000306,1.379286999508622,350.281727998663,1448.3
1772909257,10,GET,/api/chains/{id},13.400000,0.000000,10,17,20,22,42,180,340,340,390,390,390,263,0,10,41.22842335745685,3.326871999888681,1429.0198010003223,502.61216730038024
1772909257,10,POST,/api/chains/{id}/activate,13.600000,0.100000,6,10,14,17,23,30,90,95,330,330,330,261,1,7,19.499390394659045,1.187234998724307,1416.1616380006308,47.877394636015325
1772909257,10,POST,/api/chains/{id}/deactivate,13.600000,0.000000,2,3,6,8,13,17,44,73,98,98,98,260,0,2,9.668600280817303,1.1722380004357547,319.70237099994847,61.03846153846154
1772909257,10,POST,/api/plugins/batch/parameters (500 updates),5.300000,0.000000,8,15,24,26,78,120,180,230,230,230,230,95,0,9,42.596995631710776,3.161524999086396,1206.9371520010463,834.5894736842105
1772909257,10,GET,/api/plugins/discover,2.800000,0.000000,19,22,25,25,39,370,370,370,370,370,370,70,0,20,76.56812508581164,10.701784000048065,1358.751202998974,85406.0
1772909257,10,GET,/api/plugins/list,2.800000,0.000000,11,17,26,26,84,280,280,280,280,280,280,70,0,3,14.740005014287558,1.11992799975269,281.3051960001758,39.857142857142854
1772909257,10,POST,/api/plugins/load?uri,5.200000,0.000000,3,7,11,13,20,78,92,380,380,380,380,93,0,3,14.711114688027244,1.400066999849514,383.19910899917886,2131.9032258064517
1772909257,10,POST,/api/plugins/unload?uri,5.200000,0.000000,2,3,7,9,18,25,27,57,57,57,57,92,0,2,9.157100717382729,1.2315910007600905,311.05816600029357,84.56521739130434
1772909257,10,,Aggregated,120.200000,0.100000,4,9,13,15,25,59,230,320,390,390,390,2317,1,5,23.971374850257902,1.0582300001260592,1429.0198010003223,2853.691842900302
1772909258,10,GET,/api/audio/latency,15.800000,0.000000,2,4,8,12,20,33,290,310,380,380,380,298,0,2,16.221517466496056,1.0609750006551621,1355.4446540001663,33.0
1772909258,10,GET,/api/audio/levels,15.800000,0.000000,5,13,16,19,48,110,260,290,320,320,320,298,0,6,33.08674426172131,1.0789950010803295,1349.7102880010061,73.0
1772909258,10,GET,/api/audio/levels (during plugin swap),5.200000,0.000000,4,12,15,20,28,150,160,280,280,280,280,93,0,4,22.38299651601479,1.0885890005738474,278.16612099923077,73.0
1772909258,10,GET,/api/audio/levels/plugins,5.100000,0.000000,2,5,10,15,21,310,370,370,370,370,370,93,0,2,20.831309139706015,1.0582300001260592,368.04442100037704,14.0
1772909258,10,GET,/api/audio/status,13.600000,0.000000,2,5,8,9,15,23,290,370,390,390,390,261,0,2,10.748837268274865,1.0755269995570416,385.6482749997667,168.0
1772909258,10,GET,/api/chains/,2.800000,0.000000,38,41,210,210,280,350,350,350,350,350,350,70,0,9,41.8330521000306,1.379286999508622,350.281727998663,1448.3
1772909258,10,GET,/api/chains/{id},13.400000,0.000000,10,15,19,21,46,210,340,340,390,390,390,263,0,10,41.22842335745685,3.326871999888681,1429.0198010003223,502.61216730038024
1772909258,10,POST,/api/chains/{id}/activate,13.600000,0.100000,6,10,14,17,23,30,90,95,330,330,330,262,1,7,19.50732653819149,1.187234998724307,1416.1616380006308,47.9236641221374
1772909258,10,POST,/api/chains/{id}/deactivate,13.600000,0.000000,2,3,6,8,14,18,44,73,98,98,98,260,0,2,9.668600280817303,1.1722380004357547,319.70237099994847,61.03846153846154
1772909258,10,POST,/api/plugins/batch/parameters (500 updates),5.300000,0.000000,9,16,24,39,78,120,180,230,230,230,230,95,0,9,42.596995631710776,3.161524999086396,1206.9371520010463,834.5894736842105
1772909258,10,GET,/api/plugins/discover,2.800000,0.000000,22,23,32,32,39,370,370,370,370,370,370,70,0,20,76.56812508581164,10.701784000048065,1358.751202998974,85406.0
1772909258,10,GET,/api/plugins/list,2.800000,0.000000,17,25,75,75,84,280,280,280,280,280,280,70,0,3,14.740005014287558,1.11992799975269,281.3051960001758,39.857142857142854
1772909258,10,POST,/api/plugins/load?uri,5.200000,0.000000,3,7,11,13,29,92,92,380,380,380,380,93,0,3,14.711114688027244,1.400066999849514,383.19910899917886,2131.9032258064517
1772909258,10,POST,/api/plugins/unload?uri,5.200000,0.000000,2,4,7,10,21,27,28,57,57,57,57,93,0,2,9.362720946228364,1.2315910007600905,311.05816600029357,84.41935483870968
1772909258,10,,Aggregated,120.200000,0.100000,4,9,14,16,27,75,260,330,390,390,390,2319,1,5,23.972200935768758,1.0582300001260592,1429.0198010003223,2851.287192755498
1772909259,10,GET,/api/audio/latency,16.900000,0.000000,2,4,8,13,20,29,290,310,380,380,380,314,0,2,15.679519866271974,1.0609750006551621,1355.4446540001663,33.0
1772909259,10,GET,/api/audio/levels,16.800000,0.000000,5,12,16,23,75,230,1300,1300,1300,1300,1300,314,0,6,47.90498125476585,1.0789950010803295,1349.7102880010061,73.0
1772909259,10,GET,/api/audio/levels (during plugin swap),5.900000,0.000000,3,12,14,15,28,150,160,280,280,280,280,96,0,4,21.84397596861724,1.0885890005738474,278.16612099923077,73.0
1772909259,10,GET,/api/audio/levels/plugins,5.900000,0.000000,2,5,14,15,21,310,370,370,370,370,370,96,0,2,20.221435322847963,1.0582300001260592,368.04442100037704,14.0
1772909259,10,GET,/api/audio/status,14.500000,0.000000,2,6,9,9,15,24,370,390,1400,1400,1400,274,0,2,15.48925865700521,1.0755269995570416,1363.4259209993616,168.0
1772909259,10,GET,/api/chains/,1.800000,0.000000,41,50,210,280,350,350,350,350,350,350,350,70,0,9,41.8330521000306,1.379286999508622,350.281727998663,1448.3
1772909259,10,GET,/api/chains/{id},14.400000,0.000000,10,15,19,22,51,240,340,390,1300,1300,1300,274,0,10,44.677065175218004,3.326871999888681,1429.0198010003223,505.5839416058394
1772909259,10,POST,/api/chains/{id}/activate,14.500000,0.100000,7,10,14,17,23,35,95,330,1400,1400,1400,274,2,7,24.095112211723666,1.187234998724307,1416.1616380006308,47.85401459854015
1772909259,10,POST,/api/chains/{id}/deactivate,14.500000,0.000000,2,3,5,8,14,21,73,98,1400,1400,1400,274,1,2,14.483314897849603,1.1722380004357547,1405.8152420002443,60.846715328467155
1772909259,10,POST,/api/plugins/batch/parameters (500 updates),6.200000,0.000000,9,16,24,26,93,180,1300,1300,1300,1300,1300,102,0,9,65.26595460794245,3.161524999086396,1316.1582419998012,837.843137254902
1772909259,10,GET,/api/plugins/discover,2.000000,0.000000,22,23,25,39,370,370,370,370,370,370,370,70,0,20,76.56812508581164,10.701784000048065,1358.751202998974,85406.0
1772909259,10,GET,/api/plugins/list,1.800000,0.000000,17,25,26,75,280,280,280,280,280,280,280,70,0,3,14.740005014287558,1.11992799975269,281.3051960001758,39.857142857142854
1772909259,10,POST,/api/plugins/load?uri,5.900000,0.000000,3,7,11,13,29,92,92,380,380,380,380,96,0,3,14.312321676963316,1.400066999849514,383.19910899917886,2124.65625
1772909259,10,POST,/api/plugins/unload?uri,5.900000,0.000000,2,4,8,10,21,27,28,57,57,57,57,96,0,2,9.129658843752017,1.2315910007600905,311.05816600029357,84.38541666666667
1772909259,10,,Aggregated,127.000000,0.100000,4,9,14,16,27,93,320,390,1400,1400,1400,2420,3,4,28.63112183803581,1.0582300001260592,1429.0198010003223,2742.1904958677687
1772909260,10,GET,/api/audio/latency,17.000000,0.000000,2,4,8,13,18,27,58,310,380,380,380,332,0,2,15.162870870525179,1.0609750006551621,1355.4446540001663,33.0
1772909260,10,GET,/api/audio/levels,17.000000,0.000000,5,11,16,19,59,230,1300,1300,1300,1300,1300,332,0,6,45.75604805721737,1.0556590004853206,1349.7102880010061,73.0
1772909260,10,GET,/api/audio/levels (during plugin swap),6.100000,0.000000,7,13,15,20,36,98,280,280,280,280,280,103,0,5,22.023562029026984,1.0885890005738474,278.16612099923077,73.0
1772909260,10,GET,/api/audio/levels/plugins,6.100000,0.000000,3,7,14,15,43,310,370,370,370,370,370,103,0,2,19.261430087283866,1.0582300001260592,368.04442100037704,14.0
1772909260,10,GET,/api/audio/status,14.800000,0.000000,2,5,8,9,15,19,370,390,1400,1400,1400,293,0,2,14.667626447139918,1.0755269995570416,1363.4259209993616,168.0
1772909260,10,GET,/api/chains/,1.600000,0.000000,41,50,210,210,350,350,350,350,350,350,350,70,0,9,41.8330521000306,1.379286999508622,350.281727998663,1448.3
1772909260,10,GET,/api/chains/{id},15.000000,0.000000,10,17,19,21,42,170,340,390,1300,1300,1300,293,0,10,42.81753477478268,3.326871999888681,1429.0198010003223,507.50170648464166
1772909260,10,POST,/api/chains/{id}/activate,14.900000,0.000000,6,10,14,16,22,28,95,330,1400,1400,1400,293,2,7,22.904133365210225,1.187234998724307,1416.1616380006308,47.87372013651877
1772909260,10,POST,/api/chains/{id}/deactivate,14.700000,0.000000,2,3,4,6,11,18,73,98,1400,1400,1400,293,1,2,13.743821962498105,1.1722380004357547,1405.8152420002443,60.83617747440273
1772909260,10,POST,/api/plugins/batch/parameters (500 updates),6.700000,0.000000,9,16,21,26,93,180,1300,1300,1300,1300,1300,118,0,9,58.868994050930795,3.161524999086396,1316.1582419998012,838.5338983050848
1772909260,10,GET,/api/plugins/discover,1.600000,0.000000,22,23,25,25,370,370,370,370,370,370,370,70,0,20,76.56812508581164,10.701784000048065,1358.751202998974,85406.0
1772909260,10,GET,/api/plugins/list,1.600000,0.000000,11,17,26,26,75,75,75,75,75,75,75,70,0,3,14.740005014287558,1.11992799975269,281.3051960001758,39.857142857142854
1772909260,10,POST,/api/plugins/load?uri,6.100000,0.000000,4,10,13,15,29,92,380,380,380,380,380,103,0,3,13.917276650335605,1.400066999849514,383.19910899917886,2089.2912621359224
1772909260,10,POST,/api/plugins/unload?uri,6.100000,0.000000,2,5,9,13,22,27,57,57,57,57,57,103,0,2,8.741229378641753,1.220865999130183,311.05816600029357,83.72815533980582
1772909260,10,,Aggregated,129.300000,0.000000,4,9,13,16,26,75,320,390,1400,1400,1400,2576,3,4,27.429615137436333,1.0556590004853206,1429.0198010003223,2592.8905279503106
1772909261,10,GET,/api/audio/latency,14.700000,0.000000,2,5,12,15,20,58,310,310,380,380,380,351,0,3,17.768855695199182,1.0609750006551621,1355.4446540001663,33.0
1772909261,10,GET,/api/audio/levels,14.700000,0.000000,6,12,16,24,78,210,1300,1300,1300,1300,1300,351,0,6,45.44331564102322,1.0556590004853206,1349.7102880010061,73.0
1772909261,10,GET,/api/audio/levels (during plugin swap),5.500000,0.000000,9,13,16,20,36,99,280,280,280,280,280,107,0,5,22.347183112066894,1.0885890005738474,278.16612099923077,73.0
1772909261,10,GET,/api/audio/levels/plugins,5.500000,0.000000,2,5,11,15,97,310,370,370,370,370,370,107,0,2,21.492162317695275,1.0582300001260592,368.04442100037704,14.0
1772909261,10,GET,/api/audio/status,13.800000,0.000000,3,6,8,9,16,26,370,390,1400,1400,1400,301,0,2,16.471824275783526,1.0755269995570416,1363.4259209993616,168.0
1772909261,10,GET,/api/chains/,1.200000,0.000000,210,210,350,350,350,350,350,350,350,350,350,70,0,9,41.8330521000306,1.379286999508622,350.281727998663,1448.3
1772909261,10,GET,/api/chains/{id},13.800000,0.000000,11,18,20,22,60,180,340,390,1300,1300,1300,301,0,10,42.33449205319485,3.326871999888681,1429.0198010003223,509.5348837209302
1772909261,10,POST,/api/chains/{id}/activate,13.800000,0.100000,7,10,14,18,25,88,310,330,1400,1400,1400,301,2,7,23.9610890830802,1.187234998724307,1416.1616380006308,47.863787375415285
1772909261,10,POST,/api/chains/{id}/deactivate,13.800000,0.100000,2,3,5,6,14,21,73,98,1400,1400,1400,301,1,2,13.62367592031225,1.1722380004357547,1405.8152420002443,60.78405315614618
1772909261,10,POST,/api/plugins/batch/parameters (500 updates),6.600000,0.000000,10,17,26,42,100,230,1300,1300,1300,1300,1300,125,0,9,58.58340675207728,3.161524999086396,1316.1582419998012,836.424
1772909261,10,GET,/api/plugins/discover,1.200000,0.000000,25,25,370,370,370,370,370,370,370,370,370,70,0,20,76.56812508581164,10.701784000048065,1358.751202998974,85406.0
1772909261,10,GET,/api/plugins/list,1.200000,0.000000,26,26,75,75,75,75,75,75,75,75,75,70,0,3,14.740005014287558,1.11992799975269,281.3051960001758,39.857142857142854
1772909261,10,POST,/api/plugins/load?uri,5.500000,0.000000,4,9,14,15,78,92,380,380,380,380,380,107,0,3,14.375011691452732,1.400066999849514,383.19910899917886,2165.1869158878503
1772909261,10,POST,/api/plugins/unload?uri,5.500000,0.000000,2,7,11,17,22,27,57,57,57,57,57,107,0,2,8.653585289721377,1.2049149991071317,311.05816600029357,83.90654205607477
1772909261,10,,Aggregated,116.800000,0.200000,4,9,14,17,36,100,320,390,1400,1400,1400,2669,3,4,28.0999872821456,1.0556590004853206,1429.0198010003223,2514.40726863994
1772909262,10,GET,/api/audio/latency,15.300000,0.000000,2,5,9,13,20,58,310,310,310,310,310,374,0,2,16.9129211898882,1.0609750006551621,1355.4446540001663,33.0
1772909262,10,GET,/api/audio/levels,15.200000,0.000000,5,11,15,23,70,210,1200,1300,1300,1300,1300,375,0,5,42.94600202398336,1.0556590004853206,1349.7102880010061,73.0
1772909262,10,GET,/api/audio/levels (during plugin swap),5.400000,0.000000,7,12,14,15,36,99,280,280,280,280,280,111,0,5,21.66427731523023,1.0885890005738474,278.16612099923077,73.0
1772909262,10,GET,/api/audio/levels/plugins,5.400000,0.000000,2,4,6,9,21,97,310,310,310,310,310,111,0,2,20.788670450398254,1.0582300001260592,368.04442100037704,14.0
1772909262,10,GET,/api/audio/status,13.900000,0.000000,2,4,7,9,13,23,310,310,1400,1400,1400,318,0,2,15.764401006335845,1.0755269995570416,1363.4259209993616,168.0
1772909262,10,GET,/api/chains/,0.900000,0.000000,210,210,210,210,210,210,210,210,210,210,210,70,0,9,41.8330521000306,1.379286999508622,350.281727998663,1448.3
1772909262,10,GET,/api/chains/{id},13.800000,0.000000,10,17,19,21,40,170,320,340,1300,1300,1300,318,0,10,40.6019746478362,3.326871999888681,1429.0198010003223,511.12578616352204
1772909262,10,POST,/api/chains/{id}/activate,13.800000,0.100000,6,9,13,16,22,59,310,330,1400,1400,1400,318,2,6,22.973564147809924,1.187234998724307,1416.1616380006308,47.80503144654088
1772909262,10,POST,/api/chains/{id}/deactivate,13.900000,0.100000,2,3,4,6,11,19,26,98,1400,1400,1400,318,1,2,13.100319456029208,1.1722380004357547,1405.8152420002443,60.84905660377358
1772909262,10,POST,/api/plugins/batch/parameters (500 updates),7.200000,0.000000,8,15,18,24,94,180,1300,1300,1300,1300,1300,141,0,9,52.85368547526127,3.161524999086396,1316.1582419998012,834.6737588652483
1772909262,10,GET,/api/plugins/discover,1.000000,0.000000,23,23,23,23,23,23,23,23,23,23,23,70,0,20,76.56812508581164,10.701784000048065,1358.751202998974,85406.0
1772909262,10,GET,/api/plugins/list,1.000000,0.000000,7,7,7,7,7,7,7,7,7,7,7,70,0,3,14.740005014287558,1.11992799975269,281.3051960001758,39.857142857142854
1772909262,10,POST,/api/plugins/load?uri,5.400000,0.000000,3,6,11,13,15,20,88,88,88,88,88,111,0,3,13.973096026929523,1.400066999849514,383.19910899917886,2183.3783783783783
1772909262,10,POST,/api/plugins/unload?uri,5.400000,0.000000,2,3,8,10,21,22,57,57,57,57,57,111,0,2,8.411062585592672,1.2049149991071317,311.05816600029357,83.72972972972973
1772909262,10,,Aggregated,117.600000,0.200000,4,8,12,15,24,88,310,330,1400,1400,1400,2816,3,4,26.915964823172995,1.0556590004853206,1429.0198010003223,2397.662286931818
1772909263,10,GET,/api/audio/latency,15.000000,0.000000,2,4,6,9,18,43,88,310,310,310,310,399,0,2,15.98109111534511,1.0609750006551621,1355.4446540001663,33.0
1772909263,10,GET,/api/audio/levels,15.000000,0.000000,3,9,14,16,48,110,1200,1300,1300,1300,1300,399,0,5,40.75113493230478,1.0556590004853206,1349.7102880010061,73.0
1772909263,10,GET,/api/audio/levels (during plugin swap),5.300000,0.000000,5,12,14,15,36,98,150,150,150,150,150,116,0,5,21.622337344728418,1.0885890005738474,278.16612099923077,73.0
1772909263,10,GET,/api/audio/levels/plugins,5.300000,0.000000,2,4,9,14,53,97,310,310,310,310,310,114,0,2,21.41558778065812,1.0582300001260592,368.04442100037704,14.0
1772909263,10,GET,/api/audio/status,14.600000,0.000000,2,4,7,9,12,21,310,310,1400,1400,1400,333,0,2,15.155957636674069,1.0755269995570416,1363.4259209993616,168.0
1772909263,10,GET,/api/chains/,0.800000,0.000000,210,210,210,210,210,210,210,210,210,210,210,70,0,9,41.8330521000306,1.379286999508622,350.281727998663,1448.3
1772909263,10,GET,/api/chains/{id},14.500000,0.000000,8,13,18,19,32,120,320,340,1300,1300,1300,333,0,9,39.005895030067556,3.326871999888681,1429.0198010003223,509.57957957957956
1772909263,10,POST,/api/chains/{id}/activate,14.600000,0.100000,5,9,11,13,19,28,88,310,1400,1400,1400,333,2,6,22.132135225235885,1.187234998724307,1416.1616380006308,47.9039039039039
1772909263,10,POST,/api/chains/{id}/deactivate,14.600000,0.100000,2,3,4,5,13,19,77,98,1400,1400,1400,333,1,2,12.928402951991565,1.1722380004357547,1405.8152420002443,60.825825825825824
1772909263,10,POST,/api/plugins/batch/parameters (500 updates),7.700000,0.000000,8,14,17,21,62,100,1300,1300,1300,1300,1300,150,0,8,50.267725820061365,3.161524999086396,1316.1582419998012,834.26
1772909263,10,GET,/api/plugins/discover,0.800000,0.000000,23,23,23,23,23,23,23,23,23,23,23,70,0,20,76.56812508581164,10.701784000048065,1358.751202998974,85406.0
1772909263,10,GET,/api/plugins/list,0.800000,0.000000,7,7,7,7,7,7,7,7,7,7,7,70,0,3,14.740005014287558,1.11992799975269,281.3051960001758,39.857142857142854
1772909263,10,POST,/api/plugins/load?uri,5.300000,0.000000,3,6,11,13,15,20,88,88,88,88,88,114,0,3,13.67967992096135,1.400066999849514,383.19910899917886,2194.745614035088
1772909263,10,POST,/api/plugins/unload?uri,5.300000,0.000000,2,3,8,10,18,21,57,57,57,57,57,113,0,2,8.353061610620971,1.2049149991071317,311.05816600029357,83.56637168141593
1772909263,10,,Aggregated,119.600000,0.200000,4,7,10,13,21,70,230,320,1400,1400,1400,2947,3,4,26.012963550405697,1.0556590004853206,1429.0198010003223,2301.1784865965387
1772909264,10,GET,/api/audio/latency,15.500000,0.000000,2,4,8,14,21,45,290,310,310,310,310,414,0,2,17.26180788170236,1.0609750006551621,1355.4446540001663,33.0
1772909264,10,GET,/api/audio/levels,15.500000,0.000000,4,10,15,24,100,230,1200,1300,1300,1300,1300,414,0,5,43.274465799498095,1.0556590004853206,1349.7102880010061,73.0
1772909264,10,GET,/api/audio/levels (during plugin swap),5.000000,0.000000,7,13,15,34,62,99,170,170,170,170,170,119,0,5,22.864445420070123,1.0885890005738474,278.16612099923077,73.0
1772909264,10,GET,/api/audio/levels/plugins,5.000000,0.000000,3,6,14,18,53,310,350,350,350,350,350,119,0,2,23.847132436924408,1.0582300001260592,368.04442100037704,14.0
1772909264,10,GET,/api/audio/status,13.200000,0.000000,2,3,5,8,13,26,310,350,1400,1400,1400,338,0,2,15.999481659803855,1.0755269995570416,1363.4259209993616,168.0
1772909264,10,GET,/api/chains/,0.400000,0.000000,210,210,210,210,210,210,210,210,210,210,210,70,0,9,41.8330521000306,1.379286999508622,350.281727998663,1448.3
1772909264,10,GET,/api/chains/{id},13.200000,0.000000,8,15,19,22,110,260,340,360,1300,1300,1300,338,0,9,41.69505258879547,3.326871999888681,1429.0198010003223,509.43491124260356
1772909264,10,POST,/api/chains/{id}/activate,13.200000,0.100000,5,8,11,12,20,59,88,310,1400,1400,1400,338,2,6,22.02115664794394,1.187234998724307,1416.1616380006308,47.78698224852071
1772909264,10,POST,/api/chains/{id}/deactivate,13.200000,0.100000,2,3,4,6,13,21,26,77,1400,1400,1400,338,1,2,12.840596724894159,1.1722380004357547,1405.8152420002443,60.76923076923077
1772909264,10,POST,/api/plugins/batch/parameters (500 updates),7.900000,0.000000,7,13,17,20,94,190,1300,1300,1300,1300,1300,153,0,9,53.48270311116804,3.161524999086396,1316.1582419998012,836.0849673202614
1772909264,10,GET,/api/plugins/discover,0.400000,0.000000,23,23,23,23,23,23,23,23,23,23,23,70,0,20,76.56812508581164,10.701784000048065,1358.751202998974,85406.0
1772909264,10,GET,/api/plugins/list,0.400000,0.000000,7,7,7,7,7,7,7,7,7,7,7,70,0,3,14.740005014287558,1.11992799975269,281.3051960001758,39.857142857142854
1772909264,10,POST,/api/plugins/load?uri,5.000000,0.000000,4,11,14,15,20,77,88,88,88,88,88,119,0,3,14.707326831839277,1.400066999849514,383.19910899917886,2200.9411764705883
1772909264,10,POST,/api/plugins/unload?uri,5.000000,0.000000,2,8,11,16,21,73,350,350,350,350,350,119,0,2,14.621583882377736,1.2049149991071317,352.3655230001168,83.4453781512605
1772909264,10,,Aggregated,112.900000,0.200000,4,8,12,15,31,110,310,360,1400,1400,1400,3019,3,4,27.458627687994305,1.0556590004853206,1429.0198010003223,2253.1487247432924
1772909265,10,GET,/api/audio/latency,16.900000,0.000000,2,4,7,10,21,43,290,310,310,310,310,435,0,2,16.671361712707593,1.0609750006551621,1355.4446540001663,33.0
1772909265,10,GET,/api/audio/levels,16.800000,0.000000,4,9,13,18,76,210,1200,1300,1300,1300,1300,438,0,5,41.28861767804503,1.0556590004853206,1349.7102880010061,73.0
1772909265,10,GET,/api/audio/levels (during plugin swap),4.800000,0.000000,7,13,15,19,36,98,170,170,170,170,170,126,0,5,21.940547690382306,1.0885890005738474,278.16612099923077,73.0
1772909265,10,GET,/api/audio/levels/plugins,4.800000,0.000000,2,4,11,16,43,78,350,350,350,350,350,126,0,2,22.613842936455814,1.0582300001260592,368.04442100037704,14.0
1772909265,10,GET,/api/audio/status,14.100000,0.000000,2,3,4,6,10,26,310,350,1400,1400,1400,354,0,2,15.434347149756045,1.0755269995570416,1363.4259209993616,168.0
1772909265,10,GET,/api/chains/,0.100000,0.000000,210,210,210,210,210,210,210,210,210,210,210,70,0,9,41.8330521000306,1.379286999508622,350.281727998663,1448.3
1772909265,10,GET,/api/chains/{id},14.000000,0.000000,8,14,18,19,40,120,260,360,1300,1300,1300,355,0,9,40.231913977514125,3.326871999888681,1429.0198010003223,510.8619718309859
1772909265,10,POST,/api/chains/{id}/activate,14.100000,0.100000,5,8,11,12,19,26,88,310,1400,1400,1400,355,2,6,21.31113378593102,1.187234998724307,1416.1616380006308,47.80845070422535
1772909265,10,POST,/api/chains/{id}/deactivate,14.100000,0.100000,2,3,4,5,13,21,26,77,1400,1400,1400,354,1,2,12.447343991577023,1.1722380004357547,1405.8152420002443,60.824858757062145
1772909265,10,POST,/api/plugins/batch/parameters (500 updates),9.200000,0.000000,8,13,17,20,94,190,1300,1300,1300,1300,1300,167,0,9,49.83166472459901,3.161524999086396,1316.1582419998012,837.4910179640718
1772909265,10,GET,/api/plugins/discover,0.100000,0.000000,23,23,23,23,23,23,23,23,23,23,23,70,0,20,76.56812508581164,10.701784000048065,1358.751202998974,85406.0
1772909265,10,GET,/api/plugins/list,0.100000,0.000000,7,7,7,7,7,7,7,7,7,7,7,70,0,3,14.740005014287558,1.11992799975269,281.3051960001758,39.857142857142854
1772909265,10,POST,/api/plugins/load?uri,4.800000,0.000000,3,6,13,15,20,77,88,88,88,88,88,126,0,3,14.040776531680695,1.400066999849514,383.19910899917886,2154.253968253968
1772909265,10,POST,/api/plugins/unload?uri,4.800000,0.000000,2,3,10,11,21,73,350,350,350,350,350,126,0,2,13.971218976217237,1.2049149991071317,352.3655230001168,83.65079365079364
1772909265,10,,Aggregated,118.700000,0.200000,4,7,11,14,24,88,310,360,1400,1400,1400,3172,3,4,26.431113784382195,1.0556590004853206,1429.0198010003223,2156.699558638083
1772909266,10,GET,/api/audio/latency,17.000000,0.000000,3,6,14,17,22,74,290,310,310,310,310,453,0,3,17.334484362082986,1.0609750006551621,1355.4446540001663,33.0
1772909266,10,GET,/api/audio/levels,17.000000,0.000000,5,11,18,33,100,250,1200,1300,1300,1300,1300,453,0,5,42.627595774789874,1.0556590004853206,1349.7102880010061,73.0
1772909266,10,GET,/api/audio/levels (during plugin swap),4.600000,0.000000,7,13,19,34,62,99,170,170,170,170,170,129,0,5,21.946184480529077,1.0885890005738474,278.16612099923077,73.0
1772909266,10,GET,/api/audio/levels/plugins,4.600000,0.000000,2,4,16,18,53,310,350,350,350,350,350,129,0,2,22.244274852667775,1.0582300001260592,368.04442100037704,14.0
1772909266,10,GET,/api/audio/status,13.500000,0.000000,2,3,4,6,12,76,310,350,1400,1400,1400,369,0,2,15.949990441775023,1.0755269995570416,1363.4259209993616,168.0
1772909266,10,GET,/api/chains/,0.000000,0.000000,210,210,210,210,210,210,210,210,210,210,210,70,0,9,41.8330521000306,1.379286999508622,350.281727998663,1448.3
1772909266,10,GET,/api/chains/{id},13.500000,0.000000,8,13,18,19,60,200,260,360,1300,1300,1300,369,0,9,39.72208539299673,3.3184989988512825,1429.0198010003223,509.970189701897
1772909266,10,POST,/api/chains/{id}/activate,13.500000,0.100000,4,8,11,12,20,79,91,310,1400,1400,1400,369,2,6,21.05250234689731,1.187234998724307,1416.1616380006308,47.796747967479675
1772909266,10,POST,/api/chains/{id}/deactivate,13.500000,0.100000,2,3,5,6,15,21,77,81,1400,1400,1400,369,1,2,12.366676981085327,1.1722380004357547,1405.8152420002443,60.80487804878049
1772909266,10,POST,/api/plugins/batch/parameters (500 updates),9.000000,0.000000,9,15,18,26,94,190,1300,1300,1300,1300,1300,178,0,9,48.11983897756302,3.161524999086396,1316.1582419998012,835.2977528089888
1772909266,10,GET,/api/plugins/discover,0.000000,0.000000,23,23,23,23,23,23,23,23,23,23,23,70,0,20,76.56812508581164,10.701784000048065,1358.751202998974,85406.0
1772909266,10,GET,/api/plugins/list,0.000000,0.000000,7,7,7,7,7,7,7,7,7,7,7,70,0,3,14.740005014287558,1.11992799975269,281.3051960001758,39.857142857142854
1772909266,10,POST,/api/plugins/load?uri,4.600000,0.000000,3,7,14,15,75,78,88,88,88,88,88,129,0,3,14.380513201470514,1.400066999849514,383.19910899917886,2186.5348837209303
1772909266,10,POST,/api/plugins/unload?uri,4.600000,0.000000,2,3,8,11,73,350,350,350,350,350,350,129,0,2,15.970972651183017,1.2049149991071317,352.3655230001168,83.86821705426357
1772909266,10,,Aggregated,115.400000,0.200000,4,8,13,16,43,100,310,360,1400,1400,1400,3286,3,4,26.63987233050815,1.0556590004853206,1429.0198010003223,2091.796104686549
1772909267,10,GET,/api/audio/latency,16.700000,0.000000,2,5,10,16,21,74,290,310,310,310,310,476,0,2,16.698522552562906,1.0609750006551621,1355.4446540001663,33.0
1772909267,10,GET,/api/audio/levels,16.800000,0.000000,4,10,14,20,98,250,1200,1300,1300,1300,1300,476,0,5,40.950133420114945,1.0556590004853206,1349.7102880010061,73.0
1772909267,10,GET,/api/audio/levels (during plugin swap),4.300000,0.000000,5,11,15,19,48,98,170,170,170,170,170,137,0,4,20.833828255384297,1.0885890005738474,278.16612099923077,73.0
1772909267,10,GET,/api/audio/levels/plugins,4.400000,0.000000,2,3,11,16,43,78,350,350,350,350,350,137,0,2,21.177088051053346,1.0582300001260592,368.04442100037704,14.0
1772909267,10,GET,/api/audio/status,12.500000,0.000000,2,3,4,7,11,76,310,350,1400,1400,1400,381,0,2,15.586629207386368,1.0755269995570416,1363.4259209993616,168.0
1772909267,10,GET,/api/chains/,0.000000,0.000000,210,210,210,210,210,210,210,210,210,210,210,70,0,9,41.8330521000306,1.379286999508622,350.281727998663,1448.3
1772909267,10,GET,/api/chains/{id},12.600000,0.000000,8,12,15,18,33,200,260,360,1300,1300,1300,381,0,9,38.72268165621771,3.3184989988512825,1429.0198010003223,510.0866141732283
1772909267,10,POST,/api/chains/{id}/activate,12.500000,0.100000,5,9,11,12,19,28,91,310,1400,1400,1400,381,2,6,20.62888402887918,1.187234998724307,1416.1616380006308,47.85301837270341
1772909267,10,POST,/api/chains/{id}/deactivate,12.500000,0.100000,2,3,5,7,15,21,77,81,1400,1400,1400,381,1,2,12.084901813703402,1.1722380004357547,1405.8152420002443,60.77690288713911
1772909267,10,POST,/api/plugins/batch/parameters (500 updates),9.100000,0.000000,9,14,18,21,57,190,1300,1300,1300,1300,1300,188,0,9,46.55791742021741,3.161524999086396,1316.1582419998012,838.8882978723404
1772909267,10,GET,/api/plugins/discover,0.000000,0.000000,23,23,23,23,23,23,23,23,23,23,23,70,0,20,76.56812508581164,10.701784000048065,1358.751202998974,85406.0
1772909267,10,GET,/api/plugins/list,0.000000,0.000000,7,7,7,7,7,7,7,7,7,7,7,70,0,3,14.740005014287558,1.11992799975269,281.3051960001758,39.857142857142854
1772909267,10,POST,/api/plugins/load?uri,4.300000,0.000000,3,6,9,14,74,77,88,88,88,88,88,137,0,3,13.697025014491613,1.3546099999075523,383.19910899917886,2222.5693430656934
1772909267,10,POST,/api/plugins/unload?uri,4.400000,0.000000,2,2,3,8,28,300,350,350,350,350,350,137,0,2,15.12575618251198,1.2049149991071317,352.3655230001168,84.24817518248175
1772909267,10,,Aggregated,110.100000,0.200000,4,8,11,15,26,91,300,350,1400,1400,1400,3422,3,4,25.825116269735002,1.0556590004853206,1429.0198010003223,2021.7562828755115
1772909268,10,GET,/api/audio/latency,17.200000,0.000000,2,5,8,11,20,74,290,310,310,310,310,494,0,2,16.218096072919028,1.0609750006551621,1355.4446540001663,33.0
1772909268,10,GET,/api/audio/levels,17.200000,0.000000,3,9,13,18,70,190,250,260,290,290,290,495,0,5,39.69873862217649,1.0556590004853206,1349.7102880010061,73.0
1772909268,10,GET,/api/audio/levels (during plugin swap),4.600000,0.000000,5,11,15,34,62,98,170,170,170,170,170,143,0,4,20.809988622293442,1.0885890005738474,278.16612099923077,73.0
1772909268,10,GET,/api/audio/levels/plugins,4.600000,0.000000,2,3,5,11,22,78,350,350,350,350,350,141,0,2,20.706459758828533,1.0582300001260592,368.04442100037704,14.0
1772909268,10,GET,/api/audio/status,12.800000,0.000000,2,3,4,6,10,23,310,310,350,350,350,404,0,2,14.84732340349642,1.0755269995570416,1363.4259209993616,168.0
1772909268,10,GET,/api/chains/,0.000000,0.000000,210,210,210,210,210,210,210,210,210,210,210,70,0,9,41.8330521000306,1.379286999508622,350.281727998663,1448.3
1772909268,10,GET,/api/chains/{id},13.000000,0.000000,8,11,15,18,31,75,230,260,360,360,360,407,0,9,37.10174462659323,3.3184989988512825,1429.0198010003223,508.5749385749386
1772909268,10,POST,/api/chains/{id}/activate,12.900000,0.100000,5,9,11,12,18,26,88,91,310,310,310,405,2,6,19.937561296297016,1.187234998724307,1416.1616380006308,48.07901234567901
1772909268,10,POST,/api/chains/{id}/deactivate,12.800000,0.100000,2,3,4,6,14,17,26,77,81,81,81,404,1,2,11.609743255008869,1.1722380004357547,1405.8152420002443,60.78465346534654
1772909268,10,POST,/api/plugins/batch/parameters (500 updates),9.500000,0.000000,9,14,18,20,50,100,260,270,270,270,270,197,0,9,44.97479526395496,3.161524999086396,1316.1582419998012,838.2994923857868
1772909268,10,GET,/api/plugins/discover,0.000000,0.000000,23,23,23,23,23,23,23,23,23,23,23,70,0,20,76.56812508581164,10.701784000048065,1358.751202998974,85406.0
1772909268,10,GET,/api/plugins/list,0.000000,0.000000,7,7,7,7,7,7,7,7,7,7,7,70,0,3,14.740005014287558,1.11992799975269,281.3051960001758,39.857142857142854
1772909268,10,POST,/api/plugins/load?uri,4.600000,0.000000,3,6,11,14,20,75,88,88,88,88,88,141,0,3,13.52940927650152,1.3546099999075523,383.19910899917886,2257.113475177305
1772909268,10,POST,/api/plugins/unload?uri,4.600000,0.000000,2,2,3,3,21,300,350,350,350,350,350,141,0,2,14.756808929110349,1.2049149991071317,352.3655230001168,84.48936170212765
1772909268,10,,Aggregated,113.800000,0.200000,4,7,11,13,22,76,250,300,350,360,360,3582,3,4,25.011196477677696,1.0556590004853206,1429.0198010003223,1943.5072585147961
1772909269,10,GET,/api/audio/latency,17.200000,0.000000,3,5,9,16,21,75,290,310,310,310,310,495,0,2,16.33656868691491,1.0609750006551621,1355.4446540001663,33.0
1772909269,10,GET,/api/audio/levels,17.200000,0.000000,5,11,14,20,77,190,250,260,290,290,290,496,0,5,39.77872878221528,1.0556590004853206,1349.7102880010061,73.0
1772909269,10,GET,/api/audio/levels (during plugin swap),4.600000,0.000000,6,11,18,34,62,98,170,170,170,170,170,145,0,5,20.83955733785466,1.0885890005738474,278.16612099923077,73.0
1772909269,10,GET,/api/audio/levels/plugins,4.600000,0.000000,2,3,4,11,22,78,350,350,350,350,350,141,0,2,20.706459758828533,1.0582300001260592,368.04442100037704,14.0
1772909269,10,GET,/api/audio/status,12.800000,0.000000,2,3,3,5,10,23,310,310,350,350,350,405,0,2,15.003968762993068,1.0755269995570416,1363.4259209993616,168.0
1772909269,10,GET,/api/chains/,0.000000,0.000000,210,210,210,210,210,210,210,210,210,210,210,70,0,9,41.8330521000306,1.379286999508622,350.281727998663,1448.3
1772909269,10,GET,/api/chains/{id},13.000000,0.000000,8,11,15,18,48,79,230,260,360,360,360,408,0,9,37.2359537941743,3.3184989988512825,1429.0198010003223,508.96813725490193
1772909269,10,POST,/api/chains/{id}/activate,12.900000,0.100000,5,8,11,12,20,75,91,100,310,310,310,407,2,6,20.270755361180044,1.187234998724307,1416.1616380006308,48.076167076167074
1772909269,10,POST,/api/chains/{id}/deactivate,12.800000,0.100000,2,3,5,8,14,17,26,77,81,81,81,404,1,2,11.609743255008869,1.1722380004357547,1405.8152420002443,60.78465346534654
1772909269,10,POST,/api/plugins/batch/parameters (500 updates),9.500000,0.000000,9,13,17,18,52,100,260,270,270,270,270,197,0,9,44.97479526395496,3.161524999086396,1316.1582419998012,838.2994923857868
1772909269,10,GET,/api/plugins/discover,0.000000,0.000000,23,23,23,23,23,23,23,23,23,23,23,70,0,20,76.56812508581164,10.701784000048065,1358.751202998974,85406.0
1772909269,10,GET,/api/plugins/list,0.000000,0.000000,7,7,7,7,7,7,7,7,7,7,7,70,0,3,14.740005014287558,1.11992799975269,281.3051960001758,39.857142857142854
1772909269,10,POST,/api/plugins/load?uri,4.600000,0.000000,3,7,15,17,74,76,88,88,88,88,88,143,0,3,14.377315545354284,1.3546099999075523,383.19910899917886,2239.916083916084
1772909269,10,POST,/api/plugins/unload?uri,4.600000,0.000000,2,2,3,3,21,300,350,350,350,350,350,141,0,2,14.756808929110349,1.2049149991071317,352.3655230001168,84.48936170212765
1772909269,10,,Aggregated,113.800000,0.200000,4,7,11,14,26,79,250,310,350,360,360,3592,3,4,25.13479716677144,1.0556590004853206,1429.0198010003223,1938.998329621381
1772909270,10,GET,/api/audio/latency,18.500000,0.000000,3,5,9,16,22,88,310,310,1400,1400,1400,514,0,2,18.51496397864815,1.0609750006551621,1355.6703150006797,33.0
1772909270,10,GET,/api/audio/levels,18.500000,0.000000,5,12,18,23,79,210,250,290,1100,1100,1100,514,0,5,40.84106034237273,1.0556590004853206,1349.7102880010061,73.0
1772909270,10,GET,/api/audio/levels (during plugin swap),4.700000,0.000000,5,11,18,34,62,99,170,170,170,170,170,146,0,5,20.813292568425524,1.0885890005738474,278.16612099923077,73.0
1772909270,10,GET,/api/audio/levels/plugins,4.700000,0.000000,2,5,19,22,310,1400,1400,1400,1400,1400,1400,146,0,2,38.83020817803511,1.0582300001260592,1355.9363320000557,14.0
1772909270,10,GET,/api/audio/status,13.100000,0.000000,2,3,5,6,11,290,350,1300,1400,1400,1400,415,0,2,21.163101860262273,1.0755269995570416,1363.4259209993616,168.0
1772909270,10,GET,/api/chains/,0.000000,0.000000,210,210,210,210,210,210,210,210,210,210,210,70,0,9,41.8330521000306,1.379286999508622,350.281727998663,1448.3
1772909270,10,GET,/api/chains/{id},12.900000,0.000000,8,11,15,18,48,92,230,260,360,360,360,415,0,9,36.83509221451261,3.3184989988512825,1429.0198010003223,510.44096385542167
1772909270,10,POST,/api/chains/{id}/activate,13.000000,0.100000,5,9,12,15,23,88,100,310,1300,1300,1300,415,2,6,23.332741624099402,1.187234998724307,1416.1616380006308,48.00481927710843
1772909270,10,POST,/api/chains/{id}/deactivate,13.200000,0.100000,2,3,5,9,16,21,77,81,1400,1400,1400,415,1,2,14.733495072343146,1.1722380004357547,1405.8152420002443,60.69638554216868
1772909270,10,POST,/api/plugins/batch/parameters (500 updates),9.700000,0.000000,8,13,17,19,52,180,260,270,270,270,270,202,0,9,43.99300059404676,3.161524999086396,1316.1582419998012,839.1039603960396
1772909270,10,GET,/api/plugins/discover,0.000000,0.000000,23,23,23,23,23,23,23,23,23,23,23,70,0,20,76.56812508581164,10.701784000048065,1358.751202998974,85406.0
1772909270,10,GET,/api/plugins/list,0.000000,0.000000,7,7,7,7,7,7,7,7,7,7,7,70,0,3,14.740005014287558,1.11992799975269,281.3051960001758,39.857142857142854
1772909270,10,POST,/api/plugins/load?uri,4.700000,0.000000,3,7,17,72,77,1400,1400,1400,1400,1400,1400,146,0,3,32.65690616429821,1.3546099999075523,1355.8671660011896,2256.321917808219
1772909270,10,POST,/api/plugins/unload?uri,4.700000,0.000000,2,2,8,15,73,350,350,350,350,350,350,146,0,2,14.546062363042937,1.2049149991071317,352.3655230001168,84.37671232876713
1772909270,10,,Aggregated,117.700000,0.200000,4,8,12,16,37,94,310,360,1400,1400,1400,3684,3,4,28.27953003774201,1.0556590004853206,1429.0198010003223,1896.7649294245386
1772909271,10,GET,/api/audio/latency,19.300000,0.000000,2,4,7,10,18,25,290,290,1400,1400,1400,540,0,2,17.759297679674123,1.0609750006551621,1355.6703150006797,33.0
1772909271,10,GET,/api/audio/levels,19.400000,0.000000,3,8,14,18,63,190,250,290,1100,1100,1100,540,0,5,39.07088283885295,1.0556590004853206,1349.7102880010061,73.0
1772909271,10,GET,/api/audio/levels (during plugin swap),5.200000,0.000000,5,11,17,34,48,65,170,170,170,170,170,149,0,5,20.48412607375774,1.083556000594399,278.16612099923077,73.0
1772909271,10,GET,/api/audio/levels/plugins,4.800000,0.000000,2,5,19,21,78,1400,1400,1400,1400,1400,1400,149,0,2,38.12318855700337,1.0582300001260592,1355.9363320000557,14.0
1772909271,10,GET,/api/audio/status,14.000000,0.000000,2,3,5,7,10,23,350,1300,1400,1400,1400,437,0,2,20.359085416494388,1.0755269995570416,1363.4259209993616,168.0
1772909271,10,GET,/api/chains/,0.000000,0.000000,0,0,0,0,0,0,0,0,0,0,0,70,0,9,41.8330521000306,1.379286999508622,350.281727998663,1448.3
1772909271,10,GET,/api/chains/{id},14.300000,0.000000,9,12,15,17,25,79,230,260,360,360,360,437,0,9,35.58906992452492,3.3184989988512825,1429.0198010003223,507.94508009153316
1772909271,10,POST,/api/chains/{id}/activate,14.200000,0.000000,5,9,12,14,20,26,91,100,1300,1300,1300,437,2,6,22.513791972537557,1.187234998724307,1416.1616380006308,48.09382151029748
1772909271,10,POST,/api/chains/{id}/deactivate,13.900000,0.000000,2,3,5,9,15,19,77,81,1400,1400,1400,437,1,2,14.277350922257403,1.1722380004357547,1405.8152420002443,60.76201372997712
1772909271,10,POST,/api/plugins/batch/parameters (500 updates),9.900000,0.000000,9,13,16,18,26,57,190,270,270,270,270,218,0,8,41.4655185687738,3.161524999086396,1316.1582419998012,838.9862385321101
1772909271,10,GET,/api/plugins/discover,0.000000,0.000000,0,0,0,0,0,0,0,0,0,0,0,70,0,20,76.56812508581164,10.701784000048065,1358.751202998974,85406.0
1772909271,10,GET,/api/plugins/list,0.000000,0.000000,0,0,0,0,0,0,0,0,0,0,0,70,0,3,14.740005014287558,1.11992799975269,281.3051960001758,39.857142857142854
1772909271,10,POST,/api/plugins/load?uri,5.000000,0.000000,3,7,17,20,76,1400,1400,1400,1400,1400,1400,149,0,3,32.140456503265455,1.3546099999075523,1355.8671660011896,2245.6174496644294
1772909271,10,POST,/api/plugins/unload?uri,4.800000,0.000000,2,2,8,11,73,350,350,350,350,350,350,149,0,2,14.363202201375376,1.2049149991071317,352.3655230001168,84.53691275167785
1772909271,10,,Aggregated,124.800000,0.000000,4,8,11,14,23,75,260,350,1400,1400,1400,3852,3,4,27.31990437124406,1.0556590004853206,1429.0198010003223,1823.9470404984424
1772909272,10,GET,/api/audio/latency,17.200000,0.000000,2,4,8,14,22,74,290,320,1400,1400,1400,555,0,2,18.374746135173933,1.0609750006551621,1355.6703150006797,33.0
1772909272,10,GET,/api/audio/levels,17.300000,0.000000,4,10,15,20,77,190,250,290,1100,1100,1100,555,0,5,38.99889933329161,1.0556590004853206,1349.7102880010061,73.0
1772909272,10,GET,/api/audio/levels (during plugin swap),4.600000,0.000000,10,17,34,46,170,300,300,300,300,300,300,153,0,5,25.246364326734444,1.083556000594399,299.972462000369,73.0
1772909272,10,GET,/api/audio/levels/plugins,4.200000,0.000000,3,6,19,21,78,1400,1400,1400,1400,1400,1400,153,0,2,37.47283649671076,1.0582300001260592,1355.9363320000557,14.0
1772909272,10,GET,/api/audio/status,12.600000,0.000000,2,3,5,7,11,78,350,1300,1400,1400,1400,443,0,2,20.85961010385171,1.0755269995570416,1363.4259209993616,168.0
1772909272,10,GET,/api/chains/,0.000000,0.000000,0,0,0,0,0,0,0,0,0,0,0,70,0,9,41.8330521000306,1.379286999508622,350.281727998663,1448.3
1772909272,10,GET,/api/chains/{id},12.900000,0.000000,9,13,15,18,48,120,230,260,360,360,360,443,0,9,35.71757204518027,3.3184989988512825,1429.0198010003223,507.4469525959368
1772909272,10,POST,/api/chains/{id}/activate,12.800000,0.000000,6,11,12,15,22,75,91,100,1300,1300,1300,443,2,6,22.541675410830724,1.187234998724307,1416.1616380006308,48.0293453724605
1772909272,10,POST,/api/chains/{id}/deactivate,12.500000,0.000000,2,4,5,9,16,21,77,81,1400,1400,1400,443,1,2,14.178168334146328,1.1722380004357547,1405.8152420002443,60.72234762979684
1772909272,10,POST,/api/plugins/batch/parameters (500 updates),8.600000,0.000000,9,15,19,24,59,110,230,270,270,270,270,234,0,9,41.61629710252339,3.161524999086396,1316.1582419998012,838.6794871794872
1772909272,10,GET,/api/plugins/discover,0.000000,0.000000,0,0,0,0,0,0,0,0,0,0,0,70,0,20,76.56812508581164,10.701784000048065,1358.751202998974,85406.0
1772909272,10,GET,/api/plugins/list,0.000000,0.000000,0,0,0,0,0,0,0,0,0,0,0,70,0,3,14.740005014287558,1.11992799975269,281.3051960001758,39.857142857142854
1772909272,10,POST,/api/plugins/load?uri,4.400000,0.000000,4,17,36,72,77,1400,1400,1400,1400,1400,1400,153,0,3,34.07429417636783,1.3546099999075523,1355.8671660011896,2212.5555555555557
1772909272,10,POST,/api/plugins/unload?uri,4.200000,0.000000,2,4,7,11,73,350,350,350,350,350,350,153,0,2,14.121486424877718,1.2049149991071317,352.3655230001168,84.43137254901961
1772909272,10,,Aggregated,111.300000,0.000000,4,9,13,16,35,99,290,360,1400,1400,1400,3938,3,4,27.730077232103003,1.0556590004853206,1429.0198010003223,1790.203656678517
1772909273,10,GET,/api/audio/latency,17.900000,0.000000,2,4,6,10,18,74,290,320,1400,1400,1400,575,0,2,17.838267586127547,1.0579079989838647,1355.6703150006797,33.0
1772909273,10,GET,/api/audio/levels,17.900000,0.000000,4,8,14,15,44,110,190,250,1100,1100,1100,575,0,5,37.771693401699174,1.0556590004853206,1349.7102880010061,73.0
1772909273,10,GET,/api/audio/levels (during plugin swap),4.200000,0.000000,4,11,18,34,170,300,300,300,300,300,300,156,0,5,24.798836224293225,1.083556000594399,299.972462000369,73.0
1772909273,10,GET,/api/audio/levels/plugins,4.200000,0.000000,2,5,11,19,22,1400,1400,1400,1400,1400,1400,156,0,2,37.014964999973294,1.0582300001260592,1355.9363320000557,14.0
1772909273,10,GET,/api/audio/status,12.700000,0.000000,2,4,5,7,10,23,320,1300,1400,1400,1400,466,0,2,19.998551070812066,1.0755269995570416,1363.4259209993616,168.0
1772909273,10,GET,/api/chains/,0.000000,0.000000,0,0,0,0,0,0,0,0,0,0,0,70,0,9,41.8330521000306,1.379286999508622,350.281727998663,1448.3
1772909273,10,GET,/api/chains/{id},12.700000,0.000000,9,12,15,17,25,92,210,230,260,260,260,466,0,9,34.44464925538075,3.3184989988512825,1429.0198010003223,507.77896995708153
1772909273,10,POST,/api/chains/{id}/activate,12.700000,0.000000,6,10,13,15,20,58,91,100,1300,1300,1300,466,2,6,21.817913373380364,1.187234998724307,1416.1616380006308,48.08369098712446
1772909273,10,POST,/api/chains/{id}/deactivate,12.700000,0.000000,2,4,6,9,14,19,30,81,1400,1400,1400,466,1,2,13.737315555846676,1.1722380004357547,1405.8152420002443,60.78540772532189
1772909273,10,POST,/api/plugins/batch/parameters (500 updates),8.900000,0.000000,10,15,20,24,57,110,230,270,270,270,270,249,0,9,39.943082991910444,3.161524999086396,1316.1582419998012,841.6425702811244
1772909273,10,GET,/api/plugins/discover,0.000000,0.000000,0,0,0,0,0,0,0,0,0,0,0,70,0,20,76.56812508581164,10.701784000048065,1358.751202998974,85406.0
1772909273,10,GET,/api/plugins/list,0.000000,0.000000,0,0,0,0,0,0,0,0,0,0,0,70,0,3,14.740005014287558,1.11992799975269,281.3051960001758,39.857142857142854
1772909273,10,POST,/api/plugins/load?uri,4.200000,0.000000,3,13,33,37,76,1400,1400,1400,1400,1400,1400,156,0,3,33.7631253140059,1.3546099999075523,1355.8671660011896,2191.647435897436
1772909273,10,POST,/api/plugins/unload?uri,4.200000,0.000000,2,2,4,5,11,20,300,300,300,300,300,156,0,2,13.901972769289364,1.2049149991071317,352.3655230001168,84.25
1772909273,10,,Aggregated,112.300000,0.000000,4,8,11,14,24,76,250,320,1400,1400,1400,4097,3,4,26.91223195313655,1.0556590004853206,1429.0198010003223,1729.8921161825726
1772909274,10,GET,/api/audio/latency,18.700000,0.000000,2,4,7,11,18,37,98,320,1400,1400,1400,590,0,2,17.565098532241343,1.0579079989838647,1355.6703150006797,33.0
1772909274,10,GET,/api/audio/levels,18.700000,0.000000,3,7,12,15,51,98,190,250,1100,1100,1100,590,0,5,37.26169271521323,1.0556590004853206,1349.7102880010061,73.0
1772909274,10,GET,/api/audio/levels (during plugin swap),4.000000,0.000000,4,12,19,26,51,190,300,300,300,300,300,165,0,5,24.166435781752984,1.083556000594399,299.972462000369,73.0
1772909274,10,GET,/api/audio/levels/plugins,4.000000,0.000000,3,6,14,17,20,35,1400,1400,1400,1400,1400,165,0,2,35.320138921187294,1.0582300001260592,1355.9363320000557,14.0
1772909274,10,GET,/api/audio/status,13.400000,0.000000,2,4,5,7,10,21,320,1300,1400,1400,1400,477,0,2,19.617514920334486,1.0755269995570416,1363.4259209993616,168.0
1772909274,10,GET,/api/chains/,0.000000,0.000000,0,0,0,0,0,0,0,0,0,0,0,70,0,9,41.8330521000306,1.379286999508622,350.281727998663,1448.3
1772909274,10,GET,/api/chains/{id},13.400000,0.000000,9,13,15,18,26,75,110,120,200,200,200,477,0,9,34.266071662495506,3.3184989988512825,1429.0198010003223,507.230607966457
1772909274,10,POST,/api/chains/{id}/activate,13.400000,0.000000,6,10,12,15,20,58,91,100,1300,1300,1300,477,2,6,21.583027790340786,1.187234998724307,1416.1616380006308,47.939203354297696
1772909274,10,POST,/api/chains/{id}/deactivate,13.400000,0.000000,2,4,7,10,14,19,30,81,1400,1400,1400,477,1,2,13.515003738003605,1.1722380004357547,1405.8152420002443,60.81341719077568
1772909274,10,POST,/api/plugins/batch/parameters (500 updates),9.500000,0.000000,10,16,20,24,52,63,110,140,230,230,230,263,0,9,39.28599553986396,3.161524999086396,1316.1582419998012,842.8174904942965
1772909274,10,GET,/api/plugins/discover,0.000000,0.000000,0,0,0,0,0,0,0,0,0,0,0,70,0,20,76.56812508581164,10.701784000048065,1358.751202998974,85406.0
1772909274,10,GET,/api/plugins/list,0.000000,0.000000,0,0,0,0,0,0,0,0,0,0,0,70,0,3,14.740005014287558,1.11992799975269,281.3051960001758,39.857142857142854
1772909274,10,POST,/api/plugins/load?uri,4.000000,0.000000,5,11,17,36,74,320,1400,1400,1400,1400,1400,165,0,3,32.31100155749256,1.3546099999075523,1355.8671660011896,2299.690909090909
1772909274,10,POST,/api/plugins/unload?uri,4.000000,0.000000,2,3,4,5,11,15,300,300,300,300,300,165,0,2,13.324636709159787,1.2049149991071317,352.3655230001168,84.35757575757576
1772909274,10,,Aggregated,116.500000,0.000000,4,8,11,14,24,74,190,320,1400,1400,1400,4221,3,4,26.484080406539793,1.0556590004853206,1429.0198010003223,1693.5501066098082
1772909275,10,GET,/api/audio/latency,17.800000,0.000000,2,4,10,13,19,74,98,320,1400,1400,1400,597,0,2,17.56948203353449,1.0579079989838647,1355.6703150006797,33.0
1772909275,10,GET,/api/audio/levels,17.800000,0.000000,4,10,16,23,75,190,250,380,1100,1100,1100,597,0,5,38.77561335004058,1.0556590004853206,1349.7102880010061,73.0
1772909275,10,GET,/api/audio/levels (during plugin swap),4.100000,0.000000,6,19,42,48,160,300,300,300,300,300,300,168,0,5,25.94539563088325,1.083556000594399,299.972462000369,73.0
1772909275,10,GET,/api/audio/levels/plugins,4.000000,0.000000,4,7,16,19,22,1400,1400,1400,1400,1400,1400,168,0,2,34.78315026188197,1.0582300001260592,1355.9363320000557,14.0
1772909275,10,GET,/api/audio/status,12.800000,0.000000,2,5,7,8,11,76,320,1300,1400,1400,1400,481,0,2,19.538310471934533,1.0755269995570416,1363.4259209993616,168.0
1772909275,10,GET,/api/chains/,0.000000,0.000000,0,0,0,0,0,0,0,0,0,0,0,70,0,9,41.8330521000306,1.379286999508622,350.281727998663,1448.3
1772909275,10,GET,/api/chains/{id},12.900000,0.000000,10,15,18,22,56,90,110,120,200,200,200,482,0,9,34.667647456456,3.3184989988512825,1429.0198010003223,505.7448132780083
1772909275,10,POST,/api/chains/{id}/activate,12.800000,0.000000,6,11,14,16,28,82,100,400,1300,1300,1300,481,2,6,22.488821413709367,1.187234998724307,1416.1616380006308,47.935550935550935
1772909275,10,POST,/api/chains/{id}/deactivate,12.700000,0.000000,3,4,9,11,17,21,380,390,1400,1400,1400,481,1,2,15.056937773445416,1.1722380004357547,1405.8152420002443,60.71933471933472
1772909275,10,POST,/api/plugins/batch/parameters (500 updates),9.100000,0.000000,10,18,24,25,57,99,230,340,340,340,340,267,0,9,40.24528871154922,3.161524999086396,1316.1582419998012,842.2958801498128
1772909275,10,GET,/api/plugins/discover,0.000000,0.000000,0,0,0,0,0,0,0,0,0,0,0,70,0,20,76.56812508581164,10.701784000048065,1358.751202998974,85406.0
1772909275,10,GET,/api/plugins/list,0.000000,0.000000,0,0,0,0,0,0,0,0,0,0,0,70,0,3,14.740005014287558,1.11992799975269,281.3051960001758,39.857142857142854
1772909275,10,POST,/api/plugins/load?uri,4.000000,0.000000,9,16,33,37,76,1400,1400,1400,1400,1400,1400,168,0,4,31.993075458255287,1.3546099999075523,1355.8671660011896,2309.4821428571427
1772909275,10,POST,/api/plugins/unload?uri,4.000000,0.000000,2,4,5,5,15,300,390,390,390,390,390,168,0,2,15.428851595288506,1.2049149991071317,386.18369699906907,84.28571428571429
1772909275,10,,Aggregated,112.000000,0.000000,5,10,13,16,37,90,300,400,1400,1400,1400,4268,3,4,27.18835984512669,1.0556590004853206,1429.0198010003223,1678.6258200562324
1772909276,10,GET,/api/audio/latency,17.300000,0.000000,2,4,10,11,18,24,97,320,1400,1400,1400,632,0,2,17.03987925635904,1.0579079989838647,1355.6703150006797,33.0
1772909276,10,GET,/api/audio/levels,17.300000,0.000000,4,10,15,22,68,240,310,380,1100,1100,1100,632,0,5,40.141358943001364,1.0556590004853206,1349.7102880010061,73.0
1772909276,10,GET,/api/audio/levels (during plugin swap),4.500000,0.000000,7,19,34,46,160,300,300,300,300,300,300,171,0,5,25.594949257235083,1.083556000594399,299.972462000369,73.0
1772909276,10,GET,/api/audio/levels/plugins,4.500000,0.000000,4,7,14,19,22,1400,1400,1400,1400,1400,1400,171,0,2,34.2035082280612,1.0582300001260592,1355.9363320000557,14.0
1772909276,10,GET,/api/audio/status,13.600000,0.000000,2,4,5,8,10,15,320,1300,1400,1400,1400,498,0,2,19.014584658643834,1.0755269995570416,1363.4259209993616,168.0
1772909276,10,GET,/api/chains/,0.000000,0.000000,0,0,0,0,0,0,0,0,0,0,0,70,0,9,41.8330521000306,1.379286999508622,350.281727998663,1448.3
1772909276,10,GET,/api/chains/{id},13.600000,0.000000,10,15,17,23,55,90,120,270,280,280,280,498,0,9,34.998356000022135,3.3184989988512825,1429.0198010003223,504.1847389558233
1772909276,10,POST,/api/chains/{id}/activate,13.600000,0.000000,6,11,14,15,25,79,360,400,1300,1300,1300,498,2,6,22.728657570275598,1.187234998724307,1416.1616380006308,47.84538152610442
1772909276,10,POST,/api/chains/{id}/deactivate,13.600000,0.000000,2,4,7,9,14,19,380,390,1400,1400,1400,498,1,2,14.687005827361272,1.1722380004357547,1405.8152420002443,60.76305220883534
1772909276,10,POST,/api/plugins/batch/parameters (500 updates),10.400000,0.000000,9,15,21,24,56,99,230,340,340,340,340,275,0,9,39.23465175994021,3.161524999086396,1316.1582419998012,844.12
1772909276,10,GET,/api/plugins/discover,0.000000,0.000000,0,0,0,0,0,0,0,0,0,0,0,70,0,20,76.56812508581164,10.701784000048065,1358.751202998974,85406.0
1772909276,10,GET,/api/plugins/list,0.000000,0.000000,0,0,0,0,0,0,0,0,0,0,0,70,0,3,14.740005014287558,1.11992799975269,281.3051960001758,39.857142857142854
1772909276,10,POST,/api/plugins/load?uri,4.500000,0.000000,9,16,24,36,76,1400,1400,1400,1400,1400,1400,171,0,4,31.514068023319616,1.3546099999075523,1355.8671660011896,2290.7660818713452
1772909276,10,POST,/api/plugins/unload?uri,4.500000,0.000000,2,4,4,5,12,20,390,390,390,390,390,171,0,2,15.184838520534022,1.2049149991071317,386.18369699906907,84.19298245614036
1772909276,10,,Aggregated,117.400000,0.000000,4,9,12,15,31,84,310,400,1400,1400,1400,4425,3,4,27.116485559098727,1.0556590004853206,1429.0198010003223,1625.2081355932203
1772909277,10,GET,/api/audio/latency,17.200000,0.000000,2,4,10,12,23,67,97,320,1400,1400,1400,652,0,2,17.128409435615023,1.0579079989838647,1355.6703150006797,33.0
1772909277,10,GET,/api/audio/levels,17.100000,0.000000,4,11,16,24,75,240,310,380,1100,1100,1100,652,0,5,39.417766565915414,1.0556590004853206,1349.7102880010061,73.0
1772909277,10,GET,/api/audio/levels (during plugin swap),4.500000,0.000000,10,21,42,51,160,300,300,300,300,300,300,175,0,5,25.172567971364646,1.083556000594399,299.972462000369,73.0
1772909277,10,GET,/api/audio/levels/plugins,4.500000,0.000000,4,7,14,19,20,1400,1400,1400,1400,1400,1400,175,0,2,33.45064949141358,1.0582300001260592,1355.9363320000557,14.0
1772909277,10,GET,/api/audio/status,13.700000,0.000000,2,5,6,8,11,17,320,1300,1400,1400,1400,509,0,2,18.684945389009624,1.0755269995570416,1363.4259209993616,168.0
1772909277,10,GET,/api/chains/,0.000000,0.000000,0,0,0,0,0,0,0,0,0,0,0,70,0,9,41.8330521000306,1.379286999508622,350.281727998663,1448.3
1772909277,10,GET,/api/chains/{id},13.700000,0.000000,10,15,18,23,56,92,120,270,280,280,280,510,0,9,34.419277596098965,3.3184989988512825,1429.0198010003223,504.74117647058824
1772909277,10,POST,/api/chains/{id}/activate,13.700000,0.000000,6,11,15,16,26,82,360,400,1300,1300,1300,509,2,6,22.346640257360814,1.187234998724307,1416.1616380006308,47.81335952848723
1772909277,10,POST,/api/chains/{id}/deactivate,13.500000,0.000000,2,5,8,10,15,21,380,390,1400,1400,1400,509,1,2,14.478289673921477,1.1722380004357547,1405.8152420002443,60.74066797642436
1772909277,10,POST,/api/plugins/batch/parameters (500 updates),10.300000,0.000000,10,14,19,24,41,99,230,340,340,340,340,283,0,9,38.544815363894735,3.161524999086396,1316.1582419998012,843.3250883392226
1772909277,10,GET,/api/plugins/discover,0.000000,0.000000,0,0,0,0,0,0,0,0,0,0,0,70,0,20,76.56812508581164,10.701784000048065,1358.751202998974,85406.0
1772909277,10,GET,/api/plugins/list,0.000000,0.000000,0,0,0,0,0,0,0,0,0,0,0,70,0,3,14.740005014287558,1.11992799975269,281.3051960001758,39.857142857142854
1772909277,10,POST,/api/plugins/load?uri,4.500000,0.000000,10,17,33,37,76,1400,1400,1400,1400,1400,1400,175,0,3,30.882749925648177,1.3546099999075523,1355.8671660011896,2260.9314285714286
1772909277,10,POST,/api/plugins/unload?uri,4.400000,0.000000,3,4,5,5,12,20,390,390,390,390,390,174,0,2,14.9457096494889,1.2049149991071317,386.18369699906907,84.14942528735632
1772909277,10,,Aggregated,117.100000,0.000000,4,10,13,16,36,90,320,400,1400,1400,1400,4533,3,4,26.730339320320734,1.0556590004853206,1429.0198010003223,1591.457754246636
1772909278,10,GET,/api/audio/latency,17.100000,0.000000,2,4,10,11,22,67,97,320,1400,1400,1400,679,0,2,16.716838206218505,1.0579079989838647,1355.6703150006797,33.0
1772909278,10,GET,/api/audio/levels,17.100000,0.000000,4,10,16,22,74,240,310,380,1100,1100,1100,679,0,5,38.61800441086316,1.0556590004853206,1349.7102880010061,73.0
1772909278,10,GET,/api/audio/levels (during plugin swap),4.100000,0.000000,10,21,34,46,160,190,300,300,300,300,300,181,0,5,25.201665767896948,1.083556000594399,299.972462000369,73.0
1772909278,10,GET,/api/audio/levels/plugins,4.100000,0.000000,4,6,8,14,20,35,1400,1400,1400,1400,1400,181,0,2,32.42190596130606,1.0582300001260592,1355.9363320000557,14.0
1772909278,10,GET,/api/audio/status,12.300000,0.000000,2,5,6,8,10,17,320,1300,1400,1400,1400,526,0,2,18.22998970342805,1.0755269995570416,1363.4259209993616,168.0
1772909278,10,GET,/api/chains/,0.000000,0.000000,0,0,0,0,0,0,0,0,0,0,0,70,0,9,41.8330521000306,1.379286999508622,350.281727998663,1448.3
1772909278,10,GET,/api/chains/{id},12.100000,0.000000,10,15,19,26,79,120,270,280,300,300,300,526,0,9,35.49238630040571,3.3184989988512825,1429.0198010003223,501.9980988593156
1772909278,10,POST,/api/chains/{id}/activate,12.200000,0.000000,6,11,15,17,32,82,360,400,1300,1300,1300,526,2,6,22.65711888401559,1.187234998724307,1416.1616380006308,47.77946768060836
1772909278,10,POST,/api/chains/{id}/deactivate,12.300000,0.000000,2,5,8,10,16,20,380,390,1400,1400,1400,526,1,2,14.211395996236092,1.1722380004357547,1405.8152420002443,60.78136882129277
1772909278,10,POST,/api/plugins/batch/parameters (500 updates),9.700000,0.000000,10,14,19,24,41,99,200,230,340,340,340,295,0,9,38.10252452197547,3.161524999086396,1316.1582419998012,843.4338983050848
1772909278,10,GET,/api/plugins/discover,0.000000,0.000000,0,0,0,0,0,0,0,0,0,0,0,70,0,20,76.56812508581164,10.701784000048065,1358.751202998974,85406.0
1772909278,10,GET,/api/plugins/list,0.000000,0.000000,0,0,0,0,0,0,0,0,0,0,0,70,0,3,14.740005014287558,1.11992799975269,281.3051960001758,39.857142857142854
1772909278,10,POST,/api/plugins/load?uri,4.100000,0.000000,9,16,24,36,72,320,1400,1400,1400,1400,1400,181,0,3,30.25945382865978,1.3438719997793669,1355.8671660011896,2313.8508287292816
1772909278,10,POST,/api/plugins/unload?uri,4.100000,0.000000,2,4,5,5,12,20,390,390,390,390,390,181,0,2,16.29714692822765,1.2049149991071317,386.18369699906907,84.4475138121547
1772909278,10,,Aggregated,109.200000,0.000000,4,9,13,16,35,97,310,390,1400,1400,1400,4691,3,4,26.570007557024432,1.0556590004853206,1429.0198010003223,1548.2283095288851
1772909279,10,GET,/api/audio/latency,18.100000,0.000000,2,3,9,11,21,49,69,98,1400,1400,1400,708,0,2,16.136205272630697,1.0579079989838647,1355.6703150006797,33.0
1772909279,10,GET,/api/audio/levels,18.200000,0.000000,3,7,14,17,67,240,310,340,1100,1100,1100,708,0,4,37.21080355786131,1.0556590004853206,1349.7102880010061,73.0
1772909279,10,GET,/api/audio/levels (during plugin swap),4.000000,0.000000,5,15,21,26,160,190,300,300,300,300,300,188,0,5,24.425904372279508,1.0734289990068646,299.972462000369,73.0
1772909279,10,GET,/api/audio/levels/plugins,4.000000,0.000000,3,5,7,8,20,35,1400,1400,1400,1400,1400,188,0,2,31.270741292526974,1.0543739990680479,1355.9363320000557,14.0
1772909279,10,GET,/api/audio/status,12.800000,0.000000,2,5,6,8,11,17,320,1300,1400,1400,1400,539,0,2,17.895714072363596,1.0755269995570416,1363.4259209993616,168.0
1772909279,10,GET,/api/chains/,0.000000,0.000000,0,0,0,0,0,0,0,0,0,0,0,70,0,9,41.8330521000306,1.379286999508622,350.281727998663,1448.3
1772909279,10,GET,/api/chains/{id},12.800000,0.000000,10,15,18,23,56,120,270,280,300,300,300,539,0,9,34.860581723586385,3.1773649989190744,1429.0198010003223,500.6753246753247
1772909279,10,POST,/api/chains/{id}/activate,12.800000,0.000000,5,11,15,16,25,58,360,400,1300,1300,1300,539,2,5,22.203457467519318,1.187234998724307,1416.1616380006308,47.65677179962894
1772909279,10,POST,/api/chains/{id}/deactivate,12.800000,0.000000,3,5,8,10,15,20,380,390,1400,1400,1400,538,1,2,13.962362622721287,1.1722380004357547,1405.8152420002443,60.80855018587361
1772909279,10,POST,/api/plugins/batch/parameters (500 updates),10.100000,0.000000,9,13,18,21,41,99,200,230,340,340,340,307,0,9,36.884190863135736,3.161524999086396,1316.1582419998012,844.8110749185668
1772909279,10,GET,/api/plugins/discover,0.000000,0.000000,0,0,0,0,0,0,0,0,0,0,0,70,0,20,76.56812508581164,10.701784000048065,1358.751202998974,85406.0
1772909279,10,GET,/api/plugins/list,0.000000,0.000000,0,0,0,0,0,0,0,0,0,0,0,70,0,3,14.740005014287558,1.11992799975269,281.3051960001758,39.857142857142854
1772909279,10,POST,/api/plugins/load?uri,4.000000,0.000000,5,10,15,24,39,320,1400,1400,1400,1400,1400,188,0,3,29.268488425462603,1.3308609995874576,1355.8671660011896,2335.691489361702
1772909279,10,POST,/api/plugins/unload?uri,4.000000,0.000000,2,3,4,5,12,20,390,390,390,390,390,188,0,2,15.755208319205849,1.1973770015174523,386.18369699906907,84.25
1772909279,10,,Aggregated,113.600000,0.000000,4,8,12,15,26,84,310,390,1400,1400,1400,4840,3,4,25.880887205370946,1.0543739990680479,1429.0198010003223,1509.7353305785125
1772909280,10,GET,/api/audio/latency,17.900000,0.000000,2,3,10,11,22,50,72,98,320,320,320,709,0,2,16.215414479580748,1.0579079989838647,1355.6703150006797,33.0
1772909280,10,GET,/api/audio/levels,17.900000,0.000000,3,7,12,16,70,240,310,340,380,380,380,709,0,4,37.16640808881124,1.0556590004853206,1349.7102880010061,73.0
1772909280,10,GET,/api/audio/levels (during plugin swap),3.700000,0.000000,5,16,21,26,160,190,300,300,300,300,300,189,0,5,24.382957375603226,1.0734289990068646,299.972462000369,73.0
1772909280,10,GET,/api/audio/levels/plugins,3.700000,0.000000,2,4,6,6,14,20,35,35,35,35,35,189,0,2,31.137901592561445,1.0543739990680479,1355.9363320000557,14.0
1772909280,10,GET,/api/audio/status,12.300000,0.000000,2,5,7,8,10,12,20,21,320,320,320,541,0,2,17.86312895194673,1.0755269995570416,1363.4259209993616,168.0
1772909280,10,GET,/api/chains/,0.000000,0.000000,0,0,0,0,0,0,0,0,0,0,0,70,0,9,41.8330521000306,1.379286999508622,350.281727998663,1448.3
1772909280,10,GET,/api/chains/{id},12.300000,0.000000,10,15,20,27,80,190,270,280,300,300,300,542,0,9,34.8171813782561,3.1773649989190744,1429.0198010003223,500.6660516605166
1772909280,10,POST,/api/chains/{id}/activate,12.300000,0.000000,4,10,14,15,26,58,350,360,400,400,400,541,2,6,22.1639201127412,1.187234998724307,1416.1616380006308,47.702402957486136
1772909280,10,POST,/api/chains/{id}/deactivate,12.300000,0.000000,2,5,8,10,14,19,30,380,390,390,390,539,1,2,13.954313775552952,1.1722380004357547,1405.8152420002443,60.81076066790352
1772909280,10,POST,/api/plugins/batch/parameters (500 updates),9.600000,0.000000,10,14,19,22,47,99,200,230,340,340,340,312,0,9,36.562336769176724,3.161524999086396,1316.1582419998012,845.5352564102565
1772909280,10,GET,/api/plugins/discover,0.000000,0.000000,0,0,0,0,0,0,0,0,0,0,0,70,0,20,76.56812508581164,10.701784000048065,1358.751202998974,85406.0
1772909280,10,GET,/api/plugins/list,0.000000,0.000000,0,0,0,0,0,0,0,0,0,0,0,70,0,3,14.740005014287558,1.11992799975269,281.3051960001758,39.857142857142854
1772909280,10,POST,/api/plugins/load?uri,3.700000,0.000000,5,10,13,16,36,39,320,320,320,320,320,189,0,3,29.242573714216913,1.3308609995874576,1355.8671660011896,2336.3333333333335
1772909280,10,POST,/api/plugins/unload?uri,3.700000,0.000000,2,3,4,5,11,280,390,390,390,390,390,189,0,2,17.178054788423147,1.1973770015174523,386.18369699906907,84.31746031746032
1772909280,10,,Aggregated,109.400000,0.000000,4,8,12,15,30,80,280,320,390,400,400,4859,3,4,25.908398052067966,1.0543739990680479,1429.0198010003223,1505.7277217534472
1772909281,10,GET,/api/audio/latency,19.100000,0.000000,2,4,10,11,23,67,72,98,320,320,320,718,0,2,16.0396452911224,1.0579079989838647,1355.6703150006797,33.0
1772909281,10,GET,/api/audio/levels,19.000000,0.000000,4,7,14,19,75,240,310,340,380,380,380,718,0,4,36.733547236723794,1.0556590004853206,1349.7102880010061,73.0
1772909281,10,GET,/api/audio/levels (during plugin swap),4.000000,0.000000,6,16,26,51,190,300,1100,1100,1100,1100,1100,193,0,5,34.55894693258646,1.0734289990068646,1128.273234999142,73.0
1772909281,10,GET,/api/audio/levels/plugins,4.400000,0.000000,2,4,5,6,14,20,35,35,35,35,35,193,0,2,30.55098210877072,1.0543739990680479,1355.9363320000557,14.0
1772909281,10,GET,/api/audio/status,12.600000,0.000000,2,5,7,8,10,14,20,21,320,320,320,553,0,2,17.566244864382174,1.0755269995570416,1363.4259209993616,168.0
1772909281,10,GET,/api/chains/,0.000000,0.000000,0,0,0,0,0,0,0,0,0,0,0,70,0,9,41.8330521000306,1.379286999508622,350.281727998663,1448.3
1772909281,10,GET,/api/chains/{id},12.300000,0.000000,10,18,27,33,110,280,1300,1400,1400,1400,1400,553,0,9,43.83900230562688,3.1773649989190744,1429.0198010003223,500.9511754068716
1772909281,10,POST,/api/chains/{id}/activate,12.400000,0.000000,4,10,14,15,30,82,360,400,1400,1400,1400,553,3,5,24.290734649181452,1.187234998724307,1416.1616380006308,47.67269439421338
1772909281,10,POST,/api/chains/{id}/deactivate,12.600000,0.000000,3,6,8,10,15,21,390,1300,1400,1400,1400,553,1,2,18.56487974506328,1.1722380004357547,1405.8152420002443,60.79566003616637
1772909281,10,POST,/api/plugins/batch/parameters (500 updates),9.900000,0.000000,11,16,20,24,62,140,340,1200,1200,1200,1200,317,0,9,39.90948196209134,3.161524999086396,1316.1582419998012,845.9337539432177
1772909281,10,GET,/api/plugins/discover,0.000000,0.000000,0,0,0,0,0,0,0,0,0,0,0,70,0,20,76.56812508581164,10.701784000048065,1358.751202998974,85406.0
1772909281,10,GET,/api/plugins/list,0.000000,0.000000,0,0,0,0,0,0,0,0,0,0,0,70,0,3,14.740005014287558,1.11992799975269,281.3051960001758,39.857142857142854
1772909281,10,POST,/api/plugins/load?uri,4.200000,0.000000,6,11,14,16,36,39,320,320,320,320,320,193,0,3,28.810704020651585,1.3308609995874576,1355.8671660011896,2346.8497409326424
1772909281,10,POST,/api/plugins/unload?uri,4.400000,0.000000,2,3,5,5,7,280,390,390,390,390,390,193,0,2,16.904093300586446,1.1973770015174523,386.18369699906907,84.22279792746114
1772909281,10,,Aggregated,114.900000,0.000000,4,8,12,15,36,110,320,400,1400,1400,1400,4947,4,4,28.07919333009885,1.0543739990680479,1429.0198010003223,1484.2856276531231
1772909282,10,GET,/api/audio/latency,21.400000,0.000000,2,3,9,10,18,44,68,69,72,72,72,740,0,2,15.62489443651577,1.0579079989838647,1355.6703150006797,33.0
1772909282,10,GET,/api/audio/levels,21.300000,0.000000,3,6,11,16,67,240,310,340,380,380,380,740,0,4,35.789607631031195,1.0556590004853206,1349.7102880010061,73.0
1772909282,10,GET,/api/audio/levels (during plugin swap),4.400000,0.000000,5,11,16,21,120,160,1100,1100,1100,1100,1100,200,0,5,33.55634324994753,1.0734289990068646,1128.273234999142,73.0
1772909282,10,GET,/api/audio/levels/plugins,4.800000,0.000000,2,3,4,4,7,17,20,20,20,20,20,200,0,2,29.55846781997934,1.0543739990680479,1355.9363320000557,14.0
1772909282,10,GET,/api/audio/status,13.600000,0.000000,2,4,6,8,10,12,20,20,21,21,21,577,0,2,16.980402448879993,1.0755269995570416,1363.4259209993616,168.0
1772909282,10,GET,/api/chains/,0.000000,0.000000,0,0,0,0,0,0,0,0,0,0,0,70,0,9,41.8330521000306,1.379286999508622,350.281727998663,1448.3
1772909282,10,GET,/api/chains/{id},13.400000,0.000000,9,16,20,27,84,270,1300,1400,1400,1400,1400,577,0,9,42.37017164992892,3.1773649989190744,1429.0198010003223,499.41767764298095
1772909282,10,POST,/api/chains/{id}/activate,13.400000,0.000000,4,9,13,15,23,41,360,400,1400,1400,1400,577,3,5,23.49541822528673,1.187234998724307,1416.1616380006308,47.752166377816295
1772909282,10,POST,/api/chains/{id}/deactivate,13.500000,0.000000,2,5,7,9,13,19,390,1300,1400,1400,1400,577,1,2,17.89890765341098,1.1722380004357547,1405.8152420002443,60.84575389948007
1772909282,10,POST,/api/plugins/batch/parameters (500 updates),11.500000,0.000000,8,13,18,19,32,86,340,1200,1200,1200,1200,328,0,9,38.84624444507852,3.161524999086396,1316.1582419998012,847.045731707317
1772909282,10,GET,/api/plugins/discover,0.000000,0.000000,0,0,0,0,0,0,0,0,0,0,0,70,0,20,76.56812508581164,10.701784000048065,1358.751202998974,85406.0
1772909282,10,GET,/api/plugins/list,0.000000,0.000000,0,0,0,0,0,0,0,0,0,0,0,70,0,3,14.740005014287558,1.11992799975269,281.3051960001758,39.857142857142854
1772909282,10,POST,/api/plugins/load?uri,4.600000,0.000000,5,9,11,13,16,24,51,51,51,51,51,200,0,3,27.968046094920282,1.3308609995874576,1355.8671660011896,2341.255
1772909282,10,POST,/api/plugins/unload?uri,4.700000,0.000000,2,3,3,4,12,280,390,390,390,390,390,200,0,2,16.42554049505634,1.1973770015174523,386.18369699906907,84.055
1772909282,10,,Aggregated,126.600000,0.000000,4,7,10,13,23,68,310,390,1400,1400,1400,5126,4,4,27.260957721611693,1.0543739990680479,1429.0198010003223,1441.491416309013
1772909283,10,GET,/api/audio/latency,18.800000,0.000000,2,4,10,11,21,67,72,86,86,86,86,755,0,2,15.719697817240974,1.0579079989838647,1355.6703150006797,33.0
1772909283,10,GET,/api/audio/levels,18.800000,0.000000,3,8,13,17,74,240,310,340,380,380,380,755,0,4,35.567899091345694,1.0556590004853206,1349.7102880010061,73.0
1772909283,10,GET,/api/audio/levels (during plugin swap),4.100000,0.000000,4,11,15,16,120,160,1100,1100,1100,1100,1100,203,0,5,33.08905976349518,1.0734289990068646,1128.273234999142,73.0
1772909283,10,GET,/api/audio/levels/plugins,4.100000,0.000000,2,2,3,4,4,6,14,14,14,14,14,203,0,2,29.142928871904928,1.0543739990680479,1355.9363320000557,14.0
1772909283,10,GET,/api/audio/status,11.700000,0.000000,2,3,7,8,11,12,20,20,21,21,21,586,0,2,16.77054430546666,1.0755269995570416,1363.4259209993616,168.0
1772909283,10,GET,/api/chains/,0.000000,0.000000,0,0,0,0,0,0,0,0,0,0,0,70,0,9,41.8330521000306,1.379286999508622,350.281727998663,1448.3
1772909283,10,GET,/api/chains/{id},11.800000,0.000000,9,16,20,27,90,280,1300,1400,1400,1400,1400,586,0,9,41.91186361946948,3.1773649989190744,1429.0198010003223,499.9948805460751
1772909283,10,POST,/api/chains/{id}/activate,11.700000,0.000000,4,7,14,15,25,68,360,400,1400,1400,1400,586,3,5,23.328398295203325,1.187234998724307,1416.1616380006308,47.72696245733788
1772909283,10,POST,/api/chains/{id}/deactivate,11.500000,0.000000,2,4,6,8,13,19,390,1300,1400,1400,1400,585,1,2,17.684583658146405,1.1722380004357547,1405.8152420002443,60.86153846153846
1772909283,10,POST,/api/plugins/batch/parameters (500 updates),10.100000,0.000000,8,14,18,20,47,120,340,1200,1200,1200,1200,338,0,9,38.656532035455974,3.161524999086396,1316.1582419998012,847.6301775147929
1772909283,10,GET,/api/plugins/discover,0.000000,0.000000,0,0,0,0,0,0,0,0,0,0,0,70,0,20,76.56812508581164,10.701784000048065,1358.751202998974,85406.0
1772909283,10,GET,/api/plugins/list,0.000000,0.000000,0,0,0,0,0,0,0,0,0,0,0,70,0,3,14.740005014287558,1.11992799975269,281.3051960001758,39.857142857142854
1772909283,10,POST,/api/plugins/load?uri,4.100000,0.000000,3,8,10,12,16,24,51,51,51,51,51,203,0,3,27.627694709278817,1.3308609995874576,1355.8671660011896,2328.783251231527
1772909283,10,POST,/api/plugins/unload?uri,4.100000,0.000000,2,3,3,4,7,280,390,390,390,390,390,203,0,2,16.230543482809395,1.1973770015174523,386.18369699906907,83.95566502463055
1772909283,10,,Aggregated,110.800000,0.000000,3,7,11,14,26,84,310,400,1400,1400,1400,5213,4,4,27.056983728941784,1.0543739990680479,1429.0198010003223,1421.7502397851524
1772909284,10,GET,/api/audio/latency,17.500000,0.000000,2,3,6,10,21,50,72,86,86,86,86,784,0,2,15.310645153082374,1.0579079989838647,1355.6703150006797,33.0
1772909284,10,GET,/api/audio/levels,17.500000,0.000000,3,6,11,14,74,240,310,340,380,380,380,784,0,4,35.105184417041215,1.0556590004853206,1349.7102880010061,73.0
1772909284,10,GET,/api/audio/levels (during plugin swap),4.600000,0.000000,5,9,15,16,160,180,1100,1100,1100,1100,1100,208,0,5,33.24301306725794,1.0734289990068646,1128.273234999142,73.0
1772909284,10,GET,/api/audio/levels/plugins,4.600000,0.000000,2,2,3,3,4,6,15,15,15,15,15,208,0,2,28.54349762977703,1.0543739990680479,1355.9363320000557,14.0
1772909284,10,GET,/api/audio/status,11.900000,0.000000,2,3,6,8,11,14,20,20,21,21,21,601,0,2,16.484589424303316,1.0755269995570416,1363.4259209993616,168.0
1772909284,10,GET,/api/chains/,0.000000,0.000000,0,0,0,0,0,0,0,0,0,0,0,70,0,9,41.8330521000306,1.379286999508622,350.281727998663,1448.3
1772909284,10,GET,/api/chains/{id},11.900000,0.000000,9,15,20,23,190,280,1300,1400,1400,1400,1400,601,0,9,42.18432380700253,3.1773649989190744,1429.0198010003223,502.51913477537437
1772909284,10,POST,/api/chains/{id}/activate,11.900000,0.100000,4,7,14,15,22,33,360,400,1400,1400,1400,601,3,5,23.0521294059647,1.187234998724307,1416.1616380006308,47.742096505823625
1772909284,10,POST,/api/chains/{id}/deactivate,11.900000,0.000000,2,4,6,8,15,19,390,1300,1400,1400,1400,601,1,2,17.90077327789848,1.1722380004357547,1405.8152420002443,60.85024958402662
1772909284,10,POST,/api/plugins/batch/parameters (500 updates),9.400000,0.000000,7,13,16,18,47,200,340,1200,1200,1200,1200,353,0,9,38.75692266002511,3.161524999086396,1316.1582419998012,847.3682719546742
1772909284,10,GET,/api/plugins/discover,0.000000,0.000000,0,0,0,0,0,0,0,0,0,0,0,70,0,20,76.56812508581164,10.701784000048065,1358.751202998974,85406.0
1772909284,10,GET,/api/plugins/list,0.000000,0.000000,0,0,0,0,0,0,0,0,0,0,0,70,0,3,14.740005014287558,1.11992799975269,281.3051960001758,39.857142857142854
1772909284,10,POST,/api/plugins/load?uri,4.600000,0.000000,3,6,10,12,16,24,51,51,51,51,51,208,0,3,27.21430850471489,1.3308609995874576,1355.8671660011896,2315.5721153846152
1772909284,10,POST,/api/plugins/unload?uri,4.600000,0.000000,2,2,3,4,7,280,390,390,390,390,390,208,0,2,15.884521351005368,1.1971909989370033,386.18369699906907,84.0576923076923
1772909284,10,,Aggregated,110.400000,0.100000,3,6,10,13,22,85,310,390,1400,1400,1400,5367,4,4,26.870868089428818,1.0543739990680479,1429.0198010003223,1388.1648965902739
1772909285,10,GET,/api/audio/latency,18.200000,0.000000,2,3,4,7,18,50,72,86,86,86,86,809,0,2,14.98964046849817,1.0579079989838647,1355.6703150006797,33.0
1772909285,10,GET,/api/audio/levels,18.200000,0.000000,3,5,9,12,22,70,170,230,270,270,270,809,0,4,34.29461185161895,1.0556590004853206,1349.7102880010061,73.0
1772909285,10,GET,/api/audio/levels (during plugin swap),4.800000,0.000000,3,7,11,13,21,180,1100,1100,1100,1100,1100,215,0,5,32.31509303716235,1.0734289990068646,1128.273234999142,73.0
1772909285,10,GET,/api/audio/levels/plugins,4.900000,0.000000,2,2,2,3,4,6,15,15,15,15,15,215,0,2,27.705607227886333,1.0543739990680479,1355.9363320000557,14.0
1772909285,10,GET,/api/audio/status,12.800000,0.000000,2,4,6,8,11,14,20,20,21,21,21,616,0,2,16.18091988150915,1.0755269995570416,1363.4259209993616,168.0
1772909285,10,GET,/api/chains/,0.000000,0.000000,0,0,0,0,0,0,0,0,0,0,0,70,0,9,41.8330521000306,1.379286999508622,350.281727998663,1448.3
1772909285,10,GET,/api/chains/{id},12.700000,0.000000,8,14,17,20,59,260,1300,1400,1400,1400,1400,616,0,9,41.376165993523344,3.1773649989190744,1429.0198010003223,502.1655844155844
1772909285,10,POST,/api/chains/{id}/activate,12.800000,0.100000,3,6,13,15,21,30,68,350,1400,1400,1400,616,3,5,22.666627097374633,1.187234998724307,1416.1616380006308,47.756493506493506
1772909285,10,POST,/api/chains/{id}/deactivate,12.900000,0.000000,2,3,5,8,13,16,340,1300,1400,1400,1400,616,1,2,17.542631857173994,1.1722380004357547,1405.8152420002443,60.878246753246756
1772909285,10,POST,/api/plugins/batch/parameters (500 updates),9.700000,0.000000,7,13,16,18,25,69,210,290,1200,1200,1200,371,0,9,37.34042179242368,3.161524999086396,1316.1582419998012,849.8679245283018
1772909285,10,GET,/api/plugins/discover,0.000000,0.000000,0,0,0,0,0,0,0,0,0,0,0,70,0,20,76.56812508581164,10.701784000048065,1358.751202998974,85406.0
1772909285,10,GET,/api/plugins/list,0.000000,0.000000,0,0,0,0,0,0,0,0,0,0,0,70,0,3,14.740005014287558,1.11992799975269,281.3051960001758,39.857142857142854
1772909285,10,POST,/api/plugins/load?uri,4.900000,0.000000,3,5,8,11,16,24,51,51,51,51,51,215,0,3,26.43504161385144,1.3308609995874576,1355.8671660011896,2287.6837209302325
1772909285,10,POST,/api/plugins/unload?uri,4.900000,0.000000,2,2,3,3,7,12,340,340,340,340,340,215,0,2,15.472831604694324,1.1971909989370033,386.18369699906907,83.9906976744186
1772909285,10,,Aggregated,116.800000,0.100000,3,6,9,12,19,41,200,340,1400,1400,1400,5523,4,4,26.286954749224645,1.0543739990680479,1429.0198010003223,1356.509505703422
1772909286,10,GET,/api/audio/latency,18.600000,0.000000,2,3,5,9,18,67,80,86,86,86,86,819,0,2,15.054165223462514,1.0579079989838647,1355.6703150006797,33.0
1772909286,10,GET,/api/audio/levels,18.600000,0.000000,3,7,12,16,70,170,270,270,350,350,350,822,0,4,36.05928046102362,1.0556590004853206,1349.7102880010061,73.0
1772909286,10,GET,/api/audio/levels (during plugin swap),4.300000,0.000000,3,8,13,16,180,260,1100,1100,1100,1100,1100,218,0,5,34.605245821052065,1.0734289990068646,1128.273234999142,73.0
1772909286,10,GET,/api/audio/levels/plugins,4.300000,0.000000,2,2,3,3,4,6,15,15,15,15,15,216,0,2,27.59100962498451,1.0543739990680479,1355.9363320000557,14.0
1772909286,10,GET,/api/audio/status,11.800000,0.000000,2,4,7,8,11,15,20,21,26,26,26,623,0,2,16.079893452664265,1.0755269995570416,1363.4259209993616,168.0
1772909286,10,GET,/api/chains/,0.000000,0.000000,0,0,0,0,0,0,0,0,0,0,0,70,0,9,41.8330521000306,1.379286999508622,350.281727998663,1448.3
1772909286,10,GET,/api/chains/{id},11.800000,0.000000,9,17,20,23,170,270,1300,1400,1400,1400,1400,624,0,9,41.62916689745089,3.1773649989190744,1429.0198010003223,502.6730769230769
1772909286,10,POST,/api/chains/{id}/activate,11.800000,0.100000,4,9,14,16,24,68,350,370,1400,1400,1400,624,3,5,23.777001817279597,1.187234998724307,1416.1616380006308,47.71314102564103
1772909286,10,POST,/api/chains/{id}/deactivate,11.800000,0.000000,2,3,5,7,13,19,360,1300,1400,1400,1400,623,1,2,17.944975760864995,1.1722380004357547,1405.8152420002443,60.85072231139647
1772909286,10,POST,/api/plugins/batch/parameters (500 updates),8.800000,0.000000,8,15,18,20,47,200,290,1200,1200,1200,1200,375,0,9,37.95092374929906,3.161524999086396,1316.1582419998012,849.2933333333333
1772909286,10,GET,/api/plugins/discover,0.000000,0.000000,0,0,0,0,0,0,0,0,0,0,0,70,0,20,76.56812508581164,10.701784000048065,1358.751202998974,85406.0
1772909286,10,GET,/api/plugins/list,0.000000,0.000000,0,0,0,0,0,0,0,0,0,0,0,70,0,3,14.740005014287558,1.11992799975269,281.3051960001758,39.857142857142854
1772909286,10,POST,/api/plugins/load?uri,4.300000,0.000000,2,5,9,14,18,24,51,51,51,51,51,216,0,3,26.39475165267834,1.3308609995874576,1355.8671660011896,2279.314814814815
1772909286,10,POST,/api/plugins/unload?uri,4.300000,0.000000,2,2,3,6,7,12,340,340,340,340,340,216,0,2,15.412552648184727,1.1971909989370033,386.18369699906907,83.98611111111111
1772909286,10,,Aggregated,110.400000,0.100000,3,6,11,14,24,81,270,360,1400,1400,1400,5586,4,4,26.86474959039854,1.0543739990680479,1429.0198010003223,1343.2751521661296
1772909287,10,GET,/api/audio/latency,19.600000,0.000000,2,3,4,7,16,25,80,86,86,86,86,845,0,2,14.818444605943432,1.0579079989838647,1355.6703150006797,33.0
1772909287,10,GET,/api/audio/levels,19.600000,0.000000,3,6,9,13,25,150,270,270,350,350,350,845,0,4,35.234611846102155,1.0556590004853206,1349.7102880010061,73.0
1772909287,10,GET,/api/audio/levels (during plugin swap),4.600000,0.000000,3,7,11,13,180,260,1100,1100,1100,1100,1100,224,0,5,33.79500744191383,1.0734289990068646,1128.273234999142,73.0
1772909287,10,GET,/api/audio/levels/plugins,4.600000,0.000000,2,2,3,4,7,10,15,15,15,15,15,224,0,2,26.768978437498195,1.0543739990680479,1355.9363320000557,14.0
1772909287,10,GET,/api/audio/status,12.600000,0.000000,2,3,6,7,11,14,20,24,26,26,26,645,0,2,15.685669342647017,1.0755269995570416,1363.4259209993616,168.0
1772909287,10,GET,/api/chains/,0.000000,0.000000,0,0,0,0,0,0,0,0,0,0,0,70,0,9,41.8330521000306,1.379286999508622,350.281727998663,1448.3
1772909287,10,GET,/api/chains/{id},12.500000,0.000000,10,17,20,25,100,250,1300,1400,1400,1400,1400,645,0,9,42.04254925893209,3.1773649989190744,1429.0198010003223,502.831007751938
1772909287,10,POST,/api/chains/{id}/activate,12.600000,0.100000,4,10,14,16,24,41,320,370,1400,1400,1400,645,3,5,23.373911651141277,1.187234998724307,1416.1616380006308,47.686821705426354
1772909287,10,POST,/api/chains/{id}/deactivate,12.700000,0.000000,2,3,5,6,12,15,360,1300,1400,1400,1400,645,1,2,17.513584020183092,1.1722380004357547,1405.8152420002443,60.88992248062016
1772909287,10,POST,/api/plugins/batch/parameters (500 updates),9.600000,0.000000,7,13,17,19,45,120,290,1200,1200,1200,1200,385,0,9,37.25323788567984,3.161524999086396,1316.1582419998012,848.6259740259741
1772909287,10,GET,/api/plugins/discover,0.000000,0.000000,0,0,0,0,0,0,0,0,0,0,0,70,0,20,76.56812508581164,10.701784000048065,1358.751202998974,85406.0
1772909287,10,GET,/api/plugins/list,0.000000,0.000000,0,0,0,0,0,0,0,0,0,0,0,70,0,3,14.740005014287558,1.11992799975269,281.3051960001758,39.857142857142854
1772909287,10,POST,/api/plugins/load?uri,4.600000,0.000000,3,6,12,14,24,24,28,28,28,28,28,224,0,3,25.893888388306355,1.3308609995874576,1355.8671660011896,2289.370535714286
1772909287,10,POST,/api/plugins/unload?uri,4.700000,0.000000,2,2,3,6,12,14,280,280,280,280,280,224,0,2,15.119621062524402,1.1971909989370033,386.18369699906907,84.0
1772909287,10,,Aggregated,117.700000,0.100000,3,6,10,13,21,54,260,360,1400,1400,1400,5761,4,4,26.43945611907158,1.0543739990680479,1429.0198010003223,1311.0090262107274
1772909288,10,GET,/api/audio/latency,20.100000,0.000000,2,3,6,9,17,26,80,86,86,86,86,860,0,2,14.79335155468001,1.0579079989838647,1355.6703150006797,33.0
1772909288,10,GET,/api/audio/levels,20.100000,0.000000,3,8,13,16,58,150,270,270,350,350,350,864,0,4,34.91671598142906,1.0556590004853206,1349.7102880010061,73.0
1772909288,10,GET,/api/audio/levels (during plugin swap),4.600000,0.000000,3,7,11,15,180,930,1100,1100,1100,1100,1100,224,0,5,33.79500744191383,1.0734289990068646,1128.273234999142,73.0
1772909288,10,GET,/api/audio/levels/plugins,4.600000,0.000000,2,3,4,4,8,10,15,15,15,15,15,224,0,2,26.768978437498195,1.0543739990680479,1355.9363320000557,14.0
1772909288,10,GET,/api/audio/status,13.300000,0.000000,2,4,7,7,11,11,17,24,26,26,26,659,0,2,15.43949946131921,1.0755269995570416,1363.4259209993616,168.0
1772909288,10,GET,/api/chains/,0.000000,0.000000,0,0,0,0,0,0,0,0,0,0,0,70,0,9,41.8330521000306,1.379286999508622,350.281727998663,1448.3
1772909288,10,GET,/api/chains/{id},13.400000,0.000000,11,18,22,26,100,250,1300,1400,1400,1400,1400,661,0,9,41.44987566264174,3.1773649989190744,1429.0198010003223,504.285930408472
1772909288,10,POST,/api/chains/{id}/activate,13.300000,0.100000,5,10,14,16,27,62,320,370,1400,1400,1400,660,3,5,23.126675319676767,1.187234998724307,1416.1616380006308,47.73939393939394
1772909288,10,POST,/api/chains/{id}/deactivate,13.200000,0.000000,2,4,5,6,12,16,360,1300,1400,1400,1400,659,1,2,17.244156080455394,1.1722380004357547,1405.8152420002443,60.87556904400607
1772909288,10,POST,/api/plugins/batch/parameters (500 updates),10.400000,0.000000,7,14,17,19,45,120,290,1200,1200,1200,1200,389,0,9,37.04612043698257,3.161524999086396,1316.1582419998012,848.7017994858612
1772909288,10,GET,/api/plugins/discover,0.000000,0.000000,0,0,0,0,0,0,0,0,0,0,0,70,0,20,76.56812508581164,10.701784000048065,1358.751202998974,85406.0
1772909288,10,GET,/api/plugins/list,0.000000,0.000000,0,0,0,0,0,0,0,0,0,0,0,70,0,3,14.740005014287558,1.11992799975269,281.3051960001758,39.857142857142854
1772909288,10,POST,/api/plugins/load?uri,4.600000,0.000000,3,7,14,16,24,26,28,28,28,28,28,224,0,3,25.893888388306355,1.3308609995874576,1355.8671660011896,2289.370535714286
1772909288,10,POST,/api/plugins/unload?uri,4.600000,0.000000,2,3,6,7,12,17,280,280,280,280,280,224,0,2,15.119621062524402,1.1971909989370033,386.18369699906907,84.0
1772909288,10,,Aggregated,122.200000,0.100000,4,7,11,14,24,72,260,360,1400,1400,1400,5858,4,4,26.216287133658483,1.0543739990680479,1429.0198010003223,1292.417377944691
1772909289,10,GET,/api/audio/latency,18.600000,0.000000,2,3,7,10,18,74,320,320,320,320,320,884,0,2,15.937979308848826,1.0579079989838647,1355.6703150006797,33.0
1772909289,10,GET,/api/audio/levels,18.500000,0.000000,4,8,14,17,58,170,270,300,350,350,350,884,0,4,34.950894490897575,1.0556590004853206,1349.7102880010061,73.0
1772909289,10,GET,/api/audio/levels (during plugin swap),4.700000,0.000000,3,7,12,16,180,260,1100,1100,1100,1100,1100,233,0,5,33.677149214532,1.059537999026361,1128.273234999142,73.0
1772909289,10,GET,/api/audio/levels/plugins,4.700000,0.000000,2,3,4,4,7,10,15,15,15,15,15,233,0,2,25.843997622328665,1.0543739990680479,1355.9363320000557,14.0
1772909289,10,GET,/api/audio/status,12.600000,0.000000,2,4,7,8,11,14,26,29,320,320,320,678,0,2,15.638948231576533,1.0755269995570416,1363.4259209993616,168.0
1772909289,10,GET,/api/chains/,0.000000,0.000000,0,0,0,0,0,0,0,0,0,0,0,70,0,9,41.8330521000306,1.379286999508622,350.281727998663,1448.3
1772909289,10,GET,/api/chains/{id},12.600000,0.000000,11,17,22,25,60,210,1300,1400,1400,1400,1400,678,0,9,40.71121600885023,3.1773649989190744,1429.0198010003223,503.9174041297935
1772909289,10,POST,/api/chains/{id}/activate,12.600000,0.100000,5,11,14,16,26,62,320,370,1400,1400,1400,678,3,5,23.15188041000639,1.187234998724307,1416.1616380006308,47.733038348082594
1772909289,10,POST,/api/chains/{id}/deactivate,12.600000,0.000000,2,3,5,6,12,16,360,1300,1400,1400,1400,678,1,2,16.907079710945577,1.1722380004357547,1405.8152420002443,60.833333333333336
1772909289,10,POST,/api/plugins/batch/parameters (500 updates),9.800000,0.000000,8,15,19,20,47,210,290,1200,1200,1200,1200,396,0,9,37.369319729763944,3.161524999086396,1316.1582419998012,849.310606060606
1772909289,10,GET,/api/plugins/discover,0.000000,0.000000,0,0,0,0,0,0,0,0,0,0,0,70,0,20,76.56812508581164,10.701784000048065,1358.751202998974,85406.0
1772909289,10,GET,/api/plugins/list,0.000000,0.000000,0,0,0,0,0,0,0,0,0,0,0,70,0,3,14.740005014287558,1.11992799975269,281.3051960001758,39.857142857142854
1772909289,10,POST,/api/plugins/load?uri,4.700000,0.000000,3,7,14,15,24,26,34,34,34,34,34,233,0,3,25.18847507286222,1.3308609995874576,1355.8671660011896,2272.9442060085835
1772909289,10,POST,/api/plugins/unload?uri,4.700000,0.000000,2,3,6,7,12,14,280,280,280,280,280,233,0,2,14.663149240373196,1.1971909989370033,386.18369699906907,83.90128755364807
1772909289,10,,Aggregated,116.100000,0.100000,4,7,11,14,25,85,290,360,1400,1400,1400,6018,4,4,26.191947457786377,1.0543739990680479,1429.0198010003223,1264.7401129943503
1772909290,10,GET,/api/audio/latency,18.800000,0.000000,2,4,8,11,18,74,320,320,320,320,320,900,0,2,15.778216071133405,1.0579079989838647,1355.6703150006797,33.0
1772909290,10,GET,/api/audio/levels,18.800000,0.000000,4,10,16,19,64,170,270,300,350,350,350,900,0,4,34.58068995328277,1.0556590004853206,1349.7102880010061,73.0
1772909290,10,GET,/api/audio/levels (during plugin swap),4.700000,0.000000,3,7,12,20,180,260,1100,1100,1100,1100,1100,237,0,4,33.32094914340327,1.059537999026361,1128.273234999142,73.0
1772909290,10,GET,/api/audio/levels/plugins,4.700000,0.000000,2,3,4,4,8,10,15,15,15,15,15,237,0,2,25.486036611830887,1.0543739990680479,1355.9363320000557,14.0
1772909290,10,GET,/api/audio/status,13.700000,0.000000,2,4,7,8,11,15,24,29,320,320,320,698,0,2,15.319378594569134,1.0755269995570416,1363.4259209993616,168.0
1772909290,10,GET,/api/chains/,0.000000,0.000000,0,0,0,0,0,0,0,0,0,0,0,70,0,9,41.8330521000306,1.379286999508622,350.281727998663,1448.3
1772909290,10,GET,/api/chains/{id},13.700000,0.000000,11,17,22,25,60,210,1200,1400,1400,1400,1400,698,0,10,40.089252684813154,3.1773649989190744,1429.0198010003223,504.0300859598854
1772909290,10,POST,/api/chains/{id}/activate,13.700000,0.100000,5,11,15,18,27,68,300,370,1400,1400,1400,698,3,5,22.94008111315644,1.187234998724307,1416.1616380006308,47.7621776504298
1772909290,10,POST,/api/chains/{id}/deactivate,13.600000,0.000000,2,3,5,8,14,18,340,1300,1400,1400,1400,698,1,2,16.71287810604606,1.1722380004357547,1405.8152420002443,60.86676217765043
1772909290,10,POST,/api/plugins/batch/parameters (500 updates),9.800000,0.000000,10,17,19,20,47,210,290,1200,1200,1200,1200,408,0,9,36.900903745060766,3.15936100014369,1316.1582419998012,850.5857843137255
1772909290,10,GET,/api/plugins/discover,0.000000,0.000000,0,0,0,0,0,0,0,0,0,0,0,70,0,20,76.56812508581164,10.701784000048065,1358.751202998974,85406.0
1772909290,10,GET,/api/plugins/list,0.000000,0.000000,0,0,0,0,0,0,0,0,0,0,0,70,0,3,14.740005014287558,1.11992799975269,281.3051960001758,39.857142857142854
1772909290,10,POST,/api/plugins/load?uri,4.700000,0.000000,3,5,12,14,24,26,34,34,34,34,34,237,0,3,24.849750113823386,1.3308609995874576,1355.8671660011896,2260.071729957806
1772909290,10,POST,/api/plugins/unload?uri,4.700000,0.000000,2,3,6,7,9,12,17,17,17,17,17,237,0,2,14.501082139275562,1.1971909989370033,386.18369699906907,83.9789029535865
1772909290,10,,Aggregated,120.900000,0.100000,4,8,11,15,25,80,270,350,1400,1400,1400,6158,4,4,25.87120167910934,1.0543739990680479,1429.0198010003223,1241.6513478402078
1772909291,10,GET,/api/audio/latency,18.800000,0.000000,3,6,10,12,25,79,320,320,320,320,320,904,0,2,15.911746766616199,1.0579079989838647,1355.6703150006797,33.0
1772909291,10,GET,/api/audio/levels,18.800000,0.000000,5,11,17,23,81,170,270,300,350,350,350,904,0,4,34.63007477207249,1.0556590004853206,1349.7102880010061,73.0
1772909291,10,GET,/api/audio/levels (during plugin swap),4.700000,0.000000,3,7,15,20,150,180,260,260,260,260,260,239,0,5,33.637371698692334,1.059537999026361,1128.273234999142,73.0
1772909291,10,GET,/api/audio/levels/plugins,4.700000,0.000000,2,3,4,6,9,10,15,15,15,15,15,238,0,2,25.43644021010122,1.0543739990680479,1355.9363320000557,14.0
1772909291,10,GET,/api/audio/status,13.700000,0.000000,3,4,8,9,11,17,26,29,320,320,320,703,0,2,15.310085044107955,1.0755269995570416,1363.4259209993616,168.0
1772909291,10,GET,/api/chains/,0.000000,0.000000,0,0,0,0,0,0,0,0,0,0,0,70,0,9,41.8330521000306,1.379286999508622,350.281727998663,1448.3
1772909291,10,GET,/api/chains/{id},13.700000,0.000000,11,17,23,25,48,170,250,260,270,270,270,704,0,10,40.08520381818089,3.1773649989190744,1429.0198010003223,503.9900568181818
1772909291,10,POST,/api/chains/{id}/activate,13.700000,0.100000,6,11,16,20,29,78,300,320,370,370,370,703,3,5,23.122047002815588,1.187234998724307,1416.1616380006308,47.778093883357045
1772909291,10,POST,/api/chains/{id}/deactivate,13.600000,0.000000,2,3,4,8,14,17,120,340,360,360,360,700,1,2,16.686449205746094,1.1722380004357547,1405.8152420002443,60.87
1772909291,10,POST,/api/plugins/batch/parameters (500 updates),9.800000,0.000000,11,17,19,21,47,130,290,290,290,290,290,408,0,9,36.900903745060766,3.15936100014369,1316.1582419998012,850.5857843137255
1772909291,10,GET,/api/plugins/discover,0.000000,0.000000,0,0,0,0,0,0,0,0,0,0,0,70,0,20,76.56812508581164,10.701784000048065,1358.751202998974,85406.0
1772909291,10,GET,/api/plugins/list,0.000000,0.000000,0,0,0,0,0,0,0,0,0,0,0,70,0,3,14.740005014287558,1.11992799975269,281.3051960001758,39.857142857142854
1772909291,10,POST,/api/plugins/load?uri,4.700000,0.000000,3,7,12,16,24,28,78,78,78,78,78,239,0,3,25.03799602082345,1.3308609995874576,1355.8671660011896,2254.0125523012553
1772909291,10,POST,/api/plugins/unload?uri,4.700000,0.000000,2,3,7,8,9,12,17,17,17,17,17,237,0,2,14.501082139275562,1.1971909989370033,386.18369699906907,83.9789029535865
1772909291,10,,Aggregated,120.900000,0.100000,4,9,13,16,26,79,230,300,360,370,370,6189,4,4,25.932717246074287,1.0543739990680479,1429.0198010003223,1236.70302148974
1772909292,10,GET,/api/audio/latency,18.100000,0.000000,3,7,11,15,26,79,320,320,320,320,320,910,0,2,15.870713073648973,1.0579079989838647,1355.6703150006797,33.0
1772909292,10,GET,/api/audio/levels,18.100000,0.000000,6,13,19,24,97,220,270,350,1400,1400,1400,910,0,4,35.94009285819054,1.0556590004853206,1373.7791540006583,73.0
1772909292,10,GET,/api/audio/levels (during plugin swap),4.500000,0.000000,4,9,20,61,180,260,1200,1200,1200,1200,1200,245,0,5,42.80843112239975,1.059537999026361,1249.343707000662,73.0
1772909292,10,GET,/api/audio/levels/plugins,4.500000,0.000000,2,4,6,7,10,14,1400,1400,1400,1400,1400,245,0,2,30.39606503675435,1.0543739990680479,1371.4947610005765,14.0
1772909292,10,GET,/api/audio/status,13.900000,0.000000,3,5,8,9,14,17,26,29,320,320,320,710,0,2,15.19523546057698,1.0755269995570416,1363.4259209993616,168.0
1772909292,10,GET,/api/chains/,0.000000,0.000000,0,0,0,0,0,0,0,0,0,0,0,70,0,9,41.8330521000306,1.379286999508622,350.281727998663,1448.3
1772909292,10,GET,/api/chains/{id},13.900000,0.000000,13,21,25,28,66,190,260,270,1200,1200,1200,710,0,10,41.5200244661911,3.1773649989190744,1429.0198010003223,503.95211267605634
1772909292,10,POST,/api/chains/{id}/activate,13.900000,0.100000,8,13,18,22,41,81,320,370,1400,1400,1400,710,4,5,24.914423683070016,1.187234998724307,1416.1616380006308,47.738028169014086
1772909292,10,POST,/api/chains/{id}/deactivate,14.000000,0.000000,2,4,7,8,15,33,1400,1400,1400,1400,1400,710,1,2,22.310766832425273,1.1722380004357547,1405.8152420002443,60.8830985915493
1772909292,10,POST,/api/plugins/batch/parameters (500 updates),8.400000,0.000000,12,18,20,23,54,210,290,290,290,290,290,410,0,9,36.78307906093989,3.15936100014369,1316.1582419998012,850.6609756097561
1772909292,10,GET,/api/plugins/discover,0.000000,0.000000,0,0,0,0,0,0,0,0,0,0,0,70,0,20,76.56812508581164,10.701784000048065,1358.751202998974,85406.0
1772909292,10,GET,/api/plugins/list,0.000000,0.000000,0,0,0,0,0,0,0,0,0,0,0,70,0,3,14.740005014287558,1.11992799975269,281.3051960001758,39.857142857142854
1772909292,10,POST,/api/plugins/load?uri,4.500000,0.000000,3,10,16,21,24,28,78,78,78,78,78,245,0,3,24.641160893766862,1.3308609995874576,1355.8671660011896,2287.4897959183672
1772909292,10,POST,/api/plugins/unload?uri,4.600000,0.000000,2,6,8,9,14,17,1400,1400,1400,1400,1400,245,0,2,19.877827510245712,1.1971909989370033,1376.5129690000322,84.11020408163266
1772909292,10,,Aggregated,118.400000,0.100000,5,10,15,18,31,120,300,370,1400,1400,1400,6260,5,4,27.82567924903373,1.0543739990680479,1429.0198010003223,1227.5376996805112
1772909293,10,GET,/api/audio/latency,19.500000,0.000000,3,5,9,13,18,74,320,320,320,320,320,931,0,2,15.567463411407106,1.0579079989838647,1355.6703150006797,33.0
1772909293,10,GET,/api/audio/levels,19.500000,0.000000,5,10,16,22,64,150,270,350,1400,1400,1400,931,0,4,35.23833040059606,1.0556590004853206,1373.7791540006583,73.0
1772909293,10,GET,/api/audio/levels (during plugin swap),5.000000,0.000000,3,8,14,20,180,260,1200,1200,1200,1200,1200,251,0,4,41.86044749398011,1.059537999026361,1249.343707000662,73.0
1772909293,10,GET,/api/audio/levels/plugins,4.900000,0.000000,2,4,5,6,9,10,1400,1400,1400,1400,1400,251,0,2,29.74127177293417,1.0543739990680479,1371.4947610005765,14.0
1772909293,10,GET,/api/audio/status,16.200000,0.000000,2,4,7,9,11,17,26,29,320,320,320,729,0,2,14.869761266131611,1.0755269995570416,1363.4259209993616,168.0
1772909293,10,GET,/api/chains/,0.000000,0.000000,0,0,0,0,0,0,0,0,0,0,0,70,0,9,41.8330521000306,1.379286999508622,350.281727998663,1448.3
1772909293,10,GET,/api/chains/{id},16.200000,0.000000,11,18,22,25,47,130,250,260,1200,1200,1200,729,0,10,40.665404039775595,3.1773649989190744,1429.0198010003223,504.2976680384088
1772909293,10,POST,/api/chains/{id}/activate,16.200000,0.100000,5,11,16,19,29,81,320,370,1400,1400,1400,729,4,5,24.384163551415543,1.187234998724307,1416.1616380006308,47.748971193415635
1772909293,10,POST,/api/chains/{id}/deactivate,16.100000,0.000000,2,3,7,9,15,20,1400,1400,1400,1400,1400,729,1,2,21.827442556956413,1.1722380004357547,1405.8152420002443,60.9122085048011
1772909293,10,POST,/api/plugins/batch/parameters (500 updates),9.600000,0.000000,10,14,18,19,23,45,270,290,290,290,290,426,0,9,35.71401022766712,3.15936100014369,1316.1582419998012,849.3967136150235
1772909293,10,GET,/api/plugins/discover,0.000000,0.000000,0,0,0,0,0,0,0,0,0,0,0,70,0,20,76.56812508581164,10.701784000048065,1358.751202998974,85406.0
1772909293,10,GET,/api/plugins/list,0.000000,0.000000,0,0,0,0,0,0,0,0,0,0,0,70,0,3,14.740005014287558,1.11992799975269,281.3051960001758,39.857142857142854
1772909293,10,POST,/api/plugins/load?uri,5.000000,0.000000,2,5,12,15,24,28,78,78,78,78,78,251,0,3,24.102584920193436,1.3308609995874576,1355.8671660011896,2269.0996015936257
1772909293,10,POST,/api/plugins/unload?uri,4.800000,0.000000,2,6,8,9,14,17,1400,1400,1400,1400,1400,251,0,2,19.49379823111438,1.1971909989370033,1376.5129690000322,84.16733067729083
1772909293,10,,Aggregated,133.000000,0.100000,4,9,12,16,25,75,270,360,1400,1400,1400,6418,5,4,27.25496497630935,1.0543739990680479,1429.0198010003223,1203.637581801184
1772909294,10,GET,/api/audio/latency,17.900000,0.000000,3,6,10,15,24,79,320,320,320,320,320,950,0,2,15.49315166001945,1.0579079989838647,1355.6703150006797,33.0
1772909294,10,GET,/api/audio/levels,17.900000,0.000000,6,11,17,23,74,150,270,350,1400,1400,1400,952,0,4,34.79215040331402,1.0556590004853206,1373.7791540006583,73.0
1772909294,10,GET,/api/audio/levels (during plugin swap),4.400000,0.000000,3,14,61,66,180,260,1200,1200,1200,1200,1200,256,0,4,41.878389554646844,1.059537999026361,1249.343707000662,73.0
1772909294,10,GET,/api/audio/levels/plugins,4.300000,0.000000,3,4,5,6,9,10,1400,1400,1400,1400,1400,253,0,2,29.519049841916928,1.0543739990680479,1371.4947610005765,14.0
1772909294,10,GET,/api/audio/status,14.300000,0.000000,2,4,7,8,11,17,26,29,320,320,320,739,0,2,14.693205174580418,1.0755269995570416,1363.4259209993616,168.0
1772909294,10,GET,/api/chains/,0.000000,0.000000,0,0,0,0,0,0,0,0,0,0,0,70,0,9,41.8330521000306,1.379286999508622,350.281727998663,1448.3
1772909294,10,GET,/api/chains/{id},14.400000,0.000000,11,19,23,26,47,130,250,260,1200,1200,1200,741,0,9,40.26147616599512,3.1773649989190744,1429.0198010003223,503.53036437246965
1772909294,10,POST,/api/chains/{id}/activate,14.300000,0.000000,4,11,14,18,30,82,320,370,1400,1400,1400,740,4,5,24.190818874302675,1.187234998724307,1416.1616380006308,47.6945945945946
1772909294,10,POST,/api/chains/{id}/deactivate,14.000000,0.000000,2,3,6,8,15,20,1400,1400,1400,1400,1400,739,1,2,21.56289328961265,1.1722380004357547,1405.8152420002443,60.926928281461436
1772909294,10,POST,/api/plugins/batch/parameters (500 updates),8.700000,0.000000,10,16,19,20,29,71,270,290,290,290,290,438,0,9,35.152678589008026,3.15936100014369,1316.1582419998012,848.5182648401826
1772909294,10,GET,/api/plugins/discover,0.000000,0.000000,0,0,0,0,0,0,0,0,0,0,0,70,0,20,76.56812508581164,10.701784000048065,1358.751202998974,85406.0
1772909294,10,GET,/api/plugins/list,0.000000,0.000000,0,0,0,0,0,0,0,0,0,0,0,70,0,3,14.740005014287558,1.11992799975269,281.3051960001758,39.857142857142854
1772909294,10,POST,/api/plugins/load?uri,4.400000,0.000000,3,12,18,22,34,89,93,93,93,93,93,256,0,3,24.715835691296206,1.3308609995874576,1355.8671660011896,2272.04296875
1772909294,10,POST,/api/plugins/unload?uri,4.200000,0.000000,2,7,8,9,14,17,1400,1400,1400,1400,1400,253,0,2,19.350352403203374,1.1971909989370033,1376.5129690000322,84.31225296442688
1772909294,10,,Aggregated,118.800000,0.000000,4,9,13,16,28,84,270,360,1400,1400,1400,6527,5,4,27.041163511409472,1.0543739990680479,1429.0198010003223,1188.5826566569633
1772909295,10,GET,/api/audio/latency,17.300000,0.000000,2,6,9,14,23,79,320,320,320,320,320,976,0,2,15.824734821738604,1.0579079989838647,1355.6703150006797,33.0
1772909295,10,GET,/api/audio/levels,17.300000,0.000000,5,10,16,22,75,190,270,350,1400,1400,1400,976,0,4,34.23888840569682,1.0556590004853206,1373.7791540006583,73.0
1772909295,10,GET,/api/audio/levels (during plugin swap),4.300000,0.000000,3,14,61,66,210,260,1200,1200,1200,1200,1200,262,0,4,41.79880759538511,1.059537999026361,1249.343707000662,73.0
1772909295,10,GET,/api/audio/levels/plugins,4.300000,0.000000,3,5,7,8,14,310,1400,1400,1400,1400,1400,262,0,2,32.17940369084748,1.0543739990680479,1371.4947610005765,14.0
1772909295,10,GET,/api/audio/status,13.400000,0.000000,2,3,7,8,11,17,29,320,320,320,320,754,0,2,14.881424705584442,1.0755269995570416,1363.4259209993616,168.0
1772909295,10,GET,/api/chains/,0.000000,0.000000,0,0,0,0,0,0,0,0,0,0,0,70,0,9,41.8330521000306,1.379286999508622,350.281727998663,1448.3
1772909295,10,GET,/api/chains/{id},13.400000,0.000000,10,17,22,25,47,130,250,260,1200,1200,1200,755,0,9,39.75319555496428,3.1773649989190744,1429.0198010003223,502.77880794701986
1772909295,10,POST,/api/chains/{id}/activate,13.400000,0.100000,3,10,14,19,29,90,320,370,1400,1400,1400,755,4,5,24.224367083420564,1.187234998724307,1416.1616380006308,47.64105960264901
1772909295,10,POST,/api/chains/{id}/deactivate,13.400000,0.000000,2,3,7,9,15,24,1400,1400,1400,1400,1400,754,1,2,21.232899598170533,1.1722380004357547,1405.8152420002443,60.94827586206897
1772909295,10,POST,/api/plugins/batch/parameters (500 updates),7.900000,0.000000,8,14,19,20,23,71,270,290,290,290,290,449,0,9,34.51795281065914,3.15936100014369,1316.1582419998012,848.6258351893096
1772909295,10,GET,/api/plugins/discover,0.000000,0.000000,0,0,0,0,0,0,0,0,0,0,0,70,0,20,76.56812508581164,10.701784000048065,1358.751202998974,85406.0
1772909295,10,GET,/api/plugins/list,0.000000,0.000000,0,0,0,0,0,0,0,0,0,0,0,70,0,3,14.740005014287558,1.11992799975269,281.3051960001758,39.857142857142854
1772909295,10,POST,/api/plugins/load?uri,4.300000,0.000000,3,12,16,22,34,89,93,93,93,93,93,262,0,3,24.25707259912962,1.3308609995874576,1355.8671660011896,2257.022900763359
1772909295,10,POST,/api/plugins/unload?uri,4.300000,0.000000,2,7,9,9,15,17,1400,1400,1400,1400,1400,262,0,2,18.917787916055946,1.1861699986184249,1376.5129690000322,84.25190839694656
1772909295,10,,Aggregated,113.300000,0.100000,4,8,12,16,28,93,310,360,1400,1400,1400,6677,5,4,26.944421890812514,1.0543739990680479,1429.0198010003223,1166.9135839448854
1772909296,10,GET,/api/audio/latency,17.100000,0.000000,2,3,8,9,17,79,320,320,320,320,320,1001,0,2,15.547403731290359,1.0579079989838647,1355.6703150006797,33.0
1772909296,10,GET,/api/audio/levels,17.100000,0.000000,4,9,13,15,27,75,190,300,1400,1400,1400,1001,0,4,33.521756878085455,1.0556590004853206,1373.7791540006583,73.0
1772909296,10,GET,/api/audio/levels (during plugin swap),4.600000,0.000000,3,11,20,47,81,230,1200,1200,1200,1200,1200,267,0,4,41.135012778996476,1.059537999026361,1249.343707000662,73.0
1772909296,10,GET,/api/audio/levels/plugins,4.600000,0.000000,2,4,6,7,14,310,1400,1400,1400,1400,1400,267,0,2,31.646714033723832,1.0543739990680479,1371.4947610005765,14.0
1772909296,10,GET,/api/audio/status,14.500000,0.000000,2,3,6,8,11,17,52,320,320,320,320,770,0,2,14.723963506504013,1.0755269995570416,1363.4259209993616,168.0
1772909296,10,GET,/api/chains/,0.000000,0.000000,0,0,0,0,0,0,0,0,0,0,0,70,0,9,41.8330521000306,1.379286999508622,350.281727998663,1448.3
1772909296,10,GET,/api/chains/{id},14.500000,0.000000,10,15,19,22,30,48,84,130,1200,1200,1200,770,0,9,39.18294753636131,3.1773649989190744,1429.0198010003223,503.16103896103897
1772909296,10,POST,/api/chains/{id}/activate,14.500000,0.100000,3,8,11,14,27,79,300,320,1400,1400,1400,770,4,5,23.835324293485158,1.187234998724307,1416.1616380006308,47.687012987012984
1772909296,10,POST,/api/chains/{id}/deactivate,14.400000,0.000000,2,3,7,10,15,20,1400,1400,1400,1400,1400,770,1,2,20.913662993531602,1.1722380004357547,1405.8152420002443,60.9051948051948
1772909296,10,POST,/api/plugins/batch/parameters (500 updates),9.000000,0.000000,9,14,18,19,24,45,130,290,290,290,290,465,0,9,33.77418533545811,3.15936100014369,1316.1582419998012,849.2236559139785
1772909296,10,GET,/api/plugins/discover,0.000000,0.000000,0,0,0,0,0,0,0,0,0,0,0,70,0,20,76.56812508581164,10.701784000048065,1358.751202998974,85406.0
1772909296,10,GET,/api/plugins/list,0.000000,0.000000,0,0,0,0,0,0,0,0,0,0,0,70,0,3,14.740005014287558,1.11992799975269,281.3051960001758,39.857142857142854
1772909296,10,POST,/api/plugins/load?uri,4.600000,0.000000,2,5,15,16,34,89,93,93,93,93,93,267,0,3,23.919233310759108,1.3308609995874576,1355.8671660011896,2237.689138576779
1772909296,10,POST,/api/plugins/unload?uri,4.600000,0.000000,3,7,8,9,15,16,1400,1400,1400,1400,1400,267,0,2,18.677138625493722,1.1861699986184249,1376.5129690000322,84.25093632958801
1772909296,10,,Aggregated,119.500000,0.100000,3,8,11,14,23,73,300,320,1400,1400,1400,6825,5,4,26.50756084761421,1.0543739990680479,1429.0198010003223,1146.84
1772909297,10,GET,/api/audio/latency,16.400000,0.000000,2,4,8,11,51,93,320,320,320,320,320,1008,0,2,15.913963291688834,1.0579079989838647,1355.6703150006797,33.0
1772909297,10,GET,/api/audio/levels,16.400000,0.000000,4,10,14,16,36,100,300,320,1400,1400,1400,1008,0,4,33.99384571425149,1.0556590004853206,1373.7791540006583,73.0
1772909297,10,GET,/api/audio/levels (during plugin swap),4.500000,0.000000,3,14,47,66,210,290,1200,1200,1200,1200,1200,269,0,4,42.21271591818059,1.059537999026361,1249.343707000662,73.0
1772909297,10,GET,/api/audio/levels/plugins,4.500000,0.000000,3,5,7,9,310,310,1400,1400,1400,1400,1400,269,0,2,32.61791855391588,1.0543739990680479,1371.4947610005765,14.0
1772909297,10,GET,/api/audio/status,13.700000,0.000000,2,4,7,9,17,52,310,320,320,320,320,775,0,2,15.927366267107221,1.0755269995570416,1363.4259209993616,168.0
1772909297,10,GET,/api/chains/,0.000000,0.000000,0,0,0,0,0,0,0,0,0,0,0,70,0,9,41.8330521000306,1.379286999508622,350.281727998663,1448.3
1772909297,10,GET,/api/chains/{id},13.700000,0.000000,11,17,21,23,46,73,130,260,1200,1200,1200,776,0,9,39.509856456184075,3.1773649989190744,1429.0198010003223,502.694587628866
1772909297,10,POST,/api/chains/{id}/activate,13.700000,0.100000,3,8,12,17,69,79,300,320,1400,1400,1400,775,4,5,24.05497052643172,1.187234998724307,1416.1616380006308,47.66967741935484
1772909297,10,POST,/api/chains/{id}/deactivate,13.800000,0.000000,2,3,9,10,17,80,1400,1400,1400,1400,1400,775,1,2,21.113045710991436,1.1722380004357547,1405.8152420002443,60.847741935483874
1772909297,10,POST,/api/plugins/batch/parameters (500 updates),7.900000,0.000000,9,16,19,21,24,54,290,300,300,300,300,468,0,9,34.31859340595562,3.15936100014369,1316.1582419998012,849.1602564102565
1772909297,10,GET,/api/plugins/discover,0.000000,0.000000,0,0,0,0,0,0,0,0,0,0,0,70,0,20,76.56812508581164,10.701784000048065,1358.751202998974,85406.0
1772909297,10,GET,/api/plugins/list,0.000000,0.000000,0,0,0,0,0,0,0,0,0,0,0,70,0,3,14.740005014287558,1.11992799975269,281.3051960001758,39.857142857142854
1772909297,10,POST,/api/plugins/load?uri,4.500000,0.000000,2,6,15,22,83,89,93,93,93,93,93,269,0,3,24.357730602131422,1.3308609995874576,1355.8671660011896,2232.5947955390334
1772909297,10,POST,/api/plugins/unload?uri,4.500000,0.000000,3,7,9,13,16,69,1400,1400,1400,1400,1400,269,0,2,19.10466121935788,1.1861699986184249,1376.5129690000322,84.2081784386617
1772909297,10,,Aggregated,113.600000,0.100000,4,8,13,16,32,84,310,320,1400,1400,1400,6871,5,4,27.000065502833394,1.0543739990680479,1429.0198010003223,1140.7161985154999
1772909298,10,GET,/api/audio/latency,16.600000,0.000000,2,3,6,9,18,74,93,310,310,310,310,1032,0,2,15.675886834322919,1.0579079989838647,1355.6703150006797,33.0
1772909298,10,GET,/api/audio/levels,16.600000,0.000000,3,8,10,14,31,100,310,320,1400,1400,1400,1032,0,4,34.336169089112104,1.0556590004853206,1373.7791540006583,73.0
1772909298,10,GET,/api/audio/levels (during plugin swap),4.900000,0.000000,3,14,26,64,210,310,1200,1200,1200,1200,1200,274,0,4,42.73263728098582,1.059537999026361,1249.343707000662,73.0
1772909298,10,GET,/api/audio/levels/plugins,4.900000,0.000000,3,4,6,9,310,310,1400,1400,1400,1400,1400,274,0,2,32.0637806642507,1.0543739990680479,1371.4947610005765,14.0
1772909298,10,GET,/api/audio/status,13.900000,0.000000,2,5,8,9,14,29,310,310,320,320,320,797,0,2,15.615135963623654,1.0755269995570416,1363.4259209993616,168.0
1772909298,10,GET,/api/chains/,0.000000,0.000000,0,0,0,0,0,0,0,0,0,0,0,70,0,9,41.8330521000306,1.379286999508622,350.281727998663,1448.3
1772909298,10,GET,/api/chains/{id},13.800000,0.000000,11,17,20,22,47,84,230,260,1200,1200,1200,798,0,10,39.59120262656722,3.1773649989190744,1429.0198010003223,502.8170426065163
1772909298,10,POST,/api/chains/{id}/activate,13.900000,0.100000,3,8,11,16,30,79,320,360,1400,1400,1400,798,4,5,24.0458966603828,1.187234998724307,1416.1616380006308,47.68045112781955
1772909298,10,POST,/api/chains/{id}/deactivate,14.000000,0.000000,2,3,8,10,16,80,1400,1400,1400,1400,1400,797,1,2,20.63421248057144,1.1722380004357547,1405.8152420002443,60.87954830614805
1772909298,10,POST,/api/plugins/batch/parameters (500 updates),7.700000,0.000000,8,14,18,19,24,54,200,300,300,300,300,476,0,9,34.30767110711629,3.15936100014369,1316.1582419998012,849.0063025210084
1772909298,10,GET,/api/plugins/discover,0.000000,0.000000,0,0,0,0,0,0,0,0,0,0,0,70,0,20,76.56812508581164,10.701784000048065,1358.751202998974,85406.0
1772909298,10,GET,/api/plugins/list,0.000000,0.000000,0,0,0,0,0,0,0,0,0,0,0,70,0,3,14.740005014287558,1.11992799975269,281.3051960001758,39.857142857142854
1772909298,10,POST,/api/plugins/load?uri,4.900000,0.000000,2,5,15,22,83,89,93,93,93,93,93,274,0,3,24.03597888674649,1.3308609995874576,1355.8671660011896,2257.875912408759
1772909298,10,POST,/api/plugins/unload?uri,4.900000,0.000000,3,7,8,9,16,69,1400,1400,1400,1400,1400,274,0,2,18.803112029227986,1.1861699986184249,1376.5129690000322,84.21532846715328
1772909298,10,,Aggregated,116.100000,0.100000,4,8,12,15,26,83,310,320,1400,1400,1400,7036,5,4,26.885736396100395,1.0543739990680479,1429.0198010003223,1120.4370380898238
1772909299,10,GET,/api/audio/latency,17.700000,0.000000,2,3,4,9,18,74,93,310,310,310,310,1055,0,2,15.437188309972035,1.0579079989838647,1355.6703150006797,33.0
1772909299,10,GET,/api/audio/levels,17.700000,0.000000,3,8,10,14,23,100,310,320,1400,1400,1400,1055,0,4,33.74817612129156,1.0556590004853206,1373.7791540006583,73.0
1772909299,10,GET,/api/audio/levels (during plugin swap),4.800000,0.000000,7,16,47,64,210,310,1200,1200,1200,1200,1200,281,0,5,42.00988295726147,1.059537999026361,1249.343707000662,73.0
1772909299,10,GET,/api/audio/levels/plugins,4.700000,0.000000,3,6,9,12,310,310,1400,1400,1400,1400,1400,280,0,2,32.00716222502576,1.0543739990680479,1371.4947610005765,14.0
1772909299,10,GET,/api/audio/status,14.100000,0.000000,2,4,7,8,14,19,310,310,320,320,320,811,0,2,15.418897766964017,1.0755269995570416,1363.4259209993616,168.0
1772909299,10,GET,/api/chains/,0.000000,0.000000,0,0,0,0,0,0,0,0,0,0,0,70,0,9,41.8330521000306,1.379286999508622,350.281727998663,1448.3
1772909299,10,GET,/api/chains/{id},14.400000,0.000000,12,17,20,23,53,84,230,260,1200,1200,1200,811,0,10,39.26203579778525,3.1773649989190744,1429.0198010003223,503.80764488286064
1772909299,10,POST,/api/chains/{id}/activate,14.100000,0.100000,3,8,10,14,34,81,320,360,1400,1400,1400,811,4,5,23.842589427849468,1.187234998724307,1416.1616380006308,47.69297163995068
1772909299,10,POST,/api/chains/{id}/deactivate,14.100000,0.000000,2,3,7,9,16,80,1400,1400,1400,1400,1400,809,1,2,20.370132270717363,1.1722380004357547,1405.8152420002443,60.896168108776266
1772909299,10,POST,/api/plugins/batch/parameters (500 updates),8.800000,0.000000,7,14,17,19,26,54,200,300,300,300,300,484,0,9,33.949412390476695,3.15936100014369,1316.1582419998012,849.5020661157025
1772909299,10,GET,/api/plugins/discover,0.000000,0.000000,0,0,0,0,0,0,0,0,0,0,0,70,0,20,76.56812508581164,10.701784000048065,1358.751202998974,85406.0
1772909299,10,GET,/api/plugins/list,0.000000,0.000000,0,0,0,0,0,0,0,0,0,0,0,70,0,3,14.740005014287558,1.11992799975269,281.3051960001758,39.857142857142854
1772909299,10,POST,/api/plugins/load?uri,4.700000,0.000000,3,11,18,22,83,89,93,93,93,93,93,280,0,3,23.72939097487818,1.3308609995874576,1355.8671660011896,2279.7964285714284
1772909299,10,POST,/api/plugins/unload?uri,4.700000,0.000000,3,7,9,15,19,69,1400,1400,1400,1400,1400,279,0,2,18.609719501825392,1.1861699986184249,1376.5129690000322,84.17204301075269
1772909299,10,,Aggregated,119.800000,0.100000,3,8,12,15,26,84,310,320,1400,1400,1400,7166,5,4,26.570903674011035,1.0543739990680479,1429.0198010003223,1105.8638012838403
1772909300,10,GET,/api/audio/latency,16.500000,0.000000,2,3,5,10,18,51,93,310,310,310,310,1074,0,2,15.288961131304106,1.0579079989838647,1355.6703150006797,33.0
1772909300,10,GET,/api/audio/levels,16.500000,0.000000,4,8,11,14,26,180,310,320,1400,1400,1400,1074,0,4,33.62115581001988,1.0556590004853206,1373.7791540006583,73.0
1772909300,10,GET,/api/audio/levels (during plugin swap),4.600000,0.000000,6,15,47,66,210,310,1200,1200,1200,1200,1200,289,0,5,42.499075501704894,1.059537999026361,1249.343707000662,73.0
1772909300,10,GET,/api/audio/levels/plugins,4.600000,0.000000,3,4,9,12,91,310,320,1400,1400,1400,1400,289,0,2,31.121259643639853,1.0543739990680479,1371.4947610005765,14.0
1772909300,10,GET,/api/audio/status,12.700000,0.000000,2,4,7,8,15,18,310,310,320,320,320,822,0,2,15.27512413625598,1.0755269995570416,1363.4259209993616,168.0
1772909300,10,GET,/api/chains/,0.000000,0.000000,0,0,0,0,0,0,0,0,0,0,0,70,0,9,41.8330521000306,1.379286999508622,350.281727998663,1448.3
1772909300,10,GET,/api/chains/{id},12.700000,0.000000,11,17,20,22,52,84,260,310,1200,1200,1200,822,0,10,39.233641557181535,3.1773649989190744,1429.0198010003223,503.54379562043795
1772909300,10,POST,/api/chains/{id}/activate,12.700000,0.100000,3,8,11,14,60,79,320,360,1400,1400,1400,822,4,5,23.72228268367731,1.187234998724307,1416.1616380006308,47.64476885644769
1772909300,10,POST,/api/chains/{id}/deactivate,12.800000,0.000000,2,3,8,10,16,81,1400,1400,1400,1400,1400,822,1,2,20.82219883821319,1.1722380004357547,1405.8152420002443,60.88321167883212
1772909300,10,POST,/api/plugins/batch/parameters (500 updates),8.400000,0.000000,8,14,17,19,28,71,200,300,300,300,300,495,0,9,33.7717282343231,3.15936100014369,1316.1582419998012,849.4808080808081
1772909300,10,GET,/api/plugins/discover,0.000000,0.000000,0,0,0,0,0,0,0,0,0,0,0,70,0,20,76.56812508581164,10.701784000048065,1358.751202998974,85406.0
1772909300,10,GET,/api/plugins/list,0.000000,0.000000,0,0,0,0,0,0,0,0,0,0,0,70,0,3,14.740005014287558,1.11992799975269,281.3051960001758,39.857142857142854
1772909300,10,POST,/api/plugins/load?uri,4.600000,0.000000,3,11,16,22,83,91,93,300,300,300,300,289,0,3,24.175927795733205,1.3308609995874576,1355.8671660011896,2254.318339100346
1772909300,10,POST,/api/plugins/unload?uri,4.600000,0.000000,3,7,9,14,19,83,290,1400,1400,1400,1400,289,0,2,19.083925138446574,1.1861699986184249,1376.5129690000322,84.15570934256056
1772909300,10,,Aggregated,110.700000,0.100000,4,8,12,15,26,90,310,320,1400,1400,1400,7297,5,4,26.554268520071627,1.0543739990680479,1429.0198010003223,1090.737152254351
1772909301,10,GET,/api/audio/latency,16.800000,0.000000,2,3,4,6,17,23,93,310,310,310,310,1095,0,2,15.036972343397261,1.0579079989838647,1355.6703150006797,33.0
1772909301,10,GET,/api/audio/levels,16.800000,0.000000,3,7,10,12,17,180,310,320,1400,1400,1400,1095,0,4,33.054185531470374,1.0556590004853206,1373.7791540006583,73.0
1772909301,10,GET,/api/audio/levels (during plugin swap),4.900000,0.000000,3,11,16,46,210,310,1200,1200,1200,1200,1200,296,0,4,41.56541364862253,1.059537999026361,1249.343707000662,73.0
1772909301,10,GET,/api/audio/levels/plugins,4.900000,0.000000,2,4,6,9,91,310,320,1400,1400,1400,1400,296,0,2,30.476360405440868,1.0543739990680479,1371.4947610005765,14.0
1772909301,10,GET,/api/audio/status,13.700000,0.000000,2,3,6,8,14,21,310,310,320,320,320,842,0,2,15.025598466745405,1.0755269995570416,1363.4259209993616,168.0
1772909301,10,GET,/api/chains/,0.000000,0.000000,0,0,0,0,0,0,0,0,0,0,0,70,0,9,41.8330521000306,1.379286999508622,350.281727998663,1448.3
1772909301,10,GET,/api/chains/{id},13.700000,0.000000,11,16,19,20,47,84,260,310,1200,1200,1200,842,0,10,38.6302061555886,3.1773649989190744,1429.0198010003223,502.03562945368174
1772909301,10,POST,/api/chains/{id}/activate,13.700000,0.100000,3,5,10,13,26,72,320,360,1400,1400,1400,842,4,5,23.343876682874928,1.187234998724307,1416.1616380006308,47.73040380047506
1772909301,10,POST,/api/chains/{id}/deactivate,13.700000,0.000000,2,3,4,9,15,80,1400,1400,1400,1400,1400,842,1,2,20.40022493825516,1.1722380004357547,1405.8152420002443,60.88004750593824
1772909301,10,POST,/api/plugins/batch/parameters (500 updates),8.800000,0.000000,6,13,15,17,24,49,180,200,300,300,300,509,0,9,33.05939200586923,3.15936100014369,1316.1582419998012,849.762278978389
1772909301,10,GET,/api/plugins/discover,0.000000,0.000000,0,0,0,0,0,0,0,0,0,0,0,70,0,20,76.56812508581164,10.701784000048065,1358.751202998974,85406.0
1772909301,10,GET,/api/plugins/list,0.000000,0.000000,0,0,0,0,0,0,0,0,0,0,0,70,0,3,14.740005014287558,1.11992799975269,281.3051960001758,39.857142857142854
1772909301,10,POST,/api/plugins/load?uri,4.900000,0.000000,2,5,12,18,83,91,93,300,300,300,300,296,0,3,23.69143098975213,1.3308609995874576,1355.8671660011896,2265.7027027027025
1772909301,10,POST,/api/plugins/unload?uri,4.900000,0.000000,3,6,9,15,21,83,290,1400,1400,1400,1400,296,0,2,18.787952905430192,1.1861699986184249,1376.5129690000322,84.3108108108108
1772909301,10,,Aggregated,116.800000,0.100000,3,6,11,14,22,83,310,320,1400,1400,1400,7461,5,4,26.097830715446932,1.0543739990680479,1429.0198010003223,1073.3368181208953
1772909302,10,GET,/api/audio/latency,16.700000,0.000000,2,3,4,7,17,23,93,310,310,310,310,1102,0,2,14.995359395658758,1.0579079989838647,1355.6703150006797,33.0
1772909302,10,GET,/api/audio/levels,16.700000,0.000000,3,7,10,14,23,100,300,320,320,320,320,1102,0,4,33.02333022047391,1.0556590004853206,1373.7791540006583,73.0
1772909302,10,GET,/api/audio/levels (during plugin swap),4.900000,0.000000,3,11,16,46,80,260,290,310,310,310,310,300,0,4,41.23384207330673,1.059537999026361,1249.343707000662,73.0
1772909302,10,GET,/api/audio/levels/plugins,4.900000,0.000000,2,3,7,12,85,310,310,320,320,320,320,300,0,2,30.365936283372623,1.0543739990680479,1371.4947610005765,14.0
1772909302,10,GET,/api/audio/status,13.200000,0.000000,2,4,7,8,15,52,310,310,320,320,320,848,0,2,15.30502982075177,1.0755269995570416,1363.4259209993616,168.0
1772909302,10,GET,/api/chains/,0.000000,0.000000,0,0,0,0,0,0,0,0,0,0,0,70,0,9,41.8330521000306,1.379286999508622,350.281727998663,1448.3
1772909302,10,GET,/api/chains/{id},13.100000,0.000000,12,17,20,22,53,84,230,260,310,310,310,848,0,10,38.69034618868819,3.1773649989190744,1429.0198010003223,501.6179245283019
1772909302,10,POST,/api/chains/{id}/activate,13.200000,0.100000,4,8,11,14,60,85,98,320,360,360,360,848,4,5,23.61362370280652,1.187234998724307,1416.1616380006308,47.699292452830186
1772909302,10,POST,/api/chains/{id}/deactivate,13.300000,0.000000,2,3,5,10,15,80,290,290,300,300,300,846,1,2,20.99467212294481,1.1722380004357547,1405.8152420002443,60.885342789598106
1772909302,10,POST,/api/plugins/batch/parameters (500 updates),8.900000,0.000000,7,13,15,18,28,71,200,300,300,300,300,510,0,9,33.166338945072006,3.15936100014369,1316.1582419998012,849.7941176470588
1772909302,10,GET,/api/plugins/discover,0.000000,0.000000,0,0,0,0,0,0,0,0,0,0,0,70,0,20,76.56812508581164,10.701784000048065,1358.751202998974,85406.0
1772909302,10,GET,/api/plugins/list,0.000000,0.000000,0,0,0,0,0,0,0,0,0,0,0,70,0,3,14.740005014287558,1.11992799975269,281.3051960001758,39.857142857142854
1772909302,10,POST,/api/plugins/load?uri,4.900000,0.000000,2,5,12,18,83,91,93,300,300,300,300,300,0,3,23.49395119655431,1.3308609995874576,1355.8671660011896,2257.1066666666666
1772909302,10,POST,/api/plugins/unload?uri,4.900000,0.000000,3,5,7,15,17,69,83,290,290,290,290,300,0,2,18.609082750026573,1.1861699986184249,1376.5129690000322,84.41666666666667
1772909302,10,,Aggregated,114.700000,0.100000,3,7,11,14,25,84,290,310,320,360,360,7514,5,4,26.195911583171124,1.0543739990680479,1429.0198010003223,1067.493878094224
