Timestamp,User Count,Type,Name,Requests/s,Failures/s,50%,66%,75%,80%,90%,95%,98%,99%,99.9%,99.99%,100%,Total Request Count,Total Failure Count,Total Median Response Time,Total Average Response Time,Total Min Response Time,Total Max Response Time,Total Average Content Size
1772911204,0,,Aggregated,0.000000,0.000000,N/A,N/A,N/A,N/A,N/A,N/A,N/A,N/A,N/A,N/A,N/A,0,0,0,0.0,0,0,0
1772911205,2,GET,/api/audio/latency,0.000000,0.000000,0,0,0,0,0,0,0,0,0,0,0,2,0,3.063424999709241,11.95700249991205,3.063424999709241,20.85058000011486,33.0
1772911205,2,GET,/api/audio/levels,0.000000,0.000000,0,0,0,0,0,0,0,0,0,0,0,2,0,19.01034799811896,171.7255549992842,19.01034799811896,324.44076200044947,79.5
1772911205,2,GET,/api/audio/levels (during plugin swap),0.000000,0.000000,0,0,0,0,0,0,0,0,0,0,0,1,0,19.456614998489385,19.456614998489385,19.456614998489385,19.456614998489385,73.0
1772911205,2,GET,/api/audio/levels/plugins,0.000000,0.000000,0,0,0,0,0,0,0,0,0,0,0,1,0,2.1757409995188937,2.1757409995188937,2.1757409995188937,2.1757409995188937,14.0
1772911205,2,GET,/api/audio/status,0.000000,0.000000,0,0,0,0,0,0,0,0,0,0,0,1,0,7.470045999070862,7.470045999070862,7.470045999070862,7.470045999070862,168.0
1772911205,2,GET,/api/chains/,0.000000,0.000000,0,0,0,0,0,0,0,0,0,0,0,4,0,2.1012379984313156,63.106515500294336,2.1012379984313156,124.82482899940806,1449.0
1772911205,2,GET,/api/chains/{id},0.000000,0.000000,0,0,0,0,0,0,0,0,0,0,0,1,0,23.648951999348355,23.648951999348355,23.648951999348355,23.648951999348355,499.0
1772911205,2,POST,/api/chains/{id}/activate,0.000000,0.000000,0,0,0,0,0,0,0,0,0,0,0,1,0,358.9401179997367,358.9401179997367,358.9401179997367,358.9401179997367,59.0
1772911205,2,POST,/api/chains/{id}/deactivate,0.000000,0.000000,0,0,0,0,0,0,0,0,0,0,0,1,0,3.423337002459448,3.423337002459448,3.423337002459448,3.423337002459448,62.0
1772911205,2,GET,/api/plugins/discover,0.000000,0.000000,0,0,0,0,0,0,0,0,0,0,0,4,0,25,30.765795499974047,11.743552000552882,44.05562299871235,77331.75
1772911205,2,GET,/api/plugins/list,0.000000,0.000000,0,0,0,0,0,0,0,0,0,0,0,4,0,3,5.263746750642895,2.28760699974373,11.620411998592317,23.0
1772911205,2,POST,/api/plugins/load?uri,0.000000,0.000000,0,0,0,0,0,0,0,0,0,0,0,1,0,3.1841659983911086,3.1841659983911086,3.1841659983911086,3.1841659983911086,920.0
1772911205,2,POST,/api/plugins/unload?uri,0.000000,0.000000,0,0,0,0,0,0,0,0,0,0,0,1,0,1.6263689976767637,1.6263689976767637,1.6263689976767637,1.6263689976767637,76.0
1772911205,2,,Aggregated,0.000000,0.000000,0,0,0,0,0,0,0,0,0,0,0,24,0,12,49.32644541653038,1.6263689976767637,358.9401179997367,13221.291666666666
1772911206,4,GET,/api/audio/latency,0.000000,0.000000,0,0,0,0,0,0,0,0,0,0,0,13,0,2,6.004645999312813,1.0965219989884645,21.749169998656726,33.0
1772911206,4,GET,/api/audio/levels,0.000000,0.000000,0,0,0,0,0,0,0,0,0,0,0,14,0,2,30.346784500060103,1.0921290013357066,324.44076200044947,76.71428571428571
1772911206,4,GET,/api/audio/levels (during plugin swap),0.000000,0.000000,0,0,0,0,0,0,0,0,0,0,0,5,0,2,6.618075200094609,1.3211410005169455,19.456614998489385,73.0
1772911206,4,GET,/api/audio/levels/plugins,0.000000,0.000000,0,0,0,0,0,0,0,0,0,0,0,5,0,2,4.418179399362998,1.0687260000850074,9.522047999780625,19.2
1772911206,4,GET,/api/audio/status,0.000000,0.000000,0,0,0,0,0,0,0,0,0,0,0,8,0,1.0854870015464257,2.1497018742593355,1.0854870015464257,7.470045999070862,168.0
1772911206,4,GET,/api/chains/,0.000000,0.000000,0,0,0,0,0,0,0,0,0,0,0,10,0,2,26.687934900110122,1.3376110000535846,124.82482899940806,1448.6
1772911206,4,GET,/api/chains/{id},0.000000,0.000000,0,0,0,0,0,0,0,0,0,0,0,8,0,4,8.854175875967485,1.3929540000390261,23.648951999348355,605.5
1772911206,4,POST,/api/chains/{id}/activate,0.000000,0.000000,0,0,0,0,0,0,0,0,0,0,0,8,0,4,47.807445249873126,1.2376289996609557,358.9401179997367,50.5
1772911206,4,POST,/api/chains/{id}/deactivate,0.000000,0.000000,0,0,0,0,0,0,0,0,0,0,0,8,0,1.2149489994044416,1.582872625476739,1.2149489994044416,3.423337002459448,62.0
1772911206,4,GET,/api/plugins/discover,0.000000,0.000000,0,0,0,0,0,0,0,0,0,0,0,10,0,23,23.001973200007342,10.92287899882649,44.05562299871235,82176.3
1772911206,4,GET,/api/plugins/list,0.000000,0.000000,0,0,0,0,0,0,0,0,0,0,0,10,0,2,3.0114196000795346,1.0970610019285232,11.620411998592317,23.0
1772911206,4,POST,/api/plugins/load?uri,0.000000,0.000000,0,0,0,0,0,0,0,0,0,0,0,5,0,3,4.440283800067846,2.13377600084641,7.889836000686046,3512.8
1772911206,4,POST,/api/plugins/unload?uri,0.000000,0.000000,0,0,0,0,0,0,0,0,0,0,0,5,0,2,1.8513775990868453,1.292493998334976,2.5115239986917004,81.2
1772911206,4,,Aggregated,0.000000,0.000000,2,6,10,12,23,43,120,320,360,360,360,109,0,2,14.676346816436267,1.0687260000850074,358.9401179997367,7922.027522935779
1772911207,6,GET,/api/audio/latency,0.000000,0.000000,1,2,2,2,14,15,22,22,22,22,22,29,0,1.0284460004186258,3.934873965371135,1.0284460004186258,21.749169998656726,33.0
1772911207,6,GET,/api/audio/levels,0.000000,0.000000,2,2,12,16,22,24,43,43,43,43,43,30,0,2,18.007291400256992,1.0801399985211901,324.44076200044947,76.03333333333333
1772911207,6,GET,/api/audio/levels (during plugin swap),0.000000,0.000000,5,9,13,13,14,26,26,26,26,26,26,13,0,5,7.94399330754039,1.089942001271993,25.80213399778586,74.0
1772911207,6,GET,/api/audio/levels/plugins,0.000000,0.000000,1,1,2,2,8,10,10,10,10,10,10,12,0,1.0598529988783412,2.62800691659019,1.0598529988783412,9.522047999780625,18.333333333333332
1772911207,6,GET,/api/audio/status,0.000000,0.000000,1,1,2,2,2,2,2,2,2,2,2,14,0,1.0854870015464257,1.9289159996073326,1.0854870015464257,7.470045999070862,168.0
1772911207,6,GET,/api/chains/,0.000000,0.000000,3,3,8,8,11,21,21,21,21,21,21,16,0,3,19.65567331285456,1.3376110000535846,124.82482899940806,1448.375
1772911207,6,GET,/api/chains/{id},0.000000,0.000000,9,10,11,12,13,18,18,18,18,18,18,14,0,9,8.539379929321253,1.3929540000390261,23.648951999348355,572.1428571428571
1772911207,6,POST,/api/chains/{id}/activate,0.000000,0.000000,4,5,5,6,7,19,19,19,19,19,19,14,0,4,29.862914856754028,1.2376289996609557,358.9401179997367,49.214285714285715
1772911207,6,POST,/api/chains/{id}/deactivate,0.000000,0.000000,1,1,1,2,2,3,3,3,3,3,3,14,0,1.2149489994044416,1.5672289290315737,1.2149489994044416,3.423337002459448,62.0
1772911207,6,GET,/api/plugins/discover,0.000000,0.000000,23,23,26,26,29,34,34,34,34,34,34,16,0,23,21.686408124878653,10.92287899882649,44.05562299871235,83387.4375
1772911207,6,GET,/api/plugins/list,0.000000,0.000000,1,2,2,2,2,2,2,2,2,2,2,16,0,2,2.481291812728159,1.0970610019285232,11.620411998592317,23.0
1772911207,6,POST,/api/plugins/load?uri,0.000000,0.000000,2,7,8,8,8,15,15,15,15,15,15,12,0,2,4.42516416721143,1.35799200143083,15.058559998578858,2573.25
1772911207,6,POST,/api/plugins/unload?uri,0.000000,0.000000,1,1,2,2,2,3,3,3,3,3,3,12,0,1.1956480011576787,1.5277752493905912,1.1956480011576787,2.5115239986917004,80.41666666666667
1772911207,6,,Aggregated,0.000000,0.000000,2,3,8,11,19,26,44,120,360,360,360,212,0,2,10.1336107736471,1.0284460004186258,358.9401179997367,6631.7169811320755
1772911208,8,GET,/api/audio/latency,1.000000,0.000000,1,2,3,7,59,65,320,320,320,320,320,41,0,2,15.435173926539946,1.0284460004186258,316.6757079998206,33.0
1772911208,8,GET,/api/audio/levels,1.000000,0.000000,2,7,16,19,43,300,330,330,330,330,330,42,0,2,30.45182295266256,1.0801399985211901,326.3082609992125,76.4047619047619
1772911208,8,GET,/api/audio/levels (during plugin swap),0.500000,0.000000,5,9,13,13,21,26,26,26,26,26,26,17,0,5,7.965497999547926,1.089942001271993,25.80213399778586,75.29411764705883
1772911208,8,GET,/api/audio/levels/plugins,0.500000,0.000000,1,3,8,8,12,82,82,82,82,82,82,17,0,1.0598529988783412,7.952295235180132,1.0598529988783412,81.55136999994284,19.352941176470587
1772911208,8,GET,/api/audio/status,0.500000,0.000000,1,2,2,3,10,16,16,16,16,16,16,21,0,1.0854870015464257,3.1924238094125896,1.0854870015464257,16.278926999802934,168.0
1772911208,8,GET,/api/chains/,2.000000,0.000000,3,8,21,21,58,78,78,78,78,78,78,20,0,3,25.463322550422163,1.3376110000535846,124.82482899940806,1448.3
1772911208,8,GET,/api/chains/{id},0.500000,0.000000,8,10,12,13,18,310,310,310,310,310,310,21,0,8,22.118469381461008,1.3678909999725875,308.95638600122766,555.952380952381
1772911208,8,POST,/api/chains/{id}/activate,0.500000,0.000000,4,5,6,7,19,47,47,47,47,47,47,21,0,4,23.12311723809606,1.2376289996609557,358.9401179997367,49.23809523809524
1772911208,8,POST,/api/chains/{id}/deactivate,0.500000,0.000000,1,3,4,6,11,12,12,12,12,12,12,21,0,1.2149489994044416,3.2474324285604306,1.2149489994044416,11.993488998996327,62.0
1772911208,8,POST,/api/plugins/batch/parameters (500 updates),0.000000,0.000000,0,0,0,0,0,0,0,0,0,0,0,4,0,3,8.955781750046299,2.8498079991550185,27.099213999463245,781.0
1772911208,8,GET,/api/plugins/discover,2.000000,0.000000,23,26,34,34,49,320,320,320,320,320,320,20,0,23,38.39018524995481,10.92287899882649,317.85854999907315,83791.15
1772911208,8,GET,/api/plugins/list,2.000000,0.000000,2,2,2,2,320,330,330,330,330,330,330,20,0,2,38.668984250034555,1.0970610019285232,326.49217799917096,35.15
1772911208,8,POST,/api/plugins/load?uri,0.500000,0.000000,3,7,8,8,15,76,76,76,76,76,76,17,0,3,8.773774882951436,1.35799200143083,75.61047200215398,2178.9411764705883
1772911208,8,POST,/api/plugins/unload?uri,0.500000,0.000000,2,3,7,7,11,320,320,320,320,320,320,17,0,2,21.78198405817966,1.1956480011576787,321.4048189984169,80.05882352941177
1772911208,8,,Aggregated,12.000000,0.000000,2,7,11,13,29,78,320,330,360,360,360,299,0,2,19.64365334450207,1.0284460004186258,358.9401179997367,5922.170568561873
1772911210,10,GET,/api/audio/latency,4.666667,0.000000,2,3,3,10,22,59,65,320,320,320,320,68,0,2,11.630963470452116,1.0284460004186258,316.6757079998206,33.0
1772911210,10,GET,/api/audio/levels,4.666667,0.000000,2,7,12,14,22,43,300,330,330,330,330,68,0,2,21.178825779743956,1.0716139986470807,326.3082609992125,75.86764705882354
1772911210,10,GET,/api/audio/levels (during plugin swap),1.666667,0.000000,3,9,13,14,21,21,26,26,26,26,26,22,0,3,8.19244563618585,1.089942001271993,25.80213399778586,75.95454545454545
1772911210,10,GET,/api/audio/levels/plugins,1.666667,0.000000,2,3,5,8,10,12,82,82,82,82,82,22,0,2,6.902156045312453,1.0598529988783412,81.55136999994284,19.90909090909091
1772911210,10,GET,/api/audio/status,2.666667,0.000000,2,2,3,7,16,26,46,46,46,46,46,37,0,2,5.329469891876215,1.0712849980336614,45.71469200163847,168.0
1772911210,10,GET,/api/chains/,3.333333,0.000000,3,11,13,14,58,58,78,78,78,78,78,30,0,3,20.00782910035923,1.3376110000535846,124.82482899940806,1448.2
1772911210,10,GET,/api/chains/{id},2.666667,0.000000,6,9,11,12,15,24,310,310,310,310,310,37,0,6,15.298523000170904,1.217410001117969,308.95638600122766,526.8918918918919
1772911210,10,POST,/api/chains/{id}/activate,2.666667,0.000000,3,5,7,8,19,30,47,47,47,47,47,37,0,3,16.314051972979026,1.2034100000164472,358.9401179997367,50.513513513513516
1772911210,10,POST,/api/chains/{id}/deactivate,2.666667,0.000000,1,3,4,6,11,12,14,14,14,14,14,37,0,1.2068559990439098,3.3845875677306556,1.2068559990439098,14.392021999810822,62.0
1772911210,10,POST,/api/plugins/batch/parameters (500 updates),0.000000,0.000000,24,24,43,43,43,43,43,43,43,43,43,7,0,3,15.099345143555963,2.8498079991550185,42.680499002017314,781.0
1772911210,10,GET,/api/plugins/discover,3.333333,0.000000,23,25,26,27,43,49,320,320,320,320,320,30,0,23,31.56006780009193,10.92287899882649,317.85854999907315,84329.43333333333
1772911210,10,GET,/api/plugins/list,3.333333,0.000000,2,2,4,9,82,320,330,330,330,330,330,30,0,2,28.04434949988111,1.0970610019285232,326.49217799917096,34.166666666666664
1772911210,10,POST,/api/plugins/load?uri,1.666667,0.000000,4,7,7,8,11,15,76,76,76,76,76,22,0,3,7.850175091251995,1.35799200143083,75.61047200215398,2629.090909090909
1772911210,10,POST,/api/plugins/unload?uri,1.666667,0.000000,2,2,4,7,11,24,320,320,320,320,320,22,0,2,18.26880672656857,1.1956480011576787,321.4048189984169,84.0
1772911210,10,,Aggregated,36.666667,0.000000,2,7,11,13,24,47,300,320,360,360,360,469,0,2,15.189579347601725,1.0284460004186258,358.9401179997367,5711.929637526652
1772911211,10,GET,/api/audio/latency,7.250000,0.000000,2,3,7,14,62,79,86,320,320,320,320,82,0,2,14.58534656083474,1.0284460004186258,316.6757079998206,33.0
1772911211,10,GET,/api/audio/levels,7.500000,0.000000,2,9,14,16,51,67,300,330,330,330,330,82,0,2,22.392577183093568,1.0716139986470807,326.3082609992125,75.85365853658537
1772911211,10,GET,/api/audio/levels (during plugin swap),3.250000,0.000000,3,9,14,17,21,26,43,43,43,43,43,28,0,3,9.128820999909035,1.089942001271993,43.07593999692472,75.78571428571429
1772911211,10,GET,/api/audio/levels/plugins,3.000000,0.000000,2,3,5,8,12,79,82,82,82,82,82,28,0,2,8.5051528571317,1.0598529988783412,81.55136999994284,19.571428571428573
1772911211,10,GET,/api/audio/status,3.500000,0.000000,2,3,7,10,26,73,78,78,78,78,78,49,0,2,9.331700265257885,1.0712849980336614,77.82575999954133,168.0
1772911211,10,GET,/api/chains/,4.000000,0.000000,3,8,12,14,58,58,78,78,78,78,78,33,0,3,18.357334030676583,1.3376110000535846,124.82482899940806,1448.1818181818182
1772911211,10,GET,/api/chains/{id},3.500000,0.000000,6,10,15,17,49,74,310,310,310,310,310,49,0,6,18.52929704093222,1.217410001117969,308.95638600122766,513.2244897959183
1772911211,10,POST,/api/chains/{id}/activate,3.500000,0.000000,4,6,10,15,47,74,88,88,88,88,88,49,0,4,19.482796244936218,1.2034100000164472,358.9401179997367,50.285714285714285
1772911211,10,POST,/api/chains/{id}/deactivate,3.500000,0.000000,2,3,4,6,12,16,17,17,17,17,17,48,0,2,3.9253538959656,1.2068559990439098,17.300743998930557,62.0
1772911211,10,POST,/api/plugins/batch/parameters (500 updates),0.000000,0.000000,5,20,24,24,43,43,43,43,43,43,43,11,0,5,12.514451727673242,2.8498079991550185,42.680499002017314,794.0909090909091
1772911211,10,GET,/api/plugins/discover,4.000000,0.000000,19,23,25,27,43,49,320,320,320,320,320,33,0,23,30.30782727276374,10.92287899882649,317.85854999907315,84427.30303030302
1772911211,10,GET,/api/plugins/list,4.000000,0.000000,2,2,2,9,82,320,330,330,330,330,330,33,0,2,25.614941545372307,1.0970610019285232,326.49217799917096,33.15151515151515
1772911211,10,POST,/api/plugins/load?uri,3.000000,0.000000,3,7,8,8,15,71,76,76,76,76,76,28,0,3,9.563345500282594,1.35799200143083,75.61047200215398,2249.5
1772911211,10,POST,/api/plugins/unload?uri,3.000000,0.000000,2,3,7,8,12,24,320,320,320,320,320,28,0,2,15.376935570982043,1.1956480011576787,321.4048189984169,82.71428571428571
1772911211,10,,Aggregated,53.000000,0.000000,3,7,12,15,29,73,120,320,360,360,360,581,0,3,16.043776452704705,1.0284460004186258,358.9401179997367,5093.697074010327
1772911212,10,GET,/api/audio/latency,8.400000,0.000000,2,3,10,15,68,320,330,340,340,340,340,94,0,2,26.848960616916884,1.0284460004186258,339.89414499956183,33.0
1772911212,10,GET,/api/audio/levels,8.400000,0.000000,2,9,14,17,55,260,300,330,330,330,330,94,0,2,29.75401969164755,1.0716139986470807,326.3082609992125,76.45744680851064
1772911212,10,GET,/api/audio/levels (during plugin swap),3.400000,0.000000,3,9,14,17,21,43,68,68,68,68,68,32,0,3,10.279321406187591,1.089942001271993,67.71571499848505,76.25
1772911212,10,GET,/api/audio/levels/plugins,3.400000,0.000000,2,3,5,8,12,79,82,82,82,82,82,32,0,2,8.463895687441436,1.0598529988783412,81.55136999994284,19.6875
1772911212,10,GET,/api/audio/status,4.200000,0.000000,2,3,8,15,30,46,73,78,78,78,78,65,0,2,9.312437261430135,1.0712849980336614,77.82575999954133,168.0
1772911212,10,GET,/api/chains/,4.000000,0.000000,3,8,12,14,58,78,210,210,210,210,210,37,0,3,22.445872486993746,1.3376110000535846,211.5565530002641,1448.162162162162
1772911212,10,GET,/api/chains/{id},4.200000,0.000000,6,11,15,18,74,180,260,310,310,310,310,65,0,6,26.19453950778384,1.217410001117969,308.95638600122766,504.5846153846154
1772911212,10,POST,/api/chains/{id}/activate,4.200000,0.000000,4,6,13,18,73,88,340,340,340,340,340,65,0,4,31.601571784435343,1.2034100000164472,358.9401179997367,50.753846153846155
1772911212,10,POST,/api/chains/{id}/deactivate,4.200000,0.000000,2,3,5,6,11,16,17,310,310,310,310,65,0,2,8.462624846400173,1.2068559990439098,314.70059000275796,62.0
1772911212,10,POST,/api/plugins/batch/parameters (500 updates),0.800000,0.000000,5,16,19,20,24,43,43,43,43,43,43,17,0,5,10.991162412050043,2.8498079991550185,42.680499002017314,789.4705882352941
1772911212,10,GET,/api/plugins/discover,4.000000,0.000000,19,23,25,27,34,49,320,320,320,320,320,37,0,21,29.033418594662106,10.92287899882649,317.85854999907315,84533.1081081081
1772911212,10,GET,/api/plugins/list,4.000000,0.000000,2,2,4,16,82,320,330,330,330,330,330,37,0,2,32.06404437839189,1.0970610019285232,326.49217799917096,34.24324324324324
1772911212,10,POST,/api/plugins/load?uri,3.400000,0.000000,3,7,8,8,15,76,320,320,320,320,320,32,0,3,18.670605218858327,1.35799200143083,323.40858799943817,2152.90625
1772911212,10,POST,/api/plugins/unload?uri,3.400000,0.000000,2,3,7,8,12,24,320,320,320,320,320,32,0,2,14.23599624945382,1.1956480011576787,321.4048189984169,82.8125
1772911212,10,,Aggregated,60.000000,0.000000,3,7,12,16,43,84,320,330,360,360,360,704,0,3,21.539138902012795,1.0284460004186258,358.9401179997367,4732.875
1772911213,10,GET,/api/audio/latency,11.714286,0.000000,2,3,8,13,62,86,320,330,340,340,340,120,0,2,22.225654983230925,1.0284460004186258,339.89414499956183,33.0
1772911213,10,GET,/api/audio/levels,11.714286,0.000000,4,9,14,18,51,140,280,300,330,330,330,120,0,4,25.228398633468412,1.0716139986470807,326.3082609992125,76.03333333333333
1772911213,10,GET,/api/audio/levels (during plugin swap),4.000000,0.000000,3,9,17,19,21,43,68,68,68,68,68,36,0,3,10.246336277709311,1.089942001271993,67.71571499848505,76.25
1772911213,10,GET,/api/audio/levels/plugins,4.000000,0.000000,2,3,5,8,15,79,82,82,82,82,82,36,0,2,8.126600916511961,1.0598529988783412,81.55136999994284,19.77777777777778
1772911213,10,GET,/api/audio/status,7.000000,0.000000,2,3,7,10,26,46,73,78,78,78,78,80,0,2,8.289951112419658,1.0712849980336614,77.82575999954133,168.0
1772911213,10,GET,/api/chains/,4.714286,0.000000,3,8,13,17,58,78,210,210,210,210,210,43,0,3,20.302361139836776,1.3376110000535846,211.5565530002641,1448.139534883721
1772911213,10,GET,/api/chains/{id},7.000000,0.000000,6,12,15,17,53,180,260,310,310,310,310,80,0,6,22.831001799977457,1.217410001117969,308.95638600122766,501.5
1772911213,10,POST,/api/chains/{id}/activate,7.000000,0.000000,4,6,11,13,47,88,340,340,340,340,340,80,0,4,26.779262799936987,1.2034100000164472,358.9401179997367,50.925
1772911213,10,POST,/api/chains/{id}/deactivate,6.857143,0.000000,2,3,5,6,12,16,17,310,310,310,310,80,0,2,7.864460050222988,1.2068559990439098,314.70059000275796,62.0
1772911213,10,POST,/api/plugins/batch/parameters (500 updates),1.571429,0.000000,5,16,17,19,24,43,43,43,43,43,43,21,0,5,10.487049428775208,2.8498079991550185,42.680499002017314,787.8571428571429
1772911213,10,GET,/api/plugins/discover,4.714286,0.000000,17,23,25,27,34,49,320,320,320,320,320,43,0,17,27.049125046645248,10.92287899882649,317.85854999907315,84654.90697674418
1772911213,10,GET,/api/plugins/list,4.714286,0.000000,2,2,2,9,82,320,330,330,330,330,330,43,0,2,27.834470790853523,1.0970610019285232,326.49217799917096,32.674418604651166
1772911213,10,POST,/api/plugins/load?uri,4.000000,0.000000,3,4,7,8,15,76,320,320,320,320,320,36,0,3,16.91880466670328,1.35799200143083,323.40858799943817,2152.027777777778
1772911213,10,POST,/api/plugins/unload?uri,4.000000,0.000000,2,3,7,9,12,24,320,320,320,320,320,36,0,2,13.120214193905769,1.1956480011576787,321.4048189984169,83.0
1772911213,10,,Aggregated,83.000000,0.000000,3,7,12,15,29,77,310,320,360,360,360,854,0,3,18.913015340763568,1.0284460004186258,358.9401179997367,4543.298594847775
1772911214,10,GET,/api/audio/latency,11.714286,0.000000,2,3,10,14,65,86,320,330,340,340,340,130,0,2,22.412918215279486,1.0284460004186258,339.89414499956183,33.0
1772911214,10,GET,/api/audio/levels,11.714286,0.000000,3,9,16,18,55,140,280,300,330,330,330,130,0,3,26.674018238582693,1.0716139986470807,326.3082609992125,76.1
1772911214,10,GET,/api/audio/levels (during plugin swap),4.000000,0.000000,3,9,14,17,21,43,68,68,68,68,68,39,0,3,9.822311128235201,1.089942001271993,67.71571499848505,76.33333333333333
1772911214,10,GET,/api/audio/levels/plugins,4.000000,0.000000,2,3,8,10,21,79,82,82,82,82,82,39,0,2,8.483002358843805,1.0598529988783412,81.55136999994284,20.333333333333332
1772911214,10,GET,/api/audio/status,7.000000,0.000000,2,7,10,13,26,46,78,340,340,340,340,92,0,2,12.245884923765477,1.0712849980336614,335.1424959982978,168.0
1772911214,10,GET,/api/chains/,4.714286,0.000000,3,8,12,14,41,58,210,210,210,210,210,47,0,3,18.992659595978886,1.3376110000535846,211.5565530002641,1448.127659574468
1772911214,10,GET,/api/chains/{id},7.000000,0.000000,6,12,15,19,74,160,260,310,310,310,310,92,0,6,25.82942443488086,1.217410001117969,308.95638600122766,506.7391304347826
1772911214,10,POST,/api/chains/{id}/activate,7.000000,0.000000,4,8,15,21,74,340,360,360,360,360,360,92,0,4,37.15878245641405,1.2034100000164472,358.9401179997367,51.54347826086956
1772911214,10,POST,/api/chains/{id}/deactivate,6.857143,0.000000,2,4,6,8,12,16,310,310,310,310,310,92,0,2,11.057206641532463,1.2068559990439098,314.70059000275796,62.0
1772911214,10,POST,/api/plugins/batch/parameters (500 updates),1.571429,0.000000,5,17,20,24,64,73,220,220,220,220,220,25,0,5,23.206132519990206,2.8498079991550185,220.20375799911562,804.04
1772911214,10,GET,/api/plugins/discover,4.714286,0.000000,17,23,26,27,34,49,320,320,320,320,320,47,0,17,28.330861787330928,10.92287899882649,317.85854999907315,84718.82978723405
1772911214,10,GET,/api/plugins/list,4.714286,0.000000,2,2,4,10,69,320,330,330,330,330,330,47,0,2,27.239203127735774,1.0970610019285232,326.49217799917096,33.702127659574465
1772911214,10,POST,/api/plugins/load?uri,4.000000,0.000000,3,4,7,8,71,120,320,320,320,320,320,39,0,3,18.908577794858363,1.35799200143083,323.40858799943817,2116.3333333333335
1772911214,10,POST,/api/plugins/unload?uri,4.000000,0.000000,2,4,8,10,20,310,320,320,320,320,320,39,0,2,20.515587050818468,1.1956480011576787,321.4048189984169,82.74358974358974
1772911214,10,,Aggregated,83.000000,0.000000,3,8,13,17,43,88,320,330,360,360,360,950,0,3,21.74331812316316,1.0284460004186258,358.9401179997367,4471.337894736842
1772911215,10,GET,/api/audio/latency,11.750000,0.000000,2,3,9,14,62,86,320,330,340,340,340,141,0,2,21.10133103535371,1.0284460004186258,339.89414499956183,33.0
1772911215,10,GET,/api/audio/levels,11.750000,0.000000,3,9,14,18,54,140,280,300,330,330,330,141,0,4,25.100206134858183,1.0716139986470807,326.3082609992125,76.04255319148936
1772911215,10,GET,/api/audio/levels (during plugin swap),4.000000,0.000000,2,9,13,17,21,26,68,68,68,68,68,42,0,2,9.253667666728559,1.089942001271993,67.71571499848505,76.0952380952381
1772911215,10,GET,/api/audio/levels/plugins,4.000000,0.000000,2,3,8,12,20,28,82,82,82,82,82,42,0,2,8.844428928395722,1.0598529988783412,81.55136999994284,20.5
1772911215,10,GET,/api/audio/status,8.125000,0.000000,2,5,8,11,20,34,73,78,340,340,340,107,0,2,11.079698027817154,1.0712849980336614,335.1424959982978,168.0
1772911215,10,GET,/api/chains/,4.625000,0.000000,3,5,12,14,41,58,210,210,210,210,210,49,0,3,18.349969408332907,1.3376110000535846,211.5565530002641,1448.1224489795918
1772911215,10,GET,/api/chains/{id},8.125000,0.000000,6,11,15,17,70,130,180,260,310,310,310,107,0,6,23.117872233699494,1.217410001117969,308.95638600122766,504.13084112149534
1772911215,10,POST,/api/chains/{id}/activate,8.125000,0.000000,4,8,13,19,73,310,340,360,360,360,360,107,0,4,32.95235151401748,1.2034100000164472,358.9401179997367,51.5607476635514
1772911215,10,POST,/api/chains/{id}/deactivate,8.125000,0.000000,2,3,6,7,12,16,19,310,310,310,310,107,0,2,9.926720084290665,1.2068559990439098,314.70059000275796,62.0
1772911215,10,POST,/api/plugins/batch/parameters (500 updates),2.125000,0.000000,5,15,19,20,64,73,220,220,220,220,220,31,0,5,19.871336419577524,2.8498079991550185,220.20375799911562,803.1935483870968
1772911215,10,GET,/api/plugins/discover,4.625000,0.000000,13,23,25,27,34,49,320,320,320,320,320,49,0,17,27.63408771441354,10.92287899882649,317.85854999907315,84746.87755102041
1772911215,10,GET,/api/plugins/list,4.625000,0.000000,2,2,3,10,69,320,330,330,330,330,330,49,0,2,26.19136475513354,1.0970610019285232,326.49217799917096,33.265306122448976
1772911215,10,POST,/api/plugins/load?uri,4.000000,0.000000,3,5,7,8,15,76,320,320,320,320,320,42,0,3,17.99774997614025,1.35799200143083,323.40858799943817,2053.4285714285716
1772911215,10,POST,/api/plugins/unload?uri,4.000000,0.000000,2,4,7,9,13,24,320,320,320,320,320,42,0,2,19.264031475748716,1.1956480011576787,321.4048189984169,82.76190476190476
1772911215,10,,Aggregated,88.000000,0.000000,3,8,12,15,29,79,310,320,360,360,360,1056,0,3,20.11301079450635,1.0284460004186258,358.9401179997367,4207.675189393939
1772911216,10,GET,/api/audio/latency,13.000000,0.000000,2,4,10,16,65,86,320,330,340,340,340,143,0,2,21.01132588796753,1.0284460004186258,339.89414499956183,33.0
1772911216,10,GET,/api/audio/levels,13.000000,0.000000,4,11,16,20,57,260,300,330,860,860,860,146,0,4,31.1076250685776,1.0716139986470807,863.2056589995045,76.29452054794521
1772911216,10,GET,/api/audio/levels (during plugin swap),3.900000,0.000000,3,9,17,19,43,970,1000,1000,1000,1000,1000,44,0,3,53.89765945470902,1.089942001271993,1017.3982990017976,76.54545454545455
1772911216,10,GET,/api/audio/levels/plugins,3.900000,0.000000,2,3,15,16,21,79,82,82,82,82,82,44,0,2,9.203405817970634,1.0598529988783412,81.55136999994284,20.5
1772911216,10,GET,/api/audio/status,9.200000,0.000000,3,7,10,13,21,34,73,78,340,340,340,112,0,2,11.005342606949853,1.0712849980336614,335.1424959982978,168.0
1772911216,10,GET,/api/chains/,4.700000,0.000000,3,11,14,19,58,78,890,890,890,890,890,52,0,3,35.40582821166866,1.3376110000535846,888.3851370010234,1448.1153846153845
1772911216,10,GET,/api/chains/{id},9.200000,0.000000,7,12,15,21,80,180,960,960,1000,1000,1000,112,0,6,48.38466755362398,1.217410001117969,1023.1433259978076,511.49107142857144
1772911216,10,POST,/api/chains/{id}/activate,9.200000,0.000000,5,10,18,22,73,310,340,360,360,360,360,112,0,4,32.28782408931303,1.2034100000164472,358.9401179997367,51.714285714285715
1772911216,10,POST,/api/chains/{id}/deactivate,9.200000,0.000000,2,3,7,9,14,17,20,310,310,310,310,112,0,2,9.898401982289736,1.2068559990439098,314.70059000275796,62.0
1772911216,10,POST,/api/plugins/batch/parameters (500 updates),2.500000,0.000000,6,17,24,43,220,1000,1100,1100,1100,1100,1100,36,0,5,104.87119311134545,2.8498079991550185,1059.9533439999504,805.6666666666666
1772911216,10,GET,/api/plugins/discover,4.700000,0.000000,13,23,25,27,34,49,320,320,320,320,320,51,0,16,27.095514372679947,10.92287899882649,317.85854999907315,84772.72549019608
1772911216,10,GET,/api/plugins/list,4.700000,0.000000,2,2,9,16,69,320,330,330,330,330,330,51,0,2,25.66039890192698,1.0970610019285232,326.49217799917096,34.529411764705884
1772911216,10,POST,/api/plugins/load?uri,3.900000,0.000000,3,5,10,15,71,120,320,320,320,320,320,44,0,3,18.274210568134468,1.35799200143083,323.40858799943817,2037.3863636363637
1772911216,10,POST,/api/plugins/unload?uri,3.900000,0.000000,2,4,9,11,20,310,320,320,320,320,320,44,0,2,18.802494476899895,1.1956480011576787,321.4048189984169,83.02272727272727
1772911216,10,,Aggregated,95.000000,0.000000,3,9,13,17,45,120,330,860,1100,1100,1100,1103,0,3,28.68332802356758,1.0284460004186258,1059.9533439999504,4199.22121486854
1772911217,10,GET,/api/audio/latency,14.100000,0.000000,2,5,13,19,62,86,320,330,340,340,340,167,0,2,19.222731221489738,1.0284460004186258,339.89414499956183,33.0
1772911217,10,GET,/api/audio/levels,14.100000,0.000000,4,11,16,20,68,270,310,330,860,860,860,167,0,3,33.07098414976161,1.0716139986470807,863.2056589995045,76.26946107784431
1772911217,10,GET,/api/audio/levels (during plugin swap),4.200000,0.000000,3,9,19,21,68,970,1000,1000,1000,1000,1000,48,0,3,51.5121325418022,1.089942001271993,1017.3982990017976,76.79166666666667
1772911217,10,GET,/api/audio/levels/plugins,4.200000,0.000000,3,5,15,16,21,79,82,82,82,82,82,48,0,2,8.639581374760988,1.0598529988783412,81.55136999994284,20.5
1772911217,10,GET,/api/audio/status,10.700000,0.000000,3,7,10,13,21,46,78,330,340,340,340,128,0,2,12.613855070100044,1.0712849980336614,335.1424959982978,168.0
1772911217,10,GET,/api/chains/,4.900000,0.000000,3,12,14,19,58,210,890,890,890,890,890,53,0,3,34.78411041523598,1.3376110000535846,888.3851370010234,1448.1132075471698
1772911217,10,GET,/api/chains/{id},10.700000,0.000000,6,13,19,49,160,260,960,960,1000,1000,1000,128,0,6,52.44004011726133,1.217410001117969,1023.1433259978076,516.59375
1772911217,10,POST,/api/chains/{id}/activate,10.700000,0.000000,5,12,19,25,47,310,340,360,360,360,360,128,0,5,30.211311054756607,1.2034100000164472,358.9401179997367,51.578125
1772911217,10,POST,/api/chains/{id}/deactivate,10.700000,0.000000,3,4,7,10,15,17,20,310,310,310,310,128,0,2,9.317533000029243,1.2068559990439098,314.70059000275796,62.0
1772911217,10,POST,/api/plugins/batch/parameters (500 updates),3.100000,0.000000,6,17,24,43,220,1000,1100,1100,1100,1100,1100,36,0,5,104.87119311134545,2.8498079991550185,1059.9533439999504,805.6666666666666
1772911217,10,GET,/api/plugins/discover,4.900000,0.000000,13,23,25,27,49,120,320,320,320,320,320,53,0,16,27.623113132200537,10.92287899882649,317.85854999907315,84796.62264150943
1772911217,10,GET,/api/plugins/list,4.900000,0.000000,2,4,16,22,82,320,330,330,330,330,330,53,0,2,25.137645999938336,1.0970610019285232,326.49217799917096,34.094339622641506
1772911217,10,POST,/api/plugins/load?uri,4.200000,0.000000,4,5,11,15,71,120,320,320,320,320,320,48,0,3,17.388067999945633,1.35799200143083,323.40858799943817,2022.8958333333333
1772911217,10,POST,/api/plugins/unload?uri,4.200000,0.000000,3,6,10,11,20,310,320,320,320,320,320,48,0,2,17.46519677052068,1.1956480011576787,321.4048189984169,82.89583333333333
1772911217,10,,Aggregated,105.600000,0.000000,3,10,15,18,57,160,330,360,1000,1100,1100,1233,0,3,28.463196354412442,1.0284460004186258,1059.9533439999504,3915.6074614760746
1772911218,10,GET,/api/audio/latency,14.100000,0.000000,2,5,10,16,27,79,320,330,340,340,340,194,0,2,17.25933627828463,1.0284460004186258,339.89414499956183,33.0
1772911218,10,GET,/api/audio/levels,14.100000,0.000000,4,9,14,18,55,230,280,310,860,860,860,195,0,4,29.47589097953497,1.0716139986470807,863.2056589995045,76.13333333333334
1772911218,10,GET,/api/audio/levels (during plugin swap),4.300000,0.000000,4,11,17,19,45,89,1000,1000,1000,1000,1000,58,0,4,44.68280191401297,1.089942001271993,1017.3982990017976,76.58620689655173
1772911218,10,GET,/api/audio/levels/plugins,4.300000,0.000000,2,5,8,15,18,21,79,79,79,79,79,58,0,2,7.858290585976772,1.0598529988783412,81.55136999994284,20.051724137931036
1772911218,10,GET,/api/audio/status,11.100000,0.000000,3,7,10,12,21,34,78,330,340,340,340,144,0,2,11.972867340066134,1.0712849980336614,335.1424959982978,168.0
1772911218,10,GET,/api/chains/,4.700000,0.000000,3,8,12,13,41,210,890,890,890,890,890,58,0,3,32.16631789667911,1.3376110000535846,888.3851370010234,1448.103448275862
1772911218,10,GET,/api/chains/{id},11.100000,0.000000,6,12,17,29,130,250,960,960,1000,1000,1000,145,0,6,47.23684290353237,1.217410001117969,1023.1433259978076,513.4068965517241
1772911218,10,POST,/api/chains/{id}/activate,11.100000,0.000000,5,12,19,23,44,140,340,360,360,360,360,144,0,5,27.74462802780262,1.2034100000164472,358.9401179997367,51.645833333333336
1772911218,10,POST,/api/chains/{id}/deactivate,11.100000,0.000000,2,5,6,9,15,17,20,310,310,310,310,143,0,2,8.880180790227671,1.2068559990439098,314.70059000275796,62.0
1772911218,10,POST,/api/plugins/batch/parameters (500 updates),3.500000,0.000000,6,15,19,24,220,1000,1100,1100,1100,1100,1100,41,0,6,93.17377112218797,2.8498079991550185,1059.9533439999504,812.219512195122
1772911218,10,GET,/api/plugins/discover,4.700000,0.000000,13,19,23,25,29,70,120,120,120,120,120,58,0,13,26.55040494837208,10.92287899882649,317.85854999907315,84849.1551724138
1772911218,10,GET,/api/plugins/list,4.700000,0.000000,2,3,8,10,24,69,320,320,320,320,320,58,0,2,23.227613517143443,1.0970610019285232,326.49217799917096,33.13793103448276
1772911218,10,POST,/api/plugins/load?uri,4.300000,0.000000,4,7,10,19,24,71,320,320,320,320,320,58,0,4,16.542473155101924,1.35799200143083,323.40858799943817,2029.5172413793102
1772911218,10,POST,/api/plugins/unload?uri,4.300000,0.000000,2,4,5,6,13,20,310,310,310,310,310,58,0,2,14.869822310017831,1.1956480011576787,321.4048189984169,82.89655172413794
1772911218,10,,Aggregated,107.400000,0.000000,3,9,13,17,30,89,320,360,1000,1100,1100,1412,0,3,25.76262748794457,1.0284460004186258,1059.9533439999504,3756.9235127478755
1772911219,10,GET,/api/audio/latency,15.300000,0.000000,2,6,10,17,28,79,320,330,340,340,340,209,0,2,17.090179851652138,1.0284460004186258,339.89414499956183,33.0
1772911219,10,GET,/api/audio/levels,15.300000,0.000000,4,10,18,22,67,230,290,310,860,860,860,209,0,4,29.274707736911722,1.0716139986470807,863.2056589995045,76.04784688995215
1772911219,10,GET,/api/audio/levels (during plugin swap),4.300000,0.000000,4,9,19,22,68,970,1000,1000,1000,1000,1000,61,0,4,43.52146270511945,1.089942001271993,1017.3982990017976,76.62295081967213
1772911219,10,GET,/api/audio/levels/plugins,4.300000,0.000000,2,5,15,17,21,79,310,310,310,310,310,61,0,2,12.654074327745876,1.0598529988783412,313.6133170009998,20.18032786885246
1772911219,10,GET,/api/audio/status,12.000000,0.000000,3,7,10,12,20,32,78,330,340,340,340,159,0,2,11.574286263990333,1.0712849980336614,335.1424959982978,168.0
1772911219,10,GET,/api/chains/,4.300000,0.000000,3,5,10,17,160,210,890,890,890,890,890,60,0,3,33.785668716821725,1.3376110000535846,888.3851370010234,1448.1
1772911219,10,GET,/api/chains/{id},12.000000,0.000000,7,13,20,31,130,250,960,960,1000,1000,1000,159,0,6,44.67357849696199,1.217410001117969,1023.1433259978076,515.3647798742138
1772911219,10,POST,/api/chains/{id}/activate,12.000000,0.000000,6,12,20,25,78,320,340,360,360,360,360,159,0,5,30.869554779933452,1.2034100000164472,358.9401179997367,52.113207547169814
1772911219,10,POST,/api/chains/{id}/deactivate,11.900000,0.000000,2,5,7,10,17,19,310,310,310,310,310,159,0,2,12.315209949737431,1.2068559990439098,314.70059000275796,62.0
1772911219,10,POST,/api/plugins/batch/parameters (500 updates),3.600000,0.000000,6,15,20,64,220,1000,1100,1100,1100,1100,1100,47,0,6,88.56429606400545,2.8498079991550185,1059.9533439999504,811.2978723404256
1772911219,10,GET,/api/plugins/discover,4.300000,0.000000,13,16,23,27,70,83,120,120,120,120,120,60,0,13,27.2640291334028,10.92287899882649,317.85854999907315,84867.71666666666
1772911219,10,GET,/api/plugins/list,4.300000,0.000000,2,2,8,16,27,69,320,320,320,320,320,60,0,2,22.917632666576537,1.0970610019285232,326.49217799917096,34.15
1772911219,10,POST,/api/plugins/load?uri,4.300000,0.000000,4,7,17,22,47,120,320,320,320,320,320,61,0,4,16.07469265564148,1.35799200143083,323.40858799943817,2067.8032786885246
1772911219,10,POST,/api/plugins/unload?uri,4.300000,0.000000,2,4,6,8,14,26,310,310,310,310,310,61,0,2,14.6433968029818,1.1956480011576787,321.4048189984169,82.67213114754098
1772911219,10,,Aggregated,112.200000,0.000000,4,9,15,18,55,140,320,360,1000,1100,1100,1525,0,3,26.230244299682663,1.0284460004186258,1059.9533439999504,3610.3626229508195
1772911220,10,GET,/api/audio/latency,16.300000,0.000000,2,5,8,13,23,69,320,330,340,340,340,225,0,2,16.12786696884238,1.0284460004186258,339.89414499956183,33.0
1772911220,10,GET,/api/audio/levels,16.200000,0.000000,3,8,14,19,61,230,290,310,860,860,860,225,0,3,27.418985422264086,1.0716139986470807,863.2056589995045,75.94666666666667
1772911220,10,GET,/api/audio/levels (during plugin swap),4.500000,0.000000,6,9,13,17,61,89,1000,1000,1000,1000,1000,69,0,5,39.23391805812202,1.089942001271993,1017.3982990017976,76.76811594202898
1772911220,10,GET,/api/audio/levels/plugins,4.600000,0.000000,3,5,13,15,18,21,310,310,310,310,310,69,0,2,11.829031767959258,1.0598529988783412,313.6133170009998,20.028985507246375
1772911220,10,GET,/api/audio/status,12.900000,0.000000,3,6,9,10,18,26,34,330,340,340,340,184,0,2,10.51318513027186,1.0655699989001732,335.1424959982978,168.0
1772911220,10,GET,/api/chains/,4.200000,0.000000,3,8,10,17,160,210,890,890,890,890,890,62,0,3,32.78442929043987,1.3376110000535846,888.3851370010234,1448.0967741935483
1772911220,10,GET,/api/chains/{id},12.900000,0.000000,4,11,17,20,130,250,960,960,1000,1000,1000,185,0,5,39.369623454164156,1.217410001117969,1023.1433259978076,515.8918918918919
1772911220,10,POST,/api/chains/{id}/activate,12.900000,0.000000,5,11,17,20,44,320,340,360,360,360,360,184,0,4,27.303361885930393,1.2034100000164472,358.9401179997367,52.641304347826086
1772911220,10,POST,/api/chains/{id}/deactivate,12.900000,0.000000,2,5,8,10,16,19,310,310,310,310,310,183,0,2,11.314331786965479,1.190298000437906,314.70059000275796,61.86338797814208
1772911220,10,POST,/api/plugins/batch/parameters (500 updates),4.100000,0.000000,9,16,20,56,190,1000,1100,1100,1100,1100,1100,55,0,7,77.41349281819897,2.8498079991550185,1059.9533439999504,814.1636363636363
1772911220,10,GET,/api/plugins/discover,4.200000,0.000000,12,16,21,27,70,83,120,120,120,120,120,62,0,13,26.80581716131494,10.92287899882649,317.85854999907315,84885.08064516129
1772911220,10,GET,/api/plugins/list,4.200000,0.000000,2,4,10,16,27,69,320,320,320,320,320,62,0,2,22.445106758001906,1.0970610019285232,326.49217799917096,35.564516129032256
1772911220,10,POST,/api/plugins/load?uri,4.600000,0.000000,4,7,10,17,24,47,320,320,320,320,320,69,0,4,14.742406434695864,1.35799200143083,323.40858799943817,1997.5652173913043
1772911220,10,POST,/api/plugins/unload?uri,4.600000,0.000000,2,4,6,8,14,20,310,310,310,310,310,69,0,2,13.63938968084319,1.1956480011576787,321.4048189984169,83.53623188405797
1772911220,10,,Aggregated,119.100000,0.000000,3,8,12,16,28,130,320,360,1000,1100,1100,1703,0,3,24.037469741041036,1.0284460004186258,1059.9533439999504,3359.8285378743394
1772911221,10,GET,/api/audio/latency,16.700000,0.000000,2,5,7,10,20,27,69,76,120,120,120,248,0,2,14.961879758087186,1.0284460004186258,339.89414499956183,33.0
1772911221,10,GET,/api/audio/levels,16.700000,0.000000,3,8,12,16,30,74,270,310,860,860,860,248,0,3,25.368607165370534,1.0716139986470807,863.2056589995045,75.93548387096774
1772911221,10,GET,/api/audio/levels (during plugin swap),4.400000,0.000000,6,9,12,17,52,89,1000,1000,1000,1000,1000,77,0,5,36.3589305326803,1.089942001271993,1017.3982990017976,76.37662337662337
1772911221,10,GET,/api/audio/levels/plugins,4.400000,0.000000,2,5,12,15,18,20,310,310,310,310,310,76,0,2,10.883434947237745,1.0598529988783412,313.6133170009998,19.81578947368421
1772911221,10,GET,/api/audio/status,13.700000,0.000000,2,4,8,10,16,20,34,330,340,340,340,205,0,2,9.659752375467555,1.0655699989001732,335.1424959982978,168.0
1772911221,10,GET,/api/chains/,4.000000,0.000000,3,8,12,12,52,160,890,890,890,890,890,63,0,3,32.45399688903634,1.3376110000535846,888.3851370010234,1448.095238095238
1772911221,10,GET,/api/chains/{id},13.800000,0.000000,4,10,16,19,69,160,960,960,1000,1000,1000,207,0,4,36.00451359916889,1.217410001117969,1023.1433259978076,513.3140096618357
1772911221,10,POST,/api/chains/{id}/activate,13.800000,0.000000,4,8,12,17,29,78,330,360,360,360,360,206,0,4,24.77432188838401,1.2034100000164472,358.9401179997367,52.699029126213595
1772911221,10,POST,/api/chains/{id}/deactivate,13.700000,0.000000,2,4,8,10,16,19,310,310,310,310,310,205,0,2,10.449721692814974,1.190298000437906,314.70059000275796,61.8780487804878
1772911221,10,POST,/api/plugins/batch/parameters (500 updates),4.300000,0.000000,10,15,19,22,190,1000,1100,1100,1100,1100,1100,63,0,7,68.63926473023538,2.8498079991550185,1059.9533439999504,813.1269841269841
1772911221,10,GET,/api/plugins/discover,4.000000,0.000000,12,14,16,24,70,83,120,120,120,120,120,63,0,13,26.55954371428899,10.92287899882649,317.85854999907315,84893.3492063492
1772911221,10,GET,/api/plugins/list,4.000000,0.000000,2,3,8,10,24,27,69,69,69,69,69,63,0,2,22.107906587200613,1.0970610019285232,326.49217799917096,35.36507936507937
1772911221,10,POST,/api/plugins/load?uri,4.400000,0.000000,4,6,9,17,24,24,120,120,120,120,120,76,0,3,13.699934223615472,1.35799200143083,323.40858799943817,1928.2105263157894
1772911221,10,POST,/api/plugins/unload?uri,4.400000,0.000000,2,4,6,8,14,14,310,310,310,310,310,76,0,2,12.654686302324224,1.1956480011576787,321.4048189984169,83.4342105263158
1772911221,10,,Aggregated,122.300000,0.000000,3,7,11,13,22,69,290,360,1000,1100,1100,1876,0,3,22.25239993765263,1.0284460004186258,1059.9533439999504,3115.4003198294245
1772911222,10,GET,/api/audio/latency,15.700000,0.000000,2,5,8,14,23,27,76,76,120,120,120,252,0,2,15.053735253988837,1.0284460004186258,339.89414499956183,33.0
1772911222,10,GET,/api/audio/levels,15.700000,0.000000,3,8,12,19,61,230,320,370,860,860,860,252,0,3,28.809759456389802,1.0716139986470807,863.2056589995045,76.0436507936508
1772911222,10,GET,/api/audio/levels (during plugin swap),4.700000,0.000000,6,12,22,45,330,390,1000,1000,1000,1000,1000,82,0,6,50.01547129288112,1.089942001271993,1017.3982990017976,76.8048780487805
1772911222,10,GET,/api/audio/levels/plugins,4.700000,0.000000,3,5,9,13,18,21,310,310,310,310,310,82,0,2,11.183018170591023,1.0598529988783412,313.6133170009998,20.182926829268293
1772911222,10,GET,/api/audio/status,14.500000,0.000000,3,5,8,10,16,22,90,330,340,340,340,213,0,2,10.17882770879474,1.0655699989001732,335.1424959982978,168.0
1772911222,10,GET,/api/chains/,3.200000,0.000000,3,8,12,12,160,890,890,890,890,890,890,63,0,3,32.45399688903634,1.3376110000535846,888.3851370010234,1448.095238095238
1772911222,10,GET,/api/chains/{id},14.500000,0.000000,4,11,18,26,150,270,960,960,1000,1000,1000,213,0,5,42.71012192029829,1.217410001117969,1023.1433259978076,515.3051643192488
1772911222,10,POST,/api/chains/{id}/activate,14.500000,0.000000,6,10,18,21,31,140,360,360,400,400,400,213,0,4,26.589043126781082,1.2034100000164472,400.87081599995145,52.46948356807512
1772911222,10,POST,/api/chains/{id}/deactivate,14.500000,0.000000,2,4,8,9,17,19,310,390,400,400,400,213,0,2,13.85742350246912,1.190298000437906,399.6742679992167,61.76525821596244
1772911222,10,POST,/api/plugins/batch/parameters (500 updates),4.700000,0.000000,12,19,64,73,260,1000,1100,1100,1100,1100,1100,67,0,9,77.10869644788953,2.8498079991550185,1059.9533439999504,814.9104477611941
1772911222,10,GET,/api/plugins/discover,3.200000,0.000000,13,16,24,27,83,120,120,120,120,120,120,63,0,13,26.55954371428899,10.92287899882649,317.85854999907315,84893.3492063492
1772911222,10,GET,/api/plugins/list,3.200000,0.000000,3,8,13,21,27,69,69,69,69,69,69,63,0,2,22.107906587200613,1.0970610019285232,326.49217799917096,35.36507936507937
1772911222,10,POST,/api/plugins/load?uri,4.700000,0.000000,5,9,17,21,24,27,120,120,120,120,120,82,0,4,14.08465503655174,1.35799200143083,323.40858799943817,1904.4634146341464
1772911222,10,POST,/api/plugins/unload?uri,4.700000,0.000000,3,4,6,8,14,310,390,390,390,390,390,82,0,2,21.06481457281561,1.1956480011576787,385.73043499854975,83.45121951219512
1772911222,10,,Aggregated,122.500000,0.000000,3,8,12,16,31,150,340,400,1000,1100,1100,1940,0,3,25.31521175723046,1.0284460004186258,1059.9533439999504,3023.0180412371133
1772911223,10,GET,/api/audio/latency,16.600000,0.000000,2,4,7,9,20,23,28,76,76,76,76,276,0,2,14.003657934852631,1.0284460004186258,339.89414499956183,33.0
1772911223,10,GET,/api/audio/levels,16.600000,0.000000,3,7,10,14,45,140,320,370,860,860,860,276,0,3,26.701170199318597,1.0716139986470807,863.2056589995045,75.92028985507247
1772911223,10,GET,/api/audio/levels (during plugin swap),4.800000,0.000000,6,10,15,22,240,390,970,1000,1000,1000,1000,90,0,5,45.83280216688258,1.089942001271993,1017.3982990017976,76.61111111111111
1772911223,10,GET,/api/audio/levels/plugins,4.800000,0.000000,2,4,5,9,17,20,71,310,310,310,310,90,0,2,10.411814611021933,1.0598529988783412,313.6133170009998,19.92222222222222
1772911223,10,GET,/api/audio/status,15.600000,0.000000,2,3,6,8,15,19,70,90,330,330,330,227,0,2,9.750334541771062,1.0655699989001732,335.1424959982978,168.0
1772911223,10,GET,/api/chains/,3.000000,0.000000,3,8,10,12,160,890,890,890,890,890,890,64,0,3,32.046256562637154,1.3376110000535846,888.3851370010234,1448.09375
1772911223,10,GET,/api/chains/{id},15.600000,0.000000,4,10,18,21,130,270,960,960,1000,1000,1000,227,0,5,40.62078688557168,1.217410001117969,1023.1433259978076,512.8370044052864
1772911223,10,POST,/api/chains/{id}/activate,15.600000,0.000000,4,7,12,17,29,45,320,330,400,400,400,227,0,4,25.180042916291526,1.2034100000164472,400.87081599995145,52.49339207048458
1772911223,10,POST,/api/chains/{id}/deactivate,15.700000,0.000000,2,3,5,8,17,19,310,390,400,400,400,227,0,2,13.21240613666978,1.190298000437906,399.6742679992167,61.779735682819386
1772911223,10,POST,/api/plugins/batch/parameters (500 updates),5.200000,0.000000,10,15,20,22,200,1000,1000,1100,1100,1100,1100,79,0,9,66.78595387352347,2.8498079991550185,1059.9533439999504,823.9367088607595
1772911223,10,GET,/api/plugins/discover,3.000000,0.000000,13,16,16,24,70,83,83,83,83,83,83,64,0,13,26.6264898905888,10.92287899882649,317.85854999907315,84901.359375
1772911223,10,GET,/api/plugins/list,3.000000,0.000000,2,7,8,13,24,27,27,27,27,27,27,64,0,2,21.868338953026978,1.0970610019285232,326.49217799917096,35.171875
1772911223,10,POST,/api/plugins/load?uri,4.800000,0.000000,4,7,14,17,23,24,27,47,47,47,47,90,0,3,13.029935433223727,1.35799200143083,323.40858799943817,1908.2555555555555
1772911223,10,POST,/api/plugins/unload?uri,4.800000,0.000000,2,4,6,8,14,26,370,390,390,390,390,90,0,2,19.728928633089204,1.1956480011576787,385.73043499854975,83.35555555555555
1772911223,10,,Aggregated,129.100000,0.000000,3,7,10,13,23,74,330,400,1000,1100,1100,2091,0,3,23.828262153059967,1.0284460004186258,1059.9533439999504,2865.7063605930175
1772911224,10,GET,/api/audio/latency,16.600000,0.000000,2,4,7,9,22,27,76,76,76,76,76,289,0,2,14.253763529482326,1.0284460004186258,339.89414499956183,33.0
1772911224,10,GET,/api/audio/levels,16.600000,0.000000,3,8,12,16,57,140,320,370,860,860,860,290,0,3,26.6835801517902,1.0716139986470807,863.2056589995045,76.00344827586207
1772911224,10,GET,/api/audio/levels (during plugin swap),4.800000,0.000000,6,10,15,22,240,390,970,1000,1000,1000,1000,93,0,5,44.41705453783832,1.089942001271993,1017.3982990017976,76.49462365591398
1772911224,10,GET,/api/audio/levels/plugins,4.800000,0.000000,2,3,5,5,13,18,71,310,310,310,310,93,0,2,10.114783935404699,1.0598529988783412,313.6133170009998,19.870967741935484
1772911224,10,GET,/api/audio/status,15.600000,0.000000,2,3,5,8,15,19,70,90,330,330,330,236,0,2,9.429572351602813,1.0655699989001732,335.1424959982978,168.0
1772911224,10,GET,/api/chains/,3.000000,0.000000,6,10,12,15,160,890,890,890,890,890,890,66,0,3,31.421127818358592,1.3376110000535846,888.3851370010234,1448.090909090909
1772911224,10,GET,/api/chains/{id},15.600000,0.000000,4,11,19,22,130,270,960,960,1000,1000,1000,240,0,5,39.2495432167531,1.217410001117969,1023.1433259978076,509.2916666666667
1772911224,10,POST,/api/chains/{id}/activate,15.600000,0.000000,4,7,12,19,31,83,320,330,400,400,400,240,0,4,25.3126529458162,1.2034100000164472,400.87081599995145,52.5875
1772911224,10,POST,/api/chains/{id}/deactivate,15.700000,0.000000,2,4,5,8,17,19,310,390,400,400,400,236,0,2,12.817304953525802,1.190298000437906,399.6742679992167,61.682203389830505
1772911224,10,POST,/api/plugins/batch/parameters (500 updates),5.200000,0.000000,11,16,20,37,200,1000,1000,1100,1100,1100,1100,85,0,9,63.139680741262374,2.8498079991550185,1059.9533439999504,829.0
1772911224,10,GET,/api/plugins/discover,3.000000,0.000000,13,16,24,27,70,83,83,83,83,83,83,66,0,13,26.406284772692192,10.92287899882649,317.85854999907315,84916.65151515152
1772911224,10,GET,/api/plugins/list,3.000000,0.000000,3,7,8,13,24,27,27,27,27,27,27,66,0,2,21.29356777257988,1.0970610019285232,326.49217799917096,34.803030303030305
1772911224,10,POST,/api/plugins/load?uri,4.800000,0.000000,3,7,14,17,23,24,27,47,47,47,47,93,0,3,12.659205257917957,1.35799200143083,323.40858799943817,1890.6236559139784
1772911224,10,POST,/api/plugins/unload?uri,4.800000,0.000000,2,4,6,8,14,26,370,390,390,390,390,93,0,2,19.13630630087448,1.1956480011576787,385.73043499854975,83.25806451612904
1772911224,10,,Aggregated,129.100000,0.000000,3,7,11,15,27,84,330,400,1000,1100,1100,2186,0,3,23.430954779072625,1.0284460004186258,1059.9533439999504,2829.8270814272646
1772911225,10,GET,/api/audio/latency,15.500000,0.000000,2,3,6,9,21,27,76,76,360,360,360,321,0,2,14.49792833648012,1.0284460004186258,363.87796599956346,33.0
1772911225,10,GET,/api/audio/levels,15.500000,0.000000,3,8,12,17,57,140,310,330,370,370,370,321,0,3,27.133653962687205,1.0716139986470807,863.2056589995045,76.03738317757009
1772911225,10,GET,/api/audio/levels (during plugin swap),5.400000,0.000000,6,9,12,16,61,330,330,390,390,390,390,97,0,4,42.83958892802289,1.089942001271993,1017.3982990017976,76.35051546391753
1772911225,10,GET,/api/audio/levels/plugins,5.400000,0.000000,2,3,4,5,10,18,71,310,310,310,310,97,0,2,9.898644051401751,1.0598529988783412,313.6133170009998,19.896907216494846
1772911225,10,GET,/api/audio/status,14.400000,0.000000,2,3,4,8,15,26,360,360,380,380,380,254,0,2,14.609792645580999,1.0655699989001732,379.2921539970848,168.0
1772911225,10,GET,/api/chains/,2.100000,0.000000,6,8,12,12,52,160,160,160,160,160,160,67,0,3,30.988175388234026,1.3376110000535846,888.3851370010234,1448.1194029850747
1772911225,10,GET,/api/chains/{id},14.600000,0.000000,4,10,18,20,69,250,310,360,390,390,390,256,0,4,38.23074446103192,1.217410001117969,1023.1433259978076,508.03515625
1772911225,10,POST,/api/chains/{id}/activate,14.600000,0.000000,4,7,11,13,30,78,320,330,400,400,400,254,0,4,24.21715748028859,1.2034100000164472,400.87081599995145,52.7007874015748
1772911225,10,POST,/api/chains/{id}/deactivate,14.400000,0.000000,2,3,5,8,17,20,310,390,400,400,400,254,0,2,12.365426740312456,1.190298000437906,399.6742679992167,61.50787401574803
1772911225,10,POST,/api/plugins/batch/parameters (500 updates),5.700000,0.000000,9,15,19,20,56,190,260,310,310,310,310,96,0,7,56.932499635612054,2.8498079991550185,1059.9533439999504,829.25
1772911225,10,GET,/api/plugins/discover,2.100000,0.000000,14,24,27,27,70,83,83,83,83,83,83,67,0,14,26.414621970127598,10.92287899882649,317.85854999907315,84923.95522388059
1772911225,10,GET,/api/plugins/list,2.100000,0.000000,3,4,8,8,21,27,27,27,27,27,27,67,0,2,21.00720176102512,1.0970610019285232,326.49217799917096,34.62686567164179
1772911225,10,POST,/api/plugins/load?uri,5.400000,0.000000,3,5,8,17,22,24,27,47,47,47,47,97,0,3,12.415835247235552,1.35799200143083,323.40858799943817,1943.6288659793815
1772911225,10,POST,/api/plugins/unload?uri,5.400000,0.000000,2,3,5,8,15,26,370,390,390,390,390,97,0,2,18.63042208229278,1.1956480011576787,385.73043499854975,83.78350515463917
1772911225,10,,Aggregated,122.600000,0.000000,3,6,10,13,24,76,310,360,400,400,400,2345,0,3,23.454054452048286,1.0284460004186258,1059.9533439999504,2691.5100213219616
1772911226,10,GET,/api/audio/latency,15.500000,0.000000,2,3,7,8,20,23,76,76,360,360,360,335,0,2,14.122477405973443,1.0284460004186258,363.87796599956346,33.0
1772911226,10,GET,/api/audio/levels,15.500000,0.000000,3,8,12,14,35,89,230,330,370,370,370,335,0,3,26.196662017955262,1.0716139986470807,863.2056589995045,76.06567164179104
1772911226,10,GET,/api/audio/levels (during plugin swap),5.400000,0.000000,6,9,12,16,52,330,330,390,390,390,390,102,0,4,41.12281880414087,1.089942001271993,1017.3982990017976,76.18627450980392
1772911226,10,GET,/api/audio/levels/plugins,5.400000,0.000000,2,3,4,5,10,18,71,310,310,310,310,102,0,2,9.536158088046838,1.0598529988783412,313.6133170009998,19.862745098039216
1772911226,10,GET,/api/audio/status,14.400000,0.000000,2,3,5,8,15,26,360,360,380,380,380,267,0,2,14.125340292042218,1.0655699989001732,379.2921539970848,168.0
1772911226,10,GET,/api/chains/,2.100000,0.000000,3,8,10,12,15,160,160,160,160,160,160,68,0,3,30.553607985465906,1.3376110000535846,888.3851370010234,1448.1176470588234
1772911226,10,GET,/api/chains/{id},14.600000,0.000000,4,9,17,18,26,130,310,360,390,390,390,267,0,5,36.98634734839002,1.217410001117969,1023.1433259978076,510.2134831460674
1772911226,10,POST,/api/chains/{id}/activate,14.600000,0.000000,4,7,10,12,25,83,320,330,400,400,400,267,0,4,23.42960975276876,1.2034100000164472,400.87081599995145,52.7752808988764
1772911226,10,POST,/api/chains/{id}/deactivate,14.400000,0.000000,2,3,5,8,18,24,310,390,400,400,400,266,0,2,12.072546244500453,1.190298000437906,399.6742679992167,61.53007518796993
1772911226,10,POST,/api/plugins/batch/parameters (500 updates),5.700000,0.000000,9,14,17,20,56,190,260,310,310,310,310,103,0,9,53.77310030118537,2.8498079991550185,1059.9533439999504,832.5728155339806
1772911226,10,GET,/api/plugins/discover,2.100000,0.000000,13,16,27,27,31,83,83,83,83,83,83,68,0,13,26.19176179413283,10.92287899882649,317.85854999907315,84931.04411764706
1772911226,10,GET,/api/plugins/list,2.100000,0.000000,2,4,7,8,13,27,27,27,27,27,27,68,0,2,20.71643839687621,1.0970610019285232,326.49217799917096,34.455882352941174
1772911226,10,POST,/api/plugins/load?uri,5.400000,0.000000,3,5,7,14,21,23,27,47,47,47,47,102,0,3,11.95988684294742,1.35799200143083,323.40858799943817,1983.5
1772911226,10,POST,/api/plugins/unload?uri,5.400000,0.000000,2,4,6,10,15,26,370,390,390,390,390,102,0,2,17.992621519428496,1.1956480011576787,385.73043499854975,84.08823529411765
1772911226,10,,Aggregated,122.600000,0.000000,3,6,9,12,22,70,310,360,400,400,400,2452,0,3,22.695407502049665,1.0284460004186258,1059.9533439999504,2622.6141924959215
1772911227,10,GET,/api/audio/latency,15.900000,0.000000,2,3,7,9,23,76,81,82,360,360,360,339,0,2,14.904715902646618,1.0284460004186258,363.87796599956346,33.0
1772911227,10,GET,/api/audio/levels,16.000000,0.000000,3,8,12,16,74,230,1000,1000,1100,1100,1100,340,0,3,37.718376285331885,1.0716139986470807,1068.0939209996723,76.1735294117647
1772911227,10,GET,/api/audio/levels (during plugin swap),5.400000,0.000000,4,7,13,22,240,330,910,910,910,910,910,103,0,4,49.560470087580875,1.089942001271993,1017.3982990017976,76.28155339805825
1772911227,10,GET,/api/audio/levels/plugins,5.400000,0.000000,2,4,4,6,12,31,310,310,310,310,310,103,0,2,9.74912206778383,1.0598529988783412,313.6133170009998,19.932038834951456
1772911227,10,GET,/api/audio/status,14.400000,0.000000,2,3,4,7,17,26,360,360,380,380,380,268,0,2,14.136061667824237,1.0655699989001732,379.2921539970848,168.0
1772911227,10,GET,/api/chains/,1.900000,0.000000,6,12,15,15,160,1000,1000,1000,1000,1000,1000,69,0,3,45.311835318990646,1.3376110000535846,1048.8712939986726,1448.1159420289855
1772911227,10,GET,/api/chains/{id},14.800000,0.000000,4,9,17,19,33,240,360,390,970,970,970,268,0,5,40.4548958955926,1.217410001117969,1023.1433259978076,509.5410447761194
1772911227,10,POST,/api/chains/{id}/activate,14.800000,0.000000,4,7,10,12,30,85,320,330,400,400,400,268,0,4,23.692357473837955,1.2034100000164472,400.87081599995145,52.708955223880594
1772911227,10,POST,/api/chains/{id}/deactivate,14.400000,0.000000,2,3,5,8,18,29,390,400,1100,1100,1100,267,0,2,16.250073273549244,1.190298000437906,1127.4722630005272,61.438202247191015
1772911227,10,POST,/api/plugins/batch/parameters (500 updates),6.000000,0.000000,9,15,20,22,84,260,910,1100,1100,1100,1100,106,0,9,71.37801311347296,2.8498079991550185,1089.4274920028693,831.1132075471698
1772911227,10,GET,/api/plugins/discover,1.900000,0.000000,14,27,28,28,31,83,83,83,83,83,83,69,0,14,26.213235072487883,10.92287899882649,317.85854999907315,84937.92753623189
1772911227,10,GET,/api/plugins/list,1.900000,0.000000,4,7,13,13,27,83,83,83,83,83,83,69,0,2,21.625240231725805,1.0970610019285232,326.49217799917096,35.88405797101449
1772911227,10,POST,/api/plugins/load?uri,5.400000,0.000000,3,4,6,14,21,23,84,84,84,84,84,103,0,3,12.655684659990778,1.35799200143083,323.40858799943817,1989.8640776699028
1772911227,10,POST,/api/plugins/unload?uri,5.400000,0.000000,3,4,10,12,18,26,390,390,390,390,390,102,0,2,17.992621519428496,1.1956480011576787,385.73043499854975,84.08823529411765
1772911227,10,,Aggregated,123.600000,0.000000,3,6,10,13,26,87,360,400,1100,1100,1100,2474,0,3,26.853983974140878,1.0284460004186258,1127.4722630005272,2636.9648342764754
1772911228,10,GET,/api/audio/latency,19.200000,0.000000,2,3,7,9,21,76,81,330,360,360,360,364,0,2,15.080350030215273,1.0151129972655326,363.87796599956346,33.0
1772911228,10,GET,/api/audio/levels,19.200000,0.000000,3,7,11,14,89,280,950,1000,1100,1100,1100,364,0,3,37.603319263765584,1.0682259999157395,1068.0939209996723,76.21428571428571
1772911228,10,GET,/api/audio/levels (during plugin swap),5.800000,0.000000,4,7,13,16,240,330,910,910,910,910,910,107,0,4,49.39930604695436,1.089942001271993,1017.3982990017976,76.2803738317757
1772911228,10,GET,/api/audio/levels/plugins,5.800000,0.000000,2,3,4,4,10,13,71,71,71,71,71,107,0,2,9.448173831625805,1.0598529988783412,313.6133170009998,19.953271028037385
1772911228,10,GET,/api/audio/status,15.500000,0.000000,2,3,3,5,11,18,360,360,380,380,380,287,0,2,13.388779968564206,1.0315889994672034,379.2921539970848,168.0
1772911228,10,GET,/api/chains/,1.700000,0.000000,6,8,12,15,1000,1000,1000,1000,1000,1000,1000,69,0,3,45.311835318990646,1.3376110000535846,1048.8712939986726,1448.1159420289855
1772911228,10,GET,/api/chains/{id},15.500000,0.000000,4,8,13,18,33,240,360,390,970,970,970,287,0,4,38.43186412198834,1.217410001117969,1023.1433259978076,507.6864111498258
1772911228,10,POST,/api/chains/{id}/activate,15.500000,0.000000,3,6,7,10,21,31,86,94,400,400,400,287,0,4,22.386688961624532,1.190798997413367,400.87081599995145,52.66898954703833
1772911228,10,POST,/api/chains/{id}/deactivate,15.400000,0.000000,2,3,4,8,15,24,390,400,1100,1100,1100,287,0,2,16.45857341479697,1.1789170021074824,1127.4722630005272,61.47735191637631
1772911228,10,POST,/api/plugins/batch/parameters (500 updates),6.800000,0.000000,9,13,19,20,37,260,910,1100,1100,1100,1100,118,0,6,66.16126770363041,2.729746000113664,1089.4274920028693,831.5762711864406
1772911228,10,GET,/api/plugins/discover,1.700000,0.000000,14,27,27,28,31,31,31,31,31,31,31,69,0,14,26.213235072487883,10.92287899882649,317.85854999907315,84937.92753623189
1772911228,10,GET,/api/plugins/list,1.700000,0.000000,4,4,7,13,83,83,83,83,83,83,83,69,0,2,21.625240231725805,1.0970610019285232,326.49217799917096,35.88405797101449
1772911228,10,POST,/api/plugins/load?uri,5.800000,0.000000,3,4,6,8,21,23,84,84,84,84,84,107,0,3,12.339938298869,1.3331570007721893,323.40858799943817,1971.785046728972
1772911228,10,POST,/api/plugins/unload?uri,5.800000,0.000000,2,4,9,11,18,320,390,390,390,390,390,107,0,2,20.223543934381805,1.1874270021507982,385.73043499854975,84.08411214953271
1772911228,10,,Aggregated,135.400000,0.000000,3,5,9,12,22,85,360,400,1100,1100,1100,2629,0,3,26.3268713377809,1.0151129972655326,1127.4722630005272,2494.4655762647394
1772911229,10,GET,/api/audio/latency,17.200000,0.000000,2,3,6,9,21,76,81,330,360,360,360,384,0,2,14.444247317698,1.0151129972655326,363.87796599956346,33.0
1772911229,10,GET,/api/audio/levels,17.300000,0.000000,3,7,11,15,89,280,950,1000,1100,1100,1100,384,0,3,35.91073134637668,1.0632379999151453,1068.0939209996723,76.1484375
1772911229,10,GET,/api/audio/levels (during plugin swap),5.500000,0.000000,3,7,12,22,240,330,910,910,910,910,910,111,0,3,47.67911728852489,1.080788002582267,1017.3982990017976,76.27927927927928
1772911229,10,GET,/api/audio/levels/plugins,5.500000,0.000000,2,2,4,4,9,14,71,71,71,71,71,111,0,2,9.302336846696955,1.0597969994705636,313.6133170009998,19.972972972972972
1772911229,10,GET,/api/audio/status,14.000000,0.000000,2,3,4,6,11,18,360,360,380,380,380,310,0,2,12.773774625712841,1.0315889994672034,379.2921539970848,168.0
1772911229,10,GET,/api/chains/,1.600000,0.000000,8,12,15,15,1000,1000,1000,1000,1000,1000,1000,69,0,3,45.311835318990646,1.3376110000535846,1048.8712939986726,1448.1159420289855
1772911229,10,GET,/api/chains/{id},14.000000,0.000000,4,8,13,18,33,240,360,390,970,970,970,311,0,4,36.00898014474735,1.217410001117969,1023.1433259978076,511.40514469453376
1772911229,10,POST,/api/chains/{id}/activate,14.000000,0.000000,4,6,7,11,21,31,86,94,400,400,400,310,0,4,21.192246990293853,1.190798997413367,400.87081599995145,52.80967741935484
1772911229,10,POST,/api/chains/{id}/deactivate,14.000000,0.000000,2,3,4,8,18,24,390,400,1100,1100,1100,310,0,2,15.663551951776402,1.1789170021074824,1127.4722630005272,61.516129032258064
1772911229,10,POST,/api/plugins/batch/parameters (500 updates),7.000000,0.000000,6,12,16,18,37,260,910,1100,1100,1100,1100,130,0,6,60.58412956173505,2.729746000113664,1089.4274920028693,839.2153846153847
1772911229,10,GET,/api/plugins/discover,1.600000,0.000000,27,27,28,28,31,31,31,31,31,31,31,69,0,14,26.213235072487883,10.92287899882649,317.85854999907315,84937.92753623189
1772911229,10,GET,/api/plugins/list,1.600000,0.000000,2,4,7,7,83,83,83,83,83,83,83,69,0,2,21.625240231725805,1.0970610019285232,326.49217799917096,35.88405797101449
1772911229,10,POST,/api/plugins/load?uri,5.500000,0.000000,2,4,6,8,21,23,84,84,84,84,84,111,0,3,11.974553053896834,1.3331570007721893,323.40858799943817,2016.7657657657658
1772911229,10,POST,/api/plugins/unload?uri,5.400000,0.000000,2,3,9,11,18,320,390,390,390,390,390,111,0,2,19.702405450254183,1.1874270021507982,385.73043499854975,84.009009009009
1772911229,10,,Aggregated,124.200000,0.000000,3,5,8,11,22,86,360,400,1100,1100,1100,2790,0,3,25.11278298101466,1.0151129972655326,1127.4722630005272,2367.226523297491
1772911230,10,GET,/api/audio/latency,17.000000,0.000000,3,4,7,12,23,76,82,330,360,360,360,398,0,2,14.448498620610128,1.0151129972655326,363.87796599956346,33.0
1772911230,10,GET,/api/audio/levels,17.000000,0.000000,3,9,13,19,180,280,1000,1000,1100,1100,1100,398,0,3,36.67700125882234,1.0632379999151453,1068.0939209996723,76.29899497487438
1772911230,10,GET,/api/audio/levels (during plugin swap),4.800000,0.000000,3,9,16,25,330,390,910,910,910,910,910,113,0,4,47.05291815065141,1.080788002582267,1017.3982990017976,76.33628318584071
1772911230,10,GET,/api/audio/levels/plugins,4.800000,0.000000,2,4,4,4,10,31,71,71,71,71,71,113,0,2,9.166034229951746,1.0597969994705636,313.6133170009998,19.98230088495575
1772911230,10,GET,/api/audio/status,14.100000,0.000000,2,3,7,9,17,320,360,360,380,380,380,321,0,2,14.596515856597575,1.0315889994672034,379.2921539970848,168.0
1772911230,10,GET,/api/chains/,1.100000,0.000000,8,12,15,15,1000,1000,1000,1000,1000,1000,1000,69,0,3,45.311835318990646,1.3376110000535846,1048.8712939986726,1448.1159420289855
1772911230,10,GET,/api/chains/{id},14.100000,0.000000,4,10,18,21,61,270,360,390,970,970,970,321,0,4,35.75050779443564,1.217410001117969,1023.1433259978076,509.4454828660436
1772911230,10,POST,/api/chains/{id}/activate,14.100000,0.000000,4,7,13,16,31,83,94,340,400,400,400,321,0,4,22.5193783675496,1.190798997413367,400.87081599995145,52.89719626168224
1772911230,10,POST,/api/chains/{id}/deactivate,14.100000,0.000000,2,3,6,9,22,320,390,400,1100,1100,1100,320,0,2,17.390757593886974,1.1789170021074824,1127.4722630005272,61.375
1772911230,10,POST,/api/plugins/batch/parameters (500 updates),7.700000,0.000000,6,14,20,22,160,260,910,1100,1100,1100,1100,140,0,6,59.976423893022,2.729746000113664,1089.4274920028693,836.4857142857143
1772911230,10,GET,/api/plugins/discover,1.100000,0.000000,27,27,28,28,31,31,31,31,31,31,31,69,0,14,26.213235072487883,10.92287899882649,317.85854999907315,84937.92753623189
1772911230,10,GET,/api/plugins/list,1.100000,0.000000,2,4,7,7,83,83,83,83,83,83,83,69,0,2,21.625240231725805,1.0970610019285232,326.49217799917096,35.88405797101449
1772911230,10,POST,/api/plugins/load?uri,4.800000,0.000000,2,4,5,12,22,27,84,84,84,84,84,113,0,3,11.82558868127124,1.3331570007721893,323.40858799943817,1997.2920353982302
1772911230,10,POST,/api/plugins/unload?uri,4.800000,0.000000,2,4,9,12,19,370,390,390,390,390,390,113,0,2,19.405498840521343,1.1874270021507982,385.73043499854975,83.94690265486726
1772911230,10,,Aggregated,120.600000,0.000000,3,6,11,15,37,180,360,400,1100,1100,1100,2878,0,3,25.715438400631665,1.0151129972655326,1127.4722630005272,2301.551772063933
1772911231,10,GET,/api/audio/latency,17.400000,0.000000,2,3,6,8,20,75,81,330,360,360,360,423,0,2,13.819435527194889,1.0151129972655326,363.87796599956346,33.0
1772911231,10,GET,/api/audio/levels,17.400000,0.000000,3,8,12,15,96,220,950,1000,1100,1100,1100,423,0,3,34.87994634754917,1.0632379999151453,1068.0939209996723,76.28841607565012
1772911231,10,GET,/api/audio/levels (during plugin swap),4.900000,0.000000,2,3,9,11,180,330,910,910,910,910,910,116,0,3,45.890934827811776,1.080788002582267,1017.3982990017976,76.25
1772911231,10,GET,/api/audio/levels/plugins,4.900000,0.000000,2,2,4,4,9,14,31,31,31,31,31,116,0,2,9.023994198130445,1.0597969994705636,313.6133170009998,20.051724137931036
1772911231,10,GET,/api/audio/status,15.000000,0.000000,2,3,6,8,13,23,360,360,380,380,380,347,0,2,13.812725682902167,1.0315889994672034,379.2921539970848,168.0
1772911231,10,GET,/api/chains/,0.900000,0.000000,8,8,15,15,1000,1000,1000,1000,1000,1000,1000,69,0,3,45.311835318990646,1.3376110000535846,1048.8712939986726,1448.1159420289855
1772911231,10,GET,/api/chains/{id},15.000000,0.000000,4,8,11,17,29,79,280,310,970,970,970,347,0,4,33.50759453317968,1.2147920024290215,1023.1433259978076,509.1902017291066
1772911231,10,POST,/api/chains/{id}/activate,14.900000,0.000000,4,7,9,11,21,71,86,94,340,340,340,347,0,4,21.18571770020537,1.190798997413367,400.87081599995145,53.069164265129686
1772911231,10,POST,/api/chains/{id}/deactivate,15.000000,0.000000,2,3,4,6,18,26,320,320,1100,1100,1100,347,0,2,16.221537420850147,1.1789170021074824,1127.4722630005272,61.42363112391931
1772911231,10,POST,/api/plugins/batch/parameters (500 updates),8.100000,0.000000,6,12,17,20,37,200,910,1100,1100,1100,1100,152,0,6,55.679309730414005,2.7197519993933383,1089.4274920028693,840.7894736842105
1772911231,10,GET,/api/plugins/discover,0.900000,0.000000,27,27,28,28,31,31,31,31,31,31,31,69,0,14,26.213235072487883,10.92287899882649,317.85854999907315,84937.92753623189
1772911231,10,GET,/api/plugins/list,0.900000,0.000000,4,4,7,7,83,83,83,83,83,83,83,69,0,2,21.625240231725805,1.0970610019285232,326.49217799917096,35.88405797101449
1772911231,10,POST,/api/plugins/load?uri,4.900000,0.000000,2,3,5,5,19,22,84,84,84,84,84,116,0,3,11.645754387810202,1.3331570007721893,323.40858799943817,2033.5086206896551
1772911231,10,POST,/api/plugins/unload?uri,4.900000,0.000000,2,4,7,11,18,320,370,370,370,370,370,116,0,2,18.94702659463856,1.1874270021507982,385.73043499854975,84.20689655172414
1772911231,10,,Aggregated,125.100000,0.000000,3,5,9,11,22,83,320,370,1100,1100,1100,3057,0,3,24.471648036637482,1.0151129972655326,1127.4722630005272,2181.4465161923454
1772911232,10,GET,/api/audio/latency,17.400000,0.000000,3,4,7,12,23,76,81,330,360,360,360,441,0,2,14.070404095255402,1.0151129972655326,363.87796599956346,33.0
1772911232,10,GET,/api/audio/levels,17.400000,0.000000,4,8,13,19,89,200,950,1000,1100,1100,1100,441,0,3,34.207970006815756,1.0632379999151453,1068.0939209996723,76.36054421768708
1772911232,10,GET,/api/audio/levels (during plugin swap),4.900000,0.000000,2,3,7,11,25,180,910,910,910,910,910,121,0,3,44.357284553889485,1.080788002582267,1017.3982990017976,76.22314049586777
1772911232,10,GET,/api/audio/levels/plugins,4.900000,0.000000,2,2,4,4,10,15,31,31,31,31,31,121,0,2,8.81929458665574,1.0597969994705636,313.6133170009998,20.123966942148762
1772911232,10,GET,/api/audio/status,15.000000,0.000000,2,3,6,8,13,21,360,360,380,380,380,365,0,2,13.329064262935601,1.0315889994672034,379.2921539970848,168.0
1772911232,10,GET,/api/chains/,0.900000,0.000000,8,15,15,1000,1000,1000,1000,1000,1000,1000,1000,69,0,3,45.311835318990646,1.3376110000535846,1048.8712939986726,1448.1159420289855
1772911232,10,GET,/api/chains/{id},15.000000,0.000000,4,7,9,13,25,59,140,280,970,970,970,365,0,4,32.2986992767654,1.2147920024290215,1023.1433259978076,507.7753424657534
1772911232,10,POST,/api/chains/{id}/activate,14.900000,0.000000,4,6,9,12,17,78,86,94,340,340,340,365,0,4,20.736376043769518,1.190798997413367,400.87081599995145,53.0
1772911232,10,POST,/api/chains/{id}/deactivate,15.000000,0.000000,2,2,3,5,17,26,320,320,1100,1100,1100,363,0,2,15.599102716334613,1.1789170021074824,1127.4722630005272,61.44903581267218
1772911232,10,POST,/api/plugins/batch/parameters (500 updates),8.100000,0.000000,5,10,14,18,33,160,910,1100,1100,1100,1100,161,0,6,52.964746000149226,2.7197519993933383,1089.4274920028693,841.72049689441
1772911232,10,GET,/api/plugins/discover,0.900000,0.000000,27,27,27,28,28,28,28,28,28,28,28,69,0,14,26.213235072487883,10.92287899882649,317.85854999907315,84937.92753623189
1772911232,10,GET,/api/plugins/list,0.900000,0.000000,2,4,4,83,83,83,83,83,83,83,83,69,0,2,21.625240231725805,1.0970610019285232,326.49217799917096,35.88405797101449
1772911232,10,POST,/api/plugins/load?uri,4.900000,0.000000,2,3,5,5,12,80,84,84,84,84,84,121,0,3,11.88248422299656,1.3331570007721893,323.40858799943817,2020.9504132231405
1772911232,10,POST,/api/plugins/unload?uri,4.900000,0.000000,1,2,3,7,14,19,320,320,320,320,320,120,0,2,18.360920791504515,1.1874270021507982,385.73043499854975,84.31666666666666
1772911232,10,,Aggregated,125.100000,0.000000,3,5,8,12,23,79,320,360,1100,1100,1100,3191,0,3,23.881636137262237,1.0151129972655326,1127.4722630005272,2100.1184581635853
1772911233,10,GET,/api/audio/latency,17.400000,0.000000,3,5,8,13,71,81,110,360,480,480,480,448,0,2,15.704352386161904,1.0151129972655326,481.00536499987356,33.0
1772911233,10,GET,/api/audio/levels,17.400000,0.000000,5,9,16,29,180,330,950,1000,1100,1100,1100,448,0,3,37.977917037965526,1.0632379999151453,1068.0939209996723,76.48214285714286
1772911233,10,GET,/api/audio/levels (during plugin swap),4.000000,0.000000,2,4,14,25,300,390,910,910,910,910,910,123,0,3,49.21630572372545,1.080788002582267,1017.3982990017976,76.3821138211382
1772911233,10,GET,/api/audio/levels/plugins,4.000000,0.000000,2,4,4,8,15,31,460,460,460,460,460,123,0,2,12.482777926741958,1.0597969994705636,464.41013300136547,20.130081300813007
1772911233,10,GET,/api/audio/status,13.900000,0.000000,2,4,7,9,16,320,360,380,480,480,480,371,0,2,14.446181854387058,1.0315889994672034,479.0718289987126,168.0
1772911233,10,GET,/api/chains/,0.600000,0.000000,2,2,1000,1000,1000,1000,1000,1000,1000,1000,1000,69,0,3,45.311835318990646,1.3376110000535846,1048.8712939986726,1448.1159420289855
1772911233,10,GET,/api/chains/{id},14.000000,0.000000,4,7,9,12,33,63,320,370,970,970,970,371,0,4,34.50542653644214,1.2147920024290215,1023.1433259978076,509.0134770889488
1772911233,10,POST,/api/chains/{id}/activate,14.000000,0.000000,4,7,10,12,16,71,110,340,480,480,480,371,0,4,22.07404181396578,1.190798997413367,481.5199959994061,52.911051212938006
1772911233,10,POST,/api/chains/{id}/deactivate,13.900000,0.000000,2,3,4,8,19,30,390,410,1100,1100,1100,371,0,2,17.507628059374202,1.1789170021074824,1127.4722630005272,61.32614555256065
1772911233,10,POST,/api/plugins/batch/parameters (500 updates),8.600000,0.000000,5,10,14,18,58,210,910,1100,1100,1100,1100,164,0,6,54.84908070748799,2.7197519993933383,1089.4274920028693,843.2439024390244
1772911233,10,GET,/api/plugins/discover,0.600000,0.000000,27,27,28,28,28,28,28,28,28,28,28,69,0,14,26.213235072487883,10.92287899882649,317.85854999907315,84937.92753623189
1772911233,10,GET,/api/plugins/list,0.600000,0.000000,2,2,83,83,83,83,83,83,83,83,83,69,0,2,21.625240231725805,1.0970610019285232,326.49217799917096,35.88405797101449
1772911233,10,POST,/api/plugins/load?uri,4.000000,0.000000,3,4,5,8,80,84,110,110,110,110,110,123,0,3,12.663545243738302,1.3331570007721893,323.40858799943817,2016.9024390243903
1772911233,10,POST,/api/plugins/unload?uri,4.000000,0.000000,2,3,7,12,23,320,390,390,390,390,390,123,0,2,21.27759703237429,1.1874270021507982,387.9420760022185,84.33333333333333
1772911233,10,,Aggregated,117.000000,0.000000,3,6,10,13,33,180,360,480,1100,1100,1100,3243,0,3,25.927188219554214,1.0151129972655326,1127.4722630005272,2070.4070305272894
1772911234,10,GET,/api/audio/latency,19.100000,0.000000,3,4,7,12,25,81,110,330,480,480,480,474,0,2,15.019007670864223,1.0151129972655326,481.00536499987356,33.0
1772911234,10,GET,/api/audio/levels,19.100000,0.000000,4,8,11,22,180,310,950,1000,1100,1100,1100,474,0,3,36.227211170917755,1.0632379999151453,1068.0939209996723,76.40084388185655
1772911234,10,GET,/api/audio/levels (during plugin swap),4.100000,0.000000,2,4,14,15,180,390,910,910,910,910,910,128,0,3,47.47024450796289,1.080788002582267,1017.3982990017976,76.453125
1772911234,10,GET,/api/audio/levels/plugins,4.100000,0.000000,2,2,4,4,14,31,460,460,460,460,460,128,0,2,12.054379679625526,1.0597969994705636,464.41013300136547,20.09375
1772911234,10,GET,/api/audio/status,15.500000,0.000000,2,4,6,8,13,19,320,320,480,480,480,391,0,2,13.875978659791395,1.0315889994672034,479.0718289987126,168.0
1772911234,10,GET,/api/chains/,0.600000,0.000000,1000,1000,1000,1000,1000,1000,1000,1000,1000,1000,1000,69,0,3,45.311835318990646,1.3376110000535846,1048.8712939986726,1448.1159420289855
1772911234,10,GET,/api/chains/{id},15.500000,0.000000,3,7,9,11,29,61,320,370,970,970,970,391,0,4,33.032870135603375,1.2147920024290215,1023.1433259978076,507.6547314578005
1772911234,10,POST,/api/chains/{id}/activate,15.500000,0.000000,4,6,9,11,16,71,110,340,480,480,480,391,0,4,21.180336470547854,1.190798997413367,481.5199959994061,53.01790281329923
1772911234,10,POST,/api/chains/{id}/deactivate,15.300000,0.000000,2,3,3,6,17,26,390,410,1100,1100,1100,391,0,2,16.756157700848185,1.1789170021074824,1127.4722630005272,61.36061381074169
1772911234,10,POST,/api/plugins/batch/parameters (500 updates),9.600000,0.000000,5,13,16,19,58,210,910,1100,1100,1100,1100,174,0,6,52.35099694269677,2.7197519993933383,1089.4274920028693,845.551724137931
1772911234,10,GET,/api/plugins/discover,0.600000,0.000000,28,28,28,28,28,28,28,28,28,28,28,69,0,14,26.213235072487883,10.92287899882649,317.85854999907315,84937.92753623189
1772911234,10,GET,/api/plugins/list,0.600000,0.000000,83,83,83,83,83,83,83,83,83,83,83,69,0,2,21.625240231725805,1.0970610019285232,326.49217799917096,35.88405797101449
1772911234,10,POST,/api/plugins/load?uri,4.100000,0.000000,2,3,5,5,12,84,110,110,110,110,110,128,0,3,12.253233327982116,1.3331570007721893,323.40858799943817,1986.4609375
1772911234,10,POST,/api/plugins/unload?uri,4.100000,0.000000,1,2,5,7,14,320,390,390,390,390,390,128,0,2,20.506467812367646,1.1874270021507982,387.9420760022185,84.46875
1772911234,10,,Aggregated,127.800000,0.000000,3,5,8,11,25,110,340,480,1100,1100,1100,3405,0,3,24.908685866087016,1.0151129972655326,1127.4722630005272,1981.9192364170337
1772911235,10,GET,/api/audio/latency,17.400000,0.000000,3,5,9,13,35,81,110,330,480,480,480,494,0,2,14.83290507690716,1.0151129972655326,481.00536499987356,33.0
1772911235,10,GET,/api/audio/levels,17.400000,0.000000,4,9,19,30,220,310,950,1000,1100,1100,1100,494,0,3,37.511591744980166,1.0632379999151453,1068.0939209996723,76.5
1772911235,10,GET,/api/audio/levels (during plugin swap),3.300000,0.000000,2,4,11,15,300,390,910,910,910,910,910,131,0,3,46.485975007778734,1.080788002582267,1017.3982990017976,76.47328244274809
1772911235,10,GET,/api/audio/levels/plugins,3.300000,0.000000,2,2,4,5,15,31,460,460,460,460,460,131,0,2,11.827075809093934,1.0597969994705636,464.41013300136547,20.15267175572519
1772911235,10,GET,/api/audio/status,14.500000,0.000000,2,4,7,8,15,21,320,320,480,480,480,404,0,2,13.657584215297453,1.0315889994672034,479.0718289987126,168.0
1772911235,10,GET,/api/chains/,0.500000,0.000000,1000,1000,1000,1000,1000,1000,1000,1000,1000,1000,1000,69,0,3,45.311835318990646,1.3376110000535846,1048.8712939986726,1448.1159420289855
1772911235,10,GET,/api/chains/{id},14.300000,0.000000,3,7,10,14,45,270,320,370,970,970,970,404,0,4,34.297929804500264,1.2147920024290215,1023.1433259978076,505.71534653465346
1772911235,10,POST,/api/chains/{id}/activate,14.300000,0.000000,4,6,10,11,22,71,110,340,480,480,480,404,0,4,20.914521193034407,1.190798997413367,481.5199959994061,53.056930693069305
1772911235,10,POST,/api/chains/{id}/deactivate,14.500000,0.000000,2,2,3,6,17,320,390,410,1100,1100,1100,404,0,2,17.16191030207501,1.1789170021074824,1127.4722630005272,61.31930693069307
1772911235,10,POST,/api/plugins/batch/parameters (500 updates),8.500000,0.000000,5,13,18,21,58,210,910,1100,1100,1100,1100,184,0,6,51.78292489689857,2.7197519993933383,1089.4274920028693,846.304347826087
1772911235,10,GET,/api/plugins/discover,0.500000,0.000000,28,28,28,28,28,28,28,28,28,28,28,69,0,14,26.213235072487883,10.92287899882649,317.85854999907315,84937.92753623189
1772911235,10,GET,/api/plugins/list,0.500000,0.000000,83,83,83,83,83,83,83,83,83,83,83,69,0,2,21.625240231725805,1.0970610019285232,326.49217799917096,35.88405797101449
1772911235,10,POST,/api/plugins/load?uri,3.300000,0.000000,2,3,5,8,80,84,110,110,110,110,110,131,0,3,12.151978602935026,1.3331570007721893,323.40858799943817,2016.7557251908397
1772911235,10,POST,/api/plugins/unload?uri,3.300000,0.000000,1,2,5,11,14,320,390,390,390,390,390,131,0,2,20.155487954077792,1.1874270021507982,387.9420760022185,84.3206106870229
1772911235,10,,Aggregated,115.600000,0.000000,3,6,9,13,35,180,350,480,1100,1100,1100,3519,0,3,25.132652687707942,1.0151129972655326,1127.4722630005272,1926.460358056266
1772911236,10,GET,/api/audio/latency,18.500000,0.000000,2,3,6,11,19,72,110,330,480,480,480,515,0,2,14.325321262123943,1.0151129972655326,481.00536499987356,33.0
1772911236,10,GET,/api/audio/levels,18.400000,0.000000,3,8,13,20,110,280,310,360,360,360,360,515,0,3,36.201126677713425,1.0632379999151453,1068.0939209996723,76.45825242718446
1772911236,10,GET,/api/audio/levels (during plugin swap),3.500000,0.000000,1,2,4,11,37,300,390,390,390,390,390,140,0,3,43.618186200105164,1.080788002582267,1017.3982990017976,76.25
1772911236,10,GET,/api/audio/levels/plugins,3.500000,0.000000,2,2,2,4,14,23,460,460,460,460,460,140,0,2,11.34406446425211,1.0597969994705636,464.41013300136547,20.035714285714285
1772911236,10,GET,/api/audio/status,15.300000,0.000000,2,3,5,7,13,19,23,320,480,480,480,425,0,2,13.086392738794743,1.0315889994672034,479.0718289987126,168.0
1772911236,10,GET,/api/chains/,0.300000,0.000000,1000,1000,1000,1000,1000,1000,1000,1000,1000,1000,1000,69,0,3,45.311835318990646,1.3376110000535846,1048.8712939986726,1448.1159420289855
1772911236,10,GET,/api/chains/{id},14.900000,0.000000,3,7,10,14,33,63,280,320,370,370,370,425,0,4,32.97205060946426,1.2147920024290215,1023.1433259978076,505.0094117647059
1772911236,10,POST,/api/chains/{id}/activate,14.900000,0.000000,3,6,8,11,16,71,79,340,480,480,480,425,0,4,20.063961117617403,1.1828169990621973,481.5199959994061,53.04705882352941
1772911236,10,POST,/api/chains/{id}/deactivate,15.300000,0.000000,2,2,3,3,12,23,320,390,410,410,410,425,0,2,16.388316089501398,1.1789170021074824,1127.4722630005272,61.35294117647059
1772911236,10,POST,/api/plugins/batch/parameters (500 updates),8.800000,0.000000,5,12,17,18,25,180,270,300,300,300,300,195,0,6,49.50254884114167,2.7197519993933383,1089.4274920028693,846.9282051282051
1772911236,10,GET,/api/plugins/discover,0.300000,0.000000,28,28,28,28,28,28,28,28,28,28,28,69,0,14,26.213235072487883,10.92287899882649,317.85854999907315,84937.92753623189
1772911236,10,GET,/api/plugins/list,0.300000,0.000000,83,83,83,83,83,83,83,83,83,83,83,69,0,2,21.625240231725805,1.0970610019285232,326.49217799917096,35.88405797101449
1772911236,10,POST,/api/plugins/load?uri,3.500000,0.000000,2,3,4,5,12,80,110,110,110,110,110,140,0,3,11.53872617846251,1.3331570007721893,323.40858799943817,1982.7642857142857
1772911236,10,POST,/api/plugins/unload?uri,3.500000,0.000000,1,2,3,7,14,320,390,390,390,390,390,140,0,2,19.05728341423258,1.1874270021507982,387.9420760022185,84.26428571428572
1772911236,10,,Aggregated,121.000000,0.000000,2,5,8,11,22,76,300,340,480,480,480,3692,0,3,24.145910568272715,1.0151129972655326,1127.4722630005272,1847.819068255688
1772911237,10,GET,/api/audio/latency,18.500000,0.000000,2,3,5,8,19,71,83,110,480,480,480,531,0,2,13.997691491514724,1.0151129972655326,481.00536499987356,33.0
1772911237,10,GET,/api/audio/levels,18.400000,0.000000,3,8,12,17,71,220,310,360,360,360,360,531,0,3,35.23782422037973,1.0632379999151453,1068.0939209996723,76.42749529190208
1772911237,10,GET,/api/audio/levels (during plugin swap),3.500000,0.000000,2,4,9,11,15,300,390,390,390,390,390,146,0,3,42.14617632199294,1.080788002582267,1017.3982990017976,76.20547945205479
1772911237,10,GET,/api/audio/levels/plugins,3.500000,0.000000,2,2,4,7,14,23,460,460,460,460,460,146,0,2,11.043709383544684,1.0578210021776613,464.41013300136547,19.965753424657535
1772911237,10,GET,/api/audio/status,15.300000,0.000000,2,3,6,8,13,19,23,320,480,480,480,435,0,2,12.867448671256598,1.0315889994672034,479.0718289987126,168.0
1772911237,10,GET,/api/chains/,0.300000,0.000000,1000,1000,1000,1000,1000,1000,1000,1000,1000,1000,1000,69,0,3,45.311835318990646,1.3376110000535846,1048.8712939986726,1448.1159420289855
1772911237,10,GET,/api/chains/{id},14.900000,0.000000,4,7,10,14,29,61,280,320,370,370,370,435,0,4,32.32173523453336,1.2147920024290215,1023.1433259978076,505.6574712643678
1772911237,10,POST,/api/chains/{id}/activate,14.900000,0.000000,4,6,10,11,16,71,79,340,480,480,480,435,0,4,19.752246613777174,1.1828169990621973,481.5199959994061,53.03448275862069
1772911237,10,POST,/api/chains/{id}/deactivate,15.300000,0.000000,2,2,3,3,12,19,320,390,410,410,410,435,0,2,16.112363606986747,1.1789170021074824,1127.4722630005272,61.367816091954026
1772911237,10,POST,/api/plugins/batch/parameters (500 updates),8.800000,0.000000,5,13,17,18,23,160,270,300,300,300,300,200,0,6,48.40306808511741,2.7197519993933383,1089.4274920028693,845.84
1772911237,10,GET,/api/plugins/discover,0.300000,0.000000,28,28,28,28,28,28,28,28,28,28,28,69,0,14,26.213235072487883,10.92287899882649,317.85854999907315,84937.92753623189
1772911237,10,GET,/api/plugins/list,0.300000,0.000000,83,83,83,83,83,83,83,83,83,83,83,69,0,2,21.625240231725805,1.0970610019285232,326.49217799917096,35.88405797101449
1772911237,10,POST,/api/plugins/load?uri,3.500000,0.000000,2,3,4,5,12,80,110,110,110,110,110,146,0,3,11.233477376588606,1.3331570007721893,323.40858799943817,2075.054794520548
1772911237,10,POST,/api/plugins/unload?uri,3.500000,0.000000,1,2,3,7,11,23,390,390,390,390,390,146,0,2,18.362543417736074,1.1874270021507982,387.9420760022185,84.54109589041096
1772911237,10,,Aggregated,121.000000,0.000000,3,5,8,11,21,71,290,350,480,480,480,3793,0,3,23.62172071897479,1.0151129972655326,1127.4722630005272,1809.2631162668072
1772911238,10,GET,/api/audio/latency,17.000000,0.000000,3,4,7,12,29,77,83,110,480,480,480,534,0,2,14.377218204112417,1.0151129972655326,481.00536499987356,33.0
1772911238,10,GET,/api/audio/levels,17.100000,0.000000,5,9,15,21,180,300,360,1100,1100,1100,1100,534,0,3,41.10864677718876,1.0632379999151453,1134.25346099757,76.4812734082397
1772911238,10,GET,/api/audio/levels (during plugin swap),3.300000,0.000000,2,6,10,11,15,300,390,390,390,390,390,146,0,3,42.14617632199294,1.080788002582267,1017.3982990017976,76.20547945205479
1772911238,10,GET,/api/audio/levels/plugins,3.300000,0.000000,2,2,4,4,11,23,460,460,460,460,460,146,0,2,11.043709383544684,1.0578210021776613,464.41013300136547,19.965753424657535
1772911238,10,GET,/api/audio/status,14.700000,0.000000,2,3,5,7,15,21,320,320,480,480,480,438,0,2,12.834585684935494,1.0315889994672034,479.0718289987126,168.0
1772911238,10,GET,/api/chains/,0.200000,0.000000,1000,1000,1000,1000,1000,1000,1000,1000,1000,1000,1000,69,0,3,45.311835318990646,1.3376110000535846,1048.8712939986726,1448.1159420289855
1772911238,10,GET,/api/chains/{id},14.800000,0.000000,4,8,12,18,52,280,970,1000,1000,1000,1000,439,0,4,38.92927714128613,1.2147920024290215,1044.1573629977938,505.60136674259684
1772911238,10,POST,/api/chains/{id}/activate,14.700000,0.000000,4,7,11,13,29,79,110,340,480,480,480,439,0,4,20.198433350783997,1.1828169990621973,481.5199959994061,52.98405466970387
1772911238,10,POST,/api/chains/{id}/deactivate,14.700000,0.000000,2,2,3,3,9,23,350,390,410,410,410,437,0,2,16.05370634334541,1.1789170021074824,1127.4722630005272,61.37070938215103
1772911238,10,POST,/api/plugins/batch/parameters (500 updates),8.900000,0.000000,9,16,19,22,190,1000,1000,1100,1100,1100,1100,204,0,6,67.92965661777856,2.7197519993933383,1091.7758559990034,846.2941176470588
1772911238,10,GET,/api/plugins/discover,0.200000,0.000000,28,28,28,28,28,28,28,28,28,28,28,69,0,14,26.213235072487883,10.92287899882649,317.85854999907315,84937.92753623189
1772911238,10,GET,/api/plugins/list,0.200000,0.000000,83,83,83,83,83,83,83,83,83,83,83,69,0,2,21.625240231725805,1.0970610019285232,326.49217799917096,35.88405797101449
1772911238,10,POST,/api/plugins/load?uri,3.300000,0.000000,2,3,5,5,12,80,110,110,110,110,110,146,0,3,11.233477376588606,1.3331570007721893,323.40858799943817,2075.054794520548
1772911238,10,POST,/api/plugins/unload?uri,3.300000,0.000000,1,2,3,3,9,23,390,390,390,390,390,146,0,2,18.362543417736074,1.1874270021507982,387.9420760022185,84.54109589041096
1772911238,10,,Aggregated,115.700000,0.000000,3,5,9,12,26,110,360,480,1100,1100,1100,3816,0,3,26.361451451804278,1.0151129972655326,1134.25346099757,1800.1006289308177
1772911239,10,GET,/api/audio/latency,19.200000,0.000000,2,3,7,9,25,77,83,110,480,480,480,553,0,2,14.00262638695728,1.0151129972655326,481.00536499987356,33.0
1772911239,10,GET,/api/audio/levels,19.100000,0.000000,4,8,13,17,180,310,360,1100,1100,1100,1100,553,0,3,40.82014220979476,1.0632379999151453,1134.25346099757,76.45569620253164
1772911239,10,GET,/api/audio/levels (during plugin swap),4.300000,0.000000,2,4,9,10,15,300,390,390,390,390,390,150,0,3,41.132834366726456,1.080788002582267,1017.3982990017976,76.20666666666666
1772911239,10,GET,/api/audio/levels/plugins,4.300000,0.000000,2,2,4,5,11,23,460,460,460,460,460,150,0,2,10.817869593350528,1.0578210021776613,464.41013300136547,19.893333333333334
1772911239,10,GET,/api/audio/status,16.700000,0.000000,2,3,5,6,12,18,21,440,480,480,480,451,0,2,13.559191674048916,1.0315889994672034,479.0718289987126,168.02882483370288
1772911239,10,GET,/api/chains/,0.000000,0.000000,1000,1000,1000,1000,1000,1000,1000,1000,1000,1000,1000,69,0,3,45.311835318990646,1.3376110000535846,1048.8712939986726,1448.1159420289855
1772911239,10,GET,/api/chains/{id},16.700000,0.000000,4,8,11,17,37,290,970,1000,1000,1000,1000,452,0,4,39.45881836952405,1.2147920024290215,1044.1573629977938,507.29424778761063
1772911239,10,POST,/api/chains/{id}/activate,16.700000,0.000000,4,6,9,11,18,75,96,110,480,480,480,452,0,4,19.811232053087274,1.1828169990621973,481.5199959994061,52.90929203539823
1772911239,10,POST,/api/chains/{id}/deactivate,16.800000,0.000000,2,2,3,3,9,14,390,410,430,430,430,451,0,2,16.630070771715936,1.1789170021074824,1127.4722630005272,61.390243902439025
1772911239,10,POST,/api/plugins/batch/parameters (500 updates),9.400000,0.000000,9,16,19,22,300,1000,1000,1100,1100,1100,1100,215,0,7,71.24610326522257,2.7197519993933383,1091.7758559990034,847.4558139534884
1772911239,10,GET,/api/plugins/discover,0.000000,0.000000,28,28,28,28,28,28,28,28,28,28,28,69,0,14,26.213235072487883,10.92287899882649,317.85854999907315,84937.92753623189
1772911239,10,GET,/api/plugins/list,0.000000,0.000000,83,83,83,83,83,83,83,83,83,83,83,69,0,2,21.625240231725805,1.0970610019285232,326.49217799917096,35.88405797101449
1772911239,10,POST,/api/plugins/load?uri,4.300000,0.000000,2,3,4,5,12,80,110,110,110,110,110,150,0,3,10.986899066556362,1.3331570007721893,323.40858799943817,2052.326666666667
1772911239,10,POST,/api/plugins/unload?uri,4.400000,0.000000,1,2,3,5,9,23,390,390,390,390,390,150,0,2,17.981230953276583,1.1874270021507982,387.9420760022185,84.42
1772911239,10,,Aggregated,131.900000,0.000000,2,5,8,11,21,110,390,480,1100,1100,1100,3934,0,3,26.590116909017432,1.0151129972655326,1134.25346099757,1753.292323335028
1772911240,10,GET,/api/audio/latency,17.200000,0.000000,2,4,8,11,25,76,83,110,480,480,480,586,0,2,13.513237629646252,1.0151129972655326,481.00536499987356,33.0
1772911240,10,GET,/api/audio/levels,17.200000,0.000000,3,8,11,17,82,300,360,1100,1100,1100,1100,587,0,3,38.9527246030935,1.0632379999151453,1134.25346099757,76.41056218057922
1772911240,10,GET,/api/audio/levels (during plugin swap),4.000000,0.000000,2,7,9,11,33,300,390,390,390,390,390,154,0,3,40.37421501953912,1.080788002582267,1017.3982990017976,76.20779220779221
1772911240,10,GET,/api/audio/levels/plugins,4.000000,0.000000,2,2,4,5,13,23,460,460,460,460,460,154,0,2,10.673142987042258,1.0578210021776613,464.41013300136547,19.90909090909091
1772911240,10,GET,/api/audio/status,15.400000,0.000000,2,3,5,7,13,18,25,440,480,480,480,471,0,2,13.236384176220753,1.0315889994672034,479.0718289987126,168.0276008492569
1772911240,10,GET,/api/chains/,0.000000,0.000000,1000,1000,1000,1000,1000,1000,1000,1000,1000,1000,1000,69,0,3,45.311835318990646,1.3376110000535846,1048.8712939986726,1448.1159420289855
1772911240,10,GET,/api/chains/{id},15.500000,0.000000,4,7,11,17,59,290,970,1000,1000,1000,1000,471,0,4,38.16435291937639,1.2147920024290215,1044.1573629977938,508.7685774946921
1772911240,10,POST,/api/chains/{id}/activate,15.500000,0.000000,4,6,9,11,19,75,96,110,480,480,480,471,0,4,19.20166247342932,1.1828169990621973,481.5199959994061,52.92993630573248
1772911240,10,POST,/api/chains/{id}/deactivate,15.300000,0.000000,2,2,3,6,9,16,390,410,430,430,430,471,0,2,16.131025390749123,1.1789170021074824,1127.4722630005272,61.36305732484077
1772911240,10,POST,/api/plugins/batch/parameters (500 updates),8.600000,0.000000,9,17,21,23,300,1000,1000,1100,1100,1100,1100,220,0,6,69.94682623646275,2.7197519993933383,1091.7758559990034,847.8
1772911240,10,GET,/api/plugins/discover,0.000000,0.000000,28,28,28,28,28,28,28,28,28,28,28,69,0,14,26.213235072487883,10.92287899882649,317.85854999907315,84937.92753623189
1772911240,10,GET,/api/plugins/list,0.000000,0.000000,83,83,83,83,83,83,83,83,83,83,83,69,0,2,21.625240231725805,1.0970610019285232,326.49217799917096,35.88405797101449
1772911240,10,POST,/api/plugins/load?uri,4.000000,0.000000,2,3,4,7,18,80,110,110,110,110,110,154,0,3,10.923176181700887,1.3331570007721893,323.40858799943817,2060.0454545454545
1772911240,10,POST,/api/plugins/unload?uri,4.000000,0.000000,2,2,3,7,11,23,390,390,390,390,390,154,0,2,17.636139973995803,1.1874270021507982,387.9420760022185,84.22727272727273
1772911240,10,,Aggregated,120.700000,0.000000,3,5,9,11,23,110,390,480,1100,1100,1100,4100,0,3,25.783061164647954,1.0151129972655326,1134.25346099757,1690.5958536585365
1772911241,10,GET,/api/audio/latency,16.800000,0.000000,2,4,8,11,25,79,83,110,480,480,480,602,0,2,13.631217509922548,1.0151129972655326,481.00536499987356,33.0
1772911241,10,GET,/api/audio/levels,16.800000,0.000000,3,8,11,17,210,320,360,1100,1100,1100,1100,602,0,3,39.72267612294201,1.0632379999151453,1134.25346099757,76.41196013289037
1772911241,10,GET,/api/audio/levels (during plugin swap),3.800000,0.000000,2,9,10,11,33,330,390,390,390,390,390,158,0,3,41.555408341865366,1.080788002582267,1017.3982990017976,76.29113924050633
1772911241,10,GET,/api/audio/levels/plugins,3.800000,0.000000,2,3,4,5,11,23,460,460,460,460,460,158,0,2,10.484203582322314,1.0578210021776613,464.41013300136547,19.924050632911392
1772911241,10,GET,/api/audio/status,14.000000,0.000000,2,3,6,7,12,18,25,440,480,480,480,487,0,2,12.930799369604097,1.0315889994672034,479.0718289987126,168.02669404517454
1772911241,10,GET,/api/chains/,0.000000,0.000000,1000,1000,1000,1000,1000,1000,1000,1000,1000,1000,1000,69,0,3,45.311835318990646,1.3376110000535846,1048.8712939986726,1448.1159420289855
1772911241,10,GET,/api/chains/{id},13.900000,0.000000,4,8,16,19,270,300,970,1000,1000,1000,1000,487,0,4,39.337203839888346,1.2147920024290215,1044.1573629977938,508.8254620123203
1772911241,10,POST,/api/chains/{id}/activate,14.000000,0.000000,4,6,10,11,24,48,96,110,480,480,480,487,0,4,19.08620931620936,1.1828169990621973,481.5199959994061,53.0082135523614
1772911241,10,POST,/api/chains/{id}/deactivate,14.000000,0.000000,2,3,4,8,13,17,390,410,430,430,430,487,0,2,16.512410841991354,1.1789170021074824,1127.4722630005272,61.332648870636554
1772911241,10,POST,/api/plugins/batch/parameters (500 updates),8.500000,0.000000,12,21,38,54,330,1000,1000,1100,1100,1100,1100,229,0,7,69.21175320530892,2.7197519993933383,1091.7758559990034,849.2620087336245
1772911241,10,GET,/api/plugins/discover,0.000000,0.000000,28,28,28,28,28,28,28,28,28,28,28,69,0,14,26.213235072487883,10.92287899882649,317.85854999907315,84937.92753623189
1772911241,10,GET,/api/plugins/list,0.000000,0.000000,83,83,83,83,83,83,83,83,83,83,83,69,0,2,21.625240231725805,1.0970610019285232,326.49217799917096,35.88405797101449
1772911241,10,POST,/api/plugins/load?uri,3.800000,0.000000,2,3,4,7,18,23,110,110,110,110,110,158,0,3,10.846156284693464,1.3331570007721893,323.40858799943817,2049.215189873418
1772911241,10,POST,/api/plugins/unload?uri,3.800000,0.000000,2,3,5,8,14,23,390,390,390,390,390,158,0,2,17.330346765793134,1.1874270021507982,387.9420760022185,84.03164556962025
1772911241,10,,Aggregated,113.200000,0.000000,3,6,9,12,25,270,390,480,1100,1100,1100,4220,0,3,26.03343569432853,1.0151129972655326,1134.25346099757,1649.5322274881516
1772911242,10,GET,/api/audio/latency,18.500000,0.000000,2,3,5,8,17,27,80,82,82,82,82,631,0,2,13.177652280447589,1.0151129972655326,481.00536499987356,33.0
1772911242,10,GET,/api/audio/levels,18.500000,0.000000,3,7,9,12,33,280,360,1100,1100,1100,1100,631,0,3,38.17457317594955,1.0632379999151453,1134.25346099757,76.33755942947703
1772911242,10,GET,/api/audio/levels (during plugin swap),4.100000,0.000000,2,7,9,9,12,17,330,330,330,330,330,164,0,3,40.20826373788423,1.080788002582267,1017.3982990017976,76.25
1772911242,10,GET,/api/audio/levels/plugins,4.100000,0.000000,2,2,3,4,7,11,23,23,23,23,23,164,0,2,10.161481926887774,1.0578210021776613,464.41013300136547,19.945121951219512
1772911242,10,GET,/api/audio/status,14.800000,0.000000,2,3,4,6,12,15,21,25,440,440,440,505,0,2,12.537020497026365,1.0315889994672034,479.0718289987126,168.02574257425744
1772911242,10,GET,/api/chains/,0.000000,0.000000,1000,1000,1000,1000,1000,1000,1000,1000,1000,1000,1000,69,0,3,45.311835318990646,1.3376110000535846,1048.8712939986726,1448.1159420289855
1772911242,10,GET,/api/chains/{id},14.800000,0.000000,3,7,10,16,52,290,970,1000,1000,1000,1000,505,0,4,38.115134433704014,1.2147920024290215,1044.1573629977938,508.4970297029703
1772911242,10,POST,/api/chains/{id}/activate,14.900000,0.000000,3,5,8,10,19,38,80,95,96,96,96,505,0,4,18.51406068118816,1.1828169990621973,481.5199959994061,53.05940594059406
1772911242,10,POST,/api/chains/{id}/deactivate,14.800000,0.000000,2,2,3,6,9,16,350,370,430,430,430,505,0,2,16.001656823865044,1.1789170021074824,1127.4722630005272,61.35643564356435
1772911242,10,POST,/api/plugins/batch/parameters (500 updates),8.100000,0.000000,9,17,23,25,300,1000,1000,1100,1100,1100,1100,239,0,7,66.5656685607596,2.7197519993933383,1091.7758559990034,851.6610878661088
1772911242,10,GET,/api/plugins/discover,0.000000,0.000000,28,28,28,28,28,28,28,28,28,28,28,69,0,14,26.213235072487883,10.92287899882649,317.85854999907315,84937.92753623189
1772911242,10,GET,/api/plugins/list,0.000000,0.000000,83,83,83,83,83,83,83,83,83,83,83,69,0,2,21.625240231725805,1.0970610019285232,326.49217799917096,35.88405797101449
1772911242,10,POST,/api/plugins/load?uri,4.100000,0.000000,2,3,4,4,10,18,23,23,23,23,23,164,0,3,10.578658054771772,1.3331570007721893,323.40858799943817,2022.7439024390244
1772911242,10,POST,/api/plugins/unload?uri,4.200000,0.000000,2,2,3,5,9,14,48,48,48,48,48,164,0,2,17.041566323136866,1.1874270021507982,387.9420760022185,83.95121951219512
1772911242,10,,Aggregated,120.900000,0.000000,2,4,8,9,19,45,300,430,1100,1100,1100,4384,0,3,25.214404915392237,1.0151129972655326,1134.25346099757,1595.8827554744526
1772911243,10,GET,/api/audio/latency,17.600000,0.000000,2,3,5,8,18,27,80,82,82,82,82,647,0,2,12.919325944296425,1.0151129972655326,481.00536499987356,33.0
1772911243,10,GET,/api/audio/levels,17.600000,0.000000,3,7,9,14,47,290,360,1100,1100,1100,1100,650,0,3,37.55380954312456,1.0632379999151453,1134.25346099757,76.38
1772911243,10,GET,/api/audio/levels (during plugin swap),4.000000,0.000000,4,7,9,10,12,33,330,330,330,330,330,166,0,3,39.808741030180705,1.080788002582267,1017.3982990017976,76.21084337349397
1772911243,10,GET,/api/audio/levels/plugins,4.000000,0.000000,2,2,4,4,8,13,23,23,23,23,23,166,0,2,10.062094168745947,1.0578210021776613,464.41013300136547,19.951807228915662
1772911243,10,GET,/api/audio/status,13.900000,0.000000,2,3,4,5,11,15,21,25,440,440,440,528,0,2,12.073516490517884,1.0315889994672034,479.0718289987126,168.02462121212122
1772911243,10,GET,/api/chains/,0.000000,0.000000,1000,1000,1000,1000,1000,1000,1000,1000,1000,1000,1000,69,0,3,45.311835318990646,1.3376110000535846,1048.8712939986726,1448.1159420289855
1772911243,10,GET,/api/chains/{id},13.800000,0.000000,4,8,14,17,59,280,970,1000,1000,1000,1000,533,0,4,36.82482825895566,1.2147920024290215,1044.1573629977938,507.0637898686679
1772911243,10,POST,/api/chains/{id}/activate,13.800000,0.000000,3,5,8,11,23,48,93,95,96,96,96,531,0,4,18.255497043324887,1.1828169990621973,481.5199959994061,53.21092278719397
1772911243,10,POST,/api/chains/{id}/deactivate,13.900000,0.000000,2,2,3,4,9,16,350,370,430,430,430,528,0,2,15.397403356156715,1.1789170021074824,1127.4722630005272,61.384469696969695
1772911243,10,POST,/api/plugins/batch/parameters (500 updates),8.000000,0.000000,10,18,25,54,330,1000,1000,1100,1100,1100,1100,243,0,7,66.37273569144725,2.7197519993933383,1091.7758559990034,851.2880658436214
1772911243,10,GET,/api/plugins/discover,0.000000,0.000000,28,28,28,28,28,28,28,28,28,28,28,69,0,14,26.213235072487883,10.92287899882649,317.85854999907315,84937.92753623189
1772911243,10,GET,/api/plugins/list,0.000000,0.000000,83,83,83,83,83,83,83,83,83,83,83,69,0,2,21.625240231725805,1.0970610019285232,326.49217799917096,35.88405797101449
1772911243,10,POST,/api/plugins/load?uri,4.000000,0.000000,2,3,4,5,12,20,23,23,23,23,23,166,0,3,10.482402578199105,1.3331570007721893,323.40858799943817,2015.5240963855422
1772911243,10,POST,/api/plugins/unload?uri,4.000000,0.000000,2,2,3,7,11,17,48,48,48,48,48,166,0,2,16.852484216860283,1.1874270021507982,387.9420760022185,83.91566265060241
1772911243,10,,Aggregated,114.600000,0.000000,2,4,8,10,21,71,300,430,1100,1100,1100,4531,0,3,24.711283208362016,1.0151129972655326,1134.25346099757,1550.450673140587
1772911244,10,GET,/api/audio/latency,18.100000,0.000000,2,3,4,8,20,80,140,400,400,400,400,657,0,2,14.619294693999175,1.0151129972655326,481.00536499987356,33.0
1772911244,10,GET,/api/audio/levels,18.100000,0.000000,3,6,8,11,45,290,360,1100,1100,1100,1100,657,0,3,38.38054156168757,1.0632379999151453,1134.25346099757,76.40334855403349
1772911244,10,GET,/api/audio/levels (during plugin swap),4.300000,0.000000,4,7,9,9,12,33,330,330,330,330,330,167,0,3,39.62520998209878,1.080788002582267,1017.3982990017976,76.19161676646706
1772911244,10,GET,/api/audio/levels/plugins,4.300000,0.000000,2,2,3,4,8,13,23,23,23,23,23,167,0,2,10.012502760545686,1.0578210021776613,464.41013300136547,19.994011976047904
1772911244,10,GET,/api/audio/status,13.800000,0.000000,2,3,4,5,13,25,340,340,440,440,440,538,0,2,13.571677914490136,1.0315889994672034,479.0718289987126,168.02416356877325
1772911244,10,GET,/api/chains/,0.000000,0.000000,0,0,0,0,0,0,0,0,0,0,0,69,0,3,45.311835318990646,1.3376110000535846,1048.8712939986726,1448.1159420289855
1772911244,10,GET,/api/chains/{id},13.800000,0.000000,4,8,14,17,69,290,970,1000,1000,1000,1000,538,0,4,38.068009951719596,1.2147920024290215,1044.1573629977938,507.30669144981414
1772911244,10,POST,/api/chains/{id}/activate,13.800000,0.000000,3,5,8,11,44,93,400,400,410,410,410,538,0,4,20.729302221196555,1.1828169990621973,481.5199959994061,53.15985130111524
1772911244,10,POST,/api/chains/{id}/deactivate,14.000000,0.000000,2,2,3,6,13,340,420,430,740,740,740,538,0,2,19.317538016823036,1.1789170021074824,1127.4722630005272,61.347583643122675
1772911244,10,POST,/api/plugins/batch/parameters (500 updates),7.700000,0.000000,9,18,42,57,330,1000,1000,1100,1100,1100,1100,245,0,7,66.87874692661167,2.7197519993933383,1091.7758559990034,851.9224489795919
1772911244,10,GET,/api/plugins/discover,0.000000,0.000000,0,0,0,0,0,0,0,0,0,0,0,69,0,14,26.213235072487883,10.92287899882649,317.85854999907315,84937.92753623189
1772911244,10,GET,/api/plugins/list,0.000000,0.000000,0,0,0,0,0,0,0,0,0,0,0,69,0,2,21.625240231725805,1.0970610019285232,326.49217799917096,35.88405797101449
1772911244,10,POST,/api/plugins/load?uri,4.300000,0.000000,2,3,4,4,10,18,23,23,23,23,23,167,0,3,10.445223365145113,1.3331570007721893,323.40858799943817,2008.9161676646706
1772911244,10,POST,/api/plugins/unload?uri,4.400000,0.000000,2,2,3,7,11,17,48,48,48,48,48,167,0,2,16.759715604781967,1.1874270021507982,387.9420760022185,83.82634730538922
1772911244,10,,Aggregated,116.600000,0.000000,2,4,8,10,22,100,400,740,1100,1100,1100,4586,0,3,26.121594375508497,1.0151129972655326,1134.25346099757,1533.841255996511
1772911245,10,GET,/api/audio/latency,19.900000,0.000000,2,4,7,9,20,80,140,400,400,400,400,685,0,2,14.225909646669951,1.0151129972655326,481.00536499987356,33.0
1772911245,10,GET,/api/audio/levels,19.900000,0.000000,3,6,9,12,45,290,360,1100,1100,1100,1100,685,0,3,37.03179416790231,1.0632379999151453,1134.25346099757,76.41605839416059
1772911245,10,GET,/api/audio/levels (during plugin swap),4.300000,0.000000,5,9,9,10,12,33,330,330,330,330,330,170,0,3,38.99698928240361,1.080788002582267,1017.3982990017976,76.13529411764706
1772911245,10,GET,/api/audio/levels/plugins,4.300000,0.000000,2,2,3,4,6,11,13,13,13,13,13,170,0,2,9.858400500054225,1.0578210021776613,464.41013300136547,20.041176470588237
1772911245,10,GET,/api/audio/status,15.900000,0.000000,2,3,5,7,15,25,340,340,440,440,440,553,0,2,13.355673739615717,1.0315889994672034,479.0718289987126,168.0235081374322
1772911245,10,GET,/api/chains/,0.000000,0.000000,0,0,0,0,0,0,0,0,0,0,0,69,0,3,45.311835318990646,1.3376110000535846,1048.8712939986726,1448.1159420289855
1772911245,10,GET,/api/chains/{id},15.900000,0.000000,4,8,14,17,71,290,970,1000,1000,1000,1000,553,0,4,37.19915655519026,1.2147920024290215,1044.1573629977938,505.873417721519
1772911245,10,POST,/api/chains/{id}/activate,15.900000,0.000000,3,6,11,13,48,93,400,400,410,410,410,553,0,4,20.3948870705332,1.1828169990621973,481.5199959994061,53.164556962025316
1772911245,10,POST,/api/chains/{id}/deactivate,15.900000,0.000000,2,3,4,8,14,340,420,430,740,740,740,553,0,2,18.874811920534263,1.1789170021074824,1127.4722630005272,61.32007233273056
1772911245,10,POST,/api/plugins/batch/parameters (500 updates),7.800000,0.000000,7,15,38,57,330,1000,1000,1100,1100,1100,1100,257,0,7,64.12180210905356,2.7197519993933383,1091.7758559990034,853.3112840466927
1772911245,10,GET,/api/plugins/discover,0.000000,0.000000,0,0,0,0,0,0,0,0,0,0,0,69,0,14,26.213235072487883,10.92287899882649,317.85854999907315,84937.92753623189
1772911245,10,GET,/api/plugins/list,0.000000,0.000000,0,0,0,0,0,0,0,0,0,0,0,69,0,2,21.625240231725805,1.0970610019285232,326.49217799917096,35.88405797101449
1772911245,10,POST,/api/plugins/load?uri,4.300000,0.000000,2,3,4,4,10,18,23,23,23,23,23,170,0,3,10.296814205760123,1.3331570007721893,323.40858799943817,1995.164705882353
1772911245,10,POST,/api/plugins/unload?uri,4.300000,0.000000,1,2,3,5,8,17,48,48,48,48,48,170,0,2,16.486112517604315,1.1874270021507982,387.9420760022185,83.78823529411764
1772911245,10,,Aggregated,128.400000,0.000000,3,5,8,11,23,140,400,740,1100,1100,1100,4726,0,3,25.507761360365567,1.0151129972655326,1134.25346099757,1494.522005924672
1772911246,10,GET,/api/audio/latency,17.900000,0.000000,2,4,9,11,21,80,140,400,400,400,400,702,0,2,14.148880420195468,1.0151129972655326,481.00536499987356,33.0
1772911246,10,GET,/api/audio/levels,17.900000,0.000000,3,7,11,14,49,290,360,1100,1100,1100,1100,702,0,3,36.56843355413438,1.0632379999151453,1134.25346099757,76.37037037037037
1772911246,10,GET,/api/audio/levels (during plugin swap),3.800000,0.000000,7,9,11,12,33,110,330,330,330,330,330,175,0,3,39.136568862886634,1.080788002582267,1017.3982990017976,76.19428571428571
1772911246,10,GET,/api/audio/levels/plugins,3.800000,0.000000,2,2,4,5,11,21,25,25,25,25,25,174,0,2,9.931513459858921,1.0578210021776613,464.41013300136547,20.051724137931036
1772911246,10,GET,/api/audio/status,14.700000,0.000000,2,3,6,7,13,25,340,340,440,440,440,571,0,2,13.066105586700127,1.0315889994672034,479.0718289987126,168.0227670753065
1772911246,10,GET,/api/chains/,0.000000,0.000000,0,0,0,0,0,0,0,0,0,0,0,69,0,3,45.311835318990646,1.3376110000535846,1048.8712939986726,1448.1159420289855
1772911246,10,GET,/api/chains/{id},14.700000,0.000000,4,8,14,15,71,290,970,1000,1000,1000,1000,574,0,4,36.3010704669323,1.2147920024290215,1044.1573629977938,504.4547038327526
1772911246,10,POST,/api/chains/{id}/activate,14.700000,0.000000,3,5,9,12,44,93,400,400,410,410,410,572,0,4,19.880097797210187,1.1828169990621973,481.5199959994061,53.21678321678322
1772911246,10,POST,/api/chains/{id}/deactivate,14.700000,0.000000,2,3,5,7,13,340,420,430,740,740,740,571,0,2,18.419432096410013,1.1789170021074824,1127.4722630005272,61.3415061295972
1772911246,10,POST,/api/plugins/batch/parameters (500 updates),7.100000,0.000000,9,16,38,57,330,1000,1000,1100,1100,1100,1100,269,0,7,61.932850918303814,2.7197519993933383,1091.7758559990034,855.2304832713754
1772911246,10,GET,/api/plugins/discover,0.000000,0.000000,0,0,0,0,0,0,0,0,0,0,0,69,0,14,26.213235072487883,10.92287899882649,317.85854999907315,84937.92753623189
1772911246,10,GET,/api/plugins/list,0.000000,0.000000,0,0,0,0,0,0,0,0,0,0,0,69,0,2,21.625240231725805,1.0970610019285232,326.49217799917096,35.88405797101449
1772911246,10,POST,/api/plugins/load?uri,3.800000,0.000000,3,4,6,10,20,23,74,74,74,74,74,175,0,3,10.706184697025622,1.3331570007721893,323.40858799943817,1984.1657142857143
1772911246,10,POST,/api/plugins/unload?uri,3.800000,0.000000,2,2,3,5,8,17,48,48,48,48,48,172,0,2,16.334313145307533,1.1874270021507982,387.9420760022185,83.78488372093024
1772911246,10,,Aggregated,116.900000,0.000000,3,5,9,12,27,110,400,740,1100,1100,1100,4864,0,3,25.11048565400424,1.0151129972655326,1134.25346099757,1459.5754523026317
1772911247,10,GET,/api/audio/latency,19.200000,0.000000,2,4,8,10,20,27,140,400,400,400,400,720,0,2,13.95275596245382,1.0151129972655326,481.00536499987356,33.0
1772911247,10,GET,/api/audio/levels,19.100000,0.000000,3,7,10,14,47,190,320,340,360,360,360,720,0,3,36.84113100277702,1.0632379999151453,1134.25346099757,76.37638888888888
1772911247,10,GET,/api/audio/levels (during plugin swap),3.900000,0.000000,5,9,12,12,33,110,330,330,330,330,330,178,0,3,38.53095340452731,1.080788002582267,1017.3982990017976,76.14044943820225
1772911247,10,GET,/api/audio/levels/plugins,3.900000,0.000000,2,2,4,4,13,25,420,420,420,420,420,178,0,2,12.079518179868163,1.0578210021776613,464.41013300136547,20.134831460674157
1772911247,10,GET,/api/audio/status,14.900000,0.000000,2,3,6,8,13,25,340,430,440,440,440,582,0,2,13.635685922710445,1.0315889994672034,479.0718289987126,168.02233676975945
1772911247,10,GET,/api/chains/,0.000000,0.000000,0,0,0,0,0,0,0,0,0,0,0,69,0,3,45.311835318990646,1.3376110000535846,1048.8712939986726,1448.1159420289855
1772911247,10,GET,/api/chains/{id},14.800000,0.000000,4,8,12,14,56,270,290,300,400,400,400,582,0,4,36.144036689029704,1.2147920024290215,1044.1573629977938,504.96735395189006
1772911247,10,POST,/api/chains/{id}/activate,14.900000,0.000000,3,5,9,12,24,93,410,430,450,450,450,582,0,4,21.180900816159426,1.1828169990621973,481.5199959994061,53.202749140893474
1772911247,10,POST,/api/chains/{id}/deactivate,14.900000,0.000000,2,3,4,7,13,20,420,430,740,740,740,582,0,2,18.115593766403258,1.1789170021074824,1127.4722630005272,61.35395189003437
1772911247,10,POST,/api/plugins/batch/parameters (500 updates),7.100000,0.000000,7,13,17,22,94,290,360,410,410,410,410,276,0,7,60.513356366030074,2.7197519993933383,1091.7758559990034,855.6376811594203
1772911247,10,GET,/api/plugins/discover,0.000000,0.000000,0,0,0,0,0,0,0,0,0,0,0,69,0,14,26.213235072487883,10.92287899882649,317.85854999907315,84937.92753623189
1772911247,10,GET,/api/plugins/list,0.000000,0.000000,0,0,0,0,0,0,0,0,0,0,0,69,0,2,21.625240231725805,1.0970610019285232,326.49217799917096,35.88405797101449
1772911247,10,POST,/api/plugins/load?uri,3.900000,0.000000,3,4,10,10,20,23,74,74,74,74,74,178,0,3,10.644461887515329,1.3331570007721893,323.40858799943817,1966.8539325842696
1772911247,10,POST,/api/plugins/unload?uri,3.900000,0.000000,2,3,5,8,21,420,420,420,420,420,420,178,0,2,20.6189461740895,1.1874270021507982,416.8338409981516,83.7752808988764
1772911247,10,,Aggregated,120.500000,0.000000,3,5,9,11,22,94,340,410,450,740,740,4963,0,3,25.411357120504515,1.0151129972655326,1134.25346099757,1434.3181543421317
1772911248,10,GET,/api/audio/latency,19.200000,0.000000,2,4,8,10,20,27,140,400,400,400,400,732,0,2,13.786740926184766,1.0151129972655326,481.00536499987356,33.0
1772911248,10,GET,/api/audio/levels,19.100000,0.000000,3,7,10,14,45,100,310,330,340,340,340,732,0,3,36.315163292341516,1.0632379999151453,1134.25346099757,76.33879781420765
1772911248,10,GET,/api/audio/levels (during plugin swap),3.900000,0.000000,7,9,11,12,33,110,330,330,330,330,330,182,0,3,37.81477491761357,1.080788002582267,1017.3982990017976,76.14285714285714
1772911248,10,GET,/api/audio/levels/plugins,3.900000,0.000000,2,2,4,4,13,25,420,420,420,420,420,182,0,2,11.889182324251793,1.049180998961674,464.41013300136547,20.071428571428573
1772911248,10,GET,/api/audio/status,14.900000,0.000000,2,3,5,7,13,18,340,340,430,430,430,590,0,2,13.471113547483721,1.0315889994672034,479.0718289987126,168.0220338983051
1772911248,10,GET,/api/chains/,0.000000,0.000000,0,0,0,0,0,0,0,0,0,0,0,69,0,3,45.311835318990646,1.3376110000535846,1048.8712939986726,1448.1159420289855
1772911248,10,GET,/api/chains/{id},14.800000,0.000000,4,8,12,14,35,170,290,290,300,300,300,590,0,4,35.73893953562528,1.2147920024290215,1044.1573629977938,504.8915254237288
1772911248,10,POST,/api/chains/{id}/activate,14.900000,0.000000,3,4,8,12,24,93,410,430,450,450,450,590,0,4,20.928510711882293,1.1828169990621973,481.5199959994061,53.16779661016949
1772911248,10,POST,/api/chains/{id}/deactivate,14.900000,0.000000,2,2,4,6,10,19,400,420,740,740,740,590,0,2,17.88909518650375,1.1789170021074824,1127.4722630005272,61.362711864406776
1772911248,10,POST,/api/plugins/batch/parameters (500 updates),7.100000,0.000000,7,11,14,20,54,94,250,260,260,260,260,278,0,7,60.1260321691632,2.7197519993933383,1091.7758559990034,855.1007194244604
1772911248,10,GET,/api/plugins/discover,0.000000,0.000000,0,0,0,0,0,0,0,0,0,0,0,69,0,14,26.213235072487883,10.92287899882649,317.85854999907315,84937.92753623189
1772911248,10,GET,/api/plugins/list,0.000000,0.000000,0,0,0,0,0,0,0,0,0,0,0,69,0,2,21.625240231725805,1.0970610019285232,326.49217799917096,35.88405797101449
1772911248,10,POST,/api/plugins/load?uri,3.900000,0.000000,2,4,6,10,20,23,74,74,74,74,74,182,0,3,10.45048636800717,1.3331570007721893,323.40858799943817,1949.8791208791208
1772911248,10,POST,/api/plugins/unload?uri,3.900000,0.000000,2,2,5,8,21,420,420,420,420,420,420,182,0,2,20.230501785640577,1.1858549987664446,416.8338409981516,83.71978021978022
1772911248,10,,Aggregated,120.500000,0.000000,3,5,8,11,21,76,320,400,450,740,740,5037,0,3,25.091002804259514,1.0151129972655326,1134.25346099757,1416.1375818939846
1772911249,10,GET,/api/audio/latency,18.500000,0.000000,2,4,9,14,22,92,140,400,400,400,400,736,0,2,14.209122853216009,1.0151129972655326,481.00536499987356,33.0
1772911249,10,GET,/api/audio/levels,18.500000,0.000000,3,7,12,16,81,310,990,1100,1100,1100,1100,736,0,3,41.915901964666375,1.0632379999151453,1134.25346099757,76.3913043478261
1772911249,10,GET,/api/audio/levels (during plugin swap),3.300000,0.000000,7,9,11,12,68,110,330,330,330,330,330,182,0,3,37.81477491761357,1.080788002582267,1017.3982990017976,76.14285714285714
1772911249,10,GET,/api/audio/levels/plugins,3.300000,0.000000,2,2,4,4,21,25,420,420,420,420,420,182,0,2,11.889182324251793,1.049180998961674,464.41013300136547,20.071428571428573
1772911249,10,GET,/api/audio/status,14.800000,0.000000,2,3,5,7,13,25,340,340,430,430,430,593,0,2,13.432938635779598,1.0315889994672034,479.0718289987126,168.02192242833053
1772911249,10,GET,/api/chains/,0.000000,0.000000,0,0,0,0,0,0,0,0,0,0,0,69,0,3,45.311835318990646,1.3376110000535846,1048.8712939986726,1448.1159420289855
1772911249,10,GET,/api/chains/{id},14.800000,0.000000,6,10,14,15,59,280,300,1000,1100,1100,1100,593,0,4,39.20672977068163,1.2147920024290215,1111.6500659991289,505.15008431703205
1772911249,10,POST,/api/chains/{id}/activate,14.800000,0.000000,3,5,9,15,63,93,410,430,450,450,450,593,0,4,21.127617494115054,1.1828169990621973,481.5199959994061,53.11804384485666
1772911249,10,POST,/api/chains/{id}/deactivate,14.800000,0.000000,2,2,3,4,13,20,400,420,740,740,740,593,0,2,17.816005836491104,1.1789170021074824,1127.4722630005272,61.36593591905565
1772911249,10,POST,/api/plugins/batch/parameters (500 updates),7.600000,0.000000,8,13,17,38,110,980,1100,1100,1100,1100,1100,282,0,7,74.46260328378494,2.7197519993933383,1126.353294999717,855.2978723404256
1772911249,10,GET,/api/plugins/discover,0.000000,0.000000,0,0,0,0,0,0,0,0,0,0,0,69,0,14,26.213235072487883,10.92287899882649,317.85854999907315,84937.92753623189
1772911249,10,GET,/api/plugins/list,0.000000,0.000000,0,0,0,0,0,0,0,0,0,0,0,69,0,2,21.625240231725805,1.0970610019285232,326.49217799917096,35.88405797101449
1772911249,10,POST,/api/plugins/load?uri,3.300000,0.000000,2,3,6,10,21,23,74,74,74,74,74,182,0,3,10.45048636800717,1.3331570007721893,323.40858799943817,1949.8791208791208
1772911249,10,POST,/api/plugins/unload?uri,3.300000,0.000000,2,2,5,8,48,420,420,420,420,420,420,182,0,2,20.230501785640577,1.1858549987664446,416.8338409981516,83.71978021978022
1772911249,10,,Aggregated,117.000000,0.000000,3,5,9,12,31,150,400,980,1100,1100,1100,5061,0,3,27.202686403290702,1.0151129972655326,1134.25346099757,1410.694526773365
1772911250,10,GET,/api/audio/latency,19.800000,0.000000,2,4,8,11,22,90,140,400,400,400,400,760,0,2,14.025314494703803,1.0151129972655326,481.00536499987356,33.0
1772911250,10,GET,/api/audio/levels,19.800000,0.000000,3,7,12,14,88,240,990,1100,1100,1100,1100,760,0,3,42.02572624734258,1.0632379999151453,1134.25346099757,76.45526315789473
1772911250,10,GET,/api/audio/levels (during plugin swap),3.600000,0.000000,7,9,12,16,31,76,110,110,110,110,110,187,0,4,37.439900786153046,1.080788002582267,1017.3982990017976,76.19786096256685
1772911250,10,GET,/api/audio/levels/plugins,3.600000,0.000000,2,2,2,4,9,25,420,420,420,420,420,187,0,2,11.641332192590335,1.049180998961674,464.41013300136547,20.048128342245988
1772911250,10,GET,/api/audio/status,15.200000,0.000000,2,3,5,7,15,22,340,340,430,430,430,610,0,2,13.228271985263135,1.0315889994672034,479.0718289987126,168.02131147540985
1772911250,10,GET,/api/chains/,0.000000,0.000000,0,0,0,0,0,0,0,0,0,0,0,69,0,3,45.311835318990646,1.3376110000535846,1048.8712939986726,1448.1159420289855
1772911250,10,GET,/api/chains/{id},15.100000,0.000000,5,8,12,14,56,170,290,1000,1100,1100,1100,610,0,4,38.92439359673905,1.2147920024290215,1111.6500659991289,504.1540983606557
1772911250,10,POST,/api/chains/{id}/activate,15.100000,0.000000,3,5,10,12,29,93,410,430,450,450,450,610,0,4,20.787795622980738,1.1828169990621973,481.5199959994061,53.06393442622951
1772911250,10,POST,/api/chains/{id}/deactivate,15.300000,0.000000,2,2,3,4,13,18,400,420,740,740,740,610,0,2,17.51076930498234,1.1789170021074824,1127.4722630005272,61.38360655737705
1772911250,10,POST,/api/plugins/batch/parameters (500 updates),7.400000,0.000000,7,11,15,17,110,980,1100,1100,1100,1100,1100,297,0,7,71.50575517520375,2.7197519993933383,1126.353294999717,856.959595959596
1772911250,10,GET,/api/plugins/discover,0.000000,0.000000,0,0,0,0,0,0,0,0,0,0,0,69,0,14,26.213235072487883,10.92287899882649,317.85854999907315,84937.92753623189
1772911250,10,GET,/api/plugins/list,0.000000,0.000000,0,0,0,0,0,0,0,0,0,0,0,69,0,2,21.625240231725805,1.0970610019285232,326.49217799917096,35.88405797101449
1772911250,10,POST,/api/plugins/load?uri,3.600000,0.000000,2,3,4,6,20,25,74,74,74,74,74,187,0,3,10.34962293569915,1.3331570007721893,323.40858799943817,1929.7058823529412
1772911250,10,POST,/api/plugins/unload?uri,3.600000,0.000000,2,3,5,5,21,420,420,420,420,420,420,187,0,2,19.808334566766856,1.1858549987664446,416.8338409981516,83.60427807486631
1772911250,10,,Aggregated,122.100000,0.000000,3,5,9,12,25,110,400,740,1100,1100,1100,5212,0,3,26.910274542413053,1.0151129972655326,1134.25346099757,1376.6582885648504
1772911251,10,GET,/api/audio/latency,18.500000,0.000000,3,4,8,10,22,92,140,400,400,400,400,779,0,2,13.759926327314464,1.0151129972655326,481.00536499987356,33.0
1772911251,10,GET,/api/audio/levels,18.500000,0.000000,3,8,13,16,100,280,990,1100,1100,1100,1100,779,0,3,41.14588305388919,1.0632379999151453,1134.25346099757,76.47111681643132
1772911251,10,GET,/api/audio/levels (during plugin swap),3.400000,0.000000,7,10,12,16,68,76,110,110,110,110,110,190,0,3,36.91165802110366,1.080788002582267,1017.3982990017976,76.14736842105263
1772911251,10,GET,/api/audio/levels/plugins,3.400000,0.000000,2,2,2,4,21,25,420,420,420,420,420,190,0,2,11.47729764743417,1.049180998961674,464.41013300136547,20.089473684210525
1772911251,10,GET,/api/audio/status,14.500000,0.000000,2,3,7,7,15,22,340,340,430,430,430,630,0,2,12.90997346349907,1.0315889994672034,479.0718289987126,168.02063492063493
1772911251,10,GET,/api/chains/,0.000000,0.000000,0,0,0,0,0,0,0,0,0,0,0,69,0,3,45.311835318990646,1.3376110000535846,1048.8712939986726,1448.1159420289855
1772911251,10,GET,/api/chains/{id},14.500000,0.000000,5,8,12,14,56,170,290,1000,1100,1100,1100,630,0,4,37.839856787329715,1.2147920024290215,1111.6500659991289,505.6222222222222
1772911251,10,POST,/api/chains/{id}/activate,14.500000,0.000000,3,6,10,12,29,93,410,430,450,450,450,630,0,4,20.265734346055922,1.1828169990621973,481.5199959994061,53.08571428571429
1772911251,10,POST,/api/chains/{id}/deactivate,14.500000,0.000000,2,3,4,6,14,18,400,420,740,740,740,630,0,2,17.10447127147673,1.1789170021074824,1127.4722630005272,61.36349206349206
1772911251,10,POST,/api/plugins/batch/parameters (500 updates),6.900000,0.000000,8,13,14,16,94,980,1100,1100,1100,1100,1100,311,0,7,68.69644699688641,2.7197519993933383,1126.353294999717,857.1157556270097
1772911251,10,GET,/api/plugins/discover,0.000000,0.000000,0,0,0,0,0,0,0,0,0,0,0,69,0,14,26.213235072487883,10.92287899882649,317.85854999907315,84937.92753623189
1772911251,10,GET,/api/plugins/list,0.000000,0.000000,0,0,0,0,0,0,0,0,0,0,0,69,0,2,21.625240231725805,1.0970610019285232,326.49217799917096,35.88405797101449
1772911251,10,POST,/api/plugins/load?uri,3.400000,0.000000,2,3,6,9,21,25,74,74,74,74,74,190,0,3,10.253078657766117,1.3331570007721893,323.40858799943817,1954.0842105263157
1772911251,10,POST,/api/plugins/unload?uri,3.400000,0.000000,2,3,5,6,21,420,420,420,420,420,420,190,0,2,19.53917716309661,1.1858549987664446,416.8338409981516,83.78947368421052
1772911251,10,,Aggregated,115.500000,0.000000,3,6,9,12,25,110,400,980,1100,1100,1100,5356,0,3,26.31322717271177,1.0151129972655326,1134.25346099757,1347.448282300224
1772911252,10,GET,/api/audio/latency,17.400000,0.000000,3,5,11,15,29,92,140,400,400,400,400,800,0,2,14.240242549972209,1.0151129972655326,481.00536499987356,33.0
1772911252,10,GET,/api/audio/levels,17.400000,0.000000,4,10,16,18,150,280,990,1100,1100,1100,1100,800,0,3,40.89251424498798,1.0632379999151453,1134.25346099757,76.4775
1772911252,10,GET,/api/audio/levels (during plugin swap),3.300000,0.000000,8,10,16,31,110,190,270,270,270,270,270,194,0,4,38.546218077358716,1.080788002582267,1017.3982990017976,76.28350515463917
1772911252,10,GET,/api/audio/levels/plugins,3.300000,0.000000,2,2,3,6,21,25,420,420,420,420,420,194,0,2,11.356302175326418,1.049180998961674,464.41013300136547,20.2319587628866
1772911252,10,GET,/api/audio/status,14.000000,0.000000,2,5,7,9,17,67,340,340,430,430,430,641,0,2,12.769112633394572,1.0315889994672034,479.0718289987126,168.02028081123245
1772911252,10,GET,/api/chains/,0.000000,0.000000,0,0,0,0,0,0,0,0,0,0,0,69,0,3,45.311835318990646,1.3376110000535846,1048.8712939986726,1448.1159420289855
1772911252,10,GET,/api/chains/{id},13.900000,0.000000,5,9,12,14,71,180,290,1000,1100,1100,1100,641,0,4,37.54510854760411,1.2147920024290215,1111.6500659991289,505.2496099843994
1772911252,10,POST,/api/chains/{id}/activate,13.900000,0.000000,4,8,12,17,87,160,410,430,450,450,450,641,0,4,20.13070846023851,1.1828169990621973,481.5199959994061,53.12636505460218
1772911252,10,POST,/api/chains/{id}/deactivate,14.000000,0.000000,2,3,5,8,15,320,400,420,740,740,740,641,0,2,17.381710756678206,1.1789170021074824,1127.4722630005272,61.33541341653666
1772911252,10,POST,/api/plugins/batch/parameters (500 updates),7.200000,0.000000,8,13,15,20,110,980,1100,1100,1100,1100,1100,321,0,7,67.54717646427393,2.7197519993933383,1126.353294999717,858.4080996884735
1772911252,10,GET,/api/plugins/discover,0.000000,0.000000,0,0,0,0,0,0,0,0,0,0,0,69,0,14,26.213235072487883,10.92287899882649,317.85854999907315,84937.92753623189
1772911252,10,GET,/api/plugins/list,0.000000,0.000000,0,0,0,0,0,0,0,0,0,0,0,69,0,2,21.625240231725805,1.0970610019285232,326.49217799917096,35.88405797101449
1772911252,10,POST,/api/plugins/load?uri,3.300000,0.000000,3,4,17,21,25,74,88,88,88,88,88,194,0,3,10.736618128745606,1.3331570007721893,323.40858799943817,1999.0103092783504
1772911252,10,POST,/api/plugins/unload?uri,3.300000,0.000000,2,3,5,8,320,420,420,420,420,420,420,194,0,2,20.7965027421994,1.1858549987664446,416.8338409981516,83.91237113402062
1772911252,10,,Aggregated,111.000000,0.000000,3,7,12,15,62,180,410,980,1100,1100,1100,5468,0,3,26.392028417529115,1.0151129972655326,1134.25346099757,1326.6260058522312
1772911253,10,GET,/api/audio/latency,17.800000,0.000000,3,4,7,10,22,59,92,92,330,330,330,827,0,2,13.858187934674612,1.0151129972655326,481.00536499987356,33.0
1772911253,10,GET,/api/audio/levels,17.800000,0.000000,4,9,14,16,52,220,990,1100,1100,1100,1100,827,0,3,39.78635918500547,1.0632379999151453,1134.25346099757,76.42684401451028
1772911253,10,GET,/api/audio/levels (during plugin swap),3.200000,0.000000,7,10,17,18,76,190,270,270,270,270,270,198,0,4,37.886489373778026,1.080788002582267,1017.3982990017976,76.28282828282828
1772911253,10,GET,/api/audio/levels/plugins,3.200000,0.000000,2,3,6,7,14,25,420,420,420,420,420,198,0,2,11.22233833339491,1.049180998961674,464.41013300136547,20.171717171717173
1772911253,10,GET,/api/audio/status,14.100000,0.000000,2,3,5,7,11,15,18,22,430,430,430,665,0,2,12.375224827088747,1.0315889994672034,479.0718289987126,168.01954887218045
1772911253,10,GET,/api/chains/,0.000000,0.000000,0,0,0,0,0,0,0,0,0,0,0,69,0,3,45.311835318990646,1.3376110000535846,1048.8712939986726,1448.1159420289855
1772911253,10,GET,/api/chains/{id},14.100000,0.000000,5,8,10,12,16,110,180,1000,1100,1100,1100,665,0,4,36.416626115823234,1.2147920024290215,1111.6500659991289,503.7639097744361
1772911253,10,POST,/api/chains/{id}/activate,14.100000,0.000000,4,6,9,12,20,28,89,430,450,450,450,665,0,4,19.595889545877768,1.1828169990621973,481.5199959994061,53.14887218045113
1772911253,10,POST,/api/chains/{id}/deactivate,14.100000,0.000000,2,3,3,5,13,15,19,20,320,320,320,665,0,2,16.842265141408152,1.1789170021074824,1127.4722630005272,61.3593984962406
1772911253,10,POST,/api/plugins/batch/parameters (500 updates),8.000000,0.000000,7,11,14,15,63,110,1100,1100,1100,1100,1100,328,0,7,66.23698618300185,2.7197519993933383,1126.353294999717,859.8780487804878
1772911253,10,GET,/api/plugins/discover,0.000000,0.000000,0,0,0,0,0,0,0,0,0,0,0,69,0,14,26.213235072487883,10.92287899882649,317.85854999907315,84937.92753623189
1772911253,10,GET,/api/plugins/list,0.000000,0.000000,0,0,0,0,0,0,0,0,0,0,0,69,0,2,21.625240231725805,1.0970610019285232,326.49217799917096,35.88405797101449
1772911253,10,POST,/api/plugins/load?uri,3.200000,0.000000,3,6,17,20,23,74,88,88,88,88,88,198,0,3,10.601995378678883,1.3331570007721893,323.40858799943817,1979.3686868686868
1772911253,10,POST,/api/plugins/unload?uri,3.200000,0.000000,2,3,6,8,21,420,420,420,420,420,420,198,0,2,20.456359929213626,1.1858549987664446,416.8338409981516,83.78787878787878
1772911253,10,,Aggregated,112.800000,0.000000,3,6,9,11,20,76,270,450,1100,1100,1100,5641,0,3,25.716752233658163,1.0151129972655326,1134.25346099757,1291.6390710866867
1772911254,10,GET,/api/audio/latency,17.800000,0.000000,2,4,8,11,26,82,92,92,330,330,330,840,0,2,13.869928414256027,1.0151129972655326,481.00536499987356,33.0
1772911254,10,GET,/api/audio/levels,17.800000,0.000000,4,9,17,18,70,240,990,1100,1100,1100,1100,841,0,3,39.382004096308336,1.0632379999151453,1134.25346099757,76.43162901307967
1772911254,10,GET,/api/audio/levels (during plugin swap),3.200000,0.000000,7,11,17,18,76,190,270,270,270,270,270,202,0,4,37.33712960400784,1.080788002582267,1017.3982990017976,76.21782178217822
1772911254,10,GET,/api/audio/levels/plugins,3.200000,0.000000,2,3,6,7,14,25,420,420,420,420,420,201,0,2,11.0843383284268,1.049180998961674,464.41013300136547,20.208955223880597
1772911254,10,GET,/api/audio/status,14.100000,0.000000,2,3,5,7,10,14,18,22,430,430,430,674,0,2,12.263548123149011,1.0315889994672034,479.0718289987126,168.0192878338279
1772911254,10,GET,/api/chains/,0.000000,0.000000,0,0,0,0,0,0,0,0,0,0,0,69,0,3,45.311835318990646,1.3376110000535846,1048.8712939986726,1448.1159420289855
1772911254,10,GET,/api/chains/{id},14.100000,0.000000,5,8,12,12,21,110,180,1000,1100,1100,1100,676,0,4,36.112921899446775,1.2147920024290215,1111.6500659991289,503.6923076923077
1772911254,10,POST,/api/chains/{id}/activate,14.100000,0.000000,3,5,8,10,15,28,89,430,450,450,450,674,0,4,19.389278037113517,1.1828169990621973,481.5199959994061,53.12908011869436
1772911254,10,POST,/api/chains/{id}/deactivate,14.100000,0.000000,2,2,3,5,13,15,19,20,320,320,320,674,0,2,16.639568422901267,1.1789170021074824,1127.4722630005272,61.367952522255194
1772911254,10,POST,/api/plugins/batch/parameters (500 updates),8.000000,0.000000,8,11,14,15,63,110,1100,1100,1100,1100,1100,339,0,7,64.39355114758162,2.7197519993933383,1126.353294999717,861.330383480826
1772911254,10,GET,/api/plugins/discover,0.000000,0.000000,0,0,0,0,0,0,0,0,0,0,0,69,0,14,26.213235072487883,10.92287899882649,317.85854999907315,84937.92753623189
1772911254,10,GET,/api/plugins/list,0.000000,0.000000,0,0,0,0,0,0,0,0,0,0,0,69,0,2,21.625240231725805,1.0970610019285232,326.49217799917096,35.88405797101449
1772911254,10,POST,/api/plugins/load?uri,3.200000,0.000000,2,6,17,21,25,80,88,88,88,88,88,202,0,3,10.816128405842914,1.3331570007721893,323.40858799943817,1987.480198019802
1772911254,10,POST,/api/plugins/unload?uri,3.200000,0.000000,2,3,6,8,21,420,420,420,420,420,420,201,0,2,20.17754749247624,1.1858549987664446,416.8338409981516,83.76119402985074
1772911254,10,,Aggregated,112.800000,0.000000,3,6,9,12,21,82,280,450,1100,1100,1100,5731,0,3,25.475448770907594,1.0151129972655326,1134.25346099757,1276.527656604432
1772911255,10,GET,/api/audio/latency,17.400000,0.000000,3,5,11,15,29,90,330,400,430,430,430,860,0,2,15.25005628485984,1.0151129972655326,481.00536499987356,33.0
1772911255,10,GET,/api/audio/levels,17.400000,0.000000,4,12,17,25,200,280,990,1100,1100,1100,1100,860,0,3,41.00731028836805,1.0632379999151453,1134.25346099757,76.50697674418605
1772911255,10,GET,/api/audio/levels (during plugin swap),2.900000,0.000000,9,17,18,31,110,260,270,270,270,270,270,203,0,4,38.434186453249026,1.080788002582267,1017.3982990017976,76.26600985221675
1772911255,10,GET,/api/audio/levels/plugins,2.900000,0.000000,2,3,6,7,14,340,420,420,420,420,420,203,0,2,12.665545655235395,1.049180998961674,464.41013300136547,20.275862068965516
1772911255,10,GET,/api/audio/status,13.100000,0.000000,2,3,5,7,10,17,22,66,430,430,430,686,0,2,12.255283236146083,1.0315889994672034,479.0718289987126,168.01895043731778
1772911255,10,GET,/api/chains/,0.000000,0.000000,0,0,0,0,0,0,0,0,0,0,0,69,0,3,45.311835318990646,1.3376110000535846,1048.8712939986726,1448.1159420289855
1772911255,10,GET,/api/chains/{id},13.100000,0.000000,5,9,12,14,98,210,380,1000,1100,1100,1100,686,0,4,37.55971086738002,1.2147920024290215,1111.6500659991289,502.89212827988337
1772911255,10,POST,/api/chains/{id}/activate,13.100000,0.000000,4,6,10,12,25,89,430,430,450,450,450,686,0,4,20.4639847099379,1.1828169990621973,481.5199959994061,53.1399416909621
1772911255,10,POST,/api/chains/{id}/deactivate,13.100000,0.000000,2,3,3,4,13,18,19,20,320,320,320,686,0,2,16.4577023980219,1.1789170021074824,1127.4722630005272,61.34256559766764
1772911255,10,POST,/api/plugins/batch/parameters (500 updates),8.600000,0.000000,7,11,14,15,110,980,1100,1100,1100,1100,1100,344,0,7,65.50515748555226,2.7197519993933383,1126.353294999717,860.8837209302326
1772911255,10,GET,/api/plugins/discover,0.000000,0.000000,0,0,0,0,0,0,0,0,0,0,0,69,0,14,26.213235072487883,10.92287899882649,317.85854999907315,84937.92753623189
1772911255,10,GET,/api/plugins/list,0.000000,0.000000,0,0,0,0,0,0,0,0,0,0,0,69,0,2,21.625240231725805,1.0970610019285232,326.49217799917096,35.88405797101449
1772911255,10,POST,/api/plugins/load?uri,2.900000,0.000000,3,9,20,21,25,80,88,88,88,88,88,203,0,3,10.824214187101605,1.3331570007721893,323.40858799943817,1980.9014778325122
1772911255,10,POST,/api/plugins/unload?uri,2.900000,0.000000,2,3,8,10,75,420,420,420,420,420,420,203,0,2,20.36140414772127,1.1858549987664446,416.8338409981516,83.77339901477832
1772911255,10,,Aggregated,107.400000,0.000000,3,7,11,14,31,180,420,980,1100,1100,1100,5827,0,3,26.35108465970101,1.0151129972655326,1134.25346099757,1258.0985069504034
1772911256,10,GET,/api/audio/latency,18.700000,0.000000,2,3,7,12,28,90,330,400,430,430,430,880,0,2,14.946482495419001,1.0151129972655326,481.00536499987356,33.0
1772911256,10,GET,/api/audio/levels,18.800000,0.000000,4,9,14,17,180,250,990,1100,1100,1100,1100,880,0,3,40.17270371021947,1.0632379999151453,1134.25346099757,76.48636363636363
1772911256,10,GET,/api/audio/levels (during plugin swap),3.600000,0.000000,7,10,17,18,76,260,270,270,270,270,270,210,0,4,37.35064228101345,1.080788002582267,1017.3982990017976,76.21904761904761
1772911256,10,GET,/api/audio/levels/plugins,3.500000,0.000000,2,2,3,6,9,23,340,340,340,340,340,210,0,2,12.410976781029603,1.049180998961674,464.41013300136547,20.252380952380953
1772911256,10,GET,/api/audio/status,13.800000,0.000000,2,3,5,7,9,14,18,22,66,66,66,706,0,2,12.024920422098576,1.0315889994672034,479.0718289987126,168.0184135977337
1772911256,10,GET,/api/chains/,0.000000,0.000000,0,0,0,0,0,0,0,0,0,0,0,69,0,3,45.311835318990646,1.3376110000535846,1048.8712939986726,1448.1159420289855
1772911256,10,GET,/api/chains/{id},14.000000,0.000000,4,8,11,12,27,180,380,1000,1100,1100,1100,706,0,4,36.65622941220543,1.2147920024290215,1111.6500659991289,501.8328611898017
1772911256,10,POST,/api/chains/{id}/activate,13.800000,0.000000,4,5,7,10,15,29,89,420,430,430,430,706,0,4,20.031493390958065,1.1828169990621973,481.5199959994061,53.12181303116147
1772911256,10,POST,/api/chains/{id}/deactivate,13.800000,0.000000,2,3,4,5,12,17,19,20,320,320,320,706,0,2,16.084876133195124,1.1789170021074824,1127.4722630005272,61.361189801699716
1772911256,10,POST,/api/plugins/batch/parameters (500 updates),9.500000,0.000000,7,11,13,14,110,360,1100,1100,1100,1100,1100,357,0,7,63.375587722766184,2.7197519993933383,1126.353294999717,860.8655462184873
1772911256,10,GET,/api/plugins/discover,0.000000,0.000000,0,0,0,0,0,0,0,0,0,0,0,69,0,14,26.213235072487883,10.92287899882649,317.85854999907315,84937.92753623189
1772911256,10,GET,/api/plugins/list,0.000000,0.000000,0,0,0,0,0,0,0,0,0,0,0,69,0,2,21.625240231725805,1.0970610019285232,326.49217799917096,35.88405797101449
1772911256,10,POST,/api/plugins/load?uri,3.600000,0.000000,3,4,5,9,23,80,88,88,88,88,88,210,0,3,10.55778229037103,1.3331570007721893,323.40858799943817,2026.2952380952381
1772911256,10,POST,/api/plugins/unload?uri,3.500000,0.000000,2,3,5,6,10,75,320,320,320,320,320,210,0,2,19.802339452334785,1.1858549987664446,416.8338409981516,83.88095238095238
1772911256,10,,Aggregated,116.600000,0.000000,3,6,9,11,20,92,340,430,1100,1100,1100,5988,0,3,25.759845415340433,1.0151129972655326,1134.25346099757,1233.120574482298
1772911257,10,GET,/api/audio/latency,17.300000,0.000000,2,4,9,13,59,92,360,400,430,430,430,898,0,2,15.567774243851103,1.0151129972655326,481.00536499987356,33.0
1772911257,10,GET,/api/audio/levels,17.300000,0.000000,4,9,16,18,180,260,990,1100,1100,1100,1100,898,0,3,40.061077746094305,1.0632379999151453,1134.25346099757,76.48886414253897
1772911257,10,GET,/api/audio/levels (during plugin swap),3.400000,0.000000,4,10,17,18,76,260,270,270,270,270,270,213,0,4,36.92713270430205,1.080788002582267,1017.3982990017976,76.17370892018779
1772911257,10,GET,/api/audio/levels/plugins,3.400000,0.000000,2,3,3,6,14,23,340,340,340,340,340,213,0,2,12.361295084582293,1.049180998961674,464.41013300136547,20.28638497652582
1772911257,10,GET,/api/audio/status,13.100000,0.000000,2,3,5,7,11,17,66,310,350,350,350,720,0,2,12.762385244438216,1.0315889994672034,479.0718289987126,168.01805555555555
1772911257,10,GET,/api/chains/,0.000000,0.000000,0,0,0,0,0,0,0,0,0,0,0,69,0,3,45.311835318990646,1.3376110000535846,1048.8712939986726,1448.1159420289855
1772911257,10,GET,/api/chains/{id},13.100000,0.000000,4,8,12,14,110,340,380,1000,1100,1100,1100,720,0,4,37.52420235558829,1.2147920024290215,1111.6500659991289,501.7861111111111
1772911257,10,POST,/api/chains/{id}/activate,13.100000,0.000000,4,6,9,12,21,67,89,420,430,430,430,720,0,4,19.940783126427657,1.1828169990621973,481.5199959994061,53.18611111111111
1772911257,10,POST,/api/chains/{id}/deactivate,13.100000,0.000000,2,3,4,7,14,19,57,75,320,320,320,720,0,2,16.007412666719272,1.1789170021074824,1127.4722630005272,61.33888888888889
1772911257,10,POST,/api/plugins/batch/parameters (500 updates),8.600000,0.000000,7,11,14,15,110,360,1100,1100,1100,1100,1100,361,0,7,62.906958063773104,2.7197519993933383,1126.353294999717,861.3102493074792
1772911257,10,GET,/api/plugins/discover,0.000000,0.000000,0,0,0,0,0,0,0,0,0,0,0,69,0,14,26.213235072487883,10.92287899882649,317.85854999907315,84937.92753623189
1772911257,10,GET,/api/plugins/list,0.000000,0.000000,0,0,0,0,0,0,0,0,0,0,0,69,0,2,21.625240231725805,1.0970610019285232,326.49217799917096,35.88405797101449
1772911257,10,POST,/api/plugins/load?uri,3.400000,0.000000,3,4,6,9,25,83,88,88,88,88,88,213,0,3,10.83794872759431,1.3331570007721893,323.40858799943817,2049.1830985915494
1772911257,10,POST,/api/plugins/unload?uri,3.400000,0.000000,2,3,5,6,12,320,350,350,350,350,350,213,0,2,21.20129441780745,1.1858549987664446,416.8338409981516,84.03755868544602
1772911257,10,,Aggregated,109.200000,0.000000,3,6,9,12,27,150,360,430,1100,1100,1100,6096,0,3,26.001202482460954,1.0151129972655326,1134.25346099757,1215.880249343832
1772911258,10,GET,/api/audio/latency,17.700000,0.000000,2,3,6,9,25,83,360,400,430,430,430,924,0,2,15.210590347367905,1.0151129972655326,481.00536499987356,33.0
1772911258,10,GET,/api/audio/levels,17.700000,0.000000,4,8,13,16,61,210,300,390,420,420,420,924,0,3,39.04405917315175,1.0632379999151453,1134.25346099757,76.43290043290044
1772911258,10,GET,/api/audio/levels (during plugin swap),3.600000,0.000000,4,10,17,18,76,260,270,270,270,270,270,221,0,4,35.75525526706342,1.080788002582267,1017.3982990017976,76.11764705882354
1772911258,10,GET,/api/audio/levels/plugins,3.600000,0.000000,2,2,3,6,14,23,340,340,340,340,340,221,0,2,11.999518678835578,1.049180998961674,464.41013300136547,20.235294117647058
1772911258,10,GET,/api/audio/status,13.100000,0.000000,2,3,4,6,10,17,66,310,350,350,350,740,0,2,12.460679390534171,1.0315889994672034,479.0718289987126,168.01756756756757
1772911258,10,GET,/api/chains/,0.000000,0.000000,0,0,0,0,0,0,0,0,0,0,0,69,0,3,45.311835318990646,1.3376110000535846,1048.8712939986726,1448.1159420289855
1772911258,10,GET,/api/chains/{id},13.100000,0.000000,4,8,12,13,40,180,360,370,380,380,380,740,0,4,36.71643537840577,1.2147920024290215,1111.6500659991289,501.4972972972973
1772911258,10,POST,/api/chains/{id}/activate,13.100000,0.000000,3,5,7,9,15,28,87,420,430,430,430,740,0,4,19.47570328518211,1.1828169990621973,481.5199959994061,53.23513513513514
1772911258,10,POST,/api/chains/{id}/deactivate,13.100000,0.000000,2,2,3,5,13,18,57,75,320,320,320,740,0,2,15.630370058170229,1.1789170021074824,1127.4722630005272,61.32297297297297
1772911258,10,POST,/api/plugins/batch/parameters (500 updates),8.500000,0.000000,6,10,12,14,24,110,330,360,360,360,360,369,0,7,61.71301019516703,2.7197519993933383,1126.353294999717,862.7127371273713
1772911258,10,GET,/api/plugins/discover,0.000000,0.000000,0,0,0,0,0,0,0,0,0,0,0,69,0,14,26.213235072487883,10.92287899882649,317.85854999907315,84937.92753623189
1772911258,10,GET,/api/plugins/list,0.000000,0.000000,0,0,0,0,0,0,0,0,0,0,0,69,0,2,21.625240231725805,1.0970610019285232,326.49217799917096,35.88405797101449
1772911258,10,POST,/api/plugins/load?uri,3.600000,0.000000,3,4,6,9,25,83,88,88,88,88,88,221,0,3,10.532508380023648,1.3331570007721893,323.40858799943817,2073.420814479638
1772911258,10,POST,/api/plugins/unload?uri,3.600000,0.000000,2,3,3,6,23,320,350,350,350,350,350,221,0,2,20.602694461492867,1.1858549987664446,416.8338409981516,84.21266968325791
1772911258,10,,Aggregated,110.700000,0.000000,3,5,8,10,19,76,310,350,430,430,430,6268,0,3,25.388483156524092,1.0151129972655326,1134.25346099757,1190.3182833439694
1772911259,10,GET,/api/audio/latency,17.700000,0.000000,2,3,5,9,21,86,360,400,430,430,430,934,0,2,15.091348886470705,1.0151129972655326,481.00536499987356,33.0
1772911259,10,GET,/api/audio/levels,17.700000,0.000000,4,8,11,15,45,180,300,390,420,420,420,934,0,3,38.70080508349695,1.0632379999151453,1134.25346099757,76.42398286937902
1772911259,10,GET,/api/audio/levels (during plugin swap),3.600000,0.000000,4,8,10,17,19,260,270,270,270,270,270,225,0,4,35.19182970231567,1.080788002582267,1017.3982990017976,76.06222222222222
1772911259,10,GET,/api/audio/levels/plugins,3.600000,0.000000,2,2,3,5,14,23,340,340,340,340,340,225,0,2,11.81455134674454,1.049180998961674,464.41013300136547,20.24
1772911259,10,GET,/api/audio/status,13.100000,0.000000,2,3,3,5,9,17,66,310,350,350,350,747,0,2,12.364668124488038,1.0315889994672034,479.0718289987126,168.0174029451138
1772911259,10,GET,/api/chains/,0.000000,0.000000,0,0,0,0,0,0,0,0,0,0,0,69,0,3,45.311835318990646,1.3376110000535846,1048.8712939986726,1448.1159420289855
1772911259,10,GET,/api/chains/{id},13.100000,0.000000,4,8,12,13,24,210,360,370,380,380,380,747,0,4,36.4303075515748,1.2147920024290215,1111.6500659991289,501.24899598393574
1772911259,10,POST,/api/chains/{id}/activate,13.100000,0.000000,3,4,7,9,15,25,87,420,430,430,430,747,0,4,19.36392179656347,1.1828169990621973,481.5199959994061,53.265060240963855
1772911259,10,POST,/api/chains/{id}/deactivate,13.100000,0.000000,2,2,3,4,10,19,57,75,320,320,320,747,0,2,15.528931258426653,1.1789170021074824,1127.4722630005272,61.329317269076306
1772911259,10,POST,/api/plugins/batch/parameters (500 updates),8.500000,0.000000,6,10,11,14,22,73,330,360,360,360,360,377,0,7,60.564776824977784,2.7197519993933383,1126.353294999717,862.5702917771883
1772911259,10,GET,/api/plugins/discover,0.000000,0.000000,0,0,0,0,0,0,0,0,0,0,0,69,0,14,26.213235072487883,10.92287899882649,317.85854999907315,84937.92753623189
1772911259,10,GET,/api/plugins/list,0.000000,0.000000,0,0,0,0,0,0,0,0,0,0,0,69,0,2,21.625240231725805,1.0970610019285232,326.49217799917096,35.88405797101449
1772911259,10,POST,/api/plugins/load?uri,3.600000,0.000000,3,4,6,9,23,83,88,88,88,88,88,225,0,3,10.453805635479512,1.3331570007721893,323.40858799943817,2073.137777777778
1772911259,10,POST,/api/plugins/unload?uri,3.600000,0.000000,2,3,3,5,23,320,350,350,350,350,350,225,0,2,20.26565059993623,1.1858549987664446,416.8338409981516,84.2088888888889
1772911259,10,,Aggregated,110.700000,0.000000,3,4,8,9,18,67,310,360,430,430,430,6340,0,3,25.158562390389775,1.0151129972655326,1134.25346099757,1180.3026813880126
1772911260,10,GET,/api/audio/latency,18.700000,0.000000,2,3,8,12,59,91,360,400,430,430,430,938,0,2,15.412365619359955,1.0151129972655326,481.00536499987356,33.0
1772911260,10,GET,/api/audio/levels,18.700000,0.000000,4,9,13,17,70,260,1000,1100,1100,1100,1100,939,0,3,43.3145554334289,1.0632379999151453,1134.25346099757,76.47497337593184
1772911260,10,GET,/api/audio/levels (during plugin swap),3.700000,0.000000,4,9,15,17,190,270,1100,1100,1100,1100,1100,226,0,4,39.829430584169266,1.080788002582267,1083.2896290012286,76.10619469026548
1772911260,10,GET,/api/audio/levels/plugins,3.700000,0.000000,2,3,3,6,19,340,350,350,350,350,350,226,0,2,13.289789168220926,1.049180998961674,464.41013300136547,20.26991150442478
1772911260,10,GET,/api/audio/status,14.400000,0.000000,2,3,3,4,9,15,66,310,350,350,350,747,0,2,12.364668124488038,1.0315889994672034,479.0718289987126,168.0174029451138
1772911260,10,GET,/api/chains/,0.000000,0.000000,0,0,0,0,0,0,0,0,0,0,0,69,0,3,45.311835318990646,1.3376110000535846,1048.8712939986726,1448.1159420289855
1772911260,10,GET,/api/chains/{id},14.500000,0.000000,4,9,13,17,160,340,920,920,1100,1100,1100,752,0,4,40.67160261971328,1.2147920024290215,1111.6500659991289,501.01063829787233
1772911260,10,POST,/api/chains/{id}/activate,14.400000,0.000000,3,5,7,10,15,86,120,420,430,430,430,750,0,4,19.74237962537639,1.1828169990621973,481.5199959994061,53.192
1772911260,10,POST,/api/chains/{id}/deactivate,14.400000,0.000000,2,2,3,3,9,19,57,75,320,320,320,747,0,2,15.528931258426653,1.1789170021074824,1127.4722630005272,61.329317269076306
1772911260,10,POST,/api/plugins/batch/parameters (500 updates),9.000000,0.000000,6,9,11,13,73,330,1000,1100,1100,1100,1100,379,0,7,65.84529614780462,2.7197519993933383,1126.353294999717,863.2796833773087
1772911260,10,GET,/api/plugins/discover,0.000000,0.000000,0,0,0,0,0,0,0,0,0,0,0,69,0,14,26.213235072487883,10.92287899882649,317.85854999907315,84937.92753623189
1772911260,10,GET,/api/plugins/list,0.000000,0.000000,0,0,0,0,0,0,0,0,0,0,0,69,0,2,21.625240231725805,1.0970610019285232,326.49217799917096,35.88405797101449
1772911260,10,POST,/api/plugins/load?uri,3.700000,0.000000,3,4,6,12,80,88,92,92,92,92,92,226,0,3,10.813698575145434,1.3331570007721893,323.40858799943817,2068.6592920353983
1772911260,10,POST,/api/plugins/unload?uri,3.700000,0.000000,2,3,3,5,23,320,350,350,350,350,350,225,0,2,20.26565059993623,1.1858549987664446,416.8338409981516,84.2088888888889
1772911260,10,,Aggregated,118.900000,0.000000,3,5,8,11,23,120,360,430,1100,1100,1100,6362,0,3,26.996049156094166,1.0151129972655326,1134.25346099757,1177.1897202137693
1772911261,10,GET,/api/audio/latency,19.800000,0.000000,2,3,7,9,19,90,360,400,430,430,430,964,0,2,15.150111972986123,1.0151129972655326,481.00536499987356,33.0
1772911261,10,GET,/api/audio/levels,19.800000,0.000000,4,8,11,14,51,260,1000,1100,1100,1100,1100,965,0,3,42.30372531708903,1.0632379999151453,1134.25346099757,76.43523316062176
1772911261,10,GET,/api/audio/levels (during plugin swap),4.300000,0.000000,3,8,10,17,18,260,1100,1100,1100,1100,1100,228,0,3,39.496395333436226,1.080788002582267,1083.2896290012286,76.07894736842105
1772911261,10,GET,/api/audio/levels/plugins,4.300000,0.000000,2,3,6,7,19,340,350,350,350,350,350,228,0,2,13.242878592201011,1.049180998961674,464.41013300136547,20.32894736842105
1772911261,10,GET,/api/audio/status,15.400000,0.000000,2,3,5,7,11,18,350,350,350,350,350,767,0,2,13.532315395043762,1.0315889994672034,479.0718289987126,168.01694915254237
1772911261,10,GET,/api/chains/,0.000000,0.000000,0,0,0,0,0,0,0,0,0,0,0,69,0,3,45.311835318990646,1.3376110000535846,1048.8712939986726,1448.1159420289855
1772911261,10,GET,/api/chains/{id},15.400000,0.000000,4,9,12,15,66,340,920,920,1100,1100,1100,767,0,4,39.96629768713234,1.2147920024290215,1111.6500659991289,501.64146023468055
1772911261,10,POST,/api/chains/{id}/activate,15.400000,0.000000,3,6,9,11,19,67,120,420,430,430,430,767,0,4,19.523825558053137,1.1828169990621973,481.5199959994061,53.14732724902216
1772911261,10,POST,/api/chains/{id}/deactivate,15.400000,0.000000,2,2,3,4,9,19,21,57,75,75,75,767,0,2,15.261404225605023,1.1789170021074824,1127.4722630005272,61.34680573663624
1772911261,10,POST,/api/plugins/batch/parameters (500 updates),9.500000,0.000000,7,10,12,14,73,360,1000,1100,1100,1100,1100,395,0,7,65.9822325241167,2.7197519993933383,1126.353294999717,864.2607594936709
1772911261,10,GET,/api/plugins/discover,0.000000,0.000000,0,0,0,0,0,0,0,0,0,0,0,69,0,14,26.213235072487883,10.92287899882649,317.85854999907315,84937.92753623189
1772911261,10,GET,/api/plugins/list,0.000000,0.000000,0,0,0,0,0,0,0,0,0,0,0,69,0,2,21.625240231725805,1.0970610019285232,326.49217799917096,35.88405797101449
1772911261,10,POST,/api/plugins/load?uri,4.300000,0.000000,3,4,5,6,17,83,92,92,92,92,92,228,0,3,10.775451789397682,1.3331570007721893,323.40858799943817,2060.25
1772911261,10,POST,/api/plugins/unload?uri,4.300000,0.000000,2,3,5,10,23,75,350,350,350,350,350,228,0,2,20.253476368356804,1.1858549987664446,416.8338409981516,84.08771929824562
1772911261,10,,Aggregated,127.900000,0.000000,3,5,8,10,19,92,360,430,1100,1100,1100,6511,0,3,26.836279174640595,1.0151129972655326,1134.25346099757,1155.3375825526032
1772911262,10,GET,/api/audio/latency,18.200000,0.000000,2,3,8,9,22,90,360,400,430,430,430,985,0,2,14.905077710616677,1.0151129972655326,481.00536499987356,33.0
1772911262,10,GET,/api/audio/levels,18.200000,0.000000,3,7,9,12,51,260,1000,1100,1100,1100,1100,985,0,3,41.509783813180455,1.0632379999151453,1134.25346099757,76.40507614213197
1772911262,10,GET,/api/audio/levels (during plugin swap),3.900000,0.000000,3,7,10,15,18,20,1100,1100,1100,1100,1100,237,0,3,38.20610039253517,1.080788002582267,1083.2896290012286,76.07172995780591
1772911262,10,GET,/api/audio/levels/plugins,3.800000,0.000000,2,2,5,7,12,23,350,350,350,350,350,237,0,2,12.88403293677485,1.049180998961674,464.41013300136547,20.253164556962027
1772911262,10,GET,/api/audio/status,14.000000,0.000000,2,3,5,7,13,22,350,350,350,350,350,789,0,2,13.24190556400122,1.0315889994672034,479.0718289987126,168.01647655259822
1772911262,10,GET,/api/chains/,0.000000,0.000000,0,0,0,0,0,0,0,0,0,0,0,69,0,3,45.311835318990646,1.3376110000535846,1048.8712939986726,1448.1159420289855
1772911262,10,GET,/api/chains/{id},14.300000,0.000000,3,8,12,16,70,340,920,920,1100,1100,1100,789,0,4,38.96551884160472,1.2147920024290215,1111.6500659991289,501.7896070975919
1772911262,10,POST,/api/chains/{id}/activate,14.300000,0.000000,3,4,7,10,19,67,120,420,430,430,430,789,0,4,19.069386481658647,1.1828169990621973,481.5199959994061,53.148288973384034
1772911262,10,POST,/api/chains/{id}/deactivate,14.000000,0.000000,2,2,3,4,9,19,21,57,75,75,75,789,0,2,14.881316000052417,1.1789170021074824,1127.4722630005272,61.365019011406844
1772911262,10,POST,/api/plugins/batch/parameters (500 updates),8.700000,0.000000,8,10,14,20,73,360,1000,1100,1100,1100,1100,407,0,7,64.45288771260884,2.7197519993933383,1126.353294999717,864.1056511056511
1772911262,10,GET,/api/plugins/discover,0.000000,0.000000,0,0,0,0,0,0,0,0,0,0,0,69,0,14,26.213235072487883,10.92287899882649,317.85854999907315,84937.92753623189
1772911262,10,GET,/api/plugins/list,0.000000,0.000000,0,0,0,0,0,0,0,0,0,0,0,69,0,2,21.625240231725805,1.0970610019285232,326.49217799917096,35.88405797101449
1772911262,10,POST,/api/plugins/load?uri,3.900000,0.000000,3,3,4,6,14,80,92,92,92,92,92,237,0,3,10.501026156022437,1.3331570007721893,323.40858799943817,2066.4008438818564
1772911262,10,POST,/api/plugins/unload?uri,3.800000,0.000000,2,3,5,5,15,36,350,350,350,350,350,237,0,2,19.577940653936267,1.1858549987664446,416.8338409981516,83.91983122362869
1772911262,10,,Aggregated,117.100000,0.000000,3,4,8,10,20,92,360,430,1100,1100,1100,6688,0,3,26.232681546063528,1.0151129972655326,1134.25346099757,1132.45379784689
1772911263,10,GET,/api/audio/latency,17.900000,0.000000,2,3,9,12,28,90,360,400,430,430,430,1005,0,2,14.916366448723513,1.0151129972655326,481.00536499987356,33.0
1772911263,10,GET,/api/audio/levels,17.900000,0.000000,3,8,11,13,150,300,1000,1100,1100,1100,1100,1005,0,3,41.77998503778982,1.0632379999151453,1134.25346099757,76.41492537313432
1772911263,10,GET,/api/audio/levels (during plugin swap),3.900000,0.000000,2,7,10,15,26,260,1100,1100,1100,1100,1100,242,0,3,37.98094587618233,1.080788002582267,1083.2896290012286,76.06198347107438
1772911263,10,GET,/api/audio/levels/plugins,3.900000,0.000000,2,3,7,10,19,340,350,350,350,350,350,241,0,2,12.831183157731896,1.049180998961674,464.41013300136547,20.311203319502074
1772911263,10,GET,/api/audio/status,14.000000,0.000000,2,3,6,8,14,31,350,350,350,350,350,800,0,2,13.173326855003324,1.0315889994672034,479.0718289987126,168.01625
1772911263,10,GET,/api/chains/,0.000000,0.000000,0,0,0,0,0,0,0,0,0,0,0,69,0,3,45.311835318990646,1.3376110000535846,1048.8712939986726,1448.1159420289855
1772911263,10,GET,/api/chains/{id},14.100000,0.000000,3,8,12,17,210,340,920,920,1100,1100,1100,800,0,4,39.472925025033874,1.2147920024290215,1111.6500659991289,500.90875
1772911263,10,POST,/api/chains/{id}/activate,14.000000,0.000000,3,5,9,13,35,86,330,420,430,430,430,800,0,4,19.420681682531722,1.1828169990621973,481.5199959994061,53.1475
1772911263,10,POST,/api/chains/{id}/deactivate,14.000000,0.000000,2,2,4,4,9,19,21,57,75,75,75,800,0,2,14.740414007555955,1.1789170021074824,1127.4722630005272,61.37375
1772911263,10,POST,/api/plugins/batch/parameters (500 updates),8.200000,0.000000,7,10,17,25,74,360,1000,1100,1100,1100,1100,413,0,7,63.92112800250502,2.7197519993933383,1126.353294999717,864.9903147699758
1772911263,10,GET,/api/plugins/discover,0.000000,0.000000,0,0,0,0,0,0,0,0,0,0,0,69,0,14,26.213235072487883,10.92287899882649,317.85854999907315,84937.92753623189
1772911263,10,GET,/api/plugins/list,0.000000,0.000000,0,0,0,0,0,0,0,0,0,0,0,69,0,2,21.625240231725805,1.0970610019285232,326.49217799917096,35.88405797101449
1772911263,10,POST,/api/plugins/load?uri,3.900000,0.000000,3,3,4,11,28,83,92,92,92,92,92,241,0,3,10.768339879566508,1.3331570007721893,323.40858799943817,2056.8879668049794
1772911263,10,POST,/api/plugins/unload?uri,3.900000,0.000000,2,3,5,7,23,75,350,350,350,350,350,241,0,2,19.3275229709092,1.1858549987664446,416.8338409981516,83.87551867219916
1772911263,10,,Aggregated,115.700000,0.000000,3,5,9,12,27,180,360,430,1100,1100,1100,6795,0,3,26.311893390448216,1.0151129972655326,1134.25346099757,1117.9247976453275
1772911264,10,GET,/api/audio/latency,18.300000,0.000000,2,3,4,9,18,73,91,310,360,360,360,1034,0,2,14.608671641164666,1.0151129972655326,481.00536499987356,33.0
1772911264,10,GET,/api/audio/levels,18.300000,0.000000,3,7,9,11,21,180,1000,1100,1100,1100,1100,1034,0,3,40.748898730156974,1.0632379999151453,1134.25346099757,76.36943907156673
1772911264,10,GET,/api/audio/levels (during plugin swap),4.100000,0.000000,2,4,8,10,19,26,1100,1100,1100,1100,1100,248,0,3,37.12467439126774,1.080788002582267,1083.2896290012286,76.09274193548387
1772911264,10,GET,/api/audio/levels/plugins,4.100000,0.000000,2,3,6,9,16,19,350,350,350,350,350,248,0,2,12.563283435552407,1.049180998961674,464.41013300136547,20.29032258064516
1772911264,10,GET,/api/audio/status,14.600000,0.000000,2,3,6,7,13,22,350,350,350,350,350,820,0,2,12.949852396342045,1.0315889994672034,479.0718289987126,168.0158536585366
1772911264,10,GET,/api/chains/,0.000000,0.000000,0,0,0,0,0,0,0,0,0,0,0,69,0,3,45.311835318990646,1.3376110000535846,1048.8712939986726,1448.1159420289855
1772911264,10,GET,/api/chains/{id},14.500000,0.000000,3,7,11,15,44,280,920,920,1100,1100,1100,821,0,4,38.632006179065975,1.2147920024290215,1111.6500659991289,501.2813641900122
1772911264,10,POST,/api/chains/{id}/activate,14.500000,0.000000,3,4,7,12,25,45,110,120,330,330,330,820,0,4,19.11635048296242,1.1828169990621973,481.5199959994061,53.13170731707317
1772911264,10,POST,/api/chains/{id}/deactivate,14.600000,0.000000,2,2,4,5,8,19,27,57,75,75,75,820,0,2,14.487426457380046,1.1789170021074824,1127.4722630005272,61.389024390243904
1772911264,10,POST,/api/plugins/batch/parameters (500 updates),8.900000,0.000000,7,10,14,20,56,350,1000,1100,1100,1100,1100,420,0,7,63.00247845721883,2.7197519993933383,1126.353294999717,865.4380952380952
1772911264,10,GET,/api/plugins/discover,0.000000,0.000000,0,0,0,0,0,0,0,0,0,0,0,69,0,14,26.213235072487883,10.92287899882649,317.85854999907315,84937.92753623189
1772911264,10,GET,/api/plugins/list,0.000000,0.000000,0,0,0,0,0,0,0,0,0,0,0,69,0,2,21.625240231725805,1.0970610019285232,326.49217799917096,35.88405797101449
1772911264,10,POST,/api/plugins/load?uri,4.100000,0.000000,3,3,4,6,17,73,92,92,92,92,92,248,0,3,10.542732245877202,1.3331570007721893,323.40858799943817,2033.6774193548388
1772911264,10,POST,/api/plugins/unload?uri,4.100000,0.000000,2,3,5,7,12,23,350,350,350,350,350,248,0,2,18.897501120913912,1.1858549987664446,416.8338409981516,83.78225806451613
1772911264,10,,Aggregated,120.100000,0.000000,2,4,7,9,19,67,310,360,1100,1100,1100,6968,0,3,25.78111146585672,1.0151129972655326,1134.25346099757,1095.2855912743973
1772911265,10,GET,/api/audio/latency,17.400000,0.000000,2,3,7,9,27,90,140,310,360,360,360,1049,0,2,14.964416097196978,1.0151129972655326,481.00536499987356,33.049571020019066
1772911265,10,GET,/api/audio/levels,17.400000,0.000000,3,7,10,12,38,180,1000,1100,1100,1100,1100,1051,0,3,40.43035201140064,1.0632379999151453,1134.25346099757,76.36441484300666
1772911265,10,GET,/api/audio/levels (during plugin swap),4.400000,0.000000,2,4,8,9,19,26,1100,1100,1100,1100,1100,250,0,3,36.870164404128445,1.080788002582267,1083.2896290012286,76.068
1772911265,10,GET,/api/audio/levels/plugins,4.400000,0.000000,2,3,6,7,12,17,350,350,350,350,350,250,0,2,12.479316976066912,1.049180998961674,464.41013300136547,20.292
1772911265,10,GET,/api/audio/status,13.700000,0.000000,2,3,6,7,13,22,350,350,350,350,350,832,0,2,12.817236987980497,1.0315889994672034,479.0718289987126,168.015625
1772911265,10,GET,/api/chains/,0.000000,0.000000,0,0,0,0,0,0,0,0,0,0,0,69,0,3,45.311835318990646,1.3376110000535846,1048.8712939986726,1448.1159420289855
1772911265,10,GET,/api/chains/{id},13.700000,0.000000,3,7,12,15,53,280,920,920,1100,1100,1100,833,0,4,38.20230177311873,1.2147920024290215,1111.6500659991289,501.45858343337335
1772911265,10,POST,/api/chains/{id}/activate,13.700000,0.000000,3,5,8,13,26,67,120,150,330,330,330,833,0,4,19.063734715520898,1.1828169990621973,481.5199959994061,53.14885954381753
1772911265,10,POST,/api/chains/{id}/deactivate,13.700000,0.000000,2,2,3,4,8,19,27,57,75,75,75,832,0,2,14.303784771685129,1.1789170021074824,1127.4722630005272,61.36778846153846
1772911265,10,POST,/api/plugins/batch/parameters (500 updates),8.600000,0.000000,7,11,17,26,74,350,1000,1100,1100,1100,1100,431,0,7,62.10189796758658,2.7197519993933383,1126.353294999717,866.7911832946636
1772911265,10,GET,/api/plugins/discover,0.000000,0.000000,0,0,0,0,0,0,0,0,0,0,0,69,0,14,26.213235072487883,10.92287899882649,317.85854999907315,84937.92753623189
1772911265,10,GET,/api/plugins/list,0.000000,0.000000,0,0,0,0,0,0,0,0,0,0,0,69,0,2,21.625240231725805,1.0970610019285232,326.49217799917096,35.88405797101449
1772911265,10,POST,/api/plugins/load?uri,4.400000,0.000000,2,3,4,6,17,73,92,92,92,92,92,250,0,3,10.478012235907954,1.3331570007721893,323.40858799943817,2024.284
1772911265,10,POST,/api/plugins/unload?uri,4.400000,0.000000,2,5,5,7,12,23,350,350,350,350,350,250,0,2,18.797437239962164,1.1858549987664446,416.8338409981516,83.716
1772911265,10,,Aggregated,115.800000,0.000000,2,5,8,10,24,88,320,360,1100,1100,1100,7068,0,3,25.651781709121053,1.0151129972655326,1134.25346099757,1083.1286078098472
1772911266,10,GET,/api/audio/latency,18.500000,0.000000,2,3,8,11,28,90,140,410,410,410,410,1062,0,2,15.763692167575137,1.0151129972655326,481.00536499987356,33.048964218455744
1772911266,10,GET,/api/audio/levels,18.400000,0.000000,3,7,11,12,54,230,1000,1100,1100,1100,1100,1062,0,3,41.147197307889726,1.0631709992594551,1134.25346099757,76.41525423728814
1772911266,10,GET,/api/audio/levels (during plugin swap),4.400000,0.000000,2,4,7,8,20,100,1100,1100,1100,1100,1100,254,0,3,37.52049735049072,1.080788002582267,1083.2896290012286,76.07086614173228
1772911266,10,GET,/api/audio/levels/plugins,4.500000,0.000000,2,3,6,9,12,17,350,350,350,350,350,254,0,2,12.424179299281475,1.049180998961674,464.41013300136547,20.346456692913385
1772911266,10,GET,/api/audio/status,13.900000,0.000000,2,3,7,8,16,24,350,350,410,410,410,852,0,2,13.193573480035377,1.0315889994672034,479.0718289987126,168.01525821596243
1772911266,10,GET,/api/chains/,0.000000,0.000000,0,0,0,0,0,0,0,0,0,0,0,69,0,3,45.311835318990646,1.3376110000535846,1048.8712939986726,1448.1159420289855
1772911266,10,GET,/api/chains/{id},13.800000,0.000000,3,7,12,20,140,280,920,920,1100,1100,1100,852,0,4,39.66421678522776,1.2147920024290215,1111.6500659991289,501.61971830985914
1772911266,10,POST,/api/chains/{id}/activate,14.000000,0.000000,3,5,9,16,35,71,120,150,330,330,330,852,0,4,19.221271704254363,1.1828169990621973,481.5199959994061,53.213615023474176
1772911266,10,POST,/api/chains/{id}/deactivate,13.900000,0.000000,2,2,4,6,12,18,22,24,27,27,27,852,0,2,14.173316397946238,1.1789170021074824,1127.4722630005272,61.32394366197183
1772911266,10,POST,/api/plugins/batch/parameters (500 updates),7.800000,0.000000,7,12,20,27,100,350,1000,1100,1100,1100,1100,437,0,7,62.11165021059205,2.7197519993933383,1126.353294999717,866.9679633867277
1772911266,10,GET,/api/plugins/discover,0.000000,0.000000,0,0,0,0,0,0,0,0,0,0,0,69,0,14,26.213235072487883,10.92287899882649,317.85854999907315,84937.92753623189
1772911266,10,GET,/api/plugins/list,0.000000,0.000000,0,0,0,0,0,0,0,0,0,0,0,69,0,2,21.625240231725805,1.0970610019285232,326.49217799917096,35.88405797101449
1772911266,10,POST,/api/plugins/load?uri,4.400000,0.000000,2,3,6,9,18,28,92,92,92,92,92,254,0,3,10.498476716447195,1.3331570007721893,323.40858799943817,2016.7007874015749
1772911266,10,POST,/api/plugins/unload?uri,4.500000,0.000000,2,4,5,7,12,18,36,36,36,36,36,254,0,2,18.61994635036117,1.1858549987664446,416.8338409981516,83.75196850393701
1772911266,10,,Aggregated,118.100000,0.000000,2,5,8,11,26,110,300,410,1100,1100,1100,7192,0,3,26.08156019119356,1.0151129972655326,1134.25346099757,1068.4578698553948
1772911267,10,GET,/api/audio/latency,19.100000,0.000000,2,3,7,10,30,90,140,410,410,410,410,1085,0,2,15.486903194435856,1.0151129972655326,481.00536499987356,33.047926267281106
1772911267,10,GET,/api/audio/levels,19.500000,0.000000,3,8,11,14,56,230,1000,1100,1100,1100,1100,1085,0,3,40.40524829582076,1.0631709992594551,1134.25346099757,76.35483870967742
1772911267,10,GET,/api/audio/levels (during plugin swap),4.700000,0.000000,3,6,8,12,20,100,1100,1100,1100,1100,1100,264,0,3,36.37749165537488,1.080788002582267,1083.2896290012286,76.10227272727273
1772911267,10,GET,/api/audio/levels/plugins,4.700000,0.000000,2,3,6,9,12,17,350,350,350,350,350,264,0,2,12.065243753871377,1.049180998961674,464.41013300136547,20.25378787878788
1772911267,10,GET,/api/audio/status,15.100000,0.000000,2,4,7,8,16,24,350,350,410,410,410,863,0,2,13.063913782148852,1.0315889994672034,479.0718289987126,168.01506373117033
1772911267,10,GET,/api/chains/,0.000000,0.000000,0,0,0,0,0,0,0,0,0,0,0,69,0,3,45.311835318990646,1.3376110000535846,1048.8712939986726,1448.1159420289855
1772911267,10,GET,/api/chains/{id},15.200000,0.000000,3,7,12,17,140,280,920,920,1100,1100,1100,863,0,4,39.23357771844289,1.2147920024290215,1111.6500659991289,501.00231749710315
1772911267,10,POST,/api/chains/{id}/activate,15.100000,0.000000,4,7,13,19,44,71,120,150,330,330,330,863,0,4,19.077135392848376,1.1828169990621973,481.5199959994061,53.184241019698725
1772911267,10,POST,/api/chains/{id}/deactivate,15.100000,0.000000,2,3,4,7,12,18,22,24,27,27,27,863,0,2,14.026951344199759,1.1789170021074824,1127.4722630005272,61.33256083429896
1772911267,10,POST,/api/plugins/batch/parameters (500 updates),8.800000,0.000000,7,11,17,26,95,270,1000,1100,1100,1100,1100,450,0,7,60.54677296450083,2.7197519993933383,1126.353294999717,868.4666666666667
1772911267,10,GET,/api/plugins/discover,0.000000,0.000000,0,0,0,0,0,0,0,0,0,0,0,69,0,14,26.213235072487883,10.92287899882649,317.85854999907315,84937.92753623189
1772911267,10,GET,/api/plugins/list,0.000000,0.000000,0,0,0,0,0,0,0,0,0,0,0,69,0,2,21.625240231725805,1.0970610019285232,326.49217799917096,35.88405797101449
1772911267,10,POST,/api/plugins/load?uri,4.700000,0.000000,3,5,8,11,18,28,92,92,92,92,92,264,0,3,10.31446256809321,1.3331570007721893,323.40858799943817,2022.875
1772911267,10,POST,/api/plugins/unload?uri,4.700000,0.000000,2,4,5,7,10,15,36,36,36,36,36,264,0,2,18.05912741281535,1.1858549987664446,416.8338409981516,83.73484848484848
1772911267,10,,Aggregated,126.700000,0.000000,3,6,9,12,26,110,300,410,1100,1100,1100,7335,0,3,25.67109414533592,1.0151129972655326,1134.25346099757,1053.9056578050443
1772911268,10,GET,/api/audio/latency,18.200000,0.000000,2,4,9,14,76,140,350,410,410,410,410,1104,0,2,16.87701263765213,1.0151129972655326,481.00536499987356,33.04710144927536
1772911268,10,GET,/api/audio/levels,18.200000,0.000000,3,9,13,20,110,230,1000,1100,1100,1100,1100,1104,0,3,40.4594956276904,1.0631709992594551,1134.25346099757,76.3913043478261
1772911268,10,GET,/api/audio/levels (during plugin swap),4.400000,0.000000,2,6,9,12,20,100,1100,1100,1100,1100,1100,266,0,3,36.11368798502875,1.080788002582267,1083.2896290012286,76.07894736842105
1772911268,10,GET,/api/audio/levels/plugins,4.400000,0.000000,2,3,6,7,12,17,350,350,350,350,350,266,0,2,11.997474105357428,1.049180998961674,464.41013300136547,20.304511278195488
1772911268,10,GET,/api/audio/status,14.000000,0.000000,2,3,7,8,17,25,350,360,410,410,410,874,0,2,13.339860729978707,1.0315889994672034,479.0718289987126,168.01487414187642
1772911268,10,GET,/api/chains/,0.000000,0.000000,0,0,0,0,0,0,0,0,0,0,0,69,0,3,45.311835318990646,1.3376110000535846,1048.8712939986726,1448.1159420289855
1772911268,10,GET,/api/chains/{id},14.000000,0.000000,3,7,13,22,160,280,920,920,1100,1100,1100,874,0,4,39.3015047666101,1.2147920024290215,1111.6500659991289,500.79176201372997
1772911268,10,POST,/api/chains/{id}/activate,14.000000,0.000000,4,8,15,19,58,96,150,330,350,350,350,874,0,4,19.40306828607892,1.1828169990621973,481.5199959994061,53.18421052631579
1772911268,10,POST,/api/chains/{id}/deactivate,14.000000,0.000000,2,3,4,7,12,18,22,24,27,27,27,874,0,2,13.89850333414566,1.1789170021074824,1127.4722630005272,61.2837528604119
1772911268,10,POST,/api/plugins/batch/parameters (500 updates),8.200000,0.000000,8,12,23,28,100,370,1000,1100,1100,1100,1100,453,0,7,60.99552625390976,2.7197519993933383,1126.353294999717,867.8874172185431
1772911268,10,GET,/api/plugins/discover,0.000000,0.000000,0,0,0,0,0,0,0,0,0,0,0,69,0,14,26.213235072487883,10.92287899882649,317.85854999907315,84937.92753623189
1772911268,10,GET,/api/plugins/list,0.000000,0.000000,0,0,0,0,0,0,0,0,0,0,0,69,0,2,21.625240231725805,1.0970610019285232,326.49217799917096,35.88405797101449
1772911268,10,POST,/api/plugins/load?uri,4.400000,0.000000,3,5,8,10,18,28,92,92,92,92,92,266,0,3,10.253050601405496,1.3331570007721893,323.40858799943817,2016.3834586466166
1772911268,10,POST,/api/plugins/unload?uri,4.400000,0.000000,2,5,7,7,12,18,100,100,100,100,100,266,0,2,18.31896128942048,1.1858549987664446,416.8338409981516,83.69172932330827
1772911268,10,,Aggregated,118.200000,0.000000,3,7,10,13,43,140,350,410,1100,1100,1100,7428,0,3,25.9652263422264,1.0151129972655326,1134.25346099757,1042.8010231556273
1772911269,10,GET,/api/audio/latency,18.900000,0.000000,2,3,7,9,30,140,350,410,410,410,410,1128,0,2,16.588821747321788,1.0151129972655326,481.00536499987356,33.04609929078014
1772911269,10,GET,/api/audio/levels,18.900000,0.000000,3,8,12,16,56,180,230,300,340,340,340,1128,0,3,39.7489652366677,1.0631709992594551,1134.25346099757,76.36524822695036
1772911269,10,GET,/api/audio/levels (during plugin swap),4.800000,0.000000,2,4,8,12,18,26,300,300,300,300,300,271,0,3,35.52498829157066,1.080788002582267,1083.2896290012286,76.02214022140221
1772911269,10,GET,/api/audio/levels/plugins,4.800000,0.000000,3,5,6,9,12,17,350,350,350,350,350,270,0,2,11.874870233427997,1.049180998961674,464.41013300136547,20.355555555555554
1772911269,10,GET,/api/audio/status,14.400000,0.000000,2,4,7,9,17,24,350,360,410,410,410,888,0,2,13.192978454958597,1.0315889994672034,479.0718289987126,168.01463963963963
1772911269,10,GET,/api/chains/,0.000000,0.000000,0,0,0,0,0,0,0,0,0,0,0,69,0,3,45.311835318990646,1.3376110000535846,1048.8712939986726,1448.1159420289855
1772911269,10,GET,/api/chains/{id},14.500000,0.000000,3,7,12,17,130,280,280,340,410,410,410,888,0,4,38.82252418019037,1.2147920024290215,1111.6500659991289,500.77252252252254
1772911269,10,POST,/api/chains/{id}/activate,14.400000,0.000000,4,7,9,16,35,70,150,330,350,350,350,888,0,4,19.15452468584418,1.1828169990621973,481.5199959994061,53.179054054054056
1772911269,10,POST,/api/chains/{id}/deactivate,14.400000,0.000000,2,3,4,7,12,17,22,24,27,27,27,888,0,2,13.735940608151944,1.1789170021074824,1127.4722630005272,61.29504504504504
1772911269,10,POST,/api/plugins/batch/parameters (500 updates),8.800000,0.000000,6,11,16,20,62,260,370,370,370,370,370,470,0,7,59.094101065993335,2.7197519993933383,1126.353294999717,868.5744680851063
1772911269,10,GET,/api/plugins/discover,0.000000,0.000000,0,0,0,0,0,0,0,0,0,0,0,69,0,14,26.213235072487883,10.92287899882649,317.85854999907315,84937.92753623189
1772911269,10,GET,/api/plugins/list,0.000000,0.000000,0,0,0,0,0,0,0,0,0,0,0,69,0,2,21.625240231725805,1.0970610019285232,326.49217799917096,35.88405797101449
1772911269,10,POST,/api/plugins/load?uri,4.800000,0.000000,3,3,5,9,16,18,73,73,73,73,73,271,0,3,10.111275103245605,1.3331570007721893,323.40858799943817,2044.830258302583
1772911269,10,POST,/api/plugins/unload?uri,4.800000,0.000000,3,5,7,9,13,18,100,100,100,100,100,270,0,2,18.143679540689508,1.1858549987664446,416.8338409981516,83.84074074074074
1772911269,10,,Aggregated,123.500000,0.000000,3,6,9,12,25,100,280,350,410,410,410,7567,0,3,25.587360643854353,1.0151129972655326,1134.25346099757,1029.890181049293
1772911270,10,GET,/api/audio/latency,18.900000,0.000000,2,3,6,9,28,140,350,410,410,410,410,1136,0,2,16.49606495509264,1.0151129972655326,481.00536499987356,33.04577464788732
1772911270,10,GET,/api/audio/levels,18.900000,0.000000,3,8,12,16,54,120,230,300,340,340,340,1136,0,3,39.50841480630349,1.0631709992594551,1134.25346099757,76.3644366197183
1772911270,10,GET,/api/audio/levels (during plugin swap),4.800000,0.000000,2,6,8,10,18,26,300,300,300,300,300,274,0,3,35.18063476282148,1.080788002582267,1083.2896290012286,75.98905109489051
1772911270,10,GET,/api/audio/levels/plugins,4.800000,0.000000,3,4,6,7,12,17,23,23,23,23,23,274,0,2,11.810905952633266,1.049180998961674,464.41013300136547,20.31021897810219
1772911270,10,GET,/api/audio/status,14.400000,0.000000,2,3,7,7,16,22,31,360,410,410,410,897,0,2,13.09056401227374,1.0315889994672034,479.0718289987126,168.0144927536232
1772911270,10,GET,/api/chains/,0.000000,0.000000,0,0,0,0,0,0,0,0,0,0,0,69,0,3,45.311835318990646,1.3376110000535846,1048.8712939986726,1448.1159420289855
1772911270,10,GET,/api/chains/{id},14.500000,0.000000,3,7,12,17,120,240,280,340,410,410,410,897,0,4,38.48866700558444,1.2147920024290215,1111.6500659991289,501.1360089186176
1772911270,10,POST,/api/chains/{id}/activate,14.400000,0.000000,3,5,9,15,30,70,150,330,350,350,350,897,0,4,19.00345165665396,1.1828169990621973,481.5199959994061,53.1917502787068
1772911270,10,POST,/api/chains/{id}/deactivate,14.400000,0.000000,1,2,3,5,12,17,22,24,27,27,27,897,0,2,13.619514205173443,1.1789170021074824,1127.4722630005272,61.30211817168339
1772911270,10,POST,/api/plugins/batch/parameters (500 updates),8.800000,0.000000,6,10,16,20,55,95,260,370,370,370,370,473,0,7,58.786977412308694,2.7197519993933383,1126.353294999717,869.338266384778
1772911270,10,GET,/api/plugins/discover,0.000000,0.000000,0,0,0,0,0,0,0,0,0,0,0,69,0,14,26.213235072487883,10.92287899882649,317.85854999907315,84937.92753623189
1772911270,10,GET,/api/plugins/list,0.000000,0.000000,0,0,0,0,0,0,0,0,0,0,0,69,0,2,21.625240231725805,1.0970610019285232,326.49217799917096,35.88405797101449
1772911270,10,POST,/api/plugins/load?uri,4.800000,0.000000,3,3,5,6,16,18,73,73,73,73,73,274,0,3,10.029749332045661,1.3331570007721893,323.40858799943817,2054.941605839416
1772911270,10,POST,/api/plugins/unload?uri,4.800000,0.000000,3,5,7,8,12,15,100,100,100,100,100,274,0,2,17.914193565638595,1.1858549987664446,416.8338409981516,83.77372262773723
1772911270,10,,Aggregated,123.500000,0.000000,3,5,8,11,23,76,240,340,410,410,410,7636,0,3,25.39502276964997,1.0151129972655326,1134.25346099757,1023.3005500261917
