Timestamp,User Count,Type,Name,Requests/s,Failures/s,50%,66%,75%,80%,90%,95%,98%,99%,99.9%,99.99%,100%,Total Request Count,Total Failure Count,Total Median Response Time,Total Average Response Time,Total Min Response Time,Total Max Response Time,Total Average Content Size
1774609924,0,,Aggregated,0.000000,0.000000,N/A,N/A,N/A,N/A,N/A,N/A,N/A,N/A,N/A,N/A,N/A,0,0,0,0.0,0,0,0
1774609925,2,GET,/api/audio/latency,0.000000,0.000000,0,0,0,0,0,0,0,0,0,0,0,2,0,2.1014080848544836,2.508509554900229,2.1014080848544836,2.9156110249459743,33.0
1774609925,2,GET,/api/audio/levels,0.000000,0.000000,0,0,0,0,0,0,0,0,0,0,0,2,0,3,8.83455848088488,2.838835003785789,14.83028195798397,86.0
1774609925,2,GET,/api/audio/levels (during plugin swap),0.000000,0.000000,0,0,0,0,0,0,0,0,0,0,0,2,0,2,81.04702655691653,1.9401650642976165,160.15388804953545,79.5
1774609925,2,GET,/api/audio/levels/plugins,0.000000,0.000000,0,0,0,0,0,0,0,0,0,0,0,2,0,2,13.45974305877462,1.6129310242831707,25.30655509326607,20.5
1774609925,2,GET,/api/audio/status,0.000000,0.000000,0,0,0,0,0,0,0,0,0,0,0,1,0,1.7589150229468942,1.7589150229468942,1.7589150229468942,1.7589150229468942,303.0
1774609925,2,GET,/api/chains/,0.000000,0.000000,0,0,0,0,0,0,0,0,0,0,0,4,0,86,99.3031779944431,23.574526072479784,144.806639989838,1478.75
1774609925,2,GET,/api/chains/{id},0.000000,0.000000,0,0,0,0,0,0,0,0,0,0,0,1,0,7.909627049230039,7.909627049230039,7.909627049230039,7.909627049230039,897.0
1774609925,2,POST,/api/chains/{id}/activate,0.000000,0.000000,0,0,0,0,0,0,0,0,0,0,0,1,0,4.779810085892677,4.779810085892677,4.779810085892677,4.779810085892677,35.0
1774609925,2,POST,/api/chains/{id}/deactivate,0.000000,0.000000,0,0,0,0,0,0,0,0,0,0,0,1,0,1.9785490585491061,1.9785490585491061,1.9785490585491061,1.9785490585491061,62.0
1774609925,2,GET,/api/plugins/discover,0.000000,0.000000,0,0,0,0,0,0,0,0,0,0,0,4,0,25,29.13630023249425,22.927236976101995,38.56455604545772,89708.0
1774609925,2,GET,/api/plugins/list,0.000000,0.000000,0,0,0,0,0,0,0,0,0,0,0,4,0,3,5.799989448860288,2.617174992337823,13.16786790266633,73.75
1774609925,2,POST,/api/plugins/load?uri,0.000000,0.000000,0,0,0,0,0,0,0,0,0,0,0,2,0,2.2343170130625367,7.773736026138067,2.2343170130625367,13.313155039213598,2586.5
1774609925,2,POST,/api/plugins/unload?uri,0.000000,0.000000,0,0,0,0,0,0,0,0,0,0,0,2,0,2,3.160081512760371,1.888519967906177,4.431643057614565,118.5
1774609925,2,,Aggregated,0.000000,0.000000,0,0,0,0,0,0,0,0,0,0,0,28,0,5,28.10543151073424,1.6129310242831707,160.15388804953545,13292.392857142857
1774609926,4,GET,/api/audio/latency,0.000000,0.000000,2,2,5,8,150,150,150,150,150,150,150,11,0,2,15.739559386433525,1.4453829498961568,145.09202202316374,33.0
1774609926,4,GET,/api/audio/levels,0.000000,0.000000,9,16,18,19,140,140,140,140,140,140,140,11,0,9,20.753362533551726,1.502831932157278,141.7949729366228,78.9090909090909
1774609926,4,GET,/api/audio/levels (during plugin swap),0.000000,0.000000,56,56,150,150,150,150,150,150,150,150,150,6,0,5,62.63944434855754,1.849818043410778,160.15388804953545,75.16666666666667
1774609926,4,GET,/api/audio/levels/plugins,0.000000,0.000000,9,9,49,49,49,49,49,49,49,49,49,6,0,5,15.207581493693093,1.6129310242831707,49.21640292741358,20.5
1774609926,4,GET,/api/audio/status,0.000000,0.000000,2,2,2,2,2,2,2,2,2,2,2,6,0,1.9139780197292566,1.6489313372100394,1.4739329926669598,1.9139780197292566,303.0
1774609926,4,GET,/api/chains/,0.000000,0.000000,220,220,220,220,220,220,220,220,220,220,220,6,0,140.0,138.16415283751363,23.574526072479784,217.70388702861965,1478.5
1774609926,4,GET,/api/chains/{id},0.000000,0.000000,2,3,3,21,21,21,21,21,21,21,21,6,0,2,6.45280082244426,1.91732298117131,21.475809975527227,896.1666666666666
1774609926,4,POST,/api/chains/{id}/activate,0.000000,0.000000,2,2,2,6,6,6,6,6,6,6,6,6,0,2,2.996918687131256,1.786265056580305,5.604038946330547,51.666666666666664
1774609926,4,POST,/api/chains/{id}/deactivate,0.000000,0.000000,2,2,2,6,6,6,6,6,6,6,6,6,0,2,2.5700705397563675,1.7163760494440794,6.294797989539802,62.0
1774609926,4,POST,/api/plugins/batch/parameters (500 updates),0.000000,0.000000,0,0,0,0,0,0,0,0,0,0,0,3,0,15,14.925388619303703,8.17888299934566,21.7487319605425,791.0
1774609926,4,GET,/api/plugins/discover,0.000000,0.000000,41,41,41,41,41,41,41,41,41,41,41,6,0,30,32.52879918242494,22.927236976101995,40.57055606972426,89708.0
1774609926,4,GET,/api/plugins/list,0.000000,0.000000,20,20,20,20,20,20,20,20,20,20,20,6,0,4,9.954234138907244,2.617174992337823,20.019327057525516,99.16666666666667
1774609926,4,POST,/api/plugins/load?uri,0.000000,0.000000,19,19,140,140,140,140,140,140,140,140,140,6,0,6,30.42544183942179,2.2343170130625367,139.7091259714216,3768.5
1774609926,4,POST,/api/plugins/unload?uri,0.000000,0.000000,8,8,11,11,11,11,11,11,11,11,11,6,0,4,5.535108017890404,1.8161210464313626,11.333329020999372,121.83333333333333
1774609926,4,,Aggregated,0.000000,0.000000,5,9,18,20,56,150,210,220,220,220,220,91,0,5,25.219112158763213,1.4453829498961568,217.70388702861965,6407.813186813187
1774609927,6,GET,/api/audio/latency,0.000000,0.000000,4,6,8,8,18,150,150,150,150,150,150,18,0,3,12.28830473135329,1.4453829498961568,145.09202202316374,33.0
1774609927,6,GET,/api/audio/levels,0.000000,0.000000,9,11,18,18,19,140,140,140,140,140,140,18,0,9,15.917633834760636,1.502831932157278,141.7949729366228,77.33333333333333
1774609927,6,GET,/api/audio/levels (during plugin swap),0.000000,0.000000,5,15,56,56,150,150,150,150,150,150,150,10,0,4,39.96435811277479,1.8204450607299805,160.15388804953545,75.6
1774609927,6,GET,/api/audio/levels/plugins,0.000000,0.000000,9,19,20,20,49,49,49,49,49,49,49,10,0,5,13.545496005099267,1.5490910736843944,49.21640292741358,19.2
1774609927,6,GET,/api/audio/status,0.000000,0.000000,2,2,2,3,24,24,24,24,24,24,24,10,0,2,3.9931284030899405,1.4739329926669598,23.670305032283068,303.0
1774609927,6,GET,/api/chains/,0.000000,0.000000,12,210,210,220,220,220,220,220,220,220,220,9,0,86,95.12542366671066,6.977417040616274,217.70388702861965,1478.3333333333333
1774609927,6,GET,/api/chains/{id},0.000000,0.000000,3,12,12,12,20,21,21,21,21,21,21,12,0,3,7.737843426487719,1.91732298117131,21.475809975527227,822.75
1774609927,6,POST,/api/chains/{id}/activate,0.000000,0.000000,2,4,6,6,26,26,26,26,26,26,26,10,0,2,5.649570107925683,1.786265056580305,25.720741949044168,50.0
1774609927,6,POST,/api/chains/{id}/deactivate,0.000000,0.000000,2,2,3,4,6,6,6,6,6,6,6,10,0,2,2.673171425703913,1.7163760494440794,6.294797989539802,62.0
1774609927,6,POST,/api/plugins/batch/parameters (500 updates),0.000000,0.000000,11,11,11,11,11,11,11,11,11,11,11,4,0,11,13.826763955876231,8.17888299934566,21.7487319605425,791.5
1774609927,6,GET,/api/plugins/discover,0.000000,0.000000,29,38,38,41,41,41,41,41,41,41,41,9,0,29,30.1210396638554,21.172564942389727,40.57055606972426,89708.0
1774609927,6,GET,/api/plugins/list,0.000000,0.000000,17,18,18,20,20,20,20,20,20,20,20,9,0,7,10.023701754916045,2.617174992337823,20.019327057525516,83.44444444444444
1774609927,6,POST,/api/plugins/load?uri,0.000000,0.000000,7,18,19,19,140,140,140,140,140,140,140,10,0,6,21.429102204274386,1.9521609647199512,139.7091259714216,3520.6
1774609927,6,POST,/api/plugins/unload?uri,0.000000,0.000000,6,8,11,11,11,11,11,11,11,11,11,10,0,4,5.310879799071699,1.7942549893632531,11.344898957759142,122.9
1774609927,6,,Aggregated,0.000000,0.000000,5,9,15,18,26,56,150,210,220,220,220,149,0,5,18.784943741477477,1.4453829498961568,217.70388702861965,5892.523489932886
1774609928,8,GET,/api/audio/latency,5.500000,0.000000,5,7,8,18,31,150,150,150,150,150,150,20,0,3,14.05204965849407,1.4453829498961568,145.09202202316374,33.0
1774609928,8,GET,/api/audio/levels,5.500000,0.000000,9,16,18,19,1200,1300,1300,1300,1300,1300,1300,20,0,9,140.44503819895908,1.502831932157278,1324.4873579824343,78.2
1774609928,8,GET,/api/audio/levels (during plugin swap),3.000000,0.000000,11,15,56,150,1300,1300,1300,1300,1300,1300,1300,12,0,5,139.68000958751267,1.8204450607299805,1265.6072209356353,76.25
1774609928,8,GET,/api/audio/levels/plugins,3.000000,0.000000,9,19,19,20,49,49,49,49,49,49,49,11,0,9,14.044768642634153,1.5490910736843944,49.21640292741358,19.90909090909091
1774609928,8,GET,/api/audio/status,2.500000,0.000000,2,3,24,24,25,29,29,29,29,29,29,13,0,2,8.90325939354415,1.4739329926669598,28.93774805124849,303.0
1774609928,8,GET,/api/chains/,3.000000,0.000000,210,220,820,820,840,840,840,840,840,840,840,11,0,140.0,228.801758737642,6.977417040616274,836.422679014504,1478.2727272727273
1774609928,8,GET,/api/chains/{id},2.500000,0.000000,5,12,20,20,21,1200,1200,1200,1200,1200,1200,14,0,5,95.42638722008893,1.91732298117131,1223.4047380043194,833.2142857142857
1774609928,8,POST,/api/chains/{id}/activate,2.500000,0.000000,6,21,26,30,1300,1400,1400,1400,1400,1400,1400,14,0,5,201.18987344072335,1.786265056580305,1369.636674062349,49.285714285714285
1774609928,8,POST,/api/chains/{id}/deactivate,2.500000,0.000000,3,4,18,18,20,22,22,22,22,22,22,13,0,2,6.667343711552139,1.7163760494440794,21.885819965973496,62.0
1774609928,8,POST,/api/plugins/batch/parameters (500 updates),1.500000,0.000000,11,11,11,11,11,11,11,11,11,11,11,4,0,11,13.826763955876231,8.17888299934566,21.7487319605425,791.5
1774609928,8,GET,/api/plugins/discover,3.000000,0.000000,26,29,38,38,41,41,41,41,41,41,41,11,0,26,28.323748910968956,19.738268107175827,40.57055606972426,89708.0
1774609928,8,GET,/api/plugins/list,3.000000,0.000000,18,20,31,31,36,36,36,36,36,36,36,11,0,13,14.26221734039824,2.617174992337823,35.55105999112129,102.0909090909091
1774609928,8,POST,/api/plugins/load?uri,3.000000,0.000000,7,18,19,31,140,140,140,140,140,140,140,11,0,7,22.325091815384273,1.9521609647199512,139.7091259714216,3927.7272727272725
1774609928,8,POST,/api/plugins/unload?uri,3.000000,0.000000,6,8,11,11,22,22,22,22,22,22,22,11,0,5,6.838335359299725,1.7942549893632531,22.11289096157998,126.54545454545455
1774609928,8,,Aggregated,43.500000,0.000000,8,18,21,24,56,820,1300,1300,1400,1400,1400,176,0,8,71.80119060517013,1.4453829498961568,1369.636674062349,6093.142045454545
1774609929,10,GET,/api/audio/latency,6.000000,0.000000,6,12,20,29,170,170,170,170,170,170,170,30,0,5,28.50829013235246,1.4453829498961568,171.82246304582804,33.0
1774609929,10,GET,/api/audio/levels,6.000000,0.000000,12,18,100,140,300,1200,1300,1300,1300,1300,1300,30,0,11,128.21769912649566,1.502831932157278,1324.4873579824343,77.76666666666667
1774609929,10,GET,/api/audio/levels (during plugin swap),3.333333,0.000000,11,15,150,150,160,1300,1300,1300,1300,1300,1300,14,0,10,131.52932992670685,1.8204450607299805,1265.6072209356353,76.71428571428571
1774609929,10,GET,/api/audio/levels/plugins,3.333333,0.000000,19,19,36,36,49,350,350,350,350,350,350,14,0,15,39.84444179306073,1.5490910736843944,352.38280601333827,20.5
1774609929,10,GET,/api/audio/status,3.333333,0.000000,4,16,22,24,29,31,200,200,200,200,200,23,0,3,17.88804457401452,1.4564350713044405,200.41312708053738,303.0
1774609929,10,GET,/api/chains/,3.000000,0.000000,220,310,320,820,840,840,840,840,840,840,840,14,0,140.0,224.63196886071404,3.1412560492753983,836.422679014504,1478.2142857142858
1774609929,10,GET,/api/chains/{id},4.000000,0.000000,12,13,20,20,66,310,1200,1200,1200,1200,1200,23,0,12,77.35944442633216,1.91732298117131,1223.4047380043194,827.304347826087
1774609929,10,POST,/api/chains/{id}/activate,3.333333,0.000000,13,21,25,26,190,1300,1400,1400,1400,1400,1400,23,0,6,135.25067126560631,1.786265056580305,1369.636674062349,51.30434782608695
1774609929,10,POST,/api/chains/{id}/deactivate,3.333333,0.000000,4,7,8,8,20,22,420,420,420,420,420,22,0,3,24.669500507033344,1.7163760494440794,416.31201503332704,60.86363636363637
1774609929,10,POST,/api/plugins/batch/parameters (500 updates),1.333333,0.000000,11,28,28,440,440,440,440,440,440,440,440,8,0,11,66.99267785006668,6.460011005401611,439.8687209468335,869.625
1774609929,10,GET,/api/plugins/discover,3.000000,0.000000,26,29,29,38,41,41,41,41,41,41,41,13,0,26,28.0385441504992,19.738268107175827,40.57055606972426,89708.0
1774609929,10,GET,/api/plugins/list,3.000000,0.000000,20,31,36,170,180,180,180,180,180,180,180,14,0,13,36.64567326528153,2.617174992337823,182.4330739909783,122.78571428571429
1774609929,10,POST,/api/plugins/load?uri,3.333333,0.000000,18,19,140,140,210,350,350,350,350,350,350,14,0,13,58.96988256634878,1.9521609647199512,353.44598500523716,3430.285714285714
1774609929,10,POST,/api/plugins/unload?uri,3.333333,0.000000,8,11,22,22,27,31,31,31,31,31,31,14,0,5,9.822816995438188,1.7942549893632531,31.107977032661438,127.78571428571429
1774609929,10,,Aggregated,49.666667,0.000000,11,19,25,31,190,350,1200,1300,1400,1400,1400,256,0,9,72.13525960742118,1.4453829498961568,1369.636674062349,4994.484375
1774609930,10,GET,/api/audio/latency,5.000000,0.000000,6,12,17,19,31,170,170,170,170,170,170,50,0,5,20.615817364305258,1.3975870097056031,171.82246304582804,33.0
1774609930,10,GET,/api/audio/levels,5.000000,0.000000,9,17,21,32,290,300,1300,1300,1300,1300,1300,50,0,9,83.35270995739847,1.4865580014884472,1324.4873579824343,76.9
1774609930,10,GET,/api/audio/levels (during plugin swap),2.750000,0.000000,11,25,56,150,160,1300,1300,1300,1300,1300,1300,17,0,11,112.56329452290254,1.8204450607299805,1265.6072209356353,76.82352941176471
1774609930,10,GET,/api/audio/levels/plugins,2.500000,0.000000,15,19,20,36,49,350,350,350,350,350,350,17,0,15,34.30006118244766,1.5490910736843944,352.38280601333827,21.647058823529413
1774609930,10,GET,/api/audio/status,2.750000,0.000000,4,14,15,16,25,31,200,200,200,200,200,40,0,3,13.392413582187146,1.4223200269043446,200.41312708053738,303.0
1774609930,10,GET,/api/chains/,2.750000,0.000000,14,210,310,320,820,840,840,840,840,840,840,19,0,24,168.26299115353706,2.051791991107166,836.422679014504,1478.157894736842
1774609930,10,GET,/api/chains/{id},3.250000,0.000000,12,15,20,25,150,310,1200,1200,1200,1200,1200,40,0,10,58.77341679006349,1.8248469568789005,1223.4047380043194,816.925
1774609930,10,POST,/api/chains/{id}/activate,3.250000,0.000000,9,15,24,25,30,1300,1400,1400,1400,1400,1400,40,0,6,81.96728582552169,1.7266289796680212,1369.636674062349,53.75
1774609930,10,POST,/api/chains/{id}/deactivate,2.500000,0.000000,4,8,10,14,20,210,420,420,420,420,420,40,0,4,21.825762375374325,1.7163760494440794,416.31201503332704,60.125
1774609930,10,POST,/api/plugins/batch/parameters (500 updates),1.000000,0.000000,14,21,28,28,65,440,440,440,440,440,440,15,0,14,45.981995458714664,6.460011005401611,439.8687209468335,892.0666666666667
1774609930,10,GET,/api/plugins/discover,2.250000,0.000000,24,29,38,39,41,200,200,200,200,200,200,19,0,25,35.96412342678951,17.843042965978384,199.70884604845196,89708.0
1774609930,10,GET,/api/plugins/list,2.500000,0.000000,17,20,31,36,170,180,180,180,180,180,180,19,0,14,30.015820667980925,2.617174992337823,182.4330739909783,110.52631578947368
1774609930,10,POST,/api/plugins/load?uri,2.750000,0.000000,13,19,31,140,210,350,350,350,350,350,350,17,0,13,50.60862471103011,1.9521609647199512,353.44598500523716,2968.764705882353
1774609930,10,POST,/api/plugins/unload?uri,2.500000,0.000000,8,11,19,22,27,31,31,31,31,31,31,17,0,6,9.862315888954875,1.7942549893632531,31.107977032661438,129.2941176470588
1774609930,10,,Aggregated,40.750000,0.000000,9,17,21,25,140,220,820,1300,1400,1400,1400,400,0,9,52.25452561950078,1.3975870097056031,1369.636674062349,4643.015
1774609931,10,GET,/api/audio/latency,5.600000,0.000000,6,15,18,22,160,160,170,170,170,170,170,68,0,6,26.200210120912423,1.3975870097056031,171.82246304582804,33.0
1774609931,10,GET,/api/audio/levels,5.600000,0.000000,9,18,32,83,180,290,1200,1300,1300,1300,1300,68,0,9,75.87705981945071,1.4860680093988776,1324.4873579824343,76.44117647058823
1774609931,10,GET,/api/audio/levels (during plugin swap),2.800000,0.000000,15,43,56,150,160,1300,1300,1300,1300,1300,1300,21,0,15,102.00668004385773,1.813011011108756,1265.6072209356353,77.33333333333333
1774609931,10,GET,/api/audio/levels/plugins,2.800000,0.000000,13,19,20,33,49,350,350,350,350,350,350,21,0,13,30.269615047256508,1.5490910736843944,352.38280601333827,21.428571428571427
1774609931,10,GET,/api/audio/status,4.400000,0.000000,6,12,14,15,24,29,200,200,200,200,200,44,0,4,12.926609961802818,1.4223200269043446,200.41312708053738,303.0
1774609931,10,GET,/api/chains/,2.600000,0.000000,14,210,220,310,820,840,840,840,840,840,840,21,0,24,159.30833466284508,2.051791991107166,836.422679014504,1478.2380952380952
1774609931,10,GET,/api/chains/{id},4.400000,0.000000,12,20,25,66,150,190,1200,1200,1200,1200,1200,44,0,12,62.676147131820805,1.8248469568789005,1223.4047380043194,820.1818181818181
1774609931,10,POST,/api/chains/{id}/activate,4.400000,0.000000,9,16,24,26,160,190,1400,1400,1400,1400,1400,44,0,9,82.98067725263536,1.7266289796680212,1369.636674062349,53.18181818181818
1774609931,10,POST,/api/chains/{id}/deactivate,4.400000,0.000000,4,8,12,13,20,22,420,420,420,420,420,44,0,4,20.503983227006923,1.7163760494440794,416.31201503332704,60.29545454545455
1774609931,10,POST,/api/plugins/batch/parameters (500 updates),1.400000,0.000000,11,28,45,65,140,210,440,440,440,440,440,26,0,11,48.1032706089676,4.682397935539484,439.8687209468335,925.4230769230769
1774609931,10,GET,/api/plugins/discover,2.600000,0.000000,24,29,35,38,41,200,200,200,200,200,200,21,0,25,35.00542457636801,17.093515023589134,199.70884604845196,89708.0
1774609931,10,GET,/api/plugins/list,2.600000,0.000000,17,21,31,36,170,180,180,180,180,180,180,21,0,14,34.776587604678106,2.617174992337823,182.4330739909783,104.95238095238095
1774609931,10,POST,/api/plugins/load?uri,2.800000,0.000000,13,21,31,140,210,350,350,350,350,350,350,21,0,13,49.70913095998445,1.9005070207640529,353.44598500523716,2737.5238095238096
1774609931,10,POST,/api/plugins/unload?uri,2.800000,0.000000,8,11,19,21,27,31,31,31,31,31,31,21,0,7,9.81580362366956,1.7942549893632531,31.107977032661438,128.76190476190476
1774609931,10,,Aggregated,49.200000,0.000000,10,17,22,28,150,210,420,1200,1400,1400,1400,485,0,10,51.3618739626668,1.3975870097056031,1369.636674062349,4258.344329896907
1774609932,10,GET,/api/audio/latency,8.166667,0.000000,6,14,17,20,37,160,170,170,170,170,170,89,0,6,22.40495892304383,1.3975870097056031,171.82246304582804,33.0
1774609932,10,GET,/api/audio/levels,8.166667,0.000000,8,16,22,32,150,290,1200,1300,1300,1300,1300,89,0,8,60.305497819672894,1.4860680093988776,1324.4873579824343,76.21348314606742
1774609932,10,GET,/api/audio/levels (during plugin swap),2.666667,0.000000,15,25,56,150,160,170,1300,1300,1300,1300,1300,26,0,11,90.0914762975075,1.813011011108756,1265.6072209356353,77.0
1774609932,10,GET,/api/audio/levels/plugins,2.666667,0.000000,9,18,19,20,36,49,350,350,350,350,350,25,0,9,26.242611682973802,1.4688039664179087,352.38280601333827,21.28
1774609932,10,GET,/api/audio/status,5.833333,0.000000,4,11,14,14,22,29,31,200,200,200,200,58,0,4,11.272557983014348,1.4223200269043446,200.41312708053738,303.0
1774609932,10,GET,/api/chains/,3.166667,0.000000,12,97,210,220,320,820,840,840,840,840,840,25,0,16,138.60012939665467,2.051791991107166,836.422679014504,1478.2
1774609932,10,GET,/api/chains/{id},5.833333,0.000000,12,20,25,31,130,190,310,1200,1200,1200,1200,61,0,12,51.29364029061599,1.8248469568789005,1223.4047380043194,824.0
1774609932,10,POST,/api/chains/{id}/activate,5.833333,0.000000,9,17,24,26,40,190,1300,1400,1400,1400,1400,61,0,9,63.66251074312041,1.7266289796680212,1369.636674062349,53.032786885245905
1774609932,10,POST,/api/chains/{id}/deactivate,5.666667,0.000000,6,10,13,14,19,22,210,420,420,420,420,58,0,4,17.663557447717878,1.7163760494440794,416.31201503332704,60.706896551724135
1774609932,10,POST,/api/plugins/batch/parameters (500 updates),2.333333,0.000000,11,21,45,65,140,210,440,440,440,440,440,35,0,11,45.33225908276758,4.472019034437835,439.8687209468335,926.7428571428571
1774609932,10,GET,/api/plugins/discover,3.000000,0.000000,28,35,38,39,41,200,200,200,200,200,200,24,0,26,34.99197867252709,17.093515023589134,199.70884604845196,89708.0
1774609932,10,GET,/api/plugins/list,3.166667,0.000000,18,21,31,36,160,170,180,180,180,180,180,25,0,16,32.57388166617602,2.617174992337823,182.4330739909783,96.48
1774609932,10,POST,/api/plugins/load?uri,2.666667,0.000000,13,21,27,31,160,210,350,350,350,350,350,26,0,7,42.42337139126343,1.9005070207640529,353.44598500523716,2939.8076923076924
1774609932,10,POST,/api/plugins/unload?uri,2.666667,0.000000,7,11,13,19,22,27,31,31,31,31,31,25,0,6,9.04631108045578,1.786542939953506,31.107977032661438,127.76
1774609932,10,,Aggregated,61.833333,0.000000,9,16,21,26,120,180,350,1200,1400,1400,1400,627,0,9,43.198160286673435,1.3975870097056031,1369.636674062349,3813.8309409888357
1774609933,10,GET,/api/audio/latency,9.285714,0.000000,7,15,18,22,150,160,170,170,170,170,170,99,0,6,24.48402521214589,1.3975870097056031,171.82246304582804,33.0
1774609933,10,GET,/api/audio/levels,9.285714,0.000000,9,19,28,62,150,290,1200,1300,1300,1300,1300,99,0,9,60.479535910564316,1.4860680093988776,1324.4873579824343,76.41414141414141
1774609933,10,GET,/api/audio/levels (during plugin swap),2.714286,0.000000,11,25,54,150,160,170,1300,1300,1300,1300,1300,27,0,11,87.15645680462734,1.813011011108756,1265.6072209356353,76.85185185185185
1774609933,10,GET,/api/audio/levels/plugins,2.714286,0.000000,13,18,19,33,45,49,350,350,350,350,350,27,0,13,26.632235743346865,1.4688039664179087,352.38280601333827,21.22222222222222
1774609933,10,GET,/api/audio/status,6.285714,0.000000,10,14,16,20,29,33,120,200,200,200,200,72,0,9,15.070578403538093,1.4223200269043446,200.41312708053738,303.0
1774609933,10,GET,/api/chains/,2.857143,0.000000,14,140,210,220,320,820,840,840,840,840,840,27,0,16,134.52197310807944,2.051791991107166,836.422679014504,1478.1851851851852
1774609933,10,GET,/api/chains/{id},6.285714,0.000000,13,22,42,79,130,160,310,1200,1200,1200,1200,72,0,13,53.921900175434224,1.8248469568789005,1223.4047380043194,820.3333333333334
1774609933,10,POST,/api/chains/{id}/activate,6.285714,0.000000,10,21,25,26,160,190,1300,1400,1400,1400,1400,72,0,10,64.27771693496551,1.7266289796680212,1369.636674062349,53.40277777777778
1774609933,10,POST,/api/chains/{id}/deactivate,6.285714,0.000000,8,12,15,17,22,120,210,420,420,420,420,72,0,8,21.545659480681124,1.7163760494440794,416.31201503332704,60.958333333333336
1774609933,10,POST,/api/plugins/batch/parameters (500 updates),3.142857,0.000000,14,28,65,95,210,250,440,440,440,440,440,39,0,14,55.499076944752,4.472019034437835,439.8687209468335,927.6410256410256
1774609933,10,GET,/api/plugins/discover,2.857143,0.000000,26,35,38,39,41,52,200,200,200,200,200,27,0,26,34.732282230699504,17.093515023589134,199.70884604845196,89708.0
1774609933,10,GET,/api/plugins/list,2.857143,0.000000,18,21,31,36,160,170,180,180,180,180,180,27,0,16,31.26508269579736,2.617174992337823,182.4330739909783,93.18518518518519
1774609933,10,POST,/api/plugins/load?uri,2.714286,0.000000,8,21,26,31,160,210,350,350,350,350,350,27,0,8,41.144401261893414,1.9005070207640529,353.44598500523716,2935.8888888888887
1774609933,10,POST,/api/plugins/unload?uri,2.714286,0.000000,8,11,18,21,27,31,120,120,120,120,120,27,0,7,13.599624702086052,1.786542939953506,122.86563601810485,128.74074074074073
1774609933,10,,Aggregated,66.285714,0.000000,11,19,25,30,130,170,310,840,1400,1400,1400,714,0,11,44.37955691647411,1.3975870097056031,1369.636674062349,3761.988795518207
1774609934,10,GET,/api/audio/latency,9.285714,0.000000,5,14,17,20,34,160,170,170,170,170,170,123,0,5,21.02950464260227,1.3962930534034967,171.82246304582804,33.0
1774609934,10,GET,/api/audio/levels,9.285714,0.000000,7,17,22,28,120,180,300,1200,1300,1300,1300,123,0,7,50.30400483732725,1.4767780667170882,1324.4873579824343,76.17073170731707
1774609934,10,GET,/api/audio/levels (during plugin swap),2.714286,0.000000,11,25,43,56,160,170,1300,1300,1300,1300,1300,31,0,11,77.91750383142742,1.6370289959013462,1265.6072209356353,76.35483870967742
1774609934,10,GET,/api/audio/levels/plugins,2.714286,0.000000,7,18,19,20,45,49,350,350,350,350,350,31,0,7,23.56879490487758,1.4688039664179087,352.38280601333827,21.129032258064516
1774609934,10,GET,/api/audio/status,6.285714,0.000000,9,14,16,22,30,33,120,200,200,200,200,80,0,8,14.489030939876102,1.4223200269043446,200.41312708053738,303.0
1774609934,10,GET,/api/chains/,2.857143,0.000000,14,97,210,220,320,820,840,840,840,840,840,28,0,16,130.10354960403805,2.051791991107166,836.422679014504,1478.1785714285713
1774609934,10,GET,/api/chains/{id},6.285714,0.000000,12,21,31,66,130,160,310,1200,1200,1200,1200,80,0,12,49.10108693147777,1.8248469568789005,1223.4047380043194,819.1
1774609934,10,POST,/api/chains/{id}/activate,6.285714,0.000000,9,21,25,29,160,190,1300,1400,1400,1400,1400,80,0,9,59.230435667268466,1.7208530334755778,1369.636674062349,53.125
1774609934,10,POST,/api/chains/{id}/deactivate,6.285714,0.000000,7,11,14,16,22,120,210,420,420,420,420,80,0,7,19.837035473028664,1.7163760494440794,416.31201503332704,61.0625
1774609934,10,POST,/api/plugins/batch/parameters (500 updates),3.142857,0.000000,12,24,35,49,160,250,440,440,440,440,440,51,0,12,45.45692390050082,4.208920989185572,439.8687209468335,936.0588235294117
1774609934,10,GET,/api/plugins/discover,2.857143,0.000000,28,30,38,39,41,52,200,200,200,200,200,28,0,26,34.569596148295595,17.093515023589134,199.70884604845196,89708.0
1774609934,10,GET,/api/plugins/list,2.857143,0.000000,18,21,31,36,160,170,180,180,180,180,180,28,0,14,30.644569458672777,2.617174992337823,182.4330739909783,91.71428571428571
1774609934,10,POST,/api/plugins/load?uri,2.714286,0.000000,7,20,22,27,160,210,350,350,350,350,350,31,0,7,36.75667229559152,1.8804030260071158,353.44598500523716,2721.2903225806454
1774609934,10,POST,/api/plugins/unload?uri,2.714286,0.000000,7,11,13,19,27,31,120,120,120,120,120,31,0,6,12.377500128481657,1.786542939953506,122.86563601810485,128.32258064516128
1774609934,10,,Aggregated,66.285714,0.000000,10,17,22,27,110,170,300,820,1400,1400,1400,825,0,10,39.56734853062892,1.3962930534034967,1369.636674062349,3402.68
1774609935,10,GET,/api/audio/latency,10.666667,0.000000,7,15,19,22,38,160,170,170,170,170,170,131,0,6,22.80389238859861,1.3962930534034967,171.82246304582804,33.0
1774609935,10,GET,/api/audio/levels,10.777778,0.000000,9,20,28,62,160,300,410,1200,1300,1300,1300,131,0,9,58.68165118385192,1.4767780667170882,1324.4873579824343,76.57251908396947
1774609935,10,GET,/api/audio/levels (during plugin swap),2.888889,0.000000,17,43,100,100,160,170,1300,1300,1300,1300,1300,37,0,17,80.40589891134988,1.6370289959013462,1265.6072209356353,77.21621621621621
1774609935,10,GET,/api/audio/levels/plugins,2.888889,0.000000,13,18,19,19,33,45,350,350,350,350,350,37,0,10,22.063155513810546,1.4688039664179087,352.38280601333827,20.675675675675677
1774609935,10,GET,/api/audio/status,7.555556,0.000000,9,14,16,20,29,32,120,200,200,200,200,89,0,8,13.798070359933241,1.4223200269043446,200.41312708053738,303.0
1774609935,10,GET,/api/chains/,3.000000,0.000000,12,87,140,150,320,820,840,840,840,840,840,31,0,16,125.01978119009084,2.051791991107166,836.422679014504,1478.1612903225807
1774609935,10,GET,/api/chains/{id},7.777778,0.000000,14,25,79,110,160,310,450,1200,1200,1200,1200,89,0,13,64.48821486052377,1.8248469568789005,1223.4047380043194,813.0337078651686
1774609935,10,POST,/api/chains/{id}/activate,7.777778,0.000000,13,24,26,30,160,160,1300,1400,1400,1400,1400,89,0,10,58.24009094680293,1.7208530334755778,1369.636674062349,52.69662921348315
1774609935,10,POST,/api/chains/{id}/deactivate,7.555556,0.000000,7,12,15,17,22,120,210,420,420,420,420,89,0,7,18.912312131259966,1.7163760494440794,416.31201503332704,61.157303370786515
1774609935,10,POST,/api/plugins/batch/parameters (500 updates),4.333333,0.000000,18,31,49,95,250,340,440,440,440,440,440,59,0,18,62.72508960880213,4.208920989185572,443.6906479531899,939.7627118644068
1774609935,10,GET,/api/plugins/discover,2.888889,0.000000,25,29,35,39,52,150,200,200,200,200,200,31,0,26,37.41909706995131,17.093515023589134,199.70884604845196,89708.0
1774609935,10,GET,/api/plugins/list,3.000000,0.000000,16,21,31,37,160,170,180,180,180,180,180,31,0,14,31.5704679289352,1.48758792784065,182.4330739909783,91.09677419354838
1774609935,10,POST,/api/plugins/load?uri,2.888889,0.000000,13,21,27,31,150,210,350,350,350,350,350,37,0,13,44.20721349369332,1.8804030260071158,353.44598500523716,2531.108108108108
1774609935,10,POST,/api/plugins/unload?uri,2.888889,0.000000,8,15,18,19,22,31,120,120,120,120,120,37,0,8,12.459301946659547,1.786542939953506,122.86563601810485,128.0810810810811
1774609935,10,,Aggregated,76.888889,0.000000,11,19,25,31,140,180,350,450,1400,1400,1400,918,0,11,43.694701057038024,1.3962930534034967,1369.636674062349,3388.744008714597
1774609936,10,GET,/api/audio/latency,12.300000,0.000000,5,12,17,20,34,160,170,170,170,170,170,153,0,5,20.006610249516132,1.3962930534034967,171.82246304582804,33.0
1774609936,10,GET,/api/audio/levels,12.300000,0.000000,7,18,26,32,150,290,410,1200,1300,1300,1300,154,0,7,51.33417867616956,1.4767780667170882,1324.4873579824343,76.37662337662337
1774609936,10,GET,/api/audio/levels (during plugin swap),3.100000,0.000000,11,40,54,100,160,170,1300,1300,1300,1300,1300,45,0,11,66.52700592660241,1.4752720016986132,1265.6072209356353,76.75555555555556
1774609936,10,GET,/api/audio/levels/plugins,3.100000,0.000000,4,15,18,19,33,45,350,350,350,350,350,45,0,5,18.60227981944465,1.44933199044317,352.38280601333827,20.355555555555554
1774609936,10,GET,/api/audio/status,8.000000,0.000000,7,13,15,16,29,32,120,200,200,200,200,102,0,4,12.434122588613308,1.4223200269043446,200.41312708053738,303.0
1774609936,10,GET,/api/chains/,2.800000,0.000000,16,97,140,150,320,820,840,840,840,840,840,31,0,16,125.01978119009084,2.051791991107166,836.422679014504,1478.1612903225807
1774609936,10,GET,/api/chains/{id},8.000000,0.000000,13,22,55,100,160,310,450,1200,1200,1200,1200,102,0,12,57.31251887867556,1.8248469568789005,1223.4047380043194,816.7058823529412
1774609936,10,POST,/api/chains/{id}/activate,8.000000,0.000000,10,21,26,29,150,160,1300,1400,1400,1400,1400,102,0,9,51.576159031623426,1.7208530334755778,1369.636674062349,53.13725490196079
1774609936,10,POST,/api/chains/{id}/deactivate,8.000000,0.000000,6,10,13,15,20,120,210,420,420,420,420,102,0,6,16.932533790275237,1.7163760494440794,416.31201503332704,61.26470588235294
1774609936,10,POST,/api/plugins/batch/parameters (500 updates),5.100000,0.000000,12,28,32,49,210,270,440,440,440,440,440,73,0,12,52.64680730242741,4.208920989185572,443.6906479531899,949.4794520547945
1774609936,10,GET,/api/plugins/discover,2.800000,0.000000,25,29,35,39,52,150,200,200,200,200,200,31,0,26,37.41909706995131,17.093515023589134,199.70884604845196,89708.0
1774609936,10,GET,/api/plugins/list,2.800000,0.000000,20,24,36,37,160,170,180,180,180,180,180,31,0,14,31.5704679289352,1.48758792784065,182.4330739909783,91.09677419354838
1774609936,10,POST,/api/plugins/load?uri,3.100000,0.000000,6,20,26,31,150,210,350,350,350,350,350,45,0,6,36.852225249943636,1.8804030260071158,353.44598500523716,2319.0444444444443
1774609936,10,POST,/api/plugins/unload?uri,3.100000,0.000000,8,11,15,18,22,31,120,120,120,120,120,45,0,7,10.963838648361465,1.7642610473558307,122.86563601810485,127.04444444444445
1774609936,10,,Aggregated,82.500000,0.000000,9,17,22,28,120,170,340,440,1400,1400,1400,1061,0,8,38.55661298843973,1.3962930534034967,1369.636674062349,2974.5909519321394
1774609937,10,GET,/api/audio/latency,12.600000,0.000000,6,16,20,22,150,160,170,170,170,170,170,170,0,5,24.313212859252577,1.3962930534034967,171.82246304582804,33.0
1774609937,10,GET,/api/audio/levels,12.600000,0.000000,9,22,33,69,120,180,400,400,410,410,410,170,0,9,53.53622841717237,1.4767780667170882,1324.4873579824343,76.9
1774609937,10,GET,/api/audio/levels (during plugin swap),3.300000,0.000000,11,40,50,76,150,170,170,170,170,170,170,48,0,11,65.17863097057368,1.4752720016986132,1265.6072209356353,77.0625
1774609937,10,GET,/api/audio/levels/plugins,3.300000,0.000000,6,15,18,18,33,45,350,350,350,350,350,48,0,5,18.342339205749642,1.44933199044317,352.38280601333827,20.5
1774609937,10,GET,/api/audio/status,8.500000,0.000000,9,13,15,17,26,32,43,120,200,200,200,114,0,7,12.686610296409446,1.4223200269043446,200.41312708053738,303.0
1774609937,10,GET,/api/chains/,2.700000,0.000000,14,37,97,140,150,310,320,320,320,320,320,32,0,16,122.26778624608414,2.051791991107166,836.422679014504,1478.15625
1774609937,10,GET,/api/chains/{id},8.500000,0.000000,14,25,55,80,150,190,340,380,450,450,450,115,0,13,56.505602142652094,1.8248469568789005,1223.4047380043194,814.9565217391304
1774609937,10,POST,/api/chains/{id}/activate,8.500000,0.000000,13,24,26,30,150,160,160,190,190,190,190,114,0,10,51.9836397837488,1.7208530334755778,1369.636674062349,52.98245614035088
1774609937,10,POST,/api/chains/{id}/deactivate,8.500000,0.000000,6,10,13,15,20,31,130,210,420,420,420,114,0,5,15.916084409119529,1.7163760494440794,416.31201503332704,61.3421052631579
1774609937,10,POST,/api/plugins/batch/parameters (500 updates),5.500000,0.000000,18,30,49,100,190,270,440,440,440,440,440,78,0,15,56.69064382061315,4.208920989185572,443.6906479531899,958.525641025641
1774609937,10,GET,/api/plugins/discover,2.700000,0.000000,25,30,37,39,52,150,200,200,200,200,200,32,0,25,37.04265419219155,17.093515023589134,199.70884604845196,89708.0
1774609937,10,GET,/api/plugins/list,2.700000,0.000000,16,21,36,37,160,170,180,180,180,180,180,32,0,14,31.071493183844723,1.48758792784065,182.4330739909783,92.59375
1774609937,10,POST,/api/plugins/load?uri,3.300000,0.000000,8,19,22,26,150,210,350,350,350,350,350,48,0,7,35.82341025564043,1.8804030260071158,353.44598500523716,2245.3333333333335
1774609937,10,POST,/api/plugins/unload?uri,3.300000,0.000000,8,14,16,19,22,31,120,120,120,120,120,48,0,7,11.06356752522212,1.7642610473558307,122.86563601810485,126.22916666666667
1774609937,10,,Aggregated,86.000000,0.000000,10,18,25,30,120,160,270,350,450,450,450,1163,0,10,39.288963878792345,1.3962930534034967,1369.636674062349,2815.2889079965607
1774609938,10,GET,/api/audio/latency,12.600000,0.000000,5,13,17,21,37,150,160,160,170,170,170,185,0,5,22.682263497640758,1.3962930534034967,171.82246304582804,33.0
1774609938,10,GET,/api/audio/levels,12.600000,0.000000,7,18,27,60,97,160,200,400,410,410,410,186,0,7,49.458835995005025,1.4767780667170882,1324.4873579824343,76.63440860215054
1774609938,10,GET,/api/audio/levels (during plugin swap),3.300000,0.000000,11,25,45,54,130,170,170,170,170,170,170,51,0,11,61.48141212807055,1.4752720016986132,1265.6072209356353,77.33333333333333
1774609938,10,GET,/api/audio/levels/plugins,3.300000,0.000000,4,9,14,17,22,33,45,45,45,45,45,51,0,5,17.506575723196946,1.44933199044317,352.38280601333827,20.372549019607842
1774609938,10,GET,/api/audio/status,8.500000,0.000000,7,12,14,15,24,30,33,43,120,120,120,124,0,6,12.047910377488382,1.4223200269043446,200.41312708053738,303.0
1774609938,10,GET,/api/chains/,2.700000,0.000000,11,16,87,97,140,150,150,150,150,150,150,32,0,16,122.26778624608414,2.051791991107166,836.422679014504,1478.15625
1774609938,10,GET,/api/chains/{id},8.500000,0.000000,14,22,43,80,140,190,340,380,450,450,450,124,0,12,52.880707051372156,1.8248469568789005,1223.4047380043194,810.9032258064516
1774609938,10,POST,/api/chains/{id}/activate,8.500000,0.000000,10,22,26,29,130,160,160,160,190,190,190,124,0,10,48.26789351007451,1.7208530334755778,1369.636674062349,53.145161290322584
1774609938,10,POST,/api/chains/{id}/deactivate,8.500000,0.000000,6,10,12,14,19,27,120,130,210,210,210,124,0,5,14.941517923650663,1.7163760494440794,416.31201503332704,61.395161290322584
1774609938,10,POST,/api/plugins/batch/parameters (500 updates),5.500000,0.000000,15,28,45,65,170,250,340,440,440,440,440,85,0,15,52.997986764154014,4.208920989185572,443.6906479531899,954.8117647058823
1774609938,10,GET,/api/plugins/discover,2.700000,0.000000,25,35,39,40,150,200,200,200,200,200,200,32,0,25,37.04265419219155,17.093515023589134,199.70884604845196,89708.0
1774609938,10,GET,/api/plugins/list,2.700000,0.000000,14,20,21,24,110,160,160,160,160,160,160,32,0,14,31.071493183844723,1.48758792784065,182.4330739909783,92.59375
1774609938,10,POST,/api/plugins/load?uri,3.300000,0.000000,6,17,20,22,150,150,160,160,160,160,160,51,0,6,33.912587867520166,1.8766500288620591,353.44598500523716,2284.392156862745
1774609938,10,POST,/api/plugins/unload?uri,3.300000,0.000000,7,8,14,15,21,22,120,120,120,120,120,51,0,6,10.569461064376668,1.7642610473558307,122.86563601810485,126.31372549019608
1774609938,10,,Aggregated,86.000000,0.000000,8,16,22,26,92,150,180,250,440,450,450,1252,0,8,36.88394604464651,1.3962930534034967,1369.636674062349,2637.934504792332
1774609939,10,GET,/api/audio/latency,14.900000,0.000000,6,14,20,22,140,150,160,170,1300,1300,1300,189,0,6,28.997749332880613,1.3962930534034967,1258.0146469408646,33.0
1774609939,10,GET,/api/audio/levels,14.900000,0.000000,9,22,60,71,130,200,1200,1200,1200,1200,1200,189,0,9,67.59704163583814,1.4767780667170882,1324.4873579824343,76.78306878306879
1774609939,10,GET,/api/audio/levels (during plugin swap),3.600000,0.000000,11,40,50,76,130,170,170,170,170,170,170,51,0,11,61.48141212807055,1.4752720016986132,1265.6072209356353,77.33333333333333
1774609939,10,GET,/api/audio/levels/plugins,3.600000,0.000000,4,10,17,18,22,33,45,45,45,45,45,51,0,5,17.506575723196946,1.44933199044317,352.38280601333827,20.372549019607842
1774609939,10,GET,/api/audio/status,10.100000,0.000000,8,12,14,16,25,32,43,120,120,120,120,127,0,6,11.904212250190927,1.4223200269043446,200.41312708053738,303.0
1774609939,10,GET,/api/chains/,2.200000,0.000000,16,87,97,140,140,150,150,150,150,150,150,32,0,16,122.26778624608414,2.051791991107166,836.422679014504,1478.15625
1774609939,10,GET,/api/chains/{id},9.900000,0.000000,15,32,80,110,170,380,1100,1200,1200,1200,1200,127,0,13,77.3551395074941,1.8248469568789005,1223.4047380043194,811.5275590551181
1774609939,10,POST,/api/chains/{id}/activate,10.100000,0.000000,13,25,29,33,150,160,160,190,190,190,190,127,0,10,47.627182600389084,1.7208530334755778,1369.636674062349,52.91338582677165
1774609939,10,POST,/api/chains/{id}/deactivate,10.100000,0.000000,6,10,11,14,18,31,130,210,210,210,210,127,0,5,14.705463593979696,1.7163760494440794,416.31201503332704,61.40944881889764
1774609939,10,POST,/api/plugins/batch/parameters (500 updates),7.300000,0.000000,18,31,65,120,250,440,1200,1200,1200,1200,1200,88,0,15,91.88890330551658,4.208920989185572,1195.2297739917412,951.0227272727273
1774609939,10,GET,/api/plugins/discover,2.200000,0.000000,30,37,40,52,150,200,200,200,200,200,200,32,0,25,37.04265419219155,17.093515023589134,199.70884604845196,89708.0
1774609939,10,GET,/api/plugins/list,2.200000,0.000000,16,21,24,37,110,160,160,160,160,160,160,32,0,14,31.071493183844723,1.48758792784065,182.4330739909783,92.59375
1774609939,10,POST,/api/plugins/load?uri,3.600000,0.000000,6,17,21,25,150,150,160,160,160,160,160,51,0,6,33.912587867520166,1.8766500288620591,353.44598500523716,2284.392156862745
1774609939,10,POST,/api/plugins/unload?uri,3.600000,0.000000,7,8,14,15,21,22,120,120,120,120,120,51,0,6,10.569461064376668,1.7642610473558307,122.86563601810485,126.31372549019608
1774609939,10,,Aggregated,98.300000,0.000000,9,17,25,30,120,160,300,1100,1300,1300,1300,1274,0,9,45.51335673134487,1.3962930534034967,1369.636674062349,2597.607535321821
1774609940,10,GET,/api/audio/latency,16.500000,0.000000,5,10,16,21,130,150,150,170,1300,1300,1300,212,0,5,28.997656692122547,1.3962930534034967,1258.0146469408646,33.0
1774609940,10,GET,/api/audio/levels,16.600000,0.000000,7,19,28,63,110,180,1200,1200,1200,1200,1200,212,0,8,64.31523985438102,1.4767780667170882,1324.4873579824343,76.61792452830188
1774609940,10,GET,/api/audio/levels (during plugin swap),4.000000,0.000000,8,19,40,50,100,170,170,170,170,170,170,56,0,10,58.079308994430384,1.4752720016986132,1265.6072209356353,77.17857142857143
1774609940,10,GET,/api/audio/levels/plugins,4.100000,0.000000,5,10,13,17,22,30,45,45,45,45,45,56,0,6,17.040109444808746,1.44933199044317,352.38280601333827,20.5
1774609940,10,GET,/api/audio/status,11.300000,0.000000,6,11,14,16,25,32,43,120,120,120,120,138,0,6,11.527339281662758,1.4223200269043446,200.41312708053738,303.0
1774609940,10,GET,/api/chains/,2.100000,0.000000,16,37,97,97,140,150,150,150,150,150,150,32,0,16,122.26778624608414,2.051791991107166,836.422679014504,1478.15625
1774609940,10,GET,/api/chains/{id},11.100000,0.000000,14,31,55,84,160,380,1100,1200,1200,1200,1200,138,0,13,74.14437802440986,1.8248469568789005,1223.4047380043194,813.1594202898551
1774609940,10,POST,/api/chains/{id}/activate,11.100000,0.000000,10,23,27,33,42,150,160,160,160,160,160,138,0,9,44.889469465672754,1.7208530334755778,1369.636674062349,52.93478260869565
1774609940,10,POST,/api/chains/{id}/deactivate,11.400000,0.000000,6,8,11,13,17,27,120,130,130,130,130,137,0,5,14.090563710201124,1.7163760494440794,416.31201503332704,61.45255474452555
1774609940,10,POST,/api/plugins/batch/parameters (500 updates),8.100000,0.000000,18,32,95,120,250,440,1200,1200,1200,1200,1200,98,0,16,91.39229801046301,4.208920989185572,1195.2297739917412,943.2448979591836
1774609940,10,GET,/api/plugins/discover,2.300000,0.000000,28,30,40,40,52,150,150,150,150,150,150,32,0,25,37.04265419219155,17.093515023589134,199.70884604845196,89708.0
1774609940,10,GET,/api/plugins/list,2.200000,0.000000,16,20,24,24,37,110,110,110,110,110,110,32,0,14,31.071493183844723,1.48758792784065,182.4330739909783,92.59375
1774609940,10,POST,/api/plugins/load?uri,4.000000,0.000000,5,17,19,22,130,150,150,150,150,150,150,56,0,6,34.13179666261255,1.8766500288620591,353.44598500523716,2208.6785714285716
1774609940,10,POST,/api/plugins/unload?uri,4.100000,0.000000,4,10,14,15,21,22,120,120,120,120,120,56,0,5,10.273795861784103,1.7642610473558307,122.86563601810485,126.98214285714286
1774609940,10,,Aggregated,108.900000,0.000000,8,16,22,28,100,150,300,1100,1300,1300,1300,1393,0,8,44.12939897024695,1.3962930534034967,1369.636674062349,2399.5821966977746
1774609941,10,GET,/api/audio/latency,15.700000,0.000000,5,9,16,21,130,150,150,170,1300,1300,1300,228,0,5,27.272360687340168,1.3962930534034967,1258.0146469408646,33.0
1774609941,10,GET,/api/audio/levels,15.800000,0.000000,7,19,30,63,110,180,1200,1200,1200,1200,1200,228,0,7,60.353467118897754,1.4767780667170882,1324.4873579824343,76.53508771929825
1774609941,10,GET,/api/audio/levels (during plugin swap),3.700000,0.000000,8,17,45,72,100,170,170,170,170,170,170,60,0,8,54.65538521336081,1.4752720016986132,1265.6072209356353,76.9
1774609941,10,GET,/api/audio/levels/plugins,3.700000,0.000000,5,10,13,17,22,30,45,45,45,45,45,60,0,5,16.215368230283882,1.44933199044317,352.38280601333827,20.5
1774609941,10,GET,/api/audio/status,10.200000,0.000000,6,11,13,16,25,32,43,120,120,120,120,155,0,6,10.956914337622303,1.4223200269043446,200.41312708053738,303.0
1774609941,10,GET,/api/chains/,1.900000,0.000000,87,97,140,140,150,150,150,150,150,150,150,32,0,16,122.26778624608414,2.051791991107166,836.422679014504,1478.15625
1774609941,10,GET,/api/chains/{id},10.200000,0.000000,14,33,66,86,160,380,1100,1200,1200,1200,1200,155,0,12,68.55484731194954,1.8248469568789005,1223.4047380043194,812.0258064516129
1774609941,10,POST,/api/chains/{id}/activate,10.200000,0.000000,12,22,27,33,42,150,160,160,160,160,160,155,0,10,41.34291050234629,1.7208530334755778,1369.636674062349,53.225806451612904
1774609941,10,POST,/api/chains/{id}/deactivate,10.200000,0.000000,5,7,11,12,18,27,120,130,130,130,130,155,0,5,13.352907084739737,1.7163760494440794,416.31201503332704,61.516129032258064
1774609941,10,POST,/api/plugins/batch/parameters (500 updates),7.800000,0.000000,24,49,110,150,250,440,1200,1200,1200,1200,1200,112,0,16,86.38869866263121,4.208920989185572,1195.2297739917412,943.8392857142857
1774609941,10,GET,/api/plugins/discover,1.900000,0.000000,25,30,52,52,150,150,150,150,150,150,150,32,0,25,37.04265419219155,17.093515023589134,199.70884604845196,89708.0
1774609941,10,GET,/api/plugins/list,1.900000,0.000000,16,21,37,37,110,110,110,110,110,110,110,32,0,14,31.071493183844723,1.48758792784065,182.4330739909783,92.59375
1774609941,10,POST,/api/plugins/load?uri,3.700000,0.000000,5,17,19,25,130,150,150,150,150,150,150,60,0,6,32.152255869004875,1.8766500288620591,353.44598500523716,2157.2833333333333
1774609941,10,POST,/api/plugins/unload?uri,3.700000,0.000000,4,10,15,15,20,22,120,120,120,120,120,60,0,5,10.012171235090742,1.7149969935417175,122.86563601810485,126.53333333333333
1774609941,10,,Aggregated,100.600000,0.000000,8,16,23,30,110,150,300,1100,1300,1300,1300,1524,0,8,41.55559742814382,1.3962930534034967,1369.636674062349,2221.188320209974
1774609942,10,GET,/api/audio/latency,15.700000,0.000000,4,8,16,21,140,150,160,160,1300,1300,1300,247,0,5,28.69741963118933,1.3962930534034967,1258.0146469408646,33.0
1774609942,10,GET,/api/audio/levels,15.700000,0.000000,7,18,23,65,140,180,1200,1200,1200,1200,1200,247,0,8,59.41893377761745,1.4767780667170882,1324.4873579824343,76.42105263157895
1774609942,10,GET,/api/audio/levels (during plugin swap),3.900000,0.000000,8,17,40,50,100,130,170,170,170,170,170,63,0,9,53.63115160134695,1.4752720016986132,1265.6072209356353,77.12698412698413
1774609942,10,GET,/api/audio/levels/plugins,3.900000,0.000000,5,9,13,17,19,26,30,30,30,30,30,63,0,5,15.851641173607536,1.44933199044317,352.38280601333827,20.603174603174605
1774609942,10,GET,/api/audio/status,10.000000,0.000000,6,10,12,13,19,24,28,32,32,32,32,162,0,6,10.909297484128425,1.4223200269043446,200.41312708053738,303.0
1774609942,10,GET,/api/chains/,1.300000,0.000000,37,87,87,140,140,140,140,140,140,140,140,32,0,16,122.26778624608414,2.051791991107166,836.422679014504,1478.15625
1774609942,10,GET,/api/chains/{id},10.100000,0.000000,11,19,51,80,170,380,1100,1200,1200,1200,1200,162,0,12,67.46783767996448,1.8248469568789005,1223.4047380043194,812.4135802469136
1774609942,10,POST,/api/chains/{id}/activate,10.100000,0.000000,9,19,25,27,39,150,150,160,160,160,160,162,0,9,40.87478825305071,1.7208530334755778,1369.636674062349,53.20987654320987
1774609942,10,POST,/api/chains/{id}/deactivate,10.100000,0.000000,5,6,8,11,15,20,26,31,31,31,31,162,0,5,13.197039778597285,1.7163760494440794,416.31201503332704,61.382716049382715
1774609942,10,POST,/api/plugins/batch/parameters (500 updates),8.300000,0.000000,23,39,110,150,210,340,1200,1200,1200,1200,1200,123,0,18,86.7398050235115,4.208920989185572,1195.2297739917412,939.8130081300814
1774609942,10,GET,/api/plugins/discover,1.400000,0.000000,25,25,30,30,150,150,150,150,150,150,150,32,0,25,37.04265419219155,17.093515023589134,199.70884604845196,89708.0
1774609942,10,GET,/api/plugins/list,1.300000,0.000000,14,16,16,110,110,110,110,110,110,110,110,32,0,14,31.071493183844723,1.48758792784065,182.4330739909783,92.59375
1774609942,10,POST,/api/plugins/load?uri,3.900000,0.000000,5,16,17,20,130,150,150,150,150,150,150,63,0,6,31.314030764550562,1.8766500288620591,353.44598500523716,2153.063492063492
1774609942,10,POST,/api/plugins/unload?uri,3.900000,0.000000,4,8,14,15,18,22,22,22,22,22,22,63,0,5,9.896993557626883,1.7149969935417175,122.86563601810485,126.44444444444444
1774609942,10,,Aggregated,99.600000,0.000000,7,14,20,25,94,150,300,1100,1300,1300,1300,1613,0,8,41.51047718574357,1.3962930534034967,1369.636674062349,2115.6670799752014
1774609943,10,GET,/api/audio/latency,16.300000,0.000000,4,8,16,22,140,150,160,160,1300,1300,1300,268,0,5,26.96919702071655,1.3962930534034967,1258.0146469408646,33.0
1774609943,10,GET,/api/audio/levels,16.300000,0.000000,7,18,28,69,150,180,1200,1200,1200,1200,1200,268,0,7,55.911142334738166,1.4767780667170882,1324.4873579824343,76.3955223880597
1774609943,10,GET,/api/audio/levels (during plugin swap),4.100000,0.000000,8,30,50,72,100,130,170,170,170,170,170,65,0,9,53.35732927510085,1.4752720016986132,1265.6072209356353,77.2
1774609943,10,GET,/api/audio/levels/plugins,4.100000,0.000000,6,10,15,17,19,26,30,30,30,30,30,65,0,6,15.893388752682277,1.44933199044317,352.38280601333827,20.8
1774609943,10,GET,/api/audio/status,10.700000,0.000000,5,9,12,12,17,18,24,24,25,25,25,182,0,6,10.533443298369933,1.4223200269043446,200.41312708053738,303.0
1774609943,10,GET,/api/chains/,1.200000,0.000000,87,87,140,140,140,140,140,140,140,140,140,32,0,16,122.26778624608414,2.051791991107166,836.422679014504,1478.15625
1774609943,10,GET,/api/chains/{id},10.700000,0.000000,10,20,54,84,170,340,1100,1100,1200,1200,1200,182,0,11,63.57574350824887,1.8248469568789005,1223.4047380043194,814.8296703296703
1774609943,10,POST,/api/chains/{id}/activate,10.700000,0.000000,9,19,23,26,35,130,150,150,160,160,160,182,0,9,37.508219060268004,1.7208530334755778,1369.636674062349,53.543956043956044
1774609943,10,POST,/api/chains/{id}/deactivate,10.700000,0.000000,5,6,9,11,14,20,26,31,190,190,190,182,0,5,13.404097791843034,1.7163760494440794,416.31201503332704,61.45054945054945
1774609943,10,POST,/api/plugins/batch/parameters (500 updates),8.400000,0.000000,18,44,100,150,210,340,1200,1200,1200,1200,1200,136,0,16,80.15351717425374,4.208920989185572,1195.2297739917412,941.8676470588235
1774609943,10,GET,/api/plugins/discover,1.200000,0.000000,25,25,150,150,150,150,150,150,150,150,150,32,0,25,37.04265419219155,17.093515023589134,199.70884604845196,89708.0
1774609943,10,GET,/api/plugins/list,1.200000,0.000000,16,16,110,110,110,110,110,110,110,110,110,32,0,14,31.071493183844723,1.48758792784065,182.4330739909783,92.59375
1774609943,10,POST,/api/plugins/load?uri,4.100000,0.000000,6,17,19,25,130,150,150,150,150,150,150,65,0,6,30.76889863273559,1.8766500288620591,353.44598500523716,2225.4615384615386
1774609943,10,POST,/api/plugins/unload?uri,4.100000,0.000000,5,8,15,15,18,22,22,22,22,22,22,65,0,5,9.952105601461462,1.7149969935417175,122.86563601810485,126.32307692307693
1774609943,10,,Aggregated,103.800000,0.000000,7,14,19,25,100,160,300,1100,1300,1300,1300,1756,0,8,39.35484440306706,1.3962930534034967,1369.636674062349,1971.493166287016
1774609944,10,GET,/api/audio/latency,15.400000,0.000000,4,9,16,22,140,150,160,190,1300,1300,1300,278,0,5,28.12288441232962,1.3962930534034967,1258.0146469408646,33.0
1774609944,10,GET,/api/audio/levels,15.400000,0.000000,8,18,26,65,140,170,1200,1200,1200,1200,1200,278,0,8,56.52637592610642,1.4767780667170882,1324.4873579824343,76.46043165467626
1774609944,10,GET,/api/audio/levels (during plugin swap),3.800000,0.000000,8,13,45,50,88,160,170,170,170,170,170,71,0,10,54.187789265866535,1.4752720016986132,1265.6072209356353,76.84507042253522
1774609944,10,GET,/api/audio/levels/plugins,3.800000,0.000000,5,9,13,15,19,26,30,30,30,30,30,71,0,6,15.282758434539215,1.44933199044317,352.38280601333827,20.774647887323944
1774609944,10,GET,/api/audio/status,10.000000,0.000000,6,11,12,15,18,19,24,24,25,25,25,196,0,6,10.674993991637983,1.4223200269043446,200.41312708053738,303.0
1774609944,10,GET,/api/chains/,0.800000,0.000000,87,87,140,140,140,140,140,140,140,140,140,32,0,16,122.26778624608414,2.051791991107166,836.422679014504,1478.15625
1774609944,10,GET,/api/chains/{id},10.000000,0.000000,11,21,55,84,160,190,1100,1100,1200,1200,1200,196,0,12,65.54555170159615,1.8248469568789005,1223.4047380043194,816.1683673469388
1774609944,10,POST,/api/chains/{id}/activate,10.000000,0.000000,9,21,22,24,38,150,150,160,170,170,170,196,0,10,38.85694094862295,1.7208530334755778,1369.636674062349,53.75
1774609944,10,POST,/api/chains/{id}/deactivate,10.000000,0.000000,5,6,11,12,17,24,26,31,190,190,190,196,0,6,13.291818296479784,1.7163760494440794,416.31201503332704,61.234693877551024
1774609944,10,POST,/api/plugins/batch/parameters (500 updates),8.800000,0.000000,17,35,76,110,180,240,1200,1200,1200,1200,1200,139,0,17,79.06028324999451,4.208920989185572,1195.2297739917412,940.5323741007194
1774609944,10,GET,/api/plugins/discover,0.800000,0.000000,25,25,150,150,150,150,150,150,150,150,150,32,0,25,37.04265419219155,17.093515023589134,199.70884604845196,89708.0
1774609944,10,GET,/api/plugins/list,0.800000,0.000000,16,16,110,110,110,110,110,110,110,110,110,32,0,14,31.071493183844723,1.48758792784065,182.4330739909783,92.59375
1774609944,10,POST,/api/plugins/load?uri,3.800000,0.000000,5,17,18,19,37,150,150,150,150,150,150,71,0,6,33.024335225952235,1.8766500288620591,353.44598500523716,2198.5774647887324
1774609944,10,POST,/api/plugins/unload?uri,3.800000,0.000000,5,8,14,15,20,22,22,22,22,22,22,71,0,5,10.000776804485161,1.7149969935417175,122.86563601810485,126.22535211267606
1774609944,10,,Aggregated,97.200000,0.000000,7,14,19,23,90,150,190,1100,1300,1300,1300,1859,0,8,39.678144825468635,1.3962930534034967,1369.636674062349,1880.564819795589
1774609945,10,GET,/api/audio/latency,17.000000,0.000000,5,13,21,24,140,150,160,190,1300,1300,1300,297,0,5,26.931244368831116,1.3962930534034967,1258.0146469408646,33.0
1774609945,10,GET,/api/audio/levels,16.900000,0.000000,9,19,62,89,150,170,1200,1200,1200,1200,1200,297,0,8,55.49036784125774,1.4767780667170882,1324.4873579824343,76.63299663299664
1774609945,10,GET,/api/audio/levels (during plugin swap),3.800000,0.000000,9,29,50,72,110,160,170,170,170,170,170,74,0,10,53.8253202134542,1.4752720016986132,1265.6072209356353,76.86486486486487
1774609945,10,GET,/api/audio/levels/plugins,3.800000,0.000000,7,10,15,17,19,26,30,30,30,30,30,74,0,5,14.973001955769252,1.44933199044317,352.38280601333827,21.027027027027028
1774609945,10,GET,/api/audio/status,11.000000,0.000000,6,11,12,15,18,19,24,24,25,25,25,217,0,6,10.182092098781006,1.4126570895314217,200.41312708053738,303.0
1774609945,10,GET,/api/chains/,0.500000,0.000000,37,37,37,37,37,37,37,37,37,37,37,32,0,16,122.26778624608414,2.051791991107166,836.422679014504,1478.15625
1774609945,10,GET,/api/chains/{id},10.800000,0.000000,10,23,55,84,160,190,1100,1100,1200,1200,1200,217,0,11,61.009660241417244,1.8248469568789005,1223.4047380043194,811.7557603686636
1774609945,10,POST,/api/chains/{id}/activate,10.800000,0.000000,9,20,22,25,38,150,150,160,170,170,170,217,0,9,35.90409375066238,1.7208530334755778,1369.636674062349,53.894009216589865
1774609945,10,POST,/api/chains/{id}/deactivate,10.900000,0.000000,4,7,10,11,14,23,25,26,190,190,190,217,0,5,12.394719964219473,1.7163760494440794,416.31201503332704,61.30875576036866
1774609945,10,POST,/api/plugins/batch/parameters (500 updates),9.500000,0.000000,18,39,92,120,190,260,1200,1200,1200,1200,1200,148,0,16,74.96313139091473,4.208920989185572,1195.2297739917412,937.1148648648649
1774609945,10,GET,/api/plugins/discover,0.600000,0.000000,25,25,25,25,25,25,25,25,25,25,25,32,0,25,37.04265419219155,17.093515023589134,199.70884604845196,89708.0
1774609945,10,GET,/api/plugins/list,0.500000,0.000000,16,16,16,16,16,16,16,16,16,16,16,32,0,14,31.071493183844723,1.48758792784065,182.4330739909783,92.59375
1774609945,10,POST,/api/plugins/load?uri,3.800000,0.000000,9,17,25,25,130,150,150,150,150,150,150,74,0,6,32.2268290423184,1.8766500288620591,353.44598500523716,2245.7297297297296
1774609945,10,POST,/api/plugins/unload?uri,3.800000,0.000000,4,8,14,15,20,22,22,22,22,22,22,74,0,5,9.758294204476517,1.7149969935417175,122.86563601810485,126.72972972972973
1774609945,10,,Aggregated,103.700000,0.000000,7,15,20,25,97,150,190,1100,1300,1300,1300,2002,0,8,37.858847124324356,1.3962930534034967,1369.636674062349,1769.1713286713286
1774609946,10,GET,/api/audio/latency,15.300000,0.000000,5,10,18,22,140,150,180,190,1300,1300,1300,311,0,5,27.296049574650585,1.3680720003321767,1258.0146469408646,33.041800643086816
1774609946,10,GET,/api/audio/levels,15.300000,0.000000,8,16,22,65,150,180,1200,1200,1200,1200,1200,311,0,9,54.87929274877563,1.4257619623094797,1324.4873579824343,76.67845659163987
1774609946,10,GET,/api/audio/levels (during plugin swap),3.800000,0.000000,10,38,76,80,130,160,170,170,170,170,170,78,0,11,55.72530038010042,1.4752720016986132,1265.6072209356353,77.0
1774609946,10,GET,/api/audio/levels/plugins,3.800000,0.000000,8,15,17,18,19,26,30,30,30,30,30,78,0,6,14.897444392912663,1.44933199044317,352.38280601333827,21.0
1774609946,10,GET,/api/audio/status,11.300000,0.000000,5,9,13,15,18,19,23,24,24,24,24,227,0,6,10.053825279029029,1.4126570895314217,200.41312708053738,303.0
1774609946,10,GET,/api/chains/,0.400000,0.000000,37,37,37,37,37,37,37,37,37,37,37,32,0,16,122.26778624608414,2.051791991107166,836.422679014504,1478.15625
1774609946,10,GET,/api/chains/{id},11.300000,0.000000,9,21,55,96,160,190,1100,1100,1200,1200,1200,227,0,11,61.15285698006479,1.8248469568789005,1223.4047380043194,811.590308370044
1774609946,10,POST,/api/chains/{id}/activate,11.300000,0.000000,8,19,22,23,35,150,160,170,190,190,190,227,0,9,37.301620602862094,1.7032159958034754,1369.636674062349,53.83259911894273
1774609946,10,POST,/api/chains/{id}/deactivate,10.800000,0.000000,4,7,11,12,17,23,25,26,190,190,190,227,0,5,12.102457254177311,1.7163760494440794,416.31201503332704,61.33920704845815
1774609946,10,POST,/api/plugins/batch/parameters (500 updates),8.700000,0.000000,22,43,92,110,210,260,1200,1200,1200,1200,1200,157,0,17,76.62146944985696,4.208920989185572,1195.2297739917412,939.140127388535
1774609946,10,GET,/api/plugins/discover,0.400000,0.000000,25,25,25,25,25,25,25,25,25,25,25,32,0,25,37.04265419219155,17.093515023589134,199.70884604845196,89708.0
1774609946,10,GET,/api/plugins/list,0.400000,0.000000,16,16,16,16,16,16,16,16,16,16,16,32,0,14,31.071493183844723,1.48758792784065,182.4330739909783,92.59375
1774609946,10,POST,/api/plugins/load?uri,3.800000,0.000000,9,25,25,26,150,160,160,160,160,160,160,78,0,7,34.94625043673202,1.8766500288620591,353.44598500523716,2206.897435897436
1774609946,10,POST,/api/plugins/unload?uri,3.800000,0.000000,4,10,15,16,20,22,22,22,22,22,22,78,0,5,9.748849167058674,1.7149969935417175,122.86563601810485,126.6025641025641
1774609946,10,,Aggregated,100.400000,0.000000,7,15,19,23,97,160,190,1100,1300,1300,1300,2095,0,8,38.210863221896844,1.3680720003321767,1369.636674062349,1704.6782816229118
1774609947,10,GET,/api/audio/latency,16.400000,0.000000,4,9,17,21,29,150,160,190,1300,1300,1300,330,0,5,26.12176084199525,1.3680720003321767,1258.0146469408646,33.03939393939394
1774609947,10,GET,/api/audio/levels,16.400000,0.000000,7,16,20,59,140,160,180,1200,1200,1200,1200,330,0,8,52.570630582120046,1.4257619623094797,1324.4873579824343,76.58484848484848
1774609947,10,GET,/api/audio/levels (during plugin swap),3.800000,0.000000,9,30,76,86,130,160,170,170,170,170,170,85,0,11,53.80190684295752,1.4739970210939646,1265.6072209356353,77.28235294117647
1774609947,10,GET,/api/audio/levels/plugins,3.800000,0.000000,7,13,17,17,19,26,30,30,30,30,30,85,0,6,14.192670264610035,1.44933199044317,352.38280601333827,21.03529411764706
1774609947,10,GET,/api/audio/status,12.800000,0.000000,5,8,12,14,18,19,24,24,180,180,180,247,0,5,10.365970046278315,1.4126570895314217,200.41312708053738,303.0
1774609947,10,GET,/api/chains/,0.100000,0.000000,37,37,37,37,37,37,37,37,37,37,37,32,0,16,122.26778624608414,2.051791991107166,836.422679014504,1478.15625
1774609947,10,GET,/api/chains/{id},12.800000,0.000000,8,18,34,62,150,170,1100,1100,1200,1200,1200,247,0,10,57.36132835788343,1.8078569555655122,1223.4047380043194,809.1619433198381
1774609947,10,POST,/api/chains/{id}/activate,12.800000,0.000000,6,14,22,22,32,150,160,170,190,190,190,247,0,8,34.79912167609206,1.7032159958034754,1369.636674062349,54.02834008097166
1774609947,10,POST,/api/chains/{id}/deactivate,12.800000,0.000000,4,6,10,11,17,21,25,26,190,190,190,247,0,4,11.59480241926666,1.7163760494440794,416.31201503332704,61.2914979757085
1774609947,10,POST,/api/plugins/batch/parameters (500 updates),9.200000,0.000000,18,39,89,95,200,240,1200,1200,1200,1200,1200,167,0,17,73.86020517804866,4.208920989185572,1195.2297739917412,937.7724550898204
1774609947,10,GET,/api/plugins/discover,0.100000,0.000000,25,25,25,25,25,25,25,25,25,25,25,32,0,25,37.04265419219155,17.093515023589134,199.70884604845196,89708.0
1774609947,10,GET,/api/plugins/list,0.100000,0.000000,16,16,16,16,16,16,16,16,16,16,16,32,0,14,31.071493183844723,1.48758792784065,182.4330739909783,92.59375
1774609947,10,POST,/api/plugins/load?uri,3.800000,0.000000,9,18,25,25,150,160,160,160,160,160,160,85,0,7,32.868525494054396,1.8766500288620591,353.44598500523716,2244.6823529411763
1774609947,10,POST,/api/plugins/unload?uri,3.800000,0.000000,4,6,14,15,20,22,22,22,22,22,22,85,0,5,9.41977920010686,1.7149969935417175,122.86563601810485,127.34117647058824
1774609947,10,,Aggregated,108.700000,0.000000,6,13,18,22,89,150,190,240,1200,1300,1300,2251,0,8,36.40930796140761,1.3680720003321767,1369.636674062349,1611.2265659706798
1774609948,10,GET,/api/audio/latency,15.600000,0.000000,4,13,18,22,130,150,160,190,1300,1300,1300,346,0,5,26.009240115365564,1.3680720003321767,1258.0146469408646,33.03757225433526
1774609948,10,GET,/api/audio/levels,15.600000,0.000000,9,17,28,79,150,180,180,1200,1200,1200,1200,346,0,8,52.10444686101276,1.4257619623094797,1324.4873579824343,76.60693641618496
1774609948,10,GET,/api/audio/levels (during plugin swap),3.400000,0.000000,15,54,80,86,130,160,170,170,170,170,170,91,0,11,52.789442523914786,1.4739970210939646,1265.6072209356353,77.0
1774609948,10,GET,/api/audio/levels/plugins,3.400000,0.000000,7,13,17,18,19,20,26,26,26,26,26,91,0,6,13.83770855430227,1.44933199044317,352.38280601333827,21.0
1774609948,10,GET,/api/audio/status,12.300000,0.000000,5,8,12,14,18,19,23,23,180,180,180,255,0,5,10.348997500670308,1.4126570895314217,200.41312708053738,303.0
1774609948,10,GET,/api/chains/,0.100000,0.000000,37,37,37,37,37,37,37,37,37,37,37,32,0,16,122.26778624608414,2.051791991107166,836.422679014504,1478.15625
1774609948,10,GET,/api/chains/{id},12.300000,0.000000,8,21,55,86,160,170,1100,1100,1200,1200,1200,255,0,10,56.93801135445634,1.8078569555655122,1223.4047380043194,809.8235294117648
1774609948,10,POST,/api/chains/{id}/activate,12.300000,0.000000,7,14,22,22,35,150,160,170,190,190,190,255,0,8,35.00377441592076,1.7032159958034754,1369.636674062349,53.92156862745098
1774609948,10,POST,/api/chains/{id}/deactivate,12.300000,0.000000,4,7,11,12,17,21,24,25,190,190,190,255,0,4,11.478402312187587,1.7163760494440794,416.31201503332704,61.31372549019608
1774609948,10,POST,/api/plugins/batch/parameters (500 updates),8.400000,0.000000,23,60,93,110,200,240,1200,1200,1200,1200,1200,181,0,17,74.15443155541502,4.208920989185572,1195.2297739917412,935.2265193370166
1774609948,10,GET,/api/plugins/discover,0.100000,0.000000,25,25,25,25,25,25,25,25,25,25,25,32,0,25,37.04265419219155,17.093515023589134,199.70884604845196,89708.0
1774609948,10,GET,/api/plugins/list,0.100000,0.000000,16,16,16,16,16,16,16,16,16,16,16,32,0,14,31.071493183844723,1.48758792784065,182.4330739909783,92.59375
1774609948,10,POST,/api/plugins/load?uri,3.400000,0.000000,15,21,25,37,150,160,160,160,160,160,160,91,0,8,34.12624196773702,1.8766500288620591,353.44598500523716,2266.923076923077
1774609948,10,POST,/api/plugins/unload?uri,3.500000,0.000000,4,9,13,15,18,21,22,22,22,22,22,91,0,5,9.202923153649893,1.7149969935417175,122.86563601810485,127.24175824175825
1774609948,10,,Aggregated,102.800000,0.000000,7,14,19,23,100,160,190,240,1200,1300,1300,2353,0,8,36.361528592925524,1.3680720003321767,1369.636674062349,1558.892902677433
1774609949,10,GET,/api/audio/latency,15.600000,0.000000,3,8,15,19,27,150,160,180,190,190,190,359,0,5,25.16984287454827,1.3680720003321767,1258.0146469408646,33.03621169916435
1774609949,10,GET,/api/audio/levels,15.600000,0.000000,6,15,19,28,120,160,180,180,180,180,180,359,0,7,50.35913376037737,1.4257619623094797,1324.4873579824343,76.5125348189415
1774609949,10,GET,/api/audio/levels (during plugin swap),3.400000,0.000000,15,38,80,86,130,160,170,170,170,170,170,95,0,11,50.977316669090406,1.4739970210939646,1265.6072209356353,76.96842105263158
1774609949,10,GET,/api/audio/levels/plugins,3.400000,0.000000,4,11,17,17,19,19,20,20,20,20,20,95,0,5,13.337570057544662,1.44933199044317,352.38280601333827,20.978947368421053
1774609949,10,GET,/api/audio/status,12.300000,0.000000,5,8,13,15,18,19,23,23,180,180,180,263,0,5,10.225741910666738,1.4126570895314217,200.41312708053738,303.0
1774609949,10,GET,/api/chains/,0.100000,0.000000,37,37,37,37,37,37,37,37,37,37,37,32,0,16,122.26778624608414,2.051791991107166,836.422679014504,1478.15625
1774609949,10,GET,/api/chains/{id},12.300000,0.000000,8,16,25,58,140,170,190,190,190,190,190,264,0,10,55.31835746748556,1.8078569555655122,1223.4047380043194,809.4431818181819
1774609949,10,POST,/api/chains/{id}/activate,12.300000,0.000000,6,12,21,22,30,150,160,170,190,190,190,263,0,8,34.096457072561996,1.7032159958034754,1369.636674062349,54.106463878327
1774609949,10,POST,/api/chains/{id}/deactivate,12.300000,0.000000,4,7,11,12,17,21,24,25,190,190,190,263,0,4,11.325289881274728,1.7163760494440794,416.31201503332704,61.239543726235745
1774609949,10,POST,/api/plugins/batch/parameters (500 updates),8.400000,0.000000,17,39,88,92,170,220,240,260,260,260,260,184,0,17,73.18558113310364,4.208920989185572,1195.2297739917412,934.7608695652174
1774609949,10,GET,/api/plugins/discover,0.100000,0.000000,25,25,25,25,25,25,25,25,25,25,25,32,0,25,37.04265419219155,17.093515023589134,199.70884604845196,89708.0
1774609949,10,GET,/api/plugins/list,0.100000,0.000000,16,16,16,16,16,16,16,16,16,16,16,32,0,14,31.071493183844723,1.48758792784065,182.4330739909783,92.59375
1774609949,10,POST,/api/plugins/load?uri,3.400000,0.000000,9,17,25,25,150,160,160,160,160,160,160,95,0,6,32.80658702194495,1.8766500288620591,353.44598500523716,2231.4315789473685
1774609949,10,POST,/api/plugins/unload?uri,3.500000,0.000000,4,7,12,14,18,21,22,22,22,22,22,95,0,4,9.002510905510894,1.7149969935417175,122.86563601810485,127.4421052631579
1774609949,10,,Aggregated,102.800000,0.000000,6,13,18,21,81,150,170,190,240,260,260,2431,0,7,35.3740789392252,1.3680720003321767,1369.636674062349,1517.6306046894283
1774609950,10,GET,/api/audio/latency,15.400000,0.000000,4,15,19,22,27,150,160,180,190,190,190,365,0,5,25.055208152848973,1.3680720003321767,1258.0146469408646,33.035616438356165
1774609950,10,GET,/api/audio/levels,15.300000,0.000000,7,17,29,79,150,180,1100,1200,1200,1200,1200,367,0,7,62.12137994732028,1.4257619623094797,1324.4873579824343,76.61307901907357
1774609950,10,GET,/api/audio/levels (during plugin swap),3.700000,0.000000,20,80,88,120,170,1100,1200,1200,1200,1200,1200,98,0,11,83.71111060782545,1.4739970210939646,1265.6072209356353,77.24489795918367
1774609950,10,GET,/api/audio/levels/plugins,3.700000,0.000000,4,15,17,17,19,19,20,20,20,20,20,98,0,5,13.261334737762809,1.44933199044317,352.38280601333827,20.897959183673468
1774609950,10,GET,/api/audio/status,12.800000,0.000000,5,9,13,15,18,20,23,23,180,180,180,265,0,5,10.190423341678843,1.4126570895314217,200.41312708053738,303.0
1774609950,10,GET,/api/chains/,0.000000,0.000000,37,37,37,37,37,37,37,37,37,37,37,32,0,16,122.26778624608414,2.051791991107166,836.422679014504,1478.15625
1774609950,10,GET,/api/chains/{id},12.800000,0.000000,8,21,53,71,150,170,190,190,190,190,190,265,0,10,55.3240712920977,1.8078569555655122,1223.4047380043194,809.1056603773585
1774609950,10,POST,/api/chains/{id}/activate,12.800000,0.000000,6,13,21,22,140,160,170,190,1300,1300,1300,265,0,8,38.66791142291337,1.7032159958034754,1369.636674062349,54.056603773584904
1774609950,10,POST,/api/chains/{id}/deactivate,12.700000,0.000000,4,7,11,12,17,21,24,25,190,190,190,265,0,4,11.29871563731148,1.7163760494440794,416.31201503332704,61.24528301886792
1774609950,10,POST,/api/plugins/batch/parameters (500 updates),9.500000,0.000000,23,55,92,95,200,240,1200,1300,1300,1300,1300,187,0,17,85.16262901291988,4.208920989185572,1251.853258931078,935.0106951871658
1774609950,10,GET,/api/plugins/discover,0.000000,0.000000,25,25,25,25,25,25,25,25,25,25,25,32,0,25,37.04265419219155,17.093515023589134,199.70884604845196,89708.0
1774609950,10,GET,/api/plugins/list,0.000000,0.000000,16,16,16,16,16,16,16,16,16,16,16,32,0,14,31.071493183844723,1.48758792784065,182.4330739909783,92.59375
1774609950,10,POST,/api/plugins/load?uri,3.700000,0.000000,16,21,25,25,150,160,160,160,160,160,160,98,0,7,32.45175602294657,1.8766500288620591,353.44598500523716,2205.408163265306
1774609950,10,POST,/api/plugins/unload?uri,3.700000,0.000000,4,9,12,13,18,21,22,22,22,22,22,98,0,4,8.933123223702138,1.7149969935417175,122.86563601810485,127.37755102040816
1774609950,10,,Aggregated,106.100000,0.000000,6,15,19,23,100,160,190,1000,1300,1300,1300,2467,0,8,39.77415726661122,1.3680720003321767,1369.636674062349,1499.5687069314959
1774609951,10,GET,/api/audio/latency,17.400000,0.000000,4,13,18,21,26,140,150,180,190,190,190,380,0,5,25.130940586524574,1.3680720003321767,1258.0146469408646,33.03421052631579
1774609951,10,GET,/api/audio/levels,17.300000,0.000000,7,15,26,70,130,170,1100,1200,1200,1200,1200,380,0,8,61.36306812037028,1.4257619623094797,1324.4873579824343,76.59210526315789
1774609951,10,GET,/api/audio/levels (during plugin swap),4.400000,0.000000,20,74,88,110,160,1000,1200,1200,1200,1200,1200,108,0,13,79.74855997599661,1.4739970210939646,1265.6072209356353,77.45370370370371
1774609951,10,GET,/api/audio/levels/plugins,4.400000,0.000000,7,15,17,18,19,20,140,140,140,140,140,108,0,5,14.152135680584857,1.3929210836067796,352.38280601333827,20.5
1774609951,10,GET,/api/audio/status,13.900000,0.000000,4,7,12,15,18,21,23,150,180,180,180,277,0,5,10.469820316366528,1.4126570895314217,200.41312708053738,303.0469314079422
1774609951,10,GET,/api/chains/,0.000000,0.000000,37,37,37,37,37,37,37,37,37,37,37,32,0,16,122.26778624608414,2.051791991107166,836.422679014504,1478.15625
1774609951,10,GET,/api/chains/{id},14.000000,0.000000,7,17,25,58,140,170,190,190,190,190,190,277,0,10,54.03761057114222,1.8078569555655122,1223.4047380043194,807.1516245487364
1774609951,10,POST,/api/chains/{id}/activate,13.900000,0.000000,5,9,20,22,150,160,190,190,1300,1300,1300,277,0,8,38.54047585344312,1.7032159958034754,1369.636674062349,54.04332129963899
1774609951,10,POST,/api/chains/{id}/deactivate,13.900000,0.000000,4,7,10,12,17,21,25,26,190,190,190,277,0,4,11.174333172964625,1.7163760494440794,416.31201503332704,61.27797833935018
1774609951,10,POST,/api/plugins/batch/parameters (500 updates),9.900000,0.000000,16,39,79,93,190,230,1200,1300,1300,1300,1300,196,0,17,83.89401023587384,4.205934936180711,1251.853258931078,935.2602040816327
1774609951,10,GET,/api/plugins/discover,0.000000,0.000000,25,25,25,25,25,25,25,25,25,25,25,32,0,25,37.04265419219155,17.093515023589134,199.70884604845196,89708.0
1774609951,10,GET,/api/plugins/list,0.000000,0.000000,16,16,16,16,16,16,16,16,16,16,16,32,0,14,31.071493183844723,1.48758792784065,182.4330739909783,92.59375
1774609951,10,POST,/api/plugins/load?uri,4.400000,0.000000,17,21,25,140,150,160,200,200,200,200,200,108,0,9,34.59011965875376,1.8704799003899097,353.44598500523716,2266.722222222222
1774609951,10,POST,/api/plugins/unload?uri,4.400000,0.000000,4,9,12,13,16,18,22,22,22,22,22,108,0,5,8.747648645011294,1.7149969935417175,122.86563601810485,127.20370370370371
1774609951,10,,Aggregated,117.900000,0.000000,6,14,18,22,95,150,190,240,1300,1300,1300,2592,0,8,39.29957012138559,1.3680720003321767,1369.636674062349,1448.4880401234568
1774609952,10,GET,/api/audio/latency,15.300000,0.000000,5,15,19,22,27,140,150,180,190,190,190,395,0,5,24.36717383304163,1.3680720003321767,1258.0146469408646,33.03291139240506
1774609952,10,GET,/api/audio/levels,15.300000,0.000000,8,18,49,90,140,170,1100,1200,1200,1200,1200,395,0,7,59.52268723675486,1.4257619623094797,1324.4873579824343,76.62025316455696
1774609952,10,GET,/api/audio/levels (during plugin swap),4.000000,0.000000,20,80,96,100,160,1000,1200,1200,1200,1200,1200,111,0,13,78.61039226534902,1.4739970210939646,1265.6072209356353,77.45045045045045
1774609952,10,GET,/api/audio/levels/plugins,4.000000,0.000000,4,15,17,17,19,20,140,140,140,140,140,111,0,5,13.945610167013967,1.3929210836067796,352.38280601333827,20.55855855855856
1774609952,10,GET,/api/audio/status,12.800000,0.000000,6,8,14,15,18,23,120,150,180,180,180,294,0,5,10.992687038735163,1.4126570895314217,200.41312708053738,303.0442176870748
1774609952,10,GET,/api/chains/,0.000000,0.000000,37,37,37,37,37,37,37,37,37,37,37,32,0,16,122.26778624608414,2.051791991107166,836.422679014504,1478.15625
1774609952,10,GET,/api/chains/{id},12.800000,0.000000,9,22,62,79,150,170,190,190,190,190,190,294,0,10,53.53040471958111,1.8078569555655122,1223.4047380043194,806.9183673469388
1774609952,10,POST,/api/chains/{id}/activate,12.700000,0.000000,6,16,22,22,150,160,190,190,1300,1300,1300,294,0,8,37.78689894049118,1.7032159958034754,1369.636674062349,54.13265306122449
1774609952,10,POST,/api/chains/{id}/deactivate,12.800000,0.000000,4,7,10,12,19,24,100,100,190,190,190,294,0,5,11.58307905888603,1.7163760494440794,416.31201503332704,61.234693877551024
1774609952,10,POST,/api/plugins/batch/parameters (500 updates),8.700000,0.000000,24,55,92,96,200,230,1200,1300,1300,1300,1300,204,0,17,82.55626770722516,4.205934936180711,1251.853258931078,938.6421568627451
1774609952,10,GET,/api/plugins/discover,0.000000,0.000000,25,25,25,25,25,25,25,25,25,25,25,32,0,25,37.04265419219155,17.093515023589134,199.70884604845196,89708.0
1774609952,10,GET,/api/plugins/list,0.000000,0.000000,16,16,16,16,16,16,16,16,16,16,16,32,0,14,31.071493183844723,1.48758792784065,182.4330739909783,92.59375
1774609952,10,POST,/api/plugins/load?uri,4.000000,0.000000,17,22,25,26,150,160,200,200,200,200,200,111,0,9,34.06858599224539,1.8704799003899097,353.44598500523716,2356.4144144144143
1774609952,10,POST,/api/plugins/unload?uri,4.000000,0.000000,4,9,12,12,16,21,100,100,100,100,100,111,0,5,9.479594023621365,1.7149969935417175,122.86563601810485,127.22522522522523
1774609952,10,,Aggregated,106.400000,0.000000,7,15,21,23,110,150,190,1000,1300,1300,1300,2710,0,7,38.62078316282907,1.3680720003321767,1369.636674062349,1403.1461254612545
1774609953,10,GET,/api/audio/latency,14.500000,0.000000,5,14,18,21,130,140,160,160,180,180,180,414,0,5,26.215828743994972,1.3680720003321767,1258.0146469408646,33.06280193236715
1774609953,10,GET,/api/audio/levels,14.500000,0.000000,7,17,49,73,130,170,1100,1200,1200,1200,1200,414,0,8,59.20134387895744,1.4257619623094797,1324.4873579824343,76.73671497584542
1774609953,10,GET,/api/audio/levels (during plugin swap),4.500000,0.000000,18,73,86,98,130,1000,1200,1200,1200,1200,1200,113,0,13,77.87618269336171,1.4739970210939646,1265.6072209356353,77.3716814159292
1774609953,10,GET,/api/audio/levels/plugins,4.500000,0.000000,4,14,17,17,19,20,140,140,140,140,140,113,0,5,13.880088128998414,1.3929210836067796,352.38280601333827,20.557522123893804
1774609953,10,GET,/api/audio/status,12.100000,0.000000,3,7,9,12,19,22,120,150,180,180,180,302,0,5,10.8615195279207,1.4126570895314217,200.41312708053738,303.0430463576159
1774609953,10,GET,/api/chains/,0.000000,0.000000,37,37,37,37,37,37,37,37,37,37,37,32,0,16,122.26778624608414,2.051791991107166,836.422679014504,1478.15625
1774609953,10,GET,/api/chains/{id},12.100000,0.000000,6,15,21,27,120,150,170,180,190,190,190,302,0,10,52.84888522671721,1.8078569555655122,1223.4047380043194,806.9536423841059
1774609953,10,POST,/api/chains/{id}/activate,12.100000,0.000000,5,8,15,19,140,160,190,190,1300,1300,1300,302,0,8,37.37929006437123,1.7032159958034754,1369.636674062349,54.12251655629139
1774609953,10,POST,/api/chains/{id}/deactivate,12.100000,0.000000,4,6,10,11,17,21,26,100,100,100,100,302,0,4,11.393155510975234,1.7163760494440794,416.31201503332704,61.17218543046358
1774609953,10,POST,/api/plugins/batch/parameters (500 updates),8.600000,0.000000,22,39,88,93,180,220,1200,1300,1300,1300,1300,219,0,17,79.14281296692619,4.205934936180711,1251.853258931078,936.662100456621
1774609953,10,GET,/api/plugins/discover,0.000000,0.000000,25,25,25,25,25,25,25,25,25,25,25,32,0,25,37.04265419219155,17.093515023589134,199.70884604845196,89708.0
1774609953,10,GET,/api/plugins/list,0.000000,0.000000,16,16,16,16,16,16,16,16,16,16,16,32,0,14,31.071493183844723,1.48758792784065,182.4330739909783,92.59375
1774609953,10,POST,/api/plugins/load?uri,4.500000,0.000000,15,21,22,25,140,160,200,200,200,200,200,113,0,9,33.530245355816675,1.8704799003899097,353.44598500523716,2413.8938053097345
1774609953,10,POST,/api/plugins/unload?uri,4.500000,0.000000,4,7,10,12,14,16,100,100,100,100,100,113,0,5,9.41435830663494,1.7149969935417175,122.86563601810485,127.52212389380531
1774609953,10,,Aggregated,104.000000,0.000000,6,13,18,22,100,150,190,1000,1300,1300,1300,2803,0,8,38.522378522299675,1.3680720003321767,1369.636674062349,1369.885836603639
1774609954,10,GET,/api/audio/latency,15.300000,0.000000,5,15,20,23,99,140,160,160,180,180,180,438,0,5,25.851553773505348,1.3680720003321767,1258.0146469408646,33.05936073059361
1774609954,10,GET,/api/audio/levels,15.300000,0.000000,7,17,62,82,130,170,1100,1200,1200,1200,1200,439,0,7,57.22603576357534,1.4257619623094797,1324.4873579824343,76.67198177676538
1774609954,10,GET,/api/audio/levels (during plugin swap),4.700000,0.000000,17,73,86,98,130,1000,1200,1200,1200,1200,1200,117,0,11,75.35138296890749,1.4739970210939646,1265.6072209356353,77.22222222222223
1774609954,10,GET,/api/audio/levels/plugins,4.700000,0.000000,6,14,17,17,19,20,140,140,140,140,140,117,0,5,13.541220824640149,1.3929210836067796,352.38280601333827,20.555555555555557
1774609954,10,GET,/api/audio/status,12.900000,0.000000,4,8,12,14,21,97,120,150,180,180,180,315,0,5,11.528941537697046,1.4126570895314217,200.41312708053738,303.04126984126987
1774609954,10,GET,/api/chains/,0.000000,0.000000,37,37,37,37,37,37,37,37,37,37,37,32,0,16,122.26778624608414,2.051791991107166,836.422679014504,1478.15625
1774609954,10,GET,/api/chains/{id},12.900000,0.000000,9,15,23,64,130,160,170,180,190,190,190,317,0,9,51.72450499857368,1.8078569555655122,1223.4047380043194,806.1829652996845
1774609954,10,POST,/api/chains/{id}/activate,12.900000,0.000000,6,11,19,22,140,160,190,190,1300,1300,1300,316,0,8,36.72759927981651,1.7032159958034754,1369.636674062349,54.14556962025316
1774609954,10,POST,/api/chains/{id}/deactivate,12.900000,0.000000,4,7,10,13,19,21,100,100,100,100,100,314,0,4,11.272625734430447,1.7163760494440794,416.31201503332704,61.12420382165605
1774609954,10,POST,/api/plugins/batch/parameters (500 updates),8.000000,0.000000,26,55,92,96,190,230,1200,1300,1300,1300,1300,226,0,17,77.9567836887879,4.205934936180711,1251.853258931078,937.6902654867257
1774609954,10,GET,/api/plugins/discover,0.000000,0.000000,25,25,25,25,25,25,25,25,25,25,25,32,0,25,37.04265419219155,17.093515023589134,199.70884604845196,89708.0
1774609954,10,GET,/api/plugins/list,0.000000,0.000000,16,16,16,16,16,16,16,16,16,16,16,32,0,14,31.071493183844723,1.48758792784065,182.4330739909783,92.59375
1774609954,10,POST,/api/plugins/load?uri,4.700000,0.000000,15,21,22,25,140,160,200,200,200,200,200,117,0,8,32.615423574645675,1.8356849905103445,353.44598500523716,2378.769230769231
1774609954,10,POST,/api/plugins/unload?uri,4.700000,0.000000,5,9,10,12,15,18,100,100,100,100,100,117,0,5,9.460385227138097,1.7149969935417175,122.86563601810485,127.47008547008546
1774609954,10,,Aggregated,109.000000,0.000000,7,15,20,25,100,150,190,1000,1300,1300,1300,2929,0,7,37.77834757193179,1.3680720003321767,1369.636674062349,1322.2833731649027
1774609955,10,GET,/api/audio/latency,14.200000,0.000000,4,14,17,21,130,140,160,160,190,190,190,453,0,5,26.635630370557685,1.3680720003321767,1258.0146469408646,33.05739514348786
1774609955,10,GET,/api/audio/levels,14.300000,0.000000,6,14,49,70,120,150,1100,1200,1200,1200,1200,454,0,7,56.680039548323315,1.4257619623094797,1324.4873579824343,76.72246696035242
1774609955,10,GET,/api/audio/levels (during plugin swap),4.900000,0.000000,16,54,74,86,110,1000,1200,1200,1200,1200,1200,120,0,11,74.74981696868781,1.4739970210939646,1265.6072209356353,77.33333333333333
1774609955,10,GET,/api/audio/levels/plugins,4.900000,0.000000,6,13,15,17,19,20,140,140,140,140,140,120,0,6,13.634095120748194,1.3929210836067796,352.38280601333827,20.5
1774609955,10,GET,/api/audio/status,11.900000,0.000000,4,8,14,15,28,110,170,180,190,190,190,327,0,5,12.586472102082036,1.4126570895314217,200.41312708053738,303.03975535168195
1774609955,10,GET,/api/chains/,0.000000,0.000000,0,0,0,0,0,0,0,0,0,0,0,32,0,16,122.26778624608414,2.051791991107166,836.422679014504,1478.15625
1774609955,10,GET,/api/chains/{id},11.900000,0.000000,9,15,23,63,110,140,170,170,180,180,180,327,0,10,51.91014923186636,1.8078569555655122,1223.4047380043194,805.1620795107034
1774609955,10,POST,/api/chains/{id}/activate,11.900000,0.000000,6,12,19,22,140,150,190,190,1300,1300,1300,327,0,8,38.24820745108359,1.7032159958034754,1369.636674062349,54.03669724770642
1774609955,10,POST,/api/chains/{id}/deactivate,12.000000,0.000000,5,9,12,15,20,26,100,150,190,190,190,327,0,5,12.270308239955101,1.7163760494440794,416.31201503332704,61.15902140672783
1774609955,10,POST,/api/plugins/batch/parameters (500 updates),7.800000,0.000000,20,36,79,89,160,200,1200,1300,1300,1300,1300,232,0,17,76.44651741730772,4.205934936180711,1251.853258931078,936.2284482758621
1774609955,10,GET,/api/plugins/discover,0.000000,0.000000,0,0,0,0,0,0,0,0,0,0,0,32,0,25,37.04265419219155,17.093515023589134,199.70884604845196,89708.0
1774609955,10,GET,/api/plugins/list,0.000000,0.000000,0,0,0,0,0,0,0,0,0,0,0,32,0,14,31.071493183844723,1.48758792784065,182.4330739909783,92.59375
1774609955,10,POST,/api/plugins/load?uri,4.900000,0.000000,15,21,22,22,140,140,200,200,200,200,200,120,0,9,33.5753040931498,1.8356849905103445,353.44598500523716,2470.9666666666667
1774609955,10,POST,/api/plugins/unload?uri,4.900000,0.000000,5,9,10,12,14,20,100,100,100,100,100,120,0,5,9.456513513578102,1.7149969935417175,122.86563601810485,127.78333333333333
1774609955,10,,Aggregated,103.600000,0.000000,6,14,20,23,100,140,190,1000,1300,1300,1300,3023,0,8,38.0437743302134,1.3680720003321767,1369.636674062349,1293.9374793251736
1774609956,10,GET,/api/audio/latency,15.600000,0.000000,6,15,18,21,130,150,160,160,190,190,190,482,0,5,25.78407811113011,1.3680720003321767,1258.0146469408646,33.053941908713696
1774609956,10,GET,/api/audio/levels,15.600000,0.000000,7,17,58,71,120,150,1100,1200,1200,1200,1200,482,0,7,54.49761585858979,1.4257619623094797,1324.4873579824343,76.61410788381743
1774609956,10,GET,/api/audio/levels (during plugin swap),4.800000,0.000000,16,62,81,96,130,1000,1200,1200,1200,1200,1200,130,0,11,71.36373706430626,1.4739970210939646,1265.6072209356353,77.1
1774609956,10,GET,/api/audio/levels/plugins,4.800000,0.000000,6,12,15,17,19,20,140,140,140,140,140,130,0,5,13.004297644007378,1.3929210836067796,352.38280601333827,20.4
1774609956,10,GET,/api/audio/status,11.800000,0.000000,6,10,15,19,96,150,180,190,190,190,190,335,0,5,12.857369406829909,1.4126570895314217,200.41312708053738,303.0776119402985
1774609956,10,GET,/api/chains/,0.000000,0.000000,0,0,0,0,0,0,0,0,0,0,0,32,0,16,122.26778624608414,2.051791991107166,836.422679014504,1478.15625
1774609956,10,GET,/api/chains/{id},11.800000,0.000000,9,19,57,70,110,150,170,180,180,180,180,335,0,10,50.8935941400618,1.8078569555655122,1223.4047380043194,805.2298507462687
1774609956,10,POST,/api/chains/{id}/activate,11.800000,0.000000,8,17,22,33,140,150,190,1300,1300,1300,1300,335,0,8,37.57074474454371,1.7032159958034754,1369.636674062349,53.95522388059702
1774609956,10,POST,/api/chains/{id}/deactivate,12.300000,0.000000,6,10,14,16,21,29,150,190,190,190,190,335,0,5,12.110305685591676,1.7163760494440794,416.31201503332704,61.1044776119403
1774609956,10,POST,/api/plugins/batch/parameters (500 updates),8.500000,0.000000,22,44,88,100,160,200,1200,1300,1300,1300,1300,239,0,17,75.44088979869318,4.205934936180711,1251.853258931078,937.2970711297071
1774609956,10,GET,/api/plugins/discover,0.000000,0.000000,0,0,0,0,0,0,0,0,0,0,0,32,0,25,37.04265419219155,17.093515023589134,199.70884604845196,89708.0
1774609956,10,GET,/api/plugins/list,0.000000,0.000000,0,0,0,0,0,0,0,0,0,0,0,32,0,14,31.071493183844723,1.48758792784065,182.4330739909783,92.59375
1774609956,10,POST,/api/plugins/load?uri,4.800000,0.000000,10,21,21,22,140,140,200,200,200,200,200,130,0,8,31.5731151181703,1.8134090350940824,353.44598500523716,2390.846153846154
1774609956,10,POST,/api/plugins/unload?uri,4.800000,0.000000,7,10,13,13,20,100,150,150,150,150,150,130,0,5,11.508728098124266,1.7149969935417175,147.75159501004964,127.66153846153846
1774609956,10,,Aggregated,106.600000,0.000000,8,15,21,28,110,150,190,1000,1300,1300,1300,3159,0,7,37.15941115660135,1.3680720003321767,1369.636674062349,1249.6685660018993
1774609957,10,GET,/api/audio/latency,15.400000,0.000000,6,15,20,24,150,160,160,170,190,190,190,499,0,5,27.68559627774319,1.3680720003321767,1258.0146469408646,33.052104208416836
1774609957,10,GET,/api/audio/levels,15.500000,0.000000,7,15,54,72,120,150,1100,1200,1200,1200,1200,500,0,8,54.850524745415896,1.4257619623094797,1324.4873579824343,76.562
1774609957,10,GET,/api/audio/levels (during plugin swap),4.600000,0.000000,11,43,73,98,130,1000,1200,1200,1200,1200,1200,133,0,11,71.25182701029668,1.4739970210939646,1265.6072209356353,77.203007518797
1774609957,10,GET,/api/audio/levels/plugins,4.600000,0.000000,6,13,15,16,19,20,140,140,140,140,140,133,0,6,13.04475259021821,1.3929210836067796,352.38280601333827,20.451127819548873
1774609957,10,GET,/api/audio/status,11.000000,0.000000,6,10,15,17,28,120,170,190,190,190,190,344,0,6,12.840618021369284,1.4126570895314217,200.41312708053738,303.0755813953488
1774609957,10,GET,/api/chains/,0.000000,0.000000,0,0,0,0,0,0,0,0,0,0,0,32,0,16,122.26778624608414,2.051791991107166,836.422679014504,1478.15625
1774609957,10,GET,/api/chains/{id},11.000000,0.000000,9,18,45,63,100,130,170,180,180,180,180,346,0,10,50.18668021701244,1.8078569555655122,1223.4047380043194,805.0693641618498
1774609957,10,POST,/api/chains/{id}/activate,11.000000,0.000000,9,17,21,25,140,150,190,1300,1300,1300,1300,345,0,9,36.95369562728033,1.7032159958034754,1369.636674062349,53.98550724637681
1774609957,10,POST,/api/chains/{id}/deactivate,11.000000,0.000000,6,11,13,16,21,29,150,190,190,190,190,344,0,5,12.127286710892804,1.7163760494440794,416.31201503332704,61.127906976744185
1774609957,10,POST,/api/plugins/batch/parameters (500 updates),8.100000,0.000000,15,26,44,79,140,190,1200,1300,1300,1300,1300,246,0,17,74.62976348720778,4.205934936180711,1251.853258931078,936.7560975609756
1774609957,10,GET,/api/plugins/discover,0.000000,0.000000,0,0,0,0,0,0,0,0,0,0,0,32,0,25,37.04265419219155,17.093515023589134,199.70884604845196,89708.0
1774609957,10,GET,/api/plugins/list,0.000000,0.000000,0,0,0,0,0,0,0,0,0,0,0,32,0,14,31.071493183844723,1.48758792784065,182.4330739909783,92.59375
1774609957,10,POST,/api/plugins/load?uri,4.600000,0.000000,10,20,21,22,110,140,200,200,200,200,200,133,0,9,32.35370410025064,1.8134090350940824,353.44598500523716,2421.1503759398497
1774609957,10,POST,/api/plugins/unload?uri,4.600000,0.000000,7,10,12,15,20,100,150,150,150,150,150,133,0,5,11.523630901561924,1.7149969935417175,147.75159501004964,127.55639097744361
1774609957,10,,Aggregated,101.400000,0.000000,8,15,20,25,110,150,180,1000,1300,1300,1300,3252,0,8,37.343550069363005,1.3680720003321767,1369.636674062349,1224.0365928659287
1774609958,10,GET,/api/audio/latency,16.800000,0.000000,6,15,21,25,140,160,160,170,190,190,190,518,0,5,27.546360995710383,1.3680720003321767,1258.0146469408646,33.05019305019305
1774609958,10,GET,/api/audio/levels,16.900000,0.000000,7,17,62,78,120,170,1100,1200,1200,1200,1200,518,0,8,54.25990452656422,1.4257619623094797,1324.4873579824343,76.66409266409266
1774609958,10,GET,/api/audio/levels (during plugin swap),5.000000,0.000000,10,18,62,86,110,1000,1100,1200,1200,1200,1200,141,0,11,67.743962151758,1.4739970210939646,1265.6072209356353,77.05673758865248
1774609958,10,GET,/api/audio/levels/plugins,5.000000,0.000000,5,12,14,15,19,20,21,140,140,140,140,141,0,6,12.620464393353842,1.3929210836067796,352.38280601333827,20.361702127659573
1774609958,10,GET,/api/audio/status,11.000000,0.000000,6,10,15,17,28,110,170,170,190,190,190,358,0,6,12.951775642590565,1.4126570895314217,200.41312708053738,303.07262569832403
1774609958,10,GET,/api/chains/,0.000000,0.000000,0,0,0,0,0,0,0,0,0,0,0,32,0,16,122.26778624608414,2.051791991107166,836.422679014504,1478.15625
1774609958,10,GET,/api/chains/{id},11.000000,0.000000,9,15,23,58,95,120,160,170,180,180,180,358,0,9,48.937996368472824,1.8078569555655122,1223.4047380043194,803.6983240223464
1774609958,10,POST,/api/chains/{id}/activate,11.000000,0.000000,9,16,20,23,99,150,190,190,1300,1300,1300,358,0,8,36.114755603315714,1.7032159958034754,1369.636674062349,54.064245810055866
1774609958,10,POST,/api/chains/{id}/deactivate,11.000000,0.000000,6,10,13,16,21,28,100,150,190,190,190,358,0,5,11.976522077447292,1.7163760494440794,416.31201503332704,60.952513966480446
1774609958,10,POST,/api/plugins/batch/parameters (500 updates),8.000000,0.000000,15,26,44,86,140,190,1200,1300,1300,1300,1300,255,0,17,73.28148141238546,4.205934936180711,1251.853258931078,936.9254901960784
1774609958,10,GET,/api/plugins/discover,0.000000,0.000000,0,0,0,0,0,0,0,0,0,0,0,32,0,25,37.04265419219155,17.093515023589134,199.70884604845196,89708.0
1774609958,10,GET,/api/plugins/list,0.000000,0.000000,0,0,0,0,0,0,0,0,0,0,0,32,0,14,31.071493183844723,1.48758792784065,182.4330739909783,92.59375
1774609958,10,POST,/api/plugins/load?uri,5.000000,0.000000,8,19,21,22,110,140,170,200,200,200,200,141,0,8,31.667530355836323,1.8134090350940824,353.44598500523716,2544.191489361702
1774609958,10,POST,/api/plugins/unload?uri,5.000000,0.000000,5,9,10,13,18,100,150,150,150,150,150,141,0,5,11.078268093063581,1.6602290561422706,147.75159501004964,127.7517730496454
1774609958,10,,Aggregated,105.700000,0.000000,7,15,20,25,100,150,170,230,1300,1300,1300,3383,0,8,36.620278655168164,1.3680720003321767,1369.636674062349,1195.5506946497192
1774609959,10,GET,/api/audio/latency,16.400000,0.000000,8,17,24,64,150,160,160,170,190,190,190,540,0,5,28.57055363064218,1.3680720003321767,1258.0146469408646,33.04814814814815
1774609959,10,GET,/api/audio/levels,16.400000,0.000000,9,28,70,82,120,170,1100,1200,1200,1200,1200,540,0,8,53.678657991716776,1.4257619623094797,1324.4873579824343,76.73148148148148
1774609959,10,GET,/api/audio/levels (during plugin swap),4.900000,0.000000,10,43,73,96,130,1000,1200,1200,1200,1200,1200,142,0,11,67.27844582621375,1.4739970210939646,1265.6072209356353,77.02816901408451
1774609959,10,GET,/api/audio/levels/plugins,4.900000,0.000000,6,14,15,15,19,20,140,140,140,140,140,142,0,5,12.54337134157819,1.3929210836067796,352.38280601333827,20.408450704225352
1774609959,10,GET,/api/audio/status,9.800000,0.000000,5,9,14,17,28,110,170,170,190,190,190,372,0,5,12.632583037659685,1.4126570895314217,200.41312708053738,303.0698924731183
1774609959,10,GET,/api/chains/,0.000000,0.000000,0,0,0,0,0,0,0,0,0,0,0,32,0,16,122.26778624608414,2.051791991107166,836.422679014504,1478.15625
1774609959,10,GET,/api/chains/{id},9.700000,0.000000,9,18,52,64,100,120,160,170,180,180,180,372,0,9,48.140748366100155,1.8078569555655122,1223.4047380043194,803.3978494623656
1774609959,10,POST,/api/chains/{id}/activate,9.700000,0.000000,9,17,21,27,140,150,190,190,1300,1300,1300,372,0,8,35.458027284720075,1.7032159958034754,1369.636674062349,54.153225806451616
1774609959,10,POST,/api/chains/{id}/deactivate,9.800000,0.000000,6,10,14,16,21,28,100,150,190,190,190,372,0,5,11.748820286361822,1.6952760051935911,416.31201503332704,60.99193548387097
1774609959,10,POST,/api/plugins/batch/parameters (500 updates),7.800000,0.000000,19,28,55,89,140,210,1200,1300,1300,1300,1300,260,0,18,73.3924077778983,4.205934936180711,1251.853258931078,936.8807692307693
1774609959,10,GET,/api/plugins/discover,0.000000,0.000000,0,0,0,0,0,0,0,0,0,0,0,32,0,25,37.04265419219155,17.093515023589134,199.70884604845196,89708.0
1774609959,10,GET,/api/plugins/list,0.000000,0.000000,0,0,0,0,0,0,0,0,0,0,0,32,0,14,31.071493183844723,1.48758792784065,182.4330739909783,92.59375
1774609959,10,POST,/api/plugins/load?uri,4.900000,0.000000,10,20,21,22,110,140,200,200,200,200,200,142,0,8,31.45823402176152,1.8134090350940824,353.44598500523716,2530.788732394366
1774609959,10,POST,/api/plugins/unload?uri,4.900000,0.000000,5,9,12,13,20,100,150,150,150,150,150,142,0,5,11.020687452196078,1.6602290561422706,147.75159501004964,127.74647887323944
1774609959,10,,Aggregated,99.200000,0.000000,8,16,22,34,110,150,170,230,1300,1300,1300,3492,0,8,36.404396804125085,1.3680720003321767,1369.636674062349,1165.4003436426117
1774609960,10,GET,/api/audio/latency,16.400000,0.000000,6,15,23,64,150,160,160,170,190,190,190,547,0,5,28.27612571018174,1.3680720003321767,1258.0146469408646,33.04753199268738
1774609960,10,GET,/api/audio/levels,16.400000,0.000000,8,17,63,74,120,140,170,170,170,170,170,547,0,8,53.06662745042525,1.4257619623094797,1324.4873579824343,76.73126142595979
1774609960,10,GET,/api/audio/levels (during plugin swap),4.900000,0.000000,4,11,16,33,100,110,140,140,140,140,140,146,0,10,65.59198307134976,1.4739970210939646,1265.6072209356353,76.91780821917808
1774609960,10,GET,/api/audio/levels/plugins,4.900000,0.000000,4,8,14,14,18,19,19,19,19,19,19,144,0,5,12.46976633006448,1.3929210836067796,352.38280601333827,20.40972222222222
1774609960,10,GET,/api/audio/status,9.800000,0.000000,4,9,14,17,28,110,170,170,190,190,190,379,0,5,12.469663081683297,1.4126570895314217,200.41312708053738,303.06860158311343
1774609960,10,GET,/api/chains/,0.000000,0.000000,0,0,0,0,0,0,0,0,0,0,0,32,0,16,122.26778624608414,2.051791991107166,836.422679014504,1478.15625
1774609960,10,GET,/api/chains/{id},9.700000,0.000000,7,14,26,59,100,120,160,170,180,180,180,379,0,9,47.34560483200402,1.8078569555655122,1223.4047380043194,803.2506596306068
1774609960,10,POST,/api/chains/{id}/activate,9.700000,0.000000,7,14,19,23,78,140,150,160,190,190,190,379,0,8,34.88549447463614,1.7032159958034754,1369.636674062349,54.12928759894459
1774609960,10,POST,/api/chains/{id}/deactivate,9.800000,0.000000,6,10,14,15,21,28,100,150,190,190,190,379,0,5,11.653953589717698,1.6952760051935911,416.31201503332704,61.010554089709764
1774609960,10,POST,/api/plugins/batch/parameters (500 updates),7.800000,0.000000,14,25,36,51,120,160,210,230,230,230,230,268,0,17,71.57132166147635,4.205934936180711,1251.853258931078,937.0932835820895
1774609960,10,GET,/api/plugins/discover,0.000000,0.000000,0,0,0,0,0,0,0,0,0,0,0,32,0,25,37.04265419219155,17.093515023589134,199.70884604845196,89708.0
1774609960,10,GET,/api/plugins/list,0.000000,0.000000,0,0,0,0,0,0,0,0,0,0,0,32,0,14,31.071493183844723,1.48758792784065,182.4330739909783,92.59375
1774609960,10,POST,/api/plugins/load?uri,4.900000,0.000000,4,12,19,21,91,110,170,170,170,170,170,144,0,8,31.146337833585374,1.8134090350940824,353.44598500523716,2511.4930555555557
1774609960,10,POST,/api/plugins/unload?uri,4.900000,0.000000,5,9,13,15,23,150,150,150,150,150,150,144,0,5,10.894998709166734,1.6602290561422706,147.75159501004964,127.61111111111111
1774609960,10,,Aggregated,99.200000,0.000000,6,14,19,25,100,150,160,170,210,230,230,3552,0,7,35.895914346231926,1.3680720003321767,1369.636674062349,1151.2508445945946
1774609961,10,GET,/api/audio/latency,17.100000,0.000000,9,19,29,77,150,160,160,170,190,190,190,551,0,5,28.259389846587382,1.3680720003321767,1258.0146469408646,33.047186932849364
1774609961,10,GET,/api/audio/levels,17.100000,0.000000,10,35,72,84,130,170,1200,1200,1200,1200,1200,551,0,8,61.52422692983355,1.4257619623094797,1324.4873579824343,76.79854809437387
1774609961,10,GET,/api/audio/levels (during plugin swap),4.600000,0.000000,4,11,33,44,110,130,140,140,140,140,140,146,0,10,65.59198307134976,1.4739970210939646,1265.6072209356353,76.91780821917808
1774609961,10,GET,/api/audio/levels/plugins,4.600000,0.000000,6,13,14,15,19,28,29,29,29,29,29,146,0,6,12.684026290503114,1.3929210836067796,352.38280601333827,20.5
1774609961,10,GET,/api/audio/status,10.200000,0.000000,6,14,16,18,95,110,170,190,190,190,190,383,0,5,12.676719222011108,1.4126570895314217,200.41312708053738,303.06788511749346
1774609961,10,GET,/api/chains/,0.000000,0.000000,0,0,0,0,0,0,0,0,0,0,0,32,0,16,122.26778624608414,2.051791991107166,836.422679014504,1478.15625
1774609961,10,GET,/api/chains/{id},10.100000,0.000000,9,19,63,74,110,170,1100,1200,1200,1200,1200,383,0,9,55.569250878267596,1.8078569555655122,1227.9153970303014,803.3002610966057
1774609961,10,POST,/api/chains/{id}/activate,10.200000,0.000000,10,18,25,33,120,150,160,190,190,190,190,383,0,8,35.29881516668469,1.7032159958034754,1369.636674062349,54.06005221932115
1774609961,10,POST,/api/chains/{id}/deactivate,10.100000,0.000000,6,11,15,16,21,29,150,190,190,190,190,383,0,5,11.633745740549566,1.6952760051935911,416.31201503332704,61.02088772845953
1774609961,10,POST,/api/plugins/batch/parameters (500 updates),7.500000,0.000000,16,26,44,79,140,180,230,1200,1200,1200,1200,270,0,17,75.51455331224672,4.205934936180711,1251.853258931078,937.8111111111111
1774609961,10,GET,/api/plugins/discover,0.000000,0.000000,0,0,0,0,0,0,0,0,0,0,0,32,0,25,37.04265419219155,17.093515023589134,199.70884604845196,89708.0
1774609961,10,GET,/api/plugins/list,0.000000,0.000000,0,0,0,0,0,0,0,0,0,0,0,32,0,14,31.071493183844723,1.48758792784065,182.4330739909783,92.59375
1774609961,10,POST,/api/plugins/load?uri,4.600000,0.000000,8,16,21,22,110,1300,1300,1300,1300,1300,1300,146,0,8,48.02852546021164,1.8134090350940824,1264.886795077473,2518.4794520547944
1774609961,10,POST,/api/plugins/unload?uri,4.600000,0.000000,6,9,17,18,110,150,150,150,150,150,150,146,0,5,12.203600275974516,1.6602290561422706,147.75159501004964,127.54794520547945
1774609961,10,,Aggregated,100.700000,0.000000,9,16,24,44,110,150,170,1000,1300,1300,1300,3584,0,8,39.14271462450155,1.3680720003321767,1369.636674062349,1144.8136160714287
1774609962,10,GET,/api/audio/latency,18.800000,0.000000,8,17,25,63,150,160,160,170,190,190,190,566,0,5,28.49123290206829,1.3680720003321767,1258.0146469408646,33.04593639575972
1774609962,10,GET,/api/audio/levels,18.800000,0.000000,8,23,70,81,120,170,1200,1200,1200,1200,1200,566,0,8,61.053630691465955,1.4257619623094797,1324.4873579824343,76.78975265017668
1774609962,10,GET,/api/audio/levels (during plugin swap),5.100000,0.000000,4,11,16,44,110,130,140,140,140,140,140,153,0,10,63.81406757928845,1.4739970210939646,1265.6072209356353,77.07843137254902
1774609962,10,GET,/api/audio/levels/plugins,4.900000,0.000000,6,9,14,14,19,28,29,29,29,29,29,152,0,5,12.368338949990607,1.3929210836067796,352.38280601333827,20.5
1774609962,10,GET,/api/audio/status,11.600000,0.000000,5,10,15,18,28,97,170,170,190,190,190,399,0,5,12.483798363946267,1.4126570895314217,200.41312708053738,303.0651629072682
1774609962,10,GET,/api/chains/,0.000000,0.000000,0,0,0,0,0,0,0,0,0,0,0,32,0,16,122.26778624608414,2.051791991107166,836.422679014504,1478.15625
1774609962,10,GET,/api/chains/{id},11.500000,0.000000,7,12,21,59,100,160,1000,1100,1200,1200,1200,399,0,9,54.675727665720785,1.8078569555655122,1227.9153970303014,802.6215538847118
1774609962,10,POST,/api/chains/{id}/activate,11.600000,0.000000,7,15,20,32,99,150,160,170,190,190,190,399,0,8,35.25770514244144,1.7032159958034754,1369.636674062349,54.17293233082707
1774609962,10,POST,/api/chains/{id}/deactivate,11.600000,0.000000,6,10,14,15,20,26,29,150,190,190,190,399,0,5,11.536855768776478,1.6952760051935911,416.31201503332704,60.99749373433584
1774609962,10,POST,/api/plugins/batch/parameters (500 updates),8.400000,0.000000,14,27,44,68,140,200,230,1200,1200,1200,1200,285,0,17,75.03562046361989,4.205934936180711,1251.853258931078,936.9578947368421
1774609962,10,GET,/api/plugins/discover,0.000000,0.000000,0,0,0,0,0,0,0,0,0,0,0,32,0,25,37.04265419219155,17.093515023589134,199.70884604845196,89708.0
1774609962,10,GET,/api/plugins/list,0.000000,0.000000,0,0,0,0,0,0,0,0,0,0,0,32,0,14,31.071493183844723,1.48758792784065,182.4330739909783,92.59375
1774609962,10,POST,/api/plugins/load?uri,4.900000,0.000000,7,16,21,21,110,1300,1300,1300,1300,1300,1300,153,0,8,46.24995490950015,1.8134090350940824,1264.886795077473,2536.7450980392155
1774609962,10,POST,/api/plugins/unload?uri,4.900000,0.000000,5,9,15,18,110,150,150,150,150,150,150,152,0,5,11.905551199513292,1.6602290561422706,147.75159501004964,127.63157894736842
1774609962,10,,Aggregated,112.100000,0.000000,7,14,20,28,100,150,180,1000,1300,1300,1300,3719,0,7,38.762267796424375,1.3680720003321767,1369.636674062349,1118.492336649637
1774609963,10,GET,/api/audio/latency,17.400000,0.000000,10,19,26,64,150,160,170,190,210,210,210,579,0,5,28.395525189052258,1.3680720003321767,1258.0146469408646,33.04490500863558
1774609963,10,GET,/api/audio/levels,17.400000,0.000000,10,35,74,84,130,170,1200,1200,1200,1200,1200,580,0,8,60.080408795680526,1.4257619623094797,1324.4873579824343,76.78793103448275
1774609963,10,GET,/api/audio/levels (during plugin swap),4.100000,0.000000,4,13,33,69,110,140,180,180,180,180,180,155,0,10,64.17902937204006,1.4739970210939646,1265.6072209356353,77.10967741935484
1774609963,10,GET,/api/audio/levels/plugins,3.900000,0.000000,6,13,14,15,19,28,29,29,29,29,29,155,0,6,12.38903577078975,1.3929210836067796,352.38280601333827,20.54193548387097
1774609963,10,GET,/api/audio/status,10.700000,0.000000,6,11,15,18,28,97,170,170,190,190,190,417,0,5,12.25305393358304,1.4126570895314217,200.41312708053738,303.06235011990407
1774609963,10,GET,/api/chains/,0.000000,0.000000,0,0,0,0,0,0,0,0,0,0,0,32,0,16,122.26778624608414,2.051791991107166,836.422679014504,1478.15625
1774609963,10,GET,/api/chains/{id},10.700000,0.000000,8,16,45,67,110,180,1000,1100,1200,1200,1200,417,0,9,53.992415307094156,1.8078569555655122,1227.9153970303014,801.5923261390888
1774609963,10,POST,/api/chains/{id}/activate,10.700000,0.000000,9,17,21,33,140,150,170,190,210,210,210,417,0,8,34.90752943850634,1.7032159958034754,1369.636674062349,54.18465227817746
1774609963,10,POST,/api/chains/{id}/deactivate,10.700000,0.000000,7,11,15,16,22,29,110,150,190,190,190,417,0,5,12.012140408864052,1.6952760051935911,416.31201503332704,61.040767386091126
1774609963,10,POST,/api/plugins/batch/parameters (500 updates),7.600000,0.000000,19,30,62,89,150,200,230,1200,1200,1200,1200,294,0,17,74.1813432244698,4.205934936180711,1251.853258931078,937.6632653061224
1774609963,10,GET,/api/plugins/discover,0.000000,0.000000,0,0,0,0,0,0,0,0,0,0,0,32,0,25,37.04265419219155,17.093515023589134,199.70884604845196,89708.0
1774609963,10,GET,/api/plugins/list,0.000000,0.000000,0,0,0,0,0,0,0,0,0,0,0,32,0,14,31.071493183844723,1.48758792784065,182.4330739909783,92.59375
1774609963,10,POST,/api/plugins/load?uri,3.900000,0.000000,8,18,20,21,110,1300,1300,1300,1300,1300,1300,155,0,8,45.79718590398589,1.8134090350940824,1264.886795077473,2532.1096774193547
1774609963,10,POST,/api/plugins/unload?uri,3.900000,0.000000,4,9,15,18,110,150,150,150,150,150,150,155,0,5,12.394619117220563,1.6602290561422706,147.75159501004964,127.54193548387097
1774609963,10,,Aggregated,101.000000,0.000000,8,16,22,35,110,150,190,1000,1300,1300,1300,3837,0,7,38.38072083528783,1.3680720003321767,1369.636674062349,1093.6499869689862
1774609964,10,GET,/api/audio/latency,16.500000,0.000000,8,17,22,29,150,160,170,190,210,210,210,595,0,5,28.572614369483492,1.3680720003321767,1258.0146469408646,33.0436974789916
1774609964,10,GET,/api/audio/levels,16.500000,0.000000,9,18,70,80,130,170,1200,1200,1200,1200,1200,595,0,8,59.34433885830447,1.4257619623094797,1324.4873579824343,76.73613445378152
1774609964,10,GET,/api/audio/levels (during plugin swap),4.000000,0.000000,4,9,16,17,94,130,180,180,180,180,180,164,0,9,61.05585473024559,1.4739970210939646,1265.6072209356353,77.04268292682927
1774609964,10,GET,/api/audio/levels/plugins,4.000000,0.000000,4,9,13,14,18,26,29,29,29,29,29,164,0,5,11.970383554509636,1.3929210836067796,352.38280601333827,20.341463414634145
1774609964,10,GET,/api/audio/status,9.900000,0.000000,5,10,14,16,20,21,95,110,170,170,170,429,0,5,12.254384779403885,1.4126570895314217,200.41312708053738,303.06060606060606
1774609964,10,GET,/api/chains/,0.000000,0.000000,0,0,0,0,0,0,0,0,0,0,0,32,0,16,122.26778624608414,2.051791991107166,836.422679014504,1478.15625
1774609964,10,GET,/api/chains/{id},10.000000,0.000000,7,14,21,52,110,180,1000,1100,1200,1200,1200,429,0,9,53.60212410492974,1.8078569555655122,1227.9153970303014,801.3636363636364
1774609964,10,POST,/api/chains/{id}/activate,9.900000,0.000000,7,14,18,25,140,140,160,170,210,210,210,429,0,8,35.369771932434105,1.7032159958034754,1369.636674062349,54.172494172494176
1774609964,10,POST,/api/chains/{id}/deactivate,9.900000,0.000000,6,11,14,15,20,26,100,110,110,110,110,429,0,5,12.005981365338158,1.6952760051935911,416.31201503332704,61.00932400932401
1774609964,10,POST,/api/plugins/batch/parameters (500 updates),8.200000,0.000000,16,25,62,120,170,210,230,1200,1200,1200,1200,302,0,17,74.24458454976734,4.205934936180711,1251.853258931078,939.4834437086092
1774609964,10,GET,/api/plugins/discover,0.000000,0.000000,0,0,0,0,0,0,0,0,0,0,0,32,0,25,37.04265419219155,17.093515023589134,199.70884604845196,89708.0
1774609964,10,GET,/api/plugins/list,0.000000,0.000000,0,0,0,0,0,0,0,0,0,0,0,32,0,14,31.071493183844723,1.48758792784065,182.4330739909783,92.59375
1774609964,10,POST,/api/plugins/load?uri,4.000000,0.000000,6,10,16,19,25,170,1300,1300,1300,1300,1300,164,0,7,43.58807658044076,1.8134090350940824,1264.886795077473,2589.7073170731705
1774609964,10,POST,/api/plugins/unload?uri,4.000000,0.000000,4,9,12,17,110,110,150,150,150,150,150,164,0,5,12.138961922241057,1.6602290561422706,147.75159501004964,127.91463414634147
1774609964,10,,Aggregated,96.900000,0.000000,7,14,18,22,100,150,190,1000,1300,1300,1300,3960,0,7,38.00930592165013,1.3680720003321767,1369.636674062349,1074.453282828283
1774609965,10,GET,/api/audio/latency,16.900000,0.000000,9,18,25,63,150,160,170,190,210,210,210,613,0,5,27.933732296726067,1.3680720003321767,1258.0146469408646,33.04241435562806
1774609965,10,GET,/api/audio/levels,16.900000,0.000000,10,35,78,89,150,310,1200,1200,1200,1200,1200,613,0,8,59.53502282063472,1.4257619623094797,1324.4873579824343,76.73246329526917
1774609965,10,GET,/api/audio/levels (during plugin swap),4.100000,0.000000,7,16,69,94,180,280,400,400,400,400,400,168,0,10,65.3897991287522,1.4739970210939646,1265.6072209356353,77.17857142857143
1774609965,10,GET,/api/audio/levels/plugins,4.100000,0.000000,6,8,13,14,19,28,29,29,29,29,29,168,0,5,11.82730638607782,1.3929210836067796,352.38280601333827,20.422619047619047
1774609965,10,GET,/api/audio/status,11.100000,0.000000,6,10,14,16,20,21,95,110,170,170,170,436,0,5,12.162728874875796,1.4126570895314217,200.41312708053738,303.0596330275229
1774609965,10,GET,/api/chains/,0.000000,0.000000,0,0,0,0,0,0,0,0,0,0,0,32,0,16,122.26778624608414,2.051791991107166,836.422679014504,1478.15625
1774609965,10,GET,/api/chains/{id},11.200000,0.000000,8,17,30,65,120,200,1000,1100,1200,1200,1200,436,0,9,54.17683029145754,1.8078569555655122,1227.9153970303014,802.0848623853211
1774609965,10,POST,/api/chains/{id}/activate,11.100000,0.000000,7,14,19,26,140,140,160,170,210,210,210,436,0,8,34.98182905311354,1.7032159958034754,1369.636674062349,54.09403669724771
1774609965,10,POST,/api/chains/{id}/deactivate,11.100000,0.000000,7,11,14,15,20,26,100,110,110,110,110,436,0,5,11.942383265571344,1.6952760051935911,416.31201503332704,61.02522935779817
1774609965,10,POST,/api/plugins/batch/parameters (500 updates),7.900000,0.000000,16,27,68,140,190,230,360,1200,1200,1200,1200,313,0,17,74.06493794498816,4.205934936180711,1251.853258931078,939.5782747603834
1774609965,10,GET,/api/plugins/discover,0.000000,0.000000,0,0,0,0,0,0,0,0,0,0,0,32,0,25,37.04265419219155,17.093515023589134,199.70884604845196,89708.0
1774609965,10,GET,/api/plugins/list,0.000000,0.000000,0,0,0,0,0,0,0,0,0,0,0,32,0,14,31.071493183844723,1.48758792784065,182.4330739909783,92.59375
1774609965,10,POST,/api/plugins/load?uri,4.100000,0.000000,7,18,20,21,110,1300,1300,1300,1300,1300,1300,168,0,7,42.99479184070757,1.8134090350940824,1264.886795077473,2564.4761904761904
1774609965,10,POST,/api/plugins/unload?uri,4.100000,0.000000,5,7,12,17,110,150,150,150,150,150,150,168,0,5,12.011752935775023,1.6401720931753516,147.75159501004964,127.76785714285714
1774609965,10,,Aggregated,102.600000,0.000000,8,15,20,26,120,170,280,1000,1300,1300,1300,4051,0,7,38.136132302157435,1.3680720003321767,1369.636674062349,1057.276968649716
1774609966,10,GET,/api/audio/latency,15.400000,0.000000,6,16,25,25,140,150,160,190,210,210,210,627,0,5,27.97699987422675,1.3680720003321767,1258.0146469408646,33.0414673046252
1774609966,10,GET,/api/audio/levels,15.400000,0.000000,7,19,52,78,150,310,1200,1200,1200,1200,1200,627,0,8,59.0061915570876,1.4257619623094797,1324.4873579824343,76.73205741626795
1774609966,10,GET,/api/audio/levels (during plugin swap),4.100000,0.000000,6,11,17,33,180,280,400,400,400,400,400,171,0,10,65.06246748946782,1.4739970210939646,1265.6072209356353,77.10526315789474
1774609966,10,GET,/api/audio/levels/plugins,4.100000,0.000000,3,7,12,13,19,28,29,29,29,29,29,171,0,5,11.734081648714971,1.3929210836067796,352.38280601333827,20.461988304093566
1774609966,10,GET,/api/audio/status,11.400000,0.000000,6,12,16,17,20,21,28,95,110,110,110,449,0,6,12.212898486546907,1.4126570895314217,200.41312708053738,303.05790645879733
1774609966,10,GET,/api/chains/,0.000000,0.000000,0,0,0,0,0,0,0,0,0,0,0,32,0,16,122.26778624608414,2.051791991107166,836.422679014504,1478.15625
1774609966,10,GET,/api/chains/{id},11.400000,0.000000,7,18,49,74,150,200,1000,1100,1200,1200,1200,449,0,9,54.41093418507615,1.8078569555655122,1227.9153970303014,801.6770601336303
1774609966,10,POST,/api/chains/{id}/activate,11.400000,0.000000,7,15,21,27,140,160,160,170,210,210,210,449,0,8,36.06647988890229,1.7032159958034754,1369.636674062349,54.15367483296214
1774609966,10,POST,/api/chains/{id}/deactivate,11.400000,0.000000,7,11,14,15,20,26,100,110,110,110,110,449,0,5,11.906886137534505,1.6952760051935911,416.31201503332704,60.99777282850779
1774609966,10,POST,/api/plugins/batch/parameters (500 updates),7.600000,0.000000,15,27,63,140,200,260,360,1200,1200,1200,1200,321,0,17,74.10188993682789,4.205934936180711,1251.853258931078,938.4454828660436
1774609966,10,GET,/api/plugins/discover,0.000000,0.000000,0,0,0,0,0,0,0,0,0,0,0,32,0,25,37.04265419219155,17.093515023589134,199.70884604845196,89708.0
1774609966,10,GET,/api/plugins/list,0.000000,0.000000,0,0,0,0,0,0,0,0,0,0,0,32,0,14,31.071493183844723,1.48758792784065,182.4330739909783,92.59375
1774609966,10,POST,/api/plugins/load?uri,4.100000,0.000000,4,12,20,21,27,1300,1300,1300,1300,1300,1300,171,0,7,42.40297738800359,1.8134090350940824,1264.886795077473,2571.7251461988303
1774609966,10,POST,/api/plugins/unload?uri,4.100000,0.000000,3,6,9,11,23,110,110,110,110,110,110,171,0,5,11.87394992570932,1.6401720931753516,147.75159501004964,127.76023391812865
1774609966,10,,Aggregated,100.400000,0.000000,7,14,19,25,110,160,280,1000,1300,1300,1300,4151,0,8,38.13179866580745,1.3680720003321767,1369.636674062349,1039.9937364490484
1774609967,10,GET,/api/audio/latency,16.400000,0.000000,7,16,24,25,140,150,160,190,210,210,210,647,0,5,27.38904760890659,1.3680720003321767,1258.0146469408646,33.04018547140649
1774609967,10,GET,/api/audio/levels,16.300000,0.000000,10,23,56,79,150,310,1200,1200,1200,1200,1200,647,0,8,57.83482666315951,1.4257619623094797,1324.4873579824343,76.65687789799073
1774609967,10,GET,/api/audio/levels (during plugin swap),4.600000,0.000000,8,11,33,80,180,280,400,400,400,400,400,179,0,10,63.31073998229047,1.4739970210939646,1265.6072209356353,77.06703910614524
1774609967,10,GET,/api/audio/levels/plugins,4.600000,0.000000,4,8,12,13,19,28,29,29,29,29,29,179,0,5,11.471806322978862,1.3929210836067796,352.38280601333827,20.391061452513966
1774609967,10,GET,/api/audio/status,11.000000,0.000000,4,11,14,16,20,21,110,150,150,150,150,469,0,5,12.506135829241831,1.4126570895314217,200.41312708053738,303.0554371002132
1774609967,10,GET,/api/chains/,0.000000,0.000000,0,0,0,0,0,0,0,0,0,0,0,32,0,16,122.26778624608414,2.051791991107166,836.422679014504,1478.15625
1774609967,10,GET,/api/chains/{id},11.000000,0.000000,7,19,64,78,120,200,1000,1100,1200,1200,1200,469,0,9,52.712835479966564,1.8078569555655122,1227.9153970303014,801.1982942430703
1774609967,10,POST,/api/chains/{id}/activate,11.000000,0.000000,6,12,23,27,140,160,160,170,210,210,210,469,0,8,34.84760875305308,1.7032159958034754,1369.636674062349,54.24307036247335
1774609967,10,POST,/api/chains/{id}/deactivate,11.000000,0.000000,7,10,14,15,20,30,100,110,110,110,110,469,0,5,11.769859940121407,1.6952760051935911,416.31201503332704,60.98720682302772
1774609967,10,POST,/api/plugins/batch/parameters (500 updates),8.300000,0.000000,19,29,68,140,200,260,360,1200,1200,1200,1200,327,0,17,73.4213759741014,4.205934936180711,1251.853258931078,939.0948012232416
1774609967,10,GET,/api/plugins/discover,0.000000,0.000000,0,0,0,0,0,0,0,0,0,0,0,32,0,25,37.04265419219155,17.093515023589134,199.70884604845196,89708.0
1774609967,10,GET,/api/plugins/list,0.000000,0.000000,0,0,0,0,0,0,0,0,0,0,0,32,0,14,31.071493183844723,1.48758792784065,182.4330739909783,92.59375
1774609967,10,POST,/api/plugins/load?uri,4.600000,0.000000,4,12,20,21,27,1300,1300,1300,1300,1300,1300,179,0,7,40.861284047464046,1.8134090350940824,1264.886795077473,2568.5251396648046
1774609967,10,POST,/api/plugins/unload?uri,4.600000,0.000000,3,6,11,12,23,110,110,110,110,110,110,179,0,5,11.597066347658966,1.6401720931753516,147.75159501004964,127.68156424581005
1774609967,10,,Aggregated,103.400000,0.000000,7,14,20,25,110,160,270,1000,1300,1300,1300,4309,0,7,37.24025744812104,1.3680720003321767,1369.636674062349,1014.3843119053145
1774609968,10,GET,/api/audio/latency,14.700000,0.000000,5,14,19,24,120,150,170,190,210,210,210,659,0,5,28.001738123048792,1.3680720003321767,1258.0146469408646,33.03945371775417
1774609968,10,GET,/api/audio/levels,14.600000,0.000000,7,16,29,56,110,310,1200,1200,1200,1200,1200,659,0,8,57.491208649768986,1.4257619623094797,1324.4873579824343,76.66919575113809
1774609968,10,GET,/api/audio/levels (during plugin swap),4.200000,0.000000,8,11,69,82,130,280,400,400,400,400,400,185,0,9,62.6249456973243,1.4455040218308568,1265.6072209356353,77.14594594594594
1774609968,10,GET,/api/audio/levels/plugins,4.200000,0.000000,4,9,12,13,20,27,29,29,29,29,29,185,0,5,11.449595327438736,1.3929210836067796,352.38280601333827,20.394594594594594
1774609968,10,GET,/api/audio/status,11.100000,0.000000,4,12,14,16,20,21,150,150,200,200,200,480,0,5,12.816820972754309,1.4126570895314217,201.4577619265765,303.0541666666667
1774609968,10,GET,/api/chains/,0.000000,0.000000,0,0,0,0,0,0,0,0,0,0,0,32,0,16,122.26778624608414,2.051791991107166,836.422679014504,1478.15625
1774609968,10,GET,/api/chains/{id},11.100000,0.000000,9,19,67,91,130,200,1000,1100,1200,1200,1200,480,0,9,52.92363098730372,1.8078569555655122,1227.9153970303014,801.1833333333333
1774609968,10,POST,/api/chains/{id}/activate,11.100000,0.000000,6,12,23,26,140,160,160,170,210,210,210,480,0,8,34.86512027933107,1.7032159958034754,1369.636674062349,54.270833333333336
1774609968,10,POST,/api/chains/{id}/deactivate,11.100000,0.000000,7,11,14,15,20,30,100,110,110,110,110,480,0,5,11.716172443751324,1.6952760051935911,416.31201503332704,60.958333333333336
1774609968,10,POST,/api/plugins/batch/parameters (500 updates),8.000000,0.000000,16,26,63,150,240,290,360,1200,1200,1200,1200,336,0,17,74.0873116886914,4.205934936180711,1251.853258931078,937.1458333333334
1774609968,10,GET,/api/plugins/discover,0.000000,0.000000,0,0,0,0,0,0,0,0,0,0,0,32,0,25,37.04265419219155,17.093515023589134,199.70884604845196,89708.0
1774609968,10,GET,/api/plugins/list,0.000000,0.000000,0,0,0,0,0,0,0,0,0,0,0,32,0,14,31.071493183844723,1.48758792784065,182.4330739909783,92.59375
1774609968,10,POST,/api/plugins/load?uri,4.200000,0.000000,6,14,20,21,26,170,1300,1300,1300,1300,1300,185,0,7,40.762386452154935,1.8134090350940824,1264.886795077473,2565.0162162162164
1774609968,10,POST,/api/plugins/unload?uri,4.200000,0.000000,3,7,12,13,19,110,110,110,110,110,110,185,0,5,11.474131320200458,1.6401720931753516,147.75159501004964,127.65405405405406
1774609968,10,,Aggregated,98.500000,0.000000,7,13,19,23,110,160,280,1000,1300,1300,1300,4410,0,7,37.32593964897265,1.3680720003321767,1369.636674062349,999.9165532879819
1774609969,10,GET,/api/audio/latency,14.800000,0.000000,4,10,18,21,29,150,160,190,210,210,210,681,0,5,27.35233738937753,1.3680720003321767,1258.0146469408646,33.03817914831131
1774609969,10,GET,/api/audio/levels,14.800000,0.000000,7,14,23,49,96,190,1200,1200,1200,1200,1200,682,0,8,55.98307692765359,1.4257619623094797,1324.4873579824343,76.64076246334311
1774609969,10,GET,/api/audio/levels (during plugin swap),4.400000,0.000000,8,11,17,80,130,280,400,400,400,400,400,187,0,9,61.98610431566974,1.4455040218308568,1265.6072209356353,77.10160427807487
1774609969,10,GET,/api/audio/levels/plugins,4.400000,0.000000,3,8,11,12,20,27,29,29,29,29,29,187,0,5,11.348476029563955,1.3929210836067796,352.38280601333827,20.39572192513369
1774609969,10,GET,/api/audio/status,12.200000,0.000000,4,11,14,16,20,21,150,150,200,200,200,486,0,5,12.73644896254802,1.4126570895314217,201.4577619265765,303.05349794238685
1774609969,10,GET,/api/chains/,0.000000,0.000000,0,0,0,0,0,0,0,0,0,0,0,32,0,16,122.26778624608414,2.051791991107166,836.422679014504,1478.15625
1774609969,10,GET,/api/chains/{id},12.400000,0.000000,9,20,67,91,140,190,1000,1100,1200,1200,1200,491,0,9,52.93971310794551,1.8078569555655122,1227.9153970303014,801.5152749490835
1774609969,10,POST,/api/chains/{id}/activate,12.400000,0.000000,6,14,24,27,140,150,160,170,210,210,210,489,0,8,34.91357016612363,1.7032159958034754,1369.636674062349,54.22290388548057
1774609969,10,POST,/api/chains/{id}/deactivate,12.200000,0.000000,7,11,14,15,20,27,100,110,110,110,110,486,0,5,11.658954839873676,1.6952760051935911,416.31201503332704,60.97119341563786
1774609969,10,POST,/api/plugins/batch/parameters (500 updates),8.200000,0.000000,16,25,62,75,200,270,360,1200,1200,1200,1200,350,0,17,72.0890274008603,4.205934936180711,1251.853258931078,940.0085714285714
1774609969,10,GET,/api/plugins/discover,0.000000,0.000000,0,0,0,0,0,0,0,0,0,0,0,32,0,25,37.04265419219155,17.093515023589134,199.70884604845196,89708.0
1774609969,10,GET,/api/plugins/list,0.000000,0.000000,0,0,0,0,0,0,0,0,0,0,0,32,0,14,31.071493183844723,1.48758792784065,182.4330739909783,92.59375
1774609969,10,POST,/api/plugins/load?uri,4.400000,0.000000,4,12,19,21,26,170,1300,1300,1300,1300,1300,187,0,7,40.358422618523676,1.8134090350940824,1264.886795077473,2562.9251336898396
1774609969,10,POST,/api/plugins/unload?uri,4.400000,0.000000,3,6,11,12,19,110,110,110,110,110,110,187,0,5,11.374738488849353,1.6401720931753516,147.75159501004964,127.72192513368984
1774609969,10,,Aggregated,104.600000,0.000000,7,13,19,23,100,160,270,400,1300,1300,1300,4509,0,7,36.913007438430895,1.3680720003321767,1369.636674062349,985.3734752716789
1774609970,10,GET,/api/audio/latency,14.300000,0.000000,5,14,21,24,120,150,160,190,210,210,210,699,0,5,27.563450954260254,1.3680720003321767,1258.0146469408646,33.03719599427754
1774609970,10,GET,/api/audio/levels,14.300000,0.000000,8,18,41,62,100,190,1200,1200,1200,1200,1200,699,0,8,55.44531550917918,1.4257619623094797,1324.4873579824343,76.6824034334764
1774609970,10,GET,/api/audio/levels (during plugin swap),4.100000,0.000000,9,17,69,82,150,280,400,400,400,400,400,192,0,9,61.7712512879128,1.4455040218308568,1265.6072209356353,77.13020833333333
1774609970,10,GET,/api/audio/levels/plugins,4.000000,0.000000,4,9,12,13,25,27,29,29,29,29,29,192,0,5,11.349877174022064,1.3929210836067796,352.38280601333827,20.364583333333332
1774609970,10,GET,/api/audio/status,11.400000,0.000000,7,13,16,18,21,95,150,150,200,200,200,504,0,6,13.175419836428889,1.4126570895314217,201.4577619265765,303.0515873015873
1774609970,10,GET,/api/chains/,0.000000,0.000000,0,0,0,0,0,0,0,0,0,0,0,32,0,16,122.26778624608414,2.051791991107166,836.422679014504,1478.15625
1774609970,10,GET,/api/chains/{id},11.800000,0.000000,10,31,74,100,140,190,1000,1100,1200,1200,1200,504,0,9,52.47554918663347,1.8078569555655122,1227.9153970303014,801.5178571428571
1774609970,10,POST,/api/chains/{id}/activate,11.800000,0.000000,10,21,25,86,140,150,160,170,210,210,210,504,0,8,35.12693895743088,1.7032159958034754,1369.636674062349,54.19642857142857
1774609970,10,POST,/api/chains/{id}/deactivate,11.400000,0.000000,8,13,15,18,22,30,100,110,110,110,110,504,0,6,11.707899251228405,1.6952760051935911,416.31201503332704,60.958333333333336
1774609970,10,POST,/api/plugins/batch/parameters (500 updates),8.000000,0.000000,19,27,68,150,220,270,360,1200,1200,1200,1200,358,0,17,71.88705281860472,4.205934936180711,1251.853258931078,939.5418994413408
1774609970,10,GET,/api/plugins/discover,0.000000,0.000000,0,0,0,0,0,0,0,0,0,0,0,32,0,25,37.04265419219155,17.093515023589134,199.70884604845196,89708.0
1774609970,10,GET,/api/plugins/list,0.000000,0.000000,0,0,0,0,0,0,0,0,0,0,0,32,0,14,31.071493183844723,1.48758792784065,182.4330739909783,92.59375
1774609970,10,POST,/api/plugins/load?uri,4.100000,0.000000,6,14,21,22,140,170,1300,1300,1300,1300,1300,192,0,7,40.96981176371628,1.8134090350940824,1264.886795077473,2533.59375
1774609970,10,POST,/api/plugins/unload?uri,4.000000,0.000000,4,7,12,15,20,110,110,110,110,110,110,192,0,5,11.333887214883967,1.6401720931753516,147.75159501004964,127.55208333333333
1774609970,10,,Aggregated,99.200000,0.000000,8,16,21,26,110,160,270,400,1300,1300,1300,4636,0,8,36.80442801041479,1.3680720003321767,1369.636674062349,965.9987057808455
1774609971,10,GET,/api/audio/latency,14.300000,0.000000,4,9,17,21,100,140,170,190,210,210,210,709,0,5,27.233667198958713,1.3680720003321767,1258.0146469408646,33.03667136812412
1774609971,10,GET,/api/audio/levels,14.300000,0.000000,7,14,21,41,85,120,310,380,390,390,390,709,0,8,54.761760538753926,1.4257619623094797,1324.4873579824343,76.6854724964739
1774609971,10,GET,/api/audio/levels (during plugin swap),4.100000,0.000000,9,12,63,82,150,280,400,400,400,400,400,194,0,9,61.19102888834212,1.4455040218308568,1265.6072209356353,77.08762886597938
1774609971,10,GET,/api/audio/levels/plugins,4.000000,0.000000,4,8,11,12,19,25,27,27,27,27,27,194,0,5,11.257001929724415,1.3929210836067796,352.38280601333827,20.298969072164947
1774609971,10,GET,/api/audio/status,11.400000,0.000000,6,12,14,17,20,24,150,150,200,200,200,510,0,6,13.056789126986747,1.4126570895314217,201.4577619265765,303.0509803921569
1774609971,10,GET,/api/chains/,0.000000,0.000000,0,0,0,0,0,0,0,0,0,0,0,32,0,16,122.26778624608414,2.051791991107166,836.422679014504,1478.15625
1774609971,10,GET,/api/chains/{id},11.800000,0.000000,9,20,64,79,110,150,200,270,320,320,320,510,0,9,51.9291185102809,1.8078569555655122,1227.9153970303014,801.2490196078431
1774609971,10,POST,/api/chains/{id}/activate,11.800000,0.000000,9,17,23,26,140,140,160,160,210,210,210,510,0,8,34.78277466218809,1.7032159958034754,1369.636674062349,54.26470588235294
1774609971,10,POST,/api/chains/{id}/deactivate,11.400000,0.000000,7,12,14,16,21,30,100,110,110,110,110,510,0,5,11.611750558036945,1.6952760051935911,416.31201503332704,60.970588235294116
1774609971,10,POST,/api/plugins/batch/parameters (500 updates),8.000000,0.000000,16,24,36,75,220,270,320,360,360,360,360,361,0,17,71.38980610536055,4.205934936180711,1251.853258931078,939.6371191135734
1774609971,10,GET,/api/plugins/discover,0.000000,0.000000,0,0,0,0,0,0,0,0,0,0,0,32,0,25,37.04265419219155,17.093515023589134,199.70884604845196,89708.0
1774609971,10,GET,/api/plugins/list,0.000000,0.000000,0,0,0,0,0,0,0,0,0,0,0,32,0,14,31.071493183844723,1.48758792784065,182.4330739909783,92.59375
1774609971,10,POST,/api/plugins/load?uri,4.100000,0.000000,6,13,20,21,26,140,170,170,170,170,170,194,0,7,40.57712600861686,1.8134090350940824,1264.886795077473,2533.4896907216494
1774609971,10,POST,/api/plugins/unload?uri,4.000000,0.000000,4,7,12,13,18,20,110,110,110,110,110,194,0,4,11.25205983647827,1.6401720931753516,147.75159501004964,127.55154639175258
1774609971,10,,Aggregated,99.200000,0.000000,7,13,19,22,89,140,200,270,390,400,400,4691,0,8,36.43412938306457,1.3680720003321767,1369.636674062349,958.2221274781497
1774609972,10,GET,/api/audio/latency,14.100000,0.000000,4,10,17,22,110,140,170,190,210,210,210,713,0,5,27.13431347145857,1.3680720003321767,1258.0146469408646,33.03646563814867
1774609972,10,GET,/api/audio/levels,14.300000,0.000000,8,16,30,50,94,150,390,1300,1300,1300,1300,714,0,8,58.096263775828945,1.4257619623094797,1324.4873579824343,76.71428571428571
1774609972,10,GET,/api/audio/levels (during plugin swap),4.400000,0.000000,9,17,63,82,150,280,400,400,400,400,400,195,0,9,60.90051398600619,1.4455040218308568,1265.6072209356353,77.06666666666666
1774609972,10,GET,/api/audio/levels/plugins,4.500000,0.000000,4,9,11,12,17,20,27,27,27,27,27,195,0,5,11.26226249974794,1.3929210836067796,352.38280601333827,20.333333333333332
1774609972,10,GET,/api/audio/status,11.600000,0.000000,8,13,15,18,21,100,150,150,200,200,200,513,0,6,13.010203699240021,1.4126570895314217,201.4577619265765,303.0506822612086
1774609972,10,GET,/api/chains/,0.000000,0.000000,0,0,0,0,0,0,0,0,0,0,0,32,0,16,122.26778624608414,2.051791991107166,836.422679014504,1478.15625
1774609972,10,GET,/api/chains/{id},11.900000,0.000000,18,49,90,110,140,200,1200,1300,1300,1300,1300,513,0,9,59.172486008388184,1.8078569555655122,1328.8324130699039,801.4600389863548
1774609972,10,POST,/api/chains/{id}/activate,11.600000,0.000000,12,21,24,85,140,140,160,160,210,210,210,513,0,8,34.69619832113276,1.7032159958034754,1369.636674062349,54.200779727095515
1774609972,10,POST,/api/chains/{id}/deactivate,11.600000,0.000000,9,13,15,18,21,32,100,110,110,110,110,513,0,5,11.571391640851894,1.6952760051935911,416.31201503332704,60.9766081871345
1774609972,10,POST,/api/plugins/batch/parameters (500 updates),8.600000,0.000000,19,29,120,180,290,1300,1400,1400,1400,1400,1400,369,0,17,88.1186049916784,4.205934936180711,1379.4802699703723,939.829268292683
1774609972,10,GET,/api/plugins/discover,0.000000,0.000000,0,0,0,0,0,0,0,0,0,0,0,32,0,25,37.04265419219155,17.093515023589134,199.70884604845196,89708.0
1774609972,10,GET,/api/plugins/list,0.000000,0.000000,0,0,0,0,0,0,0,0,0,0,0,32,0,14,31.071493183844723,1.48758792784065,182.4330739909783,92.59375
1774609972,10,POST,/api/plugins/load?uri,4.500000,0.000000,4,13,19,21,26,140,170,170,170,170,170,195,0,7,40.39276113662009,1.8134090350940824,1264.886795077473,2527.476923076923
1774609972,10,POST,/api/plugins/unload?uri,4.500000,0.000000,3,7,11,12,18,20,110,110,110,110,110,195,0,4,11.204497052881962,1.6401720931753516,147.75159501004964,127.54358974358975
1774609972,10,,Aggregated,101.600000,0.000000,8,15,21,25,110,160,280,1200,1400,1400,1400,4724,0,8,39.020678490921966,1.3680720003321767,1379.4802699703723,954.3751058425064
1774609973,10,GET,/api/audio/latency,16.200000,0.000000,4,9,17,22,100,140,160,170,200,200,200,728,0,5,27.57422350939353,1.3680720003321767,1258.0146469408646,33.035714285714285
1774609973,10,GET,/api/audio/levels,16.200000,0.000000,7,15,26,49,92,130,390,1300,1300,1300,1300,729,0,8,57.731889858675814,1.4257619623094797,1324.4873579824343,76.69135802469135
1774609973,10,GET,/api/audio/levels (during plugin swap),4.800000,0.000000,8,11,39,80,130,280,400,400,400,400,400,199,0,9,59.726943477787,1.4455040218308568,1265.6072209356353,77.05025125628141
1774609973,10,GET,/api/audio/levels/plugins,5.000000,0.000000,3,7,10,11,16,20,27,27,27,27,27,199,0,5,11.133612188552718,1.3929210836067796,352.38280601333827,20.271356783919597
1774609973,10,GET,/api/audio/status,13.100000,0.000000,6,11,15,17,21,100,150,150,200,200,200,529,0,6,12.88583377989745,1.4126570895314217,201.4577619265765,303.04914933837426
1774609973,10,GET,/api/chains/,0.000000,0.000000,0,0,0,0,0,0,0,0,0,0,0,32,0,16,122.26778624608414,2.051791991107166,836.422679014504,1478.15625
1774609973,10,GET,/api/chains/{id},13.100000,0.000000,10,41,74,94,130,170,1200,1300,1300,1300,1300,529,0,9,58.39660103496213,1.8078569555655122,1328.8324130699039,801.9905482041588
1774609973,10,POST,/api/chains/{id}/activate,13.100000,0.000000,10,19,23,25,120,140,160,160,160,160,160,529,0,8,34.279162948643034,1.7032159958034754,1369.636674062349,54.234404536862
1774609973,10,POST,/api/chains/{id}/deactivate,13.100000,0.000000,6,11,13,14,20,22,32,32,37,37,37,528,0,5,11.434997029551376,1.6952760051935911,416.31201503332704,61.00568181818182
1774609973,10,POST,/api/plugins/batch/parameters (500 updates),9.300000,0.000000,19,29,74,170,270,1300,1400,1400,1400,1400,1400,381,0,18,87.65121956088207,4.205934936180711,1379.4802699703723,939.6220472440945
1774609973,10,GET,/api/plugins/discover,0.000000,0.000000,0,0,0,0,0,0,0,0,0,0,0,32,0,25,37.04265419219155,17.093515023589134,199.70884604845196,89708.0
1774609973,10,GET,/api/plugins/list,0.000000,0.000000,0,0,0,0,0,0,0,0,0,0,0,32,0,14,31.071493183844723,1.48758792784065,182.4330739909783,92.59375
1774609973,10,POST,/api/plugins/load?uri,5.000000,0.000000,4,12,19,21,26,140,170,170,170,170,170,199,0,7,39.66693733538028,1.8134090350940824,1264.886795077473,2532.4371859296484
1774609973,10,POST,/api/plugins/unload?uri,5.000000,0.000000,3,6,8,11,15,18,20,20,20,20,20,199,0,4,11.026370197525202,1.6401720931753516,147.75159501004964,127.55276381909547
1774609973,10,,Aggregated,113.900000,0.000000,7,13,19,23,99,150,280,1200,1400,1400,1400,4845,0,8,38.74445848824827,1.3680720003321767,1379.4802699703723,939.7411764705882
1774609974,10,GET,/api/audio/latency,15.000000,0.000000,5,11,21,25,120,140,160,170,200,200,200,740,0,5,27.57327150792588,1.3680720003321767,1258.0146469408646,33.035135135135135
1774609974,10,GET,/api/audio/levels,15.000000,0.000000,8,18,47,71,96,150,390,1300,1300,1300,1300,740,0,8,57.247792470357005,1.4257619623094797,1324.4873579824343,76.6891891891892
1774609974,10,GET,/api/audio/levels (during plugin swap),4.400000,0.000000,9,12,80,82,150,280,400,400,400,400,400,203,0,9,59.029365286432906,1.4455040218308568,1265.6072209356353,77.03448275862068
1774609974,10,GET,/api/audio/levels/plugins,4.400000,0.000000,4,9,11,12,20,27,100,100,100,100,100,203,0,5,11.432475618573061,1.3929210836067796,352.38280601333827,20.339901477832512
1774609974,10,GET,/api/audio/status,12.400000,0.000000,6,12,15,18,21,100,150,150,200,200,200,547,0,5,13.317246012384553,1.4126570895314217,201.4577619265765,303.04753199268737
1774609974,10,GET,/api/chains/,0.000000,0.000000,0,0,0,0,0,0,0,0,0,0,0,32,0,16,122.26778624608414,2.051791991107166,836.422679014504,1478.15625
1774609974,10,GET,/api/chains/{id},12.300000,0.000000,10,43,74,94,120,170,1200,1300,1300,1300,1300,547,0,9,57.390299138750954,1.8078569555655122,1328.8324130699039,800.5795246800732
1774609974,10,POST,/api/chains/{id}/activate,12.400000,0.000000,10,19,23,26,110,140,160,160,160,160,160,547,0,8,33.96661682424716,1.7032159958034754,1369.636674062349,54.287020109689216
1774609974,10,POST,/api/chains/{id}/deactivate,12.400000,0.000000,5,10,13,15,21,24,32,37,38,38,38,547,0,5,11.363798172904392,1.6952760051935911,416.31201503332704,60.994515539305304
1774609974,10,POST,/api/plugins/batch/parameters (500 updates),7.800000,0.000000,19,36,120,190,290,1300,1400,1400,1400,1400,1400,390,0,17,86.16702729412235,4.205934936180711,1379.4802699703723,938.7307692307693
1774609974,10,GET,/api/plugins/discover,0.000000,0.000000,0,0,0,0,0,0,0,0,0,0,0,32,0,25,37.04265419219155,17.093515023589134,199.70884604845196,89708.0
1774609974,10,GET,/api/plugins/list,0.000000,0.000000,0,0,0,0,0,0,0,0,0,0,0,32,0,14,31.071493183844723,1.48758792784065,182.4330739909783,92.59375
1774609974,10,POST,/api/plugins/load?uri,4.400000,0.000000,4,14,21,23,86,140,170,170,170,170,170,203,0,6,39.339924978982346,1.8134090350940824,1264.886795077473,2509.5073891625616
1774609974,10,POST,/api/plugins/unload?uri,4.400000,0.000000,3,6,8,12,18,19,20,20,20,20,20,203,0,4,10.930754213359922,1.6401720931753516,147.75159501004964,127.51231527093596
1774609974,10,,Aggregated,104.900000,0.000000,8,15,21,26,100,150,280,1200,1400,1400,1400,4966,0,7,38.35006356130077,1.3680720003321767,1379.4802699703723,924.2944019331454
1774609975,10,GET,/api/audio/latency,14.300000,0.000000,4,10,17,21,120,150,170,180,200,200,200,757,0,5,27.72660210253142,1.3680720003321767,1258.0146469408646,33.03434610303831
1774609975,10,GET,/api/audio/levels,14.200000,0.000000,8,15,32,50,89,120,170,1300,1300,1300,1300,757,0,8,56.75117954039082,1.4257619623094797,1324.4873579824343,76.67503302509907
1774609975,10,GET,/api/audio/levels (during plugin swap),4.100000,0.000000,9,11,39,63,82,130,150,150,150,150,150,206,0,9,58.66588145614267,1.4455040218308568,1265.6072209356353,77.03883495145631
1774609975,10,GET,/api/audio/levels/plugins,4.100000,0.000000,3,10,12,13,20,27,100,100,100,100,100,206,0,5,11.431397144000037,1.3929210836067796,352.38280601333827,20.37378640776699
1774609975,10,GET,/api/audio/status,11.400000,0.000000,4,10,13,15,23,100,150,150,200,200,200,561,0,5,13.164343477978825,1.4126570895314217,201.4577619265765,303.0463458110517
1774609975,10,GET,/api/chains/,0.000000,0.000000,0,0,0,0,0,0,0,0,0,0,0,32,0,16,122.26778624608414,2.051791991107166,836.422679014504,1478.15625
1774609975,10,GET,/api/chains/{id},11.300000,0.000000,8,20,65,79,110,150,1200,1300,1300,1300,1300,561,0,9,57.049951503433476,1.8078569555655122,1328.8324130699039,799.1978609625669
1774609975,10,POST,/api/chains/{id}/activate,11.400000,0.000000,9,18,21,23,87,140,160,160,160,160,160,561,0,8,33.857364853704595,1.7032159958034754,1369.636674062349,54.29590017825312
1774609975,10,POST,/api/chains/{id}/deactivate,11.400000,0.000000,4,10,14,15,20,23,32,37,38,38,38,561,0,5,11.274095826596353,1.6952760051935911,416.31201503332704,61.01960784313726
1774609975,10,POST,/api/plugins/batch/parameters (500 updates),8.500000,0.000000,17,27,75,120,200,1300,1400,1400,1400,1400,1400,399,0,17,85.69263056606839,4.205934936180711,1379.4802699703723,937.0125313283208
1774609975,10,GET,/api/plugins/discover,0.000000,0.000000,0,0,0,0,0,0,0,0,0,0,0,32,0,25,37.04265419219155,17.093515023589134,199.70884604845196,89708.0
1774609975,10,GET,/api/plugins/list,0.000000,0.000000,0,0,0,0,0,0,0,0,0,0,0,32,0,14,31.071493183844723,1.48758792784065,182.4330739909783,92.59375
1774609975,10,POST,/api/plugins/load?uri,4.100000,0.000000,4,12,19,21,140,150,170,170,170,170,170,206,0,7,39.59670046443861,1.8134090350940824,1264.886795077473,2503.4320388349515
1774609975,10,POST,/api/plugins/unload?uri,4.100000,0.000000,3,3,7,8,18,19,20,20,20,20,20,206,0,4,10.84241397719541,1.6401720931753516,147.75159501004964,127.6504854368932
1774609975,10,,Aggregated,98.900000,0.000000,7,13,19,23,92,140,190,1200,1400,1400,1400,5077,0,7,38.16677724409857,1.3680720003321767,1379.4802699703723,910.5690368327753
1774609976,10,GET,/api/audio/latency,15.100000,0.000000,6,11,18,21,120,150,170,180,200,200,200,779,0,5,27.162203677171966,1.3680720003321767,1258.0146469408646,33.033376123234916
1774609976,10,GET,/api/audio/levels,15.100000,0.000000,8,16,47,71,96,120,170,1300,1300,1300,1300,779,0,8,55.964845028976086,1.4257619623094797,1324.4873579824343,76.68806161745827
1774609976,10,GET,/api/audio/levels (during plugin swap),4.400000,0.000000,8,12,63,73,82,130,150,150,150,150,150,210,0,9,57.92824279494761,1.4455040218308568,1265.6072209356353,77.02380952380952
1774609976,10,GET,/api/audio/levels/plugins,4.400000,0.000000,3,11,13,17,25,100,150,150,150,150,150,210,0,4,11.984023827105938,1.3929210836067796,352.38280601333827,20.376190476190477
1774609976,10,GET,/api/audio/status,11.600000,0.000000,4,10,14,18,27,100,150,150,200,200,200,576,0,5,13.146355022601913,1.4126570895314217,201.4577619265765,303.0451388888889
1774609976,10,GET,/api/chains/,0.000000,0.000000,0,0,0,0,0,0,0,0,0,0,0,32,0,16,122.26778624608414,2.051791991107166,836.422679014504,1478.15625
1774609976,10,GET,/api/chains/{id},11.600000,0.000000,11,41,73,86,110,150,1200,1300,1300,1300,1300,576,0,9,55.99351550740216,1.8078569555655122,1328.8324130699039,799.2743055555555
1774609976,10,POST,/api/chains/{id}/activate,11.600000,0.000000,10,18,22,24,88,140,160,160,160,160,160,576,0,8,33.13501710262143,1.7032159958034754,1369.636674062349,54.314236111111114
1774609976,10,POST,/api/chains/{id}/deactivate,11.600000,0.000000,4,9,12,14,20,22,30,37,38,38,38,576,0,5,11.063994402825806,1.6952760051935911,416.31201503332704,61.045138888888886
1774609976,10,POST,/api/plugins/batch/parameters (500 updates),9.000000,0.000000,20,28,95,120,200,1300,1400,1400,1400,1400,1400,408,0,17,84.41665238477107,4.205934936180711,1379.4802699703723,935.3602941176471
1774609976,10,GET,/api/plugins/discover,0.000000,0.000000,0,0,0,0,0,0,0,0,0,0,0,32,0,25,37.04265419219155,17.093515023589134,199.70884604845196,89708.0
1774609976,10,GET,/api/plugins/list,0.000000,0.000000,0,0,0,0,0,0,0,0,0,0,0,32,0,14,31.071493183844723,1.48758792784065,182.4330739909783,92.59375
1774609976,10,POST,/api/plugins/load?uri,4.400000,0.000000,7,12,19,22,140,150,170,170,170,170,170,210,0,6,38.96908524191184,1.8134090350940824,1264.886795077473,2526.2238095238095
1774609976,10,POST,/api/plugins/unload?uri,4.400000,0.000000,3,6,8,13,17,19,20,20,20,20,20,210,0,4,10.809102134468654,1.6401720931753516,147.75159501004964,127.67142857142858
1774609976,10,,Aggregated,103.200000,0.000000,8,14,20,25,98,140,190,1200,1400,1400,1400,5206,0,7,37.59285024646079,1.3680720003321767,1379.4802699703723,896.4992316557818
1774609977,10,GET,/api/audio/latency,13.600000,0.000000,6,10,17,19,100,140,150,180,200,200,200,795,0,5,27.323928369068593,1.3680720003321767,1258.0146469408646,33.032704402515726
1774609977,10,GET,/api/audio/levels,13.600000,0.000000,8,15,33,62,94,130,180,1300,1300,1300,1300,795,0,8,55.753419566577385,1.4257619623094797,1324.4873579824343,76.67924528301887
1774609977,10,GET,/api/audio/levels (during plugin swap),4.100000,0.000000,5,10,19,39,73,85,150,150,150,150,150,215,0,9,57.13104070651583,1.4455040218308568,1265.6072209356353,77.11162790697675
1774609977,10,GET,/api/audio/levels/plugins,4.100000,0.000000,3,12,13,14,20,100,150,150,150,150,150,215,0,5,11.902052310815211,1.3929210836067796,352.38280601333827,20.348837209302324
1774609977,10,GET,/api/audio/status,12.100000,0.000000,4,10,14,17,21,99,100,110,130,130,130,588,0,5,13.109390996871706,1.4126570895314217,201.4577619265765,303.0442176870748
1774609977,10,GET,/api/chains/,0.000000,0.000000,0,0,0,0,0,0,0,0,0,0,0,32,0,16,122.26778624608414,2.051791991107166,836.422679014504,1478.15625
1774609977,10,GET,/api/chains/{id},12.100000,0.000000,9,23,65,86,120,170,1200,1300,1300,1300,1300,588,0,9,56.288103680530256,1.8078569555655122,1328.8324130699039,798.8571428571429
1774609977,10,POST,/api/chains/{id}/activate,12.100000,0.000000,9,17,19,23,100,140,160,160,160,160,160,588,0,8,33.751782575118526,1.7032159958034754,1369.636674062349,54.302721088435376
1774609977,10,POST,/api/chains/{id}/deactivate,12.100000,0.000000,4,9,13,15,20,22,28,37,38,38,38,588,0,5,11.059817567991955,1.6952760051935911,416.31201503332704,61.02210884353742
1774609977,10,POST,/api/plugins/batch/parameters (500 updates),8.500000,0.000000,16,27,72,95,200,1300,1400,1400,1400,1400,1400,416,0,17,83.72738388733033,4.205934936180711,1379.4802699703723,934.2836538461538
1774609977,10,GET,/api/plugins/discover,0.000000,0.000000,0,0,0,0,0,0,0,0,0,0,0,32,0,25,37.04265419219155,17.093515023589134,199.70884604845196,89708.0
1774609977,10,GET,/api/plugins/list,0.000000,0.000000,0,0,0,0,0,0,0,0,0,0,0,32,0,14,31.071493183844723,1.48758792784065,182.4330739909783,92.59375
1774609977,10,POST,/api/plugins/load?uri,4.100000,0.000000,5,11,13,19,86,140,150,150,150,150,150,215,0,6,38.284817599518185,1.8134090350940824,1264.886795077473,2508.3860465116277
1774609977,10,POST,/api/plugins/unload?uri,4.100000,0.000000,3,6,8,13,17,19,20,20,20,20,20,215,0,4,10.711766154570288,1.6401720931753516,147.75159501004964,127.66976744186047
1774609977,10,,Aggregated,100.500000,0.000000,7,13,19,21,92,140,180,1200,1400,1400,1400,5314,0,7,37.54246018859472,1.3680720003321767,1379.4802699703723,884.5009409108017
1774609978,10,GET,/api/audio/latency,14.700000,0.000000,8,11,18,19,100,140,150,180,200,200,200,812,0,5,26.895456444735874,1.3680720003321767,1258.0146469408646,33.032019704433495
1774609978,10,GET,/api/audio/levels,14.700000,0.000000,9,18,58,69,110,150,180,1300,1300,1300,1300,812,0,8,55.058565853838005,1.4257619623094797,1324.4873579824343,76.68226600985221
1774609978,10,GET,/api/audio/levels (during plugin swap),3.900000,0.000000,8,19,33,41,73,85,150,150,150,150,150,220,0,9,56.38931432728317,1.4455040218308568,1265.6072209356353,77.19545454545455
1774609978,10,GET,/api/audio/levels/plugins,3.800000,0.000000,5,13,14,18,62,100,150,150,150,150,150,220,0,5,12.32555668684654,1.3929210836067796,352.38280601333827,20.381818181818183
1774609978,10,GET,/api/audio/status,12.900000,0.000000,4,9,14,17,23,100,110,110,130,130,130,602,0,5,13.090986689240161,1.4126570895314217,201.4577619265765,303.04318936877075
1774609978,10,GET,/api/chains/,0.000000,0.000000,0,0,0,0,0,0,0,0,0,0,0,32,0,16,122.26778624608414,2.051791991107166,836.422679014504,1478.15625
1774609978,10,GET,/api/chains/{id},12.900000,0.000000,9,21,65,81,120,170,1200,1300,1300,1300,1300,602,0,9,55.27122822830738,1.8078569555655122,1328.8324130699039,799.0697674418604
1774609978,10,POST,/api/chains/{id}/activate,12.900000,0.000000,10,18,22,27,110,140,160,160,160,160,160,602,0,8,33.47831509854224,1.7032159958034754,1369.636674062349,54.269102990033225
1774609978,10,POST,/api/chains/{id}/deactivate,12.900000,0.000000,4,9,13,14,20,22,28,37,38,38,38,602,0,5,10.939697948504127,1.6952760051935911,416.31201503332704,61.04485049833887
1774609978,10,POST,/api/plugins/batch/parameters (500 updates),9.000000,0.000000,19,43,89,120,200,1300,1400,1400,1400,1400,1400,425,0,17,82.82257426995784,4.205934936180711,1379.4802699703723,934.3788235294118
1774609978,10,GET,/api/plugins/discover,0.000000,0.000000,0,0,0,0,0,0,0,0,0,0,0,32,0,25,37.04265419219155,17.093515023589134,199.70884604845196,89708.0
1774609978,10,GET,/api/plugins/list,0.000000,0.000000,0,0,0,0,0,0,0,0,0,0,0,32,0,14,31.071493183844723,1.48758792784065,182.4330739909783,92.59375
1774609978,10,POST,/api/plugins/load?uri,3.900000,0.000000,6,13,19,22,110,140,150,150,150,150,150,220,0,7,38.200411540773615,1.8134090350940824,1264.886795077473,2480.168181818182
1774609978,10,POST,/api/plugins/unload?uri,3.800000,0.000000,3,7,9,15,19,110,110,110,110,110,110,220,0,4,11.53435198674825,1.6401720931753516,147.75159501004964,127.58636363636364
1774609978,10,,Aggregated,105.400000,0.000000,8,14,20,27,99,140,180,1200,1400,1400,1400,5433,0,7,37.14174468634839,1.3680720003321767,1379.4802699703723,871.5595435302779
1774609979,10,GET,/api/audio/latency,14.500000,0.000000,6,10,16,18,98,150,170,180,200,200,200,838,0,5,26.852212617616114,1.3680720003321767,1258.0146469408646,33.031026252983295
1774609979,10,GET,/api/audio/levels,14.500000,0.000000,8,14,33,67,110,150,180,1300,1300,1300,1300,838,0,8,54.34943591802979,1.4257619623094797,1324.4873579824343,76.64558472553699
1774609979,10,GET,/api/audio/levels (during plugin swap),3.600000,0.000000,5,10,27,31,68,82,85,85,85,85,85,222,0,9,55.913102841906685,1.4455040218308568,1265.6072209356353,77.21621621621621
1774609979,10,GET,/api/audio/levels/plugins,3.600000,0.000000,3,12,13,14,62,100,150,150,150,150,150,222,0,5,12.229924059267416,1.3929210836067796,352.38280601333827,20.382882882882882
1774609979,10,GET,/api/audio/status,11.900000,0.000000,4,7,12,15,20,96,110,110,130,130,130,612,0,5,13.056068962327284,1.4126570895314217,201.4577619265765,303.0424836601307
1774609979,10,GET,/api/chains/,0.000000,0.000000,0,0,0,0,0,0,0,0,0,0,0,32,0,16,122.26778624608414,2.051791991107166,836.422679014504,1478.15625
1774609979,10,GET,/api/chains/{id},11.700000,0.000000,8,16,51,72,120,180,1200,1300,1300,1300,1300,612,0,9,55.24537650266437,1.8078569555655122,1328.8324130699039,799.218954248366
1774609979,10,POST,/api/chains/{id}/activate,11.700000,0.000000,8,16,19,22,140,160,160,160,160,160,160,612,0,8,34.01735294960269,1.7032159958034754,1369.636674062349,54.28104575163399
1774609979,10,POST,/api/chains/{id}/deactivate,11.900000,0.000000,4,9,11,14,18,21,26,28,38,38,38,612,0,5,10.92549788425494,1.6952760051935911,416.31201503332704,61.01960784313726
1774609979,10,POST,/api/plugins/batch/parameters (500 updates),8.500000,0.000000,17,47,95,120,200,1300,1400,1400,1400,1400,1400,430,0,17,83.02303482994957,4.205934936180711,1379.4802699703723,935.3093023255814
1774609979,10,GET,/api/plugins/discover,0.000000,0.000000,0,0,0,0,0,0,0,0,0,0,0,32,0,25,37.04265419219155,17.093515023589134,199.70884604845196,89708.0
1774609979,10,GET,/api/plugins/list,0.000000,0.000000,0,0,0,0,0,0,0,0,0,0,0,32,0,14,31.071493183844723,1.48758792784065,182.4330739909783,92.59375
1774609979,10,POST,/api/plugins/load?uri,3.600000,0.000000,5,11,18,19,22,110,150,150,150,150,150,222,0,6,37.88568945926706,1.8134090350940824,1264.886795077473,2476.7972972972975
1774609979,10,POST,/api/plugins/unload?uri,3.600000,0.000000,3,4,9,13,17,110,110,110,110,110,110,222,0,4,11.452215666534496,1.6401720931753516,147.75159501004964,127.54954954954955
1774609979,10,,Aggregated,99.100000,0.000000,7,13,18,21,92,150,180,1200,1400,1400,1400,5538,0,7,37.05767146452542,1.3680720003321767,1379.4802699703723,859.5146262188516
1774609980,10,GET,/api/audio/latency,15.600000,0.000000,6,11,16,18,52,150,160,180,200,200,200,859,0,5,26.514512702510437,1.3680720003321767,1258.0146469408646,33.0302677532014
1774609980,10,GET,/api/audio/levels,15.600000,0.000000,7,14,24,64,100,150,170,1300,1300,1300,1300,859,0,8,53.5851493727186,1.4257619623094797,1324.4873579824343,76.63213038416764
1774609980,10,GET,/api/audio/levels (during plugin swap),3.600000,0.000000,6,11,22,31,73,85,110,110,110,110,110,228,0,9,55.15014871816037,1.4455040218308568,1265.6072209356353,77.21929824561404
1774609980,10,GET,/api/audio/levels/plugins,3.700000,0.000000,3,12,13,14,64,120,150,150,150,150,150,228,0,5,12.569128110363524,1.3929210836067796,352.38280601333827,20.385964912280702
1774609980,10,GET,/api/audio/status,12.700000,0.000000,4,7,13,17,22,96,110,120,130,130,130,622,0,5,13.143102799009208,1.4126570895314217,201.4577619265765,303.04180064308684
1774609980,10,GET,/api/chains/,0.000000,0.000000,0,0,0,0,0,0,0,0,0,0,0,32,0,16,122.26778624608414,2.051791991107166,836.422679014504,1478.15625
1774609980,10,GET,/api/chains/{id},12.300000,0.000000,7,16,43,65,120,170,1200,1300,1300,1300,1300,623,0,9,54.47527152776904,1.8078569555655122,1328.8324130699039,799.5152487961477
1774609980,10,POST,/api/chains/{id}/activate,12.300000,0.000000,8,15,19,22,110,160,160,160,160,160,160,623,0,8,33.75551162136608,1.7032159958034754,1369.636674062349,54.26163723916533
1774609980,10,POST,/api/chains/{id}/deactivate,12.700000,0.000000,4,8,11,13,18,21,28,34,38,38,38,622,0,5,10.860198302422067,1.6952760051935911,416.31201503332704,60.9951768488746
1774609980,10,POST,/api/plugins/batch/parameters (500 updates),9.200000,0.000000,16,31,89,120,200,1300,1400,1400,1400,1400,1400,444,0,17,81.59441490021014,4.205934936180711,1379.4802699703723,933.677927927928
1774609980,10,GET,/api/plugins/discover,0.000000,0.000000,0,0,0,0,0,0,0,0,0,0,0,32,0,25,37.04265419219155,17.093515023589134,199.70884604845196,89708.0
1774609980,10,GET,/api/plugins/list,0.000000,0.000000,0,0,0,0,0,0,0,0,0,0,0,32,0,14,31.071493183844723,1.48758792784065,182.4330739909783,92.59375
1774609980,10,POST,/api/plugins/load?uri,3.600000,0.000000,5,9,18,19,53,110,150,150,150,150,150,228,0,6,37.195482982624846,1.8134090350940824,1264.886795077473,2445.8508771929824
1774609980,10,POST,/api/plugins/unload?uri,3.700000,0.000000,3,7,10,15,19,110,110,110,110,110,110,228,0,4,11.41196420148685,1.6401720931753516,147.75159501004964,127.47368421052632
1774609980,10,,Aggregated,105.000000,0.000000,6,12,18,21,89,140,180,210,1400,1400,1400,5660,0,7,36.66891803464757,1.3680720003321767,1379.4802699703723,847.5227915194346
1774609981,10,GET,/api/audio/latency,14.200000,0.000000,7,13,18,19,98,150,160,180,200,200,200,881,0,5,26.562260759827364,1.3680720003321767,1258.0146469408646,33.029511918274686
1774609981,10,GET,/api/audio/levels,14.200000,0.000000,9,15,41,69,110,150,170,1300,1300,1300,1300,881,0,8,52.96816764014618,1.4257619623094797,1324.4873579824343,76.61520998864927
1774609981,10,GET,/api/audio/levels (during plugin swap),3.300000,0.000000,5,11,27,31,73,85,110,110,110,110,110,230,0,9,54.69449899898356,1.4455040218308568,1265.6072209356353,77.18260869565218
1774609981,10,GET,/api/audio/levels/plugins,3.300000,0.000000,3,12,14,14,64,120,150,150,150,150,150,230,0,4,12.485280396598998,1.3929210836067796,352.38280601333827,20.38695652173913
1774609981,10,GET,/api/audio/status,12.000000,0.000000,4,10,17,18,22,96,110,120,130,130,130,635,0,5,13.126025522333078,1.4126570895314217,201.4577619265765,303.04094488188974
1774609981,10,GET,/api/chains/,0.000000,0.000000,0,0,0,0,0,0,0,0,0,0,0,32,0,16,122.26778624608414,2.051791991107166,836.422679014504,1478.15625
1774609981,10,GET,/api/chains/{id},12.100000,0.000000,8,20,60,81,140,180,1200,1300,1300,1300,1300,635,0,9,54.63829414908019,1.8078569555655122,1328.8324130699039,799.9622047244095
1774609981,10,POST,/api/chains/{id}/activate,12.100000,0.000000,8,18,22,41,140,160,160,160,160,160,160,635,0,8,34.26017443169143,1.7032159958034754,1369.636674062349,54.29133858267716
1774609981,10,POST,/api/chains/{id}/deactivate,12.000000,0.000000,5,9,11,14,19,23,30,34,38,38,38,635,0,5,10.874288151312003,1.6952760051935911,416.31201503332704,60.976377952755904
1774609981,10,POST,/api/plugins/batch/parameters (500 updates),8.300000,0.000000,16,47,98,130,200,1300,1400,1400,1400,1400,1400,452,0,17,81.39869667882247,4.205934936180711,1379.4802699703723,933.183628318584
1774609981,10,GET,/api/plugins/discover,0.000000,0.000000,0,0,0,0,0,0,0,0,0,0,0,32,0,25,37.04265419219155,17.093515023589134,199.70884604845196,89708.0
1774609981,10,GET,/api/plugins/list,0.000000,0.000000,0,0,0,0,0,0,0,0,0,0,0,32,0,14,31.071493183844723,1.48758792784065,182.4330739909783,92.59375
1774609981,10,POST,/api/plugins/load?uri,3.300000,0.000000,5,7,18,19,53,110,150,150,150,150,150,230,0,6,36.90692349539503,1.8134090350940824,1264.886795077473,2434.0304347826086
1774609981,10,POST,/api/plugins/unload?uri,3.300000,0.000000,3,7,10,13,19,110,110,110,110,110,110,230,0,4,11.339946917723864,1.6401720931753516,147.75159501004964,127.45652173913044
1774609981,10,,Aggregated,98.100000,0.000000,7,14,19,23,100,150,180,250,1400,1400,1400,5770,0,7,36.60131653079172,1.3680720003321767,1379.4802699703723,836.1353552859619
1774609982,10,GET,/api/audio/latency,14.200000,0.000000,6,11,16,18,52,150,160,170,180,180,180,890,0,5,26.3350914869447,1.3680720003321767,1258.0146469408646,33.029213483146066
1774609982,10,GET,/api/audio/levels,14.200000,0.000000,8,13,21,54,100,130,170,170,180,180,180,890,0,8,52.47698584061346,1.4257619623094797,1324.4873579824343,76.60786516853932
1774609982,10,GET,/api/audio/levels (during plugin swap),3.300000,0.000000,4,10,22,31,73,85,110,110,110,110,110,234,0,8,53.81088249502767,1.4455040218308568,1265.6072209356353,77.11111111111111
1774609982,10,GET,/api/audio/levels/plugins,3.300000,0.000000,3,9,13,14,64,120,150,150,150,150,150,234,0,4,12.337337552498166,1.3929210836067796,352.38280601333827,20.38888888888889
1774609982,10,GET,/api/audio/status,12.000000,0.000000,4,10,17,19,23,97,110,120,130,130,130,641,0,5,13.022865180373657,1.4126570895314217,201.4577619265765,303.0405616224649
1774609982,10,GET,/api/chains/,0.000000,0.000000,0,0,0,0,0,0,0,0,0,0,0,32,0,16,122.26778624608414,2.051791991107166,836.422679014504,1478.15625
1774609982,10,GET,/api/chains/{id},12.100000,0.000000,7,17,40,63,120,160,180,190,190,190,190,641,0,9,54.245636386356594,1.8078569555655122,1328.8324130699039,800.3120124804992
1774609982,10,POST,/api/chains/{id}/activate,12.100000,0.000000,6,15,20,37,140,160,160,160,160,160,160,641,0,8,33.9777425271873,1.7032159958034754,1369.636674062349,54.30577223088923
1774609982,10,POST,/api/chains/{id}/deactivate,12.000000,0.000000,5,9,11,14,19,23,30,34,38,38,38,641,0,5,10.809673527444534,1.6952760051935911,416.31201503332704,60.985959438377535
1774609982,10,POST,/api/plugins/batch/parameters (500 updates),8.300000,0.000000,13,20,46,83,140,200,230,250,250,250,250,457,0,16,80.58783339150047,4.205934936180711,1379.4802699703723,933.9890590809628
1774609982,10,GET,/api/plugins/discover,0.000000,0.000000,0,0,0,0,0,0,0,0,0,0,0,32,0,25,37.04265419219155,17.093515023589134,199.70884604845196,89708.0
1774609982,10,GET,/api/plugins/list,0.000000,0.000000,0,0,0,0,0,0,0,0,0,0,0,32,0,14,31.071493183844723,1.48758792784065,182.4330739909783,92.59375
1774609982,10,POST,/api/plugins/load?uri,3.300000,0.000000,4,7,12,19,53,110,150,150,150,150,150,234,0,6,36.36442344888456,1.8134090350940824,1264.886795077473,2450.9786324786323
1774609982,10,POST,/api/plugins/unload?uri,3.300000,0.000000,3,7,10,15,19,110,110,110,110,110,110,234,0,4,11.24365442744894,1.6401720931753516,147.75159501004964,127.42307692307692
1774609982,10,,Aggregated,98.100000,0.000000,6,12,18,20,88,140,160,180,230,250,250,5833,0,7,36.261002480169125,1.3680720003321767,1379.4802699703723,831.9290245156866
1774609983,10,GET,/api/audio/latency,15.300000,0.000000,8,14,18,20,52,150,160,170,180,180,180,900,0,5,26.273973129379254,1.3680720003321767,1258.0146469408646,33.028888888888886
1774609983,10,GET,/api/audio/levels,15.600000,0.000000,10,18,54,73,130,170,1200,1300,1300,1300,1300,900,0,8,61.39904534211382,1.4257619623094797,1324.4873579824343,76.64
1774609983,10,GET,/api/audio/levels (during plugin swap),3.400000,0.000000,6,21,31,33,73,85,110,110,110,110,110,234,0,8,53.81088249502767,1.4455040218308568,1265.6072209356353,77.11111111111111
1774609983,10,GET,/api/audio/levels/plugins,3.400000,0.000000,3,12,14,18,64,120,150,150,150,150,150,234,0,4,12.337337552498166,1.3929210836067796,352.38280601333827,20.38888888888889
1774609983,10,GET,/api/audio/status,11.800000,0.000000,4,11,18,20,24,110,110,120,130,130,130,644,0,5,13.301149682577133,1.4126570895314217,201.4577619265765,303.04037267080747
1774609983,10,GET,/api/chains/,0.000000,0.000000,0,0,0,0,0,0,0,0,0,0,0,32,0,16,122.26778624608414,2.051791991107166,836.422679014504,1478.15625
1774609983,10,GET,/api/chains/{id},12.000000,0.000000,9,23,63,86,140,180,190,1100,1300,1300,1300,644,0,9,57.71805258646393,1.8078569555655122,1328.8324130699039,800.2111801242236
1774609983,10,POST,/api/chains/{id}/activate,11.800000,0.000000,8,18,37,79,150,160,160,160,160,160,160,644,0,8,33.94485081355116,1.7032159958034754,1369.636674062349,54.254658385093165
1774609983,10,POST,/api/chains/{id}/deactivate,11.800000,0.000000,5,9,12,14,19,23,30,34,38,38,38,644,0,5,10.799285875646374,1.6952760051935911,416.31201503332704,60.99068322981366
1774609983,10,POST,/api/plugins/batch/parameters (500 updates),8.700000,0.000000,16,27,83,98,150,210,250,1200,1200,1200,1200,460,0,16,82.84740251281461,4.205934936180711,1379.4802699703723,933.0565217391304
1774609983,10,GET,/api/plugins/discover,0.000000,0.000000,0,0,0,0,0,0,0,0,0,0,0,32,0,25,37.04265419219155,17.093515023589134,199.70884604845196,89708.0
1774609983,10,GET,/api/plugins/list,0.000000,0.000000,0,0,0,0,0,0,0,0,0,0,0,32,0,14,31.071493183844723,1.48758792784065,182.4330739909783,92.59375
1774609983,10,POST,/api/plugins/load?uri,3.400000,0.000000,5,11,19,19,53,110,150,150,150,150,150,234,0,6,36.36442344888456,1.8134090350940824,1264.886795077473,2450.9786324786323
1774609983,10,POST,/api/plugins/unload?uri,3.400000,0.000000,4,10,15,16,19,110,110,110,110,110,110,234,0,4,11.24365442744894,1.6401720931753516,147.75159501004964,127.42307692307692
1774609983,10,,Aggregated,100.600000,0.000000,8,15,20,27,100,150,180,1100,1300,1300,1300,5868,0,7,38.220570494109595,1.3680720003321767,1379.4802699703723,828.1699045671438
1774609984,10,GET,/api/audio/latency,18.100000,0.000000,6,14,18,20,52,150,160,160,170,170,170,923,0,5,26.922692499857067,1.3680720003321767,1258.0146469408646,33.028169014084504
1774609984,10,GET,/api/audio/levels,18.100000,0.000000,9,18,52,69,130,180,1200,1300,1300,1300,1300,923,0,8,61.24033591203504,1.4257619623094797,1324.4873579824343,76.66197183098592
1774609984,10,GET,/api/audio/levels (during plugin swap),4.000000,0.000000,4,8,21,27,41,85,110,110,110,110,110,239,0,8,52.79281065618097,1.4455040218308568,1265.6072209356353,77.02510460251047
1774609984,10,GET,/api/audio/levels/plugins,4.000000,0.000000,3,7,12,14,62,120,150,150,150,150,150,239,0,4,12.193460260502308,1.3929210836067796,352.38280601333827,20.364016736401673
1774609984,10,GET,/api/audio/status,13.100000,0.000000,4,8,13,17,22,27,110,120,130,130,130,657,0,5,13.153403850174488,1.4126570895314217,201.4577619265765,303.03957382039573
1774609984,10,GET,/api/chains/,0.000000,0.000000,0,0,0,0,0,0,0,0,0,0,0,32,0,16,122.26778624608414,2.051791991107166,836.422679014504,1478.15625
1774609984,10,GET,/api/chains/{id},13.100000,0.000000,8,17,38,60,120,170,190,1100,1300,1300,1300,657,0,9,57.010958276163144,1.8078569555655122,1328.8324130699039,800.7716894977169
1774609984,10,POST,/api/chains/{id}/activate,13.100000,0.000000,6,15,22,37,140,160,160,160,160,160,160,657,0,8,33.674533029024516,1.7032159958034754,1369.636674062349,54.25418569254186
1774609984,10,POST,/api/chains/{id}/deactivate,13.100000,0.000000,4,8,11,13,17,20,28,30,34,34,34,657,0,5,10.709054311815382,1.6854360001161695,416.31201503332704,60.97260273972603
1774609984,10,POST,/api/plugins/batch/parameters (500 updates),9.600000,0.000000,15,25,69,95,180,210,250,1200,1200,1200,1200,470,0,17,82.49427210019425,4.205934936180711,1379.4802699703723,930.5212765957447
1774609984,10,GET,/api/plugins/discover,0.000000,0.000000,0,0,0,0,0,0,0,0,0,0,0,32,0,25,37.04265419219155,17.093515023589134,199.70884604845196,89708.0
1774609984,10,GET,/api/plugins/list,0.000000,0.000000,0,0,0,0,0,0,0,0,0,0,0,32,0,14,31.071493183844723,1.48758792784065,182.4330739909783,92.59375
1774609984,10,POST,/api/plugins/load?uri,4.000000,0.000000,4,6,11,18,22,53,110,110,110,110,110,239,0,6,35.66875652299033,1.8134090350940824,1264.886795077473,2419.9748953974895
1774609984,10,POST,/api/plugins/unload?uri,4.000000,0.000000,3,9,10,15,17,110,110,110,110,110,110,239,0,4,11.05192764886269,1.6401720931753516,147.75159501004964,127.43933054393305
1774609984,10,,Aggregated,114.200000,0.000000,6,13,18,22,100,150,180,1100,1300,1300,1300,5996,0,7,38.05786692015867,1.3680720003321767,1379.4802699703723,815.9648098732488
1774609985,10,GET,/api/audio/latency,17.000000,0.000000,8,15,18,20,62,150,160,170,180,180,180,947,0,5,26.59109127184095,1.3680720003321767,1258.0146469408646,33.02745512143611
1774609985,10,GET,/api/audio/levels,17.000000,0.000000,10,20,57,82,140,180,1200,1300,1300,1300,1300,947,0,8,60.412534816218134,1.4257619623094797,1324.4873579824343,76.66525871172122
1774609985,10,GET,/api/audio/levels (during plugin swap),3.900000,0.000000,4,9,22,31,68,110,180,180,180,180,180,242,0,8,52.90039799518668,1.4455040218308568,1265.6072209356353,77.02892561983471
1774609985,10,GET,/api/audio/levels/plugins,3.900000,0.000000,3,7,12,14,62,120,150,150,150,150,150,242,0,4,12.068180351956817,1.3929210836067796,352.38280601333827,20.392561983471076
1774609985,10,GET,/api/audio/status,11.900000,0.000000,5,10,14,18,22,110,130,200,200,200,200,673,0,5,13.237244693630197,1.4126570895314217,201.4577619265765,303.038632986627
1774609985,10,GET,/api/chains/,0.000000,0.000000,0,0,0,0,0,0,0,0,0,0,0,32,0,16,122.26778624608414,2.051791991107166,836.422679014504,1478.15625
1774609985,10,GET,/api/chains/{id},11.900000,0.000000,8,19,47,78,130,180,1100,1300,1300,1300,1300,673,0,9,56.09841971989599,1.8078569555655122,1328.8324130699039,801.4710252600297
1774609985,10,POST,/api/chains/{id}/activate,11.900000,0.000000,8,15,22,38,150,160,160,160,160,160,160,673,0,8,33.01920937177037,1.7032159958034754,1369.636674062349,54.35364041604755
1774609985,10,POST,/api/chains/{id}/deactivate,11.900000,0.000000,6,10,12,13,18,21,30,34,34,34,34,673,0,5,10.62921829172929,1.6854360001161695,416.31201503332704,60.922734026745914
1774609985,10,POST,/api/plugins/batch/parameters (500 updates),8.100000,0.000000,15,30,95,110,200,210,250,1200,1200,1200,1200,474,0,17,82.5515793084328,4.205934936180711,1379.4802699703723,930.2004219409283
1774609985,10,GET,/api/plugins/discover,0.000000,0.000000,0,0,0,0,0,0,0,0,0,0,0,32,0,25,37.04265419219155,17.093515023589134,199.70884604845196,89708.0
1774609985,10,GET,/api/plugins/list,0.000000,0.000000,0,0,0,0,0,0,0,0,0,0,0,32,0,14,31.071493183844723,1.48758792784065,182.4330739909783,92.59375
1774609985,10,POST,/api/plugins/load?uri,3.900000,0.000000,4,6,9,18,22,53,110,110,110,110,110,242,0,6,35.28753616115894,1.8134090350940824,1264.886795077473,2414.128099173554
1774609985,10,POST,/api/plugins/unload?uri,3.900000,0.000000,3,4,10,15,17,110,110,110,110,110,110,242,0,4,10.950282863572179,1.6401720931753516,147.75159501004964,127.4090909090909
1774609985,10,,Aggregated,105.300000,0.000000,7,13,19,23,110,160,190,1100,1300,1300,1300,6124,0,7,37.649305438492654,1.3680720003321767,1379.4802699703723,804.2550620509471
1774609986,10,GET,/api/audio/latency,17.800000,0.000000,6,15,18,20,62,160,160,170,180,180,180,962,0,5,26.770379194983025,1.3680720003321767,1258.0146469408646,33.027027027027025
1774609986,10,GET,/api/audio/levels,17.800000,0.000000,9,17,53,73,140,180,1200,1300,1300,1300,1300,963,0,8,60.17338463116383,1.4257619623094797,1324.4873579824343,76.68535825545172
1774609986,10,GET,/api/audio/levels (during plugin swap),3.300000,0.000000,4,14,21,22,100,180,200,200,200,200,200,249,0,8,52.85795320369618,1.4455040218308568,1265.6072209356353,76.96787148594377
1774609986,10,GET,/api/audio/levels/plugins,3.300000,0.000000,3,7,9,13,21,64,120,120,120,120,120,249,0,4,11.978361402155764,1.3929210836067796,352.38280601333827,20.369477911646587
1774609986,10,GET,/api/audio/status,10.800000,0.000000,4,7,11,14,21,24,110,120,200,200,200,686,0,5,13.120765115084186,1.4126570895314217,201.4577619265765,303.03790087463557
1774609986,10,GET,/api/chains/,0.000000,0.000000,0,0,0,0,0,0,0,0,0,0,0,32,0,16,122.26778624608414,2.051791991107166,836.422679014504,1478.15625
1774609986,10,GET,/api/chains/{id},10.800000,0.000000,8,13,23,47,130,160,190,1100,1300,1300,1300,686,0,9,55.98927157508133,1.8078569555655122,1328.8324130699039,801.2113702623907
1774609986,10,POST,/api/chains/{id}/activate,10.800000,0.000000,6,14,19,25,140,160,160,160,160,160,160,686,0,8,33.16914285047783,1.7032159958034754,1369.636674062349,54.35131195335277
1774609986,10,POST,/api/chains/{id}/deactivate,10.800000,0.000000,5,9,11,12,19,21,26,30,34,34,34,686,0,5,10.576101526368204,1.6854360001161695,416.31201503332704,60.94314868804665
1774609986,10,POST,/api/plugins/batch/parameters (500 updates),7.600000,0.000000,15,25,74,100,180,210,250,1200,1200,1200,1200,486,0,17,81.55919649660272,4.205934936180711,1379.4802699703723,928.8909465020577
1774609986,10,GET,/api/plugins/discover,0.000000,0.000000,0,0,0,0,0,0,0,0,0,0,0,32,0,25,37.04265419219155,17.093515023589134,199.70884604845196,89708.0
1774609986,10,GET,/api/plugins/list,0.000000,0.000000,0,0,0,0,0,0,0,0,0,0,0,32,0,14,31.071493183844723,1.48758792784065,182.4330739909783,92.59375
1774609986,10,POST,/api/plugins/load?uri,3.300000,0.000000,4,8,11,18,53,130,140,140,140,140,140,249,0,6,35.580134778526656,1.8134090350940824,1264.886795077473,2379.008032128514
1774609986,10,POST,/api/plugins/unload?uri,3.300000,0.000000,3,8,9,10,19,110,110,110,110,110,110,249,0,4,10.85441711687868,1.6401720931753516,147.75159501004964,127.40562248995984
1774609986,10,,Aggregated,99.600000,0.000000,7,13,18,21,100,160,190,1100,1300,1300,1300,6247,0,7,37.546859953485544,1.3680720003321767,1379.4802699703723,794.4488554506163
1774609987,10,GET,/api/audio/latency,19.400000,0.000000,6,15,18,21,62,160,160,170,180,180,180,982,0,5,26.364424534316523,1.3680720003321767,1258.0146469408646,33.026476578411405
1774609987,10,GET,/api/audio/levels,19.500000,0.000000,10,22,67,90,150,180,1200,1300,1300,1300,1300,982,0,8,59.669467793159235,1.4257619623094797,1324.4873579824343,76.66700610997964
1774609987,10,GET,/api/audio/levels (during plugin swap),3.500000,0.000000,6,15,21,30,100,180,200,200,200,200,200,255,0,8,51.85451105410489,1.4455040218308568,1265.6072209356353,76.97647058823529
1774609987,10,GET,/api/audio/levels/plugins,3.500000,0.000000,3,7,12,17,21,64,120,120,120,120,120,254,0,4,11.929332988160684,1.3929210836067796,352.38280601333827,20.346456692913385
1774609987,10,GET,/api/audio/status,11.200000,0.000000,5,10,15,18,23,120,150,200,200,200,200,698,0,5,13.629013805064428,1.4126570895314217,201.4577619265765,303.0372492836676
1774609987,10,GET,/api/chains/,0.000000,0.000000,0,0,0,0,0,0,0,0,0,0,0,32,0,16,122.26778624608414,2.051791991107166,836.422679014504,1478.15625
1774609987,10,GET,/api/chains/{id},11.300000,0.000000,8,18,34,60,140,180,1100,1300,1300,1300,1300,698,0,9,55.33831457145123,1.8078569555655122,1328.8324130699039,800.3194842406876
1774609987,10,POST,/api/chains/{id}/activate,11.300000,0.000000,6,15,22,27,140,160,160,160,160,160,160,698,0,8,32.79672622667989,1.7032159958034754,1369.636674062349,54.34097421203438
1774609987,10,POST,/api/chains/{id}/deactivate,11.200000,0.000000,6,10,11,12,19,21,30,34,34,34,34,698,0,5,10.510576884749273,1.6854360001161695,416.31201503332704,60.96131805157593
1774609987,10,POST,/api/plugins/batch/parameters (500 updates),7.600000,0.000000,18,30,95,130,180,210,250,1200,1200,1200,1200,496,0,17,80.78316767815492,4.205934936180711,1379.4802699703723,928.4798387096774
1774609987,10,GET,/api/plugins/discover,0.000000,0.000000,0,0,0,0,0,0,0,0,0,0,0,32,0,25,37.04265419219155,17.093515023589134,199.70884604845196,89708.0
1774609987,10,GET,/api/plugins/list,0.000000,0.000000,0,0,0,0,0,0,0,0,0,0,0,32,0,14,31.071493183844723,1.48758792784065,182.4330739909783,92.59375
1774609987,10,POST,/api/plugins/load?uri,3.500000,0.000000,4,10,16,18,53,130,140,140,140,140,140,254,0,6,35.12651598773985,1.8134090350940824,1264.886795077473,2381.1889763779527
1774609987,10,POST,/api/plugins/unload?uri,3.500000,0.000000,3,8,9,10,19,110,150,150,150,150,150,254,0,4,11.315043228696739,1.6401720931753516,148.14677694812417,127.35433070866142
1774609987,10,,Aggregated,105.500000,0.000000,7,14,20,24,110,160,190,1100,1300,1300,1300,6365,0,7,37.24473763192519,1.3680720003321767,1379.4802699703723,785.8218381775334
1774609988,10,GET,/api/audio/latency,18.500000,0.000000,5,13,18,20,52,150,160,160,180,180,180,1006,0,5,26.304843439651137,1.3680720003321767,1258.0146469408646,33.02584493041749
1774609988,10,GET,/api/audio/levels,18.500000,0.000000,9,15,53,82,130,180,1200,1300,1300,1300,1300,1006,0,8,58.98117142529033,1.4257619623094797,1324.4873579824343,76.6441351888668
1774609988,10,GET,/api/audio/levels (during plugin swap),3.700000,0.000000,4,10,15,21,100,180,200,200,200,200,200,257,0,8,51.46495326003603,1.4455040218308568,1265.6072209356353,76.94552529182879
1774609988,10,GET,/api/audio/levels/plugins,3.800000,0.000000,3,7,9,12,21,120,150,150,150,150,150,257,0,4,12.398706618623974,1.3929210836067796,352.38280601333827,20.373540856031127
1774609988,10,GET,/api/audio/status,10.700000,0.000000,5,9,13,16,21,110,150,150,200,200,200,707,0,5,13.538895875493479,1.4126570895314217,201.4577619265765,303.036775106082
1774609988,10,GET,/api/chains/,0.000000,0.000000,0,0,0,0,0,0,0,0,0,0,0,32,0,16,122.26778624608414,2.051791991107166,836.422679014504,1478.15625
1774609988,10,GET,/api/chains/{id},10.700000,0.000000,8,18,30,74,140,170,1100,1300,1300,1300,1300,707,0,9,55.443200165184564,1.8078569555655122,1328.8324130699039,800.5417256011316
1774609988,10,POST,/api/chains/{id}/activate,10.700000,0.000000,6,14,18,22,140,160,160,180,180,180,180,707,0,8,33.11177741313324,1.7032159958034754,1369.636674062349,54.306930693069305
1774609988,10,POST,/api/chains/{id}/deactivate,10.700000,0.000000,5,9,11,12,17,20,22,30,34,34,34,707,0,5,10.465163810150974,1.6854360001161695,416.31201503332704,60.974540311173975
1774609988,10,POST,/api/plugins/batch/parameters (500 updates),7.300000,0.000000,18,30,95,140,180,230,250,1200,1200,1200,1200,507,0,17,80.84364819108036,4.205934936180711,1379.4802699703723,930.3037475345168
1774609988,10,GET,/api/plugins/discover,0.000000,0.000000,0,0,0,0,0,0,0,0,0,0,0,32,0,25,37.04265419219155,17.093515023589134,199.70884604845196,89708.0
1774609988,10,GET,/api/plugins/list,0.000000,0.000000,0,0,0,0,0,0,0,0,0,0,0,32,0,14,31.071493183844723,1.48758792784065,182.4330739909783,92.59375
1774609988,10,POST,/api/plugins/load?uri,3.700000,0.000000,4,8,11,16,53,140,180,180,180,180,180,257,0,6,35.45465460273615,1.8134090350940824,1264.886795077473,2393.5603112840467
1774609988,10,POST,/api/plugins/unload?uri,3.800000,0.000000,3,8,9,10,16,19,150,150,150,150,150,257,0,4,11.258463552837705,1.6401720931753516,148.14677694812417,127.37743190661479
1774609988,10,,Aggregated,102.100000,0.000000,6,12,18,21,100,150,190,1100,1300,1300,1300,6471,0,7,37.22379134033938,1.3680720003321767,1379.4802699703723,778.4790604234277
1774609989,10,GET,/api/audio/latency,19.100000,0.000000,7,16,19,21,130,150,160,160,180,180,180,1023,0,5,26.167902551643287,1.3680720003321767,1258.0146469408646,33.02541544477028
1774609989,10,GET,/api/audio/levels,19.100000,0.000000,11,31,69,92,140,180,1200,1300,1300,1300,1300,1023,0,8,58.502757126480915,1.4257619623094797,1324.4873579824343,76.6217008797654
1774609989,10,GET,/api/audio/levels (during plugin swap),4.100000,0.000000,4,14,21,24,100,180,200,200,200,200,200,261,0,8,51.14893393432258,1.4455040218308568,1265.6072209356353,76.93486590038314
1774609989,10,GET,/api/audio/levels/plugins,4.100000,0.000000,3,7,9,16,21,120,150,150,150,150,150,261,0,4,12.312065092293667,1.3929210836067796,352.38280601333827,20.375478927203066
1774609989,10,GET,/api/audio/status,11.100000,0.000000,6,11,15,17,22,130,150,200,200,200,200,720,0,5,13.660729194493292,1.4126570895314217,201.4577619265765,303.0361111111111
1774609989,10,GET,/api/chains/,0.000000,0.000000,0,0,0,0,0,0,0,0,0,0,0,32,0,16,122.26778624608414,2.051791991107166,836.422679014504,1478.15625
1774609989,10,GET,/api/chains/{id},11.100000,0.000000,11,25,53,83,140,170,1100,1300,1300,1300,1300,720,0,9,55.26565795654379,1.8078569555655122,1328.8324130699039,800.5541666666667
1774609989,10,POST,/api/chains/{id}/activate,11.100000,0.000000,9,16,22,27,140,160,160,180,180,180,180,720,0,8,32.81258516831763,1.7032159958034754,1369.636674062349,54.270833333333336
1774609989,10,POST,/api/chains/{id}/deactivate,11.100000,0.000000,6,10,12,13,19,21,31,34,34,34,34,720,0,5,10.440934607888469,1.6854360001161695,416.31201503332704,60.99305555555556
1774609989,10,POST,/api/plugins/batch/parameters (500 updates),8.300000,0.000000,18,30,95,140,180,230,250,1200,1200,1200,1200,516,0,17,79.68156390494934,4.205934936180711,1379.4802699703723,930.2538759689922
1774609989,10,GET,/api/plugins/discover,0.000000,0.000000,0,0,0,0,0,0,0,0,0,0,0,32,0,25,37.04265419219155,17.093515023589134,199.70884604845196,89708.0
1774609989,10,GET,/api/plugins/list,0.000000,0.000000,0,0,0,0,0,0,0,0,0,0,0,32,0,14,31.071493183844723,1.48758792784065,182.4330739909783,92.59375
1774609989,10,POST,/api/plugins/load?uri,4.100000,0.000000,4,10,16,18,53,140,180,180,180,180,180,261,0,6,35.03096874730155,1.8134090350940824,1264.886795077473,2372.896551724138
1774609989,10,POST,/api/plugins/unload?uri,4.100000,0.000000,3,8,9,11,19,24,150,150,150,150,150,261,0,4,11.243158900553638,1.6401720931753516,148.14677694812417,127.26053639846744
1774609989,10,,Aggregated,107.300000,0.000000,8,15,21,26,110,160,190,1100,1300,1300,1300,6582,0,7,36.95478498195608,1.3680720003321767,1379.4802699703723,770.0720145852324
