Timestamp,User Count,Type,Name,Requests/s,Failures/s,50%,66%,75%,80%,90%,95%,98%,99%,99.9%,99.99%,100%,Total Request Count,Total Failure Count,Total Median Response Time,Total Average Response Time,Total Min Response Time,Total Max Response Time,Total Average Content Size
1774607453,0,,Aggregated,0.000000,0.000000,N/A,N/A,N/A,N/A,N/A,N/A,N/A,N/A,N/A,N/A,N/A,0,0,0,0.0,0,0,0
1774607454,2,GET,/api/audio/latency,0.000000,0.000000,0,0,0,0,0,0,0,0,0,0,0,2,0,9.11836395971477,9.733434999361634,9.11836395971477,10.348506039008498,33.0
1774607454,2,GET,/api/audio/levels,0.000000,0.000000,0,0,0,0,0,0,0,0,0,0,0,2,0,2.0073000341653824,2.8020270401611924,2.0073000341653824,3.5967540461570024,86.0
1774607454,2,GET,/api/audio/levels (during plugin swap),0.000000,0.000000,0,0,0,0,0,0,0,0,0,0,0,1,0,30.154992011375725,30.154992011375725,30.154992011375725,30.154992011375725,73.0
1774607454,2,GET,/api/audio/levels/plugins,0.000000,0.000000,0,0,0,0,0,0,0,0,0,0,0,1,0,1.7749930266290903,1.7749930266290903,1.7749930266290903,1.7749930266290903,27.0
1774607454,2,GET,/api/audio/status,0.000000,0.000000,0,0,0,0,0,0,0,0,0,0,0,1,0,3.463305067270994,3.463305067270994,3.463305067270994,3.463305067270994,303.0
1774607454,2,GET,/api/chains/,0.000000,0.000000,0,0,0,0,0,0,0,0,0,0,0,3,0,309.3623409513384,211.21210096559176,16.58483489882201,309.3623409513384,1478.6666666666667
1774607454,2,GET,/api/chains/{id},0.000000,0.000000,0,0,0,0,0,0,0,0,0,0,0,1,0,14.244280057027936,14.244280057027936,14.244280057027936,14.244280057027936,897.0
1774607454,2,POST,/api/chains/{id}/activate,0.000000,0.000000,0,0,0,0,0,0,0,0,0,0,0,1,0,20.402061054483056,20.402061054483056,20.402061054483056,20.402061054483056,35.0
1774607454,2,POST,/api/chains/{id}/deactivate,0.000000,0.000000,0,0,0,0,0,0,0,0,0,0,0,1,0,9.616808965802193,9.616808965802193,9.616808965802193,9.616808965802193,62.0
1774607454,2,GET,/api/plugins/discover,0.000000,0.000000,0,0,0,0,0,0,0,0,0,0,0,3,0,25,27.43453501413266,20.82518907263875,36.20922996196896,89708.0
1774607454,2,GET,/api/plugins/list,0.000000,0.000000,0,0,0,0,0,0,0,0,0,0,0,3,0,9,6.5613213228061795,1.6453450080007315,9.055693983100355,52.0
1774607454,2,POST,/api/plugins/load?uri,0.000000,0.000000,0,0,0,0,0,0,0,0,0,0,0,1,0,12.845416087657213,12.845416087657213,12.845416087657213,12.845416087657213,1123.0
1774607454,2,POST,/api/plugins/unload?uri,0.000000,0.000000,0,0,0,0,0,0,0,0,0,0,0,1,0,1.9472530111670494,1.9472530111670494,1.9472530111670494,1.9472530111670494,122.0
1774607454,2,,Aggregated,0.000000,0.000000,0,0,0,0,0,0,0,0,0,0,0,21,0,10,40.72113834609765,1.6453450080007315,309.3623409513384,13171.238095238095
1774607455,4,GET,/api/audio/latency,0.000000,0.000000,10,10,10,15,15,15,15,15,15,15,15,6,0,10,9.444020669131229,1.5689779538661242,14.932453050278127,33.0
1774607455,4,GET,/api/audio/levels,0.000000,0.000000,8,9,9,18,18,18,18,18,18,18,18,6,0,4,7.099104191487034,2.0073000341653824,17.62377202976495,81.66666666666667
1774607455,4,GET,/api/audio/levels (during plugin swap),0.000000,0.000000,0,0,0,0,0,0,0,0,0,0,0,3,0,17,19.77703134374072,12.070650001987815,30.154992011375725,81.66666666666667
1774607455,4,GET,/api/audio/levels/plugins,0.000000,0.000000,0,0,0,0,0,0,0,0,0,0,0,3,0,7,7.71903134106348,1.7749930266290903,14.591658022254705,27.0
1774607455,4,GET,/api/audio/status,0.000000,0.000000,2,3,15,15,19,19,19,19,19,19,19,8,0,2,5.8282705140300095,1.572903012856841,18.961156951263547,303.0
1774607455,4,GET,/api/chains/,0.000000,0.000000,17,130,130,130,160,160,160,160,160,160,160,9,0,130.0,121.09301763121039,2.2728629410266876,309.3623409513384,1478.2222222222222
1774607455,4,GET,/api/chains/{id},0.000000,0.000000,14,14,18,18,210,210,210,210,210,210,210,8,0,14,35.15715425601229,1.905109966173768,208.08770193252712,808.125
1774607455,4,POST,/api/chains/{id}/activate,0.000000,0.000000,6,12,14,14,41,41,41,41,41,41,41,8,0,6,12.601171765709296,1.814092043787241,40.52709601819515,47.5
1774607455,4,POST,/api/chains/{id}/deactivate,0.000000,0.000000,2,2,11,11,99,99,99,99,99,99,99,8,0,2,16.082544985692948,1.7202930757775903,99.30759598501027,62.0
1774607455,4,GET,/api/plugins/discover,0.000000,0.000000,26,28,34,34,39,39,39,39,39,39,39,9,0,26,27.16420090291649,12.902443995699286,39.35741097666323,89708.0
1774607455,4,GET,/api/plugins/list,0.000000,0.000000,4,5,9,9,140,140,140,140,140,140,140,9,0,5,20.421351901152068,1.585648045875132,140.16297203488648,52.0
1774607455,4,POST,/api/plugins/load?uri,0.000000,0.000000,0,0,0,0,0,0,0,0,0,0,0,3,0,110.0,83.00903039829184,12.845416087657213,121.38811300974339,1957.0
1774607455,4,POST,/api/plugins/unload?uri,0.000000,0.000000,0,0,0,0,0,0,0,0,0,0,0,3,0,4,4.0147910282636685,1.9472530111670494,5.704926094040275,124.66666666666667
1774607455,4,,Aggregated,0.000000,0.000000,9,15,18,21,99,130,160,210,210,210,210,83,0,10,30.34070683839585,1.5689779538661242,309.3623409513384,10098.409638554216
1774607456,6,GET,/api/audio/latency,1.000000,0.000000,9,12,13,14,15,170,170,170,170,170,170,18,0,9,16.8398828827776,1.458926941268146,170.21212400868535,33.0
1774607456,6,GET,/api/audio/levels,1.000000,0.000000,10,18,68,75,150,160,160,160,160,160,160,20,0,9,32.24469700362533,1.7329460242763162,158.67273695766926,78.2
1774607456,6,GET,/api/audio/levels (during plugin swap),0.000000,0.000000,15,15,81,81,81,81,81,81,81,81,81,7,0,15,23.126799147576094,3.0653730500489473,81.1411360045895,78.57142857142857
1774607456,6,GET,/api/audio/levels/plugins,0.000000,0.000000,3,3,3,3,3,3,3,3,3,3,3,7,0,3,4.740622842551342,1.503658015280962,14.591658022254705,23.285714285714285
1774607456,6,GET,/api/audio/status,1.000000,0.000000,3,3,15,19,170,170,170,170,170,170,170,10,0,3,22.049190709367394,1.572903012856841,170.9769469453022,303.0
1774607456,6,GET,/api/chains/,2.000000,0.000000,17,19,120,120,130,160,160,160,160,160,160,18,0,17,76.61213831872575,2.030984964221716,309.3623409513384,1478.111111111111
1774607456,6,GET,/api/chains/{id},1.000000,0.000000,14,16,18,18,210,210,210,210,210,210,210,10,0,14,31.470306601841003,1.905109966173768,208.08770193252712,808.1
1774607456,6,POST,/api/chains/{id}/activate,1.000000,0.000000,6,12,14,41,62,62,62,62,62,62,62,10,0,6,16.648121911566705,1.814092043787241,62.25279008504003,47.5
1774607456,6,POST,/api/chains/{id}/deactivate,1.000000,0.000000,2,2,11,11,99,99,99,99,99,99,99,9,0,2,14.484205102134082,1.6974860336631536,99.30759598501027,62.0
1774607456,6,GET,/api/plugins/discover,2.000000,0.000000,28,34,37,39,150,160,160,160,160,160,160,17,0,28,42.25786937647225,12.902443995699286,159.3766671139747,89708.0
1774607456,6,GET,/api/plugins/list,2.000000,0.000000,4,5,9,9,17,140,140,140,140,140,140,17,0,4,13.539587284493095,1.4560610288754106,140.16297203488648,52.0
1774607456,6,POST,/api/plugins/load?uri,0.000000,0.000000,12,12,16,16,16,16,16,16,16,16,16,7,0,13,40.32416917782809,2.8528670081868768,121.38811300974339,2354.5714285714284
1774607456,6,POST,/api/plugins/unload?uri,0.000000,0.000000,3,3,59,59,59,59,59,59,59,59,59,7,0,3,11.11910430647965,1.8556219292804599,59.29963104426861,124.28571428571429
1774607456,6,,Aggregated,12.000000,0.000000,9,15,19,30,110,150,170,170,210,210,210,157,0,9,29.699337524866127,1.4560610288754106,309.3623409513384,10094.859872611465
1774607457,8,GET,/api/audio/latency,1.000000,0.000000,9,14,15,41,140,140,170,170,170,170,170,30,0,9,27.566815765264135,1.458926941268146,170.21212400868535,33.0
1774607457,8,GET,/api/audio/levels,1.000000,0.000000,10,18,23,75,120,150,160,160,160,160,160,30,0,9,30.737846701716382,1.6431619878858328,158.67273695766926,78.2
1774607457,8,GET,/api/audio/levels (during plugin swap),1.500000,0.000000,15,43,56,56,81,81,81,81,81,81,81,11,0,15,24.547987733967602,2.8282629791647196,81.1411360045895,77.72727272727273
1774607457,8,GET,/api/audio/levels/plugins,1.500000,0.000000,3,3,12,12,64,64,64,64,64,64,64,11,0,3,10.496621803295882,1.503658015280962,64.29931102320552,22.272727272727273
1774607457,8,GET,/api/audio/status,2.000000,0.000000,3,13,15,19,77,170,170,170,170,170,170,20,0,3,18.65179630694911,1.4200679725036025,170.9769469453022,303.0
1774607457,8,GET,/api/chains/,3.500000,0.000000,17,46,120,130,130,140,160,160,160,160,160,26,0,17,70.21045645412345,2.030984964221716,309.3623409513384,1478.076923076923
1774607457,8,GET,/api/chains/{id},2.000000,0.000000,12,16,18,52,99,210,210,210,210,210,210,20,0,12,28.97341629723087,1.905109966173768,208.08770193252712,790.45
1774607457,8,POST,/api/chains/{id}/activate,2.000000,0.000000,12,30,32,39,41,62,62,62,62,62,62,20,0,12,18.80032605258748,1.7161020077764988,62.25279008504003,50.0
1774607457,8,POST,/api/chains/{id}/deactivate,2.000000,0.000000,3,9,11,14,99,140,140,140,140,140,140,20,0,3,18.02172554889694,1.6974860336631536,142.49048905912787,62.0
1774607457,8,GET,/api/plugins/discover,3.500000,0.000000,32,34,39,48,56,150,160,160,160,160,160,26,0,29,39.855209201610144,12.902443995699286,159.3766671139747,89708.0
1774607457,8,GET,/api/plugins/list,3.500000,0.000000,8,15,24,33,140,140,150,150,150,150,150,26,0,8,27.138755683643886,1.4560610288754106,148.8692999118939,52.0
1774607457,8,POST,/api/plugins/load?uri,1.500000,0.000000,12,16,24,24,38,38,38,38,38,38,38,11,0,13,32.481336108916864,2.8528670081868768,121.38811300974339,3154.090909090909
1774607457,8,POST,/api/plugins/unload?uri,1.500000,0.000000,6,10,59,59,94,94,94,94,94,94,94,11,0,4,17.290788289921526,1.8556219292804599,93.87431608047336,131.27272727272728
1774607457,8,,Aggregated,26.500000,0.000000,10,18,32,39,99,140,160,170,210,210,210,262,0,10,30.299176283372667,1.4200679725036025,309.3623409513384,9301.045801526718
1774607458,10,GET,/api/audio/latency,4.333333,0.000000,10,14,15,21,78,140,170,170,170,170,170,48,0,10,21.980490896870226,1.458926941268146,170.21212400868535,33.0
1774607458,10,GET,/api/audio/levels,4.333333,0.000000,14,21,27,75,110,150,160,160,160,160,160,48,0,12,32.37997581648718,1.6431619878858328,158.67273695766926,78.14583333333333
1774607458,10,GET,/api/audio/levels (during plugin swap),1.666667,0.000000,15,41,43,43,56,81,81,81,81,81,81,14,0,15,24.053943867329508,2.8282629791647196,81.1411360045895,77.64285714285714
1774607458,10,GET,/api/audio/levels/plugins,1.666667,0.000000,3,12,44,44,55,64,64,64,64,64,64,14,0,3,15.509558558863189,1.503658015280962,64.29931102320552,22.357142857142858
1774607458,10,GET,/api/audio/status,3.000000,0.000000,4,14,19,24,50,77,170,170,170,170,170,27,0,4,18.962028707998495,1.4200679725036025,170.9769469453022,303.0
1774607458,10,GET,/api/chains/,5.333333,0.000000,17,46,110,120,130,160,160,160,160,160,160,37,0,17,60.53754226367518,2.030984964221716,309.3623409513384,1478.081081081081
1774607458,10,GET,/api/chains/{id},3.000000,0.000000,14,18,52,63,140,150,210,210,210,210,210,27,0,14,35.87476051567743,1.905109966173768,208.08770193252712,791.7407407407408
1774607458,10,POST,/api/chains/{id}/activate,3.000000,0.000000,14,26,32,32,39,41,62,62,62,62,62,27,0,14,17.985267521537565,1.7161020077764988,62.25279008504003,50.74074074074074
1774607458,10,POST,/api/chains/{id}/deactivate,3.000000,0.000000,4,10,14,15,100,130,140,140,140,140,140,27,0,4,22.958727118007285,1.6974860336631536,142.49048905912787,61.074074074074076
1774607458,10,GET,/api/plugins/discover,4.666667,0.000000,34,41,48,52,68,150,160,160,160,160,160,36,0,34,43.16374352977922,12.902443995699286,159.3766671139747,89708.0
1774607458,10,GET,/api/plugins/list,5.333333,0.000000,9,15,21,22,81,140,150,150,150,150,150,36,0,9,22.712992193798225,1.4248379739001393,148.8692999118939,57.55555555555556
1774607458,10,POST,/api/plugins/load?uri,1.666667,0.000000,12,16,20,20,24,38,38,38,38,38,38,14,0,13,28.594476021161036,2.8528670081868768,121.38811300974339,3269.3571428571427
1774607458,10,POST,/api/plugins/unload?uri,1.666667,0.000000,6,26,59,59,94,100,100,100,100,100,100,14,0,4,23.014033504296094,1.8556219292804599,103.86926296632737,132.14285714285714
1774607458,10,,Aggregated,42.666667,0.000000,12,21,32,41,99,140,160,160,210,210,210,369,0,12,30.03588965765849,1.4200679725036025,309.3623409513384,9141.414634146342
1774607459,10,GET,/api/audio/latency,5.750000,0.000000,10,15,17,29,130,140,160,170,170,170,170,68,0,10,28.227398187428822,1.458926941268146,170.21212400868535,33.0
1774607459,10,GET,/api/audio/levels,5.750000,0.000000,14,21,68,78,110,140,160,160,160,160,160,69,0,13,34.61432855650513,1.6431619878858328,158.67273695766926,77.52173913043478
1774607459,10,GET,/api/audio/levels (during plugin swap),2.250000,0.000000,20,43,56,67,81,110,110,110,110,110,110,17,0,17,30.562360010876812,1.50514196138829,114.51549304183573,78.3529411764706
1774607459,10,GET,/api/audio/levels/plugins,2.250000,0.000000,3,23,25,44,55,64,64,64,64,64,64,17,0,3,15.681549934122492,1.503658015280962,64.29931102320552,23.176470588235293
1774607459,10,GET,/api/audio/status,3.000000,0.000000,7,13,22,24,50,160,170,170,170,170,170,40,0,5,19.969537196448073,1.4200679725036025,170.9769469453022,303.0
1774607459,10,GET,/api/chains/,5.750000,0.000000,17,46,110,120,140,160,160,160,160,160,160,41,0,17,60.570075821199616,2.030984964221716,309.3623409513384,1478.121951219512
1774607459,10,GET,/api/chains/{id},3.000000,0.000000,11,22,62,69,99,140,210,210,210,210,210,42,0,11,35.19204097877567,1.905109966173768,208.08770193252712,803.9285714285714
1774607459,10,POST,/api/chains/{id}/activate,3.000000,0.000000,13,26,32,37,62,160,180,180,180,180,180,42,0,13,28.27126298022146,1.7161020077764988,181.12733401358128,52.26190476190476
1774607459,10,POST,/api/chains/{id}/deactivate,3.000000,0.000000,4,10,15,24,99,130,140,140,140,140,140,40,0,4,19.598208504612558,1.6974860336631536,142.49048905912787,60.75
1774607459,10,POST,/api/plugins/batch/parameters (500 updates),0.000000,0.000000,0,0,0,0,0,0,0,0,0,0,0,2,0,17.251809942536056,20.00850799959153,17.251809942536056,22.765206056647003,857.0
1774607459,10,GET,/api/plugins/discover,5.750000,0.000000,34,42,49,55,150,160,160,160,160,160,160,41,0,34,47.80451631423359,12.902443995699286,161.07106092385948,89708.0
1774607459,10,GET,/api/plugins/list,5.750000,0.000000,9,15,21,24,130,140,150,150,150,150,150,41,0,9,26.333801539205922,1.4248379739001393,148.8692999118939,56.8780487804878
1774607459,10,POST,/api/plugins/load?uri,2.250000,0.000000,12,16,20,22,24,38,38,38,38,38,38,17,0,13,25.714137543485883,1.9645399879664183,121.38811300974339,3399.823529411765
1774607459,10,POST,/api/plugins/unload?uri,2.250000,0.000000,10,23,26,59,94,100,100,100,100,100,100,17,0,6,21.08802882653168,1.7142279539257288,103.86926296632737,134.41176470588235
1774607459,10,,Aggregated,49.750000,0.000000,12,22,33,46,110,140,160,160,210,210,210,494,0,12,31.783127116354237,1.4200679725036025,309.3623409513384,7819.004048582996
1774607460,10,GET,/api/audio/latency,8.200000,0.000000,10,15,20,29,81,140,160,170,170,170,170,88,0,10,25.231733498830263,1.458926941268146,170.21212400868535,33.0
1774607460,10,GET,/api/audio/levels,8.200000,0.000000,14,23,63,78,110,140,160,160,160,160,160,88,0,14,35.28077826988672,1.558881951496005,158.67273695766926,76.8409090909091
1774607460,10,GET,/api/audio/levels (during plugin swap),2.400000,0.000000,13,20,43,56,81,110,110,110,110,110,110,22,0,13,25.449838690375064,1.50514196138829,114.51549304183573,78.31818181818181
1774607460,10,GET,/api/audio/levels/plugins,2.400000,0.000000,3,12,23,25,55,64,64,64,64,64,64,22,0,3,13.147171496794643,1.4461750397458673,64.29931102320552,22.272727272727273
1774607460,10,GET,/api/audio/status,4.800000,0.000000,9,15,20,24,46,77,170,170,170,170,170,51,0,7,18.254371485490278,1.4200679725036025,170.9769469453022,303.0
1774607460,10,GET,/api/chains/,6.600000,0.000000,16,46,100,120,130,140,160,160,160,160,160,45,0,17,57.72614257358428,1.8956511048600078,309.3623409513384,1478.1777777777777
1774607460,10,GET,/api/chains/{id},4.800000,0.000000,11,18,52,69,99,140,210,210,210,210,210,51,0,11,31.773895073189017,1.8850009655579925,208.08770193252712,796.0588235294117
1774607460,10,POST,/api/chains/{id}/activate,4.800000,0.000000,13,20,32,37,95,160,180,180,180,180,180,51,0,13,27.93094839480724,1.7161020077764988,181.12733401358128,52.64705882352941
1774607460,10,POST,/api/chains/{id}/deactivate,4.800000,0.000000,5,9,11,15,55,100,140,140,140,140,140,51,0,5,16.62438886249255,1.6974860336631536,142.49048905912787,61.01960784313726
1774607460,10,POST,/api/plugins/batch/parameters (500 updates),0.000000,0.000000,0,0,0,0,0,0,0,0,0,0,0,3,0,19,19.54415231011808,17.251809942536056,22.765206056647003,856.3333333333334
1774607460,10,GET,/api/plugins/discover,6.400000,0.000000,34,42,48,52,150,160,160,160,160,160,160,45,0,34,45.86203601728711,12.902443995699286,161.07106092385948,89708.0
1774607460,10,GET,/api/plugins/list,6.600000,0.000000,9,15,21,24,110,140,150,150,150,150,150,45,0,9,26.816289827951955,1.4248379739001393,148.8692999118939,56.44444444444444
1774607460,10,POST,/api/plugins/load?uri,2.400000,0.000000,10,12,16,20,24,38,38,38,38,38,38,22,0,10,20.85016091587022,1.88302097376436,121.38811300974339,2908.1363636363635
1774607460,10,POST,/api/plugins/unload?uri,2.400000,0.000000,4,12,23,26,94,100,100,100,100,100,100,22,0,4,17.55930345759473,1.7142279539257288,103.86926296632737,132.63636363636363
1774607460,10,,Aggregated,64.800000,0.000000,12,19,27,39,99,140,160,160,210,210,210,606,0,12,29.32316964748085,1.4200679725036025,309.3623409513384,7011.73597359736
1774607461,10,GET,/api/audio/latency,9.833333,0.000000,10,15,20,29,130,150,160,160,170,170,170,105,0,10,26.778020701992016,1.458926941268146,170.21212400868535,33.0
1774607461,10,GET,/api/audio/levels,9.833333,0.000000,14,23,68,87,110,120,150,160,160,160,160,105,0,14,35.08948461662623,1.5097829746082425,158.67273695766926,77.20952380952382
1774607461,10,GET,/api/audio/levels (during plugin swap),2.500000,0.000000,9,15,35,43,67,81,110,110,110,110,110,28,0,10,22.14072726201266,1.50514196138829,114.51549304183573,77.64285714285714
1774607461,10,GET,/api/audio/levels/plugins,2.500000,0.000000,3,12,14,23,44,55,64,64,64,64,64,28,0,3,11.765620928989458,1.4461750397458673,64.29931102320552,21.428571428571427
1774607461,10,GET,/api/audio/status,5.666667,0.000000,7,14,20,23,33,67,160,170,170,170,170,66,0,7,17.31940875690656,1.4200679725036025,170.9769469453022,303.0
1774607461,10,GET,/api/chains/,6.500000,0.000000,16,46,100,120,130,150,160,160,160,160,160,54,0,16,55.65279292554974,1.8956511048600078,309.3623409513384,1478.148148148148
1774607461,10,GET,/api/chains/{id},5.833333,0.000000,14,20,52,72,130,180,210,220,220,220,220,66,0,14,37.142484295393594,1.8850009655579925,216.23965294566005,810.7727272727273
1774607461,10,POST,/api/chains/{id}/activate,5.833333,0.000000,12,19,32,37,130,160,210,210,210,210,210,66,0,12,31.965860409069467,1.7161020077764988,207.0216160500422,52.803030303030305
1774607461,10,POST,/api/chains/{id}/deactivate,5.666667,0.000000,5,10,14,15,27,99,130,140,140,140,140,66,0,5,15.000578515217498,1.6974860336631536,142.49048905912787,61.24242424242424
1774607461,10,POST,/api/plugins/batch/parameters (500 updates),0.000000,0.000000,72,72,230,230,230,230,230,230,230,230,230,7,0,23,58.6203155606719,17.251809942536056,230.89712299406528,857.0
1774607461,10,GET,/api/plugins/discover,6.333333,0.000000,33,41,48,49,68,160,160,160,160,160,160,54,0,32,42.9634295891177,12.902443995699286,161.07106092385948,89708.0
1774607461,10,GET,/api/plugins/list,6.500000,0.000000,13,17,24,33,130,140,150,160,160,160,160,54,0,9,31.30538237315637,1.4248379739001393,155.8851469308138,55.7037037037037
1774607461,10,POST,/api/plugins/load?uri,2.500000,0.000000,10,13,16,20,24,27,38,38,38,38,38,28,0,12,19.165376292741193,1.88302097376436,121.38811300974339,2817.5
1774607461,10,POST,/api/plugins/unload?uri,2.500000,0.000000,4,10,12,23,59,94,100,100,100,100,100,28,0,4,14.85511428576761,1.7142279539257288,103.86926296632737,133.17857142857142
1774607461,10,,Aggregated,72.000000,0.000000,12,19,27,39,99,140,160,180,230,230,230,755,0,12,29.825719638838624,1.4200679725036025,309.3623409513384,6769.615894039735
1774607462,10,GET,/api/audio/latency,11.571429,0.000000,9,14,19,23,81,150,160,160,170,170,170,117,0,9,24.604285491081193,1.4203089522197843,170.21212400868535,33.0
1774607462,10,GET,/api/audio/levels,11.571429,0.000000,12,21,62,75,100,120,150,160,160,160,160,117,0,12,32.28130082611759,1.5097829746082425,158.67273695766926,77.0
1774607462,10,GET,/api/audio/levels (during plugin swap),2.857143,0.000000,10,20,41,56,89,110,140,140,140,140,140,32,0,12,27.10469363955781,1.50514196138829,141.16872509475797,77.875
1774607462,10,GET,/api/audio/levels/plugins,2.857143,0.000000,3,12,14,17,44,55,64,64,64,64,64,30,0,3,11.686470336280763,1.4461750397458673,64.29931102320552,21.366666666666667
1774607462,10,GET,/api/audio/status,6.714286,0.000000,7,14,21,22,30,67,160,170,170,170,170,73,0,6,16.474408395779765,1.4200679725036025,170.9769469453022,303.0
1774607462,10,GET,/api/chains/,6.142857,0.000000,16,55,100,120,130,150,160,160,160,160,160,57,0,17,56.85335196342254,1.8956511048600078,309.3623409513384,1478.140350877193
1774607462,10,GET,/api/chains/{id},6.857143,0.000000,14,20,50,69,130,180,210,220,220,220,220,75,0,14,36.02157026063651,1.8850009655579925,216.23965294566005,813.96
1774607462,10,POST,/api/chains/{id}/activate,6.714286,0.000000,12,18,27,33,95,160,210,210,210,210,210,75,0,12,29.15935828195264,1.7161020077764988,207.0216160500422,53.0
1774607462,10,POST,/api/chains/{id}/deactivate,6.714286,0.000000,5,9,13,14,26,99,130,140,140,140,140,73,0,5,14.136896521325083,1.6974860336631536,142.49048905912787,61.31506849315068
1774607462,10,POST,/api/plugins/batch/parameters (500 updates),0.428571,0.000000,29,72,72,230,230,230,230,230,230,230,230,8,0,20,52.55164498521481,10.070950957015157,230.89712299406528,857.125
1774607462,10,GET,/api/plugins/discover,6.142857,0.000000,32,39,48,49,68,160,160,160,160,160,160,55,0,32,42.48174545143477,12.902443995699286,161.07106092385948,89708.0
1774607462,10,GET,/api/plugins/list,6.142857,0.000000,13,17,22,33,130,140,150,160,160,160,160,57,0,9,30.329542491879117,1.4248379739001393,155.8851469308138,60.771929824561404
1774607462,10,POST,/api/plugins/load?uri,2.857143,0.000000,10,14,17,20,24,27,38,38,38,38,38,32,0,12,18.26127891035867,1.88302097376436,121.38811300974339,2842.875
1774607462,10,POST,/api/plugins/unload?uri,2.857143,0.000000,4,10,18,23,59,94,100,100,100,100,100,30,0,4,15.06235673247526,1.7142279539257288,103.86926296632737,132.53333333333333
1774607462,10,,Aggregated,80.428571,0.000000,12,18,25,34,97,140,160,170,230,230,230,831,0,12,28.591237757013154,1.4200679725036025,309.3623409513384,6294.9253910950665
1774607463,10,GET,/api/audio/latency,11.750000,0.000000,9,14,19,23,81,150,160,160,170,170,170,117,0,9,24.604285491081193,1.4203089522197843,170.21212400868535,33.0
1774607463,10,GET,/api/audio/levels,11.875000,0.000000,12,21,62,75,100,120,150,160,160,160,160,117,0,12,32.28130082611759,1.5097829746082425,158.67273695766926,77.0
1774607463,10,GET,/api/audio/levels (during plugin swap),3.000000,0.000000,13,20,43,67,110,140,1200,1200,1200,1200,1200,33,0,13,63.068830651569776,1.50514196138829,1213.9212150359526,78.12121212121212
1774607463,10,GET,/api/audio/levels/plugins,2.875000,0.000000,3,14,23,36,64,1200,1200,1200,1200,1200,1200,33,0,3,85.93597954886994,1.4461750397458673,1225.283946027048,21.87878787878788
1774607463,10,GET,/api/audio/status,7.250000,0.000000,7,17,22,24,46,160,1200,1200,1200,1200,1200,77,0,7,47.87021645423412,1.4200679725036025,1227.633974980563,303.3376623376623
1774607463,10,GET,/api/chains/,6.125000,0.000000,17,55,110,120,140,160,160,1200,1200,1200,1200,58,0,17,76.56569611923447,1.8956511048600078,1200.169313000515,1478.1379310344828
1774607463,10,GET,/api/chains/{id},7.250000,0.000000,14,21,62,72,140,210,1200,1200,1200,1200,1200,77,0,14,65.3715223064888,1.8850009655579925,1177.0812480244786,813.8051948051948
1774607463,10,POST,/api/chains/{id}/activate,7.250000,0.000000,12,18,30,33,95,160,210,210,210,210,210,77,0,12,29.27251906563564,1.7161020077764988,207.0216160500422,52.857142857142854
1774607463,10,POST,/api/chains/{id}/deactivate,7.125000,0.000000,5,10,14,15,27,99,130,140,140,140,140,77,0,5,14.5968895967953,1.6974860336631536,142.49048905912787,61.02597402597402
1774607463,10,POST,/api/plugins/batch/parameters (500 updates),0.750000,0.000000,29,72,72,230,230,230,230,230,230,230,230,8,0,20,52.55164498521481,10.070950957015157,230.89712299406528,857.125
1774607463,10,GET,/api/plugins/discover,6.125000,0.000000,33,41,48,52,150,160,1200,1200,1200,1200,1200,58,0,32,80.5761128591759,12.902443995699286,1153.4276839811355,89708.0
1774607463,10,GET,/api/plugins/list,6.125000,0.000000,14,17,22,24,130,140,150,160,160,160,160,58,0,9,30.104713052800246,1.4248379739001393,155.8851469308138,62.258620689655174
1774607463,10,POST,/api/plugins/load?uri,2.875000,0.000000,12,14,17,20,24,27,38,38,38,38,38,33,0,12,18.197741334778115,1.88302097376436,121.38811300974339,2787.090909090909
1774607463,10,POST,/api/plugins/unload?uri,2.875000,0.000000,6,12,19,23,59,94,100,100,100,100,100,33,0,5,15.011959938529992,1.7142279539257288,103.86926296632737,131.6060606060606
1774607463,10,,Aggregated,83.250000,0.000000,12,19,26,37,100,140,180,1200,1200,1200,1200,856,0,12,42.11093722782794,1.4200679725036025,1227.633974980563,6432.873831775701
1774607464,10,GET,/api/audio/latency,13.000000,0.000000,9,15,20,23,130,150,160,160,170,170,170,140,0,9,25.914054582660487,1.4203089522197843,170.21212400868535,33.0
1774607464,10,GET,/api/audio/levels,13.000000,0.000000,12,22,62,75,110,140,160,160,170,170,170,140,0,11,32.8558219430436,1.479357946664095,165.58446001727134,76.99285714285715
1774607464,10,GET,/api/audio/levels (during plugin swap),3.333333,0.000000,14,35,56,67,110,140,1200,1200,1200,1200,1200,35,0,14,63.84959273106818,1.50514196138829,1213.9212150359526,77.82857142857142
1774607464,10,GET,/api/audio/levels/plugins,3.333333,0.000000,3,14,23,25,55,1200,1200,1200,1200,1200,1200,35,0,3,81.50991651761744,1.4461750397458673,1225.283946027048,22.17142857142857
1774607464,10,GET,/api/audio/status,8.111111,0.000000,7,17,22,24,33,77,1200,1200,1200,1200,1200,93,0,7,41.780656042148266,1.399932079948485,1227.633974980563,303.2795698924731
1774607464,10,GET,/api/chains/,6.111111,0.000000,15,29,95,110,130,150,160,1200,1200,1200,1200,61,0,17,73.49957227630571,1.8956511048600078,1200.169313000515,1478.1311475409836
1774607464,10,GET,/api/chains/{id},8.111111,0.000000,14,21,52,74,130,180,1200,1200,1200,1200,1200,93,0,14,59.95900985554501,1.8850009655579925,1177.0812480244786,816.6344086021505
1774607464,10,POST,/api/chains/{id}/activate,8.111111,0.000000,12,18,27,33,130,160,210,210,210,210,210,93,0,12,29.697027805972322,1.7147819744423032,207.0216160500422,53.54838709677419
1774607464,10,POST,/api/chains/{id}/deactivate,8.111111,0.000000,5,9,12,14,24,55,130,140,140,140,140,93,0,5,13.024580044051012,1.6800729790702462,142.49048905912787,60.924731182795696
1774607464,10,POST,/api/plugins/batch/parameters (500 updates),0.888889,0.000000,20,29,55,72,230,230,230,230,230,230,230,12,0,19,41.34811941185035,4.534333012998104,230.89712299406528,845.3333333333334
1774607464,10,GET,/api/plugins/discover,6.111111,0.000000,33,42,48,55,150,160,1200,1200,1200,1200,1200,61,0,32,77.89144307932222,12.902443995699286,1153.4276839811355,89708.0
1774607464,10,GET,/api/plugins/list,6.111111,0.000000,14,17,21,24,130,140,150,160,160,160,160,61,0,9,28.750978165962657,1.4248379739001393,155.8851469308138,61.75409836065574
1774607464,10,POST,/api/plugins/load?uri,3.333333,0.000000,12,16,19,20,24,38,130,130,130,130,130,35,0,12,21.102093030432506,1.88302097376436,133.87399504426867,2667.114285714286
1774607464,10,POST,/api/plugins/unload?uri,3.333333,0.000000,6,12,20,23,27,94,100,100,100,100,100,35,0,5,14.927896684301752,1.7142279539257288,103.86926296632737,131.37142857142857
1774607464,10,,Aggregated,91.000000,0.000000,11,18,25,35,100,140,170,1200,1200,1200,1200,987,0,11,40.016365424128814,1.399932079948485,1227.633974980563,5884.406281661601
1774607465,10,GET,/api/audio/latency,11.700000,0.000000,10,15,20,23,130,150,160,160,170,170,170,159,0,9,24.72933996454139,1.4203089522197843,170.21212400868535,33.0
1774607465,10,GET,/api/audio/levels,11.700000,0.000000,12,23,63,75,110,130,160,160,170,170,170,159,0,11,32.58005749220438,1.479357946664095,165.58446001727134,77.0880503144654
1774607465,10,GET,/api/audio/levels (during plugin swap),3.200000,0.000000,13,20,56,67,120,140,1200,1200,1200,1200,1200,41,0,12,58.190701819002264,1.50514196138829,1213.9212150359526,77.7560975609756
1774607465,10,GET,/api/audio/levels/plugins,3.000000,0.000000,3,14,20,23,55,1200,1200,1200,1200,1200,1200,41,0,3,70.3896716657299,1.4397009508684278,1225.283946027048,21.926829268292682
1774607465,10,GET,/api/audio/status,7.300000,0.000000,7,18,22,24,33,77,1200,1200,1200,1200,1200,98,0,6,40.03000016352732,1.399932079948485,1227.633974980563,303.265306122449
1774607465,10,GET,/api/chains/,5.700000,0.000000,19,59,110,120,140,150,160,1200,1200,1200,1200,68,0,17,71.8228218217572,1.8956511048600078,1200.169313000515,1478.2205882352941
1774607465,10,GET,/api/chains/{id},7.500000,0.000000,14,24,62,76,130,180,1200,1200,1200,1200,1200,98,0,14,59.561269842468356,1.8850009655579925,1177.0812480244786,815.3163265306123
1774607465,10,POST,/api/chains/{id}/activate,7.500000,0.000000,12,19,28,34,130,160,210,210,210,210,210,98,0,12,30.236102539656343,1.7147819744423032,207.0216160500422,53.62244897959184
1774607465,10,POST,/api/chains/{id}/deactivate,7.300000,0.000000,5,9,12,14,24,55,130,140,140,140,140,98,0,5,12.656424257533663,1.6800729790702462,142.49048905912787,60.97959183673469
1774607465,10,POST,/api/plugins/batch/parameters (500 updates),0.800000,0.000000,29,65,72,85,120,230,230,230,230,230,230,17,0,20,46.49145217091941,4.336889018304646,230.89712299406528,854.1764705882352
1774607465,10,GET,/api/plugins/discover,5.500000,0.000000,39,48,55,61,150,160,1200,1200,1200,1200,1200,68,0,34,75.1268124081167,12.902443995699286,1153.4276839811355,89708.0
1774607465,10,GET,/api/plugins/list,5.700000,0.000000,14,17,22,24,130,140,150,160,160,160,160,68,0,9,26.66960723581724,1.4248379739001393,155.8851469308138,60.75
1774607465,10,POST,/api/plugins/load?uri,3.200000,0.000000,10,14,18,19,24,38,130,130,130,130,130,41,0,10,18.92337539210552,1.88302097376436,133.87399504426867,2723.560975609756
1774607465,10,POST,/api/plugins/unload?uri,3.000000,0.000000,5,10,19,20,27,94,100,100,100,100,100,41,0,4,13.148489828425937,1.7142279539257288,103.86926296632737,131.8780487804878
1774607465,10,,Aggregated,83.100000,0.000000,12,20,27,43,110,140,170,1200,1200,1200,1200,1095,0,11,38.592521621756354,1.399932079948485,1227.633974980563,5916.7406392694065
1774607466,10,GET,/api/audio/latency,12.500000,0.000000,10,16,21,25,130,140,160,160,160,160,160,177,0,10,26.37031611047243,1.4203089522197843,170.21212400868535,33.0
1774607466,10,GET,/api/audio/levels,12.500000,0.000000,11,21,56,72,100,120,150,160,170,170,170,178,0,11,32.65367863631776,1.479357946664095,165.58446001727134,77.01685393258427
1774607466,10,GET,/api/audio/levels (during plugin swap),3.400000,0.000000,9,15,35,41,120,140,1200,1200,1200,1200,1200,45,0,11,53.563243678460516,1.50514196138829,1213.9212150359526,77.62222222222222
1774607466,10,GET,/api/audio/levels/plugins,3.400000,0.000000,5,14,20,23,44,1200,1200,1200,1200,1200,1200,45,0,3,64.99140238544594,1.4397009508684278,1225.283946027048,21.8
1774607466,10,GET,/api/audio/status,8.200000,0.000000,7,17,22,24,29,50,160,1200,1200,1200,1200,113,0,7,36.19371449051474,1.399932079948485,1227.633974980563,303.2300884955752
1774607466,10,GET,/api/chains/,5.600000,0.000000,15,27,90,99,140,160,180,1200,1200,1200,1200,75,0,17,68.29941406380385,1.8956511048600078,1200.169313000515,1478.2133333333334
1774607466,10,GET,/api/chains/{id},8.300000,0.000000,12,21,62,76,120,150,220,1200,1200,1200,1200,115,0,13,55.785264438220665,1.8850009655579925,1177.0812480244786,818.0869565217391
1774607466,10,POST,/api/chains/{id}/activate,8.200000,0.000000,12,18,28,32,130,160,180,210,210,210,210,115,0,12,30.214807658415772,1.7147819744423032,207.0216160500422,53.69565217391305
1774607466,10,POST,/api/chains/{id}/deactivate,8.100000,0.000000,5,9,10,14,22,27,55,100,130,130,130,113,0,5,12.15309208357888,1.6800729790702462,142.49048905912787,61.11504424778761
1774607466,10,POST,/api/plugins/batch/parameters (500 updates),1.000000,0.000000,20,55,72,85,190,230,230,230,230,230,230,21,0,19,47.6735787565953,4.336889018304646,230.89712299406528,843.0
1774607466,10,GET,/api/plugins/discover,5.600000,0.000000,32,44,49,54,69,160,1200,1200,1200,1200,1200,75,0,32,70.45465476810932,12.902443995699286,1153.4276839811355,89708.0
1774607466,10,GET,/api/plugins/list,5.600000,0.000000,13,15,21,21,110,130,140,160,160,160,160,75,0,9,26.27231896078835,1.4248379739001393,155.8851469308138,61.2
1774607466,10,POST,/api/plugins/load?uri,3.400000,0.000000,7,13,17,18,22,27,130,130,130,130,130,45,0,10,17.92763315865563,1.88302097376436,133.87399504426867,2715.4222222222224
1774607466,10,POST,/api/plugins/unload?uri,3.400000,0.000000,5,10,19,20,24,27,100,100,100,100,100,45,0,4,13.174778533478579,1.7142279539257288,103.86926296632737,131.2888888888889
1774607466,10,,Aggregated,89.200000,0.000000,10,18,24,30,99,140,160,230,1200,1200,1200,1237,0,10,37.1429183671519,1.399932079948485,1227.633974980563,5784.002425222312
1774607467,10,GET,/api/audio/latency,15.100000,0.000000,10,17,21,25,130,140,160,160,160,160,160,201,0,10,25.230194279803566,1.4203089522197843,170.21212400868535,33.0
1774607467,10,GET,/api/audio/levels,15.100000,0.000000,11,23,63,77,110,120,150,160,170,170,170,204,0,11,32.86770831932788,1.479357946664095,165.58446001727134,77.1421568627451
1774607467,10,GET,/api/audio/levels (during plugin swap),3.700000,0.000000,10,18,35,67,120,140,1200,1200,1200,1200,1200,50,0,11,50.68427018588409,1.497764023952186,1213.9212150359526,77.42
1774607467,10,GET,/api/audio/levels/plugins,3.700000,0.000000,3,14,17,22,36,1200,1200,1200,1200,1200,1200,50,0,3,59.094404727220535,1.4397009508684278,1225.283946027048,21.54
1774607467,10,GET,/api/audio/status,9.100000,0.000000,8,18,21,23,29,67,1200,1200,1200,1200,1200,121,0,7,35.146168694823736,1.399932079948485,1227.633974980563,303.21487603305786
1774607467,10,GET,/api/chains/,5.800000,0.000000,18,55,95,130,150,160,1200,1200,1200,1200,1200,78,0,16,66.07937220281038,1.8956511048600078,1200.169313000515,1478.2051282051282
1774607467,10,GET,/api/chains/{id},9.100000,0.000000,13,26,62,81,130,180,1200,1200,1200,1200,1200,122,0,12,53.46500917555398,1.8850009655579925,1177.0812480244786,813.9016393442623
1774607467,10,POST,/api/chains/{id}/activate,9.100000,0.000000,12,18,25,31,130,160,210,210,210,210,210,122,0,12,29.72416837459247,1.7147819744423032,207.0216160500422,53.64754098360656
1774607467,10,POST,/api/chains/{id}/deactivate,9.100000,0.000000,6,9,12,14,22,55,100,130,130,130,130,121,0,6,12.525742516606615,1.6800729790702462,142.49048905912787,61.17355371900826
1774607467,10,POST,/api/plugins/batch/parameters (500 updates),1.400000,0.000000,19,29,65,72,120,190,230,230,230,230,230,26,0,19,41.598935754826435,4.336889018304646,230.89712299406528,843.6153846153846
1774607467,10,GET,/api/plugins/discover,5.500000,0.000000,32,48,54,61,150,160,1200,1200,1200,1200,1200,78,0,32,70.48601477753179,12.902443995699286,1153.4276839811355,89708.0
1774607467,10,GET,/api/plugins/list,5.800000,0.000000,9,15,15,21,130,130,160,160,160,160,160,78,0,8,25.492138012897414,1.4248379739001393,155.8851469308138,62.32051282051282
1774607467,10,POST,/api/plugins/load?uri,3.700000,0.000000,6,13,17,19,23,28,130,130,130,130,130,50,0,8,17.254632886033505,1.8484530737623572,133.87399504426867,2601.24
1774607467,10,POST,/api/plugins/unload?uri,3.700000,0.000000,4,9,15,19,24,27,100,100,100,100,100,50,0,4,12.333897980861366,1.7142279539257288,103.86926296632737,131.3
1774607467,10,,Aggregated,99.900000,0.000000,10,18,24,32,100,140,160,230,1200,1200,1200,1351,0,10,35.813532222933006,1.399932079948485,1227.633974980563,5516.79940784604
1774607468,10,GET,/api/audio/latency,15.200000,0.000000,9,17,21,25,82,140,160,180,200,200,200,220,0,10,26.69630988384597,1.408367999829352,197.20862398389727,33.05909090909091
1774607468,10,GET,/api/audio/levels,15.200000,0.000000,8,17,48,65,99,120,140,150,170,170,170,221,0,10,31.777139557146246,1.479357946664095,165.58446001727134,77.05882352941177
1774607468,10,GET,/api/audio/levels (during plugin swap),3.600000,0.000000,9,15,20,35,120,140,1200,1200,1200,1200,1200,52,0,10,48.87328398763202,1.497764023952186,1213.9212150359526,77.5
1774607468,10,GET,/api/audio/levels/plugins,3.600000,0.000000,3,8,14,17,24,1200,1200,1200,1200,1200,1200,52,0,3,56.953045604481865,1.4397009508684278,1225.283946027048,21.75
1774607468,10,GET,/api/audio/status,9.400000,0.000000,7,16,20,22,26,67,180,1200,1200,1200,1200,140,0,6,32.48649554859315,1.399932079948485,1227.633974980563,303.1857142857143
1774607468,10,GET,/api/chains/,5.400000,0.000000,12,22,59,100,140,150,1200,1200,1200,1200,1200,80,0,15,64.60601939761546,1.8956511048600078,1200.169313000515,1478.2375
1774607468,10,GET,/api/chains/{id},9.400000,0.000000,13,21,50,76,130,170,220,1200,1200,1200,1200,141,0,13,52.88736942779035,1.8677259795367718,1177.0812480244786,817.5390070921986
1774607468,10,POST,/api/chains/{id}/activate,9.400000,0.000000,10,17,22,29,130,150,160,210,210,210,210,141,0,12,29.640861571409758,1.686221919953823,207.0216160500422,54.326241134751776
1774607468,10,POST,/api/chains/{id}/deactivate,9.400000,0.000000,6,9,13,14,22,38,55,80,150,150,150,140,0,5,13.136321445095486,1.6800729790702462,147.65714795794338,60.92857142857143
1774607468,10,POST,/api/plugins/batch/parameters (500 updates),1.900000,0.000000,20,55,67,72,120,200,230,230,230,230,230,34,0,20,46.01777096018743,4.31076402310282,230.89712299406528,847.2058823529412
1774607468,10,GET,/api/plugins/discover,5.600000,0.000000,27,37,47,54,69,160,1200,1200,1200,1200,1200,80,0,30,69.24292744661216,12.902443995699286,1153.4276839811355,89708.0
1774607468,10,GET,/api/plugins/list,5.400000,0.000000,5,14,15,17,110,130,160,160,160,160,160,80,0,8,24.910060937691014,1.4248379739001393,155.8851469308138,62.0625
1774607468,10,POST,/api/plugins/load?uri,3.600000,0.000000,4,12,16,18,23,28,130,130,130,130,130,52,0,7,16.730404602220425,1.8484530737623572,133.87399504426867,2564.25
1774607468,10,POST,/api/plugins/unload?uri,3.600000,0.000000,3,7,12,18,23,24,27,27,27,27,27,52,0,4,11.987146386393132,1.7142279539257288,103.86926296632737,131.40384615384616
1774607468,10,,Aggregated,100.700000,0.000000,9,17,22,27,90,140,180,230,1200,1200,1200,1485,0,10,35.138867065304204,1.399932079948485,1227.633974980563,5166.475420875421
1774607469,10,GET,/api/audio/latency,16.900000,0.000000,10,18,22,26,94,150,160,180,200,200,200,240,0,10,25.493932485308807,1.408367999829352,197.20862398389727,33.05416666666667
1774607469,10,GET,/api/audio/levels,17.100000,0.000000,8,21,62,75,110,130,140,150,170,170,170,241,0,10,32.01517258931137,1.479357946664095,165.58446001727134,77.09958506224066
1774607469,10,GET,/api/audio/levels (during plugin swap),3.900000,0.000000,9,15,23,35,120,140,1200,1200,1200,1200,1200,56,0,9,47.46640231418756,1.497764023952186,1213.9212150359526,77.17857142857143
1774607469,10,GET,/api/audio/levels/plugins,3.800000,0.000000,3,8,14,17,24,1200,1200,1200,1200,1200,1200,55,0,3,54.10268598828804,1.4397009508684278,1225.283946027048,21.563636363636363
1774607469,10,GET,/api/audio/status,10.700000,0.000000,6,13,19,21,25,33,180,1200,1200,1200,1200,155,0,6,30.115794986035795,1.399932079948485,1227.633974980563,303.1677419354839
1774607469,10,GET,/api/chains/,5.300000,0.000000,14,21,59,100,150,180,1200,1200,1200,1200,1200,82,0,15,63.36957031559972,1.8956511048600078,1200.169313000515,1478.2560975609756
1774607469,10,GET,/api/chains/{id},10.700000,0.000000,15,26,66,98,120,170,220,1200,1200,1200,1200,156,0,13,50.907550231875994,1.8677259795367718,1177.0812480244786,820.6410256410256
1774607469,10,POST,/api/chains/{id}/activate,10.700000,0.000000,12,20,25,31,130,150,160,210,210,210,210,155,0,12,28.126494513614283,1.686221919953823,207.0216160500422,54.354838709677416
1774607469,10,POST,/api/chains/{id}/deactivate,10.700000,0.000000,6,9,13,14,22,42,71,80,150,150,150,155,0,5,13.36229665490288,1.6800729790702462,147.65714795794338,60.87096774193548
1774607469,10,POST,/api/plugins/batch/parameters (500 updates),2.500000,0.000000,20,35,65,72,120,200,230,230,230,230,230,40,0,19,43.15982383850496,4.1609340114519,230.89712299406528,848.525
1774607469,10,GET,/api/plugins/discover,5.300000,0.000000,27,38,48,60,80,1200,1200,1200,1200,1200,1200,82,0,30,68.81680810630958,12.902443995699286,1153.4276839811355,89708.0
1774607469,10,GET,/api/plugins/list,5.300000,0.000000,5,14,15,17,130,140,160,160,160,160,160,82,0,8,24.419906207008243,1.4248379739001393,155.8851469308138,61.81707317073171
1774607469,10,POST,/api/plugins/load?uri,3.800000,0.000000,4,13,17,19,23,28,130,130,130,130,130,55,0,6,15.95748044254089,1.8484530737623572,133.87399504426867,2514.309090909091
1774607469,10,POST,/api/plugins/unload?uri,3.800000,0.000000,3,7,12,19,22,24,27,27,27,27,27,55,0,4,11.802362692965703,1.7115649534389377,103.86926296632737,130.87272727272727
1774607469,10,,Aggregated,110.500000,0.000000,9,18,23,29,94,140,180,230,1200,1200,1200,1609,0,10,33.93608142022446,1.399932079948485,1227.633974980563,4901.591671845867
1774607470,10,GET,/api/audio/latency,16.900000,0.000000,9,17,21,23,82,130,160,180,200,200,200,258,0,10,25.82381797012288,1.408367999829352,197.20862398389727,33.05038759689923
1774607470,10,GET,/api/audio/levels,16.900000,0.000000,7,15,34,65,99,120,130,150,170,170,170,258,0,9,31.910981589029436,1.479357946664095,165.58446001727134,77.0813953488372
1774607470,10,GET,/api/audio/levels (during plugin swap),3.800000,0.000000,6,14,23,56,120,140,1200,1200,1200,1200,1200,64,0,9,42.91637538699433,1.497764023952186,1213.9212150359526,77.0625
1774607470,10,GET,/api/audio/levels/plugins,3.800000,0.000000,3,8,14,17,36,130,1200,1200,1200,1200,1200,64,0,3,49.43108762927295,1.4397009508684278,1225.283946027048,21.109375
1774607470,10,GET,/api/audio/status,10.500000,0.000000,6,12,18,20,25,33,180,1200,1200,1200,1200,165,0,6,29.415612884402048,1.399932079948485,1227.633974980563,303.1575757575758
1774607470,10,GET,/api/chains/,4.500000,0.000000,14,21,56,67,140,180,1200,1200,1200,1200,1200,84,0,16,63.32298242791911,1.8956511048600078,1200.169313000515,1478.25
1774607470,10,GET,/api/chains/{id},10.500000,0.000000,13,21,45,70,120,150,170,1200,1200,1200,1200,165,0,13,49.48371155751926,1.8677259795367718,1177.0812480244786,824.7818181818182
1774607470,10,POST,/api/chains/{id}/activate,10.500000,0.000000,8,16,21,28,81,130,150,150,160,160,160,165,0,10,28.11543468922151,1.686221919953823,207.0216160500422,54.54545454545455
1774607470,10,POST,/api/chains/{id}/deactivate,10.200000,0.000000,6,9,12,14,27,44,71,80,150,150,150,165,0,6,13.33766214154435,1.6800729790702462,147.65714795794338,60.78787878787879
1774607470,10,POST,/api/plugins/batch/parameters (500 updates),2.900000,0.000000,17,29,63,67,120,190,210,210,210,210,210,49,0,19,44.159538661395864,4.1609340114519,230.89712299406528,848.2244897959183
1774607470,10,GET,/api/plugins/discover,4.600000,0.000000,28,38,47,60,80,1200,1200,1200,1200,1200,1200,84,0,32,68.16670017516506,12.902443995699286,1153.4276839811355,89708.0
1774607470,10,GET,/api/plugins/list,4.500000,0.000000,5,14,15,15,24,130,130,130,130,130,130,84,0,8,25.957331143131125,1.4248379739001393,155.8851469308138,63.976190476190474
1774607470,10,POST,/api/plugins/load?uri,3.800000,0.000000,4,13,17,19,27,110,130,130,130,130,130,64,0,6,18.118486337698414,1.8484530737623572,134.2306750593707,2531.265625
1774607470,10,POST,/api/plugins/unload?uri,3.800000,0.000000,3,7,12,19,24,27,42,42,42,42,42,64,0,3,11.648829846308217,1.7115649534389377,103.86926296632737,130.96875
1774607470,10,,Aggregated,107.200000,0.000000,8,16,21,26,82,130,160,210,1200,1200,1200,1733,0,9,33.44399319917063,1.399932079948485,1227.633974980563,4683.6710905943455
1774607471,10,GET,/api/audio/latency,17.200000,0.000000,7,17,20,22,31,130,160,180,200,200,200,276,0,9,24.54890255467035,1.408367999829352,197.20862398389727,33.04710144927536
1774607471,10,GET,/api/audio/levels,17.300000,0.000000,7,15,32,58,97,120,130,150,170,170,170,276,0,9,31.348581532559667,1.479357946664095,165.58446001727134,77.14492753623189
1774607471,10,GET,/api/audio/levels (during plugin swap),4.000000,0.000000,6,13,23,56,120,140,1200,1200,1200,1200,1200,69,0,9,40.97734038731542,1.497764023952186,1213.9212150359526,76.95652173913044
1774607471,10,GET,/api/audio/levels/plugins,4.000000,0.000000,3,7,13,17,36,130,1200,1200,1200,1200,1200,68,0,3,46.80495968033724,1.4397009508684278,1225.283946027048,21.073529411764707
1774607471,10,GET,/api/audio/status,11.500000,0.000000,6,12,17,20,25,33,180,1200,1200,1200,1200,178,0,6,27.836684639869112,1.399932079948485,1227.633974980563,303.14606741573033
1774607471,10,GET,/api/chains/,4.200000,0.000000,18,28,59,99,150,180,1200,1200,1200,1200,1200,84,0,16,63.32298242791911,1.8956511048600078,1200.169313000515,1478.25
1774607471,10,GET,/api/chains/{id},11.400000,0.000000,13,25,61,100,120,150,170,1200,1200,1200,1200,178,0,13,48.24159142634507,1.8677259795367718,1177.0812480244786,824.0505617977528
1774607471,10,POST,/api/chains/{id}/activate,11.400000,0.000000,8,18,25,29,81,130,150,150,160,160,160,178,0,9,27.143597762424793,1.686221919953823,207.0216160500422,54.38202247191011
1774607471,10,POST,/api/chains/{id}/deactivate,11.500000,0.000000,6,9,13,15,22,43,71,80,150,150,150,178,0,6,12.968485411701284,1.6800729790702462,147.65714795794338,60.87640449438202
1774607471,10,POST,/api/plugins/batch/parameters (500 updates),3.700000,0.000000,15,25,55,65,85,190,200,210,210,210,210,57,0,17,40.87252269311105,4.1609340114519,230.89712299406528,850.6315789473684
1774607471,10,GET,/api/plugins/discover,4.300000,0.000000,28,38,47,60,80,1200,1200,1200,1200,1200,1200,84,0,32,68.16670017516506,12.902443995699286,1153.4276839811355,89708.0
1774607471,10,GET,/api/plugins/list,4.200000,0.000000,5,14,15,15,44,130,130,130,130,130,130,84,0,8,25.957331143131125,1.4248379739001393,155.8851469308138,63.976190476190474
1774607471,10,POST,/api/plugins/load?uri,4.000000,0.000000,4,8,18,20,29,130,130,130,130,130,130,69,0,6,17.759096197972912,1.8484530737623572,134.2306750593707,2463.159420289855
1774607471,10,POST,/api/plugins/unload?uri,4.000000,0.000000,3,7,12,19,24,27,42,42,42,42,42,68,0,3,11.342530619859804,1.7115649534389377,103.86926296632737,130.5441176470588
1774607471,10,,Aggregated,112.700000,0.000000,8,17,22,28,89,130,160,210,1200,1200,1200,1847,0,9,32.30737193602803,1.399932079948485,1227.633974980563,4412.914455874391
1774607472,10,GET,/api/audio/latency,16.500000,0.000000,8,17,21,23,130,150,160,180,200,200,200,300,0,9,25.576492326411728,1.408367999829352,197.20862398389727,33.04333333333334
1774607472,10,GET,/api/audio/levels,16.500000,0.000000,9,19,51,74,110,130,150,170,200,200,200,300,0,9,32.14968440316928,1.479357946664095,196.42966496758163,77.03
1774607472,10,GET,/api/audio/levels (during plugin swap),3.800000,0.000000,6,17,20,55,100,140,1200,1200,1200,1200,1200,73,0,9,42.2372067098391,1.497764023952186,1213.9212150359526,76.91780821917808
1774607472,10,GET,/api/audio/levels/plugins,3.700000,0.000000,3,8,17,20,39,210,1200,1200,1200,1200,1200,73,0,3,47.10060372878478,1.4397009508684278,1225.283946027048,20.945205479452056
1774607472,10,GET,/api/audio/status,11.000000,0.000000,5,11,15,18,24,32,180,1200,1200,1200,1200,190,0,5,26.391957830760237,1.399932079948485,1227.633974980563,303.13684210526316
1774607472,10,GET,/api/chains/,4.100000,0.000000,18,22,59,67,150,180,1200,1200,1200,1200,1200,85,0,17,63.76329955151852,1.8956511048600078,1200.169313000515,1478.2470588235294
1774607472,10,GET,/api/chains/{id},11.100000,0.000000,13,20,45,92,120,160,170,1200,1200,1200,1200,190,0,13,46.64800488328757,1.8677259795367718,1177.0812480244786,824.9105263157895
1774607472,10,POST,/api/chains/{id}/activate,11.100000,0.000000,8,16,24,29,81,150,150,150,160,160,160,190,0,9,26.62515317298178,1.686221919953823,207.0216160500422,54.473684210526315
1774607472,10,POST,/api/chains/{id}/deactivate,11.000000,0.000000,6,9,12,15,24,44,71,80,150,150,150,190,0,5,12.605700480727185,1.6800729790702462,147.65714795794338,60.68421052631579
1774607472,10,POST,/api/plugins/batch/parameters (500 updates),4.000000,0.000000,11,24,55,67,120,200,210,240,240,240,240,63,0,17,41.261669739873874,4.1609340114519,236.64150200784206,853.3015873015873
1774607472,10,GET,/api/plugins/discover,4.100000,0.000000,32,46,54,63,150,1200,1200,1200,1200,1200,1200,85,0,32,67.7462255143944,12.902443995699286,1153.4276839811355,89708.0
1774607472,10,GET,/api/plugins/list,4.100000,0.000000,5,9,15,15,130,130,150,150,150,150,150,85,0,8,27.422117306303015,1.4248379739001393,155.8851469308138,65.04705882352941
1774607472,10,POST,/api/plugins/load?uri,3.700000,0.000000,4,9,18,20,29,130,150,150,150,150,150,73,0,7,19.367897213270812,1.8484530737623572,148.79760204348713,2533.780821917808
1774607472,10,POST,/api/plugins/unload?uri,3.700000,0.000000,3,7,19,20,24,39,150,150,150,150,150,73,0,4,13.467176455353732,1.7115649534389377,150.91983205638826,130.4931506849315
1774607472,10,,Aggregated,108.400000,0.000000,8,16,22,28,97,130,170,210,1200,1200,1200,1970,0,9,32.32314896640997,1.399932079948485,1227.633974980563,4203.545685279188
1774607473,10,GET,/api/audio/latency,17.400000,0.000000,7,16,19,21,79,140,150,180,200,200,200,312,0,8,24.836059320547903,1.408367999829352,197.20862398389727,33.041666666666664
1774607473,10,GET,/api/audio/levels,17.300000,0.000000,7,14,32,58,100,120,130,150,200,200,200,312,0,9,31.11856389463915,1.479357946664095,196.42966496758163,76.91666666666667
1774607473,10,GET,/api/audio/levels (during plugin swap),4.200000,0.000000,4,12,18,20,78,100,150,150,150,150,150,75,0,9,41.153988878553115,1.4570030616596341,1213.9212150359526,76.98666666666666
1774607473,10,GET,/api/audio/levels/plugins,4.300000,0.000000,3,6,9,13,22,39,210,210,210,210,210,75,0,3,45.98215484060347,1.4397009508684278,1225.283946027048,20.933333333333334
1774607473,10,GET,/api/audio/status,11.200000,0.000000,5,10,13,15,21,25,110,130,180,180,180,198,0,5,25.522324777528116,1.399932079948485,1227.633974980563,303.1313131313131
1774607473,10,GET,/api/chains/,3.500000,0.000000,15,20,56,59,140,150,180,180,180,180,180,85,0,17,63.76329955151852,1.8956511048600078,1200.169313000515,1478.2470588235294
1774607473,10,GET,/api/chains/{id},11.300000,0.000000,12,19,25,37,110,130,160,170,170,170,170,198,0,13,45.15296936733648,1.8677259795367718,1177.0812480244786,825.1414141414141
1774607473,10,POST,/api/chains/{id}/activate,11.300000,0.000000,8,13,20,26,41,150,150,150,160,160,160,198,0,9,25.811509630816868,1.686221919953823,207.0216160500422,54.44444444444444
1774607473,10,POST,/api/chains/{id}/deactivate,11.300000,0.000000,6,8,12,15,24,43,71,80,150,150,150,197,0,5,12.378755792606679,1.6800729790702462,147.65714795794338,60.73096446700507
1774607473,10,POST,/api/plugins/batch/parameters (500 updates),4.700000,0.000000,10,18,26,63,85,190,210,240,240,240,240,73,0,11,36.69407572086951,4.155659000389278,236.64150200784206,857.3287671232877
1774607473,10,GET,/api/plugins/discover,3.500000,0.000000,30,38,47,54,69,80,150,150,150,150,150,85,0,32,67.7462255143944,12.902443995699286,1153.4276839811355,89708.0
1774607473,10,GET,/api/plugins/list,3.500000,0.000000,4,8,15,15,130,130,150,150,150,150,150,85,0,8,27.422117306303015,1.4248379739001393,155.8851469308138,65.04705882352941
1774607473,10,POST,/api/plugins/load?uri,4.300000,0.000000,4,7,14,20,28,110,150,150,150,150,150,75,0,6,18.958380166441202,1.8484530737623572,148.79760204348713,2520.6666666666665
1774607473,10,POST,/api/plugins/unload?uri,4.300000,0.000000,3,7,10,15,24,39,150,150,150,150,150,75,0,4,13.29853777618458,1.7115649534389377,150.91983205638826,130.57333333333332
1774607473,10,,Aggregated,112.100000,0.000000,7,13,19,23,77,130,150,170,210,240,240,2043,0,9,31.396564481528298,1.399932079948485,1227.633974980563,4065.3847283406753
1774607474,10,GET,/api/audio/latency,16.500000,0.000000,8,18,22,27,94,150,150,180,200,200,200,318,0,8,24.914857396217496,1.408367999829352,197.20862398389727,33.040880503144656
1774607474,10,GET,/api/audio/levels,16.800000,0.000000,9,19,68,85,120,150,1300,1300,1300,1300,1300,318,0,9,54.615077386908936,1.479357946664095,1334.9428249057382,77.0880503144654
1774607474,10,GET,/api/audio/levels (during plugin swap),4.100000,0.000000,4,13,20,55,87,120,150,150,150,150,150,75,0,9,41.153988878553115,1.4570030616596341,1213.9212150359526,76.98666666666666
1774607474,10,GET,/api/audio/levels/plugins,4.000000,0.000000,3,7,11,17,24,130,210,210,210,210,210,75,0,3,45.98215484060347,1.4397009508684278,1225.283946027048,20.933333333333334
1774607474,10,GET,/api/audio/status,10.600000,0.000000,4,10,12,15,20,25,110,130,180,180,180,200,0,5,25.295265934546478,1.399932079948485,1227.633974980563,303.13
1774607474,10,GET,/api/chains/,3.000000,0.000000,20,56,67,100,150,180,180,180,180,180,180,85,0,17,63.76329955151852,1.8956511048600078,1200.169313000515,1478.2470588235294
1774607474,10,GET,/api/chains/{id},10.600000,0.000000,12,19,26,66,110,150,170,170,1300,1300,1300,200,0,13,51.39374308870174,1.8677259795367718,1336.1633339663967,824.975
1774607474,10,POST,/api/chains/{id}/activate,10.600000,0.000000,8,15,21,28,50,150,150,150,160,160,160,200,0,9,25.69616636959836,1.686221919953823,207.0216160500422,54.375
1774607474,10,POST,/api/chains/{id}/deactivate,10.600000,0.000000,6,9,12,15,30,44,80,150,1400,1400,1400,200,0,5,19.159509150777012,1.6800729790702462,1379.7499550273642,60.625
1774607474,10,POST,/api/plugins/batch/parameters (500 updates),5.000000,0.000000,11,24,35,67,160,210,1300,1300,1300,1300,1300,75,0,12,70.67861430191745,4.155659000389278,1341.2157580023631,856.2
1774607474,10,GET,/api/plugins/discover,3.000000,0.000000,32,47,54,60,69,80,150,150,150,150,150,85,0,32,67.7462255143944,12.902443995699286,1153.4276839811355,89708.0
1774607474,10,GET,/api/plugins/list,3.000000,0.000000,8,15,15,44,130,150,150,150,150,150,150,85,0,8,27.422117306303015,1.4248379739001393,155.8851469308138,65.04705882352941
1774607474,10,POST,/api/plugins/load?uri,4.000000,0.000000,4,9,20,23,29,130,150,150,150,150,150,75,0,6,18.958380166441202,1.8484530737623572,148.79760204348713,2520.6666666666665
1774607474,10,POST,/api/plugins/unload?uri,4.000000,0.000000,4,8,15,20,34,42,150,150,150,150,150,75,0,4,13.29853777618458,1.7115649534389377,150.91983205638826,130.57333333333332
1774607474,10,,Aggregated,105.800000,0.000000,8,16,22,28,90,140,180,240,1300,1400,1400,2066,0,9,37.44628338270802,1.399932079948485,1379.7499550273642,4022.4607938044533
1774607475,10,GET,/api/audio/latency,19.500000,0.000000,6,17,21,25,31,140,150,180,200,200,200,333,0,8,24.774358386534626,1.408367999829352,197.20862398389727,33.03903903903904
1774607475,10,GET,/api/audio/levels,19.500000,0.000000,7,14,35,77,110,150,1300,1300,1300,1300,1300,333,0,9,53.232674540772855,1.479357946664095,1334.9428249057382,77.09909909909909
1774607475,10,GET,/api/audio/levels (during plugin swap),4.300000,0.000000,5,13,18,23,78,100,150,150,150,150,150,79,0,9,40.12525578389015,1.4570030616596341,1213.9212150359526,76.78481012658227
1774607475,10,GET,/api/audio/levels/plugins,4.500000,0.000000,3,7,11,17,24,130,210,210,210,210,210,79,0,3,43.98028917545806,1.4397009508684278,1225.283946027048,20.911392405063292
1774607475,10,GET,/api/audio/status,12.300000,0.000000,3,10,12,13,21,25,110,130,180,180,180,226,0,5,23.319725348486408,1.399932079948485,1227.633974980563,303.11504424778764
1774607475,10,GET,/api/chains/,2.800000,0.000000,12,20,28,56,67,100,100,100,100,100,100,85,0,17,63.76329955151852,1.8956511048600078,1200.169313000515,1478.2470588235294
1774607475,10,GET,/api/chains/{id},12.100000,0.000000,12,19,25,38,100,150,170,170,1300,1300,1300,226,0,13,49.590752302953334,1.8677259795367718,1336.1633339663967,823.0398230088496
1774607475,10,POST,/api/chains/{id}/activate,12.100000,0.000000,8,15,24,27,50,130,150,150,150,150,150,226,0,9,26.78994630490207,1.686221919953823,207.0216160500422,54.57964601769911
1774607475,10,POST,/api/chains/{id}/deactivate,12.300000,0.000000,4,9,14,16,22,43,80,150,1400,1400,1400,226,0,5,17.894217948454013,1.6800729790702462,1379.7499550273642,60.783185840707965
1774607475,10,POST,/api/plugins/batch/parameters (500 updates),6.400000,0.000000,11,18,32,63,190,220,1300,1300,1300,1300,1300,82,0,12,70.61972114024684,4.155659000389278,1341.2157580023631,855.890243902439
1774607475,10,GET,/api/plugins/discover,3.000000,0.000000,27,32,38,47,80,150,150,150,150,150,150,85,0,32,67.7462255143944,12.902443995699286,1153.4276839811355,89708.0
1774607475,10,GET,/api/plugins/list,2.800000,0.000000,4,8,15,44,130,150,150,150,150,150,150,85,0,8,27.422117306303015,1.4248379739001393,155.8851469308138,65.04705882352941
1774607475,10,POST,/api/plugins/load?uri,4.300000,0.000000,4,7,20,23,110,130,150,150,150,150,150,79,0,6,19.81122504560206,1.8484530737623572,148.79760204348713,2611.253164556962
1774607475,10,POST,/api/plugins/unload?uri,4.500000,0.000000,3,8,13,19,34,42,150,150,150,150,150,79,0,4,12.868083129295066,1.7115649534389377,150.91983205638826,130.60759493670886
1774607475,10,,Aggregated,120.400000,0.000000,7,13,20,24,78,130,170,240,1300,1400,1400,2223,0,9,36.47266809177743,1.399932079948485,1379.7499550273642,3764.339631129105
1774607476,10,GET,/api/audio/latency,18.600000,0.000000,7,18,22,27,79,150,150,180,200,200,200,346,0,8,24.264241059679495,1.408367999829352,197.20862398389727,33.03757225433526
1774607476,10,GET,/api/audio/levels,18.600000,0.000000,9,21,77,85,120,150,1300,1300,1300,1300,1300,346,0,9,52.74988618488235,1.479357946664095,1334.9428249057382,77.13294797687861
1774607476,10,GET,/api/audio/levels (during plugin swap),4.100000,0.000000,6,13,20,56,85,100,150,150,150,150,150,83,0,7,39.41008885368615,1.4570030616596341,1213.9212150359526,76.75903614457832
1774607476,10,GET,/api/audio/levels/plugins,4.100000,0.000000,3,6,13,16,22,130,210,210,210,210,210,83,0,3,42.20391363634851,1.4397009508684278,1225.283946027048,21.048192771084338
1774607476,10,GET,/api/audio/status,11.500000,0.000000,3,10,12,13,20,26,110,130,180,180,180,244,0,5,22.35339835599126,1.399932079948485,1227.633974980563,303.10655737704917
1774607476,10,GET,/api/chains/,2.700000,0.000000,20,28,56,67,100,100,100,100,100,100,100,85,0,17,63.76329955151852,1.8956511048600078,1200.169313000515,1478.2470588235294
1774607476,10,GET,/api/chains/{id},11.400000,0.000000,13,20,32,70,110,160,170,170,1300,1300,1300,244,0,13,48.381480727092836,1.8677259795367718,1336.1633339663967,820.4877049180328
1774607476,10,POST,/api/chains/{id}/activate,11.500000,0.000000,8,15,22,26,50,130,150,150,150,150,150,244,0,9,25.818476179561227,1.686221919953823,207.0216160500422,54.67213114754098
1774607476,10,POST,/api/chains/{id}/deactivate,11.500000,0.000000,4,8,14,15,24,43,80,150,1400,1400,1400,243,0,5,17.035109346920294,1.6800729790702462,1379.7499550273642,60.86831275720164
1774607476,10,POST,/api/plugins/batch/parameters (500 updates),6.300000,0.000000,11,24,32,67,190,220,1300,1300,1300,1300,1300,94,0,12,65.93116789070413,4.155659000389278,1341.2157580023631,856.8829787234042
1774607476,10,GET,/api/plugins/discover,2.700000,0.000000,32,36,47,80,150,150,150,150,150,150,150,85,0,32,67.7462255143944,12.902443995699286,1153.4276839811355,89708.0
1774607476,10,GET,/api/plugins/list,2.700000,0.000000,6,15,44,130,150,150,150,150,150,150,150,85,0,8,27.422117306303015,1.4248379739001393,155.8851469308138,65.04705882352941
1774607476,10,POST,/api/plugins/load?uri,4.100000,0.000000,5,9,20,23,110,130,150,150,150,150,150,83,0,6,19.41097786240504,1.8484530737623572,148.79760204348713,2577.5060240963853
1774607476,10,POST,/api/plugins/unload?uri,4.100000,0.000000,4,7,12,13,34,42,150,150,150,150,150,83,0,4,12.515819063466267,1.7115649534389377,150.91983205638826,130.48192771084337
1774607476,10,,Aggregated,113.900000,0.000000,7,14,21,26,86,130,180,240,1300,1400,1400,2348,0,9,35.55197786068579,1.399932079948485,1379.7499550273642,3581.8547700170357
1774607477,10,GET,/api/audio/latency,16.700000,0.000000,6,15,19,22,30,130,150,150,150,150,150,361,0,8,24.586045264506357,1.408367999829352,197.20862398389727,33.03601108033241
1774607477,10,GET,/api/audio/levels,16.800000,0.000000,7,12,49,80,110,150,1300,1300,1300,1300,1300,361,0,9,51.82057965309501,1.479357946664095,1334.9428249057382,77.10526315789474
1774607477,10,GET,/api/audio/levels (during plugin swap),3.600000,0.000000,5,9,18,55,85,100,150,150,150,150,150,89,0,7,37.842389019572416,1.4570030616596341,1213.9212150359526,76.65168539325843
1774607477,10,GET,/api/audio/levels/plugins,3.600000,0.000000,3,6,13,17,39,130,210,210,210,210,210,89,0,3,40.77369181747977,1.4397009508684278,1225.283946027048,21.01123595505618
1774607477,10,GET,/api/audio/status,11.000000,0.000000,3,8,11,13,20,24,26,27,130,130,130,260,0,5,21.41245985448432,1.399932079948485,1227.633974980563,303.1
1774607477,10,GET,/api/chains/,2.000000,0.000000,20,56,67,67,100,100,100,100,100,100,100,85,0,17,63.76329955151852,1.8956511048600078,1200.169313000515,1478.2470588235294
1774607477,10,GET,/api/chains/{id},11.500000,0.000000,9,18,22,38,100,120,160,170,1300,1300,1300,260,0,12,46.55262876319914,1.8677259795367718,1336.1633339663967,819.7192307692308
1774607477,10,POST,/api/chains/{id}/activate,11.000000,0.000000,6,13,20,25,41,130,140,150,150,150,150,260,0,8,25.30727684094857,1.686221919953823,207.0216160500422,54.61538461538461
1774607477,10,POST,/api/chains/{id}/deactivate,11.000000,0.000000,4,7,10,14,18,34,71,170,1400,1400,1400,259,0,5,16.928441950630642,1.6800729790702462,1379.7499550273642,60.938223938223935
1774607477,10,POST,/api/plugins/batch/parameters (500 updates),6.300000,0.000000,11,17,26,63,160,220,1300,1300,1300,1300,1300,104,0,12,63.795915496974395,4.155659000389278,1341.2157580023631,856.9807692307693
1774607477,10,GET,/api/plugins/discover,2.300000,0.000000,32,36,47,47,80,80,80,80,80,80,80,85,0,32,67.7462255143944,12.902443995699286,1153.4276839811355,89708.0
1774607477,10,GET,/api/plugins/list,2.000000,0.000000,6,44,130,130,150,150,150,150,150,150,150,85,0,8,27.422117306303015,1.4248379739001393,155.8851469308138,65.04705882352941
1774607477,10,POST,/api/plugins/load?uri,3.600000,0.000000,5,7,20,23,130,140,150,150,150,150,150,89,0,5,20.03208424090251,1.8484530737623572,148.79760204348713,2509.7865168539324
1774607477,10,POST,/api/plugins/unload?uri,3.600000,0.000000,4,7,11,13,34,42,150,150,150,150,150,88,0,4,12.307290458755398,1.7115649534389377,150.91983205638826,130.3181818181818
1774607477,10,,Aggregated,105.000000,0.000000,6,12,17,22,78,130,160,240,1300,1400,1400,2475,0,8,34.8382893516541,1.399932079948485,1379.7499550273642,3414.4218181818183
1774607478,10,GET,/api/audio/latency,17.400000,0.000000,6,16,20,22,30,130,150,150,150,150,150,377,0,8,23.909920378494267,1.408367999829352,197.20862398389727,33.03448275862069
1774607478,10,GET,/api/audio/levels,17.400000,0.000000,9,18,68,87,120,150,1300,1300,1300,1300,1300,377,0,9,50.655909749711384,1.479357946664095,1334.9428249057382,77.10344827586206
1774607478,10,GET,/api/audio/levels (during plugin swap),4.000000,0.000000,6,16,22,56,85,100,150,150,150,150,150,92,0,7,37.49867565879274,1.4570030616596341,1213.9212150359526,76.81521739130434
1774607478,10,GET,/api/audio/levels/plugins,4.000000,0.000000,3,8,13,17,39,130,210,210,210,210,210,92,0,3,39.645013018541604,1.4397009508684278,1225.283946027048,21.065217391304348
1774607478,10,GET,/api/audio/status,13.300000,0.000000,4,10,12,13,19,22,26,27,130,130,130,270,0,5,20.86311998578754,1.399932079948485,1227.633974980563,303.0962962962963
1774607478,10,GET,/api/chains/,1.500000,0.000000,67,67,100,100,100,100,100,100,100,100,100,85,0,17,63.76329955151852,1.8956511048600078,1200.169313000515,1478.2470588235294
1774607478,10,GET,/api/chains/{id},13.300000,0.000000,9,19,38,64,100,140,160,170,1300,1300,1300,271,0,12,46.35589482817744,1.8677259795367718,1336.1633339663967,818.269372693727
1774607478,10,POST,/api/chains/{id}/activate,13.300000,0.000000,7,15,20,25,38,130,140,150,150,150,150,271,0,8,24.776490375131534,1.686221919953823,207.0216160500422,54.55719557195572
1774607478,10,POST,/api/chains/{id}/deactivate,13.300000,0.000000,4,7,9,13,21,43,71,170,1400,1400,1400,269,0,5,16.469687774351566,1.6800729790702462,1379.7499550273642,60.97769516728624
1774607478,10,POST,/api/plugins/batch/parameters (500 updates),6.800000,0.000000,11,17,25,26,160,210,1300,1300,1300,1300,1300,119,0,12,59.11174523761543,4.101600963622332,1341.2157580023631,858.2521008403361
1774607478,10,GET,/api/plugins/discover,1.500000,0.000000,47,47,80,80,80,80,80,80,80,80,80,85,0,32,67.7462255143944,12.902443995699286,1153.4276839811355,89708.0
1774607478,10,GET,/api/plugins/list,1.500000,0.000000,130,130,150,150,150,150,150,150,150,150,150,85,0,8,27.422117306303015,1.4248379739001393,155.8851469308138,65.04705882352941
1774607478,10,POST,/api/plugins/load?uri,4.000000,0.000000,5,14,20,23,130,140,150,150,150,150,150,92,0,5,19.683722569860276,1.8484530737623572,148.79760204348713,2612.4021739130435
1774607478,10,POST,/api/plugins/unload?uri,4.000000,0.000000,4,7,10,12,34,42,150,150,150,150,150,92,0,4,12.007723504211754,1.7115649534389377,150.91983205638826,130.3913043478261
1774607478,10,,Aggregated,115.300000,0.000000,7,13,19,23,87,130,160,240,1300,1400,1400,2577,0,8,34.151300907232226,1.399932079948485,1379.7499550273642,3296.907644547924
1774607479,10,GET,/api/audio/latency,15.900000,0.000000,6,10,18,20,30,130,150,150,150,150,150,400,0,8,24.21635448175948,1.408367999829352,197.20862398389727,33.0325
1774607479,10,GET,/api/audio/levels,15.700000,0.000000,8,14,49,82,110,160,1300,1300,1300,1300,1300,401,0,9,50.198868802223735,1.469047972932458,1334.9428249057382,77.01995012468828
1774607479,10,GET,/api/audio/levels (during plugin swap),3.700000,0.000000,6,16,22,57,85,150,160,160,160,160,160,96,0,7,38.61318228640206,1.4570030616596341,1213.9212150359526,76.92708333333333
1774607479,10,GET,/api/audio/levels/plugins,3.700000,0.000000,3,8,13,16,20,94,210,210,210,210,210,96,0,3,38.51117920567049,1.4397009508684278,1225.283946027048,21.041666666666668
1774607479,10,GET,/api/audio/status,12.700000,0.000000,4,9,11,13,19,22,26,27,170,170,170,285,0,5,20.790362456944166,1.399932079948485,1227.633974980563,303.0912280701754
1774607479,10,GET,/api/chains/,0.900000,0.000000,67,67,100,100,100,100,100,100,100,100,100,85,0,17,63.76329955151852,1.8956511048600078,1200.169313000515,1478.2470588235294
1774607479,10,GET,/api/chains/{id},12.700000,0.000000,9,19,25,47,100,140,160,170,1300,1300,1300,285,0,11,45.21006654188233,1.8677259795367718,1336.1633339663967,815.9263157894737
1774607479,10,POST,/api/chains/{id}/activate,12.700000,0.000000,7,15,20,25,42,130,140,150,150,150,150,285,0,9,25.228784872594762,1.686221919953823,207.0216160500422,54.56140350877193
1774607479,10,POST,/api/chains/{id}/deactivate,12.700000,0.000000,4,7,9,12,17,24,170,330,1400,1400,1400,284,0,5,17.596067458597787,1.6800729790702462,1379.7499550273642,60.943661971830984
1774607479,10,POST,/api/plugins/batch/parameters (500 updates),7.100000,0.000000,11,16,25,26,120,200,1300,1300,1300,1300,1300,128,0,12,57.05465765004192,4.101600963622332,1341.2157580023631,856.90625
1774607479,10,GET,/api/plugins/discover,0.900000,0.000000,47,47,80,80,80,80,80,80,80,80,80,85,0,32,67.7462255143944,12.902443995699286,1153.4276839811355,89708.0
1774607479,10,GET,/api/plugins/list,0.900000,0.000000,130,130,150,150,150,150,150,150,150,150,150,85,0,8,27.422117306303015,1.4248379739001393,155.8851469308138,65.04705882352941
1774607479,10,POST,/api/plugins/load?uri,3.800000,0.000000,5,14,20,23,140,140,150,150,150,150,150,96,0,6,21.9327406824353,1.8484530737623572,148.79760204348713,2582.2083333333335
1774607479,10,POST,/api/plugins/unload?uri,3.700000,0.000000,4,7,10,12,18,39,150,150,150,150,150,96,0,4,11.920560564855501,1.7115649534389377,150.91983205638826,129.96875
1774607479,10,,Aggregated,107.100000,0.000000,6,12,18,21,80,140,160,330,1300,1400,1400,2707,0,8,34.08937521160507,1.399932079948485,1379.7499550273642,3151.7155522718876
1774607480,10,GET,/api/audio/latency,16.000000,0.000000,6,15,19,22,31,130,150,150,150,150,150,409,0,8,23.957298004038833,1.408367999829352,197.20862398389727,33.0317848410758
1774607480,10,GET,/api/audio/levels,16.000000,0.000000,9,33,85,99,130,160,1300,1300,1300,1300,1300,412,0,9,50.59527031437593,1.469047972932458,1334.9428249057382,77.13349514563107
1774607480,10,GET,/api/audio/levels (during plugin swap),4.100000,0.000000,13,22,61,66,87,150,160,160,160,160,160,99,0,9,39.20374184404735,1.4570030616596341,1213.9212150359526,77.07070707070707
1774607480,10,GET,/api/audio/levels/plugins,4.100000,0.000000,8,14,16,17,20,94,210,210,210,210,210,98,0,3,38.01086757864271,1.4397009508684278,1225.283946027048,21.163265306122447
1774607480,10,GET,/api/audio/status,13.500000,0.000000,5,10,13,13,19,22,26,27,170,170,170,298,0,5,20.166789097539557,1.399932079948485,1227.633974980563,303.0872483221477
1774607480,10,GET,/api/chains/,0.700000,0.000000,100,100,100,100,100,100,100,100,100,100,100,85,0,17,63.76329955151852,1.8956511048600078,1200.169313000515,1478.2470588235294
1774607480,10,GET,/api/chains/{id},13.600000,0.000000,9,19,37,54,100,140,160,170,1300,1300,1300,298,0,12,44.48053664441889,1.8677259795367718,1336.1633339663967,814.6946308724832
1774607480,10,POST,/api/chains/{id}/activate,13.500000,0.000000,7,16,23,25,42,130,140,150,150,150,150,298,0,8,24.5791179285816,1.686221919953823,207.0216160500422,54.54697986577181
1774607480,10,POST,/api/chains/{id}/deactivate,13.800000,0.000000,4,8,10,13,17,24,170,330,1400,1400,1400,298,0,5,17.099210503745525,1.6800729790702462,1379.7499550273642,60.993288590604024
1774607480,10,POST,/api/plugins/batch/parameters (500 updates),8.200000,0.000000,11,19,25,34,120,200,1300,1300,1300,1300,1300,142,0,12,53.36659316885167,4.101600963622332,1341.2157580023631,858.0492957746479
1774607480,10,GET,/api/plugins/discover,0.700000,0.000000,32,32,32,32,32,32,32,32,32,32,32,85,0,32,67.7462255143944,12.902443995699286,1153.4276839811355,89708.0
1774607480,10,GET,/api/plugins/list,0.700000,0.000000,150,150,150,150,150,150,150,150,150,150,150,85,0,8,27.422117306303015,1.4248379739001393,155.8851469308138,65.04705882352941
1774607480,10,POST,/api/plugins/load?uri,4.100000,0.000000,14,20,23,27,140,140,150,150,150,150,150,98,0,6,21.903789402650936,1.8484530737623572,148.79760204348713,2543.030612244898
1774607480,10,POST,/api/plugins/unload?uri,4.100000,0.000000,6,10,12,13,18,39,150,150,150,150,150,98,0,4,11.772958674629656,1.7115649534389377,150.91983205638826,129.8469387755102
1774607480,10,,Aggregated,113.100000,0.000000,7,14,19,24,89,140,160,330,1300,1400,1400,2803,0,8,33.650600715507785,1.399932079948485,1379.7499550273642,3054.8226899750266
1774607481,10,GET,/api/audio/latency,15.000000,0.000000,6,15,18,21,31,130,130,130,140,140,140,427,0,8,24.531103252101715,1.408367999829352,197.20862398389727,33.030444964871194
1774607481,10,GET,/api/audio/levels,15.300000,0.000000,8,17,60,87,110,150,1300,1300,1300,1300,1300,427,0,9,49.746325411026824,1.469047972932458,1334.9428249057382,77.14051522248243
1774607481,10,GET,/api/audio/levels (during plugin swap),3.900000,0.000000,9,19,57,65,85,100,160,160,160,160,160,104,0,9,38.626163140109455,1.4570030616596341,1213.9212150359526,76.875
1774607481,10,GET,/api/audio/levels/plugins,3.900000,0.000000,8,13,14,17,20,94,130,130,130,130,130,104,0,4,37.47101183398627,1.4397009508684278,1225.283946027048,21.25
1774607481,10,GET,/api/audio/status,12.400000,0.000000,4,9,11,13,19,22,26,27,170,170,170,310,0,5,19.71409688365736,1.399932079948485,1227.633974980563,303.0838709677419
1774607481,10,GET,/api/chains/,0.400000,0.000000,100,100,100,100,100,100,100,100,100,100,100,85,0,17,63.76329955151852,1.8956511048600078,1200.169313000515,1478.2470588235294
1774607481,10,GET,/api/chains/{id},12.500000,0.000000,9,19,34,48,89,120,160,160,1300,1300,1300,311,0,11,43.6864807715915,1.8677259795367718,1336.1633339663967,813.0
1774607481,10,POST,/api/chains/{id}/activate,12.400000,0.000000,8,16,20,25,38,130,140,140,150,150,150,311,0,9,24.912792931376714,1.686221919953823,207.0216160500422,54.453376205787784
1774607481,10,POST,/api/chains/{id}/deactivate,12.400000,0.000000,4,7,10,12,16,22,170,330,1400,1400,1400,310,0,5,16.76586588484145,1.6800729790702462,1379.7499550273642,61.03225806451613
1774607481,10,POST,/api/plugins/batch/parameters (500 updates),8.500000,0.000000,11,17,25,34,120,200,1300,1300,1300,1300,1300,157,0,12,52.2205337821239,4.101600963622332,1341.2157580023631,857.6114649681529
1774607481,10,GET,/api/plugins/discover,0.400000,0.000000,32,32,32,32,32,32,32,32,32,32,32,85,0,32,67.7462255143944,12.902443995699286,1153.4276839811355,89708.0
1774607481,10,GET,/api/plugins/list,0.400000,0.000000,150,150,150,150,150,150,150,150,150,150,150,85,0,8,27.422117306303015,1.4248379739001393,155.8851469308138,65.04705882352941
1774607481,10,POST,/api/plugins/load?uri,3.900000,0.000000,15,20,22,23,130,140,140,140,140,140,140,104,0,7,23.51595830203643,1.8484530737623572,148.79760204348713,2502.798076923077
1774607481,10,POST,/api/plugins/unload?uri,3.900000,0.000000,6,7,11,12,18,20,20,20,20,20,20,104,0,4,11.666925596028495,1.7115649534389377,150.91983205638826,129.68269230769232
1774607481,10,,Aggregated,105.300000,0.000000,7,13,18,21,83,130,160,330,1300,1400,1400,2924,0,8,33.392805795878985,1.399932079948485,1379.7499550273642,2942.7787277701777
1774607482,10,GET,/api/audio/latency,16.000000,0.000000,6,14,18,21,30,130,130,130,140,140,140,439,0,8,24.109150739153318,1.408367999829352,197.20862398389727,33.029612756264235
1774607482,10,GET,/api/audio/levels,16.000000,0.000000,8,17,57,85,110,150,1300,1300,1300,1300,1300,439,0,9,49.00196963705861,1.4407290145754814,1334.9428249057382,77.11617312072893
1774607482,10,GET,/api/audio/levels (during plugin swap),3.800000,0.000000,9,19,57,61,85,100,160,160,160,160,160,107,0,9,38.01934147323264,1.4570030616596341,1213.9212150359526,76.76635514018692
1774607482,10,GET,/api/audio/levels/plugins,3.900000,0.000000,8,13,14,17,22,130,130,130,130,130,130,107,0,4,37.782626575790346,1.4397009508684278,1225.283946027048,21.289719626168225
1774607482,10,GET,/api/audio/status,13.500000,0.000000,5,9,12,13,19,22,26,27,170,170,170,323,0,5,19.23064805276046,1.399932079948485,1227.633974980563,303.08049535603715
1774607482,10,GET,/api/chains/,0.100000,0.000000,100,100,100,100,100,100,100,100,100,100,100,85,0,17,63.76329955151852,1.8956511048600078,1200.169313000515,1478.2470588235294
1774607482,10,GET,/api/chains/{id},13.300000,0.000000,9,21,47,62,100,120,160,160,1300,1300,1300,324,0,12,43.57391821952065,1.8677259795367718,1336.1633339663967,813.6141975308642
1774607482,10,POST,/api/chains/{id}/activate,13.400000,0.000000,12,18,25,26,42,130,140,140,150,150,150,323,0,9,24.718273517563247,1.686221919953823,207.0216160500422,54.34984520123839
1774607482,10,POST,/api/chains/{id}/deactivate,13.500000,0.000000,5,7,10,13,16,21,170,330,1400,1400,1400,323,0,5,16.34223504682524,1.6800729790702462,1379.7499550273642,61.07120743034056
1774607482,10,POST,/api/plugins/batch/parameters (500 updates),9.300000,0.000000,13,21,30,60,120,200,1300,1300,1300,1300,1300,166,0,12,50.69934207586998,4.101600963622332,1341.2157580023631,858.7469879518072
1774607482,10,GET,/api/plugins/discover,0.100000,0.000000,32,32,32,32,32,32,32,32,32,32,32,85,0,32,67.7462255143944,12.902443995699286,1153.4276839811355,89708.0
1774607482,10,GET,/api/plugins/list,0.100000,0.000000,150,150,150,150,150,150,150,150,150,150,150,85,0,8,27.422117306303015,1.4248379739001393,155.8851469308138,65.04705882352941
1774607482,10,POST,/api/plugins/load?uri,3.900000,0.000000,8,20,21,22,130,140,140,140,140,140,140,107,0,7,22.99680229206787,1.8484530737623572,148.79760204348713,2492.429906542056
1774607482,10,POST,/api/plugins/unload?uri,3.900000,0.000000,6,10,11,13,18,20,34,34,34,34,34,107,0,4,11.85655955956361,1.7115649534389377,150.91983205638826,129.61682242990653
1774607482,10,,Aggregated,110.800000,0.000000,8,14,20,25,89,130,160,1200,1400,1400,1400,3020,0,8,32.931515106365445,1.399932079948485,1379.7499550273642,2859.96821192053
1774607483,10,GET,/api/audio/latency,14.900000,0.000000,6,16,21,26,110,130,150,150,150,150,150,462,0,8,24.49613079117224,1.408367999829352,197.20862398389727,33.02813852813853
1774607483,10,GET,/api/audio/levels,14.900000,0.000000,9,31,77,90,120,210,1300,1300,1300,1300,1300,462,0,9,48.26480001049898,1.4407290145754814,1334.9428249057382,76.99567099567099
1774607483,10,GET,/api/audio/levels (during plugin swap),3.400000,0.000000,9,19,57,61,85,100,160,160,160,160,160,111,0,9,36.8834802060732,1.4570030616596341,1213.9212150359526,76.86486486486487
1774607483,10,GET,/api/audio/levels/plugins,3.400000,0.000000,6,12,14,16,22,130,130,130,130,130,130,111,0,4,36.58244550030947,1.4397009508684278,1225.283946027048,21.37837837837838
1774607483,10,GET,/api/audio/status,13.100000,0.000000,6,10,13,17,19,22,27,150,170,170,170,343,0,5,19.130615951593846,1.399932079948485,1227.633974980563,303.07580174927114
1774607483,10,GET,/api/chains/,0.100000,0.000000,100,100,100,100,100,100,100,100,100,100,100,85,0,17,63.76329955151852,1.8956511048600078,1200.169313000515,1478.2470588235294
1774607483,10,GET,/api/chains/{id},13.200000,0.000000,9,23,47,64,100,140,230,230,1300,1300,1300,343,0,12,43.57727333589704,1.8677259795367718,1336.1633339663967,813.5714285714286
1774607483,10,POST,/api/chains/{id}/activate,13.100000,0.000000,12,19,26,28,83,140,150,150,210,210,210,343,0,9,25.829456095602744,1.686221919953823,211.25351497903466,54.46064139941691
1774607483,10,POST,/api/chains/{id}/deactivate,13.100000,0.000000,6,8,11,13,16,21,170,330,1400,1400,1400,343,0,5,15.881751479008086,1.6800729790702462,1379.7499550273642,61.052478134110785
1774607483,10,POST,/api/plugins/batch/parameters (500 updates),9.400000,0.000000,13,22,34,65,150,220,1300,1300,1300,1300,1300,172,0,12,52.152456208078064,4.101600963622332,1341.2157580023631,858.6976744186046
1774607483,10,GET,/api/plugins/discover,0.100000,0.000000,32,32,32,32,32,32,32,32,32,32,32,85,0,32,67.7462255143944,12.902443995699286,1153.4276839811355,89708.0
1774607483,10,GET,/api/plugins/list,0.100000,0.000000,150,150,150,150,150,150,150,150,150,150,150,85,0,8,27.422117306303015,1.4248379739001393,155.8851469308138,65.04705882352941
1774607483,10,POST,/api/plugins/load?uri,3.400000,0.000000,8,20,22,22,130,140,140,140,140,140,140,111,0,7,22.384822390646345,1.8484530737623572,148.79760204348713,2546.738738738739
1774607483,10,POST,/api/plugins/unload?uri,3.400000,0.000000,6,8,13,13,18,20,34,34,34,34,34,111,0,4,11.688053234572614,1.7115649534389377,150.91983205638826,129.44144144144144
1774607483,10,,Aggregated,105.600000,0.000000,8,15,20,25,90,130,170,260,1300,1400,1400,3167,0,8,32.79050182232667,1.399932079948485,1379.7499550273642,2742.494158509631
1774607484,10,GET,/api/audio/latency,15.300000,0.000000,6,12,17,20,86,130,150,150,150,150,150,471,0,8,24.144072158285862,1.408367999829352,197.20862398389727,33.0276008492569
1774607484,10,GET,/api/audio/levels,15.000000,0.000000,8,17,42,77,110,120,160,210,210,210,210,471,0,9,47.46000301621799,1.428687945008278,1334.9428249057382,77.05732484076434
1774607484,10,GET,/api/audio/levels (during plugin swap),3.400000,0.000000,9,19,42,61,85,100,160,160,160,160,160,112,0,9,36.733714096564135,1.4570030616596341,1213.9212150359526,76.83035714285714
1774607484,10,GET,/api/audio/levels/plugins,3.500000,0.000000,6,9,14,14,22,130,130,130,130,130,130,112,0,4,36.30610437955641,1.4397009508684278,1225.283946027048,21.428571428571427
1774607484,10,GET,/api/audio/status,13.800000,0.000000,5,9,13,13,18,20,27,150,170,170,170,352,0,5,18.738772679419277,1.399932079948485,1227.633974980563,303.0738636363636
1774607484,10,GET,/api/chains/,0.000000,0.000000,100,100,100,100,100,100,100,100,100,100,100,85,0,17,63.76329955151852,1.8956511048600078,1200.169313000515,1478.2470588235294
1774607484,10,GET,/api/chains/{id},13.800000,0.000000,8,18,27,48,87,120,160,230,230,230,230,352,0,11,42.64301205727282,1.8677259795367718,1336.1633339663967,813.1789772727273
1774607484,10,POST,/api/chains/{id}/activate,13.800000,0.000000,9,18,24,26,37,130,150,150,210,210,210,352,0,9,25.310644720527556,1.686221919953823,211.25351497903466,54.53125
1774607484,10,POST,/api/chains/{id}/deactivate,13.800000,0.000000,5,7,9,11,16,18,140,170,330,330,330,352,0,5,15.576058374955954,1.6800729790702462,1379.7499550273642,61.07670454545455
1774607484,10,POST,/api/plugins/batch/parameters (500 updates),10.400000,0.000000,12,19,25,34,110,150,200,250,260,260,260,179,0,12,50.46011268632101,4.101600963622332,1341.2157580023631,859.413407821229
1774607484,10,GET,/api/plugins/discover,0.000000,0.000000,32,32,32,32,32,32,32,32,32,32,32,85,0,32,67.7462255143944,12.902443995699286,1153.4276839811355,89708.0
1774607484,10,GET,/api/plugins/list,0.000000,0.000000,150,150,150,150,150,150,150,150,150,150,150,85,0,8,27.422117306303015,1.4248379739001393,155.8851469308138,65.04705882352941
1774607484,10,POST,/api/plugins/load?uri,3.500000,0.000000,8,19,21,22,130,140,140,140,140,140,140,112,0,7,22.282956315653532,1.8484530737623572,148.79760204348713,2552.3660714285716
1774607484,10,POST,/api/plugins/unload?uri,3.500000,0.000000,6,7,11,13,18,20,34,34,34,34,34,112,0,4,11.646770071820356,1.7115649534389377,150.91983205638826,129.4375
1774607484,10,,Aggregated,109.800000,0.000000,7,13,18,20,66,120,150,170,260,330,330,3232,0,8,32.25438302021334,1.399932079948485,1379.7499550273642,2694.0058787128714
1774607485,10,GET,/api/audio/latency,13.200000,0.000000,8,15,19,23,110,130,150,150,150,150,150,474,0,8,24.247330404181458,1.408367999829352,197.20862398389727,33.027426160337555
1774607485,10,GET,/api/audio/levels,13.200000,0.000000,9,20,69,87,110,150,1200,1300,1300,1300,1300,474,0,9,55.249612938066484,1.428687945008278,1334.9428249057382,77.11392405063292
1774607485,10,GET,/api/audio/levels (during plugin swap),3.300000,0.000000,10,22,65,83,100,1100,1200,1200,1200,1200,1200,114,0,9,56.88418174395338,1.4570030616596341,1229.0631459327415,76.99122807017544
1774607485,10,GET,/api/audio/levels/plugins,3.300000,0.000000,7,12,14,16,22,130,130,130,130,130,130,114,0,4,35.80108762763669,1.4397009508684278,1225.283946027048,21.526315789473685
1774607485,10,GET,/api/audio/status,13.100000,0.000000,7,10,13,15,18,20,22,150,170,170,170,356,0,5,18.64743281516843,1.399932079948485,1227.633974980563,303.0730337078652
1774607485,10,GET,/api/chains/,0.000000,0.000000,100,100,100,100,100,100,100,100,100,100,100,85,0,17,63.76329955151852,1.8956511048600078,1200.169313000515,1478.2470588235294
1774607485,10,GET,/api/chains/{id},13.100000,0.000000,10,26,56,73,120,230,1200,1200,1300,1300,1300,356,0,11,55.664411098814014,1.8677259795367718,1336.1633339663967,812.626404494382
1774607485,10,POST,/api/chains/{id}/activate,13.100000,0.000000,14,20,27,29,42,140,150,150,210,210,210,356,0,9,25.42498187205147,1.686221919953823,211.25351497903466,54.45224719101124
1774607485,10,POST,/api/chains/{id}/deactivate,13.100000,0.000000,6,8,10,12,16,19,140,170,330,330,330,356,0,5,15.54723574159918,1.6800729790702462,1379.7499550273642,61.087078651685395
1774607485,10,POST,/api/plugins/batch/parameters (500 updates),9.600000,0.000000,12,20,26,52,120,200,260,1200,1200,1200,1200,180,0,12,56.8425068541223,4.101600963622332,1341.2157580023631,859.4111111111112
1774607485,10,GET,/api/plugins/discover,0.000000,0.000000,32,32,32,32,32,32,32,32,32,32,32,85,0,32,67.7462255143944,12.902443995699286,1153.4276839811355,89708.0
1774607485,10,GET,/api/plugins/list,0.000000,0.000000,150,150,150,150,150,150,150,150,150,150,150,85,0,8,27.422117306303015,1.4248379739001393,155.8851469308138,65.04705882352941
1774607485,10,POST,/api/plugins/load?uri,3.300000,0.000000,11,20,22,38,130,140,140,140,140,140,140,114,0,7,22.60244891594834,1.8484530737623572,148.79760204348713,2583.815789473684
1774607485,10,POST,/api/plugins/unload?uri,3.300000,0.000000,7,11,13,15,18,20,34,34,34,34,34,114,0,5,11.681044763240049,1.7115649534389377,150.91983205638826,129.640350877193
1774607485,10,,Aggregated,101.600000,0.000000,8,15,20,25,89,130,200,1100,1300,1300,1300,3263,0,8,35.83755956825989,1.399932079948485,1379.7499550273642,2673.045357033405
1774607486,10,GET,/api/audio/latency,15.700000,0.000000,7,15,18,22,120,130,150,150,150,150,150,498,0,8,24.905880845813865,1.408367999829352,197.20862398389727,33.02610441767068
1774607486,10,GET,/api/audio/levels,15.700000,0.000000,9,19,59,80,110,150,1200,1300,1300,1300,1300,498,0,9,54.683002514949806,1.428687945008278,1334.9428249057382,76.99397590361446
1774607486,10,GET,/api/audio/levels (during plugin swap),3.600000,0.000000,13,20,61,83,130,1100,1200,1200,1200,1200,1200,119,0,9,55.8713901242116,1.4570030616596341,1229.0631459327415,77.04201680672269
1774607486,10,GET,/api/audio/levels/plugins,3.600000,0.000000,6,9,14,14,22,130,130,130,130,130,130,119,0,4,34.54117027616144,1.4397009508684278,1225.283946027048,21.537815126050422
1774607486,10,GET,/api/audio/status,15.200000,0.000000,6,9,12,13,18,19,22,150,170,170,170,366,0,5,18.231779823583537,1.399932079948485,1227.633974980563,303.07103825136613
1774607486,10,GET,/api/chains/,0.000000,0.000000,100,100,100,100,100,100,100,100,100,100,100,85,0,17,63.76329955151852,1.8956511048600078,1200.169313000515,1478.2470588235294
1774607486,10,GET,/api/chains/{id},15.200000,0.000000,8,18,37,56,120,230,1200,1200,1300,1300,1300,366,0,11,54.280728470060794,1.8677259795367718,1336.1633339663967,812.5
1774607486,10,POST,/api/chains/{id}/activate,15.200000,0.000000,10,18,25,28,38,140,150,150,210,210,210,366,0,9,24.8796375369134,1.686221919953823,211.25351497903466,54.39890710382514
1774607486,10,POST,/api/chains/{id}/deactivate,15.300000,0.000000,6,8,11,12,16,19,23,140,330,330,330,366,0,5,15.289279046058757,1.6800729790702462,1379.7499550273642,61.112021857923494
1774607486,10,POST,/api/plugins/batch/parameters (500 updates),10.500000,0.000000,11,20,25,35,110,200,260,1200,1200,1200,1200,195,0,12,55.77164214784996,4.101600963622332,1341.2157580023631,859.7025641025641
1774607486,10,GET,/api/plugins/discover,0.000000,0.000000,32,32,32,32,32,32,32,32,32,32,32,85,0,32,67.7462255143944,12.902443995699286,1153.4276839811355,89708.0
1774607486,10,GET,/api/plugins/list,0.000000,0.000000,150,150,150,150,150,150,150,150,150,150,150,85,0,8,27.422117306303015,1.4248379739001393,155.8851469308138,65.04705882352941
1774607486,10,POST,/api/plugins/load?uri,3.600000,0.000000,8,20,22,38,130,140,150,150,150,150,150,119,0,7,22.984739347016674,1.8484530737623572,148.79760204348713,2521.672268907563
1774607486,10,POST,/api/plugins/unload?uri,3.600000,0.000000,7,11,14,18,18,20,34,34,34,34,34,119,0,5,11.506282513131614,1.7115649534389377,150.91983205638826,129.51260504201682
1774607486,10,,Aggregated,117.200000,0.000000,8,13,18,22,86,130,170,330,1300,1300,1300,3386,0,8,35.47692012048821,1.399932079948485,1379.7499550273642,2586.116361488482
1774607487,10,GET,/api/audio/latency,15.100000,0.000000,8,17,19,25,120,130,150,150,170,170,170,517,0,8,24.68513293827684,1.408367999829352,197.20862398389727,33.02514506769826
1774607487,10,GET,/api/audio/levels,15.000000,0.000000,13,33,70,87,110,150,1200,1300,1300,1300,1300,517,0,9,53.730381726119774,1.428687945008278,1334.9428249057382,76.94777562862669
1774607487,10,GET,/api/audio/levels (during plugin swap),3.600000,0.000000,14,59,83,89,130,1100,1200,1200,1200,1200,1200,122,0,9,55.82258878485681,1.4570030616596341,1229.0631459327415,77.15573770491804
1774607487,10,GET,/api/audio/levels/plugins,3.600000,0.000000,8,13,14,16,22,130,170,170,170,170,170,122,0,4,35.2081294013111,1.4397009508684278,1225.283946027048,21.459016393442624
1774607487,10,GET,/api/audio/status,14.700000,0.000000,7,10,13,13,18,22,170,170,190,190,190,380,0,5,19.088866409085888,1.399932079948485,1227.633974980563,303.0684210526316
1774607487,10,GET,/api/chains/,0.000000,0.000000,100,100,100,100,100,100,100,100,100,100,100,85,0,17,63.76329955151852,1.8956511048600078,1200.169313000515,1478.2470588235294
1774607487,10,GET,/api/chains/{id},14.200000,0.000000,10,23,56,68,120,230,1200,1200,1300,1300,1300,381,0,11,53.74080347681902,1.8677259795367718,1336.1633339663967,812.0918635170603
1774607487,10,POST,/api/chains/{id}/activate,14.700000,0.000000,12,18,26,28,38,140,150,150,210,210,210,380,0,9,24.334293382707983,1.686221919953823,211.25351497903466,54.4078947368421
1774607487,10,POST,/api/chains/{id}/deactivate,14.700000,0.000000,6,8,11,13,16,19,23,140,330,330,330,377,0,5,14.97909920111012,1.6800729790702462,1379.7499550273642,61.13793103448276
1774607487,10,POST,/api/plugins/batch/parameters (500 updates),10.200000,0.000000,12,21,30,60,110,200,260,1200,1200,1200,1200,207,0,12,54.00881553541167,4.101600963622332,1341.2157580023631,859.7632850241546
1774607487,10,GET,/api/plugins/discover,0.000000,0.000000,32,32,32,32,32,32,32,32,32,32,32,85,0,32,67.7462255143944,12.902443995699286,1153.4276839811355,89708.0
1774607487,10,GET,/api/plugins/list,0.000000,0.000000,150,150,150,150,150,150,150,150,150,150,150,85,0,8,27.422117306303015,1.4248379739001393,155.8851469308138,65.04705882352941
1774607487,10,POST,/api/plugins/load?uri,3.600000,0.000000,14,21,31,38,130,140,150,150,150,150,150,122,0,7,22.805841157754852,1.8484530737623572,148.79760204348713,2509.5081967213114
1774607487,10,POST,/api/plugins/unload?uri,3.600000,0.000000,8,13,15,18,20,34,170,170,170,170,170,121,0,5,12.836018455030073,1.7115649534389377,169.66197302099317,129.54545454545453
1774607487,10,,Aggregated,113.000000,0.000000,8,15,20,28,98,140,200,1100,1300,1300,1300,3501,0,8,35.21685838798831,1.399932079948485,1379.7499550273642,2511.6680948300486
1774607488,10,GET,/api/audio/latency,14.200000,0.000000,6,15,17,19,110,120,150,150,170,170,170,542,0,7,24.000834201323382,1.3867660891264677,197.20862398389727,33.0239852398524
1774607488,10,GET,/api/audio/levels,14.200000,0.000000,8,17,33,69,98,120,210,1300,1300,1300,1300,542,0,9,51.79935420637373,1.428687945008278,1334.9428249057382,76.88560885608857
1774607488,10,GET,/api/audio/levels (during plugin swap),3.400000,0.000000,10,19,42,66,100,1100,1200,1200,1200,1200,1200,129,0,9,53.4016200604798,1.4570030616596341,1229.0631459327415,77.03100775193798
1774607488,10,GET,/api/audio/levels/plugins,3.400000,0.000000,5,8,12,14,19,130,170,170,170,170,170,129,0,4,33.39777927838497,1.4397009508684278,1225.283946027048,21.356589147286822
1774607488,10,GET,/api/audio/status,12.000000,0.000000,6,10,13,13,18,22,170,170,190,190,190,387,0,5,18.957373846469096,1.399932079948485,1227.633974980563,303.0671834625323
1774607488,10,GET,/api/chains/,0.000000,0.000000,100,100,100,100,100,100,100,100,100,100,100,85,0,17,63.76329955151852,1.8956511048600078,1200.169313000515,1478.2470588235294
1774607488,10,GET,/api/chains/{id},12.000000,0.000000,8,18,47,66,120,230,1200,1200,1300,1300,1300,387,0,11,53.548085544190975,1.8677259795367718,1336.1633339663967,812.0284237726098
1774607488,10,POST,/api/chains/{id}/activate,12.000000,0.000000,11,18,26,28,38,130,150,150,210,210,210,387,0,9,25.011634845491162,1.686221919953823,211.25351497903466,54.315245478036175
1774607488,10,POST,/api/chains/{id}/deactivate,12.000000,0.000000,6,8,11,13,16,21,150,150,150,150,150,387,0,5,15.846969072769566,1.6800729790702462,1379.7499550273642,61.16020671834625
1774607488,10,POST,/api/plugins/batch/parameters (500 updates),9.500000,0.000000,11,17,24,44,95,200,260,1200,1200,1200,1200,216,0,12,52.87534660547627,4.101600963622332,1341.2157580023631,859.875
1774607488,10,GET,/api/plugins/discover,0.000000,0.000000,32,32,32,32,32,32,32,32,32,32,32,85,0,32,67.7462255143944,12.902443995699286,1153.4276839811355,89708.0
1774607488,10,GET,/api/plugins/list,0.000000,0.000000,150,150,150,150,150,150,150,150,150,150,150,85,0,8,27.422117306303015,1.4248379739001393,155.8851469308138,65.04705882352941
1774607488,10,POST,/api/plugins/load?uri,3.400000,0.000000,8,18,21,22,43,130,150,150,150,150,150,129,0,7,21.880060760123843,1.8484530737623572,148.79760204348713,2562.248062015504
1774607488,10,POST,/api/plugins/unload?uri,3.400000,0.000000,7,13,15,18,20,150,170,170,170,170,170,129,0,4,13.278855552333733,1.7115649534389377,169.66197302099317,129.54263565891472
1774607488,10,,Aggregated,99.500000,0.000000,7,14,18,22,86,130,170,260,1300,1300,1300,3619,0,8,34.71082669382868,1.3867660891264677,1379.7499550273642,2442.0635534678086
1774607489,10,GET,/api/audio/latency,15.500000,0.000000,5,15,18,22,110,130,150,150,170,170,170,556,0,7,23.744915404965056,1.3867660891264677,197.20862398389727,33.023381294964025
1774607489,10,GET,/api/audio/levels,15.500000,0.000000,10,18,57,78,110,130,210,1300,1300,1300,1300,559,0,9,51.57569402304839,1.428687945008278,1334.9428249057382,76.93023255813954
1774607489,10,GET,/api/audio/levels (during plugin swap),3.500000,0.000000,14,20,66,89,180,1100,1200,1200,1200,1200,1200,132,0,9,55.01250752113816,1.4570030616596341,1229.0631459327415,77.23484848484848
1774607489,10,GET,/api/audio/levels/plugins,3.600000,0.000000,5,8,14,16,19,130,170,170,170,170,170,130,0,4,33.282100453148956,1.4397009508684278,1225.283946027048,21.4
1774607489,10,GET,/api/audio/status,12.600000,0.000000,6,11,13,14,18,22,170,170,190,190,190,400,0,5,18.559576497063972,1.399932079948485,1227.633974980563,303.065
1774607489,10,GET,/api/chains/,0.000000,0.000000,0,0,0,0,0,0,0,0,0,0,0,85,0,17,63.76329955151852,1.8956511048600078,1200.169313000515,1478.2470588235294
1774607489,10,GET,/api/chains/{id},12.600000,0.000000,10,27,66,87,130,230,1200,1200,1300,1300,1300,401,0,11,53.56566953307895,1.8677259795367718,1336.1633339663967,814.0822942643391
1774607489,10,POST,/api/chains/{id}/activate,12.600000,0.000000,13,19,27,29,45,130,150,150,210,210,210,400,0,9,24.63006480509648,1.686221919953823,211.25351497903466,54.375
1774607489,10,POST,/api/chains/{id}/deactivate,12.600000,0.000000,5,8,10,12,16,21,150,150,150,150,150,399,0,5,15.510222421466539,1.6800729790702462,1379.7499550273642,61.18546365914787
1774607489,10,POST,/api/plugins/batch/parameters (500 updates),10.500000,0.000000,12,20,35,60,110,200,260,1200,1200,1200,1200,228,0,12,51.74947134576526,4.101600963622332,1341.2157580023631,859.6315789473684
1774607489,10,GET,/api/plugins/discover,0.000000,0.000000,0,0,0,0,0,0,0,0,0,0,0,85,0,32,67.7462255143944,12.902443995699286,1153.4276839811355,89708.0
1774607489,10,GET,/api/plugins/list,0.000000,0.000000,0,0,0,0,0,0,0,0,0,0,0,85,0,8,27.422117306303015,1.4248379739001393,155.8851469308138,65.04705882352941
1774607489,10,POST,/api/plugins/load?uri,3.500000,0.000000,10,18,21,22,43,130,150,150,150,150,150,130,0,7,21.869376277586873,1.8484530737623572,148.79760204348713,2547.853846153846
1774607489,10,POST,/api/plugins/unload?uri,3.600000,0.000000,7,11,14,18,20,150,170,170,170,170,170,130,0,4,13.241409086801399,1.7115649534389377,169.66197302099317,129.46153846153845
1774607489,10,,Aggregated,106.100000,0.000000,8,14,19,27,96,140,190,1100,1300,1300,1300,3720,0,8,34.52635749768321,1.3867660891264677,1379.7499550273642,2384.0282258064517
1774607490,10,GET,/api/audio/latency,14.900000,0.000000,5,15,18,21,55,130,150,150,170,170,170,574,0,7,24.054482874528663,1.3867660891264677,197.20862398389727,33.02264808362369
1774607490,10,GET,/api/audio/levels,14.900000,0.000000,9,17,42,70,120,210,240,1300,1300,1300,1300,574,0,9,52.678241574559166,1.428687945008278,1334.9428249057382,76.89547038327527
1774607490,10,GET,/api/audio/levels (during plugin swap),3.100000,0.000000,10,20,42,59,180,1100,1200,1200,1200,1200,1200,135,0,9,54.56413635380428,1.4570030616596341,1229.0631459327415,77.23703703703704
1774607490,10,GET,/api/audio/levels/plugins,3.100000,0.000000,5,8,15,16,18,130,170,170,170,170,170,135,0,4,32.60402130394208,1.4397009508684278,1225.283946027048,21.511111111111113
1774607490,10,GET,/api/audio/status,12.000000,0.000000,5,10,13,14,18,22,170,170,190,190,190,415,0,5,18.205477279913893,1.399932079948485,1227.633974980563,303.06265060240963
1774607490,10,GET,/api/chains/,0.000000,0.000000,0,0,0,0,0,0,0,0,0,0,0,85,0,17,63.76329955151852,1.8956511048600078,1200.169313000515,1478.2470588235294
1774607490,10,GET,/api/chains/{id},11.900000,0.000000,9,21,68,90,140,230,1200,1200,1300,1300,1300,415,0,11,53.60944522123963,1.8677259795367718,1336.1633339663967,814.7301204819277
1774607490,10,POST,/api/chains/{id}/activate,12.000000,0.000000,12,19,26,29,39,130,150,150,210,210,210,415,0,9,24.825308520447866,1.686221919953823,211.25351497903466,54.397590361445786
1774607490,10,POST,/api/chains/{id}/deactivate,12.000000,0.000000,5,9,10,12,16,23,150,150,340,340,340,415,0,5,16.016402595440844,1.6800729790702462,1379.7499550273642,61.1566265060241
1774607490,10,POST,/api/plugins/batch/parameters (500 updates),9.600000,0.000000,12,17,23,42,120,220,260,1200,1200,1200,1200,232,0,12,51.9914641195571,4.101600963622332,1341.2157580023631,860.1120689655172
1774607490,10,GET,/api/plugins/discover,0.000000,0.000000,0,0,0,0,0,0,0,0,0,0,0,85,0,32,67.7462255143944,12.902443995699286,1153.4276839811355,89708.0
1774607490,10,GET,/api/plugins/list,0.000000,0.000000,0,0,0,0,0,0,0,0,0,0,0,85,0,8,27.422117306303015,1.4248379739001393,155.8851469308138,65.04705882352941
1774607490,10,POST,/api/plugins/load?uri,3.100000,0.000000,9,18,22,31,120,140,150,150,150,150,150,135,0,7,24.226875866211397,1.8484530737623572,148.79760204348713,2611.725925925926
1774607490,10,POST,/api/plugins/unload?uri,3.100000,0.000000,7,11,14,18,19,150,170,170,170,170,170,135,0,5,13.153720268531254,1.7115649534389377,169.66197302099317,129.71851851851852
1774607490,10,,Aggregated,99.700000,0.000000,8,14,18,23,96,150,220,1100,1300,1300,1300,3835,0,8,34.72812981074591,1.3867660891264677,1379.7499550273642,2324.4495436766624
1774607491,10,GET,/api/audio/latency,16.800000,0.000000,6,16,19,22,81,130,150,150,170,170,170,591,0,7,23.96236216060836,1.3867660891264677,197.20862398389727,33.021996615905245
1774607491,10,GET,/api/audio/levels,16.400000,0.000000,12,21,59,80,120,210,240,1300,1300,1300,1300,592,0,9,52.21640663807488,1.428687945008278,1334.9428249057382,76.90878378378379
1774607491,10,GET,/api/audio/levels (during plugin swap),3.500000,0.000000,14,42,59,77,180,1100,1200,1200,1200,1200,1200,137,0,10,54.415552362792845,1.4570030616596341,1229.0631459327415,77.17518248175182
1774607491,10,GET,/api/audio/levels/plugins,3.500000,0.000000,5,7,16,16,18,130,170,170,170,170,170,136,0,4,32.37527834597345,1.4397009508684278,1225.283946027048,21.455882352941178
1774607491,10,GET,/api/audio/status,11.900000,0.000000,6,11,13,15,18,22,170,170,190,190,190,426,0,5,17.972706350062847,1.399932079948485,1227.633974980563,303.0610328638498
1774607491,10,GET,/api/chains/,0.000000,0.000000,0,0,0,0,0,0,0,0,0,0,0,85,0,17,63.76329955151852,1.8956511048600078,1200.169313000515,1478.2470588235294
1774607491,10,GET,/api/chains/{id},11.800000,0.000000,11,44,86,96,140,230,1200,1200,1300,1300,1300,427,0,11,53.05355992244526,1.7729980172589421,1336.1633339663967,814.9531615925058
1774607491,10,POST,/api/chains/{id}/activate,11.900000,0.000000,12,19,26,29,54,130,150,150,210,210,210,426,0,9,24.635830101067366,1.686221919953823,211.25351497903466,54.36619718309859
1774607491,10,POST,/api/chains/{id}/deactivate,11.900000,0.000000,4,7,9,11,16,23,150,150,340,340,340,425,0,5,15.723111308727633,1.6800729790702462,1379.7499550273642,61.1764705882353
1774607491,10,POST,/api/plugins/batch/parameters (500 updates),10.200000,0.000000,13,21,30,52,130,220,260,1200,1200,1200,1200,241,0,12,51.06711177941783,4.101600963622332,1341.2157580023631,860.1120331950208
1774607491,10,GET,/api/plugins/discover,0.000000,0.000000,0,0,0,0,0,0,0,0,0,0,0,85,0,32,67.7462255143944,12.902443995699286,1153.4276839811355,89708.0
1774607491,10,GET,/api/plugins/list,0.000000,0.000000,0,0,0,0,0,0,0,0,0,0,0,85,0,8,27.422117306303015,1.4248379739001393,155.8851469308138,65.04705882352941
1774607491,10,POST,/api/plugins/load?uri,3.500000,0.000000,9,14,31,38,120,140,150,150,150,150,150,137,0,7,24.566030202868536,1.8484530737623572,148.79760204348713,2602.07299270073
1774607491,10,POST,/api/plugins/unload?uri,3.500000,0.000000,7,9,15,18,19,150,170,170,170,170,170,136,0,5,13.111029428888715,1.7115649534389377,169.66197302099317,129.61029411764707
1774607491,10,,Aggregated,104.900000,0.000000,8,15,20,29,100,150,220,1100,1300,1300,1300,3929,0,8,34.45769302552549,1.3867660891264677,1379.7499550273642,2276.035632476457
1774607492,10,GET,/api/audio/latency,15.400000,0.000000,5,15,18,20,55,120,150,170,170,170,170,610,0,7,23.8849083364361,1.3867660891264677,197.20862398389727,33.02131147540984
1774607492,10,GET,/api/audio/levels,15.400000,0.000000,9,17,46,70,110,200,240,1300,1300,1300,1300,610,0,9,51.16743017178884,1.428687945008278,1334.9428249057382,76.92131147540984
1774607492,10,GET,/api/audio/levels (during plugin swap),3.700000,0.000000,14,42,59,83,180,1100,1200,1200,1200,1200,1200,145,0,9,53.043435121372596,1.4570030616596341,1229.0631459327415,77.03448275862068
1774607492,10,GET,/api/audio/levels/plugins,3.700000,0.000000,5,8,15,16,18,160,170,170,170,170,170,145,0,4,31.849490654462112,1.4397009508684278,1225.283946027048,21.351724137931033
1774607492,10,GET,/api/audio/status,11.100000,0.000000,4,11,13,15,18,22,170,170,190,190,190,442,0,5,17.9159003847207,1.399932079948485,1227.633974980563,303.05882352941177
1774607492,10,GET,/api/chains/,0.000000,0.000000,0,0,0,0,0,0,0,0,0,0,0,85,0,17,63.76329955151852,1.8956511048600078,1200.169313000515,1478.2470588235294
1774607492,10,GET,/api/chains/{id},11.100000,0.000000,9,18,64,91,130,170,1200,1200,1300,1300,1300,442,0,11,52.36941507498089,1.7729980172589421,1336.1633339663967,816.1153846153846
1774607492,10,POST,/api/chains/{id}/activate,11.100000,0.000000,7,18,21,28,39,120,150,160,170,170,170,442,0,9,25.091398747035246,1.686221919953823,211.25351497903466,54.40045248868778
1774607492,10,POST,/api/chains/{id}/deactivate,11.100000,0.000000,4,7,9,11,16,33,150,180,340,340,340,442,0,5,15.810181787637868,1.6800729790702462,1379.7499550273642,61.15158371040724
1774607492,10,POST,/api/plugins/batch/parameters (500 updates),9.200000,0.000000,12,21,24,42,120,150,220,1200,1200,1200,1200,253,0,12,50.367681778002925,4.101600963622332,1341.2157580023631,860.5652173913044
1774607492,10,GET,/api/plugins/discover,0.000000,0.000000,0,0,0,0,0,0,0,0,0,0,0,85,0,32,67.7462255143944,12.902443995699286,1153.4276839811355,89708.0
1774607492,10,GET,/api/plugins/list,0.000000,0.000000,0,0,0,0,0,0,0,0,0,0,0,85,0,8,27.422117306303015,1.4248379739001393,155.8851469308138,65.04705882352941
1774607492,10,POST,/api/plugins/load?uri,3.700000,0.000000,10,19,26,38,130,150,150,150,150,150,150,145,0,7,24.676498991501486,1.8341020913794637,148.79760204348713,2549.8689655172416
1774607492,10,POST,/api/plugins/unload?uri,3.700000,0.000000,7,9,15,15,19,150,170,170,170,170,170,144,0,5,13.65868306392157,1.7038059886544943,169.66197302099317,129.41666666666666
1774607492,10,,Aggregated,99.200000,0.000000,7,14,19,23,94,150,190,340,1300,1300,1300,4075,0,8,34.118567991036166,1.3867660891264677,1379.7499550273642,2206.0196319018405
1774607493,10,GET,/api/audio/latency,16.400000,0.000000,5,16,19,21,80,120,150,170,170,170,170,619,0,7,23.640149121017757,1.3867660891264677,197.20862398389727,33.02100161550889
1774607493,10,GET,/api/audio/levels,16.400000,0.000000,11,21,57,81,120,200,240,1300,1300,1300,1300,620,0,9,50.849816430315016,1.428687945008278,1334.9428249057382,76.94193548387096
1774607493,10,GET,/api/audio/levels (during plugin swap),3.600000,0.000000,17,57,83,94,180,1100,1200,1200,1200,1200,1200,151,0,9,52.68559310915232,1.4570030616596341,1229.0631459327415,77.04635761589404
1774607493,10,GET,/api/audio/levels/plugins,3.600000,0.000000,4,7,15,16,18,160,170,170,170,170,170,150,0,4,30.903990493000794,1.4397009508684278,1225.283946027048,21.366666666666667
1774607493,10,GET,/api/audio/status,12.000000,0.000000,4,10,13,13,18,22,170,170,190,190,190,461,0,5,17.397201714235198,1.399932079948485,1227.633974980563,303.056399132321
1774607493,10,GET,/api/chains/,0.000000,0.000000,0,0,0,0,0,0,0,0,0,0,0,85,0,17,63.76329955151852,1.8956511048600078,1200.169313000515,1478.2470588235294
1774607493,10,GET,/api/chains/{id},11.900000,0.000000,10,35,68,92,130,170,1200,1200,1300,1300,1300,463,0,11,51.346766830071985,1.7729980172589421,1336.1633339663967,815.1771058315335
1774607493,10,POST,/api/chains/{id}/activate,11.900000,0.000000,8,17,20,22,39,120,150,160,170,170,170,461,0,9,24.463640481997242,1.686221919953823,211.25351497903466,54.46854663774403
1774607493,10,POST,/api/chains/{id}/deactivate,12.000000,0.000000,4,9,10,12,17,33,150,180,340,340,340,461,0,5,15.469257700875191,1.6800729790702462,1379.7499550273642,61.186550976138825
1774607493,10,POST,/api/plugins/batch/parameters (500 updates),8.900000,0.000000,15,23,41,44,130,150,220,1200,1200,1200,1200,260,0,12,50.53429404148259,4.101600963622332,1341.2157580023631,860.0576923076923
1774607493,10,GET,/api/plugins/discover,0.000000,0.000000,0,0,0,0,0,0,0,0,0,0,0,85,0,32,67.7462255143944,12.902443995699286,1153.4276839811355,89708.0
1774607493,10,GET,/api/plugins/list,0.000000,0.000000,0,0,0,0,0,0,0,0,0,0,0,85,0,8,27.422117306303015,1.4248379739001393,155.8851469308138,65.04705882352941
1774607493,10,POST,/api/plugins/load?uri,3.600000,0.000000,10,16,26,38,130,150,150,150,150,150,150,150,0,7,24.139255878205102,1.8341020913794637,148.79760204348713,2602.1
1774607493,10,POST,/api/plugins/unload?uri,3.600000,0.000000,7,10,15,15,22,150,170,170,170,170,170,150,0,5,13.466240867661933,1.7038059886544943,169.66197302099317,129.43333333333334
1774607493,10,,Aggregated,103.900000,0.000000,8,15,20,25,100,150,200,1100,1300,1300,1300,4201,0,8,33.62126191033831,1.3867660891264677,1379.7499550273642,2152.616281837658
1774607494,10,GET,/api/audio/latency,16.000000,0.000000,6,16,19,22,120,130,150,170,170,170,170,645,0,7,24.095712946330796,1.3867660891264677,197.20862398389727,33.02015503875969
1774607494,10,GET,/api/audio/levels,16.000000,0.000000,12,23,62,84,120,200,240,1300,1300,1300,1300,645,0,9,50.31890881828993,1.428687945008278,1334.9428249057382,77.0108527131783
1774607494,10,GET,/api/audio/levels (during plugin swap),3.400000,0.000000,14,42,61,85,130,180,1200,1200,1200,1200,1200,157,0,9,50.96305107955886,1.4570030616596341,1229.0631459327415,76.97452229299363
1774607494,10,GET,/api/audio/levels/plugins,3.400000,0.000000,4,8,14,16,18,140,170,170,170,170,170,157,0,4,30.68888206390818,1.4397009508684278,1225.283946027048,21.286624203821656
1774607494,10,GET,/api/audio/status,11.300000,0.000000,5,10,13,13,19,27,170,170,190,190,190,472,0,5,17.4442983860884,1.399932079948485,1227.633974980563,303.0550847457627
1774607494,10,GET,/api/chains/,0.000000,0.000000,0,0,0,0,0,0,0,0,0,0,0,85,0,17,63.76329955151852,1.8956511048600078,1200.169313000515,1478.2470588235294
1774607494,10,GET,/api/chains/{id},11.300000,0.000000,9,21,68,91,130,170,1200,1200,1300,1300,1300,472,0,10,50.50609434557234,1.7729980172589421,1336.1633339663967,815.6122881355932
1774607494,10,POST,/api/chains/{id}/activate,11.300000,0.000000,8,17,20,26,54,130,160,170,270,270,270,472,1,9,24.83607986493044,1.686221919953823,274.43200000561774,55.83686440677966
1774607494,10,POST,/api/chains/{id}/deactivate,11.300000,0.000000,4,9,10,13,19,33,150,180,340,340,340,472,0,5,15.288553163172455,1.6800729790702462,1379.7499550273642,61.09957627118644
1774607494,10,POST,/api/plugins/batch/parameters (500 updates),8.000000,0.000000,14,23,41,44,130,200,220,1200,1200,1200,1200,268,0,12,50.077906499161564,4.101600963622332,1341.2157580023631,859.9179104477612
1774607494,10,GET,/api/plugins/discover,0.000000,0.000000,0,0,0,0,0,0,0,0,0,0,0,85,0,32,67.7462255143944,12.902443995699286,1153.4276839811355,89708.0
1774607494,10,GET,/api/plugins/list,0.000000,0.000000,0,0,0,0,0,0,0,0,0,0,0,85,0,8,27.422117306303015,1.4248379739001393,155.8851469308138,65.04705882352941
1774607494,10,POST,/api/plugins/load?uri,3.400000,0.000000,7,16,25,38,120,140,150,150,150,150,150,157,0,7,24.004258870912395,1.8341020913794637,148.79760204348713,2601.0318471337578
1774607494,10,POST,/api/plugins/unload?uri,3.400000,0.000000,5,9,14,15,19,150,170,170,170,170,170,157,0,5,13.136426586017107,1.7038059886544943,169.66197302099317,129.46496815286625
1774607494,10,,Aggregated,98.800000,0.000000,7,15,20,25,100,150,200,340,1300,1300,1300,4329,1,8,33.40017391094126,1.3867660891264677,1379.7499550273642,2098.6620466620466
1774607495,10,GET,/api/audio/latency,17.300000,0.000000,4,15,18,19,31,130,150,170,170,170,170,654,0,7,23.809182925779226,1.3867660891264677,197.20862398389727,33.01987767584098
1774607495,10,GET,/api/audio/levels,17.300000,0.000000,9,17,32,62,99,150,220,230,240,240,240,654,0,9,49.70660049661237,1.428687945008278,1334.9428249057382,76.97553516819572
1774607495,10,GET,/api/audio/levels (during plugin swap),3.900000,0.000000,12,20,57,61,94,100,180,180,180,180,180,159,0,9,50.487509430766856,1.4570030616596341,1229.0631459327415,76.9245283018868
1774607495,10,GET,/api/audio/levels/plugins,3.900000,0.000000,4,6,14,16,18,140,170,170,170,170,170,159,0,4,30.341684880502427,1.4397009508684278,1225.283946027048,21.27672955974843
1774607495,10,GET,/api/audio/status,12.200000,0.000000,4,9,12,13,19,23,170,170,190,190,190,485,0,5,17.126947860281494,1.399932079948485,1227.633974980563,303.0536082474227
1774607495,10,GET,/api/chains/,0.000000,0.000000,0,0,0,0,0,0,0,0,0,0,0,85,0,17,63.76329955151852,1.8956511048600078,1200.169313000515,1478.2470588235294
1774607495,10,GET,/api/chains/{id},12.200000,0.000000,8,18,39,68,120,140,160,170,180,180,180,485,0,10,49.413198066548894,1.7729980172589421,1336.1633339663967,815.5958762886598
1774607495,10,POST,/api/chains/{id}/activate,12.200000,0.000000,6,15,19,20,39,120,160,170,270,270,270,485,1,8,24.350202022859655,1.686221919953823,274.43200000561774,55.845360824742265
1774607495,10,POST,/api/chains/{id}/deactivate,12.100000,0.000000,4,7,10,11,18,24,150,180,340,340,340,485,0,5,15.011262534109434,1.6800729790702462,1379.7499550273642,61.123711340206185
1774607495,10,POST,/api/plugins/batch/parameters (500 updates),8.700000,0.000000,14,21,24,42,120,140,200,220,220,220,220,272,0,12,49.5416834626881,4.101600963622332,1341.2157580023631,860.0404411764706
1774607495,10,GET,/api/plugins/discover,0.000000,0.000000,0,0,0,0,0,0,0,0,0,0,0,85,0,32,67.7462255143944,12.902443995699286,1153.4276839811355,89708.0
1774607495,10,GET,/api/plugins/list,0.000000,0.000000,0,0,0,0,0,0,0,0,0,0,0,85,0,8,27.422117306303015,1.4248379739001393,155.8851469308138,65.04705882352941
1774607495,10,POST,/api/plugins/load?uri,3.900000,0.000000,6,15,22,25,100,130,150,150,150,150,150,159,0,7,23.864066797168046,1.8341020913794637,148.79760204348713,2633.7169811320755
1774607495,10,POST,/api/plugins/unload?uri,3.900000,0.000000,3,8,11,15,19,150,170,170,170,170,170,159,0,4,13.00650886728563,1.7038059886544943,169.66197302099317,129.42767295597486
1774607495,10,,Aggregated,107.600000,0.000000,6,13,18,21,83,130,170,190,270,340,340,4411,1,8,32.90419278451968,1.3867660891264677,1379.7499550273642,2066.755157560644
1774607496,10,GET,/api/audio/latency,15.700000,0.000000,4,16,19,22,55,130,150,170,170,170,170,659,0,7,23.837042595464766,1.3867660891264677,197.20862398389727,33.019726858877085
1774607496,10,GET,/api/audio/levels,15.700000,0.000000,10,21,59,84,130,220,1200,1300,1300,1300,1300,659,0,9,58.5666324838018,1.428687945008278,1334.9428249057382,77.04400606980273
1774607496,10,GET,/api/audio/levels (during plugin swap),4.000000,0.000000,14,48,61,83,100,180,1300,1300,1300,1300,1300,161,0,9,65.31321540003445,1.4570030616596341,1278.5428930073977,77.03726708074534
1774607496,10,GET,/api/audio/levels/plugins,4.000000,0.000000,4,9,14,16,18,140,170,170,170,170,170,161,0,4,30.02026206770368,1.4397009508684278,1225.283946027048,21.347826086956523
1774607496,10,GET,/api/audio/status,11.300000,0.000000,6,10,13,15,19,27,170,170,190,190,190,486,0,5,17.108011728970894,1.399932079948485,1227.633974980563,303.05349794238685
1774607496,10,GET,/api/chains/,0.000000,0.000000,0,0,0,0,0,0,0,0,0,0,0,85,0,17,63.76329955151852,1.8956511048600078,1200.169313000515,1478.2470588235294
1774607496,10,GET,/api/chains/{id},11.300000,0.000000,10,22,61,90,120,160,170,180,1200,1200,1200,486,0,10,51.71761179051588,1.7729980172589421,1336.1633339663967,815.3991769547325
1774607496,10,POST,/api/chains/{id}/activate,11.300000,0.100000,8,15,20,22,54,130,160,170,270,270,270,486,1,8,24.354423368502975,1.686221919953823,274.43200000561774,55.80246913580247
1774607496,10,POST,/api/chains/{id}/deactivate,11.300000,0.000000,4,8,10,12,18,33,150,180,340,340,340,486,0,5,14.988854572027462,1.6800729790702462,1379.7499550273642,61.12551440329218
1774607496,10,POST,/api/plugins/batch/parameters (500 updates),8.400000,0.000000,16,24,41,44,130,200,1300,1300,1300,1300,1300,274,0,12,58.77948093379297,4.101600963622332,1341.2157580023631,860.0693430656934
1774607496,10,GET,/api/plugins/discover,0.000000,0.000000,0,0,0,0,0,0,0,0,0,0,0,85,0,32,67.7462255143944,12.902443995699286,1153.4276839811355,89708.0
1774607496,10,GET,/api/plugins/list,0.000000,0.000000,0,0,0,0,0,0,0,0,0,0,0,85,0,8,27.422117306303015,1.4248379739001393,155.8851469308138,65.04705882352941
1774607496,10,POST,/api/plugins/load?uri,4.000000,0.000000,10,20,25,30,100,130,150,150,150,150,150,161,0,7,23.949491638134912,1.8341020913794637,148.79760204348713,2630.552795031056
1774607496,10,POST,/api/plugins/unload?uri,4.000000,0.000000,3,7,10,15,19,150,170,170,170,170,170,161,0,4,12.905379515054479,1.7038059886544943,169.66197302099317,129.52173913043478
1774607496,10,,Aggregated,101.000000,0.100000,8,15,20,24,99,150,200,1100,1300,1300,1300,4435,1,8,35.574114879880945,1.3867660891264677,1379.7499550273642,2057.5328072153325
1774607497,10,GET,/api/audio/latency,18.100000,0.000000,4,15,19,22,80,140,260,340,350,350,350,678,0,7,25.19553085166829,1.3867660891264677,346.5291369939223,33.01917404129794
1774607497,10,GET,/api/audio/levels,18.100000,0.000000,8,17,53,88,150,220,1200,1300,1300,1300,1300,679,0,9,57.978191088085424,1.428687945008278,1334.9428249057382,77.00147275405007
1774607497,10,GET,/api/audio/levels (during plugin swap),4.700000,0.000000,9,20,57,83,150,180,1300,1300,1300,1300,1300,167,0,9,64.01536576338336,1.4570030616596341,1278.5428930073977,77.04790419161677
1774607497,10,GET,/api/audio/levels/plugins,4.700000,0.000000,4,6,13,16,18,140,230,230,230,230,230,167,0,4,30.535300874324168,1.4397009508684278,1225.283946027048,21.317365269461078
1774607497,10,GET,/api/audio/status,12.700000,0.000000,4,8,10,13,17,21,27,140,150,150,150,499,0,5,16.770384317116516,1.399932079948485,1227.633974980563,303.05210420841684
1774607497,10,GET,/api/chains/,0.000000,0.000000,0,0,0,0,0,0,0,0,0,0,0,85,0,17,63.76329955151852,1.8956511048600078,1200.169313000515,1478.2470588235294
1774607497,10,GET,/api/chains/{id},12.700000,0.000000,8,18,36,61,120,160,180,260,1200,1200,1200,500,0,10,51.26013922598213,1.7729980172589421,1336.1633339663967,815.896
1774607497,10,POST,/api/chains/{id}/activate,12.700000,0.100000,6,13,19,20,39,130,170,260,270,270,270,499,1,8,24.403538839529475,1.686221919953823,274.43200000561774,55.76152304609219
1774607497,10,POST,/api/chains/{id}/deactivate,12.700000,0.000000,4,6,10,10,15,19,33,180,340,340,340,499,0,4,14.695174665235072,1.6800729790702462,1379.7499550273642,61.14829659318637
1774607497,10,POST,/api/plugins/batch/parameters (500 updates),9.100000,0.000000,16,24,42,95,180,370,1300,1300,1300,1300,1300,282,0,12,60.9789787013916,4.101600963622332,1341.2157580023631,859.6666666666666
1774607497,10,GET,/api/plugins/discover,0.000000,0.000000,0,0,0,0,0,0,0,0,0,0,0,85,0,32,67.7462255143944,12.902443995699286,1153.4276839811355,89708.0
1774607497,10,GET,/api/plugins/list,0.000000,0.000000,0,0,0,0,0,0,0,0,0,0,0,85,0,8,27.422117306303015,1.4248379739001393,155.8851469308138,65.04705882352941
1774607497,10,POST,/api/plugins/load?uri,4.700000,0.000000,6,16,24,30,120,140,150,150,150,150,150,167,0,7,24.099151394748223,1.8341020913794637,148.79760204348713,2629.8982035928143
1774607497,10,POST,/api/plugins/unload?uri,4.700000,0.000000,4,7,10,13,18,20,150,150,150,150,150,167,0,5,12.834175377610157,1.7038059886544943,169.66197302099317,129.37125748502993
1774607497,10,,Aggregated,114.900000,0.100000,6,13,18,21,92,150,240,370,1300,1300,1300,4559,1,8,35.67045395640768,1.3867660891264677,1379.7499550273642,2011.009212546611
1774607498,10,GET,/api/audio/latency,17.300000,0.000000,7,18,21,23,81,140,330,340,350,350,350,692,0,7,24.958468973131936,1.3867660891264677,346.5291369939223,33.01878612716763
1774607498,10,GET,/api/audio/levels,17.300000,0.000000,10,28,68,96,150,220,1300,1300,1300,1300,1300,693,0,9,57.241180551327055,1.428687945008278,1334.9428249057382,76.97691197691198
1774607498,10,GET,/api/audio/levels (during plugin swap),4.400000,0.000000,10,42,77,85,180,1200,1300,1300,1300,1300,1300,169,0,9,63.34338383129164,1.4570030616596341,1278.5428930073977,77.0
1774607498,10,GET,/api/audio/levels/plugins,4.400000,0.000000,4,9,15,17,22,160,230,230,230,230,230,169,0,4,30.207087639195723,1.4397009508684278,1225.283946027048,21.307692307692307
1774607498,10,GET,/api/audio/status,12.900000,0.000000,4,10,13,15,21,95,100,140,150,150,150,512,0,5,17.69034539142922,1.399932079948485,1227.633974980563,303.05078125
1774607498,10,GET,/api/chains/,0.000000,0.000000,0,0,0,0,0,0,0,0,0,0,0,85,0,17,63.76329955151852,1.8956511048600078,1200.169313000515,1478.2470588235294
1774607498,10,GET,/api/chains/{id},12.900000,0.000000,9,21,40,68,120,160,180,260,1200,1200,1200,512,0,10,50.793922678394665,1.7729980172589421,1336.1633339663967,815.3671875
1774607498,10,POST,/api/chains/{id}/activate,12.900000,0.100000,7,15,20,26,79,130,170,260,270,270,270,512,1,8,24.92452044680249,1.686221919953823,274.43200000561774,55.72265625
1774607498,10,POST,/api/chains/{id}/deactivate,12.900000,0.000000,4,9,10,13,19,21,33,180,340,340,340,512,0,4,14.622282822301713,1.6800729790702462,1379.7499550273642,61.12109375
1774607498,10,POST,/api/plugins/batch/parameters (500 updates),9.000000,0.000000,16,24,42,120,200,370,1300,1300,1300,1300,1300,294,0,12,59.11748355165834,4.101600963622332,1341.2157580023631,859.9829931972789
1774607498,10,GET,/api/plugins/discover,0.000000,0.000000,0,0,0,0,0,0,0,0,0,0,0,85,0,32,67.7462255143944,12.902443995699286,1153.4276839811355,89708.0
1774607498,10,GET,/api/plugins/list,0.000000,0.000000,0,0,0,0,0,0,0,0,0,0,0,85,0,8,27.422117306303015,1.4248379739001393,155.8851469308138,65.04705882352941
1774607498,10,POST,/api/plugins/load?uri,4.400000,0.000000,9,20,26,31,130,150,150,150,150,150,150,169,0,7,23.925971514655597,1.8341020913794637,148.79760204348713,2607.449704142012
1774607498,10,POST,/api/plugins/unload?uri,4.400000,0.000000,5,9,11,15,19,22,150,150,150,150,150,169,0,5,12.712828248750265,1.7038059886544943,169.66197302099317,129.34319526627218
1774607498,10,,Aggregated,112.800000,0.100000,7,15,20,25,100,150,260,1100,1300,1300,1300,4658,1,8,35.45363327208287,1.3867660891264677,1379.7499550273642,1974.4471876341777
1774607499,10,GET,/api/audio/latency,15.300000,0.000000,5,15,19,22,81,150,260,340,350,350,350,715,0,7,25.111188461606787,1.3867660891264677,346.5291369939223,33.018181818181816
1774607499,10,GET,/api/audio/levels,15.700000,0.000000,8,17,64,88,140,220,1200,1300,1300,1300,1300,715,0,9,56.37229021518146,1.428687945008278,1334.9428249057382,76.9090909090909
1774607499,10,GET,/api/audio/levels (during plugin swap),4.200000,0.000000,9,16,48,77,100,150,1300,1300,1300,1300,1300,175,0,9,62.04152522542115,1.4570030616596341,1278.5428930073977,76.93714285714286
1774607499,10,GET,/api/audio/levels/plugins,4.100000,0.000000,4,6,13,14,20,140,230,230,230,230,230,175,0,4,29.443165651256486,1.4397009508684278,1225.283946027048,21.28
1774607499,10,GET,/api/audio/status,11.400000,0.000000,4,8,11,13,21,93,100,140,150,150,150,531,0,5,17.27014490277831,1.399932079948485,1227.633974980563,303.04896421845575
1774607499,10,GET,/api/chains/,0.000000,0.000000,0,0,0,0,0,0,0,0,0,0,0,85,0,17,63.76329955151852,1.8956511048600078,1200.169313000515,1478.2470588235294
1774607499,10,GET,/api/chains/{id},11.500000,0.000000,8,16,22,39,120,150,180,260,1200,1200,1200,531,0,10,49.82346235471909,1.7729980172589421,1336.1633339663967,816.5988700564972
1774607499,10,POST,/api/chains/{id}/activate,11.400000,0.100000,7,14,19,25,73,130,170,260,270,270,270,531,1,8,24.828778673664942,1.686221919953823,274.43200000561774,55.73446327683616
1774607499,10,POST,/api/chains/{id}/deactivate,11.400000,0.000000,4,8,10,12,18,20,23,33,180,180,180,531,0,4,14.294565509717119,1.6800729790702462,1379.7499550273642,61.152542372881356
1774607499,10,POST,/api/plugins/batch/parameters (500 updates),7.500000,0.000000,15,24,41,56,180,370,1300,1300,1300,1300,1300,299,0,12,58.75812235512587,4.101600963622332,1341.2157580023631,860.2207357859531
1774607499,10,GET,/api/plugins/discover,0.000000,0.000000,0,0,0,0,0,0,0,0,0,0,0,85,0,32,67.7462255143944,12.902443995699286,1153.4276839811355,89708.0
1774607499,10,GET,/api/plugins/list,0.000000,0.000000,0,0,0,0,0,0,0,0,0,0,0,85,0,8,27.422117306303015,1.4248379739001393,155.8851469308138,65.04705882352941
1774607499,10,POST,/api/plugins/load?uri,4.200000,0.000000,6,16,24,26,100,130,150,150,150,150,150,175,0,7,24.79470401137535,1.8341020913794637,148.79760204348713,2666.422857142857
1774607499,10,POST,/api/plugins/unload?uri,4.100000,0.000000,5,9,11,12,18,20,150,150,150,150,150,175,0,5,12.577560022473335,1.7038059886544943,169.66197302099317,129.44571428571427
1774607499,10,,Aggregated,100.800000,0.100000,6,13,18,22,91,150,230,370,1300,1300,1300,4808,1,8,35.002022413513664,1.3867660891264677,1379.7499550273642,1924.9644342762062
1774607500,10,GET,/api/audio/latency,16.600000,0.000000,6,15,19,22,120,150,260,340,350,350,350,735,0,7,24.884524020575444,1.3867660891264677,346.5291369939223,33.01768707482993
1774607500,10,GET,/api/audio/levels,16.600000,0.000000,8,16,60,81,120,150,1200,1300,1300,1300,1300,735,0,9,55.66408099229669,1.428687945008278,1334.9428249057382,76.85578231292517
1774607500,10,GET,/api/audio/levels (during plugin swap),4.700000,0.000000,9,21,76,83,110,150,1300,1300,1300,1300,1300,178,0,9,62.13188969878103,1.4570030616596341,1278.5428930073977,76.87078651685393
1774607500,10,GET,/api/audio/levels/plugins,4.700000,0.000000,4,6,13,14,17,140,230,230,230,230,230,178,0,4,29.12773339279268,1.4397009508684278,1225.283946027048,21.230337078651687
1774607500,10,GET,/api/audio/status,11.800000,0.000000,4,8,11,13,20,95,140,150,150,150,150,544,0,5,17.266932579385706,1.399932079948485,1227.633974980563,303.0477941176471
1774607500,10,GET,/api/chains/,0.000000,0.000000,0,0,0,0,0,0,0,0,0,0,0,85,0,17,63.76329955151852,1.8956511048600078,1200.169313000515,1478.2470588235294
1774607500,10,GET,/api/chains/{id},11.800000,0.000000,8,16,22,36,91,130,180,260,1200,1200,1200,545,0,10,48.97807652382778,1.7729980172589421,1336.1633339663967,815.4091743119266
1774607500,10,POST,/api/chains/{id}/activate,11.800000,0.100000,7,13,20,26,73,130,170,260,270,270,270,545,1,8,24.46633590803986,1.686221919953823,274.43200000561774,55.6605504587156
1774607500,10,POST,/api/chains/{id}/deactivate,11.800000,0.000000,4,7,10,12,17,20,23,33,180,180,180,543,0,4,14.079531172546,1.6800729790702462,1379.7499550273642,61.171270718232044
1774607500,10,POST,/api/plugins/batch/parameters (500 updates),7.800000,0.000000,13,24,42,56,150,370,1300,1300,1300,1300,1300,307,0,12,57.92056176931285,4.101600963622332,1341.2157580023631,860.4592833876221
1774607500,10,GET,/api/plugins/discover,0.000000,0.000000,0,0,0,0,0,0,0,0,0,0,0,85,0,32,67.7462255143944,12.902443995699286,1153.4276839811355,89708.0
1774607500,10,GET,/api/plugins/list,0.000000,0.000000,0,0,0,0,0,0,0,0,0,0,0,85,0,8,27.422117306303015,1.4248379739001393,155.8851469308138,65.04705882352941
1774607500,10,POST,/api/plugins/load?uri,4.700000,0.000000,6,17,23,26,100,130,150,150,150,150,150,178,0,7,24.617881752848835,1.8341020913794637,148.79760204348713,2649.8483146067415
1774607500,10,POST,/api/plugins/unload?uri,4.700000,0.000000,5,9,11,13,19,22,150,150,150,150,150,176,0,5,12.553174590390302,1.7038059886544943,169.66197302099317,129.46022727272728
1774607500,10,,Aggregated,107.000000,0.100000,6,12,18,22,91,140,200,370,1300,1300,1300,4919,1,8,34.64020794160205,1.3867660891264677,1379.7499550273642,1887.783085993088
1774607501,10,GET,/api/audio/latency,14.800000,0.000000,5,13,18,21,81,150,260,340,350,350,350,750,0,7,24.73981264264633,1.3867660891264677,346.5291369939223,33.01733333333333
1774607501,10,GET,/api/audio/levels,14.800000,0.000000,7,14,53,68,130,150,1200,1300,1300,1300,1300,750,0,9,55.34414471499622,1.428687945008278,1334.9428249057382,76.88266666666667
1774607501,10,GET,/api/audio/levels (during plugin swap),4.200000,0.000000,8,16,57,76,110,150,1300,1300,1300,1300,1300,181,0,9,61.48371164293353,1.4570030616596341,1278.5428930073977,76.87845303867404
1774607501,10,GET,/api/audio/levels/plugins,4.200000,0.000000,4,5,13,14,17,20,230,230,230,230,230,181,0,4,28.775657761908903,1.4397009508684278,1225.283946027048,21.325966850828728
1774607501,10,GET,/api/audio/status,12.300000,0.000000,4,7,10,11,20,95,140,150,170,170,170,557,0,5,17.32080339523504,1.399932079948485,1227.633974980563,303.04667863554755
1774607501,10,GET,/api/chains/,0.000000,0.000000,0,0,0,0,0,0,0,0,0,0,0,85,0,17,63.76329955151852,1.8956511048600078,1200.169313000515,1478.2470588235294
1774607501,10,GET,/api/chains/{id},12.300000,0.000000,7,13,22,25,84,130,160,260,1200,1200,1200,557,0,10,48.854778449910505,1.7729980172589421,1336.1633339663967,814.9389587073608
1774607501,10,POST,/api/chains/{id}/activate,12.300000,0.100000,6,11,17,20,73,120,150,260,270,270,270,557,1,8,24.631804883391453,1.686221919953823,274.43200000561774,55.66427289048474
1774607501,10,POST,/api/chains/{id}/deactivate,12.300000,0.000000,3,7,10,12,18,21,34,150,180,180,180,557,0,4,14.493040889718936,1.6800729790702462,1379.7499550273642,61.147217235188506
1774607501,10,POST,/api/plugins/batch/parameters (500 updates),7.200000,0.000000,12,24,42,62,130,200,1300,1300,1300,1300,1300,323,0,12,56.75695461852494,4.101600963622332,1341.2157580023631,860.7213622291022
1774607501,10,GET,/api/plugins/discover,0.000000,0.000000,0,0,0,0,0,0,0,0,0,0,0,85,0,32,67.7462255143944,12.902443995699286,1153.4276839811355,89708.0
1774607501,10,GET,/api/plugins/list,0.000000,0.000000,0,0,0,0,0,0,0,0,0,0,0,85,0,8,27.422117306303015,1.4248379739001393,155.8851469308138,65.04705882352941
1774607501,10,POST,/api/plugins/load?uri,4.200000,0.000000,6,16,22,25,100,130,150,150,150,150,150,181,0,7,25.027375922342813,1.8341020913794637,148.79760204348713,2661.3867403314916
1774607501,10,POST,/api/plugins/unload?uri,4.200000,0.000000,5,8,11,12,19,22,180,180,180,180,180,181,0,5,14.27477685019415,1.7038059886544943,176.6710460651666,129.4364640883978
1774607501,10,,Aggregated,102.800000,0.100000,6,11,16,20,82,140,200,370,1300,1300,1300,5030,1,8,34.59396176125806,1.3867660891264677,1379.7499550273642,1854.372564612326
1774607502,10,GET,/api/audio/latency,16.400000,0.000000,7,16,20,21,130,150,260,340,350,350,350,772,0,7,24.630380145224642,1.3867660891264677,346.5291369939223,33.016839378238345
1774607502,10,GET,/api/audio/levels,16.400000,0.000000,8,17,64,78,130,160,1200,1300,1300,1300,1300,774,0,9,54.683063898201866,1.4190709916874766,1334.9428249057382,76.89664082687338
1774607502,10,GET,/api/audio/levels (during plugin swap),4.200000,0.000000,9,21,61,85,120,1200,1300,1300,1300,1300,1300,187,0,9,60.53719554223459,1.4570030616596341,1278.5428930073977,76.96256684491979
1774607502,10,GET,/api/audio/levels/plugins,4.200000,0.000000,4,8,14,17,19,140,230,230,230,230,230,187,0,4,28.178289684561644,1.4397009508684278,1225.283946027048,21.22994652406417
1774607502,10,GET,/api/audio/status,13.200000,0.000000,4,8,10,12,20,95,140,150,170,170,170,570,0,5,17.110965465677477,1.399932079948485,1227.633974980563,303.04561403508774
1774607502,10,GET,/api/chains/,0.000000,0.000000,0,0,0,0,0,0,0,0,0,0,0,85,0,17,63.76329955151852,1.8956511048600078,1200.169313000515,1478.2470588235294
1774607502,10,GET,/api/chains/{id},13.200000,0.000000,9,18,25,39,90,130,160,260,1200,1200,1200,573,0,10,48.36957278660617,1.7729980172589421,1336.1633339663967,812.5951134380454
1774607502,10,POST,/api/chains/{id}/activate,13.200000,0.100000,7,13,18,20,73,120,150,260,270,270,270,570,1,8,24.322235380225862,1.686221919953823,274.43200000561774,55.675438596491226
1774607502,10,POST,/api/chains/{id}/deactivate,13.200000,0.000000,3,7,10,13,19,21,140,150,180,180,180,570,0,4,14.521934515020499,1.6800729790702462,1379.7499550273642,61.166666666666664
1774607502,10,POST,/api/plugins/batch/parameters (500 updates),7.400000,0.000000,13,24,62,91,150,370,1300,1300,1300,1300,1300,329,0,13,56.77742765272336,4.101600963622332,1341.2157580023631,860.2036474164133
1774607502,10,GET,/api/plugins/discover,0.000000,0.000000,0,0,0,0,0,0,0,0,0,0,0,85,0,32,67.7462255143944,12.902443995699286,1153.4276839811355,89708.0
1774607502,10,GET,/api/plugins/list,0.000000,0.000000,0,0,0,0,0,0,0,0,0,0,0,85,0,8,27.422117306303015,1.4248379739001393,155.8851469308138,65.04705882352941
1774607502,10,POST,/api/plugins/load?uri,4.200000,0.000000,6,17,22,25,130,140,150,150,150,150,150,187,0,7,24.543278068702488,1.8341020913794637,148.79760204348713,2637.101604278075
1774607502,10,POST,/api/plugins/unload?uri,4.200000,0.000000,7,8,11,12,19,180,180,180,180,180,180,187,0,5,13.975864625535905,1.7038059886544943,176.6710460651666,129.50267379679144
1774607502,10,,Aggregated,109.800000,0.100000,7,13,19,22,93,140,200,370,1300,1300,1300,5161,1,8,34.2823824864157,1.3867660891264677,1379.7499550273642,1814.5793450881613
1774607503,10,GET,/api/audio/latency,15.700000,0.000000,5,13,18,19,28,140,260,340,350,350,350,793,0,7,24.46833675598648,1.3867660891264677,346.5291369939223,33.01639344262295
1774607503,10,GET,/api/audio/levels,15.700000,0.000000,7,14,21,64,130,150,1200,1300,1300,1300,1300,795,0,9,53.54597714111654,1.4190709916874766,1334.9428249057382,76.85911949685534
1774607503,10,GET,/api/audio/levels (during plugin swap),4.300000,0.000000,7,12,30,58,110,150,1300,1300,1300,1300,1300,194,0,9,58.84461607315971,1.4570030616596341,1278.5428930073977,76.88659793814433
1774607503,10,GET,/api/audio/levels/plugins,4.300000,0.000000,4,10,14,14,17,19,230,230,230,230,230,194,0,4,27.44048739274599,1.4397009508684278,1225.283946027048,21.170103092783506
1774607503,10,GET,/api/audio/status,12.800000,0.000000,4,8,11,14,20,97,130,150,170,170,170,584,0,5,17.271454284949968,1.399932079948485,1227.633974980563,303.0445205479452
1774607503,10,GET,/api/chains/,0.000000,0.000000,0,0,0,0,0,0,0,0,0,0,0,85,0,17,63.76329955151852,1.8956511048600078,1200.169313000515,1478.2470588235294
1774607503,10,GET,/api/chains/{id},12.700000,0.000000,8,15,21,24,87,130,160,260,1200,1200,1200,587,0,10,47.507515771899946,1.7729980172589421,1336.1633339663967,812.7904599659284
1774607503,10,POST,/api/chains/{id}/activate,12.800000,0.100000,6,12,17,20,73,120,150,170,260,260,260,585,1,8,24.521435474634615,1.686221919953823,274.43200000561774,55.65811965811966
1774607503,10,POST,/api/chains/{id}/deactivate,12.800000,0.000000,4,7,10,13,19,21,140,150,180,180,180,584,0,4,14.389026798435474,1.6800729790702462,1379.7499550273642,61.14383561643836
1774607503,10,POST,/api/plugins/batch/parameters (500 updates),7.200000,0.000000,12,20,54,63,150,370,1300,1300,1300,1300,1300,338,0,12,56.15576666975449,4.101600963622332,1341.2157580023631,859.887573964497
1774607503,10,GET,/api/plugins/discover,0.000000,0.000000,0,0,0,0,0,0,0,0,0,0,0,85,0,32,67.7462255143944,12.902443995699286,1153.4276839811355,89708.0
1774607503,10,GET,/api/plugins/list,0.000000,0.000000,0,0,0,0,0,0,0,0,0,0,0,85,0,8,27.422117306303015,1.4248379739001393,155.8851469308138,65.04705882352941
1774607503,10,POST,/api/plugins/load?uri,4.300000,0.000000,6,18,22,23,130,130,150,150,150,150,150,194,0,7,24.600950133933964,1.8341020913794637,148.79760204348713,2648.7525773195875
1774607503,10,POST,/api/plugins/unload?uri,4.300000,0.000000,5,8,10,12,16,20,180,180,180,180,180,194,0,5,13.746186169752486,1.7038059886544943,176.6710460651666,129.40721649484536
1774607503,10,,Aggregated,106.900000,0.100000,6,12,17,20,79,140,180,370,1300,1300,1300,5297,1,8,33.86116831970262,1.3867660891264677,1379.7499550273642,1777.3507645837267
1774607504,10,GET,/api/audio/latency,16.600000,0.000000,6,13,18,19,33,140,260,340,350,350,350,809,0,6,24.129524556758764,1.3867660891264677,346.5291369939223,33.016069221260814
1774607504,10,GET,/api/audio/levels,16.600000,0.000000,7,15,32,68,130,160,1200,1300,1300,1300,1300,811,0,9,52.98215796098425,1.4190709916874766,1334.9428249057382,76.83107274969174
1774607504,10,GET,/api/audio/levels (during plugin swap),4.300000,0.000000,7,16,30,58,120,150,1300,1300,1300,1300,1300,198,0,9,58.40440446068768,1.4570030616596341,1278.5428930073977,76.87373737373737
1774607504,10,GET,/api/audio/levels/plugins,4.300000,0.000000,4,10,14,14,17,19,230,230,230,230,230,197,0,4,27.091175990845763,1.4397009508684278,1225.283946027048,21.19289340101523
1774607504,10,GET,/api/audio/status,13.100000,0.000000,4,9,12,14,23,100,130,150,170,170,170,599,0,5,16.99920917588297,1.399932079948485,1227.633974980563,303.0434056761269
1774607504,10,GET,/api/chains/,0.000000,0.000000,0,0,0,0,0,0,0,0,0,0,0,85,0,17,63.76329955151852,1.8956511048600078,1200.169313000515,1478.2470588235294
1774607504,10,GET,/api/chains/{id},13.100000,0.000000,8,17,23,43,93,150,160,260,1200,1200,1200,599,0,10,47.44265877248374,1.7729980172589421,1336.1633339663967,812.1068447412354
1774607504,10,POST,/api/chains/{id}/activate,13.100000,0.100000,7,16,19,25,79,130,150,170,260,260,260,599,1,8,24.277829312064835,1.686221919953823,274.43200000561774,55.59265442404007
1774607504,10,POST,/api/chains/{id}/deactivate,13.100000,0.000000,4,8,12,14,19,21,140,150,180,180,180,599,0,4,14.214954032478714,1.6800729790702462,1379.7499550273642,61.165275459098496
1774607504,10,POST,/api/plugins/batch/parameters (500 updates),8.300000,0.000000,13,22,54,79,150,370,1300,1300,1300,1300,1300,350,0,13,55.18390170631132,4.101600963622332,1341.2157580023631,860.2142857142857
1774607504,10,GET,/api/plugins/discover,0.000000,0.000000,0,0,0,0,0,0,0,0,0,0,0,85,0,32,67.7462255143944,12.902443995699286,1153.4276839811355,89708.0
1774607504,10,GET,/api/plugins/list,0.000000,0.000000,0,0,0,0,0,0,0,0,0,0,0,85,0,8,27.422117306303015,1.4248379739001393,155.8851469308138,65.04705882352941
1774607504,10,POST,/api/plugins/load?uri,4.300000,0.000000,6,18,22,22,130,130,150,150,150,150,150,197,0,7,24.35718832577716,1.8341020913794637,148.79760204348713,2655.5532994923856
1774607504,10,POST,/api/plugins/unload?uri,4.300000,0.000000,5,8,10,12,16,20,180,180,180,180,180,197,0,5,13.629866157053275,1.7038059886544943,176.6710460651666,129.2994923857868
1774607504,10,,Aggregated,111.100000,0.100000,7,13,18,21,90,140,200,370,1300,1300,1300,5410,1,8,33.52222001526932,1.3867660891264677,1379.7499550273642,1747.2051756007393
1774607505,10,GET,/api/audio/latency,15.900000,0.000000,6,13,18,20,81,140,260,340,350,350,350,829,0,6,24.126983793824238,1.3867660891264677,346.5291369939223,33.04704463208685
1774607505,10,GET,/api/audio/levels,15.900000,0.000000,7,16,32,70,130,160,1200,1300,1300,1300,1300,829,0,9,52.54276949615724,1.4190709916874766,1334.9428249057382,76.84197828709289
1774607505,10,GET,/api/audio/levels (during plugin swap),4.100000,0.000000,7,19,57,70,120,160,1300,1300,1300,1300,1300,205,0,9,57.561123776022434,1.4570030616596341,1278.5428930073977,76.86829268292684
1774607505,10,GET,/api/audio/levels/plugins,4.100000,0.000000,7,14,14,17,20,24,230,230,230,230,230,205,0,4,27.19217161080096,1.4397009508684278,1225.283946027048,21.165853658536584
1774607505,10,GET,/api/audio/status,12.600000,0.000000,4,8,12,15,20,97,130,150,170,170,170,614,0,5,16.75158702003912,1.399932079948485,1227.633974980563,303.04234527687294
1774607505,10,GET,/api/chains/,0.000000,0.000000,0,0,0,0,0,0,0,0,0,0,0,85,0,17,63.76329955151852,1.8956511048600078,1200.169313000515,1478.2470588235294
1774607505,10,GET,/api/chains/{id},12.600000,0.000000,10,18,25,55,100,140,160,260,1200,1200,1200,614,0,10,47.15754018553475,1.7729980172589421,1336.1633339663967,811.5895765472312
1774607505,10,POST,/api/chains/{id}/activate,12.600000,0.100000,7,16,19,25,79,130,150,170,260,260,260,614,1,8,24.10028134821535,1.686221919953823,274.43200000561774,55.57817589576547
1774607505,10,POST,/api/chains/{id}/deactivate,12.700000,0.000000,3,7,10,14,19,21,140,150,180,180,180,614,0,4,14.00404632169638,1.6800729790702462,1379.7499550273642,61.144951140065146
1774607505,10,POST,/api/plugins/batch/parameters (500 updates),7.500000,0.000000,13,22,54,79,160,220,1300,1300,1300,1300,1300,360,0,13,55.042353539223164,4.101600963622332,1341.2157580023631,859.9972222222223
1774607505,10,GET,/api/plugins/discover,0.000000,0.000000,0,0,0,0,0,0,0,0,0,0,0,85,0,32,67.7462255143944,12.902443995699286,1153.4276839811355,89708.0
1774607505,10,GET,/api/plugins/list,0.000000,0.000000,0,0,0,0,0,0,0,0,0,0,0,85,0,8,27.422117306303015,1.4248379739001393,155.8851469308138,65.04705882352941
1774607505,10,POST,/api/plugins/load?uri,4.100000,0.000000,6,21,22,30,130,140,150,150,150,150,150,205,0,7,25.43964878735473,1.8341020913794637,148.79760204348713,2662.4341463414635
1774607505,10,POST,/api/plugins/unload?uri,4.100000,0.000000,7,11,13,15,20,28,180,180,180,180,180,205,0,5,13.609305463117979,1.7038059886544943,176.6710460651666,129.10731707317072
1774607505,10,,Aggregated,106.200000,0.100000,7,13,18,21,93,140,190,370,1300,1300,1300,5549,1,8,33.32120829380919,1.3867660891264677,1379.7499550273642,1713.0063074427824
1774607506,10,GET,/api/audio/latency,17.700000,0.000000,5,11,16,18,33,140,260,340,350,350,350,844,0,6,23.77605907714449,1.3867660891264677,346.5291369939223,33.046208530805686
1774607506,10,GET,/api/audio/levels,17.700000,0.000000,6,12,17,25,86,130,160,170,200,200,200,844,0,9,51.70283771367739,1.4190709916874766,1334.9428249057382,76.78909952606635
1774607506,10,GET,/api/audio/levels (during plugin swap),4.300000,0.000000,6,11,21,40,110,120,160,160,160,160,160,208,0,9,56.792849418483314,1.4570030616596341,1278.5428930073977,76.875
1774607506,10,GET,/api/audio/levels/plugins,4.300000,0.000000,6,14,14,17,20,24,230,230,230,230,230,208,0,4,26.842435635514377,1.4397009508684278,1225.283946027048,21.1875
1774607506,10,GET,/api/audio/status,12.600000,0.000000,4,8,12,14,20,97,130,150,170,170,170,618,0,5,16.685183611916962,1.399932079948485,1227.633974980563,303.042071197411
1774607506,10,GET,/api/chains/,0.000000,0.000000,0,0,0,0,0,0,0,0,0,0,0,85,0,17,63.76329955151852,1.8956511048600078,1200.169313000515,1478.2470588235294
1774607506,10,GET,/api/chains/{id},12.600000,0.000000,9,17,23,43,90,120,160,160,260,260,260,618,0,10,46.88831240607088,1.7729980172589421,1336.1633339663967,812.1359223300971
1774607506,10,POST,/api/chains/{id}/activate,12.600000,0.000000,7,15,18,23,73,130,150,170,260,260,260,618,1,8,23.966928662937196,1.686221919953823,274.43200000561774,55.566343042071196
1774607506,10,POST,/api/chains/{id}/deactivate,12.600000,0.000000,4,8,12,14,19,21,140,150,180,180,180,618,0,4,13.99226606526626,1.6800729790702462,1379.7499550273642,61.150485436893206
1774607506,10,POST,/api/plugins/batch/parameters (500 updates),7.900000,0.000000,12,20,28,54,100,190,370,370,370,370,370,366,0,12,54.29504534116402,4.101600963622332,1341.2157580023631,860.1420765027323
1774607506,10,GET,/api/plugins/discover,0.000000,0.000000,0,0,0,0,0,0,0,0,0,0,0,85,0,32,67.7462255143944,12.902443995699286,1153.4276839811355,89708.0
1774607506,10,GET,/api/plugins/list,0.000000,0.000000,0,0,0,0,0,0,0,0,0,0,0,85,0,8,27.422117306303015,1.4248379739001393,155.8851469308138,65.04705882352941
1774607506,10,POST,/api/plugins/load?uri,4.300000,0.000000,6,17,21,22,130,130,140,140,140,140,140,208,0,7,25.183414727507625,1.8341020913794637,148.79760204348713,2649.5721153846152
1774607506,10,POST,/api/plugins/unload?uri,4.300000,0.000000,7,12,13,15,20,28,180,180,180,180,180,208,0,5,13.506555494341928,1.7038059886544943,176.6710460651666,129.03365384615384
1774607506,10,,Aggregated,110.900000,0.000000,6,12,17,20,77,130,160,200,370,370,370,5613,1,8,33.0084128035775,1.3867660891264677,1379.7499550273642,1696.691786923214
1774607507,10,GET,/api/audio/latency,16.200000,0.000000,5,12,17,19,30,130,140,150,180,180,180,849,0,6,23.79783413793071,1.3867660891264677,346.5291369939223,33.04593639575972
1774607507,10,GET,/api/audio/levels,16.200000,0.000000,7,15,25,68,130,150,1200,1300,1300,1300,1300,849,0,9,58.64346186598616,1.4190709916874766,1334.9428249057382,76.84334511189635
1774607507,10,GET,/api/audio/levels (during plugin swap),4.100000,0.000000,7,21,58,76,120,1200,1300,1300,1300,1300,1300,211,0,9,74.11572725183255,1.4570030616596341,1315.2507670456544,77.00473933649289
1774607507,10,GET,/api/audio/levels/plugins,4.100000,0.000000,7,14,14,15,19,23,140,140,140,140,140,211,0,4,26.543516133828046,1.4397009508684278,1225.283946027048,21.270142180094787
1774607507,10,GET,/api/audio/status,12.200000,0.000000,4,10,13,15,24,100,130,150,170,170,170,619,0,5,16.67420902445172,1.399932079948485,1227.633974980563,303.04200323101776
1774607507,10,GET,/api/chains/,0.000000,0.000000,0,0,0,0,0,0,0,0,0,0,0,85,0,17,63.76329955151852,1.8956511048600078,1200.169313000515,1478.2470588235294
1774607507,10,GET,/api/chains/{id},12.200000,0.000000,10,18,35,55,93,130,160,160,1200,1200,1200,619,0,10,48.76244081573949,1.7729980172589421,1336.1633339663967,811.9870759289176
1774607507,10,POST,/api/chains/{id}/activate,12.200000,0.000000,8,16,19,24,79,130,140,150,170,170,170,619,1,8,23.96986985248882,1.686221919953823,274.43200000561774,55.53311793214863
1774607507,10,POST,/api/chains/{id}/deactivate,12.200000,0.000000,4,8,13,16,19,21,140,150,180,180,180,619,0,4,13.978149601399766,1.6800729790702462,1379.7499550273642,61.151857835218095
1774607507,10,POST,/api/plugins/batch/parameters (500 updates),8.200000,0.000000,12,21,32,54,100,160,220,1200,1200,1200,1200,367,0,12,57.31593170812308,4.101600963622332,1341.2157580023631,860.174386920981
1774607507,10,GET,/api/plugins/discover,0.000000,0.000000,0,0,0,0,0,0,0,0,0,0,0,85,0,32,67.7462255143944,12.902443995699286,1153.4276839811355,89708.0
1774607507,10,GET,/api/plugins/list,0.000000,0.000000,0,0,0,0,0,0,0,0,0,0,0,85,0,8,27.422117306303015,1.4248379739001393,155.8851469308138,65.04705882352941
1774607507,10,POST,/api/plugins/load?uri,4.100000,0.000000,12,21,23,31,130,130,140,140,140,140,140,211,0,7,25.267935982547808,1.8341020913794637,148.79760204348713,2624.8767772511846
1774607507,10,POST,/api/plugins/unload?uri,4.100000,0.000000,7,11,13,15,19,28,180,180,180,180,180,211,0,5,13.38972665327579,1.7038059886544943,176.6710460651666,128.86729857819904
1774607507,10,,Aggregated,105.800000,0.000000,7,13,18,21,85,130,160,220,1300,1300,1300,5640,1,8,35.09357700521516,1.3867660891264677,1379.7499550273642,1689.6359929078014
1774607508,10,GET,/api/audio/latency,18.700000,0.000000,4,10,16,18,26,130,150,150,160,160,160,868,0,6,23.888517248799406,1.3867660891264677,346.5291369939223,33.044930875576036
1774607508,10,GET,/api/audio/levels,18.700000,0.000000,6,13,21,58,130,160,1200,1300,1300,1300,1300,868,0,9,58.00190162716201,1.4190709916874766,1334.9428249057382,76.81912442396313
1774607508,10,GET,/api/audio/levels (during plugin swap),4.700000,0.000000,7,19,57,76,120,1200,1300,1300,1300,1300,1300,216,0,9,73.02443079242948,1.4570030616596341,1315.2507670456544,77.0324074074074
1774607508,10,GET,/api/audio/levels/plugins,4.700000,0.000000,6,10,14,14,19,23,140,140,140,140,140,216,0,4,26.070040732048692,1.4397009508684278,1225.283946027048,21.22222222222222
1774607508,10,GET,/api/audio/status,13.000000,0.000000,4,8,11,13,17,20,130,150,170,170,170,637,0,5,16.401081030356465,1.399932079948485,1227.633974980563,303.0408163265306
1774607508,10,GET,/api/chains/,0.000000,0.000000,0,0,0,0,0,0,0,0,0,0,0,85,0,17,63.76329955151852,1.8956511048600078,1200.169313000515,1478.2470588235294
1774607508,10,GET,/api/chains/{id},13.000000,0.000000,8,16,22,47,90,120,160,170,1200,1200,1200,638,0,10,48.249437934084035,1.7729980172589421,1336.1633339663967,812.012539184953
1774607508,10,POST,/api/chains/{id}/activate,13.000000,0.000000,7,13,17,18,33,130,160,170,170,170,170,638,1,8,24.174299870791398,1.686221919953823,274.43200000561774,55.54858934169279
1774607508,10,POST,/api/chains/{id}/deactivate,13.000000,0.000000,4,7,9,12,17,20,140,150,180,180,180,637,0,4,13.779298107401472,1.6800729790702462,1379.7499550273642,61.13657770800628
1774607508,10,POST,/api/plugins/batch/parameters (500 updates),8.900000,0.000000,13,21,33,62,130,200,220,1200,1200,1200,1200,375,0,13,57.266752804629505,4.101600963622332,1341.2157580023631,859.5626666666667
1774607508,10,GET,/api/plugins/discover,0.000000,0.000000,0,0,0,0,0,0,0,0,0,0,0,85,0,32,67.7462255143944,12.902443995699286,1153.4276839811355,89708.0
1774607508,10,GET,/api/plugins/list,0.000000,0.000000,0,0,0,0,0,0,0,0,0,0,0,85,0,8,27.422117306303015,1.4248379739001393,155.8851469308138,65.04705882352941
1774607508,10,POST,/api/plugins/load?uri,4.700000,0.000000,6,18,22,30,130,140,150,150,150,150,150,216,0,7,25.42897045053973,1.8341020913794637,148.79760204348713,2612.6111111111113
1774607508,10,POST,/api/plugins/unload?uri,4.700000,0.000000,5,8,12,15,20,28,180,180,180,180,180,216,0,5,13.214765985375616,1.7038059886544943,176.6710460651666,128.73611111111111
1774607508,10,,Aggregated,117.100000,0.000000,6,12,17,19,70,140,170,220,1300,1300,1300,5780,1,8,34.8179592798298,1.3867660891264677,1379.7499550273642,1656.210553633218
1774607509,10,GET,/api/audio/latency,18.500000,0.000000,5,13,16,18,28,140,150,150,160,160,160,884,0,6,23.617085591838293,1.3867660891264677,346.5291369939223,33.044117647058826
1774607509,10,GET,/api/audio/levels,18.100000,0.000000,6,14,25,64,130,160,1200,1300,1300,1300,1300,884,0,8,57.24799627521416,1.4190709916874766,1334.9428249057382,76.79411764705883
1774607509,10,GET,/api/audio/levels (during plugin swap),4.600000,0.000000,7,21,58,76,120,1200,1300,1300,1300,1300,1300,219,0,9,72.25981594135636,1.4570030616596341,1315.2507670456544,77.0958904109589
1774607509,10,GET,/api/audio/levels/plugins,4.700000,0.000000,6,14,14,15,19,23,140,140,140,140,140,219,0,4,25.810729214691953,1.4397009508684278,1225.283946027048,21.24200913242009
1774607509,10,GET,/api/audio/status,13.200000,0.000000,4,9,12,14,19,110,130,150,170,170,170,653,0,5,16.496284731134637,1.399932079948485,1227.633974980563,303.03981623277184
1774607509,10,GET,/api/chains/,0.000000,0.000000,0,0,0,0,0,0,0,0,0,0,0,85,0,17,63.76329955151852,1.8956511048600078,1200.169313000515,1478.2470588235294
1774607509,10,GET,/api/chains/{id},13.100000,0.000000,10,18,43,72,93,140,160,170,1200,1200,1200,653,0,10,47.784051707957175,1.7729980172589421,1336.1633339663967,811.2465543644716
1774607509,10,POST,/api/chains/{id}/activate,13.200000,0.000000,7,15,18,19,35,140,160,170,170,170,170,653,1,8,23.864527636565622,1.686221919953823,274.43200000561774,55.49770290964778
1774607509,10,POST,/api/chains/{id}/deactivate,13.200000,0.000000,4,8,12,14,19,34,150,150,180,180,180,652,0,4,13.852366299312733,1.6800729790702462,1379.7499550273642,61.15644171779141
1774607509,10,POST,/api/plugins/batch/parameters (500 updates),9.000000,0.000000,14,21,38,62,130,190,220,1200,1200,1200,1200,386,0,13,56.516488214503546,4.101600963622332,1341.2157580023631,859.1839378238342
1774607509,10,GET,/api/plugins/discover,0.000000,0.000000,0,0,0,0,0,0,0,0,0,0,0,85,0,32,67.7462255143944,12.902443995699286,1153.4276839811355,89708.0
1774607509,10,GET,/api/plugins/list,0.000000,0.000000,0,0,0,0,0,0,0,0,0,0,0,85,0,8,27.422117306303015,1.4248379739001393,155.8851469308138,65.04705882352941
1774607509,10,POST,/api/plugins/load?uri,4.600000,0.000000,6,18,22,30,130,140,150,150,150,150,150,219,0,7,25.1936982481498,1.8341020913794637,148.79760204348713,2610.8584474885843
1774607509,10,POST,/api/plugins/unload?uri,4.700000,0.000000,5,10,13,15,20,28,180,180,180,180,180,219,0,5,13.113924337776385,1.7038059886544943,176.6710460651666,128.64840182648402
1774607509,10,,Aggregated,116.900000,0.000000,6,13,17,20,79,140,170,220,1300,1300,1300,5896,1,8,34.475312792903615,1.3867660891264677,1379.7499550273642,1629.975067842605
1774607510,10,GET,/api/audio/latency,16.700000,0.000000,4,12,16,18,26,130,150,170,170,170,170,910,0,6,23.527239181566983,1.3867660891264677,346.5291369939223,33.07142857142857
1774607510,10,GET,/api/audio/levels,16.800000,0.000000,6,12,20,35,100,160,1200,1300,1300,1300,1300,910,0,8,56.4691863970698,1.4190709916874766,1334.9428249057382,76.77142857142857
1774607510,10,GET,/api/audio/levels (during plugin swap),4.300000,0.000000,6,19,58,120,150,1200,1300,1300,1300,1300,1300,229,0,9,71.65309457783485,1.4570030616596341,1315.2507670456544,76.97379912663756
1774607510,10,GET,/api/audio/levels/plugins,4.300000,0.000000,6,14,15,16,20,23,140,140,140,140,140,228,0,4,25.245635781494347,1.4397009508684278,1225.283946027048,21.24122807017544
1774607510,10,GET,/api/audio/status,11.800000,0.000000,3,7,10,12,18,22,130,130,130,130,130,662,0,5,16.315762527579626,1.399932079948485,1227.633974980563,303.0392749244713
1774607510,10,GET,/api/chains/,0.000000,0.000000,0,0,0,0,0,0,0,0,0,0,0,85,0,17,63.76329955151852,1.8956511048600078,1200.169313000515,1478.2470588235294
1774607510,10,GET,/api/chains/{id},12.000000,0.000000,10,17,34,55,90,110,150,170,1200,1200,1200,662,0,10,47.33499752292888,1.7729980172589421,1336.1633339663967,811.3353474320242
1774607510,10,POST,/api/chains/{id}/activate,12.000000,0.000000,7,14,16,18,28,120,160,170,170,170,170,662,1,8,23.669384627953296,1.686221919953823,274.43200000561774,55.40785498489426
1774607510,10,POST,/api/chains/{id}/deactivate,11.700000,0.000000,4,7,11,13,17,21,91,140,150,150,150,662,0,4,13.84899203698615,1.6800729790702462,1379.7499550273642,61.16918429003021
1774607510,10,POST,/api/plugins/batch/parameters (500 updates),8.400000,0.000000,13,21,35,63,140,190,220,1200,1200,1200,1200,393,0,12,56.26261042361089,4.101600963622332,1341.2157580023631,859.4580152671756
1774607510,10,GET,/api/plugins/discover,0.000000,0.000000,0,0,0,0,0,0,0,0,0,0,0,85,0,32,67.7462255143944,12.902443995699286,1153.4276839811355,89708.0
1774607510,10,GET,/api/plugins/list,0.000000,0.000000,0,0,0,0,0,0,0,0,0,0,0,85,0,8,27.422117306303015,1.4248379739001393,155.8851469308138,65.04705882352941
1774607510,10,POST,/api/plugins/load?uri,4.300000,0.000000,6,18,22,31,140,150,150,150,150,150,150,229,0,7,26.24442407050003,1.8341020913794637,149.14296998176724,2578.8558951965065
1774607510,10,POST,/api/plugins/unload?uri,4.200000,0.000000,5,10,13,15,19,20,28,28,28,28,28,228,0,5,13.052601938589328,1.7038059886544943,176.6710460651666,128.49122807017545
1774607510,10,,Aggregated,106.500000,0.000000,6,12,17,19,70,130,160,220,1300,1300,1300,6030,1,7,34.252345149411475,1.3867660891264677,1379.7499550273642,1600.5469320066336
1774607511,10,GET,/api/audio/latency,17.900000,0.000000,4,12,17,19,28,140,150,170,170,170,170,932,0,6,23.40889957350231,1.3867660891264677,346.5291369939223,33.06974248927039
1774607511,10,GET,/api/audio/levels,17.900000,0.000000,6,13,25,60,110,160,1200,1300,1300,1300,1300,932,0,8,55.82530716361174,1.4190709916874766,1334.9428249057382,76.78004291845494
1774607511,10,GET,/api/audio/levels (during plugin swap),4.600000,0.000000,7,19,45,110,140,1200,1300,1300,1300,1300,1300,237,0,9,69.7156104061729,1.4570030616596341,1315.2507670456544,76.89451476793249
1774607511,10,GET,/api/audio/levels/plugins,4.600000,0.000000,6,13,15,16,20,23,24,140,140,140,140,236,0,4,24.594306378029444,1.4310210244730115,1225.283946027048,21.10593220338983
1774607511,10,GET,/api/audio/status,12.600000,0.000000,3,8,11,13,18,22,130,130,130,130,130,669,0,4,16.184274825895336,1.399932079948485,1227.633974980563,303.0388639760837
1774607511,10,GET,/api/chains/,0.000000,0.000000,0,0,0,0,0,0,0,0,0,0,0,85,0,17,63.76329955151852,1.8956511048600078,1200.169313000515,1478.2470588235294
1774607511,10,GET,/api/chains/{id},12.600000,0.000000,11,18,43,70,93,110,150,170,1200,1200,1200,671,0,10,47.063992405934854,1.7729980172589421,1336.1633339663967,811.4217585692995
1774607511,10,POST,/api/chains/{id}/activate,12.600000,0.000000,7,14,17,19,33,130,160,170,170,170,170,671,1,8,23.61872030374207,1.686221919953823,274.43200000561774,55.39493293591654
1774607511,10,POST,/api/chains/{id}/deactivate,12.600000,0.000000,4,8,12,14,18,24,91,140,150,150,150,669,0,4,13.794783582341521,1.6800729790702462,1379.7499550273642,61.17787742899851
1774607511,10,POST,/api/plugins/batch/parameters (500 updates),8.000000,0.000000,13,21,38,63,150,200,220,1200,1200,1200,1200,400,0,12,55.825538546196185,4.101600963622332,1341.2157580023631,859.205
1774607511,10,GET,/api/plugins/discover,0.000000,0.000000,0,0,0,0,0,0,0,0,0,0,0,85,0,32,67.7462255143944,12.902443995699286,1153.4276839811355,89708.0
1774607511,10,GET,/api/plugins/list,0.000000,0.000000,0,0,0,0,0,0,0,0,0,0,0,85,0,8,27.422117306303015,1.4248379739001393,155.8851469308138,65.04705882352941
1774607511,10,POST,/api/plugins/load?uri,4.600000,0.000000,6,17,22,30,130,150,150,150,150,150,150,237,0,6,25.59995059540912,1.8341020913794637,149.14296998176724,2565.1012658227846
1774607511,10,POST,/api/plugins/unload?uri,4.600000,0.000000,5,10,13,14,19,20,20,28,28,28,28,235,0,5,12.808836152915783,1.7038059886544943,176.6710460651666,128.3872340425532
1774607511,10,,Aggregated,112.600000,0.000000,6,13,17,20,78,140,160,220,1300,1300,1300,6144,1,7,33.94757434260024,1.3867660891264677,1379.7499550273642,1576.9892578125
1774607512,10,GET,/api/audio/latency,16.000000,0.000000,4,13,16,18,30,130,150,170,170,170,170,952,0,6,23.56142550914748,1.3867660891264677,346.5291369939223,33.06827731092437
1774607512,10,GET,/api/audio/levels,16.200000,0.000000,6,14,27,60,100,160,1200,1300,1300,1300,1300,952,0,9,55.653571694142364,1.4190709916874766,1334.9428249057382,76.79621848739495
1774607512,10,GET,/api/audio/levels (during plugin swap),4.700000,0.000000,5,18,39,94,140,1200,1300,1300,1300,1300,1300,241,0,8,68.98935942010205,1.4570030616596341,1315.2507670456544,76.88381742738589
1774607512,10,GET,/api/audio/levels/plugins,4.400000,0.000000,6,10,14,16,20,24,140,170,170,170,170,241,0,4,24.92350346120886,1.422267989255488,1225.283946027048,21.12033195020747
1774607512,10,GET,/api/audio/status,11.800000,0.000000,3,7,11,13,18,24,110,130,180,180,180,683,0,5,16.51507176068171,1.399932079948485,1227.633974980563,303.0380673499268
1774607512,10,GET,/api/chains/,0.000000,0.000000,0,0,0,0,0,0,0,0,0,0,0,85,0,17,63.76329955151852,1.8956511048600078,1200.169313000515,1478.2470588235294
1774607512,10,GET,/api/chains/{id},11.800000,0.000000,10,17,25,55,97,110,150,170,1200,1200,1200,683,0,10,46.660586127992254,1.7729980172589421,1336.1633339663967,810.8506588579795
1774607512,10,POST,/api/chains/{id}/activate,11.800000,0.000000,6,11,16,18,32,130,150,160,170,170,170,683,1,8,23.56535830452498,1.686221919953823,274.43200000561774,55.366032210834554
1774607512,10,POST,/api/chains/{id}/deactivate,11.800000,0.000000,4,8,11,13,18,30,130,150,150,150,150,683,0,4,14.01216431560423,1.6800729790702462,1379.7499550273642,61.158125915080525
1774607512,10,POST,/api/plugins/batch/parameters (500 updates),8.600000,0.000000,12,23,30,47,120,160,220,1200,1200,1200,1200,411,0,13,55.160199651163786,4.101600963622332,1341.2157580023631,858.8296836982969
1774607512,10,GET,/api/plugins/discover,0.000000,0.000000,0,0,0,0,0,0,0,0,0,0,0,85,0,32,67.7462255143944,12.902443995699286,1153.4276839811355,89708.0
1774607512,10,GET,/api/plugins/list,0.000000,0.000000,0,0,0,0,0,0,0,0,0,0,0,85,0,8,27.422117306303015,1.4248379739001393,155.8851469308138,65.04705882352941
1774607512,10,POST,/api/plugins/load?uri,4.700000,0.000000,5,15,21,26,130,150,150,150,150,150,150,241,0,6,25.307700120557982,1.8341020913794637,149.14296998176724,2577.966804979253
1774607512,10,POST,/api/plugins/unload?uri,4.400000,0.000000,6,11,13,15,20,28,130,160,160,160,160,241,0,5,13.832765622199725,1.7038059886544943,176.6710460651666,128.23236514522821
1774607512,10,,Aggregated,106.200000,0.000000,6,12,17,20,77,130,160,220,1300,1300,1300,6266,1,7,33.908870648214446,1.3867660891264677,1379.7499550273642,1552.8431216086817
1774607513,10,GET,/api/audio/latency,17.700000,0.000000,4,14,18,21,31,130,150,170,170,170,170,971,0,6,23.311552303640823,1.3867660891264677,346.5291369939223,33.06694129763131
1774607513,10,GET,/api/audio/levels,17.800000,0.000000,8,18,50,77,110,160,1200,1300,1300,1300,1300,973,0,9,55.21077279014396,1.4190709916874766,1334.9428249057382,76.78108941418294
1774607513,10,GET,/api/audio/levels (during plugin swap),5.100000,0.000000,8,25,45,110,150,1200,1300,1300,1300,1300,1300,249,0,9,68.18522506554324,1.4570030616596341,1315.2507670456544,76.86345381526104
1774607513,10,GET,/api/audio/levels/plugins,5.100000,0.000000,6,13,16,16,22,24,140,170,170,170,170,248,0,4,24.4647636906349,1.422267989255488,1225.283946027048,21.024193548387096
1774607513,10,GET,/api/audio/status,11.800000,0.000000,3,8,11,13,19,24,110,130,180,180,180,695,0,5,16.336708309014977,1.399932079948485,1227.633974980563,303.0374100719424
1774607513,10,GET,/api/chains/,0.000000,0.000000,0,0,0,0,0,0,0,0,0,0,0,85,0,17,63.76329955151852,1.8956511048600078,1200.169313000515,1478.2470588235294
1774607513,10,GET,/api/chains/{id},11.800000,0.000000,10,18,51,72,100,120,150,170,1200,1200,1200,696,0,10,46.367875063670105,1.7729980172589421,1336.1633339663967,811.176724137931
1774607513,10,POST,/api/chains/{id}/activate,11.800000,0.000000,7,13,17,19,33,130,150,160,170,170,170,695,1,8,23.41318211799635,1.686221919953823,274.43200000561774,55.37410071942446
1774607513,10,POST,/api/chains/{id}/deactivate,11.800000,0.000000,4,8,9,13,19,91,130,150,150,150,150,694,0,4,14.211727563064997,1.6800729790702462,1379.7499550273642,61.171469740634
1774607513,10,POST,/api/plugins/batch/parameters (500 updates),8.500000,0.000000,15,25,33,47,130,190,220,1200,1200,1200,1200,419,0,13,54.621577956369215,4.101600963622332,1341.2157580023631,858.8902147971361
1774607513,10,GET,/api/plugins/discover,0.000000,0.000000,0,0,0,0,0,0,0,0,0,0,0,85,0,32,67.7462255143944,12.902443995699286,1153.4276839811355,89708.0
1774607513,10,GET,/api/plugins/list,0.000000,0.000000,0,0,0,0,0,0,0,0,0,0,0,85,0,8,27.422117306303015,1.4248379739001393,155.8851469308138,65.04705882352941
1774607513,10,POST,/api/plugins/load?uri,5.100000,0.000000,5,17,25,27,130,150,150,150,150,150,150,248,0,6,24.957232822235973,1.8341020913794637,149.14296998176724,2567.1491935483873
1774607513,10,POST,/api/plugins/unload?uri,5.100000,0.000000,6,11,13,14,20,28,130,160,160,160,160,248,0,5,13.581048535284467,1.7038059886544943,176.6710460651666,128.1048387096774
1774607513,10,,Aggregated,111.600000,0.000000,6,14,19,24,88,140,160,220,1300,1300,1300,6391,1,7,33.65909247537467,1.3867660891264677,1379.7499550273642,1529.0181505241746
1774607514,10,GET,/api/audio/latency,17.500000,0.000000,4,14,20,22,31,130,150,170,170,170,170,994,0,6,23.59035672920698,1.3867660891264677,346.5291369939223,33.06539235412475
1774607514,10,GET,/api/audio/levels,17.500000,0.000000,8,20,55,77,110,150,1200,1300,1300,1300,1300,994,0,9,54.98628304396162,1.4190709916874766,1334.9428249057382,76.80583501006036
1774607514,10,GET,/api/audio/levels (during plugin swap),5.600000,0.000000,7,21,45,94,140,1200,1300,1300,1300,1300,1300,251,0,9,67.91521713649668,1.4570030616596341,1315.2507670456544,76.88446215139442
1774607514,10,GET,/api/audio/levels/plugins,5.500000,0.000000,5,13,15,16,18,22,22,170,170,170,170,251,0,4,24.306204057283757,1.422267989255488,1225.283946027048,21.04382470119522
1774607514,10,GET,/api/audio/status,11.200000,0.000000,3,9,12,14,18,41,110,130,180,180,180,712,0,5,16.190889986850625,1.399932079948485,1227.633974980563,303.0365168539326
1774607514,10,GET,/api/chains/,0.000000,0.000000,0,0,0,0,0,0,0,0,0,0,0,85,0,17,63.76329955151852,1.8956511048600078,1200.169313000515,1478.2470588235294
1774607514,10,GET,/api/chains/{id},11.200000,0.000000,10,15,24,44,89,100,150,170,1200,1200,1200,712,0,10,45.74376101173288,1.7729980172589421,1336.1633339663967,810.8609550561798
1774607514,10,POST,/api/chains/{id}/activate,11.200000,0.000000,6,11,16,18,30,130,160,160,170,170,170,712,1,8,23.50099764458882,1.686221919953823,274.43200000561774,55.34410112359551
1774607514,10,POST,/api/chains/{id}/deactivate,11.000000,0.000000,4,8,10,14,21,130,150,150,230,230,230,712,0,4,14.388421793034029,1.6800729790702462,1379.7499550273642,61.157303370786515
1774607514,10,POST,/api/plugins/batch/parameters (500 updates),7.500000,0.000000,13,23,29,35,88,150,200,1200,1200,1200,1200,423,0,13,54.238725892855975,4.101600963622332,1341.2157580023631,858.9598108747045
1774607514,10,GET,/api/plugins/discover,0.000000,0.000000,0,0,0,0,0,0,0,0,0,0,0,85,0,32,67.7462255143944,12.902443995699286,1153.4276839811355,89708.0
1774607514,10,GET,/api/plugins/list,0.000000,0.000000,0,0,0,0,0,0,0,0,0,0,0,85,0,8,27.422117306303015,1.4248379739001393,155.8851469308138,65.04705882352941
1774607514,10,POST,/api/plugins/load?uri,5.500000,0.000000,5,17,23,25,33,150,150,160,160,160,160,251,0,6,25.435418808884712,1.8341020913794637,156.07594803441316,2556.860557768924
1774607514,10,POST,/api/plugins/unload?uri,5.500000,0.000000,5,9,12,13,19,25,130,160,160,160,160,251,0,5,13.544623895856251,1.7038059886544943,176.6710460651666,128.15537848605578
1774607514,10,,Aggregated,109.200000,0.000000,6,13,18,22,81,130,160,230,1300,1300,1300,6518,1,8,33.532319143595245,1.3867660891264677,1379.7499550273642,1504.061828781835
1774607515,10,GET,/api/audio/latency,17.900000,0.000000,6,16,20,24,32,130,150,170,170,170,170,1011,0,6,23.350472342887105,1.3867660891264677,346.5291369939223,33.06429277942631
1774607515,10,GET,/api/audio/levels,17.900000,0.000000,10,26,60,83,110,150,1200,1300,1300,1300,1300,1013,0,9,54.494252504950055,1.4190709916874766,1334.9428249057382,76.79861796643632
1774607515,10,GET,/api/audio/levels (during plugin swap),5.500000,0.000000,10,32,46,100,150,1200,1300,1300,1300,1300,1300,256,0,9,66.92051247819109,1.4570030616596341,1315.2507670456544,76.80859375
1774607515,10,GET,/api/audio/levels/plugins,5.500000,0.000000,5,10,15,16,20,22,170,170,170,170,170,256,0,4,23.93972022809976,1.422267989255488,1225.283946027048,21.0078125
1774607515,10,GET,/api/audio/status,11.200000,0.000000,4,9,12,13,19,85,130,140,180,180,180,727,0,5,16.172379769796077,1.399932079948485,1227.633974980563,303.0357634112792
1774607515,10,GET,/api/chains/,0.000000,0.000000,0,0,0,0,0,0,0,0,0,0,0,85,0,17,63.76329955151852,1.8956511048600078,1200.169313000515,1478.2470588235294
1774607515,10,GET,/api/chains/{id},11.200000,0.000000,10,16,34,51,97,110,150,170,1200,1200,1200,728,0,10,45.662913950394255,1.7729980172589421,1336.1633339663967,810.0728021978022
1774607515,10,POST,/api/chains/{id}/activate,11.200000,0.000000,7,14,18,23,30,130,160,160,170,170,170,727,1,8,23.28484348406403,1.686221919953823,274.43200000561774,55.33700137551582
1774607515,10,POST,/api/chains/{id}/deactivate,11.200000,0.000000,4,9,12,15,22,130,150,150,230,230,230,726,0,4,14.38438888932976,1.6800729790702462,1379.7499550273642,61.17355371900826
1774607515,10,POST,/api/plugins/batch/parameters (500 updates),8.200000,0.000000,14,25,31,47,110,150,200,1200,1200,1200,1200,430,0,13,53.83008542974198,4.101600963622332,1341.2157580023631,858.9023255813953
1774607515,10,GET,/api/plugins/discover,0.000000,0.000000,0,0,0,0,0,0,0,0,0,0,0,85,0,32,67.7462255143944,12.902443995699286,1153.4276839811355,89708.0
1774607515,10,GET,/api/plugins/list,0.000000,0.000000,0,0,0,0,0,0,0,0,0,0,0,85,0,8,27.422117306303015,1.4248379739001393,155.8851469308138,65.04705882352941
1774607515,10,POST,/api/plugins/load?uri,5.500000,0.000000,6,18,23,26,150,150,160,160,160,160,160,256,0,6,25.14113912866378,1.8341020913794637,156.07594803441316,2550.8203125
1774607515,10,POST,/api/plugins/unload?uri,5.500000,0.000000,5,9,11,13,20,25,160,160,160,160,160,256,0,5,13.391973698617221,1.7038059886544943,176.6710460651666,128.15625
1774607515,10,,Aggregated,110.800000,0.000000,7,14,20,25,90,140,160,230,1300,1300,1300,6641,1,8,33.27238324262789,1.3867660891264677,1379.7499550273642,1482.0740852281283
1774607516,10,GET,/api/audio/latency,17.200000,0.000000,6,16,22,25,110,140,170,220,220,220,220,1028,0,6,23.850597346184326,1.3867660891264677,346.5291369939223,33.06322957198444
1774607516,10,GET,/api/audio/levels,17.400000,0.000000,9,27,60,85,110,150,1200,1300,1300,1300,1300,1028,0,9,54.15921274741119,1.4190709916874766,1334.9428249057382,76.78112840466926
1774607516,10,GET,/api/audio/levels (during plugin swap),5.500000,0.000000,10,32,46,100,150,1200,1300,1300,1300,1300,1300,258,0,9,66.44157695542486,1.4570030616596341,1315.2507670456544,76.82945736434108
1774607516,10,GET,/api/audio/levels/plugins,5.500000,0.000000,5,10,15,16,20,22,170,170,170,170,170,258,0,4,23.765949431767094,1.422267989255488,1225.283946027048,21.003875968992247
1774607516,10,GET,/api/audio/status,10.700000,0.000000,4,9,12,14,20,41,130,140,180,180,180,747,0,5,15.91137759643077,1.399932079948485,1227.633974980563,303.0348058902276
1774607516,10,GET,/api/chains/,0.000000,0.000000,0,0,0,0,0,0,0,0,0,0,0,85,0,17,63.76329955151852,1.8956511048600078,1200.169313000515,1478.2470588235294
1774607516,10,GET,/api/chains/{id},11.000000,0.000000,10,18,27,51,97,110,150,170,1200,1200,1200,747,0,10,44.916852404316074,1.7729980172589421,1336.1633339663967,810.1378848728247
1774607516,10,POST,/api/chains/{id}/activate,10.800000,0.000000,7,12,17,23,34,130,160,170,240,240,240,747,1,8,23.29041073214103,1.686221919953823,274.43200000561774,55.32797858099063
1774607516,10,POST,/api/chains/{id}/deactivate,10.600000,0.000000,4,8,9,13,23,120,150,150,230,230,230,747,0,4,14.285907010146364,1.6800729790702462,1379.7499550273642,61.196787148594375
1774607516,10,POST,/api/plugins/batch/parameters (500 updates),7.800000,0.000000,20,30,58,79,130,190,200,1200,1200,1200,1200,442,0,13,54.377170056009845,4.101600963622332,1341.2157580023631,858.7533936651583
1774607516,10,GET,/api/plugins/discover,0.000000,0.000000,0,0,0,0,0,0,0,0,0,0,0,85,0,32,67.7462255143944,12.902443995699286,1153.4276839811355,89708.0
1774607516,10,GET,/api/plugins/list,0.000000,0.000000,0,0,0,0,0,0,0,0,0,0,0,85,0,8,27.422117306303015,1.4248379739001393,155.8851469308138,65.04705882352941
1774607516,10,POST,/api/plugins/load?uri,5.500000,0.000000,5,18,23,26,150,150,160,160,160,160,160,258,0,6,24.963042852667325,1.8341020913794637,156.07594803441316,2544.9728682170544
1774607516,10,POST,/api/plugins/unload?uri,5.400000,0.000000,5,8,11,13,20,25,160,160,160,160,160,258,0,5,13.309699724168452,1.7038059886544943,176.6710460651666,128.1124031007752
1774607516,10,,Aggregated,107.400000,0.000000,7,14,20,25,94,140,170,230,1300,1300,1300,6773,1,7,33.13067918195432,1.3867660891264677,1379.7499550273642,1459.0772183670456
1774607517,10,GET,/api/audio/latency,18.600000,0.000000,5,14,20,22,32,140,170,220,220,220,220,1036,0,6,23.70114959261747,1.3867660891264677,346.5291369939223,33.06274131274131
1774607517,10,GET,/api/audio/levels,18.600000,0.000000,8,21,41,60,97,120,150,170,170,170,170,1036,0,9,53.79984192896282,1.4190709916874766,1334.9428249057382,76.77702702702703
1774607517,10,GET,/api/audio/levels (during plugin swap),5.300000,0.000000,8,18,39,45,130,140,150,150,150,150,150,260,0,9,65.96698910580017,1.4570030616596341,1315.2507670456544,76.8
1774607517,10,GET,/api/audio/levels/plugins,5.200000,0.000000,5,10,16,16,18,20,170,170,170,170,170,260,0,4,23.663775932240803,1.422267989255488,1225.283946027048,21.0
1774607517,10,GET,/api/audio/status,11.200000,0.000000,3,7,12,13,18,41,130,140,180,180,180,759,0,5,15.726403024339648,1.399932079948485,1227.633974980563,303.034255599473
1774607517,10,GET,/api/chains/,0.000000,0.000000,0,0,0,0,0,0,0,0,0,0,0,85,0,17,63.76329955151852,1.8956511048600078,1200.169313000515,1478.2470588235294
1774607517,10,GET,/api/chains/{id},11.200000,0.000000,8,15,21,31,88,100,110,110,140,140,140,760,0,10,44.22704595658855,1.7729980172589421,1336.1633339663967,810.6802631578947
1774607517,10,POST,/api/chains/{id}/activate,11.200000,0.000000,5,11,14,17,27,48,150,160,240,240,240,760,1,8,22.972635274728464,1.686221919953823,274.43200000561774,55.3421052631579
1774607517,10,POST,/api/chains/{id}/deactivate,11.200000,0.000000,5,8,11,13,23,120,150,150,230,230,230,759,0,4,14.186282469479954,1.6800729790702462,1379.7499550273642,61.209486166007906
1774607517,10,POST,/api/plugins/batch/parameters (500 updates),7.400000,0.000000,15,27,36,58,110,140,190,200,200,200,200,446,0,13,53.99612176588072,4.101600963622332,1341.2157580023631,858.6726457399103
1774607517,10,GET,/api/plugins/discover,0.000000,0.000000,0,0,0,0,0,0,0,0,0,0,0,85,0,32,67.7462255143944,12.902443995699286,1153.4276839811355,89708.0
1774607517,10,GET,/api/plugins/list,0.000000,0.000000,0,0,0,0,0,0,0,0,0,0,0,85,0,8,27.422117306303015,1.4248379739001393,155.8851469308138,65.04705882352941
1774607517,10,POST,/api/plugins/load?uri,5.200000,0.000000,4,13,19,22,27,150,160,160,160,160,160,260,0,6,24.832093734473276,1.8341020913794637,156.07594803441316,2530.346153846154
1774607517,10,POST,/api/plugins/unload?uri,5.200000,0.000000,4,9,11,14,20,27,160,160,160,160,160,260,0,5,13.316665353396765,1.7038059886544943,176.6710460651666,128.10384615384615
1774607517,10,,Aggregated,110.300000,0.000000,6,12,18,22,63,120,150,170,230,240,240,6851,1,7,32.82449998889581,1.3867660891264677,1379.7499550273642,1445.6845715953875
1774607518,10,GET,/api/audio/latency,17.400000,0.000000,6,17,21,24,34,140,170,220,220,220,220,1039,0,6,23.699749322429735,1.3867660891264677,346.5291369939223,33.06256015399423
1774607518,10,GET,/api/audio/levels,17.500000,0.000000,11,28,59,83,110,140,170,1200,1300,1300,1300,1039,0,9,57.17687019475496,1.4190709916874766,1334.9428249057382,76.8036573628489
1774607518,10,GET,/api/audio/levels (during plugin swap),5.000000,0.000000,9,25,45,61,140,150,1300,1300,1300,1300,1300,261,0,9,70.55194040812138,1.4570030616596341,1315.2507670456544,76.83524904214559
1774607518,10,GET,/api/audio/levels/plugins,5.000000,0.000000,5,14,16,16,18,20,170,170,170,170,170,261,0,4,23.600957001348906,1.422267989255488,1225.283946027048,21.022988505747126
1774607518,10,GET,/api/audio/status,11.200000,0.000000,4,8,12,13,19,85,140,180,1300,1300,1300,763,0,5,17.420956511740105,1.399932079948485,1339.4664319930598,303.0340760157274
1774607518,10,GET,/api/chains/,0.000000,0.000000,0,0,0,0,0,0,0,0,0,0,0,85,0,17,63.76329955151852,1.8956511048600078,1200.169313000515,1478.2470588235294
1774607518,10,GET,/api/chains/{id},11.400000,0.000000,10,18,25,44,97,110,1200,1300,1300,1300,1300,763,0,10,48.94181433943043,1.7729980172589421,1336.1633339663967,810.7850589777195
1774607518,10,POST,/api/chains/{id}/activate,11.200000,0.000000,5,11,17,23,28,48,150,160,240,240,240,763,1,8,22.97818790532302,1.686221919953823,274.43200000561774,55.29488859764089
1774607518,10,POST,/api/chains/{id}/deactivate,11.200000,0.000000,5,8,11,13,25,120,150,150,230,230,230,763,0,4,14.16801768162826,1.6800729790702462,1379.7499550273642,61.21363040629096
1774607518,10,POST,/api/plugins/batch/parameters (500 updates),7.000000,0.000000,16,30,58,79,120,190,1300,1300,1300,1300,1300,448,0,13,59.62542521124955,4.101600963622332,1341.2157580023631,858.7321428571429
1774607518,10,GET,/api/plugins/discover,0.000000,0.000000,0,0,0,0,0,0,0,0,0,0,0,85,0,32,67.7462255143944,12.902443995699286,1153.4276839811355,89708.0
1774607518,10,GET,/api/plugins/list,0.000000,0.000000,0,0,0,0,0,0,0,0,0,0,0,85,0,8,27.422117306303015,1.4248379739001393,155.8851469308138,65.04705882352941
1774607518,10,POST,/api/plugins/load?uri,5.000000,0.000000,5,17,22,23,27,150,160,160,160,160,160,261,0,6,24.826230045936118,1.8341020913794637,156.07594803441316,2530.892720306513
1774607518,10,POST,/api/plugins/unload?uri,5.000000,0.000000,5,9,12,14,20,27,160,160,160,160,160,261,0,5,13.285837700444192,1.7038059886544943,176.6710460651666,128.0727969348659
1774607518,10,,Aggregated,106.900000,0.000000,7,14,20,25,89,130,170,240,1300,1300,1300,6877,1,7,34.571861669710195,1.3867660891264677,1379.7499550273642,1441.5434055547478
