Timestamp,User Count,Type,Name,Requests/s,Failures/s,50%,66%,75%,80%,90%,95%,98%,99%,99.9%,99.99%,100%,Total Request Count,Total Failure Count,Total Median Response Time,Total Average Response Time,Total Min Response Time,Total Max Response Time,Total Average Content Size
1774605750,0,,Aggregated,0.000000,0.000000,N/A,N/A,N/A,N/A,N/A,N/A,N/A,N/A,N/A,N/A,N/A,0,0,0,0.0,0,0,0
1774605751,2,GET,/api/audio/latency,0.000000,0.000000,0,0,0,0,0,0,0,0,0,0,0,4,0,4,4.647615976864472,3.1742589781060815,7.500852923840284,33.0
1774605751,2,GET,/api/audio/levels,0.000000,0.000000,0,0,0,0,0,0,0,0,0,0,0,4,0,2.3397390032187104,9.626628743717447,2.3397390032187104,17.934778006747365,79.5
1774605751,2,GET,/api/chains/,0.000000,0.000000,0,0,0,0,0,0,0,0,0,0,0,4,0,18,237.55773704033345,14.248611056245863,459.2325260164216,1478.0
1774605751,2,GET,/api/plugins/discover,0.000000,0.000000,0,0,0,0,0,0,0,0,0,0,0,4,0,18,32.014509808504954,17.305034096352756,48.01117803435773,89708.0
1774605751,2,GET,/api/plugins/list,0.000000,0.000000,0,0,0,0,0,0,0,0,0,0,0,4,0,3,7.721206813585013,2.830565092153847,12.579341069795191,52.0
1774605751,2,,Aggregated,0.000000,0.000000,0,0,0,0,0,0,0,0,0,0,0,20,0,13,58.31353967660107,2.3397390032187104,459.2325260164216,18270.1
1774605752,4,GET,/api/audio/latency,0.000000,0.000000,0,0,0,0,0,0,0,0,0,0,0,9,0,4,6.695113545801076,2.1570929093286395,16.625907039269805,33.0
1774605752,4,GET,/api/audio/levels,0.000000,0.000000,0,0,0,0,0,0,0,0,0,0,0,9,0,13,9.752783419874808,2.3397390032187104,17.934778006747365,78.77777777777777
1774605752,4,GET,/api/audio/levels (during plugin swap),0.000000,0.000000,0,0,0,0,0,0,0,0,0,0,0,3,0,11,51.79145163856447,2.850387943908572,141.16054098121822,81.66666666666667
1774605752,4,GET,/api/audio/levels/plugins,0.000000,0.000000,0,0,0,0,0,0,0,0,0,0,0,3,0,15,13.127895692984263,1.8382089911028743,22.770667099393904,22.666666666666668
1774605752,4,GET,/api/audio/status,0.000000,0.000000,0,0,0,0,0,0,0,0,0,0,0,6,0,2,5.574612664834906,1.852193963713944,17.257236992008984,303.0
1774605752,4,GET,/api/chains/,0.000000,0.000000,0,0,0,0,0,0,0,0,0,0,0,9,0,18,113.97175723686814,3.8515500491485,459.2325260164216,1478.0
1774605752,4,GET,/api/chains/{id},0.000000,0.000000,0,0,0,0,0,0,0,0,0,0,0,6,0,24,39.708090849065535,10.461845085956156,120.83866004832089,808.0
1774605752,4,POST,/api/chains/{id}/activate,0.000000,0.000000,0,0,0,0,0,0,0,0,0,0,0,6,0,16,29.432418503953766,12.255563982762396,50.41712592355907,43.333333333333336
1774605752,4,POST,/api/chains/{id}/deactivate,0.000000,0.000000,0,0,0,0,0,0,0,0,0,0,0,6,0,2.1551999961957335,7.049373001791537,2.1551999961957335,16.507036983966827,62.0
1774605752,4,GET,/api/plugins/discover,0.000000,0.000000,0,0,0,0,0,0,0,0,0,0,0,9,0,35,35.94300114653177,17.305034096352756,54.9656180664897,89708.0
1774605752,4,GET,/api/plugins/list,0.000000,0.000000,0,0,0,0,0,0,0,0,0,0,0,9,0,4,6.647806485287017,2.197706955485046,16.370875062420964,52.0
1774605752,4,POST,/api/plugins/load?uri,0.000000,0.000000,0,0,0,0,0,0,0,0,0,0,0,3,0,14,10.986136000913879,2.935798023827374,16.40892098657787,2260.0
1774605752,4,POST,/api/plugins/unload?uri,0.000000,0.000000,0,0,0,0,0,0,0,0,0,0,0,3,0,7,7.973884348757565,2.3156210081651807,14.353987062349916,129.66666666666666
1774605752,4,,Aggregated,0.000000,0.000000,14,17,18,24,48,55,460,460,460,460,460,81,0,14,28.38665715642963,1.8382089911028743,459.2325260164216,10332.444444444445
1774605753,6,GET,/api/audio/latency,0.000000,0.000000,3,4,5,5,9,17,17,17,17,17,17,18,0,4,5.1416444411087365,1.7836790066212416,16.625907039269805,33.0
1774605753,6,GET,/api/audio/levels,0.000000,0.000000,4,5,12,12,17,17,17,17,17,17,17,18,0,4,8.037795661948621,1.8732799217104912,17.934778006747365,77.33333333333333
1774605753,6,GET,/api/audio/levels (during plugin swap),0.000000,0.000000,140,140,160,160,200,200,200,200,200,200,200,7,0,11,73.38897712595228,2.2054390283301473,197.59656093083322,76.71428571428571
1774605753,6,GET,/api/audio/levels/plugins,0.000000,0.000000,23,23,72,72,80,80,80,80,80,80,80,7,0,15,27.82378058015768,1.8148950766772032,79.51271394267678,23.285714285714285
1774605753,6,GET,/api/audio/status,0.000000,0.000000,4,5,5,20,83,83,83,83,83,83,83,12,0,3,12.246315173494319,1.852193963713944,82.96639705076814,303.0
1774605753,6,GET,/api/chains/,0.000000,0.000000,32,130,160,160,210,210,210,210,210,210,210,14,0,18,110.63891721590024,3.8515500491485,459.2325260164216,1478.0
1774605753,6,GET,/api/chains/{id},0.000000,0.000000,29,110,120,130,190,190,190,190,190,190,190,12,0,24,57.02274225768633,3.80128703545779,191.94894097745419,822.6666666666666
1774605753,6,POST,/api/chains/{id}/activate,0.000000,0.000000,16,19,49,50,180,180,180,180,180,180,180,12,1,14,33.22411959137147,2.42935202550143,179.16778300423175,98.33333333333333
1774605753,6,POST,/api/chains/{id}/deactivate,0.000000,0.000000,12,15,17,22,110,110,110,110,110,110,110,12,0,2.1551999961957335,16.261809495820973,2.1551999961957335,112.77426593005657,62.0
1774605753,6,GET,/api/plugins/discover,0.000000,0.000000,35,61,74,74,84,84,84,84,84,84,84,14,0,35,41.37002986889066,15.352437971159816,83.57942395377904,89708.0
1774605753,6,GET,/api/plugins/list,0.000000,0.000000,21,140,170,170,170,170,170,170,170,170,170,14,0,4,41.0190114551889,2.197706955485046,174.60387595929205,84.85714285714286
1774605753,6,POST,/api/plugins/load?uri,0.000000,0.000000,16,16,170,170,180,180,180,180,180,180,180,7,0,14,56.07086473277637,2.361085033044219,184.61790902074426,2718.714285714286
1774605753,6,POST,/api/plugins/unload?uri,0.000000,0.000000,14,14,110,110,130,130,130,130,130,130,130,7,0,7,38.92492813922997,2.126248902641237,132.1791639784351,129.42857142857142
1774605753,6,,Aggregated,0.000000,0.000000,12,17,29,49,130,170,200,460,460,460,460,154,1,12,37.260656062870396,1.7836790066212416,459.2325260164216,8544.461038961039
1774605754,8,GET,/api/audio/latency,0.000000,0.000000,4,5,9,17,28,39,39,39,39,39,39,20,0,4,7.9612354398705065,1.7836790066212416,38.76549389678985,33.0
1774605754,8,GET,/api/audio/levels,0.000000,0.000000,5,12,17,17,22,36,36,36,36,36,36,20,0,5,10.13696764712222,1.8732799217104912,36.19352704845369,77.55
1774605754,8,GET,/api/audio/levels (during plugin swap),0.000000,0.000000,11,140,160,160,200,200,200,200,200,200,200,8,0,4,64.67137135041412,2.2054390283301473,197.59656093083322,76.25
1774605754,8,GET,/api/audio/levels/plugins,0.000000,0.000000,2,23,72,72,80,80,80,80,80,80,80,8,0,2,24.609604384750128,1.8148950766772032,79.51271394267678,22.125
1774605754,8,GET,/api/audio/status,0.000000,0.000000,4,5,5,20,83,83,83,83,83,83,83,12,0,3,12.246315173494319,1.852193963713944,82.96639705076814,303.0
1774605754,8,GET,/api/chains/,0.000000,0.000000,20,25,130,130,160,210,210,210,210,210,210,19,0,18,85.15145063498302,3.8515500491485,459.2325260164216,1478.0
1774605754,8,GET,/api/chains/{id},0.000000,0.000000,29,110,120,130,190,190,190,190,190,190,190,12,0,24,57.02274225768633,3.80128703545779,191.94894097745419,822.6666666666666
1774605754,8,POST,/api/chains/{id}/activate,0.000000,0.000000,16,19,49,50,180,180,180,180,180,180,180,12,1,14,33.22411959137147,2.42935202550143,179.16778300423175,98.33333333333333
1774605754,8,POST,/api/chains/{id}/deactivate,0.000000,0.000000,12,15,17,22,110,110,110,110,110,110,110,12,0,2.1551999961957335,16.261809495820973,2.1551999961957335,112.77426593005657,62.0
1774605754,8,GET,/api/plugins/discover,0.000000,0.000000,35,53,61,61,74,84,84,84,84,84,84,18,0,35,40.761904390011395,15.352437971159816,83.57942395377904,89708.0
1774605754,8,GET,/api/plugins/list,0.000000,0.000000,21,38,140,140,170,170,170,170,170,170,170,18,0,13,37.752350352497565,2.197706955485046,174.60387595929205,77.55555555555556
1774605754,8,POST,/api/plugins/load?uri,0.000000,0.000000,14,16,170,170,180,180,180,180,180,180,180,8,0,3,49.35924563324079,2.361085033044219,184.61790902074426,2572.75
1774605754,8,POST,/api/plugins/unload?uri,0.000000,0.000000,4,14,110,110,130,130,130,130,130,130,130,8,0,4,34.589791495818645,2.126248902641237,132.1791639784351,128.625
1774605754,8,,Aggregated,0.000000,0.000000,13,19,29,45,120,170,200,460,460,460,460,175,1,13,35.45141800173691,1.7836790066212416,459.2325260164216,9624.36
1774605755,10,GET,/api/audio/latency,3.000000,0.000000,5,17,28,29,54,56,56,56,56,56,56,23,0,5,12.940770997058438,1.7836790066212416,55.56615500245243,33.0
1774605755,10,GET,/api/audio/levels,3.000000,0.000000,12,22,71,120,1000,1200,1200,1200,1200,1200,1200,25,0,13,109.38238631468266,1.8732799217104912,1171.2144509656355,78.2
1774605755,10,GET,/api/audio/levels (during plugin swap),1.666667,0.000000,160,200,1100,1200,1200,1200,1200,1200,1200,1200,1200,11,0,140.0,370.4783716133203,2.2054390283301473,1238.6873579816893,77.72727272727273
1774605755,10,GET,/api/audio/levels/plugins,1.000000,0.000000,42,72,80,170,170,170,170,170,170,170,170,11,0,23,52.97336001372473,1.8148950766772032,172.90004703681916,21.09090909090909
1774605755,10,GET,/api/audio/status,2.000000,0.000000,3,4,5,5,20,83,83,83,83,83,83,14,0,3,10.887872577378792,1.852193963713944,82.96639705076814,303.0
1774605755,10,GET,/api/chains/,4.000000,0.000000,25,160,210,430,1100,1300,1300,1300,1300,1300,1300,24,0,18,201.29500962987854,2.4572639958932996,1266.4346509845927,1478.0
1774605755,10,GET,/api/chains/{id},2.333333,0.000000,110,120,120,130,170,190,190,190,190,190,190,16,0,29,70.70491800550371,3.80128703545779,191.94894097745419,819.0
1774605755,10,POST,/api/chains/{id}/activate,2.000000,0.000000,16,19,49,49,50,180,180,180,180,180,180,14,1,14,31.87598829390481,2.42935202550143,179.16778300423175,91.07142857142857
1774605755,10,POST,/api/chains/{id}/deactivate,2.000000,0.000000,3,12,17,17,22,110,110,110,110,110,110,14,0,2.1551999961957335,14.333049991234605,2.1551999961957335,112.77426593005657,62.0
1774605755,10,POST,/api/plugins/batch/parameters (500 updates),0.000000,0.000000,0,0,0,0,0,0,0,0,0,0,0,1,0,27.519874973222613,27.519874973222613,27.519874973222613,27.519874973222613,805.0
1774605755,10,GET,/api/plugins/discover,3.000000,0.000000,50,74,84,160,170,170,170,170,170,170,170,24,0,45,60.856630705529824,15.352437971159816,169.58163701929152,89708.0
1774605755,10,GET,/api/plugins/list,3.000000,0.000000,38,55,56,140,170,1300,1300,1300,1300,1300,1300,24,0,18,89.04032802577906,2.197706955485046,1260.1326630683616,121.33333333333333
1774605755,10,POST,/api/plugins/load?uri,1.000000,0.000000,43,48,50,170,180,180,180,180,180,180,180,11,0,16,48.738733907653526,2.361085033044219,184.61790902074426,2154.090909090909
1774605755,10,POST,/api/plugins/unload?uri,1.000000,0.000000,36,38,110,130,160,160,160,160,160,160,160,11,0,14,46.729652084071525,2.126248902641237,162.98608400393277,126.72727272727273
1774605755,10,,Aggregated,29.000000,0.000000,17,35,53,83,170,430,1200,1200,1300,1300,1300,223,1,17,85.7716647552059,1.7836790066212416,1266.4346509845927,10047.354260089685
1774605756,10,GET,/api/audio/latency,5.000000,0.000000,7,17,29,32,44,56,170,170,170,170,170,48,0,5,19.758643281723682,1.7836790066212416,173.96290798205882,33.0
1774605756,10,GET,/api/audio/levels,5.000000,0.000000,12,17,27,61,180,230,1200,1200,1200,1200,1200,48,0,12,74.80712022030882,1.8732799217104912,1171.2144509656355,77.33333333333333
1774605756,10,GET,/api/audio/levels (during plugin swap),2.000000,0.000000,140,200,220,1100,1200,1200,1200,1200,1200,1200,1200,15,0,15,288.8000442491223,2.2054390283301473,1238.6873579816893,77.33333333333333
1774605756,10,GET,/api/audio/levels/plugins,2.000000,0.000000,23,42,72,80,170,170,170,170,170,170,170,15,0,15,42.967307878037296,1.8148950766772032,172.90004703681916,20.933333333333334
1774605756,10,GET,/api/audio/status,3.000000,0.000000,5,18,23,25,36,40,83,83,83,83,83,30,0,5,13.548402527036766,1.852193963713944,82.96639705076814,303.0
1774605756,10,GET,/api/chains/,4.750000,0.000000,20,130,210,210,430,1100,1300,1300,1300,1300,1300,28,0,18,181.3897373212967,2.4572639958932996,1266.4346509845927,1478.142857142857
1774605756,10,GET,/api/chains/{id},3.000000,0.000000,24,43,120,120,170,190,200,200,200,200,200,30,0,19,52.38281150426095,2.296015969477594,203.32594495266676,819.8666666666667
1774605756,10,POST,/api/chains/{id}/activate,3.000000,0.250000,16,23,30,35,170,180,180,180,180,180,180,30,2,15,33.386048674583435,2.42935202550143,181.7126910900697,93.16666666666667
1774605756,10,POST,/api/chains/{id}/deactivate,3.000000,0.000000,6,12,15,16,26,35,110,110,110,110,110,30,0,5,12.207010597921908,2.1551999961957335,112.77426593005657,60.333333333333336
1774605756,10,POST,/api/plugins/batch/parameters (500 updates),0.000000,0.000000,0,0,0,0,0,0,0,0,0,0,0,4,0,15,18.35583199863322,6.118001998402178,27.519874973222613,856.75
1774605756,10,GET,/api/plugins/discover,4.500000,0.000000,42,61,84,160,170,170,170,170,170,170,170,27,0,42,57.13549784936563,15.352437971159816,169.58163701929152,89708.0
1774605756,10,GET,/api/plugins/list,4.500000,0.000000,25,39,55,56,170,170,1300,1300,1300,1300,1300,28,0,20,79.1603000543546,2.197706955485046,1260.1326630683616,114.53571428571429
1774605756,10,POST,/api/plugins/load?uri,2.000000,0.000000,19,43,48,50,170,180,180,180,180,180,180,15,0,16,40.27933759304384,2.361085033044219,184.61790902074426,2014.0
1774605756,10,POST,/api/plugins/unload?uri,2.000000,0.000000,14,36,38,110,130,160,160,160,160,160,160,15,0,11,36.83186999987811,2.126248902641237,162.98608400393277,125.33333333333333
1774605756,10,,Aggregated,43.750000,0.250000,15,25,38,49,160,200,1000,1200,1300,1300,1300,363,2,15,63.16679355222732,1.7836790066212416,1266.4346509845927,7017.325068870524
1774605757,10,GET,/api/audio/latency,4.000000,0.000000,9,21,29,39,56,180,180,180,180,180,180,61,0,8,26.975419192926072,1.7836790066212416,184.8598300712183,33.0
1774605757,10,GET,/api/audio/levels,4.000000,0.000000,14,24,63,66,180,230,1000,1200,1200,1200,1200,62,0,14,70.9372971980502,1.8732799217104912,1171.2144509656355,77.40322580645162
1774605757,10,GET,/api/audio/levels (during plugin swap),1.600000,0.000000,42,140,200,220,1200,1200,1200,1200,1200,1200,1200,21,0,32,219.37958117840546,2.2054390283301473,1238.6873579816893,76.0952380952381
1774605757,10,GET,/api/audio/levels/plugins,1.600000,0.000000,13,23,42,72,170,170,170,170,170,170,170,21,0,13,33.81139281693669,1.8148950766772032,172.90004703681916,20.19047619047619
1774605757,10,GET,/api/audio/status,2.400000,0.000000,5,18,20,23,29,40,83,83,83,83,83,40,0,5,13.278378322138451,1.8242669757455587,82.96639705076814,303.0
1774605757,10,GET,/api/chains/,3.800000,0.000000,25,160,210,210,430,1100,1300,1300,1300,1300,1300,30,0,19,178.56439266664287,2.4572639958932996,1266.4346509845927,1478.1666666666667
1774605757,10,GET,/api/chains/{id},2.400000,0.000000,25,48,120,120,180,190,200,200,200,200,200,42,0,24,55.53815000513125,2.296015969477594,203.32594495266676,804.0
1774605757,10,POST,/api/chains/{id}/activate,2.400000,0.200000,17,23,26,35,170,180,190,190,190,190,190,40,2,16,34.014741409919225,2.0521850092336535,194.26495395600796,83.625
1774605757,10,POST,/api/chains/{id}/deactivate,2.400000,0.000000,5,10,15,15,22,35,110,110,110,110,110,40,0,4,10.445700128911994,2.0593960070982575,112.77426593005657,60.75
1774605757,10,POST,/api/plugins/batch/parameters (500 updates),0.000000,0.000000,27,34,37,37,66,66,66,66,66,66,66,8,0,27,29.747290376690216,6.118001998402178,66.40904501546174,836.5
1774605757,10,GET,/api/plugins/discover,3.600000,0.000000,41,53,74,84,160,170,170,170,170,170,170,29,0,41,54.46973996606238,15.352437971159816,169.58163701929152,89708.0
1774605757,10,GET,/api/plugins/list,3.600000,0.000000,25,39,55,56,170,170,1300,1300,1300,1300,1300,29,0,21,77.16137343006015,2.197706955485046,1260.1326630683616,115.82758620689656
1774605757,10,POST,/api/plugins/load?uri,1.600000,0.000000,19,28,48,50,180,190,190,190,190,190,190,21,0,19,40.79986356997064,2.361085033044219,185.01728202681988,1746.1904761904761
1774605757,10,POST,/api/plugins/unload?uri,1.600000,0.000000,15,17,36,38,130,160,160,160,160,160,160,21,0,14,29.866351247099892,2.1019690902903676,162.98608400393277,124.61904761904762
1774605757,10,,Aggregated,35.000000,0.200000,16,24,36,49,160,190,460,1200,1300,1300,1300,465,2,16,57.84727193174824,1.7836790066212416,1266.4346509845927,5926.262365591398
1774605758,10,GET,/api/audio/latency,4.666667,0.000000,9,19,28,32,56,180,180,190,190,190,190,73,0,8,26.7083908348306,1.7836790066212416,191.9925690162927,33.0
1774605758,10,GET,/api/audio/levels,4.666667,0.000000,14,27,36,64,180,230,1000,1200,1200,1200,1200,73,0,14,65.92432940091733,1.8732799217104912,1171.2144509656355,77.45205479452055
1774605758,10,GET,/api/audio/levels (during plugin swap),2.000000,0.000000,53,140,200,240,1100,1200,1200,1200,1200,1200,1200,26,0,42,202.6920981812649,2.2054390283301473,1238.6873579816893,76.5
1774605758,10,GET,/api/audio/levels/plugins,2.000000,0.000000,13,39,52,67,80,170,170,170,170,170,170,26,0,13,34.17021020029027,1.8148950766772032,172.90004703681916,21.0
1774605758,10,GET,/api/audio/status,2.833333,0.000000,8,17,19,22,29,42,51,83,83,83,83,55,0,8,13.519096960821612,1.8242669757455587,82.96639705076814,303.0
1774605758,10,GET,/api/chains/,4.166667,0.000000,25,130,190,210,430,1100,1300,1300,1300,1300,1300,32,0,19,171.35030853023636,2.4572639958932996,1266.4346509845927,1478.15625
1774605758,10,GET,/api/chains/{id},2.833333,0.000000,18,35,77,110,130,190,190,200,200,200,200,55,0,18,46.72707025469704,2.176393987610936,203.32594495266676,800.2
1774605758,10,POST,/api/chains/{id}/activate,2.833333,0.333333,16,20,25,35,170,190,190,200,200,200,200,55,3,16,34.48684654960578,2.0521850092336535,196.89740997273475,86.9090909090909
1774605758,10,POST,/api/chains/{id}/deactivate,2.833333,0.000000,5,9,15,15,22,110,140,140,140,140,140,54,0,4,14.275889209885564,2.0593960070982575,139.45686304941773,60.611111111111114
1774605758,10,POST,/api/plugins/batch/parameters (500 updates),0.166667,0.000000,23,25,34,37,66,270,270,270,270,270,270,16,0,23,38.17448100016918,5.899160052649677,272.9129969375208,860.1875
1774605758,10,GET,/api/plugins/discover,4.166667,0.000000,41,53,61,84,160,170,170,170,170,170,170,32,0,41,53.22672624606639,15.352437971159816,169.58163701929152,89708.0
1774605758,10,GET,/api/plugins/list,4.166667,0.000000,25,42,56,170,190,190,1300,1300,1300,1300,1300,32,0,21,81.73235204594675,2.197706955485046,1260.1326630683616,109.84375
1774605758,10,POST,/api/plugins/load?uri,2.000000,0.000000,19,33,43,50,170,180,190,190,190,190,190,26,0,19,42.86931811545331,2.361085033044219,185.01728202681988,1746.0
1774605758,10,POST,/api/plugins/unload?uri,2.000000,0.000000,15,20,38,130,130,140,160,160,160,160,160,26,0,14,40.17989589528252,2.1019690902903676,162.98608400393277,126.61538461538461
1774605758,10,,Aggregated,41.333333,0.333333,15,24,36,50,160,190,430,1100,1300,1300,1300,581,3,15,54.17176249249487,1.7836790066212416,1266.4346509845927,5272.3752151462995
1774605759,10,GET,/api/audio/latency,7.857143,0.000000,9,17,24,29,54,180,180,190,190,190,190,86,0,8,24.25013750867355,1.7836790066212416,191.9925690162927,33.0
1774605759,10,GET,/api/audio/levels,7.857143,0.000000,14,21,34,61,140,210,1000,1200,1200,1200,1200,87,0,14,57.7674399587679,1.8732799217104912,1171.2144509656355,77.48275862068965
1774605759,10,GET,/api/audio/levels (during plugin swap),2.428571,0.000000,42,130,160,220,1100,1200,1200,1200,1200,1200,1200,30,0,32,179.14253155079982,2.1903059678152204,1238.6873579816893,76.03333333333333
1774605759,10,GET,/api/audio/levels/plugins,2.428571,0.000000,10,23,42,53,80,170,170,170,170,170,170,30,0,10,30.05534370507424,1.803284976631403,172.90004703681916,20.933333333333334
1774605759,10,GET,/api/audio/status,4.857143,0.000000,8,12,18,19,28,40,51,83,83,83,83,71,0,8,12.227540463537082,1.74287601839751,82.96639705076814,303.0
1774605759,10,GET,/api/chains/,4.000000,0.000000,25,130,190,210,430,1100,1300,1300,1300,1300,1300,32,0,19,171.35030853023636,2.4572639958932996,1266.4346509845927,1478.15625
1774605759,10,GET,/api/chains/{id},4.857143,0.000000,18,45,95,120,160,180,190,200,200,200,200,71,0,18,48.73034428365686,2.176393987610936,203.32594495266676,809.4647887323944
1774605759,10,POST,/api/chains/{id}/activate,4.857143,0.285714,16,21,30,38,50,180,190,200,200,200,200,71,3,16,31.17622901738005,2.0521850092336535,196.89740997273475,80.14084507042253
1774605759,10,POST,/api/chains/{id}/deactivate,4.857143,0.000000,6,11,15,22,130,140,140,150,150,150,150,71,0,6,24.128157975034078,2.0282140467315912,145.5452690133825,60.943661971830984
1774605759,10,POST,/api/plugins/batch/parameters (500 updates),0.714286,0.000000,20,25,34,37,75,270,270,270,270,270,270,20,0,20,35.640409897314385,5.899160052649677,272.9129969375208,862.7
1774605759,10,GET,/api/plugins/discover,4.000000,0.000000,41,53,61,84,160,170,170,170,170,170,170,32,0,41,53.22672624606639,15.352437971159816,169.58163701929152,89708.0
1774605759,10,GET,/api/plugins/list,4.000000,0.000000,25,42,56,170,190,190,1300,1300,1300,1300,1300,32,0,21,81.73235204594675,2.197706955485046,1260.1326630683616,109.84375
1774605759,10,POST,/api/plugins/load?uri,2.428571,0.000000,19,28,35,48,170,180,190,190,190,190,190,30,0,16,38.927717499124505,2.361085033044219,185.01728202681988,2101.1666666666665
1774605759,10,POST,/api/plugins/unload?uri,2.428571,0.000000,12,17,36,110,130,140,160,160,160,160,160,30,0,11,35.47985897942757,2.0703159971162677,162.98608400393277,126.6
1774605759,10,,Aggregated,57.571429,0.285714,14,22,35,48,140,180,240,1100,1300,1300,1300,693,3,14,49.623048375125485,1.74287601839751,1266.4346509845927,4483.476190476191
1774605760,10,GET,/api/audio/latency,7.875000,0.000000,12,17,27,30,56,180,240,250,250,250,250,98,0,9,29.164617131606732,1.7836790066212416,248.07453609537333,33.0
1774605760,10,GET,/api/audio/levels,7.875000,0.000000,15,22,34,61,140,210,1000,1200,1200,1200,1200,98,0,14,55.47584490185337,1.8732799217104912,1171.2144509656355,77.24489795918367
1774605760,10,GET,/api/audio/levels (during plugin swap),3.000000,0.000000,32,88,150,200,240,1200,1200,1200,1200,1200,1200,35,0,22,158.78570735388035,2.1516330307349563,1238.6873579816893,75.97142857142858
1774605760,10,GET,/api/audio/levels/plugins,3.000000,0.000000,10,22,42,53,80,170,170,170,170,170,170,34,0,10,31.769566563204588,1.803284976631403,172.90004703681916,20.88235294117647
1774605760,10,GET,/api/audio/status,5.250000,0.000000,10,13,18,20,33,51,150,150,150,150,150,80,0,9,15.885091848031152,1.74287601839751,153.0924990074709,303.0
1774605760,10,GET,/api/chains/,3.875000,0.000000,25,130,210,210,430,1100,1300,1300,1300,1300,1300,34,0,19,168.412096791572,2.4572639958932996,1266.4346509845927,1478.2058823529412
1774605760,10,GET,/api/chains/{id},5.250000,0.000000,18,48,110,120,180,200,240,250,250,250,250,80,0,18,56.08847947587492,2.176393987610936,245.76472700573504,808.2125
1774605760,10,POST,/api/chains/{id}/activate,5.250000,0.375000,16,23,37,38,170,190,260,260,260,260,260,80,5,16,36.802943190559745,2.0521850092336535,263.18430702667683,93.125
1774605760,10,POST,/api/chains/{id}/deactivate,5.000000,0.000000,7,12,15,19,120,140,140,150,150,150,150,80,0,6,23.03294836456189,2.0282140467315912,145.5452690133825,60.4375
1774605760,10,POST,/api/plugins/batch/parameters (500 updates),1.125000,0.000000,20,27,66,75,240,270,290,290,290,290,290,29,0,20,56.39407395963268,5.899160052649677,294.9856739724055,852.0
1774605760,10,GET,/api/plugins/discover,3.875000,0.000000,41,53,74,84,160,170,170,170,170,170,170,34,0,41,55.01173338031067,15.352437971159816,169.58163701929152,89708.0
1774605760,10,GET,/api/plugins/list,3.875000,0.000000,25,42,110,140,190,190,1300,1300,1300,1300,1300,34,0,21,80.73633927714957,2.197706955485046,1260.1326630683616,109.0
1774605760,10,POST,/api/plugins/load?uri,3.000000,0.000000,19,26,35,48,170,190,250,250,250,250,250,34,0,16,42.98753529335098,2.361085033044219,253.58730799052864,2009.5588235294117
1774605760,10,POST,/api/plugins/unload?uri,2.625000,0.000000,11,16,20,38,130,140,160,160,160,160,160,34,0,10,31.854133512003017,2.0703159971162677,162.98608400393277,125.76470588235294
1774605760,10,,Aggregated,60.875000,0.375000,14,22,36,50,150,190,260,1000,1300,1300,1300,784,5,14,51.018721907671626,1.74287601839751,1266.4346509845927,4230.485969387755
1774605761,10,GET,/api/audio/latency,8.888889,0.000000,12,17,22,29,44,180,190,240,250,250,250,124,0,9,25.944368804865068,1.7488960875198245,248.07453609537333,33.0
1774605761,10,GET,/api/audio/levels,8.888889,0.000000,14,22,34,46,120,200,240,1000,1200,1200,1200,124,0,13,48.370778282743785,1.8732799217104912,1171.2144509656355,76.66935483870968
1774605761,10,GET,/api/audio/levels (during plugin swap),2.888889,0.000000,17,74,130,150,240,1100,1200,1200,1200,1200,1200,44,0,16,130.96113511975008,2.1516330307349563,1238.6873579816893,75.95454545454545
1774605761,10,GET,/api/audio/levels/plugins,2.888889,0.000000,6,15,23,42,72,150,170,170,170,170,170,44,0,6,25.84191323628395,1.803284976631403,172.90004703681916,20.5
1774605761,10,GET,/api/audio/status,6.888889,0.000000,10,12,18,20,36,70,150,150,150,150,150,89,0,10,16.684735819090452,1.74287601839751,153.0924990074709,303.0
1774605761,10,GET,/api/chains/,3.555556,0.000000,25,130,210,210,430,1100,1300,1300,1300,1300,1300,34,0,19,168.412096791572,2.4572639958932996,1266.4346509845927,1478.2058823529412
1774605761,10,GET,/api/chains/{id},7.000000,0.000000,18,62,100,120,170,190,240,250,250,250,250,89,0,18,55.31977564148772,2.176393987610936,245.76472700573504,811.2134831460675
1774605761,10,POST,/api/chains/{id}/activate,7.000000,0.333333,16,25,37,38,110,190,260,260,260,260,260,89,5,16,35.8542571487847,2.0521850092336535,263.18430702667683,88.93258426966293
1774605761,10,POST,/api/chains/{id}/deactivate,6.888889,0.000000,9,13,17,21,110,140,140,150,150,150,150,89,0,7,22.16090313472858,2.0282140467315912,145.5452690133825,60.59550561797753
1774605761,10,POST,/api/plugins/batch/parameters (500 updates),1.888889,0.000000,19,25,37,66,180,270,290,290,290,290,290,36,0,19,49.009116722219105,5.899160052649677,294.9856739724055,851.4444444444445
1774605761,10,GET,/api/plugins/discover,3.555556,0.000000,41,53,74,84,160,170,170,170,170,170,170,34,0,41,55.01173338031067,15.352437971159816,169.58163701929152,89708.0
1774605761,10,GET,/api/plugins/list,3.555556,0.000000,25,42,110,140,190,190,1300,1300,1300,1300,1300,34,0,21,80.73633927714957,2.197706955485046,1260.1326630683616,109.0
1774605761,10,POST,/api/plugins/load?uri,2.888889,0.000000,16,26,36,43,170,180,250,250,250,250,250,44,0,15,37.87396461385387,2.2717920364812016,253.58730799052864,2090.0227272727275
1774605761,10,POST,/api/plugins/unload?uri,2.888889,0.000000,8,15,17,24,130,130,160,160,160,160,160,44,0,7,26.54080547985028,2.0703159971162677,162.98608400393277,125.86363636363636
1774605761,10,,Aggregated,69.666667,0.333333,14,22,35,45,140,190,240,430,1300,1300,1300,918,5,14,46.43375490102734,1.74287601839751,1266.4346509845927,3662.8583877995643
1774605762,10,GET,/api/audio/latency,8.700000,0.000000,13,19,24,30,49,180,190,240,250,250,250,139,0,11,26.178475668680647,1.7488960875198245,248.07453609537333,33.0
1774605762,10,GET,/api/audio/levels,8.800000,0.000000,14,24,35,58,130,210,240,1000,1200,1200,1200,140,0,13,49.62480939908086,1.8732799217104912,1171.2144509656355,76.71428571428571
1774605762,10,GET,/api/audio/levels (during plugin swap),3.100000,0.000000,16,42,78,110,240,1100,1200,1200,1200,1200,1200,46,0,16,125.85044859240398,2.1516330307349563,1238.6873579816893,76.1086956521739
1774605762,10,GET,/api/audio/levels/plugins,3.000000,0.000000,6,15,22,42,72,150,170,170,170,170,170,46,0,6,25.01970685451575,1.803284976631403,172.90004703681916,20.5
1774605762,10,GET,/api/audio/status,7.100000,0.000000,10,13,19,20,35,51,86,150,150,150,150,107,0,10,16.007879203855644,1.74287601839751,153.0924990074709,303.0
1774605762,10,GET,/api/chains/,3.300000,0.000000,20,120,210,230,430,1100,1300,1300,1300,1300,1300,34,0,19,168.412096791572,2.4572639958932996,1266.4346509845927,1478.2058823529412
1774605762,10,GET,/api/chains/{id},7.400000,0.000000,15,54,100,120,170,200,230,240,250,250,250,108,0,15,55.628131099554054,2.176393987610936,245.76472700573504,803.3796296296297
1774605762,10,POST,/api/chains/{id}/activate,7.100000,0.300000,17,23,37,38,170,190,200,260,260,260,260,107,6,17,38.17810971403024,2.0521850092336535,263.18430702667683,89.53271028037383
1774605762,10,POST,/api/chains/{id}/deactivate,7.100000,0.000000,8,12,17,21,44,140,140,140,150,150,150,107,0,7,20.255715883267328,2.0282140467315912,145.5452690133825,60.36448598130841
1774605762,10,POST,/api/plugins/batch/parameters (500 updates),2.200000,0.000000,20,27,40,75,190,270,290,290,290,290,290,39,0,20,53.29824113048231,5.899160052649677,294.9856739724055,848.6923076923077
1774605762,10,GET,/api/plugins/discover,3.200000,0.000000,42,58,74,140,160,170,170,170,170,170,170,34,0,41,55.01173338031067,15.352437971159816,169.58163701929152,89708.0
1774605762,10,GET,/api/plugins/list,3.200000,0.000000,29,55,110,170,190,190,1300,1300,1300,1300,1300,34,0,21,80.73633927714957,2.197706955485046,1260.1326630683616,109.0
1774605762,10,POST,/api/plugins/load?uri,3.000000,0.000000,15,26,36,43,170,180,250,250,250,250,250,46,0,14,36.463603936641924,2.2717920364812016,253.58730799052864,2217.0434782608695
1774605762,10,POST,/api/plugins/unload?uri,3.000000,0.000000,7,15,17,24,130,130,160,160,160,160,160,46,0,7,25.513243937419485,2.0703159971162677,162.98608400393277,125.95652173913044
1774605762,10,,Aggregated,70.200000,0.300000,13,21,35,43,140,190,240,430,1300,1300,1300,1033,6,14,45.27630331501859,1.74287601839751,1266.4346509845927,3291.297192642788
1774605763,10,GET,/api/audio/latency,10.900000,0.000000,12,17,21,24,43,170,190,240,250,250,250,165,0,10,23.523993995463982,1.7488960875198245,248.07453609537333,33.0
1774605763,10,GET,/api/audio/levels,10.900000,0.000000,14,24,38,49,130,200,240,1000,1200,1200,1200,165,0,14,46.45948885432021,1.8732799217104912,1171.2144509656355,76.86060606060606
1774605763,10,GET,/api/audio/levels (during plugin swap),3.800000,0.000000,17,44,88,130,240,1100,1200,1200,1200,1200,1200,49,0,17,121.81624961655815,2.14944698382169,1238.6873579816893,76.44897959183673
1774605763,10,GET,/api/audio/levels/plugins,3.800000,0.000000,6,15,19,39,72,150,170,170,170,170,170,49,0,6,24.081843924157475,1.803284976631403,172.90004703681916,20.632653061224488
1774605763,10,GET,/api/audio/status,8.200000,0.000000,10,13,18,19,33,51,86,150,150,150,150,119,0,9,15.276732359535428,1.74287601839751,153.0924990074709,303.0
1774605763,10,GET,/api/chains/,3.400000,0.000000,20,120,210,230,430,1100,1300,1300,1300,1300,1300,34,0,19,168.412096791572,2.4572639958932996,1266.4346509845927,1478.2058823529412
1774605763,10,GET,/api/chains/{id},8.200000,0.000000,15,48,95,120,160,200,230,240,250,250,250,119,0,17,53.86000084632053,2.176393987610936,245.76472700573504,803.109243697479
1774605763,10,POST,/api/chains/{id}/activate,8.200000,0.500000,17,23,37,38,170,190,200,260,260,260,260,119,6,17,37.81369562405592,2.0521850092336535,263.18430702667683,85.92436974789916
1774605763,10,POST,/api/chains/{id}/deactivate,8.200000,0.000000,7,12,15,20,37,140,140,140,150,150,150,119,0,7,19.018733185254224,2.0282140467315912,145.5452690133825,60.319327731092436
1774605763,10,POST,/api/plugins/batch/parameters (500 updates),3.000000,0.000000,23,27,66,84,180,240,290,290,290,290,290,47,0,23,54.57166294032272,5.899160052649677,294.9856739724055,846.936170212766
1774605763,10,GET,/api/plugins/discover,3.400000,0.000000,42,58,74,140,160,170,170,170,170,170,170,34,0,41,55.01173338031067,15.352437971159816,169.58163701929152,89708.0
1774605763,10,GET,/api/plugins/list,3.400000,0.000000,29,55,110,170,190,190,1300,1300,1300,1300,1300,34,0,21,80.73633927714957,2.197706955485046,1260.1326630683616,109.0
1774605763,10,POST,/api/plugins/load?uri,3.800000,0.000000,15,22,35,38,170,180,250,250,250,250,250,49,0,14,34.974432082333585,2.2717920364812016,253.58730799052864,2333.3061224489797
1774605763,10,POST,/api/plugins/unload?uri,3.800000,0.000000,8,14,17,20,130,130,160,160,160,160,160,49,0,8,24.477256105604525,2.0703159971162677,162.98608400393277,125.77551020408163
1774605763,10,,Aggregated,83.000000,0.500000,13,21,31,42,130,180,240,290,1300,1300,1300,1151,6,13,43.01134506879709,1.74287601839751,1266.4346509845927,2985.449174630756
1774605764,10,GET,/api/audio/latency,11.800000,0.000000,12,19,21,25,44,180,190,240,250,250,250,179,0,10,24.43673462195936,1.7488960875198245,248.07453609537333,33.0
1774605764,10,GET,/api/audio/levels,11.900000,0.000000,14,26,46,64,140,210,240,1000,1200,1200,1200,179,0,14,47.452563994210315,1.8732799217104912,1171.2144509656355,76.77653631284916
1774605764,10,GET,/api/audio/levels (during plugin swap),4.300000,0.000000,18,53,110,130,240,1100,1200,1200,1200,1200,1200,51,0,17,121.12411310184089,2.14944698382169,1238.6873579816893,76.31372549019608
1774605764,10,GET,/api/audio/levels/plugins,4.300000,0.000000,7,15,19,23,53,150,170,170,170,170,170,51,0,7,23.901887868037996,1.803284976631403,172.90004703681916,20.88235294117647
1774605764,10,GET,/api/audio/status,8.700000,0.000000,10,15,19,22,31,40,86,150,150,150,150,133,0,10,15.530637261471746,1.74287601839751,153.0924990074709,303.0
1774605764,10,GET,/api/chains/,2.700000,0.000000,120,210,430,430,1100,1300,1300,1300,1300,1300,1300,35,0,20,166.6757061412292,2.4572639958932996,1266.4346509845927,1478.2285714285715
1774605764,10,GET,/api/chains/{id},9.100000,0.000000,15,48,85,120,170,200,230,240,250,250,250,133,0,17,53.48699692377639,2.176393987610936,245.76472700573504,804.984962406015
1774605764,10,POST,/api/chains/{id}/activate,8.700000,0.500000,16,23,35,38,170,180,200,260,260,260,260,133,7,16,37.42542237050383,2.0521850092336535,263.18430702667683,87.40601503759399
1774605764,10,POST,/api/chains/{id}/deactivate,8.700000,0.000000,7,11,15,20,35,140,140,140,150,150,150,132,0,7,17.950349577321585,2.0282140467315912,145.5452690133825,60.29545454545455
1774605764,10,POST,/api/plugins/batch/parameters (500 updates),3.700000,0.000000,23,34,84,140,210,240,270,290,290,290,290,57,0,23,61.38428377616628,5.899160052649677,294.9856739724055,842.2456140350877
1774605764,10,GET,/api/plugins/discover,2.700000,0.000000,41,58,140,160,170,170,170,170,170,170,170,35,0,41,54.065305054453866,15.352437971159816,169.58163701929152,89708.0
1774605764,10,GET,/api/plugins/list,2.700000,0.000000,25,55,56,110,190,1300,1300,1300,1300,1300,1300,35,0,21,78.7909868672224,2.197706955485046,1260.1326630683616,107.37142857142857
1774605764,10,POST,/api/plugins/load?uri,4.300000,0.000000,15,22,35,38,92,190,250,250,250,250,250,51,0,15,37.54419515448093,2.2717920364812016,253.58730799052864,2339.392156862745
1774605764,10,POST,/api/plugins/unload?uri,4.300000,0.000000,8,14,16,17,38,130,160,160,160,160,160,51,0,8,23.969322986279924,2.0703159971162677,162.98608400393277,125.58823529411765
1774605764,10,,Aggregated,87.900000,0.500000,13,21,30,42,140,190,240,290,1300,1300,1300,1255,7,13,42.95665075737182,1.74287601839751,1266.4346509845927,2837.0924302788844
1774605765,10,GET,/api/audio/latency,11.800000,0.000000,10,16,20,22,35,180,190,240,250,250,250,183,0,9,23.96837943882422,1.7488960875198245,248.07453609537333,33.0
1774605765,10,GET,/api/audio/levels,11.900000,0.000000,13,24,34,46,100,180,220,240,240,240,240,183,0,13,46.53760602779157,1.8732799217104912,1171.2144509656355,76.8360655737705
1774605765,10,GET,/api/audio/levels (during plugin swap),4.300000,0.000000,16,32,74,88,150,240,240,240,240,240,240,51,0,17,121.12411310184089,2.14944698382169,1238.6873579816893,76.31372549019608
1774605765,10,GET,/api/audio/levels/plugins,4.300000,0.000000,6,12,15,16,52,67,150,150,150,150,150,51,0,7,23.901887868037996,1.803284976631403,172.90004703681916,20.88235294117647
1774605765,10,GET,/api/audio/status,8.700000,0.000000,10,14,18,22,29,42,86,150,150,150,150,136,0,9,15.230951190460473,1.74287601839751,153.0924990074709,303.0
1774605765,10,GET,/api/chains/,2.700000,0.000000,83,110,120,190,230,230,230,230,230,230,230,35,0,20,166.6757061412292,2.4572639958932996,1266.4346509845927,1478.2285714285715
1774605765,10,GET,/api/chains/{id},9.100000,0.000000,15,43,77,95,160,200,230,240,250,250,250,136,0,15,52.50308569092714,2.176393987610936,245.76472700573504,806.9926470588235
1774605765,10,POST,/api/chains/{id}/activate,8.700000,0.500000,15,22,29,38,160,190,200,260,260,260,260,136,7,16,36.668245957116596,2.0521850092336535,263.18430702667683,86.80147058823529
1774605765,10,POST,/api/chains/{id}/deactivate,8.700000,0.000000,7,11,13,20,35,140,140,140,150,150,150,136,0,7,17.5848282789743,2.0282140467315912,145.5452690133825,60.345588235294116
1774605765,10,POST,/api/plugins/batch/parameters (500 updates),3.700000,0.000000,23,34,75,140,210,240,270,290,290,290,290,58,0,23,60.56008486534822,5.899160052649677,294.9856739724055,841.5689655172414
1774605765,10,GET,/api/plugins/discover,2.700000,0.000000,22,28,46,58,140,140,140,140,140,140,140,35,0,41,54.065305054453866,15.352437971159816,169.58163701929152,89708.0
1774605765,10,GET,/api/plugins/list,2.700000,0.000000,22,24,110,190,190,190,190,190,190,190,190,35,0,21,78.7909868672224,2.197706955485046,1260.1326630683616,107.37142857142857
1774605765,10,POST,/api/plugins/load?uri,4.300000,0.000000,14,20,26,35,170,190,250,250,250,250,250,51,0,15,37.54419515448093,2.2717920364812016,253.58730799052864,2339.392156862745
1774605765,10,POST,/api/plugins/unload?uri,4.300000,0.000000,8,11,15,16,24,130,140,140,140,140,140,51,0,8,23.969322986279924,2.0703159971162677,162.98608400393277,125.58823529411765
1774605765,10,,Aggregated,87.900000,0.500000,12,19,24,33,110,180,210,240,270,290,290,1277,7,13,42.30419951558519,1.74287601839751,1266.4346509845927,2792.348472983555
1774605766,10,GET,/api/audio/latency,14.500000,0.000000,12,19,21,23,41,180,190,240,250,250,250,189,0,9,23.73834546204538,1.7488960875198245,248.07453609537333,33.0
1774605766,10,GET,/api/audio/levels,14.600000,0.000000,16,30,62,72,180,240,1100,1200,1300,1300,1300,193,0,14,72.53821669363566,1.8732799217104912,1262.967971037142,77.04145077720207
1774605766,10,GET,/api/audio/levels (during plugin swap),4.200000,0.000000,18,53,88,130,240,1200,1200,1200,1200,1200,1200,54,0,17,160.65435335514377,2.14944698382169,1248.6227579647675,76.61111111111111
1774605766,10,GET,/api/audio/levels/plugins,4.100000,0.000000,6,15,16,18,52,67,150,150,150,150,150,54,0,6,23.026460725641638,1.803284976631403,172.90004703681916,20.74074074074074
1774605766,10,GET,/api/audio/status,10.700000,0.000000,10,15,18,22,31,42,86,150,150,150,150,139,0,10,15.280109885477012,1.74287601839751,153.0924990074709,303.0
1774605766,10,GET,/api/chains/,1.500000,0.000000,110,120,190,190,230,230,230,230,230,230,230,35,0,20,166.6757061412292,2.4572639958932996,1266.4346509845927,1478.2285714285715
1774605766,10,GET,/api/chains/{id},10.900000,0.000000,18,66,120,140,200,230,1100,1200,1200,1200,1200,142,0,18,79.14807623281786,2.176393987610936,1212.2176230186597,805.7957746478874
1774605766,10,POST,/api/chains/{id}/activate,10.700000,0.500000,17,23,37,39,170,190,200,260,260,260,260,139,7,16,36.46410346155142,2.0521850092336535,263.18430702667683,86.0431654676259
1774605766,10,POST,/api/chains/{id}/deactivate,10.700000,0.000000,8,12,18,20,44,140,140,140,150,150,150,139,0,7,18.374030454010576,2.0282140467315912,145.5452690133825,60.381294964028775
1774605766,10,POST,/api/plugins/batch/parameters (500 updates),4.700000,0.000000,24,66,110,160,220,270,290,1100,1100,1100,1100,63,0,24,78.13238874927814,5.899160052649677,1107.6869040261954,844.0793650793651
1774605766,10,GET,/api/plugins/discover,1.600000,0.000000,28,46,58,58,140,140,140,140,140,140,140,35,0,41,54.065305054453866,15.352437971159816,169.58163701929152,89708.0
1774605766,10,GET,/api/plugins/list,1.600000,0.000000,21,110,190,190,190,190,190,190,190,190,190,35,0,21,78.7909868672224,2.197706955485046,1260.1326630683616,107.37142857142857
1774605766,10,POST,/api/plugins/load?uri,4.100000,0.000000,15,21,26,35,170,190,250,250,250,250,250,54,0,15,36.2866119054767,2.2717920364812016,253.58730799052864,2398.814814814815
1774605766,10,POST,/api/plugins/unload?uri,4.100000,0.000000,9,14,16,17,24,130,140,140,140,140,140,54,0,8,23.49240974635231,2.0703159971162677,162.98608400393277,126.14814814814815
1774605766,10,,Aggregated,98.000000,0.500000,13,21,29,44,140,190,240,1100,1300,1300,1300,1325,7,13,51.33937915514733,1.74287601839751,1266.4346509845927,2707.9675471698115
1774605767,10,GET,/api/audio/latency,16.300000,0.000000,11,16,20,23,36,160,190,240,250,250,250,208,0,10,25.099203222802878,1.7488960875198245,248.07453609537333,33.0
1774605767,10,GET,/api/audio/levels,16.300000,0.000000,14,26,45,65,140,220,1100,1200,1300,1300,1300,208,0,14,69.44210182141083,1.8732799217104912,1262.967971037142,77.125
1774605767,10,GET,/api/audio/levels (during plugin swap),4.300000,0.000000,14,44,78,96,150,1200,1200,1200,1200,1200,1200,57,0,22,156.41882552830666,2.14944698382169,1248.6227579647675,76.87719298245614
1774605767,10,GET,/api/audio/levels/plugins,4.300000,0.000000,5,7,15,16,18,23,150,150,150,150,150,57,0,7,22.389579353968433,1.803284976631403,172.90004703681916,20.842105263157894
1774605767,10,GET,/api/audio/status,12.400000,0.000000,9,12,17,18,24,35,86,150,150,150,150,161,0,9,14.266359969765318,1.74287601839751,153.0924990074709,303.0
1774605767,10,GET,/api/chains/,1.600000,0.000000,11,110,110,230,230,230,230,230,230,230,230,36,0,19,162.306503580314,2.4572639958932996,1266.4346509845927,1478.2222222222222
1774605767,10,GET,/api/chains/{id},12.400000,0.000000,13,27,80,120,190,230,1100,1200,1200,1200,1200,161,0,15,70.91342659684489,2.176393987610936,1212.2176230186597,806.6024844720497
1774605767,10,POST,/api/chains/{id}/activate,12.400000,0.600000,15,22,29,38,110,180,200,260,260,260,260,161,9,16,35.482639535793005,2.0521850092336535,263.18430702667683,89.44099378881988
1774605767,10,POST,/api/chains/{id}/deactivate,12.400000,0.000000,8,12,15,19,37,130,140,140,150,150,150,161,0,7,17.04798505196105,2.0282140467315912,145.5452690133825,60.60248447204969
1774605767,10,POST,/api/plugins/batch/parameters (500 updates),5.800000,0.000000,23,29,84,140,210,240,290,1100,1100,1100,1100,75,0,24,73.91255615123858,5.899160052649677,1107.6869040261954,842.6
1774605767,10,GET,/api/plugins/discover,1.700000,0.000000,28,33,33,140,140,140,140,140,140,140,140,36,0,35,53.49184627347212,15.352437971159816,169.58163701929152,89708.0
1774605767,10,GET,/api/plugins/list,1.700000,0.000000,19,21,21,110,110,110,110,110,110,110,110,36,0,21,77.18217009419783,2.197706955485046,1260.1326630683616,105.83333333333333
1774605767,10,POST,/api/plugins/load?uri,4.300000,0.000000,13,20,22,24,38,190,250,250,250,250,250,57,0,15,35.27109926207024,2.2717920364812016,253.58730799052864,2355.4561403508774
1774605767,10,POST,/api/plugins/unload?uri,4.300000,0.000000,8,11,14,15,24,130,140,140,140,140,140,57,0,8,22.72594195235063,2.0703159971162677,162.98608400393277,126.42105263157895
1774605767,10,,Aggregated,110.200000,0.600000,12,19,24,31,120,180,240,1100,1300,1300,1300,1471,9,13,48.55514514074173,1.74287601839751,1266.4346509845927,2530.56084296397
1774605768,10,GET,/api/audio/latency,15.500000,0.000000,12,19,22,24,41,170,190,240,250,250,250,218,0,10,24.762508827859723,1.7488960875198245,248.07453609537333,33.0
1774605768,10,GET,/api/audio/levels,15.500000,0.000000,15,34,58,76,190,380,1100,1200,1300,1300,1300,218,0,14,73.60936070999576,1.8732799217104912,1262.967971037142,77.23394495412845
1774605768,10,GET,/api/audio/levels (during plugin swap),3.900000,0.000000,14,44,95,96,150,1200,1200,1200,1200,1200,1200,57,0,22,156.41882552830666,2.14944698382169,1248.6227579647675,76.87719298245614
1774605768,10,GET,/api/audio/levels/plugins,3.900000,0.000000,5,12,15,16,18,23,150,150,150,150,150,57,0,7,22.389579353968433,1.803284976631403,172.90004703681916,20.842105263157894
1774605768,10,GET,/api/audio/status,11.900000,0.000000,9,15,17,19,26,35,86,150,150,150,150,172,0,9,14.115647757344684,1.74287601839751,153.0924990074709,303.0
1774605768,10,GET,/api/chains/,1.000000,0.000000,110,110,230,230,230,230,230,230,230,230,230,36,0,19,162.306503580314,2.4572639958932996,1266.4346509845927,1478.2222222222222
1774605768,10,GET,/api/chains/{id},11.900000,0.000000,15,54,100,140,210,350,1100,1200,1200,1200,1200,172,0,15,74.12598067542625,2.176393987610936,1212.2176230186597,809.25
1774605768,10,POST,/api/chains/{id}/activate,11.900000,0.500000,17,27,37,39,170,180,260,470,510,510,510,172,10,16,39.60784178005185,2.0521850092336535,506.0064480639994,90.95930232558139
1774605768,10,POST,/api/chains/{id}/deactivate,11.900000,0.000000,8,12,17,20,37,120,140,140,150,150,150,172,0,7,16.500863653396493,2.0282140467315912,145.5452690133825,60.69186046511628
1774605768,10,POST,/api/plugins/batch/parameters (500 updates),5.700000,0.000000,24,71,140,160,220,250,490,1100,1100,1100,1100,78,0,23,77.56584051859159,5.899160052649677,1107.6869040261954,842.1410256410256
1774605768,10,GET,/api/plugins/discover,1.000000,0.000000,28,33,33,140,140,140,140,140,140,140,140,36,0,35,53.49184627347212,15.352437971159816,169.58163701929152,89708.0
1774605768,10,GET,/api/plugins/list,1.000000,0.000000,19,21,21,110,110,110,110,110,110,110,110,36,0,21,77.18217009419783,2.197706955485046,1260.1326630683616,105.83333333333333
1774605768,10,POST,/api/plugins/load?uri,3.900000,0.000000,13,21,23,24,38,190,250,250,250,250,250,57,0,15,35.27109926207024,2.2717920364812016,253.58730799052864,2355.4561403508774
1774605768,10,POST,/api/plugins/unload?uri,3.900000,0.000000,8,9,12,12,16,18,24,24,24,24,24,57,0,8,22.72594195235063,2.0703159971162677,162.98608400393277,126.42105263157895
1774605768,10,,Aggregated,102.900000,0.500000,12,20,26,38,140,200,350,1100,1300,1300,1300,1538,10,13,49.6545316582129,1.74287601839751,1266.4346509845927,2432.158647594278
1774605769,10,GET,/api/audio/latency,13.800000,0.000000,12,19,21,23,41,170,190,190,240,240,240,237,0,9,25.038958052644812,1.7488960875198245,248.07453609537333,33.0
1774605769,10,GET,/api/audio/levels,14.200000,0.000000,14,28,62,99,190,330,1100,1200,1300,1300,1300,237,0,14,72.08487863273199,1.8732799217104912,1262.967971037142,77.11392405063292
1774605769,10,GET,/api/audio/levels (during plugin swap),3.900000,0.000000,16,50,96,110,190,1200,1200,1200,1200,1200,1200,63,0,22,148.63889414765356,2.14944698382169,1248.6227579647675,77.33333333333333
1774605769,10,GET,/api/audio/levels/plugins,3.700000,0.000000,6,12,16,16,18,23,150,150,150,150,150,63,0,8,21.141227669200845,1.803284976631403,172.90004703681916,20.80952380952381
1774605769,10,GET,/api/audio/status,10.800000,0.000000,8,15,17,19,25,35,86,150,150,150,150,188,0,8,13.535882362432064,1.74287601839751,153.0924990074709,303.0
1774605769,10,GET,/api/chains/,0.700000,0.000000,14,14,110,110,110,110,110,110,110,110,110,37,0,19,158.29759148087956,2.4572639958932996,1266.4346509845927,1478.2162162162163
1774605769,10,GET,/api/chains/{id},10.900000,0.000000,14,27,79,100,200,350,1100,1200,1200,1200,1200,188,0,15,71.68227497072138,2.1435479866340756,1212.2176230186597,807.2978723404256
1774605769,10,POST,/api/chains/{id}/activate,10.800000,0.700000,15,23,30,38,170,190,260,470,510,510,510,188,10,15,39.67494276746057,2.0521850092336535,506.0064480639994,88.05851063829788
1774605769,10,POST,/api/chains/{id}/deactivate,10.800000,0.000000,7,12,14,17,20,25,41,44,120,120,120,188,0,7,15.865399426671656,2.0282140467315912,145.5452690133825,60.670212765957444
1774605769,10,POST,/api/plugins/batch/parameters (500 updates),6.000000,0.000000,23,29,110,150,210,240,490,1100,1100,1100,1100,85,0,23,74.1759175010135,5.899160052649677,1107.6869040261954,840.6117647058824
1774605769,10,GET,/api/plugins/discover,0.700000,0.000000,28,33,33,140,140,140,140,140,140,140,140,37,0,35,52.57111853554945,15.352437971159816,169.58163701929152,89708.0
1774605769,10,GET,/api/plugins/list,0.700000,0.000000,21,22,22,110,110,110,110,110,110,110,110,37,0,21,75.70416746799506,2.197706955485046,1260.1326630683616,104.37837837837837
1774605769,10,POST,/api/plugins/load?uri,3.700000,0.000000,14,22,24,36,180,200,250,250,250,250,250,63,0,16,38.62379101430258,2.2717920364812016,253.58730799052864,2374.0476190476193
1774605769,10,POST,/api/plugins/unload?uri,3.700000,0.000000,8,9,12,15,18,20,24,24,24,24,24,63,0,8,21.52452508490237,2.0703159971162677,162.98608400393277,126.19047619047619
1774605769,10,,Aggregated,94.400000,0.700000,12,19,24,31,130,190,330,1100,1300,1300,1300,1674,10,13,48.312179360086965,1.74287601839751,1266.4346509845927,2315.230585424134
1774605770,10,GET,/api/audio/latency,15.000000,0.000000,12,19,22,24,40,160,180,190,190,190,190,254,0,10,24.417978144016146,1.7488960875198245,248.07453609537333,33.0
1774605770,10,GET,/api/audio/levels,15.000000,0.000000,17,45,73,120,190,330,1100,1200,1300,1300,1300,254,0,14,70.47903711823233,1.8732799217104912,1262.967971037142,77.09448818897638
1774605770,10,GET,/api/audio/levels (during plugin swap),3.300000,0.000000,24,91,110,130,210,1200,1200,1200,1200,1200,1200,65,0,18,144.17133618934224,2.14944698382169,1248.6227579647675,77.2
1774605770,10,GET,/api/audio/levels/plugins,3.300000,0.000000,7,12,16,16,18,19,23,23,23,23,23,65,0,7,20.569151002340593,1.803284976631403,172.90004703681916,21.0
1774605770,10,GET,/api/audio/status,12.500000,0.000000,9,15,18,21,25,35,37,70,86,86,86,200,0,9,13.792813489562832,1.74287601839751,153.0924990074709,303.0
1774605770,10,GET,/api/chains/,0.500000,0.000000,14,45,70,70,110,110,110,110,110,110,110,40,0,19,149.58259009290487,2.4572639958932996,1266.4346509845927,1478.2
1774605770,10,GET,/api/chains/{id},12.500000,0.000000,15,27,66,100,190,350,1100,1200,1200,1200,1200,200,0,15,69.78287254227325,2.1435479866340756,1212.2176230186597,808.22
1774605770,10,POST,/api/chains/{id}/activate,12.500000,0.600000,15,22,29,38,170,180,200,470,510,510,510,200,10,15,39.8917258012807,2.0521850092336535,506.0064480639994,85.875
1774605770,10,POST,/api/chains/{id}/deactivate,12.700000,0.000000,7,12,14,18,20,23,37,41,120,120,120,200,0,7,15.62251491472125,2.0282140467315912,145.5452690133825,60.75
1774605770,10,POST,/api/plugins/batch/parameters (500 updates),6.800000,0.000000,24,40,110,150,210,250,490,1100,1100,1100,1100,90,0,23,73.36707438419883,5.899160052649677,1107.6869040261954,845.6777777777778
1774605770,10,GET,/api/plugins/discover,0.500000,0.000000,24,28,33,33,140,140,140,140,140,140,140,40,0,33,50.203959218924865,15.282008913345635,169.58163701929152,89708.0
1774605770,10,GET,/api/plugins/list,0.500000,0.000000,21,22,23,23,110,110,110,110,110,110,110,40,0,21,71.0445759294089,2.197706955485046,1260.1326630683616,100.45
1774605770,10,POST,/api/plugins/load?uri,3.300000,0.000000,15,22,24,36,180,190,200,200,200,200,200,65,0,15,37.54019673662977,2.2717920364812016,253.58730799052864,2393.9692307692308
1774605770,10,POST,/api/plugins/unload?uri,3.600000,0.000000,8,12,15,16,18,20,24,24,24,24,24,65,0,8,20.97782048289306,2.0703159971162677,162.98608400393277,126.0923076923077
1774605770,10,,Aggregated,102.000000,0.600000,12,20,24,35,130,190,350,1100,1300,1300,1300,1778,10,13,47.170928974766326,1.74287601839751,1266.4346509845927,2349.435883014623
1774605771,10,GET,/api/audio/latency,13.900000,0.000000,12,21,23,26,49,180,270,270,280,280,280,264,0,10,27.92530039291843,1.7488960875198245,276.61722898483276,33.0
1774605771,10,GET,/api/audio/levels,14.200000,0.000000,15,45,97,130,220,380,1100,1200,1300,1300,1300,264,0,14,71.30880320090165,1.8732799217104912,1262.967971037142,77.23484848484848
1774605771,10,GET,/api/audio/levels (during plugin swap),3.300000,0.000000,50,130,140,190,220,1200,1200,1200,1200,1200,1200,69,0,22,143.3819122629348,2.14944698382169,1248.6227579647675,77.33333333333333
1774605771,10,GET,/api/audio/levels/plugins,3.100000,0.000000,9,16,18,19,100,100,120,120,120,120,120,69,0,8,24.089592336879477,1.803284976631403,172.90004703681916,21.159420289855074
1774605771,10,GET,/api/audio/status,11.000000,0.000000,8,15,19,21,24,31,35,36,37,37,37,214,0,9,13.548715378453728,1.74287601839751,153.0924990074709,303.0
1774605771,10,GET,/api/chains/,0.400000,0.000000,29,45,70,70,110,110,110,110,110,110,110,41,0,20,146.63557396781425,2.4572639958932996,1266.4346509845927,1478.1951219512196
1774605771,10,GET,/api/chains/{id},11.200000,0.000000,13,23,48,61,190,250,1100,1200,1200,1200,1200,214,0,15,67.8537342344872,2.1435479866340756,1212.2176230186597,808.2056074766355
1774605771,10,POST,/api/chains/{id}/activate,10.900000,0.700000,14,21,27,35,170,180,370,470,510,510,510,214,12,15,40.64550646254358,2.0521850092336535,506.0064480639994,89.64953271028037
1774605771,10,POST,/api/chains/{id}/deactivate,11.000000,0.000000,7,10,13,16,20,22,37,41,120,120,120,214,0,7,14.991063903690812,2.0282140467315912,145.5452690133825,60.83177570093458
1774605771,10,POST,/api/plugins/batch/parameters (500 updates),6.100000,0.000000,24,48,110,150,210,250,490,1100,1100,1100,1100,94,0,23,72.50416637001995,5.899160052649677,1107.6869040261954,843.436170212766
1774605771,10,GET,/api/plugins/discover,0.400000,0.000000,23,24,28,33,140,140,140,140,140,140,140,41,0,33,49.549631138400336,15.282008913345635,169.58163701929152,89708.0
1774605771,10,GET,/api/plugins/list,0.400000,0.000000,19,21,22,23,110,110,110,110,110,110,110,41,0,21,69.53393359009813,2.197706955485046,1260.1326630683616,99.26829268292683
1774605771,10,POST,/api/plugins/load?uri,3.100000,0.000000,18,22,24,180,200,260,270,270,270,270,270,69,0,16,44.72731492664341,2.2717920364812016,266.53940009418875,2313.1884057971015
1774605771,10,POST,/api/plugins/unload?uri,3.100000,0.000000,9,12,16,18,20,20,20,20,20,20,20,69,0,8,20.66795116600891,2.0703159971162677,162.98608400393277,126.26086956521739
1774605771,10,,Aggregated,92.100000,0.700000,12,20,24,32,140,190,350,1100,1300,1300,1300,1877,12,13,47.57689777699676,1.74287601839751,1266.4346509845927,2288.8694725626
1774605772,10,GET,/api/audio/latency,15.500000,0.000000,12,21,23,28,40,170,270,270,280,280,280,283,0,10,27.039987457564013,1.7488960875198245,276.61722898483276,33.0
1774605772,10,GET,/api/audio/levels,15.400000,0.000000,18,48,94,120,200,380,1100,1200,1300,1300,1300,283,0,14,68.55683956482832,1.8732799217104912,1262.967971037142,77.08833922261483
1774605772,10,GET,/api/audio/levels (during plugin swap),3.300000,0.000000,50,130,140,180,220,1200,1200,1200,1200,1200,1200,73,0,18,137.60725150924586,2.14944698382169,1248.6227579647675,77.27397260273973
1774605772,10,GET,/api/audio/levels/plugins,3.400000,0.000000,9,16,18,18,100,100,120,120,120,120,120,73,0,9,23.286686425594844,1.803284976631403,172.90004703681916,21.301369863013697
1774605772,10,GET,/api/audio/status,12.100000,0.000000,8,15,18,20,24,27,32,36,37,37,37,230,0,9,13.301151795515224,1.74287601839751,153.0924990074709,303.0
1774605772,10,GET,/api/chains/,0.400000,0.000000,29,45,70,70,110,110,110,110,110,110,110,41,0,20,146.63557396781425,2.4572639958932996,1266.4346509845927,1478.1951219512196
1774605772,10,GET,/api/chains/{id},11.800000,0.000000,15,25,58,90,170,250,1100,1200,1200,1200,1200,231,0,15,66.21642868050668,2.1435479866340756,1212.2176230186597,808.5930735930735
1774605772,10,POST,/api/chains/{id}/activate,12.100000,0.700000,14,22,27,31,160,180,370,470,510,510,510,231,12,16,38.99703700613488,2.0521850092336535,506.0064480639994,87.14285714285714
1774605772,10,POST,/api/chains/{id}/deactivate,12.000000,0.000000,6,10,13,15,20,22,41,68,120,120,120,230,0,6,14.755359810331594,2.0282140467315912,145.5452690133825,60.80434782608695
1774605772,10,POST,/api/plugins/batch/parameters (500 updates),6.600000,0.000000,25,48,130,150,190,220,490,1100,1100,1100,1100,104,0,23,70.80798969904069,5.899160052649677,1107.6869040261954,845.1057692307693
1774605772,10,GET,/api/plugins/discover,0.500000,0.000000,23,23,24,24,33,33,33,33,33,33,33,41,0,33,49.549631138400336,15.282008913345635,169.58163701929152,89708.0
1774605772,10,GET,/api/plugins/list,0.500000,0.000000,13,21,22,22,23,23,23,23,23,23,23,41,0,21,69.53393359009813,2.197706955485046,1260.1326630683616,99.26829268292683
1774605772,10,POST,/api/plugins/load?uri,3.400000,0.000000,18,22,27,110,200,260,270,270,270,270,270,73,0,15,42.8099357937654,2.135409042239189,266.53940009418875,2338.27397260274
1774605772,10,POST,/api/plugins/unload?uri,3.400000,0.000000,9,12,18,18,20,20,29,29,29,29,29,73,0,8,20.13803696521392,2.0312160486355424,162.98608400393277,126.54794520547945
1774605772,10,,Aggregated,100.400000,0.700000,12,20,25,35,140,190,370,1100,1300,1300,1300,2007,12,13,46.043938906922726,1.74287601839751,1266.4346509845927,2162.166417538615
1774605773,10,GET,/api/audio/latency,14.500000,0.000000,10,21,23,31,160,170,270,270,280,280,280,300,0,10,27.607826131861657,1.7488960875198245,276.61722898483276,33.0
1774605773,10,GET,/api/audio/levels,14.800000,0.000000,16,48,100,130,210,380,1100,1200,1300,1300,1300,300,0,14,67.75783775684734,1.8732799217104912,1262.967971037142,77.20333333333333
1774605773,10,GET,/api/audio/levels (during plugin swap),2.900000,0.000000,64,130,140,180,220,1200,1200,1200,1200,1200,1200,76,0,18,136.02892302840604,2.14944698382169,1248.6227579647675,77.27631578947368
1774605773,10,GET,/api/audio/levels/plugins,2.700000,0.000000,12,16,18,18,100,100,120,120,120,120,120,76,0,9,22.994776856840442,1.803284976631403,172.90004703681916,21.355263157894736
1774605773,10,GET,/api/audio/status,11.800000,0.000000,9,16,19,21,24,31,36,37,120,120,120,242,0,9,13.900457075142787,1.74287601839751,153.0924990074709,303.0
1774605773,10,GET,/api/chains/,0.600000,0.000000,29,45,70,70,110,110,110,110,110,110,110,41,0,20,146.63557396781425,2.4572639958932996,1266.4346509845927,1478.1951219512196
1774605773,10,GET,/api/chains/{id},11.900000,0.000000,13,24,58,110,160,250,1100,1200,1200,1200,1200,242,0,15,66.49556357850328,2.1435479866340756,1212.2176230186597,809.6570247933885
1774605773,10,POST,/api/chains/{id}/activate,11.800000,0.500000,14,21,27,31,160,180,370,470,510,510,510,242,12,16,38.681922373188705,2.0521850092336535,506.0064480639994,85.70247933884298
1774605773,10,POST,/api/chains/{id}/deactivate,11.800000,0.000000,6,10,14,16,20,22,68,120,280,280,280,242,1,7,15.605145281715673,2.0282140467315912,277.8663879726082,63.400826446280995
1774605773,10,POST,/api/plugins/batch/parameters (500 updates),6.100000,0.000000,23,37,83,140,190,220,490,1100,1100,1100,1100,110,0,23,68.2542389692654,5.899160052649677,1107.6869040261954,844.6090909090909
1774605773,10,GET,/api/plugins/discover,0.600000,0.000000,23,23,24,24,33,33,33,33,33,33,33,41,0,33,49.549631138400336,15.282008913345635,169.58163701929152,89708.0
1774605773,10,GET,/api/plugins/list,0.600000,0.000000,13,21,22,22,23,23,23,23,23,23,23,41,0,21,69.53393359009813,2.197706955485046,1260.1326630683616,99.26829268292683
1774605773,10,POST,/api/plugins/load?uri,2.700000,0.000000,19,23,29,110,200,260,270,270,270,270,270,76,0,15,41.86386821062402,2.135409042239189,266.53940009418875,2359.342105263158
1774605773,10,POST,/api/plugins/unload?uri,2.700000,0.000000,10,16,18,18,20,20,29,29,29,29,29,76,0,8,19.846149730974023,2.0312160486355424,162.98608400393277,126.10526315789474
1774605773,10,,Aggregated,95.500000,0.500000,12,20,25,35,140,190,370,1100,1300,1300,1300,2105,13,13,45.78680288137297,1.74287601839751,1266.4346509845927,2076.2033254156768
1774605774,10,GET,/api/audio/latency,14.800000,0.000000,11,20,23,28,43,170,190,270,280,280,280,323,0,10,26.351952440560947,1.7488960875198245,276.61722898483276,33.0
1774605774,10,GET,/api/audio/levels,14.700000,0.000000,16,48,100,130,190,330,1100,1200,1300,1300,1300,324,0,14,66.38655582490308,1.8732799217104912,1262.967971037142,77.13271604938272
1774605774,10,GET,/api/audio/levels (during plugin swap),2.700000,0.000000,50,96,140,180,220,1200,1200,1200,1200,1200,1200,80,0,18,131.020175665617,2.14944698382169,1248.6227579647675,77.0625
1774605774,10,GET,/api/audio/levels/plugins,2.700000,0.000000,11,16,18,18,100,100,120,120,120,120,120,79,0,9,22.33964452060246,1.803284976631403,172.90004703681916,21.40506329113924
1774605774,10,GET,/api/audio/status,12.600000,0.000000,8,15,19,20,24,31,36,37,120,120,120,253,0,9,13.555476304857804,1.74287601839751,153.0924990074709,303.0
1774605774,10,GET,/api/chains/,0.700000,0.000000,29,45,70,70,110,110,110,110,110,110,110,42,0,19,143.20238911092193,2.441809978336096,1266.4346509845927,1478.1904761904761
1774605774,10,GET,/api/chains/{id},12.200000,0.000000,13,25,61,120,160,250,1100,1200,1200,1200,1200,254,0,15,65.99996178310116,2.1435479866340756,1212.2176230186597,808.1929133858267
1774605774,10,POST,/api/chains/{id}/activate,12.600000,0.700000,14,20,27,31,160,180,370,470,510,510,510,253,12,16,38.294144746895306,2.0521850092336535,506.0064480639994,84.28853754940711
1774605774,10,POST,/api/chains/{id}/deactivate,12.600000,0.000000,6,10,14,15,20,23,120,200,280,280,280,253,1,6,15.9267890161242,2.0282140467315912,277.8663879726082,63.3399209486166
1774605774,10,POST,/api/plugins/batch/parameters (500 updates),5.900000,0.000000,25,37,83,140,190,220,490,1100,1100,1100,1100,116,0,24,68.27980306517365,5.899160052649677,1107.6869040261954,847.3362068965517
1774605774,10,GET,/api/plugins/discover,0.700000,0.000000,23,23,24,24,33,33,33,33,33,33,33,42,0,29,48.69029468335655,13.45750002656132,169.58163701929152,89708.0
1774605774,10,GET,/api/plugins/list,0.700000,0.000000,13,21,22,22,23,23,23,23,23,23,23,42,0,20,67.92465757600786,1.9443409983068705,1260.1326630683616,98.14285714285714
1774605774,10,POST,/api/plugins/load?uri,2.700000,0.000000,18,22,27,29,190,260,270,270,270,270,270,80,0,15,40.443847014103085,2.135409042239189,266.53940009418875,2340.15
1774605774,10,POST,/api/plugins/unload?uri,2.700000,0.000000,10,15,16,18,20,20,29,29,29,29,29,79,0,8,19.354279906064555,2.0312160486355424,162.98608400393277,125.9620253164557
1774605774,10,,Aggregated,98.300000,0.700000,12,20,25,34,130,190,280,510,1200,1300,1300,2220,13,13,44.94417752380491,1.74287601839751,1266.4346509845927,2023.50990990991
1774605775,10,GET,/api/audio/latency,13.300000,0.000000,12,19,23,30,100,170,190,270,280,280,280,341,0,10,26.865593821378397,1.7488960875198245,276.61722898483276,33.0
1774605775,10,GET,/api/audio/levels,13.500000,0.000000,17,52,110,130,190,330,1100,1200,1300,1300,1300,341,0,14,65.3708674733273,1.8732799217104912,1262.967971037142,77.04105571847508
1774605775,10,GET,/api/audio/levels (during plugin swap),2.700000,0.000000,50,110,140,170,220,1200,1200,1200,1200,1200,1200,83,0,18,128.44919449655362,2.14944698382169,1248.6227579647675,77.07228915662651
1774605775,10,GET,/api/audio/levels/plugins,2.700000,0.000000,11,16,18,18,20,100,120,120,120,120,120,83,0,9,21.800517870382553,1.803284976631403,172.90004703681916,21.518072289156628
1774605775,10,GET,/api/audio/status,12.100000,0.000000,7,15,18,19,23,30,37,120,200,200,200,264,0,9,14.040496178715715,1.74287601839751,195.74906304478645,303.0
1774605775,10,GET,/api/chains/,0.700000,0.000000,14,29,45,45,70,70,70,70,70,70,70,42,0,19,143.20238911092193,2.441809978336096,1266.4346509845927,1478.1904761904761
1774605775,10,GET,/api/chains/{id},12.200000,0.000000,15,32,100,130,190,250,1100,1200,1200,1200,1200,264,0,15,66.38052835125674,2.1435479866340756,1212.2176230186597,808.185606060606
1774605775,10,POST,/api/chains/{id}/activate,12.100000,0.600000,16,22,30,33,150,180,370,470,510,510,510,264,12,16,37.514579189133435,2.0521850092336535,506.0064480639994,82.89772727272727
1774605775,10,POST,/api/chains/{id}/deactivate,12.000000,0.000000,6,10,14,16,20,30,170,200,280,280,280,264,1,6,16.20906120815286,2.0282140467315912,277.8663879726082,63.28409090909091
1774605775,10,POST,/api/plugins/batch/parameters (500 updates),6.400000,0.000000,25,37,81,130,170,250,490,1100,1100,1100,1100,124,0,23,68.33460939120532,5.899160052649677,1107.6869040261954,847.8870967741935
1774605775,10,GET,/api/plugins/discover,0.700000,0.000000,23,23,24,24,33,33,33,33,33,33,33,42,0,29,48.69029468335655,13.45750002656132,169.58163701929152,89708.0
1774605775,10,GET,/api/plugins/list,0.700000,0.000000,10,21,22,22,23,23,23,23,23,23,23,42,0,20,67.92465757600786,1.9443409983068705,1260.1326630683616,98.14285714285714
1774605775,10,POST,/api/plugins/load?uri,2.700000,0.000000,18,22,27,28,180,260,270,270,270,270,270,83,0,15,39.443706000975546,2.135409042239189,266.53940009418875,2372.4698795180725
1774605775,10,POST,/api/plugins/unload?uri,2.700000,0.000000,12,16,18,18,20,20,29,29,29,29,29,83,0,9,18.961492970765356,2.0312160486355424,162.98608400393277,126.27710843373494
1774605775,10,,Aggregated,94.500000,0.600000,12,20,26,36,140,190,330,510,1200,1300,1300,2320,13,13,44.64267344200976,1.74287601839751,1266.4346509845927,1950.0551724137931
1774605776,10,GET,/api/audio/latency,13.300000,0.000000,10,18,22,23,40,170,270,270,280,280,280,341,0,10,26.865593821378397,1.7488960875198245,276.61722898483276,33.0
1774605776,10,GET,/api/audio/levels,13.500000,0.000000,14,37,89,120,150,210,380,410,450,450,450,341,0,14,65.3708674733273,1.8732799217104912,1262.967971037142,77.04105571847508
1774605776,10,GET,/api/audio/levels (during plugin swap),2.700000,0.000000,18,91,140,140,190,220,220,220,220,220,220,84,0,18,127.13955353856797,2.14944698382169,1248.6227579647675,77.17857142857143
1774605776,10,GET,/api/audio/levels/plugins,2.700000,0.000000,11,16,18,19,100,100,120,120,120,120,120,83,0,9,21.800517870382553,1.803284976631403,172.90004703681916,21.518072289156628
1774605776,10,GET,/api/audio/status,12.100000,0.000000,7,14,18,19,23,30,37,120,200,200,200,266,0,8,13.96947163962444,1.74287601839751,195.74906304478645,303.0
1774605776,10,GET,/api/chains/,0.700000,0.000000,14,29,45,45,70,70,70,70,70,70,70,42,0,19,143.20238911092193,2.441809978336096,1266.4346509845927,1478.1904761904761
1774605776,10,GET,/api/chains/{id},12.200000,0.000000,13,24,48,110,160,200,350,430,450,450,450,267,0,15,65.73672121223271,2.1435479866340756,1212.2176230186597,807.8539325842696
1774605776,10,POST,/api/chains/{id}/activate,12.100000,0.600000,14,21,29,31,46,180,370,470,510,510,510,266,12,15,37.248601206522295,2.0521850092336535,506.0064480639994,82.72556390977444
1774605776,10,POST,/api/chains/{id}/deactivate,12.000000,0.000000,6,10,14,15,20,28,170,200,280,280,280,266,1,6,16.136948830672168,2.0282140467315912,277.8663879726082,63.274436090225564
1774605776,10,POST,/api/plugins/batch/parameters (500 updates),6.400000,0.000000,22,29,48,83,150,190,280,490,490,490,490,124,0,23,68.33460939120532,5.899160052649677,1107.6869040261954,847.8870967741935
1774605776,10,GET,/api/plugins/discover,0.700000,0.000000,23,23,24,24,33,33,33,33,33,33,33,42,0,29,48.69029468335655,13.45750002656132,169.58163701929152,89708.0
1774605776,10,GET,/api/plugins/list,0.700000,0.000000,10,21,22,22,23,23,23,23,23,23,23,42,0,20,67.92465757600786,1.9443409983068705,1260.1326630683616,98.14285714285714
1774605776,10,POST,/api/plugins/load?uri,2.700000,0.000000,13,23,27,29,200,260,270,270,270,270,270,83,0,15,39.443706000975546,2.135409042239189,266.53940009418875,2372.4698795180725
1774605776,10,POST,/api/plugins/unload?uri,2.700000,0.000000,9,15,16,18,20,20,29,29,29,29,29,83,0,9,18.961492970765356,2.0312160486355424,162.98608400393277,126.27710843373494
1774605776,10,,Aggregated,94.500000,0.600000,11,19,23,30,120,170,250,350,510,510,510,2330,13,13,44.48214185767899,1.74287601839751,1266.4346509845927,1943.0901287553647
1774605777,10,GET,/api/audio/latency,14.200000,0.000000,12,19,23,31,40,170,270,270,280,280,280,349,0,11,26.79400969687636,1.7488960875198245,276.61722898483276,33.0
1774605777,10,GET,/api/audio/levels,14.200000,0.000000,21,73,120,140,200,380,1300,1300,1300,1300,1300,353,0,15,79.5918392972551,1.8732799217104912,1279.3667929945514,77.12464589235128
1774605777,10,GET,/api/audio/levels (during plugin swap),2.900000,0.000000,13,110,130,140,190,220,220,220,220,220,220,86,0,18,125.69116942075536,2.14944698382169,1248.6227579647675,77.23255813953489
1774605777,10,GET,/api/audio/levels/plugins,2.900000,0.000000,11,16,18,19,31,100,120,120,120,120,120,85,0,9,21.766855014378535,1.803284976631403,172.90004703681916,21.49411764705882
1774605777,10,GET,/api/audio/status,11.800000,0.000000,9,16,19,20,24,32,37,120,200,200,200,274,0,9,13.996183818263974,1.74287601839751,195.74906304478645,303.0
1774605777,10,GET,/api/chains/,0.700000,0.000000,29,45,70,70,120,120,120,120,120,120,120,43,0,20,142.76696585097113,2.441809978336096,1266.4346509845927,1478.1860465116279
1774605777,10,GET,/api/chains/{id},11.900000,0.000000,20,48,120,150,200,430,1300,1300,1300,1300,1300,277,0,15,83.12480528721257,2.1435479866340756,1285.591093939729,806.5884476534296
1774605777,10,POST,/api/chains/{id}/activate,11.900000,0.500000,17,26,33,36,160,210,470,510,1300,1300,1300,275,12,16,42.29760797101665,2.0521850092336535,1315.9065779764205,81.8
1774605777,10,POST,/api/chains/{id}/deactivate,11.800000,0.100000,7,10,13,15,20,28,170,200,280,280,280,274,1,7,16.042869043091216,2.0282140467315912,277.8663879726082,63.237226277372265
1774605777,10,POST,/api/plugins/batch/parameters (500 updates),5.800000,0.000000,26,37,100,130,170,190,490,490,490,490,490,125,0,24,69.33378994837403,5.899160052649677,1107.6869040261954,847.528
1774605777,10,GET,/api/plugins/discover,0.700000,0.000000,23,23,24,24,33,33,33,33,33,33,33,42,0,29,48.69029468335655,13.45750002656132,169.58163701929152,89708.0
1774605777,10,GET,/api/plugins/list,0.700000,0.000000,10,21,22,22,23,23,23,23,23,23,23,42,0,20,67.92465757600786,1.9443409983068705,1260.1326630683616,98.14285714285714
1774605777,10,POST,/api/plugins/load?uri,2.900000,0.000000,13,23,28,29,200,270,1300,1300,1300,1300,1300,85,0,15,53.96522422430708,2.135409042239189,1300.1835549948737,2346.9764705882353
1774605777,10,POST,/api/plugins/unload?uri,2.900000,0.000000,9,15,17,18,20,20,29,29,29,29,29,85,0,9,18.769718312165317,2.0312160486355424,162.98608400393277,126.11764705882354
1774605777,10,,Aggregated,95.300000,0.600000,13,21,30,38,150,200,380,1200,1300,1300,1300,2395,13,13,49.637063477569434,1.74287601839751,1315.9065779764205,1897.7260960334029
1774605778,10,GET,/api/audio/latency,15.800000,0.000000,11,18,22,30,43,170,190,270,280,280,280,375,0,10,26.87791119577984,1.7488960875198245,276.61722898483276,33.0
1774605778,10,GET,/api/audio/levels,15.800000,0.000000,13,28,78,110,150,200,1200,1300,1300,1300,1300,375,0,14,75.55241541874905,1.8302910029888153,1279.3667929945514,77.02133333333333
1774605778,10,GET,/api/audio/levels (during plugin swap),3.300000,0.000000,12,21,91,120,170,220,220,220,220,220,220,93,0,16,116.99074935743846,1.9048569956794381,1248.6227579647675,77.05376344086021
1774605778,10,GET,/api/audio/levels/plugins,3.200000,0.000000,9,14,18,19,34,100,120,120,120,120,120,93,0,9,20.638584937920335,1.803284976631403,172.90004703681916,21.268817204301076
1774605778,10,GET,/api/audio/status,13.000000,0.000000,7,14,17,20,24,34,120,180,200,200,200,293,0,8,14.121255085647817,1.74287601839751,195.74906304478645,303.0
1774605778,10,GET,/api/chains/,0.700000,0.000000,29,45,70,70,120,120,120,120,120,120,120,43,0,20,142.76696585097113,2.441809978336096,1266.4346509845927,1478.1860465116279
1774605778,10,GET,/api/chains/{id},13.100000,0.000000,15,30,61,120,160,240,1300,1300,1300,1300,1300,293,0,15,79.1515220388128,2.1435479866340756,1285.591093939729,806.0750853242321
1774605778,10,POST,/api/chains/{id}/activate,13.000000,0.500000,14,21,30,33,150,180,220,370,1300,1300,1300,293,13,15,41.324236603857436,2.0521850092336535,1315.9065779764205,82.28668941979522
1774605778,10,POST,/api/chains/{id}/deactivate,13.000000,0.100000,6,11,14,16,20,28,170,200,280,280,280,293,1,7,15.670715300000746,2.0282140467315912,277.8663879726082,63.0716723549488
1774605778,10,POST,/api/plugins/batch/parameters (500 updates),6.600000,0.000000,21,33,51,100,150,190,190,280,280,280,280,131,0,23,66.92108169166045,5.899160052649677,1107.6869040261954,846.5496183206106
1774605778,10,GET,/api/plugins/discover,0.700000,0.000000,23,23,24,24,43,43,43,43,43,43,43,43,0,33,48.56661887741973,13.45750002656132,169.58163701929152,89708.0
1774605778,10,GET,/api/plugins/list,0.700000,0.000000,10,22,23,23,160,160,160,160,160,160,160,43,0,21,69.9774409119083,1.9443409983068705,1260.1326630683616,97.06976744186046
1774605778,10,POST,/api/plugins/load?uri,3.200000,0.000000,13,18,28,29,200,270,1300,1300,1300,1300,1300,93,0,14,51.57035501969237,2.135409042239189,1300.1835549948737,2357.3010752688174
1774605778,10,POST,/api/plugins/unload?uri,3.200000,0.000000,8,12,16,17,20,20,29,29,29,29,29,93,0,8,17.562395661458453,2.0312160486355424,162.98608400393277,126.39784946236558
1774605778,10,,Aggregated,105.300000,0.600000,11,19,24,32,130,170,240,370,1300,1300,1300,2554,14,12,47.639673763782895,1.74287601839751,1315.9065779764205,1834.3825371965545
1774605779,10,GET,/api/audio/latency,14.800000,0.000000,10,17,22,31,100,170,270,270,280,280,280,390,0,10,26.695339642584514,1.7488960875198245,276.61722898483276,33.0
1774605779,10,GET,/api/audio/levels,14.400000,0.000000,13,43,89,120,160,200,1300,1300,1300,1300,1300,392,0,13,74.10616991413063,1.8302910029888153,1279.3667929945514,76.9795918367347
1774605779,10,GET,/api/audio/levels (during plugin swap),2.800000,0.000000,14,48,120,130,180,220,220,220,220,220,220,96,0,16,115.84010416966824,1.9048569956794381,1248.6227579647675,77.19791666666667
1774605779,10,GET,/api/audio/levels/plugins,2.900000,0.000000,10,15,19,20,100,120,170,170,170,170,170,95,0,9,22.042626697619102,1.803284976631403,172.90004703681916,21.389473684210525
1774605779,10,GET,/api/audio/status,12.400000,0.000000,8,15,19,20,26,36,180,200,200,200,200,302,0,8,14.547614712231107,1.74287601839751,198.8437440013513,303.0
1774605779,10,GET,/api/chains/,0.700000,0.000000,30,45,70,70,120,120,120,120,120,120,120,44,0,20,140.20290930850686,2.441809978336096,1266.4346509845927,1478.2045454545455
1774605779,10,GET,/api/chains/{id},12.400000,0.000000,16,41,86,120,170,240,1300,1300,1300,1300,1300,302,0,15,77.73702535531577,2.1435479866340756,1285.591093939729,807.5960264900663
1774605779,10,POST,/api/chains/{id}/activate,12.400000,0.300000,15,23,31,36,150,180,220,370,1300,1300,1300,302,14,15,41.03517727132282,2.0521850092336535,1315.9065779764205,83.47682119205298
1774605779,10,POST,/api/chains/{id}/deactivate,12.400000,0.100000,7,10,14,16,22,30,170,200,280,280,280,301,1,7,15.426864407792614,2.0282140467315912,277.8663879726082,63.04318936877076
1774605779,10,POST,/api/plugins/batch/parameters (500 updates),5.900000,0.000000,26,38,100,130,150,170,280,280,280,280,280,134,0,23,67.56312655608184,5.899160052649677,1107.6869040261954,846.3955223880597
1774605779,10,GET,/api/plugins/discover,0.700000,0.000000,23,24,43,43,170,170,170,170,170,170,170,44,0,33,51.361731880619615,13.45750002656132,171.55159101821482,89708.0
1774605779,10,GET,/api/plugins/list,0.700000,0.000000,10,10,23,23,160,160,160,160,160,160,160,44,0,20,68.6106188249224,1.9443409983068705,1260.1326630683616,96.04545454545455
1774605779,10,POST,/api/plugins/load?uri,2.900000,0.000000,10,16,27,28,170,270,1300,1300,1300,1300,1300,95,0,13,50.648870502941705,2.135409042239189,1300.1835549948737,2350.6315789473683
1774605779,10,POST,/api/plugins/unload?uri,2.900000,0.000000,7,13,16,17,19,20,29,29,29,29,29,95,0,8,17.44939213201992,2.0312160486355424,162.98608400393277,126.16842105263157
1774605779,10,,Aggregated,98.300000,0.400000,11,19,28,36,140,180,260,1200,1300,1300,1300,2636,15,12,47.2504085645098,1.74287601839751,1315.9065779764205,1819.8812594840667
1774605780,10,GET,/api/audio/latency,14.100000,0.000000,9,15,20,30,160,170,190,270,280,280,280,412,0,9,26.58971836163156,1.7488960875198245,276.61722898483276,33.0
1774605780,10,GET,/api/audio/levels,14.100000,0.000000,10,24,53,100,150,220,1200,1300,1300,1300,1300,412,0,13,72.04006827273632,1.8302910029888153,1279.3667929945514,76.94417475728156
1774605780,10,GET,/api/audio/levels (during plugin swap),2.900000,0.000000,11,21,64,120,180,220,220,220,220,220,220,104,0,15,110.033453734314,1.8909330246970057,1248.6227579647675,77.25
1774605780,10,GET,/api/audio/levels/plugins,2.900000,0.000000,9,14,19,19,100,120,170,170,170,170,170,104,0,7,20.762798425634035,1.803284976631403,172.90004703681916,21.125
1774605780,10,GET,/api/audio/status,11.000000,0.000000,7,13,17,19,24,34,180,200,200,200,200,308,0,8,14.504896786045768,1.74287601839751,198.8437440013513,303.0
1774605780,10,GET,/api/chains/,0.700000,0.000000,30,30,120,120,120,120,120,120,120,120,120,44,0,20,140.20290930850686,2.441809978336096,1266.4346509845927,1478.2045454545455
1774605780,10,GET,/api/chains/{id},11.000000,0.000000,15,32,71,120,160,240,1300,1300,1300,1300,1300,309,0,15,76.32591754490431,2.1435479866340756,1285.591093939729,806.757281553398
1774605780,10,POST,/api/chains/{id}/activate,11.000000,0.400000,15,21,30,33,43,180,220,370,1300,1300,1300,308,14,15,40.52277837990324,2.0521850092336535,1315.9065779764205,82.77597402597402
1774605780,10,POST,/api/chains/{id}/deactivate,11.000000,0.100000,6,10,14,15,23,33,200,200,280,280,280,308,2,7,15.906594956729126,2.0282140467315912,277.8663879726082,65.01298701298701
1774605780,10,POST,/api/plugins/batch/parameters (500 updates),4.800000,0.000000,22,37,100,130,160,190,250,280,280,280,280,150,0,23,67.98899275561173,5.899160052649677,1107.6869040261954,845.0466666666666
1774605780,10,GET,/api/plugins/discover,0.700000,0.000000,43,43,170,170,170,170,170,170,170,170,170,44,0,33,51.361731880619615,13.45750002656132,171.55159101821482,89708.0
1774605780,10,GET,/api/plugins/list,0.700000,0.000000,10,10,160,160,160,160,160,160,160,160,160,44,0,20,68.6106188249224,1.9443409983068705,1260.1326630683616,96.04545454545455
1774605780,10,POST,/api/plugins/load?uri,2.900000,0.000000,10,16,22,28,180,270,1300,1300,1300,1300,1300,104,0,13,48.70607248673108,2.135409042239189,1300.1835549948737,2345.5384615384614
1774605780,10,POST,/api/plugins/unload?uri,2.900000,0.000000,4,8,15,16,19,20,29,29,29,29,29,104,0,7,16.199620475303025,2.0312160486355424,162.98608400393277,125.99038461538461
1774605780,10,,Aggregated,90.700000,0.500000,10,17,24,33,130,180,250,1200,1300,1300,1300,2755,16,12,46.48529889624897,1.74287601839751,1315.9065779764205,1758.2119782214156
1774605781,10,GET,/api/audio/latency,15.900000,0.000000,10,15,19,23,38,170,170,180,190,190,190,425,0,10,26.521635463406497,1.7488960875198245,276.61722898483276,33.0
1774605781,10,GET,/api/audio/levels,15.700000,0.000000,12,24,53,100,150,210,1200,1300,1300,1300,1300,425,0,13,70.76949322897502,1.8302910029888153,1279.3667929945514,76.88470588235295
1774605781,10,GET,/api/audio/levels (during plugin swap),3.500000,0.000000,12,22,110,110,170,190,220,220,220,220,220,107,0,15,108.29332128393455,1.8909330246970057,1248.6227579647675,77.13084112149532
1774605781,10,GET,/api/audio/levels/plugins,3.700000,0.000000,7,13,15,18,20,34,170,170,170,170,170,107,0,7,20.40276819813962,1.803284976631403,172.90004703681916,21.16822429906542
1774605781,10,GET,/api/audio/status,12.500000,0.000000,8,13,17,19,30,62,180,200,200,200,200,322,0,8,14.765265280227553,1.74287601839751,198.8437440013513,303.0
1774605781,10,GET,/api/chains/,0.700000,0.000000,30,30,120,120,120,120,120,120,120,120,120,44,0,20,140.20290930850686,2.441809978336096,1266.4346509845927,1478.2045454545455
1774605781,10,GET,/api/chains/{id},12.200000,0.000000,15,43,95,120,160,220,1300,1300,1300,1300,1300,323,0,15,75.15810253048149,2.1435479866340756,1285.591093939729,807.9009287925696
1774605781,10,POST,/api/chains/{id}/activate,12.500000,0.300000,15,22,30,31,42,170,200,220,1300,1300,1300,322,14,15,39.582125189633146,2.0521850092336535,1315.9065779764205,81.5527950310559
1774605781,10,POST,/api/chains/{id}/deactivate,12.400000,0.100000,7,10,14,15,23,33,200,200,280,280,280,322,2,7,15.583939949030299,2.0282140467315912,277.8663879726082,64.88198757763975
1774605781,10,POST,/api/plugins/batch/parameters (500 updates),5.300000,0.000000,26,71,120,140,160,190,250,280,280,280,280,157,0,24,68.72049479961846,5.899160052649677,1107.6869040261954,846.2993630573249
1774605781,10,GET,/api/plugins/discover,0.700000,0.000000,43,43,170,170,170,170,170,170,170,170,170,44,0,33,51.361731880619615,13.45750002656132,171.55159101821482,89708.0
1774605781,10,GET,/api/plugins/list,0.700000,0.000000,10,10,160,160,160,160,160,160,160,160,160,44,0,20,68.6106188249224,1.9443409983068705,1260.1326630683616,96.04545454545455
1774605781,10,POST,/api/plugins/load?uri,3.700000,0.000000,11,16,20,21,29,180,1300,1300,1300,1300,1300,107,0,13,47.8440019504437,2.135409042239189,1300.1835549948737,2326.9906542056074
1774605781,10,POST,/api/plugins/unload?uri,3.700000,0.000000,4,7,12,13,17,18,29,29,29,29,29,107,0,7,15.903691836267223,2.0312160486355424,162.98608400393277,126.05607476635514
1774605781,10,,Aggregated,103.200000,0.400000,11,18,25,34,130,170,220,1200,1300,1300,1300,2856,16,12,45.85819297633362,1.74287601839751,1315.9065779764205,1706.811274509804
1774605782,10,GET,/api/audio/latency,15.200000,0.000000,9,15,19,23,38,170,170,180,190,190,190,447,0,10,25.95104680993538,1.7488960875198245,276.61722898483276,33.0
1774605782,10,GET,/api/audio/levels,15.200000,0.000000,11,22,53,110,160,220,1200,1300,1300,1300,1300,448,0,13,69.99735359931947,1.8302910029888153,1279.3667929945514,76.97544642857143
1774605782,10,GET,/api/audio/levels (during plugin swap),3.300000,0.000000,11,22,64,110,170,190,220,220,220,220,220,108,0,15,107.31100250376147,1.8909330246970057,1248.6227579647675,77.0925925925926
1774605782,10,GET,/api/audio/levels/plugins,3.300000,0.000000,6,13,15,19,20,34,170,170,170,170,170,108,0,7,20.260932760451126,1.803284976631403,172.90004703681916,21.22222222222222
1774605782,10,GET,/api/audio/status,11.000000,0.000000,9,16,20,20,46,180,200,200,200,200,200,337,0,9,16.674728995363175,1.74287601839751,201.29686000291258,303.0
1774605782,10,GET,/api/chains/,0.700000,0.000000,30,30,120,120,120,120,120,120,120,120,120,45,0,20,137.4188254794313,2.441809978336096,1266.4346509845927,1478.2
1774605782,10,GET,/api/chains/{id},11.000000,0.000000,15,40,71,100,170,220,1300,1300,1300,1300,1300,337,0,15,73.76705724828896,2.1435479866340756,1285.591093939729,807.9050445103858
1774605782,10,POST,/api/chains/{id}/activate,11.000000,0.400000,15,22,30,32,44,180,200,220,1300,1300,1300,337,15,15,39.236833894478835,2.0521850092336535,1315.9065779764205,82.25519287833828
1774605782,10,POST,/api/chains/{id}/deactivate,11.100000,0.200000,7,12,15,16,24,33,200,200,280,280,280,335,2,7,15.521455754234053,2.0282140467315912,277.8663879726082,64.6955223880597
1774605782,10,POST,/api/plugins/batch/parameters (500 updates),4.900000,0.000000,26,71,110,140,170,200,250,280,280,280,280,165,0,24,68.4915825251885,5.899160052649677,1107.6869040261954,847.5030303030303
1774605782,10,GET,/api/plugins/discover,0.700000,0.000000,43,43,170,170,170,170,170,170,170,170,170,45,0,33,50.71584332682606,13.45750002656132,171.55159101821482,89708.0
1774605782,10,GET,/api/plugins/list,0.700000,0.000000,16,16,160,160,160,160,160,160,160,160,160,45,0,20,67.44984507353769,1.9443409983068705,1260.1326630683616,95.06666666666666
1774605782,10,POST,/api/plugins/load?uri,3.300000,0.000000,11,16,18,21,29,180,1300,1300,1300,1300,1300,108,0,13,47.42364280240576,2.135409042239189,1300.1835549948737,2319.1666666666665
1774605782,10,POST,/api/plugins/unload?uri,3.300000,0.000000,4,7,8,13,16,17,18,18,18,18,18,108,0,7,15.831139865676287,2.0312160486355424,162.98608400393277,126.11111111111111
1774605782,10,,Aggregated,94.700000,0.600000,11,18,24,33,140,180,220,1200,1300,1300,1300,2973,17,12,45.50017315125781,1.74287601839751,1315.9065779764205,1680.1907164480324
1774605783,10,GET,/api/audio/latency,16.000000,0.000000,10,16,19,22,37,170,170,180,190,190,190,462,0,10,25.55896332502583,1.7488960875198245,276.61722898483276,33.0
1774605783,10,GET,/api/audio/levels,15.700000,0.000000,13,24,75,120,180,220,1200,1300,1300,1300,1300,464,0,14,69.85178100500167,1.8302910029888153,1279.3667929945514,76.97844827586206
1774605783,10,GET,/api/audio/levels (during plugin swap),3.900000,0.000000,12,22,48,110,170,190,200,200,200,200,200,112,0,15,105.80437095112367,1.8909330246970057,1248.6227579647675,77.0625
1774605783,10,GET,/api/audio/levels/plugins,4.100000,0.000000,5,11,15,16,20,34,170,170,170,170,170,111,0,7,19.921261288628386,1.803284976631403,172.90004703681916,21.26126126126126
1774605783,10,GET,/api/audio/status,11.200000,0.000000,9,16,20,23,46,190,200,200,200,200,200,346,0,9,16.49372659406942,1.74287601839751,201.29686000291258,303.0
1774605783,10,GET,/api/chains/,0.400000,0.000000,15,30,87,87,120,120,120,120,120,120,120,48,0,19,130.7924529101001,2.441809978336096,1266.4346509845927,1478.25
1774605783,10,GET,/api/chains/{id},11.100000,0.000000,15,37,71,100,190,240,1300,1300,1300,1300,1300,347,0,15,72.88140821759119,2.1435479866340756,1285.591093939729,808.4265129682997
1774605783,10,POST,/api/chains/{id}/activate,11.200000,0.400000,14,22,30,33,45,180,220,1300,1300,1300,1300,346,15,15,38.618227943705364,2.0521850092336535,1315.9065779764205,81.60404624277457
1774605783,10,POST,/api/chains/{id}/deactivate,11.200000,0.200000,9,14,16,18,33,110,200,200,200,200,200,346,2,7,16.4150893449315,2.0282140467315912,277.8663879726082,64.53757225433526
1774605783,10,POST,/api/plugins/batch/parameters (500 updates),6.000000,0.000000,28,96,120,150,170,200,250,280,280,280,280,170,0,24,68.28219208058299,5.899160052649677,1107.6869040261954,847.1588235294117
1774605783,10,GET,/api/plugins/discover,0.400000,0.000000,27,41,43,43,170,170,170,170,170,170,170,48,0,29,49.37634643041141,13.45750002656132,171.55159101821482,89708.0
1774605783,10,GET,/api/plugins/list,0.400000,0.000000,10,16,18,18,160,160,160,160,160,160,160,48,0,18,63.69712298571054,1.9019519677385688,1260.1326630683616,92.375
1774605783,10,POST,/api/plugins/load?uri,4.100000,0.000000,10,13,16,18,28,180,1300,1300,1300,1300,1300,111,0,13,46.31174770855085,2.135409042239189,1300.1835549948737,2319.801801801802
1774605783,10,POST,/api/plugins/unload?uri,4.100000,0.000000,4,7,8,12,17,18,18,18,18,18,18,111,0,7,15.65183732901943,2.0312160486355424,162.98608400393277,125.95495495495496
1774605783,10,,Aggregated,99.800000,0.600000,11,18,25,36,130,180,220,1200,1300,1300,1300,3070,17,12,45.11743247279964,1.74287601839751,1315.9065779764205,1724.6749185667752
1774605784,10,GET,/api/audio/latency,15.700000,0.000000,9,18,22,25,43,170,170,180,190,190,190,485,0,10,25.612545566700554,1.7488960875198245,276.61722898483276,33.0
1774605784,10,GET,/api/audio/levels,15.700000,0.000000,12,22,47,98,180,220,1200,1300,1300,1300,1300,485,0,13,68.06555373075696,1.8015020759776235,1279.3667929945514,76.96701030927835
1774605784,10,GET,/api/audio/levels (during plugin swap),3.600000,0.000000,12,22,45,110,170,190,200,200,200,200,200,115,0,15,103.4464424131843,1.8909330246970057,1248.6227579647675,76.95652173913044
1774605784,10,GET,/api/audio/levels/plugins,3.600000,0.000000,5,10,15,15,19,34,170,170,170,170,170,115,0,7,19.479797634741534,1.803284976631403,172.90004703681916,21.347826086956523
1774605784,10,GET,/api/audio/status,10.700000,0.000000,9,16,20,21,46,180,200,200,200,200,200,361,0,9,16.19972419277494,1.74287601839751,201.29686000291258,303.0
1774605784,10,GET,/api/chains/,0.300000,0.000000,25,30,87,87,120,120,120,120,120,120,120,49,0,20,128.63751756483498,2.441809978336096,1266.4346509845927,1478.2448979591836
1774605784,10,GET,/api/chains/{id},11.000000,0.000000,15,32,50,78,190,230,1300,1300,1300,1300,1300,361,0,15,71.85966680677727,2.1435479866340756,1285.591093939729,808.9058171745153
1774605784,10,POST,/api/chains/{id}/activate,11.000000,0.300000,15,22,29,32,45,180,180,220,1300,1300,1300,361,16,15,38.296128963081586,2.0521850092336535,1315.9065779764205,82.18836565096953
1774605784,10,POST,/api/chains/{id}/deactivate,10.700000,0.200000,8,13,16,17,28,43,170,170,200,200,200,361,2,7,16.028705828918604,2.0282140467315912,277.8663879726082,64.43213296398892
1774605784,10,POST,/api/plugins/batch/parameters (500 updates),6.300000,0.000000,28,71,120,150,190,200,250,280,280,280,280,178,0,24,68.38070583566396,5.899160052649677,1107.6869040261954,846.0505617977528
1774605784,10,GET,/api/plugins/discover,0.300000,0.000000,27,41,43,43,170,170,170,170,170,170,170,49,0,29,48.85802752271827,13.45750002656132,171.55159101821482,89708.0
1774605784,10,GET,/api/plugins/list,0.300000,0.000000,10,16,18,18,160,160,160,160,160,160,160,49,0,18,62.497561885405105,1.9019519677385688,1260.1326630683616,91.55102040816327
1774605784,10,POST,/api/plugins/load?uri,3.600000,0.000000,8,15,18,22,170,180,1300,1300,1300,1300,1300,115,0,13,46.51092617954735,2.135409042239189,1300.1835549948737,2307.1304347826085
1774605784,10,POST,/api/plugins/unload?uri,3.600000,0.000000,5,8,8,15,17,18,22,22,22,22,22,115,0,7,15.63218630971792,2.0312160486355424,162.98608400393277,125.81739130434782
1774605784,10,,Aggregated,96.400000,0.500000,11,18,24,34,130,180,220,1200,1300,1300,1300,3199,18,12,44.40418477405984,1.74287601839751,1315.9065779764205,1694.8937167864958
1774605785,10,GET,/api/audio/latency,16.800000,0.000000,10,18,20,24,43,160,170,180,190,190,190,500,0,10,25.50252596801147,1.7488960875198245,276.61722898483276,33.0
1774605785,10,GET,/api/audio/levels,16.600000,0.000000,13,23,55,98,180,210,1200,1300,1300,1300,1300,500,0,14,67.61797588947229,1.8015020759776235,1279.3667929945514,76.874
1774605785,10,GET,/api/audio/levels (during plugin swap),3.600000,0.000000,10,15,23,45,120,180,200,200,200,200,200,123,0,14,97.21787659852667,1.8909330246970057,1248.6227579647675,76.91056910569105
1774605785,10,GET,/api/audio/levels/plugins,3.600000,0.000000,6,13,15,15,19,31,170,170,170,170,170,123,0,7,18.959518473754386,1.803284976631403,172.90004703681916,21.29268292682927
1774605785,10,GET,/api/audio/status,10.700000,0.000000,8,12,19,20,36,67,200,200,200,200,200,375,0,8,15.810693078984817,1.74287601839751,201.29686000291258,303.0
1774605785,10,GET,/api/chains/,0.400000,0.000000,25,30,87,87,120,120,120,120,120,120,120,49,0,20,128.63751756483498,2.441809978336096,1266.4346509845927,1478.2448979591836
1774605785,10,GET,/api/chains/{id},10.600000,0.000000,15,25,43,69,170,220,1300,1300,1300,1300,1300,376,0,15,69.6725631847933,2.1435479866340756,1285.591093939729,808.1728723404256
1774605785,10,POST,/api/chains/{id}/activate,10.700000,0.300000,13,20,26,30,43,170,180,220,1300,1300,1300,376,16,15,37.106179453598514,2.0521850092336535,1315.9065779764205,81.17021276595744
1774605785,10,POST,/api/chains/{id}/deactivate,10.800000,0.200000,8,13,16,17,24,42,170,170,200,200,200,375,2,7,15.789313539241752,2.0282140467315912,277.8663879726082,64.27466666666666
1774605785,10,POST,/api/plugins/batch/parameters (500 updates),6.200000,0.000000,26,71,110,140,190,200,250,280,280,280,280,184,0,24,67.35617761770972,5.899160052649677,1107.6869040261954,846.0652173913044
1774605785,10,GET,/api/plugins/discover,0.400000,0.000000,27,41,43,43,170,170,170,170,170,170,170,49,0,29,48.85802752271827,13.45750002656132,171.55159101821482,89708.0
1774605785,10,GET,/api/plugins/list,0.400000,0.000000,10,16,18,18,160,160,160,160,160,160,160,49,0,18,62.497561885405105,1.9019519677385688,1260.1326630683616,91.55102040816327
1774605785,10,POST,/api/plugins/load?uri,3.600000,0.000000,9,16,21,22,67,180,1300,1300,1300,1300,1300,123,0,13,45.10483612794793,2.135409042239189,1300.1835549948737,2306.1382113821137
1774605785,10,POST,/api/plugins/unload?uri,3.600000,0.000000,5,8,13,13,17,18,130,130,130,130,130,123,0,7,16.121377525813273,2.0312160486355424,162.98608400393277,126.30081300813008
1774605785,10,,Aggregated,98.000000,0.500000,11,18,23,32,110,180,210,280,1300,1300,1300,3325,18,12,43.46854238774404,1.74287601839751,1315.9065779764205,1644.0947368421052
1774605786,10,GET,/api/audio/latency,15.800000,0.000000,9,17,19,23,37,150,180,180,190,190,190,523,0,10,25.1219246367769,1.7488960875198245,276.61722898483276,33.0
1774605786,10,GET,/api/audio/levels,16.000000,0.000000,13,23,49,83,160,210,1200,1300,1300,1300,1300,524,0,14,65.99688701903028,1.8015020759776235,1279.3667929945514,76.91984732824427
1774605786,10,GET,/api/audio/levels (during plugin swap),3.500000,0.000000,10,15,24,48,180,190,240,240,240,240,240,126,0,14,98.400907044942,1.8909330246970057,1248.6227579647675,76.92063492063492
1774605786,10,GET,/api/audio/levels/plugins,3.400000,0.000000,7,14,15,16,20,31,170,170,170,170,170,126,0,8,18.93156539881602,1.803284976631403,172.90004703681916,21.325396825396826
1774605786,10,GET,/api/audio/status,9.900000,0.000000,9,14,20,21,37,180,200,200,220,220,220,385,0,9,16.214064510188415,1.74287601839751,215.43521794956177,303.0
1774605786,10,GET,/api/chains/,0.700000,0.000000,25,30,87,87,120,120,120,120,120,120,120,50,0,19,126.14398201229051,2.441809978336096,1266.4346509845927,1478.26
1774605786,10,GET,/api/chains/{id},9.900000,0.000000,15,26,50,78,170,200,1300,1300,1300,1300,1300,385,0,15,70.26314309483709,2.1435479866340756,1285.591093939729,807.9532467532467
1774605786,10,POST,/api/chains/{id}/activate,9.900000,0.300000,14,20,28,31,46,180,180,220,1300,1300,1300,385,16,15,37.10728156737161,2.0521850092336535,1315.9065779764205,80.54545454545455
1774605786,10,POST,/api/chains/{id}/deactivate,10.000000,0.100000,8,13,16,18,24,43,170,190,200,200,200,385,2,7,16.10210502985865,2.0282140467315912,277.8663879726082,64.15064935064935
1774605786,10,POST,/api/plugins/batch/parameters (500 updates),5.900000,0.000000,24,49,100,120,170,200,240,250,250,250,250,199,0,24,64.90105847493469,5.899160052649677,1107.6869040261954,846.286432160804
1774605786,10,GET,/api/plugins/discover,0.700000,0.000000,39,41,43,43,170,170,170,170,170,170,170,50,0,29,48.65244425367564,13.45750002656132,171.55159101821482,89708.0
1774605786,10,GET,/api/plugins/list,0.700000,0.000000,10,16,18,18,160,160,160,160,160,160,160,50,0,18,61.30636306712404,1.9019519677385688,1260.1326630683616,90.76
1774605786,10,POST,/api/plugins/load?uri,3.400000,0.000000,9,16,22,24,170,180,1300,1300,1300,1300,1300,126,0,13,45.765714053737206,2.135409042239189,1300.1835549948737,2289.3888888888887
1774605786,10,POST,/api/plugins/unload?uri,3.400000,0.000000,5,8,13,15,17,21,130,130,130,130,130,126,0,7,16.055659560989294,2.0312160486355424,162.98608400393277,126.32539682539682
1774605786,10,,Aggregated,93.200000,0.400000,11,18,24,32,110,180,210,240,1300,1300,1300,3440,18,12,43.254159551572734,1.74287601839751,1315.9065779764205,1625.0031976744185
1774605787,10,GET,/api/audio/latency,15.800000,0.000000,7,16,19,21,33,77,170,180,190,190,190,524,0,10,25.084902866537334,1.7488960875198245,276.61722898483276,33.0
1774605787,10,GET,/api/audio/levels,16.000000,0.000000,13,20,39,57,130,190,220,220,240,240,240,524,0,14,65.99688701903028,1.8015020759776235,1279.3667929945514,76.91984732824427
1774605787,10,GET,/api/audio/levels (during plugin swap),3.500000,0.000000,10,15,24,48,190,200,240,240,240,240,240,126,0,14,98.400907044942,1.8909330246970057,1248.6227579647675,76.92063492063492
1774605787,10,GET,/api/audio/levels/plugins,3.400000,0.000000,6,13,15,15,19,22,170,170,170,170,170,126,0,8,18.93156539881602,1.803284976631403,172.90004703681916,21.325396825396826
1774605787,10,GET,/api/audio/status,9.900000,0.000000,8,11,19,20,36,67,200,200,220,220,220,385,0,9,16.214064510188415,1.74287601839751,215.43521794956177,303.0
1774605787,10,GET,/api/chains/,0.700000,0.000000,25,30,87,87,120,120,120,120,120,120,120,50,0,19,126.14398201229051,2.441809978336096,1266.4346509845927,1478.26
1774605787,10,GET,/api/chains/{id},9.900000,0.000000,14,23,41,50,140,180,200,200,230,230,230,385,0,15,70.26314309483709,2.1435479866340756,1285.591093939729,807.9532467532467
1774605787,10,POST,/api/chains/{id}/activate,9.900000,0.300000,13,18,23,28,43,48,180,180,180,180,180,385,16,15,37.10728156737161,2.0521850092336535,1315.9065779764205,80.54545454545455
1774605787,10,POST,/api/chains/{id}/deactivate,10.000000,0.100000,8,13,16,17,24,43,170,190,200,200,200,385,2,7,16.10210502985865,2.0282140467315912,277.8663879726082,64.15064935064935
1774605787,10,POST,/api/plugins/batch/parameters (500 updates),5.900000,0.000000,24,48,96,110,160,200,240,250,250,250,250,199,0,24,64.90105847493469,5.899160052649677,1107.6869040261954,846.286432160804
1774605787,10,GET,/api/plugins/discover,0.700000,0.000000,39,41,43,43,170,170,170,170,170,170,170,50,0,29,48.65244425367564,13.45750002656132,171.55159101821482,89708.0
1774605787,10,GET,/api/plugins/list,0.700000,0.000000,10,16,18,18,160,160,160,160,160,160,160,50,0,18,61.30636306712404,1.9019519677385688,1260.1326630683616,90.76
1774605787,10,POST,/api/plugins/load?uri,3.400000,0.000000,9,16,21,22,67,180,180,180,180,180,180,126,0,13,45.765714053737206,2.135409042239189,1300.1835549948737,2289.3888888888887
1774605787,10,POST,/api/plugins/unload?uri,3.400000,0.000000,5,8,13,15,18,22,130,130,130,130,130,126,0,7,16.055659560989294,2.0312160486355424,162.98608400393277,126.32539682539682
1774605787,10,,Aggregated,93.200000,0.400000,10,17,22,26,78,170,200,210,240,250,250,3441,18,12,43.24325236106988,1.74287601839751,1315.9065779764205,1624.5405405405406
1774605788,10,GET,/api/audio/latency,15.900000,0.000000,11,17,19,23,37,150,180,180,190,190,190,539,0,11,25.722866142488297,1.7488960875198245,276.61722898483276,33.0
1774605788,10,GET,/api/audio/levels,16.000000,0.000000,16,37,82,110,180,220,1200,1200,1300,1300,1300,539,0,14,76.70048907216024,1.8015020759776235,1279.3667929945514,76.9795918367347
1774605788,10,GET,/api/audio/levels (during plugin swap),4.000000,0.000000,10,22,48,120,190,240,1200,1200,1200,1200,1200,127,0,14,107.05542713165372,1.8909330246970057,1248.6227579647675,76.99212598425197
1774605788,10,GET,/api/audio/levels/plugins,4.000000,0.000000,11,15,15,16,19,22,170,170,170,170,170,127,0,9,18.902587544862328,1.803284976631403,172.90004703681916,21.37007874015748
1774605788,10,GET,/api/audio/status,11.000000,0.000000,9,17,20,22,46,190,200,220,220,220,220,390,0,8,16.141465913731224,1.74287601839751,215.43521794956177,303.0
1774605788,10,GET,/api/chains/,0.700000,0.000000,25,30,87,87,240,240,240,240,240,240,240,51,0,20,128.38441042421277,2.441809978336096,1266.4346509845927,1478.2549019607843
1774605788,10,GET,/api/chains/{id},11.000000,0.000000,16,37,69,95,180,200,1200,1200,1200,1200,1200,390,0,15,76.27631201952074,2.1435479866340756,1285.591093939729,807.7307692307693
1774605788,10,POST,/api/chains/{id}/activate,11.000000,0.400000,15,22,27,30,44,53,180,180,180,180,180,390,16,15,36.90214136806436,2.0521850092336535,1315.9065779764205,80.08974358974359
1774605788,10,POST,/api/chains/{id}/deactivate,10.900000,0.100000,8,13,15,17,24,52,190,200,200,200,200,389,2,7,15.973981083813662,2.0282140467315912,277.8663879726082,64.12853470437018
1774605788,10,POST,/api/plugins/batch/parameters (500 updates),6.000000,0.000000,28,96,140,150,240,260,1200,1200,1200,1200,1200,208,0,24,80.07471709872614,5.899160052649677,1200.075450935401,845.0096153846154
1774605788,10,GET,/api/plugins/discover,0.700000,0.000000,30,39,41,41,170,170,170,170,170,170,170,51,0,30,48.28159256345209,13.45750002656132,171.55159101821482,89708.0
1774605788,10,GET,/api/plugins/list,0.700000,0.000000,10,16,18,18,26,26,26,26,26,26,26,51,0,18,60.61608149834416,1.9019519677385688,1260.1326630683616,90.0
1774605788,10,POST,/api/plugins/load?uri,4.000000,0.000000,11,18,22,24,67,180,180,180,180,180,180,127,0,13,45.50247495960972,2.135409042239189,1300.1835549948737,2275.716535433071
1774605788,10,POST,/api/plugins/unload?uri,4.000000,0.000000,5,8,13,15,18,22,130,130,130,130,130,127,0,7,15.970289461520009,2.0312160486355424,162.98608400393277,126.32283464566929
1774605788,10,,Aggregated,99.900000,0.500000,13,20,26,38,140,190,240,1100,1300,1300,1300,3506,18,12,46.895456942537066,1.74287601839751,1315.9065779764205,1624.9420992584141
1774605789,10,GET,/api/audio/latency,18.300000,0.000000,10,16,19,20,31,110,170,180,180,180,180,561,0,10,25.16615619789975,1.7488960875198245,276.61722898483276,33.0
1774605789,10,GET,/api/audio/levels,18.300000,0.000000,13,23,49,83,150,200,1200,1200,1300,1300,1300,561,0,14,74.14366520730424,1.8015020759776235,1279.3667929945514,76.8698752228164
1774605789,10,GET,/api/audio/levels (during plugin swap),4.200000,0.000000,9,14,24,45,190,240,1200,1200,1200,1200,1200,137,0,14,100.16736876471036,1.8909330246970057,1248.6227579647675,76.8905109489051
1774605789,10,GET,/api/audio/levels/plugins,4.300000,0.000000,5,11,15,15,16,20,22,22,22,22,22,136,0,7,17.999673826339215,1.803284976631403,172.90004703681916,21.169117647058822
1774605789,10,GET,/api/audio/status,11.900000,0.000000,9,14,20,21,36,67,200,220,220,220,220,400,0,8,15.923126731067896,1.74287601839751,215.43521794956177,303.0
1774605789,10,GET,/api/chains/,0.800000,0.000000,25,30,87,87,240,240,240,240,240,240,240,51,0,20,128.38441042421277,2.441809978336096,1266.4346509845927,1478.2549019607843
1774605789,10,GET,/api/chains/{id},11.800000,0.000000,15,25,60,85,180,200,1200,1200,1200,1200,1200,400,0,15,74.78951957658865,2.1435479866340756,1285.591093939729,806.8575
1774605789,10,POST,/api/chains/{id}/activate,11.900000,0.400000,15,20,24,28,43,48,180,180,180,180,180,400,16,15,36.21688932151301,2.0521850092336535,1315.9065779764205,79.4625
1774605789,10,POST,/api/chains/{id}/deactivate,11.900000,0.100000,8,13,15,17,24,43,170,190,190,190,190,400,2,7,15.777271643455606,2.0282140467315912,277.8663879726082,64.07
1774605789,10,POST,/api/plugins/batch/parameters (500 updates),7.500000,0.000000,25,61,100,120,200,260,1200,1200,1200,1200,1200,218,0,24,77.52303510782556,5.878655938431621,1200.075450935401,845.7385321100918
1774605789,10,GET,/api/plugins/discover,0.800000,0.000000,30,39,41,41,170,170,170,170,170,170,170,51,0,30,48.28159256345209,13.45750002656132,171.55159101821482,89708.0
1774605789,10,GET,/api/plugins/list,0.800000,0.000000,10,16,18,18,26,26,26,26,26,26,26,51,0,18,60.61608149834416,1.9019519677385688,1260.1326630683616,90.0
1774605789,10,POST,/api/plugins/load?uri,4.300000,0.000000,9,15,18,21,64,170,180,180,180,180,180,136,0,12,43.0112093086149,2.135409042239189,1300.1835549948737,2247.3970588235293
1774605789,10,POST,/api/plugins/unload?uri,4.300000,0.000000,5,8,13,15,21,29,130,130,130,130,130,136,0,7,15.446923172395842,2.0312160486355424,162.98608400393277,126.02941176470588
1774605789,10,,Aggregated,111.100000,0.500000,11,18,23,28,96,180,220,1100,1300,1300,1300,3638,18,12,45.606963127604956,1.74287601839751,1315.9065779764205,1577.419461242441
1774605790,10,GET,/api/audio/latency,17.000000,0.000000,13,19,20,23,33,150,170,180,180,180,180,571,0,11,25.34010301746963,1.7488960875198245,276.61722898483276,33.0
1774605790,10,GET,/api/audio/levels,17.000000,0.000000,16,46,88,110,170,220,1200,1200,1300,1300,1300,573,0,14,74.53418351558686,1.8015020759776235,1279.3667929945514,76.87958115183245
1774605790,10,GET,/api/audio/levels (during plugin swap),4.000000,0.000000,10,17,24,45,190,240,1200,1200,1200,1200,1200,140,0,13,98.20393931336834,1.8909330246970057,1248.6227579647675,76.99285714285715
1774605790,10,GET,/api/audio/levels/plugins,4.000000,0.000000,6,15,16,16,20,24,210,210,210,210,210,140,0,7,19.318404966699227,1.803284976631403,210.46924404799938,21.15
1774605790,10,GET,/api/audio/status,10.800000,0.000000,8,13,20,20,36,67,200,220,220,220,220,408,0,8,15.78812453468951,1.74287601839751,215.43521794956177,303.0
1774605790,10,GET,/api/chains/,0.700000,0.000000,15,25,87,170,240,240,240,240,240,240,240,53,0,20,126.93622097250004,2.441809978336096,1266.4346509845927,1478.245283018868
1774605790,10,GET,/api/chains/{id},10.800000,0.000000,16,32,78,110,190,220,1200,1200,1200,1200,1200,411,0,15,75.00256924468508,2.1435479866340756,1285.591093939729,807.9586374695864
1774605790,10,POST,/api/chains/{id}/activate,10.800000,0.300000,16,22,27,30,46,160,180,180,180,180,180,410,16,15,36.832748157846765,2.0521850092336535,1315.9065779764205,78.7439024390244
1774605790,10,POST,/api/chains/{id}/deactivate,10.800000,0.100000,9,13,17,18,33,52,170,190,190,190,190,408,2,7,16.17794318949831,2.0282140467315912,277.8663879726082,64.02941176470588
1774605790,10,POST,/api/plugins/batch/parameters (500 updates),7.400000,0.000000,27,67,120,150,220,260,1200,1200,1200,1200,1200,225,0,24,77.34606206831005,5.878655938431621,1200.075450935401,846.4844444444444
1774605790,10,GET,/api/plugins/discover,0.700000,0.000000,30,36,39,39,41,41,41,41,41,41,41,52,0,30,48.044087745858214,13.45750002656132,171.55159101821482,89708.0
1774605790,10,GET,/api/plugins/list,0.700000,0.000000,14,16,18,18,26,26,26,26,26,26,26,52,0,18,59.71323893083116,1.9019519677385688,1260.1326630683616,89.26923076923077
1774605790,10,POST,/api/plugins/load?uri,4.000000,0.000000,12,20,24,34,66,170,180,180,180,180,180,140,0,13,42.844268700407284,2.135409042239189,1300.1835549948737,2226.6071428571427
1774605790,10,POST,/api/plugins/unload?uri,4.000000,0.000000,8,13,15,18,22,130,160,160,160,160,160,140,0,7,16.3175871895094,2.0312160486355424,162.98608400393277,125.92142857142858
1774605790,10,,Aggregated,102.700000,0.400000,13,20,26,36,130,180,230,1100,1300,1300,1300,3723,18,12,45.827713403453046,1.74287601839751,1315.9065779764205,1573.5581520279345
1774605791,10,GET,/api/audio/latency,16.100000,0.000000,10,16,19,21,34,150,170,180,180,180,180,596,0,10,24.90775930072531,1.7488960875198245,276.61722898483276,33.0
1774605791,10,GET,/api/audio/levels,16.100000,0.000000,13,24,75,88,140,180,1200,1200,1300,1300,1300,596,0,13,72.07159675019417,1.8015020759776235,1279.3667929945514,76.79530201342281
1774605791,10,GET,/api/audio/levels (during plugin swap),3.300000,0.000000,9,17,24,28,150,200,1200,1200,1200,1200,1200,148,0,13,94.68945856615146,1.8672420410439372,1248.6227579647675,76.95270270270271
1774605791,10,GET,/api/audio/levels/plugins,3.300000,0.000000,6,15,16,16,20,24,210,210,210,210,210,148,0,7,19.411156136492217,1.803284976631403,210.46924404799938,21.114864864864863
1774605791,10,GET,/api/audio/status,9.300000,0.000000,8,12,20,21,26,46,200,200,220,220,220,426,0,8,15.694834786836722,1.74287601839751,215.43521794956177,303.0
1774605791,10,GET,/api/chains/,0.800000,0.000000,15,25,87,170,240,240,240,240,240,240,240,53,0,20,126.93622097250004,2.441809978336096,1266.4346509845927,1478.245283018868
1774605791,10,GET,/api/chains/{id},9.300000,0.000000,15,23,37,69,180,210,240,1200,1200,1200,1200,426,0,15,73.02674535823715,2.1435479866340756,1285.591093939729,807.7769953051643
1774605791,10,POST,/api/chains/{id}/activate,9.300000,0.300000,15,20,22,25,43,53,170,170,180,180,180,426,16,15,35.93185578583316,2.0521850092336535,1315.9065779764205,77.9225352112676
1774605791,10,POST,/api/chains/{id}/deactivate,9.400000,0.100000,8,13,18,19,38,52,170,170,190,190,190,426,2,7,16.252503343398722,2.0282140467315912,277.8663879726082,63.767605633802816
1774605791,10,POST,/api/plugins/batch/parameters (500 updates),7.700000,0.000000,25,34,100,120,220,260,1200,1200,1200,1200,1200,233,0,24,75.95246086544617,5.878655938431621,1200.075450935401,846.9699570815451
1774605791,10,GET,/api/plugins/discover,0.800000,0.000000,30,36,39,41,42,42,42,42,42,42,42,53,0,33,47.9388689196159,13.45750002656132,171.55159101821482,89708.0
1774605791,10,GET,/api/plugins/list,0.800000,0.000000,14,16,18,26,38,38,38,38,38,38,38,53,0,18,59.3097949519156,1.9019519677385688,1260.1326630683616,88.56603773584905
1774605791,10,POST,/api/plugins/load?uri,3.300000,0.000000,12,20,23,28,64,67,180,180,180,180,180,148,0,13,41.36570456053911,2.135409042239189,1300.1835549948737,2224.114864864865
1774605791,10,POST,/api/plugins/unload?uri,3.300000,0.000000,7,13,15,16,22,29,160,160,160,160,160,148,0,7,15.84943271371083,2.0312160486355424,162.98608400393277,126.22297297297297
1774605791,10,,Aggregated,92.800000,0.400000,12,19,23,29,100,170,220,280,1200,1300,1300,3880,18,12,44.662133996949784,1.74287601839751,1315.9065779764205,1545.428350515464
1774605792,10,GET,/api/audio/latency,16.700000,0.000000,11,17,19,21,34,150,170,180,180,180,180,615,0,10,24.577193393758158,1.7488960875198245,276.61722898483276,33.0
1774605792,10,GET,/api/audio/levels,16.700000,0.000000,13,31,63,89,140,180,1200,1200,1300,1300,1300,616,0,13,70.63296043568037,1.8015020759776235,1279.3667929945514,76.75649350649351
1774605792,10,GET,/api/audio/levels (during plugin swap),4.000000,0.000000,9,17,24,28,150,200,1200,1200,1200,1200,1200,150,0,13,93.75355577173953,1.8672420410439372,1248.6227579647675,76.98666666666666
1774605792,10,GET,/api/audio/levels/plugins,4.000000,0.000000,6,15,16,16,20,24,210,210,210,210,210,150,0,7,19.29904215503484,1.803284976631403,210.46924404799938,21.106666666666666
1774605792,10,GET,/api/audio/status,10.100000,0.000000,6,10,14,18,22,26,46,220,220,220,220,438,0,8,15.403802054785363,1.74287601839751,215.43521794956177,303.0
1774605792,10,GET,/api/chains/,0.700000,0.000000,25,87,170,180,240,240,240,240,240,240,240,54,0,20,127.87989521381894,2.441809978336096,1266.4346509845927,1478.2407407407406
1774605792,10,GET,/api/chains/{id},10.100000,0.000000,16,26,69,86,180,210,240,1200,1200,1200,1200,440,0,15,72.18507101034365,2.1435479866340756,1285.591093939729,808.1886363636364
1774605792,10,POST,/api/chains/{id}/activate,10.100000,0.200000,15,19,22,24,38,160,170,180,180,180,180,438,16,15,35.278653424046084,2.0521850092336535,1315.9065779764205,77.31735159817352
1774605792,10,POST,/api/chains/{id}/deactivate,10.100000,0.000000,7,13,15,18,34,110,170,190,190,190,190,438,2,7,16.018700256484422,2.0282140467315912,277.8663879726082,63.71917808219178
1774605792,10,POST,/api/plugins/batch/parameters (500 updates),8.500000,0.000000,25,49,100,120,240,260,1200,1200,1200,1200,1200,237,0,24,76.0450998423346,5.878655938431621,1200.075450935401,847.2025316455696
1774605792,10,GET,/api/plugins/discover,0.700000,0.000000,36,39,41,41,42,42,42,42,42,42,42,53,0,33,47.9388689196159,13.45750002656132,171.55159101821482,89708.0
1774605792,10,GET,/api/plugins/list,0.700000,0.000000,14,18,26,26,38,38,38,38,38,38,38,53,0,18,59.3097949519156,1.9019519677385688,1260.1326630683616,88.56603773584905
1774605792,10,POST,/api/plugins/load?uri,4.000000,0.000000,14,21,24,34,64,67,180,180,180,180,180,150,0,13,41.18300077971071,2.135409042239189,1300.1835549948737,2205.06
1774605792,10,POST,/api/plugins/unload?uri,4.000000,0.000000,6,13,15,16,22,29,160,160,160,160,160,150,0,7,15.703560130205005,2.0312160486355424,162.98608400393277,126.2
1774605792,10,,Aggregated,100.400000,0.200000,12,18,23,29,100,170,230,1100,1300,1300,1300,3982,18,12,44.12472903993825,1.74287601839751,1315.9065779764205,1512.2805123053743
1774605793,10,GET,/api/audio/latency,16.000000,0.000000,11,16,19,21,38,150,170,180,180,180,180,637,0,10,24.654112227723072,1.7488960875198245,276.61722898483276,33.0
1774605793,10,GET,/api/audio/levels,16.000000,0.000000,12,20,49,81,130,180,1200,1200,1300,1300,1300,637,0,13,69.17572981225446,1.8015020759776235,1279.3667929945514,76.75510204081633
1774605793,10,GET,/api/audio/levels (during plugin swap),3.500000,0.000000,9,15,24,28,150,190,1200,1200,1200,1200,1200,158,0,13,90.77103279569316,1.8672420410439372,1248.6227579647675,76.86708860759494
1774605793,10,GET,/api/audio/levels/plugins,3.400000,0.000000,9,15,16,16,22,120,210,210,210,210,210,158,0,7,19.80486478733158,1.803284976631403,210.46924404799938,20.99367088607595
1774605793,10,GET,/api/audio/status,9.900000,0.000000,6,10,14,17,21,36,170,170,220,220,220,454,0,8,15.876227150012694,1.74287601839751,215.43521794956177,303.0
1774605793,10,GET,/api/chains/,0.900000,0.000000,25,170,180,180,240,240,240,240,240,240,240,55,0,20,125.65728728236122,2.441809978336096,1266.4346509845927,1478.2363636363636
1774605793,10,GET,/api/chains/{id},9.900000,0.000000,15,25,60,85,180,210,240,1200,1200,1200,1200,454,0,15,71.19553327013735,2.1435479866340756,1285.591093939729,807.4074889867842
1774605793,10,POST,/api/chains/{id}/activate,9.900000,0.200000,16,19,23,27,46,170,180,180,220,220,220,454,18,15,36.124382442938334,2.0521850092336535,1315.9065779764205,79.22907488986785
1774605793,10,POST,/api/chains/{id}/deactivate,9.800000,0.000000,8,13,14,15,20,38,110,170,190,190,190,454,2,7,15.815775665569443,2.0282140467315912,277.8663879726082,63.658590308370044
1774605793,10,POST,/api/plugins/batch/parameters (500 updates),7.500000,0.000000,22,32,69,120,240,260,1200,1200,1200,1200,1200,240,0,24,75.34551081140914,5.878655938431621,1200.075450935401,846.7625
1774605793,10,GET,/api/plugins/discover,0.900000,0.000000,36,37,39,39,42,42,42,42,42,42,42,55,0,33,47.42428386922587,13.45750002656132,171.55159101821482,89708.0
1774605793,10,GET,/api/plugins/list,0.900000,0.000000,22,26,38,38,150,150,150,150,150,150,150,55,0,19,60.318458552302964,1.9019519677385688,1260.1326630683616,88.81818181818181
1774605793,10,POST,/api/plugins/load?uri,3.500000,0.000000,13,21,28,35,64,67,180,180,180,180,180,158,0,13,39.944819841516214,2.135409042239189,1300.1835549948737,2212.8797468354433
1774605793,10,POST,/api/plugins/unload?uri,3.400000,0.000000,5,13,14,15,22,29,160,160,160,160,160,158,0,7,15.231668490097162,2.0312160486355424,162.98608400393277,126.26582278481013
1774605793,10,,Aggregated,95.500000,0.200000,11,17,21,27,94,170,220,280,1200,1300,1300,4127,20,12,43.61275056807398,1.74287601839751,1315.9065779764205,1513.764962442452
1774605794,10,GET,/api/audio/latency,17.100000,0.000000,11,16,19,20,37,160,170,180,180,180,180,646,0,10,24.48365584555754,1.7488960875198245,276.61722898483276,33.0
1774605794,10,GET,/api/audio/levels,17.100000,0.000000,12,23,61,88,130,180,1200,1200,1300,1300,1300,647,0,13,68.90595528776463,1.8015020759776235,1279.3667929945514,76.79752704791345
1774605794,10,GET,/api/audio/levels (during plugin swap),4.200000,0.000000,9,17,25,46,150,190,1200,1200,1200,1200,1200,161,0,13,90.0504658488927,1.8672420410439372,1248.6227579647675,76.79503105590062
1774605794,10,GET,/api/audio/levels/plugins,4.200000,0.000000,9,15,16,17,22,120,210,210,210,210,210,160,0,7,19.633744677412324,1.803284976631403,210.46924404799938,20.9875
1774605794,10,GET,/api/audio/status,10.600000,0.000000,6,10,14,17,22,37,170,170,220,220,220,470,0,8,15.696661427686427,1.74287601839751,215.43521794956177,303.0
1774605794,10,GET,/api/chains/,0.900000,0.000000,25,170,180,180,240,240,240,240,240,240,240,55,0,20,125.65728728236122,2.441809978336096,1266.4346509845927,1478.2363636363636
1774605794,10,GET,/api/chains/{id},10.300000,0.000000,15,28,70,96,180,200,240,1200,1200,1200,1200,471,0,15,70.36937671938946,2.1435479866340756,1285.591093939729,806.8683651804671
1774605794,10,POST,/api/chains/{id}/activate,10.300000,0.100000,16,19,22,27,46,160,170,180,220,220,220,470,18,15,35.51464988800519,2.0521850092336535,1315.9065779764205,78.41489361702128
1774605794,10,POST,/api/chains/{id}/deactivate,10.600000,0.000000,8,13,15,17,34,110,190,210,210,210,210,470,2,7,16.808650216107516,2.0282140467315912,277.8663879726082,63.60212765957447
1774605794,10,POST,/api/plugins/batch/parameters (500 updates),7.400000,0.000000,25,60,120,140,240,260,1200,1200,1200,1200,1200,250,0,24,76.32948026200756,5.878655938431621,1200.075450935401,848.156
1774605794,10,GET,/api/plugins/discover,0.900000,0.000000,36,37,39,39,42,42,42,42,42,42,42,55,0,33,47.42428386922587,13.45750002656132,171.55159101821482,89708.0
1774605794,10,GET,/api/plugins/list,0.900000,0.000000,22,26,38,38,150,150,150,150,150,150,150,55,0,19,60.318458552302964,1.9019519677385688,1260.1326630683616,88.81818181818181
1774605794,10,POST,/api/plugins/load?uri,4.200000,0.000000,13,21,34,38,64,67,180,180,180,180,180,160,0,13,40.59491624284419,2.135409042239189,1300.1835549948737,2251.175
1774605794,10,POST,/api/plugins/unload?uri,4.200000,0.000000,5,10,13,14,21,29,160,160,160,160,160,160,0,7,15.1147406657401,2.0312160486355424,162.98608400393277,126.20625
1774605794,10,,Aggregated,102.900000,0.100000,12,18,22,31,110,170,220,280,1200,1300,1300,4230,20,12,43.49512861863805,1.74287601839751,1315.9065779764205,1486.635697399527
1774605795,10,GET,/api/audio/latency,16.700000,0.000000,10,15,17,19,33,160,170,180,180,180,180,663,0,10,24.24866631261858,1.7488960875198245,276.61722898483276,33.0
1774605795,10,GET,/api/audio/levels,16.800000,0.000000,11,19,49,76,130,170,1200,1200,1300,1300,1300,663,0,13,67.69072829969059,1.8015020759776235,1279.3667929945514,76.74509803921569
1774605795,10,GET,/api/audio/levels (during plugin swap),4.200000,0.000000,9,22,32,46,150,190,1200,1200,1200,1200,1200,167,0,13,88.24445347616751,1.8672420410439372,1248.6227579647675,76.81437125748504
1774605795,10,GET,/api/audio/levels/plugins,4.100000,0.000000,8,12,16,17,22,120,210,210,210,210,210,167,0,7,19.077909073072995,1.803284976631403,210.46924404799938,20.92814371257485
1774605795,10,GET,/api/audio/status,10.000000,0.000000,6,10,14,16,21,36,46,170,170,170,170,488,0,8,15.36288964643227,1.74287601839751,215.43521794956177,303.0
1774605795,10,GET,/api/chains/,0.900000,0.000000,170,170,180,180,240,240,240,240,240,240,240,55,0,20,125.65728728236122,2.441809978336096,1266.4346509845927,1478.2363636363636
1774605795,10,GET,/api/chains/{id},10.400000,0.000000,15,29,75,92,180,210,240,1200,1200,1200,1200,488,0,15,69.12150383558597,2.1435479866340756,1285.591093939729,804.563524590164
1774605795,10,POST,/api/chains/{id}/activate,10.200000,0.200000,16,19,23,27,47,170,180,190,220,220,220,488,19,15,35.1048027731566,2.0521850092336535,1315.9065779764205,78.88319672131148
1774605795,10,POST,/api/chains/{id}/deactivate,10.000000,0.000000,8,12,14,16,33,110,190,210,210,210,210,488,2,7,16.450758081608924,2.0282140467315912,277.8663879726082,63.54303278688525
1774605795,10,POST,/api/plugins/batch/parameters (500 updates),7.100000,0.000000,25,60,120,130,240,260,1200,1200,1200,1200,1200,260,0,24,75.01072624313215,5.878655938431621,1200.075450935401,847.4923076923077
1774605795,10,GET,/api/plugins/discover,0.900000,0.000000,37,37,39,39,42,42,42,42,42,42,42,55,0,33,47.42428386922587,13.45750002656132,171.55159101821482,89708.0
1774605795,10,GET,/api/plugins/list,0.900000,0.000000,26,26,38,38,150,150,150,150,150,150,150,55,0,19,60.318458552302964,1.9019519677385688,1260.1326630683616,88.81818181818181
1774605795,10,POST,/api/plugins/load?uri,4.200000,0.000000,13,20,34,38,43,150,180,180,180,180,180,167,0,13,40.24566562768228,2.135409042239189,1300.1835549948737,2315.3353293413174
1774605795,10,POST,/api/plugins/unload?uri,4.100000,0.000000,5,9,14,14,18,23,160,160,160,160,160,167,0,7,14.837424291024531,2.0312160486355424,162.98608400393277,126.38922155688623
1774605795,10,,Aggregated,100.500000,0.200000,11,17,22,29,110,170,220,280,1200,1300,1300,4371,21,12,42.73731808816906,1.74287601839751,1315.9065779764205,1452.1443605582247
1774605796,10,GET,/api/audio/latency,17.600000,0.000000,10,15,17,19,31,160,170,180,180,180,180,678,0,10,23.9358038265824,1.7488960875198245,276.61722898483276,33.0
1774605796,10,GET,/api/audio/levels,17.400000,0.000000,11,19,49,81,130,170,1200,1200,1300,1300,1300,678,0,13,67.0456272786192,1.8015020759776235,1279.3667929945514,76.79646017699115
1774605796,10,GET,/api/audio/levels (during plugin swap),4.700000,0.000000,10,22,32,46,150,190,1200,1200,1200,1200,1200,171,0,13,86.76737283931075,1.8672420410439372,1248.6227579647675,76.87719298245614
1774605796,10,GET,/api/audio/levels/plugins,4.800000,0.000000,6,11,16,17,22,120,210,210,210,210,210,171,0,7,18.736574930215134,1.803284976631403,210.46924404799938,20.91812865497076
1774605796,10,GET,/api/audio/status,10.900000,0.000000,6,10,13,15,21,26,46,170,170,170,170,500,0,8,15.183834079420194,1.74287601839751,215.43521794956177,303.0
1774605796,10,GET,/api/chains/,0.700000,0.000000,170,170,180,180,240,240,240,240,240,240,240,55,0,20,125.65728728236122,2.441809978336096,1266.4346509845927,1478.2363636363636
1774605796,10,GET,/api/chains/{id},10.800000,0.000000,15,31,64,92,170,200,240,1200,1200,1200,1200,500,0,15,68.25440016761422,2.1435479866340756,1285.591093939729,804.646
1774605796,10,POST,/api/chains/{id}/activate,10.900000,0.300000,16,19,23,27,46,160,180,190,220,220,220,500,19,15,34.61747943679802,2.0521850092336535,1315.9065779764205,78.23
1774605796,10,POST,/api/chains/{id}/deactivate,10.900000,0.000000,8,12,14,16,21,42,190,210,210,210,210,500,2,7,16.21702322503552,2.0282140467315912,277.8663879726082,63.506
1774605796,10,POST,/api/plugins/batch/parameters (500 updates),6.900000,0.000000,25,61,110,120,240,260,1200,1200,1200,1200,1200,269,0,24,74.17588963322203,5.878655938431621,1200.075450935401,846.9851301115242
1774605796,10,GET,/api/plugins/discover,0.700000,0.000000,37,37,39,39,42,42,42,42,42,42,42,55,0,33,47.42428386922587,13.45750002656132,171.55159101821482,89708.0
1774605796,10,GET,/api/plugins/list,0.700000,0.000000,26,26,38,38,150,150,150,150,150,150,150,55,0,19,60.318458552302964,1.9019519677385688,1260.1326630683616,88.81818181818181
1774605796,10,POST,/api/plugins/load?uri,4.800000,0.000000,13,19,28,35,43,150,180,180,180,180,180,171,0,13,39.57938344887736,2.135409042239189,1300.1835549948737,2328.8070175438597
1774605796,10,POST,/api/plugins/unload?uri,4.800000,0.000000,5,8,13,14,18,23,160,160,160,160,160,171,0,7,14.604996536498922,2.0312160486355424,162.98608400393277,126.25146198830409
1774605796,10,,Aggregated,106.600000,0.300000,11,17,22,28,96,170,220,260,1200,1300,1300,4474,21,12,42.22592729881529,1.74287601839751,1315.9065779764205,1426.830129637908
1774605797,10,GET,/api/audio/latency,15.900000,0.000000,9,15,18,20,24,110,170,180,180,180,180,699,0,10,23.463988719802504,1.7488960875198245,276.61722898483276,33.0
1774605797,10,GET,/api/audio/levels,16.000000,0.000000,11,19,47,82,120,170,1200,1200,1300,1300,1300,699,0,13,65.62017557595607,1.8015020759776235,1279.3667929945514,76.77539341917024
1774605797,10,GET,/api/audio/levels (during plugin swap),4.500000,0.000000,11,22,40,50,150,190,190,1200,1200,1200,1200,177,0,13,86.44774526299771,1.8672420410439372,1248.6227579647675,76.96610169491525
1774605797,10,GET,/api/audio/levels/plugins,4.400000,0.000000,6,9,16,16,20,120,170,210,210,210,210,177,0,7,18.492765746363517,1.803284976631403,210.46924404799938,20.903954802259886
1774605797,10,GET,/api/audio/status,10.600000,0.000000,6,10,14,16,22,31,46,170,170,170,170,512,0,8,15.129532491300779,1.74287601839751,215.43521794956177,303.0
1774605797,10,GET,/api/chains/,0.600000,0.000000,170,180,180,240,240,240,240,240,240,240,240,55,0,20,125.65728728236122,2.441809978336096,1266.4346509845927,1478.2363636363636
1774605797,10,GET,/api/chains/{id},10.700000,0.000000,15,32,75,93,170,210,240,1200,1200,1200,1200,512,0,15,68.60479598026359,2.1435479866340756,1285.591093939729,804.732421875
1774605797,10,POST,/api/chains/{id}/activate,10.600000,0.200000,16,19,23,27,47,170,180,190,220,220,220,512,20,15,35.08896109656234,2.0521850092336535,1315.9065779764205,78.896484375
1774605797,10,POST,/api/chains/{id}/deactivate,10.600000,0.000000,7,12,15,15,20,41,180,210,210,210,210,512,2,7,16.089787041892123,2.0282140467315912,277.8663879726082,63.421875
1774605797,10,POST,/api/plugins/batch/parameters (500 updates),7.100000,0.000000,25,70,120,160,240,260,1200,1200,1200,1200,1200,278,0,24,74.4917470440034,5.878655938431621,1200.075450935401,847.1546762589928
1774605797,10,GET,/api/plugins/discover,0.600000,0.000000,36,37,37,42,42,42,42,42,42,42,42,55,0,33,47.42428386922587,13.45750002656132,171.55159101821482,89708.0
1774605797,10,GET,/api/plugins/list,0.600000,0.000000,26,38,38,150,150,150,150,150,150,150,150,55,0,19,60.318458552302964,1.9019519677385688,1260.1326630683616,88.81818181818181
1774605797,10,POST,/api/plugins/load?uri,4.400000,0.000000,12,19,23,28,40,66,150,180,180,180,180,177,0,13,38.751304784979105,2.135409042239189,1300.1835549948737,2366.7570621468926
1774605797,10,POST,/api/plugins/unload?uri,4.400000,0.000000,5,8,10,13,16,23,29,160,160,160,160,177,0,7,14.334206761381889,2.0312160486355424,162.98608400393277,126.36723163841808
1774605797,10,,Aggregated,101.000000,0.200000,11,17,21,27,100,170,210,260,1200,1300,1300,4597,22,12,41.953804518463045,1.74287601839751,1315.9065779764205,1398.9562758320644
1774605798,10,GET,/api/audio/latency,15.900000,0.000000,8,14,17,19,23,41,160,170,170,170,170,699,0,10,23.463988719802504,1.7488960875198245,276.61722898483276,33.0
1774605798,10,GET,/api/audio/levels,16.000000,0.000000,10,16,22,50,100,130,170,170,180,180,180,699,0,13,65.62017557595607,1.8015020759776235,1279.3667929945514,76.77539341917024
1774605798,10,GET,/api/audio/levels (during plugin swap),4.500000,0.000000,11,22,32,50,150,160,190,190,190,190,190,177,0,13,86.44774526299771,1.8672420410439372,1248.6227579647675,76.96610169491525
1774605798,10,GET,/api/audio/levels/plugins,4.400000,0.000000,6,9,16,17,21,120,210,210,210,210,210,177,0,7,18.492765746363517,1.803284976631403,210.46924404799938,20.903954802259886
1774605798,10,GET,/api/audio/status,10.600000,0.000000,6,10,13,15,22,31,46,170,170,170,170,512,0,8,15.129532491300779,1.74287601839751,215.43521794956177,303.0
1774605798,10,GET,/api/chains/,0.600000,0.000000,170,180,180,240,240,240,240,240,240,240,240,55,0,20,125.65728728236122,2.441809978336096,1266.4346509845927,1478.2363636363636
1774605798,10,GET,/api/chains/{id},10.700000,0.000000,15,29,57,86,130,190,210,210,240,240,240,512,0,15,68.60479598026359,2.1435479866340756,1285.591093939729,804.732421875
1774605798,10,POST,/api/chains/{id}/activate,10.600000,0.200000,16,19,22,27,47,170,180,190,220,220,220,512,20,15,35.08896109656234,2.0521850092336535,1315.9065779764205,78.896484375
1774605798,10,POST,/api/chains/{id}/deactivate,10.600000,0.000000,8,12,15,16,20,41,180,210,210,210,210,512,2,7,16.089787041892123,2.0282140467315912,277.8663879726082,63.421875
1774605798,10,POST,/api/plugins/batch/parameters (500 updates),7.100000,0.000000,24,59,89,120,180,210,240,260,260,260,260,278,0,24,74.4917470440034,5.878655938431621,1200.075450935401,847.1546762589928
1774605798,10,GET,/api/plugins/discover,0.600000,0.000000,36,37,37,42,42,42,42,42,42,42,42,55,0,33,47.42428386922587,13.45750002656132,171.55159101821482,89708.0
1774605798,10,GET,/api/plugins/list,0.600000,0.000000,26,38,38,150,150,150,150,150,150,150,150,55,0,19,60.318458552302964,1.9019519677385688,1260.1326630683616,88.81818181818181
1774605798,10,POST,/api/plugins/load?uri,4.400000,0.000000,13,19,23,34,41,66,180,180,180,180,180,177,0,13,38.751304784979105,2.135409042239189,1300.1835549948737,2366.7570621468926
1774605798,10,POST,/api/plugins/unload?uri,4.400000,0.000000,5,8,10,14,16,23,160,160,160,160,160,177,0,7,14.334206761381889,2.0312160486355424,162.98608400393277,126.36723163841808
1774605798,10,,Aggregated,101.000000,0.200000,10,16,20,24,81,160,180,210,240,260,260,4597,22,12,41.953804518463045,1.74287601839751,1315.9065779764205,1398.9562758320644
1774605799,10,GET,/api/audio/latency,15.400000,0.000000,9,15,19,20,23,39,170,170,170,170,170,709,0,10,23.353768711284392,1.7488960875198245,276.61722898483276,33.0
1774605799,10,GET,/api/audio/levels,15.400000,0.000000,13,22,63,92,140,210,1100,1200,1300,1300,1300,715,0,13,74.55437392667197,1.8015020759776235,1279.3667929945514,76.9090909090909
1774605799,10,GET,/api/audio/levels (during plugin swap),4.500000,0.000000,11,23,46,69,160,190,190,190,190,190,190,177,0,13,86.44774526299771,1.8672420410439372,1248.6227579647675,76.96610169491525
1774605799,10,GET,/api/audio/levels/plugins,4.500000,0.000000,7,11,16,17,21,170,210,210,210,210,210,177,0,7,18.492765746363517,1.803284976631403,210.46924404799938,20.903954802259886
1774605799,10,GET,/api/audio/status,11.500000,0.000000,6,11,15,18,22,37,170,170,310,310,310,517,0,8,15.698732645430997,1.74287601839751,306.4645481063053,303.02514506769825
1774605799,10,GET,/api/chains/,0.500000,0.000000,170,170,180,180,180,180,180,180,180,180,180,55,0,20,125.65728728236122,2.441809978336096,1266.4346509845927,1478.2363636363636
1774605799,10,GET,/api/chains/{id},11.800000,0.000000,15,40,86,110,180,210,1200,1200,1200,1200,1200,518,0,15,77.18969090337394,2.1435479866340756,1285.591093939729,805.1100386100386
1774605799,10,POST,/api/chains/{id}/activate,11.500000,0.300000,16,19,23,30,62,170,180,190,220,220,220,517,20,15,34.91565839921591,2.0521850092336535,1315.9065779764205,78.61702127659575
1774605799,10,POST,/api/chains/{id}/deactivate,11.500000,0.000000,8,12,15,16,33,110,180,210,210,210,210,517,2,7,16.264471080202817,2.0282140467315912,277.8663879726082,63.40812379110251
1774605799,10,POST,/api/plugins/batch/parameters (500 updates),7.000000,0.000000,32,70,120,140,210,240,260,1200,1200,1200,1200,284,0,25,79.67116990541501,5.878655938431621,1238.6013260111213,846.8943661971831
1774605799,10,GET,/api/plugins/discover,0.500000,0.000000,37,37,42,42,42,42,42,42,42,42,42,55,0,33,47.42428386922587,13.45750002656132,171.55159101821482,89708.0
1774605799,10,GET,/api/plugins/list,0.500000,0.000000,38,38,150,150,150,150,150,150,150,150,150,55,0,19,60.318458552302964,1.9019519677385688,1260.1326630683616,88.81818181818181
1774605799,10,POST,/api/plugins/load?uri,4.500000,0.000000,15,20,34,36,43,150,180,180,180,180,180,177,0,13,38.751304784979105,2.135409042239189,1300.1835549948737,2366.7570621468926
1774605799,10,POST,/api/plugins/unload?uri,4.500000,0.000000,5,8,11,14,16,23,160,160,160,160,160,177,0,7,14.334206761381889,2.0312160486355424,162.98608400393277,126.36723163841808
1774605799,10,,Aggregated,103.600000,0.300000,12,18,22,34,110,170,220,1100,1300,1300,1300,4650,22,12,44.70087115259801,1.74287601839751,1315.9065779764205,1385.9735483870968
1774605800,10,GET,/api/audio/latency,17.500000,0.000000,9,15,18,19,23,150,240,240,240,240,240,737,0,10,24.62924415469321,1.7488960875198245,276.61722898483276,33.0
1774605800,10,GET,/api/audio/levels,17.500000,0.000000,12,19,32,55,120,200,1100,1200,1300,1300,1300,737,0,13,72.94849956501655,1.8015020759776235,1279.3667929945514,76.93351424694708
1774605800,10,GET,/api/audio/levels (during plugin swap),5.100000,0.000000,11,22,40,65,160,190,190,190,190,190,190,180,0,12,85.15852934279893,1.8672420410439372,1248.6227579647675,76.9
1774605800,10,GET,/api/audio/levels/plugins,5.100000,0.000000,6,9,14,16,20,120,170,170,170,170,170,180,0,6,18.261496773144852,1.803284976631403,210.46924404799938,20.933333333333334
1774605800,10,GET,/api/audio/status,12.700000,0.000000,6,11,14,17,22,26,170,170,310,310,310,533,0,8,15.554276904166374,1.74287601839751,306.4645481063053,303.0243902439024
1774605800,10,GET,/api/chains/,0.500000,0.000000,170,170,180,180,180,180,180,180,180,180,180,55,0,20,125.65728728236122,2.441809978336096,1266.4346509845927,1478.2363636363636
1774605800,10,GET,/api/chains/{id},12.700000,0.000000,15,35,71,93,150,190,1200,1200,1200,1200,1200,534,0,15,75.73675009886793,2.1435479866340756,1285.591093939729,804.2172284644195
1774605800,10,POST,/api/chains/{id}/activate,12.700000,0.400000,16,19,22,26,45,170,190,220,230,230,230,533,20,15,34.70727989553189,2.0521850092336535,1315.9065779764205,77.91744840525328
1774605800,10,POST,/api/chains/{id}/deactivate,12.700000,0.000000,7,12,14,15,19,36,180,210,210,210,210,533,2,7,16.04183492561764,2.0282140467315912,277.8663879726082,63.31894934333959
1774605800,10,POST,/api/plugins/batch/parameters (500 updates),7.900000,0.000000,23,55,93,120,210,240,260,1200,1200,1200,1200,294,0,24,77.50206864019222,5.878655938431621,1238.6013260111213,847.7278911564625
1774605800,10,GET,/api/plugins/discover,0.500000,0.000000,37,37,42,42,42,42,42,42,42,42,42,55,0,33,47.42428386922587,13.45750002656132,171.55159101821482,89708.0
1774605800,10,GET,/api/plugins/list,0.500000,0.000000,38,38,150,150,150,150,150,150,150,150,150,55,0,19,60.318458552302964,1.9019519677385688,1260.1326630683616,88.81818181818181
1774605800,10,POST,/api/plugins/load?uri,5.100000,0.000000,9,18,21,25,41,150,180,180,180,180,180,180,0,13,38.197148859681974,2.135409042239189,1300.1835549948737,2355.0555555555557
1774605800,10,POST,/api/plugins/unload?uri,5.100000,0.000000,5,8,9,11,15,16,23,23,23,23,23,180,0,7,14.20213252099024,2.0312160486355424,162.98608400393277,126.29444444444445
1774605800,10,,Aggregated,115.600000,0.400000,10,16,21,23,92,170,240,310,1200,1300,1300,4786,22,12,44.163814171988356,1.74287601839751,1315.9065779764205,1354.1322607605516
1774605801,10,GET,/api/audio/latency,16.000000,0.000000,10,15,18,19,23,160,240,240,240,240,240,748,0,10,24.413313160408887,1.7488960875198245,276.61722898483276,33.0
1774605801,10,GET,/api/audio/levels,15.900000,0.000000,14,22,55,92,150,210,1200,1200,1300,1300,1300,748,0,13,72.67354359790524,1.8015020759776235,1279.3667929945514,76.97994652406418
1774605801,10,GET,/api/audio/levels (during plugin swap),5.000000,0.000000,15,40,69,71,160,190,200,200,200,200,200,185,0,13,84.93824919396256,1.8672420410439372,1248.6227579647675,76.7945945945946
1774605801,10,GET,/api/audio/levels/plugins,5.000000,0.000000,7,9,12,16,18,21,170,170,170,170,170,183,0,7,18.121107677990175,1.803284976631403,210.46924404799938,20.89071038251366
1774605801,10,GET,/api/audio/status,12.200000,0.000000,6,11,14,17,22,26,170,170,310,310,310,543,0,8,15.415379317034839,1.74287601839751,306.4645481063053,303.02394106813995
1774605801,10,GET,/api/chains/,0.400000,0.000000,180,180,180,180,180,180,180,180,180,180,180,55,0,20,125.65728728236122,2.441809978336096,1266.4346509845927,1478.2363636363636
1774605801,10,GET,/api/chains/{id},12.200000,0.000000,17,51,93,110,170,210,1200,1200,1200,1200,1200,546,0,15,75.89558819918672,2.1435479866340756,1285.591093939729,803.978021978022
1774605801,10,POST,/api/chains/{id}/activate,12.200000,0.400000,16,19,23,27,46,170,190,220,230,230,230,543,20,15,34.327933521903574,2.0521850092336535,1315.9065779764205,77.49539594843462
1774605801,10,POST,/api/chains/{id}/deactivate,12.200000,0.000000,6,12,14,15,18,22,180,210,210,210,210,543,2,7,15.836701133248996,2.0282140467315912,277.8663879726082,63.294659300184165
1774605801,10,POST,/api/plugins/batch/parameters (500 updates),7.000000,0.000000,25,66,110,120,230,250,260,1200,1200,1200,1200,304,0,24,77.92856569836945,5.878655938431621,1238.6013260111213,848.6940789473684
1774605801,10,GET,/api/plugins/discover,0.400000,0.000000,37,37,37,37,37,37,37,37,37,37,37,55,0,33,47.42428386922587,13.45750002656132,171.55159101821482,89708.0
1774605801,10,GET,/api/plugins/list,0.400000,0.000000,150,150,150,150,150,150,150,150,150,150,150,55,0,19,60.318458552302964,1.9019519677385688,1260.1326630683616,88.81818181818181
1774605801,10,POST,/api/plugins/load?uri,5.000000,0.000000,9,17,21,36,43,180,220,220,220,220,220,184,0,13,38.77471780288033,2.135409042239189,1300.1835549948737,2331.679347826087
1774605801,10,POST,/api/plugins/unload?uri,5.000000,0.000000,6,8,8,9,14,15,16,16,16,16,16,183,0,7,14.072912954470866,2.0312160486355424,162.98608400393277,126.22950819672131
1774605801,10,,Aggregated,108.900000,0.400000,12,17,22,31,110,180,240,1100,1300,1300,1300,4875,22,12,44.089604750203975,1.74287601839751,1315.9065779764205,1335.4908717948717
1774605802,10,GET,/api/audio/latency,14.800000,0.000000,9,15,17,19,23,150,240,240,240,240,240,768,0,10,24.010406070677465,1.7488960875198245,276.61722898483276,33.0
1774605802,10,GET,/api/audio/levels,15.400000,0.000000,12,20,36,88,150,210,1200,1200,1300,1300,1300,768,0,13,71.57621516959505,1.8015020759776235,1279.3667929945514,76.97786458333333
1774605802,10,GET,/api/audio/levels (during plugin swap),4.000000,0.000000,12,32,45,57,130,160,200,200,200,200,200,192,0,13,82.62268686970249,1.8672420410439372,1248.6227579647675,76.859375
1774605802,10,GET,/api/audio/levels/plugins,4.000000,0.000000,6,8,12,16,20,23,170,170,170,170,170,192,0,6,18.416409651763388,1.803284976631403,210.46924404799938,20.838541666666668
1774605802,10,GET,/api/audio/status,11.400000,0.000000,7,12,17,18,25,35,170,170,310,310,310,556,0,8,15.390737045040394,1.74287601839751,306.4645481063053,303.02338129496405
1774605802,10,GET,/api/chains/,0.400000,0.000000,6,6,6,6,6,6,6,6,6,6,6,55,0,20,125.65728728236122,2.441809978336096,1266.4346509845927,1478.2363636363636
1774605802,10,GET,/api/chains/{id},11.500000,0.000000,16,38,92,110,160,210,1200,1200,1200,1200,1200,557,0,15,75.04871393523815,2.1435479866340756,1285.591093939729,803.8994614003591
1774605802,10,POST,/api/chains/{id}/activate,11.500000,0.400000,16,19,23,27,47,180,200,220,230,230,230,557,22,15,34.69757656788343,2.0521850092336535,1315.9065779764205,79.1113105924596
1774605802,10,POST,/api/chains/{id}/deactivate,11.400000,0.000000,7,11,14,15,18,22,180,210,210,210,210,556,2,7,15.633087595606478,2.0282140467315912,277.8663879726082,63.264388489208635
1774605802,10,POST,/api/plugins/batch/parameters (500 updates),6.200000,0.000000,24,60,97,120,210,250,260,1200,1200,1200,1200,313,0,24,76.59353189856206,5.878655938431621,1238.6013260111213,849.0383386581469
1774605802,10,GET,/api/plugins/discover,0.400000,0.000000,37,37,37,37,37,37,37,37,37,37,37,55,0,33,47.42428386922587,13.45750002656132,171.55159101821482,89708.0
1774605802,10,GET,/api/plugins/list,0.400000,0.000000,22,22,22,22,22,22,22,22,22,22,22,55,0,19,60.318458552302964,1.9019519677385688,1260.1326630683616,88.81818181818181
1774605802,10,POST,/api/plugins/load?uri,4.000000,0.000000,9,17,19,19,43,160,220,220,220,220,220,192,0,13,38.379931270052715,2.135409042239189,1300.1835549948737,2328.9375
1774605802,10,POST,/api/plugins/unload?uri,4.000000,0.000000,6,8,9,10,14,16,23,23,23,23,23,192,0,7,13.858838784775193,2.0312160486355424,162.98608400393277,126.25
1774605802,10,,Aggregated,99.400000,0.400000,11,16,21,25,100,170,240,310,1200,1300,1300,5008,24,12,43.536058890491205,1.74287601839751,1315.9065779764205,1309.1028354632588
1774605803,10,GET,/api/audio/latency,16.300000,0.000000,7,13,17,19,23,76,240,240,240,240,240,789,0,10,23.70016978353059,1.7488960875198245,276.61722898483276,33.0
1774605803,10,GET,/api/audio/levels,16.300000,0.000000,14,22,75,95,140,210,1100,1200,1300,1300,1300,790,0,13,70.83184927498591,1.8015020759776235,1279.3667929945514,76.91645569620253
1774605803,10,GET,/api/audio/levels (during plugin swap),3.900000,0.000000,18,43,68,69,160,190,200,200,200,200,200,195,0,13,81.78598122038424,1.8672420410439372,1248.6227579647675,76.86666666666666
1774605803,10,GET,/api/audio/levels/plugins,4.000000,0.000000,5,8,9,16,20,23,160,160,160,160,160,195,0,6,18.201868606205934,1.803284976631403,210.46924404799938,20.8
1774605803,10,GET,/api/audio/status,12.300000,0.000000,7,13,17,18,25,31,35,39,310,310,310,563,0,8,15.351552614234189,1.74287601839751,306.4645481063053,303.02309058614566
1774605803,10,GET,/api/chains/,0.200000,0.000000,6,6,6,6,6,6,6,6,6,6,6,55,0,20,125.65728728236122,2.441809978336096,1266.4346509845927,1478.2363636363636
1774605803,10,GET,/api/chains/{id},12.300000,0.000000,16,48,93,110,170,210,1200,1200,1200,1200,1200,564,0,15,74.46339249640624,2.1435479866340756,1285.591093939729,804.1063829787234
1774605803,10,POST,/api/chains/{id}/activate,12.300000,0.400000,16,19,24,30,49,170,200,200,230,230,230,563,22,15,34.56037182987008,2.0521850092336535,1315.9065779764205,78.77442273534636
1774605803,10,POST,/api/chains/{id}/deactivate,12.400000,0.000000,6,10,14,15,18,22,180,210,210,210,210,561,2,7,15.543710684848687,2.0282140467315912,277.8663879726082,63.253119429590015
1774605803,10,POST,/api/plugins/batch/parameters (500 updates),6.800000,0.000000,25,66,110,130,210,250,260,1200,1200,1200,1200,318,0,24,76.50876252541507,5.878655938431621,1238.6013260111213,849.1415094339623
1774605803,10,GET,/api/plugins/discover,0.200000,0.000000,37,37,37,37,37,37,37,37,37,37,37,55,0,33,47.42428386922587,13.45750002656132,171.55159101821482,89708.0
1774605803,10,GET,/api/plugins/list,0.200000,0.000000,22,22,22,22,22,22,22,22,22,22,22,55,0,19,60.318458552302964,1.9019519677385688,1260.1326630683616,88.81818181818181
1774605803,10,POST,/api/plugins/load?uri,3.900000,0.000000,15,18,19,25,150,180,220,220,220,220,220,195,0,13,38.069470999881815,2.135409042239189,1300.1835549948737,2317.8205128205127
1774605803,10,POST,/api/plugins/unload?uri,4.000000,0.000000,6,8,9,10,15,21,23,23,23,23,23,195,0,7,13.742997557617342,2.0312160486355424,162.98608400393277,126.34358974358975
1774605803,10,,Aggregated,105.100000,0.400000,11,17,22,31,110,180,240,1100,1300,1300,1300,5093,24,12,43.24410634446138,1.74287601839751,1315.9065779764205,1291.2951109365797
1774605804,10,GET,/api/audio/latency,14.800000,0.000000,7,15,18,19,27,160,240,240,420,420,420,803,0,10,24.24963278731315,1.7488960875198245,421.2388260057196,33.0
1774605804,10,GET,/api/audio/levels,14.800000,0.000000,12,22,70,92,150,300,1100,1200,1300,1300,1300,803,0,13,70.89440901876819,1.8015020759776235,1279.3667929945514,76.88542963885429
1774605804,10,GET,/api/audio/levels (during plugin swap),3.600000,0.000000,13,45,65,69,160,200,380,380,380,380,380,199,0,13,82.46909999393918,1.8672420410439372,1248.6227579647675,76.91959798994975
1774605804,10,GET,/api/audio/levels/plugins,3.400000,0.000000,5,8,15,16,21,23,160,160,160,160,160,199,0,6,18.08094140259203,1.803284976631403,210.46924404799938,20.79396984924623
1774605804,10,GET,/api/audio/status,11.500000,0.000000,8,13,16,17,25,31,35,180,310,310,310,575,0,8,15.543086453664886,1.74287601839751,306.4645481063053,303.04521739130433
1774605804,10,GET,/api/chains/,0.200000,0.000000,6,6,6,6,6,6,6,6,6,6,6,55,0,20,125.65728728236122,2.441809978336096,1266.4346509845927,1478.2363636363636
1774605804,10,GET,/api/chains/{id},11.800000,0.000000,16,48,93,110,170,390,1200,1200,1200,1200,1200,575,0,15,74.77195002138615,2.1435479866340756,1285.591093939729,804.0278260869566
1774605804,10,POST,/api/chains/{id}/activate,11.500000,0.400000,15,18,23,33,49,180,200,230,420,420,420,575,22,15,34.91410264259447,2.0521850092336535,1315.9065779764205,78.20869565217392
1774605804,10,POST,/api/chains/{id}/deactivate,11.500000,0.000000,6,10,13,15,17,21,140,420,420,420,420,575,2,7,16.83803978983475,2.0282140467315912,422.81735595315695,63.22260869565218
1774605804,10,POST,/api/plugins/batch/parameters (500 updates),7.100000,0.000000,24,55,93,110,210,250,380,1200,1200,1200,1200,326,0,24,76.51075730000285,5.878655938431621,1238.6013260111213,848.4079754601227
1774605804,10,GET,/api/plugins/discover,0.200000,0.000000,37,37,37,37,37,37,37,37,37,37,37,55,0,33,47.42428386922587,13.45750002656132,171.55159101821482,89708.0
1774605804,10,GET,/api/plugins/list,0.200000,0.000000,22,22,22,22,22,22,22,22,22,22,22,55,0,19,60.318458552302964,1.9019519677385688,1260.1326630683616,88.81818181818181
1774605804,10,POST,/api/plugins/load?uri,3.500000,0.000000,13,18,19,25,40,160,220,220,220,220,220,199,0,13,37.636046215948,2.135409042239189,1300.1835549948737,2311.618090452261
1774605804,10,POST,/api/plugins/unload?uri,3.400000,0.000000,6,8,9,10,15,21,23,23,23,23,23,199,0,7,13.602480671401299,2.0312160486355424,162.98608400393277,126.52763819095478
1774605804,10,,Aggregated,97.500000,0.400000,11,17,22,30,100,180,380,1100,1300,1300,1300,5193,24,12,43.534513199324394,1.74287601839751,1315.9065779764205,1272.3807047949163
1774605805,10,GET,/api/audio/latency,15.100000,0.000000,7,15,18,20,27,150,240,240,420,420,420,825,0,10,23.84126728146591,1.7488960875198245,421.2388260057196,33.0
1774605805,10,GET,/api/audio/levels,15.000000,0.000000,11,22,67,80,160,300,1200,1200,1300,1300,1300,825,0,13,69.56881753973325,1.8015020759776235,1279.3667929945514,76.87636363636364
1774605805,10,GET,/api/audio/levels (during plugin swap),4.100000,0.000000,12,56,68,88,160,200,380,380,380,380,380,204,0,13,81.63405393476269,1.8672420410439372,1248.6227579647675,76.82352941176471
1774605805,10,GET,/api/audio/levels/plugins,4.200000,0.000000,6,12,16,16,21,23,160,160,160,160,160,204,0,6,17.866201726742563,1.803284976631403,210.46924404799938,20.818627450980394
1774605805,10,GET,/api/audio/status,11.900000,0.000000,7,14,17,20,26,31,180,310,310,310,310,590,0,8,15.305342738342992,1.74287601839751,306.4645481063053,303.0440677966102
1774605805,10,GET,/api/chains/,0.100000,0.000000,6,6,6,6,6,6,6,6,6,6,6,55,0,20,125.65728728236122,2.441809978336096,1266.4346509845927,1478.2363636363636
1774605805,10,GET,/api/chains/{id},11.500000,0.000000,15,38,72,110,180,400,1200,1200,1200,1200,1200,590,0,15,73.38509928332483,2.1435479866340756,1285.591093939729,804.2779661016949
1774605805,10,POST,/api/chains/{id}/activate,11.700000,0.500000,14,18,22,27,51,180,230,420,420,420,420,590,22,15,34.25960750772886,2.0521850092336535,1315.9065779764205,77.66101694915254
1774605805,10,POST,/api/chains/{id}/deactivate,11.900000,0.000000,6,10,14,15,19,22,420,420,420,420,420,590,2,7,16.577333179736605,2.0282140467315912,422.81735595315695,63.19152542372881
1774605805,10,POST,/api/plugins/batch/parameters (500 updates),7.600000,0.000000,22,43,59,97,230,250,380,1200,1200,1200,1200,335,0,24,74.84051160264148,5.878655938431621,1238.6013260111213,848.4507462686568
1774605805,10,GET,/api/plugins/discover,0.100000,0.000000,37,37,37,37,37,37,37,37,37,37,37,55,0,33,47.42428386922587,13.45750002656132,171.55159101821482,89708.0
1774605805,10,GET,/api/plugins/list,0.100000,0.000000,22,22,22,22,22,22,22,22,22,22,22,55,0,19,60.318458552302964,1.9019519677385688,1260.1326630683616,88.81818181818181
1774605805,10,POST,/api/plugins/load?uri,4.100000,0.000000,13,19,19,22,32,160,220,220,220,220,220,204,0,13,36.97467136297229,2.135409042239189,1300.1835549948737,2317.4901960784314
1774605805,10,POST,/api/plugins/unload?uri,4.200000,0.000000,6,8,8,8,12,21,23,23,23,23,23,203,0,7,13.447712471460914,2.0312160486355424,162.98608400393277,126.44827586206897
1774605805,10,,Aggregated,101.600000,0.500000,10,17,22,27,100,200,390,1100,1300,1300,1300,5325,24,12,42.79132761336653,1.74287601839751,1315.9065779764205,1248.786103286385
1774605807,10,GET,/api/audio/latency,15.100000,0.000000,11,16,19,21,29,160,240,240,420,420,420,844,0,10,24.02423605252768,1.7488960875198245,421.2388260057196,33.0
1774605807,10,GET,/api/audio/levels,15.200000,0.000000,13,32,72,95,180,220,1100,1200,1300,1300,1300,844,0,13,69.815245581409,1.8015020759776235,1279.3667929945514,76.88151658767772
1774605807,10,GET,/api/audio/levels (during plugin swap),3.600000,0.000000,12,56,68,88,180,200,380,380,380,380,380,209,0,13,80.69867167274276,1.8672420410439372,1248.6227579647675,76.73205741626795
1774605807,10,GET,/api/audio/levels/plugins,3.600000,0.000000,7,15,16,18,21,23,160,160,160,160,160,209,0,7,17.710952939349784,1.7756660236045718,210.46924404799938,20.779904306220097
1774605807,10,GET,/api/audio/status,10.800000,0.000000,8,15,17,19,25,31,35,180,310,310,310,602,0,8,15.24316099243381,1.74287601839751,306.4645481063053,303.04318936877075
1774605807,10,GET,/api/chains/,0.000000,0.000000,6,6,6,6,6,6,6,6,6,6,6,55,0,20,125.65728728236122,2.441809978336096,1266.4346509845927,1478.2363636363636
1774605807,10,GET,/api/chains/{id},10.900000,0.000000,15,51,97,110,190,400,1200,1200,1200,1200,1200,602,0,15,73.3858934503847,2.1435479866340756,1285.591093939729,804.3521594684386
1774605807,10,POST,/api/chains/{id}/activate,10.800000,0.400000,15,18,26,29,51,170,200,230,420,420,420,602,23,15,34.42769132665145,2.0521850092336535,1315.9065779764205,78.19767441860465
1774605807,10,POST,/api/chains/{id}/deactivate,10.600000,0.000000,6,10,13,15,18,22,140,420,420,420,420,602,2,7,16.40190830086033,2.0282140467315912,422.81735595315695,63.167774086378735
1774605807,10,POST,/api/plugins/batch/parameters (500 updates),7.800000,0.000000,22,45,70,140,210,250,380,1200,1200,1200,1200,340,0,24,75.13059669667307,5.878655938431621,1238.6013260111213,849.285294117647
1774605807,10,GET,/api/plugins/discover,0.000000,0.000000,37,37,37,37,37,37,37,37,37,37,37,55,0,33,47.42428386922587,13.45750002656132,171.55159101821482,89708.0
1774605807,10,GET,/api/plugins/list,0.000000,0.000000,22,22,22,22,22,22,22,22,22,22,22,55,0,19,60.318458552302964,1.9019519677385688,1260.1326630683616,88.81818181818181
1774605807,10,POST,/api/plugins/load?uri,3.600000,0.000000,10,19,19,22,32,160,220,220,220,220,220,209,0,13,36.321222167751756,2.135409042239189,1300.1835549948737,2374.215311004785
1774605807,10,POST,/api/plugins/unload?uri,3.600000,0.000000,6,8,8,10,16,23,140,140,140,140,140,209,0,7,13.906293094122525,2.0269210217520595,162.98608400393277,126.78947368421052
1774605807,10,,Aggregated,95.600000,0.400000,11,18,22,31,110,190,380,1100,1300,1300,1300,5437,25,12,42.78116589913983,1.74287601839751,1315.9065779764205,1231.6477837042487
1774605808,10,GET,/api/audio/latency,15.700000,0.000000,8,15,18,21,29,160,240,240,420,420,420,867,0,9,23.542976671520453,1.7488960875198245,421.2388260057196,33.0
1774605808,10,GET,/api/audio/levels,15.600000,0.000000,14,26,71,95,180,220,1100,1200,1300,1300,1300,867,0,13,68.50114624089032,1.8015020759776235,1279.3667929945514,76.83852364475202
1774605808,10,GET,/api/audio/levels (during plugin swap),3.800000,0.000000,13,45,68,72,120,200,380,380,380,380,380,217,0,13,79.09579277263894,1.8672420410439372,1248.6227579647675,76.83410138248848
1774605808,10,GET,/api/audio/levels/plugins,3.900000,0.000000,6,12,16,16,18,23,160,160,160,160,160,217,0,7,17.372085853943318,1.7756660236045718,210.46924404799938,20.70967741935484
1774605808,10,GET,/api/audio/status,10.500000,0.000000,7,13,16,17,22,30,35,180,310,310,310,614,0,8,15.050256855752476,1.74287601839751,306.4645481063053,303.04234527687294
1774605808,10,GET,/api/chains/,0.000000,0.000000,6,6,6,6,6,6,6,6,6,6,6,55,0,20,125.65728728236122,2.441809978336096,1266.4346509845927,1478.2363636363636
1774605808,10,GET,/api/chains/{id},10.400000,0.000000,15,31,72,110,170,390,1200,1200,1200,1200,1200,614,0,15,72.3805703685,2.1435479866340756,1285.591093939729,804.1368078175896
1774605808,10,POST,/api/chains/{id}/activate,10.500000,0.400000,13,17,22,26,44,160,200,230,420,420,420,614,23,15,33.93402432394138,2.0521850092336535,1315.9065779764205,77.71986970684038
1774605808,10,POST,/api/chains/{id}/deactivate,10.500000,0.000000,5,9,10,13,18,22,140,420,420,420,420,614,2,7,16.17498487345601,2.0282140467315912,422.81735595315695,63.144951140065146
1774605808,10,POST,/api/plugins/batch/parameters (500 updates),7.600000,0.000000,22,42,62,95,170,250,380,1200,1200,1200,1200,349,0,24,74.08608801704284,5.878655938431621,1238.6013260111213,849.4985673352436
1774605808,10,GET,/api/plugins/discover,0.000000,0.000000,37,37,37,37,37,37,37,37,37,37,37,55,0,33,47.42428386922587,13.45750002656132,171.55159101821482,89708.0
1774605808,10,GET,/api/plugins/list,0.000000,0.000000,22,22,22,22,22,22,22,22,22,22,22,55,0,19,60.318458552302964,1.9019519677385688,1260.1326630683616,88.81818181818181
1774605808,10,POST,/api/plugins/load?uri,3.900000,0.000000,10,17,19,19,31,160,220,220,220,220,220,217,0,12,35.30728201004183,2.135409042239189,1300.1835549948737,2371.2396313364056
1774605808,10,POST,/api/plugins/unload?uri,3.900000,0.000000,7,8,10,11,16,23,140,140,140,140,140,217,0,7,13.675764851134769,2.0269210217520595,162.98608400393277,126.71428571428571
1774605808,10,,Aggregated,96.300000,0.400000,10,17,22,27,100,180,380,1100,1300,1300,1300,5572,25,12,42.086793128223036,1.74287601839751,1315.9065779764205,1209.8627063890883
1774605809,10,GET,/api/audio/latency,16.000000,0.000000,8,15,18,21,33,170,240,240,420,420,420,886,0,10,23.63928348079858,1.7488960875198245,421.2388260057196,33.0
1774605809,10,GET,/api/audio/levels,16.000000,0.000000,12,22,52,70,130,180,210,390,430,430,430,886,0,13,67.98869391990527,1.8015020759776235,1279.3667929945514,76.87358916478556
1774605809,10,GET,/api/audio/levels (during plugin swap),3.700000,0.000000,13,45,68,72,120,200,380,380,380,380,380,217,0,13,79.09579277263894,1.8672420410439372,1248.6227579647675,76.83410138248848
1774605809,10,GET,/api/audio/levels/plugins,3.700000,0.000000,6,12,16,16,18,23,160,160,160,160,160,217,0,7,17.372085853943318,1.7756660236045718,210.46924404799938,20.70967741935484
1774605809,10,GET,/api/audio/status,10.000000,0.000000,7,14,17,18,26,32,35,35,180,180,180,628,0,8,15.131595432179962,1.74287601839751,306.4645481063053,303.04140127388536
1774605809,10,GET,/api/chains/,0.000000,0.000000,6,6,6,6,6,6,6,6,6,6,6,55,0,20,125.65728728236122,2.441809978336096,1266.4346509845927,1478.2363636363636
1774605809,10,GET,/api/chains/{id},10.000000,0.000000,15,38,72,110,170,190,210,390,400,400,400,628,0,15,73.07661332339819,2.1435479866340756,1285.591093939729,804.5079617834394
1774605809,10,POST,/api/chains/{id}/activate,10.000000,0.300000,13,18,25,29,51,160,200,200,420,420,420,628,23,15,34.533481745369684,2.0521850092336535,1315.9065779764205,77.2452229299363
1774605809,10,POST,/api/chains/{id}/deactivate,10.000000,0.000000,5,9,11,15,18,20,27,420,420,420,420,627,2,7,16.049355289087803,2.0282140467315912,422.81735595315695,63.08133971291866
1774605809,10,POST,/api/plugins/batch/parameters (500 updates),7.500000,0.000000,21,31,45,62,150,200,250,380,380,380,380,353,0,24,73.58068311006548,5.878655938431621,1238.6013260111213,849.844192634561
1774605809,10,GET,/api/plugins/discover,0.000000,0.000000,37,37,37,37,37,37,37,37,37,37,37,55,0,33,47.42428386922587,13.45750002656132,171.55159101821482,89708.0
1774605809,10,GET,/api/plugins/list,0.000000,0.000000,22,22,22,22,22,22,22,22,22,22,22,55,0,19,60.318458552302964,1.9019519677385688,1260.1326630683616,88.81818181818181
1774605809,10,POST,/api/plugins/load?uri,3.700000,0.000000,10,17,19,19,31,160,220,220,220,220,220,217,0,12,35.30728201004183,2.135409042239189,1300.1835549948737,2371.2396313364056
1774605809,10,POST,/api/plugins/unload?uri,3.600000,0.000000,7,8,10,11,16,23,140,140,140,140,140,217,0,7,13.675764851134769,2.0269210217520595,162.98608400393277,126.71428571428571
1774605809,10,,Aggregated,94.200000,0.300000,10,16,22,26,78,160,210,250,420,430,430,5669,25,12,42.106358966358734,1.74287601839751,1315.9065779764205,1193.2081495854648
1774605810,10,GET,/api/audio/latency,16.000000,0.000000,7,14,17,19,28,44,180,180,420,420,420,886,0,10,23.63928348079858,1.7488960875198245,421.2388260057196,33.0
1774605810,10,GET,/api/audio/levels,16.000000,0.000000,12,24,54,77,140,190,220,390,430,430,430,886,0,13,67.98869391990527,1.8015020759776235,1279.3667929945514,76.87358916478556
1774605810,10,GET,/api/audio/levels (during plugin swap),3.700000,0.000000,15,56,68,72,120,200,380,380,380,380,380,217,0,13,79.09579277263894,1.8672420410439372,1248.6227579647675,76.83410138248848
1774605810,10,GET,/api/audio/levels/plugins,3.700000,0.000000,8,14,16,16,18,23,160,160,160,160,160,217,0,7,17.372085853943318,1.7756660236045718,210.46924404799938,20.70967741935484
1774605810,10,GET,/api/audio/status,10.000000,0.000000,7,15,17,18,28,32,35,180,180,180,180,628,0,8,15.131595432179962,1.74287601839751,306.4645481063053,303.04140127388536
1774605810,10,GET,/api/chains/,0.000000,0.000000,6,6,6,6,6,6,6,6,6,6,6,55,0,20,125.65728728236122,2.441809978336096,1266.4346509845927,1478.2363636363636
1774605810,10,GET,/api/chains/{id},10.000000,0.000000,18,48,97,130,180,200,390,400,400,400,400,628,0,15,73.07661332339819,2.1435479866340756,1285.591093939729,804.5079617834394
1774605810,10,POST,/api/chains/{id}/activate,10.000000,0.300000,13,18,26,34,160,160,200,420,420,420,420,628,23,15,34.533481745369684,2.0521850092336535,1315.9065779764205,77.2452229299363
1774605810,10,POST,/api/chains/{id}/deactivate,10.000000,0.000000,5,9,10,14,17,20,420,420,420,420,420,627,2,7,16.049355289087803,2.0282140467315912,422.81735595315695,63.08133971291866
1774605810,10,POST,/api/plugins/batch/parameters (500 updates),7.500000,0.000000,23,35,56,70,150,250,250,380,380,380,380,353,0,24,73.58068311006548,5.878655938431621,1238.6013260111213,849.844192634561
1774605810,10,GET,/api/plugins/discover,0.000000,0.000000,37,37,37,37,37,37,37,37,37,37,37,55,0,33,47.42428386922587,13.45750002656132,171.55159101821482,89708.0
1774605810,10,GET,/api/plugins/list,0.000000,0.000000,22,22,22,22,22,22,22,22,22,22,22,55,0,19,60.318458552302964,1.9019519677385688,1260.1326630683616,88.81818181818181
1774605810,10,POST,/api/plugins/load?uri,3.700000,0.000000,11,17,19,19,31,160,220,220,220,220,220,217,0,12,35.30728201004183,2.135409042239189,1300.1835549948737,2371.2396313364056
1774605810,10,POST,/api/plugins/unload?uri,3.600000,0.000000,7,9,10,11,16,23,140,140,140,140,140,217,0,7,13.675764851134769,2.0269210217520595,162.98608400393277,126.71428571428571
1774605810,10,,Aggregated,94.200000,0.300000,10,17,22,28,97,160,210,380,430,430,430,5669,25,12,42.106358966358734,1.74287601839751,1315.9065779764205,1193.2081495854648
1774605811,10,GET,/api/audio/latency,16.800000,0.000000,8,16,21,24,33,160,180,180,420,420,420,898,0,10,23.992522540844497,1.7488960875198245,421.2388260057196,33.0
1774605811,10,GET,/api/audio/levels,16.800000,0.000000,14,36,70,83,170,220,1200,1200,1200,1200,1200,898,0,13,74.33452841295303,1.8015020759776235,1279.3667929945514,76.92316258351893
1774605811,10,GET,/api/audio/levels (during plugin swap),4.000000,0.000000,14,45,68,73,110,180,380,380,380,380,380,219,0,13,78.8389233176992,1.8672420410439372,1248.6227579647675,76.79908675799086
1774605811,10,GET,/api/audio/levels/plugins,4.000000,0.000000,9,15,16,16,22,23,160,160,160,160,160,219,0,7,17.387634649826,1.7756660236045718,210.46924404799938,20.707762557077626
1774605811,10,GET,/api/audio/status,10.200000,0.000000,9,15,18,20,28,33,180,180,180,180,180,638,0,8,15.346999704395493,1.74287601839751,306.4645481063053,303.0407523510972
1774605811,10,GET,/api/chains/,0.000000,0.000000,0,0,0,0,0,0,0,0,0,0,0,55,0,20,125.65728728236122,2.441809978336096,1266.4346509845927,1478.2363636363636
1774605811,10,GET,/api/chains/{id},10.200000,0.000000,19,55,100,150,200,400,1200,1300,1300,1300,1300,638,0,15,80.542149972156,2.1435479866340756,1285.591093939729,804.0156739811912
1774605811,10,POST,/api/chains/{id}/activate,10.200000,0.300000,16,23,31,39,160,180,220,420,420,420,420,638,23,15,34.762707393109906,2.0521850092336535,1315.9065779764205,76.85736677115987
1774605811,10,POST,/api/chains/{id}/deactivate,10.200000,0.000000,5,10,11,15,18,22,420,1300,1300,1300,1300,638,2,7,17.87074052106128,2.0282140467315912,1264.452150091529,63.023510971786834
1774605811,10,POST,/api/plugins/batch/parameters (500 updates),7.100000,0.000000,24,35,62,140,200,240,290,380,380,380,380,357,0,24,75.5026498258359,5.878655938431621,1238.6013260111213,849.9187675070028
1774605811,10,GET,/api/plugins/discover,0.000000,0.000000,0,0,0,0,0,0,0,0,0,0,0,55,0,33,47.42428386922587,13.45750002656132,171.55159101821482,89708.0
1774605811,10,GET,/api/plugins/list,0.000000,0.000000,0,0,0,0,0,0,0,0,0,0,0,55,0,19,60.318458552302964,1.9019519677385688,1260.1326630683616,88.81818181818181
1774605811,10,POST,/api/plugins/load?uri,4.000000,0.000000,11,19,19,22,26,32,160,160,160,160,160,219,0,13,35.205061754241555,2.135409042239189,1300.1835549948737,2365.917808219178
1774605811,10,POST,/api/plugins/unload?uri,4.000000,0.000000,8,10,11,11,16,23,140,140,140,140,140,219,0,7,13.644785491098995,2.0269210217520595,162.98608400393277,126.64383561643835
1774605811,10,,Aggregated,97.500000,0.300000,11,18,24,31,110,180,390,1200,1300,1300,1300,5746,25,12,44.31226755700421,1.74287601839751,1315.9065779764205,1180.8268360598677
1774605812,10,GET,/api/audio/latency,18.700000,0.000000,7,14,19,22,29,160,180,180,420,420,420,923,0,9,23.472267811344018,1.7488960875198245,421.2388260057196,33.0
1774605812,10,GET,/api/audio/levels,18.700000,0.000000,12,25,63,77,150,220,1200,1200,1200,1200,1200,923,0,13,72.59102943739303,1.8015020759776235,1279.3667929945514,76.88732394366197
1774605812,10,GET,/api/audio/levels (during plugin swap),4.000000,0.000000,9,17,68,73,110,180,380,380,380,380,380,226,0,12,76.53255298459672,1.8672420410439372,1248.6227579647675,76.68141592920354
1774605812,10,GET,/api/audio/levels/plugins,4.000000,0.000000,9,15,16,16,18,22,22,22,22,22,22,226,0,7,17.088765297517742,1.7756660236045718,210.46924404799938,20.615044247787612
1774605812,10,GET,/api/audio/status,11.600000,0.000000,7,14,16,18,25,32,180,180,180,180,180,650,0,8,15.181535257277293,1.74287601839751,306.4645481063053,303.04
1774605812,10,GET,/api/chains/,0.000000,0.000000,0,0,0,0,0,0,0,0,0,0,0,55,0,20,125.65728728236122,2.441809978336096,1266.4346509845927,1478.2363636363636
1774605812,10,GET,/api/chains/{id},11.600000,0.000000,19,55,91,130,200,400,1200,1300,1300,1300,1300,651,0,15,79.48175403103518,2.1435479866340756,1285.591093939729,804.2304147465438
1774605812,10,POST,/api/chains/{id}/activate,11.600000,0.300000,13,23,26,34,49,160,220,420,420,420,420,651,23,15,34.22536291668446,2.0521850092336535,1315.9065779764205,76.40552995391705
1774605812,10,POST,/api/chains/{id}/deactivate,11.500000,0.000000,6,10,13,15,18,22,420,1300,1300,1300,1300,650,2,7,17.68799946661322,2.0282140467315912,1264.452150091529,63.004615384615384
1774605812,10,POST,/api/plugins/batch/parameters (500 updates),7.500000,0.000000,23,42,62,110,200,240,290,380,380,380,380,368,0,24,74.06373666004663,5.878655938431621,1238.6013260111213,850.1847826086956
1774605812,10,GET,/api/plugins/discover,0.000000,0.000000,0,0,0,0,0,0,0,0,0,0,0,55,0,33,47.42428386922587,13.45750002656132,171.55159101821482,89708.0
1774605812,10,GET,/api/plugins/list,0.000000,0.000000,0,0,0,0,0,0,0,0,0,0,0,55,0,19,60.318458552302964,1.9019519677385688,1260.1326630683616,88.81818181818181
1774605812,10,POST,/api/plugins/load?uri,4.000000,0.000000,10,14,19,22,25,31,32,32,32,32,32,226,0,12,34.35398731020123,2.135409042239189,1300.1835549948737,2368.358407079646
1774605812,10,POST,/api/plugins/unload?uri,4.000000,0.000000,7,9,10,11,14,16,140,140,140,140,140,226,0,7,13.386807953052848,2.0269210217520595,162.98608400393277,126.60619469026548
1774605812,10,,Aggregated,107.200000,0.300000,10,16,23,28,92,180,390,1200,1300,1300,1300,5885,25,12,43.516609762097374,1.74287601839751,1315.9065779764205,1160.831945624469
1774605813,10,GET,/api/audio/latency,17.700000,0.000000,10,17,23,25,31,160,180,180,420,420,420,938,0,10,23.47095658072332,1.7488960875198245,421.2388260057196,33.0
1774605813,10,GET,/api/audio/levels,17.100000,0.000000,14,31,63,78,170,220,1200,1200,1200,1200,1200,938,0,13,72.63207695804842,1.8015020759776235,1279.3667929945514,76.92217484008529
1774605813,10,GET,/api/audio/levels (during plugin swap),4.000000,0.000000,14,18,72,73,120,190,380,380,380,380,380,231,0,13,76.21044953085595,1.8672420410439372,1248.6227579647675,76.71428571428571
1774605813,10,GET,/api/audio/levels/plugins,4.000000,0.000000,12,15,16,16,18,22,23,23,23,23,23,231,0,7,16.998059343087014,1.7756660236045718,210.46924404799938,20.584415584415584
1774605813,10,GET,/api/audio/status,11.100000,0.000000,9,15,17,20,28,35,180,180,180,180,180,658,0,8,15.339283550393096,1.74287601839751,306.4645481063053,303.03951367781156
1774605813,10,GET,/api/chains/,0.000000,0.000000,0,0,0,0,0,0,0,0,0,0,0,55,0,20,125.65728728236122,2.441809978336096,1266.4346509845927,1478.2363636363636
1774605813,10,GET,/api/chains/{id},11.000000,0.000000,23,72,130,170,200,400,1200,1300,1300,1300,1300,658,0,15,80.072631903055,2.1435479866340756,1285.591093939729,804.1367781155016
1774605813,10,POST,/api/chains/{id}/activate,11.000000,0.300000,14,24,29,38,53,160,220,420,420,420,420,658,23,15,34.41826744188376,2.0521850092336535,1315.9065779764205,76.15501519756839
1774605813,10,POST,/api/chains/{id}/deactivate,11.000000,0.000000,6,10,13,15,20,24,420,1300,1300,1300,1300,658,2,7,17.595458246051336,2.0282140467315912,1264.452150091529,62.954407294832826
1774605813,10,POST,/api/plugins/batch/parameters (500 updates),6.900000,0.000000,26,39,62,70,200,240,290,380,380,380,380,380,0,25,73.89751978947683,5.878655938431621,1238.6013260111213,850.521052631579
1774605813,10,GET,/api/plugins/discover,0.000000,0.000000,0,0,0,0,0,0,0,0,0,0,0,55,0,33,47.42428386922587,13.45750002656132,171.55159101821482,89708.0
1774605813,10,GET,/api/plugins/list,0.000000,0.000000,0,0,0,0,0,0,0,0,0,0,0,55,0,19,60.318458552302964,1.9019519677385688,1260.1326630683616,88.81818181818181
1774605813,10,POST,/api/plugins/load?uri,4.000000,0.000000,12,16,22,22,27,32,160,160,160,160,160,231,0,13,34.662746346063784,2.135409042239189,1300.1835549948737,2386.874458874459
1774605813,10,POST,/api/plugins/unload?uri,4.000000,0.000000,6,9,10,11,16,29,140,140,140,140,140,231,0,6,13.300588820129633,2.0269210217520595,162.98608400393277,126.6103896103896
1774605813,10,,Aggregated,101.800000,0.300000,12,19,25,32,110,180,390,1200,1300,1300,1300,5977,25,12,43.613764841456366,1.74287601839751,1315.9065779764205,1149.335787184206
1774605814,10,GET,/api/audio/latency,17.500000,0.000000,7,14,20,22,28,35,170,180,180,180,180,971,0,9,22.9379567926717,1.7488960875198245,421.2388260057196,33.0
1774605814,10,GET,/api/audio/levels,17.500000,0.000000,12,24,54,70,150,200,1200,1200,1200,1200,1200,971,0,13,70.71276587226939,1.8015020759776235,1279.3667929945514,76.88259526261587
1774605814,10,GET,/api/audio/levels (during plugin swap),4.100000,0.000000,14,18,69,73,110,180,190,190,190,190,190,233,0,13,75.63797554326975,1.8672420410439372,1248.6227579647675,76.7381974248927
1774605814,10,GET,/api/audio/levels/plugins,4.300000,0.000000,9,15,16,16,18,22,23,23,23,23,23,233,0,7,16.889821069990585,1.7756660236045718,210.46924404799938,20.583690987124463
1774605814,10,GET,/api/audio/status,10.700000,0.000000,8,14,16,18,26,33,81,180,180,180,180,673,0,8,15.172587722687972,1.74287601839751,306.4645481063053,303.038632986627
1774605814,10,GET,/api/chains/,0.000000,0.000000,0,0,0,0,0,0,0,0,0,0,0,55,0,20,125.65728728236122,2.441809978336096,1266.4346509845927,1478.2363636363636
1774605814,10,GET,/api/chains/{id},10.500000,0.000000,16,53,97,150,190,240,1200,1300,1300,1300,1300,673,0,15,78.43275542110122,2.1435479866340756,1285.591093939729,804.6255572065379
1774605814,10,POST,/api/chains/{id}/activate,10.800000,0.300000,12,23,25,31,46,160,180,220,220,220,220,673,23,15,33.85761362932246,2.0521850092336535,1315.9065779764205,75.68350668647845
1774605814,10,POST,/api/chains/{id}/deactivate,10.700000,0.000000,5,9,11,14,18,20,27,1300,1300,1300,1300,673,2,7,17.37303040104532,2.0282140467315912,1264.452150091529,62.89598811292719
1774605814,10,POST,/api/plugins/batch/parameters (500 updates),6.400000,0.000000,26,31,48,68,180,230,250,290,290,290,290,391,0,25,72.41843902604784,5.748694995418191,1238.6013260111213,849.2787723785166
1774605814,10,GET,/api/plugins/discover,0.000000,0.000000,0,0,0,0,0,0,0,0,0,0,0,55,0,33,47.42428386922587,13.45750002656132,171.55159101821482,89708.0
1774605814,10,GET,/api/plugins/list,0.000000,0.000000,0,0,0,0,0,0,0,0,0,0,0,55,0,19,60.318458552302964,1.9019519677385688,1260.1326630683616,88.81818181818181
1774605814,10,POST,/api/plugins/load?uri,4.200000,0.000000,11,16,19,22,26,27,160,160,160,160,160,233,0,13,34.46428036435144,2.135409042239189,1300.1835549948737,2378.021459227468
1774605814,10,POST,/api/plugins/unload?uri,4.300000,0.000000,6,9,10,11,16,29,140,140,140,140,140,233,0,6,13.217413220894343,2.0269210217520595,162.98608400393277,126.54077253218884
1774605814,10,,Aggregated,101.000000,0.300000,10,16,23,27,78,170,210,1000,1300,1300,1300,6122,25,12,42.83418712594185,1.74287601839751,1315.9065779764205,1127.7120222149624
1774605815,10,GET,/api/audio/latency,16.900000,0.000000,10,17,22,25,29,170,180,200,200,200,200,989,0,10,23.510536303012977,1.7488960875198245,421.2388260057196,33.0
1774605815,10,GET,/api/audio/levels,16.900000,0.000000,16,42,68,100,170,200,1200,1200,1200,1200,1200,989,0,13,71.05628387127693,1.8015020759776235,1279.3667929945514,76.90394337714864
1774605815,10,GET,/api/audio/levels (during plugin swap),3.900000,0.000000,14,18,72,73,110,180,190,190,190,190,190,236,0,13,75.64943004498195,1.8672420410439372,1248.6227579647675,76.7457627118644
1774605815,10,GET,/api/audio/levels/plugins,3.900000,0.000000,9,15,16,18,18,23,24,24,24,24,24,236,0,7,16.872578390313596,1.7756660236045718,210.46924404799938,20.610169491525422
1774605815,10,GET,/api/audio/status,10.100000,0.000000,9,15,17,18,28,33,81,180,180,180,180,681,0,8,15.116671914140394,1.74287601839751,306.4645481063053,303.0381791483113
1774605815,10,GET,/api/chains/,0.000000,0.000000,0,0,0,0,0,0,0,0,0,0,0,55,0,20,125.65728728236122,2.441809978336096,1266.4346509845927,1478.2363636363636
1774605815,10,GET,/api/chains/{id},10.100000,0.000000,19,77,140,170,200,240,1200,1300,1300,1300,1300,681,0,15,78.63315107696108,2.1435479866340756,1285.591093939729,804.1527165932453
1774605815,10,POST,/api/chains/{id}/activate,10.100000,0.100000,15,25,31,38,53,160,190,220,220,220,220,681,24,15,33.939131651663125,2.0521850092336535,1315.9065779764205,76.3215859030837
1774605815,10,POST,/api/chains/{id}/deactivate,10.100000,0.000000,6,9,12,14,16,20,27,1300,1300,1300,1300,681,2,7,17.260776585851428,2.0282140467315912,1264.452150091529,62.88546255506608
1774605815,10,POST,/api/plugins/batch/parameters (500 updates),6.700000,0.000000,27,48,70,120,200,230,250,290,290,290,290,396,0,25,73.10371091495259,5.748694995418191,1238.6013260111213,848.7222222222222
1774605815,10,GET,/api/plugins/discover,0.000000,0.000000,0,0,0,0,0,0,0,0,0,0,0,55,0,33,47.42428386922587,13.45750002656132,171.55159101821482,89708.0
1774605815,10,GET,/api/plugins/list,0.000000,0.000000,0,0,0,0,0,0,0,0,0,0,0,55,0,19,60.318458552302964,1.9019519677385688,1260.1326630683616,88.81818181818181
1774605815,10,POST,/api/plugins/load?uri,3.900000,0.000000,12,17,20,24,27,160,170,170,170,170,170,236,0,13,34.87177594008429,2.135409042239189,1300.1835549948737,2362.5042372881358
1774605815,10,POST,/api/plugins/unload?uri,3.900000,0.000000,5,10,11,14,16,29,140,140,140,140,140,236,0,6,13.178435594762943,2.0269210217520595,162.98608400393277,126.46610169491525
1774605815,10,,Aggregated,96.500000,0.100000,12,19,26,33,130,180,220,1200,1300,1300,1300,6207,26,12,43.047924470444514,1.74287601839751,1315.9065779764205,1115.5287578540358
1774605816,10,GET,/api/audio/latency,18.100000,0.000000,8,15,19,22,28,39,180,200,200,200,200,1008,0,9,23.21085081718001,1.7488960875198245,421.2388260057196,33.0
1774605816,10,GET,/api/audio/levels,18.100000,0.000000,12,23,52,63,150,190,1200,1200,1200,1200,1200,1009,0,13,69.87429936937951,1.8015020759776235,1279.3667929945514,76.8780971258672
1774605816,10,GET,/api/audio/levels (during plugin swap),3.800000,0.000000,15,18,72,73,110,130,190,190,190,190,190,241,0,13,74.86323443776638,1.8672420410439372,1248.6227579647675,76.72199170124482
1774605816,10,GET,/api/audio/levels/plugins,3.800000,0.000000,9,15,16,16,22,24,24,24,24,24,24,241,0,7,16.766204394369204,1.7756660236045718,210.46924404799938,20.58091286307054
1774605816,10,GET,/api/audio/status,11.000000,0.000000,9,15,17,19,32,35,81,180,180,180,180,699,0,8,15.055520033153394,1.74287601839751,306.4645481063053,303.03719599427757
1774605816,10,GET,/api/chains/,0.000000,0.000000,0,0,0,0,0,0,0,0,0,0,0,55,0,20,125.65728728236122,2.441809978336096,1266.4346509845927,1478.2363636363636
1774605816,10,GET,/api/chains/{id},10.900000,0.000000,16,38,91,150,200,240,1200,1300,1300,1300,1300,699,0,15,77.09299070205678,2.1435479866340756,1285.591093939729,804.5035765379113
1774605816,10,POST,/api/chains/{id}/activate,11.000000,0.100000,12,19,24,31,46,160,190,220,220,220,220,699,24,15,33.30448522576889,2.0521850092336535,1315.9065779764205,75.79399141630901
1774605816,10,POST,/api/chains/{id}/deactivate,11.200000,0.000000,6,9,11,14,16,20,24,1300,1300,1300,1300,697,2,7,17.01315424830614,2.0282140467315912,1264.452150091529,62.86513629842181
1774605816,10,POST,/api/plugins/batch/parameters (500 updates),7.300000,0.000000,27,38,54,73,180,230,250,290,290,290,290,406,0,25,72.0861124931697,5.748694995418191,1238.6013260111213,848.9926108374384
1774605816,10,GET,/api/plugins/discover,0.000000,0.000000,0,0,0,0,0,0,0,0,0,0,0,55,0,33,47.42428386922587,13.45750002656132,171.55159101821482,89708.0
1774605816,10,GET,/api/plugins/list,0.000000,0.000000,0,0,0,0,0,0,0,0,0,0,0,55,0,19,60.318458552302964,1.9019519677385688,1260.1326630683616,88.81818181818181
1774605816,10,POST,/api/plugins/load?uri,3.800000,0.000000,13,17,20,23,27,160,170,170,170,170,170,241,0,13,34.400229556273466,2.135409042239189,1300.1835549948737,2381.9128630705395
1774605816,10,POST,/api/plugins/unload?uri,3.800000,0.000000,5,10,11,11,14,19,29,29,29,29,29,241,0,6,13.068182113738846,2.0269210217520595,162.98608400393277,126.36514522821577
1774605816,10,,Aggregated,102.800000,0.100000,10,17,23,27,89,170,220,1000,1300,1300,1300,6346,26,12,42.400892475917686,1.74287601839751,1315.9065779764205,1099.0491648282382
1774605817,10,GET,/api/audio/latency,18.100000,0.000000,11,18,22,25,29,170,180,200,200,200,200,1022,0,10,23.204432095427418,1.7488960875198245,421.2388260057196,33.0
1774605817,10,GET,/api/audio/levels,18.100000,0.000000,13,46,70,110,180,200,1200,1200,1200,1200,1200,1024,0,13,70.44832877306817,1.8015020759776235,1279.3667929945514,76.8974609375
1774605817,10,GET,/api/audio/levels (during plugin swap),3.800000,0.000000,15,22,72,85,110,130,190,190,190,190,190,244,0,13,74.46624368207804,1.8672420410439372,1248.6227579647675,76.72950819672131
1774605817,10,GET,/api/audio/levels/plugins,3.800000,0.000000,9,14,15,16,22,24,24,24,24,24,24,244,0,7,16.69448410632226,1.7756660236045718,210.46924404799938,20.60655737704918
1774605817,10,GET,/api/audio/status,11.000000,0.000000,10,15,18,20,32,35,81,180,180,180,180,707,0,8,15.013813276286468,1.74287601839751,306.4645481063053,303.036775106082
1774605817,10,GET,/api/chains/,0.000000,0.000000,0,0,0,0,0,0,0,0,0,0,0,55,0,20,125.65728728236122,2.441809978336096,1266.4346509845927,1478.2363636363636
1774605817,10,GET,/api/chains/{id},10.900000,0.000000,19,75,140,160,200,240,1200,1300,1300,1300,1300,709,0,15,77.2962638809791,2.1435479866340756,1285.591093939729,804.0564174894217
1774605817,10,POST,/api/chains/{id}/activate,11.000000,0.100000,13,23,26,37,46,160,190,220,220,220,220,707,24,15,33.204166878105696,2.0521850092336535,1315.9065779764205,75.5091937765205
1774605817,10,POST,/api/chains/{id}/deactivate,11.200000,0.000000,6,10,13,15,17,22,77,1300,1300,1300,1300,707,2,7,17.052397107550036,2.0282140467315912,1264.452150091529,62.852899575671856
1774605817,10,POST,/api/plugins/batch/parameters (500 updates),7.300000,0.000000,29,45,73,120,180,230,250,290,290,290,290,410,0,25,72.41155279817332,5.748694995418191,1238.6013260111213,849.5536585365853
1774605817,10,GET,/api/plugins/discover,0.000000,0.000000,0,0,0,0,0,0,0,0,0,0,0,55,0,33,47.42428386922587,13.45750002656132,171.55159101821482,89708.0
1774605817,10,GET,/api/plugins/list,0.000000,0.000000,0,0,0,0,0,0,0,0,0,0,0,55,0,19,60.318458552302964,1.9019519677385688,1260.1326630683616,88.81818181818181
1774605817,10,POST,/api/plugins/load?uri,3.800000,0.000000,13,18,20,23,27,160,170,170,170,170,170,244,0,13,34.18971186496134,2.135409042239189,1300.1835549948737,2381.5
1774605817,10,POST,/api/plugins/unload?uri,3.800000,0.000000,5,10,11,14,14,19,29,29,29,29,29,244,0,6,13.039440841730837,2.0269210217520595,162.98608400393277,126.35655737704919
1774605817,10,,Aggregated,102.800000,0.100000,12,19,26,35,130,180,220,1200,1300,1300,1300,6427,26,12,42.49200174307197,1.74287601839751,1315.9065779764205,1088.9569005756962
1774605818,10,GET,/api/audio/latency,18.300000,0.000000,11,18,22,24,31,150,180,200,200,200,200,1048,0,10,23.31520909890497,1.7488960875198245,421.2388260057196,33.0
1774605818,10,GET,/api/audio/levels,18.300000,0.000000,14,39,60,100,170,200,1200,1200,1200,1200,1200,1049,0,13,69.66008735244456,1.8015020759776235,1279.3667929945514,76.89132507149667
1774605818,10,GET,/api/audio/levels (during plugin swap),3.700000,0.000000,15,18,25,69,98,130,190,190,190,190,190,251,0,13,72.71589699017619,1.8672420410439372,1248.6227579647675,76.62549800796813
1774605818,10,GET,/api/audio/levels/plugins,3.700000,0.000000,11,15,15,16,22,24,24,24,24,24,24,250,0,8,16.547691107727587,1.7756660236045718,210.46924404799938,20.552
1774605818,10,GET,/api/audio/status,10.700000,0.000000,10,15,18,20,28,35,37,81,180,180,180,723,0,8,14.9351469357659,1.74287601839751,306.4645481063053,303.0359612724758
1774605818,10,GET,/api/chains/,0.000000,0.000000,0,0,0,0,0,0,0,0,0,0,0,55,0,20,125.65728728236122,2.441809978336096,1266.4346509845927,1478.2363636363636
1774605818,10,GET,/api/chains/{id},10.700000,0.000000,19,75,130,160,190,240,1200,1200,1300,1300,1300,724,0,15,76.70402633398,2.1435479866340756,1285.591093939729,804.5082872928177
1774605818,10,POST,/api/chains/{id}/activate,10.700000,0.200000,15,23,30,36,52,160,180,190,220,220,220,723,24,15,33.24163795586026,2.0521850092336535,1315.9065779764205,75.06224066390041
1774605818,10,POST,/api/chains/{id}/deactivate,10.700000,0.000000,6,9,13,15,18,20,76,77,1300,1300,1300,723,2,7,16.860091131158626,2.0282140467315912,1264.452150091529,62.799446749654216
1774605818,10,POST,/api/plugins/batch/parameters (500 updates),7.100000,0.000000,29,41,68,100,170,230,250,290,290,290,290,420,0,25,71.40810922664102,5.748694995418191,1238.6013260111213,848.995238095238
1774605818,10,GET,/api/plugins/discover,0.000000,0.000000,0,0,0,0,0,0,0,0,0,0,0,55,0,33,47.42428386922587,13.45750002656132,171.55159101821482,89708.0
1774605818,10,GET,/api/plugins/list,0.000000,0.000000,0,0,0,0,0,0,0,0,0,0,0,55,0,19,60.318458552302964,1.9019519677385688,1260.1326630683616,88.81818181818181
1774605818,10,POST,/api/plugins/load?uri,3.700000,0.000000,15,18,20,23,27,160,170,170,170,170,170,251,0,13,33.55549078015425,2.135409042239189,1300.1835549948737,2462.6812749003984
1774605818,10,POST,/api/plugins/unload?uri,3.800000,0.000000,6,9,11,14,14,19,29,29,29,29,29,250,0,6,12.926273825578392,2.0269210217520595,162.98608400393277,126.692
1774605818,10,,Aggregated,101.400000,0.200000,12,19,25,34,120,180,210,290,1300,1300,1300,6577,26,12,42.10645648034427,1.74287601839751,1315.9065779764205,1074.5566367644824
1774605819,10,GET,/api/audio/latency,18.300000,0.000000,11,20,23,25,31,150,180,200,200,200,200,1057,0,10,23.43134353033821,1.7488960875198245,421.2388260057196,33.0
1774605819,10,GET,/api/audio/levels,18.300000,0.000000,16,40,89,120,180,200,1200,1200,1200,1200,1200,1060,0,13,69.87159364035283,1.8015020759776235,1279.3667929945514,76.8877358490566
1774605819,10,GET,/api/audio/levels (during plugin swap),3.700000,0.000000,15,18,26,69,110,130,190,190,190,190,190,253,0,13,72.61000609710047,1.8672420410439372,1248.6227579647675,76.699604743083
1774605819,10,GET,/api/audio/levels/plugins,3.700000,0.000000,11,15,15,16,23,24,37,37,37,37,37,253,0,8,16.546378932293255,1.7756660236045718,210.46924404799938,20.525691699604742
1774605819,10,GET,/api/audio/status,10.700000,0.000000,9,14,17,18,25,35,60,81,180,180,180,739,0,8,14.867399203564583,1.74287601839751,306.4645481063053,303.0351826792963
1774605819,10,GET,/api/chains/,0.000000,0.000000,0,0,0,0,0,0,0,0,0,0,0,55,0,20,125.65728728236122,2.441809978336096,1266.4346509845927,1478.2363636363636
1774605819,10,GET,/api/chains/{id},10.700000,0.000000,17,64,91,130,180,240,1200,1200,1300,1300,1300,740,0,15,76.0557445851658,2.1435479866340756,1285.591093939729,804.8216216216216
1774605819,10,POST,/api/chains/{id}/activate,10.700000,0.200000,14,21,24,30,43,61,180,190,220,220,220,739,24,15,32.97644754709784,2.0521850092336535,1315.9065779764205,74.63464140730717
1774605819,10,POST,/api/chains/{id}/deactivate,10.700000,0.000000,6,9,12,15,18,24,77,170,1300,1300,1300,739,2,7,16.907417857660302,2.0282140467315912,1264.452150091529,62.78213802435724
1774605819,10,POST,/api/plugins/batch/parameters (500 updates),7.100000,0.000000,29,41,68,110,180,230,250,290,290,290,290,423,0,25,71.02706372637707,5.748694995418191,1238.6013260111213,848.74231678487
1774605819,10,GET,/api/plugins/discover,0.000000,0.000000,0,0,0,0,0,0,0,0,0,0,0,55,0,33,47.42428386922587,13.45750002656132,171.55159101821482,89708.0
1774605819,10,GET,/api/plugins/list,0.000000,0.000000,0,0,0,0,0,0,0,0,0,0,0,55,0,19,60.318458552302964,1.9019519677385688,1260.1326630683616,88.81818181818181
1774605819,10,POST,/api/plugins/load?uri,3.700000,0.000000,15,18,20,21,27,160,170,170,170,170,170,253,0,13,33.39066390424834,2.135409042239189,1300.1835549948737,2456.1541501976285
1774605819,10,POST,/api/plugins/unload?uri,3.800000,0.000000,6,10,14,14,15,29,60,60,60,60,60,253,0,7,13.092045321611488,2.0269210217520595,162.98608400393277,126.78656126482214
1774605819,10,,Aggregated,101.400000,0.200000,12,19,25,33,100,170,200,290,1300,1300,1300,6674,26,12,41.97803346500828,1.74287601839751,1315.9065779764205,1063.0314653880732
1774605820,10,GET,/api/audio/latency,17.800000,0.000000,11,18,21,23,35,160,180,200,200,200,200,1074,0,10,23.724839551108968,1.7488960875198245,421.2388260057196,33.0
1774605820,10,GET,/api/audio/levels,18.000000,0.000000,13,29,57,97,180,190,210,220,220,220,220,1074,0,13,69.71022093172569,1.8015020759776235,1279.3667929945514,76.90968342644321
1774605820,10,GET,/api/audio/levels (during plugin swap),3.500000,0.000000,15,21,26,85,130,190,240,240,240,240,240,257,0,13,73.0950883444732,1.8672420410439372,1248.6227579647675,76.69260700389106
1774605820,10,GET,/api/audio/levels/plugins,3.500000,0.000000,10,14,15,15,23,24,37,37,37,37,37,257,0,8,16.411450540226546,1.7756660236045718,210.46924404799938,20.525291828793776
1774605820,10,GET,/api/audio/status,10.500000,0.000000,8,11,16,17,24,35,37,60,81,81,81,752,0,8,14.704114733483058,1.74287601839751,306.4645481063053,303.0345744680851
1774605820,10,GET,/api/chains/,0.000000,0.000000,0,0,0,0,0,0,0,0,0,0,0,55,0,20,125.65728728236122,2.441809978336096,1266.4346509845927,1478.2363636363636
1774605820,10,GET,/api/chains/{id},10.700000,0.000000,12,31,77,87,150,180,190,200,240,240,240,754,0,15,75.06254546724715,2.1435479866340756,1285.591093939729,804.8885941644562
1774605820,10,POST,/api/chains/{id}/activate,10.500000,0.100000,11,19,22,24,38,61,180,180,190,190,190,754,25,15,32.7468649340628,2.0521850092336535,1315.9065779764205,75.08620689655173
1774605820,10,POST,/api/chains/{id}/deactivate,10.500000,0.000000,6,9,12,15,17,22,76,77,170,170,170,752,2,7,16.72154546008158,2.0282140467315912,1264.452150091529,62.735372340425535
1774605820,10,POST,/api/plugins/batch/parameters (500 updates),7.000000,0.000000,27,38,48,68,130,170,200,250,250,250,250,431,0,25,70.28977313508948,5.748694995418191,1238.6013260111213,848.4617169373549
1774605820,10,GET,/api/plugins/discover,0.000000,0.000000,0,0,0,0,0,0,0,0,0,0,0,55,0,33,47.42428386922587,13.45750002656132,171.55159101821482,89708.0
1774605820,10,GET,/api/plugins/list,0.000000,0.000000,0,0,0,0,0,0,0,0,0,0,0,55,0,19,60.318458552302964,1.9019519677385688,1260.1326630683616,88.81818181818181
1774605820,10,POST,/api/plugins/load?uri,3.500000,0.000000,14,17,19,20,27,160,170,170,170,170,170,257,0,13,33.10781006487485,2.135409042239189,1300.1835549948737,2445.11673151751
1774605820,10,POST,/api/plugins/unload?uri,3.500000,0.000000,6,9,14,14,18,29,60,60,60,60,60,257,0,6,12.98420784581844,2.0269210217520595,162.98608400393277,126.76653696498055
1774605820,10,,Aggregated,99.000000,0.100000,10,17,23,28,85,160,190,200,240,250,250,6784,27,12,41.75270781516307,1.74287601839751,1315.9065779764205,1050.7631191037735
1774605821,0,GET,/api/audio/latency,17.800000,0.000000,14,20,23,25,38,160,180,200,200,200,200,1074,0,10,23.724839551108968,1.7488960875198245,421.2388260057196,33.0
1774605821,0,GET,/api/audio/levels,18.000000,0.000000,16,42,89,110,180,200,210,220,220,220,220,1074,0,13,69.71022093172569,1.8015020759776235,1279.3667929945514,76.90968342644321
1774605821,0,GET,/api/audio/levels (during plugin swap),3.500000,0.000000,17,25,85,98,130,190,240,240,240,240,240,257,0,13,73.0950883444732,1.8672420410439372,1248.6227579647675,76.69260700389106
1774605821,0,GET,/api/audio/levels/plugins,3.500000,0.000000,11,14,15,15,23,24,37,37,37,37,37,257,0,8,16.411450540226546,1.7756660236045718,210.46924404799938,20.525291828793776
1774605821,0,GET,/api/audio/status,10.500000,0.000000,8,14,17,18,25,35,37,60,81,81,81,752,0,8,14.704114733483058,1.74287601839751,306.4645481063053,303.0345744680851
1774605821,0,GET,/api/chains/,0.000000,0.000000,0,0,0,0,0,0,0,0,0,0,0,55,0,20,125.65728728236122,2.441809978336096,1266.4346509845927,1478.2363636363636
1774605821,0,GET,/api/chains/{id},10.700000,0.000000,12,32,77,100,160,180,190,200,240,240,240,754,0,15,75.06254546724715,2.1435479866340756,1285.591093939729,804.8885941644562
1774605821,0,POST,/api/chains/{id}/activate,10.500000,0.100000,13,20,24,30,38,61,180,180,190,190,190,754,25,15,32.7468649340628,2.0521850092336535,1315.9065779764205,75.08620689655173
1774605821,0,POST,/api/chains/{id}/deactivate,10.500000,0.000000,6,9,11,14,18,22,76,77,170,170,170,752,2,7,16.72154546008158,2.0282140467315912,1264.452150091529,62.735372340425535
1774605821,0,POST,/api/plugins/batch/parameters (500 updates),7.000000,0.000000,29,39,51,73,130,170,200,250,250,250,250,431,0,25,70.28977313508948,5.748694995418191,1238.6013260111213,848.4617169373549
1774605821,0,GET,/api/plugins/discover,0.000000,0.000000,0,0,0,0,0,0,0,0,0,0,0,55,0,33,47.42428386922587,13.45750002656132,171.55159101821482,89708.0
1774605821,0,GET,/api/plugins/list,0.000000,0.000000,0,0,0,0,0,0,0,0,0,0,0,55,0,19,60.318458552302964,1.9019519677385688,1260.1326630683616,88.81818181818181
1774605821,0,POST,/api/plugins/load?uri,3.500000,0.000000,15,19,20,21,27,160,170,170,170,170,170,257,0,13,33.10781006487485,2.135409042239189,1300.1835549948737,2445.11673151751
1774605821,0,POST,/api/plugins/unload?uri,3.500000,0.000000,6,11,14,14,18,29,60,60,60,60,60,257,0,6,12.98420784581844,2.0269210217520595,162.98608400393277,126.76653696498055
1774605821,0,,Aggregated,99.000000,0.100000,12,18,24,33,100,170,190,200,250,250,250,6784,27,12,41.75270781516307,1.74287601839751,1315.9065779764205,1050.7631191037735
