Timestamp,User Count,Type,Name,Requests/s,Failures/s,50%,66%,75%,80%,90%,95%,98%,99%,99.9%,99.99%,100%,Total Request Count,Total Failure Count,Total Median Response Time,Total Average Response Time,Total Min Response Time,Total Max Response Time,Total Average Content Size
1774609567,0,,Aggregated,0.000000,0.000000,N/A,N/A,N/A,N/A,N/A,N/A,N/A,N/A,N/A,N/A,N/A,0,0,0,0.0,0,0,0
1774609568,2,GET,/api/audio/latency,0.000000,0.000000,0,0,0,0,0,0,0,0,0,0,0,2,0,12.190193054266274,81.615794042591,12.190193054266274,151.04139503091574,39.5
1774609568,2,GET,/api/audio/levels,0.000000,0.000000,0,0,0,0,0,0,0,0,0,0,0,2,0,31,93.55082549154758,30.688607948832214,156.41304303426296,86.0
1774609568,2,GET,/api/audio/status,0.000000,0.000000,0,0,0,0,0,0,0,0,0,0,0,2,0,2,8.879740547854453,1.5345941064879298,16.224886989220977,303.0
1774609568,2,GET,/api/chains/,0.000000,0.000000,0,0,0,0,0,0,0,0,0,0,0,2,0,292.4475990002975,293.4958295081742,292.4475990002975,294.54406001605093,1479.0
1774609568,2,GET,/api/chains/{id},0.000000,0.000000,0,0,0,0,0,0,0,0,0,0,0,2,0,2.438022056594491,160.7575449743308,2.438022056594491,319.07706789206713,720.0
1774609568,2,POST,/api/chains/{id}/activate,0.000000,0.000000,0,0,0,0,0,0,0,0,0,0,0,2,0,2,35.45697999652475,1.879886956885457,69.03407303616405,47.5
1774609568,2,POST,/api/chains/{id}/deactivate,0.000000,0.000000,0,0,0,0,0,0,0,0,0,0,0,2,0,2,49.00060297222808,1.7954749055206776,96.20573103893548,62.0
1774609568,2,GET,/api/plugins/discover,0.000000,0.000000,0,0,0,0,0,0,0,0,0,0,0,2,0,33.22280396241695,39.82268099207431,33.22280396241695,46.422558021731675,89708.0
1774609568,2,GET,/api/plugins/list,0.000000,0.000000,0,0,0,0,0,0,0,0,0,0,0,2,0,5.273052025586367,5.341718497220427,5.273052025586367,5.410384968854487,52.0
1774609568,2,,Aggregated,0.000000,0.000000,0,0,0,0,0,0,0,0,0,0,0,18,0,31,85.32463522472729,1.5345941064879298,319.07706789206713,10277.444444444445
1774609569,4,GET,/api/audio/latency,0.000000,0.000000,3,5,10,10,12,12,12,12,12,12,12,11,0,3,18.178529370660808,1.4018790097907186,151.04139503091574,34.18181818181818
1774609569,4,GET,/api/audio/levels,0.000000,0.000000,8,11,16,17,31,31,31,31,31,31,31,11,0,8,22.832087802023374,1.6705399611964822,156.41304303426296,78.9090909090909
1774609569,4,GET,/api/audio/levels (during plugin swap),0.000000,0.000000,0,0,0,0,0,0,0,0,0,0,0,2,0,3.0901950085535645,30.328575987368822,3.0901950085535645,57.56695696618408,79.5
1774609569,4,GET,/api/audio/levels/plugins,0.000000,0.000000,0,0,0,0,0,0,0,0,0,0,0,2,0,7,13.748725526966155,6.632081000134349,20.86537005379796,14.0
1774609569,4,GET,/api/audio/status,0.000000,0.000000,0,0,0,0,0,0,0,0,0,0,0,7,0,2,7.321374707057008,1.4570249477401376,19.765404984354973,303.0
1774609569,4,GET,/api/chains/,0.000000,0.000000,12,14,14,14,14,14,14,14,14,14,14,9,0,14,72.95086620272033,2.3491899482905865,294.54406001605093,1478.2222222222222
1774609569,4,GET,/api/chains/{id},0.000000,0.000000,2,2,2,2,70,70,70,70,70,70,70,7,0,2.0232100505381823,57.21574943579201,2.0232100505381823,319.07706789206713,845.8571428571429
1774609569,4,POST,/api/chains/{id}/activate,0.000000,0.000000,5,5,6,6,16,16,16,16,16,16,16,7,0,5,14.926674160441118,1.86958909034729,69.03407303616405,49.285714285714285
1774609569,4,POST,/api/chains/{id}/deactivate,0.000000,0.000000,0,0,0,0,0,0,0,0,0,0,0,7,0,2,17.162375152111053,1.7954749055206776,96.20573103893548,62.0
1774609569,4,GET,/api/plugins/discover,0.000000,0.000000,28,28,40,40,45,45,45,45,45,45,45,8,0,28,29.8103021341376,12.999092927202582,46.422558021731675,89708.0
1774609569,4,GET,/api/plugins/list,0.000000,0.000000,3,7,10,10,15,15,15,15,15,15,15,9,0,5,5.582042206596169,1.534256967715919,15.250572934746742,52.0
1774609569,4,POST,/api/plugins/load?uri,0.000000,0.000000,0,0,0,0,0,0,0,0,0,0,0,2,0,4.430663073435426,9.540287021081895,4.430663073435426,14.649910968728364,2011.0
1774609569,4,POST,/api/plugins/unload?uri,0.000000,0.000000,0,0,0,0,0,0,0,0,0,0,0,2,0,12,13.51801649434492,11.76455500535667,15.27147798333317,123.5
1774609569,4,,Aggregated,0.000000,0.000000,5,12,14,15,21,45,70,96,96,96,96,84,0,7,26.2744024512358,1.4018790097907186,319.07706789206713,8880.440476190477
1774609570,6,GET,/api/audio/latency,1.000000,0.000000,5,10,14,16,26,140,140,140,140,140,140,20,0,5,21.266099903732538,1.4018790097907186,151.04139503091574,33.65
1774609570,6,GET,/api/audio/levels,1.000000,0.000000,16,31,69,70,130,140,140,140,140,140,140,20,0,16,42.68829214270227,1.6705399611964822,156.41304303426296,78.85
1774609570,6,GET,/api/audio/levels (during plugin swap),0.000000,0.000000,58,58,58,58,58,58,58,58,58,58,58,2,0,3.0901950085535645,30.328575987368822,3.0901950085535645,57.56695696618408,79.5
1774609570,6,GET,/api/audio/levels/plugins,0.000000,0.000000,21,21,21,21,21,21,21,21,21,21,21,2,0,7,13.748725526966155,6.632081000134349,20.86537005379796,14.0
1774609570,6,GET,/api/audio/status,0.000000,0.000000,14,29,34,34,110,110,110,110,110,110,110,15,0,5,16.593322662326198,1.4570249477401376,108.1601269543171,303.0
1774609570,6,GET,/api/chains/,2.000000,0.000000,14,16,56,56,150,150,150,150,150,150,150,14,0,14,77.2316446361531,2.3491899482905865,294.54406001605093,1478.142857142857
1774609570,6,GET,/api/chains/{id},1.000000,0.000000,26,58,66,70,90,160,160,160,160,160,160,15,0,26,56.78569426915298,2.0232100505381823,319.07706789206713,802.2
1774609570,6,POST,/api/chains/{id}/activate,1.000000,0.000000,18,53,110,130,140,140,140,140,140,140,140,15,0,18,48.206948077616595,1.86958909034729,143.7961800256744,48.333333333333336
1774609570,6,POST,/api/chains/{id}/deactivate,0.000000,0.000000,3,7,29,29,110,110,110,110,110,110,110,15,0,3,18.53774522120754,1.762446016073227,108.73237601481378,62.0
1774609570,6,GET,/api/plugins/discover,2.000000,0.000000,30,32,44,44,45,150,150,150,150,150,150,14,0,30,38.51224735678573,12.999092927202582,149.84079997520894,89708.0
1774609570,6,GET,/api/plugins/list,2.000000,0.000000,15,15,19,19,19,130,130,130,130,130,130,14,0,7,17.563067343352095,1.534256967715919,126.76061200909317,52.0
1774609570,6,POST,/api/plugins/load?uri,0.000000,0.000000,15,15,15,15,15,15,15,15,15,15,15,2,0,4.430663073435426,9.540287021081895,4.430663073435426,14.649910968728364,2011.0
1774609570,6,POST,/api/plugins/unload?uri,0.000000,0.000000,15,15,15,15,15,15,15,15,15,15,15,2,0,12,13.51801649434492,11.76455500535667,15.27147798333317,123.5
1774609570,6,,Aggregated,10.000000,0.000000,13,18,29,45,110,140,150,150,160,160,160,150,0,14,35.87674756767228,1.4018790097907186,319.07706789206713,8681.82
1774609571,8,GET,/api/audio/latency,3.500000,0.000000,8,10,12,13,26,36,140,140,140,140,140,37,0,8,15.68602948021647,1.4018790097907186,151.04139503091574,33.351351351351354
1774609571,8,GET,/api/audio/levels,3.500000,0.000000,9,16,23,27,70,130,140,140,140,140,140,37,0,9,27.208141123599095,1.6705399611964822,156.41304303426296,77.21621621621621
1774609571,8,GET,/api/audio/levels (during plugin swap),1.000000,0.000000,10,21,21,58,58,58,58,58,58,58,58,5,0,10,19.776226417161524,3.0901950085535645,57.56695696618408,80.8
1774609571,8,GET,/api/audio/levels/plugins,1.000000,0.000000,22,22,22,23,23,23,23,23,23,23,23,5,0,22,19.03481320478022,6.632081000134349,23.36374798323959,21.8
1774609571,8,GET,/api/audio/status,3.500000,0.000000,5,13,16,25,34,110,110,110,110,110,110,26,0,4,12.580190834481842,1.3969889841973782,108.1601269543171,303.0
1774609571,8,GET,/api/chains/,4.000000,0.000000,14,16,20,56,150,150,150,150,150,150,150,21,0,14,54.29564337689607,2.07908998709172,294.54406001605093,1478.095238095238
1774609571,8,GET,/api/chains/{id},3.500000,0.000000,16,25,26,58,70,90,160,160,160,160,160,26,0,16,38.22627411528419,1.9874389981850982,319.07706789206713,821.5769230769231
1774609571,8,POST,/api/chains/{id}/activate,3.500000,0.000000,13,17,22,53,130,140,140,140,140,140,140,26,0,13,31.747823509459312,1.7166920006275177,143.7961800256744,49.42307692307692
1774609571,8,POST,/api/chains/{id}/deactivate,3.500000,0.000000,3,4,7,12,29,110,110,110,110,110,110,26,0,3,13.132408601590074,1.7075310461223125,108.73237601481378,62.0
1774609571,8,POST,/api/plugins/batch/parameters (500 updates),0.000000,0.000000,0,0,0,0,0,0,0,0,0,0,0,1,0,8.145045023411512,8.145045023411512,8.145045023411512,8.145045023411512,876.0
1774609571,8,GET,/api/plugins/discover,4.000000,0.000000,28,32,39,40,45,150,150,150,150,150,150,21,0,29,34.144492520551594,12.999092927202582,149.84079997520894,89708.0
1774609571,8,GET,/api/plugins/list,4.000000,0.000000,10,15,17,19,23,130,130,130,130,130,130,21,0,7,14.58403635548339,1.4609969221055508,126.76061200909317,62.666666666666664
1774609571,8,POST,/api/plugins/load?uri,1.000000,0.000000,6,10,10,15,15,15,15,15,15,15,15,5,0,6,7.938050618395209,4.430663073435426,14.649910968728364,1829.0
1774609571,8,POST,/api/plugins/unload?uri,1.000000,0.000000,15,27,27,31,31,31,31,31,31,31,31,5,0,15,17.90913580916822,5.320148076862097,30.55740799754858,128.0
1774609571,8,,Aggregated,37.000000,0.000000,10,16,22,25,56,110,140,150,160,160,160,262,0,10,25.075886368339184,1.3969889841973782,319.07706789206713,7494.751908396946
1774609572,10,GET,/api/audio/latency,5.000000,0.000000,10,16,21,22,31,140,410,410,410,410,410,47,0,10,31.35357454835259,1.4018790097907186,405.3585029905662,33.5531914893617
1774609572,10,GET,/api/audio/levels,5.000000,0.000000,16,31,69,100,130,130,140,140,140,140,140,48,0,16,41.002484426523246,1.6705399611964822,156.41304303426296,78.14583333333333
1774609572,10,GET,/api/audio/levels (during plugin swap),0.666667,0.000000,40,48,58,100,110,110,110,110,110,110,110,9,0,40,43.95071344657077,3.0901950085535645,106.71864496544003,80.22222222222223
1774609572,10,GET,/api/audio/levels/plugins,0.666667,0.000000,22,22,23,28,35,35,35,35,35,35,35,9,0,22,22.208640778747696,6.632081000134349,35.32397805247456,21.22222222222222
1774609572,10,GET,/api/audio/status,4.666667,0.000000,8,16,26,26,110,310,310,310,310,310,310,33,0,5,31.02735965159919,1.3969889841973782,314.2507340526208,303.0
1774609572,10,GET,/api/chains/,4.000000,0.000000,16,31,56,69,150,150,160,160,160,160,160,26,0,16,59.3825264995058,2.07908998709172,294.54406001605093,1478.076923076923
1774609572,10,GET,/api/chains/{id},4.666667,0.000000,25,58,90,100,120,160,350,350,350,350,350,33,0,25,58.93293649635532,1.9874389981850982,346.66594897862524,816.030303030303
1774609572,10,POST,/api/chains/{id}/activate,4.666667,0.000000,17,47,110,130,140,400,410,410,410,410,410,33,0,17,61.800575853946306,1.7166920006275177,405.05630103871226,49.39393939393939
1774609572,10,POST,/api/chains/{id}/deactivate,4.666667,0.000000,4,10,11,12,24,29,110,110,110,110,110,33,0,4,12.783188951399291,1.7075310461223125,108.73237601481378,61.24242424242424
1774609572,10,POST,/api/plugins/batch/parameters (500 updates),0.000000,0.000000,0,0,0,0,0,0,0,0,0,0,0,2,0,8.145045023411512,103.77919051097706,8.145045023411512,199.4133359985426,875.5
1774609572,10,GET,/api/plugins/discover,4.000000,0.000000,29,35,40,44,150,290,290,290,290,290,290,26,0,29,53.427263046614826,12.999092927202582,293.7749670818448,89708.0
1774609572,10,GET,/api/plugins/list,4.000000,0.000000,15,19,23,23,130,140,140,140,140,140,140,26,0,10,25.37620497885375,1.4609969221055508,143.22971389628947,64.38461538461539
1774609572,10,POST,/api/plugins/load?uri,0.666667,0.000000,15,20,24,100,400,400,400,400,400,400,400,9,0,15,65.66444733956207,4.430663073435426,402.037778054364,1798.111111111111
1774609572,10,POST,/api/plugins/unload?uri,0.666667,0.000000,15,23,27,31,120,120,120,120,120,120,120,9,0,15,27.69441511999402,5.320148076862097,123.25413606595248,126.66666666666667
1774609572,10,,Aggregated,43.333333,0.000000,14,23,30,42,120,140,310,400,410,410,410,343,0,15,41.13046488787099,1.3969889841973782,405.3585029905662,7109.055393586006
1774609573,10,GET,/api/audio/latency,8.250000,0.000000,10,12,21,21,27,39,310,410,410,410,410,66,0,10,25.220292133533142,1.4018790097907186,405.3585029905662,33.39393939393939
1774609573,10,GET,/api/audio/levels,8.250000,0.000000,10,17,27,64,120,130,140,140,140,140,140,66,0,10,32.185582719235256,1.6249699983745813,156.41304303426296,77.33333333333333
1774609573,10,GET,/api/audio/levels (during plugin swap),1.250000,0.000000,7,21,48,48,100,110,110,110,110,110,110,16,0,7,26.56568054953823,2.1518219728022814,106.71864496544003,77.875
1774609573,10,GET,/api/audio/levels/plugins,1.250000,0.000000,19,22,22,22,28,35,35,35,35,35,35,16,0,17,15.247625116899144,1.4231710229068995,35.32397805247456,19.6875
1774609573,10,GET,/api/audio/status,5.750000,0.000000,6,11,18,25,34,310,310,310,310,310,310,47,0,5,24.110315305656417,1.3969889841973782,314.2507340526208,303.0
1774609573,10,GET,/api/chains/,5.000000,0.000000,14,20,31,56,120,150,160,160,160,160,160,36,0,14,44.970543055872746,2.07908998709172,294.54406001605093,1478.1944444444443
1774609573,10,GET,/api/chains/{id},6.000000,0.000000,19,26,42,66,110,130,350,350,350,350,350,47,0,19,44.99864932694572,1.9874389981850982,346.66594897862524,828.7234042553191
1774609573,10,POST,/api/chains/{id}/activate,5.750000,0.000000,15,22,35,48,140,140,410,410,410,410,410,47,0,15,47.2688627097399,1.7166920006275177,405.05630103871226,51.48936170212766
1774609573,10,POST,/api/chains/{id}/deactivate,5.750000,0.000000,5,7,11,13,24,29,110,110,110,110,110,47,0,4,11.01839000190747,1.7075310461223125,108.73237601481378,61.46808510638298
1774609573,10,POST,/api/plugins/batch/parameters (500 updates),0.000000,0.000000,8,11,11,17,17,17,17,17,17,17,17,7,0,8,36.5010003027107,5.47654100228101,199.4133359985426,874.1428571428571
1774609573,10,GET,/api/plugins/discover,5.000000,0.000000,28,30,35,39,45,290,290,290,290,290,290,36,0,28,45.0105649457934,12.901915004476905,293.7749670818448,89708.0
1774609573,10,GET,/api/plugins/list,5.000000,0.000000,10,15,19,22,24,140,140,140,140,140,140,36,0,6,19.80122509606493,1.4609969221055508,143.22971389628947,64.61111111111111
1774609573,10,POST,/api/plugins/load?uri,1.250000,0.000000,12,15,20,20,100,400,400,400,400,400,400,16,0,10,40.26967338722898,2.284956048242748,402.037778054364,2131.75
1774609573,10,POST,/api/plugins/unload?uri,1.250000,0.000000,8,15,27,27,33,120,120,120,120,120,120,16,0,8,18.96934543765383,1.7687130020931363,123.25413606595248,127.25
1774609573,10,,Aggregated,59.750000,0.000000,10,18,24,28,96,140,290,350,410,410,410,499,0,11,31.264365011945607,1.3969889841973782,405.3585029905662,6802.927855711423
1774609574,10,GET,/api/audio/latency,8.250000,0.000000,10,14,21,22,31,42,310,410,410,410,410,74,0,10,24.629609563350176,1.4018790097907186,405.3585029905662,33.351351351351354
1774609574,10,GET,/api/audio/levels,8.250000,0.000000,11,21,31,69,120,130,140,140,140,140,140,74,0,11,32.79726071018927,1.6249699983745813,156.41304303426296,77.56756756756756
1774609574,10,GET,/api/audio/levels (during plugin swap),1.250000,0.000000,7,21,48,58,100,110,110,110,110,110,110,18,0,7,29.004388372413814,2.1518219728022814,106.71864496544003,77.33333333333333
1774609574,10,GET,/api/audio/levels/plugins,1.250000,0.000000,17,22,22,22,28,35,35,35,35,35,35,17,0,17,14.669618644642041,1.4231710229068995,35.32397805247456,20.11764705882353
1774609574,10,GET,/api/audio/status,5.750000,0.000000,6,11,18,25,33,110,310,310,310,310,310,50,0,5,23.58683828730136,1.3969889841973782,314.2507340526208,303.0
1774609574,10,GET,/api/chains/,5.000000,0.000000,14,20,56,56,120,150,160,160,160,160,160,38,0,14,47.671442235648435,2.07908998709172,294.54406001605093,1478.1842105263158
1774609574,10,GET,/api/chains/{id},6.000000,0.000000,19,26,42,66,110,130,350,350,350,350,350,50,0,19,44.14681064663455,1.9874389981850982,346.66594897862524,825.72
1774609574,10,POST,/api/chains/{id}/activate,5.750000,0.000000,15,23,35,48,140,140,410,410,410,410,410,50,0,15,45.54326304933056,1.7166920006275177,405.05630103871226,51.0
1774609574,10,POST,/api/chains/{id}/deactivate,5.750000,0.000000,5,9,11,13,24,29,110,110,110,110,110,50,0,4,13.015106923412532,1.7075310461223125,114.15244196541607,61.5
1774609574,10,POST,/api/plugins/batch/parameters (500 updates),0.000000,0.000000,17,77,85,86,94,94,94,94,94,94,94,11,0,17,54.246007835238494,5.47654100228101,199.4133359985426,907.0909090909091
1774609574,10,GET,/api/plugins/discover,5.000000,0.000000,28,32,37,39,46,290,290,290,290,290,290,38,0,28,44.806750212477425,12.901915004476905,293.7749670818448,89708.0
1774609574,10,GET,/api/plugins/list,5.000000,0.000000,10,15,19,22,26,140,140,140,140,140,140,38,0,7,19.783597721375134,1.4609969221055508,143.22971389628947,63.94736842105263
1774609574,10,POST,/api/plugins/load?uri,1.250000,0.000000,12,18,20,20,100,400,400,400,400,400,400,17,0,12,39.0829254859401,2.284956048242748,402.037778054364,2476.8823529411766
1774609574,10,POST,/api/plugins/unload?uri,1.250000,0.000000,8,19,23,27,33,120,120,120,120,120,120,17,0,8,18.947632647776867,1.7687130020931363,123.25413606595248,129.35294117647058
1774609574,10,,Aggregated,59.750000,0.000000,11,20,26,30,90,130,200,310,410,410,410,542,0,12,31.70632002608871,1.3969889841973782,405.3585029905662,6630.612546125461
1774609575,10,GET,/api/audio/latency,10.666667,0.000000,12,21,23,26,140,140,310,410,410,410,410,83,0,12,32.996372997210955,1.4018790097907186,405.3585029905662,33.46987951807229
1774609575,10,GET,/api/audio/levels,10.666667,0.000000,14,27,73,92,130,1200,1200,1300,1300,1300,1300,85,0,14,115.06117415915736,1.6249699983745813,1263.6256830301136,77.74117647058823
1774609575,10,GET,/api/audio/levels (during plugin swap),2.500000,0.000000,7,32,48,58,100,110,110,110,110,110,110,19,0,7,29.171114511738875,2.1518219728022814,106.71864496544003,77.10526315789474
1774609575,10,GET,/api/audio/levels/plugins,2.500000,0.000000,19,22,22,23,35,130,130,130,130,130,130,18,0,17,20.819739716696656,1.4231710229068995,125.37179794162512,20.5
1774609575,10,GET,/api/audio/status,7.000000,0.000000,5,10,16,25,33,110,310,310,310,310,310,52,0,5,22.851987737410056,1.3969889841973782,314.2507340526208,303.0
1774609575,10,GET,/api/chains/,5.333333,0.000000,14,24,56,69,150,160,1300,1300,1300,1300,1300,39,0,14,78.81388107601266,2.07908998709172,1262.2265570098534,1478.179487179487
1774609575,10,GET,/api/chains/{id},7.166667,0.000000,23,29,58,90,120,350,1200,1300,1300,1300,1300,55,0,23,86.65332782336257,1.9874389981850982,1257.6548079960048,819.3090909090909
1774609575,10,POST,/api/chains/{id}/activate,7.166667,0.000000,16,24,47,53,140,160,400,410,410,410,410,53,0,16,49.07421644267468,1.7166920006275177,405.05630103871226,51.0377358490566
1774609575,10,POST,/api/chains/{id}/deactivate,7.000000,0.000000,5,8,10,13,24,29,110,110,110,110,110,52,0,4,12.662165619146366,1.7075310461223125,114.15244196541607,61.51923076923077
1774609575,10,POST,/api/plugins/batch/parameters (500 updates),0.500000,0.000000,77,85,86,94,94,94,94,94,94,94,94,12,0,17,57.56272184468495,5.47654100228101,199.4133359985426,904.3333333333334
1774609575,10,GET,/api/plugins/discover,5.333333,0.000000,28,32,35,39,46,290,290,290,290,290,290,39,0,28,44.38618482209933,12.901915004476905,293.7749670818448,89708.0
1774609575,10,GET,/api/plugins/list,5.333333,0.000000,10,16,19,23,130,140,140,140,140,140,140,39,0,10,22.528737807312073,1.4609969221055508,143.22971389628947,66.74358974358974
1774609575,10,POST,/api/plugins/load?uri,2.500000,0.000000,13,20,22,24,400,1300,1300,1300,1300,1300,1300,19,0,13,104.68275038721531,2.284956048242748,1302.1146790124476,2300.9473684210525
1774609575,10,POST,/api/plugins/unload?uri,2.500000,0.000000,12,19,27,31,33,120,120,120,120,120,120,18,0,8,19.617497836912257,1.7687130020931363,123.25413606595248,130.22222222222223
1774609575,10,,Aggregated,76.166667,0.000000,13,22,28,35,110,140,410,1200,1300,1300,1300,583,0,13,53.8212194756044,1.3969889841973782,1302.1146790124476,6335.711835334477
1774609576,10,GET,/api/audio/latency,10.571429,0.000000,9,14,21,23,39,140,160,310,410,410,410,106,0,9,27.15560975199003,1.4018790097907186,405.3585029905662,33.367924528301884
1774609576,10,GET,/api/audio/levels,10.571429,0.000000,10,18,31,73,130,1100,1200,1200,1300,1300,1300,106,0,10,93.72817295744031,1.5817000530660152,1263.6256830301136,77.5377358490566
1774609576,10,GET,/api/audio/levels (during plugin swap),2.571429,0.000000,9,21,40,48,90,100,110,110,110,110,110,22,0,7,26.240376983134244,2.1518219728022814,106.71864496544003,77.13636363636364
1774609576,10,GET,/api/audio/levels/plugins,2.428571,0.000000,17,21,22,22,28,35,130,130,130,130,130,22,0,16,18.91368235969408,1.4231710229068995,125.37179794162512,20.5
1774609576,10,GET,/api/audio/status,7.142857,0.000000,6,11,14,18,29,110,310,310,310,310,310,67,0,5,19.587304587336952,1.3969889841973782,314.2507340526208,303.0
1774609576,10,GET,/api/chains/,5.428571,0.000000,14,20,31,56,120,150,1300,1300,1300,1300,1300,46,0,14,67.84373358823359,2.07908998709172,1262.2265570098534,1478.1521739130435
1774609576,10,GET,/api/chains/{id},7.142857,0.000000,18,25,32,58,110,160,1200,1300,1300,1300,1300,67,0,18,72.88779994062801,1.9342380110174417,1257.6548079960048,814.6567164179105
1774609576,10,POST,/api/chains/{id}/activate,7.142857,0.000000,15,23,27,35,140,140,400,410,410,410,410,67,0,15,41.183097274112164,1.7166920006275177,405.05630103871226,51.417910447761194
1774609576,10,POST,/api/chains/{id}/deactivate,7.142857,0.000000,4,7,10,11,23,29,110,110,110,110,110,66,0,4,10.871389670876052,1.7075310461223125,114.15244196541607,61.621212121212125
1774609576,10,POST,/api/plugins/batch/parameters (500 updates),1.571429,0.000000,15,21,77,85,94,94,94,94,94,94,94,21,0,15,38.911707821257764,4.339825944043696,199.4133359985426,926.047619047619
1774609576,10,GET,/api/plugins/discover,5.428571,0.000000,28,29,35,37,45,150,290,290,290,290,290,46,0,28,40.516364894321434,12.777419993653893,293.7749670818448,89708.0
1774609576,10,GET,/api/plugins/list,5.428571,0.000000,7,15,19,22,26,130,140,140,140,140,140,46,0,6,19.76226711311661,1.4609969221055508,143.22971389628947,64.5
1774609576,10,POST,/api/plugins/load?uri,2.428571,0.000000,13,20,22,24,100,400,1300,1300,1300,1300,1300,22,0,12,92.314977791499,2.284956048242748,1302.1146790124476,2248.5454545454545
1774609576,10,POST,/api/plugins/unload?uri,2.428571,0.000000,8,15,23,27,31,33,120,120,120,120,120,22,0,8,17.345804049083117,1.7687130020931363,123.25413606595248,130.27272727272728
1774609576,10,,Aggregated,77.428571,0.000000,10,18,24,28,94,140,350,1200,1300,1300,1300,726,0,11,44.907704399309836,1.3969889841973782,1302.1146790124476,6013.236914600551
1774609577,10,GET,/api/audio/latency,9.250000,0.000000,10,17,22,25,140,140,160,310,410,410,410,116,0,10,29.8218176527559,1.4018790097907186,405.3585029905662,33.33620689655172
1774609577,10,GET,/api/audio/levels,10.000000,0.000000,11,25,70,87,120,1100,1200,1200,1300,1300,1300,118,0,11,91.32289915677097,1.5817000530660152,1263.6256830301136,78.0677966101695
1774609577,10,GET,/api/audio/levels (during plugin swap),2.250000,0.000000,9,21,40,48,90,100,110,110,110,110,110,23,0,9,25.777767159287695,2.1518219728022814,106.71864496544003,76.95652173913044
1774609577,10,GET,/api/audio/levels/plugins,2.125000,0.000000,17,21,22,22,28,35,130,130,130,130,130,22,0,16,18.91368235969408,1.4231710229068995,125.37179794162512,20.5
1774609577,10,GET,/api/audio/status,6.250000,0.000000,9,16,18,25,110,150,310,310,310,310,310,80,0,8,27.5192534798407,1.3969889841973782,314.2507340526208,303.0
1774609577,10,GET,/api/chains/,4.875000,0.000000,14,24,56,82,130,150,1300,1300,1300,1300,1300,50,0,14,69.90745296003297,2.07908998709172,1262.2265570098534,1478.18
1774609577,10,GET,/api/chains/{id},6.500000,0.000000,21,30,58,90,120,160,1200,1300,1300,1300,1300,83,0,21,71.38125267558652,1.9342380110174417,1257.6548079960048,817.6144578313254
1774609577,10,POST,/api/chains/{id}/activate,6.250000,0.000000,16,24,35,48,140,160,400,410,410,410,410,80,0,16,45.16441852028947,1.7166920006275177,405.05630103871226,51.875
1774609577,10,POST,/api/chains/{id}/deactivate,6.250000,0.000000,6,8,11,12,23,34,110,150,150,150,150,80,0,5,12.867848736641463,1.7075310461223125,149.12366401404142,61.375
1774609577,10,POST,/api/plugins/batch/parameters (500 updates),1.375000,0.000000,17,24,77,85,94,94,280,280,280,280,280,23,0,17,50.09200270591385,4.339825944043696,282.03736897557974,935.3478260869565
1774609577,10,GET,/api/plugins/discover,4.750000,0.000000,26,29,34,35,45,150,290,290,290,290,290,48,0,26,39.79801758638738,12.777419993653893,293.7749670818448,89708.0
1774609577,10,GET,/api/plugins/list,4.750000,0.000000,10,15,19,22,26,130,140,140,140,140,140,48,0,7,19.795669189382654,1.4609969221055508,143.22971389628947,63.979166666666664
1774609577,10,POST,/api/plugins/load?uri,2.250000,0.000000,13,20,22,24,100,400,1300,1300,1300,1300,1300,22,0,12,92.314977791499,2.284956048242748,1302.1146790124476,2248.5454545454545
1774609577,10,POST,/api/plugins/unload?uri,2.125000,0.000000,8,15,23,27,31,33,120,120,120,120,120,22,0,8,17.345804049083117,1.7687130020931363,123.25413606595248,130.27272727272728
1774609577,10,,Aggregated,69.000000,0.000000,12,21,26,34,110,140,310,1200,1300,1300,1300,815,0,12,46.544430811998026,1.3969889841973782,1302.1146790124476,5611.37791411043
1774609578,10,GET,/api/audio/latency,11.222222,0.000000,10,18,23,25,42,140,160,310,410,410,410,141,0,10,26.659193990342583,1.354818930849433,405.3585029905662,33.276595744680854
1774609578,10,GET,/api/audio/levels,11.222222,0.000000,10,21,43,75,120,140,1200,1200,1300,1300,1300,141,0,10,77.85478484047353,1.5817000530660152,1263.6256830301136,77.60992907801419
1774609578,10,GET,/api/audio/levels (during plugin swap),2.444444,0.000000,9,12,32,40,90,100,110,110,110,110,110,28,0,7,22.27554398372636,1.891441992484033,106.71864496544003,76.25
1774609578,10,GET,/api/audio/levels/plugins,2.444444,0.000000,16,21,22,23,35,46,130,130,130,130,130,28,0,12,18.630080781544425,1.4231710229068995,125.37179794162512,20.5
1774609578,10,GET,/api/audio/status,7.111111,0.000000,10,17,21,26,56,140,310,310,310,310,310,94,0,9,26.479987228200077,1.3969889841973782,314.2507340526208,303.0
1774609578,10,GET,/api/chains/,4.777778,0.000000,16,31,69,83,130,150,1300,1300,1300,1300,1300,52,0,14,67.864179501507,2.07908998709172,1262.2265570098534,1478.173076923077
1774609578,10,GET,/api/chains/{id},7.111111,0.000000,17,27,52,66,120,160,1200,1300,1300,1300,1300,94,0,15,63.81472992522523,1.9342380110174417,1257.6548079960048,819.3297872340426
1774609578,10,POST,/api/chains/{id}/activate,7.111111,0.000000,16,25,35,47,140,140,400,410,410,410,410,94,0,15,40.747371325120724,1.7166920006275177,405.05630103871226,52.02127659574468
1774609578,10,POST,/api/chains/{id}/deactivate,7.111111,0.000000,6,10,12,15,24,31,110,150,150,150,150,94,0,6,12.916731648147106,1.7039140220731497,149.12366401404142,61.46808510638298
1774609578,10,POST,/api/plugins/batch/parameters (500 updates),1.888889,0.000000,16,24,46,77,94,94,280,280,280,280,280,32,0,15,41.23840847387328,4.339825944043696,282.03736897557974,929.0625
1774609578,10,GET,/api/plugins/discover,4.777778,0.000000,26,29,35,37,46,150,290,290,290,290,290,52,0,26,39.2095417348453,12.777419993653893,293.7749670818448,89708.0
1774609578,10,GET,/api/plugins/list,4.777778,0.000000,11,18,23,23,38,130,140,140,140,140,140,52,0,7,19.708331081066998,1.4609969221055508,143.22971389628947,66.71153846153847
1774609578,10,POST,/api/plugins/load?uri,2.444444,0.000000,13,20,24,24,100,400,1300,1300,1300,1300,1300,28,0,12,76.35508519680505,1.8405909650027752,1302.1146790124476,2061.964285714286
1774609578,10,POST,/api/plugins/unload?uri,2.444444,0.000000,12,18,21,23,31,33,120,120,120,120,120,27,0,12,17.00078637804836,1.7298110760748386,123.25413606595248,128.25925925925927
1774609578,10,,Aggregated,76.888889,0.000000,12,21,26,32,100,140,310,1200,1300,1300,1300,957,0,12,41.71705016705267,1.354818930849433,1302.1146790124476,5193.9278996865205
1774609579,10,GET,/api/audio/latency,11.300000,0.000000,12,21,23,27,42,140,160,310,410,410,410,149,0,10,27.201633468339057,1.354818930849433,405.3585029905662,33.261744966442954
1774609579,10,GET,/api/audio/levels,11.600000,0.000000,11,22,48,82,120,140,1200,1200,1300,1300,1300,151,0,11,77.15422943441061,1.5817000530660152,1263.6256830301136,77.90728476821192
1774609579,10,GET,/api/audio/levels (during plugin swap),2.200000,0.000000,9,12,21,32,90,100,110,110,110,110,110,28,0,7,22.27554398372636,1.891441992484033,106.71864496544003,76.25
1774609579,10,GET,/api/audio/levels/plugins,2.200000,0.000000,16,22,22,23,35,46,130,130,130,130,130,28,0,12,18.630080781544425,1.4231710229068995,125.37179794162512,20.5
1774609579,10,GET,/api/audio/status,7.500000,0.000000,11,18,25,29,56,150,310,310,310,310,310,103,0,10,28.390271567685293,1.3969889841973782,314.2507340526208,303.0
1774609579,10,GET,/api/chains/,4.800000,0.000000,18,31,82,110,130,160,1300,1300,1300,1300,1300,58,0,15,70.53431171064811,2.07908998709172,1262.2265570098534,1478.155172413793
1774609579,10,GET,/api/chains/{id},7.900000,0.000000,17,27,55,91,130,180,1200,1300,1300,1300,1300,103,0,18,65.52166707736883,1.9342380110174417,1257.6548079960048,819.1941747572815
1774609579,10,POST,/api/chains/{id}/activate,7.600000,0.000000,15,24,34,41,140,160,400,410,410,410,410,103,0,15,44.89380370450287,1.7166920006275177,405.05630103871226,52.23300970873787
1774609579,10,POST,/api/chains/{id}/deactivate,7.400000,0.000000,7,11,14,19,26,100,150,160,160,160,160,103,0,6,16.45999330263223,1.7039140220731497,159.01714307256043,61.271844660194176
1774609579,10,POST,/api/plugins/batch/parameters (500 updates),2.200000,0.000000,17,32,48,77,94,140,280,280,280,280,280,37,0,17,42.94380146657696,4.339825944043696,282.03736897557974,925.3243243243244
1774609579,10,GET,/api/plugins/discover,4.800000,0.000000,26,29,34,35,42,48,290,290,290,290,290,58,0,28,38.44115591471501,12.777419993653893,293.7749670818448,89708.0
1774609579,10,GET,/api/plugins/list,4.800000,0.000000,11,17,23,24,130,140,150,150,150,150,150,58,0,7,25.493858793573775,1.4609969221055508,148.97497498895973,65.1896551724138
1774609579,10,POST,/api/plugins/load?uri,2.200000,0.000000,13,22,24,24,100,400,1300,1300,1300,1300,1300,28,0,12,76.35508519680505,1.8405909650027752,1302.1146790124476,2061.964285714286
1774609579,10,POST,/api/plugins/unload?uri,2.200000,0.000000,8,19,21,23,31,33,120,120,120,120,120,28,0,8,16.650257648767106,1.7298110760748386,123.25413606595248,128.07142857142858
1774609579,10,,Aggregated,78.700000,0.000000,13,22,28,35,110,140,310,1100,1300,1300,1300,1035,0,13,43.31724780987372,1.354818930849433,1302.1146790124476,5347.673429951691
1774609580,10,GET,/api/audio/latency,13.300000,0.000000,10,17,22,24,42,140,160,310,410,410,410,179,0,9,24.070025921159285,1.354818930849433,405.3585029905662,33.21787709497207
1774609580,10,GET,/api/audio/levels,13.300000,0.000000,10,18,35,72,120,140,1200,1200,1300,1300,1300,179,0,10,66.24522112575282,1.4735650038346648,1263.6256830301136,77.35754189944134
1774609580,10,GET,/api/audio/levels (during plugin swap),2.600000,0.000000,7,11,16,40,90,100,110,110,110,110,110,34,0,7,20.778772636891944,1.5689930878579617,106.71864496544003,76.05882352941177
1774609580,10,GET,/api/audio/levels/plugins,2.600000,0.000000,9,16,19,22,35,46,130,130,130,130,130,34,0,9,16.16804344196092,1.4231710229068995,125.37179794162512,20.11764705882353
1774609580,10,GET,/api/audio/status,8.900000,0.000000,9,17,21,26,50,150,310,310,310,310,310,119,0,8,25.041182912854836,1.3969889841973782,314.2507340526208,303.0
1774609580,10,GET,/api/chains/,4.900000,0.000000,18,47,83,110,130,210,1300,1300,1300,1300,1300,59,0,15,69.39612100319148,2.07908998709172,1262.2265570098534,1478.1694915254238
1774609580,10,GET,/api/chains/{id},8.800000,0.000000,11,24,52,85,130,180,1200,1300,1300,1300,1300,119,0,14,57.2665705523618,1.9342380110174417,1257.6548079960048,820.6722689075631
1774609580,10,POST,/api/chains/{id}/activate,8.800000,0.000000,12,24,33,35,140,160,400,410,410,410,410,119,0,13,39.39506791320731,1.7166920006275177,405.05630103871226,52.64705882352941
1774609580,10,POST,/api/chains/{id}/deactivate,8.900000,0.000000,6,10,12,14,24,100,150,160,160,160,160,119,0,6,14.813775366892209,1.7039140220731497,159.01714307256043,61.36974789915966
1774609580,10,POST,/api/plugins/batch/parameters (500 updates),2.800000,0.000000,16,28,32,48,86,94,280,280,280,280,280,43,0,16,38.35643644628743,4.339825944043696,282.03736897557974,930.046511627907
1774609580,10,GET,/api/plugins/discover,4.900000,0.000000,26,29,34,36,46,290,290,290,290,290,290,59,0,28,38.180429340434905,12.777419993653893,293.7749670818448,89708.0
1774609580,10,GET,/api/plugins/list,4.900000,0.000000,7,18,24,31,140,150,150,150,150,150,150,59,0,7,25.17145915327878,1.4609969221055508,148.97497498895973,64.96610169491525
1774609580,10,POST,/api/plugins/load?uri,2.600000,0.000000,13,21,24,24,100,400,1300,1300,1300,1300,1300,34,0,11,64.38558760633254,1.8405909650027752,1302.1146790124476,2483.176470588235
1774609580,10,POST,/api/plugins/unload?uri,2.600000,0.000000,7,12,18,21,31,33,120,120,120,120,120,34,0,8,14.48905373485211,1.7298110760748386,123.25413606595248,130.02941176470588
1774609580,10,,Aggregated,89.900000,0.000000,11,19,25,33,100,140,290,1100,1300,1300,1300,1190,0,11,38.513691692335236,1.354818930849433,1302.1146790124476,4775.635294117647
1774609581,10,GET,/api/audio/latency,14.000000,0.000000,11,16,23,25,140,140,180,310,410,410,410,191,0,10,26.762312496963556,1.354818930849433,405.3585029905662,33.204188481675395
1774609581,10,GET,/api/audio/levels,14.100000,0.000000,10,17,35,73,110,150,1200,1200,1300,1300,1300,191,0,11,67.18669398212367,1.4735650038346648,1263.6256830301136,77.49214659685863
1774609581,10,GET,/api/audio/levels (during plugin swap),2.600000,0.000000,7,11,12,16,65,70,90,90,90,90,90,37,0,9,23.056847480679483,1.5689930878579617,106.71864496544003,76.51351351351352
1774609581,10,GET,/api/audio/levels/plugins,2.600000,0.000000,9,15,17,17,30,46,130,130,130,130,130,37,0,12,16.180963919347,1.4231710229068995,125.37179794162512,20.324324324324323
1774609581,10,GET,/api/audio/status,9.200000,0.000000,9,17,19,26,50,150,310,310,310,310,310,126,0,8,24.093846751687426,1.3969889841973782,314.2507340526208,303.0
1774609581,10,GET,/api/chains/,4.800000,0.000000,13,24,82,83,130,210,1300,1300,1300,1300,1300,62,0,14,66.45403493894264,2.07908998709172,1262.2265570098534,1478.1612903225807
1774609581,10,GET,/api/chains/{id},9.400000,0.000000,11,24,38,64,120,180,1200,1300,1300,1300,1300,129,0,15,56.57940723142738,1.9342380110174417,1257.6548079960048,822.4186046511628
1774609581,10,POST,/api/chains/{id}/activate,9.200000,0.000000,12,22,27,33,140,160,400,410,410,410,410,128,0,13,37.69241613736085,1.7166920006275177,405.05630103871226,52.578125
1774609581,10,POST,/api/chains/{id}/deactivate,9.100000,0.000000,7,10,13,15,26,110,150,160,160,160,160,126,0,6,15.255256608638557,1.7039140220731497,159.01714307256043,61.404761904761905
1774609581,10,POST,/api/plugins/batch/parameters (500 updates),3.700000,0.000000,17,32,58,86,150,210,280,280,280,280,280,52,0,17,50.67453860045554,4.339825944043696,282.03736897557974,945.2307692307693
1774609581,10,GET,/api/plugins/discover,4.700000,0.000000,26,30,34,36,46,290,290,290,290,290,290,61,0,28,37.717267493030334,12.777419993653893,293.7749670818448,89708.0
1774609581,10,GET,/api/plugins/list,4.700000,0.000000,6,12,18,23,130,150,150,150,150,150,150,62,0,7,24.218741984617324,1.4609969221055508,148.97497498895973,64.33870967741936
1774609581,10,POST,/api/plugins/load?uri,2.600000,0.000000,11,20,22,24,180,400,1300,1300,1300,1300,1300,37,0,11,64.54918782126057,1.8405909650027752,1302.1146790124476,2530.5675675675675
1774609581,10,POST,/api/plugins/unload?uri,2.600000,0.000000,6,8,12,18,21,31,33,33,33,33,33,37,0,8,13.830839269291106,1.7298110760748386,123.25413606595248,129.83783783783784
1774609581,10,,Aggregated,93.300000,0.000000,10,17,24,32,98,150,290,1100,1300,1300,1300,1276,0,11,39.13402944910165,1.354818930849433,1302.1146790124476,4622.941222570533
1774609582,10,GET,/api/audio/latency,15.400000,0.000000,9,13,19,23,42,140,170,180,180,180,180,217,0,9,24.33418916443938,1.354818930849433,405.3585029905662,33.17972350230415
1774609582,10,GET,/api/audio/levels,15.400000,0.000000,9,16,27,60,100,150,1200,1200,1300,1300,1300,217,0,10,59.84693141718511,1.4577279798686504,1263.6256830301136,77.13364055299539
1774609582,10,GET,/api/audio/levels (during plugin swap),3.200000,0.000000,8,11,12,20,65,70,90,90,90,90,90,44,0,8,20.690309039888565,1.5689930878579617,106.71864496544003,76.8409090909091
1774609582,10,GET,/api/audio/levels/plugins,3.200000,0.000000,5,12,15,17,30,46,130,130,130,130,130,44,0,9,14.251277017385952,1.4231710229068995,125.37179794162512,20.204545454545453
1774609582,10,GET,/api/audio/status,9.800000,0.000000,8,13,18,19,46,130,220,230,230,230,230,139,0,8,22.61882488910618,1.3969889841973782,314.2507340526208,303.0
1774609582,10,GET,/api/chains/,4.700000,0.000000,16,26,82,110,130,210,1300,1300,1300,1300,1300,66,0,14,63.24396588289264,2.07908998709172,1262.2265570098534,1478.1515151515152
1774609582,10,GET,/api/chains/{id},9.800000,0.000000,10,20,36,56,120,170,1200,1300,1300,1300,1300,140,0,12,52.774155204783064,1.9342380110174417,1257.6548079960048,821.9142857142857
1774609582,10,POST,/api/chains/{id}/activate,9.800000,0.000000,11,19,25,31,49,140,220,390,390,390,390,139,0,12,35.508460011802235,1.7166920006275177,405.05630103871226,52.62589928057554
1774609582,10,POST,/api/chains/{id}/deactivate,9.800000,0.000000,6,10,12,14,24,110,150,160,160,160,160,139,0,6,14.385941644406898,1.7039140220731497,159.01714307256043,61.460431654676256
1774609582,10,POST,/api/plugins/batch/parameters (500 updates),4.100000,0.000000,16,24,48,77,140,210,220,280,280,280,280,62,0,16,44.26611747006856,4.281322006136179,282.03736897557974,950.483870967742
1774609582,10,GET,/api/plugins/discover,4.700000,0.000000,26,28,32,34,40,46,48,48,48,48,48,66,0,26,36.663015302496426,12.777419993653893,293.7749670818448,89708.0
1774609582,10,GET,/api/plugins/list,4.700000,0.000000,7,16,24,26,130,150,150,150,150,150,150,66,0,7,23.562410063194957,1.4609969221055508,148.97497498895973,67.25757575757575
1774609582,10,POST,/api/plugins/load?uri,3.200000,0.000000,7,20,22,24,43,180,1300,1300,1300,1300,1300,44,0,10,55.164677080359645,1.8405909650027752,1302.1146790124476,2545.818181818182
1774609582,10,POST,/api/plugins/unload?uri,3.200000,0.000000,5,8,11,15,21,21,31,31,31,31,31,44,0,6,12.101658662273126,1.7205550102517009,123.25413606595248,128.9318181818182
1774609582,10,,Aggregated,101.000000,0.000000,10,16,23,28,86,140,180,1100,1300,1300,1300,1427,0,10,35.8273658370201,1.354818930849433,1302.1146790124476,4485.350385423966
1774609583,10,GET,/api/audio/latency,15.300000,0.000000,10,16,21,24,130,140,170,180,180,180,180,230,0,10,25.370396590164013,1.354818930849433,405.3585029905662,33.1695652173913
1774609583,10,GET,/api/audio/levels,15.700000,0.000000,10,16,43,77,120,160,1200,1200,1300,1300,1300,230,0,10,60.35006949728679,1.4577279798686504,1263.6256830301136,77.18260869565218
1774609583,10,GET,/api/audio/levels (during plugin swap),3.200000,0.000000,9,12,20,32,65,81,90,90,90,90,90,46,0,8,22.235496579568185,1.5689930878579617,106.71864496544003,76.67391304347827
1774609583,10,GET,/api/audio/levels/plugins,3.100000,0.000000,6,12,17,17,30,130,130,130,130,130,130,46,0,9,16.668736299439132,1.4231710229068995,132.3894039960578,20.5
1774609583,10,GET,/api/audio/status,10.200000,0.000000,9,16,18,21,46,130,150,220,230,230,230,152,0,8,22.735497406469413,1.3969889841973782,314.2507340526208,303.0
1774609583,10,GET,/api/chains/,4.100000,0.000000,16,26,82,110,130,210,1300,1300,1300,1300,1300,66,0,14,63.24396588289264,2.07908998709172,1262.2265570098534,1478.1515151515152
1774609583,10,GET,/api/chains/{id},10.100000,0.000000,14,25,63,68,120,170,180,1200,1300,1300,1300,152,0,15,53.9923328255291,1.9342380110174417,1257.6548079960048,821.9736842105264
1774609583,10,POST,/api/chains/{id}/activate,10.200000,0.000000,13,23,28,34,140,160,160,220,390,390,390,152,0,13,39.33882050210071,1.7166920006275177,405.05630103871226,52.598684210526315
1774609583,10,POST,/api/chains/{id}/deactivate,10.200000,0.000000,6,9,12,16,24,100,120,150,160,160,160,152,0,6,14.01655506388603,1.7039140220731497,159.01714307256043,61.50657894736842
1774609583,10,POST,/api/plugins/batch/parameters (500 updates),4.800000,0.000000,17,32,53,77,150,210,220,280,280,280,280,72,0,17,46.88643218347958,4.281322006136179,282.03736897557974,952.5694444444445
1774609583,10,GET,/api/plugins/discover,4.100000,0.000000,26,28,32,34,40,46,48,48,48,48,48,66,0,26,36.663015302496426,12.777419993653893,293.7749670818448,89708.0
1774609583,10,GET,/api/plugins/list,4.100000,0.000000,7,16,24,26,130,150,150,150,150,150,150,66,0,7,23.562410063194957,1.4609969221055508,148.97497498895973,67.25757575757575
1774609583,10,POST,/api/plugins/load?uri,3.100000,0.000000,10,21,23,24,100,180,1300,1300,1300,1300,1300,46,0,10,55.40323609982253,1.8405909650027752,1302.1146790124476,2523.3478260869565
1774609583,10,POST,/api/plugins/unload?uri,3.100000,0.000000,5,8,12,15,21,29,31,31,31,31,31,46,0,6,12.408315674806742,1.7205550102517009,123.25413606595248,129.15217391304347
1774609583,10,,Aggregated,101.300000,0.000000,10,18,24,32,100,140,180,1100,1300,1300,1300,1522,0,11,36.74249902437043,1.354818930849433,1302.1146790124476,4225.700394218134
1774609584,10,GET,/api/audio/latency,16.400000,0.000000,7,15,19,23,76,140,170,180,180,180,180,252,0,9,23.788542106991546,1.354818930849433,405.3585029905662,33.154761904761905
1774609584,10,GET,/api/audio/levels,16.200000,0.000000,9,15,23,37,94,120,150,160,160,160,160,252,0,10,55.9676569546499,1.4577279798686504,1263.6256830301136,77.02380952380952
1774609584,10,GET,/api/audio/levels (during plugin swap),3.200000,0.000000,9,12,12,20,61,70,81,81,81,81,81,52,0,8,20.35658912679467,1.5689930878579617,106.71864496544003,76.5
1774609584,10,GET,/api/audio/levels/plugins,3.300000,0.000000,4,10,15,17,30,130,130,130,130,130,130,52,0,6,15.026566765020387,1.4231710229068995,132.3894039960578,20.25
1774609584,10,GET,/api/audio/status,10.900000,0.000000,9,13,18,19,39,130,150,220,230,230,230,166,0,8,21.324853583923485,1.3969889841973782,314.2507340526208,303.0
1774609584,10,GET,/api/chains/,3.900000,0.000000,16,23,70,82,130,130,210,210,210,210,210,67,0,14,62.56378391486551,2.07908998709172,1262.2265570098534,1478.1492537313434
1774609584,10,GET,/api/chains/{id},10.500000,0.000000,10,20,38,64,110,140,180,180,180,180,180,166,0,13,50.092876790629994,1.9342380110174417,1257.6548079960048,818.6746987951807
1774609584,10,POST,/api/chains/{id}/activate,10.700000,0.000000,12,21,27,33,140,160,160,220,390,390,390,166,0,13,36.87806107476915,1.7166920006275177,405.05630103871226,52.7710843373494
1774609584,10,POST,/api/chains/{id}/deactivate,10.900000,0.000000,6,10,12,14,21,46,120,150,160,160,160,166,0,6,13.369044312836984,1.7039140220731497,159.01714307256043,61.54819277108434
1774609584,10,POST,/api/plugins/batch/parameters (500 updates),5.500000,0.000000,16,22,32,48,140,210,220,280,280,280,280,85,0,16,41.37916819000726,4.2729940032586455,282.03736897557974,950.0588235294117
1774609584,10,GET,/api/plugins/discover,4.100000,0.000000,24,27,30,32,40,42,48,48,48,48,48,67,0,26,36.33536744702941,12.777419993653893,293.7749670818448,89708.0
1774609584,10,GET,/api/plugins/list,3.900000,0.000000,7,18,24,31,130,150,150,150,150,150,150,67,0,7,23.362029555823597,1.4609969221055508,148.97497498895973,67.02985074626865
1774609584,10,POST,/api/plugins/load?uri,3.300000,0.000000,7,16,21,23,25,100,180,180,180,180,180,52,0,7,49.71032248935304,1.8405909650027752,1302.1146790124476,2510.6923076923076
1774609584,10,POST,/api/plugins/unload?uri,3.300000,0.000000,5,8,9,12,21,29,31,31,31,31,31,52,0,6,11.560153771335116,1.7205550102517009,123.25413606595248,128.46153846153845
1774609584,10,,Aggregated,106.100000,0.000000,9,16,21,25,78,140,160,180,280,390,390,1662,0,10,34.313864133345405,1.354818930849433,1302.1146790124476,3953.023465703971
1774609585,10,GET,/api/audio/latency,16.400000,0.000000,8,17,21,22,35,140,170,180,180,180,180,260,0,9,23.695007256733682,1.354818930849433,405.3585029905662,33.15
1774609585,10,GET,/api/audio/levels,16.200000,0.000000,11,16,30,60,100,130,150,160,160,160,160,260,0,11,56.299206675836245,1.4577279798686504,1263.6256830301136,77.15
1774609585,10,GET,/api/audio/levels (during plugin swap),3.200000,0.000000,9,12,20,20,65,81,120,120,120,120,120,54,0,8,22.1849289007002,1.5689930878579617,119.78573503438383,76.61111111111111
1774609585,10,GET,/api/audio/levels/plugins,3.300000,0.000000,5,10,15,17,30,130,130,130,130,130,130,53,0,7,15.032065373335806,1.4231710229068995,132.3894039960578,20.37735849056604
1774609585,10,GET,/api/audio/status,10.900000,0.000000,9,17,19,21,46,130,150,220,230,230,230,172,0,8,21.06139233111144,1.3969889841973782,314.2507340526208,303.0
1774609585,10,GET,/api/chains/,3.900000,0.000000,18,47,70,110,130,130,210,210,210,210,210,68,0,14,62.6688553722274,2.07908998709172,1262.2265570098534,1478.1470588235295
1774609585,10,GET,/api/chains/{id},10.500000,0.000000,13,23,63,68,120,140,180,180,180,180,180,172,0,14,50.78112468635122,1.9342380110174417,1257.6548079960048,819.3255813953489
1774609585,10,POST,/api/chains/{id}/activate,10.700000,0.000000,12,21,27,34,130,160,160,220,390,390,390,172,0,13,36.33590694922997,1.7166920006275177,405.05630103871226,52.877906976744185
1774609585,10,POST,/api/chains/{id}/deactivate,10.900000,0.000000,7,10,12,15,24,46,120,150,160,160,160,171,0,6,13.163498415589899,1.7039140220731497,159.01714307256043,61.56140350877193
1774609585,10,POST,/api/plugins/batch/parameters (500 updates),5.500000,0.000000,16,25,37,53,150,210,220,280,280,280,280,86,0,16,41.51457260622708,4.2729940032586455,282.03736897557974,951.0
1774609585,10,GET,/api/plugins/discover,4.100000,0.000000,26,27,32,34,40,42,48,48,48,48,48,68,0,26,36.18007020422203,12.777419993653893,293.7749670818448,89708.0
1774609585,10,GET,/api/plugins/list,3.900000,0.000000,7,18,24,31,130,150,150,150,150,150,150,68,0,7,23.269647973767647,1.4609969221055508,148.97497498895973,66.80882352941177
1774609585,10,POST,/api/plugins/load?uri,3.300000,0.000000,7,19,21,23,25,100,180,180,180,180,180,53,0,10,49.13369174343797,1.8405909650027752,1302.1146790124476,2477.169811320755
1774609585,10,POST,/api/plugins/unload?uri,3.300000,0.000000,6,8,9,11,21,29,31,31,31,31,31,53,0,6,11.505239021542641,1.7205550102517009,123.25413606595248,128.45283018867926
1774609585,10,,Aggregated,106.100000,0.000000,10,17,22,28,82,140,160,180,280,390,390,1710,0,10,34.35029706159302,1.354818930849433,1302.1146790124476,3901.545029239766
1774609586,10,GET,/api/audio/latency,17.300000,0.000000,9,17,22,23,42,140,170,180,210,210,210,265,0,10,25.090933779588426,1.354818930849433,405.3585029905662,33.14716981132076
1774609586,10,GET,/api/audio/levels,17.300000,0.000000,11,16,29,68,110,140,1000,1100,1200,1200,1200,265,0,11,68.52536995034173,1.4577279798686504,1263.6256830301136,77.26792452830189
1774609586,10,GET,/api/audio/levels (during plugin swap),3.200000,0.000000,9,12,20,61,81,1100,1200,1200,1200,1200,1200,56,0,9,62.85281313674724,1.5689930878579617,1182.6165140373632,76.94642857142857
1774609586,10,GET,/api/audio/levels/plugins,3.300000,0.000000,4,15,17,18,120,140,140,140,140,140,140,56,0,7,21.242463549632312,1.4231710229068995,138.8719539390877,20.267857142857142
1774609586,10,GET,/api/audio/status,10.700000,0.000000,9,15,18,19,34,50,150,220,220,220,220,173,0,8,20.98926579757362,1.3969889841973782,314.2507340526208,303.0
1774609586,10,GET,/api/chains/,2.900000,0.000000,19,70,82,110,130,210,210,210,210,210,210,68,0,14,62.6688553722274,2.07908998709172,1262.2265570098534,1478.1470588235295
1774609586,10,GET,/api/chains/{id},10.800000,0.000000,10,22,56,68,110,170,180,1200,1200,1200,1200,173,0,14,57.365727364597035,1.9342380110174417,1257.6548079960048,818.7514450867052
1774609586,10,POST,/api/chains/{id}/activate,10.800000,0.000000,12,21,27,34,140,160,270,390,390,390,390,173,0,13,37.687672654737455,1.7166920006275177,405.05630103871226,52.774566473988436
1774609586,10,POST,/api/chains/{id}/deactivate,10.600000,0.000000,7,10,12,15,24,110,160,1300,1300,1300,1300,173,1,6,20.798950063769915,1.7039140220731497,1339.969283901155,65.11560693641619
1774609586,10,POST,/api/plugins/batch/parameters (500 updates),7.100000,0.000000,16,29,40,54,170,220,1100,1100,1100,1100,1100,91,0,16,64.14236729852037,4.2729940032586455,1125.7029989501461,945.934065934066
1774609586,10,GET,/api/plugins/discover,2.800000,0.000000,26,32,34,36,42,48,48,48,48,48,48,68,0,26,36.18007020422203,12.777419993653893,293.7749670818448,89708.0
1774609586,10,GET,/api/plugins/list,2.800000,0.000000,10,24,31,38,150,150,150,150,150,150,150,68,0,7,23.269647973767647,1.4609969221055508,148.97497498895973,66.80882352941177
1774609586,10,POST,/api/plugins/load?uri,3.300000,0.000000,7,19,23,24,120,180,1200,1200,1200,1200,1200,56,0,10,72.24820143684545,1.8405909650027752,1302.1146790124476,2428.0
1774609586,10,POST,/api/plugins/unload?uri,3.300000,0.000000,6,9,11,18,21,29,140,140,140,140,140,56,0,7,14.148026806651615,1.7205550102517009,139.38355003483593,128.55357142857142
1774609586,10,,Aggregated,106.200000,0.000000,10,17,23,30,100,140,180,1000,1300,1300,1300,1741,1,11,41.453453611396895,1.354818930849433,1339.969283901155,3838.9488799540495
1774609587,10,GET,/api/audio/latency,18.600000,0.000000,7,13,19,21,29,130,170,180,210,210,210,286,0,9,23.573130253178125,1.354818930849433,405.3585029905662,33.13636363636363
1774609587,10,GET,/api/audio/levels,18.000000,0.000000,10,15,23,48,100,140,160,1100,1200,1200,1200,286,0,10,63.940242170991205,1.4467519940808415,1263.6256830301136,77.0909090909091
1774609587,10,GET,/api/audio/levels (during plugin swap),3.600000,0.000000,8,12,20,32,81,1100,1200,1200,1200,1200,1200,64,0,8,55.46822816359054,1.5156629960983992,1182.6165140373632,76.859375
1774609587,10,GET,/api/audio/levels/plugins,3.600000,0.000000,3,8,15,17,120,140,140,140,140,140,140,64,0,5,18.969815619129804,1.4036219799891114,138.8719539390877,19.890625
1774609587,10,GET,/api/audio/status,12.200000,0.000000,7,10,15,16,21,34,46,140,220,220,220,193,0,8,19.49941998388657,1.3969889841973782,314.2507340526208,303.0
1774609587,10,GET,/api/chains/,2.900000,0.000000,18,19,70,70,130,210,210,210,210,210,210,69,0,15,62.017411395124554,2.07908998709172,1262.2265570098534,1478.159420289855
1774609587,10,GET,/api/chains/{id},12.000000,0.000000,10,20,56,68,110,140,180,180,1200,1200,1200,193,0,14,54.35623321320302,1.8658710177987814,1257.6548079960048,816.7616580310881
1774609587,10,POST,/api/chains/{id}/activate,12.200000,0.000000,12,17,22,25,47,160,160,270,390,390,390,193,0,13,35.04031644277564,1.7166920006275177,405.05630103871226,53.134715025906736
1774609587,10,POST,/api/chains/{id}/deactivate,12.100000,0.000000,6,8,10,13,17,46,120,160,1300,1300,1300,193,1,6,19.24238325436865,1.7039140220731497,1339.969283901155,64.66321243523316
1774609587,10,POST,/api/plugins/batch/parameters (500 updates),7.500000,0.000000,14,20,32,48,150,210,1100,1100,1100,1100,1100,102,0,14,58.398835696553924,4.2729940032586455,1125.7029989501461,946.2745098039215
1774609587,10,GET,/api/plugins/discover,3.000000,0.000000,26,27,32,32,36,40,40,40,40,40,40,69,0,26,35.85394744869268,12.777419993653893,293.7749670818448,89708.0
1774609587,10,GET,/api/plugins/list,3.000000,0.000000,7,12,24,24,150,150,150,150,150,150,150,69,0,7,23.007007538462464,1.4609969221055508,148.97497498895973,66.59420289855072
1774609587,10,POST,/api/plugins/load?uri,3.500000,0.000000,6,10,19,20,120,180,1200,1200,1200,1200,1200,64,0,8,63.82917448900116,1.8405909650027752,1302.1146790124476,2501.203125
1774609587,10,POST,/api/plugins/unload?uri,3.600000,0.000000,4,7,8,9,21,29,140,140,140,140,140,64,0,6,12.698786020337138,1.6670769546180964,139.38355003483593,129.03125
1774609587,10,,Aggregated,115.800000,0.000000,8,14,19,23,78,140,180,1000,1300,1300,1300,1909,1,10,38.61636428392725,1.354818930849433,1339.969283901155,3581.9072812991094
1774609588,10,GET,/api/audio/latency,15.900000,0.000000,7,16,19,22,39,130,170,180,210,210,210,302,0,9,24.151556403144873,1.354818930849433,405.3585029905662,33.129139072847686
1774609588,10,GET,/api/audio/levels,16.200000,0.000000,10,16,28,68,100,140,160,1100,1200,1200,1200,302,0,11,63.04496697717599,1.4467519940808415,1263.6256830301136,77.13245033112582
1774609588,10,GET,/api/audio/levels (during plugin swap),3.400000,0.000000,8,12,20,38,81,1100,1200,1200,1200,1200,1200,66,0,8,54.43046285566225,1.5156629960983992,1182.6165140373632,76.93939393939394
1774609588,10,GET,/api/audio/levels/plugins,3.100000,0.000000,3,7,15,15,120,140,140,140,140,140,140,66,0,6,18.697634556288406,1.4036219799891114,138.8719539390877,19.90909090909091
1774609588,10,GET,/api/audio/status,10.800000,0.000000,6,10,15,17,21,34,140,140,140,140,140,204,0,8,20.29540736568343,1.3969889841973782,314.2507340526208,303.0
1774609588,10,GET,/api/chains/,2.500000,0.000000,16,18,19,70,110,130,130,130,130,130,130,69,0,15,62.017411395124554,2.07908998709172,1262.2265570098534,1478.159420289855
1774609588,10,GET,/api/chains/{id},10.900000,0.000000,12,38,70,84,120,140,170,180,1200,1200,1200,204,0,15,56.75674250061788,1.8658710177987814,1257.6548079960048,814.9950980392157
1774609588,10,POST,/api/chains/{id}/activate,10.800000,0.000000,13,21,25,37,130,160,160,270,390,390,390,204,0,13,37.03610650229487,1.7166920006275177,405.05630103871226,53.13725490196079
1774609588,10,POST,/api/chains/{id}/deactivate,10.700000,0.000000,6,8,10,11,20,46,120,160,1300,1300,1300,204,1,6,18.902051197501887,1.7039140220731497,1339.969283901155,64.3970588235294
1774609588,10,POST,/api/plugins/batch/parameters (500 updates),6.900000,0.000000,14,25,40,54,160,210,1100,1100,1100,1100,1100,109,0,15,59.07534022063632,4.2729940032586455,1125.7029989501461,950.3669724770642
1774609588,10,GET,/api/plugins/discover,2.500000,0.000000,26,27,32,32,36,40,40,40,40,40,40,69,0,26,35.85394744869268,12.777419993653893,293.7749670818448,89708.0
1774609588,10,GET,/api/plugins/list,2.500000,0.000000,10,24,24,130,150,150,150,150,150,150,150,69,0,7,23.007007538462464,1.4609969221055508,148.97497498895973,66.59420289855072
1774609588,10,POST,/api/plugins/load?uri,3.200000,0.000000,4,11,19,21,120,180,1200,1200,1200,1200,1200,66,0,8,62.34660440046961,1.8405909650027752,1302.1146790124476,2485.151515151515
1774609588,10,POST,/api/plugins/unload?uri,3.100000,0.000000,4,7,9,9,21,29,140,140,140,140,140,66,0,6,12.848343003442455,1.6670769546180964,139.38355003483593,128.95454545454547
1774609588,10,,Aggregated,102.500000,0.000000,8,16,21,25,100,140,180,1000,1300,1300,1300,2000,1,10,39.01625656330725,1.354818930849433,1339.969283901155,3432.15
1774609589,10,GET,/api/audio/latency,16.700000,0.000000,7,13,19,21,25,130,170,180,210,210,210,330,0,8,22.711633872523002,1.354818930849433,405.3585029905662,33.11818181818182
1774609589,10,GET,/api/audio/levels,16.400000,0.000000,10,15,23,35,100,140,160,1100,1200,1200,1200,330,0,10,58.44371509667712,1.4458250952884555,1263.6256830301136,76.93939393939394
1774609589,10,GET,/api/audio/levels (during plugin swap),3.600000,0.000000,8,12,20,32,81,1100,1200,1200,1200,1200,1200,72,0,7,50.58043524331879,1.407061005011201,1182.6165140373632,76.79166666666667
1774609589,10,GET,/api/audio/levels/plugins,3.600000,0.000000,3,13,15,16,120,140,140,140,140,140,140,72,0,6,17.85078432779604,1.4036219799891114,138.8719539390877,19.958333333333332
1774609589,10,GET,/api/audio/status,11.500000,0.000000,7,10,15,17,21,22,140,140,140,140,140,221,0,8,19.40217001755549,1.3969889841973782,314.2507340526208,303.0
1774609589,10,GET,/api/chains/,2.100000,0.000000,16,18,18,19,70,70,70,70,70,70,70,69,0,15,62.017411395124554,2.07908998709172,1262.2265570098534,1478.159420289855
1774609589,10,GET,/api/chains/{id},11.100000,0.000000,12,22,67,82,110,120,160,180,1200,1200,1200,221,0,14,53.29630966087576,1.8138389568775892,1257.6548079960048,815.6696832579186
1774609589,10,POST,/api/chains/{id}/activate,11.400000,0.000000,13,19,22,27,110,150,160,160,270,270,270,221,0,13,34.90447162227006,1.7166920006275177,405.05630103871226,53.21266968325792
1774609589,10,POST,/api/chains/{id}/deactivate,11.600000,0.100000,6,8,9,10,16,25,38,110,1300,1300,1300,221,1,6,17.84366901333937,1.7039140220731497,1339.969283901155,64.21266968325791
1774609589,10,POST,/api/plugins/batch/parameters (500 updates),7.300000,0.000000,14,25,40,54,160,210,1100,1100,1100,1100,1100,117,0,15,56.3863230865194,4.2729940032586455,1125.7029989501461,948.6239316239316
1774609589,10,GET,/api/plugins/discover,2.100000,0.000000,26,26,26,27,32,32,32,32,32,32,32,69,0,26,35.85394744869268,12.777419993653893,293.7749670818448,89708.0
1774609589,10,GET,/api/plugins/list,2.100000,0.000000,6,10,17,24,24,24,24,24,24,24,24,69,0,7,23.007007538462464,1.4609969221055508,148.97497498895973,66.59420289855072
1774609589,10,POST,/api/plugins/load?uri,3.600000,0.000000,5,11,19,20,120,180,1200,1200,1200,1200,1200,72,0,7,57.7899401881344,1.8310870509594679,1302.1146790124476,2572.902777777778
1774609589,10,POST,/api/plugins/unload?uri,3.600000,0.000000,5,8,9,12,22,29,140,140,140,140,140,72,0,6,12.55443394701514,1.6670769546180964,139.38355003483593,130.01388888888889
1774609589,10,,Aggregated,106.700000,0.100000,8,14,19,22,81,130,170,270,1200,1300,1300,2156,1,10,36.84351487828856,1.354818930849433,1339.969283901155,3208.9522263450835
1774609590,10,GET,/api/audio/latency,16.300000,0.000000,7,16,20,22,110,150,170,180,210,210,210,343,0,9,23.936140082529462,1.354818930849433,405.3585029905662,33.113702623906704
1774609590,10,GET,/api/audio/levels,16.500000,0.000000,10,16,27,64,100,150,240,1100,1200,1200,1200,344,0,10,59.524779804633,1.431909971870482,1263.6256830301136,76.93023255813954
1774609590,10,GET,/api/audio/levels (during plugin swap),4.000000,0.000000,5,9,14,20,81,1100,1200,1200,1200,1200,1200,74,0,7,49.425379560341604,1.407061005011201,1182.6165140373632,76.6891891891892
1774609590,10,GET,/api/audio/levels/plugins,4.000000,0.000000,3,7,14,15,120,140,140,140,140,140,140,74,0,5,17.412022818068696,1.4036219799891114,138.8719539390877,20.14864864864865
1774609590,10,GET,/api/audio/status,11.000000,0.000000,7,13,16,18,21,22,140,140,140,140,140,230,0,8,19.089110116170637,1.3969889841973782,314.2507340526208,303.0
1774609590,10,GET,/api/chains/,1.800000,0.000000,18,18,19,19,70,70,70,70,70,70,70,69,0,15,62.017411395124554,2.07908998709172,1262.2265570098534,1478.159420289855
1774609590,10,GET,/api/chains/{id},11.200000,0.000000,14,41,76,89,120,140,180,210,1200,1200,1200,231,0,14,54.478702372246424,1.8138389568775892,1257.6548079960048,816.8614718614718
1774609590,10,POST,/api/chains/{id}/activate,11.000000,0.000000,14,19,23,30,130,160,160,170,270,270,270,230,0,13,35.3714634628926,1.7166920006275177,405.05630103871226,53.15217391304348
1774609590,10,POST,/api/chains/{id}/deactivate,11.000000,0.100000,6,8,10,13,16,25,38,110,1300,1300,1300,230,1,6,17.550107860006392,1.7039140220731497,1339.969283901155,64.12608695652175
1774609590,10,POST,/api/plugins/batch/parameters (500 updates),7.800000,0.000000,16,29,53,68,210,260,1100,1100,1100,1100,1100,128,0,16,61.281966205569915,4.2729940032586455,1125.7029989501461,945.6875
1774609590,10,GET,/api/plugins/discover,1.800000,0.000000,26,26,26,26,27,27,27,27,27,27,27,69,0,26,35.85394744869268,12.777419993653893,293.7749670818448,89708.0
1774609590,10,GET,/api/plugins/list,1.800000,0.000000,10,17,24,24,24,24,24,24,24,24,24,69,0,7,23.007007538462464,1.4609969221055508,148.97497498895973,66.59420289855072
1774609590,10,POST,/api/plugins/load?uri,4.000000,0.000000,4,8,19,20,120,180,1200,1200,1200,1200,1200,74,0,7,56.28463619615178,1.8310870509594679,1302.1146790124476,2528.3783783783783
1774609590,10,POST,/api/plugins/unload?uri,4.000000,0.000000,4,7,9,12,22,29,140,140,140,140,140,74,0,6,12.262427355036944,1.6670769546180964,139.38355003483593,129.64864864864865
1774609590,10,,Aggregated,106.200000,0.100000,9,16,21,24,100,140,210,1000,1300,1300,1300,2239,1,10,37.533187455809234,1.354818930849433,1339.969283901155,3101.620812862885
1774609591,10,GET,/api/audio/latency,17.000000,0.000000,7,15,19,22,33,130,150,150,210,210,210,361,0,9,23.331488842541905,1.354818930849433,405.3585029905662,33.10803324099723
1774609591,10,GET,/api/audio/levels,16.900000,0.000000,11,18,35,67,100,150,240,1100,1200,1200,1200,361,0,10,57.45534203241004,1.431909971870482,1263.6256830301136,76.92520775623268
1774609591,10,GET,/api/audio/levels (during plugin swap),4.100000,0.000000,6,11,14,23,81,1100,1200,1200,1200,1200,1200,78,0,7,47.42363437962456,1.407061005011201,1182.6165140373632,76.66666666666667
1774609591,10,GET,/api/audio/levels/plugins,4.100000,0.000000,3,8,10,14,120,140,140,140,140,140,140,78,0,6,16.92016834082703,1.4036219799891114,138.8719539390877,20.166666666666668
1774609591,10,GET,/api/audio/status,11.700000,0.000000,7,11,14,16,21,22,140,140,140,140,140,248,0,8,18.11955293129769,1.3969889841973782,314.2507340526208,303.0
1774609591,10,GET,/api/chains/,1.300000,0.000000,18,19,19,70,70,70,70,70,70,70,70,70,0,14,61.16735920409805,2.07908998709172,1262.2265570098534,1478.1571428571428
1774609591,10,GET,/api/chains/{id},11.500000,0.000000,14,40,70,82,120,140,180,210,1200,1200,1200,248,0,14,51.70538733786558,1.8138389568775892,1257.6548079960048,813.7701612903226
1774609591,10,POST,/api/chains/{id}/activate,11.700000,0.000000,14,19,23,25,130,160,160,170,270,270,270,248,0,13,33.744924040811675,1.7166920006275177,405.05630103871226,53.346774193548384
1774609591,10,POST,/api/chains/{id}/deactivate,11.800000,0.100000,6,8,11,11,15,20,26,38,1300,1300,1300,248,1,6,16.716839627817183,1.7039140220731497,1339.969283901155,63.971774193548384
1774609591,10,POST,/api/plugins/batch/parameters (500 updates),7.800000,0.000000,14,25,39,54,160,240,1100,1100,1100,1100,1100,141,0,15,57.22175337331277,4.2729940032586455,1125.7029989501461,948.4751773049645
1774609591,10,GET,/api/plugins/discover,1.400000,0.000000,15,26,26,27,27,27,27,27,27,27,27,70,0,26,35.53438131431384,12.777419993653893,293.7749670818448,89708.0
1774609591,10,GET,/api/plugins/list,1.400000,0.000000,5,10,10,17,17,17,17,17,17,17,17,70,0,7,22.70097405915814,1.4609969221055508,148.97497498895973,66.38571428571429
1774609591,10,POST,/api/plugins/load?uri,4.100000,0.000000,4,8,17,19,100,120,1200,1200,1200,1200,1200,78,0,7,53.86567904572122,1.8310870509594679,1302.1146790124476,2453.2179487179487
1774609591,10,POST,/api/plugins/unload?uri,4.100000,0.000000,4,9,11,13,22,29,140,140,140,140,140,78,0,6,12.01847138760898,1.6670769546180964,139.38355003483593,129.57692307692307
1774609591,10,,Aggregated,108.900000,0.100000,8,15,20,23,88,140,210,1000,1300,1300,1300,2377,1,10,36.00310732624825,1.354818930849433,1339.969283901155,2976.9457299116534
1774609592,10,GET,/api/audio/latency,16.900000,0.000000,8,17,21,22,110,140,150,150,210,210,210,375,0,9,24.14323166416337,1.354818930849433,405.3585029905662,33.104
1774609592,10,GET,/api/audio/levels,16.900000,0.000000,11,22,35,68,100,150,240,1100,1200,1200,1200,375,0,10,57.21286084161451,1.431909971870482,1263.6256830301136,76.91733333333333
1774609592,10,GET,/api/audio/levels (during plugin swap),4.000000,0.000000,5,12,23,32,120,1100,1200,1200,1200,1200,1200,80,0,8,49.89128454471938,1.407061005011201,1182.6165140373632,76.575
1774609592,10,GET,/api/audio/levels/plugins,4.000000,0.000000,5,9,14,15,120,140,140,140,140,140,140,80,0,7,17.011061670200434,1.4036219799891114,138.8719539390877,20.3375
1774609592,10,GET,/api/audio/status,11.500000,0.000000,7,10,14,16,21,22,28,140,140,140,140,260,0,7,17.72461142256641,1.3969889841973782,314.2507340526208,303.0
1774609592,10,GET,/api/chains/,1.000000,0.000000,18,70,70,130,130,130,130,130,130,130,130,71,0,15,62.070778538276194,2.07908998709172,1262.2265570098534,1478.1549295774648
1774609592,10,GET,/api/chains/{id},11.500000,0.000000,11,40,80,96,140,170,210,210,1200,1200,1200,260,0,14,53.507632781446986,1.8138389568775892,1257.6548079960048,813.5038461538461
1774609592,10,POST,/api/chains/{id}/activate,11.500000,0.000000,14,19,24,31,130,160,160,170,270,270,270,260,0,13,34.92176025398434,1.7166920006275177,405.05630103871226,53.26923076923077
1774609592,10,POST,/api/chains/{id}/deactivate,11.500000,0.100000,5,8,11,11,14,16,26,38,1300,1300,1300,260,1,6,16.278334664037594,1.7039140220731497,1339.969283901155,63.88076923076923
1774609592,10,POST,/api/plugins/batch/parameters (500 updates),8.100000,0.000000,14,28,50,62,200,260,1100,1100,1100,1100,1100,147,0,16,58.87795295756386,4.2729940032586455,1125.7029989501461,952.5850340136054
1774609592,10,GET,/api/plugins/discover,1.000000,0.000000,26,26,27,27,31,31,31,31,31,31,31,71,0,26,35.4742579142445,12.777419993653893,293.7749670818448,89708.0
1774609592,10,GET,/api/plugins/list,1.000000,0.000000,10,10,17,17,26,26,26,26,26,26,26,71,0,7,22.74526084747008,1.4609969221055508,148.97497498895973,66.1830985915493
1774609592,10,POST,/api/plugins/load?uri,4.000000,0.000000,5,15,19,20,120,140,1200,1200,1200,1200,1200,80,0,7,54.577122707269154,1.8310870509594679,1302.1146790124476,2426.05
1774609592,10,POST,/api/plugins/unload?uri,4.000000,0.000000,6,9,13,15,22,29,140,140,140,140,140,80,0,6,11.993501440156251,1.6670769546180964,139.38355003483593,129.35
1774609592,10,,Aggregated,106.900000,0.100000,9,15,21,25,100,140,210,1000,1300,1300,1300,2470,1,10,36.524069102609204,1.354818930849433,1339.969283901155,2912.2020242914978
1774609593,10,GET,/api/audio/latency,16.800000,0.000000,6,14,18,22,37,140,150,150,210,210,210,407,0,7,22.6426665612247,1.354818930849433,405.3585029905662,33.09582309582309
1774609593,10,GET,/api/audio/levels,16.400000,0.000000,10,18,27,51,100,150,240,1100,1200,1200,1200,407,0,10,53.751301292686996,1.431909971870482,1263.6256830301136,76.8009828009828
1774609593,10,GET,/api/audio/levels (during plugin swap),3.900000,0.000000,5,14,23,38,120,1100,1200,1200,1200,1200,1200,84,0,8,48.37094536439205,1.407061005011201,1182.6165140373632,76.55952380952381
1774609593,10,GET,/api/audio/levels/plugins,4.000000,0.000000,8,14,15,16,26,140,140,140,140,140,140,84,0,7,16.905468162370934,1.4036219799891114,138.8719539390877,20.345238095238095
1774609593,10,GET,/api/audio/status,11.800000,0.000000,7,11,14,16,21,23,28,140,140,140,140,274,0,8,17.384606181562326,1.3969889841973782,314.2507340526208,303.0
1774609593,10,GET,/api/chains/,0.800000,0.000000,21,70,70,130,130,130,130,130,130,130,130,72,0,15,61.5050059617109,2.07908998709172,1262.2265570098534,1478.1527777777778
1774609593,10,GET,/api/chains/{id},11.800000,0.000000,10,40,82,96,120,170,210,210,1200,1200,1200,274,0,12,52.12327613525881,1.8138389568775892,1257.6548079960048,814.507299270073
1774609593,10,POST,/api/chains/{id}/activate,11.800000,0.000000,12,18,21,24,110,150,160,170,270,270,270,274,0,13,33.581178952314396,1.7166920006275177,405.05630103871226,53.24817518248175
1774609593,10,POST,/api/chains/{id}/deactivate,11.700000,0.100000,5,8,11,12,15,22,26,38,1300,1300,1300,274,1,6,15.840646240649486,1.7039140220731497,1339.969283901155,63.784671532846716
1774609593,10,POST,/api/plugins/batch/parameters (500 updates),8.900000,0.000000,17,29,59,68,180,260,1100,1100,1100,1100,1100,156,0,16,57.247996780997475,4.2729940032586455,1125.7029989501461,954.1282051282051
1774609593,10,GET,/api/plugins/discover,0.800000,0.000000,22,22,26,26,31,31,31,31,31,31,31,72,0,26,35.293001262794455,12.777419993653893,293.7749670818448,89708.0
1774609593,10,GET,/api/plugins/list,0.800000,0.000000,10,10,17,17,26,26,26,26,26,26,26,72,0,7,22.49478601637141,1.4609969221055508,148.97497498895973,65.98611111111111
1774609593,10,POST,/api/plugins/load?uri,4.000000,0.000000,8,10,17,20,120,140,1200,1200,1200,1200,1200,84,0,8,52.38764449521633,1.8310870509594679,1302.1146790124476,2402.9285714285716
1774609593,10,POST,/api/plugins/unload?uri,4.000000,0.000000,6,9,12,15,21,23,140,140,140,140,140,84,0,6,11.691910561196329,1.6670769546180964,139.38355003483593,129.28571428571428
1774609593,10,,Aggregated,107.500000,0.100000,8,14,20,23,90,140,210,270,1200,1300,1300,2618,1,10,35.16606369227985,1.354818930849433,1339.969283901155,2797.11077158136
1774609594,10,GET,/api/audio/latency,16.300000,0.000000,6,15,19,22,110,150,170,210,230,230,230,419,0,8,24.025455011090436,1.354818930849433,405.3585029905662,33.09307875894988
1774609594,10,GET,/api/audio/levels,16.300000,0.000000,10,16,25,64,110,200,240,1100,1200,1200,1200,419,0,10,54.12924294815641,1.431909971870482,1263.6256830301136,76.72315035799522
1774609594,10,GET,/api/audio/levels (during plugin swap),3.800000,0.000000,7,15,31,52,190,1100,1200,1200,1200,1200,1200,89,0,8,49.650101782492456,1.407061005011201,1182.6165140373632,76.65168539325843
1774609594,10,GET,/api/audio/levels/plugins,3.800000,0.000000,9,14,16,19,120,140,230,230,230,230,230,89,0,8,19.21630593728316,1.4036219799891114,228.81912195589393,20.426966292134832
1774609594,10,GET,/api/audio/status,11.900000,0.000000,7,11,14,16,21,23,120,140,140,140,140,282,0,8,17.537711361581657,1.3969889841973782,314.2507340526208,303.0
1774609594,10,GET,/api/chains/,0.600000,0.000000,21,21,70,70,130,130,130,130,130,130,130,73,0,15,60.83604554990179,2.07908998709172,1262.2265570098534,1478.164383561644
1774609594,10,GET,/api/chains/{id},11.900000,0.000000,11,61,92,110,140,170,210,210,1200,1200,1200,286,0,14,52.88446520355862,1.8138389568775892,1257.6548079960048,814.8566433566433
1774609594,10,POST,/api/chains/{id}/activate,11.900000,0.000000,13,19,22,25,130,160,180,200,270,270,270,285,0,13,34.62727192356333,1.7166920006275177,405.05630103871226,53.24561403508772
1774609594,10,POST,/api/chains/{id}/deactivate,11.900000,0.100000,5,9,11,14,16,22,32,38,1300,1300,1300,282,1,6,15.814449875499948,1.7039140220731497,1339.969283901155,63.645390070921984
1774609594,10,POST,/api/plugins/batch/parameters (500 updates),8.700000,0.000000,17,29,59,68,200,260,1100,1100,1100,1100,1100,162,0,16,57.45697786376156,4.2729940032586455,1125.7029989501461,953.7716049382716
1774609594,10,GET,/api/plugins/discover,0.600000,0.000000,16,22,26,26,31,31,31,31,31,31,31,73,0,26,35.02713072381607,12.777419993653893,293.7749670818448,89708.0
1774609594,10,GET,/api/plugins/list,0.600000,0.000000,6,10,17,17,26,26,26,26,26,26,26,73,0,7,22.27445079766418,1.4609969221055508,148.97497498895973,65.79452054794521
1774609594,10,POST,/api/plugins/load?uri,3.800000,0.000000,8,15,20,20,120,180,1200,1200,1200,1200,1200,89,0,8,52.21899137753742,1.8310870509594679,1302.1146790124476,2463.2359550561796
1774609594,10,POST,/api/plugins/unload?uri,3.800000,0.000000,7,12,14,16,23,140,170,170,170,170,170,88,0,6,14.862721363897435,1.6670769546180964,171.49713798426092,129.3181818181818
1774609594,10,,Aggregated,105.900000,0.100000,9,15,20,25,110,150,220,1000,1300,1300,1300,2709,1,10,35.866539184215156,1.354818930849433,1339.969283901155,2751.1196013289036
1774609595,10,GET,/api/audio/latency,16.700000,0.000000,5,12,17,22,93,150,170,210,230,230,230,444,0,7,23.190177434075807,1.354818930849433,405.3585029905662,33.08783783783784
1774609595,10,GET,/api/audio/levels,16.400000,0.000000,8,15,22,35,89,130,210,220,240,240,240,444,0,10,52.106449203534254,1.431909971870482,1263.6256830301136,76.71846846846847
1774609595,10,GET,/api/audio/levels (during plugin swap),3.800000,0.000000,7,14,19,31,99,190,220,220,220,220,220,93,0,8,48.36208322235653,1.407061005011201,1182.6165140373632,76.7741935483871
1774609595,10,GET,/api/audio/levels/plugins,3.900000,0.000000,9,14,16,19,120,140,230,230,230,230,230,93,0,8,18.75644165056167,1.4036219799891114,228.81912195589393,20.43010752688172
1774609595,10,GET,/api/audio/status,12.200000,0.000000,7,11,14,16,21,25,120,140,140,140,140,300,0,8,17.09214917112452,1.3969889841973782,314.2507340526208,303.0
1774609595,10,GET,/api/chains/,0.600000,0.000000,18,21,21,130,130,130,130,130,130,130,130,73,0,15,60.83604554990179,2.07908998709172,1262.2265570098534,1478.164383561644
1774609595,10,GET,/api/chains/{id},11.800000,0.000000,10,19,80,96,130,160,200,210,210,210,210,300,0,12,50.75399898419467,1.8138389568775892,1257.6548079960048,813.95
1774609595,10,POST,/api/chains/{id}/activate,12.200000,0.000000,11,17,21,25,130,160,180,200,270,270,270,300,0,12,33.30469297749611,1.7166920006275177,405.05630103871226,53.416666666666664
1774609595,10,POST,/api/chains/{id}/deactivate,12.200000,0.100000,5,10,12,14,17,23,32,38,1300,1300,1300,300,1,6,15.370288503278667,1.7039140220731497,1339.969283901155,63.54666666666667
1774609595,10,POST,/api/plugins/batch/parameters (500 updates),8.500000,0.000000,15,27,38,59,180,260,1100,1100,1100,1100,1100,177,0,16,53.80260132616228,4.2729940032586455,1125.7029989501461,951.7344632768362
1774609595,10,GET,/api/plugins/discover,0.600000,0.000000,16,22,22,31,31,31,31,31,31,31,31,73,0,26,35.02713072381607,12.777419993653893,293.7749670818448,89708.0
1774609595,10,GET,/api/plugins/list,0.600000,0.000000,5,6,6,26,26,26,26,26,26,26,26,73,0,7,22.27445079766418,1.4609969221055508,148.97497498895973,65.79452054794521
1774609595,10,POST,/api/plugins/load?uri,3.800000,0.000000,8,14,18,20,120,140,180,180,180,180,180,93,0,8,50.45937723354987,1.8310870509594679,1302.1146790124476,2483.3870967741937
1774609595,10,POST,/api/plugins/unload?uri,3.900000,0.000000,5,12,15,20,31,140,170,170,170,170,170,93,0,6,14.526151247092232,1.6670769546180964,171.49713798426092,129.27956989247312
1774609595,10,,Aggregated,107.200000,0.100000,8,14,19,23,92,140,200,230,1100,1300,1300,2856,1,10,34.601129303483816,1.354818930849433,1339.969283901155,2626.329131652661
1774609596,10,GET,/api/audio/latency,16.700000,0.000000,5,12,17,22,37,150,170,180,230,230,230,448,0,7,23.068485434383287,1.354818930849433,405.3585029905662,33.08705357142857
1774609596,10,GET,/api/audio/levels,16.400000,0.000000,9,15,23,35,97,140,210,220,240,240,240,448,0,10,51.69238880418042,1.431909971870482,1263.6256830301136,76.71428571428571
1774609596,10,GET,/api/audio/levels (during plugin swap),3.800000,0.000000,9,15,23,31,99,190,220,220,220,220,220,96,0,8,47.24416990211466,1.407061005011201,1182.6165140373632,76.79166666666667
1774609596,10,GET,/api/audio/levels/plugins,3.900000,0.000000,9,14,16,16,23,27,230,230,230,230,230,96,0,7,18.52450917310004,1.4036219799891114,228.81912195589393,20.364583333333332
1774609596,10,GET,/api/audio/status,12.200000,0.000000,8,12,16,18,22,28,120,140,140,140,140,304,0,8,17.075271132757496,1.3969889841973782,314.2507340526208,303.0
1774609596,10,GET,/api/chains/,0.600000,0.000000,14,18,21,21,130,130,130,130,130,130,130,75,0,14,59.49030297497908,2.07908998709172,1262.2265570098534,1478.16
1774609596,10,GET,/api/chains/{id},11.800000,0.000000,10,24,80,96,140,170,200,210,210,210,210,304,0,11,50.22103230026244,1.8138389568775892,1257.6548079960048,813.8717105263158
1774609596,10,POST,/api/chains/{id}/activate,12.200000,0.000000,10,17,21,27,130,160,180,180,200,200,200,304,0,12,33.04537838879409,1.7166920006275177,405.05630103871226,53.421052631578945
1774609596,10,POST,/api/chains/{id}/deactivate,12.200000,0.100000,6,10,13,14,19,25,27,32,38,38,38,304,1,6,15.406124697811288,1.7039140220731497,1339.969283901155,63.526315789473685
1774609596,10,POST,/api/plugins/batch/parameters (500 updates),8.500000,0.000000,15,25,35,59,120,230,260,290,290,290,290,180,0,15,53.12795472693526,4.2729940032586455,1125.7029989501461,950.5777777777778
1774609596,10,GET,/api/plugins/discover,0.600000,0.000000,17,22,28,28,31,31,31,31,31,31,31,75,0,26,34.693618210343026,12.777419993653893,293.7749670818448,89708.0
1774609596,10,GET,/api/plugins/list,0.600000,0.000000,6,6,7,7,26,26,26,26,26,26,26,75,0,7,21.858189723764855,1.4609969221055508,148.97497498895973,65.42666666666666
1774609596,10,POST,/api/plugins/load?uri,3.800000,0.000000,8,15,18,20,27,140,180,180,180,180,180,96,0,8,49.428793412516825,1.8310870509594679,1302.1146790124476,2429.3333333333335
1774609596,10,POST,/api/plugins/unload?uri,3.900000,0.000000,6,10,13,14,23,130,170,170,170,170,170,96,0,6,14.3264335723264,1.6670769546180964,171.49713798426092,129.20833333333334
1774609596,10,,Aggregated,107.200000,0.100000,8,14,19,23,86,140,190,210,260,290,290,2901,1,10,34.257390552098606,1.354818930849433,1339.969283901155,2652.2550844536368
1774609597,10,GET,/api/audio/latency,17.400000,0.000000,6,15,21,26,120,150,170,180,230,230,230,457,0,8,23.919331615982287,1.354818930849433,405.3585029905662,33.08533916849015
1774609597,10,GET,/api/audio/levels,17.400000,0.000000,10,18,38,70,140,220,1300,1300,1300,1300,1300,459,0,10,68.2392156820375,1.431909971870482,1313.3740280754864,76.90849673202614
1774609597,10,GET,/api/audio/levels (during plugin swap),3.600000,0.000000,12,19,31,42,99,190,220,220,220,220,220,97,0,9,47.473451233056096,1.407061005011201,1182.6165140373632,76.88659793814433
1774609597,10,GET,/api/audio/levels/plugins,3.700000,0.000000,11,15,16,19,26,27,230,230,230,230,230,96,0,7,18.52450917310004,1.4036219799891114,228.81912195589393,20.364583333333332
1774609597,10,GET,/api/audio/status,12.200000,0.000000,8,12,16,18,23,28,120,140,140,140,140,309,0,8,16.948982279801978,1.3969889841973782,314.2507340526208,303.0
1774609597,10,GET,/api/chains/,0.500000,0.000000,14,18,21,21,130,130,130,130,130,130,130,75,0,14,59.49030297497908,2.07908998709172,1262.2265570098534,1478.16
1774609597,10,GET,/api/chains/{id},12.200000,0.000000,10,24,82,110,160,200,1200,1200,1300,1300,1300,310,0,12,62.59772487533009,1.8138389568775892,1257.6548079960048,812.6225806451613
1774609597,10,POST,/api/chains/{id}/activate,12.200000,0.000000,10,17,25,33,140,160,180,180,200,200,200,309,0,13,33.68977502946859,1.7166920006275177,405.05630103871226,53.36569579288026
1774609597,10,POST,/api/chains/{id}/deactivate,12.300000,0.100000,6,11,13,14,20,25,27,32,38,38,38,307,1,6,15.304201436896447,1.7039140220731497,1339.969283901155,63.5114006514658
1774609597,10,POST,/api/plugins/batch/parameters (500 updates),8.500000,0.000000,19,28,60,90,200,260,290,1200,1200,1200,1200,184,0,16,61.46569645004448,4.2729940032586455,1213.4643699973822,951.25
1774609597,10,GET,/api/plugins/discover,0.500000,0.000000,17,22,28,28,31,31,31,31,31,31,31,75,0,26,34.693618210343026,12.777419993653893,293.7749670818448,89708.0
1774609597,10,GET,/api/plugins/list,0.500000,0.000000,6,6,7,7,26,26,26,26,26,26,26,75,0,7,21.858189723764855,1.4609969221055508,148.97497498895973,65.42666666666666
1774609597,10,POST,/api/plugins/load?uri,3.700000,0.000000,13,17,20,21,27,140,180,180,180,180,180,96,0,8,49.428793412516825,1.8310870509594679,1302.1146790124476,2429.3333333333335
1774609597,10,POST,/api/plugins/unload?uri,3.700000,0.000000,7,10,13,14,31,130,170,170,170,170,170,96,0,6,14.3264335723264,1.6670769546180964,171.49713798426092,129.20833333333334
1774609597,10,,Aggregated,108.400000,0.100000,9,16,21,26,110,160,220,1200,1300,1300,1300,2945,1,10,38.88645874817045,1.354818930849433,1339.969283901155,2616.597962648557
1774609598,10,GET,/api/audio/latency,18.800000,0.000000,5,14,21,25,93,150,170,180,230,230,230,477,0,7,23.392893798137766,1.354818930849433,405.3585029905662,33.081761006289305
1774609598,10,GET,/api/audio/levels,18.500000,0.000000,9,16,35,67,130,220,1300,1300,1300,1300,1300,477,0,10,66.05683424948388,1.431909971870482,1313.3740280754864,76.89727463312369
1774609598,10,GET,/api/audio/levels (during plugin swap),4.000000,0.000000,12,16,26,42,99,190,220,220,220,220,220,101,0,9,45.92795637297896,1.407061005011201,1182.6165140373632,76.73267326732673
1774609598,10,GET,/api/audio/levels/plugins,4.300000,0.000000,10,16,17,18,23,27,230,230,230,230,230,101,0,7,18.108066699310843,1.4036219799891114,228.81912195589393,20.306930693069308
1774609598,10,GET,/api/audio/status,13.200000,0.000000,7,11,14,17,21,28,33,35,120,120,120,327,0,8,16.501491074450314,1.3969889841973782,314.2507340526208,303.0
1774609598,10,GET,/api/chains/,0.700000,0.000000,14,21,89,89,130,130,130,130,130,130,130,76,0,14,59.87567789730077,2.07908998709172,1262.2265570098534,1478.171052631579
1774609598,10,GET,/api/chains/{id},13.100000,0.000000,9,24,70,93,140,200,1200,1200,1300,1300,1300,327,0,12,60.06628192252044,1.8138389568775892,1257.6548079960048,814.2752293577981
1774609598,10,POST,/api/chains/{id}/activate,13.200000,0.000000,8,17,22,25,100,160,180,180,200,200,200,327,0,12,32.41845596879322,1.7166920006275177,405.05630103871226,53.50152905198777
1774609598,10,POST,/api/chains/{id}/deactivate,13.300000,0.100000,5,11,14,15,21,26,27,27,32,32,32,326,1,6,14.975564779665184,1.7039140220731497,1339.969283901155,63.34662576687116
1774609598,10,POST,/api/plugins/batch/parameters (500 updates),9.400000,0.000000,17,26,35,60,180,240,290,1200,1200,1200,1200,196,0,15,58.6707098979731,4.2729940032586455,1213.4643699973822,953.780612244898
1774609598,10,GET,/api/plugins/discover,0.700000,0.000000,22,28,31,31,31,31,31,31,31,31,31,76,0,26,34.64875405035472,12.777419993653893,293.7749670818448,89708.0
1774609598,10,GET,/api/plugins/list,0.700000,0.000000,6,7,26,26,26,26,26,26,26,26,26,76,0,7,21.912419543552556,1.4609969221055508,148.97497498895973,66.52631578947368
1774609598,10,POST,/api/plugins/load?uri,4.200000,0.000000,10,18,21,23,26,140,180,180,180,180,180,101,0,8,47.658993097225036,1.8310870509594679,1302.1146790124476,2366.2871287128714
1774609598,10,POST,/api/plugins/unload?uri,4.300000,0.000000,7,10,13,13,20,130,170,170,170,170,170,101,0,7,14.132633165567007,1.6670769546180964,171.49713798426092,129.02970297029702
1774609598,10,,Aggregated,118.400000,0.100000,9,15,21,25,90,150,220,1200,1300,1300,1300,3089,1,10,37.63201803330172,1.354818930849433,1339.969283901155,2538.015215280026
1774609599,10,GET,/api/audio/latency,16.800000,0.000000,5,16,25,31,93,150,170,180,230,230,230,489,0,7,23.318708195552947,1.354818930849433,405.3585029905662,33.079754601226995
1774609599,10,GET,/api/audio/levels,17.400000,0.000000,10,22,61,87,150,220,1300,1300,1300,1300,1300,492,0,10,65.98023648541307,1.431909971870482,1313.3740280754864,76.85772357723577
1774609599,10,GET,/api/audio/levels (during plugin swap),3.800000,0.000000,15,26,52,71,110,190,220,220,220,220,220,108,0,9,46.29865866283782,1.407061005011201,1182.6165140373632,76.85185185185185
1774609599,10,GET,/api/audio/levels/plugins,3.800000,0.000000,11,16,18,19,26,140,230,230,230,230,230,107,0,8,18.815131146443363,1.4036219799891114,228.81912195589393,20.317757009345794
1774609599,10,GET,/api/audio/status,11.400000,0.000000,7,11,15,17,22,28,33,35,120,120,120,336,0,7,16.30892750073967,1.3969889841973782,314.2507340526208,303.0
1774609599,10,GET,/api/chains/,0.600000,0.000000,14,21,89,89,130,130,130,130,130,130,130,76,0,14,59.87567789730077,2.07908998709172,1262.2265570098534,1478.171052631579
1774609599,10,GET,/api/chains/{id},11.700000,0.000000,10,29,77,96,140,200,1200,1200,1300,1300,1300,338,0,12,59.97499810241042,1.8138389568775892,1257.6548079960048,814.8520710059172
1774609599,10,POST,/api/chains/{id}/activate,11.400000,0.000000,9,18,25,30,130,160,180,180,200,200,200,336,0,12,32.22244982039445,1.7166920006275177,405.05630103871226,53.45238095238095
1774609599,10,POST,/api/chains/{id}/deactivate,11.400000,0.000000,5,10,12,16,22,26,27,27,32,32,32,336,1,6,14.805189226795587,1.7039140220731497,1339.969283901155,63.30654761904762
1774609599,10,POST,/api/plugins/batch/parameters (500 updates),8.500000,0.000000,17,26,35,60,200,260,290,1200,1200,1200,1200,200,0,15,58.21549999061972,4.2729940032586455,1213.4643699973822,953.52
1774609599,10,GET,/api/plugins/discover,0.600000,0.000000,22,28,31,31,31,31,31,31,31,31,31,76,0,26,34.64875405035472,12.777419993653893,293.7749670818448,89708.0
1774609599,10,GET,/api/plugins/list,0.600000,0.000000,6,7,26,26,26,26,26,26,26,26,26,76,0,7,21.912419543552556,1.4609969221055508,148.97497498895973,66.52631578947368
1774609599,10,POST,/api/plugins/load?uri,3.800000,0.000000,13,20,24,26,36,140,180,180,180,180,180,107,0,8,46.1206120911063,1.8310870509594679,1302.1146790124476,2366.4859813084113
1774609599,10,POST,/api/plugins/unload?uri,3.800000,0.000000,8,10,13,14,31,130,170,170,170,170,170,107,0,7,13.885535716479557,1.6670769546180964,171.49713798426092,128.93457943925233
1774609599,10,,Aggregated,105.600000,0.000000,9,17,23,30,100,160,220,1200,1300,1300,1300,3184,1,10,37.482472698583884,1.354818930849433,1339.969283901155,2472.940326633166
1774609600,10,GET,/api/audio/latency,17.000000,0.000000,5,13,21,29,39,140,170,180,230,230,230,515,0,7,23.289380360901067,1.354818930849433,405.3585029905662,33.0757281553398
1774609600,10,GET,/api/audio/levels,16.800000,0.000000,9,15,31,65,130,190,1300,1300,1300,1300,1300,515,0,10,63.7676641100891,1.423792913556099,1313.3740280754864,76.76116504854369
1774609600,10,GET,/api/audio/levels (during plugin swap),3.500000,0.000000,12,23,46,69,100,120,220,220,220,220,220,117,0,9,44.079009997738034,1.407061005011201,1182.6165140373632,76.77777777777777
1774609600,10,GET,/api/audio/levels/plugins,3.400000,0.000000,11,16,17,18,23,27,230,230,230,230,230,117,0,7,17.774968613018718,1.4036219799891114,228.81912195589393,20.11111111111111
1774609600,10,GET,/api/audio/status,11.900000,0.000000,6,12,16,17,23,28,33,35,120,120,120,351,0,7,15.931545418787993,1.3969889841973782,314.2507340526208,303.0
1774609600,10,GET,/api/chains/,0.700000,0.000000,14,21,89,89,130,130,130,130,130,130,130,76,0,14,59.87567789730077,2.07908998709172,1262.2265570098534,1478.171052631579
1774609600,10,GET,/api/chains/{id},11.900000,0.000000,10,24,77,96,150,200,1200,1200,1300,1300,1300,351,0,12,58.74443049721707,1.8138389568775892,1257.6548079960048,814.3475783475783
1774609600,10,POST,/api/chains/{id}/activate,12.000000,0.000000,8,17,25,29,130,140,180,180,200,200,200,351,0,12,31.82848744914254,1.7166920006275177,405.05630103871226,53.51851851851852
1774609600,10,POST,/api/chains/{id}/deactivate,11.900000,0.000000,5,9,12,14,22,26,27,27,32,32,32,351,1,6,14.422624747393563,1.7039140220731497,1339.969283901155,63.25071225071225
1774609600,10,POST,/api/plugins/batch/parameters (500 updates),8.300000,0.000000,14,23,32,43,150,230,290,1200,1200,1200,1200,211,0,15,57.5191666073082,4.2729940032586455,1213.4643699973822,953.5071090047394
1774609600,10,GET,/api/plugins/discover,0.700000,0.000000,22,28,31,31,31,31,31,31,31,31,31,76,0,26,34.64875405035472,12.777419993653893,293.7749670818448,89708.0
1774609600,10,GET,/api/plugins/list,0.700000,0.000000,6,7,26,26,26,26,26,26,26,26,26,76,0,7,21.912419543552556,1.4609969221055508,148.97497498895973,66.52631578947368
1774609600,10,POST,/api/plugins/load?uri,3.500000,0.000000,13,20,24,26,44,140,180,180,180,180,180,117,0,8,44.63105862084617,1.8310870509594679,1302.1146790124476,2275.4957264957266
1774609600,10,POST,/api/plugins/unload?uri,3.400000,0.000000,5,9,11,13,23,35,170,170,170,170,170,117,0,6,13.193582203517803,1.6670769546180964,171.49713798426092,128.4957264957265
1774609600,10,,Aggregated,105.700000,0.000000,8,15,21,27,93,140,200,290,1300,1300,1300,3341,1,9,36.596207474242696,1.354818930849433,1339.969283901155,2370.1703082909307
1774609601,10,GET,/api/audio/latency,16.800000,0.000000,6,15,22,30,40,150,170,190,230,230,230,524,0,7,23.666794137240082,1.354818930849433,405.3585029905662,33.07442748091603
1774609601,10,GET,/api/audio/levels,16.800000,0.000000,10,21,61,83,130,200,1300,1300,1300,1300,1300,526,0,10,63.727554883551164,1.423792913556099,1313.3740280754864,76.78136882129277
1774609601,10,GET,/api/audio/levels (during plugin swap),3.700000,0.000000,15,42,69,71,120,140,220,220,220,220,220,122,0,9,45.80383111253289,1.407061005011201,1182.6165140373632,76.72950819672131
1774609601,10,GET,/api/audio/levels/plugins,3.700000,0.000000,11,17,19,19,23,27,230,230,230,230,230,122,0,7,17.63481988292951,1.4036219799891114,228.81912195589393,20.28688524590164
1774609601,10,GET,/api/audio/status,11.500000,0.000000,8,12,17,19,25,32,120,180,190,190,190,359,0,7,16.79911879072884,1.3969889841973782,314.2507340526208,303.0
1774609601,10,GET,/api/chains/,0.700000,0.000000,14,21,21,89,89,89,89,89,89,89,89,76,0,14,59.87567789730077,2.07908998709172,1262.2265570098534,1478.171052631579
1774609601,10,GET,/api/chains/{id},11.500000,0.000000,11,38,87,110,150,200,1200,1200,1300,1300,1300,361,0,12,58.913946674473664,1.8138389568775892,1257.6548079960048,813.6842105263158
1774609601,10,POST,/api/chains/{id}/activate,11.500000,0.000000,11,19,27,30,140,150,180,180,200,200,200,361,0,12,32.16829802711956,1.7166920006275177,405.05630103871226,53.421052631578945
1774609601,10,POST,/api/chains/{id}/deactivate,11.500000,0.000000,6,9,13,17,23,26,32,140,150,150,150,359,1,6,15.03462929338279,1.7039140220731497,1339.969283901155,63.22284122562674
1774609601,10,POST,/api/plugins/batch/parameters (500 updates),8.500000,0.000000,18,27,43,60,150,230,290,1200,1200,1200,1200,220,0,15,57.4380411089144,4.2729940032586455,1213.4643699973822,953.9909090909091
1774609601,10,GET,/api/plugins/discover,0.700000,0.000000,22,28,28,31,31,31,31,31,31,31,31,76,0,26,34.64875405035472,12.777419993653893,293.7749670818448,89708.0
1774609601,10,GET,/api/plugins/list,0.700000,0.000000,6,7,7,26,26,26,26,26,26,26,26,76,0,7,21.912419543552556,1.4609969221055508,148.97497498895973,66.52631578947368
1774609601,10,POST,/api/plugins/load?uri,3.700000,0.000000,13,18,23,24,44,140,180,180,180,180,180,122,0,8,43.39639131708803,1.8310870509594679,1302.1146790124476,2296.8360655737706
1774609601,10,POST,/api/plugins/unload?uri,3.700000,0.000000,7,8,11,13,31,130,190,190,190,190,190,122,0,6,14.366779309415,1.6670769546180964,187.11201497353613,128.5327868852459
1774609601,10,,Aggregated,105.000000,0.000000,9,17,23,30,110,150,200,1200,1300,1300,1300,3426,1,10,36.92448683342256,1.354818930849433,1339.969283901155,2321.9588441331
1774609602,10,GET,/api/audio/latency,16.500000,0.000000,6,16,24,31,40,150,170,190,230,230,230,542,0,7,23.749578650954877,1.354818930849433,405.3585029905662,33.071955719557195
1774609602,10,GET,/api/audio/levels,16.500000,0.000000,10,21,45,71,130,190,1300,1300,1300,1300,1300,542,0,10,62.56031253305522,1.423792913556099,1313.3740280754864,76.83763837638377
1774609602,10,GET,/api/audio/levels (during plugin swap),3.900000,0.000000,15,26,69,70,110,140,220,220,220,220,220,125,0,10,45.41236189380288,1.407061005011201,1182.6165140373632,76.744
1774609602,10,GET,/api/audio/levels/plugins,3.900000,0.000000,11,16,18,19,21,27,230,230,230,230,230,125,0,7,17.366937493905425,1.4036219799891114,228.81912195589393,20.344
1774609602,10,GET,/api/audio/status,11.700000,0.000000,7,11,15,18,21,32,120,180,190,190,190,382,0,7,16.218431649610146,1.3969889841973782,314.2507340526208,303.0
1774609602,10,GET,/api/chains/,0.700000,0.000000,14,14,89,89,89,89,89,89,89,89,89,76,0,14,59.87567789730077,2.07908998709172,1262.2265570098534,1478.171052631579
1774609602,10,GET,/api/chains/{id},11.700000,0.000000,11,21,56,77,140,170,1200,1200,1300,1300,1300,382,0,11,56.775900509686295,1.8138389568775892,1257.6548079960048,812.6806282722513
1774609602,10,POST,/api/chains/{id}/activate,11.700000,0.000000,9,16,25,29,37,140,180,180,200,200,200,382,0,12,30.941235657028017,1.7166920006275177,405.05630103871226,53.52094240837696
1774609602,10,POST,/api/chains/{id}/deactivate,11.700000,0.000000,6,9,12,14,21,26,32,140,150,150,150,382,1,6,14.4828750739113,1.7039140220731497,1339.969283901155,63.14921465968586
1774609602,10,POST,/api/plugins/batch/parameters (500 updates),8.600000,0.000000,14,22,33,43,110,200,290,1200,1200,1200,1200,228,0,15,56.399681359803175,4.2729940032586455,1213.4643699973822,952.6754385964912
1774609602,10,GET,/api/plugins/discover,0.700000,0.000000,28,28,31,31,31,31,31,31,31,31,31,76,0,26,34.64875405035472,12.777419993653893,293.7749670818448,89708.0
1774609602,10,GET,/api/plugins/list,0.700000,0.000000,7,7,26,26,26,26,26,26,26,26,26,76,0,7,21.912419543552556,1.4609969221055508,148.97497498895973,66.52631578947368
1774609602,10,POST,/api/plugins/load?uri,3.900000,0.000000,15,18,23,24,37,110,180,180,180,180,180,125,0,9,42.896288780495524,1.8310870509594679,1302.1146790124476,2280.112
1774609602,10,POST,/api/plugins/unload?uri,3.900000,0.000000,7,8,11,13,31,130,190,190,190,190,190,125,0,6,14.125143710523844,1.6670769546180964,187.11201497353613,128.576
1774609602,10,,Aggregated,106.100000,0.000000,9,16,21,27,89,140,190,290,1300,1300,1300,3568,1,9,36.07041080549647,1.354818930849433,1339.969283901155,2241.021860986547
1774609603,10,GET,/api/audio/latency,16.600000,0.000000,9,17,31,33,140,170,180,190,230,230,230,557,0,8,24.61083694900381,1.354818930849433,405.3585029905662,33.07001795332136
1774609603,10,GET,/api/audio/levels,16.600000,0.000000,11,40,66,88,150,190,1300,1300,1300,1300,1300,557,0,10,62.43212745024169,1.423792913556099,1313.3740280754864,76.78096947935369
1774609603,10,GET,/api/audio/levels (during plugin swap),4.500000,0.000000,12,26,61,70,110,140,220,220,220,220,220,133,0,9,43.65067863731848,1.407061005011201,1182.6165140373632,76.71428571428571
1774609603,10,GET,/api/audio/levels/plugins,4.500000,0.000000,9,14,17,19,21,27,230,230,230,230,230,132,0,7,16.94314053571416,1.4036219799891114,228.81912195589393,20.303030303030305
1774609603,10,GET,/api/audio/status,11.400000,0.000000,6,11,14,17,21,31,35,180,190,190,190,386,0,7,16.097931769481075,1.3969889841973782,314.2507340526208,303.0
1774609603,10,GET,/api/chains/,0.700000,0.000000,14,14,89,89,89,89,89,89,89,89,89,76,0,14,59.87567789730077,2.07908998709172,1262.2265570098534,1478.171052631579
1774609603,10,GET,/api/chains/{id},11.400000,0.000000,11,24,56,87,150,170,1200,1200,1300,1300,1300,388,0,12,56.94646253274542,1.8138389568775892,1257.6548079960048,812.6082474226804
1774609603,10,POST,/api/chains/{id}/activate,11.400000,0.000000,7,17,27,30,47,150,180,180,200,200,200,387,0,12,31.02106745962477,1.7166920006275177,405.05630103871226,53.54005167958656
1774609603,10,POST,/api/chains/{id}/deactivate,11.500000,0.000000,6,9,11,13,21,26,27,140,150,150,150,386,1,6,14.358913930376673,1.7039140220731497,1339.969283901155,63.137305699481864
1774609603,10,POST,/api/plugins/batch/parameters (500 updates),8.100000,0.000000,14,27,40,64,150,200,290,1200,1200,1200,1200,234,0,15,56.735190133062694,4.2729940032586455,1213.4643699973822,949.8333333333334
1774609603,10,GET,/api/plugins/discover,0.700000,0.000000,28,28,31,31,31,31,31,31,31,31,31,76,0,26,34.64875405035472,12.777419993653893,293.7749670818448,89708.0
1774609603,10,GET,/api/plugins/list,0.700000,0.000000,7,7,26,26,26,26,26,26,26,26,26,76,0,7,21.912419543552556,1.4609969221055508,148.97497498895973,66.52631578947368
1774609603,10,POST,/api/plugins/load?uri,4.500000,0.000000,10,16,23,24,37,110,180,180,180,180,180,132,0,8,40.96333392733482,1.8310870509594679,1302.1146790124476,2305.257575757576
1774609603,10,POST,/api/plugins/unload?uri,4.500000,0.000000,5,8,11,20,31,170,190,190,190,190,190,132,0,6,15.142856354500648,1.6670769546180964,187.11201497353613,128.58333333333334
1774609603,10,,Aggregated,107.100000,0.000000,9,16,24,32,110,150,190,1200,1300,1300,1300,3652,1,9,36.12073967997077,1.354818930849433,1339.969283901155,2198.8346111719607
1774609604,10,GET,/api/audio/latency,16.200000,0.000000,9,16,24,32,82,140,180,180,190,190,190,576,0,7,24.09767700575887,1.354818930849433,405.3585029905662,33.067708333333336
1774609604,10,GET,/api/audio/levels,16.200000,0.000000,11,32,66,95,130,180,1300,1300,1300,1300,1300,576,0,10,61.661463388898284,1.423792913556099,1313.3740280754864,76.79166666666667
1774609604,10,GET,/api/audio/levels (during plugin swap),4.500000,0.000000,12,19,46,69,83,120,140,140,140,140,140,137,0,9,42.641091618489774,1.407061005011201,1182.6165140373632,76.60583941605839
1774609604,10,GET,/api/audio/levels/plugins,4.500000,0.000000,5,13,14,17,19,21,140,140,140,140,140,137,0,7,16.442523676099896,1.4036219799891114,228.81912195589393,20.26277372262774
1774609604,10,GET,/api/audio/status,11.600000,0.000000,6,10,13,16,20,27,35,180,190,190,190,402,0,7,15.815066934716123,1.3969889841973782,314.2507340526208,303.0
1774609604,10,GET,/api/chains/,0.500000,0.000000,14,14,89,89,89,89,89,89,89,89,89,76,0,14,59.87567789730077,2.07908998709172,1262.2265570098534,1478.171052631579
1774609604,10,GET,/api/chains/{id},11.600000,0.000000,11,23,44,87,150,170,1200,1200,1300,1300,1300,404,0,11,56.10332100324812,1.8138389568775892,1257.6548079960048,811.990099009901
1774609604,10,POST,/api/chains/{id}/activate,11.600000,0.000000,8,17,24,29,40,140,150,160,360,360,360,404,0,12,31.357517823551568,1.7166920006275177,405.05630103871226,53.50247524752475
1774609604,10,POST,/api/chains/{id}/deactivate,11.600000,0.000000,5,8,12,13,21,26,27,140,150,150,150,402,1,6,14.035950945365933,1.7039140220731497,1339.969283901155,63.092039800995025
1774609604,10,POST,/api/plugins/batch/parameters (500 updates),8.100000,0.000000,16,32,64,110,150,220,250,1200,1200,1200,1200,245,0,16,58.013261923547454,4.2729940032586455,1213.4643699973822,949.3632653061225
1774609604,10,GET,/api/plugins/discover,0.500000,0.000000,28,28,31,31,31,31,31,31,31,31,31,76,0,26,34.64875405035472,12.777419993653893,293.7749670818448,89708.0
1774609604,10,GET,/api/plugins/list,0.500000,0.000000,7,7,26,26,26,26,26,26,26,26,26,76,0,7,21.912419543552556,1.4609969221055508,148.97497498895973,66.52631578947368
1774609604,10,POST,/api/plugins/load?uri,4.500000,0.000000,9,16,19,24,37,110,160,160,160,160,160,137,0,9,40.939640193450245,1.8310870509594679,1302.1146790124476,2285.4817518248174
1774609604,10,POST,/api/plugins/unload?uri,4.500000,0.000000,5,8,10,11,21,35,190,190,190,190,190,137,0,6,14.787223224059074,1.6670769546180964,187.11201497353613,128.62043795620437
1774609604,10,,Aggregated,106.400000,0.000000,8,15,22,29,96,150,180,1200,1300,1300,1300,3785,1,9,35.805294163619834,1.354818930849433,1339.969283901155,2132.6047556142667
1774609605,10,GET,/api/audio/latency,16.300000,0.000000,9,16,22,31,82,150,180,180,190,190,190,589,0,8,24.06040538463691,1.354818930849433,405.3585029905662,33.06621392190153
1774609605,10,GET,/api/audio/levels,16.300000,0.000000,14,46,76,95,130,180,1300,1300,1300,1300,1300,589,0,10,61.087301001940965,1.423792913556099,1313.3740280754864,76.81833616298812
1774609605,10,GET,/api/audio/levels (during plugin swap),4.900000,0.000000,12,19,46,61,74,120,140,140,140,140,140,141,0,9,42.07027133171123,1.407061005011201,1182.6165140373632,76.50354609929079
1774609605,10,GET,/api/audio/levels/plugins,4.900000,0.000000,6,12,14,17,19,23,100,140,140,140,140,141,0,7,16.801426663552245,1.4036219799891114,228.81912195589393,20.26950354609929
1774609605,10,GET,/api/audio/status,11.600000,0.000000,6,11,14,17,21,33,180,180,190,190,190,416,0,7,16.12599150478043,1.3969889841973782,314.2507340526208,303.0
1774609605,10,GET,/api/chains/,0.400000,0.000000,14,14,89,89,89,89,89,89,89,89,89,76,0,14,59.87567789730077,2.07908998709172,1262.2265570098534,1478.171052631579
1774609605,10,GET,/api/chains/{id},11.600000,0.000000,11,25,57,87,150,170,1200,1200,1300,1300,1300,419,0,11,55.268348859809784,1.8138389568775892,1257.6548079960048,812.4773269689738
1774609605,10,POST,/api/chains/{id}/activate,11.600000,0.000000,9,17,24,29,40,140,150,160,360,360,360,417,0,12,31.215206880180492,1.7166920006275177,405.05630103871226,53.58513189448441
1774609605,10,POST,/api/chains/{id}/deactivate,11.600000,0.000000,5,8,11,13,20,26,100,140,150,150,150,415,1,6,13.98703944027783,1.7039140220731497,1339.969283901155,63.0578313253012
1774609605,10,POST,/api/plugins/batch/parameters (500 updates),7.800000,0.000000,16,38,95,110,160,200,250,1200,1200,1200,1200,254,0,16,58.61589705248869,4.264265997335315,1213.4643699973822,947.7204724409448
1774609605,10,GET,/api/plugins/discover,0.400000,0.000000,28,28,31,31,31,31,31,31,31,31,31,76,0,26,34.64875405035472,12.777419993653893,293.7749670818448,89708.0
1774609605,10,GET,/api/plugins/list,0.400000,0.000000,7,7,26,26,26,26,26,26,26,26,26,76,0,7,21.912419543552556,1.4609969221055508,148.97497498895973,66.52631578947368
1774609605,10,POST,/api/plugins/load?uri,4.900000,0.000000,9,16,19,24,37,110,140,160,160,160,160,141,0,9,40.61841930870416,1.8310870509594679,1302.1146790124476,2286.2695035460993
1774609605,10,POST,/api/plugins/unload?uri,4.900000,0.000000,5,8,11,12,23,130,170,190,190,190,190,141,0,6,15.752991316311643,1.6670769546180964,187.11201497353613,128.60283687943263
1774609605,10,,Aggregated,107.600000,0.000000,9,16,24,33,110,150,180,1200,1300,1300,1300,3891,1,9,35.67877903284945,1.354818930849433,1339.969283901155,2084.240555127217
1774609606,10,GET,/api/audio/latency,15.000000,0.000000,7,16,19,29,81,140,180,180,190,190,190,615,0,7,23.23674483497332,1.354818930849433,405.3585029905662,33.06341463414634
1774609606,10,GET,/api/audio/levels,14.900000,0.000000,9,23,56,70,110,130,160,180,180,180,180,615,0,10,58.868334058679764,1.423792913556099,1313.3740280754864,76.72032520325203
1774609606,10,GET,/api/audio/levels (during plugin swap),4.600000,0.000000,12,22,52,69,83,120,140,140,140,140,140,148,0,9,41.04806345689261,1.407061005011201,1182.6165140373632,76.51351351351352
1774609606,10,GET,/api/audio/levels/plugins,4.700000,0.000000,6,11,14,16,19,21,100,140,140,140,140,148,0,7,16.248251503408962,1.4036219799891114,228.81912195589393,20.236486486486488
1774609606,10,GET,/api/audio/status,11.300000,0.000000,6,11,14,17,20,33,180,180,190,190,190,435,0,7,15.789338352222895,1.3969889841973782,314.2507340526208,303.0
1774609606,10,GET,/api/chains/,0.300000,0.000000,89,89,89,89,89,89,89,89,89,89,89,76,0,14,59.87567789730077,2.07908998709172,1262.2265570098534,1478.171052631579
1774609606,10,GET,/api/chains/{id},11.400000,0.000000,10,21,43,61,140,160,170,180,180,180,180,436,0,11,53.684744218133666,1.8138389568775892,1257.6548079960048,811.7064220183486
1774609606,10,POST,/api/chains/{id}/activate,11.300000,0.000000,9,17,24,29,47,140,150,160,360,360,360,435,0,11,30.844776770207044,1.7166920006275177,405.05630103871226,53.67816091954023
1774609606,10,POST,/api/chains/{id}/deactivate,11.300000,0.000000,5,7,10,12,16,26,140,140,150,150,150,435,1,6,13.972305950719392,1.7039140220731497,1339.969283901155,62.95172413793104
1774609606,10,POST,/api/plugins/batch/parameters (500 updates),7.700000,0.000000,16,43,95,120,170,220,250,1200,1200,1200,1200,262,0,15,57.97841454072294,4.264265997335315,1213.4643699973822,950.0458015267176
1774609606,10,GET,/api/plugins/discover,0.300000,0.000000,31,31,31,31,31,31,31,31,31,31,31,76,0,26,34.64875405035472,12.777419993653893,293.7749670818448,89708.0
1774609606,10,GET,/api/plugins/list,0.300000,0.000000,26,26,26,26,26,26,26,26,26,26,26,76,0,7,21.912419543552556,1.4609969221055508,148.97497498895973,66.52631578947368
1774609606,10,POST,/api/plugins/load?uri,4.600000,0.000000,10,16,18,22,37,110,140,160,160,160,160,148,0,9,39.159843441715616,1.8310870509594679,1302.1146790124476,2374.7432432432433
1774609606,10,POST,/api/plugins/unload?uri,4.700000,0.000000,5,8,12,16,23,130,170,190,190,190,190,148,0,6,15.343599673517904,1.6670769546180964,187.11201497353613,128.60135135135135
1774609606,10,,Aggregated,102.400000,0.000000,8,15,20,27,88,140,170,180,360,1200,1200,4053,1,9,34.75225134066205,1.354818930849433,1339.969283901155,2016.5040710584751
1774609607,10,GET,/api/audio/latency,15.000000,0.000000,5,11,16,18,39,150,180,180,190,190,190,624,0,7,22.94931541594754,1.354818930849433,405.3585029905662,33.0625
1774609607,10,GET,/api/audio/levels,14.900000,0.000000,9,19,46,66,110,130,160,160,180,180,180,624,0,10,58.11535075992698,1.423792913556099,1313.3740280754864,76.72916666666667
1774609607,10,GET,/api/audio/levels (during plugin swap),4.600000,0.000000,10,22,46,70,93,120,140,140,140,140,140,151,0,9,40.294706375054425,1.407061005011201,1182.6165140373632,76.44370860927152
1774609607,10,GET,/api/audio/levels/plugins,4.700000,0.000000,4,11,13,14,19,21,140,140,140,140,140,150,0,7,16.05219518300146,1.4036219799891114,228.81912195589393,20.24
1774609607,10,GET,/api/audio/status,11.300000,0.000000,5,10,14,17,20,24,180,180,190,190,190,438,0,7,15.691984998228104,1.3969889841973782,314.2507340526208,303.0
1774609607,10,GET,/api/chains/,0.300000,0.000000,89,89,89,89,89,89,89,89,89,89,89,76,0,14,59.87567789730077,2.07908998709172,1262.2265570098534,1478.171052631579
1774609607,10,GET,/api/chains/{id},11.400000,0.000000,10,20,33,60,130,160,160,170,180,180,180,438,0,11,53.44906939538068,1.8138389568775892,1257.6548079960048,811.689497716895
1774609607,10,POST,/api/chains/{id}/activate,11.300000,0.000000,8,16,20,27,47,140,150,160,360,360,360,438,0,11,30.7282729839298,1.7166920006275177,405.05630103871226,53.60730593607306
1774609607,10,POST,/api/chains/{id}/deactivate,11.300000,0.000000,5,7,9,11,15,22,140,140,150,150,150,438,1,6,13.922014480752267,1.7039140220731497,1339.969283901155,62.945205479452056
1774609607,10,POST,/api/plugins/batch/parameters (500 updates),7.700000,0.000000,15,40,88,110,150,220,230,250,250,250,250,262,0,15,57.97841454072294,4.264265997335315,1213.4643699973822,950.0458015267176
1774609607,10,GET,/api/plugins/discover,0.300000,0.000000,31,31,31,31,31,31,31,31,31,31,31,76,0,26,34.64875405035472,12.777419993653893,293.7749670818448,89708.0
1774609607,10,GET,/api/plugins/list,0.300000,0.000000,26,26,26,26,26,26,26,26,26,26,26,76,0,7,21.912419543552556,1.4609969221055508,148.97497498895973,66.52631578947368
1774609607,10,POST,/api/plugins/load?uri,4.600000,0.000000,9,15,17,19,44,110,160,160,160,160,160,150,0,8,38.66306221655881,1.8310870509594679,1302.1146790124476,2352.7266666666665
1774609607,10,POST,/api/plugins/unload?uri,4.700000,0.000000,4,7,11,16,35,130,190,190,190,190,190,150,0,6,15.162714731413871,1.6670769546180964,187.11201497353613,128.56
1774609607,10,,Aggregated,102.400000,0.000000,7,13,18,22,82,140,160,180,250,360,360,4091,1,9,34.47340533682661,1.354818930849433,1339.969283901155,1999.189195795649
1774609608,10,GET,/api/audio/latency,15.200000,0.000000,6,11,17,18,81,150,180,180,190,190,190,627,0,7,23.175289122309042,1.354818930849433,405.3585029905662,33.0829346092504
1774609608,10,GET,/api/audio/levels,15.200000,0.000000,10,23,65,78,110,160,1300,1300,1300,1300,1300,631,0,10,64.33699492283206,1.423792913556099,1323.2513630064204,76.77020602218701
1774609608,10,GET,/api/audio/levels (during plugin swap),5.000000,0.000000,10,19,33,61,83,110,140,140,140,140,140,151,0,9,40.294706375054425,1.407061005011201,1182.6165140373632,76.44370860927152
1774609608,10,GET,/api/audio/levels/plugins,4.900000,0.000000,4,10,13,16,19,21,130,130,130,130,130,151,0,7,16.783076989933207,1.4036219799891114,228.81912195589393,20.28476821192053
1774609608,10,GET,/api/audio/status,12.300000,0.000000,7,11,15,17,20,24,180,180,190,190,190,443,0,7,15.6808047766669,1.3969889841973782,314.2507340526208,303.0
1774609608,10,GET,/api/chains/,0.100000,0.000000,89,89,89,89,89,89,89,89,89,89,89,76,0,14,59.87567789730077,2.07908998709172,1262.2265570098534,1478.171052631579
1774609608,10,GET,/api/chains/{id},12.400000,0.000000,10,24,60,87,150,180,1300,1300,1300,1300,1300,446,0,11,67.37217561246811,1.8138389568775892,1326.4386829687282,811.6233183856502
1774609608,10,POST,/api/chains/{id}/activate,12.300000,0.000000,11,17,24,30,37,140,150,160,360,360,360,443,0,12,30.776807805523276,1.7166920006275177,405.05630103871226,53.566591422121896
1774609608,10,POST,/api/chains/{id}/deactivate,12.300000,0.000000,6,8,11,12,16,20,140,140,150,150,150,443,1,6,13.931399985725317,1.7039140220731497,1339.969283901155,62.934537246049665
1774609608,10,POST,/api/plugins/batch/parameters (500 updates),7.700000,0.000000,16,58,110,130,170,230,250,1300,1300,1300,1300,263,0,16,62.874550321635155,4.264265997335315,1345.6621249206364,949.574144486692
1774609608,10,GET,/api/plugins/discover,0.100000,0.000000,31,31,31,31,31,31,31,31,31,31,31,76,0,26,34.64875405035472,12.777419993653893,293.7749670818448,89708.0
1774609608,10,GET,/api/plugins/list,0.100000,0.000000,26,26,26,26,26,26,26,26,26,26,26,76,0,7,21.912419543552556,1.4609969221055508,148.97497498895973,66.52631578947368
1774609608,10,POST,/api/plugins/load?uri,4.900000,0.000000,10,15,17,19,97,140,1300,1300,1300,1300,1300,151,0,9,46.7709713740373,1.8310870509594679,1302.1146790124476,2341.7218543046356
1774609608,10,POST,/api/plugins/unload?uri,4.900000,0.000000,4,8,11,16,23,130,190,190,190,190,190,151,0,6,15.135805316065865,1.6670769546180964,187.11201497353613,128.49668874172184
1774609608,10,,Aggregated,107.400000,0.000000,8,15,20,26,96,150,180,1200,1300,1300,1300,4128,1,9,37.61621826138147,1.354818930849433,1345.6621249206364,1983.90503875969
1774609609,10,GET,/api/audio/latency,17.600000,0.000000,6,10,16,18,81,150,180,180,190,190,190,659,0,7,23.33117717518775,1.354818930849433,405.3585029905662,33.07890743550835
1774609609,10,GET,/api/audio/levels,17.000000,0.000000,9,17,45,66,110,150,180,1300,1300,1300,1300,659,0,10,62.17711313068725,1.423792913556099,1323.2513630064204,76.70864946889226
1774609609,10,GET,/api/audio/levels (during plugin swap),5.500000,0.000000,10,17,26,61,83,93,140,140,140,140,140,158,0,9,39.838846088416545,1.407061005011201,1182.6165140373632,76.45569620253164
1774609609,10,GET,/api/audio/levels/plugins,5.400000,0.000000,5,7,11,14,19,19,130,130,130,130,130,158,0,6,16.268887173950294,1.4036219799891114,228.81912195589393,20.253164556962027
1774609609,10,GET,/api/audio/status,13.400000,0.000000,6,11,14,16,20,23,180,180,190,190,190,459,0,7,15.450906242073508,1.3969889841973782,314.2507340526208,303.0
1774609609,10,GET,/api/chains/,0.100000,0.000000,89,89,89,89,89,89,89,89,89,89,89,76,0,14,59.87567789730077,2.07908998709172,1262.2265570098534,1478.171052631579
1774609609,10,GET,/api/chains/{id},13.100000,0.000000,9,20,44,72,150,180,1300,1300,1300,1300,1300,459,0,11,66.063560919546,1.8138389568775892,1326.4386829687282,811.3485838779957
1774609609,10,POST,/api/chains/{id}/activate,13.400000,0.000000,9,17,24,29,72,150,150,160,360,360,360,459,0,12,31.04183041543369,1.7166920006275177,405.05630103871226,53.7363834422658
1774609609,10,POST,/api/chains/{id}/deactivate,13.400000,0.000000,5,8,11,13,16,24,140,140,150,150,150,459,1,6,13.77679282304281,1.7039140220731497,1339.969283901155,62.73856209150327
1774609609,10,POST,/api/plugins/batch/parameters (500 updates),8.200000,0.000000,15,43,110,130,170,220,230,1300,1300,1300,1300,270,0,15,62.24927542067167,4.264265997335315,1345.6621249206364,950.2740740740741
1774609609,10,GET,/api/plugins/discover,0.100000,0.000000,31,31,31,31,31,31,31,31,31,31,31,76,0,26,34.64875405035472,12.777419993653893,293.7749670818448,89708.0
1774609609,10,GET,/api/plugins/list,0.100000,0.000000,26,26,26,26,26,26,26,26,26,26,26,76,0,7,21.912419543552556,1.4609969221055508,148.97497498895973,66.52631578947368
1774609609,10,POST,/api/plugins/load?uri,5.400000,0.000000,9,15,17,19,22,97,1300,1300,1300,1300,1300,158,0,9,45.19486808014703,1.8310870509594679,1302.1146790124476,2369.2974683544303
1774609609,10,POST,/api/plugins/unload?uri,5.400000,0.000000,4,8,12,16,23,130,190,190,190,190,190,158,0,5,14.688405276812565,1.6670769546180964,187.11201497353613,128.5126582278481
1774609609,10,,Aggregated,118.100000,0.000000,7,13,19,21,86,150,180,360,1300,1300,1300,4284,1,9,36.95610082352531,1.354818930849433,1345.6621249206364,1923.205182072829
1774609610,10,GET,/api/audio/latency,15.700000,0.000000,6,11,17,19,82,150,180,180,190,190,190,671,0,7,23.358358536956583,1.354818930849433,405.3585029905662,33.07749627421759
1774609610,10,GET,/api/audio/levels,15.800000,0.000000,10,21,62,78,110,150,180,1300,1300,1300,1300,673,0,10,62.096805646974055,1.423792913556099,1323.2513630064204,76.74739970282317
1774609610,10,GET,/api/audio/levels (during plugin swap),5.000000,0.000000,10,12,26,33,76,92,93,93,93,93,93,161,0,9,39.37799122939407,1.407061005011201,1182.6165140373632,76.3913043478261
1774609610,10,GET,/api/audio/levels/plugins,5.000000,0.000000,5,7,13,14,19,130,180,180,180,180,180,161,0,6,17.197593276516205,1.4036219799891114,228.81912195589393,20.37888198757764
1774609610,10,GET,/api/audio/status,12.000000,0.000000,7,12,15,17,20,33,180,180,190,190,190,471,0,7,15.52151005755667,1.3969889841973782,314.2507340526208,303.0
1774609610,10,GET,/api/chains/,0.000000,0.000000,89,89,89,89,89,89,89,89,89,89,89,76,0,14,59.87567789730077,2.07908998709172,1262.2265570098534,1478.171052631579
1774609610,10,GET,/api/chains/{id},11.800000,0.000000,10,22,57,73,150,180,1300,1300,1300,1300,1300,473,0,11,65.49552320743898,1.8138389568775892,1326.4386829687282,810.8837209302326
1774609610,10,POST,/api/chains/{id}/activate,11.900000,0.000000,12,18,24,29,86,150,150,160,360,360,360,471,0,12,30.64629263635092,1.7166920006275177,405.05630103871226,53.73673036093418
1774609610,10,POST,/api/chains/{id}/deactivate,12.000000,0.000000,5,10,12,13,16,32,140,150,160,160,160,470,1,6,13.974575266152858,1.7039140220731497,1339.969283901155,62.66808510638298
1774609610,10,POST,/api/plugins/batch/parameters (500 updates),7.300000,0.000000,18,40,110,130,170,220,230,1300,1300,1300,1300,281,0,16,61.28779215178058,4.264265997335315,1345.6621249206364,950.1743772241992
1774609610,10,GET,/api/plugins/discover,0.000000,0.000000,31,31,31,31,31,31,31,31,31,31,31,76,0,26,34.64875405035472,12.777419993653893,293.7749670818448,89708.0
1774609610,10,GET,/api/plugins/list,0.000000,0.000000,26,26,26,26,26,26,26,26,26,26,26,76,0,7,21.912419543552556,1.4609969221055508,148.97497498895973,66.52631578947368
1774609610,10,POST,/api/plugins/load?uri,4.900000,0.000000,10,16,18,19,37,160,1300,1300,1300,1300,1300,161,0,9,44.46649224633316,1.8310870509594679,1302.1146790124476,2350.7888198757764
1774609610,10,POST,/api/plugins/unload?uri,5.000000,0.000000,5,11,13,20,130,170,190,190,190,190,190,160,0,6,15.411498166940873,1.6670769546180964,187.11201497353613,128.41875
1774609610,10,,Aggregated,106.400000,0.000000,8,14,20,24,100,150,180,1200,1300,1300,1300,4381,1,9,36.877827224733224,1.354818930849433,1345.6621249206364,1888.080118694362
1774609611,10,GET,/api/audio/latency,16.000000,0.000000,5,10,17,19,81,150,160,180,180,180,180,693,0,7,23.348754225500347,1.354818930849433,405.3585029905662,33.075036075036074
1774609611,10,GET,/api/audio/levels,16.000000,0.000000,9,16,46,69,110,160,210,1300,1300,1300,1300,693,0,10,61.48838812588146,1.423792913556099,1323.2513630064204,76.78932178932179
1774609611,10,GET,/api/audio/levels (during plugin swap),5.000000,0.000000,6,11,17,26,76,92,93,93,93,93,93,163,0,9,38.983930772216134,1.407061005011201,1182.6165140373632,76.34969325153374
1774609611,10,GET,/api/audio/levels/plugins,5.000000,0.000000,5,7,10,13,19,130,180,180,180,180,180,163,0,6,17.066664328124443,1.4036219799891114,228.81912195589393,20.380368098159508
1774609611,10,GET,/api/audio/status,12.000000,0.000000,6,11,14,16,20,22,52,120,180,180,180,487,0,7,15.245071900109675,1.3969889841973782,314.2507340526208,303.0
1774609611,10,GET,/api/chains/,0.000000,0.000000,89,89,89,89,89,89,89,89,89,89,89,76,0,14,59.87567789730077,2.07908998709172,1262.2265570098534,1478.171052631579
1774609611,10,GET,/api/chains/{id},12.100000,0.000000,9,20,55,85,150,200,1300,1300,1300,1300,1300,487,0,11,64.90252929614394,1.8138389568775892,1326.4386829687282,809.735112936345
1774609611,10,POST,/api/chains/{id}/activate,12.100000,0.000000,9,17,20,24,86,150,160,160,360,360,360,487,0,12,30.539683749501496,1.7166920006275177,405.05630103871226,53.83983572895277
1774609611,10,POST,/api/chains/{id}/deactivate,12.000000,0.000000,5,10,12,12,16,25,140,160,160,160,160,487,1,6,14.058019708912797,1.7039140220731497,1339.969283901155,62.54209445585216
1774609611,10,POST,/api/plugins/batch/parameters (500 updates),6.600000,0.000000,16,32,88,140,210,230,240,1300,1300,1300,1300,294,0,15,61.15563934610295,4.264265997335315,1345.6621249206364,948.1224489795918
1774609611,10,GET,/api/plugins/discover,0.000000,0.000000,31,31,31,31,31,31,31,31,31,31,31,76,0,26,34.64875405035472,12.777419993653893,293.7749670818448,89708.0
1774609611,10,GET,/api/plugins/list,0.000000,0.000000,26,26,26,26,26,26,26,26,26,26,26,76,0,7,21.912419543552556,1.4609969221055508,148.97497498895973,66.52631578947368
1774609611,10,POST,/api/plugins/load?uri,5.000000,0.000000,6,11,16,18,22,160,1300,1300,1300,1300,1300,163,0,8,43.971481193799775,1.8310870509594679,1302.1146790124476,2348.4233128834358
1774609611,10,POST,/api/plugins/unload?uri,5.000000,0.000000,5,11,13,20,130,150,170,170,170,170,170,163,0,6,16.15675361155664,1.6670769546180964,187.11201497353613,128.36196319018404
1774609611,10,,Aggregated,106.800000,0.000000,7,13,19,21,91,150,200,360,1300,1300,1300,4508,1,9,36.67018876930913,1.354818930849433,1345.6621249206364,1842.9795918367347
1774609612,10,GET,/api/audio/latency,16.300000,0.000000,6,11,19,21,81,150,160,180,180,180,180,707,0,7,23.332063599701712,1.354818930849433,405.3585029905662,33.07355021216407
1774609612,10,GET,/api/audio/levels,16.300000,0.000000,9,19,64,79,110,150,210,1300,1300,1300,1300,712,0,10,61.2626377595497,1.423792913556099,1323.2513630064204,76.87078651685393
1774609612,10,GET,/api/audio/levels (during plugin swap),4.700000,0.000000,11,19,26,33,76,93,110,110,110,110,110,167,0,10,39.36829893991998,1.407061005011201,1182.6165140373632,76.58083832335329
1774609612,10,GET,/api/audio/levels/plugins,4.700000,0.000000,5,7,11,15,110,130,180,180,180,180,180,167,0,7,18.11550298990113,1.4036219799891114,228.81912195589393,20.461077844311376
1774609612,10,GET,/api/audio/status,12.500000,0.000000,7,12,15,17,21,23,94,120,180,180,180,495,0,7,15.32236794997571,1.3969889841973782,314.2507340526208,303.0
1774609612,10,GET,/api/chains/,0.000000,0.000000,89,89,89,89,89,89,89,89,89,89,89,76,0,14,59.87567789730077,2.07908998709172,1262.2265570098534,1478.171052631579
1774609612,10,GET,/api/chains/{id},12.500000,0.000000,11,24,70,88,150,200,1300,1300,1300,1300,1300,498,0,11,64.70488438015265,1.8138389568775892,1326.4386829687282,809.8734939759037
1774609612,10,POST,/api/chains/{id}/activate,12.500000,0.000000,14,19,22,34,130,150,160,160,360,360,360,495,0,12,30.799329282264367,1.7166920006275177,405.05630103871226,53.78787878787879
1774609612,10,POST,/api/chains/{id}/deactivate,12.400000,0.000000,6,10,12,13,18,25,140,160,160,160,160,495,1,6,13.953145784372934,1.7039140220731497,1339.969283901155,62.53333333333333
1774609612,10,POST,/api/plugins/batch/parameters (500 updates),6.900000,0.000000,16,30,80,120,200,230,240,1300,1300,1300,1300,303,0,16,60.139152534127774,4.264265997335315,1345.6621249206364,949.1221122112212
1774609612,10,GET,/api/plugins/discover,0.000000,0.000000,31,31,31,31,31,31,31,31,31,31,31,76,0,26,34.64875405035472,12.777419993653893,293.7749670818448,89708.0
1774609612,10,GET,/api/plugins/list,0.000000,0.000000,26,26,26,26,26,26,26,26,26,26,26,76,0,7,21.912419543552556,1.4609969221055508,148.97497498895973,66.52631578947368
1774609612,10,POST,/api/plugins/load?uri,4.700000,0.000000,10,17,19,20,68,160,1300,1300,1300,1300,1300,167,0,9,43.89494212977254,1.8310870509594679,1302.1146790124476,2364.880239520958
1774609612,10,POST,/api/plugins/unload?uri,4.600000,0.000000,6,11,13,19,52,140,150,150,150,150,150,167,0,6,16.080568034988186,1.6670769546180964,187.11201497353613,128.4191616766467
1774609612,10,,Aggregated,108.100000,0.000000,8,15,20,25,110,150,200,1200,1300,1300,1300,4601,1,9,36.67939922088582,1.354818930849433,1345.6621249206364,1813.5996522495109
1774609613,10,GET,/api/audio/latency,16.000000,0.000000,6,13,18,21,66,150,150,160,160,160,160,730,0,7,23.88344484202768,1.354818930849433,405.3585029905662,33.07123287671233
1774609613,10,GET,/api/audio/levels,16.000000,0.000000,9,16,46,69,110,150,210,1300,1300,1300,1300,731,0,10,60.42132592169509,1.423792913556099,1323.2513630064204,76.9124487004104
1774609613,10,GET,/api/audio/levels (during plugin swap),4.000000,0.000000,10,16,20,26,76,93,110,110,110,110,110,172,0,10,38.525945697180106,1.407061005011201,1182.6165140373632,76.55232558139535
1774609613,10,GET,/api/audio/levels/plugins,4.000000,0.000000,5,8,11,15,110,130,180,180,180,180,180,172,0,7,17.790307322663235,1.4036219799891114,228.81912195589393,20.424418604651162
1774609613,10,GET,/api/audio/status,12.200000,0.000000,6,12,15,17,20,22,94,120,180,180,180,515,0,7,15.050402262871994,1.3969889841973782,314.2507340526208,303.0
1774609613,10,GET,/api/chains/,0.000000,0.000000,89,89,89,89,89,89,89,89,89,89,89,76,0,14,59.87567789730077,2.07908998709172,1262.2265570098534,1478.171052631579
1774609613,10,GET,/api/chains/{id},12.200000,0.000000,10,21,60,85,150,200,1300,1300,1300,1300,1300,515,0,11,63.055478956875874,1.8138389568775892,1326.4386829687282,808.957281553398
1774609613,10,POST,/api/chains/{id}/activate,12.200000,0.000000,14,19,22,29,130,150,160,160,170,170,170,515,0,12,30.883452818656647,1.7166920006275177,405.05630103871226,53.83495145631068
1774609613,10,POST,/api/chains/{id}/deactivate,12.200000,0.000000,6,9,12,12,16,25,140,160,160,160,160,515,1,6,13.652722519433613,1.7039140220731497,1339.969283901155,62.5126213592233
1774609613,10,POST,/api/plugins/batch/parameters (500 updates),6.800000,0.000000,16,27,78,120,190,220,240,1300,1300,1300,1300,313,0,16,59.8494165782302,4.264265997335315,1345.6621249206364,947.0702875399361
1774609613,10,GET,/api/plugins/discover,0.000000,0.000000,31,31,31,31,31,31,31,31,31,31,31,76,0,26,34.64875405035472,12.777419993653893,293.7749670818448,89708.0
1774609613,10,GET,/api/plugins/list,0.000000,0.000000,26,26,26,26,26,26,26,26,26,26,26,76,0,7,21.912419543552556,1.4609969221055508,148.97497498895973,66.52631578947368
1774609613,10,POST,/api/plugins/load?uri,4.000000,0.000000,6,13,17,19,64,97,1300,1300,1300,1300,1300,172,0,8,42.75347754971103,1.8310870509594679,1302.1146790124476,2351.5406976744184
1774609613,10,POST,/api/plugins/unload?uri,4.000000,0.000000,7,10,12,19,52,140,150,150,150,150,150,172,0,6,15.869238726567303,1.6670769546180964,187.11201497353613,128.32558139534885
1774609613,10,,Aggregated,103.600000,0.000000,8,14,20,22,93,150,180,240,1300,1300,1300,4750,1,9,36.23476503831089,1.354818930849433,1345.6621249206364,1765.852
1774609614,10,GET,/api/audio/latency,16.800000,0.000000,6,10,17,20,66,150,150,160,160,160,160,746,0,7,23.650399977110336,1.354818930849433,405.3585029905662,33.06970509383378
1774609614,10,GET,/api/audio/levels,16.800000,0.000000,9,17,64,78,120,150,210,1300,1300,1300,1300,750,0,10,59.93182495546838,1.423792913556099,1323.2513630064204,76.86533333333334
1774609614,10,GET,/api/audio/levels (during plugin swap),4.100000,0.000000,11,19,33,59,92,100,110,110,110,110,110,179,0,10,38.45255360314258,1.407061005011201,1182.6165140373632,76.63128491620111
1774609614,10,GET,/api/audio/levels/plugins,4.100000,0.000000,6,9,11,15,110,130,180,180,180,180,180,179,0,7,17.312078505192556,1.4036219799891114,228.81912195589393,20.391061452513966
1774609614,10,GET,/api/audio/status,11.900000,0.000000,6,11,14,16,20,22,94,120,180,180,180,527,0,7,14.833017503109318,1.3969889841973782,314.2507340526208,303.0
1774609614,10,GET,/api/chains/,0.000000,0.000000,89,89,89,89,89,89,89,89,89,89,89,76,0,14,59.87567789730077,2.07908998709172,1262.2265570098534,1478.171052631579
1774609614,10,GET,/api/chains/{id},11.900000,0.000000,11,23,60,85,150,200,1300,1300,1300,1300,1300,531,0,11,62.36200800942513,1.8138389568775892,1326.4386829687282,809.2598870056497
1774609614,10,POST,/api/chains/{id}/activate,11.900000,0.000000,9,18,22,25,110,150,160,160,170,170,170,527,0,11,30.33343782653746,1.7166920006275177,405.05630103871226,53.833017077798864
1774609614,10,POST,/api/chains/{id}/deactivate,11.900000,0.000000,7,10,12,13,20,26,140,160,160,160,160,527,1,6,13.525694145015185,1.699562999419868,1339.969283901155,62.500948766603415
1774609614,10,POST,/api/plugins/batch/parameters (500 updates),7.500000,0.000000,17,27,41,88,200,220,240,1300,1300,1300,1300,319,0,16,59.28127935446717,4.264265997335315,1345.6621249206364,946.9655172413793
1774609614,10,GET,/api/plugins/discover,0.000000,0.000000,31,31,31,31,31,31,31,31,31,31,31,76,0,26,34.64875405035472,12.777419993653893,293.7749670818448,89708.0
1774609614,10,GET,/api/plugins/list,0.000000,0.000000,26,26,26,26,26,26,26,26,26,26,26,76,0,7,21.912419543552556,1.4609969221055508,148.97497498895973,66.52631578947368
1774609614,10,POST,/api/plugins/load?uri,4.100000,0.000000,7,13,16,19,64,97,1300,1300,1300,1300,1300,179,0,8,41.39860549567049,1.8148639937862754,1302.1146790124476,2356.8435754189945
1774609614,10,POST,/api/plugins/unload?uri,4.100000,0.000000,6,11,12,19,52,140,150,150,150,150,150,179,0,6,15.449446692995144,1.6670769546180964,187.11201497353613,128.08379888268158
1774609614,10,,Aggregated,105.100000,0.000000,8,14,20,23,96,150,180,240,1300,1300,1300,4871,1,9,35.835486643861046,1.354818930849433,1345.6621249206364,1731.1601313898584
1774609615,10,GET,/api/audio/latency,16.500000,0.000000,6,11,18,21,140,150,160,160,170,170,170,764,0,7,24.034348031395012,1.354818930849433,405.3585029905662,33.068062827225134
1774609615,10,GET,/api/audio/levels,16.500000,0.000000,9,16,54,69,120,150,210,1300,1300,1300,1300,764,0,10,59.04802632961832,1.423792913556099,1323.2513630064204,76.86256544502618
1774609615,10,GET,/api/audio/levels (during plugin swap),3.600000,0.000000,11,17,26,66,97,100,110,110,110,110,110,185,0,10,38.50079328639785,1.407061005011201,1182.6165140373632,76.65405405405406
1774609615,10,GET,/api/audio/levels/plugins,3.600000,0.000000,6,9,13,15,110,130,180,180,180,180,180,185,0,7,17.007249326923407,1.4036219799891114,228.81912195589393,20.394594594594594
1774609615,10,GET,/api/audio/status,11.600000,0.000000,5,10,13,15,19,21,22,94,120,120,120,547,0,7,14.56051807781644,1.3969889841973782,314.2507340526208,303.0
1774609615,10,GET,/api/chains/,0.000000,0.000000,0,0,0,0,0,0,0,0,0,0,0,76,0,14,59.87567789730077,2.07908998709172,1262.2265570098534,1478.171052631579
1774609615,10,GET,/api/chains/{id},11.600000,0.000000,9,20,52,70,130,200,1300,1300,1300,1300,1300,547,0,10,60.786229087732785,1.8138389568775892,1326.4386829687282,808.2669104204754
1774609615,10,POST,/api/chains/{id}/activate,11.600000,0.000000,8,15,21,25,140,150,160,160,170,170,170,547,0,11,30.427912613666418,1.7166920006275177,405.05630103871226,53.875685557586834
1774609615,10,POST,/api/chains/{id}/deactivate,11.600000,0.000000,6,9,12,12,17,25,32,160,160,160,160,547,1,6,13.29368858434723,1.699562999419868,1339.969283901155,62.43692870201097
1774609615,10,POST,/api/plugins/batch/parameters (500 updates),7.500000,0.000000,16,23,33,48,180,220,240,1300,1300,1300,1300,329,0,16,58.99394098718829,4.264265997335315,1345.6621249206364,948.4528875379939
1774609615,10,GET,/api/plugins/discover,0.000000,0.000000,0,0,0,0,0,0,0,0,0,0,0,76,0,26,34.64875405035472,12.777419993653893,293.7749670818448,89708.0
1774609615,10,GET,/api/plugins/list,0.000000,0.000000,0,0,0,0,0,0,0,0,0,0,0,76,0,7,21.912419543552556,1.4609969221055508,148.97497498895973,66.52631578947368
1774609615,10,POST,/api/plugins/load?uri,3.600000,0.000000,6,10,15,16,20,68,1300,1300,1300,1300,1300,185,0,8,40.2937863223456,1.8148639937862754,1302.1146790124476,2331.145945945946
1774609615,10,POST,/api/plugins/unload?uri,3.600000,0.000000,6,10,12,13,21,140,150,150,150,150,150,185,0,6,15.185210421505207,1.6670769546180964,187.11201497353613,127.95135135135135
1774609615,10,,Aggregated,101.300000,0.000000,7,13,18,21,92,150,180,240,1300,1300,1300,5013,1,9,35.38721925910167,1.354818930849433,1345.6621249206364,1690.7253141831238
1774609616,10,GET,/api/audio/latency,17.200000,0.000000,6,11,18,21,130,150,160,160,170,170,170,777,0,7,23.768732415487033,1.354818930849433,405.3585029905662,33.06692406692407
1774609616,10,GET,/api/audio/levels,17.300000,0.000000,9,27,68,83,130,160,210,1300,1300,1300,1300,779,0,10,58.73996053869562,1.423792913556099,1323.2513630064204,76.87163029525033
1774609616,10,GET,/api/audio/levels (during plugin swap),4.000000,0.000000,11,20,66,76,100,110,130,130,130,130,130,189,0,10,39.42062192603887,1.407061005011201,1182.6165140373632,76.64550264550265
1774609616,10,GET,/api/audio/levels/plugins,4.000000,0.000000,6,9,13,15,21,110,180,180,180,180,180,187,0,7,16.96689306188096,1.4036219799891114,228.81912195589393,20.46524064171123
1774609616,10,GET,/api/audio/status,12.900000,0.000000,5,10,13,14,18,20,22,94,120,120,120,561,0,7,14.371855040213655,1.3969889841973782,314.2507340526208,303.0
1774609616,10,GET,/api/chains/,0.000000,0.000000,0,0,0,0,0,0,0,0,0,0,0,76,0,14,59.87567789730077,2.07908998709172,1262.2265570098534,1478.171052631579
1774609616,10,GET,/api/chains/{id},12.800000,0.000000,9,20,52,70,120,180,1300,1300,1300,1300,1300,562,0,10,60.01667859794214,1.8138389568775892,1326.4386829687282,808.729537366548
1774609616,10,POST,/api/chains/{id}/activate,12.900000,0.000000,8,15,20,24,110,150,160,160,170,170,170,561,0,11,29.95079468148005,1.7166920006275177,405.05630103871226,53.93939393939394
1774609616,10,POST,/api/chains/{id}/deactivate,12.900000,0.000000,6,9,12,12,17,26,140,160,160,160,160,561,1,6,13.57649578302003,1.699562999419868,1339.969283901155,62.42602495543672
1774609616,10,POST,/api/plugins/batch/parameters (500 updates),7.800000,0.000000,15,23,33,78,150,210,240,1300,1300,1300,1300,340,0,16,58.7261463084039,4.264265997335315,1345.6621249206364,949.0411764705882
1774609616,10,GET,/api/plugins/discover,0.000000,0.000000,0,0,0,0,0,0,0,0,0,0,0,76,0,26,34.64875405035472,12.777419993653893,293.7749670818448,89708.0
1774609616,10,GET,/api/plugins/list,0.000000,0.000000,0,0,0,0,0,0,0,0,0,0,0,76,0,7,21.912419543552556,1.4609969221055508,148.97497498895973,66.52631578947368
1774609616,10,POST,/api/plugins/load?uri,4.000000,0.000000,6,10,15,16,19,64,1300,1300,1300,1300,1300,187,0,8,39.99393459728217,1.8148639937862754,1302.1146790124476,2318.229946524064
1774609616,10,POST,/api/plugins/unload?uri,4.000000,0.000000,6,10,12,12,20,22,150,150,150,150,150,187,0,6,15.108680770294193,1.6670769546180964,187.11201497353613,127.95187165775401
1774609616,10,,Aggregated,109.800000,0.000000,8,15,20,24,110,150,180,240,1300,1300,1300,5119,1,9,35.198498617930106,1.354818930849433,1345.6621249206364,1662.233639382692
1774609617,10,GET,/api/audio/latency,16.700000,0.000000,7,16,20,22,140,150,160,160,170,170,170,797,0,7,23.739184596905325,1.354818930849433,405.3585029905662,33.06524466750314
1774609617,10,GET,/api/audio/levels,16.700000,0.000000,9,20,63,71,120,150,210,1300,1300,1300,1300,798,0,10,57.532614486946734,1.423792913556099,1323.2513630064204,76.89348370927318
1774609617,10,GET,/api/audio/levels (during plugin swap),4.200000,0.000000,14,25,74,83,100,110,130,130,130,130,130,193,0,10,39.26726788526082,1.407061005011201,1182.6165140373632,76.7720207253886
1774609617,10,GET,/api/audio/levels/plugins,4.200000,0.000000,7,11,15,17,21,110,180,180,180,180,180,193,0,7,16.769381138071456,1.4036219799891114,228.81912195589393,20.533678756476682
1774609617,10,GET,/api/audio/status,12.200000,0.000000,5,10,13,14,19,21,22,94,120,120,120,577,0,7,14.119749390834901,1.3969889841973782,314.2507340526208,303.0
1774609617,10,GET,/api/chains/,0.000000,0.000000,0,0,0,0,0,0,0,0,0,0,0,76,0,14,59.87567789730077,2.07908998709172,1262.2265570098534,1478.171052631579
1774609617,10,GET,/api/chains/{id},12.300000,0.000000,10,21,58,70,120,180,1300,1300,1300,1300,1300,578,0,10,58.952666816275865,1.8138389568775892,1326.4386829687282,808.7093425605536
1774609617,10,POST,/api/chains/{id}/activate,12.300000,0.000000,9,16,20,24,110,150,160,160,170,170,170,577,0,11,29.649961255757102,1.7166920006275177,405.05630103871226,53.93414211438475
1774609617,10,POST,/api/chains/{id}/deactivate,12.200000,0.000000,6,10,12,13,17,26,140,160,160,160,160,577,1,6,13.38712531795638,1.699562999419868,1339.969283901155,62.41421143847487
1774609617,10,POST,/api/plugins/batch/parameters (500 updates),7.300000,0.000000,16,24,41,88,180,220,240,1300,1300,1300,1300,354,0,15,58.72830220808586,4.264265997335315,1345.6621249206364,948.590395480226
1774609617,10,GET,/api/plugins/discover,0.000000,0.000000,0,0,0,0,0,0,0,0,0,0,0,76,0,26,34.64875405035472,12.777419993653893,293.7749670818448,89708.0
1774609617,10,GET,/api/plugins/list,0.000000,0.000000,0,0,0,0,0,0,0,0,0,0,0,76,0,7,21.912419543552556,1.4609969221055508,148.97497498895973,66.52631578947368
1774609617,10,POST,/api/plugins/load?uri,4.200000,0.000000,6,14,17,19,68,140,1300,1300,1300,1300,1300,193,0,8,40.99348429928249,1.8148639937862754,1302.1146790124476,2317.7305699481867
1774609617,10,POST,/api/plugins/unload?uri,4.200000,0.000000,7,11,12,13,21,22,150,150,150,150,150,193,0,6,14.990861668164596,1.6670769546180964,187.11201497353613,127.84974093264249
1774609617,10,,Aggregated,106.500000,0.000000,8,14,19,22,100,150,170,220,1300,1300,1300,5258,1,9,34.83156408974582,1.354818930849433,1345.6621249206364,1627.7852795739825
1774609618,10,GET,/api/audio/latency,16.700000,0.000000,6,14,18,21,86,150,160,160,170,170,170,802,0,7,23.622823931088675,1.354818930849433,405.3585029905662,33.06483790523691
1774609618,10,GET,/api/audio/levels,16.700000,0.000000,8,17,45,68,110,140,160,210,210,210,210,802,0,10,57.27536370527775,1.423792913556099,1323.2513630064204,76.89027431421447
1774609618,10,GET,/api/audio/levels (during plugin swap),4.200000,0.000000,11,20,66,83,110,110,130,130,130,130,130,195,0,10,38.941080045575895,1.407061005011201,1182.6165140373632,76.73333333333333
1774609618,10,GET,/api/audio/levels/plugins,4.200000,0.000000,8,11,15,17,21,110,180,180,180,180,180,195,0,7,16.61338028557694,1.4036219799891114,228.81912195589393,20.533333333333335
1774609618,10,GET,/api/audio/status,12.200000,0.000000,5,8,11,13,17,20,22,94,120,120,120,581,0,6,14.047944093749837,1.3969889841973782,314.2507340526208,303.0
1774609618,10,GET,/api/chains/,0.000000,0.000000,0,0,0,0,0,0,0,0,0,0,0,76,0,14,59.87567789730077,2.07908998709172,1262.2265570098534,1478.171052631579
1774609618,10,GET,/api/chains/{id},12.300000,0.000000,9,16,26,60,100,130,160,180,200,200,200,581,0,11,58.729409269841064,1.8138389568775892,1326.4386829687282,808.8571428571429
1774609618,10,POST,/api/chains/{id}/activate,12.300000,0.000000,8,14,18,20,86,150,160,160,170,170,170,581,0,11,29.51559390096882,1.7166920006275177,405.05630103871226,53.9328743545611
1774609618,10,POST,/api/chains/{id}/deactivate,12.200000,0.000000,5,9,11,12,16,25,140,160,160,160,160,581,1,6,13.326529250159641,1.699562999419868,1339.969283901155,62.41135972461274
1774609618,10,POST,/api/plugins/batch/parameters (500 updates),7.300000,0.000000,15,23,30,78,170,200,220,240,240,240,240,361,0,15,57.80007337236782,4.264265997335315,1345.6621249206364,949.5069252077562
1774609618,10,GET,/api/plugins/discover,0.000000,0.000000,0,0,0,0,0,0,0,0,0,0,0,76,0,26,34.64875405035472,12.777419993653893,293.7749670818448,89708.0
1774609618,10,GET,/api/plugins/list,0.000000,0.000000,0,0,0,0,0,0,0,0,0,0,0,76,0,7,21.912419543552556,1.4609969221055508,148.97497498895973,66.52631578947368
1774609618,10,POST,/api/plugins/load?uri,4.200000,0.000000,6,9,15,16,68,140,140,140,140,140,140,195,0,8,40.60678612679625,1.8148639937862754,1302.1146790124476,2319.482051282051
1774609618,10,POST,/api/plugins/unload?uri,4.200000,0.000000,7,10,12,16,21,140,150,150,150,150,150,195,0,6,14.855833240569783,1.6670769546180964,187.11201497353613,127.77948717948718
1774609618,10,,Aggregated,106.500000,0.000000,7,13,17,21,83,140,160,180,220,240,240,5297,1,9,34.626886932487366,1.354818930849433,1345.6621249206364,1619.0162356050594
1774609619,10,GET,/api/audio/latency,16.100000,0.000000,7,16,21,22,100,150,160,160,170,170,170,807,0,7,23.745652020457655,1.354818930849433,405.3585029905662,33.064436183395294
1774609619,10,GET,/api/audio/levels,16.100000,0.000000,8,33,68,84,120,160,1300,1300,1300,1300,1300,811,0,10,63.473756489103934,1.423792913556099,1323.2513630064204,76.94327990135635
1774609619,10,GET,/api/audio/levels (during plugin swap),4.000000,0.000000,15,59,83,100,110,160,1200,1200,1200,1200,1200,197,0,10,45.61500162415698,1.407061005011201,1231.5911540063098,76.8274111675127
1774609619,10,GET,/api/audio/levels/plugins,4.100000,0.000000,8,10,15,17,21,110,180,180,180,180,180,196,0,6,16.55481599344948,1.4036219799891114,228.81912195589393,20.566326530612244
1774609619,10,GET,/api/audio/status,12.900000,0.000000,5,8,10,12,16,21,22,94,120,120,120,584,0,7,14.014229654854368,1.3969889841973782,314.2507340526208,303.0
1774609619,10,GET,/api/chains/,0.000000,0.000000,0,0,0,0,0,0,0,0,0,0,0,76,0,14,59.87567789730077,2.07908998709172,1262.2265570098534,1478.171052631579
1774609619,10,GET,/api/chains/{id},12.900000,0.000000,11,21,52,70,110,180,1200,1300,1300,1300,1300,587,0,11,65.04212922929887,1.8138389568775892,1326.4386829687282,809.1482112436116
1774609619,10,POST,/api/chains/{id}/activate,12.900000,0.000000,9,15,20,21,110,150,160,160,170,170,170,585,0,11,29.6290976059042,1.7166920006275177,405.05630103871226,53.888888888888886
1774609619,10,POST,/api/chains/{id}/deactivate,12.900000,0.000000,5,8,11,12,16,26,140,160,160,160,160,584,1,6,13.28779101070361,1.699562999419868,1339.969283901155,62.409246575342465
1774609619,10,POST,/api/plugins/batch/parameters (500 updates),8.300000,0.000000,15,23,48,150,180,220,1300,1300,1300,1300,1300,364,0,15,65.01642794631023,4.264265997335315,1345.6621249206364,950.2060439560439
1774609619,10,GET,/api/plugins/discover,0.000000,0.000000,0,0,0,0,0,0,0,0,0,0,0,76,0,26,34.64875405035472,12.777419993653893,293.7749670818448,89708.0
1774609619,10,GET,/api/plugins/list,0.000000,0.000000,0,0,0,0,0,0,0,0,0,0,0,76,0,7,21.912419543552556,1.4609969221055508,148.97497498895973,66.52631578947368
1774609619,10,POST,/api/plugins/load?uri,4.100000,0.000000,6,11,16,17,68,140,140,140,140,140,140,196,0,8,40.545345712880774,1.8148639937862754,1302.1146790124476,2311.173469387755
1774609619,10,POST,/api/plugins/unload?uri,4.100000,0.000000,7,10,12,16,21,140,150,150,150,150,150,196,0,6,14.81145870401429,1.6670769546180964,187.11201497353613,127.73469387755102
1774609619,10,,Aggregated,108.400000,0.000000,8,14,20,24,110,150,180,1200,1300,1300,1300,5335,1,9,37.055876874430375,1.354818930849433,1345.6621249206364,1609.606373008435
1774609620,10,GET,/api/audio/latency,17.800000,0.000000,5,14,18,22,130,150,150,160,170,170,170,834,0,7,23.87286016979418,1.354818930849433,405.3585029905662,33.062350119904075
1774609620,10,GET,/api/audio/levels,17.700000,0.000000,8,17,39,68,110,140,1200,1300,1300,1300,1300,834,0,9,62.01541091651015,1.423792913556099,1323.2513630064204,76.88129496402878
1774609620,10,GET,/api/audio/levels (during plugin swap),4.400000,0.000000,14,25,83,100,110,160,1200,1200,1200,1200,1200,201,0,10,44.84923102485192,1.407061005011201,1231.5911540063098,76.81592039800995
1774609620,10,GET,/api/audio/levels/plugins,4.500000,0.000000,6,9,13,15,20,110,110,110,110,110,110,201,0,6,16.253431337487083,1.4036219799891114,228.81912195589393,20.66169154228856
1774609620,10,GET,/api/audio/status,14.300000,0.000000,5,8,10,12,19,21,22,94,160,160,160,598,0,6,14.135836139648381,1.3969889841973782,314.2507340526208,303.0217391304348
1774609620,10,GET,/api/chains/,0.000000,0.000000,0,0,0,0,0,0,0,0,0,0,0,76,0,14,59.87567789730077,2.07908998709172,1262.2265570098534,1478.171052631579
1774609620,10,GET,/api/chains/{id},14.300000,0.000000,10,18,43,61,100,160,1200,1300,1300,1300,1300,598,0,11,64.46709214666092,1.8138389568775892,1326.4386829687282,808.9849498327759
1774609620,10,POST,/api/chains/{id}/activate,14.300000,0.000000,9,16,21,23,110,150,160,160,170,170,170,598,0,11,29.772174697841226,1.7166920006275177,405.05630103871226,53.896321070234116
1774609620,10,POST,/api/chains/{id}/deactivate,14.300000,0.000000,5,8,9,12,16,25,28,130,140,140,140,598,1,6,13.138997767597163,1.699562999419868,1339.969283901155,62.357859531772576
1774609620,10,POST,/api/plugins/batch/parameters (500 updates),9.900000,0.000000,13,20,25,48,170,200,1300,1300,1300,1300,1300,373,0,15,63.721725006834994,4.264265997335315,1345.6621249206364,949.3833780160858
1774609620,10,GET,/api/plugins/discover,0.000000,0.000000,0,0,0,0,0,0,0,0,0,0,0,76,0,26,34.64875405035472,12.777419993653893,293.7749670818448,89708.0
1774609620,10,GET,/api/plugins/list,0.000000,0.000000,0,0,0,0,0,0,0,0,0,0,0,76,0,7,21.912419543552556,1.4609969221055508,148.97497498895973,66.52631578947368
1774609620,10,POST,/api/plugins/load?uri,4.500000,0.000000,6,11,16,20,140,140,150,150,150,150,150,201,0,8,40.353044152806575,1.8148639937862754,1302.1146790124476,2286.223880597015
1774609620,10,POST,/api/plugins/unload?uri,4.500000,0.000000,6,9,11,13,21,21,22,22,22,22,22,201,0,6,14.638129269023105,1.6670769546180964,187.11201497353613,127.56716417910448
1774609620,10,,Aggregated,120.500000,0.000000,7,12,18,21,84,140,170,220,1300,1300,1300,5465,1,9,36.64199734108364,1.354818930849433,1345.6621249206364,1577.3619396157364
1774609621,10,GET,/api/audio/latency,15.700000,0.000000,6,15,20,24,130,150,150,160,170,170,170,854,0,7,23.531654936346538,1.354818930849433,405.3585029905662,33.06088992974239
1774609621,10,GET,/api/audio/levels,15.700000,0.000000,8,23,63,80,110,140,1200,1300,1300,1300,1300,856,0,9,61.227181818114296,1.423792913556099,1323.2513630064204,76.87266355140187
1774609621,10,GET,/api/audio/levels (during plugin swap),3.900000,0.000000,11,25,83,100,110,160,1200,1200,1200,1200,1200,205,0,10,44.10752562419852,1.407061005011201,1231.5911540063098,76.86829268292684
1774609621,10,GET,/api/audio/levels/plugins,3.900000,0.000000,4,9,13,15,20,110,110,110,110,110,110,205,0,6,16.03199601423268,1.4036219799891114,228.81912195589393,20.658536585365855
1774609621,10,GET,/api/audio/status,13.000000,0.000000,5,8,11,13,19,21,94,130,160,160,160,609,0,6,14.182062554463732,1.3969889841973782,314.2507340526208,303.02134646962236
1774609621,10,GET,/api/chains/,0.000000,0.000000,0,0,0,0,0,0,0,0,0,0,0,76,0,14,59.87567789730077,2.07908998709172,1262.2265570098534,1478.171052631579
1774609621,10,GET,/api/chains/{id},12.900000,0.000000,11,21,58,70,110,160,1200,1300,1300,1300,1300,611,0,11,63.773509180904924,1.8138389568775892,1326.4386829687282,809.4009819967267
1774609621,10,POST,/api/chains/{id}/activate,12.900000,0.000000,9,16,21,23,110,150,160,160,170,170,170,609,0,11,29.40365933042405,1.7166920006275177,405.05630103871226,53.96551724137931
1774609621,10,POST,/api/chains/{id}/deactivate,13.000000,0.000000,5,8,10,12,17,26,40,130,140,140,140,609,1,6,13.06350402073699,1.699562999419868,1339.969283901155,62.310344827586206
1774609621,10,POST,/api/plugins/batch/parameters (500 updates),9.500000,0.000000,15,25,78,150,180,220,1300,1300,1300,1300,1300,379,0,15,64.28381121203815,4.264265997335315,1345.6621249206364,949.4511873350923
1774609621,10,GET,/api/plugins/discover,0.000000,0.000000,0,0,0,0,0,0,0,0,0,0,0,76,0,26,34.64875405035472,12.777419993653893,293.7749670818448,89708.0
1774609621,10,GET,/api/plugins/list,0.000000,0.000000,0,0,0,0,0,0,0,0,0,0,0,76,0,7,21.912419543552556,1.4609969221055508,148.97497498895973,66.52631578947368
1774609621,10,POST,/api/plugins/load?uri,3.900000,0.000000,6,11,16,17,140,140,150,150,150,150,150,205,0,8,39.71865196519236,1.8148639937862754,1302.1146790124476,2296.653658536585
1774609621,10,POST,/api/plugins/unload?uri,3.900000,0.000000,7,10,13,16,21,22,130,130,130,130,130,205,0,6,15.142368293003884,1.6670769546180964,187.11201497353613,127.62439024390244
1774609621,10,,Aggregated,108.300000,0.000000,7,13,19,24,98,150,170,220,1300,1300,1300,5575,1,9,36.36939370215374,1.354818930849433,1345.6621249206364,1552.6367713004483
1774609622,10,GET,/api/audio/latency,15.100000,0.000000,5,9,16,18,30,150,160,160,170,170,170,880,0,6,23.32107705786422,1.354818930849433,405.3585029905662,33.05909090909091
1774609622,10,GET,/api/audio/levels,15.100000,0.000000,7,13,24,54,98,120,1200,1300,1300,1300,1300,880,0,9,59.838890020910185,1.423792913556099,1323.2513630064204,76.85568181818182
1774609622,10,GET,/api/audio/levels (during plugin swap),3.800000,0.000000,10,19,66,97,110,160,1200,1200,1200,1200,1200,206,0,10,43.902383359415836,1.407061005011201,1231.5911540063098,76.8495145631068
1774609622,10,GET,/api/audio/levels/plugins,3.800000,0.000000,4,8,9,11,19,20,21,21,21,21,21,206,0,6,15.975143708451425,1.4036219799891114,228.81912195589393,20.689320388349515
1774609622,10,GET,/api/audio/status,12.300000,0.000000,5,8,10,11,16,20,100,130,160,160,160,623,0,6,14.193497191932213,1.3969889841973782,314.2507340526208,303.0208667736758
1774609622,10,GET,/api/chains/,0.000000,0.000000,0,0,0,0,0,0,0,0,0,0,0,76,0,14,59.87567789730077,2.07908998709172,1262.2265570098534,1478.171052631579
1774609622,10,GET,/api/chains/{id},12.300000,0.000000,9,16,23,60,97,130,1200,1300,1300,1300,1300,623,0,11,62.7210299704182,1.8138389568775892,1326.4386829687282,809.3804173354736
1774609622,10,POST,/api/chains/{id}/activate,12.300000,0.000000,8,13,18,21,30,140,160,160,180,180,180,623,0,11,29.435482614054784,1.7107560997828841,405.05630103871226,53.98073836276083
1774609622,10,POST,/api/chains/{id}/deactivate,12.400000,0.000000,4,7,9,12,15,22,40,130,140,140,140,623,1,5,12.901144349621683,1.699562999419868,1339.969283901155,62.263242375601926
1774609622,10,POST,/api/plugins/batch/parameters (500 updates),9.000000,0.000000,15,24,48,150,180,230,1300,1300,1300,1300,1300,392,0,15,64.7836736948657,4.264265997335315,1345.6621249206364,950.594387755102
1774609622,10,GET,/api/plugins/discover,0.000000,0.000000,0,0,0,0,0,0,0,0,0,0,0,76,0,26,34.64875405035472,12.777419993653893,293.7749670818448,89708.0
1774609622,10,GET,/api/plugins/list,0.000000,0.000000,0,0,0,0,0,0,0,0,0,0,0,76,0,7,21.912419543552556,1.4609969221055508,148.97497498895973,66.52631578947368
1774609622,10,POST,/api/plugins/load?uri,3.800000,0.000000,6,9,15,16,140,140,150,150,150,150,150,206,0,8,39.54438970806258,1.8148639937862754,1302.1146790124476,2327.5533980582522
1774609622,10,POST,/api/plugins/unload?uri,3.900000,0.000000,6,10,11,13,21,22,130,130,130,130,130,206,0,6,15.094873384070736,1.6670769546180964,187.11201497353613,127.63592233009709
1774609622,10,,Aggregated,103.800000,0.000000,6,11,16,20,77,140,180,260,1300,1300,1300,5696,1,9,36.0444346250905,1.354818930849433,1345.6621249206364,1526.6627457865168
1774609623,10,GET,/api/audio/latency,16.600000,0.000000,4,9,15,18,30,150,160,160,170,170,170,898,0,6,22.981414172247693,1.354818930849433,405.3585029905662,33.057906458797326
1774609623,10,GET,/api/audio/levels,16.600000,0.000000,8,17,30,65,110,140,1200,1300,1300,1300,1300,903,0,9,59.48584574129812,1.423792913556099,1323.2513630064204,76.88704318936877
1774609623,10,GET,/api/audio/levels (during plugin swap),4.300000,0.000000,9,25,83,100,110,160,1200,1200,1200,1200,1200,207,0,10,43.71538193298027,1.407061005011201,1231.5911540063098,76.83091787439614
1774609623,10,GET,/api/audio/levels/plugins,4.300000,0.000000,4,7,10,13,19,20,21,21,21,21,21,207,0,6,15.922673260298184,1.4036219799891114,228.81912195589393,20.719806763285025
1774609623,10,GET,/api/audio/status,12.400000,0.000000,5,8,10,11,18,21,100,130,160,160,160,637,0,6,14.102131376310517,1.3969889841973782,314.2507340526208,303.0204081632653
1774609623,10,GET,/api/chains/,0.000000,0.000000,0,0,0,0,0,0,0,0,0,0,0,76,0,14,59.87567789730077,2.07908998709172,1262.2265570098534,1478.171052631579
1774609623,10,GET,/api/chains/{id},12.500000,0.000000,10,20,51,66,100,130,1200,1300,1300,1300,1300,638,0,11,61.90725212327722,1.8138389568775892,1326.4386829687282,809.2115987460814
1774609623,10,POST,/api/chains/{id}/activate,12.500000,0.000000,9,13,19,21,31,150,160,160,180,180,180,637,0,10,29.001146545443607,1.7107560997828841,405.05630103871226,53.956043956043956
1774609623,10,POST,/api/chains/{id}/deactivate,12.400000,0.000000,4,7,10,12,16,28,130,140,180,180,180,637,1,5,13.139279955468803,1.699562999419868,1339.969283901155,62.2574568288854
1774609623,10,POST,/api/plugins/batch/parameters (500 updates),8.700000,0.000000,14,24,66,150,180,230,1300,1300,1300,1300,1300,401,0,15,63.994985818166164,4.264265997335315,1345.6621249206364,949.4114713216958
1774609623,10,GET,/api/plugins/discover,0.000000,0.000000,0,0,0,0,0,0,0,0,0,0,0,76,0,26,34.64875405035472,12.777419993653893,293.7749670818448,89708.0
1774609623,10,GET,/api/plugins/list,0.000000,0.000000,0,0,0,0,0,0,0,0,0,0,0,76,0,7,21.912419543552556,1.4609969221055508,148.97497498895973,66.52631578947368
1774609623,10,POST,/api/plugins/load?uri,4.300000,0.000000,6,11,15,16,140,140,150,150,150,150,150,207,0,8,39.39214280124862,1.8148639937862754,1302.1146790124476,2323.753623188406
1774609623,10,POST,/api/plugins/unload?uri,4.200000,0.000000,6,10,11,13,20,21,130,130,130,130,130,207,0,6,15.054259729877582,1.6670769546180964,187.11201497353613,127.57971014492753
1774609623,10,,Aggregated,108.800000,0.000000,6,12,17,21,97,150,180,1200,1300,1300,1300,5807,1,8,35.78492123796809,1.354818930849433,1345.6621249206364,1502.6660926468055
1774609624,10,GET,/api/audio/latency,16.400000,0.000000,5,9,15,19,33,130,150,150,160,160,160,920,0,6,23.460877899450008,1.354818930849433,405.3585029905662,33.05652173913043
1774609624,10,GET,/api/audio/levels,16.400000,0.000000,8,17,23,33,110,120,1200,1300,1300,1300,1300,923,0,9,58.582077245303665,1.423792913556099,1323.2513630064204,76.85915492957747
1774609624,10,GET,/api/audio/levels (during plugin swap),4.000000,0.000000,5,13,25,82,110,160,1200,1200,1200,1200,1200,212,0,10,43.18788073207955,1.407061005011201,1231.5911540063098,76.86320754716981
1774609624,10,GET,/api/audio/levels/plugins,4.000000,0.000000,4,6,8,8,19,20,23,23,23,23,23,212,0,6,15.74021347640258,1.4036219799891114,228.81912195589393,20.745283018867923
1774609624,10,GET,/api/audio/status,12.100000,0.000000,5,7,9,10,14,21,100,130,160,160,160,648,0,6,13.963123789936718,1.3969889841973782,314.2507340526208,303.02006172839504
1774609624,10,GET,/api/chains/,0.000000,0.000000,0,0,0,0,0,0,0,0,0,0,0,76,0,14,59.87567789730077,2.07908998709172,1262.2265570098534,1478.171052631579
1774609624,10,GET,/api/chains/{id},12.100000,0.000000,10,19,42,58,97,110,1200,1300,1300,1300,1300,648,0,11,61.32694365356813,1.8138389568775892,1326.4386829687282,808.3842592592592
1774609624,10,POST,/api/chains/{id}/activate,12.100000,0.000000,8,13,18,20,29,130,150,160,180,180,180,648,0,10,28.85301293586783,1.7107560997828841,405.05630103871226,53.98148148148148
1774609624,10,POST,/api/chains/{id}/deactivate,12.100000,0.000000,4,7,10,12,15,28,130,140,180,180,180,648,1,5,13.059587332665817,1.699562999419868,1339.969283901155,62.214506172839506
1774609624,10,POST,/api/plugins/batch/parameters (500 updates),8.600000,0.000000,13,19,44,100,180,230,1300,1300,1300,1300,1300,417,0,15,62.76153605286148,4.264265997335315,1345.6621249206364,951.537170263789
1774609624,10,GET,/api/plugins/discover,0.000000,0.000000,0,0,0,0,0,0,0,0,0,0,0,76,0,26,34.64875405035472,12.777419993653893,293.7749670818448,89708.0
1774609624,10,GET,/api/plugins/list,0.000000,0.000000,0,0,0,0,0,0,0,0,0,0,0,76,0,7,21.912419543552556,1.4609969221055508,148.97497498895973,66.52631578947368
1774609624,10,POST,/api/plugins/load?uri,4.000000,0.000000,4,8,16,17,140,140,150,150,150,150,150,212,0,7,38.605820758812975,1.8148639937862754,1302.1146790124476,2304.4245283018868
1774609624,10,POST,/api/plugins/unload?uri,4.000000,0.000000,6,9,10,11,20,21,130,130,130,130,130,212,0,6,14.819735302567869,1.6670769546180964,187.11201497353613,127.58490566037736
1774609624,10,,Aggregated,105.800000,0.000000,6,11,17,20,79,130,180,260,1300,1300,1300,5928,1,8,35.49971807471259,1.354818930849433,1345.6621249206364,1478.595310391363
1774609625,10,GET,/api/audio/latency,17.500000,0.000000,6,11,18,20,33,130,150,150,160,160,160,934,0,6,23.28973810529492,1.354818930849433,405.3585029905662,33.055674518201286
1774609625,10,GET,/api/audio/levels,17.500000,0.000000,9,21,39,65,120,140,1200,1300,1300,1300,1300,937,0,10,58.67144255551013,1.423792913556099,1323.2513630064204,76.94023479188901
1774609625,10,GET,/api/audio/levels (during plugin swap),3.800000,0.000000,7,19,82,83,130,160,1200,1200,1200,1200,1200,213,0,10,43.08470818837186,1.407061005011201,1231.5911540063098,76.90610328638498
1774609625,10,GET,/api/audio/levels/plugins,3.800000,0.000000,4,6,8,8,19,20,23,23,23,23,23,213,0,6,15.689299737011464,1.4036219799891114,228.81912195589393,20.774647887323944
1774609625,10,GET,/api/audio/status,12.700000,0.000000,5,8,10,11,19,81,160,180,180,180,180,660,0,6,14.379265254264642,1.3969889841973782,314.2507340526208,303.01969696969695
1774609625,10,GET,/api/chains/,0.000000,0.000000,0,0,0,0,0,0,0,0,0,0,0,76,0,14,59.87567789730077,2.07908998709172,1262.2265570098534,1478.171052631579
1774609625,10,GET,/api/chains/{id},12.700000,0.000000,14,26,60,76,110,170,1200,1300,1300,1300,1300,663,0,11,61.26547371863274,1.8138389568775892,1326.4386829687282,807.711915535445
1774609625,10,POST,/api/chains/{id}/activate,12.700000,0.000000,9,17,20,21,31,130,150,160,180,180,180,660,0,10,28.565003690274544,1.7107560997828841,405.05630103871226,53.93939393939394
1774609625,10,POST,/api/chains/{id}/deactivate,12.700000,0.000000,4,8,10,12,17,28,130,140,180,180,180,658,1,5,12.963981601185983,1.699562999419868,1339.969283901155,62.2112462006079
1774609625,10,POST,/api/plugins/batch/parameters (500 updates),9.100000,0.000000,16,31,80,150,180,230,1300,1300,1300,1300,1300,426,0,15,62.63073788712046,4.264265997335315,1345.6621249206364,951.2652582159625
1774609625,10,GET,/api/plugins/discover,0.000000,0.000000,0,0,0,0,0,0,0,0,0,0,0,76,0,26,34.64875405035472,12.777419993653893,293.7749670818448,89708.0
1774609625,10,GET,/api/plugins/list,0.000000,0.000000,0,0,0,0,0,0,0,0,0,0,0,76,0,7,21.912419543552556,1.4609969221055508,148.97497498895973,66.52631578947368
1774609625,10,POST,/api/plugins/load?uri,3.800000,0.000000,4,11,18,20,140,140,150,150,150,150,150,213,0,8,38.52042555809021,1.8148639937862754,1302.1146790124476,2308.6713615023473
1774609625,10,POST,/api/plugins/unload?uri,3.800000,0.000000,7,9,11,15,21,21,130,130,130,130,130,213,0,6,14.82178837152749,1.6670769546180964,187.11201497353613,127.57276995305165
1774609625,10,,Aggregated,110.100000,0.000000,7,14,20,24,100,150,180,1200,1300,1300,1300,6018,1,8,35.49865966195556,1.354818930849433,1345.6621249206364,1461.4785643070788
1774609626,10,GET,/api/audio/latency,17.300000,0.000000,6,11,18,20,86,130,150,150,160,160,160,953,0,6,23.423928991478064,1.354818930849433,405.3585029905662,33.054564533053515
1774609626,10,GET,/api/audio/levels,17.200000,0.000000,8,17,30,52,110,130,1200,1300,1300,1300,1300,953,0,9,57.94217653038979,1.423792913556099,1323.2513630064204,76.92864637985309
1774609626,10,GET,/api/audio/levels (during plugin swap),3.400000,0.000000,5,10,19,19,110,160,1200,1200,1200,1200,1200,218,0,9,42.63412552445683,1.407061005011201,1231.5911540063098,76.87614678899082
1774609626,10,GET,/api/audio/levels/plugins,3.400000,0.000000,4,5,6,7,13,19,23,23,23,23,23,218,0,6,15.511934261517002,1.4036219799891114,228.81912195589393,20.738532110091743
1774609626,10,GET,/api/audio/status,11.800000,0.000000,4,7,10,11,20,81,160,180,180,180,180,682,0,6,14.19101448325424,1.3969889841973782,314.2507340526208,303.0190615835777
1774609626,10,GET,/api/chains/,0.000000,0.000000,0,0,0,0,0,0,0,0,0,0,0,76,0,14,59.87567789730077,2.07908998709172,1262.2265570098534,1478.171052631579
1774609626,10,GET,/api/chains/{id},11.800000,0.000000,11,19,34,60,100,170,1200,1300,1300,1300,1300,682,0,11,59.95747817221406,1.8138389568775892,1326.4386829687282,807.0747800586511
1774609626,10,POST,/api/chains/{id}/activate,11.800000,0.000000,9,15,19,23,31,130,150,150,180,180,180,682,0,10,28.505452608319594,1.7107560997828841,405.05630103871226,53.988269794721404
1774609626,10,POST,/api/chains/{id}/deactivate,11.800000,0.000000,4,7,10,12,19,28,130,130,180,180,180,682,1,5,13.149093281268756,1.699562999419868,1339.969283901155,62.20381231671554
1774609626,10,POST,/api/plugins/batch/parameters (500 updates),8.900000,0.000000,14,21,44,76,180,230,1300,1300,1300,1300,1300,433,0,15,62.08545743384534,4.264265997335315,1345.6621249206364,951.5427251732102
1774609626,10,GET,/api/plugins/discover,0.000000,0.000000,0,0,0,0,0,0,0,0,0,0,0,76,0,26,34.64875405035472,12.777419993653893,293.7749670818448,89708.0
1774609626,10,GET,/api/plugins/list,0.000000,0.000000,0,0,0,0,0,0,0,0,0,0,0,76,0,7,21.912419543552556,1.4609969221055508,148.97497498895973,66.52631578947368
1774609626,10,POST,/api/plugins/load?uri,3.400000,0.000000,4,7,12,16,20,29,150,150,150,150,150,218,0,7,37.801532081751276,1.8148639937862754,1302.1146790124476,2311.683486238532
1774609626,10,POST,/api/plugins/unload?uri,3.400000,0.000000,6,7,9,10,15,21,130,130,130,130,130,218,0,6,14.583665495759748,1.6670769546180964,187.11201497353613,127.53211009174312
1774609626,10,,Aggregated,104.200000,0.000000,7,12,18,21,82,130,180,1200,1300,1300,1300,6167,1,8,35.08149647113592,1.354818930849433,1345.6621249206364,1433.661910167018
1774609627,10,GET,/api/audio/latency,17.500000,0.000000,6,11,17,19,86,150,150,170,170,170,170,966,0,6,23.544605591071203,1.354818930849433,405.3585029905662,33.05383022774327
1774609627,10,GET,/api/audio/levels,17.500000,0.000000,8,18,35,64,110,140,1200,1300,1300,1300,1300,969,0,10,57.764060291561606,1.423792913556099,1323.2513630064204,76.93085655314758
1774609627,10,GET,/api/audio/levels (during plugin swap),3.100000,0.000000,7,19,21,75,110,160,1200,1200,1200,1200,1200,224,0,10,43.10003280105385,1.407061005011201,1231.5911540063098,77.00446428571429
1774609627,10,GET,/api/audio/levels/plugins,3.100000,0.000000,4,6,13,13,20,21,23,23,23,23,23,223,0,6,15.533825847207497,1.4036219799891114,228.81912195589393,20.6457399103139
1774609627,10,GET,/api/audio/status,12.000000,0.000000,4,8,10,13,21,35,160,180,180,180,180,694,0,6,14.108044309212803,1.3969889841973782,314.2507340526208,303.0187319884726
1774609627,10,GET,/api/chains/,0.000000,0.000000,0,0,0,0,0,0,0,0,0,0,0,76,0,14,59.87567789730077,2.07908998709172,1262.2265570098534,1478.171052631579
1774609627,10,GET,/api/chains/{id},11.900000,0.000000,11,20,38,60,110,160,1200,1300,1300,1300,1300,697,0,11,59.5200760492125,1.8138389568775892,1326.4386829687282,806.9684361549498
1774609627,10,POST,/api/chains/{id}/activate,11.900000,0.000000,9,14,19,22,31,130,150,150,180,180,180,694,0,10,28.371636060459718,1.7107560997828841,405.05630103871226,54.02017291066282
1774609627,10,POST,/api/chains/{id}/deactivate,12.000000,0.000000,4,7,10,12,19,25,130,130,180,180,180,694,1,5,13.04593986847709,1.699562999419868,1339.969283901155,62.20028818443804
1774609627,10,POST,/api/plugins/batch/parameters (500 updates),9.700000,0.000000,13,19,41,66,180,230,1300,1300,1300,1300,1300,443,0,15,61.39407371739493,4.264265997335315,1345.6621249206364,950.469525959368
1774609627,10,GET,/api/plugins/discover,0.000000,0.000000,0,0,0,0,0,0,0,0,0,0,0,76,0,26,34.64875405035472,12.777419993653893,293.7749670818448,89708.0
1774609627,10,GET,/api/plugins/list,0.000000,0.000000,0,0,0,0,0,0,0,0,0,0,0,76,0,7,21.912419543552556,1.4609969221055508,148.97497498895973,66.52631578947368
1774609627,10,POST,/api/plugins/load?uri,3.100000,0.000000,6,12,15,17,20,110,150,150,150,150,150,224,0,8,37.587139218106,1.8148639937862754,1302.1146790124476,2291.3571428571427
1774609627,10,POST,/api/plugins/unload?uri,3.100000,0.000000,6,9,10,11,16,21,130,130,130,130,130,223,0,6,14.492639599915076,1.6670769546180964,187.11201497353613,127.43946188340807
1774609627,10,,Aggregated,104.900000,0.000000,7,13,18,21,84,130,180,250,1300,1300,1300,6279,1,8,34.966450162798665,1.354818930849433,1345.6621249206364,1414.1876094919573
1774609628,10,GET,/api/audio/latency,17.000000,0.000000,6,11,17,20,130,150,150,170,170,170,170,991,0,6,23.499073078677313,1.354818930849433,405.3585029905662,33.05247225025227
1774609628,10,GET,/api/audio/levels,17.000000,0.000000,9,18,30,63,110,140,1200,1300,1300,1300,1300,991,0,9,56.6706447582504,1.423792913556099,1323.2513630064204,76.89606458123107
1774609628,10,GET,/api/audio/levels (during plugin swap),2.900000,0.000000,7,19,21,75,110,160,1200,1200,1200,1200,1200,228,0,10,42.4519292918328,1.407061005011201,1231.5911540063098,76.9342105263158
1774609628,10,GET,/api/audio/levels/plugins,2.900000,0.000000,5,8,13,19,20,23,140,140,140,140,140,228,0,6,15.957854565625128,1.4036219799891114,228.81912195589393,20.67105263157895
1774609628,10,GET,/api/audio/status,11.500000,0.000000,6,9,12,15,23,35,160,180,180,180,180,709,0,6,14.055162443607331,1.3969889841973782,314.2507340526208,303.01833568406204
1774609628,10,GET,/api/chains/,0.000000,0.000000,0,0,0,0,0,0,0,0,0,0,0,76,0,14,59.87567789730077,2.07908998709172,1262.2265570098534,1478.171052631579
1774609628,10,GET,/api/chains/{id},11.500000,0.000000,11,20,44,68,110,160,1200,1300,1300,1300,1300,709,0,11,58.90376769332675,1.8138389568775892,1326.4386829687282,806.9858956276446
1774609628,10,POST,/api/chains/{id}/activate,11.500000,0.000000,9,17,21,24,100,140,150,160,180,180,180,709,0,10,28.551578971462742,1.7107560997828841,405.05630103871226,53.9703808180536
1774609628,10,POST,/api/chains/{id}/deactivate,11.500000,0.000000,5,9,11,13,19,25,130,130,180,180,180,709,1,5,12.923064719976225,1.699562999419868,1339.969283901155,62.19605077574048
1774609628,10,POST,/api/plugins/batch/parameters (500 updates),9.400000,0.000000,13,22,58,80,180,230,1300,1300,1300,1300,1300,456,0,15,60.17852456512117,4.264265997335315,1345.6621249206364,949.3508771929825
1774609628,10,GET,/api/plugins/discover,0.000000,0.000000,0,0,0,0,0,0,0,0,0,0,0,76,0,26,34.64875405035472,12.777419993653893,293.7749670818448,89708.0
1774609628,10,GET,/api/plugins/list,0.000000,0.000000,0,0,0,0,0,0,0,0,0,0,0,76,0,7,21.912419543552556,1.4609969221055508,148.97497498895973,66.52631578947368
1774609628,10,POST,/api/plugins/load?uri,2.900000,0.000000,8,12,16,18,22,110,150,150,150,150,150,228,0,8,37.116407819619205,1.8148639937862754,1302.1146790124476,2276.4473684210525
1774609628,10,POST,/api/plugins/unload?uri,2.900000,0.000000,6,9,10,15,18,21,130,130,130,130,130,228,0,6,14.34994440294982,1.6670769546180964,187.11201497353613,127.3859649122807
1774609628,10,,Aggregated,101.000000,0.000000,7,13,19,23,92,140,180,250,1300,1300,1300,6414,1,8,34.59993158122624,1.354818930849433,1345.6621249206364,1390.201278453383
1774609629,10,GET,/api/audio/latency,17.000000,0.000000,5,10,14,18,33,130,150,170,170,170,170,994,0,6,23.462502610606425,1.354818930849433,405.3585029905662,33.052313883299796
1774609629,10,GET,/api/audio/levels,17.000000,0.000000,8,14,23,35,90,120,170,170,180,180,180,995,0,9,56.477531684965044,1.423792913556099,1323.2513630064204,76.89346733668341
1774609629,10,GET,/api/audio/levels (during plugin swap),2.900000,0.000000,5,13,21,21,82,110,110,110,110,110,110,229,0,10,42.28285794536782,1.407061005011201,1231.5911540063098,76.91703056768559
1774609629,10,GET,/api/audio/levels/plugins,2.900000,0.000000,6,13,19,19,21,23,140,140,140,140,140,229,0,6,15.978713956047418,1.4036219799891114,228.81912195589393,20.69868995633188
1774609629,10,GET,/api/audio/status,11.500000,0.000000,5,9,11,13,23,30,130,180,180,180,180,713,0,6,14.008008961488727,1.3969889841973782,314.2507340526208,303.01823281907434
1774609629,10,GET,/api/chains/,0.000000,0.000000,0,0,0,0,0,0,0,0,0,0,0,76,0,14,59.87567789730077,2.07908998709172,1262.2265570098534,1478.171052631579
1774609629,10,GET,/api/chains/{id},11.500000,0.000000,10,16,23,42,97,110,160,170,180,180,180,713,0,11,58.60891230247633,1.8138389568775892,1326.4386829687282,807.2384291725106
1774609629,10,POST,/api/chains/{id}/activate,11.500000,0.000000,9,13,17,19,31,130,150,160,180,180,180,713,0,10,28.43647877108384,1.7107560997828841,405.05630103871226,53.96914446002805
1774609629,10,POST,/api/chains/{id}/deactivate,11.500000,0.000000,4,8,11,13,18,22,130,130,180,180,180,713,1,5,12.89029922097958,1.699562999419868,1339.969283901155,62.19495091164095
1774609629,10,POST,/api/plugins/batch/parameters (500 updates),9.400000,0.000000,13,19,34,63,130,200,250,260,260,260,260,461,0,15,59.65461783260592,4.264265997335315,1345.6621249206364,948.3926247288504
1774609629,10,GET,/api/plugins/discover,0.000000,0.000000,0,0,0,0,0,0,0,0,0,0,0,76,0,26,34.64875405035472,12.777419993653893,293.7749670818448,89708.0
1774609629,10,GET,/api/plugins/list,0.000000,0.000000,0,0,0,0,0,0,0,0,0,0,0,76,0,7,21.912419543552556,1.4609969221055508,148.97497498895973,66.52631578947368
1774609629,10,POST,/api/plugins/load?uri,2.900000,0.000000,8,12,15,16,18,22,110,110,110,110,110,229,0,8,37.01161376788285,1.8148639937862754,1302.1146790124476,2269.2751091703058
1774609629,10,POST,/api/plugins/unload?uri,2.900000,0.000000,6,9,10,11,16,19,130,130,130,130,130,229,0,6,14.2950747328847,1.6670769546180964,187.11201497353613,127.39301310043668
1774609629,10,,Aggregated,101.000000,0.000000,7,12,17,20,66,130,160,180,250,260,260,6446,1,8,34.470964994926206,1.354818930849433,1345.6621249206364,1384.9528389699037
1774609630,10,GET,/api/audio/latency,17.300000,0.000000,7,12,18,20,130,140,160,170,1300,1300,1300,997,0,7,24.716205072099736,1.354818930849433,1259.5280250534415,33.06519558676028
1774609630,10,GET,/api/audio/levels,17.300000,0.000000,10,21,39,64,110,150,170,1100,1200,1200,1200,1000,0,9,58.84898870647885,1.423792913556099,1323.2513630064204,76.926
1774609630,10,GET,/api/audio/levels (during plugin swap),2.900000,0.000000,9,21,75,82,110,1200,1200,1200,1200,1200,1200,231,0,10,52.35718895058305,1.407061005011201,1231.5911540063098,76.99567099567099
1774609630,10,GET,/api/audio/levels/plugins,2.900000,0.000000,8,13,19,20,21,23,140,140,140,140,140,231,0,6,15.923777432382526,1.4036219799891114,228.81912195589393,20.753246753246753
1774609630,10,GET,/api/audio/status,11.900000,0.000000,6,10,13,14,23,35,130,180,180,180,180,718,0,6,13.998719086950972,1.3969889841973782,314.2507340526208,303.0181058495822
1774609630,10,GET,/api/chains/,0.000000,0.000000,0,0,0,0,0,0,0,0,0,0,0,76,0,14,59.87567789730077,2.07908998709172,1262.2265570098534,1478.171052631579
1774609630,10,GET,/api/chains/{id},11.900000,0.000000,13,22,48,71,130,180,1300,1300,1300,1300,1300,722,0,11,65.7216387254591,1.8138389568775892,1326.4386829687282,806.882271468144
1774609630,10,POST,/api/chains/{id}/activate,11.900000,0.000000,9,14,19,24,33,130,150,160,180,180,180,718,0,10,28.430364930173408,1.7107560997828841,405.05630103871226,53.94150417827298
1774609630,10,POST,/api/chains/{id}/deactivate,11.900000,0.000000,5,9,13,14,19,25,130,130,180,180,180,718,1,5,12.895319589918277,1.699562999419868,1339.969283901155,62.193593314763234
1774609630,10,POST,/api/plugins/batch/parameters (500 updates),8.500000,0.000000,14,22,58,80,180,210,260,1200,1200,1200,1200,463,0,15,62.502036969424836,4.264265997335315,1345.6621249206364,948.5831533477321
1774609630,10,GET,/api/plugins/discover,0.000000,0.000000,0,0,0,0,0,0,0,0,0,0,0,76,0,26,34.64875405035472,12.777419993653893,293.7749670818448,89708.0
1774609630,10,GET,/api/plugins/list,0.000000,0.000000,0,0,0,0,0,0,0,0,0,0,0,76,0,7,21.912419543552556,1.4609969221055508,148.97497498895973,66.52631578947368
1774609630,10,POST,/api/plugins/load?uri,2.900000,0.000000,12,15,18,18,32,36,110,110,110,110,110,231,0,8,36.98443023294404,1.8148639937862754,1302.1146790124476,2268.822510822511
1774609630,10,POST,/api/plugins/unload?uri,2.900000,0.000000,7,10,15,16,19,19,130,130,130,130,130,231,0,6,14.3301390465228,1.6670769546180964,187.11201497353613,127.35064935064935
1774609630,10,,Aggregated,102.300000,0.000000,8,14,19,24,97,140,180,1100,1300,1300,1300,6488,1,9,36.387053434216675,1.354818930849433,1345.6621249206364,1378.5308261405671
1774609631,10,GET,/api/audio/latency,19.200000,0.000000,6,12,19,20,130,140,150,170,1300,1300,1300,1023,0,7,24.796338736890785,1.354818930849433,1259.5280250534415,33.06353861192571
1774609631,10,GET,/api/audio/levels,19.300000,0.000000,10,20,30,50,110,150,170,1100,1200,1200,1200,1023,0,10,58.152044436508355,1.423792913556099,1323.2513630064204,76.88856304985337
1774609631,10,GET,/api/audio/levels (during plugin swap),3.400000,0.000000,9,21,48,75,110,1200,1200,1200,1200,1200,1200,237,0,10,51.32073547518203,1.407061005011201,1231.5911540063098,77.0042194092827
1774609631,10,GET,/api/audio/levels/plugins,3.400000,0.000000,7,13,19,19,21,23,140,140,140,140,140,237,0,6,15.62206914750584,1.4036219799891114,228.81912195589393,20.69198312236287
1774609631,10,GET,/api/audio/status,13.200000,0.000000,5,9,11,13,23,27,81,180,180,180,180,739,0,6,13.808442570656004,1.3969889841973782,314.2507340526208,303.01759133964816
1774609631,10,GET,/api/chains/,0.000000,0.000000,0,0,0,0,0,0,0,0,0,0,0,76,0,14,59.87567789730077,2.07908998709172,1262.2265570098534,1478.171052631579
1774609631,10,GET,/api/chains/{id},13.200000,0.000000,11,19,34,48,110,170,1300,1300,1300,1300,1300,741,0,11,64.35173481225831,1.8138389568775892,1326.4386829687282,807.5047233468287
1774609631,10,POST,/api/chains/{id}/activate,13.200000,0.000000,8,13,18,24,46,130,140,150,160,160,160,741,0,10,28.482932070466248,1.7107560997828841,405.05630103871226,53.99460188933873
1774609631,10,POST,/api/chains/{id}/deactivate,13.200000,0.000000,4,7,11,13,17,20,130,130,180,180,180,739,1,5,12.6245522440609,1.699562999419868,1339.969283901155,62.18809201623816
1774609631,10,POST,/api/plugins/batch/parameters (500 updates),10.000000,0.000000,13,18,31,48,110,180,220,1200,1200,1200,1200,468,0,15,62.42343431147627,4.264265997335315,1345.6621249206364,947.7863247863248
1774609631,10,GET,/api/plugins/discover,0.000000,0.000000,0,0,0,0,0,0,0,0,0,0,0,76,0,26,34.64875405035472,12.777419993653893,293.7749670818448,89708.0
1774609631,10,GET,/api/plugins/list,0.000000,0.000000,0,0,0,0,0,0,0,0,0,0,0,76,0,7,21.912419543552556,1.4609969221055508,148.97497498895973,66.52631578947368
1774609631,10,POST,/api/plugins/load?uri,3.400000,0.000000,10,15,18,19,22,36,110,110,110,110,110,237,0,8,36.32159799068207,1.8148639937862754,1302.1146790124476,2283.805907172996
1774609631,10,POST,/api/plugins/unload?uri,3.400000,0.000000,6,7,10,11,18,19,19,19,19,19,19,237,0,6,14.056439062517592,1.6670769546180964,187.11201497353613,127.27426160337552
1774609631,10,,Aggregated,114.900000,0.000000,8,13,19,21,76,130,170,220,1300,1300,1300,6650,1,8,35.94722928764663,1.354818930849433,1345.6621249206364,1352.4944360902255
1774609632,10,GET,/api/audio/latency,17.700000,0.000000,9,17,20,22,130,140,170,170,1300,1300,1300,1038,0,7,24.60774207079015,1.354818930849433,1259.5280250534415,33.0626204238921
1774609632,10,GET,/api/audio/levels,17.800000,0.000000,12,30,69,90,130,150,170,1100,1200,1200,1200,1043,0,10,58.415022075947725,1.423792913556099,1323.2513630064204,76.9012464046021
1774609632,10,GET,/api/audio/levels (during plugin swap),3.100000,0.000000,10,21,48,82,110,1200,1200,1200,1200,1200,1200,240,0,10,51.25206809364803,1.407061005011201,1231.5911540063098,77.00833333333334
1774609632,10,GET,/api/audio/levels/plugins,3.100000,0.000000,7,11,14,19,21,23,140,140,140,140,140,240,0,6,15.49638928748512,1.4036219799891114,228.81912195589393,20.716666666666665
1774609632,10,GET,/api/audio/status,12.100000,0.000000,5,9,11,15,24,30,140,180,180,180,180,748,0,6,13.869651389852375,1.3969889841973782,314.2507340526208,303.01737967914437
1774609632,10,GET,/api/chains/,0.000000,0.000000,0,0,0,0,0,0,0,0,0,0,0,76,0,14,59.87567789730077,2.07908998709172,1262.2265570098534,1478.171052631579
1774609632,10,GET,/api/chains/{id},12.100000,0.000000,11,23,44,68,110,170,1300,1300,1300,1300,1300,751,0,11,63.87873779602235,1.8138389568775892,1326.4386829687282,807.2769640479361
1774609632,10,POST,/api/chains/{id}/activate,12.100000,0.000000,9,15,20,25,120,130,140,150,160,160,160,748,0,10,28.289812347754577,1.7107560997828841,405.05630103871226,53.98395721925134
1774609632,10,POST,/api/chains/{id}/deactivate,12.100000,0.000000,4,7,11,13,19,22,130,130,180,180,180,748,1,5,12.529079156914069,1.699562999419868,1339.969283901155,62.18582887700535
1774609632,10,POST,/api/plugins/batch/parameters (500 updates),9.400000,0.000000,13,22,48,76,140,190,220,1200,1200,1200,1200,478,0,15,62.1688003214875,4.264265997335315,1345.6621249206364,948.1945606694561
1774609632,10,GET,/api/plugins/discover,0.000000,0.000000,0,0,0,0,0,0,0,0,0,0,0,76,0,26,34.64875405035472,12.777419993653893,293.7749670818448,89708.0
1774609632,10,GET,/api/plugins/list,0.000000,0.000000,0,0,0,0,0,0,0,0,0,0,0,76,0,7,21.912419543552556,1.4609969221055508,148.97497498895973,66.52631578947368
1774609632,10,POST,/api/plugins/load?uri,3.100000,0.000000,10,15,18,19,22,36,110,110,110,110,110,240,0,8,35.985320361699756,1.8148639937862754,1302.1146790124476,2269.2
1774609632,10,POST,/api/plugins/unload?uri,3.100000,0.000000,6,7,10,11,18,19,19,19,19,19,19,240,0,6,13.942874970477229,1.6670769546180964,187.11201497353613,127.23333333333333
1774609632,10,,Aggregated,105.700000,0.000000,8,15,20,26,100,130,180,1100,1300,1300,1300,6742,1,8,35.882223432632074,1.354818930849433,1345.6621249206364,1338.0872144764164
