[2026-03-07 12:54:38,325] MAP2-TESTBED/INFO/locust.main: Starting Locust 2.43.3
[2026-03-07 12:54:38,326] MAP2-TESTBED/WARNING/locust.main: System open file limit '8192 is below minimum setting '10000'.
It's not high enough for load testing, and the OS didn't allow locust to increase it by itself.
See https://github.com/locustio/locust/wiki/Installation#increasing-maximum-number-of-open-files-limit for more info.
[2026-03-07 12:54:38,326] MAP2-TESTBED/INFO/locust.main: Run time limit set to 310 seconds
Type     Name                                                                          # reqs      # fails |    Avg     Min     Max    Med |   req/s  failures/s
--------|----------------------------------------------------------------------------|-------|-------------|-------|-------|-------|-------|--------|-----------
--------|----------------------------------------------------------------------------|-------|-------------|-------|-------|-------|-------|--------|-----------
         Aggregated                                                                         0     0(0.00%) |      0       0       0      0 |    0.00        0.00

[2026-03-07 12:54:38,346] MAP2-TESTBED/INFO/locust.runners: Ramping to 10 users at a rate of 2.00 per second
Type     Name                                                                          # reqs      # fails |    Avg     Min     Max    Med |   req/s  failures/s
--------|----------------------------------------------------------------------------|-------|-------------|-------|-------|-------|-------|--------|-----------
GET      /api/audio/levels (during plugin swap)                                             1     0(0.00%) |     19      19      19     19 |    0.00        0.00
GET      /api/audio/status                                                                  2     0(0.00%) |      2       2       2      2 |    0.00        0.00
GET      /api/chains/                                                                       4     0(0.00%) |    110       6     229      7 |    0.00        0.00
GET      /api/chains/{id}                                                                   2     0(0.00%) |     29      18      39     18 |    0.00        0.00
POST     /api/chains/{id}/activate                                                          2     0(0.00%) |      8       7       8      8 |    0.00        0.00
POST     /api/chains/{id}/deactivate                                                        2     0(0.00%) |      4       3       6      3 |    0.00        0.00
GET      /api/plugins/discover                                                              4     0(0.00%) |     16      11      22     15 |    0.00        0.00
GET      /api/plugins/list                                                                  4     0(0.00%) |      4       1      13      1 |    0.00        0.00
--------|----------------------------------------------------------------------------|-------|-------------|-------|-------|-------|-------|--------|-----------
         Aggregated                                                                        21     0(0.00%) |     30       1     229      8 |    0.00        0.00

Type     Name                                                                          # reqs      # fails |    Avg     Min     Max    Med |   req/s  failures/s
--------|----------------------------------------------------------------------------|-------|-------------|-------|-------|-------|-------|--------|-----------
GET      /api/audio/levels (during plugin swap)                                             1     0(0.00%) |     19      19      19     19 |    0.00        0.00
GET      /api/audio/status                                                                  2     0(0.00%) |      2       2       2      2 |    0.00        0.00
GET      /api/chains/                                                                       4     0(0.00%) |    110       6     229      7 |    0.00        0.00
GET      /api/chains/{id}                                                                   2     0(0.00%) |     29      18      39     18 |    0.00        0.00
POST     /api/chains/{id}/activate                                                          2     0(0.00%) |      8       7       8      8 |    0.00        0.00
POST     /api/chains/{id}/deactivate                                                        2     0(0.00%) |      4       3       6      3 |    0.00        0.00
GET      /api/plugins/discover                                                              4     0(0.00%) |     16      11      22     15 |    0.00        0.00
GET      /api/plugins/list                                                                  4     0(0.00%) |      4       1      13      1 |    0.00        0.00
--------|----------------------------------------------------------------------------|-------|-------------|-------|-------|-------|-------|--------|-----------
         Aggregated                                                                        21     0(0.00%) |     30       1     229      8 |    0.00        0.00

[2026-03-07 12:54:42,349] MAP2-TESTBED/INFO/locust.runners: All users spawned: {"MAP2RealtimeUser": 10} (10 total users)
Type     Name                                                                          # reqs      # fails |    Avg     Min     Max    Med |   req/s  failures/s
--------|----------------------------------------------------------------------------|-------|-------------|-------|-------|-------|-------|--------|-----------
GET      /api/audio/levels (during plugin swap)                                             1     0(0.00%) |     19      19      19     19 |    0.00        0.00
GET      /api/audio/status                                                                  2     0(0.00%) |      2       2       2      2 |    0.00        0.00
GET      /api/chains/                                                                       4     0(0.00%) |    110       6     229      7 |    0.00        0.00
GET      /api/chains/{id}                                                                   2     0(0.00%) |     29      18      39     18 |    0.00        0.00
POST     /api/chains/{id}/activate                                                          2     0(0.00%) |      8       7       8      8 |    0.00        0.00
POST     /api/chains/{id}/deactivate                                                        2     0(0.00%) |      4       3       6      3 |    0.00        0.00
GET      /api/plugins/discover                                                              4     0(0.00%) |     16      11      22     15 |    0.00        0.00
GET      /api/plugins/list                                                                  4     0(0.00%) |      4       1      13      1 |    0.00        0.00
--------|----------------------------------------------------------------------------|-------|-------------|-------|-------|-------|-------|--------|-----------
         Aggregated                                                                        21     0(0.00%) |     30       1     229      8 |    0.00        0.00

Type     Name                                                                          # reqs      # fails |    Avg     Min     Max    Med |   req/s  failures/s
--------|----------------------------------------------------------------------------|-------|-------------|-------|-------|-------|-------|--------|-----------
GET      /api/audio/levels (during plugin swap)                                             1     0(0.00%) |     19      19      19     19 |    0.00        0.00
GET      /api/audio/status                                                                  2     0(0.00%) |      2       2       2      2 |    0.00        0.00
GET      /api/chains/                                                                       4     0(0.00%) |    110       6     229      7 |    0.00        0.00
GET      /api/chains/{id}                                                                   2     0(0.00%) |     29      18      39     18 |    0.00        0.00
POST     /api/chains/{id}/activate                                                          2     0(0.00%) |      8       7       8      8 |    0.00        0.00
POST     /api/chains/{id}/deactivate                                                        2     0(0.00%) |      4       3       6      3 |    0.00        0.00
GET      /api/plugins/discover                                                              4     0(0.00%) |     16      11      22     15 |    0.00        0.00
GET      /api/plugins/list                                                                  4     0(0.00%) |      4       1      13      1 |    0.00        0.00
--------|----------------------------------------------------------------------------|-------|-------------|-------|-------|-------|-------|--------|-----------
         Aggregated                                                                        21     0(0.00%) |     30       1     229      8 |    0.00        0.00

Type     Name                                                                          # reqs      # fails |    Avg     Min     Max    Med |   req/s  failures/s
--------|----------------------------------------------------------------------------|-------|-------------|-------|-------|-------|-------|--------|-----------
GET      /api/audio/levels                                                                  1   1(100.00%) |   8001    8001    8001   8001 |    0.00        0.00
GET      /api/audio/levels (during plugin swap)                                             1     0(0.00%) |     19      19      19     19 |    0.14        0.00
GET      /api/audio/status                                                                  2     0(0.00%) |      2       2       2      2 |    0.29        0.00
GET      /api/chains/                                                                       6    2(33.33%) |   2741       6    8002    200 |    0.57        0.00
GET      /api/chains/{id}                                                                   2     0(0.00%) |     29      18      39     18 |    0.29        0.00
POST     /api/chains/{id}/activate                                                          2     0(0.00%) |      8       7       8      8 |    0.29        0.00
POST     /api/chains/{id}/deactivate                                                        2     0(0.00%) |      4       3       6      3 |    0.29        0.00
GET      /api/plugins/discover                                                              4     0(0.00%) |     16      11      22     15 |    0.57        0.00
GET      /api/plugins/list                                                                  4     0(0.00%) |      4       1      13      1 |    0.57        0.00
POST     /api/plugins/load?uri                                                              1   1(100.00%) |   8008    8008    8008   8008 |    0.00        0.00
--------|----------------------------------------------------------------------------|-------|-------------|-------|-------|-------|-------|--------|-----------
         Aggregated                                                                        25    4(16.00%) |   1305       1    8008     13 |    3.00        0.00

Type     Name                                                                          # reqs      # fails |    Avg     Min     Max    Med |   req/s  failures/s
--------|----------------------------------------------------------------------------|-------|-------------|-------|-------|-------|-------|--------|-----------
GET      /api/audio/levels                                                                  1   1(100.00%) |   8001    8001    8001   8001 |    0.00        0.00
GET      /api/audio/levels (during plugin swap)                                             1     0(0.00%) |     19      19      19     19 |    0.11        0.00
GET      /api/audio/status                                                                  2     0(0.00%) |      2       2       2      2 |    0.22        0.00
GET      /api/chains/                                                                      10    6(60.00%) |   4845       6    8002   8000 |    0.44        0.00
GET      /api/chains/{id}                                                                   2     0(0.00%) |     29      18      39     18 |    0.22        0.00
POST     /api/chains/{id}/activate                                                          2     0(0.00%) |      8       7       8      8 |    0.22        0.00
POST     /api/chains/{id}/deactivate                                                        2     0(0.00%) |      4       3       6      3 |    0.22        0.00
GET      /api/plugins/discover                                                              4     0(0.00%) |     16      11      22     15 |    0.44        0.00
GET      /api/plugins/list                                                                  4     0(0.00%) |      4       1      13      1 |    0.44        0.00
POST     /api/plugins/load?uri                                                              1   1(100.00%) |   8008    8008    8008   8008 |    0.11        0.11
--------|----------------------------------------------------------------------------|-------|-------------|-------|-------|-------|-------|--------|-----------
         Aggregated                                                                        29    8(27.59%) |   2229       1    8008     18 |    2.44        0.11

Type     Name                                                                          # reqs      # fails |    Avg     Min     Max    Med |   req/s  failures/s
--------|----------------------------------------------------------------------------|-------|-------------|-------|-------|-------|-------|--------|-----------
GET      /api/audio/levels                                                                  1   1(100.00%) |   8001    8001    8001   8001 |    0.10        0.10
GET      /api/audio/levels (during plugin swap)                                             1     0(0.00%) |     19      19      19     19 |    0.10        0.00
GET      /api/audio/status                                                                  2     0(0.00%) |      2       2       2      2 |    0.20        0.00
GET      /api/chains/                                                                      12    8(66.67%) |   5372       6    8002   8000 |    0.60        0.20
GET      /api/chains/{id}                                                                   2     0(0.00%) |     29      18      39     18 |    0.20        0.00
POST     /api/chains/{id}/activate                                                          2     0(0.00%) |      8       7       8      8 |    0.20        0.00
POST     /api/chains/{id}/deactivate                                                        2     0(0.00%) |      4       3       6      3 |    0.20        0.00
GET      /api/plugins/discover                                                              4     0(0.00%) |     16      11      22     15 |    0.40        0.00
GET      /api/plugins/list                                                                  4     0(0.00%) |      4       1      13      1 |    0.40        0.00
POST     /api/plugins/load?uri                                                              1   1(100.00%) |   8008    8008    8008   8008 |    0.10        0.10
--------|----------------------------------------------------------------------------|-------|-------------|-------|-------|-------|-------|--------|-----------
         Aggregated                                                                        31   10(32.26%) |   2602       1    8008     18 |    2.50        0.40

Type     Name                                                                          # reqs      # fails |    Avg     Min     Max    Med |   req/s  failures/s
--------|----------------------------------------------------------------------------|-------|-------------|-------|-------|-------|-------|--------|-----------
GET      /api/audio/levels                                                                  1   1(100.00%) |   8001    8001    8001   8001 |    0.10        0.10
GET      /api/audio/levels (during plugin swap)                                             1     0(0.00%) |     19      19      19     19 |    0.10        0.00
GET      /api/audio/status                                                                  2     0(0.00%) |      2       2       2      2 |    0.20        0.00
GET      /api/chains/                                                                      12    8(66.67%) |   5372       6    8002   8000 |    0.60        0.20
GET      /api/chains/{id}                                                                   2     0(0.00%) |     29      18      39     18 |    0.20        0.00
POST     /api/chains/{id}/activate                                                          2     0(0.00%) |      8       7       8      8 |    0.20        0.00
POST     /api/chains/{id}/deactivate                                                        2     0(0.00%) |      4       3       6      3 |    0.20        0.00
GET      /api/plugins/discover                                                              4     0(0.00%) |     16      11      22     15 |    0.40        0.00
GET      /api/plugins/list                                                                  4     0(0.00%) |      4       1      13      1 |    0.40        0.00
POST     /api/plugins/load?uri                                                              1   1(100.00%) |   8008    8008    8008   8008 |    0.10        0.10
--------|----------------------------------------------------------------------------|-------|-------------|-------|-------|-------|-------|--------|-----------
         Aggregated                                                                        31   10(32.26%) |   2602       1    8008     18 |    2.50        0.40

Type     Name                                                                          # reqs      # fails |    Avg     Min     Max    Med |   req/s  failures/s
--------|----------------------------------------------------------------------------|-------|-------------|-------|-------|-------|-------|--------|-----------
GET      /api/audio/latency                                                                 1   1(100.00%) |   8001    8001    8001   8001 |    0.00        0.00
GET      /api/audio/levels                                                                  1   1(100.00%) |   8001    8001    8001   8001 |    0.10        0.10
GET      /api/audio/levels (during plugin swap)                                             1     0(0.00%) |     19      19      19     19 |    0.00        0.00
GET      /api/audio/levels/plugins                                                          1   1(100.00%) |   8001    8001    8001   8001 |    0.00        0.00
GET      /api/audio/status                                                                  2     0(0.00%) |      2       2       2      2 |    0.00        0.00
GET      /api/chains/                                                                      12    8(66.67%) |   5372       6    8002   8000 |    0.80        0.80
GET      /api/chains/{id}                                                                   2     0(0.00%) |     29      18      39     18 |    0.00        0.00
POST     /api/chains/{id}/activate                                                          2     0(0.00%) |      8       7       8      8 |    0.00        0.00
POST     /api/chains/{id}/deactivate                                                        2     0(0.00%) |      4       3       6      3 |    0.00        0.00
GET      /api/plugins/discover                                                              4     0(0.00%) |     16      11      22     15 |    0.00        0.00
GET      /api/plugins/list                                                                  6    2(33.33%) |   2670       1    8001      2 |    0.00        0.00
POST     /api/plugins/load?uri                                                              1   1(100.00%) |   8008    8008    8008   8008 |    0.10        0.10
--------|----------------------------------------------------------------------------|-------|-------------|-------|-------|-------|-------|--------|-----------
         Aggregated                                                                        35   14(40.00%) |   3219       1    8008     22 |    1.00        1.00

Type     Name                                                                          # reqs      # fails |    Avg     Min     Max    Med |   req/s  failures/s
--------|----------------------------------------------------------------------------|-------|-------------|-------|-------|-------|-------|--------|-----------
GET      /api/audio/latency                                                                 1   1(100.00%) |   8001    8001    8001   8001 |    0.00        0.00
GET      /api/audio/levels                                                                  1   1(100.00%) |   8001    8001    8001   8001 |    0.10        0.10
GET      /api/audio/levels (during plugin swap)                                             1     0(0.00%) |     19      19      19     19 |    0.00        0.00
GET      /api/audio/levels/plugins                                                          1   1(100.00%) |   8001    8001    8001   8001 |    0.10        0.10
GET      /api/audio/status                                                                  2     0(0.00%) |      2       2       2      2 |    0.00        0.00
GET      /api/chains/                                                                      12    8(66.67%) |   5372       6    8002   8000 |    0.80        0.80
GET      /api/chains/{id}                                                                   2     0(0.00%) |     29      18      39     18 |    0.00        0.00
POST     /api/chains/{id}/activate                                                          2     0(0.00%) |      8       7       8      8 |    0.00        0.00
POST     /api/chains/{id}/deactivate                                                        2     0(0.00%) |      4       3       6      3 |    0.00        0.00
GET      /api/plugins/discover                                                              4     0(0.00%) |     16      11      22     15 |    0.00        0.00
GET      /api/plugins/list                                                                 10    6(60.00%) |   4803       1    8004   8000 |    0.00        0.00
POST     /api/plugins/load?uri                                                              1   1(100.00%) |   8008    8008    8008   8008 |    0.10        0.10
--------|----------------------------------------------------------------------------|-------|-------------|-------|-------|-------|-------|--------|-----------
         Aggregated                                                                        39   18(46.15%) |   3709       1    8008    200 |    1.10        1.10

Type     Name                                                                          # reqs      # fails |    Avg     Min     Max    Med |   req/s  failures/s
--------|----------------------------------------------------------------------------|-------|-------------|-------|-------|-------|-------|--------|-----------
GET      /api/audio/latency                                                                 1   1(100.00%) |   8001    8001    8001   8001 |    0.10        0.10
GET      /api/audio/levels                                                                  1   1(100.00%) |   8001    8001    8001   8001 |    0.10        0.10
GET      /api/audio/levels (during plugin swap)                                             1     0(0.00%) |     19      19      19     19 |    0.00        0.00
GET      /api/audio/levels/plugins                                                          1   1(100.00%) |   8001    8001    8001   8001 |    0.10        0.10
GET      /api/audio/status                                                                  2     0(0.00%) |      2       2       2      2 |    0.00        0.00
GET      /api/chains/                                                                      12    8(66.67%) |   5372       6    8002   8000 |    0.80        0.80
GET      /api/chains/{id}                                                                   2     0(0.00%) |     29      18      39     18 |    0.00        0.00
POST     /api/chains/{id}/activate                                                          2     0(0.00%) |      8       7       8      8 |    0.00        0.00
POST     /api/chains/{id}/deactivate                                                        2     0(0.00%) |      4       3       6      3 |    0.00        0.00
GET      /api/plugins/discover                                                              4     0(0.00%) |     16      11      22     15 |    0.00        0.00
GET      /api/plugins/list                                                                 12    8(66.67%) |   5336       1    8004   8000 |    0.20        0.20
POST     /api/plugins/load?uri                                                              1   1(100.00%) |   8008    8008    8008   8008 |    0.10        0.10
--------|----------------------------------------------------------------------------|-------|-------------|-------|-------|-------|-------|--------|-----------
         Aggregated                                                                        41   20(48.78%) |   3919       1    8008    230 |    1.40        1.40

Type     Name                                                                          # reqs      # fails |    Avg     Min     Max    Med |   req/s  failures/s
--------|----------------------------------------------------------------------------|-------|-------------|-------|-------|-------|-------|--------|-----------
GET      /api/audio/latency                                                                 1   1(100.00%) |   8001    8001    8001   8001 |    0.10        0.10
GET      /api/audio/levels                                                                  1   1(100.00%) |   8001    8001    8001   8001 |    0.10        0.10
GET      /api/audio/levels (during plugin swap)                                             1     0(0.00%) |     19      19      19     19 |    0.00        0.00
GET      /api/audio/levels/plugins                                                          1   1(100.00%) |   8001    8001    8001   8001 |    0.10        0.10
GET      /api/audio/status                                                                  2     0(0.00%) |      2       2       2      2 |    0.00        0.00
GET      /api/chains/                                                                      12    8(66.67%) |   5372       6    8002   8000 |    0.80        0.80
GET      /api/chains/{id}                                                                   2     0(0.00%) |     29      18      39     18 |    0.00        0.00
POST     /api/chains/{id}/activate                                                          2     0(0.00%) |      8       7       8      8 |    0.00        0.00
POST     /api/chains/{id}/deactivate                                                        2     0(0.00%) |      4       3       6      3 |    0.00        0.00
GET      /api/plugins/discover                                                              4     0(0.00%) |     16      11      22     15 |    0.00        0.00
GET      /api/plugins/list                                                                 12    8(66.67%) |   5336       1    8004   8000 |    0.20        0.20
POST     /api/plugins/load?uri                                                              1   1(100.00%) |   8008    8008    8008   8008 |    0.10        0.10
--------|----------------------------------------------------------------------------|-------|-------------|-------|-------|-------|-------|--------|-----------
         Aggregated                                                                        41   20(48.78%) |   3919       1    8008    230 |    1.40        1.40

Type     Name                                                                          # reqs      # fails |    Avg     Min     Max    Med |   req/s  failures/s
--------|----------------------------------------------------------------------------|-------|-------------|-------|-------|-------|-------|--------|-----------
GET      /api/audio/latency                                                                 1   1(100.00%) |   8001    8001    8001   8001 |    0.10        0.10
GET      /api/audio/levels                                                                  1   1(100.00%) |   8001    8001    8001   8001 |    0.00        0.00
GET      /api/audio/levels (during plugin swap)                                             2    1(50.00%) |   4010      19    8001     20 |    0.00        0.00
GET      /api/audio/levels/plugins                                                          1   1(100.00%) |   8001    8001    8001   8001 |    0.10        0.10
GET      /api/audio/status                                                                  2     0(0.00%) |      2       2       2      2 |    0.00        0.00
GET      /api/chains/                                                                      12    8(66.67%) |   5372       6    8002   8000 |    0.00        0.00
GET      /api/chains/{id}                                                                   2     0(0.00%) |     29      18      39     18 |    0.00        0.00
POST     /api/chains/{id}/activate                                                          2     0(0.00%) |      8       7       8      8 |    0.00        0.00
POST     /api/chains/{id}/deactivate                                                        2     0(0.00%) |      4       3       6      3 |    0.00        0.00
GET      /api/plugins/discover                                                              6    2(33.33%) |   2678      11    8002     18 |    0.00        0.00
GET      /api/plugins/list                                                                 12    8(66.67%) |   5336       1    8004   8000 |    0.80        0.80
POST     /api/plugins/load?uri                                                              1   1(100.00%) |   8008    8008    8008   8008 |    0.00        0.00
POST     /api/plugins/unload?uri                                                            1   1(100.00%) |   8002    8002    8002   8002 |    0.00        0.00
--------|----------------------------------------------------------------------------|-------|-------------|-------|-------|-------|-------|--------|-----------
         Aggregated                                                                        45   24(53.33%) |   4282       1    8008   8000 |    1.00        1.00

Type     Name                                                                          # reqs      # fails |    Avg     Min     Max    Med |   req/s  failures/s
--------|----------------------------------------------------------------------------|-------|-------------|-------|-------|-------|-------|--------|-----------
GET      /api/audio/latency                                                                 1   1(100.00%) |   8001    8001    8001   8001 |    0.10        0.10
GET      /api/audio/levels                                                                  1   1(100.00%) |   8001    8001    8001   8001 |    0.00        0.00
GET      /api/audio/levels (during plugin swap)                                             2    1(50.00%) |   4010      19    8001     20 |    0.00        0.00
GET      /api/audio/levels/plugins                                                          1   1(100.00%) |   8001    8001    8001   8001 |    0.10        0.10
GET      /api/audio/status                                                                  2     0(0.00%) |      2       2       2      2 |    0.00        0.00
GET      /api/chains/                                                                      12    8(66.67%) |   5372       6    8002   8000 |    0.00        0.00
GET      /api/chains/{id}                                                                   2     0(0.00%) |     29      18      39     18 |    0.00        0.00
POST     /api/chains/{id}/activate                                                          2     0(0.00%) |      8       7       8      8 |    0.00        0.00
POST     /api/chains/{id}/deactivate                                                        2     0(0.00%) |      4       3       6      3 |    0.00        0.00
GET      /api/plugins/discover                                                             10    6(60.00%) |   4808      11    8003   8000 |    0.00        0.00
GET      /api/plugins/list                                                                 12    8(66.67%) |   5336       1    8004   8000 |    0.80        0.80
POST     /api/plugins/load?uri                                                              1   1(100.00%) |   8008    8008    8008   8008 |    0.00        0.00
POST     /api/plugins/unload?uri                                                            1   1(100.00%) |   8002    8002    8002   8002 |    0.10        0.10
--------|----------------------------------------------------------------------------|-------|-------------|-------|-------|-------|-------|--------|-----------
         Aggregated                                                                        49   28(57.14%) |   4585       1    8008   8000 |    1.10        1.10

Type     Name                                                                          # reqs      # fails |    Avg     Min     Max    Med |   req/s  failures/s
--------|----------------------------------------------------------------------------|-------|-------------|-------|-------|-------|-------|--------|-----------
GET      /api/audio/latency                                                                 1   1(100.00%) |   8001    8001    8001   8001 |    0.10        0.10
GET      /api/audio/levels                                                                  1   1(100.00%) |   8001    8001    8001   8001 |    0.00        0.00
GET      /api/audio/levels (during plugin swap)                                             2    1(50.00%) |   4010      19    8001     20 |    0.10        0.10
GET      /api/audio/levels/plugins                                                          1   1(100.00%) |   8001    8001    8001   8001 |    0.10        0.10
GET      /api/audio/status                                                                  2     0(0.00%) |      2       2       2      2 |    0.00        0.00
GET      /api/chains/                                                                      12    8(66.67%) |   5372       6    8002   8000 |    0.00        0.00
GET      /api/chains/{id}                                                                   2     0(0.00%) |     29      18      39     18 |    0.00        0.00
POST     /api/chains/{id}/activate                                                          2     0(0.00%) |      8       7       8      8 |    0.00        0.00
POST     /api/chains/{id}/deactivate                                                        2     0(0.00%) |      4       3       6      3 |    0.00        0.00
GET      /api/plugins/discover                                                             12    8(66.67%) |   5340      11    8003   8000 |    0.20        0.20
GET      /api/plugins/list                                                                 12    8(66.67%) |   5336       1    8004   8000 |    0.80        0.80
POST     /api/plugins/load?uri                                                              1   1(100.00%) |   8008    8008    8008   8008 |    0.00        0.00
POST     /api/plugins/unload?uri                                                            1   1(100.00%) |   8002    8002    8002   8002 |    0.10        0.10
--------|----------------------------------------------------------------------------|-------|-------------|-------|-------|-------|-------|--------|-----------
         Aggregated                                                                        51   30(58.82%) |   4719       1    8008   8000 |    1.40        1.40

Type     Name                                                                          # reqs      # fails |    Avg     Min     Max    Med |   req/s  failures/s
--------|----------------------------------------------------------------------------|-------|-------------|-------|-------|-------|-------|--------|-----------
GET      /api/audio/latency                                                                 1   1(100.00%) |   8001    8001    8001   8001 |    0.10        0.10
GET      /api/audio/levels                                                                  1   1(100.00%) |   8001    8001    8001   8001 |    0.00        0.00
GET      /api/audio/levels (during plugin swap)                                             2    1(50.00%) |   4010      19    8001     20 |    0.10        0.10
GET      /api/audio/levels/plugins                                                          1   1(100.00%) |   8001    8001    8001   8001 |    0.10        0.10
GET      /api/audio/status                                                                  2     0(0.00%) |      2       2       2      2 |    0.00        0.00
GET      /api/chains/                                                                      12    8(66.67%) |   5372       6    8002   8000 |    0.00        0.00
GET      /api/chains/{id}                                                                   2     0(0.00%) |     29      18      39     18 |    0.00        0.00
POST     /api/chains/{id}/activate                                                          2     0(0.00%) |      8       7       8      8 |    0.00        0.00
POST     /api/chains/{id}/deactivate                                                        2     0(0.00%) |      4       3       6      3 |    0.00        0.00
GET      /api/plugins/discover                                                             12    8(66.67%) |   5340      11    8003   8000 |    0.20        0.20
GET      /api/plugins/list                                                                 12    8(66.67%) |   5336       1    8004   8000 |    0.80        0.80
POST     /api/plugins/load?uri                                                              1   1(100.00%) |   8008    8008    8008   8008 |    0.00        0.00
POST     /api/plugins/unload?uri                                                            1   1(100.00%) |   8002    8002    8002   8002 |    0.10        0.10
--------|----------------------------------------------------------------------------|-------|-------------|-------|-------|-------|-------|--------|-----------
         Aggregated                                                                        51   30(58.82%) |   4719       1    8008   8000 |    1.40        1.40

Type     Name                                                                          # reqs      # fails |    Avg     Min     Max    Med |   req/s  failures/s
--------|----------------------------------------------------------------------------|-------|-------------|-------|-------|-------|-------|--------|-----------
GET      /api/audio/latency                                                                 1   1(100.00%) |   8001    8001    8001   8001 |    0.00        0.00
GET      /api/audio/levels                                                                  1   1(100.00%) |   8001    8001    8001   8001 |    0.00        0.00
GET      /api/audio/levels (during plugin swap)                                             3    2(66.67%) |   5341      19    8002   8000 |    0.10        0.10
GET      /api/audio/levels/plugins                                                          1   1(100.00%) |   8001    8001    8001   8001 |    0.00        0.00
GET      /api/audio/status                                                                  2     0(0.00%) |      2       2       2      2 |    0.00        0.00
GET      /api/chains/                                                                      14   10(71.43%) |   5747       6    8002   8000 |    0.00        0.00
GET      /api/chains/{id}                                                                   2     0(0.00%) |     29      18      39     18 |    0.00        0.00
POST     /api/chains/{id}/activate                                                          2     0(0.00%) |      8       7       8      8 |    0.00        0.00
POST     /api/chains/{id}/deactivate                                                        2     0(0.00%) |      4       3       6      3 |    0.00        0.00
GET      /api/plugins/discover                                                             12    8(66.67%) |   5340      11    8003   8000 |    0.80        0.80
GET      /api/plugins/list                                                                 12    8(66.67%) |   5336       1    8004   8000 |    0.00        0.00
POST     /api/plugins/load?uri                                                              2   2(100.00%) |   8004    8001    8008   8001 |    0.00        0.00
POST     /api/plugins/unload?uri                                                            1   1(100.00%) |   8002    8002    8002   8002 |    0.10        0.10
--------|----------------------------------------------------------------------------|-------|-------------|-------|-------|-------|-------|--------|-----------
         Aggregated                                                                        55   34(61.82%) |   4958       1    8008   8000 |    1.00        1.00

Type     Name                                                                          # reqs      # fails |    Avg     Min     Max    Med |   req/s  failures/s
--------|----------------------------------------------------------------------------|-------|-------------|-------|-------|-------|-------|--------|-----------
GET      /api/audio/latency                                                                 1   1(100.00%) |   8001    8001    8001   8001 |    0.00        0.00
GET      /api/audio/levels                                                                  2   2(100.00%) |   8001    8001    8002   8001 |    0.00        0.00
GET      /api/audio/levels (during plugin swap)                                             3    2(66.67%) |   5341      19    8002   8000 |    0.10        0.10
GET      /api/audio/levels/plugins                                                          1   1(100.00%) |   8001    8001    8001   8001 |    0.00        0.00
GET      /api/audio/status                                                                  2     0(0.00%) |      2       2       2      2 |    0.00        0.00
GET      /api/chains/                                                                      17   13(76.47%) |   6145       6    8002   8000 |    0.00        0.00
GET      /api/chains/{id}                                                                   2     0(0.00%) |     29      18      39     18 |    0.00        0.00
POST     /api/chains/{id}/activate                                                          2     0(0.00%) |      8       7       8      8 |    0.00        0.00
POST     /api/chains/{id}/deactivate                                                        2     0(0.00%) |      4       3       6      3 |    0.00        0.00
GET      /api/plugins/discover                                                             12    8(66.67%) |   5340      11    8003   8000 |    0.80        0.80
GET      /api/plugins/list                                                                 12    8(66.67%) |   5336       1    8004   8000 |    0.00        0.00
POST     /api/plugins/load?uri                                                              2   2(100.00%) |   8004    8001    8008   8001 |    0.00        0.00
POST     /api/plugins/unload?uri                                                            1   1(100.00%) |   8002    8002    8002   8002 |    0.10        0.10
--------|----------------------------------------------------------------------------|-------|-------------|-------|-------|-------|-------|--------|-----------
         Aggregated                                                                        59   38(64.41%) |   5164       1    8008   8000 |    1.00        1.00

Type     Name                                                                          # reqs      # fails |    Avg     Min     Max    Med |   req/s  failures/s
--------|----------------------------------------------------------------------------|-------|-------------|-------|-------|-------|-------|--------|-----------
GET      /api/audio/latency                                                                 1   1(100.00%) |   8001    8001    8001   8001 |    0.00        0.00
GET      /api/audio/levels                                                                  3   3(100.00%) |   8002    8001    8002   8001 |    0.00        0.00
GET      /api/audio/levels (during plugin swap)                                             4    3(75.00%) |   6006      19    8002   8000 |    0.20        0.20
GET      /api/audio/levels/plugins                                                          1   1(100.00%) |   8001    8001    8001   8001 |    0.00        0.00
GET      /api/audio/status                                                                  2     0(0.00%) |      2       2       2      2 |    0.00        0.00
GET      /api/chains/                                                                      17   13(76.47%) |   6145       6    8002   8000 |    0.20        0.20
GET      /api/chains/{id}                                                                   2     0(0.00%) |     29      18      39     18 |    0.00        0.00
POST     /api/chains/{id}/activate                                                          2     0(0.00%) |      8       7       8      8 |    0.00        0.00
POST     /api/chains/{id}/deactivate                                                        2     0(0.00%) |      4       3       6      3 |    0.00        0.00
GET      /api/plugins/discover                                                             12    8(66.67%) |   5340      11    8003   8000 |    0.80        0.80
GET      /api/plugins/list                                                                 12    8(66.67%) |   5336       1    8004   8000 |    0.00        0.00
POST     /api/plugins/load?uri                                                              2   2(100.00%) |   8004    8001    8008   8001 |    0.10        0.10
POST     /api/plugins/unload?uri                                                            1   1(100.00%) |   8002    8002    8002   8002 |    0.10        0.10
--------|----------------------------------------------------------------------------|-------|-------------|-------|-------|-------|-------|--------|-----------
         Aggregated                                                                        61   40(65.57%) |   5258       1    8008   8000 |    1.40        1.40

Type     Name                                                                          # reqs      # fails |    Avg     Min     Max    Med |   req/s  failures/s
--------|----------------------------------------------------------------------------|-------|-------------|-------|-------|-------|-------|--------|-----------
GET      /api/audio/latency                                                                 1   1(100.00%) |   8001    8001    8001   8001 |    0.00        0.00
GET      /api/audio/levels                                                                  3   3(100.00%) |   8002    8001    8002   8001 |    0.00        0.00
GET      /api/audio/levels (during plugin swap)                                             4    3(75.00%) |   6006      19    8002   8000 |    0.20        0.20
GET      /api/audio/levels/plugins                                                          1   1(100.00%) |   8001    8001    8001   8001 |    0.00        0.00
GET      /api/audio/status                                                                  2     0(0.00%) |      2       2       2      2 |    0.00        0.00
GET      /api/chains/                                                                      17   13(76.47%) |   6145       6    8002   8000 |    0.20        0.20
GET      /api/chains/{id}                                                                   2     0(0.00%) |     29      18      39     18 |    0.00        0.00
POST     /api/chains/{id}/activate                                                          2     0(0.00%) |      8       7       8      8 |    0.00        0.00
POST     /api/chains/{id}/deactivate                                                        2     0(0.00%) |      4       3       6      3 |    0.00        0.00
GET      /api/plugins/discover                                                             12    8(66.67%) |   5340      11    8003   8000 |    0.80        0.80
GET      /api/plugins/list                                                                 12    8(66.67%) |   5336       1    8004   8000 |    0.00        0.00
POST     /api/plugins/load?uri                                                              2   2(100.00%) |   8004    8001    8008   8001 |    0.10        0.10
POST     /api/plugins/unload?uri                                                            1   1(100.00%) |   8002    8002    8002   8002 |    0.10        0.10
--------|----------------------------------------------------------------------------|-------|-------------|-------|-------|-------|-------|--------|-----------
         Aggregated                                                                        61   40(65.57%) |   5258       1    8008   8000 |    1.40        1.40

Type     Name                                                                          # reqs      # fails |    Avg     Min     Max    Med |   req/s  failures/s
--------|----------------------------------------------------------------------------|-------|-------------|-------|-------|-------|-------|--------|-----------
GET      /api/audio/latency                                                                 1   1(100.00%) |   8001    8001    8001   8001 |    0.00        0.00
GET      /api/audio/levels                                                                  3   3(100.00%) |   8002    8001    8002   8001 |    0.20        0.20
GET      /api/audio/levels (during plugin swap)                                             4    3(75.00%) |   6006      19    8002   8000 |    0.20        0.20
GET      /api/audio/levels/plugins                                                          2   2(100.00%) |   8001    8001    8001   8001 |    0.00        0.00
GET      /api/audio/status                                                                  2     0(0.00%) |      2       2       2      2 |    0.00        0.00
GET      /api/chains/                                                                      18   14(77.78%) |   6248       6    8002   8000 |    0.50        0.50
GET      /api/chains/{id}                                                                   2     0(0.00%) |     29      18      39     18 |    0.00        0.00
POST     /api/chains/{id}/activate                                                          2     0(0.00%) |      8       7       8      8 |    0.00        0.00
POST     /api/chains/{id}/deactivate                                                        2     0(0.00%) |      4       3       6      3 |    0.00        0.00
GET      /api/plugins/discover                                                             12    8(66.67%) |   5340      11    8003   8000 |    0.00        0.00
GET      /api/plugins/list                                                                 16   12(75.00%) |   6003       1    8004   8000 |    0.00        0.00
POST     /api/plugins/load?uri                                                              2   2(100.00%) |   8004    8001    8008   8001 |    0.10        0.10
POST     /api/plugins/unload?uri                                                            1   1(100.00%) |   8002    8002    8002   8002 |    0.00        0.00
--------|----------------------------------------------------------------------------|-------|-------------|-------|-------|-------|-------|--------|-----------
         Aggregated                                                                        67   46(68.66%) |   5503       1    8008   8000 |    1.00        1.00

Type     Name                                                                          # reqs      # fails |    Avg     Min     Max    Med |   req/s  failures/s
--------|----------------------------------------------------------------------------|-------|-------------|-------|-------|-------|-------|--------|-----------
GET      /api/audio/latency                                                                 3   3(100.00%) |   8002    8001    8002   8001 |    0.00        0.00
GET      /api/audio/levels                                                                  3   3(100.00%) |   8002    8001    8002   8001 |    0.20        0.20
GET      /api/audio/levels (during plugin swap)                                             4    3(75.00%) |   6006      19    8002   8000 |    0.20        0.20
GET      /api/audio/levels/plugins                                                          2   2(100.00%) |   8001    8001    8001   8001 |    0.10        0.10
GET      /api/audio/status                                                                  2     0(0.00%) |      2       2       2      2 |    0.00        0.00
GET      /api/chains/                                                                      19   15(78.95%) |   6341       6    8002   8000 |    0.60        0.60
GET      /api/chains/{id}                                                                   2     0(0.00%) |     29      18      39     18 |    0.00        0.00
POST     /api/chains/{id}/activate                                                          2     0(0.00%) |      8       7       8      8 |    0.00        0.00
POST     /api/chains/{id}/deactivate                                                        2     0(0.00%) |      4       3       6      3 |    0.00        0.00
GET      /api/plugins/discover                                                             12    8(66.67%) |   5340      11    8003   8000 |    0.00        0.00
GET      /api/plugins/list                                                                 17   13(76.47%) |   6120       1    8004   8000 |    0.20        0.20
POST     /api/plugins/load?uri                                                              2   2(100.00%) |   8004    8001    8008   8001 |    0.10        0.10
POST     /api/plugins/unload?uri                                                            1   1(100.00%) |   8002    8002    8002   8002 |    0.00        0.00
--------|----------------------------------------------------------------------------|-------|-------------|-------|-------|-------|-------|--------|-----------
         Aggregated                                                                        71   50(70.42%) |   5644       1    8008   8000 |    1.40        1.40

Type     Name                                                                          # reqs      # fails |    Avg     Min     Max    Med |   req/s  failures/s
--------|----------------------------------------------------------------------------|-------|-------------|-------|-------|-------|-------|--------|-----------
GET      /api/audio/latency                                                                 3   3(100.00%) |   8002    8001    8002   8001 |    0.00        0.00
GET      /api/audio/levels                                                                  3   3(100.00%) |   8002    8001    8002   8001 |    0.20        0.20
GET      /api/audio/levels (during plugin swap)                                             4    3(75.00%) |   6006      19    8002   8000 |    0.20        0.20
GET      /api/audio/levels/plugins                                                          2   2(100.00%) |   8001    8001    8001   8001 |    0.10        0.10
GET      /api/audio/status                                                                  2     0(0.00%) |      2       2       2      2 |    0.00        0.00
GET      /api/chains/                                                                      19   15(78.95%) |   6341       6    8002   8000 |    0.60        0.60
GET      /api/chains/{id}                                                                   2     0(0.00%) |     29      18      39     18 |    0.00        0.00
POST     /api/chains/{id}/activate                                                          2     0(0.00%) |      8       7       8      8 |    0.00        0.00
POST     /api/chains/{id}/deactivate                                                        2     0(0.00%) |      4       3       6      3 |    0.00        0.00
GET      /api/plugins/discover                                                             12    8(66.67%) |   5340      11    8003   8000 |    0.00        0.00
GET      /api/plugins/list                                                                 17   13(76.47%) |   6120       1    8004   8000 |    0.20        0.20
POST     /api/plugins/load?uri                                                              2   2(100.00%) |   8004    8001    8008   8001 |    0.10        0.10
POST     /api/plugins/unload?uri                                                            1   1(100.00%) |   8002    8002    8002   8002 |    0.00        0.00
--------|----------------------------------------------------------------------------|-------|-------------|-------|-------|-------|-------|--------|-----------
         Aggregated                                                                        71   50(70.42%) |   5644       1    8008   8000 |    1.40        1.40

Type     Name                                                                          # reqs      # fails |    Avg     Min     Max    Med |   req/s  failures/s
--------|----------------------------------------------------------------------------|-------|-------------|-------|-------|-------|-------|--------|-----------
GET      /api/audio/latency                                                                 3   3(100.00%) |   8002    8001    8002   8001 |    0.00        0.00
GET      /api/audio/levels                                                                  3   3(100.00%) |   8002    8001    8002   8001 |    0.20        0.20
GET      /api/audio/levels (during plugin swap)                                             4    3(75.00%) |   6006      19    8002   8000 |    0.20        0.20
GET      /api/audio/levels/plugins                                                          2   2(100.00%) |   8001    8001    8001   8001 |    0.10        0.10
GET      /api/audio/status                                                                  2     0(0.00%) |      2       2       2      2 |    0.00        0.00
GET      /api/chains/                                                                      19   15(78.95%) |   6341       6    8002   8000 |    0.60        0.60
GET      /api/chains/{id}                                                                   2     0(0.00%) |     29      18      39     18 |    0.00        0.00
POST     /api/chains/{id}/activate                                                          2     0(0.00%) |      8       7       8      8 |    0.00        0.00
POST     /api/chains/{id}/deactivate                                                        2     0(0.00%) |      4       3       6      3 |    0.00        0.00
GET      /api/plugins/discover                                                             12    8(66.67%) |   5340      11    8003   8000 |    0.00        0.00
GET      /api/plugins/list                                                                 17   13(76.47%) |   6120       1    8004   8000 |    0.20        0.20
POST     /api/plugins/load?uri                                                              2   2(100.00%) |   8004    8001    8008   8001 |    0.10        0.10
POST     /api/plugins/unload?uri                                                            1   1(100.00%) |   8002    8002    8002   8002 |    0.00        0.00
--------|----------------------------------------------------------------------------|-------|-------------|-------|-------|-------|-------|--------|-----------
         Aggregated                                                                        71   50(70.42%) |   5644       1    8008   8000 |    1.40        1.40

Type     Name                                                                          # reqs      # fails |    Avg     Min     Max    Med |   req/s  failures/s
--------|----------------------------------------------------------------------------|-------|-------------|-------|-------|-------|-------|--------|-----------
GET      /api/audio/latency                                                                 3   3(100.00%) |   8002    8001    8002   8001 |    0.20        0.20
GET      /api/audio/levels                                                                  3   3(100.00%) |   8002    8001    8002   8001 |    0.00        0.00
GET      /api/audio/levels (during plugin swap)                                             4    3(75.00%) |   6006      19    8002   8000 |    0.00        0.00
GET      /api/audio/levels/plugins                                                          2   2(100.00%) |   8001    8001    8001   8001 |    0.10        0.10
GET      /api/audio/status                                                                  2     0(0.00%) |      2       2       2      2 |    0.00        0.00
GET      /api/chains/                                                                      19   15(78.95%) |   6341       6    8002   8000 |    0.20        0.20
GET      /api/chains/{id}                                                                   2     0(0.00%) |     29      18      39     18 |    0.00        0.00
POST     /api/chains/{id}/activate                                                          2     0(0.00%) |      8       7       8      8 |    0.00        0.00
POST     /api/chains/{id}/deactivate                                                        2     0(0.00%) |      4       3       6      3 |    0.00        0.00
GET      /api/plugins/discover                                                             16   12(75.00%) |   6006      11    8003   8000 |    0.00        0.00
GET      /api/plugins/list                                                                 18   14(77.78%) |   6225       1    8004   8000 |    0.50        0.50
POST     /api/plugins/load?uri                                                              2   2(100.00%) |   8004    8001    8008   8001 |    0.00        0.00
POST     /api/plugins/unload?uri                                                            2   2(100.00%) |   8001    8001    8002   8001 |    0.00        0.00
--------|----------------------------------------------------------------------------|-------|-------------|-------|-------|-------|-------|--------|-----------
         Aggregated                                                                        77   56(72.73%) |   5828       1    8008   8000 |    1.00        1.00

Type     Name                                                                          # reqs      # fails |    Avg     Min     Max    Med |   req/s  failures/s
--------|----------------------------------------------------------------------------|-------|-------------|-------|-------|-------|-------|--------|-----------
GET      /api/audio/latency                                                                 3   3(100.00%) |   8002    8001    8002   8001 |    0.20        0.20
GET      /api/audio/levels                                                                  4   4(100.00%) |   8001    8001    8002   8001 |    0.00        0.00
GET      /api/audio/levels (during plugin swap)                                             4    3(75.00%) |   6006      19    8002   8000 |    0.00        0.00
GET      /api/audio/levels/plugins                                                          2   2(100.00%) |   8001    8001    8001   8001 |    0.10        0.10
GET      /api/audio/status                                                                  2     0(0.00%) |      2       2       2      2 |    0.00        0.00
GET      /api/chains/                                                                      19   15(78.95%) |   6341       6    8002   8000 |    0.20        0.20
GET      /api/chains/{id}                                                                   2     0(0.00%) |     29      18      39     18 |    0.00        0.00
POST     /api/chains/{id}/activate                                                          2     0(0.00%) |      8       7       8      8 |    0.00        0.00
POST     /api/chains/{id}/deactivate                                                        2     0(0.00%) |      4       3       6      3 |    0.00        0.00
GET      /api/plugins/discover                                                             17   13(76.47%) |   6123      11    8003   8000 |    0.20        0.20
GET      /api/plugins/list                                                                 19   15(78.95%) |   6318       1    8004   8000 |    0.60        0.60
POST     /api/plugins/load?uri                                                              2   2(100.00%) |   8004    8001    8008   8001 |    0.00        0.00
POST     /api/plugins/unload?uri                                                            2   2(100.00%) |   8001    8001    8002   8001 |    0.10        0.10
--------|----------------------------------------------------------------------------|-------|-------------|-------|-------|-------|-------|--------|-----------
         Aggregated                                                                        80   59(73.75%) |   5909       1    8008   8000 |    1.40        1.40

Type     Name                                                                          # reqs      # fails |    Avg     Min     Max    Med |   req/s  failures/s
--------|----------------------------------------------------------------------------|-------|-------------|-------|-------|-------|-------|--------|-----------
GET      /api/audio/latency                                                                 3   3(100.00%) |   8002    8001    8002   8001 |    0.20        0.20
GET      /api/audio/levels                                                                  4   4(100.00%) |   8001    8001    8002   8001 |    0.00        0.00
GET      /api/audio/levels (during plugin swap)                                             5    4(80.00%) |   6405      19    8002   8000 |    0.00        0.00
GET      /api/audio/levels/plugins                                                          2   2(100.00%) |   8001    8001    8001   8001 |    0.10        0.10
GET      /api/audio/status                                                                  2     0(0.00%) |      2       2       2      2 |    0.00        0.00
GET      /api/chains/                                                                      19   15(78.95%) |   6341       6    8002   8000 |    0.20        0.20
GET      /api/chains/{id}                                                                   2     0(0.00%) |     29      18      39     18 |    0.00        0.00
POST     /api/chains/{id}/activate                                                          2     0(0.00%) |      8       7       8      8 |    0.00        0.00
POST     /api/chains/{id}/deactivate                                                        2     0(0.00%) |      4       3       6      3 |    0.00        0.00
GET      /api/plugins/discover                                                             17   13(76.47%) |   6123      11    8003   8000 |    0.20        0.20
GET      /api/plugins/list                                                                 19   15(78.95%) |   6318       1    8004   8000 |    0.60        0.60
POST     /api/plugins/load?uri                                                              2   2(100.00%) |   8004    8001    8008   8001 |    0.00        0.00
POST     /api/plugins/unload?uri                                                            2   2(100.00%) |   8001    8001    8002   8001 |    0.10        0.10
--------|----------------------------------------------------------------------------|-------|-------------|-------|-------|-------|-------|--------|-----------
         Aggregated                                                                        81   60(74.07%) |   5935       1    8008   8000 |    1.40        1.40

Type     Name                                                                          # reqs      # fails |    Avg     Min     Max    Med |   req/s  failures/s
--------|----------------------------------------------------------------------------|-------|-------------|-------|-------|-------|-------|--------|-----------
GET      /api/audio/latency                                                                 3   3(100.00%) |   8002    8001    8002   8001 |    0.20        0.20
GET      /api/audio/levels                                                                  4   4(100.00%) |   8001    8001    8002   8001 |    0.00        0.00
GET      /api/audio/levels (during plugin swap)                                             5    4(80.00%) |   6405      19    8002   8000 |    0.00        0.00
GET      /api/audio/levels/plugins                                                          2   2(100.00%) |   8001    8001    8001   8001 |    0.10        0.10
GET      /api/audio/status                                                                  2     0(0.00%) |      2       2       2      2 |    0.00        0.00
GET      /api/chains/                                                                      19   15(78.95%) |   6341       6    8002   8000 |    0.20        0.20
GET      /api/chains/{id}                                                                   2     0(0.00%) |     29      18      39     18 |    0.00        0.00
POST     /api/chains/{id}/activate                                                          2     0(0.00%) |      8       7       8      8 |    0.00        0.00
POST     /api/chains/{id}/deactivate                                                        2     0(0.00%) |      4       3       6      3 |    0.00        0.00
GET      /api/plugins/discover                                                             17   13(76.47%) |   6123      11    8003   8000 |    0.20        0.20
GET      /api/plugins/list                                                                 19   15(78.95%) |   6318       1    8004   8000 |    0.60        0.60
POST     /api/plugins/load?uri                                                              2   2(100.00%) |   8004    8001    8008   8001 |    0.00        0.00
POST     /api/plugins/unload?uri                                                            2   2(100.00%) |   8001    8001    8002   8001 |    0.10        0.10
--------|----------------------------------------------------------------------------|-------|-------------|-------|-------|-------|-------|--------|-----------
         Aggregated                                                                        81   60(74.07%) |   5935       1    8008   8000 |    1.40        1.40

Type     Name                                                                          # reqs      # fails |    Avg     Min     Max    Med |   req/s  failures/s
--------|----------------------------------------------------------------------------|-------|-------------|-------|-------|-------|-------|--------|-----------
GET      /api/audio/latency                                                                 3   3(100.00%) |   8002    8001    8002   8001 |    0.00        0.00
GET      /api/audio/levels                                                                  5   5(100.00%) |   8001    8001    8002   8001 |    0.10        0.10
GET      /api/audio/levels (during plugin swap)                                             5    4(80.00%) |   6405      19    8002   8000 |    0.10        0.10
GET      /api/audio/levels/plugins                                                          2   2(100.00%) |   8001    8001    8001   8001 |    0.00        0.00
GET      /api/audio/status                                                                  2     0(0.00%) |      2       2       2      2 |    0.00        0.00
GET      /api/chains/                                                                      20   16(80.00%) |   6424       6    8002   8000 |    0.00        0.00
GET      /api/chains/{id}                                                                   3    1(33.33%) |   2686      18    8001     40 |    0.00        0.00
POST     /api/chains/{id}/activate                                                          2     0(0.00%) |      8       7       8      8 |    0.00        0.00
POST     /api/chains/{id}/deactivate                                                        2     0(0.00%) |      4       3       6      3 |    0.00        0.00
GET      /api/plugins/discover                                                             18   14(77.78%) |   6227      11    8003   8000 |    0.50        0.50
GET      /api/plugins/list                                                                 19   15(78.95%) |   6318       1    8004   8000 |    0.20        0.20
POST     /api/plugins/load?uri                                                              2   2(100.00%) |   8004    8001    8008   8001 |    0.00        0.00
POST     /api/plugins/unload?uri                                                            2   2(100.00%) |   8001    8001    8002   8001 |    0.10        0.10
--------|----------------------------------------------------------------------------|-------|-------------|-------|-------|-------|-------|--------|-----------
         Aggregated                                                                        85   64(75.29%) |   6032       1    8008   8000 |    1.00        1.00

Type     Name                                                                          # reqs      # fails |    Avg     Min     Max    Med |   req/s  failures/s
--------|----------------------------------------------------------------------------|-------|-------------|-------|-------|-------|-------|--------|-----------
GET      /api/audio/latency                                                                 4   4(100.00%) |   8002    8001    8002   8001 |    0.00        0.00
GET      /api/audio/levels                                                                  6   6(100.00%) |   8001    8001    8002   8001 |    0.20        0.20
GET      /api/audio/levels (during plugin swap)                                             5    4(80.00%) |   6405      19    8002   8000 |    0.10        0.10
GET      /api/audio/levels/plugins                                                          2   2(100.00%) |   8001    8001    8001   8001 |    0.00        0.00
GET      /api/audio/status                                                                  2     0(0.00%) |      2       2       2      2 |    0.00        0.00
GET      /api/chains/                                                                      22   18(81.82%) |   6567       6    8002   8000 |    0.10        0.10
GET      /api/chains/{id}                                                                   3    1(33.33%) |   2686      18    8001     40 |    0.10        0.10
POST     /api/chains/{id}/activate                                                          2     0(0.00%) |      8       7       8      8 |    0.00        0.00
POST     /api/chains/{id}/deactivate                                                        2     0(0.00%) |      4       3       6      3 |    0.00        0.00
GET      /api/plugins/discover                                                             19   15(78.95%) |   6321      11    8003   8000 |    0.60        0.60
GET      /api/plugins/list                                                                 19   15(78.95%) |   6318       1    8004   8000 |    0.20        0.20
POST     /api/plugins/load?uri                                                              2   2(100.00%) |   8004    8001    8008   8001 |    0.00        0.00
POST     /api/plugins/unload?uri                                                            2   2(100.00%) |   8001    8001    8002   8001 |    0.10        0.10
--------|----------------------------------------------------------------------------|-------|-------------|-------|-------|-------|-------|--------|-----------
         Aggregated                                                                        90   69(76.67%) |   6142       1    8008   8000 |    1.40        1.40

Type     Name                                                                          # reqs      # fails |    Avg     Min     Max    Med |   req/s  failures/s
--------|----------------------------------------------------------------------------|-------|-------------|-------|-------|-------|-------|--------|-----------
GET      /api/audio/latency                                                                 4   4(100.00%) |   8002    8001    8002   8001 |    0.00        0.00
GET      /api/audio/levels                                                                  6   6(100.00%) |   8001    8001    8002   8001 |    0.20        0.20
GET      /api/audio/levels (during plugin swap)                                             5    4(80.00%) |   6405      19    8002   8000 |    0.10        0.10
GET      /api/audio/levels/plugins                                                          2   2(100.00%) |   8001    8001    8001   8001 |    0.00        0.00
GET      /api/audio/status                                                                  2     0(0.00%) |      2       2       2      2 |    0.00        0.00
GET      /api/chains/                                                                      23   19(82.61%) |   6629       6    8002   8000 |    0.10        0.10
GET      /api/chains/{id}                                                                   3    1(33.33%) |   2686      18    8001     40 |    0.10        0.10
POST     /api/chains/{id}/activate                                                          2     0(0.00%) |      8       7       8      8 |    0.00        0.00
POST     /api/chains/{id}/deactivate                                                        2     0(0.00%) |      4       3       6      3 |    0.00        0.00
GET      /api/plugins/discover                                                             19   15(78.95%) |   6321      11    8003   8000 |    0.60        0.60
GET      /api/plugins/list                                                                 19   15(78.95%) |   6318       1    8004   8000 |    0.20        0.20
POST     /api/plugins/load?uri                                                              2   2(100.00%) |   8004    8001    8008   8001 |    0.00        0.00
POST     /api/plugins/unload?uri                                                            2   2(100.00%) |   8001    8001    8002   8001 |    0.10        0.10
--------|----------------------------------------------------------------------------|-------|-------------|-------|-------|-------|-------|--------|-----------
         Aggregated                                                                        91   70(76.92%) |   6162       1    8008   8000 |    1.40        1.40

Type     Name                                                                          # reqs      # fails |    Avg     Min     Max    Med |   req/s  failures/s
--------|----------------------------------------------------------------------------|-------|-------------|-------|-------|-------|-------|--------|-----------
GET      /api/audio/latency                                                                 4   4(100.00%) |   8002    8001    8002   8001 |    0.00        0.00
GET      /api/audio/levels                                                                  6   6(100.00%) |   8001    8001    8002   8001 |    0.20        0.20
GET      /api/audio/levels (during plugin swap)                                             5    4(80.00%) |   6405      19    8002   8000 |    0.10        0.10
GET      /api/audio/levels/plugins                                                          2   2(100.00%) |   8001    8001    8001   8001 |    0.00        0.00
GET      /api/audio/status                                                                  2     0(0.00%) |      2       2       2      2 |    0.00        0.00
GET      /api/chains/                                                                      23   19(82.61%) |   6629       6    8002   8000 |    0.10        0.10
GET      /api/chains/{id}                                                                   3    1(33.33%) |   2686      18    8001     40 |    0.10        0.10
POST     /api/chains/{id}/activate                                                          2     0(0.00%) |      8       7       8      8 |    0.00        0.00
POST     /api/chains/{id}/deactivate                                                        2     0(0.00%) |      4       3       6      3 |    0.00        0.00
GET      /api/plugins/discover                                                             19   15(78.95%) |   6321      11    8003   8000 |    0.60        0.60
GET      /api/plugins/list                                                                 19   15(78.95%) |   6318       1    8004   8000 |    0.20        0.20
POST     /api/plugins/load?uri                                                              2   2(100.00%) |   8004    8001    8008   8001 |    0.00        0.00
POST     /api/plugins/unload?uri                                                            2   2(100.00%) |   8001    8001    8002   8001 |    0.10        0.10
--------|----------------------------------------------------------------------------|-------|-------------|-------|-------|-------|-------|--------|-----------
         Aggregated                                                                        91   70(76.92%) |   6162       1    8008   8000 |    1.40        1.40

Type     Name                                                                          # reqs      # fails |    Avg     Min     Max    Med |   req/s  failures/s
--------|----------------------------------------------------------------------------|-------|-------------|-------|-------|-------|-------|--------|-----------
GET      /api/audio/latency                                                                 5   5(100.00%) |   8001    8001    8002   8001 |    0.10        0.10
GET      /api/audio/levels                                                                  6   6(100.00%) |   8001    8001    8002   8001 |    0.20        0.20
GET      /api/audio/levels (during plugin swap)                                             5    4(80.00%) |   6405      19    8002   8000 |    0.00        0.00
GET      /api/audio/levels/plugins                                                          2   2(100.00%) |   8001    8001    8001   8001 |    0.00        0.00
GET      /api/audio/status                                                                  2     0(0.00%) |      2       2       2      2 |    0.00        0.00
GET      /api/chains/                                                                      24   20(83.33%) |   6687       6    8002   8000 |    0.40        0.40
GET      /api/chains/{id}                                                                   3    1(33.33%) |   2686      18    8001     40 |    0.10        0.10
POST     /api/chains/{id}/activate                                                          3    1(33.33%) |   2672       7    8001      8 |    0.00        0.00
POST     /api/chains/{id}/deactivate                                                        2     0(0.00%) |      4       3       6      3 |    0.00        0.00
GET      /api/plugins/discover                                                             19   15(78.95%) |   6321      11    8003   8000 |    0.20        0.20
GET      /api/plugins/list                                                                 20   16(80.00%) |   6402       1    8004   8000 |    0.00        0.00
POST     /api/plugins/load?uri                                                              2   2(100.00%) |   8004    8001    8008   8001 |    0.00        0.00
POST     /api/plugins/unload?uri                                                            2   2(100.00%) |   8001    8001    8002   8001 |    0.00        0.00
--------|----------------------------------------------------------------------------|-------|-------------|-------|-------|-------|-------|--------|-----------
         Aggregated                                                                        95   74(77.89%) |   6240       1    8008   8000 |    1.00        1.00

Type     Name                                                                          # reqs      # fails |    Avg     Min     Max    Med |   req/s  failures/s
--------|----------------------------------------------------------------------------|-------|-------------|-------|-------|-------|-------|--------|-----------
GET      /api/audio/latency                                                                 6   6(100.00%) |   8001    8001    8002   8001 |    0.10        0.10
GET      /api/audio/levels                                                                  7   7(100.00%) |   8001    8001    8002   8001 |    0.20        0.20
GET      /api/audio/levels (during plugin swap)                                             5    4(80.00%) |   6405      19    8002   8000 |    0.00        0.00
GET      /api/audio/levels/plugins                                                          2   2(100.00%) |   8001    8001    8001   8001 |    0.00        0.00
GET      /api/audio/status                                                                  2     0(0.00%) |      2       2       2      2 |    0.00        0.00
GET      /api/chains/                                                                      24   20(83.33%) |   6687       6    8002   8000 |    0.40        0.40
GET      /api/chains/{id}                                                                   3    1(33.33%) |   2686      18    8001     40 |    0.10        0.10
POST     /api/chains/{id}/activate                                                          3    1(33.33%) |   2672       7    8001      8 |    0.00        0.00
POST     /api/chains/{id}/deactivate                                                        2     0(0.00%) |      4       3       6      3 |    0.00        0.00
GET      /api/plugins/discover                                                             19   15(78.95%) |   6321      11    8003   8000 |    0.20        0.20
GET      /api/plugins/list                                                                 22   18(81.82%) |   6548       1    8004   8000 |    0.00        0.00
POST     /api/plugins/load?uri                                                              2   2(100.00%) |   8004    8001    8008   8001 |    0.00        0.00
POST     /api/plugins/unload?uri                                                            2   2(100.00%) |   8001    8001    8002   8001 |    0.00        0.00
--------|----------------------------------------------------------------------------|-------|-------------|-------|-------|-------|-------|--------|-----------
         Aggregated                                                                        99   78(78.79%) |   6311       1    8008   8000 |    1.00        1.00

Type     Name                                                                          # reqs      # fails |    Avg     Min     Max    Med |   req/s  failures/s
--------|----------------------------------------------------------------------------|-------|-------------|-------|-------|-------|-------|--------|-----------
GET      /api/audio/latency                                                                 6   6(100.00%) |   8001    8001    8002   8001 |    0.20        0.20
GET      /api/audio/levels                                                                  7   7(100.00%) |   8001    8001    8002   8001 |    0.20        0.20
GET      /api/audio/levels (during plugin swap)                                             5    4(80.00%) |   6405      19    8002   8000 |    0.00        0.00
GET      /api/audio/levels/plugins                                                          2   2(100.00%) |   8001    8001    8001   8001 |    0.00        0.00
GET      /api/audio/status                                                                  2     0(0.00%) |      2       2       2      2 |    0.00        0.00
GET      /api/chains/                                                                      25   21(84.00%) |   6739       6    8002   8000 |    0.50        0.50
GET      /api/chains/{id}                                                                   3    1(33.33%) |   2686      18    8001     40 |    0.10        0.10
POST     /api/chains/{id}/activate                                                          3    1(33.33%) |   2672       7    8001      8 |    0.10        0.10
POST     /api/chains/{id}/deactivate                                                        2     0(0.00%) |      4       3       6      3 |    0.00        0.00
GET      /api/plugins/discover                                                             19   15(78.95%) |   6321      11    8003   8000 |    0.20        0.20
GET      /api/plugins/list                                                                 23   19(82.61%) |   6611       1    8004   8000 |    0.10        0.10
POST     /api/plugins/load?uri                                                              2   2(100.00%) |   8004    8001    8008   8001 |    0.00        0.00
POST     /api/plugins/unload?uri                                                            2   2(100.00%) |   8001    8001    8002   8001 |    0.00        0.00
--------|----------------------------------------------------------------------------|-------|-------------|-------|-------|-------|-------|--------|-----------
         Aggregated                                                                       101   80(79.21%) |   6344       1    8008   8000 |    1.40        1.40

Type     Name                                                                          # reqs      # fails |    Avg     Min     Max    Med |   req/s  failures/s
--------|----------------------------------------------------------------------------|-------|-------------|-------|-------|-------|-------|--------|-----------
GET      /api/audio/latency                                                                 6   6(100.00%) |   8001    8001    8002   8001 |    0.20        0.20
GET      /api/audio/levels                                                                  7   7(100.00%) |   8001    8001    8002   8001 |    0.20        0.20
GET      /api/audio/levels (during plugin swap)                                             5    4(80.00%) |   6405      19    8002   8000 |    0.00        0.00
GET      /api/audio/levels/plugins                                                          2   2(100.00%) |   8001    8001    8001   8001 |    0.00        0.00
GET      /api/audio/status                                                                  2     0(0.00%) |      2       2       2      2 |    0.00        0.00
GET      /api/chains/                                                                      25   21(84.00%) |   6739       6    8002   8000 |    0.50        0.50
GET      /api/chains/{id}                                                                   3    1(33.33%) |   2686      18    8001     40 |    0.10        0.10
POST     /api/chains/{id}/activate                                                          3    1(33.33%) |   2672       7    8001      8 |    0.10        0.10
POST     /api/chains/{id}/deactivate                                                        2     0(0.00%) |      4       3       6      3 |    0.00        0.00
GET      /api/plugins/discover                                                             19   15(78.95%) |   6321      11    8003   8000 |    0.20        0.20
GET      /api/plugins/list                                                                 23   19(82.61%) |   6611       1    8004   8000 |    0.10        0.10
POST     /api/plugins/load?uri                                                              2   2(100.00%) |   8004    8001    8008   8001 |    0.00        0.00
POST     /api/plugins/unload?uri                                                            2   2(100.00%) |   8001    8001    8002   8001 |    0.00        0.00
--------|----------------------------------------------------------------------------|-------|-------------|-------|-------|-------|-------|--------|-----------
         Aggregated                                                                       101   80(79.21%) |   6344       1    8008   8000 |    1.40        1.40

Type     Name                                                                          # reqs      # fails |    Avg     Min     Max    Med |   req/s  failures/s
--------|----------------------------------------------------------------------------|-------|-------------|-------|-------|-------|-------|--------|-----------
GET      /api/audio/latency                                                                 6   6(100.00%) |   8001    8001    8002   8001 |    0.20        0.20
GET      /api/audio/levels                                                                  8   8(100.00%) |   8001    8001    8002   8001 |    0.10        0.10
GET      /api/audio/levels (during plugin swap)                                             5    4(80.00%) |   6405      19    8002   8000 |    0.00        0.00
GET      /api/audio/levels/plugins                                                          2   2(100.00%) |   8001    8001    8001   8001 |    0.00        0.00
GET      /api/audio/status                                                                  3    1(33.33%) |   2668       2    8001      2 |    0.00        0.00
GET      /api/chains/                                                                      25   21(84.00%) |   6739       6    8002   8000 |    0.20        0.20
GET      /api/chains/{id}                                                                   3    1(33.33%) |   2686      18    8001     40 |    0.00        0.00
POST     /api/chains/{id}/activate                                                          3    1(33.33%) |   2672       7    8001      8 |    0.10        0.10
POST     /api/chains/{id}/deactivate                                                        2     0(0.00%) |      4       3       6      3 |    0.00        0.00
GET      /api/plugins/discover                                                             20   16(80.00%) |   6405      11    8003   8000 |    0.00        0.00
GET      /api/plugins/list                                                                 24   20(83.33%) |   6669       1    8004   8000 |    0.40        0.40
POST     /api/plugins/load?uri                                                              2   2(100.00%) |   8004    8001    8008   8001 |    0.00        0.00
POST     /api/plugins/unload?uri                                                            2   2(100.00%) |   8001    8001    8002   8001 |    0.00        0.00
--------|----------------------------------------------------------------------------|-------|-------------|-------|-------|-------|-------|--------|-----------
         Aggregated                                                                       105   84(80.00%) |   6407       1    8008   8000 |    1.00        1.00

Type     Name                                                                          # reqs      # fails |    Avg     Min     Max    Med |   req/s  failures/s
--------|----------------------------------------------------------------------------|-------|-------------|-------|-------|-------|-------|--------|-----------
GET      /api/audio/latency                                                                 7   7(100.00%) |   8001    8001    8002   8001 |    0.20        0.20
GET      /api/audio/levels                                                                  9   9(100.00%) |   8001    8001    8002   8001 |    0.10        0.10
GET      /api/audio/levels (during plugin swap)                                             5    4(80.00%) |   6405      19    8002   8000 |    0.00        0.00
GET      /api/audio/levels/plugins                                                          2   2(100.00%) |   8001    8001    8001   8001 |    0.00        0.00
GET      /api/audio/status                                                                  3    1(33.33%) |   2668       2    8001      2 |    0.00        0.00
GET      /api/chains/                                                                      25   21(84.00%) |   6739       6    8002   8000 |    0.20        0.20
GET      /api/chains/{id}                                                                   3    1(33.33%) |   2686      18    8001     40 |    0.00        0.00
POST     /api/chains/{id}/activate                                                          3    1(33.33%) |   2672       7    8001      8 |    0.10        0.10
POST     /api/chains/{id}/deactivate                                                        2     0(0.00%) |      4       3       6      3 |    0.00        0.00
GET      /api/plugins/discover                                                             22   18(81.82%) |   6550      11    8003   8000 |    0.00        0.00
GET      /api/plugins/list                                                                 24   20(83.33%) |   6669       1    8004   8000 |    0.40        0.40
POST     /api/plugins/load?uri                                                              2   2(100.00%) |   8004    8001    8008   8001 |    0.00        0.00
POST     /api/plugins/unload?uri                                                            2   2(100.00%) |   8001    8001    8002   8001 |    0.00        0.00
--------|----------------------------------------------------------------------------|-------|-------------|-------|-------|-------|-------|--------|-----------
         Aggregated                                                                       109   88(80.73%) |   6466       1    8008   8000 |    1.00        1.00

Type     Name                                                                          # reqs      # fails |    Avg     Min     Max    Med |   req/s  failures/s
--------|----------------------------------------------------------------------------|-------|-------------|-------|-------|-------|-------|--------|-----------
GET      /api/audio/latency                                                                 7   7(100.00%) |   8001    8001    8002   8001 |    0.20        0.20
GET      /api/audio/levels                                                                  9   9(100.00%) |   8001    8001    8002   8001 |    0.20        0.20
GET      /api/audio/levels (during plugin swap)                                             5    4(80.00%) |   6405      19    8002   8000 |    0.00        0.00
GET      /api/audio/levels/plugins                                                          2   2(100.00%) |   8001    8001    8001   8001 |    0.00        0.00
GET      /api/audio/status                                                                  3    1(33.33%) |   2668       2    8001      2 |    0.10        0.10
GET      /api/chains/                                                                      25   21(84.00%) |   6739       6    8002   8000 |    0.20        0.20
GET      /api/chains/{id}                                                                   3    1(33.33%) |   2686      18    8001     40 |    0.00        0.00
POST     /api/chains/{id}/activate                                                          3    1(33.33%) |   2672       7    8001      8 |    0.10        0.10
POST     /api/chains/{id}/deactivate                                                        2     0(0.00%) |      4       3       6      3 |    0.00        0.00
GET      /api/plugins/discover                                                             23   19(82.61%) |   6613      11    8003   8000 |    0.10        0.10
GET      /api/plugins/list                                                                 25   21(84.00%) |   6722       1    8004   8000 |    0.50        0.50
POST     /api/plugins/load?uri                                                              2   2(100.00%) |   8004    8001    8008   8001 |    0.00        0.00
POST     /api/plugins/unload?uri                                                            2   2(100.00%) |   8001    8001    8002   8001 |    0.00        0.00
--------|----------------------------------------------------------------------------|-------|-------------|-------|-------|-------|-------|--------|-----------
         Aggregated                                                                       111   90(81.08%) |   6494       1    8008   8000 |    1.40        1.40

Type     Name                                                                          # reqs      # fails |    Avg     Min     Max    Med |   req/s  failures/s
--------|----------------------------------------------------------------------------|-------|-------------|-------|-------|-------|-------|--------|-----------
GET      /api/audio/latency                                                                 7   7(100.00%) |   8001    8001    8002   8001 |    0.20        0.20
GET      /api/audio/levels                                                                  9   9(100.00%) |   8001    8001    8002   8001 |    0.20        0.20
GET      /api/audio/levels (during plugin swap)                                             5    4(80.00%) |   6405      19    8002   8000 |    0.00        0.00
GET      /api/audio/levels/plugins                                                          2   2(100.00%) |   8001    8001    8001   8001 |    0.00        0.00
GET      /api/audio/status                                                                  3    1(33.33%) |   2668       2    8001      2 |    0.10        0.10
GET      /api/chains/                                                                      25   21(84.00%) |   6739       6    8002   8000 |    0.20        0.20
GET      /api/chains/{id}                                                                   3    1(33.33%) |   2686      18    8001     40 |    0.00        0.00
POST     /api/chains/{id}/activate                                                          3    1(33.33%) |   2672       7    8001      8 |    0.10        0.10
POST     /api/chains/{id}/deactivate                                                        2     0(0.00%) |      4       3       6      3 |    0.00        0.00
GET      /api/plugins/discover                                                             23   19(82.61%) |   6613      11    8003   8000 |    0.10        0.10
GET      /api/plugins/list                                                                 25   21(84.00%) |   6722       1    8004   8000 |    0.50        0.50
POST     /api/plugins/load?uri                                                              2   2(100.00%) |   8004    8001    8008   8001 |    0.00        0.00
POST     /api/plugins/unload?uri                                                            2   2(100.00%) |   8001    8001    8002   8001 |    0.00        0.00
--------|----------------------------------------------------------------------------|-------|-------------|-------|-------|-------|-------|--------|-----------
         Aggregated                                                                       111   90(81.08%) |   6494       1    8008   8000 |    1.40        1.40

Type     Name                                                                          # reqs      # fails |    Avg     Min     Max    Med |   req/s  failures/s
--------|----------------------------------------------------------------------------|-------|-------------|-------|-------|-------|-------|--------|-----------
GET      /api/audio/latency                                                                 8   8(100.00%) |   8001    8001    8002   8001 |    0.10        0.10
GET      /api/audio/levels                                                                  9   9(100.00%) |   8001    8001    8002   8001 |    0.20        0.20
GET      /api/audio/levels (during plugin swap)                                             5    4(80.00%) |   6405      19    8002   8000 |    0.00        0.00
GET      /api/audio/levels/plugins                                                          2   2(100.00%) |   8001    8001    8001   8001 |    0.00        0.00
GET      /api/audio/status                                                                  3    1(33.33%) |   2668       2    8001      2 |    0.10        0.10
GET      /api/chains/                                                                      26   22(84.62%) |   6788       6    8002   8000 |    0.00        0.00
GET      /api/chains/{id}                                                                   3    1(33.33%) |   2686      18    8001     40 |    0.00        0.00
POST     /api/chains/{id}/activate                                                          3    1(33.33%) |   2672       7    8001      8 |    0.00        0.00
POST     /api/chains/{id}/deactivate                                                        3    1(33.33%) |   2670       3    8001      6 |    0.00        0.00
GET      /api/plugins/discover                                                             24   20(83.33%) |   6671      11    8003   8000 |    0.40        0.40
GET      /api/plugins/list                                                                 25   21(84.00%) |   6722       1    8004   8000 |    0.20        0.20
POST     /api/plugins/load?uri                                                              2   2(100.00%) |   8004    8001    8008   8001 |    0.00        0.00
POST     /api/plugins/unload?uri                                                            2   2(100.00%) |   8001    8001    8002   8001 |    0.00        0.00
--------|----------------------------------------------------------------------------|-------|-------------|-------|-------|-------|-------|--------|-----------
         Aggregated                                                                       115   94(81.74%) |   6546       1    8008   8000 |    1.00        1.00

Type     Name                                                                          # reqs      # fails |    Avg     Min     Max    Med |   req/s  failures/s
--------|----------------------------------------------------------------------------|-------|-------------|-------|-------|-------|-------|--------|-----------
GET      /api/audio/latency                                                                 9   9(100.00%) |   8001    8001    8002   8001 |    0.10        0.10
GET      /api/audio/levels                                                                 10  10(100.00%) |   8001    8001    8002   8001 |    0.20        0.20
GET      /api/audio/levels (during plugin swap)                                             5    4(80.00%) |   6405      19    8002   8000 |    0.00        0.00
GET      /api/audio/levels/plugins                                                          2   2(100.00%) |   8001    8001    8001   8001 |    0.00        0.00
GET      /api/audio/status                                                                  3    1(33.33%) |   2668       2    8001      2 |    0.10        0.10
GET      /api/chains/                                                                      28   24(85.71%) |   6874       6    8002   8000 |    0.00        0.00
GET      /api/chains/{id}                                                                   3    1(33.33%) |   2686      18    8001     40 |    0.00        0.00
POST     /api/chains/{id}/activate                                                          3    1(33.33%) |   2672       7    8001      8 |    0.00        0.00
POST     /api/chains/{id}/deactivate                                                        3    1(33.33%) |   2670       3    8001      6 |    0.00        0.00
GET      /api/plugins/discover                                                             24   20(83.33%) |   6671      11    8003   8000 |    0.40        0.40
GET      /api/plugins/list                                                                 25   21(84.00%) |   6722       1    8004   8000 |    0.20        0.20
POST     /api/plugins/load?uri                                                              2   2(100.00%) |   8004    8001    8008   8001 |    0.00        0.00
POST     /api/plugins/unload?uri                                                            2   2(100.00%) |   8001    8001    8002   8001 |    0.00        0.00
--------|----------------------------------------------------------------------------|-------|-------------|-------|-------|-------|-------|--------|-----------
         Aggregated                                                                       119   98(82.35%) |   6595       1    8008   8000 |    1.00        1.00

Type     Name                                                                          # reqs      # fails |    Avg     Min     Max    Med |   req/s  failures/s
--------|----------------------------------------------------------------------------|-------|-------------|-------|-------|-------|-------|--------|-----------
GET      /api/audio/latency                                                                 9   9(100.00%) |   8001    8001    8002   8001 |    0.20        0.20
GET      /api/audio/levels                                                                 10  10(100.00%) |   8001    8001    8002   8001 |    0.20        0.20
GET      /api/audio/levels (during plugin swap)                                             5    4(80.00%) |   6405      19    8002   8000 |    0.00        0.00
GET      /api/audio/levels/plugins                                                          2   2(100.00%) |   8001    8001    8001   8001 |    0.00        0.00
GET      /api/audio/status                                                                  3    1(33.33%) |   2668       2    8001      2 |    0.10        0.10
GET      /api/chains/                                                                      29   25(86.21%) |   6913       6    8002   8000 |    0.10        0.10
GET      /api/chains/{id}                                                                   3    1(33.33%) |   2686      18    8001     40 |    0.00        0.00
POST     /api/chains/{id}/activate                                                          3    1(33.33%) |   2672       7    8001      8 |    0.00        0.00
POST     /api/chains/{id}/deactivate                                                        3    1(33.33%) |   2670       3    8001      6 |    0.10        0.10
GET      /api/plugins/discover                                                             25   21(84.00%) |   6724      11    8003   8000 |    0.50        0.50
GET      /api/plugins/list                                                                 25   21(84.00%) |   6722       1    8004   8000 |    0.20        0.20
POST     /api/plugins/load?uri                                                              2   2(100.00%) |   8004    8001    8008   8001 |    0.00        0.00
POST     /api/plugins/unload?uri                                                            2   2(100.00%) |   8001    8001    8002   8001 |    0.00        0.00
--------|----------------------------------------------------------------------------|-------|-------------|-------|-------|-------|-------|--------|-----------
         Aggregated                                                                       121  100(82.64%) |   6618       1    8008   8000 |    1.40        1.40

Type     Name                                                                          # reqs      # fails |    Avg     Min     Max    Med |   req/s  failures/s
--------|----------------------------------------------------------------------------|-------|-------------|-------|-------|-------|-------|--------|-----------
GET      /api/audio/latency                                                                 9   9(100.00%) |   8001    8001    8002   8001 |    0.20        0.20
GET      /api/audio/levels                                                                 10  10(100.00%) |   8001    8001    8002   8001 |    0.20        0.20
GET      /api/audio/levels (during plugin swap)                                             5    4(80.00%) |   6405      19    8002   8000 |    0.00        0.00
GET      /api/audio/levels/plugins                                                          2   2(100.00%) |   8001    8001    8001   8001 |    0.00        0.00
GET      /api/audio/status                                                                  3    1(33.33%) |   2668       2    8001      2 |    0.10        0.10
GET      /api/chains/                                                                      29   25(86.21%) |   6913       6    8002   8000 |    0.10        0.10
GET      /api/chains/{id}                                                                   3    1(33.33%) |   2686      18    8001     40 |    0.00        0.00
POST     /api/chains/{id}/activate                                                          3    1(33.33%) |   2672       7    8001      8 |    0.00        0.00
POST     /api/chains/{id}/deactivate                                                        3    1(33.33%) |   2670       3    8001      6 |    0.10        0.10
GET      /api/plugins/discover                                                             25   21(84.00%) |   6724      11    8003   8000 |    0.50        0.50
GET      /api/plugins/list                                                                 25   21(84.00%) |   6722       1    8004   8000 |    0.20        0.20
POST     /api/plugins/load?uri                                                              2   2(100.00%) |   8004    8001    8008   8001 |    0.00        0.00
POST     /api/plugins/unload?uri                                                            2   2(100.00%) |   8001    8001    8002   8001 |    0.00        0.00
--------|----------------------------------------------------------------------------|-------|-------------|-------|-------|-------|-------|--------|-----------
         Aggregated                                                                       121  100(82.64%) |   6618       1    8008   8000 |    1.40        1.40

Type     Name                                                                          # reqs      # fails |    Avg     Min     Max    Med |   req/s  failures/s
--------|----------------------------------------------------------------------------|-------|-------------|-------|-------|-------|-------|--------|-----------
GET      /api/audio/latency                                                                 9   9(100.00%) |   8001    8001    8002   8001 |    0.20        0.20
GET      /api/audio/levels                                                                 12  12(100.00%) |   8001    8001    8002   8001 |    0.10        0.10
GET      /api/audio/levels (during plugin swap)                                             5    4(80.00%) |   6405      19    8002   8000 |    0.00        0.00
GET      /api/audio/levels/plugins                                                          2   2(100.00%) |   8001    8001    8001   8001 |    0.00        0.00
GET      /api/audio/status                                                                  3    1(33.33%) |   2668       2    8001      2 |    0.00        0.00
GET      /api/chains/                                                                      30   26(86.67%) |   6949       6    8002   8000 |    0.40        0.40
GET      /api/chains/{id}                                                                   3    1(33.33%) |   2686      18    8001     40 |    0.00        0.00
POST     /api/chains/{id}/activate                                                          3    1(33.33%) |   2672       7    8001      8 |    0.00        0.00
POST     /api/chains/{id}/deactivate                                                        3    1(33.33%) |   2670       3    8001      6 |    0.10        0.10
GET      /api/plugins/discover                                                             25   21(84.00%) |   6724      11    8003   8000 |    0.20        0.20
GET      /api/plugins/list                                                                 26   22(84.62%) |   6771       1    8004   8000 |    0.00        0.00
POST     /api/plugins/load?uri                                                              2   2(100.00%) |   8004    8001    8008   8001 |    0.00        0.00
POST     /api/plugins/unload?uri                                                            2   2(100.00%) |   8001    8001    8002   8001 |    0.00        0.00
--------|----------------------------------------------------------------------------|-------|-------------|-------|-------|-------|-------|--------|-----------
         Aggregated                                                                       125  104(83.20%) |   6662       1    8008   8000 |    1.00        1.00

Type     Name                                                                          # reqs      # fails |    Avg     Min     Max    Med |   req/s  failures/s
--------|----------------------------------------------------------------------------|-------|-------------|-------|-------|-------|-------|--------|-----------
GET      /api/audio/latency                                                                10  10(100.00%) |   8001    8001    8002   8001 |    0.20        0.20
GET      /api/audio/levels                                                                 13  13(100.00%) |   8001    8001    8002   8001 |    0.10        0.10
GET      /api/audio/levels (during plugin swap)                                             5    4(80.00%) |   6405      19    8002   8000 |    0.00        0.00
GET      /api/audio/levels/plugins                                                          2   2(100.00%) |   8001    8001    8001   8001 |    0.00        0.00
GET      /api/audio/status                                                                  3    1(33.33%) |   2668       2    8001      2 |    0.00        0.00
GET      /api/chains/                                                                      30   26(86.67%) |   6949       6    8002   8000 |    0.40        0.40
GET      /api/chains/{id}                                                                   3    1(33.33%) |   2686      18    8001     40 |    0.00        0.00
POST     /api/chains/{id}/activate                                                          3    1(33.33%) |   2672       7    8001      8 |    0.00        0.00
POST     /api/chains/{id}/deactivate                                                        3    1(33.33%) |   2670       3    8001      6 |    0.10        0.10
GET      /api/plugins/discover                                                             25   21(84.00%) |   6724      11    8003   8000 |    0.20        0.20
GET      /api/plugins/list                                                                 28   24(85.71%) |   6859       1    8004   8000 |    0.00        0.00
POST     /api/plugins/load?uri                                                              2   2(100.00%) |   8004    8001    8008   8001 |    0.00        0.00
POST     /api/plugins/unload?uri                                                            2   2(100.00%) |   8001    8001    8002   8001 |    0.00        0.00
--------|----------------------------------------------------------------------------|-------|-------------|-------|-------|-------|-------|--------|-----------
         Aggregated                                                                       129  108(83.72%) |   6704       1    8008   8000 |    1.00        1.00

Type     Name                                                                          # reqs      # fails |    Avg     Min     Max    Med |   req/s  failures/s
--------|----------------------------------------------------------------------------|-------|-------------|-------|-------|-------|-------|--------|-----------
GET      /api/audio/latency                                                                10  10(100.00%) |   8001    8001    8002   8001 |    0.20        0.20
GET      /api/audio/levels                                                                 14  14(100.00%) |   8001    8001    8002   8001 |    0.30        0.30
GET      /api/audio/levels (during plugin swap)                                             5    4(80.00%) |   6405      19    8002   8000 |    0.00        0.00
GET      /api/audio/levels/plugins                                                          2   2(100.00%) |   8001    8001    8001   8001 |    0.00        0.00
GET      /api/audio/status                                                                  3    1(33.33%) |   2668       2    8001      2 |    0.00        0.00
GET      /api/chains/                                                                      30   26(86.67%) |   6949       6    8002   8000 |    0.50        0.50
GET      /api/chains/{id}                                                                   3    1(33.33%) |   2686      18    8001     40 |    0.00        0.00
POST     /api/chains/{id}/activate                                                          3    1(33.33%) |   2672       7    8001      8 |    0.00        0.00
POST     /api/chains/{id}/deactivate                                                        3    1(33.33%) |   2670       3    8001      6 |    0.10        0.10
GET      /api/plugins/discover                                                             25   21(84.00%) |   6724      11    8003   8000 |    0.20        0.20
GET      /api/plugins/list                                                                 29   25(86.21%) |   6899       1    8004   8000 |    0.10        0.10
POST     /api/plugins/load?uri                                                              2   2(100.00%) |   8004    8001    8008   8001 |    0.00        0.00
POST     /api/plugins/unload?uri                                                            2   2(100.00%) |   8001    8001    8002   8001 |    0.00        0.00
--------|----------------------------------------------------------------------------|-------|-------------|-------|-------|-------|-------|--------|-----------
         Aggregated                                                                       131  110(83.97%) |   6724       1    8008   8000 |    1.40        1.40

Type     Name                                                                          # reqs      # fails |    Avg     Min     Max    Med |   req/s  failures/s
--------|----------------------------------------------------------------------------|-------|-------------|-------|-------|-------|-------|--------|-----------
GET      /api/audio/latency                                                                10  10(100.00%) |   8001    8001    8002   8001 |    0.20        0.20
GET      /api/audio/levels                                                                 14  14(100.00%) |   8001    8001    8002   8001 |    0.30        0.30
GET      /api/audio/levels (during plugin swap)                                             5    4(80.00%) |   6405      19    8002   8000 |    0.00        0.00
GET      /api/audio/levels/plugins                                                          2   2(100.00%) |   8001    8001    8001   8001 |    0.00        0.00
GET      /api/audio/status                                                                  3    1(33.33%) |   2668       2    8001      2 |    0.00        0.00
GET      /api/chains/                                                                      30   26(86.67%) |   6949       6    8002   8000 |    0.50        0.50
GET      /api/chains/{id}                                                                   3    1(33.33%) |   2686      18    8001     40 |    0.00        0.00
POST     /api/chains/{id}/activate                                                          3    1(33.33%) |   2672       7    8001      8 |    0.00        0.00
POST     /api/chains/{id}/deactivate                                                        3    1(33.33%) |   2670       3    8001      6 |    0.10        0.10
GET      /api/plugins/discover                                                             25   21(84.00%) |   6724      11    8003   8000 |    0.20        0.20
GET      /api/plugins/list                                                                 29   25(86.21%) |   6899       1    8004   8000 |    0.10        0.10
POST     /api/plugins/load?uri                                                              2   2(100.00%) |   8004    8001    8008   8001 |    0.00        0.00
POST     /api/plugins/unload?uri                                                            2   2(100.00%) |   8001    8001    8002   8001 |    0.00        0.00
--------|----------------------------------------------------------------------------|-------|-------------|-------|-------|-------|-------|--------|-----------
         Aggregated                                                                       131  110(83.97%) |   6724       1    8008   8000 |    1.40        1.40

Type     Name                                                                          # reqs      # fails |    Avg     Min     Max    Med |   req/s  failures/s
--------|----------------------------------------------------------------------------|-------|-------------|-------|-------|-------|-------|--------|-----------
GET      /api/audio/latency                                                                12  12(100.00%) |   8001    8001    8002   8001 |    0.10        0.10
GET      /api/audio/levels                                                                 14  14(100.00%) |   8001    8001    8002   8001 |    0.40        0.40
GET      /api/audio/levels (during plugin swap)                                             5    4(80.00%) |   6405      19    8002   8000 |    0.00        0.00
GET      /api/audio/levels/plugins                                                          2   2(100.00%) |   8001    8001    8001   8001 |    0.00        0.00
GET      /api/audio/status                                                                  3    1(33.33%) |   2668       2    8001      2 |    0.00        0.00
GET      /api/chains/                                                                      30   26(86.67%) |   6949       6    8002   8000 |    0.10        0.10
GET      /api/chains/{id}                                                                   3    1(33.33%) |   2686      18    8001     40 |    0.00        0.00
POST     /api/chains/{id}/activate                                                          3    1(33.33%) |   2672       7    8001      8 |    0.00        0.00
POST     /api/chains/{id}/deactivate                                                        3    1(33.33%) |   2670       3    8001      6 |    0.00        0.00
GET      /api/plugins/discover                                                             26   22(84.62%) |   6773      11    8003   8000 |    0.00        0.00
GET      /api/plugins/list                                                                 30   26(86.67%) |   6935       1    8004   8000 |    0.40        0.40
POST     /api/plugins/load?uri                                                              2   2(100.00%) |   8004    8001    8008   8001 |    0.00        0.00
POST     /api/plugins/unload?uri                                                            2   2(100.00%) |   8001    8001    8002   8001 |    0.00        0.00
--------|----------------------------------------------------------------------------|-------|-------------|-------|-------|-------|-------|--------|-----------
         Aggregated                                                                       135  114(84.44%) |   6762       1    8008   8000 |    1.00        1.00

Type     Name                                                                          # reqs      # fails |    Avg     Min     Max    Med |   req/s  failures/s
--------|----------------------------------------------------------------------------|-------|-------------|-------|-------|-------|-------|--------|-----------
GET      /api/audio/latency                                                                13  13(100.00%) |   8001    8001    8002   8001 |    0.30        0.30
GET      /api/audio/levels                                                                 14  14(100.00%) |   8001    8001    8002   8001 |    0.40        0.40
GET      /api/audio/levels (during plugin swap)                                             5    4(80.00%) |   6405      19    8002   8000 |    0.00        0.00
GET      /api/audio/levels/plugins                                                          2   2(100.00%) |   8001    8001    8001   8001 |    0.00        0.00
GET      /api/audio/status                                                                  3    1(33.33%) |   2668       2    8001      2 |    0.00        0.00
GET      /api/chains/                                                                      31   27(87.10%) |   6983       6    8002   8000 |    0.10        0.10
GET      /api/chains/{id}                                                                   3    1(33.33%) |   2686      18    8001     40 |    0.00        0.00
POST     /api/chains/{id}/activate                                                          3    1(33.33%) |   2672       7    8001      8 |    0.00        0.00
POST     /api/chains/{id}/deactivate                                                        3    1(33.33%) |   2670       3    8001      6 |    0.00        0.00
GET      /api/plugins/discover                                                             28   24(85.71%) |   6861      11    8003   8000 |    0.10        0.10
GET      /api/plugins/list                                                                 30   26(86.67%) |   6935       1    8004   8000 |    0.50        0.50
POST     /api/plugins/load?uri                                                              2   2(100.00%) |   8004    8001    8008   8001 |    0.00        0.00
POST     /api/plugins/unload?uri                                                            2   2(100.00%) |   8001    8001    8002   8001 |    0.00        0.00
--------|----------------------------------------------------------------------------|-------|-------------|-------|-------|-------|-------|--------|-----------
         Aggregated                                                                       139  118(84.89%) |   6797       1    8008   8000 |    1.40        1.40

Type     Name                                                                          # reqs      # fails |    Avg     Min     Max    Med |   req/s  failures/s
--------|----------------------------------------------------------------------------|-------|-------------|-------|-------|-------|-------|--------|-----------
GET      /api/audio/latency                                                                14  14(100.00%) |   8001    8001    8002   8001 |    0.30        0.30
GET      /api/audio/levels                                                                 14  14(100.00%) |   8001    8001    8002   8001 |    0.40        0.40
GET      /api/audio/levels (during plugin swap)                                             5    4(80.00%) |   6405      19    8002   8000 |    0.00        0.00
GET      /api/audio/levels/plugins                                                          2   2(100.00%) |   8001    8001    8001   8001 |    0.00        0.00
GET      /api/audio/status                                                                  3    1(33.33%) |   2668       2    8001      2 |    0.00        0.00
GET      /api/chains/                                                                      31   27(87.10%) |   6983       6    8002   8000 |    0.10        0.10
GET      /api/chains/{id}                                                                   3    1(33.33%) |   2686      18    8001     40 |    0.00        0.00
POST     /api/chains/{id}/activate                                                          3    1(33.33%) |   2672       7    8001      8 |    0.00        0.00
POST     /api/chains/{id}/deactivate                                                        3    1(33.33%) |   2670       3    8001      6 |    0.00        0.00
GET      /api/plugins/discover                                                             29   25(86.21%) |   6900      11    8003   8000 |    0.10        0.10
GET      /api/plugins/list                                                                 30   26(86.67%) |   6935       1    8004   8000 |    0.50        0.50
POST     /api/plugins/load?uri                                                              2   2(100.00%) |   8004    8001    8008   8001 |    0.00        0.00
POST     /api/plugins/unload?uri                                                            2   2(100.00%) |   8001    8001    8002   8001 |    0.00        0.00
--------|----------------------------------------------------------------------------|-------|-------------|-------|-------|-------|-------|--------|-----------
         Aggregated                                                                       141  120(85.11%) |   6814       1    8008   8000 |    1.40        1.40

Type     Name                                                                          # reqs      # fails |    Avg     Min     Max    Med |   req/s  failures/s
--------|----------------------------------------------------------------------------|-------|-------------|-------|-------|-------|-------|--------|-----------
GET      /api/audio/latency                                                                14  14(100.00%) |   8001    8001    8002   8001 |    0.30        0.30
GET      /api/audio/levels                                                                 14  14(100.00%) |   8001    8001    8002   8001 |    0.40        0.40
GET      /api/audio/levels (during plugin swap)                                             5    4(80.00%) |   6405      19    8002   8000 |    0.00        0.00
GET      /api/audio/levels/plugins                                                          2   2(100.00%) |   8001    8001    8001   8001 |    0.00        0.00
GET      /api/audio/status                                                                  3    1(33.33%) |   2668       2    8001      2 |    0.00        0.00
GET      /api/chains/                                                                      31   27(87.10%) |   6983       6    8002   8000 |    0.10        0.10
GET      /api/chains/{id}                                                                   3    1(33.33%) |   2686      18    8001     40 |    0.00        0.00
POST     /api/chains/{id}/activate                                                          3    1(33.33%) |   2672       7    8001      8 |    0.00        0.00
POST     /api/chains/{id}/deactivate                                                        3    1(33.33%) |   2670       3    8001      6 |    0.00        0.00
GET      /api/plugins/discover                                                             29   25(86.21%) |   6900      11    8003   8000 |    0.10        0.10
GET      /api/plugins/list                                                                 30   26(86.67%) |   6935       1    8004   8000 |    0.50        0.50
POST     /api/plugins/load?uri                                                              2   2(100.00%) |   8004    8001    8008   8001 |    0.00        0.00
POST     /api/plugins/unload?uri                                                            2   2(100.00%) |   8001    8001    8002   8001 |    0.00        0.00
--------|----------------------------------------------------------------------------|-------|-------------|-------|-------|-------|-------|--------|-----------
         Aggregated                                                                       141  120(85.11%) |   6814       1    8008   8000 |    1.40        1.40

Type     Name                                                                          # reqs      # fails |    Avg     Min     Max    Med |   req/s  failures/s
--------|----------------------------------------------------------------------------|-------|-------------|-------|-------|-------|-------|--------|-----------
GET      /api/audio/latency                                                                14  14(100.00%) |   8001    8001    8002   8001 |    0.40        0.40
GET      /api/audio/levels                                                                 15  15(100.00%) |   8001    8001    8002   8001 |    0.00        0.00
GET      /api/audio/levels (during plugin swap)                                             5    4(80.00%) |   6405      19    8002   8000 |    0.00        0.00
GET      /api/audio/levels/plugins                                                          2   2(100.00%) |   8001    8001    8001   8001 |    0.00        0.00
GET      /api/audio/status                                                                  3    1(33.33%) |   2668       2    8001      2 |    0.00        0.00
GET      /api/chains/                                                                      32   28(87.50%) |   7015       6    8002   8000 |    0.10        0.10
GET      /api/chains/{id}                                                                   4    2(50.00%) |   4015      18    8001     40 |    0.00        0.00
POST     /api/chains/{id}/activate                                                          3    1(33.33%) |   2672       7    8001      8 |    0.00        0.00
POST     /api/chains/{id}/deactivate                                                        3    1(33.33%) |   2670       3    8001      6 |    0.00        0.00
GET      /api/plugins/discover                                                             30   26(86.67%) |   6937      11    8003   8000 |    0.40        0.40
GET      /api/plugins/list                                                                 30   26(86.67%) |   6935       1    8004   8000 |    0.10        0.10
POST     /api/plugins/load?uri                                                              2   2(100.00%) |   8004    8001    8008   8001 |    0.00        0.00
POST     /api/plugins/unload?uri                                                            2   2(100.00%) |   8001    8001    8002   8001 |    0.00        0.00
--------|----------------------------------------------------------------------------|-------|-------------|-------|-------|-------|-------|--------|-----------
         Aggregated                                                                       145  124(85.52%) |   6847       1    8008   8000 |    1.00        1.00

Type     Name                                                                          # reqs      # fails |    Avg     Min     Max    Med |   req/s  failures/s
--------|----------------------------------------------------------------------------|-------|-------------|-------|-------|-------|-------|--------|-----------
GET      /api/audio/latency                                                                14  14(100.00%) |   8001    8001    8002   8001 |    0.40        0.40
GET      /api/audio/levels                                                                 16  16(100.00%) |   8001    8001    8002   8001 |    0.10        0.10
GET      /api/audio/levels (during plugin swap)                                             5    4(80.00%) |   6405      19    8002   8000 |    0.00        0.00
GET      /api/audio/levels/plugins                                                          2   2(100.00%) |   8001    8001    8001   8001 |    0.00        0.00
GET      /api/audio/status                                                                  3    1(33.33%) |   2668       2    8001      2 |    0.00        0.00
GET      /api/chains/                                                                      34   30(88.24%) |   7073       6    8002   8000 |    0.20        0.20
GET      /api/chains/{id}                                                                   4    2(50.00%) |   4015      18    8001     40 |    0.10        0.10
POST     /api/chains/{id}/activate                                                          3    1(33.33%) |   2672       7    8001      8 |    0.00        0.00
POST     /api/chains/{id}/deactivate                                                        3    1(33.33%) |   2670       3    8001      6 |    0.00        0.00
GET      /api/plugins/discover                                                             30   26(86.67%) |   6937      11    8003   8000 |    0.50        0.50
GET      /api/plugins/list                                                                 31   27(87.10%) |   6970       1    8004   8000 |    0.10        0.10
POST     /api/plugins/load?uri                                                              2   2(100.00%) |   8004    8001    8008   8001 |    0.00        0.00
POST     /api/plugins/unload?uri                                                            2   2(100.00%) |   8001    8001    8002   8001 |    0.00        0.00
--------|----------------------------------------------------------------------------|-------|-------------|-------|-------|-------|-------|--------|-----------
         Aggregated                                                                       149  128(85.91%) |   6878       1    8008   8000 |    1.40        1.40

Type     Name                                                                          # reqs      # fails |    Avg     Min     Max    Med |   req/s  failures/s
--------|----------------------------------------------------------------------------|-------|-------------|-------|-------|-------|-------|--------|-----------
GET      /api/audio/latency                                                                14  14(100.00%) |   8001    8001    8002   8001 |    0.40        0.40
GET      /api/audio/levels                                                                 17  17(100.00%) |   8001    8001    8002   8001 |    0.10        0.10
GET      /api/audio/levels (during plugin swap)                                             5    4(80.00%) |   6405      19    8002   8000 |    0.00        0.00
GET      /api/audio/levels/plugins                                                          2   2(100.00%) |   8001    8001    8001   8001 |    0.00        0.00
GET      /api/audio/status                                                                  3    1(33.33%) |   2668       2    8001      2 |    0.00        0.00
GET      /api/chains/                                                                      35   31(88.57%) |   7100       6    8002   8000 |    0.20        0.20
GET      /api/chains/{id}                                                                   4    2(50.00%) |   4015      18    8001     40 |    0.10        0.10
POST     /api/chains/{id}/activate                                                          3    1(33.33%) |   2672       7    8001      8 |    0.00        0.00
POST     /api/chains/{id}/deactivate                                                        3    1(33.33%) |   2670       3    8001      6 |    0.00        0.00
GET      /api/plugins/discover                                                             30   26(86.67%) |   6937      11    8003   8000 |    0.50        0.50
GET      /api/plugins/list                                                                 31   27(87.10%) |   6970       1    8004   8000 |    0.10        0.10
POST     /api/plugins/load?uri                                                              2   2(100.00%) |   8004    8001    8008   8001 |    0.00        0.00
POST     /api/plugins/unload?uri                                                            2   2(100.00%) |   8001    8001    8002   8001 |    0.00        0.00
--------|----------------------------------------------------------------------------|-------|-------------|-------|-------|-------|-------|--------|-----------
         Aggregated                                                                       151  130(86.09%) |   6893       1    8008   8000 |    1.40        1.40

Type     Name                                                                          # reqs      # fails |    Avg     Min     Max    Med |   req/s  failures/s
--------|----------------------------------------------------------------------------|-------|-------------|-------|-------|-------|-------|--------|-----------
GET      /api/audio/latency                                                                14  14(100.00%) |   8001    8001    8002   8001 |    0.40        0.40
GET      /api/audio/levels                                                                 17  17(100.00%) |   8001    8001    8002   8001 |    0.10        0.10
GET      /api/audio/levels (during plugin swap)                                             5    4(80.00%) |   6405      19    8002   8000 |    0.00        0.00
GET      /api/audio/levels/plugins                                                          2   2(100.00%) |   8001    8001    8001   8001 |    0.00        0.00
GET      /api/audio/status                                                                  3    1(33.33%) |   2668       2    8001      2 |    0.00        0.00
GET      /api/chains/                                                                      35   31(88.57%) |   7100       6    8002   8000 |    0.20        0.20
GET      /api/chains/{id}                                                                   4    2(50.00%) |   4015      18    8001     40 |    0.10        0.10
POST     /api/chains/{id}/activate                                                          3    1(33.33%) |   2672       7    8001      8 |    0.00        0.00
POST     /api/chains/{id}/deactivate                                                        3    1(33.33%) |   2670       3    8001      6 |    0.00        0.00
GET      /api/plugins/discover                                                             30   26(86.67%) |   6937      11    8003   8000 |    0.50        0.50
GET      /api/plugins/list                                                                 31   27(87.10%) |   6970       1    8004   8000 |    0.10        0.10
POST     /api/plugins/load?uri                                                              2   2(100.00%) |   8004    8001    8008   8001 |    0.00        0.00
POST     /api/plugins/unload?uri                                                            2   2(100.00%) |   8001    8001    8002   8001 |    0.00        0.00
--------|----------------------------------------------------------------------------|-------|-------------|-------|-------|-------|-------|--------|-----------
         Aggregated                                                                       151  130(86.09%) |   6893       1    8008   8000 |    1.40        1.40

Type     Name                                                                          # reqs      # fails |    Avg     Min     Max    Med |   req/s  failures/s
--------|----------------------------------------------------------------------------|-------|-------------|-------|-------|-------|-------|--------|-----------
GET      /api/audio/latency                                                                15  15(100.00%) |   8001    8001    8002   8001 |    0.00        0.00
GET      /api/audio/levels                                                                 18  18(100.00%) |   8001    8001    8002   8001 |    0.30        0.30
GET      /api/audio/levels (during plugin swap)                                             5    4(80.00%) |   6405      19    8002   8000 |    0.00        0.00
GET      /api/audio/levels/plugins                                                          2   2(100.00%) |   8001    8001    8001   8001 |    0.00        0.00
GET      /api/audio/status                                                                  3    1(33.33%) |   2668       2    8001      2 |    0.00        0.00
GET      /api/chains/                                                                      35   31(88.57%) |   7100       6    8002   8000 |    0.40        0.40
GET      /api/chains/{id}                                                                   4    2(50.00%) |   4015      18    8001     40 |    0.10        0.10
POST     /api/chains/{id}/activate                                                          4    2(50.00%) |   4004       7    8001      8 |    0.00        0.00
POST     /api/chains/{id}/deactivate                                                        3    1(33.33%) |   2670       3    8001      6 |    0.00        0.00
GET      /api/plugins/discover                                                             30   26(86.67%) |   6937      11    8003   8000 |    0.10        0.10
GET      /api/plugins/list                                                                 32   28(87.50%) |   7002       1    8004   8000 |    0.10        0.10
POST     /api/plugins/load?uri                                                              2   2(100.00%) |   8004    8001    8008   8001 |    0.00        0.00
POST     /api/plugins/unload?uri                                                            2   2(100.00%) |   8001    8001    8002   8001 |    0.00        0.00
--------|----------------------------------------------------------------------------|-------|-------------|-------|-------|-------|-------|--------|-----------
         Aggregated                                                                       155  134(86.45%) |   6921       1    8008   8000 |    1.00        1.00

Type     Name                                                                          # reqs      # fails |    Avg     Min     Max    Med |   req/s  failures/s
--------|----------------------------------------------------------------------------|-------|-------------|-------|-------|-------|-------|--------|-----------
GET      /api/audio/latency                                                                16  16(100.00%) |   8001    8001    8002   8001 |    0.10        0.10
GET      /api/audio/levels                                                                 18  18(100.00%) |   8001    8001    8002   8001 |    0.40        0.40
GET      /api/audio/levels (during plugin swap)                                             5    4(80.00%) |   6405      19    8002   8000 |    0.00        0.00
GET      /api/audio/levels/plugins                                                          2   2(100.00%) |   8001    8001    8001   8001 |    0.00        0.00
GET      /api/audio/status                                                                  3    1(33.33%) |   2668       2    8001      2 |    0.00        0.00
GET      /api/chains/                                                                      35   31(88.57%) |   7100       6    8002   8000 |    0.40        0.40
GET      /api/chains/{id}                                                                   4    2(50.00%) |   4015      18    8001     40 |    0.10        0.10
POST     /api/chains/{id}/activate                                                          4    2(50.00%) |   4004       7    8001      8 |    0.10        0.10
POST     /api/chains/{id}/deactivate                                                        3    1(33.33%) |   2670       3    8001      6 |    0.00        0.00
GET      /api/plugins/discover                                                             31   27(87.10%) |   6971      11    8003   8000 |    0.10        0.10
GET      /api/plugins/list                                                                 34   30(88.24%) |   7061       1    8004   8000 |    0.20        0.20
POST     /api/plugins/load?uri                                                              2   2(100.00%) |   8004    8001    8008   8001 |    0.00        0.00
POST     /api/plugins/unload?uri                                                            2   2(100.00%) |   8001    8001    8002   8001 |    0.00        0.00
--------|----------------------------------------------------------------------------|-------|-------------|-------|-------|-------|-------|--------|-----------
         Aggregated                                                                       159  138(86.79%) |   6949       1    8008   8000 |    1.40        1.40

Type     Name                                                                          # reqs      # fails |    Avg     Min     Max    Med |   req/s  failures/s
--------|----------------------------------------------------------------------------|-------|-------------|-------|-------|-------|-------|--------|-----------
GET      /api/audio/latency                                                                17  17(100.00%) |   8001    8001    8003   8001 |    0.10        0.10
GET      /api/audio/levels                                                                 18  18(100.00%) |   8001    8001    8002   8001 |    0.40        0.40
GET      /api/audio/levels (during plugin swap)                                             5    4(80.00%) |   6405      19    8002   8000 |    0.00        0.00
GET      /api/audio/levels/plugins                                                          2   2(100.00%) |   8001    8001    8001   8001 |    0.00        0.00
GET      /api/audio/status                                                                  3    1(33.33%) |   2668       2    8001      2 |    0.00        0.00
GET      /api/chains/                                                                      35   31(88.57%) |   7100       6    8002   8000 |    0.40        0.40
GET      /api/chains/{id}                                                                   4    2(50.00%) |   4015      18    8001     40 |    0.10        0.10
POST     /api/chains/{id}/activate                                                          4    2(50.00%) |   4004       7    8001      8 |    0.10        0.10
POST     /api/chains/{id}/deactivate                                                        3    1(33.33%) |   2670       3    8001      6 |    0.00        0.00
GET      /api/plugins/discover                                                             31   27(87.10%) |   6971      11    8003   8000 |    0.10        0.10
GET      /api/plugins/list                                                                 35   31(88.57%) |   7088       1    8004   8000 |    0.20        0.20
POST     /api/plugins/load?uri                                                              2   2(100.00%) |   8004    8001    8008   8001 |    0.00        0.00
POST     /api/plugins/unload?uri                                                            2   2(100.00%) |   8001    8001    8002   8001 |    0.00        0.00
--------|----------------------------------------------------------------------------|-------|-------------|-------|-------|-------|-------|--------|-----------
         Aggregated                                                                       161  140(86.96%) |   6962       1    8008   8000 |    1.40        1.40

Type     Name                                                                          # reqs      # fails |    Avg     Min     Max    Med |   req/s  failures/s
--------|----------------------------------------------------------------------------|-------|-------------|-------|-------|-------|-------|--------|-----------
GET      /api/audio/latency                                                                17  17(100.00%) |   8001    8001    8003   8001 |    0.10        0.10
GET      /api/audio/levels                                                                 18  18(100.00%) |   8001    8001    8002   8001 |    0.40        0.40
GET      /api/audio/levels (during plugin swap)                                             5    4(80.00%) |   6405      19    8002   8000 |    0.00        0.00
GET      /api/audio/levels/plugins                                                          2   2(100.00%) |   8001    8001    8001   8001 |    0.00        0.00
GET      /api/audio/status                                                                  3    1(33.33%) |   2668       2    8001      2 |    0.00        0.00
GET      /api/chains/                                                                      35   31(88.57%) |   7100       6    8002   8000 |    0.40        0.40
GET      /api/chains/{id}                                                                   4    2(50.00%) |   4015      18    8001     40 |    0.10        0.10
POST     /api/chains/{id}/activate                                                          4    2(50.00%) |   4004       7    8001      8 |    0.10        0.10
POST     /api/chains/{id}/deactivate                                                        3    1(33.33%) |   2670       3    8001      6 |    0.00        0.00
GET      /api/plugins/discover                                                             31   27(87.10%) |   6971      11    8003   8000 |    0.10        0.10
GET      /api/plugins/list                                                                 35   31(88.57%) |   7088       1    8004   8000 |    0.20        0.20
POST     /api/plugins/load?uri                                                              2   2(100.00%) |   8004    8001    8008   8001 |    0.00        0.00
POST     /api/plugins/unload?uri                                                            2   2(100.00%) |   8001    8001    8002   8001 |    0.00        0.00
--------|----------------------------------------------------------------------------|-------|-------------|-------|-------|-------|-------|--------|-----------
         Aggregated                                                                       161  140(86.96%) |   6962       1    8008   8000 |    1.40        1.40

Type     Name                                                                          # reqs      # fails |    Avg     Min     Max    Med |   req/s  failures/s
--------|----------------------------------------------------------------------------|-------|-------------|-------|-------|-------|-------|--------|-----------
GET      /api/audio/latency                                                                18  18(100.00%) |   8001    8001    8003   8001 |    0.30        0.30
GET      /api/audio/levels                                                                 18  18(100.00%) |   8001    8001    8002   8001 |    0.10        0.10
GET      /api/audio/levels (during plugin swap)                                             5    4(80.00%) |   6405      19    8002   8000 |    0.00        0.00
GET      /api/audio/levels/plugins                                                          2   2(100.00%) |   8001    8001    8001   8001 |    0.00        0.00
GET      /api/audio/status                                                                  4    2(50.00%) |   4001       2    8001      2 |    0.00        0.00
GET      /api/chains/                                                                      36   32(88.89%) |   7125       6    8002   8000 |    0.00        0.00
GET      /api/chains/{id}                                                                   4    2(50.00%) |   4015      18    8001     40 |    0.00        0.00
POST     /api/chains/{id}/activate                                                          4    2(50.00%) |   4004       7    8001      8 |    0.10        0.10
POST     /api/chains/{id}/deactivate                                                        3    1(33.33%) |   2670       3    8001      6 |    0.00        0.00
GET      /api/plugins/discover                                                             32   28(87.50%) |   7003      11    8003   8000 |    0.10        0.10
GET      /api/plugins/list                                                                 35   31(88.57%) |   7088       1    8004   8000 |    0.40        0.40
POST     /api/plugins/load?uri                                                              2   2(100.00%) |   8004    8001    8008   8001 |    0.00        0.00
POST     /api/plugins/unload?uri                                                            2   2(100.00%) |   8001    8001    8002   8001 |    0.00        0.00
--------|----------------------------------------------------------------------------|-------|-------------|-------|-------|-------|-------|--------|-----------
         Aggregated                                                                       165  144(87.27%) |   6987       1    8008   8000 |    1.00        1.00

Type     Name                                                                          # reqs      # fails |    Avg     Min     Max    Med |   req/s  failures/s
--------|----------------------------------------------------------------------------|-------|-------------|-------|-------|-------|-------|--------|-----------
GET      /api/audio/latency                                                                18  18(100.00%) |   8001    8001    8003   8001 |    0.40        0.40
GET      /api/audio/levels                                                                 19  19(100.00%) |   8001    8001    8002   8001 |    0.10        0.10
GET      /api/audio/levels (during plugin swap)                                             5    4(80.00%) |   6405      19    8002   8000 |    0.00        0.00
GET      /api/audio/levels/plugins                                                          2   2(100.00%) |   8001    8001    8001   8001 |    0.00        0.00
GET      /api/audio/status                                                                  4    2(50.00%) |   4001       2    8001      2 |    0.10        0.10
GET      /api/chains/                                                                      37   33(89.19%) |   7148       6    8002   8000 |    0.10        0.10
GET      /api/chains/{id}                                                                   4    2(50.00%) |   4015      18    8001     40 |    0.00        0.00
POST     /api/chains/{id}/activate                                                          4    2(50.00%) |   4004       7    8001      8 |    0.10        0.10
POST     /api/chains/{id}/deactivate                                                        3    1(33.33%) |   2670       3    8001      6 |    0.00        0.00
GET      /api/plugins/discover                                                             34   30(88.24%) |   7062      11    8003   8000 |    0.20        0.20
GET      /api/plugins/list                                                                 35   31(88.57%) |   7088       1    8004   8000 |    0.40        0.40
POST     /api/plugins/load?uri                                                              2   2(100.00%) |   8004    8001    8008   8001 |    0.00        0.00
POST     /api/plugins/unload?uri                                                            2   2(100.00%) |   8001    8001    8002   8001 |    0.00        0.00
--------|----------------------------------------------------------------------------|-------|-------------|-------|-------|-------|-------|--------|-----------
         Aggregated                                                                       169  148(87.57%) |   7011       1    8008   8000 |    1.40        1.40

Type     Name                                                                          # reqs      # fails |    Avg     Min     Max    Med |   req/s  failures/s
--------|----------------------------------------------------------------------------|-------|-------------|-------|-------|-------|-------|--------|-----------
GET      /api/audio/latency                                                                18  18(100.00%) |   8001    8001    8003   8001 |    0.40        0.40
GET      /api/audio/levels                                                                 19  19(100.00%) |   8001    8001    8002   8001 |    0.10        0.10
GET      /api/audio/levels (during plugin swap)                                             5    4(80.00%) |   6405      19    8002   8000 |    0.00        0.00
GET      /api/audio/levels/plugins                                                          2   2(100.00%) |   8001    8001    8001   8001 |    0.00        0.00
GET      /api/audio/status                                                                  4    2(50.00%) |   4001       2    8001      2 |    0.10        0.10
GET      /api/chains/                                                                      38   34(89.47%) |   7171       6    8002   8000 |    0.10        0.10
GET      /api/chains/{id}                                                                   4    2(50.00%) |   4015      18    8001     40 |    0.00        0.00
POST     /api/chains/{id}/activate                                                          4    2(50.00%) |   4004       7    8001      8 |    0.10        0.10
POST     /api/chains/{id}/deactivate                                                        3    1(33.33%) |   2670       3    8001      6 |    0.00        0.00
GET      /api/plugins/discover                                                             35   31(88.57%) |   7089      11    8003   8000 |    0.30        0.30
GET      /api/plugins/list                                                                 35   31(88.57%) |   7088       1    8004   8000 |    0.40        0.40
POST     /api/plugins/load?uri                                                              2   2(100.00%) |   8004    8001    8008   8001 |    0.00        0.00
POST     /api/plugins/unload?uri                                                            2   2(100.00%) |   8001    8001    8002   8001 |    0.00        0.00
--------|----------------------------------------------------------------------------|-------|-------------|-------|-------|-------|-------|--------|-----------
         Aggregated                                                                       171  150(87.72%) |   7023       1    8008   8000 |    1.50        1.50

Type     Name                                                                          # reqs      # fails |    Avg     Min     Max    Med |   req/s  failures/s
--------|----------------------------------------------------------------------------|-------|-------------|-------|-------|-------|-------|--------|-----------
GET      /api/audio/latency                                                                18  18(100.00%) |   8001    8001    8003   8001 |    0.40        0.40
GET      /api/audio/levels                                                                 19  19(100.00%) |   8001    8001    8002   8001 |    0.10        0.10
GET      /api/audio/levels (during plugin swap)                                             5    4(80.00%) |   6405      19    8002   8000 |    0.00        0.00
GET      /api/audio/levels/plugins                                                          2   2(100.00%) |   8001    8001    8001   8001 |    0.00        0.00
GET      /api/audio/status                                                                  4    2(50.00%) |   4001       2    8001      2 |    0.10        0.10
GET      /api/chains/                                                                      38   34(89.47%) |   7171       6    8002   8000 |    0.10        0.10
GET      /api/chains/{id}                                                                   4    2(50.00%) |   4015      18    8001     40 |    0.00        0.00
POST     /api/chains/{id}/activate                                                          4    2(50.00%) |   4004       7    8001      8 |    0.10        0.10
POST     /api/chains/{id}/deactivate                                                        3    1(33.33%) |   2670       3    8001      6 |    0.00        0.00
GET      /api/plugins/discover                                                             35   31(88.57%) |   7089      11    8003   8000 |    0.30        0.30
GET      /api/plugins/list                                                                 35   31(88.57%) |   7088       1    8004   8000 |    0.40        0.40
POST     /api/plugins/load?uri                                                              2   2(100.00%) |   8004    8001    8008   8001 |    0.00        0.00
POST     /api/plugins/unload?uri                                                            2   2(100.00%) |   8001    8001    8002   8001 |    0.00        0.00
--------|----------------------------------------------------------------------------|-------|-------------|-------|-------|-------|-------|--------|-----------
         Aggregated                                                                       171  150(87.72%) |   7023       1    8008   8000 |    1.50        1.50

Type     Name                                                                          # reqs      # fails |    Avg     Min     Max    Med |   req/s  failures/s
--------|----------------------------------------------------------------------------|-------|-------------|-------|-------|-------|-------|--------|-----------
GET      /api/audio/latency                                                                18  18(100.00%) |   8001    8001    8003   8001 |    0.10        0.10
GET      /api/audio/levels                                                                 21  21(100.00%) |   8001    8001    8002   8001 |    0.10        0.10
GET      /api/audio/levels (during plugin swap)                                             5    4(80.00%) |   6405      19    8002   8000 |    0.00        0.00
GET      /api/audio/levels/plugins                                                          2   2(100.00%) |   8001    8001    8001   8001 |    0.00        0.00
GET      /api/audio/status                                                                  4    2(50.00%) |   4001       2    8001      2 |    0.10        0.10
GET      /api/chains/                                                                      38   34(89.47%) |   7171       6    8002   8000 |    0.30        0.30
GET      /api/chains/{id}                                                                   4    2(50.00%) |   4015      18    8001     40 |    0.00        0.00
POST     /api/chains/{id}/activate                                                          4    2(50.00%) |   4004       7    8001      8 |    0.00        0.00
POST     /api/chains/{id}/deactivate                                                        4    2(50.00%) |   4003       3    8001      6 |    0.00        0.00
GET      /api/plugins/discover                                                             35   31(88.57%) |   7089      11    8003   8000 |    0.40        0.40
GET      /api/plugins/list                                                                 36   32(88.89%) |   7113       1    8004   8000 |    0.00        0.00
POST     /api/plugins/load?uri                                                              2   2(100.00%) |   8004    8001    8008   8001 |    0.00        0.00
POST     /api/plugins/unload?uri                                                            2   2(100.00%) |   8001    8001    8002   8001 |    0.00        0.00
--------|----------------------------------------------------------------------------|-------|-------------|-------|-------|-------|-------|--------|-----------
         Aggregated                                                                       175  154(88.00%) |   7045       1    8008   8000 |    1.00        1.00

Type     Name                                                                          # reqs      # fails |    Avg     Min     Max    Med |   req/s  failures/s
--------|----------------------------------------------------------------------------|-------|-------------|-------|-------|-------|-------|--------|-----------
GET      /api/audio/latency                                                                19  19(100.00%) |   8001    8001    8003   8001 |    0.10        0.10
GET      /api/audio/levels                                                                 22  22(100.00%) |   8001    8001    8002   8001 |    0.30        0.30
GET      /api/audio/levels (during plugin swap)                                             5    4(80.00%) |   6405      19    8002   8000 |    0.00        0.00
GET      /api/audio/levels/plugins                                                          2   2(100.00%) |   8001    8001    8001   8001 |    0.00        0.00
GET      /api/audio/status                                                                  4    2(50.00%) |   4001       2    8001      2 |    0.10        0.10
GET      /api/chains/                                                                      39   35(89.74%) |   7192       6    8002   8000 |    0.30        0.30
GET      /api/chains/{id}                                                                   4    2(50.00%) |   4015      18    8001     40 |    0.00        0.00
POST     /api/chains/{id}/activate                                                          4    2(50.00%) |   4004       7    8001      8 |    0.00        0.00
POST     /api/chains/{id}/deactivate                                                        4    2(50.00%) |   4003       3    8001      6 |    0.10        0.10
GET      /api/plugins/discover                                                             35   31(88.57%) |   7089      11    8003   8000 |    0.40        0.40
GET      /api/plugins/list                                                                 37   33(89.19%) |   7137       1    8004   8000 |    0.10        0.10
POST     /api/plugins/load?uri                                                              2   2(100.00%) |   8004    8001    8008   8001 |    0.00        0.00
POST     /api/plugins/unload?uri                                                            2   2(100.00%) |   8001    8001    8002   8001 |    0.00        0.00
--------|----------------------------------------------------------------------------|-------|-------------|-------|-------|-------|-------|--------|-----------
         Aggregated                                                                       179  158(88.27%) |   7066       1    8008   8000 |    1.40        1.40

Type     Name                                                                          # reqs      # fails |    Avg     Min     Max    Med |   req/s  failures/s
--------|----------------------------------------------------------------------------|-------|-------------|-------|-------|-------|-------|--------|-----------
GET      /api/audio/latency                                                                19  19(100.00%) |   8001    8001    8003   8001 |    0.10        0.10
GET      /api/audio/levels                                                                 23  23(100.00%) |   8001    8001    8002   8001 |    0.30        0.30
GET      /api/audio/levels (during plugin swap)                                             5    4(80.00%) |   6405      19    8002   8000 |    0.00        0.00
GET      /api/audio/levels/plugins                                                          2   2(100.00%) |   8001    8001    8001   8001 |    0.00        0.00
GET      /api/audio/status                                                                  4    2(50.00%) |   4001       2    8001      2 |    0.10        0.10
GET      /api/chains/                                                                      39   35(89.74%) |   7192       6    8002   8000 |    0.30        0.30
GET      /api/chains/{id}                                                                   4    2(50.00%) |   4015      18    8001     40 |    0.00        0.00
POST     /api/chains/{id}/activate                                                          4    2(50.00%) |   4004       7    8001      8 |    0.00        0.00
POST     /api/chains/{id}/deactivate                                                        4    2(50.00%) |   4003       3    8001      6 |    0.10        0.10
GET      /api/plugins/discover                                                             35   31(88.57%) |   7089      11    8003   8000 |    0.40        0.40
GET      /api/plugins/list                                                                 38   34(89.47%) |   7160       1    8004   8000 |    0.10        0.10
POST     /api/plugins/load?uri                                                              2   2(100.00%) |   8004    8001    8008   8001 |    0.00        0.00
POST     /api/plugins/unload?uri                                                            2   2(100.00%) |   8001    8001    8002   8001 |    0.00        0.00
--------|----------------------------------------------------------------------------|-------|-------------|-------|-------|-------|-------|--------|-----------
         Aggregated                                                                       181  160(88.40%) |   7077       1    8008   8000 |    1.40        1.40

Type     Name                                                                          # reqs      # fails |    Avg     Min     Max    Med |   req/s  failures/s
--------|----------------------------------------------------------------------------|-------|-------------|-------|-------|-------|-------|--------|-----------
GET      /api/audio/latency                                                                19  19(100.00%) |   8001    8001    8003   8001 |    0.10        0.10
GET      /api/audio/levels                                                                 23  23(100.00%) |   8001    8001    8002   8001 |    0.30        0.30
GET      /api/audio/levels (during plugin swap)                                             5    4(80.00%) |   6405      19    8002   8000 |    0.00        0.00
GET      /api/audio/levels/plugins                                                          2   2(100.00%) |   8001    8001    8001   8001 |    0.00        0.00
GET      /api/audio/status                                                                  4    2(50.00%) |   4001       2    8001      2 |    0.10        0.10
GET      /api/chains/                                                                      39   35(89.74%) |   7192       6    8002   8000 |    0.30        0.30
GET      /api/chains/{id}                                                                   4    2(50.00%) |   4015      18    8001     40 |    0.00        0.00
POST     /api/chains/{id}/activate                                                          4    2(50.00%) |   4004       7    8001      8 |    0.00        0.00
POST     /api/chains/{id}/deactivate                                                        4    2(50.00%) |   4003       3    8001      6 |    0.10        0.10
GET      /api/plugins/discover                                                             35   31(88.57%) |   7089      11    8003   8000 |    0.40        0.40
GET      /api/plugins/list                                                                 38   34(89.47%) |   7160       1    8004   8000 |    0.10        0.10
POST     /api/plugins/load?uri                                                              2   2(100.00%) |   8004    8001    8008   8001 |    0.00        0.00
POST     /api/plugins/unload?uri                                                            2   2(100.00%) |   8001    8001    8002   8001 |    0.00        0.00
--------|----------------------------------------------------------------------------|-------|-------------|-------|-------|-------|-------|--------|-----------
         Aggregated                                                                       181  160(88.40%) |   7077       1    8008   8000 |    1.40        1.40

Type     Name                                                                          # reqs      # fails |    Avg     Min     Max    Med |   req/s  failures/s
--------|----------------------------------------------------------------------------|-------|-------------|-------|-------|-------|-------|--------|-----------
GET      /api/audio/latency                                                                21  21(100.00%) |   8001    8000    8003   8000 |    0.10        0.10
GET      /api/audio/levels                                                                 24  24(100.00%) |   8001    8001    8002   8001 |    0.40        0.40
GET      /api/audio/levels (during plugin swap)                                             5    4(80.00%) |   6405      19    8002   8000 |    0.00        0.00
GET      /api/audio/levels/plugins                                                          2   2(100.00%) |   8001    8001    8001   8001 |    0.00        0.00
GET      /api/audio/status                                                                  4    2(50.00%) |   4001       2    8001      2 |    0.00        0.00
GET      /api/chains/                                                                      39   35(89.74%) |   7192       6    8002   8000 |    0.20        0.20
GET      /api/chains/{id}                                                                   4    2(50.00%) |   4015      18    8001     40 |    0.00        0.00
POST     /api/chains/{id}/activate                                                          4    2(50.00%) |   4004       7    8001      8 |    0.00        0.00
POST     /api/chains/{id}/deactivate                                                        4    2(50.00%) |   4003       3    8001      6 |    0.10        0.10
GET      /api/plugins/discover                                                             36   32(88.89%) |   7114      11    8003   8000 |    0.00        0.00
GET      /api/plugins/list                                                                 38   34(89.47%) |   7160       1    8004   8000 |    0.30        0.30
POST     /api/plugins/load?uri                                                              2   2(100.00%) |   8004    8001    8008   8001 |    0.00        0.00
POST     /api/plugins/unload?uri                                                            2   2(100.00%) |   8001    8001    8002   8001 |    0.00        0.00
--------|----------------------------------------------------------------------------|-------|-------------|-------|-------|-------|-------|--------|-----------
         Aggregated                                                                       185  164(88.65%) |   7097       1    8008   8000 |    1.10        1.10

Type     Name                                                                          # reqs      # fails |    Avg     Min     Max    Med |   req/s  failures/s
--------|----------------------------------------------------------------------------|-------|-------------|-------|-------|-------|-------|--------|-----------
GET      /api/audio/latency                                                                22  22(100.00%) |   8001    8000    8003   8000 |    0.30        0.30
GET      /api/audio/levels                                                                 24  24(100.00%) |   8001    8001    8002   8001 |    0.50        0.50
GET      /api/audio/levels (during plugin swap)                                             5    4(80.00%) |   6405      19    8002   8000 |    0.00        0.00
GET      /api/audio/levels/plugins                                                          2   2(100.00%) |   8001    8001    8001   8001 |    0.00        0.00
GET      /api/audio/status                                                                  4    2(50.00%) |   4001       2    8001      2 |    0.00        0.00
GET      /api/chains/                                                                      40   36(90.00%) |   7212       6    8002   8000 |    0.10        0.10
GET      /api/chains/{id}                                                                   4    2(50.00%) |   4015      18    8001     40 |    0.00        0.00
POST     /api/chains/{id}/activate                                                          4    2(50.00%) |   4004       7    8001      8 |    0.00        0.00
POST     /api/chains/{id}/deactivate                                                        4    2(50.00%) |   4003       3    8001      6 |    0.10        0.10
GET      /api/plugins/discover                                                             37   33(89.19%) |   7138      11    8003   8000 |    0.10        0.10
GET      /api/plugins/list                                                                 39   35(89.74%) |   7181       1    8004   8000 |    0.30        0.30
POST     /api/plugins/load?uri                                                              2   2(100.00%) |   8004    8001    8008   8001 |    0.00        0.00
POST     /api/plugins/unload?uri                                                            2   2(100.00%) |   8001    8001    8002   8001 |    0.00        0.00
--------|----------------------------------------------------------------------------|-------|-------------|-------|-------|-------|-------|--------|-----------
         Aggregated                                                                       189  168(88.89%) |   7116       1    8008   8000 |    1.40        1.40

Type     Name                                                                          # reqs      # fails |    Avg     Min     Max    Med |   req/s  failures/s
--------|----------------------------------------------------------------------------|-------|-------------|-------|-------|-------|-------|--------|-----------
GET      /api/audio/latency                                                                23  23(100.00%) |   8001    8000    8003   8000 |    0.30        0.30
GET      /api/audio/levels                                                                 24  24(100.00%) |   8001    8001    8002   8001 |    0.50        0.50
GET      /api/audio/levels (during plugin swap)                                             5    4(80.00%) |   6405      19    8002   8000 |    0.00        0.00
GET      /api/audio/levels/plugins                                                          2   2(100.00%) |   8001    8001    8001   8001 |    0.00        0.00
GET      /api/audio/status                                                                  4    2(50.00%) |   4001       2    8001      2 |    0.00        0.00
GET      /api/chains/                                                                      40   36(90.00%) |   7212       6    8002   8000 |    0.10        0.10
GET      /api/chains/{id}                                                                   4    2(50.00%) |   4015      18    8001     40 |    0.00        0.00
POST     /api/chains/{id}/activate                                                          4    2(50.00%) |   4004       7    8001      8 |    0.00        0.00
POST     /api/chains/{id}/deactivate                                                        4    2(50.00%) |   4003       3    8001      6 |    0.10        0.10
GET      /api/plugins/discover                                                             38   34(89.47%) |   7161      11    8003   8000 |    0.10        0.10
GET      /api/plugins/list                                                                 39   35(89.74%) |   7181       1    8004   8000 |    0.30        0.30
POST     /api/plugins/load?uri                                                              2   2(100.00%) |   8004    8001    8008   8001 |    0.00        0.00
POST     /api/plugins/unload?uri                                                            2   2(100.00%) |   8001    8001    8002   8001 |    0.00        0.00
--------|----------------------------------------------------------------------------|-------|-------------|-------|-------|-------|-------|--------|-----------
         Aggregated                                                                       191  170(89.01%) |   7125       1    8008   8000 |    1.40        1.40

Type     Name                                                                          # reqs      # fails |    Avg     Min     Max    Med |   req/s  failures/s
--------|----------------------------------------------------------------------------|-------|-------------|-------|-------|-------|-------|--------|-----------
GET      /api/audio/latency                                                                23  23(100.00%) |   8001    8000    8003   8000 |    0.30        0.30
GET      /api/audio/levels                                                                 24  24(100.00%) |   8001    8001    8002   8001 |    0.50        0.50
GET      /api/audio/levels (during plugin swap)                                             5    4(80.00%) |   6405      19    8002   8000 |    0.00        0.00
GET      /api/audio/levels/plugins                                                          2   2(100.00%) |   8001    8001    8001   8001 |    0.00        0.00
GET      /api/audio/status                                                                  4    2(50.00%) |   4001       2    8001      2 |    0.00        0.00
GET      /api/chains/                                                                      40   36(90.00%) |   7212       6    8002   8000 |    0.10        0.10
GET      /api/chains/{id}                                                                   4    2(50.00%) |   4015      18    8001     40 |    0.00        0.00
POST     /api/chains/{id}/activate                                                          4    2(50.00%) |   4004       7    8001      8 |    0.00        0.00
POST     /api/chains/{id}/deactivate                                                        4    2(50.00%) |   4003       3    8001      6 |    0.10        0.10
GET      /api/plugins/discover                                                             38   34(89.47%) |   7161      11    8003   8000 |    0.10        0.10
GET      /api/plugins/list                                                                 39   35(89.74%) |   7181       1    8004   8000 |    0.30        0.30
POST     /api/plugins/load?uri                                                              2   2(100.00%) |   8004    8001    8008   8001 |    0.00        0.00
POST     /api/plugins/unload?uri                                                            2   2(100.00%) |   8001    8001    8002   8001 |    0.00        0.00
--------|----------------------------------------------------------------------------|-------|-------------|-------|-------|-------|-------|--------|-----------
         Aggregated                                                                       191  170(89.01%) |   7125       1    8008   8000 |    1.40        1.40

Type     Name                                                                          # reqs      # fails |    Avg     Min     Max    Med |   req/s  failures/s
--------|----------------------------------------------------------------------------|-------|-------------|-------|-------|-------|-------|--------|-----------
GET      /api/audio/latency                                                                24  24(100.00%) |   8001    8000    8003   8000 |    0.40        0.40
GET      /api/audio/levels                                                                 26  26(100.00%) |   8001    8001    8002   8001 |    0.10        0.10
GET      /api/audio/levels (during plugin swap)                                             6    5(83.33%) |   6671      19    8002   8000 |    0.00        0.00
GET      /api/audio/levels/plugins                                                          2   2(100.00%) |   8001    8001    8001   8001 |    0.00        0.00
GET      /api/audio/status                                                                  4    2(50.00%) |   4001       2    8001      2 |    0.00        0.00
GET      /api/chains/                                                                      40   36(90.00%) |   7212       6    8002   8000 |    0.10        0.10
GET      /api/chains/{id}                                                                   4    2(50.00%) |   4015      18    8001     40 |    0.00        0.00
POST     /api/chains/{id}/activate                                                          4    2(50.00%) |   4004       7    8001      8 |    0.00        0.00
POST     /api/chains/{id}/deactivate                                                        4    2(50.00%) |   4003       3    8001      6 |    0.00        0.00
GET      /api/plugins/discover                                                             38   34(89.47%) |   7161      11    8003   8000 |    0.30        0.30
GET      /api/plugins/list                                                                 39   35(89.74%) |   7181       1    8004   8000 |    0.10        0.10
POST     /api/plugins/load?uri                                                              2   2(100.00%) |   8004    8001    8008   8001 |    0.00        0.00
POST     /api/plugins/unload?uri                                                            2   2(100.00%) |   8001    8001    8002   8001 |    0.00        0.00
--------|----------------------------------------------------------------------------|-------|-------------|-------|-------|-------|-------|--------|-----------
         Aggregated                                                                       195  174(89.23%) |   7143       1    8008   8000 |    1.00        1.00

Type     Name                                                                          # reqs      # fails |    Avg     Min     Max    Med |   req/s  failures/s
--------|----------------------------------------------------------------------------|-------|-------------|-------|-------|-------|-------|--------|-----------
GET      /api/audio/latency                                                                24  24(100.00%) |   8001    8000    8003   8000 |    0.50        0.50
GET      /api/audio/levels                                                                 26  26(100.00%) |   8001    8001    8002   8001 |    0.10        0.10
GET      /api/audio/levels (during plugin swap)                                             6    5(83.33%) |   6671      19    8002   8000 |    0.00        0.00
GET      /api/audio/levels/plugins                                                          2   2(100.00%) |   8001    8001    8001   8001 |    0.00        0.00
GET      /api/audio/status                                                                  4    2(50.00%) |   4001       2    8001      2 |    0.00        0.00
GET      /api/chains/                                                                      42   38(90.48%) |   7250       6    8002   8000 |    0.10        0.10
GET      /api/chains/{id}                                                                   4    2(50.00%) |   4015      18    8001     40 |    0.00        0.00
POST     /api/chains/{id}/activate                                                          4    2(50.00%) |   4004       7    8001      8 |    0.00        0.00
POST     /api/chains/{id}/deactivate                                                        4    2(50.00%) |   4003       3    8001      6 |    0.00        0.00
GET      /api/plugins/discover                                                             39   35(89.74%) |   7182      11    8003   8000 |    0.30        0.30
GET      /api/plugins/list                                                                 40   36(90.00%) |   7202       1    8004   8000 |    0.10        0.10
POST     /api/plugins/load?uri                                                              2   2(100.00%) |   8004    8001    8008   8001 |    0.00        0.00
POST     /api/plugins/unload?uri                                                            2   2(100.00%) |   8001    8001    8002   8001 |    0.00        0.00
--------|----------------------------------------------------------------------------|-------|-------------|-------|-------|-------|-------|--------|-----------
         Aggregated                                                                       199  178(89.45%) |   7160       1    8008   8000 |    1.10        1.10

Type     Name                                                                          # reqs      # fails |    Avg     Min     Max    Med |   req/s  failures/s
--------|----------------------------------------------------------------------------|-------|-------------|-------|-------|-------|-------|--------|-----------
GET      /api/audio/latency                                                                24  24(100.00%) |   8001    8000    8003   8000 |    0.50        0.50
GET      /api/audio/levels                                                                 27  27(100.00%) |   8001    8001    8002   8001 |    0.30        0.30
GET      /api/audio/levels (during plugin swap)                                             6    5(83.33%) |   6671      19    8002   8000 |    0.10        0.10
GET      /api/audio/levels/plugins                                                          2   2(100.00%) |   8001    8001    8001   8001 |    0.00        0.00
GET      /api/audio/status                                                                  4    2(50.00%) |   4001       2    8001      2 |    0.00        0.00
GET      /api/chains/                                                                      43   39(90.70%) |   7267       6    8002   8000 |    0.10        0.10
GET      /api/chains/{id}                                                                   4    2(50.00%) |   4015      18    8001     40 |    0.00        0.00
POST     /api/chains/{id}/activate                                                          4    2(50.00%) |   4004       7    8001      8 |    0.00        0.00
POST     /api/chains/{id}/deactivate                                                        4    2(50.00%) |   4003       3    8001      6 |    0.00        0.00
GET      /api/plugins/discover                                                             39   35(89.74%) |   7182      11    8003   8000 |    0.30        0.30
GET      /api/plugins/list                                                                 40   36(90.00%) |   7202       1    8004   8000 |    0.10        0.10
POST     /api/plugins/load?uri                                                              2   2(100.00%) |   8004    8001    8008   8001 |    0.00        0.00
POST     /api/plugins/unload?uri                                                            2   2(100.00%) |   8001    8001    8002   8001 |    0.00        0.00
--------|----------------------------------------------------------------------------|-------|-------------|-------|-------|-------|-------|--------|-----------
         Aggregated                                                                       201  180(89.55%) |   7169       1    8008   8000 |    1.40        1.40

Type     Name                                                                          # reqs      # fails |    Avg     Min     Max    Med |   req/s  failures/s
--------|----------------------------------------------------------------------------|-------|-------------|-------|-------|-------|-------|--------|-----------
GET      /api/audio/latency                                                                24  24(100.00%) |   8001    8000    8003   8000 |    0.50        0.50
GET      /api/audio/levels                                                                 27  27(100.00%) |   8001    8001    8002   8001 |    0.30        0.30
GET      /api/audio/levels (during plugin swap)                                             6    5(83.33%) |   6671      19    8002   8000 |    0.10        0.10
GET      /api/audio/levels/plugins                                                          2   2(100.00%) |   8001    8001    8001   8001 |    0.00        0.00
GET      /api/audio/status                                                                  4    2(50.00%) |   4001       2    8001      2 |    0.00        0.00
GET      /api/chains/                                                                      43   39(90.70%) |   7267       6    8002   8000 |    0.10        0.10
GET      /api/chains/{id}                                                                   4    2(50.00%) |   4015      18    8001     40 |    0.00        0.00
POST     /api/chains/{id}/activate                                                          4    2(50.00%) |   4004       7    8001      8 |    0.00        0.00
POST     /api/chains/{id}/deactivate                                                        4    2(50.00%) |   4003       3    8001      6 |    0.00        0.00
GET      /api/plugins/discover                                                             39   35(89.74%) |   7182      11    8003   8000 |    0.30        0.30
GET      /api/plugins/list                                                                 40   36(90.00%) |   7202       1    8004   8000 |    0.10        0.10
POST     /api/plugins/load?uri                                                              2   2(100.00%) |   8004    8001    8008   8001 |    0.00        0.00
POST     /api/plugins/unload?uri                                                            2   2(100.00%) |   8001    8001    8002   8001 |    0.00        0.00
--------|----------------------------------------------------------------------------|-------|-------------|-------|-------|-------|-------|--------|-----------
         Aggregated                                                                       201  180(89.55%) |   7169       1    8008   8000 |    1.40        1.40

Type     Name                                                                          # reqs      # fails |    Avg     Min     Max    Med |   req/s  failures/s
--------|----------------------------------------------------------------------------|-------|-------------|-------|-------|-------|-------|--------|-----------
GET      /api/audio/latency                                                                26  26(100.00%) |   8001    8000    8003   8000 |    0.10        0.10
GET      /api/audio/levels                                                                 27  27(100.00%) |   8001    8001    8002   8001 |    0.30        0.30
GET      /api/audio/levels (during plugin swap)                                             6    5(83.33%) |   6671      19    8002   8000 |    0.10        0.10
GET      /api/audio/levels/plugins                                                          2   2(100.00%) |   8001    8001    8001   8001 |    0.00        0.00
GET      /api/audio/status                                                                  4    2(50.00%) |   4001       2    8001      2 |    0.00        0.00
GET      /api/chains/                                                                      44   40(90.91%) |   7284       6    8002   8000 |    0.30        0.30
GET      /api/chains/{id}                                                                   4    2(50.00%) |   4015      18    8001     40 |    0.00        0.00
POST     /api/chains/{id}/activate                                                          4    2(50.00%) |   4004       7    8001      8 |    0.00        0.00
POST     /api/chains/{id}/deactivate                                                        4    2(50.00%) |   4003       3    8001      6 |    0.00        0.00
GET      /api/plugins/discover                                                             39   35(89.74%) |   7182      11    8003   8000 |    0.10        0.10
GET      /api/plugins/list                                                                 40   36(90.00%) |   7202       1    8004   8000 |    0.10        0.10
POST     /api/plugins/load?uri                                                              3   3(100.00%) |   8003    8001    8008   8001 |    0.00        0.00
POST     /api/plugins/unload?uri                                                            2   2(100.00%) |   8001    8001    8002   8001 |    0.00        0.00
--------|----------------------------------------------------------------------------|-------|-------------|-------|-------|-------|-------|--------|-----------
         Aggregated                                                                       205  184(89.76%) |   7185       1    8008   8000 |    1.00        1.00

Type     Name                                                                          # reqs      # fails |    Avg     Min     Max    Med |   req/s  failures/s
--------|----------------------------------------------------------------------------|-------|-------------|-------|-------|-------|-------|--------|-----------
GET      /api/audio/latency                                                                26  26(100.00%) |   8001    8000    8003   8000 |    0.10        0.10
GET      /api/audio/levels                                                                 27  27(100.00%) |   8001    8001    8002   8001 |    0.30        0.30
GET      /api/audio/levels (during plugin swap)                                             6    5(83.33%) |   6671      19    8002   8000 |    0.10        0.10
GET      /api/audio/levels/plugins                                                          2   2(100.00%) |   8001    8001    8001   8001 |    0.00        0.00
GET      /api/audio/status                                                                  4    2(50.00%) |   4001       2    8001      2 |    0.00        0.00
GET      /api/chains/                                                                      45   41(91.11%) |   7300       6    8002   8000 |    0.40        0.40
GET      /api/chains/{id}                                                                   4    2(50.00%) |   4015      18    8001     40 |    0.00        0.00
POST     /api/chains/{id}/activate                                                          4    2(50.00%) |   4004       7    8001      8 |    0.00        0.00
POST     /api/chains/{id}/deactivate                                                        4    2(50.00%) |   4003       3    8001      6 |    0.00        0.00
GET      /api/plugins/discover                                                             40   36(90.00%) |   7203      11    8003   8000 |    0.10        0.10
GET      /api/plugins/list                                                                 42   38(90.48%) |   7240       1    8004   8000 |    0.10        0.10
POST     /api/plugins/load?uri                                                              3   3(100.00%) |   8003    8001    8008   8001 |    0.00        0.00
POST     /api/plugins/unload?uri                                                            2   2(100.00%) |   8001    8001    8002   8001 |    0.00        0.00
--------|----------------------------------------------------------------------------|-------|-------------|-------|-------|-------|-------|--------|-----------
         Aggregated                                                                       209  188(89.95%) |   7200       1    8008   8000 |    1.10        1.10

Type     Name                                                                          # reqs      # fails |    Avg     Min     Max    Med |   req/s  failures/s
--------|----------------------------------------------------------------------------|-------|-------------|-------|-------|-------|-------|--------|-----------
GET      /api/audio/latency                                                                27  27(100.00%) |   8001    8000    8003   8000 |    0.30        0.30
GET      /api/audio/levels                                                                 27  27(100.00%) |   8001    8001    8002   8001 |    0.30        0.30
GET      /api/audio/levels (during plugin swap)                                             6    5(83.33%) |   6671      19    8002   8000 |    0.10        0.10
GET      /api/audio/levels/plugins                                                          2   2(100.00%) |   8001    8001    8001   8001 |    0.00        0.00
GET      /api/audio/status                                                                  4    2(50.00%) |   4001       2    8001      2 |    0.00        0.00
GET      /api/chains/                                                                      45   41(91.11%) |   7300       6    8002   8000 |    0.40        0.40
GET      /api/chains/{id}                                                                   4    2(50.00%) |   4015      18    8001     40 |    0.00        0.00
POST     /api/chains/{id}/activate                                                          4    2(50.00%) |   4004       7    8001      8 |    0.00        0.00
POST     /api/chains/{id}/deactivate                                                        4    2(50.00%) |   4003       3    8001      6 |    0.00        0.00
GET      /api/plugins/discover                                                             40   36(90.00%) |   7203      11    8003   8000 |    0.10        0.10
GET      /api/plugins/list                                                                 43   39(90.70%) |   7258       1    8004   8000 |    0.10        0.10
POST     /api/plugins/load?uri                                                              3   3(100.00%) |   8003    8001    8008   8001 |    0.10        0.10
POST     /api/plugins/unload?uri                                                            2   2(100.00%) |   8001    8001    8002   8001 |    0.00        0.00
--------|----------------------------------------------------------------------------|-------|-------------|-------|-------|-------|-------|--------|-----------
         Aggregated                                                                       211  190(90.05%) |   7208       1    8008   8000 |    1.40        1.40

Type     Name                                                                          # reqs      # fails |    Avg     Min     Max    Med |   req/s  failures/s
--------|----------------------------------------------------------------------------|-------|-------------|-------|-------|-------|-------|--------|-----------
GET      /api/audio/latency                                                                27  27(100.00%) |   8001    8000    8003   8000 |    0.30        0.30
GET      /api/audio/levels                                                                 27  27(100.00%) |   8001    8001    8002   8001 |    0.30        0.30
GET      /api/audio/levels (during plugin swap)                                             6    5(83.33%) |   6671      19    8002   8000 |    0.10        0.10
GET      /api/audio/levels/plugins                                                          2   2(100.00%) |   8001    8001    8001   8001 |    0.00        0.00
GET      /api/audio/status                                                                  4    2(50.00%) |   4001       2    8001      2 |    0.00        0.00
GET      /api/chains/                                                                      45   41(91.11%) |   7300       6    8002   8000 |    0.40        0.40
GET      /api/chains/{id}                                                                   4    2(50.00%) |   4015      18    8001     40 |    0.00        0.00
POST     /api/chains/{id}/activate                                                          4    2(50.00%) |   4004       7    8001      8 |    0.00        0.00
POST     /api/chains/{id}/deactivate                                                        4    2(50.00%) |   4003       3    8001      6 |    0.00        0.00
GET      /api/plugins/discover                                                             40   36(90.00%) |   7203      11    8003   8000 |    0.10        0.10
GET      /api/plugins/list                                                                 43   39(90.70%) |   7258       1    8004   8000 |    0.10        0.10
POST     /api/plugins/load?uri                                                              3   3(100.00%) |   8003    8001    8008   8001 |    0.10        0.10
POST     /api/plugins/unload?uri                                                            2   2(100.00%) |   8001    8001    8002   8001 |    0.00        0.00
--------|----------------------------------------------------------------------------|-------|-------------|-------|-------|-------|-------|--------|-----------
         Aggregated                                                                       211  190(90.05%) |   7208       1    8008   8000 |    1.40        1.40

Type     Name                                                                          # reqs      # fails |    Avg     Min     Max    Med |   req/s  failures/s
--------|----------------------------------------------------------------------------|-------|-------------|-------|-------|-------|-------|--------|-----------
GET      /api/audio/latency                                                                27  27(100.00%) |   8001    8000    8003   8000 |    0.30        0.30
GET      /api/audio/levels                                                                 27  27(100.00%) |   8001    8001    8002   8001 |    0.00        0.00
GET      /api/audio/levels (during plugin swap)                                             6    5(83.33%) |   6671      19    8002   8000 |    0.00        0.00
GET      /api/audio/levels/plugins                                                          3   3(100.00%) |   8001    8001    8001   8001 |    0.00        0.00
GET      /api/audio/status                                                                  4    2(50.00%) |   4001       2    8001      2 |    0.00        0.00
GET      /api/chains/                                                                      47   43(91.49%) |   7330       6    8002   8000 |    0.20        0.20
GET      /api/chains/{id}                                                                   4    2(50.00%) |   4015      18    8001     40 |    0.00        0.00
POST     /api/chains/{id}/activate                                                          4    2(50.00%) |   4004       7    8001      8 |    0.00        0.00
POST     /api/chains/{id}/deactivate                                                        4    2(50.00%) |   4003       3    8001      6 |    0.00        0.00
GET      /api/plugins/discover                                                             40   36(90.00%) |   7203      11    8003   8000 |    0.10        0.10
GET      /api/plugins/list                                                                 44   40(90.91%) |   7274       1    8004   8000 |    0.30        0.30
POST     /api/plugins/load?uri                                                              3   3(100.00%) |   8003    8001    8008   8001 |    0.10        0.10
POST     /api/plugins/unload?uri                                                            2   2(100.00%) |   8001    8001    8002   8001 |    0.00        0.00
--------|----------------------------------------------------------------------------|-------|-------------|-------|-------|-------|-------|--------|-----------
         Aggregated                                                                       215  194(90.23%) |   7223       1    8008   8000 |    1.00        1.00

Type     Name                                                                          # reqs      # fails |    Avg     Min     Max    Med |   req/s  failures/s
--------|----------------------------------------------------------------------------|-------|-------------|-------|-------|-------|-------|--------|-----------
GET      /api/audio/latency                                                                27  27(100.00%) |   8001    8000    8003   8000 |    0.30        0.30
GET      /api/audio/levels                                                                 27  27(100.00%) |   8001    8001    8002   8001 |    0.00        0.00
GET      /api/audio/levels (during plugin swap)                                             6    5(83.33%) |   6671      19    8002   8000 |    0.00        0.00
GET      /api/audio/levels/plugins                                                          3   3(100.00%) |   8001    8001    8001   8001 |    0.00        0.00
GET      /api/audio/status                                                                  4    2(50.00%) |   4001       2    8001      2 |    0.00        0.00
GET      /api/chains/                                                                      47   43(91.49%) |   7330       6    8002   8000 |    0.20        0.20
GET      /api/chains/{id}                                                                   4    2(50.00%) |   4015      18    8001     40 |    0.00        0.00
POST     /api/chains/{id}/activate                                                          4    2(50.00%) |   4004       7    8001      8 |    0.00        0.00
POST     /api/chains/{id}/deactivate                                                        4    2(50.00%) |   4003       3    8001      6 |    0.00        0.00
GET      /api/plugins/discover                                                             42   38(90.48%) |   7241      11    8003   8000 |    0.10        0.10
GET      /api/plugins/list                                                                 45   41(91.11%) |   7291       1    8004   8000 |    0.40        0.40
POST     /api/plugins/load?uri                                                              3   3(100.00%) |   8003    8001    8008   8001 |    0.10        0.10
POST     /api/plugins/unload?uri                                                            2   2(100.00%) |   8001    8001    8002   8001 |    0.00        0.00
--------|----------------------------------------------------------------------------|-------|-------------|-------|-------|-------|-------|--------|-----------
         Aggregated                                                                       218  197(90.37%) |   7234       1    8008   8000 |    1.10        1.10

Type     Name                                                                          # reqs      # fails |    Avg     Min     Max    Med |   req/s  failures/s
--------|----------------------------------------------------------------------------|-------|-------------|-------|-------|-------|-------|--------|-----------
GET      /api/audio/latency                                                                27  27(100.00%) |   8001    8000    8003   8000 |    0.30        0.30
GET      /api/audio/levels                                                                 28  28(100.00%) |   8001    8001    8002   8001 |    0.00        0.00
GET      /api/audio/levels (during plugin swap)                                             6    5(83.33%) |   6671      19    8002   8000 |    0.00        0.00
GET      /api/audio/levels/plugins                                                          3   3(100.00%) |   8001    8001    8001   8001 |    0.10        0.10
GET      /api/audio/status                                                                  4    2(50.00%) |   4001       2    8001      2 |    0.00        0.00
GET      /api/chains/                                                                      48   44(91.67%) |   7344       6    8002   8000 |    0.40        0.40
GET      /api/chains/{id}                                                                   4    2(50.00%) |   4015      18    8001     40 |    0.00        0.00
POST     /api/chains/{id}/activate                                                          4    2(50.00%) |   4004       7    8001      8 |    0.00        0.00
POST     /api/chains/{id}/deactivate                                                        4    2(50.00%) |   4003       3    8001      6 |    0.00        0.00
GET      /api/plugins/discover                                                             43   39(90.70%) |   7259      11    8003   8000 |    0.10        0.10
GET      /api/plugins/list                                                                 45   41(91.11%) |   7291       1    8004   8000 |    0.40        0.40
POST     /api/plugins/load?uri                                                              3   3(100.00%) |   8003    8001    8008   8001 |    0.10        0.10
POST     /api/plugins/unload?uri                                                            2   2(100.00%) |   8001    8001    8002   8001 |    0.00        0.00
--------|----------------------------------------------------------------------------|-------|-------------|-------|-------|-------|-------|--------|-----------
         Aggregated                                                                       221  200(90.50%) |   7244       1    8008   8000 |    1.40        1.40

Type     Name                                                                          # reqs      # fails |    Avg     Min     Max    Med |   req/s  failures/s
--------|----------------------------------------------------------------------------|-------|-------------|-------|-------|-------|-------|--------|-----------
GET      /api/audio/latency                                                                27  27(100.00%) |   8001    8000    8003   8000 |    0.30        0.30
GET      /api/audio/levels                                                                 28  28(100.00%) |   8001    8001    8002   8001 |    0.00        0.00
GET      /api/audio/levels (during plugin swap)                                             6    5(83.33%) |   6671      19    8002   8000 |    0.00        0.00
GET      /api/audio/levels/plugins                                                          3   3(100.00%) |   8001    8001    8001   8001 |    0.10        0.10
GET      /api/audio/status                                                                  4    2(50.00%) |   4001       2    8001      2 |    0.00        0.00
GET      /api/chains/                                                                      48   44(91.67%) |   7344       6    8002   8000 |    0.40        0.40
GET      /api/chains/{id}                                                                   4    2(50.00%) |   4015      18    8001     40 |    0.00        0.00
POST     /api/chains/{id}/activate                                                          4    2(50.00%) |   4004       7    8001      8 |    0.00        0.00
POST     /api/chains/{id}/deactivate                                                        4    2(50.00%) |   4003       3    8001      6 |    0.00        0.00
GET      /api/plugins/discover                                                             43   39(90.70%) |   7259      11    8003   8000 |    0.10        0.10
GET      /api/plugins/list                                                                 45   41(91.11%) |   7291       1    8004   8000 |    0.40        0.40
POST     /api/plugins/load?uri                                                              3   3(100.00%) |   8003    8001    8008   8001 |    0.10        0.10
POST     /api/plugins/unload?uri                                                            2   2(100.00%) |   8001    8001    8002   8001 |    0.00        0.00
--------|----------------------------------------------------------------------------|-------|-------------|-------|-------|-------|-------|--------|-----------
         Aggregated                                                                       221  200(90.50%) |   7244       1    8008   8000 |    1.40        1.40

Type     Name                                                                          # reqs      # fails |    Avg     Min     Max    Med |   req/s  failures/s
--------|----------------------------------------------------------------------------|-------|-------------|-------|-------|-------|-------|--------|-----------
GET      /api/audio/latency                                                                27  27(100.00%) |   8001    8000    8003   8000 |    0.00        0.00
GET      /api/audio/levels                                                                 28  28(100.00%) |   8001    8001    8002   8001 |    0.10        0.10
GET      /api/audio/levels (during plugin swap)                                             6    5(83.33%) |   6671      19    8002   8000 |    0.00        0.00
GET      /api/audio/levels/plugins                                                          3   3(100.00%) |   8001    8001    8001   8001 |    0.10        0.10
GET      /api/audio/status                                                                  4    2(50.00%) |   4001       2    8001      2 |    0.00        0.00
GET      /api/chains/                                                                      48   44(91.67%) |   7344       6    8002   8000 |    0.30        0.30
GET      /api/chains/{id}                                                                   4    2(50.00%) |   4015      18    8001     40 |    0.00        0.00
POST     /api/chains/{id}/activate                                                          4    2(50.00%) |   4004       7    8001      8 |    0.00        0.00
POST     /api/chains/{id}/deactivate                                                        4    2(50.00%) |   4003       3    8001      6 |    0.00        0.00
GET      /api/plugins/discover                                                             44   40(90.91%) |   7275      11    8003   8000 |    0.30        0.30
GET      /api/plugins/list                                                                 47   43(91.49%) |   7321       1    8004   8000 |    0.20        0.20
POST     /api/plugins/load?uri                                                              3   3(100.00%) |   8003    8001    8008   8001 |    0.00        0.00
POST     /api/plugins/unload?uri                                                            3   3(100.00%) |   8001    8001    8002   8001 |    0.00        0.00
--------|----------------------------------------------------------------------------|-------|-------------|-------|-------|-------|-------|--------|-----------
         Aggregated                                                                       225  204(90.67%) |   7257       1    8008   8000 |    1.00        1.00

Type     Name                                                                          # reqs      # fails |    Avg     Min     Max    Med |   req/s  failures/s
--------|----------------------------------------------------------------------------|-------|-------------|-------|-------|-------|-------|--------|-----------
GET      /api/audio/latency                                                                27  27(100.00%) |   8001    8000    8003   8000 |    0.00        0.00
GET      /api/audio/levels                                                                 29  29(100.00%) |   8001    8001    8002   8001 |    0.10        0.10
GET      /api/audio/levels (during plugin swap)                                             6    5(83.33%) |   6671      19    8002   8000 |    0.00        0.00
GET      /api/audio/levels/plugins                                                          3   3(100.00%) |   8001    8001    8001   8001 |    0.10        0.10
GET      /api/audio/status                                                                  4    2(50.00%) |   4001       2    8001      2 |    0.00        0.00
GET      /api/chains/                                                                      49   45(91.84%) |   7357       6    8002   8000 |    0.30        0.30
GET      /api/chains/{id}                                                                   4    2(50.00%) |   4015      18    8001     40 |    0.00        0.00
POST     /api/chains/{id}/activate                                                          4    2(50.00%) |   4004       7    8001      8 |    0.00        0.00
POST     /api/chains/{id}/deactivate                                                        4    2(50.00%) |   4003       3    8001      6 |    0.00        0.00
GET      /api/plugins/discover                                                             45   41(91.11%) |   7292      11    8003   8000 |    0.40        0.40
GET      /api/plugins/list                                                                 47   43(91.49%) |   7321       1    8004   8000 |    0.20        0.20
POST     /api/plugins/load?uri                                                              3   3(100.00%) |   8003    8001    8008   8001 |    0.00        0.00
POST     /api/plugins/unload?uri                                                            3   3(100.00%) |   8001    8001    8002   8001 |    0.00        0.00
--------|----------------------------------------------------------------------------|-------|-------------|-------|-------|-------|-------|--------|-----------
         Aggregated                                                                       228  207(90.79%) |   7267       1    8008   8000 |    1.10        1.10

Type     Name                                                                          # reqs      # fails |    Avg     Min     Max    Med |   req/s  failures/s
--------|----------------------------------------------------------------------------|-------|-------------|-------|-------|-------|-------|--------|-----------
GET      /api/audio/latency                                                                28  28(100.00%) |   8001    8000    8003   8000 |    0.00        0.00
GET      /api/audio/levels                                                                 29  29(100.00%) |   8001    8001    8002   8001 |    0.10        0.10
GET      /api/audio/levels (during plugin swap)                                             6    5(83.33%) |   6671      19    8002   8000 |    0.00        0.00
GET      /api/audio/levels/plugins                                                          3   3(100.00%) |   8001    8001    8001   8001 |    0.10        0.10
GET      /api/audio/status                                                                  4    2(50.00%) |   4001       2    8001      2 |    0.00        0.00
GET      /api/chains/                                                                      50   46(92.00%) |   7370       6    8002   8000 |    0.30        0.30
GET      /api/chains/{id}                                                                   4    2(50.00%) |   4015      18    8001     40 |    0.00        0.00
POST     /api/chains/{id}/activate                                                          4    2(50.00%) |   4004       7    8001      8 |    0.00        0.00
POST     /api/chains/{id}/deactivate                                                        4    2(50.00%) |   4003       3    8001      6 |    0.00        0.00
GET      /api/plugins/discover                                                             45   41(91.11%) |   7292      11    8003   8000 |    0.40        0.40
GET      /api/plugins/list                                                                 48   44(91.67%) |   7335       1    8004   8000 |    0.40        0.40
POST     /api/plugins/load?uri                                                              3   3(100.00%) |   8003    8001    8008   8001 |    0.00        0.00
POST     /api/plugins/unload?uri                                                            3   3(100.00%) |   8001    8001    8002   8001 |    0.10        0.10
--------|----------------------------------------------------------------------------|-------|-------------|-------|-------|-------|-------|--------|-----------
         Aggregated                                                                       231  210(90.91%) |   7277       1    8008   8000 |    1.40        1.40

Type     Name                                                                          # reqs      # fails |    Avg     Min     Max    Med |   req/s  failures/s
--------|----------------------------------------------------------------------------|-------|-------------|-------|-------|-------|-------|--------|-----------
GET      /api/audio/latency                                                                28  28(100.00%) |   8001    8000    8003   8000 |    0.00        0.00
GET      /api/audio/levels                                                                 29  29(100.00%) |   8001    8001    8002   8001 |    0.10        0.10
GET      /api/audio/levels (during plugin swap)                                             6    5(83.33%) |   6671      19    8002   8000 |    0.00        0.00
GET      /api/audio/levels/plugins                                                          3   3(100.00%) |   8001    8001    8001   8001 |    0.10        0.10
GET      /api/audio/status                                                                  4    2(50.00%) |   4001       2    8001      2 |    0.00        0.00
GET      /api/chains/                                                                      50   46(92.00%) |   7370       6    8002   8000 |    0.30        0.30
GET      /api/chains/{id}                                                                   4    2(50.00%) |   4015      18    8001     40 |    0.00        0.00
POST     /api/chains/{id}/activate                                                          4    2(50.00%) |   4004       7    8001      8 |    0.00        0.00
POST     /api/chains/{id}/deactivate                                                        4    2(50.00%) |   4003       3    8001      6 |    0.00        0.00
GET      /api/plugins/discover                                                             45   41(91.11%) |   7292      11    8003   8000 |    0.40        0.40
GET      /api/plugins/list                                                                 48   44(91.67%) |   7335       1    8004   8000 |    0.40        0.40
POST     /api/plugins/load?uri                                                              3   3(100.00%) |   8003    8001    8008   8001 |    0.00        0.00
POST     /api/plugins/unload?uri                                                            3   3(100.00%) |   8001    8001    8002   8001 |    0.10        0.10
--------|----------------------------------------------------------------------------|-------|-------------|-------|-------|-------|-------|--------|-----------
         Aggregated                                                                       231  210(90.91%) |   7277       1    8008   8000 |    1.40        1.40

Type     Name                                                                          # reqs      # fails |    Avg     Min     Max    Med |   req/s  failures/s
--------|----------------------------------------------------------------------------|-------|-------------|-------|-------|-------|-------|--------|-----------
GET      /api/audio/latency                                                                28  28(100.00%) |   8001    8000    8003   8000 |    0.10        0.10
GET      /api/audio/levels                                                                 29  29(100.00%) |   8001    8001    8002   8001 |    0.10        0.10
GET      /api/audio/levels (during plugin swap)                                             7    6(85.71%) |   6861      19    8002   8000 |    0.00        0.00
GET      /api/audio/levels/plugins                                                          3   3(100.00%) |   8001    8001    8001   8001 |    0.00        0.00
GET      /api/audio/status                                                                  4    2(50.00%) |   4001       2    8001      2 |    0.00        0.00
GET      /api/chains/                                                                      51   47(92.16%) |   7383       6    8002   8000 |    0.20        0.20
GET      /api/chains/{id}                                                                   4    2(50.00%) |   4015      18    8001     40 |    0.00        0.00
POST     /api/chains/{id}/activate                                                          4    2(50.00%) |   4004       7    8001      8 |    0.00        0.00
POST     /api/chains/{id}/deactivate                                                        4    2(50.00%) |   4003       3    8001      6 |    0.00        0.00
GET      /api/plugins/discover                                                             47   43(91.49%) |   7322      11    8003   8000 |    0.20        0.20
GET      /api/plugins/list                                                                 48   44(91.67%) |   7335       1    8004   8000 |    0.30        0.30
POST     /api/plugins/load?uri                                                              3   3(100.00%) |   8003    8001    8008   8001 |    0.00        0.00
POST     /api/plugins/unload?uri                                                            3   3(100.00%) |   8001    8001    8002   8001 |    0.10        0.10
--------|----------------------------------------------------------------------------|-------|-------------|-------|-------|-------|-------|--------|-----------
         Aggregated                                                                       235  214(91.06%) |   7289       1    8008   8000 |    1.00        1.00

Type     Name                                                                          # reqs      # fails |    Avg     Min     Max    Med |   req/s  failures/s
--------|----------------------------------------------------------------------------|-------|-------------|-------|-------|-------|-------|--------|-----------
GET      /api/audio/latency                                                                29  29(100.00%) |   8001    8000    8003   8000 |    0.10        0.10
GET      /api/audio/levels                                                                 30  30(100.00%) |   8001    8001    8002   8001 |    0.10        0.10
GET      /api/audio/levels (during plugin swap)                                             7    6(85.71%) |   6861      19    8002   8000 |    0.00        0.00
GET      /api/audio/levels/plugins                                                          3   3(100.00%) |   8001    8001    8001   8001 |    0.00        0.00
GET      /api/audio/status                                                                  4    2(50.00%) |   4001       2    8001      2 |    0.00        0.00
GET      /api/chains/                                                                      51   47(92.16%) |   7383       6    8002   8000 |    0.20        0.20
GET      /api/chains/{id}                                                                   4    2(50.00%) |   4015      18    8001     40 |    0.00        0.00
POST     /api/chains/{id}/activate                                                          4    2(50.00%) |   4004       7    8001      8 |    0.00        0.00
POST     /api/chains/{id}/deactivate                                                        4    2(50.00%) |   4003       3    8001      6 |    0.00        0.00
GET      /api/plugins/discover                                                             47   43(91.49%) |   7322      11    8003   8000 |    0.20        0.20
GET      /api/plugins/list                                                                 49   45(91.84%) |   7349       1    8004   8000 |    0.30        0.30
POST     /api/plugins/load?uri                                                              3   3(100.00%) |   8003    8001    8008   8001 |    0.00        0.00
POST     /api/plugins/unload?uri                                                            3   3(100.00%) |   8001    8001    8002   8001 |    0.10        0.10
--------|----------------------------------------------------------------------------|-------|-------------|-------|-------|-------|-------|--------|-----------
         Aggregated                                                                       238  217(91.18%) |   7298       1    8008   8000 |    1.00        1.00

Type     Name                                                                          # reqs      # fails |    Avg     Min     Max    Med |   req/s  failures/s
--------|----------------------------------------------------------------------------|-------|-------------|-------|-------|-------|-------|--------|-----------
GET      /api/audio/latency                                                                29  29(100.00%) |   8001    8000    8003   8000 |    0.10        0.10
GET      /api/audio/levels                                                                 31  31(100.00%) |   8001    8001    8002   8001 |    0.10        0.10
GET      /api/audio/levels (during plugin swap)                                             7    6(85.71%) |   6861      19    8002   8000 |    0.10        0.10
GET      /api/audio/levels/plugins                                                          3   3(100.00%) |   8001    8001    8001   8001 |    0.00        0.00
GET      /api/audio/status                                                                  4    2(50.00%) |   4001       2    8001      2 |    0.00        0.00
GET      /api/chains/                                                                      51   47(92.16%) |   7383       6    8002   8000 |    0.30        0.30
GET      /api/chains/{id}                                                                   4    2(50.00%) |   4015      18    8001     40 |    0.00        0.00
POST     /api/chains/{id}/activate                                                          4    2(50.00%) |   4004       7    8001      8 |    0.00        0.00
POST     /api/chains/{id}/deactivate                                                        4    2(50.00%) |   4003       3    8001      6 |    0.00        0.00
GET      /api/plugins/discover                                                             48   44(91.67%) |   7336      11    8003   8000 |    0.40        0.40
GET      /api/plugins/list                                                                 50   46(92.00%) |   7362       1    8004   8000 |    0.30        0.30
POST     /api/plugins/load?uri                                                              3   3(100.00%) |   8003    8001    8008   8001 |    0.00        0.00
POST     /api/plugins/unload?uri                                                            3   3(100.00%) |   8001    8001    8002   8001 |    0.10        0.10
--------|----------------------------------------------------------------------------|-------|-------------|-------|-------|-------|-------|--------|-----------
         Aggregated                                                                       241  220(91.29%) |   7307       1    8008   8000 |    1.40        1.40

Type     Name                                                                          # reqs      # fails |    Avg     Min     Max    Med |   req/s  failures/s
--------|----------------------------------------------------------------------------|-------|-------------|-------|-------|-------|-------|--------|-----------
GET      /api/audio/latency                                                                29  29(100.00%) |   8001    8000    8003   8000 |    0.10        0.10
GET      /api/audio/levels                                                                 31  31(100.00%) |   8001    8001    8002   8001 |    0.10        0.10
GET      /api/audio/levels (during plugin swap)                                             7    6(85.71%) |   6861      19    8002   8000 |    0.10        0.10
GET      /api/audio/levels/plugins                                                          3   3(100.00%) |   8001    8001    8001   8001 |    0.00        0.00
GET      /api/audio/status                                                                  4    2(50.00%) |   4001       2    8001      2 |    0.00        0.00
GET      /api/chains/                                                                      51   47(92.16%) |   7383       6    8002   8000 |    0.30        0.30
GET      /api/chains/{id}                                                                   4    2(50.00%) |   4015      18    8001     40 |    0.00        0.00
POST     /api/chains/{id}/activate                                                          4    2(50.00%) |   4004       7    8001      8 |    0.00        0.00
POST     /api/chains/{id}/deactivate                                                        4    2(50.00%) |   4003       3    8001      6 |    0.00        0.00
GET      /api/plugins/discover                                                             48   44(91.67%) |   7336      11    8003   8000 |    0.40        0.40
GET      /api/plugins/list                                                                 50   46(92.00%) |   7362       1    8004   8000 |    0.30        0.30
POST     /api/plugins/load?uri                                                              3   3(100.00%) |   8003    8001    8008   8001 |    0.00        0.00
POST     /api/plugins/unload?uri                                                            3   3(100.00%) |   8001    8001    8002   8001 |    0.10        0.10
--------|----------------------------------------------------------------------------|-------|-------------|-------|-------|-------|-------|--------|-----------
         Aggregated                                                                       241  220(91.29%) |   7307       1    8008   8000 |    1.40        1.40

Type     Name                                                                          # reqs      # fails |    Avg     Min     Max    Med |   req/s  failures/s
--------|----------------------------------------------------------------------------|-------|-------------|-------|-------|-------|-------|--------|-----------
GET      /api/audio/latency                                                                29  29(100.00%) |   8001    8000    8003   8000 |    0.10        0.10
GET      /api/audio/levels                                                                 32  32(100.00%) |   8001    8001    8002   8001 |    0.20        0.20
GET      /api/audio/levels (during plugin swap)                                             7    6(85.71%) |   6861      19    8002   8000 |    0.10        0.10
GET      /api/audio/levels/plugins                                                          3   3(100.00%) |   8001    8001    8001   8001 |    0.00        0.00
GET      /api/audio/status                                                                  4    2(50.00%) |   4001       2    8001      2 |    0.00        0.00
GET      /api/chains/                                                                      52   48(92.31%) |   7394       6    8002   8000 |    0.10        0.10
GET      /api/chains/{id}                                                                   4    2(50.00%) |   4015      18    8001     40 |    0.00        0.00
POST     /api/chains/{id}/activate                                                          4    2(50.00%) |   4004       7    8001      8 |    0.00        0.00
POST     /api/chains/{id}/deactivate                                                        4    2(50.00%) |   4003       3    8001      6 |    0.00        0.00
GET      /api/plugins/discover                                                             48   44(91.67%) |   7336      11    8003   8000 |    0.30        0.30
GET      /api/plugins/list                                                                 51   47(92.16%) |   7374       1    8004   8000 |    0.20        0.20
POST     /api/plugins/load?uri                                                              4   4(100.00%) |   8003    8001    8008   8001 |    0.00        0.00
POST     /api/plugins/unload?uri                                                            3   3(100.00%) |   8001    8001    8002   8001 |    0.00        0.00
--------|----------------------------------------------------------------------------|-------|-------------|-------|-------|-------|-------|--------|-----------
         Aggregated                                                                       245  224(91.43%) |   7318       1    8008   8000 |    1.00        1.00

Type     Name                                                                          # reqs      # fails |    Avg     Min     Max    Med |   req/s  failures/s
--------|----------------------------------------------------------------------------|-------|-------------|-------|-------|-------|-------|--------|-----------
GET      /api/audio/latency                                                                30  30(100.00%) |   8001    8000    8003   8000 |    0.10        0.10
GET      /api/audio/levels                                                                 32  32(100.00%) |   8001    8001    8002   8001 |    0.20        0.20
GET      /api/audio/levels (during plugin swap)                                             7    6(85.71%) |   6861      19    8002   8000 |    0.10        0.10
GET      /api/audio/levels/plugins                                                          3   3(100.00%) |   8001    8001    8001   8001 |    0.00        0.00
GET      /api/audio/status                                                                  4    2(50.00%) |   4001       2    8001      2 |    0.00        0.00
GET      /api/chains/                                                                      53   49(92.45%) |   7406       6    8002   8000 |    0.10        0.10
GET      /api/chains/{id}                                                                   4    2(50.00%) |   4015      18    8001     40 |    0.00        0.00
POST     /api/chains/{id}/activate                                                          4    2(50.00%) |   4004       7    8001      8 |    0.00        0.00
POST     /api/chains/{id}/deactivate                                                        4    2(50.00%) |   4003       3    8001      6 |    0.00        0.00
GET      /api/plugins/discover                                                             49   45(91.84%) |   7350      11    8003   8000 |    0.30        0.30
GET      /api/plugins/list                                                                 51   47(92.16%) |   7374       1    8004   8000 |    0.20        0.20
POST     /api/plugins/load?uri                                                              4   4(100.00%) |   8003    8001    8008   8001 |    0.00        0.00
POST     /api/plugins/unload?uri                                                            3   3(100.00%) |   8001    8001    8002   8001 |    0.00        0.00
--------|----------------------------------------------------------------------------|-------|-------------|-------|-------|-------|-------|--------|-----------
         Aggregated                                                                       248  227(91.53%) |   7326       1    8008   8000 |    1.00        1.00

Type     Name                                                                          # reqs      # fails |    Avg     Min     Max    Med |   req/s  failures/s
--------|----------------------------------------------------------------------------|-------|-------------|-------|-------|-------|-------|--------|-----------
GET      /api/audio/latency                                                                31  31(100.00%) |   8001    8000    8003   8000 |    0.10        0.10
GET      /api/audio/levels                                                                 32  32(100.00%) |   8001    8001    8002   8001 |    0.30        0.30
GET      /api/audio/levels (during plugin swap)                                             7    6(85.71%) |   6861      19    8002   8000 |    0.10        0.10
GET      /api/audio/levels/plugins                                                          3   3(100.00%) |   8001    8001    8001   8001 |    0.00        0.00
GET      /api/audio/status                                                                  4    2(50.00%) |   4001       2    8001      2 |    0.00        0.00
GET      /api/chains/                                                                      54   50(92.59%) |   7417       6    8002   8000 |    0.20        0.20
GET      /api/chains/{id}                                                                   4    2(50.00%) |   4015      18    8001     40 |    0.00        0.00
POST     /api/chains/{id}/activate                                                          4    2(50.00%) |   4004       7    8001      8 |    0.00        0.00
POST     /api/chains/{id}/deactivate                                                        4    2(50.00%) |   4003       3    8001      6 |    0.00        0.00
GET      /api/plugins/discover                                                             50   46(92.00%) |   7363      11    8003   8000 |    0.30        0.30
GET      /api/plugins/list                                                                 51   47(92.16%) |   7374       1    8004   8000 |    0.30        0.30
POST     /api/plugins/load?uri                                                              4   4(100.00%) |   8003    8001    8008   8001 |    0.10        0.10
POST     /api/plugins/unload?uri                                                            3   3(100.00%) |   8001    8001    8002   8001 |    0.00        0.00
--------|----------------------------------------------------------------------------|-------|-------------|-------|-------|-------|-------|--------|-----------
         Aggregated                                                                       251  230(91.63%) |   7334       1    8008   8000 |    1.40        1.40

Type     Name                                                                          # reqs      # fails |    Avg     Min     Max    Med |   req/s  failures/s
--------|----------------------------------------------------------------------------|-------|-------------|-------|-------|-------|-------|--------|-----------
GET      /api/audio/latency                                                                31  31(100.00%) |   8001    8000    8003   8000 |    0.10        0.10
GET      /api/audio/levels                                                                 32  32(100.00%) |   8001    8001    8002   8001 |    0.30        0.30
GET      /api/audio/levels (during plugin swap)                                             7    6(85.71%) |   6861      19    8002   8000 |    0.10        0.10
GET      /api/audio/levels/plugins                                                          3   3(100.00%) |   8001    8001    8001   8001 |    0.00        0.00
GET      /api/audio/status                                                                  4    2(50.00%) |   4001       2    8001      2 |    0.00        0.00
GET      /api/chains/                                                                      54   50(92.59%) |   7417       6    8002   8000 |    0.20        0.20
GET      /api/chains/{id}                                                                   4    2(50.00%) |   4015      18    8001     40 |    0.00        0.00
POST     /api/chains/{id}/activate                                                          4    2(50.00%) |   4004       7    8001      8 |    0.00        0.00
POST     /api/chains/{id}/deactivate                                                        4    2(50.00%) |   4003       3    8001      6 |    0.00        0.00
GET      /api/plugins/discover                                                             50   46(92.00%) |   7363      11    8003   8000 |    0.30        0.30
GET      /api/plugins/list                                                                 51   47(92.16%) |   7374       1    8004   8000 |    0.30        0.30
POST     /api/plugins/load?uri                                                              4   4(100.00%) |   8003    8001    8008   8001 |    0.10        0.10
POST     /api/plugins/unload?uri                                                            3   3(100.00%) |   8001    8001    8002   8001 |    0.00        0.00
--------|----------------------------------------------------------------------------|-------|-------------|-------|-------|-------|-------|--------|-----------
         Aggregated                                                                       251  230(91.63%) |   7334       1    8008   8000 |    1.40        1.40

Type     Name                                                                          # reqs      # fails |    Avg     Min     Max    Med |   req/s  failures/s
--------|----------------------------------------------------------------------------|-------|-------------|-------|-------|-------|-------|--------|-----------
GET      /api/audio/latency                                                                32  32(100.00%) |   8001    8000    8003   8000 |    0.20        0.20
GET      /api/audio/levels                                                                 32  32(100.00%) |   8001    8001    8002   8001 |    0.10        0.10
GET      /api/audio/levels (during plugin swap)                                             7    6(85.71%) |   6861      19    8002   8000 |    0.00        0.00
GET      /api/audio/levels/plugins                                                          4   4(100.00%) |   8001    8000    8001   8000 |    0.00        0.00
GET      /api/audio/status                                                                  4    2(50.00%) |   4001       2    8001      2 |    0.00        0.00
GET      /api/chains/                                                                      54   50(92.59%) |   7417       6    8002   8000 |    0.30        0.30
GET      /api/chains/{id}                                                                   4    2(50.00%) |   4015      18    8001     40 |    0.00        0.00
POST     /api/chains/{id}/activate                                                          4    2(50.00%) |   4004       7    8001      8 |    0.00        0.00
POST     /api/chains/{id}/deactivate                                                        4    2(50.00%) |   4003       3    8001      6 |    0.00        0.00
GET      /api/plugins/discover                                                             51   47(92.16%) |   7375      11    8003   8000 |    0.20        0.20
GET      /api/plugins/list                                                                 52   48(92.31%) |   7386       1    8004   8000 |    0.10        0.10
POST     /api/plugins/load?uri                                                              4   4(100.00%) |   8003    8001    8008   8001 |    0.10        0.10
POST     /api/plugins/unload?uri                                                            3   3(100.00%) |   8001    8001    8002   8001 |    0.00        0.00
--------|----------------------------------------------------------------------------|-------|-------------|-------|-------|-------|-------|--------|-----------
         Aggregated                                                                       255  234(91.76%) |   7345       1    8008   8000 |    1.00        1.00

Type     Name                                                                          # reqs      # fails |    Avg     Min     Max    Med |   req/s  failures/s
--------|----------------------------------------------------------------------------|-------|-------------|-------|-------|-------|-------|--------|-----------
GET      /api/audio/latency                                                                32  32(100.00%) |   8001    8000    8003   8000 |    0.20        0.20
GET      /api/audio/levels                                                                 32  32(100.00%) |   8001    8001    8002   8001 |    0.10        0.10
GET      /api/audio/levels (during plugin swap)                                             7    6(85.71%) |   6861      19    8002   8000 |    0.00        0.00
GET      /api/audio/levels/plugins                                                          4   4(100.00%) |   8001    8000    8001   8000 |    0.00        0.00
GET      /api/audio/status                                                                  4    2(50.00%) |   4001       2    8001      2 |    0.00        0.00
GET      /api/chains/                                                                      55   51(92.73%) |   7427       6    8002   8000 |    0.30        0.30
GET      /api/chains/{id}                                                                   4    2(50.00%) |   4015      18    8001     40 |    0.00        0.00
POST     /api/chains/{id}/activate                                                          4    2(50.00%) |   4004       7    8001      8 |    0.00        0.00
POST     /api/chains/{id}/deactivate                                                        4    2(50.00%) |   4003       3    8001      6 |    0.00        0.00
GET      /api/plugins/discover                                                             51   47(92.16%) |   7375      11    8003   8000 |    0.20        0.20
GET      /api/plugins/list                                                                 53   49(92.45%) |   7398       1    8004   8000 |    0.10        0.10
POST     /api/plugins/load?uri                                                              4   4(100.00%) |   8003    8001    8008   8001 |    0.10        0.10
POST     /api/plugins/unload?uri                                                            3   3(100.00%) |   8001    8001    8002   8001 |    0.00        0.00
--------|----------------------------------------------------------------------------|-------|-------------|-------|-------|-------|-------|--------|-----------
         Aggregated                                                                       257  236(91.83%) |   7350       1    8008   8000 |    1.00        1.00

Type     Name                                                                          # reqs      # fails |    Avg     Min     Max    Med |   req/s  failures/s
--------|----------------------------------------------------------------------------|-------|-------------|-------|-------|-------|-------|--------|-----------
GET      /api/audio/latency                                                                32  32(100.00%) |   8001    8000    8003   8000 |    0.30        0.30
GET      /api/audio/levels                                                                 33  33(100.00%) |   8001    8001    8002   8001 |    0.10        0.10
GET      /api/audio/levels (during plugin swap)                                             7    6(85.71%) |   6861      19    8002   8000 |    0.00        0.00
GET      /api/audio/levels/plugins                                                          4   4(100.00%) |   8001    8000    8001   8000 |    0.10        0.10
GET      /api/audio/status                                                                  4    2(50.00%) |   4001       2    8001      2 |    0.00        0.00
GET      /api/chains/                                                                      57   53(92.98%) |   7448       6    8002   8000 |    0.30        0.30
GET      /api/chains/{id}                                                                   4    2(50.00%) |   4015      18    8001     40 |    0.00        0.00
POST     /api/chains/{id}/activate                                                          4    2(50.00%) |   4004       7    8001      8 |    0.00        0.00
POST     /api/chains/{id}/deactivate                                                        4    2(50.00%) |   4003       3    8001      6 |    0.00        0.00
GET      /api/plugins/discover                                                             51   47(92.16%) |   7375      11    8003   8000 |    0.30        0.30
GET      /api/plugins/list                                                                 54   50(92.59%) |   7409       1    8004   8000 |    0.20        0.20
POST     /api/plugins/load?uri                                                              4   4(100.00%) |   8003    8001    8008   8001 |    0.10        0.10
POST     /api/plugins/unload?uri                                                            3   3(100.00%) |   8001    8001    8002   8001 |    0.00        0.00
--------|----------------------------------------------------------------------------|-------|-------------|-------|-------|-------|-------|--------|-----------
         Aggregated                                                                       261  240(91.95%) |   7360       1    8008   8000 |    1.40        1.40

Type     Name                                                                          # reqs      # fails |    Avg     Min     Max    Med |   req/s  failures/s
--------|----------------------------------------------------------------------------|-------|-------------|-------|-------|-------|-------|--------|-----------
GET      /api/audio/latency                                                                32  32(100.00%) |   8001    8000    8003   8000 |    0.30        0.30
GET      /api/audio/levels                                                                 33  33(100.00%) |   8001    8001    8002   8001 |    0.10        0.10
GET      /api/audio/levels (during plugin swap)                                             7    6(85.71%) |   6861      19    8002   8000 |    0.00        0.00
GET      /api/audio/levels/plugins                                                          4   4(100.00%) |   8001    8000    8001   8000 |    0.10        0.10
GET      /api/audio/status                                                                  4    2(50.00%) |   4001       2    8001      2 |    0.00        0.00
GET      /api/chains/                                                                      57   53(92.98%) |   7448       6    8002   8000 |    0.30        0.30
GET      /api/chains/{id}                                                                   4    2(50.00%) |   4015      18    8001     40 |    0.00        0.00
POST     /api/chains/{id}/activate                                                          4    2(50.00%) |   4004       7    8001      8 |    0.00        0.00
POST     /api/chains/{id}/deactivate                                                        4    2(50.00%) |   4003       3    8001      6 |    0.00        0.00
GET      /api/plugins/discover                                                             51   47(92.16%) |   7375      11    8003   8000 |    0.30        0.30
GET      /api/plugins/list                                                                 54   50(92.59%) |   7409       1    8004   8000 |    0.20        0.20
POST     /api/plugins/load?uri                                                              4   4(100.00%) |   8003    8001    8008   8001 |    0.10        0.10
POST     /api/plugins/unload?uri                                                            3   3(100.00%) |   8001    8001    8002   8001 |    0.00        0.00
--------|----------------------------------------------------------------------------|-------|-------------|-------|-------|-------|-------|--------|-----------
         Aggregated                                                                       261  240(91.95%) |   7360       1    8008   8000 |    1.40        1.40

Type     Name                                                                          # reqs      # fails |    Avg     Min     Max    Med |   req/s  failures/s
--------|----------------------------------------------------------------------------|-------|-------------|-------|-------|-------|-------|--------|-----------
GET      /api/audio/latency                                                                32  32(100.00%) |   8001    8000    8003   8000 |    0.10        0.10
GET      /api/audio/levels                                                                 33  33(100.00%) |   8001    8001    8002   8001 |    0.10        0.10
GET      /api/audio/levels (during plugin swap)                                             7    6(85.71%) |   6861      19    8002   8000 |    0.00        0.00
GET      /api/audio/levels/plugins                                                          4   4(100.00%) |   8001    8000    8001   8000 |    0.10        0.10
GET      /api/audio/status                                                                  4    2(50.00%) |   4001       2    8001      2 |    0.00        0.00
GET      /api/chains/                                                                      57   53(92.98%) |   7448       6    8002   8000 |    0.30        0.30
GET      /api/chains/{id}                                                                   5    3(60.00%) |   4812      18    8001   8000 |    0.00        0.00
POST     /api/chains/{id}/activate                                                          4    2(50.00%) |   4004       7    8001      8 |    0.00        0.00
POST     /api/chains/{id}/deactivate                                                        4    2(50.00%) |   4003       3    8001      6 |    0.00        0.00
GET      /api/plugins/discover                                                             52   48(92.31%) |   7387      11    8003   8000 |    0.10        0.10
GET      /api/plugins/list                                                                 54   50(92.59%) |   7409       1    8004   8000 |    0.30        0.30
POST     /api/plugins/load?uri                                                              4   4(100.00%) |   8003    8001    8008   8001 |    0.00        0.00
POST     /api/plugins/unload?uri                                                            4   4(100.00%) |   8001    8001    8002   8001 |    0.00        0.00
--------|----------------------------------------------------------------------------|-------|-------------|-------|-------|-------|-------|--------|-----------
         Aggregated                                                                       264  243(92.05%) |   7367       1    8008   8000 |    1.00        1.00

Type     Name                                                                          # reqs      # fails |    Avg     Min     Max    Med |   req/s  failures/s
--------|----------------------------------------------------------------------------|-------|-------------|-------|-------|-------|-------|--------|-----------
GET      /api/audio/latency                                                                32  32(100.00%) |   8001    8000    8003   8000 |    0.10        0.10
GET      /api/audio/levels                                                                 34  34(100.00%) |   8001    8001    8002   8001 |    0.10        0.10
GET      /api/audio/levels (during plugin swap)                                             7    6(85.71%) |   6861      19    8002   8000 |    0.00        0.00
GET      /api/audio/levels/plugins                                                          4   4(100.00%) |   8001    8000    8001   8000 |    0.10        0.10
GET      /api/audio/status                                                                  4    2(50.00%) |   4001       2    8001      2 |    0.00        0.00
GET      /api/chains/                                                                      57   53(92.98%) |   7448       6    8002   8000 |    0.30        0.30
GET      /api/chains/{id}                                                                   5    3(60.00%) |   4812      18    8001   8000 |    0.00        0.00
POST     /api/chains/{id}/activate                                                          4    2(50.00%) |   4004       7    8001      8 |    0.00        0.00
POST     /api/chains/{id}/deactivate                                                        4    2(50.00%) |   4003       3    8001      6 |    0.00        0.00
GET      /api/plugins/discover                                                             53   49(92.45%) |   7399      11    8003   8000 |    0.10        0.10
GET      /api/plugins/list                                                                 55   51(92.73%) |   7420       1    8004   8000 |    0.30        0.30
POST     /api/plugins/load?uri                                                              4   4(100.00%) |   8003    8001    8008   8001 |    0.00        0.00
POST     /api/plugins/unload?uri                                                            4   4(100.00%) |   8001    8001    8002   8001 |    0.00        0.00
--------|----------------------------------------------------------------------------|-------|-------------|-------|-------|-------|-------|--------|-----------
         Aggregated                                                                       267  246(92.13%) |   7374       1    8008   8000 |    1.00        1.00

Type     Name                                                                          # reqs      # fails |    Avg     Min     Max    Med |   req/s  failures/s
--------|----------------------------------------------------------------------------|-------|-------------|-------|-------|-------|-------|--------|-----------
GET      /api/audio/latency                                                                33  33(100.00%) |   8001    8000    8003   8000 |    0.10        0.10
GET      /api/audio/levels                                                                 34  34(100.00%) |   8001    8001    8002   8001 |    0.20        0.20
GET      /api/audio/levels (during plugin swap)                                             7    6(85.71%) |   6861      19    8002   8000 |    0.00        0.00
GET      /api/audio/levels/plugins                                                          4   4(100.00%) |   8001    8000    8001   8000 |    0.10        0.10
GET      /api/audio/status                                                                  4    2(50.00%) |   4001       2    8001      2 |    0.00        0.00
GET      /api/chains/                                                                      57   53(92.98%) |   7448       6    8002   8000 |    0.30        0.30
GET      /api/chains/{id}                                                                   5    3(60.00%) |   4812      18    8001   8000 |    0.10        0.10
POST     /api/chains/{id}/activate                                                          4    2(50.00%) |   4004       7    8001      8 |    0.00        0.00
POST     /api/chains/{id}/deactivate                                                        4    2(50.00%) |   4003       3    8001      6 |    0.00        0.00
GET      /api/plugins/discover                                                             54   50(92.59%) |   7410      11    8003   8000 |    0.20        0.20
GET      /api/plugins/list                                                                 57   53(92.98%) |   7440       1    8004   8000 |    0.30        0.30
POST     /api/plugins/load?uri                                                              4   4(100.00%) |   8003    8001    8008   8001 |    0.00        0.00
POST     /api/plugins/unload?uri                                                            4   4(100.00%) |   8001    8001    8002   8001 |    0.10        0.10
--------|----------------------------------------------------------------------------|-------|-------------|-------|-------|-------|-------|--------|-----------
         Aggregated                                                                       271  250(92.25%) |   7384       1    8008   8000 |    1.40        1.40

Type     Name                                                                          # reqs      # fails |    Avg     Min     Max    Med |   req/s  failures/s
--------|----------------------------------------------------------------------------|-------|-------------|-------|-------|-------|-------|--------|-----------
GET      /api/audio/latency                                                                33  33(100.00%) |   8001    8000    8003   8000 |    0.10        0.10
GET      /api/audio/levels                                                                 34  34(100.00%) |   8001    8001    8002   8001 |    0.20        0.20
GET      /api/audio/levels (during plugin swap)                                             7    6(85.71%) |   6861      19    8002   8000 |    0.00        0.00
GET      /api/audio/levels/plugins                                                          4   4(100.00%) |   8001    8000    8001   8000 |    0.10        0.10
GET      /api/audio/status                                                                  4    2(50.00%) |   4001       2    8001      2 |    0.00        0.00
GET      /api/chains/                                                                      57   53(92.98%) |   7448       6    8002   8000 |    0.30        0.30
GET      /api/chains/{id}                                                                   5    3(60.00%) |   4812      18    8001   8000 |    0.10        0.10
POST     /api/chains/{id}/activate                                                          4    2(50.00%) |   4004       7    8001      8 |    0.00        0.00
POST     /api/chains/{id}/deactivate                                                        4    2(50.00%) |   4003       3    8001      6 |    0.00        0.00
GET      /api/plugins/discover                                                             54   50(92.59%) |   7410      11    8003   8000 |    0.20        0.20
GET      /api/plugins/list                                                                 57   53(92.98%) |   7440       1    8004   8000 |    0.30        0.30
POST     /api/plugins/load?uri                                                              4   4(100.00%) |   8003    8001    8008   8001 |    0.00        0.00
POST     /api/plugins/unload?uri                                                            4   4(100.00%) |   8001    8001    8002   8001 |    0.10        0.10
--------|----------------------------------------------------------------------------|-------|-------------|-------|-------|-------|-------|--------|-----------
         Aggregated                                                                       271  250(92.25%) |   7384       1    8008   8000 |    1.40        1.40

Type     Name                                                                          # reqs      # fails |    Avg     Min     Max    Med |   req/s  failures/s
--------|----------------------------------------------------------------------------|-------|-------------|-------|-------|-------|-------|--------|-----------
GET      /api/audio/latency                                                                33  33(100.00%) |   8001    8000    8003   8000 |    0.10        0.10
GET      /api/audio/levels                                                                 35  35(100.00%) |   8001    8001    8002   8001 |    0.10        0.10
GET      /api/audio/levels (during plugin swap)                                             7    6(85.71%) |   6861      19    8002   8000 |    0.00        0.00
GET      /api/audio/levels/plugins                                                          4   4(100.00%) |   8001    8000    8001   8000 |    0.00        0.00
GET      /api/audio/status                                                                  4    2(50.00%) |   4001       2    8001      2 |    0.00        0.00
GET      /api/chains/                                                                      57   53(92.98%) |   7448       6    8002   8000 |    0.00        0.00
GET      /api/chains/{id}                                                                   5    3(60.00%) |   4812      18    8001   8000 |    0.10        0.10
POST     /api/chains/{id}/activate                                                          5    3(60.00%) |   4804       7    8002   8000 |    0.00        0.00
POST     /api/chains/{id}/deactivate                                                        4    2(50.00%) |   4003       3    8001      6 |    0.00        0.00
GET      /api/plugins/discover                                                             54   50(92.59%) |   7410      11    8003   8000 |    0.30        0.30
GET      /api/plugins/list                                                                 57   53(92.98%) |   7440       1    8004   8000 |    0.30        0.30
POST     /api/plugins/load?uri                                                              4   4(100.00%) |   8003    8001    8008   8001 |    0.00        0.00
POST     /api/plugins/unload?uri                                                            4   4(100.00%) |   8001    8001    8002   8001 |    0.10        0.10
--------|----------------------------------------------------------------------------|-------|-------------|-------|-------|-------|-------|--------|-----------
         Aggregated                                                                       273  252(92.31%) |   7388       1    8008   8000 |    1.00        1.00

Type     Name                                                                          # reqs      # fails |    Avg     Min     Max    Med |   req/s  failures/s
--------|----------------------------------------------------------------------------|-------|-------------|-------|-------|-------|-------|--------|-----------
GET      /api/audio/latency                                                                34  34(100.00%) |   8001    8000    8003   8000 |    0.10        0.10
GET      /api/audio/levels                                                                 35  35(100.00%) |   8001    8001    8002   8001 |    0.10        0.10
GET      /api/audio/levels (during plugin swap)                                             8    7(87.50%) |   7004      19    8002   8000 |    0.00        0.00
GET      /api/audio/levels/plugins                                                          4   4(100.00%) |   8001    8000    8001   8000 |    0.00        0.00
GET      /api/audio/status                                                                  4    2(50.00%) |   4001       2    8001      2 |    0.00        0.00
GET      /api/chains/                                                                      58   54(93.10%) |   7457       6    8002   8000 |    0.00        0.00
GET      /api/chains/{id}                                                                   5    3(60.00%) |   4812      18    8001   8000 |    0.10        0.10
POST     /api/chains/{id}/activate                                                          5    3(60.00%) |   4804       7    8002   8000 |    0.00        0.00
POST     /api/chains/{id}/deactivate                                                        4    2(50.00%) |   4003       3    8001      6 |    0.00        0.00
GET      /api/plugins/discover                                                             55   51(92.73%) |   7421      11    8003   8000 |    0.30        0.30
GET      /api/plugins/list                                                                 57   53(92.98%) |   7440       1    8004   8000 |    0.30        0.30
POST     /api/plugins/load?uri                                                              4   4(100.00%) |   8003    8001    8008   8001 |    0.00        0.00
POST     /api/plugins/unload?uri                                                            4   4(100.00%) |   8001    8001    8002   8001 |    0.10        0.10
--------|----------------------------------------------------------------------------|-------|-------------|-------|-------|-------|-------|--------|-----------
         Aggregated                                                                       277  256(92.42%) |   7397       1    8008   8000 |    1.00        1.00

Type     Name                                                                          # reqs      # fails |    Avg     Min     Max    Med |   req/s  failures/s
--------|----------------------------------------------------------------------------|-------|-------------|-------|-------|-------|-------|--------|-----------
GET      /api/audio/latency                                                                34  34(100.00%) |   8001    8000    8003   8000 |    0.20        0.20
GET      /api/audio/levels                                                                 36  36(100.00%) |   8001    8001    8002   8001 |    0.20        0.20
GET      /api/audio/levels (during plugin swap)                                             8    7(87.50%) |   7004      19    8002   8000 |    0.10        0.10
GET      /api/audio/levels/plugins                                                          4   4(100.00%) |   8001    8000    8001   8000 |    0.00        0.00
GET      /api/audio/status                                                                  4    2(50.00%) |   4001       2    8001      2 |    0.00        0.00
GET      /api/chains/                                                                      59   55(93.22%) |   7466       6    8002   8000 |    0.00        0.00
GET      /api/chains/{id}                                                                   5    3(60.00%) |   4812      18    8001   8000 |    0.10        0.10
POST     /api/chains/{id}/activate                                                          5    3(60.00%) |   4804       7    8002   8000 |    0.10        0.10
POST     /api/chains/{id}/deactivate                                                        4    2(50.00%) |   4003       3    8001      6 |    0.00        0.00
GET      /api/plugins/discover                                                             57   53(92.98%) |   7441      11    8003   8000 |    0.30        0.30
GET      /api/plugins/list                                                                 57   53(92.98%) |   7440       1    8004   8000 |    0.30        0.30
POST     /api/plugins/load?uri                                                              4   4(100.00%) |   8003    8001    8008   8001 |    0.00        0.00
POST     /api/plugins/unload?uri                                                            4   4(100.00%) |   8001    8001    8002   8001 |    0.10        0.10
--------|----------------------------------------------------------------------------|-------|-------------|-------|-------|-------|-------|--------|-----------
         Aggregated                                                                       281  260(92.53%) |   7406       1    8008   8000 |    1.40        1.40

Type     Name                                                                          # reqs      # fails |    Avg     Min     Max    Med |   req/s  failures/s
--------|----------------------------------------------------------------------------|-------|-------------|-------|-------|-------|-------|--------|-----------
GET      /api/audio/latency                                                                34  34(100.00%) |   8001    8000    8003   8000 |    0.20        0.20
GET      /api/audio/levels                                                                 36  36(100.00%) |   8001    8001    8002   8001 |    0.20        0.20
GET      /api/audio/levels (during plugin swap)                                             8    7(87.50%) |   7004      19    8002   8000 |    0.10        0.10
GET      /api/audio/levels/plugins                                                          4   4(100.00%) |   8001    8000    8001   8000 |    0.00        0.00
GET      /api/audio/status                                                                  4    2(50.00%) |   4001       2    8001      2 |    0.00        0.00
GET      /api/chains/                                                                      59   55(93.22%) |   7466       6    8002   8000 |    0.00        0.00
GET      /api/chains/{id}                                                                   5    3(60.00%) |   4812      18    8001   8000 |    0.10        0.10
POST     /api/chains/{id}/activate                                                          5    3(60.00%) |   4804       7    8002   8000 |    0.10        0.10
POST     /api/chains/{id}/deactivate                                                        4    2(50.00%) |   4003       3    8001      6 |    0.00        0.00
GET      /api/plugins/discover                                                             57   53(92.98%) |   7441      11    8003   8000 |    0.30        0.30
GET      /api/plugins/list                                                                 57   53(92.98%) |   7440       1    8004   8000 |    0.30        0.30
POST     /api/plugins/load?uri                                                              4   4(100.00%) |   8003    8001    8008   8001 |    0.00        0.00
POST     /api/plugins/unload?uri                                                            4   4(100.00%) |   8001    8001    8002   8001 |    0.10        0.10
--------|----------------------------------------------------------------------------|-------|-------------|-------|-------|-------|-------|--------|-----------
         Aggregated                                                                       281  260(92.53%) |   7406       1    8008   8000 |    1.40        1.40

Type     Name                                                                          # reqs      # fails |    Avg     Min     Max    Med |   req/s  failures/s
--------|----------------------------------------------------------------------------|-------|-------------|-------|-------|-------|-------|--------|-----------
GET      /api/audio/latency                                                                35  35(100.00%) |   8001    8000    8003   8000 |    0.10        0.10
GET      /api/audio/levels                                                                 36  36(100.00%) |   8001    8001    8002   8001 |    0.20        0.20
GET      /api/audio/levels (during plugin swap)                                             8    7(87.50%) |   7004      19    8002   8000 |    0.10        0.10
GET      /api/audio/levels/plugins                                                          4   4(100.00%) |   8001    8000    8001   8000 |    0.00        0.00
GET      /api/audio/status                                                                  5    3(60.00%) |   4801       2    8001   8000 |    0.00        0.00
GET      /api/chains/                                                                      59   55(93.22%) |   7466       6    8002   8000 |    0.20        0.20
GET      /api/chains/{id}                                                                   5    3(60.00%) |   4812      18    8001   8000 |    0.00        0.00
POST     /api/chains/{id}/activate                                                          5    3(60.00%) |   4804       7    8002   8000 |    0.10        0.10
POST     /api/chains/{id}/deactivate                                                        4    2(50.00%) |   4003       3    8001      6 |    0.00        0.00
GET      /api/plugins/discover                                                             57   53(92.98%) |   7441      11    8003   8000 |    0.30        0.30
GET      /api/plugins/list                                                                 57   53(92.98%) |   7440       1    8004   8000 |    0.00        0.00
POST     /api/plugins/load?uri                                                              4   4(100.00%) |   8003    8001    8008   8001 |    0.00        0.00
POST     /api/plugins/unload?uri                                                            4   4(100.00%) |   8001    8001    8002   8001 |    0.00        0.00
--------|----------------------------------------------------------------------------|-------|-------------|-------|-------|-------|-------|--------|-----------
         Aggregated                                                                       283  262(92.58%) |   7410       1    8008   8000 |    1.00        1.00

Type     Name                                                                          # reqs      # fails |    Avg     Min     Max    Med |   req/s  failures/s
--------|----------------------------------------------------------------------------|-------|-------------|-------|-------|-------|-------|--------|-----------
GET      /api/audio/latency                                                                35  35(100.00%) |   8001    8000    8003   8000 |    0.10        0.10
GET      /api/audio/levels                                                                 37  37(100.00%) |   8001    8001    8002   8001 |    0.20        0.20
GET      /api/audio/levels (during plugin swap)                                             8    7(87.50%) |   7004      19    8002   8000 |    0.10        0.10
GET      /api/audio/levels/plugins                                                          4   4(100.00%) |   8001    8000    8001   8000 |    0.00        0.00
GET      /api/audio/status                                                                  5    3(60.00%) |   4801       2    8001   8000 |    0.00        0.00
GET      /api/chains/                                                                      60   56(93.33%) |   7475       6    8002   8000 |    0.20        0.20
GET      /api/chains/{id}                                                                   5    3(60.00%) |   4812      18    8001   8000 |    0.00        0.00
POST     /api/chains/{id}/activate                                                          5    3(60.00%) |   4804       7    8002   8000 |    0.10        0.10
POST     /api/chains/{id}/deactivate                                                        4    2(50.00%) |   4003       3    8001      6 |    0.00        0.00
GET      /api/plugins/discover                                                             57   53(92.98%) |   7441      11    8003   8000 |    0.30        0.30
GET      /api/plugins/list                                                                 58   54(93.10%) |   7450       1    8004   8000 |    0.00        0.00
POST     /api/plugins/load?uri                                                              5   5(100.00%) |   8002    8001    8008   8001 |    0.00        0.00
POST     /api/plugins/unload?uri                                                            4   4(100.00%) |   8001    8001    8002   8001 |    0.00        0.00
--------|----------------------------------------------------------------------------|-------|-------------|-------|-------|-------|-------|--------|-----------
         Aggregated                                                                       287  266(92.68%) |   7418       1    8008   8000 |    1.00        1.00

Type     Name                                                                          # reqs      # fails |    Avg     Min     Max    Med |   req/s  failures/s
--------|----------------------------------------------------------------------------|-------|-------------|-------|-------|-------|-------|--------|-----------
GET      /api/audio/latency                                                                36  36(100.00%) |   8001    8000    8003   8000 |    0.20        0.20
GET      /api/audio/levels                                                                 37  37(100.00%) |   8001    8001    8002   8001 |    0.20        0.20
GET      /api/audio/levels (during plugin swap)                                             9    8(88.89%) |   7114      19    8002   8000 |    0.10        0.10
GET      /api/audio/levels/plugins                                                          4   4(100.00%) |   8001    8000    8001   8000 |    0.00        0.00
GET      /api/audio/status                                                                  5    3(60.00%) |   4801       2    8001   8000 |    0.10        0.10
GET      /api/chains/                                                                      61   57(93.44%) |   7484       6    8002   8000 |    0.30        0.30
GET      /api/chains/{id}                                                                   5    3(60.00%) |   4812      18    8001   8000 |    0.00        0.00
POST     /api/chains/{id}/activate                                                          5    3(60.00%) |   4804       7    8002   8000 |    0.10        0.10
POST     /api/chains/{id}/deactivate                                                        4    2(50.00%) |   4003       3    8001      6 |    0.00        0.00
GET      /api/plugins/discover                                                             57   53(92.98%) |   7441      11    8003   8000 |    0.30        0.30
GET      /api/plugins/list                                                                 59   55(93.22%) |   7459       1    8004   8000 |    0.00        0.00
POST     /api/plugins/load?uri                                                              5   5(100.00%) |   8002    8001    8008   8001 |    0.10        0.10
POST     /api/plugins/unload?uri                                                            4   4(100.00%) |   8001    8001    8002   8001 |    0.00        0.00
--------|----------------------------------------------------------------------------|-------|-------------|-------|-------|-------|-------|--------|-----------
         Aggregated                                                                       291  270(92.78%) |   7426       1    8008   8000 |    1.40        1.40

Type     Name                                                                          # reqs      # fails |    Avg     Min     Max    Med |   req/s  failures/s
--------|----------------------------------------------------------------------------|-------|-------------|-------|-------|-------|-------|--------|-----------
GET      /api/audio/latency                                                                36  36(100.00%) |   8001    8000    8003   8000 |    0.20        0.20
GET      /api/audio/levels                                                                 37  37(100.00%) |   8001    8001    8002   8001 |    0.20        0.20
GET      /api/audio/levels (during plugin swap)                                             9    8(88.89%) |   7114      19    8002   8000 |    0.10        0.10
GET      /api/audio/levels/plugins                                                          4   4(100.00%) |   8001    8000    8001   8000 |    0.00        0.00
GET      /api/audio/status                                                                  5    3(60.00%) |   4801       2    8001   8000 |    0.10        0.10
GET      /api/chains/                                                                      61   57(93.44%) |   7484       6    8002   8000 |    0.30        0.30
GET      /api/chains/{id}                                                                   5    3(60.00%) |   4812      18    8001   8000 |    0.00        0.00
POST     /api/chains/{id}/activate                                                          5    3(60.00%) |   4804       7    8002   8000 |    0.10        0.10
POST     /api/chains/{id}/deactivate                                                        4    2(50.00%) |   4003       3    8001      6 |    0.00        0.00
GET      /api/plugins/discover                                                             57   53(92.98%) |   7441      11    8003   8000 |    0.30        0.30
GET      /api/plugins/list                                                                 59   55(93.22%) |   7459       1    8004   8000 |    0.00        0.00
POST     /api/plugins/load?uri                                                              5   5(100.00%) |   8002    8001    8008   8001 |    0.10        0.10
POST     /api/plugins/unload?uri                                                            4   4(100.00%) |   8001    8001    8002   8001 |    0.00        0.00
--------|----------------------------------------------------------------------------|-------|-------------|-------|-------|-------|-------|--------|-----------
         Aggregated                                                                       291  270(92.78%) |   7426       1    8008   8000 |    1.40        1.40

Type     Name                                                                          # reqs      # fails |    Avg     Min     Max    Med |   req/s  failures/s
--------|----------------------------------------------------------------------------|-------|-------------|-------|-------|-------|-------|--------|-----------
GET      /api/audio/latency                                                                36  36(100.00%) |   8001    8000    8003   8000 |    0.20        0.20
GET      /api/audio/levels                                                                 37  37(100.00%) |   8001    8001    8002   8001 |    0.10        0.10
GET      /api/audio/levels (during plugin swap)                                             9    8(88.89%) |   7114      19    8002   8000 |    0.10        0.10
GET      /api/audio/levels/plugins                                                          4   4(100.00%) |   8001    8000    8001   8000 |    0.00        0.00
GET      /api/audio/status                                                                  5    3(60.00%) |   4801       2    8001   8000 |    0.10        0.10
GET      /api/chains/                                                                      61   57(93.44%) |   7484       6    8002   8000 |    0.20        0.20
GET      /api/chains/{id}                                                                   5    3(60.00%) |   4812      18    8001   8000 |    0.00        0.00
POST     /api/chains/{id}/activate                                                          5    3(60.00%) |   4804       7    8002   8000 |    0.00        0.00
POST     /api/chains/{id}/deactivate                                                        5    3(60.00%) |   4802       3    8002   8000 |    0.00        0.00
GET      /api/plugins/discover                                                             57   53(92.98%) |   7441      11    8003   8000 |    0.00        0.00
GET      /api/plugins/list                                                                 59   55(93.22%) |   7459       1    8004   8000 |    0.20        0.20
POST     /api/plugins/load?uri                                                              5   5(100.00%) |   8002    8001    8008   8001 |    0.10        0.10
POST     /api/plugins/unload?uri                                                            4   4(100.00%) |   8001    8001    8002   8001 |    0.00        0.00
--------|----------------------------------------------------------------------------|-------|-------------|-------|-------|-------|-------|--------|-----------
         Aggregated                                                                       292  271(92.81%) |   7428       1    8008   8000 |    1.00        1.00

Type     Name                                                                          # reqs      # fails |    Avg     Min     Max    Med |   req/s  failures/s
--------|----------------------------------------------------------------------------|-------|-------------|-------|-------|-------|-------|--------|-----------
GET      /api/audio/latency                                                                37  37(100.00%) |   8001    8000    8003   8000 |    0.20        0.20
GET      /api/audio/levels                                                                 37  37(100.00%) |   8001    8001    8002   8001 |    0.10        0.10
GET      /api/audio/levels (during plugin swap)                                             9    8(88.89%) |   7114      19    8002   8000 |    0.10        0.10
GET      /api/audio/levels/plugins                                                          5   5(100.00%) |   8001    8000    8001   8000 |    0.00        0.00
GET      /api/audio/status                                                                  5    3(60.00%) |   4801       2    8001   8000 |    0.10        0.10
GET      /api/chains/                                                                      62   58(93.55%) |   7492       6    8002   8000 |    0.20        0.20
GET      /api/chains/{id}                                                                   5    3(60.00%) |   4812      18    8001   8000 |    0.00        0.00
POST     /api/chains/{id}/activate                                                          5    3(60.00%) |   4804       7    8002   8000 |    0.00        0.00
POST     /api/chains/{id}/deactivate                                                        5    3(60.00%) |   4802       3    8002   8000 |    0.00        0.00
GET      /api/plugins/discover                                                             58   54(93.10%) |   7451      11    8003   8000 |    0.00        0.00
GET      /api/plugins/list                                                                 60   56(93.33%) |   7468       1    8004   8000 |    0.20        0.20
POST     /api/plugins/load?uri                                                              5   5(100.00%) |   8002    8001    8008   8001 |    0.10        0.10
POST     /api/plugins/unload?uri                                                            4   4(100.00%) |   8001    8001    8002   8001 |    0.00        0.00
--------|----------------------------------------------------------------------------|-------|-------------|-------|-------|-------|-------|--------|-----------
         Aggregated                                                                       297  276(92.93%) |   7438       1    8008   8000 |    1.00        1.00

Type     Name                                                                          # reqs      # fails |    Avg     Min     Max    Med |   req/s  failures/s
--------|----------------------------------------------------------------------------|-------|-------------|-------|-------|-------|-------|--------|-----------
GET      /api/audio/latency                                                                37  37(100.00%) |   8001    8000    8003   8000 |    0.20        0.20
GET      /api/audio/levels                                                                 37  37(100.00%) |   8001    8001    8002   8001 |    0.10        0.10
GET      /api/audio/levels (during plugin swap)                                             9    8(88.89%) |   7114      19    8002   8000 |    0.10        0.10
GET      /api/audio/levels/plugins                                                          5   5(100.00%) |   8001    8000    8001   8000 |    0.10        0.10
GET      /api/audio/status                                                                  5    3(60.00%) |   4801       2    8001   8000 |    0.10        0.10
GET      /api/chains/                                                                      64   60(93.75%) |   7508       6    8002   8000 |    0.30        0.30
GET      /api/chains/{id}                                                                   5    3(60.00%) |   4812      18    8001   8000 |    0.00        0.00
POST     /api/chains/{id}/activate                                                          5    3(60.00%) |   4804       7    8002   8000 |    0.00        0.00
POST     /api/chains/{id}/deactivate                                                        5    3(60.00%) |   4802       3    8002   8000 |    0.10        0.10
GET      /api/plugins/discover                                                             59   55(93.22%) |   7460      11    8003   8000 |    0.00        0.00
GET      /api/plugins/list                                                                 61   57(93.44%) |   7477       1    8004   8000 |    0.30        0.30
POST     /api/plugins/load?uri                                                              5   5(100.00%) |   8002    8001    8008   8001 |    0.10        0.10
POST     /api/plugins/unload?uri                                                            4   4(100.00%) |   8001    8001    8002   8001 |    0.00        0.00
--------|----------------------------------------------------------------------------|-------|-------------|-------|-------|-------|-------|--------|-----------
         Aggregated                                                                       301  280(93.02%) |   7445       1    8008   8000 |    1.40        1.40

Type     Name                                                                          # reqs      # fails |    Avg     Min     Max    Med |   req/s  failures/s
--------|----------------------------------------------------------------------------|-------|-------------|-------|-------|-------|-------|--------|-----------
GET      /api/audio/latency                                                                37  37(100.00%) |   8001    8000    8003   8000 |    0.20        0.20
GET      /api/audio/levels                                                                 37  37(100.00%) |   8001    8001    8002   8001 |    0.10        0.10
GET      /api/audio/levels (during plugin swap)                                             9    8(88.89%) |   7114      19    8002   8000 |    0.10        0.10
GET      /api/audio/levels/plugins                                                          5   5(100.00%) |   8001    8000    8001   8000 |    0.10        0.10
GET      /api/audio/status                                                                  5    3(60.00%) |   4801       2    8001   8000 |    0.10        0.10
GET      /api/chains/                                                                      64   60(93.75%) |   7508       6    8002   8000 |    0.30        0.30
GET      /api/chains/{id}                                                                   5    3(60.00%) |   4812      18    8001   8000 |    0.00        0.00
POST     /api/chains/{id}/activate                                                          5    3(60.00%) |   4804       7    8002   8000 |    0.00        0.00
POST     /api/chains/{id}/deactivate                                                        5    3(60.00%) |   4802       3    8002   8000 |    0.10        0.10
GET      /api/plugins/discover                                                             59   55(93.22%) |   7460      11    8003   8000 |    0.00        0.00
GET      /api/plugins/list                                                                 61   57(93.44%) |   7477       1    8004   8000 |    0.30        0.30
POST     /api/plugins/load?uri                                                              5   5(100.00%) |   8002    8001    8008   8001 |    0.10        0.10
POST     /api/plugins/unload?uri                                                            4   4(100.00%) |   8001    8001    8002   8001 |    0.00        0.00
--------|----------------------------------------------------------------------------|-------|-------------|-------|-------|-------|-------|--------|-----------
         Aggregated                                                                       301  280(93.02%) |   7445       1    8008   8000 |    1.40        1.40

Type     Name                                                                          # reqs      # fails |    Avg     Min     Max    Med |   req/s  failures/s
--------|----------------------------------------------------------------------------|-------|-------------|-------|-------|-------|-------|--------|-----------
GET      /api/audio/latency                                                                37  37(100.00%) |   8001    8000    8003   8000 |    0.10        0.10
GET      /api/audio/levels                                                                 37  37(100.00%) |   8001    8001    8002   8001 |    0.00        0.00
GET      /api/audio/levels (during plugin swap)                                             9    8(88.89%) |   7114      19    8002   8000 |    0.00        0.00
GET      /api/audio/levels/plugins                                                          5   5(100.00%) |   8001    8000    8001   8000 |    0.10        0.10
GET      /api/audio/status                                                                  5    3(60.00%) |   4801       2    8001   8000 |    0.00        0.00
GET      /api/chains/                                                                      64   60(93.75%) |   7508       6    8002   8000 |    0.30        0.30
GET      /api/chains/{id}                                                                   6    4(66.67%) |   5343      18    8001   8000 |    0.00        0.00
POST     /api/chains/{id}/activate                                                          5    3(60.00%) |   4804       7    8002   8000 |    0.00        0.00
POST     /api/chains/{id}/deactivate                                                        5    3(60.00%) |   4802       3    8002   8000 |    0.10        0.10
GET      /api/plugins/discover                                                             59   55(93.22%) |   7460      11    8003   8000 |    0.20        0.20
GET      /api/plugins/list                                                                 61   57(93.44%) |   7477       1    8004   8000 |    0.20        0.20
POST     /api/plugins/load?uri                                                              5   5(100.00%) |   8002    8001    8008   8001 |    0.00        0.00
POST     /api/plugins/unload?uri                                                            4   4(100.00%) |   8001    8001    8002   8001 |    0.00        0.00
--------|----------------------------------------------------------------------------|-------|-------------|-------|-------|-------|-------|--------|-----------
         Aggregated                                                                       302  281(93.05%) |   7447       1    8008   8000 |    1.00        1.00

Type     Name                                                                          # reqs      # fails |    Avg     Min     Max    Med |   req/s  failures/s
--------|----------------------------------------------------------------------------|-------|-------------|-------|-------|-------|-------|--------|-----------
GET      /api/audio/latency                                                                37  37(100.00%) |   8001    8000    8003   8000 |    0.10        0.10
GET      /api/audio/levels                                                                 37  37(100.00%) |   8001    8001    8002   8001 |    0.00        0.00
GET      /api/audio/levels (during plugin swap)                                            10    9(90.00%) |   7203      19    8002   8000 |    0.00        0.00
GET      /api/audio/levels/plugins                                                          5   5(100.00%) |   8001    8000    8001   8000 |    0.10        0.10
GET      /api/audio/status                                                                  5    3(60.00%) |   4801       2    8001   8000 |    0.00        0.00
GET      /api/chains/                                                                      65   61(93.85%) |   7516       6    8002   8000 |    0.30        0.30
GET      /api/chains/{id}                                                                   6    4(66.67%) |   5343      18    8001   8000 |    0.00        0.00
POST     /api/chains/{id}/activate                                                          5    3(60.00%) |   4804       7    8002   8000 |    0.00        0.00
POST     /api/chains/{id}/deactivate                                                        5    3(60.00%) |   4802       3    8002   8000 |    0.10        0.10
GET      /api/plugins/discover                                                             60   56(93.33%) |   7469      11    8003   8000 |    0.20        0.20
GET      /api/plugins/list                                                                 62   58(93.55%) |   7485       1    8004   8000 |    0.20        0.20
POST     /api/plugins/load?uri                                                              5   5(100.00%) |   8002    8001    8008   8001 |    0.00        0.00
POST     /api/plugins/unload?uri                                                            5   5(100.00%) |   8001    8001    8002   8001 |    0.00        0.00
--------|----------------------------------------------------------------------------|-------|-------------|-------|-------|-------|-------|--------|-----------
         Aggregated                                                                       307  286(93.16%) |   7456       1    8008   8000 |    1.00        1.00

Type     Name                                                                          # reqs      # fails |    Avg     Min     Max    Med |   req/s  failures/s
--------|----------------------------------------------------------------------------|-------|-------------|-------|-------|-------|-------|--------|-----------
GET      /api/audio/latency                                                                37  37(100.00%) |   8001    8000    8003   8000 |    0.10        0.10
GET      /api/audio/levels                                                                 38  38(100.00%) |   8001    8001    8002   8001 |    0.00        0.00
GET      /api/audio/levels (during plugin swap)                                            10    9(90.00%) |   7203      19    8002   8000 |    0.00        0.00
GET      /api/audio/levels/plugins                                                          5   5(100.00%) |   8001    8000    8001   8000 |    0.10        0.10
GET      /api/audio/status                                                                  5    3(60.00%) |   4801       2    8001   8000 |    0.00        0.00
GET      /api/chains/                                                                      65   61(93.85%) |   7516       6    8002   8000 |    0.30        0.30
GET      /api/chains/{id}                                                                   6    4(66.67%) |   5343      18    8001   8000 |    0.10        0.10
POST     /api/chains/{id}/activate                                                          5    3(60.00%) |   4804       7    8002   8000 |    0.00        0.00
POST     /api/chains/{id}/deactivate                                                        5    3(60.00%) |   4802       3    8002   8000 |    0.10        0.10
GET      /api/plugins/discover                                                             61   57(93.44%) |   7478      11    8003   8000 |    0.30        0.30
GET      /api/plugins/list                                                                 64   60(93.75%) |   7502       1    8004   8000 |    0.30        0.30
POST     /api/plugins/load?uri                                                              5   5(100.00%) |   8002    8001    8008   8001 |    0.00        0.00
POST     /api/plugins/unload?uri                                                            5   5(100.00%) |   8001    8001    8002   8001 |    0.10        0.10
--------|----------------------------------------------------------------------------|-------|-------------|-------|-------|-------|-------|--------|-----------
         Aggregated                                                                       311  290(93.25%) |   7463       1    8008   8000 |    1.40        1.40

Type     Name                                                                          # reqs      # fails |    Avg     Min     Max    Med |   req/s  failures/s
--------|----------------------------------------------------------------------------|-------|-------------|-------|-------|-------|-------|--------|-----------
GET      /api/audio/latency                                                                37  37(100.00%) |   8001    8000    8003   8000 |    0.10        0.10
GET      /api/audio/levels                                                                 38  38(100.00%) |   8001    8001    8002   8001 |    0.00        0.00
GET      /api/audio/levels (during plugin swap)                                            10    9(90.00%) |   7203      19    8002   8000 |    0.00        0.00
GET      /api/audio/levels/plugins                                                          5   5(100.00%) |   8001    8000    8001   8000 |    0.10        0.10
GET      /api/audio/status                                                                  5    3(60.00%) |   4801       2    8001   8000 |    0.00        0.00
GET      /api/chains/                                                                      65   61(93.85%) |   7516       6    8002   8000 |    0.30        0.30
GET      /api/chains/{id}                                                                   6    4(66.67%) |   5343      18    8001   8000 |    0.10        0.10
POST     /api/chains/{id}/activate                                                          5    3(60.00%) |   4804       7    8002   8000 |    0.00        0.00
POST     /api/chains/{id}/deactivate                                                        5    3(60.00%) |   4802       3    8002   8000 |    0.10        0.10
GET      /api/plugins/discover                                                             61   57(93.44%) |   7478      11    8003   8000 |    0.30        0.30
GET      /api/plugins/list                                                                 64   60(93.75%) |   7502       1    8004   8000 |    0.30        0.30
POST     /api/plugins/load?uri                                                              5   5(100.00%) |   8002    8001    8008   8001 |    0.00        0.00
POST     /api/plugins/unload?uri                                                            5   5(100.00%) |   8001    8001    8002   8001 |    0.10        0.10
--------|----------------------------------------------------------------------------|-------|-------------|-------|-------|-------|-------|--------|-----------
         Aggregated                                                                       311  290(93.25%) |   7463       1    8008   8000 |    1.40        1.40

Type     Name                                                                          # reqs      # fails |    Avg     Min     Max    Med |   req/s  failures/s
--------|----------------------------------------------------------------------------|-------|-------------|-------|-------|-------|-------|--------|-----------
GET      /api/audio/latency                                                                37  37(100.00%) |   8001    8000    8003   8000 |    0.00        0.00
GET      /api/audio/levels                                                                 38  38(100.00%) |   8001    8001    8002   8001 |    0.10        0.10
GET      /api/audio/levels (during plugin swap)                                            10    9(90.00%) |   7203      19    8002   8000 |    0.10        0.10
GET      /api/audio/levels/plugins                                                          5   5(100.00%) |   8001    8000    8001   8000 |    0.00        0.00
GET      /api/audio/status                                                                  5    3(60.00%) |   4801       2    8001   8000 |    0.00        0.00
GET      /api/chains/                                                                      65   61(93.85%) |   7516       6    8002   8000 |    0.10        0.10
GET      /api/chains/{id}                                                                   6    4(66.67%) |   5343      18    8001   8000 |    0.10        0.10
POST     /api/chains/{id}/activate                                                          6    4(66.67%) |   5337       7    8002   8000 |    0.00        0.00
POST     /api/chains/{id}/deactivate                                                        5    3(60.00%) |   4802       3    8002   8000 |    0.00        0.00
GET      /api/plugins/discover                                                             61   57(93.44%) |   7478      11    8003   8000 |    0.20        0.20
GET      /api/plugins/list                                                                 64   60(93.75%) |   7502       1    8004   8000 |    0.30        0.30
POST     /api/plugins/load?uri                                                              5   5(100.00%) |   8002    8001    8008   8001 |    0.00        0.00
POST     /api/plugins/unload?uri                                                            5   5(100.00%) |   8001    8001    8002   8001 |    0.10        0.10
--------|----------------------------------------------------------------------------|-------|-------------|-------|-------|-------|-------|--------|-----------
         Aggregated                                                                       312  291(93.27%) |   7465       1    8008   8000 |    1.00        1.00

Type     Name                                                                          # reqs      # fails |    Avg     Min     Max    Med |   req/s  failures/s
--------|----------------------------------------------------------------------------|-------|-------------|-------|-------|-------|-------|--------|-----------
GET      /api/audio/latency                                                                37  37(100.00%) |   8001    8000    8003   8000 |    0.00        0.00
GET      /api/audio/levels                                                                 40  40(100.00%) |   8001    8001    8002   8001 |    0.10        0.10
GET      /api/audio/levels (during plugin swap)                                            10    9(90.00%) |   7203      19    8002   8000 |    0.10        0.10
GET      /api/audio/levels/plugins                                                          5   5(100.00%) |   8001    8000    8001   8000 |    0.00        0.00
GET      /api/audio/status                                                                  5    3(60.00%) |   4801       2    8001   8000 |    0.00        0.00
GET      /api/chains/                                                                      66   62(93.94%) |   7523       6    8002   8000 |    0.10        0.10
GET      /api/chains/{id}                                                                   6    4(66.67%) |   5343      18    8001   8000 |    0.10        0.10
POST     /api/chains/{id}/activate                                                          6    4(66.67%) |   5337       7    8002   8000 |    0.00        0.00
POST     /api/chains/{id}/deactivate                                                        5    3(60.00%) |   4802       3    8002   8000 |    0.00        0.00
GET      /api/plugins/discover                                                             62   58(93.55%) |   7486      11    8003   8000 |    0.20        0.20
GET      /api/plugins/list                                                                 65   61(93.85%) |   7509       1    8004   8000 |    0.30        0.30
POST     /api/plugins/load?uri                                                              5   5(100.00%) |   8002    8001    8008   8001 |    0.00        0.00
POST     /api/plugins/unload?uri                                                            5   5(100.00%) |   8001    8001    8002   8001 |    0.10        0.10
--------|----------------------------------------------------------------------------|-------|-------------|-------|-------|-------|-------|--------|-----------
         Aggregated                                                                       317  296(93.38%) |   7473       1    8008   8000 |    1.00        1.00

Type     Name                                                                          # reqs      # fails |    Avg     Min     Max    Med |   req/s  failures/s
--------|----------------------------------------------------------------------------|-------|-------------|-------|-------|-------|-------|--------|-----------
GET      /api/audio/latency                                                                38  38(100.00%) |   8001    8000    8003   8000 |    0.00        0.00
GET      /api/audio/levels                                                                 40  40(100.00%) |   8001    8001    8002   8001 |    0.30        0.30
GET      /api/audio/levels (during plugin swap)                                            10    9(90.00%) |   7203      19    8002   8000 |    0.10        0.10
GET      /api/audio/levels/plugins                                                          5   5(100.00%) |   8001    8000    8001   8000 |    0.00        0.00
GET      /api/audio/status                                                                  5    3(60.00%) |   4801       2    8001   8000 |    0.00        0.00
GET      /api/chains/                                                                      67   63(94.03%) |   7530       6    8002   8000 |    0.10        0.10
GET      /api/chains/{id}                                                                   6    4(66.67%) |   5343      18    8001   8000 |    0.10        0.10
POST     /api/chains/{id}/activate                                                          6    4(66.67%) |   5337       7    8002   8000 |    0.10        0.10
POST     /api/chains/{id}/deactivate                                                        5    3(60.00%) |   4802       3    8002   8000 |    0.00        0.00
GET      /api/plugins/discover                                                             64   60(93.75%) |   7502      11    8003   8000 |    0.30        0.30
GET      /api/plugins/list                                                                 65   61(93.85%) |   7509       1    8004   8000 |    0.30        0.30
POST     /api/plugins/load?uri                                                              5   5(100.00%) |   8002    8001    8008   8001 |    0.00        0.00
POST     /api/plugins/unload?uri                                                            5   5(100.00%) |   8001    8001    8002   8001 |    0.10        0.10
--------|----------------------------------------------------------------------------|-------|-------------|-------|-------|-------|-------|--------|-----------
         Aggregated                                                                       321  300(93.46%) |   7480       1    8008   8000 |    1.40        1.40

Type     Name                                                                          # reqs      # fails |    Avg     Min     Max    Med |   req/s  failures/s
--------|----------------------------------------------------------------------------|-------|-------------|-------|-------|-------|-------|--------|-----------
GET      /api/audio/latency                                                                38  38(100.00%) |   8001    8000    8003   8000 |    0.00        0.00
GET      /api/audio/levels                                                                 40  40(100.00%) |   8001    8001    8002   8001 |    0.30        0.30
GET      /api/audio/levels (during plugin swap)                                            10    9(90.00%) |   7203      19    8002   8000 |    0.10        0.10
GET      /api/audio/levels/plugins                                                          5   5(100.00%) |   8001    8000    8001   8000 |    0.00        0.00
GET      /api/audio/status                                                                  5    3(60.00%) |   4801       2    8001   8000 |    0.00        0.00
GET      /api/chains/                                                                      67   63(94.03%) |   7530       6    8002   8000 |    0.10        0.10
GET      /api/chains/{id}                                                                   6    4(66.67%) |   5343      18    8001   8000 |    0.10        0.10
POST     /api/chains/{id}/activate                                                          6    4(66.67%) |   5337       7    8002   8000 |    0.10        0.10
POST     /api/chains/{id}/deactivate                                                        5    3(60.00%) |   4802       3    8002   8000 |    0.00        0.00
GET      /api/plugins/discover                                                             64   60(93.75%) |   7502      11    8003   8000 |    0.30        0.30
GET      /api/plugins/list                                                                 65   61(93.85%) |   7509       1    8004   8000 |    0.30        0.30
POST     /api/plugins/load?uri                                                              5   5(100.00%) |   8002    8001    8008   8001 |    0.00        0.00
POST     /api/plugins/unload?uri                                                            5   5(100.00%) |   8001    8001    8002   8001 |    0.10        0.10
--------|----------------------------------------------------------------------------|-------|-------------|-------|-------|-------|-------|--------|-----------
         Aggregated                                                                       321  300(93.46%) |   7480       1    8008   8000 |    1.40        1.40

Type     Name                                                                          # reqs      # fails |    Avg     Min     Max    Med |   req/s  failures/s
--------|----------------------------------------------------------------------------|-------|-------------|-------|-------|-------|-------|--------|-----------
GET      /api/audio/latency                                                                38  38(100.00%) |   8001    8000    8003   8000 |    0.10        0.10
GET      /api/audio/levels                                                                 40  40(100.00%) |   8001    8001    8002   8001 |    0.20        0.20
GET      /api/audio/levels (during plugin swap)                                            10    9(90.00%) |   7203      19    8002   8000 |    0.00        0.00
GET      /api/audio/levels/plugins                                                          5   5(100.00%) |   8001    8000    8001   8000 |    0.00        0.00
GET      /api/audio/status                                                                  6    4(66.67%) |   5334       2    8001   8000 |    0.00        0.00
GET      /api/chains/                                                                      67   63(94.03%) |   7530       6    8002   8000 |    0.20        0.20
GET      /api/chains/{id}                                                                   6    4(66.67%) |   5343      18    8001   8000 |    0.00        0.00
POST     /api/chains/{id}/activate                                                          6    4(66.67%) |   5337       7    8002   8000 |    0.10        0.10
POST     /api/chains/{id}/deactivate                                                        5    3(60.00%) |   4802       3    8002   8000 |    0.00        0.00
GET      /api/plugins/discover                                                             64   60(93.75%) |   7502      11    8003   8000 |    0.30        0.30
GET      /api/plugins/list                                                                 65   61(93.85%) |   7509       1    8004   8000 |    0.10        0.10
POST     /api/plugins/load?uri                                                              5   5(100.00%) |   8002    8001    8008   8001 |    0.00        0.00
POST     /api/plugins/unload?uri                                                            5   5(100.00%) |   8001    8001    8002   8001 |    0.00        0.00
--------|----------------------------------------------------------------------------|-------|-------------|-------|-------|-------|-------|--------|-----------
         Aggregated                                                                       322  301(93.48%) |   7481       1    8008   8000 |    1.00        1.00

Type     Name                                                                          # reqs      # fails |    Avg     Min     Max    Med |   req/s  failures/s
--------|----------------------------------------------------------------------------|-------|-------------|-------|-------|-------|-------|--------|-----------
GET      /api/audio/latency                                                                40  40(100.00%) |   8001    8000    8003   8000 |    0.10        0.10
GET      /api/audio/levels                                                                 41  41(100.00%) |   8001    8001    8002   8001 |    0.20        0.20
GET      /api/audio/levels (during plugin swap)                                            10    9(90.00%) |   7203      19    8002   8000 |    0.00        0.00
GET      /api/audio/levels/plugins                                                          5   5(100.00%) |   8001    8000    8001   8000 |    0.00        0.00
GET      /api/audio/status                                                                  6    4(66.67%) |   5334       2    8001   8000 |    0.00        0.00
GET      /api/chains/                                                                      67   63(94.03%) |   7530       6    8002   8000 |    0.20        0.20
GET      /api/chains/{id}                                                                   6    4(66.67%) |   5343      18    8001   8000 |    0.00        0.00
POST     /api/chains/{id}/activate                                                          6    4(66.67%) |   5337       7    8002   8000 |    0.10        0.10
POST     /api/chains/{id}/deactivate                                                        5    3(60.00%) |   4802       3    8002   8000 |    0.00        0.00
GET      /api/plugins/discover                                                             65   61(93.85%) |   7510      11    8003   8000 |    0.30        0.30
GET      /api/plugins/list                                                                 66   62(93.94%) |   7517       1    8004   8000 |    0.10        0.10
POST     /api/plugins/load?uri                                                              5   5(100.00%) |   8002    8001    8008   8001 |    0.00        0.00
POST     /api/plugins/unload?uri                                                            5   5(100.00%) |   8001    8001    8002   8001 |    0.00        0.00
--------|----------------------------------------------------------------------------|-------|-------------|-------|-------|-------|-------|--------|-----------
         Aggregated                                                                       327  306(93.58%) |   7489       1    8008   8000 |    1.00        1.00

Type     Name                                                                          # reqs      # fails |    Avg     Min     Max    Med |   req/s  failures/s
--------|----------------------------------------------------------------------------|-------|-------------|-------|-------|-------|-------|--------|-----------
GET      /api/audio/latency                                                                40  40(100.00%) |   8001    8000    8003   8000 |    0.30        0.30
GET      /api/audio/levels                                                                 43  43(100.00%) |   8001    8001    8002   8001 |    0.30        0.30
GET      /api/audio/levels (during plugin swap)                                            10    9(90.00%) |   7203      19    8002   8000 |    0.00        0.00
GET      /api/audio/levels/plugins                                                          5   5(100.00%) |   8001    8000    8001   8000 |    0.00        0.00
GET      /api/audio/status                                                                  6    4(66.67%) |   5334       2    8001   8000 |    0.10        0.10
GET      /api/chains/                                                                      68   64(94.12%) |   7537       6    8002   8000 |    0.20        0.20
GET      /api/chains/{id}                                                                   6    4(66.67%) |   5343      18    8001   8000 |    0.00        0.00
POST     /api/chains/{id}/activate                                                          6    4(66.67%) |   5337       7    8002   8000 |    0.10        0.10
POST     /api/chains/{id}/deactivate                                                        5    3(60.00%) |   4802       3    8002   8000 |    0.00        0.00
GET      /api/plugins/discover                                                             65   61(93.85%) |   7510      11    8003   8000 |    0.40        0.40
GET      /api/plugins/list                                                                 67   63(94.03%) |   7524       1    8004   8000 |    0.20        0.20
POST     /api/plugins/load?uri                                                              5   5(100.00%) |   8002    8001    8008   8001 |    0.00        0.00
POST     /api/plugins/unload?uri                                                            5   5(100.00%) |   8001    8001    8002   8001 |    0.00        0.00
--------|----------------------------------------------------------------------------|-------|-------------|-------|-------|-------|-------|--------|-----------
         Aggregated                                                                       331  310(93.66%) |   7496       1    8008   8000 |    1.60        1.60

Type     Name                                                                          # reqs      # fails |    Avg     Min     Max    Med |   req/s  failures/s
--------|----------------------------------------------------------------------------|-------|-------------|-------|-------|-------|-------|--------|-----------
GET      /api/audio/latency                                                                40  40(100.00%) |   8001    8000    8003   8000 |    0.30        0.30
GET      /api/audio/levels                                                                 43  43(100.00%) |   8001    8001    8002   8001 |    0.30        0.30
GET      /api/audio/levels (during plugin swap)                                            10    9(90.00%) |   7203      19    8002   8000 |    0.00        0.00
GET      /api/audio/levels/plugins                                                          5   5(100.00%) |   8001    8000    8001   8000 |    0.00        0.00
GET      /api/audio/status                                                                  6    4(66.67%) |   5334       2    8001   8000 |    0.10        0.10
GET      /api/chains/                                                                      68   64(94.12%) |   7537       6    8002   8000 |    0.20        0.20
GET      /api/chains/{id}                                                                   6    4(66.67%) |   5343      18    8001   8000 |    0.00        0.00
POST     /api/chains/{id}/activate                                                          6    4(66.67%) |   5337       7    8002   8000 |    0.10        0.10
POST     /api/chains/{id}/deactivate                                                        5    3(60.00%) |   4802       3    8002   8000 |    0.00        0.00
GET      /api/plugins/discover                                                             65   61(93.85%) |   7510      11    8003   8000 |    0.40        0.40
GET      /api/plugins/list                                                                 67   63(94.03%) |   7524       1    8004   8000 |    0.20        0.20
POST     /api/plugins/load?uri                                                              5   5(100.00%) |   8002    8001    8008   8001 |    0.00        0.00
POST     /api/plugins/unload?uri                                                            5   5(100.00%) |   8001    8001    8002   8001 |    0.00        0.00
--------|----------------------------------------------------------------------------|-------|-------------|-------|-------|-------|-------|--------|-----------
         Aggregated                                                                       331  310(93.66%) |   7496       1    8008   8000 |    1.60        1.60

Type     Name                                                                          # reqs      # fails |    Avg     Min     Max    Med |   req/s  failures/s
--------|----------------------------------------------------------------------------|-------|-------------|-------|-------|-------|-------|--------|-----------
GET      /api/audio/latency                                                                40  40(100.00%) |   8001    8000    8003   8000 |    0.20        0.20
GET      /api/audio/levels                                                                 43  43(100.00%) |   8001    8001    8002   8001 |    0.30        0.30
GET      /api/audio/levels (during plugin swap)                                            10    9(90.00%) |   7203      19    8002   8000 |    0.00        0.00
GET      /api/audio/levels/plugins                                                          5   5(100.00%) |   8001    8000    8001   8000 |    0.00        0.00
GET      /api/audio/status                                                                  6    4(66.67%) |   5334       2    8001   8000 |    0.10        0.10
GET      /api/chains/                                                                      68   64(94.12%) |   7537       6    8002   8000 |    0.10        0.10
GET      /api/chains/{id}                                                                   6    4(66.67%) |   5343      18    8001   8000 |    0.00        0.00
POST     /api/chains/{id}/activate                                                          6    4(66.67%) |   5337       7    8002   8000 |    0.00        0.00
POST     /api/chains/{id}/deactivate                                                        6    4(66.67%) |   5336       3    8002   8000 |    0.00        0.00
GET      /api/plugins/discover                                                             65   61(93.85%) |   7510      11    8003   8000 |    0.10        0.10
GET      /api/plugins/list                                                                 67   63(94.03%) |   7524       1    8004   8000 |    0.20        0.20
POST     /api/plugins/load?uri                                                              5   5(100.00%) |   8002    8001    8008   8001 |    0.00        0.00
POST     /api/plugins/unload?uri                                                            5   5(100.00%) |   8001    8001    8002   8001 |    0.00        0.00
--------|----------------------------------------------------------------------------|-------|-------------|-------|-------|-------|-------|--------|-----------
         Aggregated                                                                       332  311(93.67%) |   7497       1    8008   8000 |    1.00        1.00

Type     Name                                                                          # reqs      # fails |    Avg     Min     Max    Med |   req/s  failures/s
--------|----------------------------------------------------------------------------|-------|-------------|-------|-------|-------|-------|--------|-----------
GET      /api/audio/latency                                                                41  41(100.00%) |   8001    8000    8003   8000 |    0.20        0.20
GET      /api/audio/levels                                                                 45  45(100.00%) |   8001    8001    8002   8001 |    0.30        0.30
GET      /api/audio/levels (during plugin swap)                                            10    9(90.00%) |   7203      19    8002   8000 |    0.00        0.00
GET      /api/audio/levels/plugins                                                          5   5(100.00%) |   8001    8000    8001   8000 |    0.00        0.00
GET      /api/audio/status                                                                  6    4(66.67%) |   5334       2    8001   8000 |    0.10        0.10
GET      /api/chains/                                                                      69   65(94.20%) |   7544       6    8002   8000 |    0.10        0.10
GET      /api/chains/{id}                                                                   6    4(66.67%) |   5343      18    8001   8000 |    0.00        0.00
POST     /api/chains/{id}/activate                                                          6    4(66.67%) |   5337       7    8002   8000 |    0.00        0.00
POST     /api/chains/{id}/deactivate                                                        6    4(66.67%) |   5336       3    8002   8000 |    0.00        0.00
GET      /api/plugins/discover                                                             66   62(93.94%) |   7517      11    8003   8000 |    0.10        0.10
GET      /api/plugins/list                                                                 67   63(94.03%) |   7524       1    8004   8000 |    0.20        0.20
POST     /api/plugins/load?uri                                                              5   5(100.00%) |   8002    8001    8008   8001 |    0.00        0.00
POST     /api/plugins/unload?uri                                                            5   5(100.00%) |   8001    8001    8002   8001 |    0.00        0.00
--------|----------------------------------------------------------------------------|-------|-------------|-------|-------|-------|-------|--------|-----------
         Aggregated                                                                       337  316(93.77%) |   7505       1    8008   8000 |    1.00        1.00

Type     Name                                                                          # reqs      # fails |    Avg     Min     Max    Med |   req/s  failures/s
--------|----------------------------------------------------------------------------|-------|-------------|-------|-------|-------|-------|--------|-----------
GET      /api/audio/latency                                                                43  43(100.00%) |   8001    8000    8003   8000 |    0.30        0.30
GET      /api/audio/levels                                                                 45  45(100.00%) |   8001    8001    8002   8001 |    0.50        0.50
GET      /api/audio/levels (during plugin swap)                                            10    9(90.00%) |   7203      19    8002   8000 |    0.00        0.00
GET      /api/audio/levels/plugins                                                          5   5(100.00%) |   8001    8000    8001   8000 |    0.00        0.00
GET      /api/audio/status                                                                  6    4(66.67%) |   5334       2    8001   8000 |    0.10        0.10
GET      /api/chains/                                                                      69   65(94.20%) |   7544       6    8002   8000 |    0.20        0.20
GET      /api/chains/{id}                                                                   6    4(66.67%) |   5343      18    8001   8000 |    0.00        0.00
POST     /api/chains/{id}/activate                                                          6    4(66.67%) |   5337       7    8002   8000 |    0.00        0.00
POST     /api/chains/{id}/deactivate                                                        6    4(66.67%) |   5336       3    8002   8000 |    0.10        0.10
GET      /api/plugins/discover                                                             67   63(94.03%) |   7525      11    8003   8000 |    0.20        0.20
GET      /api/plugins/list                                                                 68   64(94.12%) |   7531       1    8004   8000 |    0.20        0.20
POST     /api/plugins/load?uri                                                              5   5(100.00%) |   8002    8001    8008   8001 |    0.00        0.00
POST     /api/plugins/unload?uri                                                            5   5(100.00%) |   8001    8001    8002   8001 |    0.00        0.00
--------|----------------------------------------------------------------------------|-------|-------------|-------|-------|-------|-------|--------|-----------
         Aggregated                                                                       341  320(93.84%) |   7510       1    8008   8000 |    1.60        1.60

Type     Name                                                                          # reqs      # fails |    Avg     Min     Max    Med |   req/s  failures/s
--------|----------------------------------------------------------------------------|-------|-------------|-------|-------|-------|-------|--------|-----------
GET      /api/audio/latency                                                                43  43(100.00%) |   8001    8000    8003   8000 |    0.30        0.30
GET      /api/audio/levels                                                                 45  45(100.00%) |   8001    8001    8002   8001 |    0.50        0.50
GET      /api/audio/levels (during plugin swap)                                            10    9(90.00%) |   7203      19    8002   8000 |    0.00        0.00
GET      /api/audio/levels/plugins                                                          5   5(100.00%) |   8001    8000    8001   8000 |    0.00        0.00
GET      /api/audio/status                                                                  6    4(66.67%) |   5334       2    8001   8000 |    0.10        0.10
GET      /api/chains/                                                                      69   65(94.20%) |   7544       6    8002   8000 |    0.20        0.20
GET      /api/chains/{id}                                                                   6    4(66.67%) |   5343      18    8001   8000 |    0.00        0.00
POST     /api/chains/{id}/activate                                                          6    4(66.67%) |   5337       7    8002   8000 |    0.00        0.00
POST     /api/chains/{id}/deactivate                                                        6    4(66.67%) |   5336       3    8002   8000 |    0.10        0.10
GET      /api/plugins/discover                                                             67   63(94.03%) |   7525      11    8003   8000 |    0.20        0.20
GET      /api/plugins/list                                                                 68   64(94.12%) |   7531       1    8004   8000 |    0.20        0.20
POST     /api/plugins/load?uri                                                              5   5(100.00%) |   8002    8001    8008   8001 |    0.00        0.00
POST     /api/plugins/unload?uri                                                            5   5(100.00%) |   8001    8001    8002   8001 |    0.00        0.00
--------|----------------------------------------------------------------------------|-------|-------------|-------|-------|-------|-------|--------|-----------
         Aggregated                                                                       341  320(93.84%) |   7510       1    8008   8000 |    1.60        1.60

Type     Name                                                                          # reqs      # fails |    Avg     Min     Max    Med |   req/s  failures/s
--------|----------------------------------------------------------------------------|-------|-------------|-------|-------|-------|-------|--------|-----------
GET      /api/audio/latency                                                                43  43(100.00%) |   8001    8000    8003   8000 |    0.30        0.30
GET      /api/audio/levels                                                                 45  45(100.00%) |   8001    8001    8002   8001 |    0.50        0.50
GET      /api/audio/levels (during plugin swap)                                            10    9(90.00%) |   7203      19    8002   8000 |    0.00        0.00
GET      /api/audio/levels/plugins                                                          5   5(100.00%) |   8001    8000    8001   8000 |    0.00        0.00
GET      /api/audio/status                                                                  6    4(66.67%) |   5334       2    8001   8000 |    0.10        0.10
GET      /api/chains/                                                                      69   65(94.20%) |   7544       6    8002   8000 |    0.20        0.20
GET      /api/chains/{id}                                                                   6    4(66.67%) |   5343      18    8001   8000 |    0.00        0.00
POST     /api/chains/{id}/activate                                                          6    4(66.67%) |   5337       7    8002   8000 |    0.00        0.00
POST     /api/chains/{id}/deactivate                                                        6    4(66.67%) |   5336       3    8002   8000 |    0.10        0.10
GET      /api/plugins/discover                                                             67   63(94.03%) |   7525      11    8003   8000 |    0.20        0.20
GET      /api/plugins/list                                                                 68   64(94.12%) |   7531       1    8004   8000 |    0.20        0.20
POST     /api/plugins/load?uri                                                              5   5(100.00%) |   8002    8001    8008   8001 |    0.00        0.00
POST     /api/plugins/unload?uri                                                            5   5(100.00%) |   8001    8001    8002   8001 |    0.00        0.00
--------|----------------------------------------------------------------------------|-------|-------------|-------|-------|-------|-------|--------|-----------
         Aggregated                                                                       341  320(93.84%) |   7510       1    8008   8000 |    1.60        1.60

Type     Name                                                                          # reqs      # fails |    Avg     Min     Max    Med |   req/s  failures/s
--------|----------------------------------------------------------------------------|-------|-------------|-------|-------|-------|-------|--------|-----------
GET      /api/audio/latency                                                                45  45(100.00%) |   8001    8000    8003   8000 |    0.30        0.30
GET      /api/audio/levels                                                                 47  47(100.00%) |   8001    8001    8002   8001 |    0.20        0.20
GET      /api/audio/levels (during plugin swap)                                            11   10(90.91%) |   7276      19    8002   8000 |    0.00        0.00
GET      /api/audio/levels/plugins                                                          5   5(100.00%) |   8001    8000    8001   8000 |    0.00        0.00
GET      /api/audio/status                                                                  6    4(66.67%) |   5334       2    8001   8000 |    0.00        0.00
GET      /api/chains/                                                                      69   65(94.20%) |   7544       6    8002   8000 |    0.10        0.10
GET      /api/chains/{id}                                                                   6    4(66.67%) |   5343      18    8001   8000 |    0.00        0.00
POST     /api/chains/{id}/activate                                                          6    4(66.67%) |   5337       7    8002   8000 |    0.00        0.00
POST     /api/chains/{id}/deactivate                                                        6    4(66.67%) |   5336       3    8002   8000 |    0.10        0.10
GET      /api/plugins/discover                                                             67   63(94.03%) |   7525      11    8003   8000 |    0.20        0.20
GET      /api/plugins/list                                                                 69   65(94.20%) |   7538       1    8004   8000 |    0.10        0.10
POST     /api/plugins/load?uri                                                              5   5(100.00%) |   8002    8001    8008   8001 |    0.00        0.00
POST     /api/plugins/unload?uri                                                            5   5(100.00%) |   8001    8001    8002   8001 |    0.00        0.00
--------|----------------------------------------------------------------------------|-------|-------------|-------|-------|-------|-------|--------|-----------
         Aggregated                                                                       347  326(93.95%) |   7519       1    8008   8000 |    1.00        1.00

Type     Name                                                                          # reqs      # fails |    Avg     Min     Max    Med |   req/s  failures/s
--------|----------------------------------------------------------------------------|-------|-------------|-------|-------|-------|-------|--------|-----------
GET      /api/audio/latency                                                                45  45(100.00%) |   8001    8000    8003   8000 |    0.50        0.50
GET      /api/audio/levels                                                                 50  50(100.00%) |   8001    8001    8002   8001 |    0.40        0.40
GET      /api/audio/levels (during plugin swap)                                            11   10(90.91%) |   7276      19    8002   8000 |    0.10        0.10
GET      /api/audio/levels/plugins                                                          5   5(100.00%) |   8001    8000    8001   8000 |    0.00        0.00
GET      /api/audio/status                                                                  6    4(66.67%) |   5334       2    8001   8000 |    0.00        0.00
GET      /api/chains/                                                                      69   65(94.20%) |   7544       6    8002   8000 |    0.10        0.10
GET      /api/chains/{id}                                                                   6    4(66.67%) |   5343      18    8001   8000 |    0.00        0.00
POST     /api/chains/{id}/activate                                                          6    4(66.67%) |   5337       7    8002   8000 |    0.00        0.00
POST     /api/chains/{id}/deactivate                                                        6    4(66.67%) |   5336       3    8002   8000 |    0.10        0.10
GET      /api/plugins/discover                                                             68   64(94.12%) |   7532      11    8003   8000 |    0.20        0.20
GET      /api/plugins/list                                                                 69   65(94.20%) |   7538       1    8004   8000 |    0.20        0.20
POST     /api/plugins/load?uri                                                              5   5(100.00%) |   8002    8001    8008   8001 |    0.00        0.00
POST     /api/plugins/unload?uri                                                            5   5(100.00%) |   8001    8001    8002   8001 |    0.00        0.00
--------|----------------------------------------------------------------------------|-------|-------------|-------|-------|-------|-------|--------|-----------
         Aggregated                                                                       351  330(94.02%) |   7524       1    8008   8000 |    1.60        1.60

Type     Name                                                                          # reqs      # fails |    Avg     Min     Max    Med |   req/s  failures/s
--------|----------------------------------------------------------------------------|-------|-------------|-------|-------|-------|-------|--------|-----------
GET      /api/audio/latency                                                                45  45(100.00%) |   8001    8000    8003   8000 |    0.50        0.50
GET      /api/audio/levels                                                                 50  50(100.00%) |   8001    8001    8002   8001 |    0.40        0.40
GET      /api/audio/levels (during plugin swap)                                            11   10(90.91%) |   7276      19    8002   8000 |    0.10        0.10
GET      /api/audio/levels/plugins                                                          5   5(100.00%) |   8001    8000    8001   8000 |    0.00        0.00
GET      /api/audio/status                                                                  6    4(66.67%) |   5334       2    8001   8000 |    0.00        0.00
GET      /api/chains/                                                                      69   65(94.20%) |   7544       6    8002   8000 |    0.10        0.10
GET      /api/chains/{id}                                                                   6    4(66.67%) |   5343      18    8001   8000 |    0.00        0.00
POST     /api/chains/{id}/activate                                                          6    4(66.67%) |   5337       7    8002   8000 |    0.00        0.00
POST     /api/chains/{id}/deactivate                                                        6    4(66.67%) |   5336       3    8002   8000 |    0.10        0.10
GET      /api/plugins/discover                                                             68   64(94.12%) |   7532      11    8003   8000 |    0.20        0.20
GET      /api/plugins/list                                                                 69   65(94.20%) |   7538       1    8004   8000 |    0.20        0.20
POST     /api/plugins/load?uri                                                              5   5(100.00%) |   8002    8001    8008   8001 |    0.00        0.00
POST     /api/plugins/unload?uri                                                            5   5(100.00%) |   8001    8001    8002   8001 |    0.00        0.00
--------|----------------------------------------------------------------------------|-------|-------------|-------|-------|-------|-------|--------|-----------
         Aggregated                                                                       351  330(94.02%) |   7524       1    8008   8000 |    1.60        1.60

Type     Name                                                                          # reqs      # fails |    Avg     Min     Max    Med |   req/s  failures/s
--------|----------------------------------------------------------------------------|-------|-------------|-------|-------|-------|-------|--------|-----------
GET      /api/audio/latency                                                                45  45(100.00%) |   8001    8000    8003   8000 |    0.50        0.50
GET      /api/audio/levels                                                                 50  50(100.00%) |   8001    8001    8002   8001 |    0.40        0.40
GET      /api/audio/levels (during plugin swap)                                            11   10(90.91%) |   7276      19    8002   8000 |    0.10        0.10
GET      /api/audio/levels/plugins                                                          5   5(100.00%) |   8001    8000    8001   8000 |    0.00        0.00
GET      /api/audio/status                                                                  6    4(66.67%) |   5334       2    8001   8000 |    0.00        0.00
GET      /api/chains/                                                                      69   65(94.20%) |   7544       6    8002   8000 |    0.10        0.10
GET      /api/chains/{id}                                                                   6    4(66.67%) |   5343      18    8001   8000 |    0.00        0.00
POST     /api/chains/{id}/activate                                                          6    4(66.67%) |   5337       7    8002   8000 |    0.00        0.00
POST     /api/chains/{id}/deactivate                                                        6    4(66.67%) |   5336       3    8002   8000 |    0.10        0.10
GET      /api/plugins/discover                                                             68   64(94.12%) |   7532      11    8003   8000 |    0.20        0.20
GET      /api/plugins/list                                                                 69   65(94.20%) |   7538       1    8004   8000 |    0.20        0.20
POST     /api/plugins/load?uri                                                              5   5(100.00%) |   8002    8001    8008   8001 |    0.00        0.00
POST     /api/plugins/unload?uri                                                            5   5(100.00%) |   8001    8001    8002   8001 |    0.00        0.00
--------|----------------------------------------------------------------------------|-------|-------------|-------|-------|-------|-------|--------|-----------
         Aggregated                                                                       351  330(94.02%) |   7524       1    8008   8000 |    1.60        1.60

Type     Name                                                                          # reqs      # fails |    Avg     Min     Max    Med |   req/s  failures/s
--------|----------------------------------------------------------------------------|-------|-------------|-------|-------|-------|-------|--------|-----------
GET      /api/audio/latency                                                                47  47(100.00%) |   8001    8000    8003   8000 |    0.20        0.20
GET      /api/audio/levels                                                                 50  50(100.00%) |   8001    8001    8002   8001 |    0.50        0.50
GET      /api/audio/levels (during plugin swap)                                            12   11(91.67%) |   7336      19    8002   8000 |    0.10        0.10
GET      /api/audio/levels/plugins                                                          5   5(100.00%) |   8001    8000    8001   8000 |    0.00        0.00
GET      /api/audio/status                                                                  6    4(66.67%) |   5334       2    8001   8000 |    0.00        0.00
GET      /api/chains/                                                                      70   66(94.29%) |   7550       6    8002   8000 |    0.00        0.00
GET      /api/chains/{id}                                                                   7    5(71.43%) |   5723      18    8001   8000 |    0.00        0.00
POST     /api/chains/{id}/activate                                                          6    4(66.67%) |   5337       7    8002   8000 |    0.00        0.00
POST     /api/chains/{id}/deactivate                                                        6    4(66.67%) |   5336       3    8002   8000 |    0.00        0.00
GET      /api/plugins/discover                                                             69   65(94.20%) |   7538      11    8003   8000 |    0.10        0.10
GET      /api/plugins/list                                                                 69   65(94.20%) |   7538       1    8004   8000 |    0.10        0.10
POST     /api/plugins/load?uri                                                              5   5(100.00%) |   8002    8001    8008   8001 |    0.00        0.00
POST     /api/plugins/unload?uri                                                            5   5(100.00%) |   8001    8001    8002   8001 |    0.00        0.00
--------|----------------------------------------------------------------------------|-------|-------------|-------|-------|-------|-------|--------|-----------
         Aggregated                                                                       357  336(94.12%) |   7532       1    8008   8000 |    1.00        1.00

Type     Name                                                                          # reqs      # fails |    Avg     Min     Max    Med |   req/s  failures/s
--------|----------------------------------------------------------------------------|-------|-------------|-------|-------|-------|-------|--------|-----------
GET      /api/audio/latency                                                                50  50(100.00%) |   8001    8000    8003   8000 |    0.40        0.40
GET      /api/audio/levels                                                                 50  50(100.00%) |   8001    8001    8002   8001 |    0.50        0.50
GET      /api/audio/levels (during plugin swap)                                            12   11(91.67%) |   7336      19    8002   8000 |    0.20        0.20
GET      /api/audio/levels/plugins                                                          5   5(100.00%) |   8001    8000    8001   8000 |    0.00        0.00
GET      /api/audio/status                                                                  6    4(66.67%) |   5334       2    8001   8000 |    0.00        0.00
GET      /api/chains/                                                                      71   67(94.37%) |   7557       6    8002   8000 |    0.10        0.10
GET      /api/chains/{id}                                                                   7    5(71.43%) |   5723      18    8001   8000 |    0.10        0.10
POST     /api/chains/{id}/activate                                                          6    4(66.67%) |   5337       7    8002   8000 |    0.00        0.00
POST     /api/chains/{id}/deactivate                                                        6    4(66.67%) |   5336       3    8002   8000 |    0.00        0.00
GET      /api/plugins/discover                                                             69   65(94.20%) |   7538      11    8003   8000 |    0.20        0.20
GET      /api/plugins/list                                                                 69   65(94.20%) |   7538       1    8004   8000 |    0.10        0.10
POST     /api/plugins/load?uri                                                              5   5(100.00%) |   8002    8001    8008   8001 |    0.00        0.00
POST     /api/plugins/unload?uri                                                            5   5(100.00%) |   8001    8001    8002   8001 |    0.00        0.00
--------|----------------------------------------------------------------------------|-------|-------------|-------|-------|-------|-------|--------|-----------
         Aggregated                                                                       361  340(94.18%) |   7538       1    8008   8000 |    1.60        1.60

Type     Name                                                                          # reqs      # fails |    Avg     Min     Max    Med |   req/s  failures/s
--------|----------------------------------------------------------------------------|-------|-------------|-------|-------|-------|-------|--------|-----------
GET      /api/audio/latency                                                                50  50(100.00%) |   8001    8000    8003   8000 |    0.40        0.40
GET      /api/audio/levels                                                                 50  50(100.00%) |   8001    8001    8002   8001 |    0.50        0.50
GET      /api/audio/levels (during plugin swap)                                            12   11(91.67%) |   7336      19    8002   8000 |    0.20        0.20
GET      /api/audio/levels/plugins                                                          5   5(100.00%) |   8001    8000    8001   8000 |    0.00        0.00
GET      /api/audio/status                                                                  6    4(66.67%) |   5334       2    8001   8000 |    0.00        0.00
GET      /api/chains/                                                                      71   67(94.37%) |   7557       6    8002   8000 |    0.10        0.10
GET      /api/chains/{id}                                                                   7    5(71.43%) |   5723      18    8001   8000 |    0.10        0.10
POST     /api/chains/{id}/activate                                                          6    4(66.67%) |   5337       7    8002   8000 |    0.00        0.00
POST     /api/chains/{id}/deactivate                                                        6    4(66.67%) |   5336       3    8002   8000 |    0.00        0.00
GET      /api/plugins/discover                                                             69   65(94.20%) |   7538      11    8003   8000 |    0.20        0.20
GET      /api/plugins/list                                                                 69   65(94.20%) |   7538       1    8004   8000 |    0.10        0.10
POST     /api/plugins/load?uri                                                              5   5(100.00%) |   8002    8001    8008   8001 |    0.00        0.00
POST     /api/plugins/unload?uri                                                            5   5(100.00%) |   8001    8001    8002   8001 |    0.00        0.00
--------|----------------------------------------------------------------------------|-------|-------------|-------|-------|-------|-------|--------|-----------
         Aggregated                                                                       361  340(94.18%) |   7538       1    8008   8000 |    1.60        1.60

Type     Name                                                                          # reqs      # fails |    Avg     Min     Max    Med |   req/s  failures/s
--------|----------------------------------------------------------------------------|-------|-------------|-------|-------|-------|-------|--------|-----------
GET      /api/audio/latency                                                                50  50(100.00%) |   8001    8000    8003   8000 |    0.40        0.40
GET      /api/audio/levels                                                                 50  50(100.00%) |   8001    8001    8002   8001 |    0.50        0.50
GET      /api/audio/levels (during plugin swap)                                            12   11(91.67%) |   7336      19    8002   8000 |    0.20        0.20
GET      /api/audio/levels/plugins                                                          5   5(100.00%) |   8001    8000    8001   8000 |    0.00        0.00
GET      /api/audio/status                                                                  6    4(66.67%) |   5334       2    8001   8000 |    0.00        0.00
GET      /api/chains/                                                                      71   67(94.37%) |   7557       6    8002   8000 |    0.10        0.10
GET      /api/chains/{id}                                                                   7    5(71.43%) |   5723      18    8001   8000 |    0.10        0.10
POST     /api/chains/{id}/activate                                                          6    4(66.67%) |   5337       7    8002   8000 |    0.00        0.00
POST     /api/chains/{id}/deactivate                                                        6    4(66.67%) |   5336       3    8002   8000 |    0.00        0.00
GET      /api/plugins/discover                                                             69   65(94.20%) |   7538      11    8003   8000 |    0.20        0.20
GET      /api/plugins/list                                                                 69   65(94.20%) |   7538       1    8004   8000 |    0.10        0.10
POST     /api/plugins/load?uri                                                              5   5(100.00%) |   8002    8001    8008   8001 |    0.00        0.00
POST     /api/plugins/unload?uri                                                            5   5(100.00%) |   8001    8001    8002   8001 |    0.00        0.00
--------|----------------------------------------------------------------------------|-------|-------------|-------|-------|-------|-------|--------|-----------
         Aggregated                                                                       361  340(94.18%) |   7538       1    8008   8000 |    1.60        1.60

Type     Name                                                                          # reqs      # fails |    Avg     Min     Max    Med |   req/s  failures/s
--------|----------------------------------------------------------------------------|-------|-------------|-------|-------|-------|-------|--------|-----------
GET      /api/audio/latency                                                                50  50(100.00%) |   8001    8000    8003   8000 |    0.50        0.50
GET      /api/audio/levels                                                                 50  50(100.00%) |   8001    8001    8002   8001 |    0.00        0.00
GET      /api/audio/levels (during plugin swap)                                            12   11(91.67%) |   7336      19    8002   8000 |    0.10        0.10
GET      /api/audio/levels/plugins                                                          5   5(100.00%) |   8001    8000    8001   8000 |    0.00        0.00
GET      /api/audio/status                                                                  6    4(66.67%) |   5334       2    8001   8000 |    0.00        0.00
GET      /api/chains/                                                                      75   71(94.67%) |   7580       6    8002   8000 |    0.20        0.20
GET      /api/chains/{id}                                                                   7    5(71.43%) |   5723      18    8001   8000 |    0.10        0.10
POST     /api/chains/{id}/activate                                                          7    5(71.43%) |   5717       7    8002   8000 |    0.00        0.00
POST     /api/chains/{id}/deactivate                                                        6    4(66.67%) |   5336       3    8002   8000 |    0.00        0.00
GET      /api/plugins/discover                                                             69   65(94.20%) |   7538      11    8003   8000 |    0.10        0.10
GET      /api/plugins/list                                                                 70   66(94.29%) |   7544       1    8004   8000 |    0.00        0.00
POST     /api/plugins/load?uri                                                              5   5(100.00%) |   8002    8001    8008   8001 |    0.00        0.00
POST     /api/plugins/unload?uri                                                            5   5(100.00%) |   8001    8001    8002   8001 |    0.00        0.00
--------|----------------------------------------------------------------------------|-------|-------------|-------|-------|-------|-------|--------|-----------
         Aggregated                                                                       367  346(94.28%) |   7545       1    8008   8000 |    1.00        1.00

Type     Name                                                                          # reqs      # fails |    Avg     Min     Max    Med |   req/s  failures/s
--------|----------------------------------------------------------------------------|-------|-------------|-------|-------|-------|-------|--------|-----------
GET      /api/audio/latency                                                                50  50(100.00%) |   8001    8000    8003   8000 |    0.50        0.50
GET      /api/audio/levels                                                                 51  51(100.00%) |   8001    8001    8002   8001 |    0.00        0.00
GET      /api/audio/levels (during plugin swap)                                            13   12(92.31%) |   7387      19    8002   8000 |    0.10        0.10
GET      /api/audio/levels/plugins                                                          5   5(100.00%) |   8001    8000    8001   8000 |    0.00        0.00
GET      /api/audio/status                                                                  6    4(66.67%) |   5334       2    8001   8000 |    0.00        0.00
GET      /api/chains/                                                                      76   72(94.74%) |   7586       6    8002   8000 |    0.50        0.50
GET      /api/chains/{id}                                                                   7    5(71.43%) |   5723      18    8001   8000 |    0.10        0.10
POST     /api/chains/{id}/activate                                                          7    5(71.43%) |   5717       7    8002   8000 |    0.10        0.10
POST     /api/chains/{id}/deactivate                                                        6    4(66.67%) |   5336       3    8002   8000 |    0.00        0.00
GET      /api/plugins/discover                                                             69   65(94.20%) |   7538      11    8003   8000 |    0.10        0.10
GET      /api/plugins/list                                                                 71   67(94.37%) |   7551       1    8004   8000 |    0.10        0.10
POST     /api/plugins/load?uri                                                              5   5(100.00%) |   8002    8001    8008   8001 |    0.00        0.00
POST     /api/plugins/unload?uri                                                            5   5(100.00%) |   8001    8001    8002   8001 |    0.00        0.00
--------|----------------------------------------------------------------------------|-------|-------------|-------|-------|-------|-------|--------|-----------
         Aggregated                                                                       371  350(94.34%) |   7550       1    8008   8000 |    1.50        1.50

Type     Name                                                                          # reqs      # fails |    Avg     Min     Max    Med |   req/s  failures/s
--------|----------------------------------------------------------------------------|-------|-------------|-------|-------|-------|-------|--------|-----------
GET      /api/audio/latency                                                                50  50(100.00%) |   8001    8000    8003   8000 |    0.50        0.50
GET      /api/audio/levels                                                                 51  51(100.00%) |   8001    8001    8002   8001 |    0.00        0.00
GET      /api/audio/levels (during plugin swap)                                            13   12(92.31%) |   7387      19    8002   8000 |    0.10        0.10
GET      /api/audio/levels/plugins                                                          5   5(100.00%) |   8001    8000    8001   8000 |    0.00        0.00
GET      /api/audio/status                                                                  6    4(66.67%) |   5334       2    8001   8000 |    0.00        0.00
GET      /api/chains/                                                                      76   72(94.74%) |   7586       6    8002   8000 |    0.50        0.50
GET      /api/chains/{id}                                                                   7    5(71.43%) |   5723      18    8001   8000 |    0.10        0.10
POST     /api/chains/{id}/activate                                                          7    5(71.43%) |   5717       7    8002   8000 |    0.10        0.10
POST     /api/chains/{id}/deactivate                                                        6    4(66.67%) |   5336       3    8002   8000 |    0.00        0.00
GET      /api/plugins/discover                                                             69   65(94.20%) |   7538      11    8003   8000 |    0.10        0.10
GET      /api/plugins/list                                                                 71   67(94.37%) |   7551       1    8004   8000 |    0.10        0.10
POST     /api/plugins/load?uri                                                              5   5(100.00%) |   8002    8001    8008   8001 |    0.00        0.00
POST     /api/plugins/unload?uri                                                            5   5(100.00%) |   8001    8001    8002   8001 |    0.00        0.00
--------|----------------------------------------------------------------------------|-------|-------------|-------|-------|-------|-------|--------|-----------
         Aggregated                                                                       371  350(94.34%) |   7550       1    8008   8000 |    1.50        1.50

Type     Name                                                                          # reqs      # fails |    Avg     Min     Max    Med |   req/s  failures/s
--------|----------------------------------------------------------------------------|-------|-------------|-------|-------|-------|-------|--------|-----------
GET      /api/audio/latency                                                                50  50(100.00%) |   8001    8000    8003   8000 |    0.50        0.50
GET      /api/audio/levels                                                                 51  51(100.00%) |   8001    8001    8002   8001 |    0.00        0.00
GET      /api/audio/levels (during plugin swap)                                            13   12(92.31%) |   7387      19    8002   8000 |    0.10        0.10
GET      /api/audio/levels/plugins                                                          5   5(100.00%) |   8001    8000    8001   8000 |    0.00        0.00
GET      /api/audio/status                                                                  6    4(66.67%) |   5334       2    8001   8000 |    0.00        0.00
GET      /api/chains/                                                                      76   72(94.74%) |   7586       6    8002   8000 |    0.50        0.50
GET      /api/chains/{id}                                                                   7    5(71.43%) |   5723      18    8001   8000 |    0.10        0.10
POST     /api/chains/{id}/activate                                                          7    5(71.43%) |   5717       7    8002   8000 |    0.10        0.10
POST     /api/chains/{id}/deactivate                                                        6    4(66.67%) |   5336       3    8002   8000 |    0.00        0.00
GET      /api/plugins/discover                                                             69   65(94.20%) |   7538      11    8003   8000 |    0.10        0.10
GET      /api/plugins/list                                                                 71   67(94.37%) |   7551       1    8004   8000 |    0.10        0.10
POST     /api/plugins/load?uri                                                              5   5(100.00%) |   8002    8001    8008   8001 |    0.00        0.00
POST     /api/plugins/unload?uri                                                            5   5(100.00%) |   8001    8001    8002   8001 |    0.00        0.00
--------|----------------------------------------------------------------------------|-------|-------------|-------|-------|-------|-------|--------|-----------
         Aggregated                                                                       371  350(94.34%) |   7550       1    8008   8000 |    1.50        1.50

Type     Name                                                                          # reqs      # fails |    Avg     Min     Max    Med |   req/s  failures/s
--------|----------------------------------------------------------------------------|-------|-------------|-------|-------|-------|-------|--------|-----------
GET      /api/audio/latency                                                                50  50(100.00%) |   8001    8000    8003   8000 |    0.00        0.00
GET      /api/audio/levels                                                                 51  51(100.00%) |   8001    8001    8002   8001 |    0.10        0.10
GET      /api/audio/levels (during plugin swap)                                            13   12(92.31%) |   7387      19    8002   8000 |    0.10        0.10
GET      /api/audio/levels/plugins                                                          5   5(100.00%) |   8001    8000    8001   8000 |    0.00        0.00
GET      /api/audio/status                                                                  7    5(71.43%) |   5715       2    8001   8000 |    0.00        0.00
GET      /api/chains/                                                                      76   72(94.74%) |   7586       6    8002   8000 |    0.50        0.50
GET      /api/chains/{id}                                                                   7    5(71.43%) |   5723      18    8001   8000 |    0.00        0.00
POST     /api/chains/{id}/activate                                                          7    5(71.43%) |   5717       7    8002   8000 |    0.10        0.10
POST     /api/chains/{id}/deactivate                                                        6    4(66.67%) |   5336       3    8002   8000 |    0.00        0.00
GET      /api/plugins/discover                                                             70   66(94.29%) |   7545      11    8003   8000 |    0.00        0.00
GET      /api/plugins/list                                                                 75   71(94.67%) |   7575       1    8004   8000 |    0.20        0.20
POST     /api/plugins/load?uri                                                              5   5(100.00%) |   8002    8001    8008   8001 |    0.00        0.00
POST     /api/plugins/unload?uri                                                            5   5(100.00%) |   8001    8001    8002   8001 |    0.00        0.00
--------|----------------------------------------------------------------------------|-------|-------------|-------|-------|-------|-------|--------|-----------
         Aggregated                                                                       377  356(94.43%) |   7557       1    8008   8000 |    1.00        1.00

Type     Name                                                                          # reqs      # fails |    Avg     Min     Max    Med |   req/s  failures/s
--------|----------------------------------------------------------------------------|-------|-------------|-------|-------|-------|-------|--------|-----------
GET      /api/audio/latency                                                                51  51(100.00%) |   8001    8000    8003   8000 |    0.00        0.00
GET      /api/audio/levels                                                                 51  51(100.00%) |   8001    8001    8002   8001 |    0.10        0.10
GET      /api/audio/levels (during plugin swap)                                            13   12(92.31%) |   7387      19    8002   8000 |    0.10        0.10
GET      /api/audio/levels/plugins                                                          5   5(100.00%) |   8001    8000    8001   8000 |    0.00        0.00
GET      /api/audio/status                                                                  7    5(71.43%) |   5715       2    8001   8000 |    0.10        0.10
GET      /api/chains/                                                                      77   73(94.81%) |   7591       6    8002   8000 |    0.50        0.50
GET      /api/chains/{id}                                                                   7    5(71.43%) |   5723      18    8001   8000 |    0.00        0.00
POST     /api/chains/{id}/activate                                                          7    5(71.43%) |   5717       7    8002   8000 |    0.10        0.10
POST     /api/chains/{id}/deactivate                                                        6    4(66.67%) |   5336       3    8002   8000 |    0.00        0.00
GET      /api/plugins/discover                                                             71   67(94.37%) |   7551      11    8003   8000 |    0.10        0.10
GET      /api/plugins/list                                                                 76   72(94.74%) |   7580       1    8004   8000 |    0.50        0.50
POST     /api/plugins/load?uri                                                              5   5(100.00%) |   8002    8001    8008   8001 |    0.00        0.00
POST     /api/plugins/unload?uri                                                            5   5(100.00%) |   8001    8001    8002   8001 |    0.00        0.00
--------|----------------------------------------------------------------------------|-------|-------------|-------|-------|-------|-------|--------|-----------
         Aggregated                                                                       381  360(94.49%) |   7562       1    8008   8000 |    1.50        1.50

Type     Name                                                                          # reqs      # fails |    Avg     Min     Max    Med |   req/s  failures/s
--------|----------------------------------------------------------------------------|-------|-------------|-------|-------|-------|-------|--------|-----------
GET      /api/audio/latency                                                                51  51(100.00%) |   8001    8000    8003   8000 |    0.00        0.00
GET      /api/audio/levels                                                                 51  51(100.00%) |   8001    8001    8002   8001 |    0.10        0.10
GET      /api/audio/levels (during plugin swap)                                            13   12(92.31%) |   7387      19    8002   8000 |    0.10        0.10
GET      /api/audio/levels/plugins                                                          5   5(100.00%) |   8001    8000    8001   8000 |    0.00        0.00
GET      /api/audio/status                                                                  7    5(71.43%) |   5715       2    8001   8000 |    0.10        0.10
GET      /api/chains/                                                                      77   73(94.81%) |   7591       6    8002   8000 |    0.50        0.50
GET      /api/chains/{id}                                                                   7    5(71.43%) |   5723      18    8001   8000 |    0.00        0.00
POST     /api/chains/{id}/activate                                                          7    5(71.43%) |   5717       7    8002   8000 |    0.10        0.10
POST     /api/chains/{id}/deactivate                                                        6    4(66.67%) |   5336       3    8002   8000 |    0.00        0.00
GET      /api/plugins/discover                                                             71   67(94.37%) |   7551      11    8003   8000 |    0.10        0.10
GET      /api/plugins/list                                                                 76   72(94.74%) |   7580       1    8004   8000 |    0.50        0.50
POST     /api/plugins/load?uri                                                              5   5(100.00%) |   8002    8001    8008   8001 |    0.00        0.00
POST     /api/plugins/unload?uri                                                            5   5(100.00%) |   8001    8001    8002   8001 |    0.00        0.00
--------|----------------------------------------------------------------------------|-------|-------------|-------|-------|-------|-------|--------|-----------
         Aggregated                                                                       381  360(94.49%) |   7562       1    8008   8000 |    1.50        1.50

Type     Name                                                                          # reqs      # fails |    Avg     Min     Max    Med |   req/s  failures/s
--------|----------------------------------------------------------------------------|-------|-------------|-------|-------|-------|-------|--------|-----------
GET      /api/audio/latency                                                                51  51(100.00%) |   8001    8000    8003   8000 |    0.00        0.00
GET      /api/audio/levels                                                                 51  51(100.00%) |   8001    8001    8002   8001 |    0.10        0.10
GET      /api/audio/levels (during plugin swap)                                            13   12(92.31%) |   7387      19    8002   8000 |    0.10        0.10
GET      /api/audio/levels/plugins                                                          5   5(100.00%) |   8001    8000    8001   8000 |    0.00        0.00
GET      /api/audio/status                                                                  7    5(71.43%) |   5715       2    8001   8000 |    0.10        0.10
GET      /api/chains/                                                                      77   73(94.81%) |   7591       6    8002   8000 |    0.50        0.50
GET      /api/chains/{id}                                                                   7    5(71.43%) |   5723      18    8001   8000 |    0.00        0.00
POST     /api/chains/{id}/activate                                                          7    5(71.43%) |   5717       7    8002   8000 |    0.10        0.10
POST     /api/chains/{id}/deactivate                                                        6    4(66.67%) |   5336       3    8002   8000 |    0.00        0.00
GET      /api/plugins/discover                                                             71   67(94.37%) |   7551      11    8003   8000 |    0.10        0.10
GET      /api/plugins/list                                                                 76   72(94.74%) |   7580       1    8004   8000 |    0.50        0.50
POST     /api/plugins/load?uri                                                              5   5(100.00%) |   8002    8001    8008   8001 |    0.00        0.00
POST     /api/plugins/unload?uri                                                            5   5(100.00%) |   8001    8001    8002   8001 |    0.00        0.00
--------|----------------------------------------------------------------------------|-------|-------------|-------|-------|-------|-------|--------|-----------
         Aggregated                                                                       381  360(94.49%) |   7562       1    8008   8000 |    1.50        1.50

Type     Name                                                                          # reqs      # fails |    Avg     Min     Max    Med |   req/s  failures/s
--------|----------------------------------------------------------------------------|-------|-------------|-------|-------|-------|-------|--------|-----------
GET      /api/audio/latency                                                                51  51(100.00%) |   8001    8000    8003   8000 |    0.10        0.10
GET      /api/audio/levels                                                                 51  51(100.00%) |   8001    8001    8002   8001 |    0.00        0.00
GET      /api/audio/levels (during plugin swap)                                            14   13(92.86%) |   7431      19    8002   8000 |    0.00        0.00
GET      /api/audio/levels/plugins                                                          5   5(100.00%) |   8001    8000    8001   8000 |    0.00        0.00
GET      /api/audio/status                                                                  7    5(71.43%) |   5715       2    8001   8000 |    0.10        0.10
GET      /api/chains/                                                                      77   73(94.81%) |   7591       6    8002   8000 |    0.10        0.10
GET      /api/chains/{id}                                                                   7    5(71.43%) |   5723      18    8001   8000 |    0.00        0.00
POST     /api/chains/{id}/activate                                                          7    5(71.43%) |   5717       7    8002   8000 |    0.00        0.00
POST     /api/chains/{id}/deactivate                                                        7    5(71.43%) |   5716       3    8002   8000 |    0.00        0.00
GET      /api/plugins/discover                                                             75   71(94.67%) |   7575      11    8003   8000 |    0.20        0.20
GET      /api/plugins/list                                                                 76   72(94.74%) |   7580       1    8004   8000 |    0.50        0.50
POST     /api/plugins/load?uri                                                              5   5(100.00%) |   8002    8001    8008   8001 |    0.00        0.00
POST     /api/plugins/unload?uri                                                            5   5(100.00%) |   8001    8001    8002   8001 |    0.00        0.00
--------|----------------------------------------------------------------------------|-------|-------------|-------|-------|-------|-------|--------|-----------
         Aggregated                                                                       387  366(94.57%) |   7569       1    8008   8000 |    1.00        1.00

Type     Name                                                                          # reqs      # fails |    Avg     Min     Max    Med |   req/s  failures/s
--------|----------------------------------------------------------------------------|-------|-------------|-------|-------|-------|-------|--------|-----------
GET      /api/audio/latency                                                                51  51(100.00%) |   8001    8000    8003   8000 |    0.10        0.10
GET      /api/audio/levels                                                                 51  51(100.00%) |   8001    8001    8002   8001 |    0.00        0.00
GET      /api/audio/levels (during plugin swap)                                            15   14(93.33%) |   7469      19    8002   8000 |    0.00        0.00
GET      /api/audio/levels/plugins                                                          5   5(100.00%) |   8001    8000    8001   8000 |    0.00        0.00
GET      /api/audio/status                                                                  7    5(71.43%) |   5715       2    8001   8000 |    0.10        0.10
GET      /api/chains/                                                                      78   74(94.87%) |   7597       6    8002   8000 |    0.10        0.10
GET      /api/chains/{id}                                                                   7    5(71.43%) |   5723      18    8001   8000 |    0.00        0.00
POST     /api/chains/{id}/activate                                                          7    5(71.43%) |   5717       7    8002   8000 |    0.00        0.00
POST     /api/chains/{id}/deactivate                                                        7    5(71.43%) |   5716       3    8002   8000 |    0.10        0.10
GET      /api/plugins/discover                                                             76   72(94.74%) |   7581      11    8003   8000 |    0.50        0.50
GET      /api/plugins/list                                                                 77   73(94.81%) |   7586       1    8004   8000 |    0.50        0.50
POST     /api/plugins/load?uri                                                              5   5(100.00%) |   8002    8001    8008   8001 |    0.00        0.00
POST     /api/plugins/unload?uri                                                            5   5(100.00%) |   8001    8001    8002   8001 |    0.00        0.00
--------|----------------------------------------------------------------------------|-------|-------------|-------|-------|-------|-------|--------|-----------
         Aggregated                                                                       391  370(94.63%) |   7573       1    8008   8000 |    1.40        1.40

Type     Name                                                                          # reqs      # fails |    Avg     Min     Max    Med |   req/s  failures/s
--------|----------------------------------------------------------------------------|-------|-------------|-------|-------|-------|-------|--------|-----------
GET      /api/audio/latency                                                                51  51(100.00%) |   8001    8000    8003   8000 |    0.10        0.10
GET      /api/audio/levels                                                                 51  51(100.00%) |   8001    8001    8002   8001 |    0.00        0.00
GET      /api/audio/levels (during plugin swap)                                            15   14(93.33%) |   7469      19    8002   8000 |    0.00        0.00
GET      /api/audio/levels/plugins                                                          5   5(100.00%) |   8001    8000    8001   8000 |    0.00        0.00
GET      /api/audio/status                                                                  7    5(71.43%) |   5715       2    8001   8000 |    0.10        0.10
GET      /api/chains/                                                                      78   74(94.87%) |   7597       6    8002   8000 |    0.10        0.10
GET      /api/chains/{id}                                                                   7    5(71.43%) |   5723      18    8001   8000 |    0.00        0.00
POST     /api/chains/{id}/activate                                                          7    5(71.43%) |   5717       7    8002   8000 |    0.00        0.00
POST     /api/chains/{id}/deactivate                                                        7    5(71.43%) |   5716       3    8002   8000 |    0.10        0.10
GET      /api/plugins/discover                                                             76   72(94.74%) |   7581      11    8003   8000 |    0.50        0.50
GET      /api/plugins/list                                                                 77   73(94.81%) |   7586       1    8004   8000 |    0.50        0.50
POST     /api/plugins/load?uri                                                              5   5(100.00%) |   8002    8001    8008   8001 |    0.00        0.00
POST     /api/plugins/unload?uri                                                            5   5(100.00%) |   8001    8001    8002   8001 |    0.00        0.00
--------|----------------------------------------------------------------------------|-------|-------------|-------|-------|-------|-------|--------|-----------
         Aggregated                                                                       391  370(94.63%) |   7573       1    8008   8000 |    1.40        1.40

Type     Name                                                                          # reqs      # fails |    Avg     Min     Max    Med |   req/s  failures/s
--------|----------------------------------------------------------------------------|-------|-------------|-------|-------|-------|-------|--------|-----------
GET      /api/audio/latency                                                                51  51(100.00%) |   8001    8000    8003   8000 |    0.10        0.10
GET      /api/audio/levels                                                                 51  51(100.00%) |   8001    8001    8002   8001 |    0.00        0.00
GET      /api/audio/levels (during plugin swap)                                            15   14(93.33%) |   7469      19    8002   8000 |    0.00        0.00
GET      /api/audio/levels/plugins                                                          5   5(100.00%) |   8001    8000    8001   8000 |    0.00        0.00
GET      /api/audio/status                                                                  7    5(71.43%) |   5715       2    8001   8000 |    0.10        0.10
GET      /api/chains/                                                                      78   74(94.87%) |   7597       6    8002   8000 |    0.10        0.10
GET      /api/chains/{id}                                                                   7    5(71.43%) |   5723      18    8001   8000 |    0.00        0.00
POST     /api/chains/{id}/activate                                                          7    5(71.43%) |   5717       7    8002   8000 |    0.00        0.00
POST     /api/chains/{id}/deactivate                                                        7    5(71.43%) |   5716       3    8002   8000 |    0.10        0.10
GET      /api/plugins/discover                                                             76   72(94.74%) |   7581      11    8003   8000 |    0.50        0.50
GET      /api/plugins/list                                                                 77   73(94.81%) |   7586       1    8004   8000 |    0.50        0.50
POST     /api/plugins/load?uri                                                              5   5(100.00%) |   8002    8001    8008   8001 |    0.00        0.00
POST     /api/plugins/unload?uri                                                            5   5(100.00%) |   8001    8001    8002   8001 |    0.00        0.00
--------|----------------------------------------------------------------------------|-------|-------------|-------|-------|-------|-------|--------|-----------
         Aggregated                                                                       391  370(94.63%) |   7573       1    8008   8000 |    1.40        1.40

Type     Name                                                                          # reqs      # fails |    Avg     Min     Max    Med |   req/s  failures/s
--------|----------------------------------------------------------------------------|-------|-------------|-------|-------|-------|-------|--------|-----------
GET      /api/audio/latency                                                                51  51(100.00%) |   8001    8000    8003   8000 |    0.00        0.00
GET      /api/audio/levels                                                                 52  52(100.00%) |   8001    8001    8002   8001 |    0.00        0.00
GET      /api/audio/levels (during plugin swap)                                            16   15(93.75%) |   7502      19    8002   8000 |    0.20        0.20
GET      /api/audio/levels/plugins                                                          5   5(100.00%) |   8001    8000    8001   8000 |    0.00        0.00
GET      /api/audio/status                                                                  7    5(71.43%) |   5715       2    8001   8000 |    0.00        0.00
GET      /api/chains/                                                                      81   77(95.06%) |   7612       6    8002   8000 |    0.10        0.10
GET      /api/chains/{id}                                                                   8    6(75.00%) |   6008      18    8001   8000 |    0.00        0.00
POST     /api/chains/{id}/activate                                                          7    5(71.43%) |   5717       7    8002   8000 |    0.00        0.00
POST     /api/chains/{id}/deactivate                                                        7    5(71.43%) |   5716       3    8002   8000 |    0.10        0.10
GET      /api/plugins/discover                                                             76   72(94.74%) |   7581      11    8003   8000 |    0.50        0.50
GET      /api/plugins/list                                                                 77   73(94.81%) |   7586       1    8004   8000 |    0.10        0.10
POST     /api/plugins/load?uri                                                              5   5(100.00%) |   8002    8001    8008   8001 |    0.00        0.00
POST     /api/plugins/unload?uri                                                            5   5(100.00%) |   8001    8001    8002   8001 |    0.00        0.00
--------|----------------------------------------------------------------------------|-------|-------------|-------|-------|-------|-------|--------|-----------
         Aggregated                                                                       397  376(94.71%) |   7580       1    8008   8000 |    1.00        1.00

[2026-03-07 12:59:48,139] MAP2-TESTBED/INFO/locust.main: --run-time limit reached, shutting down
Type     Name                                                                          # reqs      # fails |    Avg     Min     Max    Med |   req/s  failures/s
--------|----------------------------------------------------------------------------|-------|-------------|-------|-------|-------|-------|--------|-----------
GET      /api/audio/latency                                                                51  51(100.00%) |   8001    8000    8003   8000 |    0.00        0.00
GET      /api/audio/levels                                                                 52  52(100.00%) |   8001    8001    8002   8001 |    0.00        0.00
GET      /api/audio/levels (during plugin swap)                                            16   15(93.75%) |   7502      19    8002   8000 |    0.20        0.20
GET      /api/audio/levels/plugins                                                          5   5(100.00%) |   8001    8000    8001   8000 |    0.00        0.00
GET      /api/audio/status                                                                  7    5(71.43%) |   5715       2    8001   8000 |    0.00        0.00
GET      /api/chains/                                                                      82   78(95.12%) |   7616       6    8002   8000 |    0.10        0.10
GET      /api/chains/{id}                                                                   8    6(75.00%) |   6008      18    8001   8000 |    0.10        0.10
POST     /api/chains/{id}/activate                                                          7    5(71.43%) |   5717       7    8002   8000 |    0.00        0.00
POST     /api/chains/{id}/deactivate                                                        7    5(71.43%) |   5716       3    8002   8000 |    0.10        0.10
GET      /api/plugins/discover                                                             77   73(94.81%) |   7586      11    8003   8000 |    0.50        0.50
GET      /api/plugins/list                                                                 78   74(94.87%) |   7591       1    8004   8000 |    0.10        0.10
POST     /api/plugins/load?uri                                                              5   5(100.00%) |   8002    8001    8008   8001 |    0.00        0.00
POST     /api/plugins/unload?uri                                                            5   5(100.00%) |   8001    8001    8002   8001 |    0.00        0.00
--------|----------------------------------------------------------------------------|-------|-------------|-------|-------|-------|-------|--------|-----------
         Aggregated                                                                       400  379(94.75%) |   7583       1    8008   8000 |    1.10        1.10

Type     Name                                                                          # reqs      # fails |    Avg     Min     Max    Med |   req/s  failures/s
--------|----------------------------------------------------------------------------|-------|-------------|-------|-------|-------|-------|--------|-----------
GET      /api/audio/latency                                                                51  51(100.00%) |   8001    8000    8003   8000 |    0.00        0.00
GET      /api/audio/levels                                                                 52  52(100.00%) |   8001    8001    8002   8001 |    0.00        0.00
GET      /api/audio/levels (during plugin swap)                                            16   15(93.75%) |   7502      19    8002   8000 |    0.20        0.20
GET      /api/audio/levels/plugins                                                          5   5(100.00%) |   8001    8000    8001   8000 |    0.00        0.00
GET      /api/audio/status                                                                  7    5(71.43%) |   5715       2    8001   8000 |    0.00        0.00
GET      /api/chains/                                                                      82   78(95.12%) |   7616       6    8002   8000 |    0.10        0.10
GET      /api/chains/{id}                                                                   8    6(75.00%) |   6008      18    8001   8000 |    0.10        0.10
POST     /api/chains/{id}/activate                                                          7    5(71.43%) |   5717       7    8002   8000 |    0.00        0.00
POST     /api/chains/{id}/deactivate                                                        7    5(71.43%) |   5716       3    8002   8000 |    0.10        0.10
GET      /api/plugins/discover                                                             77   73(94.81%) |   7586      11    8003   8000 |    0.50        0.50
GET      /api/plugins/list                                                                 78   74(94.87%) |   7591       1    8004   8000 |    0.10        0.10
POST     /api/plugins/load?uri                                                              5   5(100.00%) |   8002    8001    8008   8001 |    0.00        0.00
POST     /api/plugins/unload?uri                                                            5   5(100.00%) |   8001    8001    8002   8001 |    0.00        0.00
--------|----------------------------------------------------------------------------|-------|-------------|-------|-------|-------|-------|--------|-----------
         Aggregated                                                                       400  379(94.75%) |   7583       1    8008   8000 |    1.10        1.10

[2026-03-07 12:59:51,160] MAP2-TESTBED/INFO/locust.main: Shutting down (exit code 1)
Type     Name                                                                          # reqs      # fails |    Avg     Min     Max    Med |   req/s  failures/s
--------|----------------------------------------------------------------------------|-------|-------------|-------|-------|-------|-------|--------|-----------
GET      /api/audio/latency                                                                51  51(100.00%) |   8001    8000    8003   8000 |    0.16        0.16
GET      /api/audio/levels                                                                 52  52(100.00%) |   8001    8001    8002   8001 |    0.17        0.17
GET      /api/audio/levels (during plugin swap)                                            16   15(93.75%) |   7502      19    8002   8000 |    0.05        0.05
GET      /api/audio/levels/plugins                                                          5   5(100.00%) |   8001    8000    8001   8000 |    0.02        0.02
GET      /api/audio/status                                                                  7    5(71.43%) |   5715       2    8001   8000 |    0.02        0.02
GET      /api/chains/                                                                      82   78(95.12%) |   7616       6    8002   8000 |    0.26        0.25
GET      /api/chains/{id}                                                                   8    6(75.00%) |   6008      18    8001   8000 |    0.03        0.02
POST     /api/chains/{id}/activate                                                          7    5(71.43%) |   5717       7    8002   8000 |    0.02        0.02
POST     /api/chains/{id}/deactivate                                                        7    5(71.43%) |   5716       3    8002   8000 |    0.02        0.02
GET      /api/plugins/discover                                                             77   73(94.81%) |   7586      11    8003   8000 |    0.25        0.24
GET      /api/plugins/list                                                                 78   74(94.87%) |   7591       1    8004   8000 |    0.25        0.24
POST     /api/plugins/load?uri                                                              5   5(100.00%) |   8002    8001    8008   8001 |    0.02        0.02
POST     /api/plugins/unload?uri                                                            5   5(100.00%) |   8001    8001    8002   8001 |    0.02        0.02
--------|----------------------------------------------------------------------------|-------|-------------|-------|-------|-------|-------|--------|-----------
         Aggregated                                                                       400  379(94.75%) |   7583       1    8008   8000 |    1.29        1.22

Response time percentiles (approximated)
Type     Name                                                                                  50%    66%    75%    80%    90%    95%    98%    99%  99.9% 99.99%   100% # reqs
--------|--------------------------------------------------------------------------------|--------|------|------|------|------|------|------|------|------|------|------|------
GET      /api/audio/latency                                                                   8000   8000   8000   8000   8000   8000   8000   8000   8000   8000   8000     51
GET      /api/audio/levels                                                                    8000   8000   8000   8000   8000   8000   8000   8000   8000   8000   8000     52
GET      /api/audio/levels (during plugin swap)                                               8000   8000   8000   8000   8000   8000   8000   8000   8000   8000   8000     16
GET      /api/audio/levels/plugins                                                            8000   8000   8000   8000   8000   8000   8000   8000   8000   8000   8000      5
GET      /api/audio/status                                                                    8000   8000   8000   8000   8000   8000   8000   8000   8000   8000   8000      7
GET      /api/chains/                                                                         8000   8000   8000   8000   8000   8000   8000   8000   8000   8000   8000     82
GET      /api/chains/{id}                                                                     8000   8000   8000   8000   8000   8000   8000   8000   8000   8000   8000      8
POST     /api/chains/{id}/activate                                                            8000   8000   8000   8000   8000   8000   8000   8000   8000   8000   8000      7
POST     /api/chains/{id}/deactivate                                                          8000   8000   8000   8000   8000   8000   8000   8000   8000   8000   8000      7
GET      /api/plugins/discover                                                                8000   8000   8000   8000   8000   8000   8000   8000   8000   8000   8000     77
GET      /api/plugins/list                                                                    8000   8000   8000   8000   8000   8000   8000   8000   8000   8000   8000     78
POST     /api/plugins/load?uri                                                                8000   8000   8000   8000   8000   8000   8000   8000   8000   8000   8000      5
POST     /api/plugins/unload?uri                                                              8000   8000   8000   8000   8000   8000   8000   8000   8000   8000   8000      5
--------|--------------------------------------------------------------------------------|--------|------|------|------|------|------|------|------|------|------|------|------
         Aggregated                                                                           8000   8000   8000   8000   8000   8000   8000   8000   8000   8000   8000    400

Error report
# occurrences      Error                                                                                               
------------------|---------------------------------------------------------------------------------------------------------------------------------------------
2                  POST /api/plugins/load?uri: ReadTimeout(ReadTimeoutError("HTTPConnectionPool(host='localhost', port=8080): Read timed out. (read timeout=8)"))
9                  GET /api/audio/levels: ReadTimeout(ReadTimeoutError("HTTPConnectionPool(host='localhost', port=8080): Read timed out. (read timeout=8)"))
21                 GET /api/chains/: HTTPConnectionPool(host='localhost', port=8080): Read timed out. (read timeout=8) 
2                  GET /api/audio/levels/plugins: ReadTimeout(ReadTimeoutError("HTTPConnectionPool(host='localhost', port=8080): Read timed out. (read timeout=8)"))
7                  GET /api/audio/latency: ReadTimeout(ReadTimeoutError("HTTPConnectionPool(host='localhost', port=8080): Read timed out. (read timeout=8)"))
21                 GET /api/plugins/list: HTTPConnectionPool(host='localhost', port=8080): Read timed out. (read timeout=8)
2                  POST /api/plugins/unload?uri: ReadTimeout(ReadTimeoutError("HTTPConnectionPool(host='localhost', port=8080): Read timed out. (read timeout=8)"))
4                  GET /api/audio/levels (during plugin swap): ReadTimeout(ReadTimeoutError("HTTPConnectionPool(host='localhost', port=8080): Read timed out. (read timeout=8)"))
19                 GET /api/plugins/discover: HTTPConnectionPool(host='localhost', port=8080): Read timed out. (read timeout=8)
1                  GET /api/chains/{id}: ReadTimeout(ReadTimeoutError("HTTPConnectionPool(host='localhost', port=8080): Read timed out. (read timeout=8)"))
1                  POST /api/chains/{id}/activate: ReadTimeout(ReadTimeoutError("HTTPConnectionPool(host='localhost', port=8080): Read timed out. (read timeout=8)"))
1                  GET /api/audio/status: ReadTimeout(ReadTimeoutError("HTTPConnectionPool(host='localhost', port=8080): Read timed out. (read timeout=8)"))
1                  POST /api/chains/{id}/deactivate: ConnectTimeoutError(<HTTPConnection(host='localhost', port=8080) at 0x7fea283b58c0>, 'Connection to localhost timed out. (connect timeout=8)')
1                  GET /api/plugins/discover: HTTPConnectionPool(host='localhost', port=8080): Max retries exceeded with url: /api/plugins/discover (Caused by ConnectTimeoutError(<HTTPConnection(host='localhost', port=8080) at 0x7fea283b5f20>, 'Connection to localhost timed out. (connect timeout=8)'))
1                  GET /api/audio/latency: ConnectTimeoutError(<HTTPConnection(host='localhost', port=8080) at 0x7fea283b67a0>, 'Connection to localhost timed out. (connect timeout=8)')
1                  GET /api/chains/: HTTPConnectionPool(host='localhost', port=8080): Max retries exceeded with url: /api/chains/ (Caused by ConnectTimeoutError(<HTTPConnection(host='localhost', port=8080) at 0x7fea283b6e00>, 'Connection to localhost timed out. (connect timeout=8)'))
1                  GET /api/audio/latency: ConnectTimeoutError(<HTTPConnection(host='localhost', port=8080) at 0x7fea283b7bd0>, 'Connection to localhost timed out. (connect timeout=8)')
1                  GET /api/chains/: HTTPConnectionPool(host='localhost', port=8080): Max retries exceeded with url: /api/chains/ (Caused by ConnectTimeoutError(<HTTPConnection(host='localhost', port=8080) at 0x7fea2853b350>, 'Connection to localhost timed out. (connect timeout=8)'))
1                  GET /api/chains/: HTTPConnectionPool(host='localhost', port=8080): Max retries exceeded with url: /api/chains/ (Caused by ConnectTimeoutError(<HTTPConnection(host='localhost', port=8080) at 0x7fea29de6f10>, 'Connection to localhost timed out. (connect timeout=8)'))
1                  GET /api/audio/levels: ConnectTimeoutError(<HTTPConnection(host='localhost', port=8080) at 0x7fea29de6690>, 'Connection to localhost timed out. (connect timeout=8)')
1                  GET /api/plugins/discover: HTTPConnectionPool(host='localhost', port=8080): Max retries exceeded with url: /api/plugins/discover (Caused by ConnectTimeoutError(<HTTPConnection(host='localhost', port=8080) at 0x7fea28538270>, 'Connection to localhost timed out. (connect timeout=8)'))
1                  GET /api/chains/: HTTPConnectionPool(host='localhost', port=8080): Max retries exceeded with url: /api/chains/ (Caused by ConnectTimeoutError(<HTTPConnection(host='localhost', port=8080) at 0x7fea29de7130>, 'Connection to localhost timed out. (connect timeout=8)'))
1                  GET /api/audio/levels: ConnectTimeoutError(<HTTPConnection(host='localhost', port=8080) at 0x7fea29de7f00>, 'Connection to localhost timed out. (connect timeout=8)')
1                  GET /api/audio/levels: ConnectTimeoutError(<HTTPConnection(host='localhost', port=8080) at 0x7fea29de78a0>, 'Connection to localhost timed out. (connect timeout=8)')
1                  GET /api/chains/: HTTPConnectionPool(host='localhost', port=8080): Max retries exceeded with url: /api/chains/ (Caused by ConnectTimeoutError(<HTTPConnection(host='localhost', port=8080) at 0x7fea283b6470>, 'Connection to localhost timed out. (connect timeout=8)'))
1                  GET /api/plugins/list: HTTPConnectionPool(host='localhost', port=8080): Max retries exceeded with url: /api/plugins/list (Caused by ConnectTimeoutError(<HTTPConnection(host='localhost', port=8080) at 0x7fea283b6250>, 'Connection to localhost timed out. (connect timeout=8)'))
1                  GET /api/plugins/list: HTTPConnectionPool(host='localhost', port=8080): Max retries exceeded with url: /api/plugins/list (Caused by ConnectTimeoutError(<HTTPConnection(host='localhost', port=8080) at 0x7fea29e45370>, 'Connection to localhost timed out. (connect timeout=8)'))
1                  GET /api/audio/levels: ConnectTimeoutError(<HTTPConnection(host='localhost', port=8080) at 0x7fea29e47790>, 'Connection to localhost timed out. (connect timeout=8)')
1                  GET /api/plugins/list: HTTPConnectionPool(host='localhost', port=8080): Max retries exceeded with url: /api/plugins/list (Caused by ConnectTimeoutError(<HTTPConnection(host='localhost', port=8080) at 0x7fea29de69c0>, 'Connection to localhost timed out. (connect timeout=8)'))
1                  GET /api/audio/latency: ConnectTimeoutError(<HTTPConnection(host='localhost', port=8080) at 0x7fea29c49f20>, 'Connection to localhost timed out. (connect timeout=8)')
1                  GET /api/plugins/list: HTTPConnectionPool(host='localhost', port=8080): Max retries exceeded with url: /api/plugins/list (Caused by ConnectTimeoutError(<HTTPConnection(host='localhost', port=8080) at 0x7fea29de4f30>, 'Connection to localhost timed out. (connect timeout=8)'))
1                  GET /api/audio/levels: ConnectTimeoutError(<HTTPConnection(host='localhost', port=8080) at 0x7fea29de59d0>, 'Connection to localhost timed out. (connect timeout=8)')
1                  GET /api/audio/latency: ConnectTimeoutError(<HTTPConnection(host='localhost', port=8080) at 0x7fea29d998c0>, 'Connection to localhost timed out. (connect timeout=8)')
1                  GET /api/audio/latency: ConnectTimeoutError(<HTTPConnection(host='localhost', port=8080) at 0x7fea29c49ae0>, 'Connection to localhost timed out. (connect timeout=8)')
1                  GET /api/plugins/list: HTTPConnectionPool(host='localhost', port=8080): Max retries exceeded with url: /api/plugins/list (Caused by ConnectTimeoutError(<HTTPConnection(host='localhost', port=8080) at 0x7fea29de4380>, 'Connection to localhost timed out. (connect timeout=8)'))
1                  GET /api/plugins/discover: HTTPConnectionPool(host='localhost', port=8080): Max retries exceeded with url: /api/plugins/discover (Caused by ConnectTimeoutError(<HTTPConnection(host='localhost', port=8080) at 0x7fea283b6580>, 'Connection to localhost timed out. (connect timeout=8)'))
1                  GET /api/plugins/discover: HTTPConnectionPool(host='localhost', port=8080): Max retries exceeded with url: /api/plugins/discover (Caused by ConnectTimeoutError(<HTTPConnection(host='localhost', port=8080) at 0x7fea29de7240>, 'Connection to localhost timed out. (connect timeout=8)'))
1                  GET /api/audio/latency: ConnectTimeoutError(<HTTPConnection(host='localhost', port=8080) at 0x7fea29c78af0>, 'Connection to localhost timed out. (connect timeout=8)')
1                  GET /api/plugins/discover: HTTPConnectionPool(host='localhost', port=8080): Max retries exceeded with url: /api/plugins/discover (Caused by ConnectTimeoutError(<HTTPConnection(host='localhost', port=8080) at 0x7fea29c49590>, 'Connection to localhost timed out. (connect timeout=8)'))
1                  GET /api/chains/: HTTPConnectionPool(host='localhost', port=8080): Max retries exceeded with url: /api/chains/ (Caused by ConnectTimeoutError(<HTTPConnection(host='localhost', port=8080) at 0x7fea29d9bce0>, 'Connection to localhost timed out. (connect timeout=8)'))
1                  GET /api/plugins/discover: HTTPConnectionPool(host='localhost', port=8080): Max retries exceeded with url: /api/plugins/discover (Caused by ConnectTimeoutError(<HTTPConnection(host='localhost', port=8080) at 0x7fea29c49150>, 'Connection to localhost timed out. (connect timeout=8)'))
1                  GET /api/audio/latency: ConnectTimeoutError(<HTTPConnection(host='localhost', port=8080) at 0x7fea29d9a360>, 'Connection to localhost timed out. (connect timeout=8)')
1                  GET /api/chains/{id}: ConnectTimeoutError(<HTTPConnection(host='localhost', port=8080) at 0x7fea29c7a9c0>, 'Connection to localhost timed out. (connect timeout=8)')
1                  GET /api/plugins/discover: HTTPConnectionPool(host='localhost', port=8080): Max retries exceeded with url: /api/plugins/discover (Caused by ConnectTimeoutError(<HTTPConnection(host='localhost', port=8080) at 0x7fea29c78270>, 'Connection to localhost timed out. (connect timeout=8)'))
1                  GET /api/audio/levels: ConnectTimeoutError(<HTTPConnection(host='localhost', port=8080) at 0x7fea29c7b240>, 'Connection to localhost timed out. (connect timeout=8)')
1                  GET /api/chains/: HTTPConnectionPool(host='localhost', port=8080): Max retries exceeded with url: /api/chains/ (Caused by ConnectTimeoutError(<HTTPConnection(host='localhost', port=8080) at 0x7fea29c788d0>, 'Connection to localhost timed out. (connect timeout=8)'))
1                  GET /api/chains/: HTTPConnectionPool(host='localhost', port=8080): Max retries exceeded with url: /api/chains/ (Caused by ConnectTimeoutError(<HTTPConnection(host='localhost', port=8080) at 0x7fea283b6030>, 'Connection to localhost timed out. (connect timeout=8)'))
1                  GET /api/audio/levels: ConnectTimeoutError(<HTTPConnection(host='localhost', port=8080) at 0x7fea29cd0c00>, 'Connection to localhost timed out. (connect timeout=8)')
1                  GET /api/chains/: HTTPConnectionPool(host='localhost', port=8080): Max retries exceeded with url: /api/chains/ (Caused by ConnectTimeoutError(<HTTPConnection(host='localhost', port=8080) at 0x7fea29c79590>, 'Connection to localhost timed out. (connect timeout=8)'))
1                  GET /api/plugins/list: HTTPConnectionPool(host='localhost', port=8080): Max retries exceeded with url: /api/plugins/list (Caused by ConnectTimeoutError(<HTTPConnection(host='localhost', port=8080) at 0x7fea29c79d00>, 'Connection to localhost timed out. (connect timeout=8)'))
1                  GET /api/chains/: HTTPConnectionPool(host='localhost', port=8080): Max retries exceeded with url: /api/chains/ (Caused by ConnectTimeoutError(<HTTPConnection(host='localhost', port=8080) at 0x7fea29d9a690>, 'Connection to localhost timed out. (connect timeout=8)'))
1                  GET /api/audio/levels: ConnectTimeoutError(<HTTPConnection(host='localhost', port=8080) at 0x7fea28404490>, 'Connection to localhost timed out. (connect timeout=8)')
1                  POST /api/chains/{id}/activate: ConnectTimeoutError(<HTTPConnection(host='localhost', port=8080) at 0x7fea29c7a360>, 'Connection to localhost timed out. (connect timeout=8)')
1                  GET /api/audio/latency: ConnectTimeoutError(<HTTPConnection(host='localhost', port=8080) at 0x7fea29cd28b0>, 'Connection to localhost timed out. (connect timeout=8)')
1                  GET /api/audio/levels: ConnectTimeoutError(<HTTPConnection(host='localhost', port=8080) at 0x7fea29c7b790>, 'Connection to localhost timed out. (connect timeout=8)')
1                  GET /api/plugins/list: HTTPConnectionPool(host='localhost', port=8080): Max retries exceeded with url: /api/plugins/list (Caused by ConnectTimeoutError(<HTTPConnection(host='localhost', port=8080) at 0x7fea29cd0380>, 'Connection to localhost timed out. (connect timeout=8)'))
1                  GET /api/plugins/list: HTTPConnectionPool(host='localhost', port=8080): Max retries exceeded with url: /api/plugins/list (Caused by ConnectTimeoutError(<HTTPConnection(host='localhost', port=8080) at 0x7fea29cd05a0>, 'Connection to localhost timed out. (connect timeout=8)'))
1                  GET /api/audio/latency: ConnectTimeoutError(<HTTPConnection(host='localhost', port=8080) at 0x7fea29d98270>, 'Connection to localhost timed out. (connect timeout=8)')
1                  GET /api/plugins/list: HTTPConnectionPool(host='localhost', port=8080): Max retries exceeded with url: /api/plugins/list (Caused by ConnectTimeoutError(<HTTPConnection(host='localhost', port=8080) at 0x7fea29cd08d0>, 'Connection to localhost timed out. (connect timeout=8)'))
1                  GET /api/plugins/discover: HTTPConnectionPool(host='localhost', port=8080): Max retries exceeded with url: /api/plugins/discover (Caused by ConnectTimeoutError(<HTTPConnection(host='localhost', port=8080) at 0x7fea283b5590>, 'Connection to localhost timed out. (connect timeout=8)'))
1                  GET /api/plugins/list: HTTPConnectionPool(host='localhost', port=8080): Max retries exceeded with url: /api/plugins/list (Caused by ConnectTimeoutError(<HTTPConnection(host='localhost', port=8080) at 0x7fea29cd1e10>, 'Connection to localhost timed out. (connect timeout=8)'))
1                  GET /api/audio/latency: ConnectTimeoutError(<HTTPConnection(host='localhost', port=8080) at 0x7fea29b316a0>, 'Connection to localhost timed out. (connect timeout=8)')
1                  GET /api/audio/status: ConnectTimeoutError(<HTTPConnection(host='localhost', port=8080) at 0x7fea29d99370>, 'Connection to localhost timed out. (connect timeout=8)')
1                  GET /api/audio/latency: ConnectTimeoutError(<HTTPConnection(host='localhost', port=8080) at 0x7fea29d57790>, 'Connection to localhost timed out. (connect timeout=8)')
1                  GET /api/plugins/discover: HTTPConnectionPool(host='localhost', port=8080): Max retries exceeded with url: /api/plugins/discover (Caused by ConnectTimeoutError(<HTTPConnection(host='localhost', port=8080) at 0x7fea29cd3bd0>, 'Connection to localhost timed out. (connect timeout=8)'))
1                  GET /api/chains/: HTTPConnectionPool(host='localhost', port=8080): Max retries exceeded with url: /api/chains/ (Caused by ConnectTimeoutError(<HTTPConnection(host='localhost', port=8080) at 0x7fea29d57460>, 'Connection to localhost timed out. (connect timeout=8)'))
1                  GET /api/plugins/discover: HTTPConnectionPool(host='localhost', port=8080): Max retries exceeded with url: /api/plugins/discover (Caused by ConnectTimeoutError(<HTTPConnection(host='localhost', port=8080) at 0x7fea29d985a0>, 'Connection to localhost timed out. (connect timeout=8)'))
1                  GET /api/chains/: HTTPConnectionPool(host='localhost', port=8080): Max retries exceeded with url: /api/chains/ (Caused by ConnectTimeoutError(<HTTPConnection(host='localhost', port=8080) at 0x7fea29b33570>, 'Connection to localhost timed out. (connect timeout=8)'))
1                  GET /api/plugins/discover: HTTPConnectionPool(host='localhost', port=8080): Max retries exceeded with url: /api/plugins/discover (Caused by ConnectTimeoutError(<HTTPConnection(host='localhost', port=8080) at 0x7fea29c49bf0>, 'Connection to localhost timed out. (connect timeout=8)'))
1                  GET /api/audio/levels: ConnectTimeoutError(<HTTPConnection(host='localhost', port=8080) at 0x7fea29efbce0>, 'Connection to localhost timed out. (connect timeout=8)')
1                  GET /api/plugins/discover: HTTPConnectionPool(host='localhost', port=8080): Max retries exceeded with url: /api/plugins/discover (Caused by ConnectTimeoutError(<HTTPConnection(host='localhost', port=8080) at 0x7fea284fd480>, 'Connection to localhost timed out. (connect timeout=8)'))
1                  GET /api/chains/: HTTPConnectionPool(host='localhost', port=8080): Max retries exceeded with url: /api/chains/ (Caused by ConnectTimeoutError(<HTTPConnection(host='localhost', port=8080) at 0x7fea29b33ce0>, 'Connection to localhost timed out. (connect timeout=8)'))
1                  POST /api/chains/{id}/deactivate: ConnectTimeoutError(<HTTPConnection(host='localhost', port=8080) at 0x7fea29d9b020>, 'Connection to localhost timed out. (connect timeout=8)')
1                  GET /api/audio/levels: ConnectTimeoutError(<HTTPConnection(host='localhost', port=8080) at 0x7fea29b329c0>, 'Connection to localhost timed out. (connect timeout=8)')
1                  GET /api/audio/levels: ConnectTimeoutError(<HTTPConnection(host='localhost', port=8080) at 0x7fea28375f20>, 'Connection to localhost timed out. (connect timeout=8)')
1                  GET /api/plugins/list: HTTPConnectionPool(host='localhost', port=8080): Max retries exceeded with url: /api/plugins/list (Caused by ConnectTimeoutError(<HTTPConnection(host='localhost', port=8080) at 0x7fea29b30f30>, 'Connection to localhost timed out. (connect timeout=8)'))
1                  GET /api/audio/levels: ConnectTimeoutError(<HTTPConnection(host='localhost', port=8080) at 0x7fea29b33350>, 'Connection to localhost timed out. (connect timeout=8)')
1                  GET /api/plugins/list: HTTPConnectionPool(host='localhost', port=8080): Max retries exceeded with url: /api/plugins/list (Caused by ConnectTimeoutError(<HTTPConnection(host='localhost', port=8080) at 0x7fea29b33ac0>, 'Connection to localhost timed out. (connect timeout=8)'))
1                  GET /api/chains/: HTTPConnectionPool(host='localhost', port=8080): Max retries exceeded with url: /api/chains/ (Caused by ConnectTimeoutError(<HTTPConnection(host='localhost', port=8080) at 0x7fea29b81370>, 'Connection to localhost timed out. (connect timeout=8)'))
1                  GET /api/audio/latency: ConnectTimeoutError(<HTTPConnection(host='localhost', port=8080) at 0x7fea29b808d0>, 'Connection to localhost timed out. (connect timeout=8)')
1                  GET /api/audio/levels: ConnectTimeoutError(<HTTPConnection(host='localhost', port=8080) at 0x7fea29b32250>, 'Connection to localhost timed out. (connect timeout=8)')
1                  GET /api/plugins/list: HTTPConnectionPool(host='localhost', port=8080): Max retries exceeded with url: /api/plugins/list (Caused by ConnectTimeoutError(<HTTPConnection(host='localhost', port=8080) at 0x7fea29b30050>, 'Connection to localhost timed out. (connect timeout=8)'))
1                  GET /api/audio/levels: ConnectTimeoutError(<HTTPConnection(host='localhost', port=8080) at 0x7fea29bee470>, 'Connection to localhost timed out. (connect timeout=8)')
1                  GET /api/audio/latency: ConnectTimeoutError(<HTTPConnection(host='localhost', port=8080) at 0x7fea29c49e10>, 'Connection to localhost timed out. (connect timeout=8)')
1                  GET /api/audio/latency: ConnectTimeoutError(<HTTPConnection(host='localhost', port=8080) at 0x7fea29b83680>, 'Connection to localhost timed out. (connect timeout=8)')
1                  GET /api/plugins/discover: HTTPConnectionPool(host='localhost', port=8080): Max retries exceeded with url: /api/plugins/discover (Caused by ConnectTimeoutError(<HTTPConnection(host='localhost', port=8080) at 0x7fea29b83350>, 'Connection to localhost timed out. (connect timeout=8)'))
1                  GET /api/audio/latency: ConnectTimeoutError(<HTTPConnection(host='localhost', port=8080) at 0x7fea29bee580>, 'Connection to localhost timed out. (connect timeout=8)')
1                  GET /api/plugins/discover: HTTPConnectionPool(host='localhost', port=8080): Max retries exceeded with url: /api/plugins/discover (Caused by ConnectTimeoutError(<HTTPConnection(host='localhost', port=8080) at 0x7fea29b83ac0>, 'Connection to localhost timed out. (connect timeout=8)'))
1                  GET /api/plugins/list: HTTPConnectionPool(host='localhost', port=8080): Max retries exceeded with url: /api/plugins/list (Caused by ConnectTimeoutError(<HTTPConnection(host='localhost', port=8080) at 0x7fea29b83130>, 'Connection to localhost timed out. (connect timeout=8)'))
1                  GET /api/chains/: HTTPConnectionPool(host='localhost', port=8080): Max retries exceeded with url: /api/chains/ (Caused by ConnectTimeoutError(<HTTPConnection(host='localhost', port=8080) at 0x7fea29bec8d0>, 'Connection to localhost timed out. (connect timeout=8)'))
1                  GET /api/audio/latency: ConnectTimeoutError(<HTTPConnection(host='localhost', port=8080) at 0x7fea29a38490>, 'Connection to localhost timed out. (connect timeout=8)')
1                  GET /api/plugins/discover: HTTPConnectionPool(host='localhost', port=8080): Max retries exceeded with url: /api/plugins/discover (Caused by ConnectTimeoutError(<HTTPConnection(host='localhost', port=8080) at 0x7fea29b81e10>, 'Connection to localhost timed out. (connect timeout=8)'))
1                  GET /api/audio/latency: ConnectTimeoutError(<HTTPConnection(host='localhost', port=8080) at 0x7fea29befdf0>, 'Connection to localhost timed out. (connect timeout=8)')
1                  GET /api/audio/levels: ConnectTimeoutError(<HTTPConnection(host='localhost', port=8080) at 0x7fea29c7a690>, 'Connection to localhost timed out. (connect timeout=8)')
1                  GET /api/audio/levels: ConnectTimeoutError(<HTTPConnection(host='localhost', port=8080) at 0x7fea29beebe0>, 'Connection to localhost timed out. (connect timeout=8)')
1                  GET /api/audio/levels (during plugin swap): ConnectTimeoutError(<HTTPConnection(host='localhost', port=8080) at 0x7fea29bed370>, 'Connection to localhost timed out. (connect timeout=8)')
1                  GET /api/chains/: HTTPConnectionPool(host='localhost', port=8080): Max retries exceeded with url: /api/chains/ (Caused by ConnectTimeoutError(<HTTPConnection(host='localhost', port=8080) at 0x7fea29e47680>, 'Connection to localhost timed out. (connect timeout=8)'))
1                  GET /api/chains/: HTTPConnectionPool(host='localhost', port=8080): Max retries exceeded with url: /api/chains/ (Caused by ConnectTimeoutError(<HTTPConnection(host='localhost', port=8080) at 0x7fea29bef460>, 'Connection to localhost timed out. (connect timeout=8)'))
1                  GET /api/plugins/discover: HTTPConnectionPool(host='localhost', port=8080): Max retries exceeded with url: /api/plugins/discover (Caused by ConnectTimeoutError(<HTTPConnection(host='localhost', port=8080) at 0x7fea29bee690>, 'Connection to localhost timed out. (connect timeout=8)'))
1                  GET /api/plugins/list: HTTPConnectionPool(host='localhost', port=8080): Max retries exceeded with url: /api/plugins/list (Caused by ConnectTimeoutError(<HTTPConnection(host='localhost', port=8080) at 0x7fea29bec270>, 'Connection to localhost timed out. (connect timeout=8)'))
1                  GET /api/chains/: HTTPConnectionPool(host='localhost', port=8080): Max retries exceeded with url: /api/chains/ (Caused by ConnectTimeoutError(<HTTPConnection(host='localhost', port=8080) at 0x7fea29a3bce0>, 'Connection to localhost timed out. (connect timeout=8)'))
1                  GET /api/audio/levels: ConnectTimeoutError(<HTTPConnection(host='localhost', port=8080) at 0x7fea29a38f30>, 'Connection to localhost timed out. (connect timeout=8)')
1                  GET /api/chains/: HTTPConnectionPool(host='localhost', port=8080): Max retries exceeded with url: /api/chains/ (Caused by ConnectTimeoutError(<HTTPConnection(host='localhost', port=8080) at 0x7fea29a7a470>, 'Connection to localhost timed out. (connect timeout=8)'))
1                  GET /api/audio/latency: ConnectTimeoutError(<HTTPConnection(host='localhost', port=8080) at 0x7fea29cd29c0>, 'Connection to localhost timed out. (connect timeout=8)')
1                  GET /api/audio/latency: ConnectTimeoutError(<HTTPConnection(host='localhost', port=8080) at 0x7fea29efb570>, 'Connection to localhost timed out. (connect timeout=8)')
1                  POST /api/plugins/load?uri: ConnectTimeoutError(<HTTPConnection(host='localhost', port=8080) at 0x7fea29a3a140>, 'Connection to localhost timed out. (connect timeout=8)')
1                  GET /api/plugins/list: HTTPConnectionPool(host='localhost', port=8080): Max retries exceeded with url: /api/plugins/list (Caused by ConnectTimeoutError(<HTTPConnection(host='localhost', port=8080) at 0x7fea29a7bf00>, 'Connection to localhost timed out. (connect timeout=8)'))
1                  GET /api/plugins/list: HTTPConnectionPool(host='localhost', port=8080): Max retries exceeded with url: /api/plugins/list (Caused by ConnectTimeoutError(<HTTPConnection(host='localhost', port=8080) at 0x7fea29a7b790>, 'Connection to localhost timed out. (connect timeout=8)'))
1                  GET /api/chains/: HTTPConnectionPool(host='localhost', port=8080): Max retries exceeded with url: /api/chains/ (Caused by ConnectTimeoutError(<HTTPConnection(host='localhost', port=8080) at 0x7fea29c4b8a0>, 'Connection to localhost timed out. (connect timeout=8)'))
1                  GET /api/plugins/discover: HTTPConnectionPool(host='localhost', port=8080): Max retries exceeded with url: /api/plugins/discover (Caused by ConnectTimeoutError(<HTTPConnection(host='localhost', port=8080) at 0x7fea29a78270>, 'Connection to localhost timed out. (connect timeout=8)'))
1                  GET /api/plugins/list: HTTPConnectionPool(host='localhost', port=8080): Max retries exceeded with url: /api/plugins/list (Caused by ConnectTimeoutError(<HTTPConnection(host='localhost', port=8080) at 0x7fea29a39480>, 'Connection to localhost timed out. (connect timeout=8)'))
1                  GET /api/audio/latency: ConnectTimeoutError(<HTTPConnection(host='localhost', port=8080) at 0x7fea29a3b460>, 'Connection to localhost timed out. (connect timeout=8)')
1                  GET /api/plugins/list: HTTPConnectionPool(host='localhost', port=8080): Max retries exceeded with url: /api/plugins/list (Caused by ConnectTimeoutError(<HTTPConnection(host='localhost', port=8080) at 0x7fea29d9af10>, 'Connection to localhost timed out. (connect timeout=8)'))
1                  GET /api/audio/levels/plugins: ConnectTimeoutError(<HTTPConnection(host='localhost', port=8080) at 0x7fea29befac0>, 'Connection to localhost timed out. (connect timeout=8)')
1                  GET /api/chains/: HTTPConnectionPool(host='localhost', port=8080): Max retries exceeded with url: /api/chains/ (Caused by ConnectTimeoutError(<HTTPConnection(host='localhost', port=8080) at 0x7fea29beef10>, 'Connection to localhost timed out. (connect timeout=8)'))
1                  GET /api/chains/: HTTPConnectionPool(host='localhost', port=8080): Max retries exceeded with url: /api/chains/ (Caused by ConnectTimeoutError(<HTTPConnection(host='localhost', port=8080) at 0x7fea29befbd0>, 'Connection to localhost timed out. (connect timeout=8)'))
1                  GET /api/plugins/discover: HTTPConnectionPool(host='localhost', port=8080): Max retries exceeded with url: /api/plugins/discover (Caused by ConnectTimeoutError(<HTTPConnection(host='localhost', port=8080) at 0x7fea29a7b9b0>, 'Connection to localhost timed out. (connect timeout=8)'))
1                  GET /api/plugins/discover: HTTPConnectionPool(host='localhost', port=8080): Max retries exceeded with url: /api/plugins/discover (Caused by ConnectTimeoutError(<HTTPConnection(host='localhost', port=8080) at 0x7fea29a7b240>, 'Connection to localhost timed out. (connect timeout=8)'))
1                  GET /api/plugins/list: HTTPConnectionPool(host='localhost', port=8080): Max retries exceeded with url: /api/plugins/list (Caused by ConnectTimeoutError(<HTTPConnection(host='localhost', port=8080) at 0x7fea29a7a9c0>, 'Connection to localhost timed out. (connect timeout=8)'))
1                  GET /api/audio/levels: ConnectTimeoutError(<HTTPConnection(host='localhost', port=8080) at 0x7fea29a789e0>, 'Connection to localhost timed out. (connect timeout=8)')
1                  GET /api/plugins/discover: HTTPConnectionPool(host='localhost', port=8080): Max retries exceeded with url: /api/plugins/discover (Caused by ConnectTimeoutError(<HTTPConnection(host='localhost', port=8080) at 0x7fea29a3a8b0>, 'Connection to localhost timed out. (connect timeout=8)'))
1                  GET /api/chains/: HTTPConnectionPool(host='localhost', port=8080): Max retries exceeded with url: /api/chains/ (Caused by ConnectTimeoutError(<HTTPConnection(host='localhost', port=8080) at 0x7fea29913f00>, 'Connection to localhost timed out. (connect timeout=8)'))
1                  GET /api/plugins/discover: HTTPConnectionPool(host='localhost', port=8080): Max retries exceeded with url: /api/plugins/discover (Caused by ConnectTimeoutError(<HTTPConnection(host='localhost', port=8080) at 0x7fea29a7ae00>, 'Connection to localhost timed out. (connect timeout=8)'))
1                  POST /api/plugins/unload?uri: ConnectTimeoutError(<HTTPConnection(host='localhost', port=8080) at 0x7fea29913df0>, 'Connection to localhost timed out. (connect timeout=8)')
1                  GET /api/plugins/list: HTTPConnectionPool(host='localhost', port=8080): Max retries exceeded with url: /api/plugins/list (Caused by ConnectTimeoutError(<HTTPConnection(host='localhost', port=8080) at 0x7fea29d56f10>, 'Connection to localhost timed out. (connect timeout=8)'))
1                  GET /api/plugins/list: HTTPConnectionPool(host='localhost', port=8080): Max retries exceeded with url: /api/plugins/list (Caused by ConnectTimeoutError(<HTTPConnection(host='localhost', port=8080) at 0x7fea29911260>, 'Connection to localhost timed out. (connect timeout=8)'))
1                  GET /api/audio/levels: ConnectTimeoutError(<HTTPConnection(host='localhost', port=8080) at 0x7fea29c7a7a0>, 'Connection to localhost timed out. (connect timeout=8)')
1                  GET /api/chains/: HTTPConnectionPool(host='localhost', port=8080): Max retries exceeded with url: /api/chains/ (Caused by ConnectTimeoutError(<HTTPConnection(host='localhost', port=8080) at 0x7fea29eaf020>, 'Connection to localhost timed out. (connect timeout=8)'))
1                  GET /api/plugins/discover: HTTPConnectionPool(host='localhost', port=8080): Max retries exceeded with url: /api/plugins/discover (Caused by ConnectTimeoutError(<HTTPConnection(host='localhost', port=8080) at 0x7fea29a7aad0>, 'Connection to localhost timed out. (connect timeout=8)'))
1                  GET /api/audio/latency: ConnectTimeoutError(<HTTPConnection(host='localhost', port=8080) at 0x7fea29931590>, 'Connection to localhost timed out. (connect timeout=8)')
1                  GET /api/chains/: HTTPConnectionPool(host='localhost', port=8080): Max retries exceeded with url: /api/chains/ (Caused by ConnectTimeoutError(<HTTPConnection(host='localhost', port=8080) at 0x7fea299127a0>, 'Connection to localhost timed out. (connect timeout=8)'))
1                  GET /api/plugins/list: HTTPConnectionPool(host='localhost', port=8080): Max retries exceeded with url: /api/plugins/list (Caused by ConnectTimeoutError(<HTTPConnection(host='localhost', port=8080) at 0x7fea29913790>, 'Connection to localhost timed out. (connect timeout=8)'))
1                  GET /api/chains/: HTTPConnectionPool(host='localhost', port=8080): Max retries exceeded with url: /api/chains/ (Caused by ConnectTimeoutError(<HTTPConnection(host='localhost', port=8080) at 0x7fea29d54e20>, 'Connection to localhost timed out. (connect timeout=8)'))
1                  GET /api/plugins/discover: HTTPConnectionPool(host='localhost', port=8080): Max retries exceeded with url: /api/plugins/discover (Caused by ConnectTimeoutError(<HTTPConnection(host='localhost', port=8080) at 0x7fea299305a0>, 'Connection to localhost timed out. (connect timeout=8)'))
1                  GET /api/plugins/discover: HTTPConnectionPool(host='localhost', port=8080): Max retries exceeded with url: /api/plugins/discover (Caused by ConnectTimeoutError(<HTTPConnection(host='localhost', port=8080) at 0x7fea29930c00>, 'Connection to localhost timed out. (connect timeout=8)'))
1                  GET /api/audio/levels (during plugin swap): ConnectTimeoutError(<HTTPConnection(host='localhost', port=8080) at 0x7fea29931480>, 'Connection to localhost timed out. (connect timeout=8)')
1                  GET /api/audio/latency: ConnectTimeoutError(<HTTPConnection(host='localhost', port=8080) at 0x7fea29d158c0>, 'Connection to localhost timed out. (connect timeout=8)')
1                  GET /api/plugins/list: HTTPConnectionPool(host='localhost', port=8080): Max retries exceeded with url: /api/plugins/list (Caused by ConnectTimeoutError(<HTTPConnection(host='localhost', port=8080) at 0x7fea29cd2cf0>, 'Connection to localhost timed out. (connect timeout=8)'))
1                  GET /api/audio/levels: ConnectTimeoutError(<HTTPConnection(host='localhost', port=8080) at 0x7fea29a79480>, 'Connection to localhost timed out. (connect timeout=8)')
1                  GET /api/audio/levels: ConnectTimeoutError(<HTTPConnection(host='localhost', port=8080) at 0x7fea284fd9d0>, 'Connection to localhost timed out. (connect timeout=8)')
1                  GET /api/plugins/list: HTTPConnectionPool(host='localhost', port=8080): Max retries exceeded with url: /api/plugins/list (Caused by ConnectTimeoutError(<HTTPConnection(host='localhost', port=8080) at 0x7fea29f17790>, 'Connection to localhost timed out. (connect timeout=8)'))
1                  GET /api/plugins/discover: HTTPConnectionPool(host='localhost', port=8080): Max retries exceeded with url: /api/plugins/discover (Caused by ConnectTimeoutError(<HTTPConnection(host='localhost', port=8080) at 0x7fea29932140>, 'Connection to localhost timed out. (connect timeout=8)'))
1                  GET /api/plugins/list: HTTPConnectionPool(host='localhost', port=8080): Max retries exceeded with url: /api/plugins/list (Caused by ConnectTimeoutError(<HTTPConnection(host='localhost', port=8080) at 0x7fea299338a0>, 'Connection to localhost timed out. (connect timeout=8)'))
1                  GET /api/chains/: HTTPConnectionPool(host='localhost', port=8080): Max retries exceeded with url: /api/chains/ (Caused by ConnectTimeoutError(<HTTPConnection(host='localhost', port=8080) at 0x7fea299b5ae0>, 'Connection to localhost timed out. (connect timeout=8)'))
1                  POST /api/plugins/load?uri: ConnectTimeoutError(<HTTPConnection(host='localhost', port=8080) at 0x7fea299b7ac0>, 'Connection to localhost timed out. (connect timeout=8)')
1                  GET /api/audio/levels: ConnectTimeoutError(<HTTPConnection(host='localhost', port=8080) at 0x7fea29a3b570>, 'Connection to localhost timed out. (connect timeout=8)')
1                  GET /api/plugins/discover: HTTPConnectionPool(host='localhost', port=8080): Max retries exceeded with url: /api/plugins/discover (Caused by ConnectTimeoutError(<HTTPConnection(host='localhost', port=8080) at 0x7fea299b5150>, 'Connection to localhost timed out. (connect timeout=8)'))
1                  GET /api/chains/: HTTPConnectionPool(host='localhost', port=8080): Max retries exceeded with url: /api/chains/ (Caused by ConnectTimeoutError(<HTTPConnection(host='localhost', port=8080) at 0x7fea299b4e20>, 'Connection to localhost timed out. (connect timeout=8)'))
1                  GET /api/audio/latency: ConnectTimeoutError(<HTTPConnection(host='localhost', port=8080) at 0x7fea299b4f30>, 'Connection to localhost timed out. (connect timeout=8)')
1                  GET /api/audio/latency: ConnectTimeoutError(<HTTPConnection(host='localhost', port=8080) at 0x7fea29812030>, 'Connection to localhost timed out. (connect timeout=8)')
1                  GET /api/plugins/discover: HTTPConnectionPool(host='localhost', port=8080): Max retries exceeded with url: /api/plugins/discover (Caused by ConnectTimeoutError(<HTTPConnection(host='localhost', port=8080) at 0x7fea29b83790>, 'Connection to localhost timed out. (connect timeout=8)'))
1                  GET /api/chains/: HTTPConnectionPool(host='localhost', port=8080): Max retries exceeded with url: /api/chains/ (Caused by ConnectTimeoutError(<HTTPConnection(host='localhost', port=8080) at 0x7fea299b46b0>, 'Connection to localhost timed out. (connect timeout=8)'))
1                  GET /api/plugins/discover: HTTPConnectionPool(host='localhost', port=8080): Max retries exceeded with url: /api/plugins/discover (Caused by ConnectTimeoutError(<HTTPConnection(host='localhost', port=8080) at 0x7fea299b6ad0>, 'Connection to localhost timed out. (connect timeout=8)'))
1                  GET /api/plugins/list: HTTPConnectionPool(host='localhost', port=8080): Max retries exceeded with url: /api/plugins/list (Caused by ConnectTimeoutError(<HTTPConnection(host='localhost', port=8080) at 0x7fea299b4050>, 'Connection to localhost timed out. (connect timeout=8)'))
1                  GET /api/audio/levels/plugins: ConnectTimeoutError(<HTTPConnection(host='localhost', port=8080) at 0x7fea298139b0>, 'Connection to localhost timed out. (connect timeout=8)')
1                  GET /api/audio/latency: ConnectTimeoutError(<HTTPConnection(host='localhost', port=8080) at 0x7fea29870050>, 'Connection to localhost timed out. (connect timeout=8)')
1                  GET /api/plugins/list: HTTPConnectionPool(host='localhost', port=8080): Max retries exceeded with url: /api/plugins/list (Caused by ConnectTimeoutError(<HTTPConnection(host='localhost', port=8080) at 0x7fea298117b0>, 'Connection to localhost timed out. (connect timeout=8)'))
1                  GET /api/chains/: HTTPConnectionPool(host='localhost', port=8080): Max retries exceeded with url: /api/chains/ (Caused by ConnectTimeoutError(<HTTPConnection(host='localhost', port=8080) at 0x7fea29811150>, 'Connection to localhost timed out. (connect timeout=8)'))
1                  GET /api/audio/levels: ConnectTimeoutError(<HTTPConnection(host='localhost', port=8080) at 0x7fea299b6cf0>, 'Connection to localhost timed out. (connect timeout=8)')
1                  GET /api/chains/: HTTPConnectionPool(host='localhost', port=8080): Max retries exceeded with url: /api/chains/ (Caused by ConnectTimeoutError(<HTTPConnection(host='localhost', port=8080) at 0x7fea29812f10>, 'Connection to localhost timed out. (connect timeout=8)'))
1                  GET /api/chains/: HTTPConnectionPool(host='localhost', port=8080): Max retries exceeded with url: /api/chains/ (Caused by ConnectTimeoutError(<HTTPConnection(host='localhost', port=8080) at 0x7fea29811f20>, 'Connection to localhost timed out. (connect timeout=8)'))
1                  GET /api/plugins/list: HTTPConnectionPool(host='localhost', port=8080): Max retries exceeded with url: /api/plugins/list (Caused by ConnectTimeoutError(<HTTPConnection(host='localhost', port=8080) at 0x7fea298127a0>, 'Connection to localhost timed out. (connect timeout=8)'))
1                  GET /api/chains/{id}: ConnectTimeoutError(<HTTPConnection(host='localhost', port=8080) at 0x7fea29813790>, 'Connection to localhost timed out. (connect timeout=8)')
1                  GET /api/plugins/discover: HTTPConnectionPool(host='localhost', port=8080): Max retries exceeded with url: /api/plugins/discover (Caused by ConnectTimeoutError(<HTTPConnection(host='localhost', port=8080) at 0x7fea29810160>, 'Connection to localhost timed out. (connect timeout=8)'))
1                  POST /api/plugins/unload?uri: ConnectTimeoutError(<HTTPConnection(host='localhost', port=8080) at 0x7fea298739b0>, 'Connection to localhost timed out. (connect timeout=8)')
1                  GET /api/audio/levels: ConnectTimeoutError(<HTTPConnection(host='localhost', port=8080) at 0x7fea29872690>, 'Connection to localhost timed out. (connect timeout=8)')
1                  GET /api/plugins/discover: HTTPConnectionPool(host='localhost', port=8080): Max retries exceeded with url: /api/plugins/discover (Caused by ConnectTimeoutError(<HTTPConnection(host='localhost', port=8080) at 0x7fea299b69c0>, 'Connection to localhost timed out. (connect timeout=8)'))
1                  GET /api/plugins/list: HTTPConnectionPool(host='localhost', port=8080): Max retries exceeded with url: /api/plugins/list (Caused by ConnectTimeoutError(<HTTPConnection(host='localhost', port=8080) at 0x7fea29871150>, 'Connection to localhost timed out. (connect timeout=8)'))
1                  GET /api/audio/latency: ConnectTimeoutError(<HTTPConnection(host='localhost', port=8080) at 0x7fea29e639b0>, 'Connection to localhost timed out. (connect timeout=8)')
1                  GET /api/plugins/list: HTTPConnectionPool(host='localhost', port=8080): Max retries exceeded with url: /api/plugins/list (Caused by ConnectTimeoutError(<HTTPConnection(host='localhost', port=8080) at 0x7fea29912e00>, 'Connection to localhost timed out. (connect timeout=8)'))
1                  GET /api/plugins/list: HTTPConnectionPool(host='localhost', port=8080): Max retries exceeded with url: /api/plugins/list (Caused by ConnectTimeoutError(<HTTPConnection(host='localhost', port=8080) at 0x7fea29911e10>, 'Connection to localhost timed out. (connect timeout=8)'))
1                  GET /api/plugins/discover: HTTPConnectionPool(host='localhost', port=8080): Max retries exceeded with url: /api/plugins/discover (Caused by ConnectTimeoutError(<HTTPConnection(host='localhost', port=8080) at 0x7fea29872be0>, 'Connection to localhost timed out. (connect timeout=8)'))
1                  POST /api/chains/{id}/activate: ConnectTimeoutError(<HTTPConnection(host='localhost', port=8080) at 0x7fea298aa7a0>, 'Connection to localhost timed out. (connect timeout=8)')
1                  GET /api/audio/levels: ConnectTimeoutError(<HTTPConnection(host='localhost', port=8080) at 0x7fea29873790>, 'Connection to localhost timed out. (connect timeout=8)')
1                  GET /api/audio/levels (during plugin swap): ConnectTimeoutError(<HTTPConnection(host='localhost', port=8080) at 0x7fea29871590>, 'Connection to localhost timed out. (connect timeout=8)')
1                  GET /api/audio/latency: ConnectTimeoutError(<HTTPConnection(host='localhost', port=8080) at 0x7fea298abbd0>, 'Connection to localhost timed out. (connect timeout=8)')
1                  GET /api/plugins/discover: HTTPConnectionPool(host='localhost', port=8080): Max retries exceeded with url: /api/plugins/discover (Caused by ConnectTimeoutError(<HTTPConnection(host='localhost', port=8080) at 0x7fea29811ae0>, 'Connection to localhost timed out. (connect timeout=8)'))
1                  GET /api/chains/: HTTPConnectionPool(host='localhost', port=8080): Max retries exceeded with url: /api/chains/ (Caused by ConnectTimeoutError(<HTTPConnection(host='localhost', port=8080) at 0x7fea29810050>, 'Connection to localhost timed out. (connect timeout=8)'))
1                  GET /api/audio/levels: ConnectTimeoutError(<HTTPConnection(host='localhost', port=8080) at 0x7fea29e47020>, 'Connection to localhost timed out. (connect timeout=8)')
1                  GET /api/plugins/discover: HTTPConnectionPool(host='localhost', port=8080): Max retries exceeded with url: /api/plugins/discover (Caused by ConnectTimeoutError(<HTTPConnection(host='localhost', port=8080) at 0x7fea298a8380>, 'Connection to localhost timed out. (connect timeout=8)'))
1                  GET /api/plugins/discover: HTTPConnectionPool(host='localhost', port=8080): Max retries exceeded with url: /api/plugins/discover (Caused by ConnectTimeoutError(<HTTPConnection(host='localhost', port=8080) at 0x7fea298a89e0>, 'Connection to localhost timed out. (connect timeout=8)'))
1                  GET /api/chains/: HTTPConnectionPool(host='localhost', port=8080): Max retries exceeded with url: /api/chains/ (Caused by ConnectTimeoutError(<HTTPConnection(host='localhost', port=8080) at 0x7fea298aa580>, 'Connection to localhost timed out. (connect timeout=8)'))
1                  GET /api/audio/status: ConnectTimeoutError(<HTTPConnection(host='localhost', port=8080) at 0x7fea283b6360>, 'Connection to localhost timed out. (connect timeout=8)')
1                  GET /api/audio/latency: ConnectTimeoutError(<HTTPConnection(host='localhost', port=8080) at 0x7fea29ef8c00>, 'Connection to localhost timed out. (connect timeout=8)')
1                  POST /api/plugins/load?uri: ConnectTimeoutError(<HTTPConnection(host='localhost', port=8080) at 0x7fea284067a0>, 'Connection to localhost timed out. (connect timeout=8)')
1                  GET /api/chains/: HTTPConnectionPool(host='localhost', port=8080): Max retries exceeded with url: /api/chains/ (Caused by ConnectTimeoutError(<HTTPConnection(host='localhost', port=8080) at 0x7fea2828c8d0>, 'Connection to localhost timed out. (connect timeout=8)'))
1                  GET /api/plugins/list: HTTPConnectionPool(host='localhost', port=8080): Max retries exceeded with url: /api/plugins/list (Caused by ConnectTimeoutError(<HTTPConnection(host='localhost', port=8080) at 0x7fea298ab130>, 'Connection to localhost timed out. (connect timeout=8)'))
1                  GET /api/audio/levels: ConnectTimeoutError(<HTTPConnection(host='localhost', port=8080) at 0x7fea298a98c0>, 'Connection to localhost timed out. (connect timeout=8)')
1                  GET /api/audio/latency: ConnectTimeoutError(<HTTPConnection(host='localhost', port=8080) at 0x7fea29eae690>, 'Connection to localhost timed out. (connect timeout=8)')
1                  GET /api/chains/: HTTPConnectionPool(host='localhost', port=8080): Max retries exceeded with url: /api/chains/ (Caused by ConnectTimeoutError(<HTTPConnection(host='localhost', port=8080) at 0x7fea29871150>, 'Connection to localhost timed out. (connect timeout=8)'))
1                  GET /api/audio/levels (during plugin swap): ConnectTimeoutError(<HTTPConnection(host='localhost', port=8080) at 0x7fea2828e690>, 'Connection to localhost timed out. (connect timeout=8)')
1                  GET /api/plugins/list: HTTPConnectionPool(host='localhost', port=8080): Max retries exceeded with url: /api/plugins/list (Caused by ConnectTimeoutError(<HTTPConnection(host='localhost', port=8080) at 0x7fea29e605a0>, 'Connection to localhost timed out. (connect timeout=8)'))
1                  POST /api/chains/{id}/deactivate: ConnectTimeoutError(<HTTPConnection(host='localhost', port=8080) at 0x7fea282b1370>, 'Connection to localhost timed out. (connect timeout=8)')
1                  GET /api/audio/levels/plugins: ConnectTimeoutError(<HTTPConnection(host='localhost', port=8080) at 0x7fea298aae00>, 'Connection to localhost timed out. (connect timeout=8)')
1                  GET /api/chains/: HTTPConnectionPool(host='localhost', port=8080): Max retries exceeded with url: /api/chains/ (Caused by ConnectTimeoutError(<HTTPConnection(host='localhost', port=8080) at 0x7fea29e62250>, 'Connection to localhost timed out. (connect timeout=8)'))
1                  GET /api/plugins/list: HTTPConnectionPool(host='localhost', port=8080): Max retries exceeded with url: /api/plugins/list (Caused by ConnectTimeoutError(<HTTPConnection(host='localhost', port=8080) at 0x7fea298a89e0>, 'Connection to localhost timed out. (connect timeout=8)'))
1                  GET /api/plugins/discover: HTTPConnectionPool(host='localhost', port=8080): Max retries exceeded with url: /api/plugins/discover (Caused by ConnectTimeoutError(<HTTPConnection(host='localhost', port=8080) at 0x7fea2828dae0>, 'Connection to localhost timed out. (connect timeout=8)'))
1                  GET /api/audio/latency: ConnectTimeoutError(<HTTPConnection(host='localhost', port=8080) at 0x7fea2828e8b0>, 'Connection to localhost timed out. (connect timeout=8)')
1                  GET /api/chains/: HTTPConnectionPool(host='localhost', port=8080): Max retries exceeded with url: /api/chains/ (Caused by ConnectTimeoutError(<HTTPConnection(host='localhost', port=8080) at 0x7fea282b19d0>, 'Connection to localhost timed out. (connect timeout=8)'))
1                  GET /api/plugins/list: HTTPConnectionPool(host='localhost', port=8080): Max retries exceeded with url: /api/plugins/list (Caused by ConnectTimeoutError(<HTTPConnection(host='localhost', port=8080) at 0x7fea2828df20>, 'Connection to localhost timed out. (connect timeout=8)'))
1                  GET /api/chains/: HTTPConnectionPool(host='localhost', port=8080): Max retries exceeded with url: /api/chains/ (Caused by ConnectTimeoutError(<HTTPConnection(host='localhost', port=8080) at 0x7fea29f16690>, 'Connection to localhost timed out. (connect timeout=8)'))
1                  GET /api/plugins/discover: HTTPConnectionPool(host='localhost', port=8080): Max retries exceeded with url: /api/plugins/discover (Caused by ConnectTimeoutError(<HTTPConnection(host='localhost', port=8080) at 0x7fea2830acf0>, 'Connection to localhost timed out. (connect timeout=8)'))
1                  GET /api/chains/{id}: ConnectTimeoutError(<HTTPConnection(host='localhost', port=8080) at 0x7fea282b05a0>, 'Connection to localhost timed out. (connect timeout=8)')
1                  POST /api/plugins/unload?uri: ConnectTimeoutError(<HTTPConnection(host='localhost', port=8080) at 0x7fea2b8fa140>, 'Connection to localhost timed out. (connect timeout=8)')
1                  GET /api/plugins/list: HTTPConnectionPool(host='localhost', port=8080): Max retries exceeded with url: /api/plugins/list (Caused by ConnectTimeoutError(<HTTPConnection(host='localhost', port=8080) at 0x7fea29931e10>, 'Connection to localhost timed out. (connect timeout=8)'))
1                  GET /api/plugins/discover: HTTPConnectionPool(host='localhost', port=8080): Max retries exceeded with url: /api/plugins/discover (Caused by ConnectTimeoutError(<HTTPConnection(host='localhost', port=8080) at 0x7fea29d98c00>, 'Connection to localhost timed out. (connect timeout=8)'))
1                  GET /api/audio/levels (during plugin swap): ConnectTimeoutError(<HTTPConnection(host='localhost', port=8080) at 0x7fea2828d8c0>, 'Connection to localhost timed out. (connect timeout=8)')
1                  GET /api/chains/: HTTPConnectionPool(host='localhost', port=8080): Max retries exceeded with url: /api/chains/ (Caused by ConnectTimeoutError(<HTTPConnection(host='localhost', port=8080) at 0x7fea29d55260>, 'Connection to localhost timed out. (connect timeout=8)'))
1                  GET /api/plugins/list: HTTPConnectionPool(host='localhost', port=8080): Max retries exceeded with url: /api/plugins/list (Caused by ConnectTimeoutError(<HTTPConnection(host='localhost', port=8080) at 0x7fea282b1040>, 'Connection to localhost timed out. (connect timeout=8)'))
1                  GET /api/plugins/discover: HTTPConnectionPool(host='localhost', port=8080): Max retries exceeded with url: /api/plugins/discover (Caused by ConnectTimeoutError(<HTTPConnection(host='localhost', port=8080) at 0x7fea282b07c0>, 'Connection to localhost timed out. (connect timeout=8)'))
1                  GET /api/plugins/list: HTTPConnectionPool(host='localhost', port=8080): Max retries exceeded with url: /api/plugins/list (Caused by ConnectTimeoutError(<HTTPConnection(host='localhost', port=8080) at 0x7fea28308160>, 'Connection to localhost timed out. (connect timeout=8)'))
1                  GET /api/audio/levels: ConnectTimeoutError(<HTTPConnection(host='localhost', port=8080) at 0x7fea2830a7a0>, 'Connection to localhost timed out. (connect timeout=8)')
1                  POST /api/chains/{id}/activate: ConnectTimeoutError(<HTTPConnection(host='localhost', port=8080) at 0x7fea281d0050>, 'Connection to localhost timed out. (connect timeout=8)')
1                  GET /api/plugins/discover: HTTPConnectionPool(host='localhost', port=8080): Max retries exceeded with url: /api/plugins/discover (Caused by ConnectTimeoutError(<HTTPConnection(host='localhost', port=8080) at 0x7fea29f17ce0>, 'Connection to localhost timed out. (connect timeout=8)'))
1                  GET /api/audio/levels: ConnectTimeoutError(<HTTPConnection(host='localhost', port=8080) at 0x7fea2830b020>, 'Connection to localhost timed out. (connect timeout=8)')
1                  GET /api/audio/levels: ConnectTimeoutError(<HTTPConnection(host='localhost', port=8080) at 0x7fea29d55480>, 'Connection to localhost timed out. (connect timeout=8)')
1                  GET /api/chains/: HTTPConnectionPool(host='localhost', port=8080): Max retries exceeded with url: /api/chains/ (Caused by ConnectTimeoutError(<HTTPConnection(host='localhost', port=8080) at 0x7fea2830ae00>, 'Connection to localhost timed out. (connect timeout=8)'))
2                  GET /api/plugins/list: HTTPConnectionPool(host='localhost', port=8080): Max retries exceeded with url: /api/plugins/list (Caused by ConnectTimeoutError(<HTTPConnection(host='localhost', port=8080) at 0x7fea28309260>, 'Connection to localhost timed out. (connect timeout=8)'))
1                  GET /api/plugins/discover: HTTPConnectionPool(host='localhost', port=8080): Max retries exceeded with url: /api/plugins/discover (Caused by ConnectTimeoutError(<HTTPConnection(host='localhost', port=8080) at 0x7fea283096a0>, 'Connection to localhost timed out. (connect timeout=8)'))
1                  GET /api/chains/: HTTPConnectionPool(host='localhost', port=8080): Max retries exceeded with url: /api/chains/ (Caused by ConnectTimeoutError(<HTTPConnection(host='localhost', port=8080) at 0x7fea2830af10>, 'Connection to localhost timed out. (connect timeout=8)'))
1                  GET /api/plugins/discover: HTTPConnectionPool(host='localhost', port=8080): Max retries exceeded with url: /api/plugins/discover (Caused by ConnectTimeoutError(<HTTPConnection(host='localhost', port=8080) at 0x7fea283087c0>, 'Connection to localhost timed out. (connect timeout=8)'))
1                  GET /api/audio/latency: ConnectTimeoutError(<HTTPConnection(host='localhost', port=8080) at 0x7fea281d1e10>, 'Connection to localhost timed out. (connect timeout=8)')
1                  GET /api/audio/status: ConnectTimeoutError(<HTTPConnection(host='localhost', port=8080) at 0x7fea281d28b0>, 'Connection to localhost timed out. (connect timeout=8)')
1                  GET /api/audio/latency: ConnectTimeoutError(<HTTPConnection(host='localhost', port=8080) at 0x7fea284fef10>, 'Connection to localhost timed out. (connect timeout=8)')
1                  GET /api/audio/levels: ConnectTimeoutError(<HTTPConnection(host='localhost', port=8080) at 0x7fea281d1590>, 'Connection to localhost timed out. (connect timeout=8)')
1                  GET /api/audio/latency: ConnectTimeoutError(<HTTPConnection(host='localhost', port=8080) at 0x7fea29f16140>, 'Connection to localhost timed out. (connect timeout=8)')
1                  GET /api/plugins/list: HTTPConnectionPool(host='localhost', port=8080): Max retries exceeded with url: /api/plugins/list (Caused by ConnectTimeoutError(<HTTPConnection(host='localhost', port=8080) at 0x7fea29ef9bf0>, 'Connection to localhost timed out. (connect timeout=8)'))
1                  GET /api/plugins/discover: HTTPConnectionPool(host='localhost', port=8080): Max retries exceeded with url: /api/plugins/discover (Caused by ConnectTimeoutError(<HTTPConnection(host='localhost', port=8080) at 0x7fea281d0e20>, 'Connection to localhost timed out. (connect timeout=8)'))
1                  GET /api/audio/levels: ConnectTimeoutError(<HTTPConnection(host='localhost', port=8080) at 0x7fea281d07c0>, 'Connection to localhost timed out. (connect timeout=8)')
1                  GET /api/plugins/list: HTTPConnectionPool(host='localhost', port=8080): Max retries exceeded with url: /api/plugins/list (Caused by ConnectTimeoutError(<HTTPConnection(host='localhost', port=8080) at 0x7fea281d3bd0>, 'Connection to localhost timed out. (connect timeout=8)'))
1                  GET /api/chains/: HTTPConnectionPool(host='localhost', port=8080): Max retries exceeded with url: /api/chains/ (Caused by ConnectTimeoutError(<HTTPConnection(host='localhost', port=8080) at 0x7fea281d3570>, 'Connection to localhost timed out. (connect timeout=8)'))
1                  GET /api/audio/levels: ConnectTimeoutError(<HTTPConnection(host='localhost', port=8080) at 0x7fea28308f30>, 'Connection to localhost timed out. (connect timeout=8)')
1                  POST /api/chains/{id}/deactivate: ConnectTimeoutError(<HTTPConnection(host='localhost', port=8080) at 0x7fea281e6cf0>, 'Connection to localhost timed out. (connect timeout=8)')
1                  GET /api/audio/latency: ConnectTimeoutError(<HTTPConnection(host='localhost', port=8080) at 0x7fea283b5260>, 'Connection to localhost timed out. (connect timeout=8)')
1                  GET /api/audio/levels: ConnectTimeoutError(<HTTPConnection(host='localhost', port=8080) at 0x7fea298a9370>, 'Connection to localhost timed out. (connect timeout=8)')
1                  GET /api/audio/levels: ConnectTimeoutError(<HTTPConnection(host='localhost', port=8080) at 0x7fea29e45e10>, 'Connection to localhost timed out. (connect timeout=8)')
1                  GET /api/plugins/discover: HTTPConnectionPool(host='localhost', port=8080): Max retries exceeded with url: /api/plugins/discover (Caused by ConnectTimeoutError(<HTTPConnection(host='localhost', port=8080) at 0x7fea281e59d0>, 'Connection to localhost timed out. (connect timeout=8)'))
1                  GET /api/chains/: HTTPConnectionPool(host='localhost', port=8080): Max retries exceeded with url: /api/chains/ (Caused by ConnectTimeoutError(<HTTPConnection(host='localhost', port=8080) at 0x7fea281e6030>, 'Connection to localhost timed out. (connect timeout=8)'))
1                  GET /api/audio/latency: ConnectTimeoutError(<HTTPConnection(host='localhost', port=8080) at 0x7fea29e63bd0>, 'Connection to localhost timed out. (connect timeout=8)')
1                  GET /api/plugins/discover: HTTPConnectionPool(host='localhost', port=8080): Max retries exceeded with url: /api/plugins/discover (Caused by ConnectTimeoutError(<HTTPConnection(host='localhost', port=8080) at 0x7fea281e67a0>, 'Connection to localhost timed out. (connect timeout=8)'))
1                  GET /api/audio/latency: ConnectTimeoutError(<HTTPConnection(host='localhost', port=8080) at 0x7fea2805cc00>, 'Connection to localhost timed out. (connect timeout=8)')
1                  GET /api/audio/levels: ConnectTimeoutError(<HTTPConnection(host='localhost', port=8080) at 0x7fea2805df20>, 'Connection to localhost timed out. (connect timeout=8)')
1                  GET /api/audio/levels: ConnectTimeoutError(<HTTPConnection(host='localhost', port=8080) at 0x7fea283b4af0>, 'Connection to localhost timed out. (connect timeout=8)')
1                  GET /api/audio/latency: ConnectTimeoutError(<HTTPConnection(host='localhost', port=8080) at 0x7fea29efa580>, 'Connection to localhost timed out. (connect timeout=8)')
1                  GET /api/audio/latency: ConnectTimeoutError(<HTTPConnection(host='localhost', port=8080) at 0x7fea2805c5a0>, 'Connection to localhost timed out. (connect timeout=8)')
1                  GET /api/plugins/list: HTTPConnectionPool(host='localhost', port=8080): Max retries exceeded with url: /api/plugins/list (Caused by ConnectTimeoutError(<HTTPConnection(host='localhost', port=8080) at 0x7fea2805e470>, 'Connection to localhost timed out. (connect timeout=8)'))
1                  GET /api/audio/levels (during plugin swap): ConnectTimeoutError(<HTTPConnection(host='localhost', port=8080) at 0x7fea2805d8c0>, 'Connection to localhost timed out. (connect timeout=8)')
1                  GET /api/audio/levels: ConnectTimeoutError(<HTTPConnection(host='localhost', port=8080) at 0x7fea29eae7a0>, 'Connection to localhost timed out. (connect timeout=8)')
1                  GET /api/audio/levels: ConnectTimeoutError(<HTTPConnection(host='localhost', port=8080) at 0x7fea2805f460>, 'Connection to localhost timed out. (connect timeout=8)')
1                  GET /api/plugins/discover: HTTPConnectionPool(host='localhost', port=8080): Max retries exceeded with url: /api/plugins/discover (Caused by ConnectTimeoutError(<HTTPConnection(host='localhost', port=8080) at 0x7fea2805d040>, 'Connection to localhost timed out. (connect timeout=8)'))
1                  GET /api/audio/levels: ConnectTimeoutError(<HTTPConnection(host='localhost', port=8080) at 0x7fea280bb130>, 'Connection to localhost timed out. (connect timeout=8)')
1                  GET /api/audio/latency: ConnectTimeoutError(<HTTPConnection(host='localhost', port=8080) at 0x7fea28405d00>, 'Connection to localhost timed out. (connect timeout=8)')
1                  GET /api/audio/latency: ConnectTimeoutError(<HTTPConnection(host='localhost', port=8080) at 0x7fea280bb240>, 'Connection to localhost timed out. (connect timeout=8)')
1                  GET /api/chains/{id}: ConnectTimeoutError(<HTTPConnection(host='localhost', port=8080) at 0x7fea280b85a0>, 'Connection to localhost timed out. (connect timeout=8)')
1                  GET /api/audio/levels (during plugin swap): ConnectTimeoutError(<HTTPConnection(host='localhost', port=8080) at 0x7fea2813cc00>, 'Connection to localhost timed out. (connect timeout=8)')
1                  GET /api/plugins/discover: HTTPConnectionPool(host='localhost', port=8080): Max retries exceeded with url: /api/plugins/discover (Caused by ConnectTimeoutError(<HTTPConnection(host='localhost', port=8080) at 0x7fea280b9370>, 'Connection to localhost timed out. (connect timeout=8)'))
1                  GET /api/chains/: HTTPConnectionPool(host='localhost', port=8080): Max retries exceeded with url: /api/chains/ (Caused by ConnectTimeoutError(<HTTPConnection(host='localhost', port=8080) at 0x7fea2813d8c0>, 'Connection to localhost timed out. (connect timeout=8)'))
1                  GET /api/audio/latency: ConnectTimeoutError(<HTTPConnection(host='localhost', port=8080) at 0x7fea2b79bbd0>, 'Connection to localhost timed out. (connect timeout=8)')
1                  GET /api/audio/latency: ConnectTimeoutError(<HTTPConnection(host='localhost', port=8080) at 0x7fea280bae00>, 'Connection to localhost timed out. (connect timeout=8)')
1                  GET /api/chains/: HTTPConnectionPool(host='localhost', port=8080): Max retries exceeded with url: /api/chains/ (Caused by ConnectTimeoutError(<HTTPConnection(host='localhost', port=8080) at 0x7fea280b9ae0>, 'Connection to localhost timed out. (connect timeout=8)'))
1                  GET /api/audio/latency: ConnectTimeoutError(<HTTPConnection(host='localhost', port=8080) at 0x7fea2813c160>, 'Connection to localhost timed out. (connect timeout=8)')
1                  GET /api/chains/: HTTPConnectionPool(host='localhost', port=8080): Max retries exceeded with url: /api/chains/ (Caused by ConnectTimeoutError(<HTTPConnection(host='localhost', port=8080) at 0x7fea282b16a0>, 'Connection to localhost timed out. (connect timeout=8)'))
1                  GET /api/chains/: HTTPConnectionPool(host='localhost', port=8080): Max retries exceeded with url: /api/chains/ (Caused by ConnectTimeoutError(<HTTPConnection(host='localhost', port=8080) at 0x7fea2828e470>, 'Connection to localhost timed out. (connect timeout=8)'))
1                  POST /api/chains/{id}/activate: ConnectTimeoutError(<HTTPConnection(host='localhost', port=8080) at 0x7fea281e6580>, 'Connection to localhost timed out. (connect timeout=8)')
1                  GET /api/chains/: HTTPConnectionPool(host='localhost', port=8080): Max retries exceeded with url: /api/chains/ (Caused by ConnectTimeoutError(<HTTPConnection(host='localhost', port=8080) at 0x7fea1173cf30>, 'Connection to localhost timed out. (connect timeout=8)'))
1                  GET /api/plugins/list: HTTPConnectionPool(host='localhost', port=8080): Max retries exceeded with url: /api/plugins/list (Caused by ConnectTimeoutError(<HTTPConnection(host='localhost', port=8080) at 0x7fea2813de10>, 'Connection to localhost timed out. (connect timeout=8)'))
1                  GET /api/chains/: HTTPConnectionPool(host='localhost', port=8080): Max retries exceeded with url: /api/chains/ (Caused by ConnectTimeoutError(<HTTPConnection(host='localhost', port=8080) at 0x7fea2813d6a0>, 'Connection to localhost timed out. (connect timeout=8)'))
1                  GET /api/audio/levels (during plugin swap): ConnectTimeoutError(<HTTPConnection(host='localhost', port=8080) at 0x7fea281d2140>, 'Connection to localhost timed out. (connect timeout=8)')
1                  GET /api/audio/levels: ConnectTimeoutError(<HTTPConnection(host='localhost', port=8080) at 0x7fea1173c6b0>, 'Connection to localhost timed out. (connect timeout=8)')
1                  GET /api/plugins/list: HTTPConnectionPool(host='localhost', port=8080): Max retries exceeded with url: /api/plugins/list (Caused by ConnectTimeoutError(<HTTPConnection(host='localhost', port=8080) at 0x7fea2813ee00>, 'Connection to localhost timed out. (connect timeout=8)'))
1                  GET /api/chains/: HTTPConnectionPool(host='localhost', port=8080): Max retries exceeded with url: /api/chains/ (Caused by ConnectTimeoutError(<HTTPConnection(host='localhost', port=8080) at 0x7fea1173de10>, 'Connection to localhost timed out. (connect timeout=8)'))
1                  GET /api/plugins/list: HTTPConnectionPool(host='localhost', port=8080): Max retries exceeded with url: /api/plugins/list (Caused by ConnectTimeoutError(<HTTPConnection(host='localhost', port=8080) at 0x7fea1173c270>, 'Connection to localhost timed out. (connect timeout=8)'))
1                  GET /api/plugins/list: HTTPConnectionPool(host='localhost', port=8080): Max retries exceeded with url: /api/plugins/list (Caused by ConnectTimeoutError(<HTTPConnection(host='localhost', port=8080) at 0x7fea282b29c0>, 'Connection to localhost timed out. (connect timeout=8)'))
1                  GET /api/audio/status: ConnectTimeoutError(<HTTPConnection(host='localhost', port=8080) at 0x7fea1173ecf0>, 'Connection to localhost timed out. (connect timeout=8)')
1                  GET /api/plugins/list: HTTPConnectionPool(host='localhost', port=8080): Max retries exceeded with url: /api/plugins/list (Caused by ConnectTimeoutError(<HTTPConnection(host='localhost', port=8080) at 0x7fea1173d480>, 'Connection to localhost timed out. (connect timeout=8)'))
1                  GET /api/plugins/discover: HTTPConnectionPool(host='localhost', port=8080): Max retries exceeded with url: /api/plugins/discover (Caused by ConnectTimeoutError(<HTTPConnection(host='localhost', port=8080) at 0x7fea1173dae0>, 'Connection to localhost timed out. (connect timeout=8)'))
1                  GET /api/plugins/list: HTTPConnectionPool(host='localhost', port=8080): Max retries exceeded with url: /api/plugins/list (Caused by ConnectTimeoutError(<HTTPConnection(host='localhost', port=8080) at 0x7fea29b30e20>, 'Connection to localhost timed out. (connect timeout=8)'))
1                  GET /api/chains/: HTTPConnectionPool(host='localhost', port=8080): Max retries exceeded with url: /api/chains/ (Caused by ConnectTimeoutError(<HTTPConnection(host='localhost', port=8080) at 0x7fea117786b0>, 'Connection to localhost timed out. (connect timeout=8)'))
1                  GET /api/audio/latency: ConnectTimeoutError(<HTTPConnection(host='localhost', port=8080) at 0x7fea1177abe0>, 'Connection to localhost timed out. (connect timeout=8)')
1                  GET /api/plugins/discover: HTTPConnectionPool(host='localhost', port=8080): Max retries exceeded with url: /api/plugins/discover (Caused by ConnectTimeoutError(<HTTPConnection(host='localhost', port=8080) at 0x7fea1173f570>, 'Connection to localhost timed out. (connect timeout=8)'))
1                  GET /api/plugins/list: HTTPConnectionPool(host='localhost', port=8080): Max retries exceeded with url: /api/plugins/list (Caused by ConnectTimeoutError(<HTTPConnection(host='localhost', port=8080) at 0x7fea1173e360>, 'Connection to localhost timed out. (connect timeout=8)'))
1                  GET /api/plugins/discover: HTTPConnectionPool(host='localhost', port=8080): Max retries exceeded with url: /api/plugins/discover (Caused by ConnectTimeoutError(<HTTPConnection(host='localhost', port=8080) at 0x7fea1173caf0>, 'Connection to localhost timed out. (connect timeout=8)'))
1                  GET /api/plugins/discover: HTTPConnectionPool(host='localhost', port=8080): Max retries exceeded with url: /api/plugins/discover (Caused by ConnectTimeoutError(<HTTPConnection(host='localhost', port=8080) at 0x7fea298aacf0>, 'Connection to localhost timed out. (connect timeout=8)'))
1                  POST /api/chains/{id}/deactivate: ConnectTimeoutError(<HTTPConnection(host='localhost', port=8080) at 0x7fea11604c00>, 'Connection to localhost timed out. (connect timeout=8)')
1                  GET /api/plugins/discover: HTTPConnectionPool(host='localhost', port=8080): Max retries exceeded with url: /api/plugins/discover (Caused by ConnectTimeoutError(<HTTPConnection(host='localhost', port=8080) at 0x7fea11779480>, 'Connection to localhost timed out. (connect timeout=8)'))
1                  GET /api/plugins/discover: HTTPConnectionPool(host='localhost', port=8080): Max retries exceeded with url: /api/plugins/discover (Caused by ConnectTimeoutError(<HTTPConnection(host='localhost', port=8080) at 0x7fea11779150>, 'Connection to localhost timed out. (connect timeout=8)'))
1                  GET /api/audio/levels (during plugin swap): ConnectTimeoutError(<HTTPConnection(host='localhost', port=8080) at 0x7fea11778380>, 'Connection to localhost timed out. (connect timeout=8)')
1                  GET /api/plugins/list: HTTPConnectionPool(host='localhost', port=8080): Max retries exceeded with url: /api/plugins/list (Caused by ConnectTimeoutError(<HTTPConnection(host='localhost', port=8080) at 0x7fea1177a9c0>, 'Connection to localhost timed out. (connect timeout=8)'))
1                  GET /api/chains/: HTTPConnectionPool(host='localhost', port=8080): Max retries exceeded with url: /api/chains/ (Caused by ConnectTimeoutError(<HTTPConnection(host='localhost', port=8080) at 0x7fea29eadae0>, 'Connection to localhost timed out. (connect timeout=8)'))
1                  GET /api/audio/levels (during plugin swap): ConnectTimeoutError(<HTTPConnection(host='localhost', port=8080) at 0x7fea11779e10>, 'Connection to localhost timed out. (connect timeout=8)')
1                  GET /api/plugins/discover: HTTPConnectionPool(host='localhost', port=8080): Max retries exceeded with url: /api/plugins/discover (Caused by ConnectTimeoutError(<HTTPConnection(host='localhost', port=8080) at 0x7fea1177a030>, 'Connection to localhost timed out. (connect timeout=8)'))
1                  GET /api/chains/{id}: ConnectTimeoutError(<HTTPConnection(host='localhost', port=8080) at 0x7fea1177bbd0>, 'Connection to localhost timed out. (connect timeout=8)')
1                  GET /api/chains/: HTTPConnectionPool(host='localhost', port=8080): Max retries exceeded with url: /api/chains/ (Caused by ConnectTimeoutError(<HTTPConnection(host='localhost', port=8080) at 0x7fea29e618c0>, 'Connection to localhost timed out. (connect timeout=8)'))
1                  GET /api/audio/levels (during plugin swap): ConnectTimeoutError(<HTTPConnection(host='localhost', port=8080) at 0x7fea116049e0>, 'Connection to localhost timed out. (connect timeout=8)')
1                  GET /api/chains/: HTTPConnectionPool(host='localhost', port=8080): Max retries exceeded with url: /api/chains/ (Caused by ConnectTimeoutError(<HTTPConnection(host='localhost', port=8080) at 0x7fea116056a0>, 'Connection to localhost timed out. (connect timeout=8)'))
1                  GET /api/chains/: HTTPConnectionPool(host='localhost', port=8080): Max retries exceeded with url: /api/chains/ (Caused by ConnectTimeoutError(<HTTPConnection(host='localhost', port=8080) at 0x7fea2b8fa690>, 'Connection to localhost timed out. (connect timeout=8)'))
1                  GET /api/audio/levels: ConnectTimeoutError(<HTTPConnection(host='localhost', port=8080) at 0x7fea11605d00>, 'Connection to localhost timed out. (connect timeout=8)')
1                  GET /api/plugins/discover: HTTPConnectionPool(host='localhost', port=8080): Max retries exceeded with url: /api/plugins/discover (Caused by ConnectTimeoutError(<HTTPConnection(host='localhost', port=8080) at 0x7fea29cd2f10>, 'Connection to localhost timed out. (connect timeout=8)'))
1                  GET /api/plugins/list: HTTPConnectionPool(host='localhost', port=8080): Max retries exceeded with url: /api/plugins/list (Caused by ConnectTimeoutError(<HTTPConnection(host='localhost', port=8080) at 0x7fea29933ac0>, 'Connection to localhost timed out. (connect timeout=8)'))
1                  GET /api/chains/: HTTPConnectionPool(host='localhost', port=8080): Max retries exceeded with url: /api/chains/ (Caused by ConnectTimeoutError(<HTTPConnection(host='localhost', port=8080) at 0x7fea1165df20>, 'Connection to localhost timed out. (connect timeout=8)'))
------------------|---------------------------------------------------------------------------------------------------------------------------------------------

[load_test] started WS soak with target=100 clients
[load_test] WS summary: {
  "connected": 100.0,
  "drops": 9240.0,
  "samples": 994.0,
  "spread_mean_ms": 0.15735701608664057,
  "spread_p95_ms": 0.22440100110543426
}
[load_test] FAIL:
 - REST p95 8000.00ms exceeds 50.00ms
 - WS dropped connections = 9240 (expected 0)
