Timestamp,User Count,Type,Name,Requests/s,Failures/s,50%,66%,75%,80%,90%,95%,98%,99%,99.9%,99.99%,100%,Total Request Count,Total Failure Count,Total Median Response Time,Total Average Response Time,Total Min Response Time,Total Max Response Time,Total Average Content Size
1772905685,0,,Aggregated,0.000000,0.000000,N/A,N/A,N/A,N/A,N/A,N/A,N/A,N/A,N/A,N/A,N/A,0,0,0,0.0,0,0,0
1772905686,2,GET,/api/audio/levels (during plugin swap),0.000000,0.000000,0,0,0,0,0,0,0,0,0,0,0,1,0,8.182567999028834,8.182567999028834,8.182567999028834,8.182567999028834,73.0
1772905686,2,GET,/api/audio/status,0.000000,0.000000,0,0,0,0,0,0,0,0,0,0,0,2,0,2,39.32849949978845,1.8282780001754873,76.82872099940141,168.0
1772905686,2,GET,/api/chains/,0.000000,0.000000,0,0,0,0,0,0,0,0,0,0,0,3,0,140.0,154.11745833322735,129.64732900036324,195.8881480004493,1451.0
1772905686,2,GET,/api/chains/{id},0.000000,0.000000,0,0,0,0,0,0,0,0,0,0,0,2,0,30,103.44042050019198,29.748212999038515,177.13262800134544,331.0
1772905686,2,POST,/api/chains/{id}/activate,0.000000,0.000000,0,0,0,0,0,0,0,0,0,0,0,2,0,17,57.43410600007337,16.929167999478523,97.93904400066822,35.0
1772905686,2,POST,/api/chains/{id}/deactivate,0.000000,0.000000,0,0,0,0,0,0,0,0,0,0,0,2,0,6,203.91710649982997,5.503846999999951,402.33036599966,37.0
1772905686,2,GET,/api/plugins/discover,0.000000,0.000000,0,0,0,0,0,0,0,0,0,0,0,3,0,22,24.58575633257472,21.479439999893657,30.200145998605876,85406.33333333333
1772905686,2,GET,/api/plugins/list,0.000000,0.000000,0,0,0,0,0,0,0,0,0,0,0,3,0,7,11.004734333255328,4.723333000583807,21.34771999953955,23.0
1772905686,2,,Aggregated,0.000000,0.000000,0,0,0,0,0,0,0,0,0,0,0,18,0,22,76.97481555533159,1.8282780001754873,402.33036599966,14547.555555555555
1772905687,4,GET,/api/audio/levels (during plugin swap),0.000000,0.000000,0,0,0,0,0,0,0,0,0,0,0,1,0,8.182567999028834,8.182567999028834,8.182567999028834,8.182567999028834,73.0
1772905687,4,GET,/api/audio/status,0.000000,0.000000,2,2,2,2,2,2,2,2,2,2,2,2,0,2,39.32849949978845,1.8282780001754873,76.82872099940141,168.0
1772905687,4,GET,/api/chains/,0.000000,0.000000,140,140,200,200,200,200,200,200,200,200,200,3,0,140.0,154.11745833322735,129.64732900036324,195.8881480004493,1451.0
1772905687,4,GET,/api/chains/{id},0.000000,0.000000,180,180,180,180,180,180,180,180,180,180,180,2,0,30,103.44042050019198,29.748212999038515,177.13262800134544,331.0
1772905687,4,POST,/api/chains/{id}/activate,0.000000,0.000000,17,17,17,17,17,17,17,17,17,17,17,2,0,17,57.43410600007337,16.929167999478523,97.93904400066822,35.0
1772905687,4,POST,/api/chains/{id}/deactivate,0.000000,0.000000,0,0,0,0,0,0,0,0,0,0,0,2,0,6,203.91710649982997,5.503846999999951,402.33036599966,37.0
1772905687,4,GET,/api/plugins/discover,0.000000,0.000000,22,22,30,30,30,30,30,30,30,30,30,3,0,22,24.58575633257472,21.479439999893657,30.200145998605876,85406.33333333333
1772905687,4,GET,/api/plugins/list,0.000000,0.000000,7,7,21,21,21,21,21,21,21,21,21,3,0,7,11.004734333255328,4.723333000583807,21.34771999953955,23.0
1772905687,4,,Aggregated,0.000000,0.000000,17,17,180,180,400,400,400,400,400,400,400,18,0,22,76.97481555533159,1.8282780001754873,402.33036599966,14547.555555555555
1772905688,6,GET,/api/audio/levels (during plugin swap),0.000000,0.000000,8,8,8,8,8,8,8,8,8,8,8,1,0,8.182567999028834,8.182567999028834,8.182567999028834,8.182567999028834,73.0
1772905688,6,GET,/api/audio/status,0.000000,0.000000,2,2,2,2,2,2,2,2,2,2,2,2,0,2,39.32849949978845,1.8282780001754873,76.82872099940141,168.0
1772905688,6,GET,/api/chains/,0.000000,0.000000,140,140,200,200,200,200,200,200,200,200,200,3,0,140.0,154.11745833322735,129.64732900036324,195.8881480004493,1451.0
1772905688,6,GET,/api/chains/{id},0.000000,0.000000,180,180,180,180,180,180,180,180,180,180,180,2,0,30,103.44042050019198,29.748212999038515,177.13262800134544,331.0
1772905688,6,POST,/api/chains/{id}/activate,0.000000,0.000000,17,17,17,17,17,17,17,17,17,17,17,2,0,17,57.43410600007337,16.929167999478523,97.93904400066822,35.0
1772905688,6,POST,/api/chains/{id}/deactivate,0.000000,0.000000,400,400,400,400,400,400,400,400,400,400,400,2,0,6,203.91710649982997,5.503846999999951,402.33036599966,37.0
1772905688,6,GET,/api/plugins/discover,0.000000,0.000000,22,22,30,30,30,30,30,30,30,30,30,3,0,22,24.58575633257472,21.479439999893657,30.200145998605876,85406.33333333333
1772905688,6,GET,/api/plugins/list,0.000000,0.000000,7,7,21,21,21,21,21,21,21,21,21,3,0,7,11.004734333255328,4.723333000583807,21.34771999953955,23.0
1772905688,6,,Aggregated,0.000000,0.000000,17,17,180,180,400,400,400,400,400,400,400,18,0,22,76.97481555533159,1.8282780001754873,402.33036599966,14547.555555555555
1772905689,8,GET,/api/audio/levels (during plugin swap),0.000000,0.000000,8,8,8,8,8,8,8,8,8,8,8,1,0,8.182567999028834,8.182567999028834,8.182567999028834,8.182567999028834,73.0
1772905689,8,GET,/api/audio/status,0.000000,0.000000,2,2,2,2,2,2,2,2,2,2,2,2,0,2,39.32849949978845,1.8282780001754873,76.82872099940141,168.0
1772905689,8,GET,/api/chains/,0.000000,0.000000,140,140,200,200,200,200,200,200,200,200,200,3,0,140.0,154.11745833322735,129.64732900036324,195.8881480004493,1451.0
1772905689,8,GET,/api/chains/{id},0.000000,0.000000,180,180,180,180,180,180,180,180,180,180,180,2,0,30,103.44042050019198,29.748212999038515,177.13262800134544,331.0
1772905689,8,POST,/api/chains/{id}/activate,0.000000,0.000000,17,17,17,17,17,17,17,17,17,17,17,2,0,17,57.43410600007337,16.929167999478523,97.93904400066822,35.0
1772905689,8,POST,/api/chains/{id}/deactivate,0.000000,0.000000,400,400,400,400,400,400,400,400,400,400,400,2,0,6,203.91710649982997,5.503846999999951,402.33036599966,37.0
1772905689,8,GET,/api/plugins/discover,0.000000,0.000000,22,22,30,30,30,30,30,30,30,30,30,3,0,22,24.58575633257472,21.479439999893657,30.200145998605876,85406.33333333333
1772905689,8,GET,/api/plugins/list,0.000000,0.000000,7,7,21,21,21,21,21,21,21,21,21,3,0,7,11.004734333255328,4.723333000583807,21.34771999953955,23.0
1772905689,8,,Aggregated,0.000000,0.000000,17,17,180,180,400,400,400,400,400,400,400,18,0,22,76.97481555533159,1.8282780001754873,402.33036599966,14547.555555555555
1772905690,10,GET,/api/audio/levels (during plugin swap),0.000000,0.000000,8,8,8,8,8,8,8,8,8,8,8,1,0,8.182567999028834,8.182567999028834,8.182567999028834,8.182567999028834,73.0
1772905690,10,GET,/api/audio/status,0.000000,0.000000,2,2,2,2,2,2,2,2,2,2,2,2,0,2,39.32849949978845,1.8282780001754873,76.82872099940141,168.0
1772905690,10,GET,/api/chains/,0.000000,0.000000,140,140,200,200,200,200,200,200,200,200,200,3,0,140.0,154.11745833322735,129.64732900036324,195.8881480004493,1451.0
1772905690,10,GET,/api/chains/{id},0.000000,0.000000,180,180,180,180,180,180,180,180,180,180,180,2,0,30,103.44042050019198,29.748212999038515,177.13262800134544,331.0
1772905690,10,POST,/api/chains/{id}/activate,0.000000,0.000000,17,17,17,17,17,17,17,17,17,17,17,2,0,17,57.43410600007337,16.929167999478523,97.93904400066822,35.0
1772905690,10,POST,/api/chains/{id}/deactivate,0.000000,0.000000,400,400,400,400,400,400,400,400,400,400,400,2,0,6,203.91710649982997,5.503846999999951,402.33036599966,37.0
1772905690,10,GET,/api/plugins/discover,0.000000,0.000000,22,22,30,30,30,30,30,30,30,30,30,3,0,22,24.58575633257472,21.479439999893657,30.200145998605876,85406.33333333333
1772905690,10,GET,/api/plugins/list,0.000000,0.000000,7,7,21,21,21,21,21,21,21,21,21,3,0,7,11.004734333255328,4.723333000583807,21.34771999953955,23.0
1772905690,10,,Aggregated,0.000000,0.000000,17,17,180,180,400,400,400,400,400,400,400,18,0,22,76.97481555533159,1.8282780001754873,402.33036599966,14547.555555555555
1772905691,10,GET,/api/audio/levels (during plugin swap),0.000000,0.000000,8,8,8,8,8,8,8,8,8,8,8,1,0,8.182567999028834,8.182567999028834,8.182567999028834,8.182567999028834,73.0
1772905691,10,GET,/api/audio/status,0.000000,0.000000,2,2,2,2,2,2,2,2,2,2,2,2,0,2,39.32849949978845,1.8282780001754873,76.82872099940141,168.0
1772905691,10,GET,/api/chains/,0.000000,0.000000,140,140,200,200,200,200,200,200,200,200,200,3,0,140.0,154.11745833322735,129.64732900036324,195.8881480004493,1451.0
1772905691,10,GET,/api/chains/{id},0.000000,0.000000,180,180,180,180,180,180,180,180,180,180,180,2,0,30,103.44042050019198,29.748212999038515,177.13262800134544,331.0
1772905691,10,POST,/api/chains/{id}/activate,0.000000,0.000000,17,17,17,17,17,17,17,17,17,17,17,2,0,17,57.43410600007337,16.929167999478523,97.93904400066822,35.0
1772905691,10,POST,/api/chains/{id}/deactivate,0.000000,0.000000,400,400,400,400,400,400,400,400,400,400,400,2,0,6,203.91710649982997,5.503846999999951,402.33036599966,37.0
1772905691,10,GET,/api/plugins/discover,0.000000,0.000000,22,22,30,30,30,30,30,30,30,30,30,3,0,22,24.58575633257472,21.479439999893657,30.200145998605876,85406.33333333333
1772905691,10,GET,/api/plugins/list,0.000000,0.000000,7,7,21,21,21,21,21,21,21,21,21,3,0,7,11.004734333255328,4.723333000583807,21.34771999953955,23.0
1772905691,10,,Aggregated,0.000000,0.000000,17,17,180,180,400,400,400,400,400,400,400,18,0,22,76.97481555533159,1.8282780001754873,402.33036599966,14547.555555555555
1772905692,10,GET,/api/audio/levels (during plugin swap),0.000000,0.000000,8,8,8,8,8,8,8,8,8,8,8,1,0,8.182567999028834,8.182567999028834,8.182567999028834,8.182567999028834,73.0
1772905692,10,GET,/api/audio/status,0.000000,0.000000,2,2,2,2,2,2,2,2,2,2,2,2,0,2,39.32849949978845,1.8282780001754873,76.82872099940141,168.0
1772905692,10,GET,/api/chains/,0.000000,0.000000,140,140,200,200,200,200,200,200,200,200,200,3,0,140.0,154.11745833322735,129.64732900036324,195.8881480004493,1451.0
1772905692,10,GET,/api/chains/{id},0.000000,0.000000,180,180,180,180,180,180,180,180,180,180,180,2,0,30,103.44042050019198,29.748212999038515,177.13262800134544,331.0
1772905692,10,POST,/api/chains/{id}/activate,0.000000,0.000000,17,17,17,17,17,17,17,17,17,17,17,2,0,17,57.43410600007337,16.929167999478523,97.93904400066822,35.0
1772905692,10,POST,/api/chains/{id}/deactivate,0.000000,0.000000,400,400,400,400,400,400,400,400,400,400,400,2,0,6,203.91710649982997,5.503846999999951,402.33036599966,37.0
1772905692,10,GET,/api/plugins/discover,0.000000,0.000000,22,22,30,30,30,30,30,30,30,30,30,3,0,22,24.58575633257472,21.479439999893657,30.200145998605876,85406.33333333333
1772905692,10,GET,/api/plugins/list,0.000000,0.000000,7,7,21,21,21,21,21,21,21,21,21,3,0,7,11.004734333255328,4.723333000583807,21.34771999953955,23.0
1772905692,10,,Aggregated,0.000000,0.000000,17,17,180,180,400,400,400,400,400,400,400,18,0,22,76.97481555533159,1.8282780001754873,402.33036599966,14547.555555555555
1772905693,10,GET,/api/audio/levels (during plugin swap),0.000000,0.000000,8,8,8,8,8,8,8,8,8,8,8,1,0,8.182567999028834,8.182567999028834,8.182567999028834,8.182567999028834,73.0
1772905693,10,GET,/api/audio/status,0.000000,0.000000,2,2,2,2,2,2,2,2,2,2,2,2,0,2,39.32849949978845,1.8282780001754873,76.82872099940141,168.0
1772905693,10,GET,/api/chains/,0.000000,0.000000,140,140,200,200,200,200,200,200,200,200,200,3,0,140.0,154.11745833322735,129.64732900036324,195.8881480004493,1451.0
1772905693,10,GET,/api/chains/{id},0.000000,0.000000,180,180,180,180,180,180,180,180,180,180,180,2,0,30,103.44042050019198,29.748212999038515,177.13262800134544,331.0
1772905693,10,POST,/api/chains/{id}/activate,0.000000,0.000000,17,17,17,17,17,17,17,17,17,17,17,2,0,17,57.43410600007337,16.929167999478523,97.93904400066822,35.0
1772905693,10,POST,/api/chains/{id}/deactivate,0.000000,0.000000,400,400,400,400,400,400,400,400,400,400,400,2,0,6,203.91710649982997,5.503846999999951,402.33036599966,37.0
1772905693,10,GET,/api/plugins/discover,0.000000,0.000000,22,22,30,30,30,30,30,30,30,30,30,3,0,22,24.58575633257472,21.479439999893657,30.200145998605876,85406.33333333333
1772905693,10,GET,/api/plugins/list,0.000000,0.000000,7,7,21,21,21,21,21,21,21,21,21,3,0,7,11.004734333255328,4.723333000583807,21.34771999953955,23.0
1772905693,10,,Aggregated,0.000000,0.000000,17,17,180,180,400,400,400,400,400,400,400,18,0,22,76.97481555533159,1.8282780001754873,402.33036599966,14547.555555555555
1772905694,10,GET,/api/audio/levels (during plugin swap),0.000000,0.000000,8,8,8,8,8,8,8,8,8,8,8,1,0,8.182567999028834,8.182567999028834,8.182567999028834,8.182567999028834,73.0
1772905694,10,GET,/api/audio/status,0.000000,0.000000,2,2,2,2,2,2,2,2,2,2,2,2,0,2,39.32849949978845,1.8282780001754873,76.82872099940141,168.0
1772905694,10,GET,/api/chains/,0.000000,0.000000,140,140,200,200,200,200,200,200,200,200,200,3,0,140.0,154.11745833322735,129.64732900036324,195.8881480004493,1451.0
1772905694,10,GET,/api/chains/{id},0.000000,0.000000,180,180,180,180,180,180,180,180,180,180,180,2,0,30,103.44042050019198,29.748212999038515,177.13262800134544,331.0
1772905694,10,POST,/api/chains/{id}/activate,0.000000,0.000000,17,17,17,17,17,17,17,17,17,17,17,2,0,17,57.43410600007337,16.929167999478523,97.93904400066822,35.0
1772905694,10,POST,/api/chains/{id}/deactivate,0.000000,0.000000,400,400,400,400,400,400,400,400,400,400,400,2,0,6,203.91710649982997,5.503846999999951,402.33036599966,37.0
1772905694,10,GET,/api/plugins/discover,0.000000,0.000000,22,22,30,30,30,30,30,30,30,30,30,3,0,22,24.58575633257472,21.479439999893657,30.200145998605876,85406.33333333333
1772905694,10,GET,/api/plugins/list,0.000000,0.000000,7,7,21,21,21,21,21,21,21,21,21,3,0,7,11.004734333255328,4.723333000583807,21.34771999953955,23.0
1772905694,10,,Aggregated,0.000000,0.000000,17,17,180,180,400,400,400,400,400,400,400,18,0,22,76.97481555533159,1.8282780001754873,402.33036599966,14547.555555555555
1772905695,10,GET,/api/audio/levels (during plugin swap),0.000000,0.000000,8,8,8,8,8,8,8,8,8,8,8,1,0,8.182567999028834,8.182567999028834,8.182567999028834,8.182567999028834,73.0
1772905695,10,GET,/api/audio/status,0.000000,0.000000,2,2,2,2,2,2,2,2,2,2,2,2,0,2,39.32849949978845,1.8282780001754873,76.82872099940141,168.0
1772905695,10,GET,/api/chains/,0.000000,0.000000,140,140,200,200,200,200,200,200,200,200,200,3,0,140.0,154.11745833322735,129.64732900036324,195.8881480004493,1451.0
1772905695,10,GET,/api/chains/{id},0.000000,0.000000,180,180,180,180,180,180,180,180,180,180,180,2,0,30,103.44042050019198,29.748212999038515,177.13262800134544,331.0
1772905695,10,POST,/api/chains/{id}/activate,0.000000,0.000000,17,17,17,17,17,17,17,17,17,17,17,2,0,17,57.43410600007337,16.929167999478523,97.93904400066822,35.0
1772905695,10,POST,/api/chains/{id}/deactivate,0.000000,0.000000,400,400,400,400,400,400,400,400,400,400,400,2,0,6,203.91710649982997,5.503846999999951,402.33036599966,37.0
1772905695,10,GET,/api/plugins/discover,0.000000,0.000000,22,22,30,30,30,30,30,30,30,30,30,3,0,22,24.58575633257472,21.479439999893657,30.200145998605876,85406.33333333333
1772905695,10,GET,/api/plugins/list,0.000000,0.000000,7,7,21,21,21,21,21,21,21,21,21,3,0,7,11.004734333255328,4.723333000583807,21.34771999953955,23.0
1772905695,10,,Aggregated,0.000000,0.000000,17,17,180,180,400,400,400,400,400,400,400,18,0,22,76.97481555533159,1.8282780001754873,402.33036599966,14547.555555555555
1772905696,10,GET,/api/audio/levels (during plugin swap),0.000000,0.000000,8,8,8,8,8,8,8,8,8,8,8,1,0,8.182567999028834,8.182567999028834,8.182567999028834,8.182567999028834,73.0
1772905696,10,GET,/api/audio/status,0.000000,0.000000,2,2,2,2,2,2,2,2,2,2,2,2,0,2,39.32849949978845,1.8282780001754873,76.82872099940141,168.0
1772905696,10,GET,/api/chains/,0.000000,0.000000,140,140,200,200,200,200,200,200,200,200,200,3,0,140.0,154.11745833322735,129.64732900036324,195.8881480004493,1451.0
1772905696,10,GET,/api/chains/{id},0.000000,0.000000,180,180,180,180,180,180,180,180,180,180,180,2,0,30,103.44042050019198,29.748212999038515,177.13262800134544,331.0
1772905696,10,POST,/api/chains/{id}/activate,0.000000,0.000000,17,17,17,17,17,17,17,17,17,17,17,2,0,17,57.43410600007337,16.929167999478523,97.93904400066822,35.0
1772905696,10,POST,/api/chains/{id}/deactivate,0.000000,0.000000,400,400,400,400,400,400,400,400,400,400,400,2,0,6,203.91710649982997,5.503846999999951,402.33036599966,37.0
1772905696,10,GET,/api/plugins/discover,0.000000,0.000000,22,22,30,30,30,30,30,30,30,30,30,3,0,22,24.58575633257472,21.479439999893657,30.200145998605876,85406.33333333333
1772905696,10,GET,/api/plugins/list,0.000000,0.000000,7,7,21,21,21,21,21,21,21,21,21,3,0,7,11.004734333255328,4.723333000583807,21.34771999953955,23.0
1772905696,10,,Aggregated,0.000000,0.000000,17,17,180,180,400,400,400,400,400,400,400,18,0,22,76.97481555533159,1.8282780001754873,402.33036599966,14547.555555555555
1772905697,10,GET,/api/audio/levels (during plugin swap),0.000000,0.000000,8,8,8,8,8,8,8,8,8,8,8,1,0,8.182567999028834,8.182567999028834,8.182567999028834,8.182567999028834,73.0
1772905697,10,GET,/api/audio/status,0.000000,0.000000,2,2,2,2,2,2,2,2,2,2,2,2,0,2,39.32849949978845,1.8282780001754873,76.82872099940141,168.0
1772905697,10,GET,/api/chains/,0.000000,0.000000,140,140,200,200,200,200,200,200,200,200,200,3,0,140.0,154.11745833322735,129.64732900036324,195.8881480004493,1451.0
1772905697,10,GET,/api/chains/{id},0.000000,0.000000,180,180,180,180,180,180,180,180,180,180,180,2,0,30,103.44042050019198,29.748212999038515,177.13262800134544,331.0
1772905697,10,POST,/api/chains/{id}/activate,0.000000,0.000000,17,17,17,17,17,17,17,17,17,17,17,2,0,17,57.43410600007337,16.929167999478523,97.93904400066822,35.0
1772905697,10,POST,/api/chains/{id}/deactivate,0.000000,0.000000,400,400,400,400,400,400,400,400,400,400,400,2,0,6,203.91710649982997,5.503846999999951,402.33036599966,37.0
1772905697,10,GET,/api/plugins/discover,0.000000,0.000000,22,22,30,30,30,30,30,30,30,30,30,3,0,22,24.58575633257472,21.479439999893657,30.200145998605876,85406.33333333333
1772905697,10,GET,/api/plugins/list,0.000000,0.000000,7,7,21,21,21,21,21,21,21,21,21,3,0,7,11.004734333255328,4.723333000583807,21.34771999953955,23.0
1772905697,10,,Aggregated,0.000000,0.000000,17,17,180,180,400,400,400,400,400,400,400,18,0,22,76.97481555533159,1.8282780001754873,402.33036599966,14547.555555555555
1772905698,10,GET,/api/audio/levels (during plugin swap),0.000000,0.000000,8,8,8,8,8,8,8,8,8,8,8,1,0,8.182567999028834,8.182567999028834,8.182567999028834,8.182567999028834,73.0
1772905698,10,GET,/api/audio/status,0.000000,0.000000,2,2,2,2,2,2,2,2,2,2,2,2,0,2,39.32849949978845,1.8282780001754873,76.82872099940141,168.0
1772905698,10,GET,/api/chains/,0.000000,0.000000,140,140,200,200,200,200,200,200,200,200,200,3,0,140.0,154.11745833322735,129.64732900036324,195.8881480004493,1451.0
1772905698,10,GET,/api/chains/{id},0.000000,0.000000,180,180,180,180,180,180,180,180,180,180,180,2,0,30,103.44042050019198,29.748212999038515,177.13262800134544,331.0
1772905698,10,POST,/api/chains/{id}/activate,0.000000,0.000000,17,17,17,17,17,17,17,17,17,17,17,2,0,17,57.43410600007337,16.929167999478523,97.93904400066822,35.0
1772905698,10,POST,/api/chains/{id}/deactivate,0.000000,0.000000,400,400,400,400,400,400,400,400,400,400,400,2,0,6,203.91710649982997,5.503846999999951,402.33036599966,37.0
1772905698,10,GET,/api/plugins/discover,0.000000,0.000000,22,22,30,30,30,30,30,30,30,30,30,3,0,22,24.58575633257472,21.479439999893657,30.200145998605876,85406.33333333333
1772905698,10,GET,/api/plugins/list,0.000000,0.000000,7,7,21,21,21,21,21,21,21,21,21,3,0,7,11.004734333255328,4.723333000583807,21.34771999953955,23.0
1772905698,10,,Aggregated,0.000000,0.000000,17,17,180,180,400,400,400,400,400,400,400,18,0,22,76.97481555533159,1.8282780001754873,402.33036599966,14547.555555555555
1772905699,10,GET,/api/audio/levels (during plugin swap),0.000000,0.000000,8,8,8,8,8,8,8,8,8,8,8,1,0,8.182567999028834,8.182567999028834,8.182567999028834,8.182567999028834,73.0
1772905699,10,GET,/api/audio/status,0.000000,0.000000,2,2,2,2,2,2,2,2,2,2,2,2,0,2,39.32849949978845,1.8282780001754873,76.82872099940141,168.0
1772905699,10,GET,/api/chains/,0.000000,0.000000,140,140,200,200,200,200,200,200,200,200,200,3,0,140.0,154.11745833322735,129.64732900036324,195.8881480004493,1451.0
1772905699,10,GET,/api/chains/{id},0.000000,0.000000,180,180,180,180,180,180,180,180,180,180,180,2,0,30,103.44042050019198,29.748212999038515,177.13262800134544,331.0
1772905699,10,POST,/api/chains/{id}/activate,0.000000,0.000000,17,17,17,17,17,17,17,17,17,17,17,2,0,17,57.43410600007337,16.929167999478523,97.93904400066822,35.0
1772905699,10,POST,/api/chains/{id}/deactivate,0.000000,0.000000,400,400,400,400,400,400,400,400,400,400,400,2,0,6,203.91710649982997,5.503846999999951,402.33036599966,37.0
1772905699,10,GET,/api/plugins/discover,0.000000,0.000000,22,22,30,30,30,30,30,30,30,30,30,3,0,22,24.58575633257472,21.479439999893657,30.200145998605876,85406.33333333333
1772905699,10,GET,/api/plugins/list,0.000000,0.000000,7,7,21,21,21,21,21,21,21,21,21,3,0,7,11.004734333255328,4.723333000583807,21.34771999953955,23.0
1772905699,10,,Aggregated,0.000000,0.000000,17,17,180,180,400,400,400,400,400,400,400,18,0,22,76.97481555533159,1.8282780001754873,402.33036599966,14547.555555555555
1772905700,10,GET,/api/audio/levels (during plugin swap),0.000000,0.000000,8,8,8,8,8,8,8,8,8,8,8,1,0,8.182567999028834,8.182567999028834,8.182567999028834,8.182567999028834,73.0
1772905700,10,GET,/api/audio/status,0.000000,0.000000,2,2,2,2,2,2,2,2,2,2,2,2,0,2,39.32849949978845,1.8282780001754873,76.82872099940141,168.0
1772905700,10,GET,/api/chains/,0.000000,0.000000,140,140,200,200,200,200,200,200,200,200,200,3,0,140.0,154.11745833322735,129.64732900036324,195.8881480004493,1451.0
1772905700,10,GET,/api/chains/{id},0.000000,0.000000,180,180,180,180,180,180,180,180,180,180,180,2,0,30,103.44042050019198,29.748212999038515,177.13262800134544,331.0
1772905700,10,POST,/api/chains/{id}/activate,0.000000,0.000000,17,17,17,17,17,17,17,17,17,17,17,2,0,17,57.43410600007337,16.929167999478523,97.93904400066822,35.0
1772905700,10,POST,/api/chains/{id}/deactivate,0.000000,0.000000,400,400,400,400,400,400,400,400,400,400,400,2,0,6,203.91710649982997,5.503846999999951,402.33036599966,37.0
1772905700,10,GET,/api/plugins/discover,0.000000,0.000000,22,22,30,30,30,30,30,30,30,30,30,3,0,22,24.58575633257472,21.479439999893657,30.200145998605876,85406.33333333333
1772905700,10,GET,/api/plugins/list,0.000000,0.000000,7,7,21,21,21,21,21,21,21,21,21,3,0,7,11.004734333255328,4.723333000583807,21.34771999953955,23.0
1772905700,10,,Aggregated,0.000000,0.000000,17,17,180,180,400,400,400,400,400,400,400,18,0,22,76.97481555533159,1.8282780001754873,402.33036599966,14547.555555555555
1772905701,10,GET,/api/audio/levels (during plugin swap),0.000000,0.000000,8,8,8,8,8,8,8,8,8,8,8,1,0,8.182567999028834,8.182567999028834,8.182567999028834,8.182567999028834,73.0
1772905701,10,GET,/api/audio/status,0.000000,0.000000,2,2,2,2,2,2,2,2,2,2,2,2,0,2,39.32849949978845,1.8282780001754873,76.82872099940141,168.0
1772905701,10,GET,/api/chains/,0.000000,0.000000,140,140,200,200,200,200,200,200,200,200,200,3,0,140.0,154.11745833322735,129.64732900036324,195.8881480004493,1451.0
1772905701,10,GET,/api/chains/{id},0.000000,0.000000,180,180,180,180,180,180,180,180,180,180,180,2,0,30,103.44042050019198,29.748212999038515,177.13262800134544,331.0
1772905701,10,POST,/api/chains/{id}/activate,0.000000,0.000000,17,17,17,17,17,17,17,17,17,17,17,2,0,17,57.43410600007337,16.929167999478523,97.93904400066822,35.0
1772905701,10,POST,/api/chains/{id}/deactivate,0.000000,0.000000,400,400,400,400,400,400,400,400,400,400,400,2,0,6,203.91710649982997,5.503846999999951,402.33036599966,37.0
1772905701,10,GET,/api/plugins/discover,0.000000,0.000000,22,22,30,30,30,30,30,30,30,30,30,3,0,22,24.58575633257472,21.479439999893657,30.200145998605876,85406.33333333333
1772905701,10,GET,/api/plugins/list,0.000000,0.000000,7,7,21,21,21,21,21,21,21,21,21,3,0,7,11.004734333255328,4.723333000583807,21.34771999953955,23.0
1772905701,10,,Aggregated,0.000000,0.000000,17,17,180,180,400,400,400,400,400,400,400,18,0,22,76.97481555533159,1.8282780001754873,402.33036599966,14547.555555555555
1772905702,10,GET,/api/audio/levels (during plugin swap),0.000000,0.000000,8,8,8,8,8,8,8,8,8,8,8,1,0,8.182567999028834,8.182567999028834,8.182567999028834,8.182567999028834,73.0
1772905702,10,GET,/api/audio/status,0.000000,0.000000,2,2,2,2,2,2,2,2,2,2,2,2,0,2,39.32849949978845,1.8282780001754873,76.82872099940141,168.0
1772905702,10,GET,/api/chains/,0.000000,0.000000,140,140,200,200,200,200,200,200,200,200,200,3,0,140.0,154.11745833322735,129.64732900036324,195.8881480004493,1451.0
1772905702,10,GET,/api/chains/{id},0.000000,0.000000,180,180,180,180,180,180,180,180,180,180,180,2,0,30,103.44042050019198,29.748212999038515,177.13262800134544,331.0
1772905702,10,POST,/api/chains/{id}/activate,0.000000,0.000000,17,17,17,17,17,17,17,17,17,17,17,2,0,17,57.43410600007337,16.929167999478523,97.93904400066822,35.0
1772905702,10,POST,/api/chains/{id}/deactivate,0.000000,0.000000,400,400,400,400,400,400,400,400,400,400,400,2,0,6,203.91710649982997,5.503846999999951,402.33036599966,37.0
1772905702,10,GET,/api/plugins/discover,0.000000,0.000000,22,22,30,30,30,30,30,30,30,30,30,3,0,22,24.58575633257472,21.479439999893657,30.200145998605876,85406.33333333333
1772905702,10,GET,/api/plugins/list,0.000000,0.000000,7,7,21,21,21,21,21,21,21,21,21,3,0,7,11.004734333255328,4.723333000583807,21.34771999953955,23.0
1772905702,10,,Aggregated,0.000000,0.000000,17,17,180,180,400,400,400,400,400,400,400,18,0,22,76.97481555533159,1.8282780001754873,402.33036599966,14547.555555555555
1772905703,10,GET,/api/audio/levels (during plugin swap),0.000000,0.000000,8,8,8,8,8,8,8,8,8,8,8,1,0,8.182567999028834,8.182567999028834,8.182567999028834,8.182567999028834,73.0
1772905703,10,GET,/api/audio/status,0.000000,0.000000,2,2,2,2,2,2,2,2,2,2,2,2,0,2,39.32849949978845,1.8282780001754873,76.82872099940141,168.0
1772905703,10,GET,/api/chains/,0.000000,0.000000,140,140,200,200,200,200,200,200,200,200,200,3,0,140.0,154.11745833322735,129.64732900036324,195.8881480004493,1451.0
1772905703,10,GET,/api/chains/{id},0.000000,0.000000,180,180,180,180,180,180,180,180,180,180,180,2,0,30,103.44042050019198,29.748212999038515,177.13262800134544,331.0
1772905703,10,POST,/api/chains/{id}/activate,0.000000,0.000000,17,17,17,17,17,17,17,17,17,17,17,2,0,17,57.43410600007337,16.929167999478523,97.93904400066822,35.0
1772905703,10,POST,/api/chains/{id}/deactivate,0.000000,0.000000,400,400,400,400,400,400,400,400,400,400,400,2,0,6,203.91710649982997,5.503846999999951,402.33036599966,37.0
1772905703,10,GET,/api/plugins/discover,0.000000,0.000000,22,22,30,30,30,30,30,30,30,30,30,3,0,22,24.58575633257472,21.479439999893657,30.200145998605876,85406.33333333333
1772905703,10,GET,/api/plugins/list,0.000000,0.000000,7,7,21,21,21,21,21,21,21,21,21,3,0,7,11.004734333255328,4.723333000583807,21.34771999953955,23.0
1772905703,10,,Aggregated,0.000000,0.000000,17,17,180,180,400,400,400,400,400,400,400,18,0,22,76.97481555533159,1.8282780001754873,402.33036599966,14547.555555555555
1772905704,10,GET,/api/audio/levels (during plugin swap),0.000000,0.000000,8,8,8,8,8,8,8,8,8,8,8,1,0,8.182567999028834,8.182567999028834,8.182567999028834,8.182567999028834,73.0
1772905704,10,GET,/api/audio/status,0.000000,0.000000,0,0,0,0,0,0,0,0,0,0,0,2,0,2,39.32849949978845,1.8282780001754873,76.82872099940141,168.0
1772905704,10,GET,/api/chains/,0.000000,0.000000,0,0,0,0,0,0,0,0,0,0,0,3,0,140.0,154.11745833322735,129.64732900036324,195.8881480004493,1451.0
1772905704,10,GET,/api/chains/{id},0.000000,0.000000,0,0,0,0,0,0,0,0,0,0,0,2,0,30,103.44042050019198,29.748212999038515,177.13262800134544,331.0
1772905704,10,POST,/api/chains/{id}/activate,0.000000,0.000000,0,0,0,0,0,0,0,0,0,0,0,2,0,17,57.43410600007337,16.929167999478523,97.93904400066822,35.0
1772905704,10,POST,/api/chains/{id}/deactivate,0.000000,0.000000,400,400,400,400,400,400,400,400,400,400,400,2,0,6,203.91710649982997,5.503846999999951,402.33036599966,37.0
1772905704,10,GET,/api/plugins/discover,0.000000,0.000000,0,0,0,0,0,0,0,0,0,0,0,3,0,22,24.58575633257472,21.479439999893657,30.200145998605876,85406.33333333333
1772905704,10,GET,/api/plugins/list,0.000000,0.000000,0,0,0,0,0,0,0,0,0,0,0,3,0,7,11.004734333255328,4.723333000583807,21.34771999953955,23.0
1772905704,10,,Aggregated,0.000000,0.000000,0,0,0,0,0,0,0,0,0,0,0,18,0,22,76.97481555533159,1.8282780001754873,402.33036599966,14547.555555555555
1772905705,10,GET,/api/audio/levels (during plugin swap),0.000000,0.000000,0,0,0,0,0,0,0,0,0,0,0,1,0,8.182567999028834,8.182567999028834,8.182567999028834,8.182567999028834,73.0
1772905705,10,GET,/api/audio/status,0.000000,0.000000,0,0,0,0,0,0,0,0,0,0,0,2,0,2,39.32849949978845,1.8282780001754873,76.82872099940141,168.0
1772905705,10,GET,/api/chains/,0.000000,0.000000,0,0,0,0,0,0,0,0,0,0,0,3,0,140.0,154.11745833322735,129.64732900036324,195.8881480004493,1451.0
1772905705,10,GET,/api/chains/{id},0.000000,0.000000,0,0,0,0,0,0,0,0,0,0,0,2,0,30,103.44042050019198,29.748212999038515,177.13262800134544,331.0
1772905705,10,POST,/api/chains/{id}/activate,0.000000,0.000000,0,0,0,0,0,0,0,0,0,0,0,2,0,17,57.43410600007337,16.929167999478523,97.93904400066822,35.0
1772905705,10,POST,/api/chains/{id}/deactivate,0.000000,0.000000,0,0,0,0,0,0,0,0,0,0,0,2,0,6,203.91710649982997,5.503846999999951,402.33036599966,37.0
1772905705,10,GET,/api/plugins/discover,0.000000,0.000000,0,0,0,0,0,0,0,0,0,0,0,3,0,22,24.58575633257472,21.479439999893657,30.200145998605876,85406.33333333333
1772905705,10,GET,/api/plugins/list,0.000000,0.000000,0,0,0,0,0,0,0,0,0,0,0,3,0,7,11.004734333255328,4.723333000583807,21.34771999953955,23.0
1772905705,10,,Aggregated,0.000000,0.000000,0,0,0,0,0,0,0,0,0,0,0,18,0,22,76.97481555533159,1.8282780001754873,402.33036599966,14547.555555555555
1772905706,10,GET,/api/audio/levels (during plugin swap),0.000000,0.000000,0,0,0,0,0,0,0,0,0,0,0,1,0,8.182567999028834,8.182567999028834,8.182567999028834,8.182567999028834,73.0
1772905706,10,GET,/api/audio/status,0.000000,0.000000,0,0,0,0,0,0,0,0,0,0,0,2,0,2,39.32849949978845,1.8282780001754873,76.82872099940141,168.0
1772905706,10,GET,/api/chains/,0.000000,0.000000,0,0,0,0,0,0,0,0,0,0,0,3,0,140.0,154.11745833322735,129.64732900036324,195.8881480004493,1451.0
1772905706,10,GET,/api/chains/{id},0.000000,0.000000,0,0,0,0,0,0,0,0,0,0,0,2,0,30,103.44042050019198,29.748212999038515,177.13262800134544,331.0
1772905706,10,POST,/api/chains/{id}/activate,0.000000,0.000000,0,0,0,0,0,0,0,0,0,0,0,2,0,17,57.43410600007337,16.929167999478523,97.93904400066822,35.0
1772905706,10,POST,/api/chains/{id}/deactivate,0.000000,0.000000,0,0,0,0,0,0,0,0,0,0,0,2,0,6,203.91710649982997,5.503846999999951,402.33036599966,37.0
1772905706,10,GET,/api/plugins/discover,0.000000,0.000000,0,0,0,0,0,0,0,0,0,0,0,3,0,22,24.58575633257472,21.479439999893657,30.200145998605876,85406.33333333333
1772905706,10,GET,/api/plugins/list,0.000000,0.000000,0,0,0,0,0,0,0,0,0,0,0,3,0,7,11.004734333255328,4.723333000583807,21.34771999953955,23.0
1772905706,10,,Aggregated,0.000000,0.000000,0,0,0,0,0,0,0,0,0,0,0,18,0,22,76.97481555533159,1.8282780001754873,402.33036599966,14547.555555555555
1772905707,10,GET,/api/audio/levels (during plugin swap),0.000000,0.000000,0,0,0,0,0,0,0,0,0,0,0,1,0,8.182567999028834,8.182567999028834,8.182567999028834,8.182567999028834,73.0
1772905707,10,GET,/api/audio/status,0.000000,0.000000,0,0,0,0,0,0,0,0,0,0,0,2,0,2,39.32849949978845,1.8282780001754873,76.82872099940141,168.0
1772905707,10,GET,/api/chains/,0.000000,0.000000,0,0,0,0,0,0,0,0,0,0,0,3,0,140.0,154.11745833322735,129.64732900036324,195.8881480004493,1451.0
1772905707,10,GET,/api/chains/{id},0.000000,0.000000,0,0,0,0,0,0,0,0,0,0,0,2,0,30,103.44042050019198,29.748212999038515,177.13262800134544,331.0
1772905707,10,POST,/api/chains/{id}/activate,0.000000,0.000000,0,0,0,0,0,0,0,0,0,0,0,2,0,17,57.43410600007337,16.929167999478523,97.93904400066822,35.0
1772905707,10,POST,/api/chains/{id}/deactivate,0.000000,0.000000,0,0,0,0,0,0,0,0,0,0,0,2,0,6,203.91710649982997,5.503846999999951,402.33036599966,37.0
1772905707,10,GET,/api/plugins/discover,0.000000,0.000000,0,0,0,0,0,0,0,0,0,0,0,3,0,22,24.58575633257472,21.479439999893657,30.200145998605876,85406.33333333333
1772905707,10,GET,/api/plugins/list,0.000000,0.000000,0,0,0,0,0,0,0,0,0,0,0,3,0,7,11.004734333255328,4.723333000583807,21.34771999953955,23.0
1772905707,10,,Aggregated,0.000000,0.000000,0,0,0,0,0,0,0,0,0,0,0,18,0,22,76.97481555533159,1.8282780001754873,402.33036599966,14547.555555555555
1772905708,10,GET,/api/audio/levels (during plugin swap),0.000000,0.000000,0,0,0,0,0,0,0,0,0,0,0,1,0,8.182567999028834,8.182567999028834,8.182567999028834,8.182567999028834,73.0
1772905708,10,GET,/api/audio/status,0.000000,0.000000,0,0,0,0,0,0,0,0,0,0,0,2,0,2,39.32849949978845,1.8282780001754873,76.82872099940141,168.0
1772905708,10,GET,/api/chains/,0.000000,0.000000,0,0,0,0,0,0,0,0,0,0,0,3,0,140.0,154.11745833322735,129.64732900036324,195.8881480004493,1451.0
1772905708,10,GET,/api/chains/{id},0.000000,0.000000,0,0,0,0,0,0,0,0,0,0,0,2,0,30,103.44042050019198,29.748212999038515,177.13262800134544,331.0
1772905708,10,POST,/api/chains/{id}/activate,0.000000,0.000000,0,0,0,0,0,0,0,0,0,0,0,2,0,17,57.43410600007337,16.929167999478523,97.93904400066822,35.0
1772905708,10,POST,/api/chains/{id}/deactivate,0.000000,0.000000,0,0,0,0,0,0,0,0,0,0,0,2,0,6,203.91710649982997,5.503846999999951,402.33036599966,37.0
1772905708,10,GET,/api/plugins/discover,0.000000,0.000000,0,0,0,0,0,0,0,0,0,0,0,3,0,22,24.58575633257472,21.479439999893657,30.200145998605876,85406.33333333333
1772905708,10,GET,/api/plugins/list,0.000000,0.000000,0,0,0,0,0,0,0,0,0,0,0,3,0,7,11.004734333255328,4.723333000583807,21.34771999953955,23.0
1772905708,10,,Aggregated,0.000000,0.000000,0,0,0,0,0,0,0,0,0,0,0,18,0,22,76.97481555533159,1.8282780001754873,402.33036599966,14547.555555555555
1772905709,10,GET,/api/audio/levels (during plugin swap),0.000000,0.000000,0,0,0,0,0,0,0,0,0,0,0,1,0,8.182567999028834,8.182567999028834,8.182567999028834,8.182567999028834,73.0
1772905709,10,GET,/api/audio/status,0.000000,0.000000,0,0,0,0,0,0,0,0,0,0,0,2,0,2,39.32849949978845,1.8282780001754873,76.82872099940141,168.0
1772905709,10,GET,/api/chains/,0.000000,0.000000,0,0,0,0,0,0,0,0,0,0,0,3,0,140.0,154.11745833322735,129.64732900036324,195.8881480004493,1451.0
1772905709,10,GET,/api/chains/{id},0.000000,0.000000,0,0,0,0,0,0,0,0,0,0,0,2,0,30,103.44042050019198,29.748212999038515,177.13262800134544,331.0
1772905709,10,POST,/api/chains/{id}/activate,0.000000,0.000000,0,0,0,0,0,0,0,0,0,0,0,2,0,17,57.43410600007337,16.929167999478523,97.93904400066822,35.0
1772905709,10,POST,/api/chains/{id}/deactivate,0.000000,0.000000,0,0,0,0,0,0,0,0,0,0,0,2,0,6,203.91710649982997,5.503846999999951,402.33036599966,37.0
1772905709,10,GET,/api/plugins/discover,0.000000,0.000000,0,0,0,0,0,0,0,0,0,0,0,3,0,22,24.58575633257472,21.479439999893657,30.200145998605876,85406.33333333333
1772905709,10,GET,/api/plugins/list,0.000000,0.000000,0,0,0,0,0,0,0,0,0,0,0,3,0,7,11.004734333255328,4.723333000583807,21.34771999953955,23.0
1772905709,10,,Aggregated,0.000000,0.000000,0,0,0,0,0,0,0,0,0,0,0,18,0,22,76.97481555533159,1.8282780001754873,402.33036599966,14547.555555555555
1772905710,10,GET,/api/audio/levels (during plugin swap),0.000000,0.000000,0,0,0,0,0,0,0,0,0,0,0,1,0,8.182567999028834,8.182567999028834,8.182567999028834,8.182567999028834,73.0
1772905710,10,GET,/api/audio/status,0.000000,0.000000,0,0,0,0,0,0,0,0,0,0,0,2,0,2,39.32849949978845,1.8282780001754873,76.82872099940141,168.0
1772905710,10,GET,/api/chains/,0.000000,0.000000,0,0,0,0,0,0,0,0,0,0,0,3,0,140.0,154.11745833322735,129.64732900036324,195.8881480004493,1451.0
1772905710,10,GET,/api/chains/{id},0.000000,0.000000,0,0,0,0,0,0,0,0,0,0,0,2,0,30,103.44042050019198,29.748212999038515,177.13262800134544,331.0
1772905710,10,POST,/api/chains/{id}/activate,0.000000,0.000000,0,0,0,0,0,0,0,0,0,0,0,2,0,17,57.43410600007337,16.929167999478523,97.93904400066822,35.0
1772905710,10,POST,/api/chains/{id}/deactivate,0.000000,0.000000,0,0,0,0,0,0,0,0,0,0,0,2,0,6,203.91710649982997,5.503846999999951,402.33036599966,37.0
1772905710,10,GET,/api/plugins/discover,0.000000,0.000000,0,0,0,0,0,0,0,0,0,0,0,3,0,22,24.58575633257472,21.479439999893657,30.200145998605876,85406.33333333333
1772905710,10,GET,/api/plugins/list,0.000000,0.000000,0,0,0,0,0,0,0,0,0,0,0,3,0,7,11.004734333255328,4.723333000583807,21.34771999953955,23.0
1772905710,10,,Aggregated,0.000000,0.000000,0,0,0,0,0,0,0,0,0,0,0,18,0,22,76.97481555533159,1.8282780001754873,402.33036599966,14547.555555555555
1772905711,10,GET,/api/audio/levels (during plugin swap),0.000000,0.000000,0,0,0,0,0,0,0,0,0,0,0,1,0,8.182567999028834,8.182567999028834,8.182567999028834,8.182567999028834,73.0
1772905711,10,GET,/api/audio/status,0.000000,0.000000,0,0,0,0,0,0,0,0,0,0,0,2,0,2,39.32849949978845,1.8282780001754873,76.82872099940141,168.0
1772905711,10,GET,/api/chains/,0.000000,0.000000,0,0,0,0,0,0,0,0,0,0,0,3,0,140.0,154.11745833322735,129.64732900036324,195.8881480004493,1451.0
1772905711,10,GET,/api/chains/{id},0.000000,0.000000,0,0,0,0,0,0,0,0,0,0,0,2,0,30,103.44042050019198,29.748212999038515,177.13262800134544,331.0
1772905711,10,POST,/api/chains/{id}/activate,0.000000,0.000000,0,0,0,0,0,0,0,0,0,0,0,2,0,17,57.43410600007337,16.929167999478523,97.93904400066822,35.0
1772905711,10,POST,/api/chains/{id}/deactivate,0.000000,0.000000,0,0,0,0,0,0,0,0,0,0,0,2,0,6,203.91710649982997,5.503846999999951,402.33036599966,37.0
1772905711,10,GET,/api/plugins/discover,0.000000,0.000000,0,0,0,0,0,0,0,0,0,0,0,3,0,22,24.58575633257472,21.479439999893657,30.200145998605876,85406.33333333333
1772905711,10,GET,/api/plugins/list,0.000000,0.000000,0,0,0,0,0,0,0,0,0,0,0,3,0,7,11.004734333255328,4.723333000583807,21.34771999953955,23.0
1772905711,10,,Aggregated,0.000000,0.000000,0,0,0,0,0,0,0,0,0,0,0,18,0,22,76.97481555533159,1.8282780001754873,402.33036599966,14547.555555555555
1772905712,10,GET,/api/audio/levels (during plugin swap),0.000000,0.000000,0,0,0,0,0,0,0,0,0,0,0,1,0,8.182567999028834,8.182567999028834,8.182567999028834,8.182567999028834,73.0
1772905712,10,GET,/api/audio/status,0.000000,0.000000,0,0,0,0,0,0,0,0,0,0,0,2,0,2,39.32849949978845,1.8282780001754873,76.82872099940141,168.0
1772905712,10,GET,/api/chains/,0.000000,0.000000,0,0,0,0,0,0,0,0,0,0,0,3,0,140.0,154.11745833322735,129.64732900036324,195.8881480004493,1451.0
1772905712,10,GET,/api/chains/{id},0.000000,0.000000,0,0,0,0,0,0,0,0,0,0,0,2,0,30,103.44042050019198,29.748212999038515,177.13262800134544,331.0
1772905712,10,POST,/api/chains/{id}/activate,0.000000,0.000000,0,0,0,0,0,0,0,0,0,0,0,2,0,17,57.43410600007337,16.929167999478523,97.93904400066822,35.0
1772905712,10,POST,/api/chains/{id}/deactivate,0.000000,0.000000,0,0,0,0,0,0,0,0,0,0,0,2,0,6,203.91710649982997,5.503846999999951,402.33036599966,37.0
1772905712,10,GET,/api/plugins/discover,0.000000,0.000000,0,0,0,0,0,0,0,0,0,0,0,3,0,22,24.58575633257472,21.479439999893657,30.200145998605876,85406.33333333333
1772905712,10,GET,/api/plugins/list,0.000000,0.000000,0,0,0,0,0,0,0,0,0,0,0,3,0,7,11.004734333255328,4.723333000583807,21.34771999953955,23.0
1772905712,10,,Aggregated,0.000000,0.000000,0,0,0,0,0,0,0,0,0,0,0,18,0,22,76.97481555533159,1.8282780001754873,402.33036599966,14547.555555555555
1772905713,10,GET,/api/audio/levels (during plugin swap),0.000000,0.000000,0,0,0,0,0,0,0,0,0,0,0,1,0,8.182567999028834,8.182567999028834,8.182567999028834,8.182567999028834,73.0
1772905713,10,GET,/api/audio/status,0.000000,0.000000,0,0,0,0,0,0,0,0,0,0,0,2,0,2,39.32849949978845,1.8282780001754873,76.82872099940141,168.0
1772905713,10,GET,/api/chains/,0.000000,0.000000,0,0,0,0,0,0,0,0,0,0,0,3,0,140.0,154.11745833322735,129.64732900036324,195.8881480004493,1451.0
1772905713,10,GET,/api/chains/{id},0.000000,0.000000,0,0,0,0,0,0,0,0,0,0,0,2,0,30,103.44042050019198,29.748212999038515,177.13262800134544,331.0
1772905713,10,POST,/api/chains/{id}/activate,0.000000,0.000000,0,0,0,0,0,0,0,0,0,0,0,2,0,17,57.43410600007337,16.929167999478523,97.93904400066822,35.0
1772905713,10,POST,/api/chains/{id}/deactivate,0.000000,0.000000,0,0,0,0,0,0,0,0,0,0,0,2,0,6,203.91710649982997,5.503846999999951,402.33036599966,37.0
1772905713,10,GET,/api/plugins/discover,0.000000,0.000000,0,0,0,0,0,0,0,0,0,0,0,3,0,22,24.58575633257472,21.479439999893657,30.200145998605876,85406.33333333333
1772905713,10,GET,/api/plugins/list,0.000000,0.000000,0,0,0,0,0,0,0,0,0,0,0,3,0,7,11.004734333255328,4.723333000583807,21.34771999953955,23.0
1772905713,10,,Aggregated,0.000000,0.000000,0,0,0,0,0,0,0,0,0,0,0,18,0,22,76.97481555533159,1.8282780001754873,402.33036599966,14547.555555555555
1772905714,10,GET,/api/audio/levels (during plugin swap),0.000000,0.000000,0,0,0,0,0,0,0,0,0,0,0,1,0,8.182567999028834,8.182567999028834,8.182567999028834,8.182567999028834,73.0
1772905714,10,GET,/api/audio/status,0.000000,0.000000,0,0,0,0,0,0,0,0,0,0,0,2,0,2,39.32849949978845,1.8282780001754873,76.82872099940141,168.0
1772905714,10,GET,/api/chains/,0.000000,0.000000,0,0,0,0,0,0,0,0,0,0,0,3,0,140.0,154.11745833322735,129.64732900036324,195.8881480004493,1451.0
1772905714,10,GET,/api/chains/{id},0.000000,0.000000,0,0,0,0,0,0,0,0,0,0,0,2,0,30,103.44042050019198,29.748212999038515,177.13262800134544,331.0
1772905714,10,POST,/api/chains/{id}/activate,0.000000,0.000000,0,0,0,0,0,0,0,0,0,0,0,2,0,17,57.43410600007337,16.929167999478523,97.93904400066822,35.0
1772905714,10,POST,/api/chains/{id}/deactivate,0.000000,0.000000,0,0,0,0,0,0,0,0,0,0,0,2,0,6,203.91710649982997,5.503846999999951,402.33036599966,37.0
1772905714,10,GET,/api/plugins/discover,0.000000,0.000000,0,0,0,0,0,0,0,0,0,0,0,3,0,22,24.58575633257472,21.479439999893657,30.200145998605876,85406.33333333333
1772905714,10,GET,/api/plugins/list,0.000000,0.000000,0,0,0,0,0,0,0,0,0,0,0,3,0,7,11.004734333255328,4.723333000583807,21.34771999953955,23.0
1772905714,10,,Aggregated,0.000000,0.000000,0,0,0,0,0,0,0,0,0,0,0,18,0,22,76.97481555533159,1.8282780001754873,402.33036599966,14547.555555555555
1772905715,10,GET,/api/audio/levels (during plugin swap),0.000000,0.000000,0,0,0,0,0,0,0,0,0,0,0,1,0,8.182567999028834,8.182567999028834,8.182567999028834,8.182567999028834,73.0
1772905715,10,GET,/api/audio/status,0.000000,0.000000,0,0,0,0,0,0,0,0,0,0,0,2,0,2,39.32849949978845,1.8282780001754873,76.82872099940141,168.0
1772905715,10,GET,/api/chains/,0.000000,0.000000,0,0,0,0,0,0,0,0,0,0,0,3,0,140.0,154.11745833322735,129.64732900036324,195.8881480004493,1451.0
1772905715,10,GET,/api/chains/{id},0.000000,0.000000,0,0,0,0,0,0,0,0,0,0,0,2,0,30,103.44042050019198,29.748212999038515,177.13262800134544,331.0
1772905715,10,POST,/api/chains/{id}/activate,0.000000,0.000000,0,0,0,0,0,0,0,0,0,0,0,2,0,17,57.43410600007337,16.929167999478523,97.93904400066822,35.0
1772905715,10,POST,/api/chains/{id}/deactivate,0.000000,0.000000,0,0,0,0,0,0,0,0,0,0,0,2,0,6,203.91710649982997,5.503846999999951,402.33036599966,37.0
1772905715,10,GET,/api/plugins/discover,0.000000,0.000000,0,0,0,0,0,0,0,0,0,0,0,3,0,22,24.58575633257472,21.479439999893657,30.200145998605876,85406.33333333333
1772905715,10,GET,/api/plugins/list,0.000000,0.000000,0,0,0,0,0,0,0,0,0,0,0,3,0,7,11.004734333255328,4.723333000583807,21.34771999953955,23.0
1772905715,10,,Aggregated,0.000000,0.000000,0,0,0,0,0,0,0,0,0,0,0,18,0,22,76.97481555533159,1.8282780001754873,402.33036599966,14547.555555555555
1772905716,10,GET,/api/audio/levels (during plugin swap),0.000000,0.000000,0,0,0,0,0,0,0,0,0,0,0,1,0,8.182567999028834,8.182567999028834,8.182567999028834,8.182567999028834,73.0
1772905716,10,GET,/api/audio/status,0.000000,0.000000,0,0,0,0,0,0,0,0,0,0,0,2,0,2,39.32849949978845,1.8282780001754873,76.82872099940141,168.0
1772905716,10,GET,/api/chains/,0.000000,0.000000,0,0,0,0,0,0,0,0,0,0,0,3,0,140.0,154.11745833322735,129.64732900036324,195.8881480004493,1451.0
1772905716,10,GET,/api/chains/{id},0.000000,0.000000,0,0,0,0,0,0,0,0,0,0,0,2,0,30,103.44042050019198,29.748212999038515,177.13262800134544,331.0
1772905716,10,POST,/api/chains/{id}/activate,0.000000,0.000000,0,0,0,0,0,0,0,0,0,0,0,2,0,17,57.43410600007337,16.929167999478523,97.93904400066822,35.0
1772905716,10,POST,/api/chains/{id}/deactivate,0.000000,0.000000,0,0,0,0,0,0,0,0,0,0,0,2,0,6,203.91710649982997,5.503846999999951,402.33036599966,37.0
1772905716,10,GET,/api/plugins/discover,0.000000,0.000000,0,0,0,0,0,0,0,0,0,0,0,3,0,22,24.58575633257472,21.479439999893657,30.200145998605876,85406.33333333333
1772905716,10,GET,/api/plugins/list,0.000000,0.000000,0,0,0,0,0,0,0,0,0,0,0,3,0,7,11.004734333255328,4.723333000583807,21.34771999953955,23.0
1772905716,10,,Aggregated,0.000000,0.000000,0,0,0,0,0,0,0,0,0,0,0,18,0,22,76.97481555533159,1.8282780001754873,402.33036599966,14547.555555555555
1772905717,10,GET,/api/audio/levels (during plugin swap),0.000000,0.000000,0,0,0,0,0,0,0,0,0,0,0,1,0,8.182567999028834,8.182567999028834,8.182567999028834,8.182567999028834,73.0
1772905717,10,GET,/api/audio/status,0.000000,0.000000,0,0,0,0,0,0,0,0,0,0,0,2,0,2,39.32849949978845,1.8282780001754873,76.82872099940141,168.0
1772905717,10,GET,/api/chains/,0.000000,0.000000,0,0,0,0,0,0,0,0,0,0,0,3,0,140.0,154.11745833322735,129.64732900036324,195.8881480004493,1451.0
1772905717,10,GET,/api/chains/{id},0.000000,0.000000,0,0,0,0,0,0,0,0,0,0,0,2,0,30,103.44042050019198,29.748212999038515,177.13262800134544,331.0
1772905717,10,POST,/api/chains/{id}/activate,0.000000,0.000000,0,0,0,0,0,0,0,0,0,0,0,2,0,17,57.43410600007337,16.929167999478523,97.93904400066822,35.0
1772905717,10,POST,/api/chains/{id}/deactivate,0.000000,0.000000,0,0,0,0,0,0,0,0,0,0,0,2,0,6,203.91710649982997,5.503846999999951,402.33036599966,37.0
1772905717,10,GET,/api/plugins/discover,0.000000,0.000000,0,0,0,0,0,0,0,0,0,0,0,3,0,22,24.58575633257472,21.479439999893657,30.200145998605876,85406.33333333333
1772905717,10,GET,/api/plugins/list,0.000000,0.000000,0,0,0,0,0,0,0,0,0,0,0,3,0,7,11.004734333255328,4.723333000583807,21.34771999953955,23.0
1772905717,10,,Aggregated,0.000000,0.000000,0,0,0,0,0,0,0,0,0,0,0,18,0,22,76.97481555533159,1.8282780001754873,402.33036599966,14547.555555555555
1772905718,10,GET,/api/audio/levels (during plugin swap),0.000000,0.000000,0,0,0,0,0,0,0,0,0,0,0,1,0,8.182567999028834,8.182567999028834,8.182567999028834,8.182567999028834,73.0
1772905718,10,GET,/api/audio/status,0.000000,0.000000,0,0,0,0,0,0,0,0,0,0,0,2,0,2,39.32849949978845,1.8282780001754873,76.82872099940141,168.0
1772905718,10,GET,/api/chains/,0.000000,0.000000,0,0,0,0,0,0,0,0,0,0,0,3,0,140.0,154.11745833322735,129.64732900036324,195.8881480004493,1451.0
1772905718,10,GET,/api/chains/{id},0.000000,0.000000,0,0,0,0,0,0,0,0,0,0,0,2,0,30,103.44042050019198,29.748212999038515,177.13262800134544,331.0
1772905718,10,POST,/api/chains/{id}/activate,0.000000,0.000000,0,0,0,0,0,0,0,0,0,0,0,2,0,17,57.43410600007337,16.929167999478523,97.93904400066822,35.0
1772905718,10,POST,/api/chains/{id}/deactivate,0.000000,0.000000,0,0,0,0,0,0,0,0,0,0,0,2,0,6,203.91710649982997,5.503846999999951,402.33036599966,37.0
1772905718,10,GET,/api/plugins/discover,0.000000,0.000000,0,0,0,0,0,0,0,0,0,0,0,3,0,22,24.58575633257472,21.479439999893657,30.200145998605876,85406.33333333333
1772905718,10,GET,/api/plugins/list,0.000000,0.000000,0,0,0,0,0,0,0,0,0,0,0,3,0,7,11.004734333255328,4.723333000583807,21.34771999953955,23.0
1772905718,10,,Aggregated,0.000000,0.000000,0,0,0,0,0,0,0,0,0,0,0,18,0,22,76.97481555533159,1.8282780001754873,402.33036599966,14547.555555555555
1772905719,10,GET,/api/audio/levels (during plugin swap),0.000000,0.000000,0,0,0,0,0,0,0,0,0,0,0,1,0,8.182567999028834,8.182567999028834,8.182567999028834,8.182567999028834,73.0
1772905719,10,GET,/api/audio/status,0.000000,0.000000,0,0,0,0,0,0,0,0,0,0,0,2,0,2,39.32849949978845,1.8282780001754873,76.82872099940141,168.0
1772905719,10,GET,/api/chains/,0.000000,0.000000,0,0,0,0,0,0,0,0,0,0,0,3,0,140.0,154.11745833322735,129.64732900036324,195.8881480004493,1451.0
1772905719,10,GET,/api/chains/{id},0.000000,0.000000,0,0,0,0,0,0,0,0,0,0,0,2,0,30,103.44042050019198,29.748212999038515,177.13262800134544,331.0
1772905719,10,POST,/api/chains/{id}/activate,0.000000,0.000000,0,0,0,0,0,0,0,0,0,0,0,2,0,17,57.43410600007337,16.929167999478523,97.93904400066822,35.0
1772905719,10,POST,/api/chains/{id}/deactivate,0.000000,0.000000,0,0,0,0,0,0,0,0,0,0,0,2,0,6,203.91710649982997,5.503846999999951,402.33036599966,37.0
1772905719,10,GET,/api/plugins/discover,0.000000,0.000000,0,0,0,0,0,0,0,0,0,0,0,3,0,22,24.58575633257472,21.479439999893657,30.200145998605876,85406.33333333333
1772905719,10,GET,/api/plugins/list,0.000000,0.000000,0,0,0,0,0,0,0,0,0,0,0,3,0,7,11.004734333255328,4.723333000583807,21.34771999953955,23.0
1772905719,10,,Aggregated,0.000000,0.000000,0,0,0,0,0,0,0,0,0,0,0,18,0,22,76.97481555533159,1.8282780001754873,402.33036599966,14547.555555555555
1772905720,10,GET,/api/audio/levels (during plugin swap),0.000000,0.000000,0,0,0,0,0,0,0,0,0,0,0,1,0,8.182567999028834,8.182567999028834,8.182567999028834,8.182567999028834,73.0
1772905720,10,GET,/api/audio/status,0.000000,0.000000,0,0,0,0,0,0,0,0,0,0,0,2,0,2,39.32849949978845,1.8282780001754873,76.82872099940141,168.0
1772905720,10,GET,/api/chains/,0.000000,0.000000,0,0,0,0,0,0,0,0,0,0,0,3,0,140.0,154.11745833322735,129.64732900036324,195.8881480004493,1451.0
1772905720,10,GET,/api/chains/{id},0.000000,0.000000,0,0,0,0,0,0,0,0,0,0,0,2,0,30,103.44042050019198,29.748212999038515,177.13262800134544,331.0
1772905720,10,POST,/api/chains/{id}/activate,0.000000,0.000000,0,0,0,0,0,0,0,0,0,0,0,2,0,17,57.43410600007337,16.929167999478523,97.93904400066822,35.0
1772905720,10,POST,/api/chains/{id}/deactivate,0.000000,0.000000,0,0,0,0,0,0,0,0,0,0,0,2,0,6,203.91710649982997,5.503846999999951,402.33036599966,37.0
1772905720,10,GET,/api/plugins/discover,0.000000,0.000000,0,0,0,0,0,0,0,0,0,0,0,3,0,22,24.58575633257472,21.479439999893657,30.200145998605876,85406.33333333333
1772905720,10,GET,/api/plugins/list,0.000000,0.000000,0,0,0,0,0,0,0,0,0,0,0,3,0,7,11.004734333255328,4.723333000583807,21.34771999953955,23.0
1772905720,10,,Aggregated,0.000000,0.000000,0,0,0,0,0,0,0,0,0,0,0,18,0,22,76.97481555533159,1.8282780001754873,402.33036599966,14547.555555555555
1772905721,10,GET,/api/audio/levels (during plugin swap),0.000000,0.000000,0,0,0,0,0,0,0,0,0,0,0,1,0,8.182567999028834,8.182567999028834,8.182567999028834,8.182567999028834,73.0
1772905721,10,GET,/api/audio/status,0.000000,0.000000,0,0,0,0,0,0,0,0,0,0,0,2,0,2,39.32849949978845,1.8282780001754873,76.82872099940141,168.0
1772905721,10,GET,/api/chains/,0.000000,0.000000,0,0,0,0,0,0,0,0,0,0,0,3,0,140.0,154.11745833322735,129.64732900036324,195.8881480004493,1451.0
1772905721,10,GET,/api/chains/{id},0.000000,0.000000,0,0,0,0,0,0,0,0,0,0,0,2,0,30,103.44042050019198,29.748212999038515,177.13262800134544,331.0
1772905721,10,POST,/api/chains/{id}/activate,0.000000,0.000000,0,0,0,0,0,0,0,0,0,0,0,2,0,17,57.43410600007337,16.929167999478523,97.93904400066822,35.0
1772905721,10,POST,/api/chains/{id}/deactivate,0.000000,0.000000,0,0,0,0,0,0,0,0,0,0,0,2,0,6,203.91710649982997,5.503846999999951,402.33036599966,37.0
1772905721,10,GET,/api/plugins/discover,0.000000,0.000000,0,0,0,0,0,0,0,0,0,0,0,3,0,22,24.58575633257472,21.479439999893657,30.200145998605876,85406.33333333333
1772905721,10,GET,/api/plugins/list,0.000000,0.000000,0,0,0,0,0,0,0,0,0,0,0,3,0,7,11.004734333255328,4.723333000583807,21.34771999953955,23.0
1772905721,10,,Aggregated,0.000000,0.000000,0,0,0,0,0,0,0,0,0,0,0,18,0,22,76.97481555533159,1.8282780001754873,402.33036599966,14547.555555555555
1772905722,10,GET,/api/audio/levels (during plugin swap),0.000000,0.000000,0,0,0,0,0,0,0,0,0,0,0,1,0,8.182567999028834,8.182567999028834,8.182567999028834,8.182567999028834,73.0
1772905722,10,GET,/api/audio/status,0.000000,0.000000,0,0,0,0,0,0,0,0,0,0,0,2,0,2,39.32849949978845,1.8282780001754873,76.82872099940141,168.0
1772905722,10,GET,/api/chains/,0.000000,0.000000,0,0,0,0,0,0,0,0,0,0,0,3,0,140.0,154.11745833322735,129.64732900036324,195.8881480004493,1451.0
1772905722,10,GET,/api/chains/{id},0.000000,0.000000,0,0,0,0,0,0,0,0,0,0,0,2,0,30,103.44042050019198,29.748212999038515,177.13262800134544,331.0
1772905722,10,POST,/api/chains/{id}/activate,0.000000,0.000000,0,0,0,0,0,0,0,0,0,0,0,2,0,17,57.43410600007337,16.929167999478523,97.93904400066822,35.0
1772905722,10,POST,/api/chains/{id}/deactivate,0.000000,0.000000,0,0,0,0,0,0,0,0,0,0,0,2,0,6,203.91710649982997,5.503846999999951,402.33036599966,37.0
1772905722,10,GET,/api/plugins/discover,0.000000,0.000000,0,0,0,0,0,0,0,0,0,0,0,3,0,22,24.58575633257472,21.479439999893657,30.200145998605876,85406.33333333333
1772905722,10,GET,/api/plugins/list,0.000000,0.000000,0,0,0,0,0,0,0,0,0,0,0,3,0,7,11.004734333255328,4.723333000583807,21.34771999953955,23.0
1772905722,10,,Aggregated,0.000000,0.000000,0,0,0,0,0,0,0,0,0,0,0,18,0,22,76.97481555533159,1.8282780001754873,402.33036599966,14547.555555555555
1772905723,10,GET,/api/audio/levels (during plugin swap),0.000000,0.000000,0,0,0,0,0,0,0,0,0,0,0,1,0,8.182567999028834,8.182567999028834,8.182567999028834,8.182567999028834,73.0
1772905723,10,GET,/api/audio/status,0.000000,0.000000,0,0,0,0,0,0,0,0,0,0,0,2,0,2,39.32849949978845,1.8282780001754873,76.82872099940141,168.0
1772905723,10,GET,/api/chains/,0.000000,0.000000,0,0,0,0,0,0,0,0,0,0,0,3,0,140.0,154.11745833322735,129.64732900036324,195.8881480004493,1451.0
1772905723,10,GET,/api/chains/{id},0.000000,0.000000,0,0,0,0,0,0,0,0,0,0,0,2,0,30,103.44042050019198,29.748212999038515,177.13262800134544,331.0
1772905723,10,POST,/api/chains/{id}/activate,0.000000,0.000000,0,0,0,0,0,0,0,0,0,0,0,2,0,17,57.43410600007337,16.929167999478523,97.93904400066822,35.0
1772905723,10,POST,/api/chains/{id}/deactivate,0.000000,0.000000,0,0,0,0,0,0,0,0,0,0,0,2,0,6,203.91710649982997,5.503846999999951,402.33036599966,37.0
1772905723,10,GET,/api/plugins/discover,0.000000,0.000000,0,0,0,0,0,0,0,0,0,0,0,3,0,22,24.58575633257472,21.479439999893657,30.200145998605876,85406.33333333333
1772905723,10,GET,/api/plugins/list,0.000000,0.000000,0,0,0,0,0,0,0,0,0,0,0,3,0,7,11.004734333255328,4.723333000583807,21.34771999953955,23.0
1772905723,10,,Aggregated,0.000000,0.000000,0,0,0,0,0,0,0,0,0,0,0,18,0,22,76.97481555533159,1.8282780001754873,402.33036599966,14547.555555555555
1772905724,10,GET,/api/audio/levels (during plugin swap),0.000000,0.000000,0,0,0,0,0,0,0,0,0,0,0,1,0,8.182567999028834,8.182567999028834,8.182567999028834,8.182567999028834,73.0
1772905724,10,GET,/api/audio/status,0.000000,0.000000,0,0,0,0,0,0,0,0,0,0,0,2,0,2,39.32849949978845,1.8282780001754873,76.82872099940141,168.0
1772905724,10,GET,/api/chains/,0.000000,0.000000,0,0,0,0,0,0,0,0,0,0,0,3,0,140.0,154.11745833322735,129.64732900036324,195.8881480004493,1451.0
1772905724,10,GET,/api/chains/{id},0.000000,0.000000,0,0,0,0,0,0,0,0,0,0,0,2,0,30,103.44042050019198,29.748212999038515,177.13262800134544,331.0
1772905724,10,POST,/api/chains/{id}/activate,0.000000,0.000000,0,0,0,0,0,0,0,0,0,0,0,2,0,17,57.43410600007337,16.929167999478523,97.93904400066822,35.0
1772905724,10,POST,/api/chains/{id}/deactivate,0.000000,0.000000,0,0,0,0,0,0,0,0,0,0,0,2,0,6,203.91710649982997,5.503846999999951,402.33036599966,37.0
1772905724,10,GET,/api/plugins/discover,0.000000,0.000000,0,0,0,0,0,0,0,0,0,0,0,3,0,22,24.58575633257472,21.479439999893657,30.200145998605876,85406.33333333333
1772905724,10,GET,/api/plugins/list,0.000000,0.000000,0,0,0,0,0,0,0,0,0,0,0,3,0,7,11.004734333255328,4.723333000583807,21.34771999953955,23.0
1772905724,10,,Aggregated,0.000000,0.000000,0,0,0,0,0,0,0,0,0,0,0,18,0,22,76.97481555533159,1.8282780001754873,402.33036599966,14547.555555555555
1772905725,10,GET,/api/audio/levels (during plugin swap),0.000000,0.000000,0,0,0,0,0,0,0,0,0,0,0,1,0,8.182567999028834,8.182567999028834,8.182567999028834,8.182567999028834,73.0
1772905725,10,GET,/api/audio/status,0.000000,0.000000,0,0,0,0,0,0,0,0,0,0,0,2,0,2,39.32849949978845,1.8282780001754873,76.82872099940141,168.0
1772905725,10,GET,/api/chains/,0.000000,0.000000,0,0,0,0,0,0,0,0,0,0,0,3,0,140.0,154.11745833322735,129.64732900036324,195.8881480004493,1451.0
1772905725,10,GET,/api/chains/{id},0.000000,0.000000,0,0,0,0,0,0,0,0,0,0,0,2,0,30,103.44042050019198,29.748212999038515,177.13262800134544,331.0
1772905725,10,POST,/api/chains/{id}/activate,0.000000,0.000000,0,0,0,0,0,0,0,0,0,0,0,2,0,17,57.43410600007337,16.929167999478523,97.93904400066822,35.0
1772905725,10,POST,/api/chains/{id}/deactivate,0.000000,0.000000,0,0,0,0,0,0,0,0,0,0,0,2,0,6,203.91710649982997,5.503846999999951,402.33036599966,37.0
1772905725,10,GET,/api/plugins/discover,0.000000,0.000000,0,0,0,0,0,0,0,0,0,0,0,3,0,22,24.58575633257472,21.479439999893657,30.200145998605876,85406.33333333333
1772905725,10,GET,/api/plugins/list,0.000000,0.000000,0,0,0,0,0,0,0,0,0,0,0,3,0,7,11.004734333255328,4.723333000583807,21.34771999953955,23.0
1772905725,10,,Aggregated,0.000000,0.000000,0,0,0,0,0,0,0,0,0,0,0,18,0,22,76.97481555533159,1.8282780001754873,402.33036599966,14547.555555555555
1772905726,10,GET,/api/audio/levels (during plugin swap),0.000000,0.000000,0,0,0,0,0,0,0,0,0,0,0,1,0,8.182567999028834,8.182567999028834,8.182567999028834,8.182567999028834,73.0
1772905726,10,GET,/api/audio/status,0.000000,0.000000,0,0,0,0,0,0,0,0,0,0,0,2,0,2,39.32849949978845,1.8282780001754873,76.82872099940141,168.0
1772905726,10,GET,/api/chains/,0.000000,0.000000,0,0,0,0,0,0,0,0,0,0,0,3,0,140.0,154.11745833322735,129.64732900036324,195.8881480004493,1451.0
1772905726,10,GET,/api/chains/{id},0.000000,0.000000,0,0,0,0,0,0,0,0,0,0,0,2,0,30,103.44042050019198,29.748212999038515,177.13262800134544,331.0
1772905726,10,POST,/api/chains/{id}/activate,0.000000,0.000000,0,0,0,0,0,0,0,0,0,0,0,2,0,17,57.43410600007337,16.929167999478523,97.93904400066822,35.0
1772905726,10,POST,/api/chains/{id}/deactivate,0.000000,0.000000,0,0,0,0,0,0,0,0,0,0,0,2,0,6,203.91710649982997,5.503846999999951,402.33036599966,37.0
1772905726,10,GET,/api/plugins/discover,0.000000,0.000000,0,0,0,0,0,0,0,0,0,0,0,3,0,22,24.58575633257472,21.479439999893657,30.200145998605876,85406.33333333333
1772905726,10,GET,/api/plugins/list,0.000000,0.000000,0,0,0,0,0,0,0,0,0,0,0,3,0,7,11.004734333255328,4.723333000583807,21.34771999953955,23.0
1772905726,10,,Aggregated,0.000000,0.000000,0,0,0,0,0,0,0,0,0,0,0,18,0,22,76.97481555533159,1.8282780001754873,402.33036599966,14547.555555555555
1772905727,10,GET,/api/audio/levels (during plugin swap),0.000000,0.000000,0,0,0,0,0,0,0,0,0,0,0,1,0,8.182567999028834,8.182567999028834,8.182567999028834,8.182567999028834,73.0
1772905727,10,GET,/api/audio/status,0.000000,0.000000,0,0,0,0,0,0,0,0,0,0,0,2,0,2,39.32849949978845,1.8282780001754873,76.82872099940141,168.0
1772905727,10,GET,/api/chains/,0.000000,0.000000,0,0,0,0,0,0,0,0,0,0,0,3,0,140.0,154.11745833322735,129.64732900036324,195.8881480004493,1451.0
1772905727,10,GET,/api/chains/{id},0.000000,0.000000,0,0,0,0,0,0,0,0,0,0,0,2,0,30,103.44042050019198,29.748212999038515,177.13262800134544,331.0
1772905727,10,POST,/api/chains/{id}/activate,0.000000,0.000000,0,0,0,0,0,0,0,0,0,0,0,2,0,17,57.43410600007337,16.929167999478523,97.93904400066822,35.0
1772905727,10,POST,/api/chains/{id}/deactivate,0.000000,0.000000,0,0,0,0,0,0,0,0,0,0,0,2,0,6,203.91710649982997,5.503846999999951,402.33036599966,37.0
1772905727,10,GET,/api/plugins/discover,0.000000,0.000000,0,0,0,0,0,0,0,0,0,0,0,3,0,22,24.58575633257472,21.479439999893657,30.200145998605876,85406.33333333333
1772905727,10,GET,/api/plugins/list,0.000000,0.000000,0,0,0,0,0,0,0,0,0,0,0,3,0,7,11.004734333255328,4.723333000583807,21.34771999953955,23.0
1772905727,10,,Aggregated,0.000000,0.000000,0,0,0,0,0,0,0,0,0,0,0,18,0,22,76.97481555533159,1.8282780001754873,402.33036599966,14547.555555555555
1772905728,10,GET,/api/audio/levels (during plugin swap),0.000000,0.000000,0,0,0,0,0,0,0,0,0,0,0,1,0,8.182567999028834,8.182567999028834,8.182567999028834,8.182567999028834,73.0
1772905728,10,GET,/api/audio/status,0.000000,0.000000,0,0,0,0,0,0,0,0,0,0,0,2,0,2,39.32849949978845,1.8282780001754873,76.82872099940141,168.0
1772905728,10,GET,/api/chains/,0.000000,0.000000,0,0,0,0,0,0,0,0,0,0,0,3,0,140.0,154.11745833322735,129.64732900036324,195.8881480004493,1451.0
1772905728,10,GET,/api/chains/{id},0.000000,0.000000,0,0,0,0,0,0,0,0,0,0,0,2,0,30,103.44042050019198,29.748212999038515,177.13262800134544,331.0
1772905728,10,POST,/api/chains/{id}/activate,0.000000,0.000000,0,0,0,0,0,0,0,0,0,0,0,2,0,17,57.43410600007337,16.929167999478523,97.93904400066822,35.0
1772905728,10,POST,/api/chains/{id}/deactivate,0.000000,0.000000,0,0,0,0,0,0,0,0,0,0,0,2,0,6,203.91710649982997,5.503846999999951,402.33036599966,37.0
1772905728,10,GET,/api/plugins/discover,0.000000,0.000000,0,0,0,0,0,0,0,0,0,0,0,3,0,22,24.58575633257472,21.479439999893657,30.200145998605876,85406.33333333333
1772905728,10,GET,/api/plugins/list,0.000000,0.000000,0,0,0,0,0,0,0,0,0,0,0,3,0,7,11.004734333255328,4.723333000583807,21.34771999953955,23.0
1772905728,10,,Aggregated,0.000000,0.000000,0,0,0,0,0,0,0,0,0,0,0,18,0,22,76.97481555533159,1.8282780001754873,402.33036599966,14547.555555555555
1772905729,10,GET,/api/audio/levels (during plugin swap),0.000000,0.000000,0,0,0,0,0,0,0,0,0,0,0,1,0,8.182567999028834,8.182567999028834,8.182567999028834,8.182567999028834,73.0
1772905729,10,GET,/api/audio/status,0.000000,0.000000,0,0,0,0,0,0,0,0,0,0,0,2,0,2,39.32849949978845,1.8282780001754873,76.82872099940141,168.0
1772905729,10,GET,/api/chains/,0.000000,0.000000,0,0,0,0,0,0,0,0,0,0,0,3,0,140.0,154.11745833322735,129.64732900036324,195.8881480004493,1451.0
1772905729,10,GET,/api/chains/{id},0.000000,0.000000,0,0,0,0,0,0,0,0,0,0,0,2,0,30,103.44042050019198,29.748212999038515,177.13262800134544,331.0
1772905729,10,POST,/api/chains/{id}/activate,0.000000,0.000000,0,0,0,0,0,0,0,0,0,0,0,2,0,17,57.43410600007337,16.929167999478523,97.93904400066822,35.0
1772905729,10,POST,/api/chains/{id}/deactivate,0.000000,0.000000,0,0,0,0,0,0,0,0,0,0,0,2,0,6,203.91710649982997,5.503846999999951,402.33036599966,37.0
1772905729,10,GET,/api/plugins/discover,0.000000,0.000000,0,0,0,0,0,0,0,0,0,0,0,3,0,22,24.58575633257472,21.479439999893657,30.200145998605876,85406.33333333333
1772905729,10,GET,/api/plugins/list,0.000000,0.000000,0,0,0,0,0,0,0,0,0,0,0,3,0,7,11.004734333255328,4.723333000583807,21.34771999953955,23.0
1772905729,10,,Aggregated,0.000000,0.000000,0,0,0,0,0,0,0,0,0,0,0,18,0,22,76.97481555533159,1.8282780001754873,402.33036599966,14547.555555555555
1772905730,10,GET,/api/audio/levels (during plugin swap),0.000000,0.000000,0,0,0,0,0,0,0,0,0,0,0,1,0,8.182567999028834,8.182567999028834,8.182567999028834,8.182567999028834,73.0
1772905730,10,GET,/api/audio/status,0.000000,0.000000,0,0,0,0,0,0,0,0,0,0,0,2,0,2,39.32849949978845,1.8282780001754873,76.82872099940141,168.0
1772905730,10,GET,/api/chains/,0.000000,0.000000,0,0,0,0,0,0,0,0,0,0,0,3,0,140.0,154.11745833322735,129.64732900036324,195.8881480004493,1451.0
1772905730,10,GET,/api/chains/{id},0.000000,0.000000,0,0,0,0,0,0,0,0,0,0,0,2,0,30,103.44042050019198,29.748212999038515,177.13262800134544,331.0
1772905730,10,POST,/api/chains/{id}/activate,0.000000,0.000000,0,0,0,0,0,0,0,0,0,0,0,2,0,17,57.43410600007337,16.929167999478523,97.93904400066822,35.0
1772905730,10,POST,/api/chains/{id}/deactivate,0.000000,0.000000,0,0,0,0,0,0,0,0,0,0,0,2,0,6,203.91710649982997,5.503846999999951,402.33036599966,37.0
1772905730,10,GET,/api/plugins/discover,0.000000,0.000000,0,0,0,0,0,0,0,0,0,0,0,3,0,22,24.58575633257472,21.479439999893657,30.200145998605876,85406.33333333333
1772905730,10,GET,/api/plugins/list,0.000000,0.000000,0,0,0,0,0,0,0,0,0,0,0,3,0,7,11.004734333255328,4.723333000583807,21.34771999953955,23.0
1772905730,10,,Aggregated,0.000000,0.000000,0,0,0,0,0,0,0,0,0,0,0,18,0,22,76.97481555533159,1.8282780001754873,402.33036599966,14547.555555555555
1772905731,10,GET,/api/audio/levels (during plugin swap),0.000000,0.000000,0,0,0,0,0,0,0,0,0,0,0,1,0,8.182567999028834,8.182567999028834,8.182567999028834,8.182567999028834,73.0
1772905731,10,GET,/api/audio/status,0.000000,0.000000,0,0,0,0,0,0,0,0,0,0,0,2,0,2,39.32849949978845,1.8282780001754873,76.82872099940141,168.0
1772905731,10,GET,/api/chains/,0.000000,0.000000,0,0,0,0,0,0,0,0,0,0,0,3,0,140.0,154.11745833322735,129.64732900036324,195.8881480004493,1451.0
1772905731,10,GET,/api/chains/{id},0.000000,0.000000,0,0,0,0,0,0,0,0,0,0,0,2,0,30,103.44042050019198,29.748212999038515,177.13262800134544,331.0
1772905731,10,POST,/api/chains/{id}/activate,0.000000,0.000000,0,0,0,0,0,0,0,0,0,0,0,2,0,17,57.43410600007337,16.929167999478523,97.93904400066822,35.0
1772905731,10,POST,/api/chains/{id}/deactivate,0.000000,0.000000,0,0,0,0,0,0,0,0,0,0,0,2,0,6,203.91710649982997,5.503846999999951,402.33036599966,37.0
1772905731,10,GET,/api/plugins/discover,0.000000,0.000000,0,0,0,0,0,0,0,0,0,0,0,3,0,22,24.58575633257472,21.479439999893657,30.200145998605876,85406.33333333333
1772905731,10,GET,/api/plugins/list,0.000000,0.000000,0,0,0,0,0,0,0,0,0,0,0,3,0,7,11.004734333255328,4.723333000583807,21.34771999953955,23.0
1772905731,10,,Aggregated,0.000000,0.000000,0,0,0,0,0,0,0,0,0,0,0,18,0,22,76.97481555533159,1.8282780001754873,402.33036599966,14547.555555555555
1772905732,10,GET,/api/audio/levels (during plugin swap),0.000000,0.000000,0,0,0,0,0,0,0,0,0,0,0,1,0,8.182567999028834,8.182567999028834,8.182567999028834,8.182567999028834,73.0
1772905732,10,GET,/api/audio/status,0.000000,0.000000,0,0,0,0,0,0,0,0,0,0,0,2,0,2,39.32849949978845,1.8282780001754873,76.82872099940141,168.0
1772905732,10,GET,/api/chains/,0.000000,0.000000,0,0,0,0,0,0,0,0,0,0,0,3,0,140.0,154.11745833322735,129.64732900036324,195.8881480004493,1451.0
1772905732,10,GET,/api/chains/{id},0.000000,0.000000,0,0,0,0,0,0,0,0,0,0,0,2,0,30,103.44042050019198,29.748212999038515,177.13262800134544,331.0
1772905732,10,POST,/api/chains/{id}/activate,0.000000,0.000000,0,0,0,0,0,0,0,0,0,0,0,2,0,17,57.43410600007337,16.929167999478523,97.93904400066822,35.0
1772905732,10,POST,/api/chains/{id}/deactivate,0.000000,0.000000,0,0,0,0,0,0,0,0,0,0,0,2,0,6,203.91710649982997,5.503846999999951,402.33036599966,37.0
1772905732,10,GET,/api/plugins/discover,0.000000,0.000000,0,0,0,0,0,0,0,0,0,0,0,3,0,22,24.58575633257472,21.479439999893657,30.200145998605876,85406.33333333333
1772905732,10,GET,/api/plugins/list,0.000000,0.000000,0,0,0,0,0,0,0,0,0,0,0,3,0,7,11.004734333255328,4.723333000583807,21.34771999953955,23.0
1772905732,10,,Aggregated,0.000000,0.000000,0,0,0,0,0,0,0,0,0,0,0,18,0,22,76.97481555533159,1.8282780001754873,402.33036599966,14547.555555555555
1772905733,10,GET,/api/audio/levels (during plugin swap),0.000000,0.000000,0,0,0,0,0,0,0,0,0,0,0,1,0,8.182567999028834,8.182567999028834,8.182567999028834,8.182567999028834,73.0
1772905733,10,GET,/api/audio/status,0.000000,0.000000,0,0,0,0,0,0,0,0,0,0,0,2,0,2,39.32849949978845,1.8282780001754873,76.82872099940141,168.0
1772905733,10,GET,/api/chains/,0.000000,0.000000,0,0,0,0,0,0,0,0,0,0,0,3,0,140.0,154.11745833322735,129.64732900036324,195.8881480004493,1451.0
1772905733,10,GET,/api/chains/{id},0.000000,0.000000,0,0,0,0,0,0,0,0,0,0,0,2,0,30,103.44042050019198,29.748212999038515,177.13262800134544,331.0
1772905733,10,POST,/api/chains/{id}/activate,0.000000,0.000000,0,0,0,0,0,0,0,0,0,0,0,2,0,17,57.43410600007337,16.929167999478523,97.93904400066822,35.0
1772905733,10,POST,/api/chains/{id}/deactivate,0.000000,0.000000,0,0,0,0,0,0,0,0,0,0,0,2,0,6,203.91710649982997,5.503846999999951,402.33036599966,37.0
1772905733,10,GET,/api/plugins/discover,0.000000,0.000000,0,0,0,0,0,0,0,0,0,0,0,3,0,22,24.58575633257472,21.479439999893657,30.200145998605876,85406.33333333333
1772905733,10,GET,/api/plugins/list,0.000000,0.000000,0,0,0,0,0,0,0,0,0,0,0,3,0,7,11.004734333255328,4.723333000583807,21.34771999953955,23.0
1772905733,10,,Aggregated,0.000000,0.000000,0,0,0,0,0,0,0,0,0,0,0,18,0,22,76.97481555533159,1.8282780001754873,402.33036599966,14547.555555555555
1772905734,10,GET,/api/audio/levels (during plugin swap),0.000000,0.000000,0,0,0,0,0,0,0,0,0,0,0,1,0,8.182567999028834,8.182567999028834,8.182567999028834,8.182567999028834,73.0
1772905734,10,GET,/api/audio/status,0.000000,0.000000,0,0,0,0,0,0,0,0,0,0,0,2,0,2,39.32849949978845,1.8282780001754873,76.82872099940141,168.0
1772905734,10,GET,/api/chains/,0.000000,0.000000,0,0,0,0,0,0,0,0,0,0,0,3,0,140.0,154.11745833322735,129.64732900036324,195.8881480004493,1451.0
1772905734,10,GET,/api/chains/{id},0.000000,0.000000,0,0,0,0,0,0,0,0,0,0,0,2,0,30,103.44042050019198,29.748212999038515,177.13262800134544,331.0
1772905734,10,POST,/api/chains/{id}/activate,0.000000,0.000000,0,0,0,0,0,0,0,0,0,0,0,2,0,17,57.43410600007337,16.929167999478523,97.93904400066822,35.0
1772905734,10,POST,/api/chains/{id}/deactivate,0.000000,0.000000,0,0,0,0,0,0,0,0,0,0,0,2,0,6,203.91710649982997,5.503846999999951,402.33036599966,37.0
1772905734,10,GET,/api/plugins/discover,0.000000,0.000000,0,0,0,0,0,0,0,0,0,0,0,3,0,22,24.58575633257472,21.479439999893657,30.200145998605876,85406.33333333333
1772905734,10,GET,/api/plugins/list,0.000000,0.000000,0,0,0,0,0,0,0,0,0,0,0,3,0,7,11.004734333255328,4.723333000583807,21.34771999953955,23.0
1772905734,10,,Aggregated,0.000000,0.000000,0,0,0,0,0,0,0,0,0,0,0,18,0,22,76.97481555533159,1.8282780001754873,402.33036599966,14547.555555555555
1772905735,10,GET,/api/audio/levels (during plugin swap),0.000000,0.000000,0,0,0,0,0,0,0,0,0,0,0,1,0,8.182567999028834,8.182567999028834,8.182567999028834,8.182567999028834,73.0
1772905735,10,GET,/api/audio/status,0.000000,0.000000,0,0,0,0,0,0,0,0,0,0,0,2,0,2,39.32849949978845,1.8282780001754873,76.82872099940141,168.0
1772905735,10,GET,/api/chains/,0.000000,0.000000,0,0,0,0,0,0,0,0,0,0,0,3,0,140.0,154.11745833322735,129.64732900036324,195.8881480004493,1451.0
1772905735,10,GET,/api/chains/{id},0.000000,0.000000,0,0,0,0,0,0,0,0,0,0,0,2,0,30,103.44042050019198,29.748212999038515,177.13262800134544,331.0
1772905735,10,POST,/api/chains/{id}/activate,0.000000,0.000000,0,0,0,0,0,0,0,0,0,0,0,2,0,17,57.43410600007337,16.929167999478523,97.93904400066822,35.0
1772905735,10,POST,/api/chains/{id}/deactivate,0.000000,0.000000,0,0,0,0,0,0,0,0,0,0,0,2,0,6,203.91710649982997,5.503846999999951,402.33036599966,37.0
1772905735,10,GET,/api/plugins/discover,0.000000,0.000000,0,0,0,0,0,0,0,0,0,0,0,3,0,22,24.58575633257472,21.479439999893657,30.200145998605876,85406.33333333333
1772905735,10,GET,/api/plugins/list,0.000000,0.000000,0,0,0,0,0,0,0,0,0,0,0,3,0,7,11.004734333255328,4.723333000583807,21.34771999953955,23.0
1772905735,10,,Aggregated,0.000000,0.000000,0,0,0,0,0,0,0,0,0,0,0,18,0,22,76.97481555533159,1.8282780001754873,402.33036599966,14547.555555555555
1772905736,10,GET,/api/audio/levels (during plugin swap),0.000000,0.000000,0,0,0,0,0,0,0,0,0,0,0,1,0,8.182567999028834,8.182567999028834,8.182567999028834,8.182567999028834,73.0
1772905736,10,GET,/api/audio/status,0.000000,0.000000,0,0,0,0,0,0,0,0,0,0,0,2,0,2,39.32849949978845,1.8282780001754873,76.82872099940141,168.0
1772905736,10,GET,/api/chains/,0.000000,0.000000,0,0,0,0,0,0,0,0,0,0,0,3,0,140.0,154.11745833322735,129.64732900036324,195.8881480004493,1451.0
1772905736,10,GET,/api/chains/{id},0.000000,0.000000,0,0,0,0,0,0,0,0,0,0,0,2,0,30,103.44042050019198,29.748212999038515,177.13262800134544,331.0
1772905736,10,POST,/api/chains/{id}/activate,0.000000,0.000000,0,0,0,0,0,0,0,0,0,0,0,2,0,17,57.43410600007337,16.929167999478523,97.93904400066822,35.0
1772905736,10,POST,/api/chains/{id}/deactivate,0.000000,0.000000,0,0,0,0,0,0,0,0,0,0,0,2,0,6,203.91710649982997,5.503846999999951,402.33036599966,37.0
1772905736,10,GET,/api/plugins/discover,0.000000,0.000000,0,0,0,0,0,0,0,0,0,0,0,3,0,22,24.58575633257472,21.479439999893657,30.200145998605876,85406.33333333333
1772905736,10,GET,/api/plugins/list,0.000000,0.000000,0,0,0,0,0,0,0,0,0,0,0,3,0,7,11.004734333255328,4.723333000583807,21.34771999953955,23.0
1772905736,10,,Aggregated,0.000000,0.000000,0,0,0,0,0,0,0,0,0,0,0,18,0,22,76.97481555533159,1.8282780001754873,402.33036599966,14547.555555555555
1772905737,10,GET,/api/audio/levels (during plugin swap),0.000000,0.000000,0,0,0,0,0,0,0,0,0,0,0,1,0,8.182567999028834,8.182567999028834,8.182567999028834,8.182567999028834,73.0
1772905737,10,GET,/api/audio/status,0.000000,0.000000,0,0,0,0,0,0,0,0,0,0,0,2,0,2,39.32849949978845,1.8282780001754873,76.82872099940141,168.0
1772905737,10,GET,/api/chains/,0.000000,0.000000,0,0,0,0,0,0,0,0,0,0,0,3,0,140.0,154.11745833322735,129.64732900036324,195.8881480004493,1451.0
1772905737,10,GET,/api/chains/{id},0.000000,0.000000,0,0,0,0,0,0,0,0,0,0,0,2,0,30,103.44042050019198,29.748212999038515,177.13262800134544,331.0
1772905737,10,POST,/api/chains/{id}/activate,0.000000,0.000000,0,0,0,0,0,0,0,0,0,0,0,2,0,17,57.43410600007337,16.929167999478523,97.93904400066822,35.0
1772905737,10,POST,/api/chains/{id}/deactivate,0.000000,0.000000,0,0,0,0,0,0,0,0,0,0,0,2,0,6,203.91710649982997,5.503846999999951,402.33036599966,37.0
1772905737,10,GET,/api/plugins/discover,0.000000,0.000000,0,0,0,0,0,0,0,0,0,0,0,3,0,22,24.58575633257472,21.479439999893657,30.200145998605876,85406.33333333333
1772905737,10,GET,/api/plugins/list,0.000000,0.000000,0,0,0,0,0,0,0,0,0,0,0,3,0,7,11.004734333255328,4.723333000583807,21.34771999953955,23.0
1772905737,10,,Aggregated,0.000000,0.000000,0,0,0,0,0,0,0,0,0,0,0,18,0,22,76.97481555533159,1.8282780001754873,402.33036599966,14547.555555555555
1772905738,10,GET,/api/audio/levels (during plugin swap),0.000000,0.000000,0,0,0,0,0,0,0,0,0,0,0,1,0,8.182567999028834,8.182567999028834,8.182567999028834,8.182567999028834,73.0
1772905738,10,GET,/api/audio/status,0.000000,0.000000,0,0,0,0,0,0,0,0,0,0,0,2,0,2,39.32849949978845,1.8282780001754873,76.82872099940141,168.0
1772905738,10,GET,/api/chains/,0.000000,0.000000,0,0,0,0,0,0,0,0,0,0,0,3,0,140.0,154.11745833322735,129.64732900036324,195.8881480004493,1451.0
1772905738,10,GET,/api/chains/{id},0.000000,0.000000,0,0,0,0,0,0,0,0,0,0,0,2,0,30,103.44042050019198,29.748212999038515,177.13262800134544,331.0
1772905738,10,POST,/api/chains/{id}/activate,0.000000,0.000000,0,0,0,0,0,0,0,0,0,0,0,2,0,17,57.43410600007337,16.929167999478523,97.93904400066822,35.0
1772905738,10,POST,/api/chains/{id}/deactivate,0.000000,0.000000,0,0,0,0,0,0,0,0,0,0,0,2,0,6,203.91710649982997,5.503846999999951,402.33036599966,37.0
1772905738,10,GET,/api/plugins/discover,0.000000,0.000000,0,0,0,0,0,0,0,0,0,0,0,3,0,22,24.58575633257472,21.479439999893657,30.200145998605876,85406.33333333333
1772905738,10,GET,/api/plugins/list,0.000000,0.000000,0,0,0,0,0,0,0,0,0,0,0,3,0,7,11.004734333255328,4.723333000583807,21.34771999953955,23.0
1772905738,10,,Aggregated,0.000000,0.000000,0,0,0,0,0,0,0,0,0,0,0,18,0,22,76.97481555533159,1.8282780001754873,402.33036599966,14547.555555555555
1772905739,10,GET,/api/audio/levels (during plugin swap),0.000000,0.000000,0,0,0,0,0,0,0,0,0,0,0,1,0,8.182567999028834,8.182567999028834,8.182567999028834,8.182567999028834,73.0
1772905739,10,GET,/api/audio/status,0.000000,0.000000,0,0,0,0,0,0,0,0,0,0,0,2,0,2,39.32849949978845,1.8282780001754873,76.82872099940141,168.0
1772905739,10,GET,/api/chains/,0.000000,0.000000,0,0,0,0,0,0,0,0,0,0,0,3,0,140.0,154.11745833322735,129.64732900036324,195.8881480004493,1451.0
1772905739,10,GET,/api/chains/{id},0.000000,0.000000,0,0,0,0,0,0,0,0,0,0,0,2,0,30,103.44042050019198,29.748212999038515,177.13262800134544,331.0
1772905739,10,POST,/api/chains/{id}/activate,0.000000,0.000000,0,0,0,0,0,0,0,0,0,0,0,2,0,17,57.43410600007337,16.929167999478523,97.93904400066822,35.0
1772905739,10,POST,/api/chains/{id}/deactivate,0.000000,0.000000,0,0,0,0,0,0,0,0,0,0,0,2,0,6,203.91710649982997,5.503846999999951,402.33036599966,37.0
1772905739,10,GET,/api/plugins/discover,0.000000,0.000000,0,0,0,0,0,0,0,0,0,0,0,3,0,22,24.58575633257472,21.479439999893657,30.200145998605876,85406.33333333333
1772905739,10,GET,/api/plugins/list,0.000000,0.000000,0,0,0,0,0,0,0,0,0,0,0,3,0,7,11.004734333255328,4.723333000583807,21.34771999953955,23.0
1772905739,10,,Aggregated,0.000000,0.000000,0,0,0,0,0,0,0,0,0,0,0,18,0,22,76.97481555533159,1.8282780001754873,402.33036599966,14547.555555555555
1772905740,10,GET,/api/audio/levels (during plugin swap),0.000000,0.000000,0,0,0,0,0,0,0,0,0,0,0,1,0,8.182567999028834,8.182567999028834,8.182567999028834,8.182567999028834,73.0
1772905740,10,GET,/api/audio/status,0.000000,0.000000,0,0,0,0,0,0,0,0,0,0,0,2,0,2,39.32849949978845,1.8282780001754873,76.82872099940141,168.0
1772905740,10,GET,/api/chains/,0.000000,0.000000,0,0,0,0,0,0,0,0,0,0,0,3,0,140.0,154.11745833322735,129.64732900036324,195.8881480004493,1451.0
1772905740,10,GET,/api/chains/{id},0.000000,0.000000,0,0,0,0,0,0,0,0,0,0,0,2,0,30,103.44042050019198,29.748212999038515,177.13262800134544,331.0
1772905740,10,POST,/api/chains/{id}/activate,0.000000,0.000000,0,0,0,0,0,0,0,0,0,0,0,2,0,17,57.43410600007337,16.929167999478523,97.93904400066822,35.0
1772905740,10,POST,/api/chains/{id}/deactivate,0.000000,0.000000,0,0,0,0,0,0,0,0,0,0,0,2,0,6,203.91710649982997,5.503846999999951,402.33036599966,37.0
1772905740,10,GET,/api/plugins/discover,0.000000,0.000000,0,0,0,0,0,0,0,0,0,0,0,3,0,22,24.58575633257472,21.479439999893657,30.200145998605876,85406.33333333333
1772905740,10,GET,/api/plugins/list,0.000000,0.000000,0,0,0,0,0,0,0,0,0,0,0,3,0,7,11.004734333255328,4.723333000583807,21.34771999953955,23.0
1772905740,10,,Aggregated,0.000000,0.000000,0,0,0,0,0,0,0,0,0,0,0,18,0,22,76.97481555533159,1.8282780001754873,402.33036599966,14547.555555555555
1772905741,10,GET,/api/audio/levels (during plugin swap),0.000000,0.000000,0,0,0,0,0,0,0,0,0,0,0,1,0,8.182567999028834,8.182567999028834,8.182567999028834,8.182567999028834,73.0
1772905741,10,GET,/api/audio/status,0.000000,0.000000,0,0,0,0,0,0,0,0,0,0,0,2,0,2,39.32849949978845,1.8282780001754873,76.82872099940141,168.0
1772905741,10,GET,/api/chains/,0.000000,0.000000,0,0,0,0,0,0,0,0,0,0,0,3,0,140.0,154.11745833322735,129.64732900036324,195.8881480004493,1451.0
1772905741,10,GET,/api/chains/{id},0.000000,0.000000,0,0,0,0,0,0,0,0,0,0,0,2,0,30,103.44042050019198,29.748212999038515,177.13262800134544,331.0
1772905741,10,POST,/api/chains/{id}/activate,0.000000,0.000000,0,0,0,0,0,0,0,0,0,0,0,2,0,17,57.43410600007337,16.929167999478523,97.93904400066822,35.0
1772905741,10,POST,/api/chains/{id}/deactivate,0.000000,0.000000,0,0,0,0,0,0,0,0,0,0,0,2,0,6,203.91710649982997,5.503846999999951,402.33036599966,37.0
1772905741,10,GET,/api/plugins/discover,0.000000,0.000000,0,0,0,0,0,0,0,0,0,0,0,3,0,22,24.58575633257472,21.479439999893657,30.200145998605876,85406.33333333333
1772905741,10,GET,/api/plugins/list,0.000000,0.000000,0,0,0,0,0,0,0,0,0,0,0,3,0,7,11.004734333255328,4.723333000583807,21.34771999953955,23.0
1772905741,10,,Aggregated,0.000000,0.000000,0,0,0,0,0,0,0,0,0,0,0,18,0,22,76.97481555533159,1.8282780001754873,402.33036599966,14547.555555555555
1772905742,10,GET,/api/audio/levels (during plugin swap),0.000000,0.000000,0,0,0,0,0,0,0,0,0,0,0,1,0,8.182567999028834,8.182567999028834,8.182567999028834,8.182567999028834,73.0
1772905742,10,GET,/api/audio/status,0.000000,0.000000,0,0,0,0,0,0,0,0,0,0,0,2,0,2,39.32849949978845,1.8282780001754873,76.82872099940141,168.0
1772905742,10,GET,/api/chains/,0.000000,0.000000,0,0,0,0,0,0,0,0,0,0,0,3,0,140.0,154.11745833322735,129.64732900036324,195.8881480004493,1451.0
1772905742,10,GET,/api/chains/{id},0.000000,0.000000,0,0,0,0,0,0,0,0,0,0,0,2,0,30,103.44042050019198,29.748212999038515,177.13262800134544,331.0
1772905742,10,POST,/api/chains/{id}/activate,0.000000,0.000000,0,0,0,0,0,0,0,0,0,0,0,2,0,17,57.43410600007337,16.929167999478523,97.93904400066822,35.0
1772905742,10,POST,/api/chains/{id}/deactivate,0.000000,0.000000,0,0,0,0,0,0,0,0,0,0,0,2,0,6,203.91710649982997,5.503846999999951,402.33036599966,37.0
1772905742,10,GET,/api/plugins/discover,0.000000,0.000000,0,0,0,0,0,0,0,0,0,0,0,3,0,22,24.58575633257472,21.479439999893657,30.200145998605876,85406.33333333333
1772905742,10,GET,/api/plugins/list,0.000000,0.000000,0,0,0,0,0,0,0,0,0,0,0,3,0,7,11.004734333255328,4.723333000583807,21.34771999953955,23.0
1772905742,10,,Aggregated,0.000000,0.000000,0,0,0,0,0,0,0,0,0,0,0,18,0,22,76.97481555533159,1.8282780001754873,402.33036599966,14547.555555555555
1772905743,10,GET,/api/audio/levels (during plugin swap),0.000000,0.000000,0,0,0,0,0,0,0,0,0,0,0,1,0,8.182567999028834,8.182567999028834,8.182567999028834,8.182567999028834,73.0
1772905743,10,GET,/api/audio/status,0.000000,0.000000,0,0,0,0,0,0,0,0,0,0,0,2,0,2,39.32849949978845,1.8282780001754873,76.82872099940141,168.0
1772905743,10,GET,/api/chains/,0.000000,0.000000,0,0,0,0,0,0,0,0,0,0,0,3,0,140.0,154.11745833322735,129.64732900036324,195.8881480004493,1451.0
1772905743,10,GET,/api/chains/{id},0.000000,0.000000,0,0,0,0,0,0,0,0,0,0,0,2,0,30,103.44042050019198,29.748212999038515,177.13262800134544,331.0
1772905743,10,POST,/api/chains/{id}/activate,0.000000,0.000000,0,0,0,0,0,0,0,0,0,0,0,2,0,17,57.43410600007337,16.929167999478523,97.93904400066822,35.0
1772905743,10,POST,/api/chains/{id}/deactivate,0.000000,0.000000,0,0,0,0,0,0,0,0,0,0,0,2,0,6,203.91710649982997,5.503846999999951,402.33036599966,37.0
1772905743,10,GET,/api/plugins/discover,0.000000,0.000000,0,0,0,0,0,0,0,0,0,0,0,3,0,22,24.58575633257472,21.479439999893657,30.200145998605876,85406.33333333333
1772905743,10,GET,/api/plugins/list,0.000000,0.000000,0,0,0,0,0,0,0,0,0,0,0,3,0,7,11.004734333255328,4.723333000583807,21.34771999953955,23.0
1772905743,10,,Aggregated,0.000000,0.000000,0,0,0,0,0,0,0,0,0,0,0,18,0,22,76.97481555533159,1.8282780001754873,402.33036599966,14547.555555555555
1772905744,10,GET,/api/audio/levels (during plugin swap),0.000000,0.000000,0,0,0,0,0,0,0,0,0,0,0,1,0,8.182567999028834,8.182567999028834,8.182567999028834,8.182567999028834,73.0
1772905744,10,GET,/api/audio/status,0.000000,0.000000,0,0,0,0,0,0,0,0,0,0,0,2,0,2,39.32849949978845,1.8282780001754873,76.82872099940141,168.0
1772905744,10,GET,/api/chains/,0.000000,0.000000,0,0,0,0,0,0,0,0,0,0,0,3,0,140.0,154.11745833322735,129.64732900036324,195.8881480004493,1451.0
1772905744,10,GET,/api/chains/{id},0.000000,0.000000,0,0,0,0,0,0,0,0,0,0,0,2,0,30,103.44042050019198,29.748212999038515,177.13262800134544,331.0
1772905744,10,POST,/api/chains/{id}/activate,0.000000,0.000000,0,0,0,0,0,0,0,0,0,0,0,2,0,17,57.43410600007337,16.929167999478523,97.93904400066822,35.0
1772905744,10,POST,/api/chains/{id}/deactivate,0.000000,0.000000,0,0,0,0,0,0,0,0,0,0,0,2,0,6,203.91710649982997,5.503846999999951,402.33036599966,37.0
1772905744,10,GET,/api/plugins/discover,0.000000,0.000000,0,0,0,0,0,0,0,0,0,0,0,3,0,22,24.58575633257472,21.479439999893657,30.200145998605876,85406.33333333333
1772905744,10,GET,/api/plugins/list,0.000000,0.000000,0,0,0,0,0,0,0,0,0,0,0,3,0,7,11.004734333255328,4.723333000583807,21.34771999953955,23.0
1772905744,10,,Aggregated,0.000000,0.000000,0,0,0,0,0,0,0,0,0,0,0,18,0,22,76.97481555533159,1.8282780001754873,402.33036599966,14547.555555555555
1772905745,10,GET,/api/audio/levels (during plugin swap),0.000000,0.000000,0,0,0,0,0,0,0,0,0,0,0,1,0,8.182567999028834,8.182567999028834,8.182567999028834,8.182567999028834,73.0
1772905745,10,GET,/api/audio/status,0.000000,0.000000,0,0,0,0,0,0,0,0,0,0,0,2,0,2,39.32849949978845,1.8282780001754873,76.82872099940141,168.0
1772905745,10,GET,/api/chains/,0.000000,0.000000,0,0,0,0,0,0,0,0,0,0,0,3,0,140.0,154.11745833322735,129.64732900036324,195.8881480004493,1451.0
1772905745,10,GET,/api/chains/{id},0.000000,0.000000,0,0,0,0,0,0,0,0,0,0,0,2,0,30,103.44042050019198,29.748212999038515,177.13262800134544,331.0
1772905745,10,POST,/api/chains/{id}/activate,0.000000,0.000000,0,0,0,0,0,0,0,0,0,0,0,2,0,17,57.43410600007337,16.929167999478523,97.93904400066822,35.0
1772905745,10,POST,/api/chains/{id}/deactivate,0.000000,0.000000,0,0,0,0,0,0,0,0,0,0,0,2,0,6,203.91710649982997,5.503846999999951,402.33036599966,37.0
1772905745,10,GET,/api/plugins/discover,0.000000,0.000000,0,0,0,0,0,0,0,0,0,0,0,3,0,22,24.58575633257472,21.479439999893657,30.200145998605876,85406.33333333333
1772905745,10,GET,/api/plugins/list,0.000000,0.000000,0,0,0,0,0,0,0,0,0,0,0,3,0,7,11.004734333255328,4.723333000583807,21.34771999953955,23.0
1772905745,10,,Aggregated,0.000000,0.000000,0,0,0,0,0,0,0,0,0,0,0,18,0,22,76.97481555533159,1.8282780001754873,402.33036599966,14547.555555555555
1772905746,10,GET,/api/audio/levels (during plugin swap),0.000000,0.000000,0,0,0,0,0,0,0,0,0,0,0,1,0,8.182567999028834,8.182567999028834,8.182567999028834,8.182567999028834,73.0
1772905746,10,GET,/api/audio/status,0.000000,0.000000,0,0,0,0,0,0,0,0,0,0,0,2,0,2,39.32849949978845,1.8282780001754873,76.82872099940141,168.0
1772905746,10,GET,/api/chains/,0.000000,0.000000,0,0,0,0,0,0,0,0,0,0,0,3,0,140.0,154.11745833322735,129.64732900036324,195.8881480004493,1451.0
1772905746,10,GET,/api/chains/{id},0.000000,0.000000,0,0,0,0,0,0,0,0,0,0,0,2,0,30,103.44042050019198,29.748212999038515,177.13262800134544,331.0
1772905746,10,POST,/api/chains/{id}/activate,0.000000,0.000000,0,0,0,0,0,0,0,0,0,0,0,2,0,17,57.43410600007337,16.929167999478523,97.93904400066822,35.0
1772905746,10,POST,/api/chains/{id}/deactivate,0.000000,0.000000,0,0,0,0,0,0,0,0,0,0,0,2,0,6,203.91710649982997,5.503846999999951,402.33036599966,37.0
1772905746,10,GET,/api/plugins/discover,0.000000,0.000000,0,0,0,0,0,0,0,0,0,0,0,3,0,22,24.58575633257472,21.479439999893657,30.200145998605876,85406.33333333333
1772905746,10,GET,/api/plugins/list,0.000000,0.000000,0,0,0,0,0,0,0,0,0,0,0,3,0,7,11.004734333255328,4.723333000583807,21.34771999953955,23.0
1772905746,10,,Aggregated,0.000000,0.000000,0,0,0,0,0,0,0,0,0,0,0,18,0,22,76.97481555533159,1.8282780001754873,402.33036599966,14547.555555555555
1772905747,10,GET,/api/audio/levels (during plugin swap),0.000000,0.000000,0,0,0,0,0,0,0,0,0,0,0,1,0,8.182567999028834,8.182567999028834,8.182567999028834,8.182567999028834,73.0
1772905747,10,GET,/api/audio/status,0.000000,0.000000,0,0,0,0,0,0,0,0,0,0,0,2,0,2,39.32849949978845,1.8282780001754873,76.82872099940141,168.0
1772905747,10,GET,/api/chains/,0.000000,0.000000,0,0,0,0,0,0,0,0,0,0,0,3,0,140.0,154.11745833322735,129.64732900036324,195.8881480004493,1451.0
1772905747,10,GET,/api/chains/{id},0.000000,0.000000,0,0,0,0,0,0,0,0,0,0,0,2,0,30,103.44042050019198,29.748212999038515,177.13262800134544,331.0
1772905747,10,POST,/api/chains/{id}/activate,0.000000,0.000000,0,0,0,0,0,0,0,0,0,0,0,2,0,17,57.43410600007337,16.929167999478523,97.93904400066822,35.0
1772905747,10,POST,/api/chains/{id}/deactivate,0.000000,0.000000,0,0,0,0,0,0,0,0,0,0,0,2,0,6,203.91710649982997,5.503846999999951,402.33036599966,37.0
1772905747,10,GET,/api/plugins/discover,0.000000,0.000000,0,0,0,0,0,0,0,0,0,0,0,3,0,22,24.58575633257472,21.479439999893657,30.200145998605876,85406.33333333333
1772905747,10,GET,/api/plugins/list,0.000000,0.000000,0,0,0,0,0,0,0,0,0,0,0,3,0,7,11.004734333255328,4.723333000583807,21.34771999953955,23.0
1772905747,10,,Aggregated,0.000000,0.000000,0,0,0,0,0,0,0,0,0,0,0,18,0,22,76.97481555533159,1.8282780001754873,402.33036599966,14547.555555555555
1772905748,10,GET,/api/audio/levels (during plugin swap),0.000000,0.000000,0,0,0,0,0,0,0,0,0,0,0,1,0,8.182567999028834,8.182567999028834,8.182567999028834,8.182567999028834,73.0
1772905748,10,GET,/api/audio/status,0.000000,0.000000,0,0,0,0,0,0,0,0,0,0,0,2,0,2,39.32849949978845,1.8282780001754873,76.82872099940141,168.0
1772905748,10,GET,/api/chains/,0.000000,0.000000,0,0,0,0,0,0,0,0,0,0,0,3,0,140.0,154.11745833322735,129.64732900036324,195.8881480004493,1451.0
1772905748,10,GET,/api/chains/{id},0.000000,0.000000,0,0,0,0,0,0,0,0,0,0,0,2,0,30,103.44042050019198,29.748212999038515,177.13262800134544,331.0
1772905748,10,POST,/api/chains/{id}/activate,0.000000,0.000000,0,0,0,0,0,0,0,0,0,0,0,2,0,17,57.43410600007337,16.929167999478523,97.93904400066822,35.0
1772905748,10,POST,/api/chains/{id}/deactivate,0.000000,0.000000,0,0,0,0,0,0,0,0,0,0,0,2,0,6,203.91710649982997,5.503846999999951,402.33036599966,37.0
1772905748,10,GET,/api/plugins/discover,0.000000,0.000000,0,0,0,0,0,0,0,0,0,0,0,3,0,22,24.58575633257472,21.479439999893657,30.200145998605876,85406.33333333333
1772905748,10,GET,/api/plugins/list,0.000000,0.000000,0,0,0,0,0,0,0,0,0,0,0,3,0,7,11.004734333255328,4.723333000583807,21.34771999953955,23.0
1772905748,10,,Aggregated,0.000000,0.000000,0,0,0,0,0,0,0,0,0,0,0,18,0,22,76.97481555533159,1.8282780001754873,402.33036599966,14547.555555555555
1772905749,10,GET,/api/audio/levels (during plugin swap),0.000000,0.000000,0,0,0,0,0,0,0,0,0,0,0,1,0,8.182567999028834,8.182567999028834,8.182567999028834,8.182567999028834,73.0
1772905749,10,GET,/api/audio/status,0.000000,0.000000,0,0,0,0,0,0,0,0,0,0,0,2,0,2,39.32849949978845,1.8282780001754873,76.82872099940141,168.0
1772905749,10,GET,/api/chains/,0.000000,0.000000,0,0,0,0,0,0,0,0,0,0,0,3,0,140.0,154.11745833322735,129.64732900036324,195.8881480004493,1451.0
1772905749,10,GET,/api/chains/{id},0.000000,0.000000,0,0,0,0,0,0,0,0,0,0,0,2,0,30,103.44042050019198,29.748212999038515,177.13262800134544,331.0
1772905749,10,POST,/api/chains/{id}/activate,0.000000,0.000000,0,0,0,0,0,0,0,0,0,0,0,2,0,17,57.43410600007337,16.929167999478523,97.93904400066822,35.0
1772905749,10,POST,/api/chains/{id}/deactivate,0.000000,0.000000,0,0,0,0,0,0,0,0,0,0,0,2,0,6,203.91710649982997,5.503846999999951,402.33036599966,37.0
1772905749,10,GET,/api/plugins/discover,0.000000,0.000000,0,0,0,0,0,0,0,0,0,0,0,3,0,22,24.58575633257472,21.479439999893657,30.200145998605876,85406.33333333333
1772905749,10,GET,/api/plugins/list,0.000000,0.000000,0,0,0,0,0,0,0,0,0,0,0,3,0,7,11.004734333255328,4.723333000583807,21.34771999953955,23.0
1772905749,10,,Aggregated,0.000000,0.000000,0,0,0,0,0,0,0,0,0,0,0,18,0,22,76.97481555533159,1.8282780001754873,402.33036599966,14547.555555555555
1772905750,10,GET,/api/audio/levels (during plugin swap),0.000000,0.000000,0,0,0,0,0,0,0,0,0,0,0,1,0,8.182567999028834,8.182567999028834,8.182567999028834,8.182567999028834,73.0
1772905750,10,GET,/api/audio/status,0.000000,0.000000,0,0,0,0,0,0,0,0,0,0,0,2,0,2,39.32849949978845,1.8282780001754873,76.82872099940141,168.0
1772905750,10,GET,/api/chains/,0.000000,0.000000,0,0,0,0,0,0,0,0,0,0,0,3,0,140.0,154.11745833322735,129.64732900036324,195.8881480004493,1451.0
1772905750,10,GET,/api/chains/{id},0.000000,0.000000,0,0,0,0,0,0,0,0,0,0,0,2,0,30,103.44042050019198,29.748212999038515,177.13262800134544,331.0
1772905750,10,POST,/api/chains/{id}/activate,0.000000,0.000000,0,0,0,0,0,0,0,0,0,0,0,2,0,17,57.43410600007337,16.929167999478523,97.93904400066822,35.0
1772905750,10,POST,/api/chains/{id}/deactivate,0.000000,0.000000,0,0,0,0,0,0,0,0,0,0,0,2,0,6,203.91710649982997,5.503846999999951,402.33036599966,37.0
1772905750,10,GET,/api/plugins/discover,0.000000,0.000000,0,0,0,0,0,0,0,0,0,0,0,3,0,22,24.58575633257472,21.479439999893657,30.200145998605876,85406.33333333333
1772905750,10,GET,/api/plugins/list,0.000000,0.000000,0,0,0,0,0,0,0,0,0,0,0,3,0,7,11.004734333255328,4.723333000583807,21.34771999953955,23.0
1772905750,10,,Aggregated,0.000000,0.000000,0,0,0,0,0,0,0,0,0,0,0,18,0,22,76.97481555533159,1.8282780001754873,402.33036599966,14547.555555555555
1772905751,10,GET,/api/audio/levels (during plugin swap),0.000000,0.000000,0,0,0,0,0,0,0,0,0,0,0,1,0,8.182567999028834,8.182567999028834,8.182567999028834,8.182567999028834,73.0
1772905751,10,GET,/api/audio/status,0.000000,0.000000,0,0,0,0,0,0,0,0,0,0,0,2,0,2,39.32849949978845,1.8282780001754873,76.82872099940141,168.0
1772905751,10,GET,/api/chains/,0.000000,0.000000,0,0,0,0,0,0,0,0,0,0,0,3,0,140.0,154.11745833322735,129.64732900036324,195.8881480004493,1451.0
1772905751,10,GET,/api/chains/{id},0.000000,0.000000,0,0,0,0,0,0,0,0,0,0,0,2,0,30,103.44042050019198,29.748212999038515,177.13262800134544,331.0
1772905751,10,POST,/api/chains/{id}/activate,0.000000,0.000000,0,0,0,0,0,0,0,0,0,0,0,2,0,17,57.43410600007337,16.929167999478523,97.93904400066822,35.0
1772905751,10,POST,/api/chains/{id}/deactivate,0.000000,0.000000,0,0,0,0,0,0,0,0,0,0,0,2,0,6,203.91710649982997,5.503846999999951,402.33036599966,37.0
1772905751,10,GET,/api/plugins/discover,0.000000,0.000000,0,0,0,0,0,0,0,0,0,0,0,3,0,22,24.58575633257472,21.479439999893657,30.200145998605876,85406.33333333333
1772905751,10,GET,/api/plugins/list,0.000000,0.000000,0,0,0,0,0,0,0,0,0,0,0,3,0,7,11.004734333255328,4.723333000583807,21.34771999953955,23.0
1772905751,10,,Aggregated,0.000000,0.000000,0,0,0,0,0,0,0,0,0,0,0,18,0,22,76.97481555533159,1.8282780001754873,402.33036599966,14547.555555555555
1772905752,10,GET,/api/audio/levels (during plugin swap),0.000000,0.000000,0,0,0,0,0,0,0,0,0,0,0,1,0,8.182567999028834,8.182567999028834,8.182567999028834,8.182567999028834,73.0
1772905752,10,GET,/api/audio/status,0.000000,0.000000,0,0,0,0,0,0,0,0,0,0,0,2,0,2,39.32849949978845,1.8282780001754873,76.82872099940141,168.0
1772905752,10,GET,/api/chains/,0.000000,0.000000,0,0,0,0,0,0,0,0,0,0,0,3,0,140.0,154.11745833322735,129.64732900036324,195.8881480004493,1451.0
1772905752,10,GET,/api/chains/{id},0.000000,0.000000,0,0,0,0,0,0,0,0,0,0,0,2,0,30,103.44042050019198,29.748212999038515,177.13262800134544,331.0
1772905752,10,POST,/api/chains/{id}/activate,0.000000,0.000000,0,0,0,0,0,0,0,0,0,0,0,2,0,17,57.43410600007337,16.929167999478523,97.93904400066822,35.0
1772905752,10,POST,/api/chains/{id}/deactivate,0.000000,0.000000,0,0,0,0,0,0,0,0,0,0,0,2,0,6,203.91710649982997,5.503846999999951,402.33036599966,37.0
1772905752,10,GET,/api/plugins/discover,0.000000,0.000000,0,0,0,0,0,0,0,0,0,0,0,3,0,22,24.58575633257472,21.479439999893657,30.200145998605876,85406.33333333333
1772905752,10,GET,/api/plugins/list,0.000000,0.000000,0,0,0,0,0,0,0,0,0,0,0,3,0,7,11.004734333255328,4.723333000583807,21.34771999953955,23.0
1772905752,10,,Aggregated,0.000000,0.000000,0,0,0,0,0,0,0,0,0,0,0,18,0,22,76.97481555533159,1.8282780001754873,402.33036599966,14547.555555555555
1772905753,10,GET,/api/audio/levels (during plugin swap),0.000000,0.000000,0,0,0,0,0,0,0,0,0,0,0,1,0,8.182567999028834,8.182567999028834,8.182567999028834,8.182567999028834,73.0
1772905753,10,GET,/api/audio/status,0.000000,0.000000,0,0,0,0,0,0,0,0,0,0,0,2,0,2,39.32849949978845,1.8282780001754873,76.82872099940141,168.0
1772905753,10,GET,/api/chains/,0.000000,0.000000,0,0,0,0,0,0,0,0,0,0,0,3,0,140.0,154.11745833322735,129.64732900036324,195.8881480004493,1451.0
1772905753,10,GET,/api/chains/{id},0.000000,0.000000,0,0,0,0,0,0,0,0,0,0,0,2,0,30,103.44042050019198,29.748212999038515,177.13262800134544,331.0
1772905753,10,POST,/api/chains/{id}/activate,0.000000,0.000000,0,0,0,0,0,0,0,0,0,0,0,2,0,17,57.43410600007337,16.929167999478523,97.93904400066822,35.0
1772905753,10,POST,/api/chains/{id}/deactivate,0.000000,0.000000,0,0,0,0,0,0,0,0,0,0,0,2,0,6,203.91710649982997,5.503846999999951,402.33036599966,37.0
1772905753,10,GET,/api/plugins/discover,0.000000,0.000000,0,0,0,0,0,0,0,0,0,0,0,3,0,22,24.58575633257472,21.479439999893657,30.200145998605876,85406.33333333333
1772905753,10,GET,/api/plugins/list,0.000000,0.000000,0,0,0,0,0,0,0,0,0,0,0,3,0,7,11.004734333255328,4.723333000583807,21.34771999953955,23.0
1772905753,10,,Aggregated,0.000000,0.000000,0,0,0,0,0,0,0,0,0,0,0,18,0,22,76.97481555533159,1.8282780001754873,402.33036599966,14547.555555555555
1772905754,10,GET,/api/audio/levels (during plugin swap),0.000000,0.000000,0,0,0,0,0,0,0,0,0,0,0,1,0,8.182567999028834,8.182567999028834,8.182567999028834,8.182567999028834,73.0
1772905754,10,GET,/api/audio/status,0.000000,0.000000,0,0,0,0,0,0,0,0,0,0,0,2,0,2,39.32849949978845,1.8282780001754873,76.82872099940141,168.0
1772905754,10,GET,/api/chains/,0.000000,0.000000,0,0,0,0,0,0,0,0,0,0,0,3,0,140.0,154.11745833322735,129.64732900036324,195.8881480004493,1451.0
1772905754,10,GET,/api/chains/{id},0.000000,0.000000,0,0,0,0,0,0,0,0,0,0,0,2,0,30,103.44042050019198,29.748212999038515,177.13262800134544,331.0
1772905754,10,POST,/api/chains/{id}/activate,0.000000,0.000000,0,0,0,0,0,0,0,0,0,0,0,2,0,17,57.43410600007337,16.929167999478523,97.93904400066822,35.0
1772905754,10,POST,/api/chains/{id}/deactivate,0.000000,0.000000,0,0,0,0,0,0,0,0,0,0,0,2,0,6,203.91710649982997,5.503846999999951,402.33036599966,37.0
1772905754,10,GET,/api/plugins/discover,0.000000,0.000000,0,0,0,0,0,0,0,0,0,0,0,3,0,22,24.58575633257472,21.479439999893657,30.200145998605876,85406.33333333333
1772905754,10,GET,/api/plugins/list,0.000000,0.000000,0,0,0,0,0,0,0,0,0,0,0,3,0,7,11.004734333255328,4.723333000583807,21.34771999953955,23.0
1772905754,10,,Aggregated,0.000000,0.000000,0,0,0,0,0,0,0,0,0,0,0,18,0,22,76.97481555533159,1.8282780001754873,402.33036599966,14547.555555555555
1772905755,10,GET,/api/audio/levels (during plugin swap),0.000000,0.000000,0,0,0,0,0,0,0,0,0,0,0,1,0,8.182567999028834,8.182567999028834,8.182567999028834,8.182567999028834,73.0
1772905755,10,GET,/api/audio/status,0.000000,0.000000,0,0,0,0,0,0,0,0,0,0,0,2,0,2,39.32849949978845,1.8282780001754873,76.82872099940141,168.0
1772905755,10,GET,/api/chains/,0.000000,0.000000,0,0,0,0,0,0,0,0,0,0,0,3,0,140.0,154.11745833322735,129.64732900036324,195.8881480004493,1451.0
1772905755,10,GET,/api/chains/{id},0.000000,0.000000,0,0,0,0,0,0,0,0,0,0,0,2,0,30,103.44042050019198,29.748212999038515,177.13262800134544,331.0
1772905755,10,POST,/api/chains/{id}/activate,0.000000,0.000000,0,0,0,0,0,0,0,0,0,0,0,2,0,17,57.43410600007337,16.929167999478523,97.93904400066822,35.0
1772905755,10,POST,/api/chains/{id}/deactivate,0.000000,0.000000,0,0,0,0,0,0,0,0,0,0,0,2,0,6,203.91710649982997,5.503846999999951,402.33036599966,37.0
1772905755,10,GET,/api/plugins/discover,0.000000,0.000000,0,0,0,0,0,0,0,0,0,0,0,3,0,22,24.58575633257472,21.479439999893657,30.200145998605876,85406.33333333333
1772905755,10,GET,/api/plugins/list,0.000000,0.000000,0,0,0,0,0,0,0,0,0,0,0,3,0,7,11.004734333255328,4.723333000583807,21.34771999953955,23.0
1772905755,10,,Aggregated,0.000000,0.000000,0,0,0,0,0,0,0,0,0,0,0,18,0,22,76.97481555533159,1.8282780001754873,402.33036599966,14547.555555555555
1772905756,10,GET,/api/audio/levels (during plugin swap),0.000000,0.000000,0,0,0,0,0,0,0,0,0,0,0,1,0,8.182567999028834,8.182567999028834,8.182567999028834,8.182567999028834,73.0
1772905756,10,GET,/api/audio/status,0.000000,0.000000,0,0,0,0,0,0,0,0,0,0,0,2,0,2,39.32849949978845,1.8282780001754873,76.82872099940141,168.0
1772905756,10,GET,/api/chains/,0.000000,0.000000,0,0,0,0,0,0,0,0,0,0,0,3,0,140.0,154.11745833322735,129.64732900036324,195.8881480004493,1451.0
1772905756,10,GET,/api/chains/{id},0.000000,0.000000,0,0,0,0,0,0,0,0,0,0,0,2,0,30,103.44042050019198,29.748212999038515,177.13262800134544,331.0
1772905756,10,POST,/api/chains/{id}/activate,0.000000,0.000000,0,0,0,0,0,0,0,0,0,0,0,2,0,17,57.43410600007337,16.929167999478523,97.93904400066822,35.0
1772905756,10,POST,/api/chains/{id}/deactivate,0.000000,0.000000,0,0,0,0,0,0,0,0,0,0,0,2,0,6,203.91710649982997,5.503846999999951,402.33036599966,37.0
1772905756,10,GET,/api/plugins/discover,0.000000,0.000000,0,0,0,0,0,0,0,0,0,0,0,3,0,22,24.58575633257472,21.479439999893657,30.200145998605876,85406.33333333333
1772905756,10,GET,/api/plugins/list,0.000000,0.000000,0,0,0,0,0,0,0,0,0,0,0,3,0,7,11.004734333255328,4.723333000583807,21.34771999953955,23.0
1772905756,10,,Aggregated,0.000000,0.000000,0,0,0,0,0,0,0,0,0,0,0,18,0,22,76.97481555533159,1.8282780001754873,402.33036599966,14547.555555555555
1772905757,10,GET,/api/audio/levels (during plugin swap),0.000000,0.000000,0,0,0,0,0,0,0,0,0,0,0,1,0,8.182567999028834,8.182567999028834,8.182567999028834,8.182567999028834,73.0
1772905757,10,GET,/api/audio/status,0.000000,0.000000,0,0,0,0,0,0,0,0,0,0,0,2,0,2,39.32849949978845,1.8282780001754873,76.82872099940141,168.0
1772905757,10,GET,/api/chains/,0.000000,0.000000,0,0,0,0,0,0,0,0,0,0,0,3,0,140.0,154.11745833322735,129.64732900036324,195.8881480004493,1451.0
1772905757,10,GET,/api/chains/{id},0.000000,0.000000,0,0,0,0,0,0,0,0,0,0,0,2,0,30,103.44042050019198,29.748212999038515,177.13262800134544,331.0
1772905757,10,POST,/api/chains/{id}/activate,0.000000,0.000000,0,0,0,0,0,0,0,0,0,0,0,2,0,17,57.43410600007337,16.929167999478523,97.93904400066822,35.0
1772905757,10,POST,/api/chains/{id}/deactivate,0.000000,0.000000,0,0,0,0,0,0,0,0,0,0,0,2,0,6,203.91710649982997,5.503846999999951,402.33036599966,37.0
1772905757,10,GET,/api/plugins/discover,0.000000,0.000000,0,0,0,0,0,0,0,0,0,0,0,3,0,22,24.58575633257472,21.479439999893657,30.200145998605876,85406.33333333333
1772905757,10,GET,/api/plugins/list,0.000000,0.000000,0,0,0,0,0,0,0,0,0,0,0,3,0,7,11.004734333255328,4.723333000583807,21.34771999953955,23.0
1772905757,10,,Aggregated,0.000000,0.000000,0,0,0,0,0,0,0,0,0,0,0,18,0,22,76.97481555533159,1.8282780001754873,402.33036599966,14547.555555555555
1772905758,10,GET,/api/audio/levels (during plugin swap),0.000000,0.000000,0,0,0,0,0,0,0,0,0,0,0,1,0,8.182567999028834,8.182567999028834,8.182567999028834,8.182567999028834,73.0
1772905758,10,GET,/api/audio/status,0.000000,0.000000,0,0,0,0,0,0,0,0,0,0,0,2,0,2,39.32849949978845,1.8282780001754873,76.82872099940141,168.0
1772905758,10,GET,/api/chains/,0.000000,0.000000,0,0,0,0,0,0,0,0,0,0,0,3,0,140.0,154.11745833322735,129.64732900036324,195.8881480004493,1451.0
1772905758,10,GET,/api/chains/{id},0.000000,0.000000,0,0,0,0,0,0,0,0,0,0,0,2,0,30,103.44042050019198,29.748212999038515,177.13262800134544,331.0
1772905758,10,POST,/api/chains/{id}/activate,0.000000,0.000000,0,0,0,0,0,0,0,0,0,0,0,2,0,17,57.43410600007337,16.929167999478523,97.93904400066822,35.0
1772905758,10,POST,/api/chains/{id}/deactivate,0.000000,0.000000,0,0,0,0,0,0,0,0,0,0,0,2,0,6,203.91710649982997,5.503846999999951,402.33036599966,37.0
1772905758,10,GET,/api/plugins/discover,0.000000,0.000000,0,0,0,0,0,0,0,0,0,0,0,3,0,22,24.58575633257472,21.479439999893657,30.200145998605876,85406.33333333333
1772905758,10,GET,/api/plugins/list,0.000000,0.000000,0,0,0,0,0,0,0,0,0,0,0,3,0,7,11.004734333255328,4.723333000583807,21.34771999953955,23.0
1772905758,10,,Aggregated,0.000000,0.000000,0,0,0,0,0,0,0,0,0,0,0,18,0,22,76.97481555533159,1.8282780001754873,402.33036599966,14547.555555555555
1772905759,10,GET,/api/audio/levels (during plugin swap),0.000000,0.000000,0,0,0,0,0,0,0,0,0,0,0,1,0,8.182567999028834,8.182567999028834,8.182567999028834,8.182567999028834,73.0
1772905759,10,GET,/api/audio/status,0.000000,0.000000,0,0,0,0,0,0,0,0,0,0,0,2,0,2,39.32849949978845,1.8282780001754873,76.82872099940141,168.0
1772905759,10,GET,/api/chains/,0.000000,0.000000,0,0,0,0,0,0,0,0,0,0,0,3,0,140.0,154.11745833322735,129.64732900036324,195.8881480004493,1451.0
1772905759,10,GET,/api/chains/{id},0.000000,0.000000,0,0,0,0,0,0,0,0,0,0,0,2,0,30,103.44042050019198,29.748212999038515,177.13262800134544,331.0
1772905759,10,POST,/api/chains/{id}/activate,0.000000,0.000000,0,0,0,0,0,0,0,0,0,0,0,2,0,17,57.43410600007337,16.929167999478523,97.93904400066822,35.0
1772905759,10,POST,/api/chains/{id}/deactivate,0.000000,0.000000,0,0,0,0,0,0,0,0,0,0,0,2,0,6,203.91710649982997,5.503846999999951,402.33036599966,37.0
1772905759,10,GET,/api/plugins/discover,0.000000,0.000000,0,0,0,0,0,0,0,0,0,0,0,3,0,22,24.58575633257472,21.479439999893657,30.200145998605876,85406.33333333333
1772905759,10,GET,/api/plugins/list,0.000000,0.000000,0,0,0,0,0,0,0,0,0,0,0,3,0,7,11.004734333255328,4.723333000583807,21.34771999953955,23.0
1772905759,10,,Aggregated,0.000000,0.000000,0,0,0,0,0,0,0,0,0,0,0,18,0,22,76.97481555533159,1.8282780001754873,402.33036599966,14547.555555555555
1772905760,10,GET,/api/audio/levels (during plugin swap),0.000000,0.000000,0,0,0,0,0,0,0,0,0,0,0,1,0,8.182567999028834,8.182567999028834,8.182567999028834,8.182567999028834,73.0
1772905760,10,GET,/api/audio/status,0.000000,0.000000,0,0,0,0,0,0,0,0,0,0,0,2,0,2,39.32849949978845,1.8282780001754873,76.82872099940141,168.0
1772905760,10,GET,/api/chains/,0.000000,0.000000,0,0,0,0,0,0,0,0,0,0,0,3,0,140.0,154.11745833322735,129.64732900036324,195.8881480004493,1451.0
1772905760,10,GET,/api/chains/{id},0.000000,0.000000,0,0,0,0,0,0,0,0,0,0,0,2,0,30,103.44042050019198,29.748212999038515,177.13262800134544,331.0
1772905760,10,POST,/api/chains/{id}/activate,0.000000,0.000000,0,0,0,0,0,0,0,0,0,0,0,2,0,17,57.43410600007337,16.929167999478523,97.93904400066822,35.0
1772905760,10,POST,/api/chains/{id}/deactivate,0.000000,0.000000,0,0,0,0,0,0,0,0,0,0,0,2,0,6,203.91710649982997,5.503846999999951,402.33036599966,37.0
1772905760,10,GET,/api/plugins/discover,0.000000,0.000000,0,0,0,0,0,0,0,0,0,0,0,3,0,22,24.58575633257472,21.479439999893657,30.200145998605876,85406.33333333333
1772905760,10,GET,/api/plugins/list,0.000000,0.000000,0,0,0,0,0,0,0,0,0,0,0,3,0,7,11.004734333255328,4.723333000583807,21.34771999953955,23.0
1772905760,10,,Aggregated,0.000000,0.000000,0,0,0,0,0,0,0,0,0,0,0,18,0,22,76.97481555533159,1.8282780001754873,402.33036599966,14547.555555555555
1772905761,10,GET,/api/audio/levels (during plugin swap),0.000000,0.000000,0,0,0,0,0,0,0,0,0,0,0,1,0,8.182567999028834,8.182567999028834,8.182567999028834,8.182567999028834,73.0
1772905761,10,GET,/api/audio/status,0.000000,0.000000,0,0,0,0,0,0,0,0,0,0,0,2,0,2,39.32849949978845,1.8282780001754873,76.82872099940141,168.0
1772905761,10,GET,/api/chains/,0.000000,0.000000,0,0,0,0,0,0,0,0,0,0,0,3,0,140.0,154.11745833322735,129.64732900036324,195.8881480004493,1451.0
1772905761,10,GET,/api/chains/{id},0.000000,0.000000,0,0,0,0,0,0,0,0,0,0,0,2,0,30,103.44042050019198,29.748212999038515,177.13262800134544,331.0
1772905761,10,POST,/api/chains/{id}/activate,0.000000,0.000000,0,0,0,0,0,0,0,0,0,0,0,2,0,17,57.43410600007337,16.929167999478523,97.93904400066822,35.0
1772905761,10,POST,/api/chains/{id}/deactivate,0.000000,0.000000,0,0,0,0,0,0,0,0,0,0,0,2,0,6,203.91710649982997,5.503846999999951,402.33036599966,37.0
1772905761,10,GET,/api/plugins/discover,0.000000,0.000000,0,0,0,0,0,0,0,0,0,0,0,3,0,22,24.58575633257472,21.479439999893657,30.200145998605876,85406.33333333333
1772905761,10,GET,/api/plugins/list,0.000000,0.000000,0,0,0,0,0,0,0,0,0,0,0,3,0,7,11.004734333255328,4.723333000583807,21.34771999953955,23.0
1772905761,10,,Aggregated,0.000000,0.000000,0,0,0,0,0,0,0,0,0,0,0,18,0,22,76.97481555533159,1.8282780001754873,402.33036599966,14547.555555555555
1772905762,10,GET,/api/audio/levels (during plugin swap),0.000000,0.000000,0,0,0,0,0,0,0,0,0,0,0,1,0,8.182567999028834,8.182567999028834,8.182567999028834,8.182567999028834,73.0
1772905762,10,GET,/api/audio/status,0.000000,0.000000,0,0,0,0,0,0,0,0,0,0,0,2,0,2,39.32849949978845,1.8282780001754873,76.82872099940141,168.0
1772905762,10,GET,/api/chains/,0.000000,0.000000,0,0,0,0,0,0,0,0,0,0,0,3,0,140.0,154.11745833322735,129.64732900036324,195.8881480004493,1451.0
1772905762,10,GET,/api/chains/{id},0.000000,0.000000,0,0,0,0,0,0,0,0,0,0,0,2,0,30,103.44042050019198,29.748212999038515,177.13262800134544,331.0
1772905762,10,POST,/api/chains/{id}/activate,0.000000,0.000000,0,0,0,0,0,0,0,0,0,0,0,2,0,17,57.43410600007337,16.929167999478523,97.93904400066822,35.0
1772905762,10,POST,/api/chains/{id}/deactivate,0.000000,0.000000,0,0,0,0,0,0,0,0,0,0,0,2,0,6,203.91710649982997,5.503846999999951,402.33036599966,37.0
1772905762,10,GET,/api/plugins/discover,0.000000,0.000000,0,0,0,0,0,0,0,0,0,0,0,3,0,22,24.58575633257472,21.479439999893657,30.200145998605876,85406.33333333333
1772905762,10,GET,/api/plugins/list,0.000000,0.000000,0,0,0,0,0,0,0,0,0,0,0,3,0,7,11.004734333255328,4.723333000583807,21.34771999953955,23.0
1772905762,10,,Aggregated,0.000000,0.000000,0,0,0,0,0,0,0,0,0,0,0,18,0,22,76.97481555533159,1.8282780001754873,402.33036599966,14547.555555555555
1772905763,10,GET,/api/audio/levels (during plugin swap),0.000000,0.000000,0,0,0,0,0,0,0,0,0,0,0,1,0,8.182567999028834,8.182567999028834,8.182567999028834,8.182567999028834,73.0
1772905763,10,GET,/api/audio/status,0.000000,0.000000,0,0,0,0,0,0,0,0,0,0,0,2,0,2,39.32849949978845,1.8282780001754873,76.82872099940141,168.0
1772905763,10,GET,/api/chains/,0.000000,0.000000,0,0,0,0,0,0,0,0,0,0,0,3,0,140.0,154.11745833322735,129.64732900036324,195.8881480004493,1451.0
1772905763,10,GET,/api/chains/{id},0.000000,0.000000,0,0,0,0,0,0,0,0,0,0,0,2,0,30,103.44042050019198,29.748212999038515,177.13262800134544,331.0
1772905763,10,POST,/api/chains/{id}/activate,0.000000,0.000000,0,0,0,0,0,0,0,0,0,0,0,2,0,17,57.43410600007337,16.929167999478523,97.93904400066822,35.0
1772905763,10,POST,/api/chains/{id}/deactivate,0.000000,0.000000,0,0,0,0,0,0,0,0,0,0,0,2,0,6,203.91710649982997,5.503846999999951,402.33036599966,37.0
1772905763,10,GET,/api/plugins/discover,0.000000,0.000000,0,0,0,0,0,0,0,0,0,0,0,3,0,22,24.58575633257472,21.479439999893657,30.200145998605876,85406.33333333333
1772905763,10,GET,/api/plugins/list,0.000000,0.000000,0,0,0,0,0,0,0,0,0,0,0,3,0,7,11.004734333255328,4.723333000583807,21.34771999953955,23.0
1772905763,10,,Aggregated,0.000000,0.000000,0,0,0,0,0,0,0,0,0,0,0,18,0,22,76.97481555533159,1.8282780001754873,402.33036599966,14547.555555555555
1772905764,10,GET,/api/audio/levels (during plugin swap),0.000000,0.000000,0,0,0,0,0,0,0,0,0,0,0,1,0,8.182567999028834,8.182567999028834,8.182567999028834,8.182567999028834,73.0
1772905764,10,GET,/api/audio/status,0.000000,0.000000,0,0,0,0,0,0,0,0,0,0,0,2,0,2,39.32849949978845,1.8282780001754873,76.82872099940141,168.0
1772905764,10,GET,/api/chains/,0.000000,0.000000,0,0,0,0,0,0,0,0,0,0,0,3,0,140.0,154.11745833322735,129.64732900036324,195.8881480004493,1451.0
1772905764,10,GET,/api/chains/{id},0.000000,0.000000,0,0,0,0,0,0,0,0,0,0,0,2,0,30,103.44042050019198,29.748212999038515,177.13262800134544,331.0
1772905764,10,POST,/api/chains/{id}/activate,0.000000,0.000000,0,0,0,0,0,0,0,0,0,0,0,2,0,17,57.43410600007337,16.929167999478523,97.93904400066822,35.0
1772905764,10,POST,/api/chains/{id}/deactivate,0.000000,0.000000,0,0,0,0,0,0,0,0,0,0,0,2,0,6,203.91710649982997,5.503846999999951,402.33036599966,37.0
1772905764,10,GET,/api/plugins/discover,0.000000,0.000000,0,0,0,0,0,0,0,0,0,0,0,3,0,22,24.58575633257472,21.479439999893657,30.200145998605876,85406.33333333333
1772905764,10,GET,/api/plugins/list,0.000000,0.000000,0,0,0,0,0,0,0,0,0,0,0,3,0,7,11.004734333255328,4.723333000583807,21.34771999953955,23.0
1772905764,10,,Aggregated,0.000000,0.000000,0,0,0,0,0,0,0,0,0,0,0,18,0,22,76.97481555533159,1.8282780001754873,402.33036599966,14547.555555555555
1772905765,10,GET,/api/audio/levels (during plugin swap),0.000000,0.000000,0,0,0,0,0,0,0,0,0,0,0,1,0,8.182567999028834,8.182567999028834,8.182567999028834,8.182567999028834,73.0
1772905765,10,GET,/api/audio/status,0.000000,0.000000,0,0,0,0,0,0,0,0,0,0,0,2,0,2,39.32849949978845,1.8282780001754873,76.82872099940141,168.0
1772905765,10,GET,/api/chains/,0.000000,0.000000,0,0,0,0,0,0,0,0,0,0,0,3,0,140.0,154.11745833322735,129.64732900036324,195.8881480004493,1451.0
1772905765,10,GET,/api/chains/{id},0.000000,0.000000,0,0,0,0,0,0,0,0,0,0,0,2,0,30,103.44042050019198,29.748212999038515,177.13262800134544,331.0
1772905765,10,POST,/api/chains/{id}/activate,0.000000,0.000000,0,0,0,0,0,0,0,0,0,0,0,2,0,17,57.43410600007337,16.929167999478523,97.93904400066822,35.0
1772905765,10,POST,/api/chains/{id}/deactivate,0.000000,0.000000,0,0,0,0,0,0,0,0,0,0,0,2,0,6,203.91710649982997,5.503846999999951,402.33036599966,37.0
1772905765,10,GET,/api/plugins/discover,0.000000,0.000000,0,0,0,0,0,0,0,0,0,0,0,3,0,22,24.58575633257472,21.479439999893657,30.200145998605876,85406.33333333333
1772905765,10,GET,/api/plugins/list,0.000000,0.000000,0,0,0,0,0,0,0,0,0,0,0,3,0,7,11.004734333255328,4.723333000583807,21.34771999953955,23.0
1772905765,10,,Aggregated,0.000000,0.000000,0,0,0,0,0,0,0,0,0,0,0,18,0,22,76.97481555533159,1.8282780001754873,402.33036599966,14547.555555555555
1772905766,10,GET,/api/audio/levels (during plugin swap),0.000000,0.000000,0,0,0,0,0,0,0,0,0,0,0,1,0,8.182567999028834,8.182567999028834,8.182567999028834,8.182567999028834,73.0
1772905766,10,GET,/api/audio/status,0.000000,0.000000,0,0,0,0,0,0,0,0,0,0,0,2,0,2,39.32849949978845,1.8282780001754873,76.82872099940141,168.0
1772905766,10,GET,/api/chains/,0.000000,0.000000,0,0,0,0,0,0,0,0,0,0,0,3,0,140.0,154.11745833322735,129.64732900036324,195.8881480004493,1451.0
1772905766,10,GET,/api/chains/{id},0.000000,0.000000,0,0,0,0,0,0,0,0,0,0,0,2,0,30,103.44042050019198,29.748212999038515,177.13262800134544,331.0
1772905766,10,POST,/api/chains/{id}/activate,0.000000,0.000000,0,0,0,0,0,0,0,0,0,0,0,2,0,17,57.43410600007337,16.929167999478523,97.93904400066822,35.0
1772905766,10,POST,/api/chains/{id}/deactivate,0.000000,0.000000,0,0,0,0,0,0,0,0,0,0,0,2,0,6,203.91710649982997,5.503846999999951,402.33036599966,37.0
1772905766,10,GET,/api/plugins/discover,0.000000,0.000000,0,0,0,0,0,0,0,0,0,0,0,3,0,22,24.58575633257472,21.479439999893657,30.200145998605876,85406.33333333333
1772905766,10,GET,/api/plugins/list,0.000000,0.000000,0,0,0,0,0,0,0,0,0,0,0,3,0,7,11.004734333255328,4.723333000583807,21.34771999953955,23.0
1772905766,10,,Aggregated,0.000000,0.000000,0,0,0,0,0,0,0,0,0,0,0,18,0,22,76.97481555533159,1.8282780001754873,402.33036599966,14547.555555555555
1772905767,10,GET,/api/audio/levels (during plugin swap),0.000000,0.000000,0,0,0,0,0,0,0,0,0,0,0,1,0,8.182567999028834,8.182567999028834,8.182567999028834,8.182567999028834,73.0
1772905767,10,GET,/api/audio/status,0.000000,0.000000,0,0,0,0,0,0,0,0,0,0,0,2,0,2,39.32849949978845,1.8282780001754873,76.82872099940141,168.0
1772905767,10,GET,/api/chains/,0.000000,0.000000,0,0,0,0,0,0,0,0,0,0,0,3,0,140.0,154.11745833322735,129.64732900036324,195.8881480004493,1451.0
1772905767,10,GET,/api/chains/{id},0.000000,0.000000,0,0,0,0,0,0,0,0,0,0,0,2,0,30,103.44042050019198,29.748212999038515,177.13262800134544,331.0
1772905767,10,POST,/api/chains/{id}/activate,0.000000,0.000000,0,0,0,0,0,0,0,0,0,0,0,2,0,17,57.43410600007337,16.929167999478523,97.93904400066822,35.0
1772905767,10,POST,/api/chains/{id}/deactivate,0.000000,0.000000,0,0,0,0,0,0,0,0,0,0,0,2,0,6,203.91710649982997,5.503846999999951,402.33036599966,37.0
1772905767,10,GET,/api/plugins/discover,0.000000,0.000000,0,0,0,0,0,0,0,0,0,0,0,3,0,22,24.58575633257472,21.479439999893657,30.200145998605876,85406.33333333333
1772905767,10,GET,/api/plugins/list,0.000000,0.000000,0,0,0,0,0,0,0,0,0,0,0,3,0,7,11.004734333255328,4.723333000583807,21.34771999953955,23.0
1772905767,10,,Aggregated,0.000000,0.000000,0,0,0,0,0,0,0,0,0,0,0,18,0,22,76.97481555533159,1.8282780001754873,402.33036599966,14547.555555555555
1772905768,10,GET,/api/audio/levels (during plugin swap),0.000000,0.000000,0,0,0,0,0,0,0,0,0,0,0,1,0,8.182567999028834,8.182567999028834,8.182567999028834,8.182567999028834,73.0
1772905768,10,GET,/api/audio/status,0.000000,0.000000,0,0,0,0,0,0,0,0,0,0,0,2,0,2,39.32849949978845,1.8282780001754873,76.82872099940141,168.0
1772905768,10,GET,/api/chains/,0.000000,0.000000,0,0,0,0,0,0,0,0,0,0,0,3,0,140.0,154.11745833322735,129.64732900036324,195.8881480004493,1451.0
1772905768,10,GET,/api/chains/{id},0.000000,0.000000,0,0,0,0,0,0,0,0,0,0,0,2,0,30,103.44042050019198,29.748212999038515,177.13262800134544,331.0
1772905768,10,POST,/api/chains/{id}/activate,0.000000,0.000000,0,0,0,0,0,0,0,0,0,0,0,2,0,17,57.43410600007337,16.929167999478523,97.93904400066822,35.0
1772905768,10,POST,/api/chains/{id}/deactivate,0.000000,0.000000,0,0,0,0,0,0,0,0,0,0,0,2,0,6,203.91710649982997,5.503846999999951,402.33036599966,37.0
1772905768,10,GET,/api/plugins/discover,0.000000,0.000000,0,0,0,0,0,0,0,0,0,0,0,3,0,22,24.58575633257472,21.479439999893657,30.200145998605876,85406.33333333333
1772905768,10,GET,/api/plugins/list,0.000000,0.000000,0,0,0,0,0,0,0,0,0,0,0,3,0,7,11.004734333255328,4.723333000583807,21.34771999953955,23.0
1772905768,10,,Aggregated,0.000000,0.000000,0,0,0,0,0,0,0,0,0,0,0,18,0,22,76.97481555533159,1.8282780001754873,402.33036599966,14547.555555555555
1772905769,10,GET,/api/audio/levels (during plugin swap),0.000000,0.000000,0,0,0,0,0,0,0,0,0,0,0,1,0,8.182567999028834,8.182567999028834,8.182567999028834,8.182567999028834,73.0
1772905769,10,GET,/api/audio/status,0.000000,0.000000,0,0,0,0,0,0,0,0,0,0,0,2,0,2,39.32849949978845,1.8282780001754873,76.82872099940141,168.0
1772905769,10,GET,/api/chains/,0.000000,0.000000,0,0,0,0,0,0,0,0,0,0,0,3,0,140.0,154.11745833322735,129.64732900036324,195.8881480004493,1451.0
1772905769,10,GET,/api/chains/{id},0.000000,0.000000,0,0,0,0,0,0,0,0,0,0,0,2,0,30,103.44042050019198,29.748212999038515,177.13262800134544,331.0
1772905769,10,POST,/api/chains/{id}/activate,0.000000,0.000000,0,0,0,0,0,0,0,0,0,0,0,2,0,17,57.43410600007337,16.929167999478523,97.93904400066822,35.0
1772905769,10,POST,/api/chains/{id}/deactivate,0.000000,0.000000,0,0,0,0,0,0,0,0,0,0,0,2,0,6,203.91710649982997,5.503846999999951,402.33036599966,37.0
1772905769,10,GET,/api/plugins/discover,0.000000,0.000000,0,0,0,0,0,0,0,0,0,0,0,3,0,22,24.58575633257472,21.479439999893657,30.200145998605876,85406.33333333333
1772905769,10,GET,/api/plugins/list,0.000000,0.000000,0,0,0,0,0,0,0,0,0,0,0,3,0,7,11.004734333255328,4.723333000583807,21.34771999953955,23.0
1772905769,10,,Aggregated,0.000000,0.000000,0,0,0,0,0,0,0,0,0,0,0,18,0,22,76.97481555533159,1.8282780001754873,402.33036599966,14547.555555555555
1772905770,0,GET,/api/audio/levels (during plugin swap),0.000000,0.000000,0,0,0,0,0,0,0,0,0,0,0,1,0,8.182567999028834,8.182567999028834,8.182567999028834,8.182567999028834,73.0
1772905770,0,GET,/api/audio/status,0.000000,0.000000,0,0,0,0,0,0,0,0,0,0,0,2,0,2,39.32849949978845,1.8282780001754873,76.82872099940141,168.0
1772905770,0,GET,/api/chains/,0.000000,0.000000,0,0,0,0,0,0,0,0,0,0,0,3,0,140.0,154.11745833322735,129.64732900036324,195.8881480004493,1451.0
1772905770,0,GET,/api/chains/{id},0.000000,0.000000,0,0,0,0,0,0,0,0,0,0,0,2,0,30,103.44042050019198,29.748212999038515,177.13262800134544,331.0
1772905770,0,POST,/api/chains/{id}/activate,0.000000,0.000000,0,0,0,0,0,0,0,0,0,0,0,2,0,17,57.43410600007337,16.929167999478523,97.93904400066822,35.0
1772905770,0,POST,/api/chains/{id}/deactivate,0.000000,0.000000,0,0,0,0,0,0,0,0,0,0,0,2,0,6,203.91710649982997,5.503846999999951,402.33036599966,37.0
1772905770,0,GET,/api/plugins/discover,0.000000,0.000000,0,0,0,0,0,0,0,0,0,0,0,3,0,22,24.58575633257472,21.479439999893657,30.200145998605876,85406.33333333333
1772905770,0,GET,/api/plugins/list,0.000000,0.000000,0,0,0,0,0,0,0,0,0,0,0,3,0,7,11.004734333255328,4.723333000583807,21.34771999953955,23.0
1772905770,0,,Aggregated,0.000000,0.000000,0,0,0,0,0,0,0,0,0,0,0,18,0,22,76.97481555533159,1.8282780001754873,402.33036599966,14547.555555555555
