[2026-03-07 12:51:06,653] MAP2-TESTBED/INFO/locust.main: Starting Locust 2.43.3
[2026-03-07 12:51:06,653] MAP2-TESTBED/WARNING/locust.main: System open file limit '8192 is below minimum setting '10000'.
It's not high enough for load testing, and the OS didn't allow locust to increase it by itself.
See https://github.com/locustio/locust/wiki/Installation#increasing-maximum-number-of-open-files-limit for more info.
[2026-03-07 12:51:06,654] MAP2-TESTBED/INFO/locust.main: Run time limit set to 310 seconds
Type     Name                                                                          # reqs      # fails |    Avg     Min     Max    Med |   req/s  failures/s
--------|----------------------------------------------------------------------------|-------|-------------|-------|-------|-------|-------|--------|-----------
--------|----------------------------------------------------------------------------|-------|-------------|-------|-------|-------|-------|--------|-----------
         Aggregated                                                                         0     0(0.00%) |      0       0       0      0 |    0.00        0.00

[2026-03-07 12:51:06,676] MAP2-TESTBED/INFO/locust.runners: Ramping to 10 users at a rate of 2.00 per second
Type     Name                                                                          # reqs      # fails |    Avg     Min     Max    Med |   req/s  failures/s
--------|----------------------------------------------------------------------------|-------|-------------|-------|-------|-------|-------|--------|-----------
GET      /api/audio/latency                                                                 5     0(0.00%) |     11       1      33      2 |    0.00        0.00
GET      /api/audio/levels                                                                  5     0(0.00%) |      9       2      19     10 |    0.00        0.00
GET      /api/audio/status                                                                  3     0(0.00%) |      5       1       8      6 |    0.00        0.00
GET      /api/chains/                                                                       5     0(0.00%) |    821      15    1531    530 |    0.00        0.00
GET      /api/chains/{id}                                                                   3     0(0.00%) |      6       3      11      4 |    0.00        0.00
POST     /api/chains/{id}/activate                                                          3     0(0.00%) |      7       3      11      9 |    0.00        0.00
POST     /api/chains/{id}/deactivate                                                        3     0(0.00%) |      6       3      11      3 |    0.00        0.00
GET      /api/plugins/discover                                                              5     0(0.00%) |     31      10      52     34 |    0.00        0.00
GET      /api/plugins/list                                                                  5     0(0.00%) |      3       1       6      3 |    0.00        0.00
--------|----------------------------------------------------------------------------|-------|-------------|-------|-------|-------|-------|--------|-----------
         Aggregated                                                                        37     0(0.00%) |    120       1    1531      9 |    0.00        0.00

Type     Name                                                                          # reqs      # fails |    Avg     Min     Max    Med |   req/s  failures/s
--------|----------------------------------------------------------------------------|-------|-------------|-------|-------|-------|-------|--------|-----------
GET      /api/audio/latency                                                                23     0(0.00%) |      7       1      33      2 |    0.00        0.00
GET      /api/audio/levels                                                                 23     0(0.00%) |      7       1      19      8 |    0.00        0.00
GET      /api/audio/levels (during plugin swap)                                             3     0(0.00%) |     10       1      28      1 |    0.00        0.00
GET      /api/audio/levels/plugins                                                          2     0(0.00%) |     12       5      19      5 |    0.00        0.00
GET      /api/audio/status                                                                 18     0(0.00%) |      4       1      19      2 |    0.00        0.00
GET      /api/chains/                                                                      13     0(0.00%) |    328      11    1531     26 |    0.00        0.00
GET      /api/chains/{id}                                                                  18     0(0.00%) |     18       3      46     12 |    0.00        0.00
POST     /api/chains/{id}/activate                                                         18     0(0.00%) |     14       3      30     15 |    0.00        0.00
POST     /api/chains/{id}/deactivate                                                       18     0(0.00%) |     10       3      35     10 |    0.00        0.00
GET      /api/plugins/discover                                                             13     0(0.00%) |     32      10      52     34 |    0.00        0.00
GET      /api/plugins/list                                                                 13     0(0.00%) |      7       1      19      6 |    0.00        0.00
POST     /api/plugins/load?uri                                                              2     0(0.00%) |     12       9      16      9 |    0.00        0.00
POST     /api/plugins/unload?uri                                                            2     0(0.00%) |      8       2      14      3 |    0.00        0.00
--------|----------------------------------------------------------------------------|-------|-------------|-------|-------|-------|-------|--------|-----------
         Aggregated                                                                       166     0(0.00%) |     36       1    1531     10 |    0.00        0.00

[2026-03-07 12:51:10,679] MAP2-TESTBED/INFO/locust.runners: All users spawned: {"MAP2RealtimeUser": 10} (10 total users)
Type     Name                                                                          # reqs      # fails |    Avg     Min     Max    Med |   req/s  failures/s
--------|----------------------------------------------------------------------------|-------|-------------|-------|-------|-------|-------|--------|-----------
GET      /api/audio/latency                                                                23     0(0.00%) |      7       1      33      2 |    0.00        0.00
GET      /api/audio/levels                                                                 23     0(0.00%) |      7       1      19      8 |    0.00        0.00
GET      /api/audio/levels (during plugin swap)                                             3     0(0.00%) |     10       1      28      1 |    0.00        0.00
GET      /api/audio/levels/plugins                                                          2     0(0.00%) |     12       5      19      5 |    0.00        0.00
GET      /api/audio/status                                                                 18     0(0.00%) |      4       1      19      2 |    0.00        0.00
GET      /api/chains/                                                                      13     0(0.00%) |    328      11    1531     26 |    0.00        0.00
GET      /api/chains/{id}                                                                  18     0(0.00%) |     18       3      46     12 |    0.00        0.00
POST     /api/chains/{id}/activate                                                         18     0(0.00%) |     14       3      30     15 |    0.00        0.00
POST     /api/chains/{id}/deactivate                                                       18     0(0.00%) |     10       3      35     10 |    0.00        0.00
GET      /api/plugins/discover                                                             13     0(0.00%) |     32      10      52     34 |    0.00        0.00
GET      /api/plugins/list                                                                 13     0(0.00%) |      7       1      19      6 |    0.00        0.00
POST     /api/plugins/load?uri                                                              2     0(0.00%) |     12       9      16      9 |    0.00        0.00
POST     /api/plugins/unload?uri                                                            2     0(0.00%) |      8       2      14      3 |    0.00        0.00
--------|----------------------------------------------------------------------------|-------|-------------|-------|-------|-------|-------|--------|-----------
         Aggregated                                                                       166     0(0.00%) |     36       1    1531     10 |    0.00        0.00

Type     Name                                                                          # reqs      # fails |    Avg     Min     Max    Med |   req/s  failures/s
--------|----------------------------------------------------------------------------|-------|-------------|-------|-------|-------|-------|--------|-----------
GET      /api/audio/latency                                                                23     0(0.00%) |      7       1      33      2 |    0.00        0.00
GET      /api/audio/levels                                                                 23     0(0.00%) |      7       1      19      8 |    0.00        0.00
GET      /api/audio/levels (during plugin swap)                                             3     0(0.00%) |     10       1      28      1 |    0.00        0.00
GET      /api/audio/levels/plugins                                                          2     0(0.00%) |     12       5      19      5 |    0.00        0.00
GET      /api/audio/status                                                                 18     0(0.00%) |      4       1      19      2 |    0.00        0.00
GET      /api/chains/                                                                      13     0(0.00%) |    328      11    1531     26 |    0.00        0.00
GET      /api/chains/{id}                                                                  18     0(0.00%) |     18       3      46     12 |    0.00        0.00
POST     /api/chains/{id}/activate                                                         18     0(0.00%) |     14       3      30     15 |    0.00        0.00
POST     /api/chains/{id}/deactivate                                                       18     0(0.00%) |     10       3      35     10 |    0.00        0.00
GET      /api/plugins/discover                                                             13     0(0.00%) |     32      10      52     34 |    0.00        0.00
GET      /api/plugins/list                                                                 13     0(0.00%) |      7       1      19      6 |    0.00        0.00
POST     /api/plugins/load?uri                                                              2     0(0.00%) |     12       9      16      9 |    0.00        0.00
POST     /api/plugins/unload?uri                                                            2     0(0.00%) |      8       2      14      3 |    0.00        0.00
--------|----------------------------------------------------------------------------|-------|-------------|-------|-------|-------|-------|--------|-----------
         Aggregated                                                                       166     0(0.00%) |     36       1    1531     10 |    0.00        0.00

Type     Name                                                                          # reqs      # fails |    Avg     Min     Max    Med |   req/s  failures/s
--------|----------------------------------------------------------------------------|-------|-------------|-------|-------|-------|-------|--------|-----------
GET      /api/audio/latency                                                                23     0(0.00%) |      7       1      33      2 |    0.00        0.00
GET      /api/audio/levels                                                                 23     0(0.00%) |      7       1      19      8 |    0.00        0.00
GET      /api/audio/levels (during plugin swap)                                             3     0(0.00%) |     10       1      28      1 |    0.00        0.00
GET      /api/audio/levels/plugins                                                          2     0(0.00%) |     12       5      19      5 |    0.00        0.00
GET      /api/audio/status                                                                 18     0(0.00%) |      4       1      19      2 |    0.00        0.00
GET      /api/chains/                                                                      13     0(0.00%) |    328      11    1531     26 |    0.00        0.00
GET      /api/chains/{id}                                                                  18     0(0.00%) |     18       3      46     12 |    0.00        0.00
POST     /api/chains/{id}/activate                                                         18     0(0.00%) |     14       3      30     15 |    0.00        0.00
POST     /api/chains/{id}/deactivate                                                       18     0(0.00%) |     10       3      35     10 |    0.00        0.00
GET      /api/plugins/discover                                                             13     0(0.00%) |     32      10      52     34 |    0.00        0.00
GET      /api/plugins/list                                                                 13     0(0.00%) |      7       1      19      6 |    0.00        0.00
POST     /api/plugins/load?uri                                                              2     0(0.00%) |     12       9      16      9 |    0.00        0.00
POST     /api/plugins/unload?uri                                                            2     0(0.00%) |      8       2      14      3 |    0.00        0.00
--------|----------------------------------------------------------------------------|-------|-------------|-------|-------|-------|-------|--------|-----------
         Aggregated                                                                       166     0(0.00%) |     36       1    1531     10 |    0.00        0.00

[2026-03-07 12:51:17,949] MAP2-TESTBED/ERROR/locust.user.task: HTTPConnectionPool(host='localhost', port=8080): Read timed out. (read timeout=8)
Traceback (most recent call last):
  File "/usr/lib/python3.14/site-packages/urllib3/connectionpool.py", line 534, in _make_request
    response = conn.getresponse()
  File "/usr/lib/python3.14/site-packages/urllib3/connection.py", line 571, in getresponse
    httplib_response = super().getresponse()
  File "/usr/lib64/python3.14/http/client.py", line 1450, in getresponse
    response.begin()
    ~~~~~~~~~~~~~~^^
  File "/usr/lib64/python3.14/http/client.py", line 336, in begin
    version, status, reason = self._read_status()
                              ~~~~~~~~~~~~~~~~~^^
  File "/usr/lib64/python3.14/http/client.py", line 297, in _read_status
    line = str(self.fp.readline(_MAXLINE + 1), "iso-8859-1")
               ~~~~~~~~~~~~~~~~^^^^^^^^^^^^^^
  File "/usr/lib64/python3.14/socket.py", line 725, in readinto
    return self._sock.recv_into(b)
           ~~~~~~~~~~~~~~~~~~~~^^^
  File "/home/mm/.local/lib/python3.14/site-packages/gevent/_socketcommon.py", line 692, in recv_into
    self._wait(self._read_event)
    ~~~~~~~~~~^^^^^^^^^^^^^^^^^^
  File "src/gevent/_hub_primitives.py", line 317, in gevent._gevent_c_hub_primitives.wait_on_socket
  File "src/gevent/_hub_primitives.py", line 322, in gevent._gevent_c_hub_primitives.wait_on_socket
  File "src/gevent/_hub_primitives.py", line 313, in gevent._gevent_c_hub_primitives._primitive_wait
  File "src/gevent/_hub_primitives.py", line 314, in gevent._gevent_c_hub_primitives._primitive_wait
  File "src/gevent/_hub_primitives.py", line 55, in gevent._gevent_c_hub_primitives.WaitOperationsGreenlet.wait
  File "src/gevent/_waiter.py", line 154, in gevent._gevent_c_waiter.Waiter.get
  File "src/gevent/_greenlet_primitives.py", line 65, in gevent._gevent_c_greenlet_primitives.SwitchOutGreenletWithLoop.switch
  File "src/gevent/_gevent_c_greenlet_primitives.pxd", line 35, in gevent._gevent_c_greenlet_primitives._greenlet_switch
TimeoutError: timed out

The above exception was the direct cause of the following exception:

Traceback (most recent call last):
  File "/usr/lib/python3.14/site-packages/requests/adapters.py", line 644, in send
    resp = conn.urlopen(
        method=request.method,
    ...<9 lines>...
        chunked=chunked,
    )
  File "/usr/lib/python3.14/site-packages/urllib3/connectionpool.py", line 841, in urlopen
    retries = retries.increment(
        method, url, error=new_e, _pool=self, _stacktrace=sys.exc_info()[2]
    )
  File "/usr/lib/python3.14/site-packages/urllib3/util/retry.py", line 490, in increment
    raise reraise(type(error), error, _stacktrace)
          ~~~~~~~^^^^^^^^^^^^^^^^^^^^^^^^^^^^^^^^^
  File "/usr/lib/python3.14/site-packages/urllib3/util/util.py", line 39, in reraise
    raise value
  File "/usr/lib/python3.14/site-packages/urllib3/connectionpool.py", line 787, in urlopen
    response = self._make_request(
        conn,
    ...<10 lines>...
        **response_kw,
    )
  File "/usr/lib/python3.14/site-packages/urllib3/connectionpool.py", line 536, in _make_request
    self._raise_timeout(err=e, url=url, timeout_value=read_timeout)
    ~~~~~~~~~~~~~~~~~~~^^^^^^^^^^^^^^^^^^^^^^^^^^^^^^^^^^^^^^^^^^^^
  File "/usr/lib/python3.14/site-packages/urllib3/connectionpool.py", line 367, in _raise_timeout
    raise ReadTimeoutError(
        self, url, f"Read timed out. (read timeout={timeout_value})"
    ) from err
urllib3.exceptions.ReadTimeoutError: HTTPConnectionPool(host='localhost', port=8080): Read timed out. (read timeout=8)

During handling of the above exception, another exception occurred:

Traceback (most recent call last):
  File "/home/mm/.local/lib/python3.14/site-packages/locust/user/task.py", line 362, in run
    self.execute_next_task()
    ~~~~~~~~~~~~~~~~~~~~~~^^
  File "/home/mm/.local/lib/python3.14/site-packages/locust/user/task.py", line 395, in execute_next_task
    self.execute_task(self._task_queue.popleft())
    ~~~~~~~~~~~~~~~~~^^^^^^^^^^^^^^^^^^^^^^^^^^^^
  File "/home/mm/.local/lib/python3.14/site-packages/locust/user/task.py", line 512, in execute_task
    task(self.user)
    ~~~~^^^^^^^^^^^
  File "/home/mm/map2-audio/tests/load_test.py", line 251, in midi_cc_burst
    self._refresh_ids()
    ~~~~~~~~~~~~~~~~~^^
  File "/home/mm/map2-audio/tests/load_test.py", line 217, in _refresh_ids
    if chains.ok:
       ^^^^^^^^^
  File "/usr/lib/python3.14/site-packages/requests/models.py", line 764, in ok
    self.raise_for_status()
    ~~~~~~~~~~~~~~~~~~~~~^^
  File "/home/mm/.local/lib/python3.14/site-packages/locust/clients.py", line 362, in raise_for_status
    raise self.error
  File "/home/mm/.local/lib/python3.14/site-packages/locust/clients.py", line 425, in __exit__
    self.raise_for_status()
    ~~~~~~~~~~~~~~~~~~~~~^^
  File "/home/mm/.local/lib/python3.14/site-packages/locust/clients.py", line 362, in raise_for_status
    raise self.error
  File "/home/mm/.local/lib/python3.14/site-packages/locust/clients.py", line 250, in _send_request_safe_mode
    return super().request(method, url, **kwargs)
           ~~~~~~~~~~~~~~~^^^^^^^^^^^^^^^^^^^^^^^
  File "/usr/lib/python3.14/site-packages/requests/sessions.py", line 589, in request
    resp = self.send(prep, **send_kwargs)
  File "/usr/lib/python3.14/site-packages/requests/sessions.py", line 703, in send
    r = adapter.send(request, **kwargs)
  File "/usr/lib/python3.14/site-packages/requests/adapters.py", line 690, in send
    raise ReadTimeout(e, request=request)
requests.exceptions.ReadTimeout: HTTPConnectionPool(host='localhost', port=8080): Read timed out. (read timeout=8)

[2026-03-07 12:51:17,958] MAP2-TESTBED/ERROR/locust.user.task: HTTPConnectionPool(host='localhost', port=8080): Read timed out. (read timeout=8)
Traceback (most recent call last):
  File "/usr/lib/python3.14/site-packages/urllib3/connectionpool.py", line 534, in _make_request
    response = conn.getresponse()
  File "/usr/lib/python3.14/site-packages/urllib3/connection.py", line 571, in getresponse
    httplib_response = super().getresponse()
  File "/usr/lib64/python3.14/http/client.py", line 1450, in getresponse
    response.begin()
    ~~~~~~~~~~~~~~^^
  File "/usr/lib64/python3.14/http/client.py", line 336, in begin
    version, status, reason = self._read_status()
                              ~~~~~~~~~~~~~~~~~^^
  File "/usr/lib64/python3.14/http/client.py", line 297, in _read_status
    line = str(self.fp.readline(_MAXLINE + 1), "iso-8859-1")
               ~~~~~~~~~~~~~~~~^^^^^^^^^^^^^^
  File "/usr/lib64/python3.14/socket.py", line 725, in readinto
    return self._sock.recv_into(b)
           ~~~~~~~~~~~~~~~~~~~~^^^
  File "/home/mm/.local/lib/python3.14/site-packages/gevent/_socketcommon.py", line 692, in recv_into
    self._wait(self._read_event)
    ~~~~~~~~~~^^^^^^^^^^^^^^^^^^
  File "src/gevent/_hub_primitives.py", line 317, in gevent._gevent_c_hub_primitives.wait_on_socket
  File "src/gevent/_hub_primitives.py", line 322, in gevent._gevent_c_hub_primitives.wait_on_socket
  File "src/gevent/_hub_primitives.py", line 313, in gevent._gevent_c_hub_primitives._primitive_wait
  File "src/gevent/_hub_primitives.py", line 314, in gevent._gevent_c_hub_primitives._primitive_wait
  File "src/gevent/_hub_primitives.py", line 55, in gevent._gevent_c_hub_primitives.WaitOperationsGreenlet.wait
  File "src/gevent/_waiter.py", line 154, in gevent._gevent_c_waiter.Waiter.get
  File "src/gevent/_greenlet_primitives.py", line 65, in gevent._gevent_c_greenlet_primitives.SwitchOutGreenletWithLoop.switch
  File "src/gevent/_gevent_c_greenlet_primitives.pxd", line 35, in gevent._gevent_c_greenlet_primitives._greenlet_switch
TimeoutError: timed out

The above exception was the direct cause of the following exception:

Traceback (most recent call last):
  File "/usr/lib/python3.14/site-packages/requests/adapters.py", line 644, in send
    resp = conn.urlopen(
        method=request.method,
    ...<9 lines>...
        chunked=chunked,
    )
  File "/usr/lib/python3.14/site-packages/urllib3/connectionpool.py", line 841, in urlopen
    retries = retries.increment(
        method, url, error=new_e, _pool=self, _stacktrace=sys.exc_info()[2]
    )
  File "/usr/lib/python3.14/site-packages/urllib3/util/retry.py", line 490, in increment
    raise reraise(type(error), error, _stacktrace)
          ~~~~~~~^^^^^^^^^^^^^^^^^^^^^^^^^^^^^^^^^
  File "/usr/lib/python3.14/site-packages/urllib3/util/util.py", line 39, in reraise
    raise value
  File "/usr/lib/python3.14/site-packages/urllib3/connectionpool.py", line 787, in urlopen
    response = self._make_request(
        conn,
    ...<10 lines>...
        **response_kw,
    )
  File "/usr/lib/python3.14/site-packages/urllib3/connectionpool.py", line 536, in _make_request
    self._raise_timeout(err=e, url=url, timeout_value=read_timeout)
    ~~~~~~~~~~~~~~~~~~~^^^^^^^^^^^^^^^^^^^^^^^^^^^^^^^^^^^^^^^^^^^^
  File "/usr/lib/python3.14/site-packages/urllib3/connectionpool.py", line 367, in _raise_timeout
    raise ReadTimeoutError(
        self, url, f"Read timed out. (read timeout={timeout_value})"
    ) from err
urllib3.exceptions.ReadTimeoutError: HTTPConnectionPool(host='localhost', port=8080): Read timed out. (read timeout=8)

During handling of the above exception, another exception occurred:

Traceback (most recent call last):
  File "/home/mm/.local/lib/python3.14/site-packages/locust/user/task.py", line 362, in run
    self.execute_next_task()
    ~~~~~~~~~~~~~~~~~~~~~~^^
  File "/home/mm/.local/lib/python3.14/site-packages/locust/user/task.py", line 395, in execute_next_task
    self.execute_task(self._task_queue.popleft())
    ~~~~~~~~~~~~~~~~~^^^^^^^^^^^^^^^^^^^^^^^^^^^^
  File "/home/mm/.local/lib/python3.14/site-packages/locust/user/task.py", line 512, in execute_task
    task(self.user)
    ~~~~^^^^^^^^^^^
  File "/home/mm/map2-audio/tests/load_test.py", line 251, in midi_cc_burst
    self._refresh_ids()
    ~~~~~~~~~~~~~~~~~^^
  File "/home/mm/map2-audio/tests/load_test.py", line 217, in _refresh_ids
    if chains.ok:
       ^^^^^^^^^
  File "/usr/lib/python3.14/site-packages/requests/models.py", line 764, in ok
    self.raise_for_status()
    ~~~~~~~~~~~~~~~~~~~~~^^
  File "/home/mm/.local/lib/python3.14/site-packages/locust/clients.py", line 362, in raise_for_status
    raise self.error
  File "/home/mm/.local/lib/python3.14/site-packages/locust/clients.py", line 425, in __exit__
    self.raise_for_status()
    ~~~~~~~~~~~~~~~~~~~~~^^
  File "/home/mm/.local/lib/python3.14/site-packages/locust/clients.py", line 362, in raise_for_status
    raise self.error
  File "/home/mm/.local/lib/python3.14/site-packages/locust/clients.py", line 250, in _send_request_safe_mode
    return super().request(method, url, **kwargs)
           ~~~~~~~~~~~~~~~^^^^^^^^^^^^^^^^^^^^^^^
  File "/usr/lib/python3.14/site-packages/requests/sessions.py", line 589, in request
    resp = self.send(prep, **send_kwargs)
  File "/usr/lib/python3.14/site-packages/requests/sessions.py", line 703, in send
    r = adapter.send(request, **kwargs)
  File "/usr/lib/python3.14/site-packages/requests/adapters.py", line 690, in send
    raise ReadTimeout(e, request=request)
requests.exceptions.ReadTimeout: HTTPConnectionPool(host='localhost', port=8080): Read timed out. (read timeout=8)

Type     Name                                                                          # reqs      # fails |    Avg     Min     Max    Med |   req/s  failures/s
--------|----------------------------------------------------------------------------|-------|-------------|-------|-------|-------|-------|--------|-----------
GET      /api/audio/latency                                                                23     0(0.00%) |      7       1      33      2 |    2.56        0.00
GET      /api/audio/levels                                                                 27    4(14.81%) |   1192       1    8001     10 |    2.56        0.00
GET      /api/audio/levels (during plugin swap)                                             3     0(0.00%) |     10       1      28      1 |    0.33        0.00
GET      /api/audio/levels/plugins                                                          2     0(0.00%) |     12       5      19      5 |    0.22        0.00
GET      /api/audio/status                                                                 18     0(0.00%) |      4       1      19      2 |    2.00        0.00
GET      /api/chains/                                                                      15    2(13.33%) |   1351      11    8001     27 |    1.44        0.00
GET      /api/chains/{id}                                                                  19     1(5.26%) |    438       3    8001     16 |    2.00        0.00
POST     /api/chains/{id}/activate                                                         18     0(0.00%) |     14       3      30     15 |    2.00        0.00
POST     /api/chains/{id}/deactivate                                                       18     0(0.00%) |     10       3      35     10 |    2.00        0.00
GET      /api/plugins/discover                                                             13     0(0.00%) |     32      10      52     34 |    1.44        0.00
GET      /api/plugins/list                                                                 13     0(0.00%) |      7       1      19      6 |    1.44        0.00
POST     /api/plugins/load?uri                                                              3    1(33.33%) |   2675       9    8001     16 |    0.22        0.00
POST     /api/plugins/unload?uri                                                            2     0(0.00%) |      8       2      14      3 |    0.22        0.00
--------|----------------------------------------------------------------------------|-------|-------------|-------|-------|-------|-------|--------|-----------
         Aggregated                                                                       174     8(4.60%) |    403       1    8001     11 |   18.44        0.00

[2026-03-07 12:51:18,686] MAP2-TESTBED/ERROR/locust.user.users: HTTPConnectionPool(host='localhost', port=8080): Read timed out. (read timeout=8)
Traceback (most recent call last):
  File "/usr/lib/python3.14/site-packages/urllib3/connectionpool.py", line 534, in _make_request
    response = conn.getresponse()
  File "/usr/lib/python3.14/site-packages/urllib3/connection.py", line 571, in getresponse
    httplib_response = super().getresponse()
  File "/usr/lib64/python3.14/http/client.py", line 1450, in getresponse
    response.begin()
    ~~~~~~~~~~~~~~^^
  File "/usr/lib64/python3.14/http/client.py", line 336, in begin
    version, status, reason = self._read_status()
                              ~~~~~~~~~~~~~~~~~^^
  File "/usr/lib64/python3.14/http/client.py", line 297, in _read_status
    line = str(self.fp.readline(_MAXLINE + 1), "iso-8859-1")
               ~~~~~~~~~~~~~~~~^^^^^^^^^^^^^^
  File "/usr/lib64/python3.14/socket.py", line 725, in readinto
    return self._sock.recv_into(b)
           ~~~~~~~~~~~~~~~~~~~~^^^
  File "/home/mm/.local/lib/python3.14/site-packages/gevent/_socketcommon.py", line 692, in recv_into
    self._wait(self._read_event)
    ~~~~~~~~~~^^^^^^^^^^^^^^^^^^
  File "src/gevent/_hub_primitives.py", line 317, in gevent._gevent_c_hub_primitives.wait_on_socket
  File "src/gevent/_hub_primitives.py", line 322, in gevent._gevent_c_hub_primitives.wait_on_socket
  File "src/gevent/_hub_primitives.py", line 313, in gevent._gevent_c_hub_primitives._primitive_wait
  File "src/gevent/_hub_primitives.py", line 314, in gevent._gevent_c_hub_primitives._primitive_wait
  File "src/gevent/_hub_primitives.py", line 55, in gevent._gevent_c_hub_primitives.WaitOperationsGreenlet.wait
  File "src/gevent/_waiter.py", line 154, in gevent._gevent_c_waiter.Waiter.get
  File "src/gevent/_greenlet_primitives.py", line 65, in gevent._gevent_c_greenlet_primitives.SwitchOutGreenletWithLoop.switch
  File "src/gevent/_gevent_c_greenlet_primitives.pxd", line 35, in gevent._gevent_c_greenlet_primitives._greenlet_switch
TimeoutError: timed out

The above exception was the direct cause of the following exception:

Traceback (most recent call last):
  File "/usr/lib/python3.14/site-packages/requests/adapters.py", line 644, in send
    resp = conn.urlopen(
        method=request.method,
    ...<9 lines>...
        chunked=chunked,
    )
  File "/usr/lib/python3.14/site-packages/urllib3/connectionpool.py", line 841, in urlopen
    retries = retries.increment(
        method, url, error=new_e, _pool=self, _stacktrace=sys.exc_info()[2]
    )
  File "/usr/lib/python3.14/site-packages/urllib3/util/retry.py", line 490, in increment
    raise reraise(type(error), error, _stacktrace)
          ~~~~~~~^^^^^^^^^^^^^^^^^^^^^^^^^^^^^^^^^
  File "/usr/lib/python3.14/site-packages/urllib3/util/util.py", line 39, in reraise
    raise value
  File "/usr/lib/python3.14/site-packages/urllib3/connectionpool.py", line 787, in urlopen
    response = self._make_request(
        conn,
    ...<10 lines>...
        **response_kw,
    )
  File "/usr/lib/python3.14/site-packages/urllib3/connectionpool.py", line 536, in _make_request
    self._raise_timeout(err=e, url=url, timeout_value=read_timeout)
    ~~~~~~~~~~~~~~~~~~~^^^^^^^^^^^^^^^^^^^^^^^^^^^^^^^^^^^^^^^^^^^^
  File "/usr/lib/python3.14/site-packages/urllib3/connectionpool.py", line 367, in _raise_timeout
    raise ReadTimeoutError(
        self, url, f"Read timed out. (read timeout={timeout_value})"
    ) from err
urllib3.exceptions.ReadTimeoutError: HTTPConnectionPool(host='localhost', port=8080): Read timed out. (read timeout=8)

During handling of the above exception, another exception occurred:

Traceback (most recent call last):
  File "/home/mm/.local/lib/python3.14/site-packages/locust/user/users.py", line 160, in run
    self.on_start()
    ~~~~~~~~~~~~~^^
  File "/home/mm/map2-audio/tests/load_test.py", line 213, in on_start
    self._refresh_ids()
    ~~~~~~~~~~~~~~~~~^^
  File "/home/mm/map2-audio/tests/load_test.py", line 217, in _refresh_ids
    if chains.ok:
       ^^^^^^^^^
  File "/usr/lib/python3.14/site-packages/requests/models.py", line 764, in ok
    self.raise_for_status()
    ~~~~~~~~~~~~~~~~~~~~~^^
  File "/home/mm/.local/lib/python3.14/site-packages/locust/clients.py", line 362, in raise_for_status
    raise self.error
  File "/home/mm/.local/lib/python3.14/site-packages/locust/clients.py", line 425, in __exit__
    self.raise_for_status()
    ~~~~~~~~~~~~~~~~~~~~~^^
  File "/home/mm/.local/lib/python3.14/site-packages/locust/clients.py", line 362, in raise_for_status
    raise self.error
  File "/home/mm/.local/lib/python3.14/site-packages/locust/clients.py", line 250, in _send_request_safe_mode
    return super().request(method, url, **kwargs)
           ~~~~~~~~~~~~~~~^^^^^^^^^^^^^^^^^^^^^^^
  File "/usr/lib/python3.14/site-packages/requests/sessions.py", line 589, in request
    resp = self.send(prep, **send_kwargs)
  File "/usr/lib/python3.14/site-packages/requests/sessions.py", line 703, in send
    r = adapter.send(request, **kwargs)
  File "/usr/lib/python3.14/site-packages/requests/adapters.py", line 690, in send
    raise ReadTimeout(e, request=request)
requests.exceptions.ReadTimeout: HTTPConnectionPool(host='localhost', port=8080): Read timed out. (read timeout=8)

Traceback (most recent call last):
  File "/usr/lib/python3.14/site-packages/urllib3/connectionpool.py", line 534, in _make_request
    response = conn.getresponse()
  File "/usr/lib/python3.14/site-packages/urllib3/connection.py", line 571, in getresponse
    httplib_response = super().getresponse()
  File "/usr/lib64/python3.14/http/client.py", line 1450, in getresponse
    response.begin()
    ~~~~~~~~~~~~~~^^
  File "/usr/lib64/python3.14/http/client.py", line 336, in begin
    version, status, reason = self._read_status()
                              ~~~~~~~~~~~~~~~~~^^
  File "/usr/lib64/python3.14/http/client.py", line 297, in _read_status
    line = str(self.fp.readline(_MAXLINE + 1), "iso-8859-1")
               ~~~~~~~~~~~~~~~~^^^^^^^^^^^^^^
  File "/usr/lib64/python3.14/socket.py", line 725, in readinto
    return self._sock.recv_into(b)
           ~~~~~~~~~~~~~~~~~~~~^^^
  File "/home/mm/.local/lib/python3.14/site-packages/gevent/_socketcommon.py", line 692, in recv_into
    self._wait(self._read_event)
    ~~~~~~~~~~^^^^^^^^^^^^^^^^^^
  File "src/gevent/_hub_primitives.py", line 317, in gevent._gevent_c_hub_primitives.wait_on_socket
  File "src/gevent/_hub_primitives.py", line 322, in gevent._gevent_c_hub_primitives.wait_on_socket
  File "src/gevent/_hub_primitives.py", line 313, in gevent._gevent_c_hub_primitives._primitive_wait
  File "src/gevent/_hub_primitives.py", line 314, in gevent._gevent_c_hub_primitives._primitive_wait
  File "src/gevent/_hub_primitives.py", line 55, in gevent._gevent_c_hub_primitives.WaitOperationsGreenlet.wait
  File "src/gevent/_waiter.py", line 154, in gevent._gevent_c_waiter.Waiter.get
  File "src/gevent/_greenlet_primitives.py", line 65, in gevent._gevent_c_greenlet_primitives.SwitchOutGreenletWithLoop.switch
  File "src/gevent/_gevent_c_greenlet_primitives.pxd", line 35, in gevent._gevent_c_greenlet_primitives._greenlet_switch
TimeoutError: timed out

The above exception was the direct cause of the following exception:

Traceback (most recent call last):
  File "/usr/lib/python3.14/site-packages/requests/adapters.py", line 644, in send
    resp = conn.urlopen(
        method=request.method,
    ...<9 lines>...
        chunked=chunked,
    )
  File "/usr/lib/python3.14/site-packages/urllib3/connectionpool.py", line 841, in urlopen
    retries = retries.increment(
        method, url, error=new_e, _pool=self, _stacktrace=sys.exc_info()[2]
    )
  File "/usr/lib/python3.14/site-packages/urllib3/util/retry.py", line 490, in increment
    raise reraise(type(error), error, _stacktrace)
          ~~~~~~~^^^^^^^^^^^^^^^^^^^^^^^^^^^^^^^^^
  File "/usr/lib/python3.14/site-packages/urllib3/util/util.py", line 39, in reraise
    raise value
  File "/usr/lib/python3.14/site-packages/urllib3/connectionpool.py", line 787, in urlopen
    response = self._make_request(
        conn,
    ...<10 lines>...
        **response_kw,
    )
  File "/usr/lib/python3.14/site-packages/urllib3/connectionpool.py", line 536, in _make_request
    self._raise_timeout(err=e, url=url, timeout_value=read_timeout)
    ~~~~~~~~~~~~~~~~~~~^^^^^^^^^^^^^^^^^^^^^^^^^^^^^^^^^^^^^^^^^^^^
  File "/usr/lib/python3.14/site-packages/urllib3/connectionpool.py", line 367, in _raise_timeout
    raise ReadTimeoutError(
        self, url, f"Read timed out. (read timeout={timeout_value})"
    ) from err
urllib3.exceptions.ReadTimeoutError: HTTPConnectionPool(host='localhost', port=8080): Read timed out. (read timeout=8)

During handling of the above exception, another exception occurred:

Traceback (most recent call last):
  File "src/gevent/greenlet.py", line 900, in gevent._gevent_cgreenlet.Greenlet.run
  File "/home/mm/.local/lib/python3.14/site-packages/locust/user/users.py", line 198, in run_user
    user.run()
    ~~~~~~~~^^
  File "/home/mm/.local/lib/python3.14/site-packages/locust/user/users.py", line 160, in run
    self.on_start()
    ~~~~~~~~~~~~~^^
  File "/home/mm/map2-audio/tests/load_test.py", line 213, in on_start
    self._refresh_ids()
    ~~~~~~~~~~~~~~~~~^^
  File "/home/mm/map2-audio/tests/load_test.py", line 217, in _refresh_ids
    if chains.ok:
       ^^^^^^^^^
  File "/usr/lib/python3.14/site-packages/requests/models.py", line 764, in ok
    self.raise_for_status()
    ~~~~~~~~~~~~~~~~~~~~~^^
  File "/home/mm/.local/lib/python3.14/site-packages/locust/clients.py", line 362, in raise_for_status
    raise self.error
  File "/home/mm/.local/lib/python3.14/site-packages/locust/clients.py", line 425, in __exit__
    self.raise_for_status()
    ~~~~~~~~~~~~~~~~~~~~~^^
  File "/home/mm/.local/lib/python3.14/site-packages/locust/clients.py", line 362, in raise_for_status
    raise self.error
  File "/home/mm/.local/lib/python3.14/site-packages/locust/clients.py", line 250, in _send_request_safe_mode
    return super().request(method, url, **kwargs)
           ~~~~~~~~~~~~~~~^^^^^^^^^^^^^^^^^^^^^^^
  File "/usr/lib/python3.14/site-packages/requests/sessions.py", line 589, in request
    resp = self.send(prep, **send_kwargs)
  File "/usr/lib/python3.14/site-packages/requests/sessions.py", line 703, in send
    r = adapter.send(request, **kwargs)
  File "/usr/lib/python3.14/site-packages/requests/adapters.py", line 690, in send
    raise ReadTimeout(e, request=request)
requests.exceptions.ReadTimeout: HTTPConnectionPool(host='localhost', port=8080): Read timed out. (read timeout=8)
2026-03-07T17:51:18Z <Greenlet at 0x7f044d5cc540: run_user(<load_test.MAP2RealtimeUser object at 0x7f044d6846)> failed with ReadTimeout

[2026-03-07 12:51:18,694] MAP2-TESTBED/ERROR/locust.user.users: HTTPConnectionPool(host='localhost', port=8080): Read timed out. (read timeout=8)
Traceback (most recent call last):
  File "/usr/lib/python3.14/site-packages/urllib3/connectionpool.py", line 534, in _make_request
    response = conn.getresponse()
  File "/usr/lib/python3.14/site-packages/urllib3/connection.py", line 571, in getresponse
    httplib_response = super().getresponse()
  File "/usr/lib64/python3.14/http/client.py", line 1450, in getresponse
    response.begin()
    ~~~~~~~~~~~~~~^^
  File "/usr/lib64/python3.14/http/client.py", line 336, in begin
    version, status, reason = self._read_status()
                              ~~~~~~~~~~~~~~~~~^^
  File "/usr/lib64/python3.14/http/client.py", line 297, in _read_status
    line = str(self.fp.readline(_MAXLINE + 1), "iso-8859-1")
               ~~~~~~~~~~~~~~~~^^^^^^^^^^^^^^
  File "/usr/lib64/python3.14/socket.py", line 725, in readinto
    return self._sock.recv_into(b)
           ~~~~~~~~~~~~~~~~~~~~^^^
  File "/home/mm/.local/lib/python3.14/site-packages/gevent/_socketcommon.py", line 692, in recv_into
    self._wait(self._read_event)
    ~~~~~~~~~~^^^^^^^^^^^^^^^^^^
  File "src/gevent/_hub_primitives.py", line 317, in gevent._gevent_c_hub_primitives.wait_on_socket
  File "src/gevent/_hub_primitives.py", line 322, in gevent._gevent_c_hub_primitives.wait_on_socket
  File "src/gevent/_hub_primitives.py", line 313, in gevent._gevent_c_hub_primitives._primitive_wait
  File "src/gevent/_hub_primitives.py", line 314, in gevent._gevent_c_hub_primitives._primitive_wait
  File "src/gevent/_hub_primitives.py", line 55, in gevent._gevent_c_hub_primitives.WaitOperationsGreenlet.wait
  File "src/gevent/_waiter.py", line 154, in gevent._gevent_c_waiter.Waiter.get
  File "src/gevent/_greenlet_primitives.py", line 65, in gevent._gevent_c_greenlet_primitives.SwitchOutGreenletWithLoop.switch
  File "src/gevent/_gevent_c_greenlet_primitives.pxd", line 35, in gevent._gevent_c_greenlet_primitives._greenlet_switch
TimeoutError: timed out

The above exception was the direct cause of the following exception:

Traceback (most recent call last):
  File "/usr/lib/python3.14/site-packages/requests/adapters.py", line 644, in send
    resp = conn.urlopen(
        method=request.method,
    ...<9 lines>...
        chunked=chunked,
    )
  File "/usr/lib/python3.14/site-packages/urllib3/connectionpool.py", line 841, in urlopen
    retries = retries.increment(
        method, url, error=new_e, _pool=self, _stacktrace=sys.exc_info()[2]
    )
  File "/usr/lib/python3.14/site-packages/urllib3/util/retry.py", line 490, in increment
    raise reraise(type(error), error, _stacktrace)
          ~~~~~~~^^^^^^^^^^^^^^^^^^^^^^^^^^^^^^^^^
  File "/usr/lib/python3.14/site-packages/urllib3/util/util.py", line 39, in reraise
    raise value
  File "/usr/lib/python3.14/site-packages/urllib3/connectionpool.py", line 787, in urlopen
    response = self._make_request(
        conn,
    ...<10 lines>...
        **response_kw,
    )
  File "/usr/lib/python3.14/site-packages/urllib3/connectionpool.py", line 536, in _make_request
    self._raise_timeout(err=e, url=url, timeout_value=read_timeout)
    ~~~~~~~~~~~~~~~~~~~^^^^^^^^^^^^^^^^^^^^^^^^^^^^^^^^^^^^^^^^^^^^
  File "/usr/lib/python3.14/site-packages/urllib3/connectionpool.py", line 367, in _raise_timeout
    raise ReadTimeoutError(
        self, url, f"Read timed out. (read timeout={timeout_value})"
    ) from err
urllib3.exceptions.ReadTimeoutError: HTTPConnectionPool(host='localhost', port=8080): Read timed out. (read timeout=8)

During handling of the above exception, another exception occurred:

Traceback (most recent call last):
  File "/home/mm/.local/lib/python3.14/site-packages/locust/user/users.py", line 160, in run
    self.on_start()
    ~~~~~~~~~~~~~^^
  File "/home/mm/map2-audio/tests/load_test.py", line 213, in on_start
    self._refresh_ids()
    ~~~~~~~~~~~~~~~~~^^
  File "/home/mm/map2-audio/tests/load_test.py", line 217, in _refresh_ids
    if chains.ok:
       ^^^^^^^^^
  File "/usr/lib/python3.14/site-packages/requests/models.py", line 764, in ok
    self.raise_for_status()
    ~~~~~~~~~~~~~~~~~~~~~^^
  File "/home/mm/.local/lib/python3.14/site-packages/locust/clients.py", line 362, in raise_for_status
    raise self.error
  File "/home/mm/.local/lib/python3.14/site-packages/locust/clients.py", line 425, in __exit__
    self.raise_for_status()
    ~~~~~~~~~~~~~~~~~~~~~^^
  File "/home/mm/.local/lib/python3.14/site-packages/locust/clients.py", line 362, in raise_for_status
    raise self.error
  File "/home/mm/.local/lib/python3.14/site-packages/locust/clients.py", line 250, in _send_request_safe_mode
    return super().request(method, url, **kwargs)
           ~~~~~~~~~~~~~~~^^^^^^^^^^^^^^^^^^^^^^^
  File "/usr/lib/python3.14/site-packages/requests/sessions.py", line 589, in request
    resp = self.send(prep, **send_kwargs)
  File "/usr/lib/python3.14/site-packages/requests/sessions.py", line 703, in send
    r = adapter.send(request, **kwargs)
  File "/usr/lib/python3.14/site-packages/requests/adapters.py", line 690, in send
    raise ReadTimeout(e, request=request)
requests.exceptions.ReadTimeout: HTTPConnectionPool(host='localhost', port=8080): Read timed out. (read timeout=8)

Traceback (most recent call last):
  File "/usr/lib/python3.14/site-packages/urllib3/connectionpool.py", line 534, in _make_request
    response = conn.getresponse()
  File "/usr/lib/python3.14/site-packages/urllib3/connection.py", line 571, in getresponse
    httplib_response = super().getresponse()
  File "/usr/lib64/python3.14/http/client.py", line 1450, in getresponse
    response.begin()
    ~~~~~~~~~~~~~~^^
  File "/usr/lib64/python3.14/http/client.py", line 336, in begin
    version, status, reason = self._read_status()
                              ~~~~~~~~~~~~~~~~~^^
  File "/usr/lib64/python3.14/http/client.py", line 297, in _read_status
    line = str(self.fp.readline(_MAXLINE + 1), "iso-8859-1")
               ~~~~~~~~~~~~~~~~^^^^^^^^^^^^^^
  File "/usr/lib64/python3.14/socket.py", line 725, in readinto
    return self._sock.recv_into(b)
           ~~~~~~~~~~~~~~~~~~~~^^^
  File "/home/mm/.local/lib/python3.14/site-packages/gevent/_socketcommon.py", line 692, in recv_into
    self._wait(self._read_event)
    ~~~~~~~~~~^^^^^^^^^^^^^^^^^^
  File "src/gevent/_hub_primitives.py", line 317, in gevent._gevent_c_hub_primitives.wait_on_socket
  File "src/gevent/_hub_primitives.py", line 322, in gevent._gevent_c_hub_primitives.wait_on_socket
  File "src/gevent/_hub_primitives.py", line 313, in gevent._gevent_c_hub_primitives._primitive_wait
  File "src/gevent/_hub_primitives.py", line 314, in gevent._gevent_c_hub_primitives._primitive_wait
  File "src/gevent/_hub_primitives.py", line 55, in gevent._gevent_c_hub_primitives.WaitOperationsGreenlet.wait
  File "src/gevent/_waiter.py", line 154, in gevent._gevent_c_waiter.Waiter.get
  File "src/gevent/_greenlet_primitives.py", line 65, in gevent._gevent_c_greenlet_primitives.SwitchOutGreenletWithLoop.switch
  File "src/gevent/_gevent_c_greenlet_primitives.pxd", line 35, in gevent._gevent_c_greenlet_primitives._greenlet_switch
TimeoutError: timed out

The above exception was the direct cause of the following exception:

Traceback (most recent call last):
  File "/usr/lib/python3.14/site-packages/requests/adapters.py", line 644, in send
    resp = conn.urlopen(
        method=request.method,
    ...<9 lines>...
        chunked=chunked,
    )
  File "/usr/lib/python3.14/site-packages/urllib3/connectionpool.py", line 841, in urlopen
    retries = retries.increment(
        method, url, error=new_e, _pool=self, _stacktrace=sys.exc_info()[2]
    )
  File "/usr/lib/python3.14/site-packages/urllib3/util/retry.py", line 490, in increment
    raise reraise(type(error), error, _stacktrace)
          ~~~~~~~^^^^^^^^^^^^^^^^^^^^^^^^^^^^^^^^^
  File "/usr/lib/python3.14/site-packages/urllib3/util/util.py", line 39, in reraise
    raise value
  File "/usr/lib/python3.14/site-packages/urllib3/connectionpool.py", line 787, in urlopen
    response = self._make_request(
        conn,
    ...<10 lines>...
        **response_kw,
    )
  File "/usr/lib/python3.14/site-packages/urllib3/connectionpool.py", line 536, in _make_request
    self._raise_timeout(err=e, url=url, timeout_value=read_timeout)
    ~~~~~~~~~~~~~~~~~~~^^^^^^^^^^^^^^^^^^^^^^^^^^^^^^^^^^^^^^^^^^^^
  File "/usr/lib/python3.14/site-packages/urllib3/connectionpool.py", line 367, in _raise_timeout
    raise ReadTimeoutError(
        self, url, f"Read timed out. (read timeout={timeout_value})"
    ) from err
urllib3.exceptions.ReadTimeoutError: HTTPConnectionPool(host='localhost', port=8080): Read timed out. (read timeout=8)

During handling of the above exception, another exception occurred:

Traceback (most recent call last):
  File "src/gevent/greenlet.py", line 900, in gevent._gevent_cgreenlet.Greenlet.run
  File "/home/mm/.local/lib/python3.14/site-packages/locust/user/users.py", line 198, in run_user
    user.run()
    ~~~~~~~~^^
  File "/home/mm/.local/lib/python3.14/site-packages/locust/user/users.py", line 160, in run
    self.on_start()
    ~~~~~~~~~~~~~^^
  File "/home/mm/map2-audio/tests/load_test.py", line 213, in on_start
    self._refresh_ids()
    ~~~~~~~~~~~~~~~~~^^
  File "/home/mm/map2-audio/tests/load_test.py", line 217, in _refresh_ids
    if chains.ok:
       ^^^^^^^^^
  File "/usr/lib/python3.14/site-packages/requests/models.py", line 764, in ok
    self.raise_for_status()
    ~~~~~~~~~~~~~~~~~~~~~^^
  File "/home/mm/.local/lib/python3.14/site-packages/locust/clients.py", line 362, in raise_for_status
    raise self.error
  File "/home/mm/.local/lib/python3.14/site-packages/locust/clients.py", line 425, in __exit__
    self.raise_for_status()
    ~~~~~~~~~~~~~~~~~~~~~^^
  File "/home/mm/.local/lib/python3.14/site-packages/locust/clients.py", line 362, in raise_for_status
    raise self.error
  File "/home/mm/.local/lib/python3.14/site-packages/locust/clients.py", line 250, in _send_request_safe_mode
    return super().request(method, url, **kwargs)
           ~~~~~~~~~~~~~~~^^^^^^^^^^^^^^^^^^^^^^^
  File "/usr/lib/python3.14/site-packages/requests/sessions.py", line 589, in request
    resp = self.send(prep, **send_kwargs)
  File "/usr/lib/python3.14/site-packages/requests/sessions.py", line 703, in send
    r = adapter.send(request, **kwargs)
  File "/usr/lib/python3.14/site-packages/requests/adapters.py", line 690, in send
    raise ReadTimeout(e, request=request)
requests.exceptions.ReadTimeout: HTTPConnectionPool(host='localhost', port=8080): Read timed out. (read timeout=8)
2026-03-07T17:51:18Z <Greenlet at 0x7f044d5cd800: run_user(<load_test.MAP2RealtimeUser object at 0x7f044d6861)> failed with ReadTimeout

Type     Name                                                                          # reqs      # fails |    Avg     Min     Max    Med |   req/s  failures/s
--------|----------------------------------------------------------------------------|-------|-------------|-------|-------|-------|-------|--------|-----------
GET      /api/audio/latency                                                                23     0(0.00%) |      7       1      33      2 |    2.30        0.00
GET      /api/audio/levels                                                                 27    4(14.81%) |   1192       1    8001     10 |    2.30        0.00
GET      /api/audio/levels (during plugin swap)                                             3     0(0.00%) |     10       1      28      1 |    0.30        0.00
GET      /api/audio/levels/plugins                                                          2     0(0.00%) |     12       5      19      5 |    0.20        0.00
GET      /api/audio/status                                                                 18     0(0.00%) |      4       1      19      2 |    1.80        0.00
GET      /api/chains/                                                                      17    4(23.53%) |   2134      11    8010     29 |    1.30        0.00
GET      /api/chains/{id}                                                                  19     1(5.26%) |    438       3    8001     16 |    1.80        0.00
POST     /api/chains/{id}/activate                                                         18     0(0.00%) |     14       3      30     15 |    1.80        0.00
POST     /api/chains/{id}/deactivate                                                       18     0(0.00%) |     10       3      35     10 |    1.80        0.00
GET      /api/plugins/discover                                                             13     0(0.00%) |     32      10      52     34 |    1.30        0.00
GET      /api/plugins/list                                                                 13     0(0.00%) |      7       1      19      6 |    1.30        0.00
POST     /api/plugins/load?uri                                                              3    1(33.33%) |   2675       9    8001     16 |    0.20        0.00
POST     /api/plugins/unload?uri                                                            2     0(0.00%) |      8       2      14      3 |    0.20        0.00
--------|----------------------------------------------------------------------------|-------|-------------|-------|-------|-------|-------|--------|-----------
         Aggregated                                                                       176    10(5.68%) |    489       1    8010     11 |   16.60        0.00

Type     Name                                                                          # reqs      # fails |    Avg     Min     Max    Med |   req/s  failures/s
--------|----------------------------------------------------------------------------|-------|-------------|-------|-------|-------|-------|--------|-----------
GET      /api/audio/latency                                                                23     0(0.00%) |      7       1      33      2 |    2.30        0.00
GET      /api/audio/levels                                                                 27    4(14.81%) |   1192       1    8001     10 |    2.30        0.00
GET      /api/audio/levels (during plugin swap)                                             3     0(0.00%) |     10       1      28      1 |    0.30        0.00
GET      /api/audio/levels/plugins                                                          2     0(0.00%) |     12       5      19      5 |    0.20        0.00
GET      /api/audio/status                                                                 18     0(0.00%) |      4       1      19      2 |    1.80        0.00
GET      /api/chains/                                                                      17    4(23.53%) |   2134      11    8010     29 |    1.30        0.00
GET      /api/chains/{id}                                                                  19     1(5.26%) |    438       3    8001     16 |    1.80        0.00
POST     /api/chains/{id}/activate                                                         18     0(0.00%) |     14       3      30     15 |    1.80        0.00
POST     /api/chains/{id}/deactivate                                                       18     0(0.00%) |     10       3      35     10 |    1.80        0.00
GET      /api/plugins/discover                                                             13     0(0.00%) |     32      10      52     34 |    1.30        0.00
GET      /api/plugins/list                                                                 13     0(0.00%) |      7       1      19      6 |    1.30        0.00
POST     /api/plugins/load?uri                                                              3    1(33.33%) |   2675       9    8001     16 |    0.20        0.00
POST     /api/plugins/unload?uri                                                            2     0(0.00%) |      8       2      14      3 |    0.20        0.00
--------|----------------------------------------------------------------------------|-------|-------------|-------|-------|-------|-------|--------|-----------
         Aggregated                                                                       176    10(5.68%) |    489       1    8010     11 |   16.60        0.00

Type     Name                                                                          # reqs      # fails |    Avg     Min     Max    Med |   req/s  failures/s
--------|----------------------------------------------------------------------------|-------|-------------|-------|-------|-------|-------|--------|-----------
GET      /api/audio/latency                                                                23     0(0.00%) |      7       1      33      2 |    2.30        0.00
GET      /api/audio/levels                                                                 27    4(14.81%) |   1192       1    8001     10 |    2.30        0.00
GET      /api/audio/levels (during plugin swap)                                             3     0(0.00%) |     10       1      28      1 |    0.30        0.00
GET      /api/audio/levels/plugins                                                          2     0(0.00%) |     12       5      19      5 |    0.20        0.00
GET      /api/audio/status                                                                 18     0(0.00%) |      4       1      19      2 |    1.80        0.00
GET      /api/chains/                                                                      17    4(23.53%) |   2134      11    8010     29 |    1.30        0.00
GET      /api/chains/{id}                                                                  19     1(5.26%) |    438       3    8001     16 |    1.80        0.00
POST     /api/chains/{id}/activate                                                         18     0(0.00%) |     14       3      30     15 |    1.80        0.00
POST     /api/chains/{id}/deactivate                                                       18     0(0.00%) |     10       3      35     10 |    1.80        0.00
GET      /api/plugins/discover                                                             13     0(0.00%) |     32      10      52     34 |    1.30        0.00
GET      /api/plugins/list                                                                 13     0(0.00%) |      7       1      19      6 |    1.30        0.00
POST     /api/plugins/load?uri                                                              3    1(33.33%) |   2675       9    8001     16 |    0.20        0.00
POST     /api/plugins/unload?uri                                                            2     0(0.00%) |      8       2      14      3 |    0.20        0.00
--------|----------------------------------------------------------------------------|-------|-------------|-------|-------|-------|-------|--------|-----------
         Aggregated                                                                       176    10(5.68%) |    489       1    8010     11 |   16.60        0.00

Type     Name                                                                          # reqs      # fails |    Avg     Min     Max    Med |   req/s  failures/s
--------|----------------------------------------------------------------------------|-------|-------------|-------|-------|-------|-------|--------|-----------
GET      /api/audio/latency                                                                27    4(14.81%) |   1191       1    8001      2 |    0.00        0.00
GET      /api/audio/levels                                                                 29    6(20.69%) |   1661       1    8001     10 |    0.40        0.40
GET      /api/audio/levels (during plugin swap)                                             3     0(0.00%) |     10       1      28      1 |    0.00        0.00
GET      /api/audio/levels/plugins                                                          3    1(33.33%) |   2675       5    8001     20 |    0.00        0.00
GET      /api/audio/status                                                                 18     0(0.00%) |      4       1      19      2 |    0.00        0.00
GET      /api/chains/                                                                      17    4(23.53%) |   2134      11    8010     29 |    0.40        0.40
GET      /api/chains/{id}                                                                  19     1(5.26%) |    438       3    8001     16 |    0.10        0.10
POST     /api/chains/{id}/activate                                                         19     1(5.26%) |    434       3    8001     16 |    0.00        0.00
POST     /api/chains/{id}/deactivate                                                       18     0(0.00%) |     10       3      35     10 |    0.00        0.00
GET      /api/plugins/discover                                                             13     0(0.00%) |     32      10      52     34 |    0.00        0.00
GET      /api/plugins/list                                                                 13     0(0.00%) |      7       1      19      6 |    0.00        0.00
POST     /api/plugins/load?uri                                                              3    1(33.33%) |   2675       9    8001     16 |    0.10        0.10
POST     /api/plugins/unload?uri                                                            2     0(0.00%) |      8       2      14      3 |    0.00        0.00
--------|----------------------------------------------------------------------------|-------|-------------|-------|-------|-------|-------|--------|-----------
         Aggregated                                                                       184    18(9.78%) |    816       1    8010     12 |    1.00        1.00

Type     Name                                                                          # reqs      # fails |    Avg     Min     Max    Med |   req/s  failures/s
--------|----------------------------------------------------------------------------|-------|-------------|-------|-------|-------|-------|--------|-----------
GET      /api/audio/latency                                                                27    4(14.81%) |   1191       1    8001      2 |    0.00        0.00
GET      /api/audio/levels                                                                 29    6(20.69%) |   1661       1    8001     10 |    0.40        0.40
GET      /api/audio/levels (during plugin swap)                                             3     0(0.00%) |     10       1      28      1 |    0.00        0.00
GET      /api/audio/levels/plugins                                                          3    1(33.33%) |   2675       5    8001     20 |    0.00        0.00
GET      /api/audio/status                                                                 18     0(0.00%) |      4       1      19      2 |    0.00        0.00
GET      /api/chains/                                                                      17    4(23.53%) |   2134      11    8010     29 |    0.40        0.40
GET      /api/chains/{id}                                                                  19     1(5.26%) |    438       3    8001     16 |    0.10        0.10
POST     /api/chains/{id}/activate                                                         19     1(5.26%) |    434       3    8001     16 |    0.00        0.00
POST     /api/chains/{id}/deactivate                                                       18     0(0.00%) |     10       3      35     10 |    0.00        0.00
GET      /api/plugins/discover                                                             13     0(0.00%) |     32      10      52     34 |    0.00        0.00
GET      /api/plugins/list                                                                 13     0(0.00%) |      7       1      19      6 |    0.00        0.00
POST     /api/plugins/load?uri                                                              3    1(33.33%) |   2675       9    8001     16 |    0.10        0.10
POST     /api/plugins/unload?uri                                                            2     0(0.00%) |      8       2      14      3 |    0.00        0.00
--------|----------------------------------------------------------------------------|-------|-------------|-------|-------|-------|-------|--------|-----------
         Aggregated                                                                       184    18(9.78%) |    816       1    8010     12 |    1.00        1.00

Type     Name                                                                          # reqs      # fails |    Avg     Min     Max    Med |   req/s  failures/s
--------|----------------------------------------------------------------------------|-------|-------------|-------|-------|-------|-------|--------|-----------
GET      /api/audio/latency                                                                27    4(14.81%) |   1191       1    8001      2 |    0.00        0.00
GET      /api/audio/levels                                                                 29    6(20.69%) |   1661       1    8001     10 |    0.40        0.40
GET      /api/audio/levels (during plugin swap)                                             3     0(0.00%) |     10       1      28      1 |    0.00        0.00
GET      /api/audio/levels/plugins                                                          3    1(33.33%) |   2675       5    8001     20 |    0.00        0.00
GET      /api/audio/status                                                                 18     0(0.00%) |      4       1      19      2 |    0.00        0.00
GET      /api/chains/                                                                      17    4(23.53%) |   2134      11    8010     29 |    0.40        0.40
GET      /api/chains/{id}                                                                  19     1(5.26%) |    438       3    8001     16 |    0.10        0.10
POST     /api/chains/{id}/activate                                                         19     1(5.26%) |    434       3    8001     16 |    0.00        0.00
POST     /api/chains/{id}/deactivate                                                       18     0(0.00%) |     10       3      35     10 |    0.00        0.00
GET      /api/plugins/discover                                                             13     0(0.00%) |     32      10      52     34 |    0.00        0.00
GET      /api/plugins/list                                                                 13     0(0.00%) |      7       1      19      6 |    0.00        0.00
POST     /api/plugins/load?uri                                                              3    1(33.33%) |   2675       9    8001     16 |    0.10        0.10
POST     /api/plugins/unload?uri                                                            2     0(0.00%) |      8       2      14      3 |    0.00        0.00
--------|----------------------------------------------------------------------------|-------|-------------|-------|-------|-------|-------|--------|-----------
         Aggregated                                                                       184    18(9.78%) |    816       1    8010     12 |    1.00        1.00

Type     Name                                                                          # reqs      # fails |    Avg     Min     Max    Med |   req/s  failures/s
--------|----------------------------------------------------------------------------|-------|-------------|-------|-------|-------|-------|--------|-----------
GET      /api/audio/latency                                                                27    4(14.81%) |   1191       1    8001      2 |    0.00        0.00
GET      /api/audio/levels                                                                 29    6(20.69%) |   1661       1    8001     10 |    0.40        0.40
GET      /api/audio/levels (during plugin swap)                                             3     0(0.00%) |     10       1      28      1 |    0.00        0.00
GET      /api/audio/levels/plugins                                                          3    1(33.33%) |   2675       5    8001     20 |    0.00        0.00
GET      /api/audio/status                                                                 18     0(0.00%) |      4       1      19      2 |    0.00        0.00
GET      /api/chains/                                                                      17    4(23.53%) |   2134      11    8010     29 |    0.40        0.40
GET      /api/chains/{id}                                                                  19     1(5.26%) |    438       3    8001     16 |    0.10        0.10
POST     /api/chains/{id}/activate                                                         19     1(5.26%) |    434       3    8001     16 |    0.00        0.00
POST     /api/chains/{id}/deactivate                                                       18     0(0.00%) |     10       3      35     10 |    0.00        0.00
GET      /api/plugins/discover                                                             13     0(0.00%) |     32      10      52     34 |    0.00        0.00
GET      /api/plugins/list                                                                 13     0(0.00%) |      7       1      19      6 |    0.00        0.00
POST     /api/plugins/load?uri                                                              3    1(33.33%) |   2675       9    8001     16 |    0.10        0.10
POST     /api/plugins/unload?uri                                                            2     0(0.00%) |      8       2      14      3 |    0.00        0.00
--------|----------------------------------------------------------------------------|-------|-------------|-------|-------|-------|-------|--------|-----------
         Aggregated                                                                       184    18(9.78%) |    816       1    8010     12 |    1.00        1.00

[2026-03-07 12:51:34,059] MAP2-TESTBED/ERROR/locust.user.task: HTTPConnectionPool(host='localhost', port=8080): Read timed out. (read timeout=8)
Traceback (most recent call last):
  File "/usr/lib/python3.14/site-packages/urllib3/connectionpool.py", line 534, in _make_request
    response = conn.getresponse()
  File "/usr/lib/python3.14/site-packages/urllib3/connection.py", line 571, in getresponse
    httplib_response = super().getresponse()
  File "/usr/lib64/python3.14/http/client.py", line 1450, in getresponse
    response.begin()
    ~~~~~~~~~~~~~~^^
  File "/usr/lib64/python3.14/http/client.py", line 336, in begin
    version, status, reason = self._read_status()
                              ~~~~~~~~~~~~~~~~~^^
  File "/usr/lib64/python3.14/http/client.py", line 297, in _read_status
    line = str(self.fp.readline(_MAXLINE + 1), "iso-8859-1")
               ~~~~~~~~~~~~~~~~^^^^^^^^^^^^^^
  File "/usr/lib64/python3.14/socket.py", line 725, in readinto
    return self._sock.recv_into(b)
           ~~~~~~~~~~~~~~~~~~~~^^^
  File "/home/mm/.local/lib/python3.14/site-packages/gevent/_socketcommon.py", line 692, in recv_into
    self._wait(self._read_event)
    ~~~~~~~~~~^^^^^^^^^^^^^^^^^^
  File "src/gevent/_hub_primitives.py", line 317, in gevent._gevent_c_hub_primitives.wait_on_socket
  File "src/gevent/_hub_primitives.py", line 322, in gevent._gevent_c_hub_primitives.wait_on_socket
  File "src/gevent/_hub_primitives.py", line 313, in gevent._gevent_c_hub_primitives._primitive_wait
  File "src/gevent/_hub_primitives.py", line 314, in gevent._gevent_c_hub_primitives._primitive_wait
  File "src/gevent/_hub_primitives.py", line 55, in gevent._gevent_c_hub_primitives.WaitOperationsGreenlet.wait
  File "src/gevent/_waiter.py", line 154, in gevent._gevent_c_waiter.Waiter.get
  File "src/gevent/_greenlet_primitives.py", line 65, in gevent._gevent_c_greenlet_primitives.SwitchOutGreenletWithLoop.switch
  File "src/gevent/_gevent_c_greenlet_primitives.pxd", line 35, in gevent._gevent_c_greenlet_primitives._greenlet_switch
TimeoutError: timed out

The above exception was the direct cause of the following exception:

Traceback (most recent call last):
  File "/usr/lib/python3.14/site-packages/requests/adapters.py", line 644, in send
    resp = conn.urlopen(
        method=request.method,
    ...<9 lines>...
        chunked=chunked,
    )
  File "/usr/lib/python3.14/site-packages/urllib3/connectionpool.py", line 841, in urlopen
    retries = retries.increment(
        method, url, error=new_e, _pool=self, _stacktrace=sys.exc_info()[2]
    )
  File "/usr/lib/python3.14/site-packages/urllib3/util/retry.py", line 490, in increment
    raise reraise(type(error), error, _stacktrace)
          ~~~~~~~^^^^^^^^^^^^^^^^^^^^^^^^^^^^^^^^^
  File "/usr/lib/python3.14/site-packages/urllib3/util/util.py", line 39, in reraise
    raise value
  File "/usr/lib/python3.14/site-packages/urllib3/connectionpool.py", line 787, in urlopen
    response = self._make_request(
        conn,
    ...<10 lines>...
        **response_kw,
    )
  File "/usr/lib/python3.14/site-packages/urllib3/connectionpool.py", line 536, in _make_request
    self._raise_timeout(err=e, url=url, timeout_value=read_timeout)
    ~~~~~~~~~~~~~~~~~~~^^^^^^^^^^^^^^^^^^^^^^^^^^^^^^^^^^^^^^^^^^^^
  File "/usr/lib/python3.14/site-packages/urllib3/connectionpool.py", line 367, in _raise_timeout
    raise ReadTimeoutError(
        self, url, f"Read timed out. (read timeout={timeout_value})"
    ) from err
urllib3.exceptions.ReadTimeoutError: HTTPConnectionPool(host='localhost', port=8080): Read timed out. (read timeout=8)

During handling of the above exception, another exception occurred:

Traceback (most recent call last):
  File "/home/mm/.local/lib/python3.14/site-packages/locust/user/task.py", line 362, in run
    self.execute_next_task()
    ~~~~~~~~~~~~~~~~~~~~~~^^
  File "/home/mm/.local/lib/python3.14/site-packages/locust/user/task.py", line 395, in execute_next_task
    self.execute_task(self._task_queue.popleft())
    ~~~~~~~~~~~~~~~~~^^^^^^^^^^^^^^^^^^^^^^^^^^^^
  File "/home/mm/.local/lib/python3.14/site-packages/locust/user/task.py", line 512, in execute_task
    task(self.user)
    ~~~~^^^^^^^^^^^
  File "/home/mm/map2-audio/tests/load_test.py", line 251, in midi_cc_burst
    self._refresh_ids()
    ~~~~~~~~~~~~~~~~~^^
  File "/home/mm/map2-audio/tests/load_test.py", line 217, in _refresh_ids
    if chains.ok:
       ^^^^^^^^^
  File "/usr/lib/python3.14/site-packages/requests/models.py", line 764, in ok
    self.raise_for_status()
    ~~~~~~~~~~~~~~~~~~~~~^^
  File "/home/mm/.local/lib/python3.14/site-packages/locust/clients.py", line 362, in raise_for_status
    raise self.error
  File "/home/mm/.local/lib/python3.14/site-packages/locust/clients.py", line 425, in __exit__
    self.raise_for_status()
    ~~~~~~~~~~~~~~~~~~~~~^^
  File "/home/mm/.local/lib/python3.14/site-packages/locust/clients.py", line 362, in raise_for_status
    raise self.error
  File "/home/mm/.local/lib/python3.14/site-packages/locust/clients.py", line 250, in _send_request_safe_mode
    return super().request(method, url, **kwargs)
           ~~~~~~~~~~~~~~~^^^^^^^^^^^^^^^^^^^^^^^
  File "/usr/lib/python3.14/site-packages/requests/sessions.py", line 589, in request
    resp = self.send(prep, **send_kwargs)
  File "/usr/lib/python3.14/site-packages/requests/sessions.py", line 703, in send
    r = adapter.send(request, **kwargs)
  File "/usr/lib/python3.14/site-packages/requests/adapters.py", line 690, in send
    raise ReadTimeout(e, request=request)
requests.exceptions.ReadTimeout: HTTPConnectionPool(host='localhost', port=8080): Read timed out. (read timeout=8)

[2026-03-07 12:51:34,093] MAP2-TESTBED/ERROR/locust.user.task: HTTPConnectionPool(host='localhost', port=8080): Read timed out. (read timeout=8)
Traceback (most recent call last):
  File "/usr/lib/python3.14/site-packages/urllib3/connectionpool.py", line 534, in _make_request
    response = conn.getresponse()
  File "/usr/lib/python3.14/site-packages/urllib3/connection.py", line 571, in getresponse
    httplib_response = super().getresponse()
  File "/usr/lib64/python3.14/http/client.py", line 1450, in getresponse
    response.begin()
    ~~~~~~~~~~~~~~^^
  File "/usr/lib64/python3.14/http/client.py", line 336, in begin
    version, status, reason = self._read_status()
                              ~~~~~~~~~~~~~~~~~^^
  File "/usr/lib64/python3.14/http/client.py", line 297, in _read_status
    line = str(self.fp.readline(_MAXLINE + 1), "iso-8859-1")
               ~~~~~~~~~~~~~~~~^^^^^^^^^^^^^^
  File "/usr/lib64/python3.14/socket.py", line 725, in readinto
    return self._sock.recv_into(b)
           ~~~~~~~~~~~~~~~~~~~~^^^
  File "/home/mm/.local/lib/python3.14/site-packages/gevent/_socketcommon.py", line 692, in recv_into
    self._wait(self._read_event)
    ~~~~~~~~~~^^^^^^^^^^^^^^^^^^
  File "src/gevent/_hub_primitives.py", line 317, in gevent._gevent_c_hub_primitives.wait_on_socket
  File "src/gevent/_hub_primitives.py", line 322, in gevent._gevent_c_hub_primitives.wait_on_socket
  File "src/gevent/_hub_primitives.py", line 313, in gevent._gevent_c_hub_primitives._primitive_wait
  File "src/gevent/_hub_primitives.py", line 314, in gevent._gevent_c_hub_primitives._primitive_wait
  File "src/gevent/_hub_primitives.py", line 55, in gevent._gevent_c_hub_primitives.WaitOperationsGreenlet.wait
  File "src/gevent/_waiter.py", line 154, in gevent._gevent_c_waiter.Waiter.get
  File "src/gevent/_greenlet_primitives.py", line 65, in gevent._gevent_c_greenlet_primitives.SwitchOutGreenletWithLoop.switch
  File "src/gevent/_gevent_c_greenlet_primitives.pxd", line 35, in gevent._gevent_c_greenlet_primitives._greenlet_switch
TimeoutError: timed out

The above exception was the direct cause of the following exception:

Traceback (most recent call last):
  File "/usr/lib/python3.14/site-packages/requests/adapters.py", line 644, in send
    resp = conn.urlopen(
        method=request.method,
    ...<9 lines>...
        chunked=chunked,
    )
  File "/usr/lib/python3.14/site-packages/urllib3/connectionpool.py", line 841, in urlopen
    retries = retries.increment(
        method, url, error=new_e, _pool=self, _stacktrace=sys.exc_info()[2]
    )
  File "/usr/lib/python3.14/site-packages/urllib3/util/retry.py", line 490, in increment
    raise reraise(type(error), error, _stacktrace)
          ~~~~~~~^^^^^^^^^^^^^^^^^^^^^^^^^^^^^^^^^
  File "/usr/lib/python3.14/site-packages/urllib3/util/util.py", line 39, in reraise
    raise value
  File "/usr/lib/python3.14/site-packages/urllib3/connectionpool.py", line 787, in urlopen
    response = self._make_request(
        conn,
    ...<10 lines>...
        **response_kw,
    )
  File "/usr/lib/python3.14/site-packages/urllib3/connectionpool.py", line 536, in _make_request
    self._raise_timeout(err=e, url=url, timeout_value=read_timeout)
    ~~~~~~~~~~~~~~~~~~~^^^^^^^^^^^^^^^^^^^^^^^^^^^^^^^^^^^^^^^^^^^^
  File "/usr/lib/python3.14/site-packages/urllib3/connectionpool.py", line 367, in _raise_timeout
    raise ReadTimeoutError(
        self, url, f"Read timed out. (read timeout={timeout_value})"
    ) from err
urllib3.exceptions.ReadTimeoutError: HTTPConnectionPool(host='localhost', port=8080): Read timed out. (read timeout=8)

During handling of the above exception, another exception occurred:

Traceback (most recent call last):
  File "/home/mm/.local/lib/python3.14/site-packages/locust/user/task.py", line 362, in run
    self.execute_next_task()
    ~~~~~~~~~~~~~~~~~~~~~~^^
  File "/home/mm/.local/lib/python3.14/site-packages/locust/user/task.py", line 395, in execute_next_task
    self.execute_task(self._task_queue.popleft())
    ~~~~~~~~~~~~~~~~~^^^^^^^^^^^^^^^^^^^^^^^^^^^^
  File "/home/mm/.local/lib/python3.14/site-packages/locust/user/task.py", line 512, in execute_task
    task(self.user)
    ~~~~^^^^^^^^^^^
  File "/home/mm/map2-audio/tests/load_test.py", line 251, in midi_cc_burst
    self._refresh_ids()
    ~~~~~~~~~~~~~~~~~^^
  File "/home/mm/map2-audio/tests/load_test.py", line 217, in _refresh_ids
    if chains.ok:
       ^^^^^^^^^
  File "/usr/lib/python3.14/site-packages/requests/models.py", line 764, in ok
    self.raise_for_status()
    ~~~~~~~~~~~~~~~~~~~~~^^
  File "/home/mm/.local/lib/python3.14/site-packages/locust/clients.py", line 362, in raise_for_status
    raise self.error
  File "/home/mm/.local/lib/python3.14/site-packages/locust/clients.py", line 425, in __exit__
    self.raise_for_status()
    ~~~~~~~~~~~~~~~~~~~~~^^
  File "/home/mm/.local/lib/python3.14/site-packages/locust/clients.py", line 362, in raise_for_status
    raise self.error
  File "/home/mm/.local/lib/python3.14/site-packages/locust/clients.py", line 250, in _send_request_safe_mode
    return super().request(method, url, **kwargs)
           ~~~~~~~~~~~~~~~^^^^^^^^^^^^^^^^^^^^^^^
  File "/usr/lib/python3.14/site-packages/requests/sessions.py", line 589, in request
    resp = self.send(prep, **send_kwargs)
  File "/usr/lib/python3.14/site-packages/requests/sessions.py", line 703, in send
    r = adapter.send(request, **kwargs)
  File "/usr/lib/python3.14/site-packages/requests/adapters.py", line 690, in send
    raise ReadTimeout(e, request=request)
requests.exceptions.ReadTimeout: HTTPConnectionPool(host='localhost', port=8080): Read timed out. (read timeout=8)

Type     Name                                                                          # reqs      # fails |    Avg     Min     Max    Med |   req/s  failures/s
--------|----------------------------------------------------------------------------|-------|-------------|-------|-------|-------|-------|--------|-----------
GET      /api/audio/latency                                                                29    6(20.69%) |   1661       1    8001      2 |    0.40        0.40
GET      /api/audio/levels                                                                 30    7(23.33%) |   1873       1    8001     10 |    0.20        0.20
GET      /api/audio/levels (during plugin swap)                                             3     0(0.00%) |     10       1      28      1 |    0.00        0.00
GET      /api/audio/levels/plugins                                                          3    1(33.33%) |   2675       5    8001     20 |    0.10        0.10
GET      /api/audio/status                                                                 19     1(5.26%) |    425       1    8002      3 |    0.00        0.00
GET      /api/chains/                                                                      19    6(31.58%) |   2752      11    8010    530 |    0.00        0.00
GET      /api/chains/{id}                                                                  20    2(10.00%) |    816       3    8001     16 |    0.00        0.00
POST     /api/chains/{id}/activate                                                         19     1(5.26%) |    434       3    8001     16 |    0.10        0.10
POST     /api/chains/{id}/deactivate                                                       18     0(0.00%) |     10       3      35     10 |    0.00        0.00
GET      /api/plugins/discover                                                             13     0(0.00%) |     32      10      52     34 |    0.00        0.00
GET      /api/plugins/list                                                                 13     0(0.00%) |      7       1      19      6 |    0.00        0.00
POST     /api/plugins/load?uri                                                              3    1(33.33%) |   2675       9    8001     16 |    0.00        0.00
POST     /api/plugins/unload?uri                                                            3    1(33.33%) |   2672       2    8001     14 |    0.00        0.00
--------|----------------------------------------------------------------------------|-------|-------------|-------|-------|-------|-------|--------|-----------
         Aggregated                                                                       192   26(13.54%) |   1115       1    8010     12 |    0.80        0.80

Type     Name                                                                          # reqs      # fails |    Avg     Min     Max    Med |   req/s  failures/s
--------|----------------------------------------------------------------------------|-------|-------------|-------|-------|-------|-------|--------|-----------
GET      /api/audio/latency                                                                29    6(20.69%) |   1661       1    8001      2 |    0.40        0.40
GET      /api/audio/levels                                                                 30    7(23.33%) |   1873       1    8001     10 |    0.20        0.20
GET      /api/audio/levels (during plugin swap)                                             3     0(0.00%) |     10       1      28      1 |    0.00        0.00
GET      /api/audio/levels/plugins                                                          3    1(33.33%) |   2675       5    8001     20 |    0.10        0.10
GET      /api/audio/status                                                                 19     1(5.26%) |    425       1    8002      3 |    0.00        0.00
GET      /api/chains/                                                                      19    6(31.58%) |   2752      11    8010    530 |    0.00        0.00
GET      /api/chains/{id}                                                                  20    2(10.00%) |    816       3    8001     16 |    0.00        0.00
POST     /api/chains/{id}/activate                                                         19     1(5.26%) |    434       3    8001     16 |    0.10        0.10
POST     /api/chains/{id}/deactivate                                                       18     0(0.00%) |     10       3      35     10 |    0.00        0.00
GET      /api/plugins/discover                                                             13     0(0.00%) |     32      10      52     34 |    0.00        0.00
GET      /api/plugins/list                                                                 13     0(0.00%) |      7       1      19      6 |    0.00        0.00
POST     /api/plugins/load?uri                                                              3    1(33.33%) |   2675       9    8001     16 |    0.00        0.00
POST     /api/plugins/unload?uri                                                            3    1(33.33%) |   2672       2    8001     14 |    0.00        0.00
--------|----------------------------------------------------------------------------|-------|-------------|-------|-------|-------|-------|--------|-----------
         Aggregated                                                                       192   26(13.54%) |   1115       1    8010     12 |    0.80        0.80

Type     Name                                                                          # reqs      # fails |    Avg     Min     Max    Med |   req/s  failures/s
--------|----------------------------------------------------------------------------|-------|-------------|-------|-------|-------|-------|--------|-----------
GET      /api/audio/latency                                                                29    6(20.69%) |   1661       1    8001      2 |    0.40        0.40
GET      /api/audio/levels                                                                 30    7(23.33%) |   1873       1    8001     10 |    0.20        0.20
GET      /api/audio/levels (during plugin swap)                                             3     0(0.00%) |     10       1      28      1 |    0.00        0.00
GET      /api/audio/levels/plugins                                                          3    1(33.33%) |   2675       5    8001     20 |    0.10        0.10
GET      /api/audio/status                                                                 19     1(5.26%) |    425       1    8002      3 |    0.00        0.00
GET      /api/chains/                                                                      19    6(31.58%) |   2752      11    8010    530 |    0.00        0.00
GET      /api/chains/{id}                                                                  20    2(10.00%) |    816       3    8001     16 |    0.00        0.00
POST     /api/chains/{id}/activate                                                         19     1(5.26%) |    434       3    8001     16 |    0.10        0.10
POST     /api/chains/{id}/deactivate                                                       18     0(0.00%) |     10       3      35     10 |    0.00        0.00
GET      /api/plugins/discover                                                             13     0(0.00%) |     32      10      52     34 |    0.00        0.00
GET      /api/plugins/list                                                                 13     0(0.00%) |      7       1      19      6 |    0.00        0.00
POST     /api/plugins/load?uri                                                              3    1(33.33%) |   2675       9    8001     16 |    0.00        0.00
POST     /api/plugins/unload?uri                                                            3    1(33.33%) |   2672       2    8001     14 |    0.00        0.00
--------|----------------------------------------------------------------------------|-------|-------------|-------|-------|-------|-------|--------|-----------
         Aggregated                                                                       192   26(13.54%) |   1115       1    8010     12 |    0.80        0.80

Type     Name                                                                          # reqs      # fails |    Avg     Min     Max    Med |   req/s  failures/s
--------|----------------------------------------------------------------------------|-------|-------------|-------|-------|-------|-------|--------|-----------
GET      /api/audio/latency                                                                29    6(20.69%) |   1661       1    8001      2 |    0.40        0.40
GET      /api/audio/levels                                                                 30    7(23.33%) |   1873       1    8001     10 |    0.20        0.20
GET      /api/audio/levels (during plugin swap)                                             3     0(0.00%) |     10       1      28      1 |    0.00        0.00
GET      /api/audio/levels/plugins                                                          3    1(33.33%) |   2675       5    8001     20 |    0.10        0.10
GET      /api/audio/status                                                                 19     1(5.26%) |    425       1    8002      3 |    0.00        0.00
GET      /api/chains/                                                                      19    6(31.58%) |   2752      11    8010    530 |    0.00        0.00
GET      /api/chains/{id}                                                                  20    2(10.00%) |    816       3    8001     16 |    0.00        0.00
POST     /api/chains/{id}/activate                                                         19     1(5.26%) |    434       3    8001     16 |    0.10        0.10
POST     /api/chains/{id}/deactivate                                                       18     0(0.00%) |     10       3      35     10 |    0.00        0.00
GET      /api/plugins/discover                                                             13     0(0.00%) |     32      10      52     34 |    0.00        0.00
GET      /api/plugins/list                                                                 13     0(0.00%) |      7       1      19      6 |    0.00        0.00
POST     /api/plugins/load?uri                                                              3    1(33.33%) |   2675       9    8001     16 |    0.00        0.00
POST     /api/plugins/unload?uri                                                            3    1(33.33%) |   2672       2    8001     14 |    0.00        0.00
--------|----------------------------------------------------------------------------|-------|-------------|-------|-------|-------|-------|--------|-----------
         Aggregated                                                                       192   26(13.54%) |   1115       1    8010     12 |    0.80        0.80

[2026-03-07 12:51:42,161] MAP2-TESTBED/ERROR/locust.user.task: HTTPConnectionPool(host='localhost', port=8080): Read timed out. (read timeout=8)
Traceback (most recent call last):
  File "/usr/lib/python3.14/site-packages/urllib3/connectionpool.py", line 534, in _make_request
    response = conn.getresponse()
  File "/usr/lib/python3.14/site-packages/urllib3/connection.py", line 571, in getresponse
    httplib_response = super().getresponse()
  File "/usr/lib64/python3.14/http/client.py", line 1450, in getresponse
    response.begin()
    ~~~~~~~~~~~~~~^^
  File "/usr/lib64/python3.14/http/client.py", line 336, in begin
    version, status, reason = self._read_status()
                              ~~~~~~~~~~~~~~~~~^^
  File "/usr/lib64/python3.14/http/client.py", line 297, in _read_status
    line = str(self.fp.readline(_MAXLINE + 1), "iso-8859-1")
               ~~~~~~~~~~~~~~~~^^^^^^^^^^^^^^
  File "/usr/lib64/python3.14/socket.py", line 725, in readinto
    return self._sock.recv_into(b)
           ~~~~~~~~~~~~~~~~~~~~^^^
  File "/home/mm/.local/lib/python3.14/site-packages/gevent/_socketcommon.py", line 692, in recv_into
    self._wait(self._read_event)
    ~~~~~~~~~~^^^^^^^^^^^^^^^^^^
  File "src/gevent/_hub_primitives.py", line 317, in gevent._gevent_c_hub_primitives.wait_on_socket
  File "src/gevent/_hub_primitives.py", line 322, in gevent._gevent_c_hub_primitives.wait_on_socket
  File "src/gevent/_hub_primitives.py", line 313, in gevent._gevent_c_hub_primitives._primitive_wait
  File "src/gevent/_hub_primitives.py", line 314, in gevent._gevent_c_hub_primitives._primitive_wait
  File "src/gevent/_hub_primitives.py", line 55, in gevent._gevent_c_hub_primitives.WaitOperationsGreenlet.wait
  File "src/gevent/_waiter.py", line 154, in gevent._gevent_c_waiter.Waiter.get
  File "src/gevent/_greenlet_primitives.py", line 65, in gevent._gevent_c_greenlet_primitives.SwitchOutGreenletWithLoop.switch
  File "src/gevent/_gevent_c_greenlet_primitives.pxd", line 35, in gevent._gevent_c_greenlet_primitives._greenlet_switch
TimeoutError: timed out

The above exception was the direct cause of the following exception:

Traceback (most recent call last):
  File "/usr/lib/python3.14/site-packages/requests/adapters.py", line 644, in send
    resp = conn.urlopen(
        method=request.method,
    ...<9 lines>...
        chunked=chunked,
    )
  File "/usr/lib/python3.14/site-packages/urllib3/connectionpool.py", line 841, in urlopen
    retries = retries.increment(
        method, url, error=new_e, _pool=self, _stacktrace=sys.exc_info()[2]
    )
  File "/usr/lib/python3.14/site-packages/urllib3/util/retry.py", line 490, in increment
    raise reraise(type(error), error, _stacktrace)
          ~~~~~~~^^^^^^^^^^^^^^^^^^^^^^^^^^^^^^^^^
  File "/usr/lib/python3.14/site-packages/urllib3/util/util.py", line 39, in reraise
    raise value
  File "/usr/lib/python3.14/site-packages/urllib3/connectionpool.py", line 787, in urlopen
    response = self._make_request(
        conn,
    ...<10 lines>...
        **response_kw,
    )
  File "/usr/lib/python3.14/site-packages/urllib3/connectionpool.py", line 536, in _make_request
    self._raise_timeout(err=e, url=url, timeout_value=read_timeout)
    ~~~~~~~~~~~~~~~~~~~^^^^^^^^^^^^^^^^^^^^^^^^^^^^^^^^^^^^^^^^^^^^
  File "/usr/lib/python3.14/site-packages/urllib3/connectionpool.py", line 367, in _raise_timeout
    raise ReadTimeoutError(
        self, url, f"Read timed out. (read timeout={timeout_value})"
    ) from err
urllib3.exceptions.ReadTimeoutError: HTTPConnectionPool(host='localhost', port=8080): Read timed out. (read timeout=8)

During handling of the above exception, another exception occurred:

Traceback (most recent call last):
  File "/home/mm/.local/lib/python3.14/site-packages/locust/user/task.py", line 362, in run
    self.execute_next_task()
    ~~~~~~~~~~~~~~~~~~~~~~^^
  File "/home/mm/.local/lib/python3.14/site-packages/locust/user/task.py", line 395, in execute_next_task
    self.execute_task(self._task_queue.popleft())
    ~~~~~~~~~~~~~~~~~^^^^^^^^^^^^^^^^^^^^^^^^^^^^
  File "/home/mm/.local/lib/python3.14/site-packages/locust/user/task.py", line 512, in execute_task
    task(self.user)
    ~~~~^^^^^^^^^^^
  File "/home/mm/map2-audio/tests/load_test.py", line 251, in midi_cc_burst
    self._refresh_ids()
    ~~~~~~~~~~~~~~~~~^^
  File "/home/mm/map2-audio/tests/load_test.py", line 217, in _refresh_ids
    if chains.ok:
       ^^^^^^^^^
  File "/usr/lib/python3.14/site-packages/requests/models.py", line 764, in ok
    self.raise_for_status()
    ~~~~~~~~~~~~~~~~~~~~~^^
  File "/home/mm/.local/lib/python3.14/site-packages/locust/clients.py", line 362, in raise_for_status
    raise self.error
  File "/home/mm/.local/lib/python3.14/site-packages/locust/clients.py", line 425, in __exit__
    self.raise_for_status()
    ~~~~~~~~~~~~~~~~~~~~~^^
  File "/home/mm/.local/lib/python3.14/site-packages/locust/clients.py", line 362, in raise_for_status
    raise self.error
  File "/home/mm/.local/lib/python3.14/site-packages/locust/clients.py", line 250, in _send_request_safe_mode
    return super().request(method, url, **kwargs)
           ~~~~~~~~~~~~~~~^^^^^^^^^^^^^^^^^^^^^^^
  File "/usr/lib/python3.14/site-packages/requests/sessions.py", line 589, in request
    resp = self.send(prep, **send_kwargs)
  File "/usr/lib/python3.14/site-packages/requests/sessions.py", line 703, in send
    r = adapter.send(request, **kwargs)
  File "/usr/lib/python3.14/site-packages/requests/adapters.py", line 690, in send
    raise ReadTimeout(e, request=request)
requests.exceptions.ReadTimeout: HTTPConnectionPool(host='localhost', port=8080): Read timed out. (read timeout=8)

Type     Name                                                                          # reqs      # fails |    Avg     Min     Max    Med |   req/s  failures/s
--------|----------------------------------------------------------------------------|-------|-------------|-------|-------|-------|-------|--------|-----------
GET      /api/audio/latency                                                                30    7(23.33%) |   1872       1    8002      2 |    0.20        0.20
GET      /api/audio/levels                                                                 32    9(28.12%) |   2256       1    8001     10 |    0.10        0.10
GET      /api/audio/levels (during plugin swap)                                             5    2(40.00%) |   3206       1    8002     29 |    0.00        0.00
GET      /api/audio/levels/plugins                                                          3    1(33.33%) |   2675       5    8001     20 |    0.00        0.00
GET      /api/audio/status                                                                 19     1(5.26%) |    425       1    8002      3 |    0.10        0.10
GET      /api/chains/                                                                      20    7(35.00%) |   3014      11    8010    530 |    0.20        0.20
GET      /api/chains/{id}                                                                  20    2(10.00%) |    816       3    8001     16 |    0.10        0.10
POST     /api/chains/{id}/activate                                                         20    2(10.00%) |    813       3    8001     16 |    0.00        0.00
POST     /api/chains/{id}/deactivate                                                       19     1(5.26%) |    431       3    8001     11 |    0.00        0.00
GET      /api/plugins/discover                                                             13     0(0.00%) |     32      10      52     34 |    0.00        0.00
GET      /api/plugins/list                                                                 13     0(0.00%) |      7       1      19      6 |    0.00        0.00
POST     /api/plugins/load?uri                                                              3    1(33.33%) |   2675       9    8001     16 |    0.00        0.00
POST     /api/plugins/unload?uri                                                            3    1(33.33%) |   2672       2    8001     14 |    0.10        0.10
--------|----------------------------------------------------------------------------|-------|-------------|-------|-------|-------|-------|--------|-----------
         Aggregated                                                                       200   34(17.00%) |   1390       1    8010     12 |    0.80        0.80

Type     Name                                                                          # reqs      # fails |    Avg     Min     Max    Med |   req/s  failures/s
--------|----------------------------------------------------------------------------|-------|-------------|-------|-------|-------|-------|--------|-----------
GET      /api/audio/latency                                                                30    7(23.33%) |   1872       1    8002      2 |    0.20        0.20
GET      /api/audio/levels                                                                 32    9(28.12%) |   2256       1    8001     10 |    0.10        0.10
GET      /api/audio/levels (during plugin swap)                                             5    2(40.00%) |   3206       1    8002     29 |    0.00        0.00
GET      /api/audio/levels/plugins                                                          3    1(33.33%) |   2675       5    8001     20 |    0.00        0.00
GET      /api/audio/status                                                                 19     1(5.26%) |    425       1    8002      3 |    0.10        0.10
GET      /api/chains/                                                                      20    7(35.00%) |   3014      11    8010    530 |    0.20        0.20
GET      /api/chains/{id}                                                                  20    2(10.00%) |    816       3    8001     16 |    0.10        0.10
POST     /api/chains/{id}/activate                                                         20    2(10.00%) |    813       3    8001     16 |    0.00        0.00
POST     /api/chains/{id}/deactivate                                                       19     1(5.26%) |    431       3    8001     11 |    0.00        0.00
GET      /api/plugins/discover                                                             13     0(0.00%) |     32      10      52     34 |    0.00        0.00
GET      /api/plugins/list                                                                 13     0(0.00%) |      7       1      19      6 |    0.00        0.00
POST     /api/plugins/load?uri                                                              3    1(33.33%) |   2675       9    8001     16 |    0.00        0.00
POST     /api/plugins/unload?uri                                                            3    1(33.33%) |   2672       2    8001     14 |    0.10        0.10
--------|----------------------------------------------------------------------------|-------|-------------|-------|-------|-------|-------|--------|-----------
         Aggregated                                                                       200   34(17.00%) |   1390       1    8010     12 |    0.80        0.80

Type     Name                                                                          # reqs      # fails |    Avg     Min     Max    Med |   req/s  failures/s
--------|----------------------------------------------------------------------------|-------|-------------|-------|-------|-------|-------|--------|-----------
GET      /api/audio/latency                                                                30    7(23.33%) |   1872       1    8002      2 |    0.20        0.20
GET      /api/audio/levels                                                                 32    9(28.12%) |   2256       1    8001     10 |    0.10        0.10
GET      /api/audio/levels (during plugin swap)                                             5    2(40.00%) |   3206       1    8002     29 |    0.00        0.00
GET      /api/audio/levels/plugins                                                          3    1(33.33%) |   2675       5    8001     20 |    0.00        0.00
GET      /api/audio/status                                                                 19     1(5.26%) |    425       1    8002      3 |    0.10        0.10
GET      /api/chains/                                                                      20    7(35.00%) |   3014      11    8010    530 |    0.20        0.20
GET      /api/chains/{id}                                                                  20    2(10.00%) |    816       3    8001     16 |    0.10        0.10
POST     /api/chains/{id}/activate                                                         20    2(10.00%) |    813       3    8001     16 |    0.00        0.00
POST     /api/chains/{id}/deactivate                                                       19     1(5.26%) |    431       3    8001     11 |    0.00        0.00
GET      /api/plugins/discover                                                             13     0(0.00%) |     32      10      52     34 |    0.00        0.00
GET      /api/plugins/list                                                                 13     0(0.00%) |      7       1      19      6 |    0.00        0.00
POST     /api/plugins/load?uri                                                              3    1(33.33%) |   2675       9    8001     16 |    0.00        0.00
POST     /api/plugins/unload?uri                                                            3    1(33.33%) |   2672       2    8001     14 |    0.10        0.10
--------|----------------------------------------------------------------------------|-------|-------------|-------|-------|-------|-------|--------|-----------
         Aggregated                                                                       200   34(17.00%) |   1390       1    8010     12 |    0.80        0.80

Type     Name                                                                          # reqs      # fails |    Avg     Min     Max    Med |   req/s  failures/s
--------|----------------------------------------------------------------------------|-------|-------------|-------|-------|-------|-------|--------|-----------
GET      /api/audio/latency                                                                30    7(23.33%) |   1872       1    8002      2 |    0.20        0.20
GET      /api/audio/levels                                                                 32    9(28.12%) |   2256       1    8001     10 |    0.10        0.10
GET      /api/audio/levels (during plugin swap)                                             5    2(40.00%) |   3206       1    8002     29 |    0.00        0.00
GET      /api/audio/levels/plugins                                                          3    1(33.33%) |   2675       5    8001     20 |    0.00        0.00
GET      /api/audio/status                                                                 19     1(5.26%) |    425       1    8002      3 |    0.10        0.10
GET      /api/chains/                                                                      20    7(35.00%) |   3014      11    8010    530 |    0.20        0.20
GET      /api/chains/{id}                                                                  20    2(10.00%) |    816       3    8001     16 |    0.10        0.10
POST     /api/chains/{id}/activate                                                         20    2(10.00%) |    813       3    8001     16 |    0.00        0.00
POST     /api/chains/{id}/deactivate                                                       19     1(5.26%) |    431       3    8001     11 |    0.00        0.00
GET      /api/plugins/discover                                                             13     0(0.00%) |     32      10      52     34 |    0.00        0.00
GET      /api/plugins/list                                                                 13     0(0.00%) |      7       1      19      6 |    0.00        0.00
POST     /api/plugins/load?uri                                                              3    1(33.33%) |   2675       9    8001     16 |    0.00        0.00
POST     /api/plugins/unload?uri                                                            3    1(33.33%) |   2672       2    8001     14 |    0.10        0.10
--------|----------------------------------------------------------------------------|-------|-------------|-------|-------|-------|-------|--------|-----------
         Aggregated                                                                       200   34(17.00%) |   1390       1    8010     12 |    0.80        0.80

Type     Name                                                                          # reqs      # fails |    Avg     Min     Max    Med |   req/s  failures/s
--------|----------------------------------------------------------------------------|-------|-------------|-------|-------|-------|-------|--------|-----------
GET      /api/audio/latency                                                                32    9(28.12%) |   2255       1    8002      2 |    0.10        0.10
GET      /api/audio/levels                                                                 35   12(34.29%) |   2748       1    8002     10 |    0.20        0.20
GET      /api/audio/levels (during plugin swap)                                             5    2(40.00%) |   3206       1    8002     29 |    0.20        0.20
GET      /api/audio/levels/plugins                                                          3    1(33.33%) |   2675       5    8001     20 |    0.00        0.00
GET      /api/audio/status                                                                 20    2(10.00%) |    804       1    8002      3 |    0.00        0.00
GET      /api/chains/                                                                      20    7(35.00%) |   3014      11    8010    530 |    0.10        0.10
GET      /api/chains/{id}                                                                  20    2(10.00%) |    816       3    8001     16 |    0.00        0.00
POST     /api/chains/{id}/activate                                                         20    2(10.00%) |    813       3    8001     16 |    0.10        0.10
POST     /api/chains/{id}/deactivate                                                       19     1(5.26%) |    431       3    8001     11 |    0.10        0.10
GET      /api/plugins/discover                                                             13     0(0.00%) |     32      10      52     34 |    0.00        0.00
GET      /api/plugins/list                                                                 13     0(0.00%) |      7       1      19      6 |    0.00        0.00
POST     /api/plugins/load?uri                                                              5    3(60.00%) |   4806       9    8002   8000 |    0.00        0.00
POST     /api/plugins/unload?uri                                                            3    1(33.33%) |   2672       2    8001     14 |    0.00        0.00
--------|----------------------------------------------------------------------------|-------|-------------|-------|-------|-------|-------|--------|-----------
         Aggregated                                                                       208   42(20.19%) |   1645       1    8010     13 |    0.80        0.80

Type     Name                                                                          # reqs      # fails |    Avg     Min     Max    Med |   req/s  failures/s
--------|----------------------------------------------------------------------------|-------|-------------|-------|-------|-------|-------|--------|-----------
GET      /api/audio/latency                                                                32    9(28.12%) |   2255       1    8002      2 |    0.10        0.10
GET      /api/audio/levels                                                                 35   12(34.29%) |   2748       1    8002     10 |    0.20        0.20
GET      /api/audio/levels (during plugin swap)                                             5    2(40.00%) |   3206       1    8002     29 |    0.20        0.20
GET      /api/audio/levels/plugins                                                          3    1(33.33%) |   2675       5    8001     20 |    0.00        0.00
GET      /api/audio/status                                                                 20    2(10.00%) |    804       1    8002      3 |    0.00        0.00
GET      /api/chains/                                                                      20    7(35.00%) |   3014      11    8010    530 |    0.10        0.10
GET      /api/chains/{id}                                                                  20    2(10.00%) |    816       3    8001     16 |    0.00        0.00
POST     /api/chains/{id}/activate                                                         20    2(10.00%) |    813       3    8001     16 |    0.10        0.10
POST     /api/chains/{id}/deactivate                                                       19     1(5.26%) |    431       3    8001     11 |    0.10        0.10
GET      /api/plugins/discover                                                             13     0(0.00%) |     32      10      52     34 |    0.00        0.00
GET      /api/plugins/list                                                                 13     0(0.00%) |      7       1      19      6 |    0.00        0.00
POST     /api/plugins/load?uri                                                              5    3(60.00%) |   4806       9    8002   8000 |    0.00        0.00
POST     /api/plugins/unload?uri                                                            3    1(33.33%) |   2672       2    8001     14 |    0.00        0.00
--------|----------------------------------------------------------------------------|-------|-------------|-------|-------|-------|-------|--------|-----------
         Aggregated                                                                       208   42(20.19%) |   1645       1    8010     13 |    0.80        0.80

Type     Name                                                                          # reqs      # fails |    Avg     Min     Max    Med |   req/s  failures/s
--------|----------------------------------------------------------------------------|-------|-------------|-------|-------|-------|-------|--------|-----------
GET      /api/audio/latency                                                                32    9(28.12%) |   2255       1    8002      2 |    0.10        0.10
GET      /api/audio/levels                                                                 35   12(34.29%) |   2748       1    8002     10 |    0.20        0.20
GET      /api/audio/levels (during plugin swap)                                             5    2(40.00%) |   3206       1    8002     29 |    0.20        0.20
GET      /api/audio/levels/plugins                                                          3    1(33.33%) |   2675       5    8001     20 |    0.00        0.00
GET      /api/audio/status                                                                 20    2(10.00%) |    804       1    8002      3 |    0.00        0.00
GET      /api/chains/                                                                      20    7(35.00%) |   3014      11    8010    530 |    0.10        0.10
GET      /api/chains/{id}                                                                  20    2(10.00%) |    816       3    8001     16 |    0.00        0.00
POST     /api/chains/{id}/activate                                                         20    2(10.00%) |    813       3    8001     16 |    0.10        0.10
POST     /api/chains/{id}/deactivate                                                       19     1(5.26%) |    431       3    8001     11 |    0.10        0.10
GET      /api/plugins/discover                                                             13     0(0.00%) |     32      10      52     34 |    0.00        0.00
GET      /api/plugins/list                                                                 13     0(0.00%) |      7       1      19      6 |    0.00        0.00
POST     /api/plugins/load?uri                                                              5    3(60.00%) |   4806       9    8002   8000 |    0.00        0.00
POST     /api/plugins/unload?uri                                                            3    1(33.33%) |   2672       2    8001     14 |    0.00        0.00
--------|----------------------------------------------------------------------------|-------|-------------|-------|-------|-------|-------|--------|-----------
         Aggregated                                                                       208   42(20.19%) |   1645       1    8010     13 |    0.80        0.80

Type     Name                                                                          # reqs      # fails |    Avg     Min     Max    Med |   req/s  failures/s
--------|----------------------------------------------------------------------------|-------|-------------|-------|-------|-------|-------|--------|-----------
GET      /api/audio/latency                                                                32    9(28.12%) |   2255       1    8002      2 |    0.10        0.10
GET      /api/audio/levels                                                                 35   12(34.29%) |   2748       1    8002     10 |    0.20        0.20
GET      /api/audio/levels (during plugin swap)                                             5    2(40.00%) |   3206       1    8002     29 |    0.20        0.20
GET      /api/audio/levels/plugins                                                          3    1(33.33%) |   2675       5    8001     20 |    0.00        0.00
GET      /api/audio/status                                                                 20    2(10.00%) |    804       1    8002      3 |    0.00        0.00
GET      /api/chains/                                                                      20    7(35.00%) |   3014      11    8010    530 |    0.10        0.10
GET      /api/chains/{id}                                                                  20    2(10.00%) |    816       3    8001     16 |    0.00        0.00
POST     /api/chains/{id}/activate                                                         20    2(10.00%) |    813       3    8001     16 |    0.10        0.10
POST     /api/chains/{id}/deactivate                                                       19     1(5.26%) |    431       3    8001     11 |    0.10        0.10
GET      /api/plugins/discover                                                             13     0(0.00%) |     32      10      52     34 |    0.00        0.00
GET      /api/plugins/list                                                                 13     0(0.00%) |      7       1      19      6 |    0.00        0.00
POST     /api/plugins/load?uri                                                              5    3(60.00%) |   4806       9    8002   8000 |    0.00        0.00
POST     /api/plugins/unload?uri                                                            3    1(33.33%) |   2672       2    8001     14 |    0.00        0.00
--------|----------------------------------------------------------------------------|-------|-------------|-------|-------|-------|-------|--------|-----------
         Aggregated                                                                       208   42(20.19%) |   1645       1    8010     13 |    0.80        0.80

Type     Name                                                                          # reqs      # fails |    Avg     Min     Max    Med |   req/s  failures/s
--------|----------------------------------------------------------------------------|-------|-------------|-------|-------|-------|-------|--------|-----------
GET      /api/audio/latency                                                                35   12(34.29%) |   2748       1    8003      8 |    0.20        0.20
GET      /api/audio/levels                                                                 36   13(36.11%) |   2894       1    8002     10 |    0.30        0.30
GET      /api/audio/levels (during plugin swap)                                             5    2(40.00%) |   3206       1    8002     29 |    0.00        0.00
GET      /api/audio/levels/plugins                                                          5    3(60.00%) |   4806       5    8001   8000 |    0.00        0.00
GET      /api/audio/status                                                                 20    2(10.00%) |    804       1    8002      3 |    0.10        0.10
GET      /api/chains/                                                                      20    7(35.00%) |   3014      11    8010    530 |    0.00        0.00
GET      /api/chains/{id}                                                                  21    3(14.29%) |   1158       3    8001     17 |    0.00        0.00
POST     /api/chains/{id}/activate                                                         20    2(10.00%) |    813       3    8001     16 |    0.00        0.00
POST     /api/chains/{id}/deactivate                                                       20    2(10.00%) |    809       3    8001     11 |    0.00        0.00
GET      /api/plugins/discover                                                             13     0(0.00%) |     32      10      52     34 |    0.00        0.00
GET      /api/plugins/list                                                                 13     0(0.00%) |      7       1      19      6 |    0.00        0.00
POST     /api/plugins/load?uri                                                              5    3(60.00%) |   4806       9    8002   8000 |    0.20        0.20
POST     /api/plugins/unload?uri                                                            3    1(33.33%) |   2672       2    8001     14 |    0.00        0.00
--------|----------------------------------------------------------------------------|-------|-------------|-------|-------|-------|-------|--------|-----------
         Aggregated                                                                       216   50(23.15%) |   1880       1    8010     15 |    0.80        0.80

Type     Name                                                                          # reqs      # fails |    Avg     Min     Max    Med |   req/s  failures/s
--------|----------------------------------------------------------------------------|-------|-------------|-------|-------|-------|-------|--------|-----------
GET      /api/audio/latency                                                                35   12(34.29%) |   2748       1    8003      8 |    0.20        0.20
GET      /api/audio/levels                                                                 36   13(36.11%) |   2894       1    8002     10 |    0.30        0.30
GET      /api/audio/levels (during plugin swap)                                             5    2(40.00%) |   3206       1    8002     29 |    0.00        0.00
GET      /api/audio/levels/plugins                                                          5    3(60.00%) |   4806       5    8001   8000 |    0.00        0.00
GET      /api/audio/status                                                                 20    2(10.00%) |    804       1    8002      3 |    0.10        0.10
GET      /api/chains/                                                                      20    7(35.00%) |   3014      11    8010    530 |    0.00        0.00
GET      /api/chains/{id}                                                                  21    3(14.29%) |   1158       3    8001     17 |    0.00        0.00
POST     /api/chains/{id}/activate                                                         20    2(10.00%) |    813       3    8001     16 |    0.00        0.00
POST     /api/chains/{id}/deactivate                                                       20    2(10.00%) |    809       3    8001     11 |    0.00        0.00
GET      /api/plugins/discover                                                             13     0(0.00%) |     32      10      52     34 |    0.00        0.00
GET      /api/plugins/list                                                                 13     0(0.00%) |      7       1      19      6 |    0.00        0.00
POST     /api/plugins/load?uri                                                              5    3(60.00%) |   4806       9    8002   8000 |    0.20        0.20
POST     /api/plugins/unload?uri                                                            3    1(33.33%) |   2672       2    8001     14 |    0.00        0.00
--------|----------------------------------------------------------------------------|-------|-------------|-------|-------|-------|-------|--------|-----------
         Aggregated                                                                       216   50(23.15%) |   1880       1    8010     15 |    0.80        0.80

Type     Name                                                                          # reqs      # fails |    Avg     Min     Max    Med |   req/s  failures/s
--------|----------------------------------------------------------------------------|-------|-------------|-------|-------|-------|-------|--------|-----------
GET      /api/audio/latency                                                                35   12(34.29%) |   2748       1    8003      8 |    0.20        0.20
GET      /api/audio/levels                                                                 36   13(36.11%) |   2894       1    8002     10 |    0.30        0.30
GET      /api/audio/levels (during plugin swap)                                             5    2(40.00%) |   3206       1    8002     29 |    0.00        0.00
GET      /api/audio/levels/plugins                                                          5    3(60.00%) |   4806       5    8001   8000 |    0.00        0.00
GET      /api/audio/status                                                                 20    2(10.00%) |    804       1    8002      3 |    0.10        0.10
GET      /api/chains/                                                                      20    7(35.00%) |   3014      11    8010    530 |    0.00        0.00
GET      /api/chains/{id}                                                                  21    3(14.29%) |   1158       3    8001     17 |    0.00        0.00
POST     /api/chains/{id}/activate                                                         20    2(10.00%) |    813       3    8001     16 |    0.00        0.00
POST     /api/chains/{id}/deactivate                                                       20    2(10.00%) |    809       3    8001     11 |    0.00        0.00
GET      /api/plugins/discover                                                             13     0(0.00%) |     32      10      52     34 |    0.00        0.00
GET      /api/plugins/list                                                                 13     0(0.00%) |      7       1      19      6 |    0.00        0.00
POST     /api/plugins/load?uri                                                              5    3(60.00%) |   4806       9    8002   8000 |    0.20        0.20
POST     /api/plugins/unload?uri                                                            3    1(33.33%) |   2672       2    8001     14 |    0.00        0.00
--------|----------------------------------------------------------------------------|-------|-------------|-------|-------|-------|-------|--------|-----------
         Aggregated                                                                       216   50(23.15%) |   1880       1    8010     15 |    0.80        0.80

Type     Name                                                                          # reqs      # fails |    Avg     Min     Max    Med |   req/s  failures/s
--------|----------------------------------------------------------------------------|-------|-------------|-------|-------|-------|-------|--------|-----------
GET      /api/audio/latency                                                                35   12(34.29%) |   2748       1    8003      8 |    0.20        0.20
GET      /api/audio/levels                                                                 36   13(36.11%) |   2894       1    8002     10 |    0.30        0.30
GET      /api/audio/levels (during plugin swap)                                             5    2(40.00%) |   3206       1    8002     29 |    0.00        0.00
GET      /api/audio/levels/plugins                                                          5    3(60.00%) |   4806       5    8001   8000 |    0.00        0.00
GET      /api/audio/status                                                                 20    2(10.00%) |    804       1    8002      3 |    0.10        0.10
GET      /api/chains/                                                                      20    7(35.00%) |   3014      11    8010    530 |    0.00        0.00
GET      /api/chains/{id}                                                                  21    3(14.29%) |   1158       3    8001     17 |    0.00        0.00
POST     /api/chains/{id}/activate                                                         20    2(10.00%) |    813       3    8001     16 |    0.00        0.00
POST     /api/chains/{id}/deactivate                                                       20    2(10.00%) |    809       3    8001     11 |    0.00        0.00
GET      /api/plugins/discover                                                             13     0(0.00%) |     32      10      52     34 |    0.00        0.00
GET      /api/plugins/list                                                                 13     0(0.00%) |      7       1      19      6 |    0.00        0.00
POST     /api/plugins/load?uri                                                              5    3(60.00%) |   4806       9    8002   8000 |    0.20        0.20
POST     /api/plugins/unload?uri                                                            3    1(33.33%) |   2672       2    8001     14 |    0.00        0.00
--------|----------------------------------------------------------------------------|-------|-------------|-------|-------|-------|-------|--------|-----------
         Aggregated                                                                       216   50(23.15%) |   1880       1    8010     15 |    0.80        0.80

[2026-03-07 12:52:06,385] MAP2-TESTBED/ERROR/locust.user.task: HTTPConnectionPool(host='localhost', port=8080): Read timed out. (read timeout=8)
Traceback (most recent call last):
  File "/usr/lib/python3.14/site-packages/urllib3/connectionpool.py", line 534, in _make_request
    response = conn.getresponse()
  File "/usr/lib/python3.14/site-packages/urllib3/connection.py", line 571, in getresponse
    httplib_response = super().getresponse()
  File "/usr/lib64/python3.14/http/client.py", line 1450, in getresponse
    response.begin()
    ~~~~~~~~~~~~~~^^
  File "/usr/lib64/python3.14/http/client.py", line 336, in begin
    version, status, reason = self._read_status()
                              ~~~~~~~~~~~~~~~~~^^
  File "/usr/lib64/python3.14/http/client.py", line 297, in _read_status
    line = str(self.fp.readline(_MAXLINE + 1), "iso-8859-1")
               ~~~~~~~~~~~~~~~~^^^^^^^^^^^^^^
  File "/usr/lib64/python3.14/socket.py", line 725, in readinto
    return self._sock.recv_into(b)
           ~~~~~~~~~~~~~~~~~~~~^^^
  File "/home/mm/.local/lib/python3.14/site-packages/gevent/_socketcommon.py", line 692, in recv_into
    self._wait(self._read_event)
    ~~~~~~~~~~^^^^^^^^^^^^^^^^^^
  File "src/gevent/_hub_primitives.py", line 317, in gevent._gevent_c_hub_primitives.wait_on_socket
  File "src/gevent/_hub_primitives.py", line 322, in gevent._gevent_c_hub_primitives.wait_on_socket
  File "src/gevent/_hub_primitives.py", line 313, in gevent._gevent_c_hub_primitives._primitive_wait
  File "src/gevent/_hub_primitives.py", line 314, in gevent._gevent_c_hub_primitives._primitive_wait
  File "src/gevent/_hub_primitives.py", line 55, in gevent._gevent_c_hub_primitives.WaitOperationsGreenlet.wait
  File "src/gevent/_waiter.py", line 154, in gevent._gevent_c_waiter.Waiter.get
  File "src/gevent/_greenlet_primitives.py", line 65, in gevent._gevent_c_greenlet_primitives.SwitchOutGreenletWithLoop.switch
  File "src/gevent/_gevent_c_greenlet_primitives.pxd", line 35, in gevent._gevent_c_greenlet_primitives._greenlet_switch
TimeoutError: timed out

The above exception was the direct cause of the following exception:

Traceback (most recent call last):
  File "/usr/lib/python3.14/site-packages/requests/adapters.py", line 644, in send
    resp = conn.urlopen(
        method=request.method,
    ...<9 lines>...
        chunked=chunked,
    )
  File "/usr/lib/python3.14/site-packages/urllib3/connectionpool.py", line 841, in urlopen
    retries = retries.increment(
        method, url, error=new_e, _pool=self, _stacktrace=sys.exc_info()[2]
    )
  File "/usr/lib/python3.14/site-packages/urllib3/util/retry.py", line 490, in increment
    raise reraise(type(error), error, _stacktrace)
          ~~~~~~~^^^^^^^^^^^^^^^^^^^^^^^^^^^^^^^^^
  File "/usr/lib/python3.14/site-packages/urllib3/util/util.py", line 39, in reraise
    raise value
  File "/usr/lib/python3.14/site-packages/urllib3/connectionpool.py", line 787, in urlopen
    response = self._make_request(
        conn,
    ...<10 lines>...
        **response_kw,
    )
  File "/usr/lib/python3.14/site-packages/urllib3/connectionpool.py", line 536, in _make_request
    self._raise_timeout(err=e, url=url, timeout_value=read_timeout)
    ~~~~~~~~~~~~~~~~~~~^^^^^^^^^^^^^^^^^^^^^^^^^^^^^^^^^^^^^^^^^^^^
  File "/usr/lib/python3.14/site-packages/urllib3/connectionpool.py", line 367, in _raise_timeout
    raise ReadTimeoutError(
        self, url, f"Read timed out. (read timeout={timeout_value})"
    ) from err
urllib3.exceptions.ReadTimeoutError: HTTPConnectionPool(host='localhost', port=8080): Read timed out. (read timeout=8)

During handling of the above exception, another exception occurred:

Traceback (most recent call last):
  File "/home/mm/.local/lib/python3.14/site-packages/locust/user/task.py", line 362, in run
    self.execute_next_task()
    ~~~~~~~~~~~~~~~~~~~~~~^^
  File "/home/mm/.local/lib/python3.14/site-packages/locust/user/task.py", line 395, in execute_next_task
    self.execute_task(self._task_queue.popleft())
    ~~~~~~~~~~~~~~~~~^^^^^^^^^^^^^^^^^^^^^^^^^^^^
  File "/home/mm/.local/lib/python3.14/site-packages/locust/user/task.py", line 512, in execute_task
    task(self.user)
    ~~~~^^^^^^^^^^^
  File "/home/mm/map2-audio/tests/load_test.py", line 251, in midi_cc_burst
    self._refresh_ids()
    ~~~~~~~~~~~~~~~~~^^
  File "/home/mm/map2-audio/tests/load_test.py", line 217, in _refresh_ids
    if chains.ok:
       ^^^^^^^^^
  File "/usr/lib/python3.14/site-packages/requests/models.py", line 764, in ok
    self.raise_for_status()
    ~~~~~~~~~~~~~~~~~~~~~^^
  File "/home/mm/.local/lib/python3.14/site-packages/locust/clients.py", line 362, in raise_for_status
    raise self.error
  File "/home/mm/.local/lib/python3.14/site-packages/locust/clients.py", line 425, in __exit__
    self.raise_for_status()
    ~~~~~~~~~~~~~~~~~~~~~^^
  File "/home/mm/.local/lib/python3.14/site-packages/locust/clients.py", line 362, in raise_for_status
    raise self.error
  File "/home/mm/.local/lib/python3.14/site-packages/locust/clients.py", line 250, in _send_request_safe_mode
    return super().request(method, url, **kwargs)
           ~~~~~~~~~~~~~~~^^^^^^^^^^^^^^^^^^^^^^^
  File "/usr/lib/python3.14/site-packages/requests/sessions.py", line 589, in request
    resp = self.send(prep, **send_kwargs)
  File "/usr/lib/python3.14/site-packages/requests/sessions.py", line 703, in send
    r = adapter.send(request, **kwargs)
  File "/usr/lib/python3.14/site-packages/requests/adapters.py", line 690, in send
    raise ReadTimeout(e, request=request)
requests.exceptions.ReadTimeout: HTTPConnectionPool(host='localhost', port=8080): Read timed out. (read timeout=8)

Type     Name                                                                          # reqs      # fails |    Avg     Min     Max    Med |   req/s  failures/s
--------|----------------------------------------------------------------------------|-------|-------------|-------|-------|-------|-------|--------|-----------
GET      /api/audio/latency                                                                36   13(36.11%) |   2894       1    8003      8 |    0.30        0.30
GET      /api/audio/levels                                                                 38   15(39.47%) |   3163       1    8002     12 |    0.10        0.10
GET      /api/audio/levels (during plugin swap)                                             5    2(40.00%) |   3206       1    8002     29 |    0.00        0.00
GET      /api/audio/levels/plugins                                                          5    3(60.00%) |   4806       5    8001   8000 |    0.20        0.20
GET      /api/audio/status                                                                 20    2(10.00%) |    804       1    8002      3 |    0.00        0.00
GET      /api/chains/                                                                      21    8(38.10%) |   3251      11    8010    530 |    0.00        0.00
GET      /api/chains/{id}                                                                  22    4(18.18%) |   1469       3    8001     17 |    0.10        0.10
POST     /api/chains/{id}/activate                                                         21    3(14.29%) |   1155       3    8001     17 |    0.00        0.00
POST     /api/chains/{id}/deactivate                                                       20    2(10.00%) |    809       3    8001     11 |    0.10        0.10
GET      /api/plugins/discover                                                             13     0(0.00%) |     32      10      52     34 |    0.00        0.00
GET      /api/plugins/list                                                                 13     0(0.00%) |      7       1      19      6 |    0.00        0.00
POST     /api/plugins/load?uri                                                              5    3(60.00%) |   4806       9    8002   8000 |    0.00        0.00
POST     /api/plugins/unload?uri                                                            5    3(60.00%) |   4804       2    8002   8000 |    0.00        0.00
--------|----------------------------------------------------------------------------|-------|-------------|-------|-------|-------|-------|--------|-----------
         Aggregated                                                                       224   58(25.89%) |   2099       1    8010     16 |    0.80        0.80

Type     Name                                                                          # reqs      # fails |    Avg     Min     Max    Med |   req/s  failures/s
--------|----------------------------------------------------------------------------|-------|-------------|-------|-------|-------|-------|--------|-----------
GET      /api/audio/latency                                                                36   13(36.11%) |   2894       1    8003      8 |    0.30        0.30
GET      /api/audio/levels                                                                 38   15(39.47%) |   3163       1    8002     12 |    0.10        0.10
GET      /api/audio/levels (during plugin swap)                                             5    2(40.00%) |   3206       1    8002     29 |    0.00        0.00
GET      /api/audio/levels/plugins                                                          5    3(60.00%) |   4806       5    8001   8000 |    0.20        0.20
GET      /api/audio/status                                                                 20    2(10.00%) |    804       1    8002      3 |    0.00        0.00
GET      /api/chains/                                                                      21    8(38.10%) |   3251      11    8010    530 |    0.00        0.00
GET      /api/chains/{id}                                                                  22    4(18.18%) |   1469       3    8001     17 |    0.10        0.10
POST     /api/chains/{id}/activate                                                         21    3(14.29%) |   1155       3    8001     17 |    0.00        0.00
POST     /api/chains/{id}/deactivate                                                       20    2(10.00%) |    809       3    8001     11 |    0.10        0.10
GET      /api/plugins/discover                                                             13     0(0.00%) |     32      10      52     34 |    0.00        0.00
GET      /api/plugins/list                                                                 13     0(0.00%) |      7       1      19      6 |    0.00        0.00
POST     /api/plugins/load?uri                                                              5    3(60.00%) |   4806       9    8002   8000 |    0.00        0.00
POST     /api/plugins/unload?uri                                                            5    3(60.00%) |   4804       2    8002   8000 |    0.00        0.00
--------|----------------------------------------------------------------------------|-------|-------------|-------|-------|-------|-------|--------|-----------
         Aggregated                                                                       224   58(25.89%) |   2099       1    8010     16 |    0.80        0.80

Type     Name                                                                          # reqs      # fails |    Avg     Min     Max    Med |   req/s  failures/s
--------|----------------------------------------------------------------------------|-------|-------------|-------|-------|-------|-------|--------|-----------
GET      /api/audio/latency                                                                36   13(36.11%) |   2894       1    8003      8 |    0.30        0.30
GET      /api/audio/levels                                                                 38   15(39.47%) |   3163       1    8002     12 |    0.10        0.10
GET      /api/audio/levels (during plugin swap)                                             5    2(40.00%) |   3206       1    8002     29 |    0.00        0.00
GET      /api/audio/levels/plugins                                                          5    3(60.00%) |   4806       5    8001   8000 |    0.20        0.20
GET      /api/audio/status                                                                 20    2(10.00%) |    804       1    8002      3 |    0.00        0.00
GET      /api/chains/                                                                      21    8(38.10%) |   3251      11    8010    530 |    0.00        0.00
GET      /api/chains/{id}                                                                  22    4(18.18%) |   1469       3    8001     17 |    0.10        0.10
POST     /api/chains/{id}/activate                                                         21    3(14.29%) |   1155       3    8001     17 |    0.00        0.00
POST     /api/chains/{id}/deactivate                                                       20    2(10.00%) |    809       3    8001     11 |    0.10        0.10
GET      /api/plugins/discover                                                             13     0(0.00%) |     32      10      52     34 |    0.00        0.00
GET      /api/plugins/list                                                                 13     0(0.00%) |      7       1      19      6 |    0.00        0.00
POST     /api/plugins/load?uri                                                              5    3(60.00%) |   4806       9    8002   8000 |    0.00        0.00
POST     /api/plugins/unload?uri                                                            5    3(60.00%) |   4804       2    8002   8000 |    0.00        0.00
--------|----------------------------------------------------------------------------|-------|-------------|-------|-------|-------|-------|--------|-----------
         Aggregated                                                                       224   58(25.89%) |   2099       1    8010     16 |    0.80        0.80

Type     Name                                                                          # reqs      # fails |    Avg     Min     Max    Med |   req/s  failures/s
--------|----------------------------------------------------------------------------|-------|-------------|-------|-------|-------|-------|--------|-----------
GET      /api/audio/latency                                                                36   13(36.11%) |   2894       1    8003      8 |    0.30        0.30
GET      /api/audio/levels                                                                 38   15(39.47%) |   3163       1    8002     12 |    0.10        0.10
GET      /api/audio/levels (during plugin swap)                                             5    2(40.00%) |   3206       1    8002     29 |    0.00        0.00
GET      /api/audio/levels/plugins                                                          5    3(60.00%) |   4806       5    8001   8000 |    0.20        0.20
GET      /api/audio/status                                                                 20    2(10.00%) |    804       1    8002      3 |    0.00        0.00
GET      /api/chains/                                                                      21    8(38.10%) |   3251      11    8010    530 |    0.00        0.00
GET      /api/chains/{id}                                                                  22    4(18.18%) |   1469       3    8001     17 |    0.10        0.10
POST     /api/chains/{id}/activate                                                         21    3(14.29%) |   1155       3    8001     17 |    0.00        0.00
POST     /api/chains/{id}/deactivate                                                       20    2(10.00%) |    809       3    8001     11 |    0.10        0.10
GET      /api/plugins/discover                                                             13     0(0.00%) |     32      10      52     34 |    0.00        0.00
GET      /api/plugins/list                                                                 13     0(0.00%) |      7       1      19      6 |    0.00        0.00
POST     /api/plugins/load?uri                                                              5    3(60.00%) |   4806       9    8002   8000 |    0.00        0.00
POST     /api/plugins/unload?uri                                                            5    3(60.00%) |   4804       2    8002   8000 |    0.00        0.00
--------|----------------------------------------------------------------------------|-------|-------------|-------|-------|-------|-------|--------|-----------
         Aggregated                                                                       224   58(25.89%) |   2099       1    8010     16 |    0.80        0.80

[2026-03-07 12:52:14,154] MAP2-TESTBED/ERROR/locust.user.task: HTTPConnectionPool(host='localhost', port=8080): Read timed out. (read timeout=8)
Traceback (most recent call last):
  File "/usr/lib/python3.14/site-packages/urllib3/connectionpool.py", line 534, in _make_request
    response = conn.getresponse()
  File "/usr/lib/python3.14/site-packages/urllib3/connection.py", line 571, in getresponse
    httplib_response = super().getresponse()
  File "/usr/lib64/python3.14/http/client.py", line 1450, in getresponse
    response.begin()
    ~~~~~~~~~~~~~~^^
  File "/usr/lib64/python3.14/http/client.py", line 336, in begin
    version, status, reason = self._read_status()
                              ~~~~~~~~~~~~~~~~~^^
  File "/usr/lib64/python3.14/http/client.py", line 297, in _read_status
    line = str(self.fp.readline(_MAXLINE + 1), "iso-8859-1")
               ~~~~~~~~~~~~~~~~^^^^^^^^^^^^^^
  File "/usr/lib64/python3.14/socket.py", line 725, in readinto
    return self._sock.recv_into(b)
           ~~~~~~~~~~~~~~~~~~~~^^^
  File "/home/mm/.local/lib/python3.14/site-packages/gevent/_socketcommon.py", line 692, in recv_into
    self._wait(self._read_event)
    ~~~~~~~~~~^^^^^^^^^^^^^^^^^^
  File "src/gevent/_hub_primitives.py", line 317, in gevent._gevent_c_hub_primitives.wait_on_socket
  File "src/gevent/_hub_primitives.py", line 322, in gevent._gevent_c_hub_primitives.wait_on_socket
  File "src/gevent/_hub_primitives.py", line 313, in gevent._gevent_c_hub_primitives._primitive_wait
  File "src/gevent/_hub_primitives.py", line 314, in gevent._gevent_c_hub_primitives._primitive_wait
  File "src/gevent/_hub_primitives.py", line 55, in gevent._gevent_c_hub_primitives.WaitOperationsGreenlet.wait
  File "src/gevent/_waiter.py", line 154, in gevent._gevent_c_waiter.Waiter.get
  File "src/gevent/_greenlet_primitives.py", line 65, in gevent._gevent_c_greenlet_primitives.SwitchOutGreenletWithLoop.switch
  File "src/gevent/_gevent_c_greenlet_primitives.pxd", line 35, in gevent._gevent_c_greenlet_primitives._greenlet_switch
TimeoutError: timed out

The above exception was the direct cause of the following exception:

Traceback (most recent call last):
  File "/usr/lib/python3.14/site-packages/requests/adapters.py", line 644, in send
    resp = conn.urlopen(
        method=request.method,
    ...<9 lines>...
        chunked=chunked,
    )
  File "/usr/lib/python3.14/site-packages/urllib3/connectionpool.py", line 841, in urlopen
    retries = retries.increment(
        method, url, error=new_e, _pool=self, _stacktrace=sys.exc_info()[2]
    )
  File "/usr/lib/python3.14/site-packages/urllib3/util/retry.py", line 490, in increment
    raise reraise(type(error), error, _stacktrace)
          ~~~~~~~^^^^^^^^^^^^^^^^^^^^^^^^^^^^^^^^^
  File "/usr/lib/python3.14/site-packages/urllib3/util/util.py", line 39, in reraise
    raise value
  File "/usr/lib/python3.14/site-packages/urllib3/connectionpool.py", line 787, in urlopen
    response = self._make_request(
        conn,
    ...<10 lines>...
        **response_kw,
    )
  File "/usr/lib/python3.14/site-packages/urllib3/connectionpool.py", line 536, in _make_request
    self._raise_timeout(err=e, url=url, timeout_value=read_timeout)
    ~~~~~~~~~~~~~~~~~~~^^^^^^^^^^^^^^^^^^^^^^^^^^^^^^^^^^^^^^^^^^^^
  File "/usr/lib/python3.14/site-packages/urllib3/connectionpool.py", line 367, in _raise_timeout
    raise ReadTimeoutError(
        self, url, f"Read timed out. (read timeout={timeout_value})"
    ) from err
urllib3.exceptions.ReadTimeoutError: HTTPConnectionPool(host='localhost', port=8080): Read timed out. (read timeout=8)

During handling of the above exception, another exception occurred:

Traceback (most recent call last):
  File "/home/mm/.local/lib/python3.14/site-packages/locust/user/task.py", line 362, in run
    self.execute_next_task()
    ~~~~~~~~~~~~~~~~~~~~~~^^
  File "/home/mm/.local/lib/python3.14/site-packages/locust/user/task.py", line 395, in execute_next_task
    self.execute_task(self._task_queue.popleft())
    ~~~~~~~~~~~~~~~~~^^^^^^^^^^^^^^^^^^^^^^^^^^^^
  File "/home/mm/.local/lib/python3.14/site-packages/locust/user/task.py", line 512, in execute_task
    task(self.user)
    ~~~~^^^^^^^^^^^
  File "/home/mm/map2-audio/tests/load_test.py", line 251, in midi_cc_burst
    self._refresh_ids()
    ~~~~~~~~~~~~~~~~~^^
  File "/home/mm/map2-audio/tests/load_test.py", line 217, in _refresh_ids
    if chains.ok:
       ^^^^^^^^^
  File "/usr/lib/python3.14/site-packages/requests/models.py", line 764, in ok
    self.raise_for_status()
    ~~~~~~~~~~~~~~~~~~~~~^^
  File "/home/mm/.local/lib/python3.14/site-packages/locust/clients.py", line 362, in raise_for_status
    raise self.error
  File "/home/mm/.local/lib/python3.14/site-packages/locust/clients.py", line 425, in __exit__
    self.raise_for_status()
    ~~~~~~~~~~~~~~~~~~~~~^^
  File "/home/mm/.local/lib/python3.14/site-packages/locust/clients.py", line 362, in raise_for_status
    raise self.error
  File "/home/mm/.local/lib/python3.14/site-packages/locust/clients.py", line 250, in _send_request_safe_mode
    return super().request(method, url, **kwargs)
           ~~~~~~~~~~~~~~~^^^^^^^^^^^^^^^^^^^^^^^
  File "/usr/lib/python3.14/site-packages/requests/sessions.py", line 589, in request
    resp = self.send(prep, **send_kwargs)
  File "/usr/lib/python3.14/site-packages/requests/sessions.py", line 703, in send
    r = adapter.send(request, **kwargs)
  File "/usr/lib/python3.14/site-packages/requests/adapters.py", line 690, in send
    raise ReadTimeout(e, request=request)
requests.exceptions.ReadTimeout: HTTPConnectionPool(host='localhost', port=8080): Read timed out. (read timeout=8)

Type     Name                                                                          # reqs      # fails |    Avg     Min     Max    Med |   req/s  failures/s
--------|----------------------------------------------------------------------------|-------|-------------|-------|-------|-------|-------|--------|-----------
GET      /api/audio/latency                                                                38   15(39.47%) |   3163       1    8003     18 |    0.10        0.10
GET      /api/audio/levels                                                                 39   16(41.03%) |   3287       1    8002     13 |    0.20        0.20
GET      /api/audio/levels (during plugin swap)                                             7    4(57.14%) |   4576       1    8002   8000 |    0.00        0.00
GET      /api/audio/levels/plugins                                                          5    3(60.00%) |   4806       5    8001   8000 |    0.00        0.00
GET      /api/audio/status                                                                 21    3(14.29%) |   1147       1    8002      3 |    0.00        0.00
GET      /api/chains/                                                                      22    9(40.91%) |   3467      11    8010    530 |    0.10        0.10
GET      /api/chains/{id}                                                                  22    4(18.18%) |   1469       3    8001     17 |    0.10        0.10
POST     /api/chains/{id}/activate                                                         22    4(18.18%) |   1466       3    8001     17 |    0.10        0.10
POST     /api/chains/{id}/deactivate                                                       20    2(10.00%) |    809       3    8001     11 |    0.00        0.00
GET      /api/plugins/discover                                                             13     0(0.00%) |     32      10      52     34 |    0.00        0.00
GET      /api/plugins/list                                                                 13     0(0.00%) |      7       1      19      6 |    0.00        0.00
POST     /api/plugins/load?uri                                                              5    3(60.00%) |   4806       9    8002   8000 |    0.00        0.00
POST     /api/plugins/unload?uri                                                            5    3(60.00%) |   4804       2    8002   8000 |    0.20        0.20
--------|----------------------------------------------------------------------------|-------|-------------|-------|-------|-------|-------|--------|-----------
         Aggregated                                                                       232   66(28.45%) |   2302       1    8010     17 |    0.80        0.80

Type     Name                                                                          # reqs      # fails |    Avg     Min     Max    Med |   req/s  failures/s
--------|----------------------------------------------------------------------------|-------|-------------|-------|-------|-------|-------|--------|-----------
GET      /api/audio/latency                                                                38   15(39.47%) |   3163       1    8003     18 |    0.10        0.10
GET      /api/audio/levels                                                                 39   16(41.03%) |   3287       1    8002     13 |    0.20        0.20
GET      /api/audio/levels (during plugin swap)                                             7    4(57.14%) |   4576       1    8002   8000 |    0.00        0.00
GET      /api/audio/levels/plugins                                                          5    3(60.00%) |   4806       5    8001   8000 |    0.00        0.00
GET      /api/audio/status                                                                 21    3(14.29%) |   1147       1    8002      3 |    0.00        0.00
GET      /api/chains/                                                                      22    9(40.91%) |   3467      11    8010    530 |    0.10        0.10
GET      /api/chains/{id}                                                                  22    4(18.18%) |   1469       3    8001     17 |    0.10        0.10
POST     /api/chains/{id}/activate                                                         22    4(18.18%) |   1466       3    8001     17 |    0.10        0.10
POST     /api/chains/{id}/deactivate                                                       20    2(10.00%) |    809       3    8001     11 |    0.00        0.00
GET      /api/plugins/discover                                                             13     0(0.00%) |     32      10      52     34 |    0.00        0.00
GET      /api/plugins/list                                                                 13     0(0.00%) |      7       1      19      6 |    0.00        0.00
POST     /api/plugins/load?uri                                                              5    3(60.00%) |   4806       9    8002   8000 |    0.00        0.00
POST     /api/plugins/unload?uri                                                            5    3(60.00%) |   4804       2    8002   8000 |    0.20        0.20
--------|----------------------------------------------------------------------------|-------|-------------|-------|-------|-------|-------|--------|-----------
         Aggregated                                                                       232   66(28.45%) |   2302       1    8010     17 |    0.80        0.80

Type     Name                                                                          # reqs      # fails |    Avg     Min     Max    Med |   req/s  failures/s
--------|----------------------------------------------------------------------------|-------|-------------|-------|-------|-------|-------|--------|-----------
GET      /api/audio/latency                                                                38   15(39.47%) |   3163       1    8003     18 |    0.10        0.10
GET      /api/audio/levels                                                                 39   16(41.03%) |   3287       1    8002     13 |    0.20        0.20
GET      /api/audio/levels (during plugin swap)                                             7    4(57.14%) |   4576       1    8002   8000 |    0.00        0.00
GET      /api/audio/levels/plugins                                                          5    3(60.00%) |   4806       5    8001   8000 |    0.00        0.00
GET      /api/audio/status                                                                 21    3(14.29%) |   1147       1    8002      3 |    0.00        0.00
GET      /api/chains/                                                                      22    9(40.91%) |   3467      11    8010    530 |    0.10        0.10
GET      /api/chains/{id}                                                                  22    4(18.18%) |   1469       3    8001     17 |    0.10        0.10
POST     /api/chains/{id}/activate                                                         22    4(18.18%) |   1466       3    8001     17 |    0.10        0.10
POST     /api/chains/{id}/deactivate                                                       20    2(10.00%) |    809       3    8001     11 |    0.00        0.00
GET      /api/plugins/discover                                                             13     0(0.00%) |     32      10      52     34 |    0.00        0.00
GET      /api/plugins/list                                                                 13     0(0.00%) |      7       1      19      6 |    0.00        0.00
POST     /api/plugins/load?uri                                                              5    3(60.00%) |   4806       9    8002   8000 |    0.00        0.00
POST     /api/plugins/unload?uri                                                            5    3(60.00%) |   4804       2    8002   8000 |    0.20        0.20
--------|----------------------------------------------------------------------------|-------|-------------|-------|-------|-------|-------|--------|-----------
         Aggregated                                                                       232   66(28.45%) |   2302       1    8010     17 |    0.80        0.80

Type     Name                                                                          # reqs      # fails |    Avg     Min     Max    Med |   req/s  failures/s
--------|----------------------------------------------------------------------------|-------|-------------|-------|-------|-------|-------|--------|-----------
GET      /api/audio/latency                                                                38   15(39.47%) |   3163       1    8003     18 |    0.10        0.10
GET      /api/audio/levels                                                                 39   16(41.03%) |   3287       1    8002     13 |    0.20        0.20
GET      /api/audio/levels (during plugin swap)                                             7    4(57.14%) |   4576       1    8002   8000 |    0.00        0.00
GET      /api/audio/levels/plugins                                                          5    3(60.00%) |   4806       5    8001   8000 |    0.00        0.00
GET      /api/audio/status                                                                 21    3(14.29%) |   1147       1    8002      3 |    0.00        0.00
GET      /api/chains/                                                                      22    9(40.91%) |   3467      11    8010    530 |    0.10        0.10
GET      /api/chains/{id}                                                                  22    4(18.18%) |   1469       3    8001     17 |    0.10        0.10
POST     /api/chains/{id}/activate                                                         22    4(18.18%) |   1466       3    8001     17 |    0.10        0.10
POST     /api/chains/{id}/deactivate                                                       20    2(10.00%) |    809       3    8001     11 |    0.00        0.00
GET      /api/plugins/discover                                                             13     0(0.00%) |     32      10      52     34 |    0.00        0.00
GET      /api/plugins/list                                                                 13     0(0.00%) |      7       1      19      6 |    0.00        0.00
POST     /api/plugins/load?uri                                                              5    3(60.00%) |   4806       9    8002   8000 |    0.00        0.00
POST     /api/plugins/unload?uri                                                            5    3(60.00%) |   4804       2    8002   8000 |    0.20        0.20
--------|----------------------------------------------------------------------------|-------|-------------|-------|-------|-------|-------|--------|-----------
         Aggregated                                                                       232   66(28.45%) |   2302       1    8010     17 |    0.80        0.80

Type     Name                                                                          # reqs      # fails |    Avg     Min     Max    Med |   req/s  failures/s
--------|----------------------------------------------------------------------------|-------|-------------|-------|-------|-------|-------|--------|-----------
GET      /api/audio/latency                                                                39   16(41.03%) |   3287       1    8003     21 |    0.20        0.20
GET      /api/audio/levels                                                                 41   18(43.90%) |   3517       1    8002     16 |    0.10        0.10
GET      /api/audio/levels (during plugin swap)                                             8    5(62.50%) |   5004       1    8002   8000 |    0.20        0.20
GET      /api/audio/levels/plugins                                                          5    3(60.00%) |   4806       5    8001   8000 |    0.00        0.00
GET      /api/audio/status                                                                 22    4(18.18%) |   1458       1    8002      3 |    0.10        0.10
GET      /api/chains/                                                                      22    9(40.91%) |   3467      11    8010    530 |    0.10        0.10
GET      /api/chains/{id}                                                                  22    4(18.18%) |   1469       3    8001     17 |    0.00        0.00
POST     /api/chains/{id}/activate                                                         22    4(18.18%) |   1466       3    8001     17 |    0.10        0.10
POST     /api/chains/{id}/deactivate                                                       21    3(14.29%) |   1152       3    8001     11 |    0.00        0.00
GET      /api/plugins/discover                                                             13     0(0.00%) |     32      10      52     34 |    0.00        0.00
GET      /api/plugins/list                                                                 13     0(0.00%) |      7       1      19      6 |    0.00        0.00
POST     /api/plugins/load?uri                                                              7    5(71.43%) |   5719       9    8002   8000 |    0.00        0.00
POST     /api/plugins/unload?uri                                                            5    3(60.00%) |   4804       2    8002   8000 |    0.00        0.00
--------|----------------------------------------------------------------------------|-------|-------------|-------|-------|-------|-------|--------|-----------
         Aggregated                                                                       240   74(30.83%) |   2492       1    8010     18 |    0.80        0.80

Type     Name                                                                          # reqs      # fails |    Avg     Min     Max    Med |   req/s  failures/s
--------|----------------------------------------------------------------------------|-------|-------------|-------|-------|-------|-------|--------|-----------
GET      /api/audio/latency                                                                39   16(41.03%) |   3287       1    8003     21 |    0.20        0.20
GET      /api/audio/levels                                                                 41   18(43.90%) |   3517       1    8002     16 |    0.10        0.10
GET      /api/audio/levels (during plugin swap)                                             8    5(62.50%) |   5004       1    8002   8000 |    0.20        0.20
GET      /api/audio/levels/plugins                                                          5    3(60.00%) |   4806       5    8001   8000 |    0.00        0.00
GET      /api/audio/status                                                                 22    4(18.18%) |   1458       1    8002      3 |    0.10        0.10
GET      /api/chains/                                                                      22    9(40.91%) |   3467      11    8010    530 |    0.10        0.10
GET      /api/chains/{id}                                                                  22    4(18.18%) |   1469       3    8001     17 |    0.00        0.00
POST     /api/chains/{id}/activate                                                         22    4(18.18%) |   1466       3    8001     17 |    0.10        0.10
POST     /api/chains/{id}/deactivate                                                       21    3(14.29%) |   1152       3    8001     11 |    0.00        0.00
GET      /api/plugins/discover                                                             13     0(0.00%) |     32      10      52     34 |    0.00        0.00
GET      /api/plugins/list                                                                 13     0(0.00%) |      7       1      19      6 |    0.00        0.00
POST     /api/plugins/load?uri                                                              7    5(71.43%) |   5719       9    8002   8000 |    0.00        0.00
POST     /api/plugins/unload?uri                                                            5    3(60.00%) |   4804       2    8002   8000 |    0.00        0.00
--------|----------------------------------------------------------------------------|-------|-------------|-------|-------|-------|-------|--------|-----------
         Aggregated                                                                       240   74(30.83%) |   2492       1    8010     18 |    0.80        0.80

Type     Name                                                                          # reqs      # fails |    Avg     Min     Max    Med |   req/s  failures/s
--------|----------------------------------------------------------------------------|-------|-------------|-------|-------|-------|-------|--------|-----------
GET      /api/audio/latency                                                                39   16(41.03%) |   3287       1    8003     21 |    0.20        0.20
GET      /api/audio/levels                                                                 41   18(43.90%) |   3517       1    8002     16 |    0.10        0.10
GET      /api/audio/levels (during plugin swap)                                             8    5(62.50%) |   5004       1    8002   8000 |    0.20        0.20
GET      /api/audio/levels/plugins                                                          5    3(60.00%) |   4806       5    8001   8000 |    0.00        0.00
GET      /api/audio/status                                                                 22    4(18.18%) |   1458       1    8002      3 |    0.10        0.10
GET      /api/chains/                                                                      22    9(40.91%) |   3467      11    8010    530 |    0.10        0.10
GET      /api/chains/{id}                                                                  22    4(18.18%) |   1469       3    8001     17 |    0.00        0.00
POST     /api/chains/{id}/activate                                                         22    4(18.18%) |   1466       3    8001     17 |    0.10        0.10
POST     /api/chains/{id}/deactivate                                                       21    3(14.29%) |   1152       3    8001     11 |    0.00        0.00
GET      /api/plugins/discover                                                             13     0(0.00%) |     32      10      52     34 |    0.00        0.00
GET      /api/plugins/list                                                                 13     0(0.00%) |      7       1      19      6 |    0.00        0.00
POST     /api/plugins/load?uri                                                              7    5(71.43%) |   5719       9    8002   8000 |    0.00        0.00
POST     /api/plugins/unload?uri                                                            5    3(60.00%) |   4804       2    8002   8000 |    0.00        0.00
--------|----------------------------------------------------------------------------|-------|-------------|-------|-------|-------|-------|--------|-----------
         Aggregated                                                                       240   74(30.83%) |   2492       1    8010     18 |    0.80        0.80

Type     Name                                                                          # reqs      # fails |    Avg     Min     Max    Med |   req/s  failures/s
--------|----------------------------------------------------------------------------|-------|-------------|-------|-------|-------|-------|--------|-----------
GET      /api/audio/latency                                                                39   16(41.03%) |   3287       1    8003     21 |    0.20        0.20
GET      /api/audio/levels                                                                 41   18(43.90%) |   3517       1    8002     16 |    0.10        0.10
GET      /api/audio/levels (during plugin swap)                                             8    5(62.50%) |   5004       1    8002   8000 |    0.20        0.20
GET      /api/audio/levels/plugins                                                          5    3(60.00%) |   4806       5    8001   8000 |    0.00        0.00
GET      /api/audio/status                                                                 22    4(18.18%) |   1458       1    8002      3 |    0.10        0.10
GET      /api/chains/                                                                      22    9(40.91%) |   3467      11    8010    530 |    0.10        0.10
GET      /api/chains/{id}                                                                  22    4(18.18%) |   1469       3    8001     17 |    0.00        0.00
POST     /api/chains/{id}/activate                                                         22    4(18.18%) |   1466       3    8001     17 |    0.10        0.10
POST     /api/chains/{id}/deactivate                                                       21    3(14.29%) |   1152       3    8001     11 |    0.00        0.00
GET      /api/plugins/discover                                                             13     0(0.00%) |     32      10      52     34 |    0.00        0.00
GET      /api/plugins/list                                                                 13     0(0.00%) |      7       1      19      6 |    0.00        0.00
POST     /api/plugins/load?uri                                                              7    5(71.43%) |   5719       9    8002   8000 |    0.00        0.00
POST     /api/plugins/unload?uri                                                            5    3(60.00%) |   4804       2    8002   8000 |    0.00        0.00
--------|----------------------------------------------------------------------------|-------|-------------|-------|-------|-------|-------|--------|-----------
         Aggregated                                                                       240   74(30.83%) |   2492       1    8010     18 |    0.80        0.80

Type     Name                                                                          # reqs      # fails |    Avg     Min     Max    Med |   req/s  failures/s
--------|----------------------------------------------------------------------------|-------|-------------|-------|-------|-------|-------|--------|-----------
GET      /api/audio/latency                                                                41   18(43.90%) |   3517       1    8003     25 |    0.10        0.10
GET      /api/audio/levels                                                                 43   20(46.51%) |   3725       1    8002     18 |    0.20        0.20
GET      /api/audio/levels (during plugin swap)                                             8    5(62.50%) |   5004       1    8002   8000 |    0.10        0.10
GET      /api/audio/levels/plugins                                                          7    5(71.43%) |   5718       5    8001   8000 |    0.00        0.00
GET      /api/audio/status                                                                 22    4(18.18%) |   1458       1    8002      3 |    0.10        0.10
GET      /api/chains/                                                                      22    9(40.91%) |   3467      11    8010    530 |    0.00        0.00
GET      /api/chains/{id}                                                                  22    4(18.18%) |   1469       3    8001     17 |    0.00        0.00
POST     /api/chains/{id}/activate                                                         22    4(18.18%) |   1466       3    8001     17 |    0.00        0.00
POST     /api/chains/{id}/deactivate                                                       22    4(18.18%) |   1463       3    8001     11 |    0.10        0.10
GET      /api/plugins/discover                                                             13     0(0.00%) |     32      10      52     34 |    0.00        0.00
GET      /api/plugins/list                                                                 13     0(0.00%) |      7       1      19      6 |    0.00        0.00
POST     /api/plugins/load?uri                                                              8    6(75.00%) |   6004       9    8002   8000 |    0.20        0.20
POST     /api/plugins/unload?uri                                                            5    3(60.00%) |   4804       2    8002   8000 |    0.00        0.00
--------|----------------------------------------------------------------------------|-------|-------------|-------|-------|-------|-------|--------|-----------
         Aggregated                                                                       248   82(33.06%) |   2670       1    8010     19 |    0.80        0.80

Type     Name                                                                          # reqs      # fails |    Avg     Min     Max    Med |   req/s  failures/s
--------|----------------------------------------------------------------------------|-------|-------------|-------|-------|-------|-------|--------|-----------
GET      /api/audio/latency                                                                41   18(43.90%) |   3517       1    8003     25 |    0.10        0.10
GET      /api/audio/levels                                                                 43   20(46.51%) |   3725       1    8002     18 |    0.20        0.20
GET      /api/audio/levels (during plugin swap)                                             8    5(62.50%) |   5004       1    8002   8000 |    0.10        0.10
GET      /api/audio/levels/plugins                                                          7    5(71.43%) |   5718       5    8001   8000 |    0.00        0.00
GET      /api/audio/status                                                                 22    4(18.18%) |   1458       1    8002      3 |    0.10        0.10
GET      /api/chains/                                                                      22    9(40.91%) |   3467      11    8010    530 |    0.00        0.00
GET      /api/chains/{id}                                                                  22    4(18.18%) |   1469       3    8001     17 |    0.00        0.00
POST     /api/chains/{id}/activate                                                         22    4(18.18%) |   1466       3    8001     17 |    0.00        0.00
POST     /api/chains/{id}/deactivate                                                       22    4(18.18%) |   1463       3    8001     11 |    0.10        0.10
GET      /api/plugins/discover                                                             13     0(0.00%) |     32      10      52     34 |    0.00        0.00
GET      /api/plugins/list                                                                 13     0(0.00%) |      7       1      19      6 |    0.00        0.00
POST     /api/plugins/load?uri                                                              8    6(75.00%) |   6004       9    8002   8000 |    0.20        0.20
POST     /api/plugins/unload?uri                                                            5    3(60.00%) |   4804       2    8002   8000 |    0.00        0.00
--------|----------------------------------------------------------------------------|-------|-------------|-------|-------|-------|-------|--------|-----------
         Aggregated                                                                       248   82(33.06%) |   2670       1    8010     19 |    0.80        0.80

Type     Name                                                                          # reqs      # fails |    Avg     Min     Max    Med |   req/s  failures/s
--------|----------------------------------------------------------------------------|-------|-------------|-------|-------|-------|-------|--------|-----------
GET      /api/audio/latency                                                                41   18(43.90%) |   3517       1    8003     25 |    0.10        0.10
GET      /api/audio/levels                                                                 43   20(46.51%) |   3725       1    8002     18 |    0.20        0.20
GET      /api/audio/levels (during plugin swap)                                             8    5(62.50%) |   5004       1    8002   8000 |    0.10        0.10
GET      /api/audio/levels/plugins                                                          7    5(71.43%) |   5718       5    8001   8000 |    0.00        0.00
GET      /api/audio/status                                                                 22    4(18.18%) |   1458       1    8002      3 |    0.10        0.10
GET      /api/chains/                                                                      22    9(40.91%) |   3467      11    8010    530 |    0.00        0.00
GET      /api/chains/{id}                                                                  22    4(18.18%) |   1469       3    8001     17 |    0.00        0.00
POST     /api/chains/{id}/activate                                                         22    4(18.18%) |   1466       3    8001     17 |    0.00        0.00
POST     /api/chains/{id}/deactivate                                                       22    4(18.18%) |   1463       3    8001     11 |    0.10        0.10
GET      /api/plugins/discover                                                             13     0(0.00%) |     32      10      52     34 |    0.00        0.00
GET      /api/plugins/list                                                                 13     0(0.00%) |      7       1      19      6 |    0.00        0.00
POST     /api/plugins/load?uri                                                              8    6(75.00%) |   6004       9    8002   8000 |    0.20        0.20
POST     /api/plugins/unload?uri                                                            5    3(60.00%) |   4804       2    8002   8000 |    0.00        0.00
--------|----------------------------------------------------------------------------|-------|-------------|-------|-------|-------|-------|--------|-----------
         Aggregated                                                                       248   82(33.06%) |   2670       1    8010     19 |    0.80        0.80

Type     Name                                                                          # reqs      # fails |    Avg     Min     Max    Med |   req/s  failures/s
--------|----------------------------------------------------------------------------|-------|-------------|-------|-------|-------|-------|--------|-----------
GET      /api/audio/latency                                                                41   18(43.90%) |   3517       1    8003     25 |    0.10        0.10
GET      /api/audio/levels                                                                 43   20(46.51%) |   3725       1    8002     18 |    0.20        0.20
GET      /api/audio/levels (during plugin swap)                                             8    5(62.50%) |   5004       1    8002   8000 |    0.10        0.10
GET      /api/audio/levels/plugins                                                          7    5(71.43%) |   5718       5    8001   8000 |    0.00        0.00
GET      /api/audio/status                                                                 22    4(18.18%) |   1458       1    8002      3 |    0.10        0.10
GET      /api/chains/                                                                      22    9(40.91%) |   3467      11    8010    530 |    0.00        0.00
GET      /api/chains/{id}                                                                  22    4(18.18%) |   1469       3    8001     17 |    0.00        0.00
POST     /api/chains/{id}/activate                                                         22    4(18.18%) |   1466       3    8001     17 |    0.00        0.00
POST     /api/chains/{id}/deactivate                                                       22    4(18.18%) |   1463       3    8001     11 |    0.10        0.10
GET      /api/plugins/discover                                                             13     0(0.00%) |     32      10      52     34 |    0.00        0.00
GET      /api/plugins/list                                                                 13     0(0.00%) |      7       1      19      6 |    0.00        0.00
POST     /api/plugins/load?uri                                                              8    6(75.00%) |   6004       9    8002   8000 |    0.20        0.20
POST     /api/plugins/unload?uri                                                            5    3(60.00%) |   4804       2    8002   8000 |    0.00        0.00
--------|----------------------------------------------------------------------------|-------|-------------|-------|-------|-------|-------|--------|-----------
         Aggregated                                                                       248   82(33.06%) |   2670       1    8010     19 |    0.80        0.80

Type     Name                                                                          # reqs      # fails |    Avg     Min     Max    Med |   req/s  failures/s
--------|----------------------------------------------------------------------------|-------|-------------|-------|-------|-------|-------|--------|-----------
GET      /api/audio/latency                                                                43   20(46.51%) |   3725       1    8003     32 |    0.20        0.20
GET      /api/audio/levels                                                                 44   21(47.73%) |   3823       1    8002     18 |    0.20        0.20
GET      /api/audio/levels (during plugin swap)                                             8    5(62.50%) |   5004       1    8002   8000 |    0.00        0.00
GET      /api/audio/levels/plugins                                                          8    6(75.00%) |   6004       5    8002   8000 |    0.20        0.20
GET      /api/audio/status                                                                 22    4(18.18%) |   1458       1    8002      3 |    0.00        0.00
GET      /api/chains/                                                                      22    9(40.91%) |   3467      11    8010    530 |    0.00        0.00
GET      /api/chains/{id}                                                                  23    5(21.74%) |   1753       3    8001     20 |    0.00        0.00
POST     /api/chains/{id}/activate                                                         22    4(18.18%) |   1466       3    8001     17 |    0.00        0.00
POST     /api/chains/{id}/deactivate                                                       22    4(18.18%) |   1463       3    8001     11 |    0.10        0.10
GET      /api/plugins/discover                                                             13     0(0.00%) |     32      10      52     34 |    0.00        0.00
GET      /api/plugins/list                                                                 13     0(0.00%) |      7       1      19      6 |    0.00        0.00
POST     /api/plugins/load?uri                                                              8    6(75.00%) |   6004       9    8002   8000 |    0.10        0.10
POST     /api/plugins/unload?uri                                                            7    5(71.43%) |   5717       2    8002   8000 |    0.00        0.00
--------|----------------------------------------------------------------------------|-------|-------------|-------|-------|-------|-------|--------|-----------
         Aggregated                                                                       255   89(34.90%) |   2816       1    8010     20 |    0.80        0.80

[2026-03-07 12:52:38,918] MAP2-TESTBED/ERROR/locust.user.task: HTTPConnectionPool(host='localhost', port=8080): Max retries exceeded with url: /api/chains/ (Caused by ConnectTimeoutError(<HTTPConnection(host='localhost', port=8080) at 0x7f044d673680>, 'Connection to localhost timed out. (connect timeout=8)'))
Traceback (most recent call last):
  File "/usr/lib/python3.14/site-packages/urllib3/connection.py", line 204, in _new_conn
    sock = connection.create_connection(
        (self._dns_host, self.port),
    ...<2 lines>...
        socket_options=self.socket_options,
    )
  File "/usr/lib/python3.14/site-packages/urllib3/util/connection.py", line 85, in create_connection
    raise err
  File "/usr/lib/python3.14/site-packages/urllib3/util/connection.py", line 73, in create_connection
    sock.connect(sa)
    ~~~~~~~~~~~~^^^^
  File "/home/mm/.local/lib/python3.14/site-packages/gevent/_socketcommon.py", line 586, in connect
    self._internal_connect(address)
    ~~~~~~~~~~~~~~~~~~~~~~^^^^^^^^^
  File "/home/mm/.local/lib/python3.14/site-packages/gevent/_socketcommon.py", line 636, in _internal_connect
    self._wait(self._write_event)
    ~~~~~~~~~~^^^^^^^^^^^^^^^^^^^
  File "src/gevent/_hub_primitives.py", line 317, in gevent._gevent_c_hub_primitives.wait_on_socket
  File "src/gevent/_hub_primitives.py", line 322, in gevent._gevent_c_hub_primitives.wait_on_socket
  File "src/gevent/_hub_primitives.py", line 313, in gevent._gevent_c_hub_primitives._primitive_wait
  File "src/gevent/_hub_primitives.py", line 314, in gevent._gevent_c_hub_primitives._primitive_wait
  File "src/gevent/_hub_primitives.py", line 55, in gevent._gevent_c_hub_primitives.WaitOperationsGreenlet.wait
  File "src/gevent/_waiter.py", line 154, in gevent._gevent_c_waiter.Waiter.get
  File "src/gevent/_greenlet_primitives.py", line 65, in gevent._gevent_c_greenlet_primitives.SwitchOutGreenletWithLoop.switch
  File "src/gevent/_gevent_c_greenlet_primitives.pxd", line 35, in gevent._gevent_c_greenlet_primitives._greenlet_switch
TimeoutError: timed out

The above exception was the direct cause of the following exception:

Traceback (most recent call last):
  File "/usr/lib/python3.14/site-packages/urllib3/connectionpool.py", line 787, in urlopen
    response = self._make_request(
        conn,
    ...<10 lines>...
        **response_kw,
    )
  File "/usr/lib/python3.14/site-packages/urllib3/connectionpool.py", line 493, in _make_request
    conn.request(
    ~~~~~~~~~~~~^
        method,
        ^^^^^^^
    ...<6 lines>...
        enforce_content_length=enforce_content_length,
        ^^^^^^^^^^^^^^^^^^^^^^^^^^^^^^^^^^^^^^^^^^^^^^
    )
    ^
  File "/usr/lib/python3.14/site-packages/urllib3/connection.py", line 500, in request
    self.endheaders()
    ~~~~~~~~~~~~~~~^^
  File "/usr/lib64/python3.14/http/client.py", line 1353, in endheaders
    self._send_output(message_body, encode_chunked=encode_chunked)
    ~~~~~~~~~~~~~~~~~^^^^^^^^^^^^^^^^^^^^^^^^^^^^^^^^^^^^^^^^^^^^^
  File "/usr/lib64/python3.14/http/client.py", line 1113, in _send_output
    self.send(msg)
    ~~~~~~~~~^^^^^
  File "/usr/lib64/python3.14/http/client.py", line 1057, in send
    self.connect()
    ~~~~~~~~~~~~^^
  File "/usr/lib/python3.14/site-packages/urllib3/connection.py", line 331, in connect
    self.sock = self._new_conn()
                ~~~~~~~~~~~~~~^^
  File "/usr/lib/python3.14/site-packages/urllib3/connection.py", line 213, in _new_conn
    raise ConnectTimeoutError(
    ...<2 lines>...
    ) from e
urllib3.exceptions.ConnectTimeoutError: (<HTTPConnection(host='localhost', port=8080) at 0x7f044d673680>, 'Connection to localhost timed out. (connect timeout=8)')

The above exception was the direct cause of the following exception:

Traceback (most recent call last):
  File "/usr/lib/python3.14/site-packages/requests/adapters.py", line 644, in send
    resp = conn.urlopen(
        method=request.method,
    ...<9 lines>...
        chunked=chunked,
    )
  File "/usr/lib/python3.14/site-packages/urllib3/connectionpool.py", line 841, in urlopen
    retries = retries.increment(
        method, url, error=new_e, _pool=self, _stacktrace=sys.exc_info()[2]
    )
  File "/usr/lib/python3.14/site-packages/urllib3/util/retry.py", line 535, in increment
    raise MaxRetryError(_pool, url, reason) from reason  # type: ignore[arg-type]
    ^^^^^^^^^^^^^^^^^^^^^^^^^^^^^^^^^^^^^^^^^^^^^^^^^^^
urllib3.exceptions.MaxRetryError: HTTPConnectionPool(host='localhost', port=8080): Max retries exceeded with url: /api/chains/ (Caused by ConnectTimeoutError(<HTTPConnection(host='localhost', port=8080) at 0x7f044d673680>, 'Connection to localhost timed out. (connect timeout=8)'))

During handling of the above exception, another exception occurred:

Traceback (most recent call last):
  File "/home/mm/.local/lib/python3.14/site-packages/locust/user/task.py", line 362, in run
    self.execute_next_task()
    ~~~~~~~~~~~~~~~~~~~~~~^^
  File "/home/mm/.local/lib/python3.14/site-packages/locust/user/task.py", line 395, in execute_next_task
    self.execute_task(self._task_queue.popleft())
    ~~~~~~~~~~~~~~~~~^^^^^^^^^^^^^^^^^^^^^^^^^^^^
  File "/home/mm/.local/lib/python3.14/site-packages/locust/user/task.py", line 512, in execute_task
    task(self.user)
    ~~~~^^^^^^^^^^^
  File "/home/mm/map2-audio/tests/load_test.py", line 251, in midi_cc_burst
    self._refresh_ids()
    ~~~~~~~~~~~~~~~~~^^
  File "/home/mm/map2-audio/tests/load_test.py", line 217, in _refresh_ids
    if chains.ok:
       ^^^^^^^^^
  File "/usr/lib/python3.14/site-packages/requests/models.py", line 764, in ok
    self.raise_for_status()
    ~~~~~~~~~~~~~~~~~~~~~^^
  File "/home/mm/.local/lib/python3.14/site-packages/locust/clients.py", line 362, in raise_for_status
    raise self.error
  File "/home/mm/.local/lib/python3.14/site-packages/locust/clients.py", line 425, in __exit__
    self.raise_for_status()
    ~~~~~~~~~~~~~~~~~~~~~^^
  File "/home/mm/.local/lib/python3.14/site-packages/locust/clients.py", line 362, in raise_for_status
    raise self.error
  File "/home/mm/.local/lib/python3.14/site-packages/locust/clients.py", line 250, in _send_request_safe_mode
    return super().request(method, url, **kwargs)
           ~~~~~~~~~~~~~~~^^^^^^^^^^^^^^^^^^^^^^^
  File "/usr/lib/python3.14/site-packages/requests/sessions.py", line 589, in request
    resp = self.send(prep, **send_kwargs)
  File "/usr/lib/python3.14/site-packages/requests/sessions.py", line 703, in send
    r = adapter.send(request, **kwargs)
  File "/usr/lib/python3.14/site-packages/requests/adapters.py", line 665, in send
    raise ConnectTimeout(e, request=request)
requests.exceptions.ConnectTimeout: HTTPConnectionPool(host='localhost', port=8080): Max retries exceeded with url: /api/chains/ (Caused by ConnectTimeoutError(<HTTPConnection(host='localhost', port=8080) at 0x7f044d673680>, 'Connection to localhost timed out. (connect timeout=8)'))

Type     Name                                                                          # reqs      # fails |    Avg     Min     Max    Med |   req/s  failures/s
--------|----------------------------------------------------------------------------|-------|-------------|-------|-------|-------|-------|--------|-----------
GET      /api/audio/latency                                                                43   20(46.51%) |   3725       1    8003     32 |    0.20        0.20
GET      /api/audio/levels                                                                 44   21(47.73%) |   3823       1    8002     18 |    0.20        0.20
GET      /api/audio/levels (during plugin swap)                                             8    5(62.50%) |   5004       1    8002   8000 |    0.00        0.00
GET      /api/audio/levels/plugins                                                          8    6(75.00%) |   6004       5    8002   8000 |    0.20        0.20
GET      /api/audio/status                                                                 22    4(18.18%) |   1458       1    8002      3 |    0.00        0.00
GET      /api/chains/                                                                      23   10(43.48%) |   3665      11    8010   1500 |    0.00        0.00
GET      /api/chains/{id}                                                                  23    5(21.74%) |   1753       3    8001     20 |    0.00        0.00
POST     /api/chains/{id}/activate                                                         22    4(18.18%) |   1466       3    8001     17 |    0.00        0.00
POST     /api/chains/{id}/deactivate                                                       22    4(18.18%) |   1463       3    8001     11 |    0.10        0.10
GET      /api/plugins/discover                                                             13     0(0.00%) |     32      10      52     34 |    0.00        0.00
GET      /api/plugins/list                                                                 13     0(0.00%) |      7       1      19      6 |    0.00        0.00
POST     /api/plugins/load?uri                                                              8    6(75.00%) |   6004       9    8002   8000 |    0.10        0.10
POST     /api/plugins/unload?uri                                                            7    5(71.43%) |   5717       2    8002   8000 |    0.00        0.00
--------|----------------------------------------------------------------------------|-------|-------------|-------|-------|-------|-------|--------|-----------
         Aggregated                                                                       256   90(35.16%) |   2836       1    8010     20 |    0.80        0.80

Type     Name                                                                          # reqs      # fails |    Avg     Min     Max    Med |   req/s  failures/s
--------|----------------------------------------------------------------------------|-------|-------------|-------|-------|-------|-------|--------|-----------
GET      /api/audio/latency                                                                43   20(46.51%) |   3725       1    8003     32 |    0.20        0.20
GET      /api/audio/levels                                                                 44   21(47.73%) |   3823       1    8002     18 |    0.20        0.20
GET      /api/audio/levels (during plugin swap)                                             8    5(62.50%) |   5004       1    8002   8000 |    0.00        0.00
GET      /api/audio/levels/plugins                                                          8    6(75.00%) |   6004       5    8002   8000 |    0.20        0.20
GET      /api/audio/status                                                                 22    4(18.18%) |   1458       1    8002      3 |    0.00        0.00
GET      /api/chains/                                                                      23   10(43.48%) |   3665      11    8010   1500 |    0.00        0.00
GET      /api/chains/{id}                                                                  23    5(21.74%) |   1753       3    8001     20 |    0.00        0.00
POST     /api/chains/{id}/activate                                                         22    4(18.18%) |   1466       3    8001     17 |    0.00        0.00
POST     /api/chains/{id}/deactivate                                                       22    4(18.18%) |   1463       3    8001     11 |    0.10        0.10
GET      /api/plugins/discover                                                             13     0(0.00%) |     32      10      52     34 |    0.00        0.00
GET      /api/plugins/list                                                                 13     0(0.00%) |      7       1      19      6 |    0.00        0.00
POST     /api/plugins/load?uri                                                              8    6(75.00%) |   6004       9    8002   8000 |    0.10        0.10
POST     /api/plugins/unload?uri                                                            7    5(71.43%) |   5717       2    8002   8000 |    0.00        0.00
--------|----------------------------------------------------------------------------|-------|-------------|-------|-------|-------|-------|--------|-----------
         Aggregated                                                                       256   90(35.16%) |   2836       1    8010     20 |    0.80        0.80

Type     Name                                                                          # reqs      # fails |    Avg     Min     Max    Med |   req/s  failures/s
--------|----------------------------------------------------------------------------|-------|-------------|-------|-------|-------|-------|--------|-----------
GET      /api/audio/latency                                                                43   20(46.51%) |   3725       1    8003     32 |    0.20        0.20
GET      /api/audio/levels                                                                 44   21(47.73%) |   3823       1    8002     18 |    0.20        0.20
GET      /api/audio/levels (during plugin swap)                                             8    5(62.50%) |   5004       1    8002   8000 |    0.00        0.00
GET      /api/audio/levels/plugins                                                          8    6(75.00%) |   6004       5    8002   8000 |    0.20        0.20
GET      /api/audio/status                                                                 22    4(18.18%) |   1458       1    8002      3 |    0.00        0.00
GET      /api/chains/                                                                      23   10(43.48%) |   3665      11    8010   1500 |    0.00        0.00
GET      /api/chains/{id}                                                                  23    5(21.74%) |   1753       3    8001     20 |    0.00        0.00
POST     /api/chains/{id}/activate                                                         22    4(18.18%) |   1466       3    8001     17 |    0.00        0.00
POST     /api/chains/{id}/deactivate                                                       22    4(18.18%) |   1463       3    8001     11 |    0.10        0.10
GET      /api/plugins/discover                                                             13     0(0.00%) |     32      10      52     34 |    0.00        0.00
GET      /api/plugins/list                                                                 13     0(0.00%) |      7       1      19      6 |    0.00        0.00
POST     /api/plugins/load?uri                                                              8    6(75.00%) |   6004       9    8002   8000 |    0.10        0.10
POST     /api/plugins/unload?uri                                                            7    5(71.43%) |   5717       2    8002   8000 |    0.00        0.00
--------|----------------------------------------------------------------------------|-------|-------------|-------|-------|-------|-------|--------|-----------
         Aggregated                                                                       256   90(35.16%) |   2836       1    8010     20 |    0.80        0.80

[2026-03-07 12:52:46,565] MAP2-TESTBED/ERROR/locust.user.task: HTTPConnectionPool(host='localhost', port=8080): Max retries exceeded with url: /api/chains/ (Caused by ConnectTimeoutError(<HTTPConnection(host='localhost', port=8080) at 0x7f04665e88d0>, 'Connection to localhost timed out. (connect timeout=8)'))
Traceback (most recent call last):
  File "/usr/lib/python3.14/site-packages/urllib3/connection.py", line 204, in _new_conn
    sock = connection.create_connection(
        (self._dns_host, self.port),
    ...<2 lines>...
        socket_options=self.socket_options,
    )
  File "/usr/lib/python3.14/site-packages/urllib3/util/connection.py", line 85, in create_connection
    raise err
  File "/usr/lib/python3.14/site-packages/urllib3/util/connection.py", line 73, in create_connection
    sock.connect(sa)
    ~~~~~~~~~~~~^^^^
  File "/home/mm/.local/lib/python3.14/site-packages/gevent/_socketcommon.py", line 586, in connect
    self._internal_connect(address)
    ~~~~~~~~~~~~~~~~~~~~~~^^^^^^^^^
  File "/home/mm/.local/lib/python3.14/site-packages/gevent/_socketcommon.py", line 636, in _internal_connect
    self._wait(self._write_event)
    ~~~~~~~~~~^^^^^^^^^^^^^^^^^^^
  File "src/gevent/_hub_primitives.py", line 317, in gevent._gevent_c_hub_primitives.wait_on_socket
  File "src/gevent/_hub_primitives.py", line 322, in gevent._gevent_c_hub_primitives.wait_on_socket
  File "src/gevent/_hub_primitives.py", line 313, in gevent._gevent_c_hub_primitives._primitive_wait
  File "src/gevent/_hub_primitives.py", line 314, in gevent._gevent_c_hub_primitives._primitive_wait
  File "src/gevent/_hub_primitives.py", line 55, in gevent._gevent_c_hub_primitives.WaitOperationsGreenlet.wait
  File "src/gevent/_waiter.py", line 154, in gevent._gevent_c_waiter.Waiter.get
  File "src/gevent/_greenlet_primitives.py", line 65, in gevent._gevent_c_greenlet_primitives.SwitchOutGreenletWithLoop.switch
  File "src/gevent/_gevent_c_greenlet_primitives.pxd", line 35, in gevent._gevent_c_greenlet_primitives._greenlet_switch
TimeoutError: timed out

The above exception was the direct cause of the following exception:

Traceback (most recent call last):
  File "/usr/lib/python3.14/site-packages/urllib3/connectionpool.py", line 787, in urlopen
    response = self._make_request(
        conn,
    ...<10 lines>...
        **response_kw,
    )
  File "/usr/lib/python3.14/site-packages/urllib3/connectionpool.py", line 493, in _make_request
    conn.request(
    ~~~~~~~~~~~~^
        method,
        ^^^^^^^
    ...<6 lines>...
        enforce_content_length=enforce_content_length,
        ^^^^^^^^^^^^^^^^^^^^^^^^^^^^^^^^^^^^^^^^^^^^^^
    )
    ^
  File "/usr/lib/python3.14/site-packages/urllib3/connection.py", line 500, in request
    self.endheaders()
    ~~~~~~~~~~~~~~~^^
  File "/usr/lib64/python3.14/http/client.py", line 1353, in endheaders
    self._send_output(message_body, encode_chunked=encode_chunked)
    ~~~~~~~~~~~~~~~~~^^^^^^^^^^^^^^^^^^^^^^^^^^^^^^^^^^^^^^^^^^^^^
  File "/usr/lib64/python3.14/http/client.py", line 1113, in _send_output
    self.send(msg)
    ~~~~~~~~~^^^^^
  File "/usr/lib64/python3.14/http/client.py", line 1057, in send
    self.connect()
    ~~~~~~~~~~~~^^
  File "/usr/lib/python3.14/site-packages/urllib3/connection.py", line 331, in connect
    self.sock = self._new_conn()
                ~~~~~~~~~~~~~~^^
  File "/usr/lib/python3.14/site-packages/urllib3/connection.py", line 213, in _new_conn
    raise ConnectTimeoutError(
    ...<2 lines>...
    ) from e
urllib3.exceptions.ConnectTimeoutError: (<HTTPConnection(host='localhost', port=8080) at 0x7f04665e88d0>, 'Connection to localhost timed out. (connect timeout=8)')

The above exception was the direct cause of the following exception:

Traceback (most recent call last):
  File "/usr/lib/python3.14/site-packages/requests/adapters.py", line 644, in send
    resp = conn.urlopen(
        method=request.method,
    ...<9 lines>...
        chunked=chunked,
    )
  File "/usr/lib/python3.14/site-packages/urllib3/connectionpool.py", line 841, in urlopen
    retries = retries.increment(
        method, url, error=new_e, _pool=self, _stacktrace=sys.exc_info()[2]
    )
  File "/usr/lib/python3.14/site-packages/urllib3/util/retry.py", line 535, in increment
    raise MaxRetryError(_pool, url, reason) from reason  # type: ignore[arg-type]
    ^^^^^^^^^^^^^^^^^^^^^^^^^^^^^^^^^^^^^^^^^^^^^^^^^^^
urllib3.exceptions.MaxRetryError: HTTPConnectionPool(host='localhost', port=8080): Max retries exceeded with url: /api/chains/ (Caused by ConnectTimeoutError(<HTTPConnection(host='localhost', port=8080) at 0x7f04665e88d0>, 'Connection to localhost timed out. (connect timeout=8)'))

During handling of the above exception, another exception occurred:

Traceback (most recent call last):
  File "/home/mm/.local/lib/python3.14/site-packages/locust/user/task.py", line 362, in run
    self.execute_next_task()
    ~~~~~~~~~~~~~~~~~~~~~~^^
  File "/home/mm/.local/lib/python3.14/site-packages/locust/user/task.py", line 395, in execute_next_task
    self.execute_task(self._task_queue.popleft())
    ~~~~~~~~~~~~~~~~~^^^^^^^^^^^^^^^^^^^^^^^^^^^^
  File "/home/mm/.local/lib/python3.14/site-packages/locust/user/task.py", line 512, in execute_task
    task(self.user)
    ~~~~^^^^^^^^^^^
  File "/home/mm/map2-audio/tests/load_test.py", line 251, in midi_cc_burst
    self._refresh_ids()
    ~~~~~~~~~~~~~~~~~^^
  File "/home/mm/map2-audio/tests/load_test.py", line 217, in _refresh_ids
    if chains.ok:
       ^^^^^^^^^
  File "/usr/lib/python3.14/site-packages/requests/models.py", line 764, in ok
    self.raise_for_status()
    ~~~~~~~~~~~~~~~~~~~~~^^
  File "/home/mm/.local/lib/python3.14/site-packages/locust/clients.py", line 362, in raise_for_status
    raise self.error
  File "/home/mm/.local/lib/python3.14/site-packages/locust/clients.py", line 425, in __exit__
    self.raise_for_status()
    ~~~~~~~~~~~~~~~~~~~~~^^
  File "/home/mm/.local/lib/python3.14/site-packages/locust/clients.py", line 362, in raise_for_status
    raise self.error
  File "/home/mm/.local/lib/python3.14/site-packages/locust/clients.py", line 250, in _send_request_safe_mode
    return super().request(method, url, **kwargs)
           ~~~~~~~~~~~~~~~^^^^^^^^^^^^^^^^^^^^^^^
  File "/usr/lib/python3.14/site-packages/requests/sessions.py", line 589, in request
    resp = self.send(prep, **send_kwargs)
  File "/usr/lib/python3.14/site-packages/requests/sessions.py", line 703, in send
    r = adapter.send(request, **kwargs)
  File "/usr/lib/python3.14/site-packages/requests/adapters.py", line 665, in send
    raise ConnectTimeout(e, request=request)
requests.exceptions.ConnectTimeout: HTTPConnectionPool(host='localhost', port=8080): Max retries exceeded with url: /api/chains/ (Caused by ConnectTimeoutError(<HTTPConnection(host='localhost', port=8080) at 0x7f04665e88d0>, 'Connection to localhost timed out. (connect timeout=8)'))

[2026-03-07 12:52:46,734] MAP2-TESTBED/ERROR/locust.user.task: HTTPConnectionPool(host='localhost', port=8080): Max retries exceeded with url: /api/chains/ (Caused by ConnectTimeoutError(<HTTPConnection(host='localhost', port=8080) at 0x7f04667a3ac0>, 'Connection to localhost timed out. (connect timeout=8)'))
Traceback (most recent call last):
  File "/usr/lib/python3.14/site-packages/urllib3/connection.py", line 204, in _new_conn
    sock = connection.create_connection(
        (self._dns_host, self.port),
    ...<2 lines>...
        socket_options=self.socket_options,
    )
  File "/usr/lib/python3.14/site-packages/urllib3/util/connection.py", line 85, in create_connection
    raise err
  File "/usr/lib/python3.14/site-packages/urllib3/util/connection.py", line 73, in create_connection
    sock.connect(sa)
    ~~~~~~~~~~~~^^^^
  File "/home/mm/.local/lib/python3.14/site-packages/gevent/_socketcommon.py", line 586, in connect
    self._internal_connect(address)
    ~~~~~~~~~~~~~~~~~~~~~~^^^^^^^^^
  File "/home/mm/.local/lib/python3.14/site-packages/gevent/_socketcommon.py", line 636, in _internal_connect
    self._wait(self._write_event)
    ~~~~~~~~~~^^^^^^^^^^^^^^^^^^^
  File "src/gevent/_hub_primitives.py", line 317, in gevent._gevent_c_hub_primitives.wait_on_socket
  File "src/gevent/_hub_primitives.py", line 322, in gevent._gevent_c_hub_primitives.wait_on_socket
  File "src/gevent/_hub_primitives.py", line 313, in gevent._gevent_c_hub_primitives._primitive_wait
  File "src/gevent/_hub_primitives.py", line 314, in gevent._gevent_c_hub_primitives._primitive_wait
  File "src/gevent/_hub_primitives.py", line 55, in gevent._gevent_c_hub_primitives.WaitOperationsGreenlet.wait
  File "src/gevent/_waiter.py", line 154, in gevent._gevent_c_waiter.Waiter.get
  File "src/gevent/_greenlet_primitives.py", line 65, in gevent._gevent_c_greenlet_primitives.SwitchOutGreenletWithLoop.switch
  File "src/gevent/_gevent_c_greenlet_primitives.pxd", line 35, in gevent._gevent_c_greenlet_primitives._greenlet_switch
TimeoutError: timed out

The above exception was the direct cause of the following exception:

Traceback (most recent call last):
  File "/usr/lib/python3.14/site-packages/urllib3/connectionpool.py", line 787, in urlopen
    response = self._make_request(
        conn,
    ...<10 lines>...
        **response_kw,
    )
  File "/usr/lib/python3.14/site-packages/urllib3/connectionpool.py", line 493, in _make_request
    conn.request(
    ~~~~~~~~~~~~^
        method,
        ^^^^^^^
    ...<6 lines>...
        enforce_content_length=enforce_content_length,
        ^^^^^^^^^^^^^^^^^^^^^^^^^^^^^^^^^^^^^^^^^^^^^^
    )
    ^
  File "/usr/lib/python3.14/site-packages/urllib3/connection.py", line 500, in request
    self.endheaders()
    ~~~~~~~~~~~~~~~^^
  File "/usr/lib64/python3.14/http/client.py", line 1353, in endheaders
    self._send_output(message_body, encode_chunked=encode_chunked)
    ~~~~~~~~~~~~~~~~~^^^^^^^^^^^^^^^^^^^^^^^^^^^^^^^^^^^^^^^^^^^^^
  File "/usr/lib64/python3.14/http/client.py", line 1113, in _send_output
    self.send(msg)
    ~~~~~~~~~^^^^^
  File "/usr/lib64/python3.14/http/client.py", line 1057, in send
    self.connect()
    ~~~~~~~~~~~~^^
  File "/usr/lib/python3.14/site-packages/urllib3/connection.py", line 331, in connect
    self.sock = self._new_conn()
                ~~~~~~~~~~~~~~^^
  File "/usr/lib/python3.14/site-packages/urllib3/connection.py", line 213, in _new_conn
    raise ConnectTimeoutError(
    ...<2 lines>...
    ) from e
urllib3.exceptions.ConnectTimeoutError: (<HTTPConnection(host='localhost', port=8080) at 0x7f04667a3ac0>, 'Connection to localhost timed out. (connect timeout=8)')

The above exception was the direct cause of the following exception:

Traceback (most recent call last):
  File "/usr/lib/python3.14/site-packages/requests/adapters.py", line 644, in send
    resp = conn.urlopen(
        method=request.method,
    ...<9 lines>...
        chunked=chunked,
    )
  File "/usr/lib/python3.14/site-packages/urllib3/connectionpool.py", line 841, in urlopen
    retries = retries.increment(
        method, url, error=new_e, _pool=self, _stacktrace=sys.exc_info()[2]
    )
  File "/usr/lib/python3.14/site-packages/urllib3/util/retry.py", line 535, in increment
    raise MaxRetryError(_pool, url, reason) from reason  # type: ignore[arg-type]
    ^^^^^^^^^^^^^^^^^^^^^^^^^^^^^^^^^^^^^^^^^^^^^^^^^^^
urllib3.exceptions.MaxRetryError: HTTPConnectionPool(host='localhost', port=8080): Max retries exceeded with url: /api/chains/ (Caused by ConnectTimeoutError(<HTTPConnection(host='localhost', port=8080) at 0x7f04667a3ac0>, 'Connection to localhost timed out. (connect timeout=8)'))

During handling of the above exception, another exception occurred:

Traceback (most recent call last):
  File "/home/mm/.local/lib/python3.14/site-packages/locust/user/task.py", line 362, in run
    self.execute_next_task()
    ~~~~~~~~~~~~~~~~~~~~~~^^
  File "/home/mm/.local/lib/python3.14/site-packages/locust/user/task.py", line 395, in execute_next_task
    self.execute_task(self._task_queue.popleft())
    ~~~~~~~~~~~~~~~~~^^^^^^^^^^^^^^^^^^^^^^^^^^^^
  File "/home/mm/.local/lib/python3.14/site-packages/locust/user/task.py", line 512, in execute_task
    task(self.user)
    ~~~~^^^^^^^^^^^
  File "/home/mm/map2-audio/tests/load_test.py", line 251, in midi_cc_burst
    self._refresh_ids()
    ~~~~~~~~~~~~~~~~~^^
  File "/home/mm/map2-audio/tests/load_test.py", line 217, in _refresh_ids
    if chains.ok:
       ^^^^^^^^^
  File "/usr/lib/python3.14/site-packages/requests/models.py", line 764, in ok
    self.raise_for_status()
    ~~~~~~~~~~~~~~~~~~~~~^^
  File "/home/mm/.local/lib/python3.14/site-packages/locust/clients.py", line 362, in raise_for_status
    raise self.error
  File "/home/mm/.local/lib/python3.14/site-packages/locust/clients.py", line 425, in __exit__
    self.raise_for_status()
    ~~~~~~~~~~~~~~~~~~~~~^^
  File "/home/mm/.local/lib/python3.14/site-packages/locust/clients.py", line 362, in raise_for_status
    raise self.error
  File "/home/mm/.local/lib/python3.14/site-packages/locust/clients.py", line 250, in _send_request_safe_mode
    return super().request(method, url, **kwargs)
           ~~~~~~~~~~~~~~~^^^^^^^^^^^^^^^^^^^^^^^
  File "/usr/lib/python3.14/site-packages/requests/sessions.py", line 589, in request
    resp = self.send(prep, **send_kwargs)
  File "/usr/lib/python3.14/site-packages/requests/sessions.py", line 703, in send
    r = adapter.send(request, **kwargs)
  File "/usr/lib/python3.14/site-packages/requests/adapters.py", line 665, in send
    raise ConnectTimeout(e, request=request)
requests.exceptions.ConnectTimeout: HTTPConnectionPool(host='localhost', port=8080): Max retries exceeded with url: /api/chains/ (Caused by ConnectTimeoutError(<HTTPConnection(host='localhost', port=8080) at 0x7f04667a3ac0>, 'Connection to localhost timed out. (connect timeout=8)'))

Type     Name                                                                          # reqs      # fails |    Avg     Min     Max    Med |   req/s  failures/s
--------|----------------------------------------------------------------------------|-------|-------------|-------|-------|-------|-------|--------|-----------
GET      /api/audio/latency                                                                44   21(47.73%) |   3822       1    8003     32 |    0.20        0.20
GET      /api/audio/levels                                                                 45   22(48.89%) |   3915       1    8002     19 |    0.10        0.10
GET      /api/audio/levels (during plugin swap)                                             8    5(62.50%) |   5004       1    8002   8000 |    0.00        0.00
GET      /api/audio/levels/plugins                                                          8    6(75.00%) |   6004       5    8002   8000 |    0.10        0.10
GET      /api/audio/status                                                                 22    4(18.18%) |   1458       1    8002      3 |    0.00        0.00
GET      /api/chains/                                                                      25   12(48.00%) |   4011      11    8010   1500 |    0.10        0.10
GET      /api/chains/{id}                                                                  23    5(21.74%) |   1753       3    8001     20 |    0.10        0.10
POST     /api/chains/{id}/activate                                                         23    5(21.74%) |   1750       3    8001     18 |    0.00        0.00
POST     /api/chains/{id}/deactivate                                                       22    4(18.18%) |   1463       3    8001     11 |    0.00        0.00
GET      /api/plugins/discover                                                             13     0(0.00%) |     32      10      52     34 |    0.00        0.00
GET      /api/plugins/list                                                                 13     0(0.00%) |      7       1      19      6 |    0.00        0.00
POST     /api/plugins/load?uri                                                              8    6(75.00%) |   6004       9    8002   8000 |    0.00        0.00
POST     /api/plugins/unload?uri                                                            8    6(75.00%) |   6003       2    8002   8000 |    0.20        0.20
--------|----------------------------------------------------------------------------|-------|-------------|-------|-------|-------|-------|--------|-----------
         Aggregated                                                                       262   96(36.64%) |   2955       1    8010     20 |    0.80        0.80

[2026-03-07 12:52:46,865] MAP2-TESTBED/ERROR/locust.user.task: HTTPConnectionPool(host='localhost', port=8080): Max retries exceeded with url: /api/chains/ (Caused by ConnectTimeoutError(<HTTPConnection(host='localhost', port=8080) at 0x7f044d4db240>, 'Connection to localhost timed out. (connect timeout=8)'))
Traceback (most recent call last):
  File "/usr/lib/python3.14/site-packages/urllib3/connection.py", line 204, in _new_conn
    sock = connection.create_connection(
        (self._dns_host, self.port),
    ...<2 lines>...
        socket_options=self.socket_options,
    )
  File "/usr/lib/python3.14/site-packages/urllib3/util/connection.py", line 85, in create_connection
    raise err
  File "/usr/lib/python3.14/site-packages/urllib3/util/connection.py", line 73, in create_connection
    sock.connect(sa)
    ~~~~~~~~~~~~^^^^
  File "/home/mm/.local/lib/python3.14/site-packages/gevent/_socketcommon.py", line 586, in connect
    self._internal_connect(address)
    ~~~~~~~~~~~~~~~~~~~~~~^^^^^^^^^
  File "/home/mm/.local/lib/python3.14/site-packages/gevent/_socketcommon.py", line 636, in _internal_connect
    self._wait(self._write_event)
    ~~~~~~~~~~^^^^^^^^^^^^^^^^^^^
  File "src/gevent/_hub_primitives.py", line 317, in gevent._gevent_c_hub_primitives.wait_on_socket
  File "src/gevent/_hub_primitives.py", line 322, in gevent._gevent_c_hub_primitives.wait_on_socket
  File "src/gevent/_hub_primitives.py", line 313, in gevent._gevent_c_hub_primitives._primitive_wait
  File "src/gevent/_hub_primitives.py", line 314, in gevent._gevent_c_hub_primitives._primitive_wait
  File "src/gevent/_hub_primitives.py", line 55, in gevent._gevent_c_hub_primitives.WaitOperationsGreenlet.wait
  File "src/gevent/_waiter.py", line 154, in gevent._gevent_c_waiter.Waiter.get
  File "src/gevent/_greenlet_primitives.py", line 65, in gevent._gevent_c_greenlet_primitives.SwitchOutGreenletWithLoop.switch
  File "src/gevent/_gevent_c_greenlet_primitives.pxd", line 35, in gevent._gevent_c_greenlet_primitives._greenlet_switch
TimeoutError: timed out

The above exception was the direct cause of the following exception:

Traceback (most recent call last):
  File "/usr/lib/python3.14/site-packages/urllib3/connectionpool.py", line 787, in urlopen
    response = self._make_request(
        conn,
    ...<10 lines>...
        **response_kw,
    )
  File "/usr/lib/python3.14/site-packages/urllib3/connectionpool.py", line 493, in _make_request
    conn.request(
    ~~~~~~~~~~~~^
        method,
        ^^^^^^^
    ...<6 lines>...
        enforce_content_length=enforce_content_length,
        ^^^^^^^^^^^^^^^^^^^^^^^^^^^^^^^^^^^^^^^^^^^^^^
    )
    ^
  File "/usr/lib/python3.14/site-packages/urllib3/connection.py", line 500, in request
    self.endheaders()
    ~~~~~~~~~~~~~~~^^
  File "/usr/lib64/python3.14/http/client.py", line 1353, in endheaders
    self._send_output(message_body, encode_chunked=encode_chunked)
    ~~~~~~~~~~~~~~~~~^^^^^^^^^^^^^^^^^^^^^^^^^^^^^^^^^^^^^^^^^^^^^
  File "/usr/lib64/python3.14/http/client.py", line 1113, in _send_output
    self.send(msg)
    ~~~~~~~~~^^^^^
  File "/usr/lib64/python3.14/http/client.py", line 1057, in send
    self.connect()
    ~~~~~~~~~~~~^^
  File "/usr/lib/python3.14/site-packages/urllib3/connection.py", line 331, in connect
    self.sock = self._new_conn()
                ~~~~~~~~~~~~~~^^
  File "/usr/lib/python3.14/site-packages/urllib3/connection.py", line 213, in _new_conn
    raise ConnectTimeoutError(
    ...<2 lines>...
    ) from e
urllib3.exceptions.ConnectTimeoutError: (<HTTPConnection(host='localhost', port=8080) at 0x7f044d4db240>, 'Connection to localhost timed out. (connect timeout=8)')

The above exception was the direct cause of the following exception:

Traceback (most recent call last):
  File "/usr/lib/python3.14/site-packages/requests/adapters.py", line 644, in send
    resp = conn.urlopen(
        method=request.method,
    ...<9 lines>...
        chunked=chunked,
    )
  File "/usr/lib/python3.14/site-packages/urllib3/connectionpool.py", line 841, in urlopen
    retries = retries.increment(
        method, url, error=new_e, _pool=self, _stacktrace=sys.exc_info()[2]
    )
  File "/usr/lib/python3.14/site-packages/urllib3/util/retry.py", line 535, in increment
    raise MaxRetryError(_pool, url, reason) from reason  # type: ignore[arg-type]
    ^^^^^^^^^^^^^^^^^^^^^^^^^^^^^^^^^^^^^^^^^^^^^^^^^^^
urllib3.exceptions.MaxRetryError: HTTPConnectionPool(host='localhost', port=8080): Max retries exceeded with url: /api/chains/ (Caused by ConnectTimeoutError(<HTTPConnection(host='localhost', port=8080) at 0x7f044d4db240>, 'Connection to localhost timed out. (connect timeout=8)'))

During handling of the above exception, another exception occurred:

Traceback (most recent call last):
  File "/home/mm/.local/lib/python3.14/site-packages/locust/user/task.py", line 362, in run
    self.execute_next_task()
    ~~~~~~~~~~~~~~~~~~~~~~^^
  File "/home/mm/.local/lib/python3.14/site-packages/locust/user/task.py", line 395, in execute_next_task
    self.execute_task(self._task_queue.popleft())
    ~~~~~~~~~~~~~~~~~^^^^^^^^^^^^^^^^^^^^^^^^^^^^
  File "/home/mm/.local/lib/python3.14/site-packages/locust/user/task.py", line 512, in execute_task
    task(self.user)
    ~~~~^^^^^^^^^^^
  File "/home/mm/map2-audio/tests/load_test.py", line 251, in midi_cc_burst
    self._refresh_ids()
    ~~~~~~~~~~~~~~~~~^^
  File "/home/mm/map2-audio/tests/load_test.py", line 217, in _refresh_ids
    if chains.ok:
       ^^^^^^^^^
  File "/usr/lib/python3.14/site-packages/requests/models.py", line 764, in ok
    self.raise_for_status()
    ~~~~~~~~~~~~~~~~~~~~~^^
  File "/home/mm/.local/lib/python3.14/site-packages/locust/clients.py", line 362, in raise_for_status
    raise self.error
  File "/home/mm/.local/lib/python3.14/site-packages/locust/clients.py", line 425, in __exit__
    self.raise_for_status()
    ~~~~~~~~~~~~~~~~~~~~~^^
  File "/home/mm/.local/lib/python3.14/site-packages/locust/clients.py", line 362, in raise_for_status
    raise self.error
  File "/home/mm/.local/lib/python3.14/site-packages/locust/clients.py", line 250, in _send_request_safe_mode
    return super().request(method, url, **kwargs)
           ~~~~~~~~~~~~~~~^^^^^^^^^^^^^^^^^^^^^^^
  File "/usr/lib/python3.14/site-packages/requests/sessions.py", line 589, in request
    resp = self.send(prep, **send_kwargs)
  File "/usr/lib/python3.14/site-packages/requests/sessions.py", line 703, in send
    r = adapter.send(request, **kwargs)
  File "/usr/lib/python3.14/site-packages/requests/adapters.py", line 665, in send
    raise ConnectTimeout(e, request=request)
requests.exceptions.ConnectTimeout: HTTPConnectionPool(host='localhost', port=8080): Max retries exceeded with url: /api/chains/ (Caused by ConnectTimeoutError(<HTTPConnection(host='localhost', port=8080) at 0x7f044d4db240>, 'Connection to localhost timed out. (connect timeout=8)'))

Type     Name                                                                          # reqs      # fails |    Avg     Min     Max    Med |   req/s  failures/s
--------|----------------------------------------------------------------------------|-------|-------------|-------|-------|-------|-------|--------|-----------
GET      /api/audio/latency                                                                44   21(47.73%) |   3822       1    8003     32 |    0.20        0.20
GET      /api/audio/levels                                                                 46   23(50.00%) |   4004       1    8002     19 |    0.10        0.10
GET      /api/audio/levels (during plugin swap)                                             8    5(62.50%) |   5004       1    8002   8000 |    0.00        0.00
GET      /api/audio/levels/plugins                                                          8    6(75.00%) |   6004       5    8002   8000 |    0.10        0.10
GET      /api/audio/status                                                                 22    4(18.18%) |   1458       1    8002      3 |    0.00        0.00
GET      /api/chains/                                                                      26   13(50.00%) |   4165      11    8010   1500 |    0.10        0.10
GET      /api/chains/{id}                                                                  23    5(21.74%) |   1753       3    8001     20 |    0.10        0.10
POST     /api/chains/{id}/activate                                                         23    5(21.74%) |   1750       3    8001     18 |    0.00        0.00
POST     /api/chains/{id}/deactivate                                                       22    4(18.18%) |   1463       3    8001     11 |    0.00        0.00
GET      /api/plugins/discover                                                             13     0(0.00%) |     32      10      52     34 |    0.00        0.00
GET      /api/plugins/list                                                                 13     0(0.00%) |      7       1      19      6 |    0.00        0.00
POST     /api/plugins/load?uri                                                              8    6(75.00%) |   6004       9    8002   8000 |    0.00        0.00
POST     /api/plugins/unload?uri                                                            8    6(75.00%) |   6003       2    8002   8000 |    0.20        0.20
--------|----------------------------------------------------------------------------|-------|-------------|-------|-------|-------|-------|--------|-----------
         Aggregated                                                                       264   98(37.12%) |   2993       1    8010     21 |    0.80        0.80

Type     Name                                                                          # reqs      # fails |    Avg     Min     Max    Med |   req/s  failures/s
--------|----------------------------------------------------------------------------|-------|-------------|-------|-------|-------|-------|--------|-----------
GET      /api/audio/latency                                                                44   21(47.73%) |   3822       1    8003     32 |    0.20        0.20
GET      /api/audio/levels                                                                 46   23(50.00%) |   4004       1    8002     19 |    0.10        0.10
GET      /api/audio/levels (during plugin swap)                                             8    5(62.50%) |   5004       1    8002   8000 |    0.00        0.00
GET      /api/audio/levels/plugins                                                          8    6(75.00%) |   6004       5    8002   8000 |    0.10        0.10
GET      /api/audio/status                                                                 22    4(18.18%) |   1458       1    8002      3 |    0.00        0.00
GET      /api/chains/                                                                      26   13(50.00%) |   4165      11    8010   1500 |    0.10        0.10
GET      /api/chains/{id}                                                                  23    5(21.74%) |   1753       3    8001     20 |    0.10        0.10
POST     /api/chains/{id}/activate                                                         23    5(21.74%) |   1750       3    8001     18 |    0.00        0.00
POST     /api/chains/{id}/deactivate                                                       22    4(18.18%) |   1463       3    8001     11 |    0.00        0.00
GET      /api/plugins/discover                                                             13     0(0.00%) |     32      10      52     34 |    0.00        0.00
GET      /api/plugins/list                                                                 13     0(0.00%) |      7       1      19      6 |    0.00        0.00
POST     /api/plugins/load?uri                                                              8    6(75.00%) |   6004       9    8002   8000 |    0.00        0.00
POST     /api/plugins/unload?uri                                                            8    6(75.00%) |   6003       2    8002   8000 |    0.20        0.20
--------|----------------------------------------------------------------------------|-------|-------------|-------|-------|-------|-------|--------|-----------
         Aggregated                                                                       264   98(37.12%) |   2993       1    8010     21 |    0.80        0.80

Type     Name                                                                          # reqs      # fails |    Avg     Min     Max    Med |   req/s  failures/s
--------|----------------------------------------------------------------------------|-------|-------------|-------|-------|-------|-------|--------|-----------
GET      /api/audio/latency                                                                44   21(47.73%) |   3822       1    8003     32 |    0.20        0.20
GET      /api/audio/levels                                                                 46   23(50.00%) |   4004       1    8002     19 |    0.10        0.10
GET      /api/audio/levels (during plugin swap)                                             8    5(62.50%) |   5004       1    8002   8000 |    0.00        0.00
GET      /api/audio/levels/plugins                                                          8    6(75.00%) |   6004       5    8002   8000 |    0.10        0.10
GET      /api/audio/status                                                                 22    4(18.18%) |   1458       1    8002      3 |    0.00        0.00
GET      /api/chains/                                                                      26   13(50.00%) |   4165      11    8010   1500 |    0.10        0.10
GET      /api/chains/{id}                                                                  23    5(21.74%) |   1753       3    8001     20 |    0.10        0.10
POST     /api/chains/{id}/activate                                                         23    5(21.74%) |   1750       3    8001     18 |    0.00        0.00
POST     /api/chains/{id}/deactivate                                                       22    4(18.18%) |   1463       3    8001     11 |    0.00        0.00
GET      /api/plugins/discover                                                             13     0(0.00%) |     32      10      52     34 |    0.00        0.00
GET      /api/plugins/list                                                                 13     0(0.00%) |      7       1      19      6 |    0.00        0.00
POST     /api/plugins/load?uri                                                              8    6(75.00%) |   6004       9    8002   8000 |    0.00        0.00
POST     /api/plugins/unload?uri                                                            8    6(75.00%) |   6003       2    8002   8000 |    0.20        0.20
--------|----------------------------------------------------------------------------|-------|-------------|-------|-------|-------|-------|--------|-----------
         Aggregated                                                                       264   98(37.12%) |   2993       1    8010     21 |    0.80        0.80

Type     Name                                                                          # reqs      # fails |    Avg     Min     Max    Med |   req/s  failures/s
--------|----------------------------------------------------------------------------|-------|-------------|-------|-------|-------|-------|--------|-----------
GET      /api/audio/latency                                                                45   22(48.89%) |   3915       1    8003     34 |    0.10        0.10
GET      /api/audio/levels                                                                 48   25(52.08%) |   4171       1    8003   8000 |    0.20        0.20
GET      /api/audio/levels (during plugin swap)                                             8    5(62.50%) |   5004       1    8002   8000 |    0.00        0.00
GET      /api/audio/levels/plugins                                                          8    6(75.00%) |   6004       5    8002   8000 |    0.00        0.00
GET      /api/audio/status                                                                 23    5(21.74%) |   1743       1    8002      4 |    0.00        0.00
GET      /api/chains/                                                                      26   13(50.00%) |   4165      11    8010   1500 |    0.30        0.30
GET      /api/chains/{id}                                                                  23    5(21.74%) |   1753       3    8001     20 |    0.00        0.00
POST     /api/chains/{id}/activate                                                         23    5(21.74%) |   1750       3    8001     18 |    0.10        0.10
POST     /api/chains/{id}/deactivate                                                       22    4(18.18%) |   1463       3    8001     11 |    0.00        0.00
GET      /api/plugins/discover                                                             13     0(0.00%) |     32      10      52     34 |    0.00        0.00
GET      /api/plugins/list                                                                 13     0(0.00%) |      7       1      19      6 |    0.00        0.00
POST     /api/plugins/load?uri                                                              8    6(75.00%) |   6004       9    8002   8000 |    0.00        0.00
POST     /api/plugins/unload?uri                                                            8    6(75.00%) |   6003       2    8002   8000 |    0.10        0.10
--------|----------------------------------------------------------------------------|-------|-------------|-------|-------|-------|-------|--------|-----------
         Aggregated                                                                       268  102(38.06%) |   3068       1    8010     22 |    0.80        0.80

Type     Name                                                                          # reqs      # fails |    Avg     Min     Max    Med |   req/s  failures/s
--------|----------------------------------------------------------------------------|-------|-------------|-------|-------|-------|-------|--------|-----------
GET      /api/audio/latency                                                                46   23(50.00%) |   4004       1    8003     34 |    0.10        0.10
GET      /api/audio/levels                                                                 50   27(54.00%) |   4324       1    8003   8000 |    0.20        0.20
GET      /api/audio/levels (during plugin swap)                                             9    6(66.67%) |   5337       1    8002   8000 |    0.00        0.00
GET      /api/audio/levels/plugins                                                          8    6(75.00%) |   6004       5    8002   8000 |    0.00        0.00
GET      /api/audio/status                                                                 23    5(21.74%) |   1743       1    8002      4 |    0.00        0.00
GET      /api/chains/                                                                      26   13(50.00%) |   4165      11    8010   1500 |    0.30        0.30
GET      /api/chains/{id}                                                                  23    5(21.74%) |   1753       3    8001     20 |    0.00        0.00
POST     /api/chains/{id}/activate                                                         23    5(21.74%) |   1750       3    8001     18 |    0.10        0.10
POST     /api/chains/{id}/deactivate                                                       22    4(18.18%) |   1463       3    8001     11 |    0.00        0.00
GET      /api/plugins/discover                                                             13     0(0.00%) |     32      10      52     34 |    0.00        0.00
GET      /api/plugins/list                                                                 13     0(0.00%) |      7       1      19      6 |    0.00        0.00
POST     /api/plugins/load?uri                                                              8    6(75.00%) |   6004       9    8002   8000 |    0.00        0.00
POST     /api/plugins/unload?uri                                                            8    6(75.00%) |   6003       2    8002   8000 |    0.10        0.10
--------|----------------------------------------------------------------------------|-------|-------------|-------|-------|-------|-------|--------|-----------
         Aggregated                                                                       272  106(38.97%) |   3140       1    8010     22 |    0.80        0.80

Type     Name                                                                          # reqs      # fails |    Avg     Min     Max    Med |   req/s  failures/s
--------|----------------------------------------------------------------------------|-------|-------------|-------|-------|-------|-------|--------|-----------
GET      /api/audio/latency                                                                46   23(50.00%) |   4004       1    8003     34 |    0.10        0.10
GET      /api/audio/levels                                                                 50   27(54.00%) |   4324       1    8003   8000 |    0.20        0.20
GET      /api/audio/levels (during plugin swap)                                             9    6(66.67%) |   5337       1    8002   8000 |    0.00        0.00
GET      /api/audio/levels/plugins                                                          8    6(75.00%) |   6004       5    8002   8000 |    0.00        0.00
GET      /api/audio/status                                                                 23    5(21.74%) |   1743       1    8002      4 |    0.00        0.00
GET      /api/chains/                                                                      26   13(50.00%) |   4165      11    8010   1500 |    0.30        0.30
GET      /api/chains/{id}                                                                  23    5(21.74%) |   1753       3    8001     20 |    0.00        0.00
POST     /api/chains/{id}/activate                                                         23    5(21.74%) |   1750       3    8001     18 |    0.10        0.10
POST     /api/chains/{id}/deactivate                                                       22    4(18.18%) |   1463       3    8001     11 |    0.00        0.00
GET      /api/plugins/discover                                                             13     0(0.00%) |     32      10      52     34 |    0.00        0.00
GET      /api/plugins/list                                                                 13     0(0.00%) |      7       1      19      6 |    0.00        0.00
POST     /api/plugins/load?uri                                                              8    6(75.00%) |   6004       9    8002   8000 |    0.00        0.00
POST     /api/plugins/unload?uri                                                            8    6(75.00%) |   6003       2    8002   8000 |    0.10        0.10
--------|----------------------------------------------------------------------------|-------|-------------|-------|-------|-------|-------|--------|-----------
         Aggregated                                                                       272  106(38.97%) |   3140       1    8010     22 |    0.80        0.80

Type     Name                                                                          # reqs      # fails |    Avg     Min     Max    Med |   req/s  failures/s
--------|----------------------------------------------------------------------------|-------|-------------|-------|-------|-------|-------|--------|-----------
GET      /api/audio/latency                                                                46   23(50.00%) |   4004       1    8003     34 |    0.10        0.10
GET      /api/audio/levels                                                                 50   27(54.00%) |   4324       1    8003   8000 |    0.20        0.20
GET      /api/audio/levels (during plugin swap)                                             9    6(66.67%) |   5337       1    8002   8000 |    0.00        0.00
GET      /api/audio/levels/plugins                                                          8    6(75.00%) |   6004       5    8002   8000 |    0.00        0.00
GET      /api/audio/status                                                                 23    5(21.74%) |   1743       1    8002      4 |    0.00        0.00
GET      /api/chains/                                                                      26   13(50.00%) |   4165      11    8010   1500 |    0.30        0.30
GET      /api/chains/{id}                                                                  23    5(21.74%) |   1753       3    8001     20 |    0.00        0.00
POST     /api/chains/{id}/activate                                                         23    5(21.74%) |   1750       3    8001     18 |    0.10        0.10
POST     /api/chains/{id}/deactivate                                                       22    4(18.18%) |   1463       3    8001     11 |    0.00        0.00
GET      /api/plugins/discover                                                             13     0(0.00%) |     32      10      52     34 |    0.00        0.00
GET      /api/plugins/list                                                                 13     0(0.00%) |      7       1      19      6 |    0.00        0.00
POST     /api/plugins/load?uri                                                              8    6(75.00%) |   6004       9    8002   8000 |    0.00        0.00
POST     /api/plugins/unload?uri                                                            8    6(75.00%) |   6003       2    8002   8000 |    0.10        0.10
--------|----------------------------------------------------------------------------|-------|-------------|-------|-------|-------|-------|--------|-----------
         Aggregated                                                                       272  106(38.97%) |   3140       1    8010     22 |    0.80        0.80

[2026-03-07 12:53:02,212] MAP2-TESTBED/INFO/locust.main: Got SIGTERM signal
[2026-03-07 12:53:02,212] MAP2-TESTBED/INFO/locust.main: Shutting down (exit code 1)
Type     Name                                                                          # reqs      # fails |    Avg     Min     Max    Med |   req/s  failures/s
--------|----------------------------------------------------------------------------|-------|-------------|-------|-------|-------|-------|--------|-----------
GET      /api/audio/latency                                                                46   23(50.00%) |   4004       1    8003     34 |    0.42        0.21
GET      /api/audio/levels                                                                 50   27(54.00%) |   4324       1    8003   8000 |    0.46        0.25
GET      /api/audio/levels (during plugin swap)                                             9    6(66.67%) |   5337       1    8002   8000 |    0.08        0.06
GET      /api/audio/levels/plugins                                                          8    6(75.00%) |   6004       5    8002   8000 |    0.07        0.06
GET      /api/audio/status                                                                 23    5(21.74%) |   1743       1    8002      4 |    0.21        0.05
GET      /api/chains/                                                                      26   13(50.00%) |   4165      11    8010   1500 |    0.24        0.12
GET      /api/chains/{id}                                                                  23    5(21.74%) |   1753       3    8001     20 |    0.21        0.05
POST     /api/chains/{id}/activate                                                         23    5(21.74%) |   1750       3    8001     18 |    0.21        0.05
POST     /api/chains/{id}/deactivate                                                       22    4(18.18%) |   1463       3    8001     11 |    0.20        0.04
GET      /api/plugins/discover                                                             13     0(0.00%) |     32      10      52     34 |    0.12        0.00
GET      /api/plugins/list                                                                 13     0(0.00%) |      7       1      19      6 |    0.12        0.00
POST     /api/plugins/load?uri                                                              8    6(75.00%) |   6004       9    8002   8000 |    0.07        0.06
POST     /api/plugins/unload?uri                                                            8    6(75.00%) |   6003       2    8002   8000 |    0.07        0.06
--------|----------------------------------------------------------------------------|-------|-------------|-------|-------|-------|-------|--------|-----------
         Aggregated                                                                       272  106(38.97%) |   3140       1    8010     22 |    2.51        0.98

Response time percentiles (approximated)
Type     Name                                                                                  50%    66%    75%    80%    90%    95%    98%    99%  99.9% 99.99%   100% # reqs
--------|--------------------------------------------------------------------------------|--------|------|------|------|------|------|------|------|------|------|------|------
GET      /api/audio/latency                                                                   8000   8000   8000   8000   8000   8000   8000   8000   8000   8000   8000     46
GET      /api/audio/levels                                                                    8000   8000   8000   8000   8000   8000   8000   8000   8000   8000   8000     50
GET      /api/audio/levels (during plugin swap)                                               8000   8000   8000   8000   8000   8000   8000   8000   8000   8000   8000      9
GET      /api/audio/levels/plugins                                                            8000   8000   8000   8000   8000   8000   8000   8000   8000   8000   8000      8
GET      /api/audio/status                                                                       4      9     20   8000   8000   8000   8000   8000   8000   8000   8000     23
GET      /api/chains/                                                                         8000   8000   8000   8000   8000   8000   8000   8000   8000   8000   8000     26
GET      /api/chains/{id}                                                                       20     34     46   8000   8000   8000   8000   8000   8000   8000   8000     23
POST     /api/chains/{id}/activate                                                              18     22     31   8000   8000   8000   8000   8000   8000   8000   8000     23
POST     /api/chains/{id}/deactivate                                                            12     16     19     36   8000   8000   8000   8000   8000   8000   8000     22
GET      /api/plugins/discover                                                                  34     41     42     44     45     52     52     52     52     52     52     13
GET      /api/plugins/list                                                                       6      8      9     13     17     19     19     19     19     19     19     13
POST     /api/plugins/load?uri                                                                8000   8000   8000   8000   8000   8000   8000   8000   8000   8000   8000      8
POST     /api/plugins/unload?uri                                                              8000   8000   8000   8000   8000   8000   8000   8000   8000   8000   8000      8
--------|--------------------------------------------------------------------------------|--------|------|------|------|------|------|------|------|------|------|------|------
         Aggregated                                                                             22   8000   8000   8000   8000   8000   8000   8000   8000   8000   8000    272

Error report
# occurrences      Error                                                                                               
------------------|---------------------------------------------------------------------------------------------------------------------------------------------
5                  POST /api/plugins/load?uri: ReadTimeout(ReadTimeoutError("HTTPConnectionPool(host='localhost', port=8080): Read timed out. (read timeout=8)"))
18                 GET /api/audio/levels: ReadTimeout(ReadTimeoutError("HTTPConnectionPool(host='localhost', port=8080): Read timed out. (read timeout=8)"))
9                  GET /api/chains/: ReadTimeout(ReadTimeoutError("HTTPConnectionPool(host='localhost', port=8080): Read timed out. (read timeout=8)"))
4                  GET /api/chains/{id}: ReadTimeout(ReadTimeoutError("HTTPConnectionPool(host='localhost', port=8080): Read timed out. (read timeout=8)"))
3                  GET /api/audio/levels/plugins: ReadTimeout(ReadTimeoutError("HTTPConnectionPool(host='localhost', port=8080): Read timed out. (read timeout=8)"))
16                 GET /api/audio/latency: ReadTimeout(ReadTimeoutError("HTTPConnectionPool(host='localhost', port=8080): Read timed out. (read timeout=8)"))
4                  POST /api/chains/{id}/activate: ReadTimeout(ReadTimeoutError("HTTPConnectionPool(host='localhost', port=8080): Read timed out. (read timeout=8)"))
3                  POST /api/plugins/unload?uri: ReadTimeout(ReadTimeoutError("HTTPConnectionPool(host='localhost', port=8080): Read timed out. (read timeout=8)"))
4                  GET /api/audio/status: ReadTimeout(ReadTimeoutError("HTTPConnectionPool(host='localhost', port=8080): Read timed out. (read timeout=8)"))
5                  GET /api/audio/levels (during plugin swap): ReadTimeout(ReadTimeoutError("HTTPConnectionPool(host='localhost', port=8080): Read timed out. (read timeout=8)"))
3                  POST /api/chains/{id}/deactivate: ReadTimeout(ReadTimeoutError("HTTPConnectionPool(host='localhost', port=8080): Read timed out. (read timeout=8)"))
1                  POST /api/plugins/load?uri: ConnectTimeoutError(<HTTPConnection(host='localhost', port=8080) at 0x7f0466776360>, 'Connection to localhost timed out. (connect timeout=8)')
1                  POST /api/chains/{id}/deactivate: ConnectTimeoutError(<HTTPConnection(host='localhost', port=8080) at 0x7f0466776e00>, 'Connection to localhost timed out. (connect timeout=8)')
1                  GET /api/audio/latency: ConnectTimeoutError(<HTTPConnection(host='localhost', port=8080) at 0x7f0466777570>, 'Connection to localhost timed out. (connect timeout=8)')
1                  GET /api/audio/levels: ConnectTimeoutError(<HTTPConnection(host='localhost', port=8080) at 0x7f0466776be0>, 'Connection to localhost timed out. (connect timeout=8)')
1                  GET /api/audio/levels/plugins: ConnectTimeoutError(<HTTPConnection(host='localhost', port=8080) at 0x7f04667a0270>, 'Connection to localhost timed out. (connect timeout=8)')
1                  GET /api/audio/levels/plugins: ConnectTimeoutError(<HTTPConnection(host='localhost', port=8080) at 0x7f04667a09e0>, 'Connection to localhost timed out. (connect timeout=8)')
1                  GET /api/audio/latency: ConnectTimeoutError(<HTTPConnection(host='localhost', port=8080) at 0x7f04667a1370>, 'Connection to localhost timed out. (connect timeout=8)')
1                  GET /api/audio/levels: ConnectTimeoutError(<HTTPConnection(host='localhost', port=8080) at 0x7f04667a1150>, 'Connection to localhost timed out. (connect timeout=8)')
1                  GET /api/audio/levels/plugins: ConnectTimeoutError(<HTTPConnection(host='localhost', port=8080) at 0x7f046670aad0>, 'Connection to localhost timed out. (connect timeout=8)')
1                  GET /api/chains/{id}: ConnectTimeoutError(<HTTPConnection(host='localhost', port=8080) at 0x7f04667088d0>, 'Connection to localhost timed out. (connect timeout=8)')
1                  GET /api/audio/latency: ConnectTimeoutError(<HTTPConnection(host='localhost', port=8080) at 0x7f044d672030>, 'Connection to localhost timed out. (connect timeout=8)')
1                  POST /api/plugins/unload?uri: ConnectTimeoutError(<HTTPConnection(host='localhost', port=8080) at 0x7f044d6719d0>, 'Connection to localhost timed out. (connect timeout=8)')
1                  POST /api/plugins/unload?uri: ConnectTimeoutError(<HTTPConnection(host='localhost', port=8080) at 0x7f044d671260>, 'Connection to localhost timed out. (connect timeout=8)')
1                  GET /api/audio/levels: ConnectTimeoutError(<HTTPConnection(host='localhost', port=8080) at 0x7f044d672140>, 'Connection to localhost timed out. (connect timeout=8)')
1                  GET /api/audio/latency: ConnectTimeoutError(<HTTPConnection(host='localhost', port=8080) at 0x7f04665e8e20>, 'Connection to localhost timed out. (connect timeout=8)')
1                  GET /api/chains/: ConnectTimeoutError(<HTTPConnection(host='localhost', port=8080) at 0x7f044d673680>, 'Connection to localhost timed out. (connect timeout=8)')
1                  POST /api/plugins/unload?uri: ConnectTimeoutError(<HTTPConnection(host='localhost', port=8080) at 0x7f044d4da030>, 'Connection to localhost timed out. (connect timeout=8)')
1                  POST /api/chains/{id}/activate: ConnectTimeoutError(<HTTPConnection(host='localhost', port=8080) at 0x7f04667a3680>, 'Connection to localhost timed out. (connect timeout=8)')
1                  GET /api/audio/latency: ConnectTimeoutError(<HTTPConnection(host='localhost', port=8080) at 0x7f04665e8af0>, 'Connection to localhost timed out. (connect timeout=8)')
1                  GET /api/chains/: ConnectTimeoutError(<HTTPConnection(host='localhost', port=8080) at 0x7f04665e88d0>, 'Connection to localhost timed out. (connect timeout=8)')
1                  GET /api/audio/levels: ConnectTimeoutError(<HTTPConnection(host='localhost', port=8080) at 0x7f04665e87c0>, 'Connection to localhost timed out. (connect timeout=8)')
1                  GET /api/chains/: ConnectTimeoutError(<HTTPConnection(host='localhost', port=8080) at 0x7f04667a3ac0>, 'Connection to localhost timed out. (connect timeout=8)')
1                  GET /api/chains/: ConnectTimeoutError(<HTTPConnection(host='localhost', port=8080) at 0x7f044d4db240>, 'Connection to localhost timed out. (connect timeout=8)')
1                  GET /api/audio/levels: ConnectTimeoutError(<HTTPConnection(host='localhost', port=8080) at 0x7f044d4db350>, 'Connection to localhost timed out. (connect timeout=8)')
1                  GET /api/audio/levels: ConnectTimeoutError(<HTTPConnection(host='localhost', port=8080) at 0x7f04668c99d0>, 'Connection to localhost timed out. (connect timeout=8)')
1                  GET /api/audio/status: ConnectTimeoutError(<HTTPConnection(host='localhost', port=8080) at 0x7f04665ebf00>, 'Connection to localhost timed out. (connect timeout=8)')
1                  GET /api/audio/latency: ConnectTimeoutError(<HTTPConnection(host='localhost', port=8080) at 0x7f0466634d10>, 'Connection to localhost timed out. (connect timeout=8)')
1                  GET /api/audio/levels: ConnectTimeoutError(<HTTPConnection(host='localhost', port=8080) at 0x7f04665e8160>, 'Connection to localhost timed out. (connect timeout=8)')
1                  GET /api/audio/levels: ConnectTimeoutError(<HTTPConnection(host='localhost', port=8080) at 0x7f04668ca690>, 'Connection to localhost timed out. (connect timeout=8)')
1                  GET /api/audio/levels: ConnectTimeoutError(<HTTPConnection(host='localhost', port=8080) at 0x7f04668ca360>, 'Connection to localhost timed out. (connect timeout=8)')
1                  GET /api/audio/levels (during plugin swap): ConnectTimeoutError(<HTTPConnection(host='localhost', port=8080) at 0x7f04665eae00>, 'Connection to localhost timed out. (connect timeout=8)')
1                  GET /api/audio/latency: ConnectTimeoutError(<HTTPConnection(host='localhost', port=8080) at 0x7f04665eb680>, 'Connection to localhost timed out. (connect timeout=8)')
------------------|---------------------------------------------------------------------------------------------------------------------------------------------

[load_test] started WS soak with target=100 clients
[load_test] FAIL:
 - REST p95 8000.00ms exceeds 50.00ms
 - WS dropped connections = 3280 (expected 0)
 - WS soak duration 115.6s shorter than required 300s
[load_test] WS summary: {
  "connected": 100.0,
  "drops": 3280.0,
  "samples": 3612.0,
  "spread_mean_ms": 0.15024927161739007,
  "spread_p95_ms": 0.20720300017273985
}
