Timestamp,User Count,Type,Name,Requests/s,Failures/s,50%,66%,75%,80%,90%,95%,98%,99%,99.9%,99.99%,100%,Total Request Count,Total Failure Count,Total Median Response Time,Total Average Response Time,Total Min Response Time,Total Max Response Time,Total Average Content Size
1774611734,0,,Aggregated,0.000000,0.000000,N/A,N/A,N/A,N/A,N/A,N/A,N/A,N/A,N/A,N/A,N/A,0,0,0,0.0,0,0,0
1774611735,2,GET,/api/audio/latency,0.000000,0.000000,0,0,0,0,0,0,0,0,0,0,0,6,0,3,3.95902682794258,1.9897579913958907,7.145320996642113,33.0
1774611735,2,GET,/api/audio/levels,0.000000,0.000000,0,0,0,0,0,0,0,0,0,0,0,6,0,13,16.637212849066902,2.480905968695879,47.72436304483563,81.66666666666667
1774611735,2,GET,/api/chains/,0.000000,0.000000,0,0,0,0,0,0,0,0,0,0,0,3,0,300.0,203.68354899498323,8.253462030552328,302.3143840255216,1479.0
1774611735,2,GET,/api/chains/{id},0.000000,0.000000,0,0,0,0,0,0,0,0,0,0,0,1,0,107.30454209260643,107.30454209260643,107.30454209260643,107.30454209260643,720.0
1774611735,2,GET,/api/plugins/discover,0.000000,0.000000,0,0,0,0,0,0,0,0,0,0,0,3,0,26,25.080653722397983,19.149388070218265,30.452335020527244,89708.0
1774611735,2,GET,/api/plugins/list,0.000000,0.000000,0,0,0,0,0,0,0,0,0,0,0,3,0,5.218935897573829,6.386775989085436,5.218935897573829,8.60621698666364,52.0
1774611735,2,,Aggregated,0.000000,0.000000,0,0,0,0,0,0,0,0,0,0,0,22,0,8,42.56067801245742,1.9897579913958907,302.3143840255216,12505.681818181818
1774611736,4,GET,/api/audio/latency,0.000000,0.000000,0,0,0,0,0,0,0,0,0,0,0,11,0,3,5.552235080606558,1.5637959586456418,12.395374942570925,33.0
1774611736,4,GET,/api/audio/levels,0.000000,0.000000,0,0,0,0,0,0,0,0,0,0,0,11,0,14,20.876945271580055,2.2476669400930405,66.73744099680334,80.0909090909091
1774611736,4,GET,/api/audio/levels (during plugin swap),0.000000,0.000000,0,0,0,0,0,0,0,0,0,0,0,2,0,19.131936016492546,63.05249553406611,19.131936016492546,106.97305505163968,86.0
1774611736,4,GET,/api/audio/levels/plugins,0.000000,0.000000,0,0,0,0,0,0,0,0,0,0,0,2,0,13.088376028463244,19.641211489215493,13.088376028463244,26.194046949967742,20.5
1774611736,4,GET,/api/audio/status,0.000000,0.000000,0,0,0,0,0,0,0,0,0,0,0,4,0,2,6.655178003711626,1.800909056328237,13.885726919397712,303.0
1774611736,4,GET,/api/chains/,0.000000,0.000000,0,0,0,0,0,0,0,0,0,0,0,8,0,18,85.57695236231666,2.8194469632580876,302.3143840255216,1478.625
1774611736,4,GET,/api/chains/{id},0.000000,0.000000,0,0,0,0,0,0,0,0,0,0,0,4,0,12,70.12853451306,9.927539038471878,151.0490319924429,764.25
1774611736,4,POST,/api/chains/{id}/activate,0.000000,0.000000,0,0,0,0,0,0,0,0,0,0,0,4,0,6,48.69957597111352,1.9911539275199175,171.95428104605526,41.25
1774611736,4,POST,/api/chains/{id}/deactivate,0.000000,0.000000,0,0,0,0,0,0,0,0,0,0,0,4,0,2,7.135786261642352,1.9428610103204846,22.270457004196942,62.0
1774611736,4,POST,/api/plugins/batch/parameters (500 updates),0.000000,0.000000,0,0,0,0,0,0,0,0,0,0,0,1,0,15.035293996334076,15.035293996334076,15.035293996334076,15.035293996334076,799.0
1774611736,4,GET,/api/plugins/discover,0.000000,0.000000,0,0,0,0,0,0,0,0,0,0,0,8,0,24,55.13801515917294,15.341639053076506,155.31902690418065,89708.0
1774611736,4,GET,/api/plugins/list,0.000000,0.000000,0,0,0,0,0,0,0,0,0,0,0,8,0,5,53.051049733767286,1.6962519148364663,192.37323594279587,77.25
1774611736,4,POST,/api/plugins/load?uri,0.000000,0.000000,0,0,0,0,0,0,0,0,0,0,0,2,0,12,85.73807048378512,11.890472960658371,159.58566800691187,1137.5
1774611736,4,POST,/api/plugins/unload?uri,0.000000,0.000000,0,0,0,0,0,0,0,0,0,0,0,2,0,9,15.35400201100856,8.740626042708755,21.967377979308367,122.0
1774611736,4,,Aggregated,0.000000,0.000000,13,19,24,30,150,190,300,300,300,300,300,71,0,13,38.78777850629159,1.5637959586456418,302.3143840255216,10416.450704225352
1774611737,6,GET,/api/audio/latency,0.000000,0.000000,8,10,12,15,24,27,27,27,27,27,27,25,0,7,8.3643509587273,1.5637959586456418,27.10588404443115,33.0
1774611737,6,GET,/api/audio/levels,0.000000,0.000000,8,15,25,44,170,170,170,170,170,170,170,25,0,9,26.54374487232417,1.8322279211133718,173.86293807066977,79.24
1774611737,6,GET,/api/audio/levels (during plugin swap),0.000000,0.000000,14,14,19,19,19,19,19,19,19,19,19,4,0,14,36.49303477141075,5.370946018956602,106.97305505163968,82.75
1774611737,6,GET,/api/audio/levels/plugins,0.000000,0.000000,0,0,0,0,0,0,0,0,0,0,0,4,0,6,12.310968741076067,3.540639067068696,26.194046949967742,20.5
1774611737,6,GET,/api/audio/status,0.000000,0.000000,3,8,8,13,14,23,23,23,23,23,23,15,0,3,6.362842605449259,1.6142870299518108,22.929284954443574,303.0
1774611737,6,GET,/api/chains/,0.000000,0.000000,5,9,16,23,100,100,100,100,100,100,100,14,0,9,58.27698193024844,2.159090945497155,302.3143840255216,1478.357142857143
1774611737,6,GET,/api/chains/{id},0.000000,0.000000,9,10,12,18,120,150,150,150,150,150,150,15,0,10,40.191175462678075,1.9895249279215932,151.0490319924429,802.2
1774611737,6,POST,/api/chains/{id}/activate,0.000000,0.000000,10,15,17,24,46,170,170,170,170,170,170,15,0,10,22.95410451479256,1.9175639608874917,171.95428104605526,48.333333333333336
1774611737,6,POST,/api/chains/{id}/deactivate,0.000000,0.000000,2,3,3,11,13,22,22,22,22,22,22,15,0,2,4.912232987893124,1.9361230079084635,22.270457004196942,62.0
1774611737,6,POST,/api/plugins/batch/parameters (500 updates),0.000000,0.000000,0,0,0,0,0,0,0,0,0,0,0,1,0,15.035293996334076,15.035293996334076,15.035293996334076,15.035293996334076,799.0
1774611737,6,GET,/api/plugins/discover,0.000000,0.000000,23,39,42,42,150,160,160,160,160,160,160,14,0,23,42.25738538661972,13.287830050103366,155.31902690418065,89708.0
1774611737,6,GET,/api/plugins/list,0.000000,0.000000,3,5,7,15,25,25,25,25,25,25,25,14,0,5,33.3933354205718,1.6645480645820498,192.37323594279587,66.42857142857143
1774611737,6,POST,/api/plugins/load?uri,0.000000,0.000000,0,0,0,0,0,0,0,0,0,0,0,4,0,12,49.356608476955444,9.56083892378956,159.58566800691187,1122.75
1774611737,6,POST,/api/plugins/unload?uri,0.000000,0.000000,0,0,0,0,0,0,0,0,0,0,0,4,0,4,9.404897020431235,3.256361000239849,21.967377979308367,126.0
1774611737,6,,Aggregated,0.000000,0.000000,9,14,18,23,67,160,190,300,300,300,300,169,0,9,25.498774542594493,1.5637959586456418,302.3143840255216,7720.621301775148
1774611738,8,GET,/api/audio/latency,3.000000,0.000000,9,13,19,24,38,45,190,190,190,190,190,39,0,8,15.465052207358754,1.5573760028928518,186.42198806628585,33.0
1774611738,8,GET,/api/audio/levels,3.000000,0.000000,10,25,33,50,120,170,170,170,170,170,170,39,0,13,30.983521301562014,1.8322279211133718,173.86293807066977,78.66666666666667
1774611738,8,GET,/api/audio/levels (during plugin swap),0.500000,0.000000,19,51,51,150,150,150,150,150,150,150,150,6,0,19,58.61381565531095,5.370946018956602,154.77643394842744,79.5
1774611738,8,GET,/api/audio/levels/plugins,0.000000,0.000000,15,15,26,26,34,34,34,34,34,34,34,6,0,13,16.262269171420485,3.540639067068696,33.658939064480364,22.666666666666668
1774611738,8,GET,/api/audio/status,0.500000,0.000000,5,8,23,27,33,34,34,34,34,34,34,25,0,5,10.922710285522044,1.6142870299518108,33.61554897855967,303.0
1774611738,8,GET,/api/chains/,2.500000,0.000000,16,17,70,70,100,170,170,170,170,170,170,21,0,17,56.01033556186373,2.159090945497155,302.3143840255216,1478.3809523809523
1774611738,8,GET,/api/chains/{id},1.000000,0.000000,10,27,82,120,150,160,170,170,170,170,170,25,0,10,51.052974802441895,1.9895249279215932,170.3956980491057,804.6
1774611738,8,POST,/api/chains/{id}/activate,0.500000,0.000000,14,17,46,51,150,150,170,170,170,170,170,25,0,14,35.82827751059085,1.9175639608874917,171.95428104605526,52.0
1774611738,8,POST,/api/chains/{id}/deactivate,0.500000,0.000000,8,10,13,17,21,22,26,26,26,26,26,25,0,3,8.183991238474846,1.875148038379848,25.85464809089899,61.0
1774611738,8,POST,/api/plugins/batch/parameters (500 updates),0.000000,0.000000,15,15,15,15,15,15,15,15,15,15,15,2,0,7.383197080343962,11.209245538339019,7.383197080343962,15.035293996334076,848.0
1774611738,8,GET,/api/plugins/discover,1.500000,0.000000,33,39,42,43,150,160,160,160,160,160,160,21,0,26,39.507953400191454,13.018199941143394,155.31902690418065,89708.0
1774611738,8,GET,/api/plugins/list,2.500000,0.000000,10,14,18,18,25,140,140,140,140,140,140,21,0,9,32.301121136351,1.6645480645820498,192.37323594279587,66.38095238095238
1774611738,8,POST,/api/plugins/load?uri,0.000000,0.000000,16,16,150,150,160,160,160,160,160,160,160,6,0,12,59.623115482584886,9.56083892378956,159.58566800691187,1151.5
1774611738,8,POST,/api/plugins/unload?uri,0.000000,0.000000,9,9,16,16,22,22,22,22,22,22,22,6,0,4,9.686648690452179,3.256361000239849,21.967377979308367,127.5
1774611738,8,,Aggregated,15.500000,0.000000,12,18,25,33,110,150,170,190,300,300,300,267,0,12,30.085896666350074,1.5573760028928518,302.3143840255216,7345.172284644194
1774611739,10,GET,/api/audio/latency,5.000000,0.000000,10,19,24,33,40,45,55,190,190,190,190,60,0,8,17.115733605654288,1.5573760028928518,186.42198806628585,33.0
1774611739,10,GET,/api/audio/levels,5.333333,0.000000,10,18,26,33,110,140,170,170,170,170,170,60,0,10,27.177712827688083,1.6598459333181381,173.86293807066977,77.55
1774611739,10,GET,/api/audio/levels (during plugin swap),1.333333,0.000000,14,21,44,44,51,150,150,150,150,150,150,12,0,14,35.52465191266189,1.6921060159802437,154.77643394842744,78.41666666666667
1774611739,10,GET,/api/audio/levels/plugins,1.333333,0.000000,10,15,22,22,26,34,34,34,34,34,34,11,0,10,12.679467284628613,1.7426590202376246,33.658939064480364,21.09090909090909
1774611739,10,GET,/api/audio/status,2.666667,0.000000,5,13,24,24,33,34,42,42,42,42,42,32,0,5,11.656517221126705,1.6142870299518108,41.97442391887307,303.0
1774611739,10,GET,/api/chains/,3.666667,0.000000,13,23,70,100,140,160,170,170,170,170,170,30,0,16,55.67632522822047,2.159090945497155,302.3143840255216,1478.4333333333334
1774611739,10,GET,/api/chains/{id},2.666667,0.000000,11,18,42,82,150,160,170,170,170,170,170,32,0,11,43.30635147925932,1.9895249279215932,170.3956980491057,808.125
1774611739,10,POST,/api/chains/{id}/activate,2.666667,0.000000,14,20,46,51,150,160,170,170,170,170,170,32,0,14,36.92252027030918,1.9175639608874917,171.95428104605526,52.1875
1774611739,10,POST,/api/chains/{id}/deactivate,2.666667,0.000000,5,9,11,13,21,22,26,26,26,26,26,31,0,5,7.559510837909916,1.875148038379848,25.85464809089899,61.193548387096776
1774611739,10,POST,/api/plugins/batch/parameters (500 updates),0.333333,0.000000,24,24,42,42,43,43,43,43,43,43,43,6,0,15,23.425654023109626,7.383197080343962,42.61027602478862,816.8333333333334
1774611739,10,GET,/api/plugins/discover,3.666667,0.000000,33,39,40,42,48,150,160,160,160,160,160,27,0,30,37.66827512084058,13.018199941143394,155.31902690418065,89708.0
1774611739,10,GET,/api/plugins/list,3.666667,0.000000,10,18,19,34,41,43,140,140,140,140,140,30,0,9,29.328446625731885,1.6540029319003224,192.37323594279587,62.06666666666667
1774611739,10,POST,/api/plugins/load?uri,1.333333,0.000000,12,16,41,41,150,160,160,160,160,160,160,12,0,10,38.03815458862422,2.0705770002678037,159.58566800691187,1375.0833333333333
1774611739,10,POST,/api/plugins/unload?uri,1.333333,0.000000,5,14,16,16,17,22,22,22,22,22,22,11,0,5,8.962107113223862,1.9273340003564954,21.967377979308367,122.63636363636364
1774611739,10,,Aggregated,37.666667,0.000000,10,19,26,34,70,150,170,190,300,300,300,386,0,10,27.618745008937125,1.5573760028928518,302.3143840255216,6575.158031088083
1774611740,10,GET,/api/audio/latency,6.750000,0.000000,11,19,24,33,40,160,170,190,190,190,190,77,0,10,21.738369766223645,1.5573760028928518,186.42198806628585,33.0
1774611740,10,GET,/api/audio/levels,6.750000,0.000000,12,21,33,50,110,140,170,170,170,170,170,78,0,12,30.409959050862547,1.6598459333181381,173.86293807066977,77.83333333333333
1774611740,10,GET,/api/audio/levels (during plugin swap),1.250000,0.000000,21,47,51,140,150,210,210,210,210,210,210,15,0,21,54.85015466498832,1.6921060159802437,209.86859197728336,78.2
1774611740,10,GET,/api/audio/levels/plugins,1.000000,0.000000,13,22,32,34,41,140,140,140,140,140,140,15,0,13,23.961113874490064,1.7426590202376246,135.1206599501893,21.8
1774611740,10,GET,/api/audio/status,3.750000,0.000000,8,23,24,27,34,41,42,42,42,42,42,39,0,8,13.112772288971032,1.6142870299518108,41.97442391887307,303.0
1774611740,10,GET,/api/chains/,4.500000,0.000000,16,23,74,80,130,160,170,170,170,170,170,36,0,17,53.70933660823438,2.159090945497155,302.3143840255216,1478.388888888889
1774611740,10,GET,/api/chains/{id},4.500000,0.000000,12,21,42,82,160,170,190,190,190,190,190,39,0,13,46.55981932181674,1.9895249279215932,189.63008606806397,805.8717948717949
1774611740,10,POST,/api/chains/{id}/activate,3.750000,0.000000,14,20,36,46,150,160,170,170,170,170,170,39,0,14,33.471743376233064,1.9175639608874917,171.95428104605526,51.666666666666664
1774611740,10,POST,/api/chains/{id}/deactivate,3.750000,0.000000,8,12,15,17,23,150,200,200,200,200,200,39,0,8,17.236405308955373,1.875148038379848,201.28799101803452,60.717948717948715
1774611740,10,POST,/api/plugins/batch/parameters (500 updates),0.250000,0.000000,29,42,43,52,190,190,190,190,190,190,190,10,0,24,41.91003100713715,7.383197080343962,190.09402196388692,817.8
1774611740,10,GET,/api/plugins/discover,4.250000,0.000000,33,39,42,43,130,150,160,160,160,160,160,35,0,33,44.55394880580051,13.018199941143394,155.31902690418065,89708.0
1774611740,10,GET,/api/plugins/list,4.250000,0.000000,10,16,19,34,43,140,160,160,160,160,160,35,0,9,30.461927190689103,1.6540029319003224,192.37323594279587,67.02857142857142
1774611740,10,POST,/api/plugins/load?uri,1.000000,0.000000,16,19,41,150,160,160,160,160,160,160,160,15,0,16,43.79340520439049,2.0705770002678037,164.64066004846245,1584.2666666666667
1774611740,10,POST,/api/plugins/unload?uri,1.000000,0.000000,13,16,17,19,22,37,37,37,37,37,37,15,0,13,12.161197676323354,1.9273340003564954,36.661247024312615,125.13333333333334
1774611740,10,,Aggregated,46.750000,0.000000,13,21,33,39,120,160,170,190,300,300,300,487,0,13,31.52024704036427,1.5573760028928518,302.3143840255216,6749.297741273101
1774611741,10,GET,/api/audio/latency,9.600000,0.000000,10,19,24,30,40,55,170,190,190,190,190,97,0,9,20.005203226638823,1.5573760028928518,186.42198806628585,33.0
1774611741,10,GET,/api/audio/levels,9.600000,0.000000,12,20,27,48,96,120,170,170,170,170,170,99,0,12,27.55913447419351,1.6598459333181381,173.86293807066977,77.33333333333333
1774611741,10,GET,/api/audio/levels (during plugin swap),1.600000,0.000000,19,44,51,70,140,150,210,210,210,210,210,23,0,19,46.54839400040067,1.62356102373451,209.86859197728336,77.52173913043478
1774611741,10,GET,/api/audio/levels/plugins,1.600000,0.000000,12,26,32,34,41,41,140,140,140,140,140,23,0,12,22.06818931027437,1.7426590202376246,135.1206599501893,21.347826086956523
1774611741,10,GET,/api/audio/status,5.400000,0.000000,8,23,26,32,37,41,42,42,42,42,42,51,0,8,14.10612510060709,1.6142870299518108,41.97442391887307,303.0
1774611741,10,GET,/api/chains/,5.000000,0.000000,13,23,70,80,140,160,170,170,170,170,170,42,0,16,50.820864687141565,2.159090945497155,302.3143840255216,1478.3333333333333
1774611741,10,GET,/api/chains/{id},5.400000,0.000000,12,23,29,51,150,170,190,190,190,190,190,51,0,13,39.74909197046038,1.9895249279215932,189.63008606806397,809.8235294117648
1774611741,10,POST,/api/chains/{id}/activate,5.400000,0.000000,15,22,27,37,150,150,170,170,170,170,170,51,0,15,29.917403932332117,1.9175639608874917,171.95428104605526,52.15686274509804
1774611741,10,POST,/api/chains/{id}/deactivate,5.400000,0.000000,8,13,16,17,23,30,200,200,200,200,200,50,0,7,15.740379323251545,1.875148038379848,201.28799101803452,61.0
1774611741,10,POST,/api/plugins/batch/parameters (500 updates),0.400000,0.000000,29,37,43,43,52,190,190,190,190,190,190,12,0,24,38.49463967101959,5.739738000556827,190.09402196388692,834.25
1774611741,10,GET,/api/plugins/discover,5.000000,0.000000,33,38,40,43,130,150,160,160,160,160,160,42,0,30,42.12637190496372,13.018199941143394,155.31902690418065,89708.0
1774611741,10,GET,/api/plugins/list,5.000000,0.000000,12,19,20,25,41,140,160,160,160,160,160,42,0,10,28.213727202022536,1.6540029319003224,192.37323594279587,69.69047619047619
1774611741,10,POST,/api/plugins/load?uri,1.600000,0.000000,16,21,35,38,150,160,160,160,160,160,160,23,0,16,33.672522135969736,2.0705770002678037,164.64066004846245,1909.391304347826
1774611741,10,POST,/api/plugins/unload?uri,1.600000,0.000000,9,16,17,19,22,37,37,37,37,37,37,20,0,9,11.083532206248492,1.9273340003564954,36.661247024312615,124.3
1774611741,10,,Aggregated,62.600000,0.000000,13,21,29,36,74,150,170,190,300,300,300,626,0,13,28.5196451886078,1.5573760028928518,302.3143840255216,6333.484025559105
1774611742,10,GET,/api/audio/latency,10.000000,0.000000,11,19,25,36,45,160,190,190,190,190,190,105,0,10,24.032708991407638,1.5573760028928518,188.98816697765142,33.0
1774611742,10,GET,/api/audio/levels,10.500000,0.000000,12,21,33,60,120,150,170,190,190,190,190,105,0,12,32.445064597275284,1.6598459333181381,193.95326799713075,77.58095238095238
1774611742,10,GET,/api/audio/levels (during plugin swap),2.166667,0.000000,19,47,70,130,150,200,210,210,210,210,210,24,0,19,52.93163633420287,1.62356102373451,209.86859197728336,77.875
1774611742,10,GET,/api/audio/levels/plugins,2.000000,0.000000,13,26,34,36,41,41,140,140,140,140,140,24,0,12,22.630429133035552,1.7426590202376246,135.1206599501893,21.583333333333332
1774611742,10,GET,/api/audio/status,5.500000,0.000000,8,23,26,32,37,41,41,42,42,42,42,58,0,8,14.48672741314332,1.6142870299518108,41.97442391887307,303.0
1774611742,10,GET,/api/chains/,5.500000,0.000000,16,25,74,100,140,170,200,200,200,200,200,43,0,17,54.293422253131,2.159090945497155,302.3143840255216,1478.3255813953488
1774611742,10,GET,/api/chains/{id},5.500000,0.000000,16,27,51,82,160,170,190,200,200,200,200,58,0,16,45.615871613524085,1.9895249279215932,198.8502941094339,808.0862068965517
1774611742,10,POST,/api/chains/{id}/activate,5.500000,0.000000,15,20,27,36,150,150,160,170,170,170,170,58,0,15,30.436359958096954,1.9175639608874917,171.95428104605526,52.241379310344826
1774611742,10,POST,/api/chains/{id}/deactivate,5.500000,0.000000,8,13,16,17,23,120,150,200,200,200,200,58,0,7,16.666939728973627,1.875148038379848,201.28799101803452,61.13793103448276
1774611742,10,POST,/api/plugins/batch/parameters (500 updates),1.333333,0.000000,29,37,43,43,52,190,190,190,190,190,190,12,0,24,38.49463967101959,5.739738000556827,190.09402196388692,834.25
1774611742,10,GET,/api/plugins/discover,5.333333,0.000000,33,39,40,43,130,150,160,160,160,160,160,43,0,32,42.070308047736624,13.018199941143394,155.31902690418065,89708.0
1774611742,10,GET,/api/plugins/list,5.333333,0.000000,14,19,20,25,41,140,160,160,160,160,160,43,0,12,28.016153314194188,1.6540029319003224,192.37323594279587,69.27906976744185
1774611742,10,POST,/api/plugins/load?uri,2.000000,0.000000,17,20,35,38,150,160,160,160,160,160,160,24,0,16,33.0776269644654,2.0705770002678037,164.64066004846245,2118.625
1774611742,10,POST,/api/plugins/unload?uri,2.000000,0.000000,14,17,19,22,97,120,120,120,120,120,120,24,0,13,23.99545087731288,1.9273340003564954,120.79131999053061,124.625
1774611742,10,,Aggregated,68.166667,0.000000,14,22,32,38,110,150,190,200,300,300,300,679,0,14,31.13641010769485,1.5573760028928518,302.3143840255216,5998.316642120766
1774611743,10,GET,/api/audio/latency,12.285714,0.000000,12,21,25,34,42,130,170,190,190,190,190,111,0,10,23.76139662983651,1.5573760028928518,188.98816697765142,33.0
1774611743,10,GET,/api/audio/levels,12.285714,0.000000,12,21,33,61,120,170,190,1000,1100,1100,1100,111,0,12,50.2175674668874,1.6598459333181381,1120.982603984885,77.56756756756756
1774611743,10,GET,/api/audio/levels (during plugin swap),2.428571,0.000000,22,70,150,200,1100,1100,1200,1200,1200,1200,1200,29,0,22,198.7709591389987,1.62356102373451,1155.084658996202,79.27586206896552
1774611743,10,GET,/api/audio/levels/plugins,2.428571,0.000000,13,22,31,34,41,41,140,140,140,140,140,29,0,13,20.77941910829395,1.7426590202376246,135.1206599501893,22.06896551724138
1774611743,10,GET,/api/audio/status,6.142857,0.000000,8,16,24,29,36,40,41,42,42,42,42,66,0,8,13.856686059046876,1.6142870299518108,41.97442391887307,303.0
1774611743,10,GET,/api/chains/,5.571429,0.000000,16,25,74,100,140,170,200,200,200,200,200,43,0,17,54.293422253131,2.159090945497155,302.3143840255216,1478.3255813953488
1774611743,10,GET,/api/chains/{id},6.285714,0.000000,17,29,82,120,170,1000,1100,1100,1100,1100,1100,66,0,17,104.53406340534319,1.9895249279215932,1076.339608989656,808.0757575757576
1774611743,10,POST,/api/chains/{id}/activate,6.142857,0.000000,16,22,35,42,55,150,160,170,170,170,170,66,0,15,29.76209347870088,1.9175639608874917,171.95428104605526,52.42424242424242
1774611743,10,POST,/api/chains/{id}/deactivate,6.142857,0.000000,8,15,17,19,22,30,150,200,200,200,200,66,0,7,15.989950642864587,1.875148038379848,201.28799101803452,61.24242424242424
1774611743,10,POST,/api/plugins/batch/parameters (500 updates),1.571429,0.000000,29,37,43,43,52,190,190,190,190,190,190,12,0,24,38.49463967101959,5.739738000556827,190.09402196388692,834.25
1774611743,10,GET,/api/plugins/discover,5.285714,0.000000,33,39,40,43,130,150,160,160,160,160,160,43,0,32,42.070308047736624,13.018199941143394,155.31902690418065,89708.0
1774611743,10,GET,/api/plugins/list,5.428571,0.000000,14,19,20,25,41,140,160,160,160,160,160,43,0,12,28.016153314194188,1.6540029319003224,192.37323594279587,69.27906976744185
1774611743,10,POST,/api/plugins/load?uri,2.428571,0.000000,19,29,38,40,150,160,160,160,160,160,160,29,0,19,32.63596731543156,2.0705770002678037,164.64066004846245,1978.1379310344828
1774611743,10,POST,/api/plugins/unload?uri,2.428571,0.000000,14,19,20,22,97,120,120,120,120,120,120,29,0,14,22.466350242431307,1.9273340003564954,120.79131999053061,124.65517241379311
1774611743,10,,Aggregated,76.857143,0.000000,14,22,32,39,120,160,200,1000,1200,1200,1200,743,0,14,44.17266250505898,1.5573760028928518,1155.084658996202,5506.094212651413
1774611744,10,GET,/api/audio/latency,12.625000,0.000000,10,20,24,29,40,97,170,190,190,190,190,131,0,10,21.860865972054597,1.5352159971371293,188.98816697765142,33.0
1774611744,10,GET,/api/audio/levels,12.750000,0.000000,11,18,27,59,110,150,190,1000,1100,1100,1100,131,0,11,44.775520585555554,1.6598459333181381,1120.982603984885,77.26717557251908
1774611744,10,GET,/api/audio/levels (during plugin swap),2.875000,0.000000,22,70,140,170,1100,1100,1200,1200,1200,1200,1200,34,0,22,180.5271038217196,1.62356102373451,1155.084658996202,79.88235294117646
1774611744,10,GET,/api/audio/levels/plugins,2.875000,0.000000,13,20,26,32,41,41,140,140,140,140,140,34,0,13,19.533836002023342,1.6666249139234424,135.1206599501893,22.41176470588235
1774611744,10,GET,/api/audio/status,6.750000,0.000000,7,15,23,24,34,39,41,42,42,42,42,82,0,7,12.547184454799607,1.5696880873292685,41.97442391887307,303.0
1774611744,10,GET,/api/chains/,5.250000,0.000000,13,21,70,80,140,160,200,200,200,200,200,47,0,16,50.55285693502965,2.159090945497155,302.3143840255216,1478.3191489361702
1774611744,10,GET,/api/chains/{id},6.750000,0.000000,12,25,68,110,170,1000,1100,1100,1100,1100,1100,82,0,12,89.86443324190587,1.9895249279215932,1076.339608989656,810.2439024390244
1774611744,10,POST,/api/chains/{id}/activate,6.750000,0.000000,14,21,30,36,46,150,160,170,170,170,170,82,0,14,26.25363546980136,1.9175639608874917,171.95428104605526,52.98780487804878
1774611744,10,POST,/api/chains/{id}/deactivate,6.750000,0.000000,7,13,17,19,21,26,150,200,200,200,200,82,0,6,14.554784491249338,1.8003659788519144,201.28799101803452,61.08536585365854
1774611744,10,POST,/api/plugins/batch/parameters (500 updates),1.500000,0.000000,17,29,42,43,130,190,190,190,190,190,190,19,0,17,35.877601372225115,5.739738000556827,190.09402196388692,841.6315789473684
1774611744,10,GET,/api/plugins/discover,5.250000,0.000000,32,38,40,42,130,130,160,160,160,160,160,47,0,30,40.25894394045339,13.018199941143394,155.31902690418065,89708.0
1774611744,10,GET,/api/plugins/list,5.250000,0.000000,10,19,20,23,41,43,160,160,160,160,160,47,0,9,26.01007294613234,1.6044959193095565,192.37323594279587,67.80851063829788
1774611744,10,POST,/api/plugins/load?uri,2.875000,0.000000,19,29,35,39,41,160,160,160,160,160,160,34,0,19,30.734198972555426,2.0369449630379677,164.64066004846245,1937.264705882353
1774611744,10,POST,/api/plugins/unload?uri,2.875000,0.000000,14,17,19,21,37,120,120,120,120,120,120,34,0,13,20.50250149948303,1.9273340003564954,120.79131999053061,124.38235294117646
1774611744,10,,Aggregated,81.125000,0.000000,13,20,27,36,98,150,190,1000,1200,1200,1200,886,0,13,39.71764333264978,1.5352159971371293,1155.084658996202,5071.776523702031
1774611745,10,GET,/api/audio/latency,11.666667,0.000000,10,20,24,29,42,150,180,190,190,190,190,149,0,10,23.737176540213945,1.5271210577338934,188.98816697765142,33.0
1774611745,10,GET,/api/audio/levels,11.666667,0.000000,11,19,30,60,120,170,220,1000,1100,1100,1100,149,0,11,45.589431586687844,1.6488470137119293,1120.982603984885,77.18791946308725
1774611745,10,GET,/api/audio/levels (during plugin swap),2.666667,0.000000,22,120,150,170,1100,1100,1200,1200,1200,1200,1200,36,0,22,174.97582764028468,1.62356102373451,1155.084658996202,79.86111111111111
1774611745,10,GET,/api/audio/levels/plugins,2.666667,0.000000,13,19,26,31,41,41,140,140,140,140,140,36,0,13,19.03009333505502,1.6666249139234424,135.1206599501893,22.666666666666668
1774611745,10,GET,/api/audio/status,6.444444,0.000000,7,15,23,26,34,39,41,42,42,42,42,91,0,7,12.69378791599033,1.5696880873292685,41.97442391887307,303.0
1774611745,10,GET,/api/chains/,4.777778,0.000000,16,23,70,100,140,160,200,200,200,200,200,50,0,17,50.97501629963517,2.159090945497155,302.3143840255216,1478.34
1774611745,10,GET,/api/chains/{id},6.444444,0.000000,16,27,68,120,170,220,1100,1100,1100,1100,1100,92,0,16,86.9189842677493,1.9895249279215932,1076.339608989656,806.2065217391304
1774611745,10,POST,/api/chains/{id}/activate,6.444444,0.000000,15,21,30,36,55,150,170,170,170,170,170,91,0,15,28.4374630050529,1.9175639608874917,172.3972789477557,53.13186813186813
1774611745,10,POST,/api/chains/{id}/deactivate,6.444444,0.000000,7,15,17,19,21,26,150,200,200,200,200,91,0,6,14.009856300397807,1.8003659788519144,201.28799101803452,61.175824175824175
1774611745,10,POST,/api/plugins/batch/parameters (500 updates),1.333333,0.000000,17,29,42,43,80,130,190,190,190,190,190,23,0,17,34.82052591710311,5.739738000556827,190.09402196388692,853.4347826086956
1774611745,10,GET,/api/plugins/discover,4.777778,0.000000,32,36,40,40,130,130,160,160,160,160,160,49,0,30,39.70028383999455,13.018199941143394,155.31902690418065,89708.0
1774611745,10,GET,/api/plugins/list,4.777778,0.000000,10,19,20,25,41,140,170,170,170,170,170,50,0,9,28.13716156873852,1.6044959193095565,192.37323594279587,66.86
1774611745,10,POST,/api/plugins/load?uri,2.666667,0.000000,19,29,38,39,41,160,160,160,160,160,160,36,0,19,30.153292367079604,2.0346230594441295,164.64066004846245,1920.75
1774611745,10,POST,/api/plugins/unload?uri,2.666667,0.000000,13,17,19,20,37,120,120,120,120,120,120,36,0,9,19.49836661030228,1.9273340003564954,120.79131999053061,125.02777777777777
1774611745,10,,Aggregated,75.444444,0.000000,13,21,28,36,100,160,190,1000,1200,1200,1200,979,0,13,39.65017333673361,1.5271210577338934,1155.084658996202,4799.268641470889
1774611746,10,GET,/api/audio/latency,11.800000,0.000000,12,22,24,33,45,150,180,190,190,190,190,165,0,10,23.090545590402503,1.5271210577338934,188.98816697765142,33.0
1774611746,10,GET,/api/audio/levels,11.800000,0.000000,10,19,27,59,130,170,220,1000,1100,1100,1100,165,0,10,42.83211945245663,1.6341549344360828,1120.982603984885,77.17575757575757
1774611746,10,GET,/api/audio/levels (during plugin swap),3.000000,0.000000,23,70,140,160,1100,1100,1200,1200,1200,1200,1200,43,0,22,150.3940348859963,1.62356102373451,1155.084658996202,79.34883720930233
1774611746,10,GET,/api/audio/levels/plugins,3.000000,0.000000,13,22,26,29,36,41,140,140,140,140,140,43,0,13,18.99301839537572,1.6666249139234424,135.1206599501893,22.46511627906977
1774611746,10,GET,/api/audio/status,7.000000,0.000000,7,16,23,26,34,39,41,42,42,42,42,108,0,5,12.223611178342253,1.5696880873292685,41.97442391887307,303.0
1774611746,10,GET,/api/chains/,4.500000,0.000000,16,24,70,100,140,160,200,200,200,200,200,56,0,13,46.86778115865309,2.159090945497155,302.3143840255216,1478.3035714285713
1774611746,10,GET,/api/chains/{id},7.000000,0.000000,16,29,51,98,170,200,1000,1100,1100,1100,1100,111,0,13,76.63447131310497,1.9895249279215932,1076.339608989656,800.9639639639639
1774611746,10,POST,/api/chains/{id}/activate,7.000000,0.000000,14,21,30,36,51,150,160,170,170,170,170,111,0,14,26.51737359046164,1.9094930030405521,172.3972789477557,53.468468468468465
1774611746,10,POST,/api/chains/{id}/deactivate,7.000000,0.000000,8,13,17,18,21,26,150,200,200,200,200,106,0,5,12.956049328423896,1.8003659788519144,201.28799101803452,61.29245283018868
1774611746,10,POST,/api/plugins/batch/parameters (500 updates),1.500000,0.000000,17,24,37,42,80,130,190,190,190,190,190,26,0,17,31.543879966753032,5.739738000556827,190.09402196388692,858.8846153846154
1774611746,10,GET,/api/plugins/discover,4.500000,0.000000,28,35,39,40,49,130,130,130,130,130,130,56,0,26,38.33166789679256,12.908800039440393,155.31902690418065,89708.0
1774611746,10,GET,/api/plugins/list,4.500000,0.000000,16,20,23,27,43,150,170,170,170,170,170,56,0,12,29.271020003112167,1.6044959193095565,192.37323594279587,70.48214285714286
1774611746,10,POST,/api/plugins/load?uri,3.000000,0.000000,17,29,38,39,50,150,160,160,160,160,160,43,0,17,29.13871209602803,2.0346230594441295,164.64066004846245,1834.2325581395348
1774611746,10,POST,/api/plugins/unload?uri,3.000000,0.000000,13,17,20,21,26,97,120,120,120,120,120,41,0,13,19.01972731688946,1.9273340003564954,120.79131999053061,125.48780487804878
1774611746,10,,Aggregated,78.600000,0.000000,13,21,28,35,91,150,190,220,1100,1200,1200,1130,0,13,36.78538905316552,1.5271210577338934,1155.084658996202,4755.175221238938
1774611747,10,GET,/api/audio/latency,13.600000,0.000000,13,22,29,37,88,170,170,180,190,190,190,180,0,11,27.66073624758671,1.5271210577338934,188.98816697765142,33.0
1774611747,10,GET,/api/audio/levels,13.700000,0.000000,11,21,34,63,130,180,210,1000,1100,1100,1100,180,0,11,45.44903946419557,1.6341549344360828,1120.982603984885,77.47777777777777
1774611747,10,GET,/api/audio/levels (during plugin swap),3.400000,0.000000,31,83,130,150,210,1100,1200,1200,1200,1200,1200,48,0,23,143.96253649950572,1.62356102373451,1155.084658996202,79.5
1774611747,10,GET,/api/audio/levels/plugins,3.400000,0.000000,13,20,24,29,36,41,140,140,140,140,140,48,0,13,18.027403525290236,1.6666249139234424,135.1206599501893,22.395833333333332
1774611747,10,GET,/api/audio/status,8.400000,0.000000,8,16,24,29,37,41,120,120,130,130,130,118,0,7,15.777296077862571,1.5696880873292685,125.3541799960658,303.0
1774611747,10,GET,/api/chains/,4.700000,0.000000,13,24,31,80,140,160,200,200,200,200,200,56,0,13,46.86778115865309,2.159090945497155,302.3143840255216,1478.3035714285713
1774611747,10,GET,/api/chains/{id},8.400000,0.000000,17,30,51,90,170,220,1100,1100,1100,1100,1100,118,0,13,76.84337314399812,1.9895249279215932,1076.339608989656,802.1440677966102
1774611747,10,POST,/api/chains/{id}/activate,8.400000,0.000000,15,23,35,42,82,150,170,170,180,180,180,118,0,14,29.702283793239523,1.9094930030405521,179.18516299687326,53.220338983050844
1774611747,10,POST,/api/chains/{id}/deactivate,8.400000,0.000000,9,15,17,19,23,83,130,150,200,200,200,118,0,7,15.347744575977893,1.8003659788519144,201.28799101803452,61.152542372881356
1774611747,10,POST,/api/plugins/batch/parameters (500 updates),1.900000,0.000000,18,37,52,67,190,220,260,260,260,260,260,29,0,17,47.01216624857023,5.739738000556827,256.7575939465314,864.2413793103449
1774611747,10,GET,/api/plugins/discover,4.700000,0.000000,30,35,39,40,50,130,130,130,130,130,130,56,0,26,38.33166789679256,12.908800039440393,155.31902690418065,89708.0
1774611747,10,GET,/api/plugins/list,4.700000,0.000000,18,20,24,34,140,160,170,170,170,170,170,56,0,12,29.271020003112167,1.6044959193095565,192.37323594279587,70.48214285714286
1774611747,10,POST,/api/plugins/load?uri,3.400000,0.000000,19,34,39,41,83,150,180,180,180,180,180,48,0,17,33.8467380424845,2.0346230594441295,176.320539903827,1836.8958333333333
1774611747,10,POST,/api/plugins/unload?uri,3.400000,0.000000,13,17,20,21,97,120,130,130,130,130,130,48,0,11,22.174887524064008,1.8909749342128634,125.9418319677934,125.89583333333333
1774611747,10,,Aggregated,90.500000,0.000000,14,22,31,39,120,160,200,260,1100,1200,1200,1221,0,13,39.01978393181027,1.5271210577338934,1155.084658996202,4421.242424242424
1774611748,10,GET,/api/audio/latency,14.700000,0.000000,11,21,25,29,88,170,170,180,190,190,190,204,0,10,25.211946172502767,1.5271210577338934,188.98816697765142,33.0
1774611748,10,GET,/api/audio/levels,14.800000,0.000000,10,19,31,59,130,180,210,1000,1100,1100,1100,204,0,9,41.51863277565651,1.6073419246822596,1120.982603984885,77.3970588235294
1774611748,10,GET,/api/audio/levels (during plugin swap),3.900000,0.000000,31,83,130,150,210,1100,1200,1200,1200,1200,1200,52,0,22,134.0838555188384,1.5861580614000559,1155.084658996202,79.25
1774611748,10,GET,/api/audio/levels/plugins,4.000000,0.000000,12,19,23,27,36,41,140,140,140,140,140,52,0,12,16.83808471604537,1.6666249139234424,135.1206599501893,22.25
1774611748,10,GET,/api/audio/status,9.400000,0.000000,8,16,22,24,39,42,120,120,130,130,130,128,0,8,15.835514429454634,1.5608849935233593,125.3541799960658,303.0
1774611748,10,GET,/api/chains/,4.900000,0.000000,13,21,31,120,140,160,200,200,200,200,200,59,0,13,44.7772389980254,2.089375047944486,302.3143840255216,1478.2881355932204
1774611748,10,GET,/api/chains/{id},9.600000,0.000000,10,25,39,82,170,200,1000,1100,1100,1100,1100,129,0,10,70.7342949147199,1.9895249279215932,1076.339608989656,800.5968992248062
1774611748,10,POST,/api/chains/{id}/activate,9.400000,0.000000,13,21,27,34,45,150,170,170,180,180,180,129,0,13,27.96276353296008,1.9094930030405521,179.18516299687326,53.21705426356589
1774611748,10,POST,/api/chains/{id}/deactivate,9.400000,0.000000,7,15,17,19,23,120,150,200,200,200,200,127,0,6,14.747650281885477,1.8003659788519144,201.28799101803452,61.21259842519685
1774611748,10,POST,/api/plugins/batch/parameters (500 updates),2.300000,0.000000,18,29,43,59,130,220,260,260,260,260,260,39,0,17,43.02867390036296,5.689149023965001,256.7575939465314,877.0512820512821
1774611748,10,GET,/api/plugins/discover,5.100000,0.000000,26,33,36,40,50,130,130,130,130,130,130,59,0,26,37.60421981885082,12.908800039440393,155.31902690418065,89708.0
1774611748,10,GET,/api/plugins/list,4.900000,0.000000,16,20,23,27,43,160,170,170,170,170,170,59,0,10,27.890782359340307,1.6044959193095565,192.37323594279587,71.15254237288136
1774611748,10,POST,/api/plugins/load?uri,4.000000,0.000000,17,29,39,40,52,84,180,180,180,180,180,52,0,15,31.75040349910537,2.0346230594441295,176.320539903827,1838.9423076923076
1774611748,10,POST,/api/plugins/unload?uri,4.000000,0.000000,12,17,20,21,97,120,130,130,130,130,130,52,0,9,20.707883809406596,1.8778450321406126,125.9418319677934,125.38461538461539
1774611748,10,,Aggregated,100.400000,0.000000,12,21,27,36,110,160,200,260,1100,1200,1200,1345,0,12,36.43480180052964,1.5271210577338934,1155.084658996202,4241.663940520446
1774611749,10,GET,/api/audio/latency,15.000000,0.000000,11,21,26,30,130,170,170,180,190,190,190,219,0,10,26.79799937007345,1.5271210577338934,188.98816697765142,33.0
1774611749,10,GET,/api/audio/levels,14.900000,0.000000,11,20,40,61,150,180,210,1000,1100,1100,1100,219,0,11,43.94796157211116,1.6073419246822596,1120.982603984885,77.33333333333333
1774611749,10,GET,/api/audio/levels (during plugin swap),4.000000,0.000000,27,83,120,150,210,1100,1200,1200,1200,1200,1200,59,0,22,123.64891176190922,1.5861580614000559,1155.084658996202,78.72881355932203
1774611749,10,GET,/api/audio/levels/plugins,4.000000,0.000000,12,19,22,24,32,41,41,41,41,41,41,59,0,12,16.057168121717996,1.6563009703531861,135.1206599501893,21.71186440677966
1774611749,10,GET,/api/audio/status,10.300000,0.000000,8,15,22,26,39,77,120,120,130,130,130,136,0,8,16.20259353555465,1.5608849935233593,125.3541799960658,303.0
1774611749,10,GET,/api/chains/,4.500000,0.000000,12,19,24,28,140,160,200,200,200,200,200,61,0,13,46.20981670450419,2.089375047944486,302.3143840255216,1478.311475409836
1774611749,10,GET,/api/chains/{id},10.300000,0.000000,10,29,51,91,170,200,1000,1100,1100,1100,1100,136,0,10,69.16128505134326,1.9895249279215932,1076.339608989656,800.3382352941177
1774611749,10,POST,/api/chains/{id}/activate,10.300000,0.000000,13,21,29,36,53,150,170,170,180,180,180,136,0,13,28.73370580645689,1.8977329600602388,179.18516299687326,53.1985294117647
1774611749,10,POST,/api/chains/{id}/deactivate,10.300000,0.000000,6,14,17,19,21,30,130,130,140,140,140,136,0,6,15.205297946950475,1.8003659788519144,201.28799101803452,61.080882352941174
1774611749,10,POST,/api/plugins/batch/parameters (500 updates),2.500000,0.000000,19,37,69,73,200,220,260,260,260,260,260,44,0,19,51.30750323190693,5.689149023965001,256.7575939465314,874.9545454545455
1774611749,10,GET,/api/plugins/discover,4.500000,0.000000,25,31,34,36,49,50,85,85,85,85,85,61,0,28,38.273463873039994,12.908800039440393,155.31902690418065,89708.0
1774611749,10,GET,/api/plugins/list,4.500000,0.000000,16,20,23,24,150,160,170,170,170,170,170,61,0,11,27.59507103617013,1.6044959193095565,192.37323594279587,72.1639344262295
1774611749,10,POST,/api/plugins/load?uri,4.000000,0.000000,17,29,35,39,83,93,180,180,180,180,180,59,0,16,30.90915021928564,2.0346230594441295,176.320539903827,1926.915254237288
1774611749,10,POST,/api/plugins/unload?uri,4.000000,0.000000,12,17,20,21,97,120,130,130,130,130,130,58,0,10,20.947009019939035,1.8778450321406126,125.9418319677934,125.34482758620689
1774611749,10,,Aggregated,103.100000,0.000000,12,21,27,36,100,160,200,260,1100,1200,1200,1444,0,12,37.01806934521381,1.5271210577338934,1155.084658996202,4101.04432132964
1774611750,10,GET,/api/audio/latency,16.100000,0.000000,10,20,24,29,97,160,170,180,190,190,190,235,0,10,25.356235439849502,1.5271210577338934,188.98816697765142,33.0
1774611750,10,GET,/api/audio/levels,16.100000,0.000000,9,19,31,60,150,180,220,1000,1100,1100,1100,235,0,10,41.35017235258079,1.6073419246822596,1120.982603984885,77.20425531914894
1774611750,10,GET,/api/audio/levels (during plugin swap),4.500000,0.000000,22,73,110,150,200,1100,1200,1200,1200,1200,1200,62,0,20,118.24845580286497,1.5861580614000559,1155.084658996202,78.66129032258064
1774611750,10,GET,/api/audio/levels/plugins,4.600000,0.000000,11,17,20,23,29,36,41,41,41,41,41,62,0,11,15.499018436868585,1.6563009703531861,135.1206599501893,21.758064516129032
1774611750,10,GET,/api/audio/status,10.400000,0.000000,7,12,17,22,39,77,120,120,130,130,130,153,0,7,15.060623495967365,1.5608849935233593,125.3541799960658,303.0
1774611750,10,GET,/api/chains/,4.000000,0.000000,13,19,28,31,140,160,200,200,200,200,200,63,0,13,45.00702484178224,2.089375047944486,302.3143840255216,1478.3015873015872
1774611750,10,GET,/api/chains/{id},10.100000,0.000000,9,23,47,82,130,200,1000,1100,1100,1100,1100,155,0,10,63.00428394498604,1.9895249279215932,1076.339608989656,801.8451612903226
1774611750,10,POST,/api/chains/{id}/activate,10.400000,0.000000,10,19,23,29,45,150,170,170,180,180,180,154,0,11,26.12408649179383,1.8977329600602388,179.18516299687326,53.34415584415584
1774611750,10,POST,/api/chains/{id}/deactivate,10.400000,0.000000,5,11,16,17,21,30,130,130,140,140,140,153,0,5,13.97646391791675,1.8003659788519144,201.28799101803452,61.18300653594771
1774611750,10,POST,/api/plugins/batch/parameters (500 updates),3.100000,0.000000,17,29,73,110,130,200,220,260,260,260,260,62,0,18,49.10088592253986,5.689149023965001,256.7575939465314,878.6129032258065
1774611750,10,GET,/api/plugins/discover,4.100000,0.000000,23,31,34,40,49,50,85,85,85,85,85,62,0,26,37.95806532575479,12.908800039440393,155.31902690418065,89708.0
1774611750,10,GET,/api/plugins/list,4.100000,0.000000,13,20,23,23,26,150,170,170,170,170,170,62,0,10,27.17718984105534,1.6044959193095565,192.37323594279587,71.83870967741936
1774611750,10,POST,/api/plugins/load?uri,4.600000,0.000000,15,26,34,39,52,84,180,180,180,180,180,62,0,15,29.613154822014153,2.0346230594441295,176.320539903827,1903.1935483870968
1774611750,10,POST,/api/plugins/unload?uri,4.600000,0.000000,10,17,20,21,97,120,130,130,130,130,130,62,0,9,19.970192600251927,1.8778450321406126,125.9418319677934,125.51612903225806
1774611750,10,,Aggregated,107.100000,0.000000,11,19,24,31,99,160,200,260,1100,1200,1200,1582,0,11,34.8875144073138,1.5271210577338934,1155.084658996202,3830.646017699115
1774611751,10,GET,/api/audio/latency,15.900000,0.000000,11,21,24,27,130,160,170,180,200,200,200,250,0,10,26.538268585689366,1.5271210577338934,198.9920309279114,33.0
1774611751,10,GET,/api/audio/levels,15.900000,0.000000,9,20,43,81,160,180,220,1000,1100,1100,1100,250,0,10,43.13161283079535,1.6073419246822596,1120.982603984885,77.212
1774611751,10,GET,/api/audio/levels (during plugin swap),4.600000,0.000000,23,73,110,150,200,1100,1200,1200,1200,1200,1200,68,0,20,111.51650656863828,1.5861580614000559,1155.084658996202,78.3529411764706
1774611751,10,GET,/api/audio/levels/plugins,4.600000,0.000000,9,14,18,20,24,29,36,36,36,36,36,68,0,9,14.696547249674468,1.6563009703531861,135.1206599501893,21.83823529411765
1774611751,10,GET,/api/audio/status,10.400000,0.000000,7,12,16,18,36,77,120,120,130,130,130,162,0,7,15.010118807872963,1.5608849935233593,125.3541799960658,303.0
1774611751,10,GET,/api/chains/,3.400000,0.000000,12,17,21,24,130,160,200,200,200,200,200,63,0,13,45.00702484178224,2.089375047944486,302.3143840255216,1478.3015873015872
1774611751,10,GET,/api/chains/{id},10.400000,0.000000,9,19,39,90,140,200,1000,1100,1100,1100,1100,163,0,10,60.35863057327417,1.9895249279215932,1076.339608989656,803.2269938650306
1774611751,10,POST,/api/chains/{id}/activate,10.400000,0.000000,10,19,25,30,59,160,170,180,350,350,350,162,0,11,27.595304270320927,1.8977329600602388,345.83246998954564,53.20987654320987
1774611751,10,POST,/api/chains/{id}/deactivate,10.400000,0.000000,5,12,16,17,21,26,130,130,140,140,140,161,0,5,14.014177443025783,1.8003659788519144,201.28799101803452,61.22360248447205
1774611751,10,POST,/api/plugins/batch/parameters (500 updates),3.800000,0.000000,19,55,73,110,140,200,220,260,260,260,260,72,0,20,51.032893071856556,5.689149023965001,256.7575939465314,874.0138888888889
1774611751,10,GET,/api/plugins/discover,3.400000,0.000000,23,28,31,35,45,49,85,85,85,85,85,63,0,28,37.80406932087822,12.908800039440393,155.31902690418065,89708.0
1774611751,10,GET,/api/plugins/list,3.400000,0.000000,11,16,21,23,26,150,170,170,170,170,170,63,0,11,26.975547891139747,1.6044959193095565,192.37323594279587,71.52380952380952
1774611751,10,POST,/api/plugins/load?uri,4.600000,0.000000,15,24,30,39,52,84,180,180,180,180,180,68,0,15,28.526029659106452,2.0346230594441295,176.320539903827,2049.205882352941
1774611751,10,POST,/api/plugins/unload?uri,4.600000,0.000000,10,13,17,20,23,83,130,130,130,130,130,68,0,10,19.05276672058629,1.8778450321406126,125.9418319677934,126.11764705882354
1774611751,10,,Aggregated,105.800000,0.000000,11,19,24,30,110,160,200,350,1100,1200,1200,1681,0,12,34.99289756608381,1.5271210577338934,1155.084658996202,3684.086258179655
1774611752,10,GET,/api/audio/latency,16.200000,0.000000,9,19,23,26,88,160,170,180,200,200,200,265,0,10,25.55573552644829,1.5271210577338934,198.9920309279114,33.0
1774611752,10,GET,/api/audio/levels,15.900000,0.000000,8,16,29,51,140,180,210,1000,1100,1100,1100,265,0,9,41.103381065669346,1.6073419246822596,1120.982603984885,77.02264150943397
1774611752,10,GET,/api/audio/levels (during plugin swap),4.800000,0.000000,18,32,83,110,160,1100,1100,1200,1200,1200,1200,78,0,18,98.28235960911768,1.5861580614000559,1155.084658996202,78.16666666666667
1774611752,10,GET,/api/audio/levels/plugins,4.900000,0.000000,9,14,16,19,23,27,29,29,29,29,29,78,0,9,14.11073644591782,1.5745469136163592,135.1206599501893,21.166666666666668
1774611752,10,GET,/api/audio/status,11.000000,0.000000,7,10,14,16,31,77,120,120,130,130,130,178,0,7,14.281652947584314,1.5608849935233593,125.3541799960658,303.0
1774611752,10,GET,/api/chains/,2.800000,0.000000,12,15,19,21,28,130,160,160,160,160,160,64,0,13,44.4865199533524,2.089375047944486,302.3143840255216,1478.296875
1774611752,10,GET,/api/chains/{id},11.000000,0.000000,8,16,24,39,120,200,1000,1100,1100,1100,1100,178,0,10,56.09894483912674,1.9895249279215932,1076.339608989656,803.1348314606741
1774611752,10,POST,/api/chains/{id}/activate,11.000000,0.000000,9,16,21,26,45,160,170,180,350,350,350,178,0,11,25.927637486582558,1.8977329600602388,345.83246998954564,53.39887640449438
1774611752,10,POST,/api/chains/{id}/deactivate,11.000000,0.000000,5,11,15,17,22,27,130,130,140,140,140,178,0,5,13.43904289461442,1.8003659788519144,201.28799101803452,61.29775280898876
1774611752,10,POST,/api/plugins/batch/parameters (500 updates),4.000000,0.000000,20,35,69,86,140,200,220,260,260,260,260,78,0,20,48.56694980005089,5.689149023965001,256.7575939465314,876.2948717948718
1774611752,10,GET,/api/plugins/discover,2.900000,0.000000,23,28,31,34,45,49,85,85,85,85,85,64,0,28,37.74846755004546,12.908800039440393,155.31902690418065,89708.0
1774611752,10,GET,/api/plugins/list,2.900000,0.000000,11,14,21,23,26,150,170,170,170,170,170,64,0,11,26.758709516798262,1.6044959193095565,192.37323594279587,72.953125
1774611752,10,POST,/api/plugins/load?uri,4.900000,0.000000,14,19,29,34,50,84,93,180,180,180,180,78,0,14,25.631192805938042,2.0346230594441295,176.320539903827,2065.3205128205127
1774611752,10,POST,/api/plugins/unload?uri,4.900000,0.000000,6,12,16,20,23,83,120,130,130,130,130,78,0,7,17.576045140277785,1.8778450321406126,125.9418319677934,125.41025641025641
1774611752,10,,Aggregated,108.200000,0.000000,9,16,22,26,83,150,180,260,1100,1200,1200,1824,0,11,32.94974021743033,1.5271210577338934,1155.084658996202,3472.6052631578946
1774611753,10,GET,/api/audio/latency,15.000000,0.000000,10,16,23,26,88,160,170,180,200,200,200,272,0,10,25.197803683113307,1.5271210577338934,198.9920309279114,33.0
1774611753,10,GET,/api/audio/levels,15.100000,0.000000,9,23,44,81,160,180,200,210,220,220,220,276,0,10,43.87039227066966,1.6073419246822596,1120.982603984885,77.05072463768116
1774611753,10,GET,/api/audio/levels (during plugin swap),4.700000,0.000000,17,28,59,83,120,160,160,170,170,170,170,82,0,18,95.79590654494694,1.5861580614000559,1155.084658996202,78.23170731707317
1774611753,10,GET,/api/audio/levels/plugins,4.700000,0.000000,7,14,16,18,23,27,29,29,29,29,29,82,0,9,13.648058167124939,1.5745469136163592,135.1206599501893,21.134146341463413
1774611753,10,GET,/api/audio/status,11.500000,0.000000,6,10,14,17,31,77,120,120,130,130,130,179,0,7,14.212895009156796,1.5608849935233593,125.3541799960658,303.0
1774611753,10,GET,/api/chains/,2.400000,0.000000,12,17,21,24,130,160,160,160,160,160,160,64,0,13,44.4865199533524,2.089375047944486,302.3143840255216,1478.296875
1774611753,10,GET,/api/chains/{id},11.500000,0.000000,8,16,25,39,120,140,180,200,220,220,220,181,0,10,57.42995613460424,1.9895249279215932,1076.339608989656,804.6740331491712
1774611753,10,POST,/api/chains/{id}/activate,11.500000,0.000000,9,14,20,26,53,160,170,180,350,350,350,179,0,11,25.88546199219395,1.8977329600602388,345.83246998954564,53.29608938547486
1774611753,10,POST,/api/chains/{id}/deactivate,11.500000,0.000000,5,10,14,17,22,27,130,130,140,140,140,179,0,5,13.405789303145886,1.8003659788519144,201.28799101803452,61.30167597765363
1774611753,10,POST,/api/plugins/batch/parameters (500 updates),5.300000,0.000000,23,67,97,110,150,200,220,260,260,260,260,86,0,23,53.76445740017347,5.689149023965001,256.7575939465314,878.7790697674419
1774611753,10,GET,/api/plugins/discover,2.600000,0.000000,25,28,34,35,49,85,85,85,85,85,85,64,0,28,37.74846755004546,12.908800039440393,155.31902690418065,89708.0
1774611753,10,GET,/api/plugins/list,2.500000,0.000000,13,16,23,24,150,170,170,170,170,170,170,64,0,11,26.758709516798262,1.6044959193095565,192.37323594279587,72.953125
1774611753,10,POST,/api/plugins/load?uri,4.700000,0.000000,12,15,22,26,50,84,93,180,180,180,180,82,0,14,24.71446037780857,2.0346230594441295,176.320539903827,2068.182926829268
1774611753,10,POST,/api/plugins/unload?uri,4.700000,0.000000,6,12,15,17,23,120,130,200,200,200,200,82,0,7,19.36025304929921,1.8778450321406126,201.1514010373503,125.3780487804878
1774611753,10,,Aggregated,107.700000,0.000000,10,16,23,27,95,150,180,200,260,350,350,1872,0,11,33.71899928979707,1.5271210577338934,1155.084658996202,3394.671474358974
1774611754,10,GET,/api/audio/latency,15.300000,0.000000,11,19,25,27,150,170,1200,1200,1200,1200,1200,278,0,10,42.296125153632396,1.5271210577338934,1225.533529999666,33.0
1774611754,10,GET,/api/audio/levels,15.200000,0.000000,9,23,54,95,160,180,210,210,220,220,220,279,0,10,43.47078242142248,1.6073419246822596,1120.982603984885,77.05376344086021
1774611754,10,GET,/api/audio/levels (during plugin swap),4.800000,0.000000,13,27,48,83,150,160,1100,1100,1100,1100,1100,84,0,18,107.23649750884977,1.5861580614000559,1155.084658996202,78.26190476190476
1774611754,10,GET,/api/audio/levels/plugins,4.800000,0.000000,7,11,15,16,24,27,29,29,29,29,29,84,0,9,13.470791890064167,1.5745469136163592,135.1206599501893,21.11904761904762
1774611754,10,GET,/api/audio/status,11.400000,0.000000,7,11,15,18,41,120,130,130,130,130,130,183,0,7,15.405601746774192,1.5608849935233593,128.75206500757486,303.14207650273227
1774611754,10,GET,/api/chains/,2.100000,0.000000,12,17,19,24,130,160,160,160,160,160,160,64,0,13,44.4865199533524,2.089375047944486,302.3143840255216,1478.296875
1774611754,10,GET,/api/chains/{id},11.400000,0.000000,9,18,29,50,120,180,1100,1300,1300,1300,1300,184,0,10,69.60206548620076,1.9895249279215932,1264.4006930058822,805.2065217391304
1774611754,10,POST,/api/chains/{id}/activate,11.400000,0.000000,10,17,22,26,82,170,1200,1200,1200,1200,1200,184,0,11,39.06605024784095,1.8977329600602388,1244.709505001083,53.20652173913044
1774611754,10,POST,/api/chains/{id}/deactivate,11.400000,0.000000,5,9,14,15,23,29,130,140,140,140,140,183,0,6,13.279805383568661,1.8003659788519144,201.28799101803452,61.31693989071038
1774611754,10,POST,/api/plugins/batch/parameters (500 updates),6.200000,0.000000,26,68,110,110,170,200,260,1400,1400,1400,1400,87,0,23,68.705660027409,5.689149023965001,1353.6490859696642,880.528735632184
1774611754,10,GET,/api/plugins/discover,2.100000,0.000000,25,31,34,35,49,85,85,85,85,85,85,64,0,28,37.74846755004546,12.908800039440393,155.31902690418065,89708.0
1774611754,10,GET,/api/plugins/list,2.100000,0.000000,13,21,23,24,150,170,170,170,170,170,170,64,0,11,26.758709516798262,1.6044959193095565,192.37323594279587,72.953125
1774611754,10,POST,/api/plugins/load?uri,4.800000,0.000000,12,15,22,25,52,84,180,180,180,180,180,84,0,14,24.77038008232956,2.0346230594441295,176.320539903827,2108.035714285714
1774611754,10,POST,/api/plugins/unload?uri,4.800000,0.000000,6,11,13,17,35,120,200,200,200,200,200,83,0,9,19.253770228901722,1.8778450321406126,201.1514010373503,125.3855421686747
1774611754,10,,Aggregated,107.800000,0.000000,10,17,24,29,110,170,200,1100,1400,1400,1400,1905,0,11,39.843679834805,1.5271210577338934,1353.6490859696642,3342.962729658793
1774611755,10,GET,/api/audio/latency,16.700000,0.000000,7,13,21,25,140,170,1200,1200,1200,1200,1200,302,0,9,39.30669886966711,1.5271210577338934,1225.533529999666,33.0
1774611755,10,GET,/api/audio/levels,16.700000,0.000000,8,18,33,56,140,180,200,210,210,210,210,302,0,9,40.745437653682856,1.6073419246822596,1120.982603984885,76.91721854304636
1774611755,10,GET,/api/audio/levels (during plugin swap),5.800000,0.000000,11,21,32,73,120,150,1100,1100,1100,1100,1100,89,0,17,101.65844968483479,1.5861580614000559,1155.084658996202,77.96629213483146
1774611755,10,GET,/api/audio/levels/plugins,5.600000,0.000000,5,8,11,15,20,27,29,29,29,29,29,89,0,8,13.024350031791778,1.5065419720485806,135.1206599501893,21.01123595505618
1774611755,10,GET,/api/audio/status,12.100000,0.000000,6,9,13,15,31,120,130,130,130,130,130,196,0,7,14.762968074397318,1.5608849935233593,128.75206500757486,303.1326530612245
1774611755,10,GET,/api/chains/,2.100000,0.000000,12,13,15,17,160,160,160,160,160,160,160,64,0,13,44.4865199533524,2.089375047944486,302.3143840255216,1478.296875
1774611755,10,GET,/api/chains/{id},12.100000,0.000000,8,13,19,24,110,170,1100,1300,1300,1300,1300,196,0,10,65.90378765736669,1.9895249279215932,1264.4006930058822,805.3775510204082
1774611755,10,POST,/api/chains/{id}/activate,12.100000,0.000000,9,15,18,26,53,160,350,1200,1200,1200,1200,196,0,11,37.43662781376696,1.8977329600602388,1244.709505001083,53.11224489795919
1774611755,10,POST,/api/chains/{id}/deactivate,12.100000,0.000000,4,9,11,14,21,27,130,130,140,140,140,196,0,5,12.72129915578633,1.8003659788519144,201.28799101803452,61.36224489795919
1774611755,10,POST,/api/plugins/batch/parameters (500 updates),7.200000,0.000000,23,42,75,110,160,200,260,1400,1400,1400,1400,101,0,20,61.4253825007818,5.656806984916329,1353.6490859696642,873.8415841584158
1774611755,10,GET,/api/plugins/discover,2.100000,0.000000,28,31,34,45,85,85,85,85,85,85,85,64,0,28,37.74846755004546,12.908800039440393,155.31902690418065,89708.0
1774611755,10,GET,/api/plugins/list,2.100000,0.000000,13,14,16,26,150,150,150,150,150,150,150,64,0,11,26.758709516798262,1.6044959193095565,192.37323594279587,72.953125
1774611755,10,POST,/api/plugins/load?uri,5.700000,0.000000,9,15,19,24,52,84,180,180,180,180,180,89,0,14,23.746824459685534,2.0346230594441295,176.320539903827,2076.820224719101
1774611755,10,POST,/api/plugins/unload?uri,5.600000,0.000000,6,11,13,15,35,120,200,200,200,200,200,89,0,9,18.656223347891917,1.8695800099521875,201.1514010373503,125.33707865168539
1774611755,10,,Aggregated,118.000000,0.000000,9,14,20,26,91,150,200,350,1300,1400,1400,2037,0,10,37.78968272510336,1.5065419720485806,1353.6490859696642,3145.0913107511046
1774611756,10,GET,/api/audio/latency,15.400000,0.000000,8,15,22,25,140,170,1200,1200,1200,1200,1200,315,0,9,38.7747897008907,1.5271210577338934,1225.533529999666,33.0
1774611756,10,GET,/api/audio/levels,15.800000,0.000000,10,21,51,89,150,180,200,210,210,210,210,316,0,10,42.147928791760194,1.6073419246822596,1120.982603984885,76.90822784810126
1774611756,10,GET,/api/audio/levels (during plugin swap),5.200000,0.000000,11,21,48,67,150,160,1100,1100,1100,1100,1100,93,0,17,100.63542681621007,1.5861580614000559,1155.084658996202,77.89247311827957
1774611756,10,GET,/api/audio/levels/plugins,5.200000,0.000000,5,8,11,14,16,20,29,29,29,29,29,93,0,8,12.875532407203428,1.5065419720485806,135.1206599501893,20.989247311827956
1774611756,10,GET,/api/audio/status,10.900000,0.000000,7,9,11,13,19,77,130,130,130,130,130,208,0,7,14.340657069204518,1.5608849935233593,128.75206500757486,303.125
1774611756,10,GET,/api/chains/,1.900000,0.000000,13,15,17,17,160,160,160,160,160,160,160,64,0,13,44.4865199533524,2.089375047944486,302.3143840255216,1478.296875
1774611756,10,GET,/api/chains/{id},11.100000,0.000000,10,16,24,53,120,180,1100,1300,1300,1300,1300,209,0,11,65.55588893273747,1.9895249279215932,1264.4006930058822,807.6459330143541
1774611756,10,POST,/api/chains/{id}/activate,10.900000,0.000000,10,17,20,26,39,170,1200,1200,1200,1200,1200,208,0,11,36.44968622896928,1.8977329600602388,1244.709505001083,53.14903846153846
1774611756,10,POST,/api/chains/{id}/deactivate,10.900000,0.000000,4,8,9,14,20,26,83,140,140,140,140,208,0,5,12.346528944572828,1.8003659788519144,201.28799101803452,61.39903846153846
1774611756,10,POST,/api/plugins/batch/parameters (500 updates),7.100000,0.000000,26,67,92,110,170,220,260,1400,1400,1400,1400,114,0,24,63.97130991650843,5.656806984916329,1353.6490859696642,874.6754385964912
1774611756,10,GET,/api/plugins/discover,1.900000,0.000000,28,31,34,34,85,85,85,85,85,85,85,64,0,28,37.74846755004546,12.908800039440393,155.31902690418065,89708.0
1774611756,10,GET,/api/plugins/list,1.900000,0.000000,11,13,14,14,26,26,26,26,26,26,26,64,0,11,26.758709516798262,1.6044959193095565,192.37323594279587,72.953125
1774611756,10,POST,/api/plugins/load?uri,5.200000,0.000000,9,15,20,24,83,93,180,180,180,180,180,93,0,14,24.748929805042202,2.008256036788225,176.320539903827,2046.1397849462367
1774611756,10,POST,/api/plugins/unload?uri,5.200000,0.000000,6,11,13,15,19,35,200,200,200,200,200,93,0,9,18.282357439328667,1.8695800099521875,201.1514010373503,125.18279569892474
1774611756,10,,Aggregated,108.600000,0.000000,9,15,21,26,98,160,200,1100,1400,1400,1400,2142,0,11,37.905326483981646,1.5065419720485806,1353.6490859696642,3007.37908496732
1774611757,10,GET,/api/audio/latency,14.700000,0.000000,8,13,18,22,35,150,1200,1200,1200,1200,1200,330,0,9,37.34182483855296,1.5271210577338934,1225.533529999666,33.0
1774611757,10,GET,/api/audio/levels,14.600000,0.000000,9,17,33,64,140,180,200,200,210,210,210,330,0,10,40.60422671874139,1.6073419246822596,1120.982603984885,76.82121212121213
1774611757,10,GET,/api/audio/levels (during plugin swap),5.000000,0.000000,10,17,21,32,98,160,170,1100,1100,1100,1100,105,0,14,90.02483568398193,1.5861580614000559,1155.084658996202,78.07619047619048
1774611757,10,GET,/api/audio/levels/plugins,5.000000,0.000000,5,8,12,14,16,18,26,29,29,29,29,105,0,8,12.267799198716169,1.5065419720485806,135.1206599501893,20.685714285714287
1774611757,10,GET,/api/audio/status,10.300000,0.000000,5,9,11,13,18,41,100,130,130,130,130,222,0,6,13.807974603689939,1.5608849935233593,128.75206500757486,303.1171171171171
1774611757,10,GET,/api/chains/,1.700000,0.000000,15,15,17,17,160,160,160,160,160,160,160,64,0,13,44.4865199533524,2.089375047944486,302.3143840255216,1478.296875
1774611757,10,GET,/api/chains/{id},10.300000,0.000000,8,13,19,24,100,130,180,1100,1300,1300,1300,222,0,10,62.01753992774012,1.9776090048253536,1264.4006930058822,807.2702702702703
1774611757,10,POST,/api/chains/{id}/activate,10.300000,0.000000,9,15,18,19,29,39,350,1200,1200,1200,1200,222,0,11,34.59184291260736,1.778690959326923,1244.709505001083,53.130630630630634
1774611757,10,POST,/api/chains/{id}/deactivate,10.300000,0.000000,4,7,9,14,17,23,27,29,140,140,140,222,0,5,11.93522361079902,1.8003659788519144,201.28799101803452,61.43693693693694
1774611757,10,POST,/api/plugins/batch/parameters (500 updates),7.300000,0.000000,23,38,73,97,150,200,250,1400,1400,1400,1400,126,0,21,59.35952594847463,5.656806984916329,1353.6490859696642,876.7619047619048
1774611757,10,GET,/api/plugins/discover,1.700000,0.000000,31,31,34,34,85,85,85,85,85,85,85,64,0,28,37.74846755004546,12.908800039440393,155.31902690418065,89708.0
1774611757,10,GET,/api/plugins/list,1.700000,0.000000,13,13,14,14,26,26,26,26,26,26,26,64,0,11,26.758709516798262,1.6044959193095565,192.37323594279587,72.953125
1774611757,10,POST,/api/plugins/load?uri,5.000000,0.000000,8,10,15,20,25,29,93,140,140,140,140,105,0,10,22.695202933668735,2.008256036788225,176.320539903827,2038.5333333333333
1774611757,10,POST,/api/plugins/unload?uri,5.000000,0.000000,7,12,14,15,20,35,83,200,200,200,200,105,0,9,17.4074618179085,1.844945945776999,201.1514010373503,125.65714285714286
1774611757,10,,Aggregated,102.900000,0.000000,8,14,18,22,67,140,200,350,1300,1400,1400,2286,0,10,35.99775737028875,1.5065419720485806,1353.6490859696642,2842.0188101487315
1774611758,10,GET,/api/audio/latency,15.200000,0.000000,9,15,18,22,36,150,1200,1200,1200,1200,1200,343,0,10,36.92995359864542,1.5271210577338934,1225.533529999666,33.0
1774611758,10,GET,/api/audio/levels,15.200000,0.000000,11,20,64,89,150,180,200,210,220,220,220,343,0,10,42.04102371189385,1.6073419246822596,1120.982603984885,76.90379008746356
1774611758,10,GET,/api/audio/levels (during plugin swap),5.200000,0.000000,9,14,20,32,120,160,170,1100,1100,1100,1100,109,0,14,88.0271514211226,1.5861580614000559,1155.084658996202,78.0091743119266
1774611758,10,GET,/api/audio/levels/plugins,5.100000,0.000000,7,10,14,15,16,26,29,120,120,120,120,109,0,9,13.428397650762093,1.5065419720485806,135.1206599501893,20.678899082568808
1774611758,10,GET,/api/audio/status,10.400000,0.000000,6,9,11,12,18,21,66,130,130,130,130,237,0,7,13.591045564834328,1.5608849935233593,128.75206500757486,303.1097046413502
1774611758,10,GET,/api/chains/,1.000000,0.000000,15,17,17,160,160,160,160,160,160,160,160,64,0,13,44.4865199533524,2.089375047944486,302.3143840255216,1478.296875
1774611758,10,GET,/api/chains/{id},10.300000,0.000000,12,19,36,58,120,180,200,1100,1300,1300,1300,239,0,11,62.93158604477037,1.9776090048253536,1264.4006930058822,808.4267782426779
1774611758,10,POST,/api/chains/{id}/activate,10.500000,0.000000,11,16,18,20,36,160,350,1200,1200,1200,1200,238,0,11,34.51821194402091,1.778690959326923,1244.709505001083,53.27731092436975
1774611758,10,POST,/api/chains/{id}/deactivate,10.400000,0.000000,4,8,12,13,16,22,26,27,29,29,29,237,0,5,11.890052090780141,1.8003659788519144,201.28799101803452,61.472573839662445
1774611758,10,POST,/api/plugins/batch/parameters (500 updates),8.400000,0.000000,24,42,86,110,170,200,250,1400,1400,1400,1400,134,0,23,62.08670515924998,5.656806984916329,1353.6490859696642,876.3507462686567
1774611758,10,GET,/api/plugins/discover,1.000000,0.000000,31,34,34,85,85,85,85,85,85,85,85,64,0,28,37.74846755004546,12.908800039440393,155.31902690418065,89708.0
1774611758,10,GET,/api/plugins/list,1.000000,0.000000,13,14,14,26,26,26,26,26,26,26,26,64,0,11,26.758709516798262,1.6044959193095565,192.37323594279587,72.953125
1774611758,10,POST,/api/plugins/load?uri,5.200000,0.000000,8,11,15,16,24,26,29,140,140,140,140,109,0,11,22.30029558728731,2.008256036788225,176.320539903827,2010.0183486238532
1774611758,10,POST,/api/plugins/unload?uri,5.100000,0.000000,9,12,15,15,19,35,83,200,200,200,200,109,0,9,17.270425863247876,1.844945945776999,201.1514010373503,125.64220183486239
1774611758,10,,Aggregated,104.000000,0.000000,9,15,19,23,86,150,200,350,1300,1400,1400,2399,0,11,36.2855887690073,1.5065419720485806,1353.6490859696642,2722.6194247603166
1774611759,10,GET,/api/audio/latency,15.500000,0.000000,7,13,16,18,25,140,1200,1200,1200,1200,1200,364,0,9,35.10758711874567,1.5271210577338934,1225.533529999666,33.0
1774611759,10,GET,/api/audio/levels,15.500000,0.000000,8,16,33,63,130,160,200,210,220,220,220,364,0,9,40.019268826274505,1.6073419246822596,1120.982603984885,76.78571428571429
1774611759,10,GET,/api/audio/levels (during plugin swap),5.000000,0.000000,9,13,17,28,72,150,170,1100,1100,1100,1100,114,0,13,84.92515333254184,1.5861580614000559,1155.084658996202,77.90350877192982
1774611759,10,GET,/api/audio/levels/plugins,4.900000,0.000000,7,10,14,15,16,23,26,120,120,120,120,114,0,8,13.199340561282282,1.5065419720485806,135.1206599501893,20.728070175438596
1774611759,10,GET,/api/audio/status,10.300000,0.000000,6,8,10,12,18,19,66,130,130,130,130,261,0,6,12.85535948292149,1.5608849935233593,128.75206500757486,303.09961685823754
1774611759,10,GET,/api/chains/,0.800000,0.000000,12,12,15,15,15,15,15,15,15,15,15,64,0,13,44.4865199533524,2.089375047944486,302.3143840255216,1478.296875
1774611759,10,GET,/api/chains/{id},10.400000,0.000000,11,18,30,53,120,180,200,1100,1300,1300,1300,261,0,11,58.6922577336088,1.9776090048253536,1264.4006930058822,808.3908045977012
1774611759,10,POST,/api/chains/{id}/activate,10.300000,0.000000,10,16,18,20,29,39,350,1200,1200,1200,1200,261,0,11,32.31447366587247,1.778690959326923,1244.709505001083,53.486590038314176
1774611759,10,POST,/api/chains/{id}/deactivate,10.300000,0.000000,4,8,10,13,17,22,26,27,29,29,29,261,0,5,11.271842312463827,1.8003659788519144,201.28799101803452,61.52107279693487
1774611759,10,POST,/api/plugins/batch/parameters (500 updates),8.900000,0.000000,21,30,75,110,160,200,250,1400,1400,1400,1400,142,0,20,59.15233385536006,5.656806984916329,1353.6490859696642,875.9225352112676
1774611759,10,GET,/api/plugins/discover,0.800000,0.000000,28,28,34,34,34,34,34,34,34,34,34,64,0,28,37.74846755004546,12.908800039440393,155.31902690418065,89708.0
1774611759,10,GET,/api/plugins/list,0.800000,0.000000,13,13,14,14,14,14,14,14,14,14,14,64,0,11,26.758709516798262,1.6044959193095565,192.37323594279587,72.953125
1774611759,10,POST,/api/plugins/load?uri,4.900000,0.000000,8,10,14,20,23,26,29,140,140,140,140,114,0,10,21.78240302754076,2.008256036788225,176.320539903827,2018.9122807017543
1774611759,10,POST,/api/plugins/unload?uri,4.900000,0.000000,8,11,15,15,19,29,35,200,200,200,200,114,0,9,16.8256793955439,1.844945945776999,201.1514010373503,125.60526315789474
1774611759,10,,Aggregated,103.300000,0.000000,8,14,17,21,55,130,200,350,1300,1400,1400,2562,0,10,34.48824115719313,1.5065419720485806,1353.6490859696642,2568.6065573770493
1774611760,10,GET,/api/audio/latency,14.500000,0.000000,8,14,17,22,36,150,1200,1200,1200,1200,1200,378,0,9,35.20112492177369,1.5271210577338934,1225.533529999666,33.06878306878307
1774611760,10,GET,/api/audio/levels,14.500000,0.000000,9,21,54,81,140,170,200,210,220,220,220,378,0,10,40.97816276686788,1.6073419246822596,1120.982603984885,76.85185185185185
1774611760,10,GET,/api/audio/levels (during plugin swap),5.700000,0.000000,9,14,21,32,120,170,210,1100,1100,1100,1100,115,0,13,86.01565055508652,1.5861580614000559,1155.084658996202,77.97391304347826
1774611760,10,GET,/api/audio/levels/plugins,5.600000,0.000000,7,11,14,15,16,23,26,120,120,120,120,115,0,9,13.19534201681128,1.5065419720485806,135.1206599501893,20.782608695652176
1774611760,10,GET,/api/audio/status,10.600000,0.000000,6,9,11,12,19,27,66,130,130,130,130,274,0,6,12.828202729528076,1.5608849935233593,128.75206500757486,303.0948905109489
1774611760,10,GET,/api/chains/,0.600000,0.000000,12,12,15,15,15,15,15,15,15,15,15,64,0,13,44.4865199533524,2.089375047944486,302.3143840255216,1478.296875
1774611760,10,GET,/api/chains/{id},10.600000,0.000000,12,28,61,97,150,190,210,1100,1300,1300,1300,274,0,11,61.183059391783154,1.9776090048253536,1264.4006930058822,808.051094890511
1774611760,10,POST,/api/chains/{id}/activate,10.600000,0.000000,11,18,22,26,38,160,350,1200,1200,1200,1200,274,0,11,33.77537195822292,1.778690959326923,1244.709505001083,53.43065693430657
1774611760,10,POST,/api/chains/{id}/deactivate,10.600000,0.000000,4,8,11,13,16,21,22,23,29,29,29,274,0,5,11.123312772319645,1.8003659788519144,201.28799101803452,61.543795620437955
1774611760,10,POST,/api/plugins/batch/parameters (500 updates),9.600000,0.000000,21,30,55,86,170,200,250,1400,1400,1400,1400,148,0,20,57.658768834772744,5.656806984916329,1353.6490859696642,875.6283783783783
1774611760,10,GET,/api/plugins/discover,0.600000,0.000000,28,28,34,34,34,34,34,34,34,34,34,64,0,28,37.74846755004546,12.908800039440393,155.31902690418065,89708.0
1774611760,10,GET,/api/plugins/list,0.600000,0.000000,13,13,14,14,14,14,14,14,14,14,14,64,0,11,26.758709516798262,1.6044959193095565,192.37323594279587,72.953125
1774611760,10,POST,/api/plugins/load?uri,5.700000,0.000000,8,11,15,22,24,29,33,140,140,140,140,115,0,11,21.87708973094983,2.008256036788225,176.320539903827,2010.1652173913044
1774611760,10,POST,/api/plugins/unload?uri,5.600000,0.000000,9,12,15,15,19,29,35,200,200,200,200,115,0,9,16.79397023525899,1.844945945776999,201.1514010373503,125.54782608695652
1774611760,10,,Aggregated,105.400000,0.000000,9,15,19,23,78,160,200,350,1300,1400,1400,2652,0,10,34.97082451826382,1.5065419720485806,1353.6490859696642,2490.443438914027
1774611761,10,GET,/api/audio/latency,14.100000,0.000000,5,10,15,16,24,130,1200,1200,1200,1200,1200,404,0,8,33.205925633077335,1.5271210577338934,1225.533529999666,33.06435643564357
1774611761,10,GET,/api/audio/levels,14.100000,0.000000,7,15,23,54,130,160,200,210,220,220,220,404,0,9,38.67683938294096,1.5625059604644775,1120.982603984885,76.79702970297029
1774611761,10,GET,/api/audio/levels (during plugin swap),5.700000,0.000000,9,13,17,21,120,170,1100,1100,1100,1100,1100,117,0,13,84.7029211009558,1.5861580614000559,1155.084658996202,77.88888888888889
1774611761,10,GET,/api/audio/levels/plugins,5.700000,0.000000,7,11,14,15,16,22,120,120,120,120,120,117,0,8,13.01893954559301,1.5065419720485806,135.1206599501893,20.88888888888889
1774611761,10,GET,/api/audio/status,11.000000,0.000000,5,8,10,12,18,24,30,130,130,130,130,289,0,6,12.45720525897369,1.5608849935233593,128.75206500757486,303.0899653979239
1774611761,10,GET,/api/chains/,0.500000,0.000000,12,12,12,12,12,12,12,12,12,12,12,64,0,13,44.4865199533524,2.089375047944486,302.3143840255216,1478.296875
1774611761,10,GET,/api/chains/{id},11.100000,0.000000,12,24,54,91,140,180,210,1100,1300,1300,1300,289,0,11,58.44100931930037,1.9776090048253536,1264.4006930058822,807.7439446366782
1774611761,10,POST,/api/chains/{id}/activate,11.100000,0.000000,11,16,19,22,36,160,170,1200,1200,1200,1200,289,0,11,32.448874531510356,1.778690959326923,1244.709505001083,53.42560553633218
1774611761,10,POST,/api/chains/{id}/deactivate,11.000000,0.000000,4,7,10,12,16,19,21,22,22,22,22,289,0,5,10.92614583988516,1.8003659788519144,201.28799101803452,61.567474048442904
1774611761,10,POST,/api/plugins/batch/parameters (500 updates),9.800000,0.000000,18,25,37,71,160,200,250,1400,1400,1400,1400,159,0,18,54.55612979167428,5.449230084195733,1353.6490859696642,875.6855345911949
1774611761,10,GET,/api/plugins/discover,0.500000,0.000000,34,34,34,34,34,34,34,34,34,34,34,64,0,28,37.74846755004546,12.908800039440393,155.31902690418065,89708.0
1774611761,10,GET,/api/plugins/list,0.500000,0.000000,13,13,13,13,13,13,13,13,13,13,13,64,0,11,26.758709516798262,1.6044959193095565,192.37323594279587,72.953125
1774611761,10,POST,/api/plugins/load?uri,5.700000,0.000000,8,10,14,20,25,29,140,140,140,140,140,117,0,11,21.766659666378146,2.008256036788225,176.320539903827,1996.3760683760684
1774611761,10,POST,/api/plugins/unload?uri,5.700000,0.000000,9,12,15,15,19,29,200,200,200,200,200,117,0,9,16.54825013719945,1.844945945776999,201.1514010373503,125.56410256410257
1774611761,10,,Aggregated,106.500000,0.000000,8,13,17,20,54,150,200,250,1300,1400,1400,2783,0,10,33.64424195320138,1.5065419720485806,1353.6490859696642,2385.302910528207
1774611762,10,GET,/api/audio/latency,14.500000,0.000000,7,13,16,18,35,130,1200,1200,1200,1200,1200,419,0,9,33.11781098772738,1.5271210577338934,1225.533529999666,33.062052505966584
1774611762,10,GET,/api/audio/levels,14.500000,0.000000,9,17,42,65,130,170,200,210,220,220,220,420,0,9,39.67454788313868,1.5625059604644775,1120.982603984885,76.7452380952381
1774611762,10,GET,/api/audio/levels (during plugin swap),5.300000,0.000000,9,14,28,67,120,170,210,1100,1100,1100,1100,122,0,13,84.60962281898274,1.5861580614000559,1155.084658996202,77.90163934426229
1774611762,10,GET,/api/audio/levels/plugins,5.300000,0.000000,7,12,14,16,19,23,120,120,120,120,120,122,0,8,12.884582295540538,1.5065419720485806,135.1206599501893,20.81967213114754
1774611762,10,GET,/api/audio/status,12.000000,0.000000,6,9,12,14,21,27,130,130,150,150,150,301,0,7,13.055279746147312,1.5608849935233593,149.04603699687868,303.1295681063123
1774611762,10,GET,/api/chains/,0.300000,0.000000,12,12,12,12,12,12,12,12,12,12,12,64,0,13,44.4865199533524,2.089375047944486,302.3143840255216,1478.296875
1774611762,10,GET,/api/chains/{id},12.000000,0.000000,14,40,70,100,160,190,210,1100,1300,1300,1300,301,0,12,59.731556598848954,1.9776090048253536,1264.4006930058822,810.0930232558139
1774611762,10,POST,/api/chains/{id}/activate,12.000000,0.000000,12,18,22,30,39,160,350,1200,1200,1200,1200,301,0,12,35.19909897938284,1.778690959326923,1244.709505001083,53.438538205980066
1774611762,10,POST,/api/chains/{id}/deactivate,12.000000,0.000000,5,8,11,13,16,20,22,22,23,23,23,298,0,5,10.927128572338855,1.8003659788519144,201.28799101803452,61.580536912751676
1774611762,10,POST,/api/plugins/batch/parameters (500 updates),9.700000,0.000000,18,24,30,39,190,210,250,1400,1400,1400,1400,163,0,18,54.83831915764446,5.449230084195733,1353.6490859696642,876.4171779141104
1774611762,10,GET,/api/plugins/discover,0.300000,0.000000,34,34,34,34,34,34,34,34,34,34,34,64,0,28,37.74846755004546,12.908800039440393,155.31902690418065,89708.0
1774611762,10,GET,/api/plugins/list,0.300000,0.000000,13,13,13,13,13,13,13,13,13,13,13,64,0,11,26.758709516798262,1.6044959193095565,192.37323594279587,72.953125
1774611762,10,POST,/api/plugins/load?uri,5.300000,0.000000,8,20,22,23,26,33,140,140,140,140,140,122,0,12,22.52176385201117,2.008256036788225,176.320539903827,2012.1475409836066
1774611762,10,POST,/api/plugins/unload?uri,5.300000,0.000000,9,12,15,16,19,23,200,200,200,200,200,122,0,8,16.16507252491247,1.844945945776999,201.1514010373503,125.49180327868852
1774611762,10,,Aggregated,108.800000,0.000000,9,15,19,24,81,160,200,350,1300,1400,1400,2883,0,10,34.2795884342408,1.5065419720485806,1353.6490859696642,2314.216441207076
1774611763,10,GET,/api/audio/latency,14.900000,0.000000,6,14,18,20,36,150,1200,1200,1200,1200,1200,431,0,9,32.53865929881193,1.5271210577338934,1225.533529999666,33.06032482598608
1774611763,10,GET,/api/audio/levels,14.900000,0.000000,8,16,35,64,120,150,170,200,220,220,220,431,0,9,39.79356669774387,1.5625059604644775,1120.982603984885,76.74013921113689
1774611763,10,GET,/api/audio/levels (during plugin swap),5.100000,0.000000,9,14,64,70,120,170,1100,1100,1100,1100,1100,130,0,13,80.86950917405865,1.5861580614000559,1155.084658996202,77.7
1774611763,10,GET,/api/audio/levels/plugins,5.100000,0.000000,6,12,14,16,22,23,170,170,170,170,170,128,0,8,13.784684420897975,1.5065419720485806,174.25306898076087,20.703125
1774611763,10,GET,/api/audio/status,11.900000,0.000000,6,9,12,14,22,27,130,130,150,150,150,316,0,6,12.747606602600552,1.5608849935233593,149.04603699687868,303.123417721519
1774611763,10,GET,/api/chains/,0.100000,0.000000,12,12,12,12,12,12,12,12,12,12,12,64,0,13,44.4865199533524,2.089375047944486,302.3143840255216,1478.296875
1774611763,10,GET,/api/chains/{id},11.800000,0.000000,13,28,61,91,150,190,210,1100,1300,1300,1300,317,0,11,57.558102474829965,1.9776090048253536,1264.4006930058822,808.8769716088328
1774611763,10,POST,/api/chains/{id}/activate,11.900000,0.000000,12,19,23,33,150,160,350,1200,1200,1200,1200,316,0,11,34.50019619666347,1.778690959326923,1244.709505001083,53.5126582278481
1774611763,10,POST,/api/chains/{id}/deactivate,11.900000,0.000000,5,9,12,13,16,21,23,26,29,29,29,316,0,5,10.869350513853014,1.8003659788519144,201.28799101803452,61.60443037974684
1774611763,10,POST,/api/plugins/batch/parameters (500 updates),8.500000,0.000000,18,24,27,38,170,200,250,1400,1400,1400,1400,174,0,18,54.14463027016442,5.449230084195733,1353.6490859696642,875.2068965517242
1774611763,10,GET,/api/plugins/discover,0.100000,0.000000,34,34,34,34,34,34,34,34,34,34,34,64,0,28,37.74846755004546,12.908800039440393,155.31902690418065,89708.0
1774611763,10,GET,/api/plugins/list,0.100000,0.000000,13,13,13,13,13,13,13,13,13,13,13,64,0,11,26.758709516798262,1.6044959193095565,192.37323594279587,72.953125
1774611763,10,POST,/api/plugins/load?uri,5.100000,0.000000,8,20,22,23,26,33,140,140,140,140,140,128,0,11,21.94017070451082,2.008256036788225,176.320539903827,2032.5625
1774611763,10,POST,/api/plugins/unload?uri,5.100000,0.000000,9,12,15,16,19,23,29,29,29,29,29,128,0,8,15.915995202703925,1.844945945776999,201.1514010373503,125.5
1774611763,10,,Aggregated,106.500000,0.000000,9,15,19,23,65,150,190,250,1300,1400,1400,3007,0,10,33.69004178480507,1.5065419720485806,1353.6490859696642,2234.0415696707682
1774611764,10,GET,/api/audio/latency,15.500000,0.000000,7,15,18,20,27,38,150,180,180,180,180,435,0,9,32.521998091472376,1.5271210577338934,1225.533529999666,33.05977011494253
1774611764,10,GET,/api/audio/levels,15.500000,0.000000,9,17,51,76,120,150,170,200,220,220,220,435,0,10,40.10679118800908,1.5625059604644775,1120.982603984885,76.70574712643678
1774611764,10,GET,/api/audio/levels (during plugin swap),4.800000,0.000000,9,15,25,70,120,140,210,210,210,210,210,133,0,13,79.85934998255391,1.5861580614000559,1155.084658996202,77.69172932330827
1774611764,10,GET,/api/audio/levels/plugins,4.800000,0.000000,5,10,14,16,22,23,170,170,170,170,170,132,0,7,13.493106589356268,1.5065419720485806,174.25306898076087,20.795454545454547
1774611764,10,GET,/api/audio/status,12.300000,0.000000,6,9,11,12,19,24,30,30,150,150,150,322,0,6,12.65051151388643,1.5608849935233593,149.04603699687868,303.12111801242236
1774611764,10,GET,/api/chains/,0.100000,0.000000,12,12,12,12,12,12,12,12,12,12,12,64,0,13,44.4865199533524,2.089375047944486,302.3143840255216,1478.296875
1774611764,10,GET,/api/chains/{id},12.300000,0.000000,13,33,64,97,140,180,190,200,210,210,210,322,0,11,58.03858277189794,1.9776090048253536,1264.4006930058822,808.5900621118012
1774611764,10,POST,/api/chains/{id}/activate,12.300000,0.000000,12,19,22,33,39,160,170,200,350,350,350,322,0,11,34.22282014102878,1.778690959326923,1244.709505001083,53.55590062111801
1774611764,10,POST,/api/chains/{id}/deactivate,12.300000,0.000000,5,10,13,15,17,21,26,29,120,120,120,322,0,5,11.212699265314717,1.8003659788519144,201.28799101803452,61.53416149068323
1774611764,10,POST,/api/plugins/batch/parameters (500 updates),8.600000,0.000000,18,24,30,39,160,200,240,250,250,250,250,177,0,19,54.252282513758054,5.449230084195733,1353.6490859696642,874.3050847457627
1774611764,10,GET,/api/plugins/discover,0.100000,0.000000,34,34,34,34,34,34,34,34,34,34,34,64,0,28,37.74846755004546,12.908800039440393,155.31902690418065,89708.0
1774611764,10,GET,/api/plugins/list,0.100000,0.000000,13,13,13,13,13,13,13,13,13,13,13,64,0,11,26.758709516798262,1.6044959193095565,192.37323594279587,72.953125
1774611764,10,POST,/api/plugins/load?uri,4.800000,0.000000,8,14,20,22,26,33,140,140,140,140,140,133,0,11,21.517167444677,2.008256036788225,176.320539903827,2051.8571428571427
1774611764,10,POST,/api/plugins/unload?uri,4.800000,0.000000,8,11,15,15,18,23,29,29,29,29,29,132,0,8,15.70539034119892,1.844945945776999,201.1514010373503,125.3409090909091
1774611764,10,,Aggregated,108.300000,0.000000,9,15,19,23,65,140,170,200,250,350,350,3057,0,10,33.66083675901941,1.5065419720485806,1353.6490859696642,2204.9859339221457
1774611765,10,GET,/api/audio/latency,15.000000,0.000000,9,17,20,23,37,140,160,180,180,180,180,440,0,9,33.23291169495364,1.5271210577338934,1225.533529999666,33.05909090909091
1774611765,10,GET,/api/audio/levels,15.000000,0.000000,10,24,76,97,140,170,1300,1300,1300,1300,1300,440,0,10,51.297211838060655,1.5625059604644775,1301.7226570518687,76.69318181818181
1774611765,10,GET,/api/audio/levels (during plugin swap),4.400000,0.000000,9,17,25,72,120,140,210,210,210,210,210,133,0,13,79.85934998255391,1.5861580614000559,1155.084658996202,77.69172932330827
1774611765,10,GET,/api/audio/levels/plugins,4.600000,0.000000,5,13,16,16,23,120,1300,1300,1300,1300,1300,133,0,8,23.484179517254233,1.5065419720485806,1342.3058059997857,20.74436090225564
1774611765,10,GET,/api/audio/status,12.300000,0.000000,6,9,12,14,20,24,30,30,150,150,150,325,0,7,12.673893813760234,1.5608849935233593,149.04603699687868,303.12
1774611765,10,GET,/api/chains/,0.000000,0.000000,12,12,12,12,12,12,12,12,12,12,12,64,0,13,44.4865199533524,2.089375047944486,302.3143840255216,1478.296875
1774611765,10,GET,/api/chains/{id},12.300000,0.000000,13,40,72,100,160,190,210,1300,1300,1300,1300,325,0,12,65.5398464969431,1.9776090048253536,1295.4627639846876,808.32
1774611765,10,POST,/api/chains/{id}/activate,12.300000,0.000000,12,20,26,36,150,160,170,200,350,350,350,325,0,11,34.95932982625583,1.778690959326923,1244.709505001083,53.46153846153846
1774611765,10,POST,/api/chains/{id}/deactivate,12.300000,0.000000,5,10,12,13,17,21,26,29,120,120,120,325,0,5,11.142774118253818,1.8003659788519144,201.28799101803452,61.53846153846154
1774611765,10,POST,/api/plugins/batch/parameters (500 updates),8.200000,0.000000,18,24,37,84,200,250,1300,1400,1400,1400,1400,180,0,19,75.71428115544323,5.449230084195733,1365.1708320248872,874.4055555555556
1774611765,10,GET,/api/plugins/discover,0.000000,0.000000,34,34,34,34,34,34,34,34,34,34,34,64,0,28,37.74846755004546,12.908800039440393,155.31902690418065,89708.0
1774611765,10,GET,/api/plugins/list,0.000000,0.000000,13,13,13,13,13,13,13,13,13,13,13,64,0,11,26.758709516798262,1.6044959193095565,192.37323594279587,72.953125
1774611765,10,POST,/api/plugins/load?uri,4.500000,0.000000,8,14,20,22,25,33,140,140,140,140,140,133,0,11,21.517167444677,2.008256036788225,176.320539903827,2051.8571428571427
1774611765,10,POST,/api/plugins/unload?uri,4.600000,0.000000,8,11,15,16,19,28,160,160,160,160,160,133,0,9,16.774746008161316,1.844945945776999,201.1514010373503,125.27067669172932
1774611765,10,,Aggregated,105.500000,0.000000,9,16,21,25,99,160,200,350,1300,1400,1400,3084,0,10,37.949930242362136,1.5065419720485806,1365.1708320248872,2187.911478599222
1774611766,10,GET,/api/audio/latency,16.200000,0.000000,6,15,19,21,31,41,160,180,180,180,180,464,0,8,31.855472728082155,1.5271210577338934,1225.533529999666,33.05603448275862
1774611766,10,GET,/api/audio/levels,15.800000,0.000000,8,18,51,76,130,170,1300,1300,1300,1300,1300,464,0,9,49.183479609602166,1.5625059604644775,1301.7226570518687,76.69827586206897
1774611766,10,GET,/api/audio/levels (during plugin swap),4.900000,0.000000,9,17,25,70,120,120,210,210,210,210,210,138,0,13,77.51294285855323,1.5861580614000559,1155.084658996202,77.6159420289855
1774611766,10,GET,/api/audio/levels/plugins,4.800000,0.000000,5,12,16,17,23,120,1300,1300,1300,1300,1300,138,0,7,22.919663070343383,1.5065419720485806,1342.3058059997857,20.68840579710145
1774611766,10,GET,/api/audio/status,13.900000,0.000000,6,9,12,15,21,24,30,30,150,150,150,344,0,6,12.346687999101853,1.5608849935233593,149.04603699687868,303.11337209302326
1774611766,10,GET,/api/chains/,0.000000,0.000000,12,12,12,12,12,12,12,12,12,12,12,64,0,13,44.4865199533524,2.089375047944486,302.3143840255216,1478.296875
1774611766,10,GET,/api/chains/{id},13.800000,0.000000,11,21,61,97,150,190,210,1300,1300,1300,1300,344,0,11,62.30427413504722,1.9776090048253536,1295.4627639846876,807.0232558139535
1774611766,10,POST,/api/chains/{id}/activate,13.900000,0.000000,10,17,22,33,150,160,170,200,350,350,350,344,0,11,33.35471871156018,1.778690959326923,1244.709505001083,53.604651162790695
1774611766,10,POST,/api/chains/{id}/deactivate,13.800000,0.000000,5,10,12,14,17,21,26,29,120,120,120,344,0,5,10.822970071553014,1.8003659788519144,201.28799101803452,61.56395348837209
1774611766,10,POST,/api/plugins/batch/parameters (500 updates),9.000000,0.000000,16,21,24,30,190,210,1300,1400,1400,1400,1400,191,0,19,72.40001885805533,5.449230084195733,1365.1708320248872,873.3874345549738
1774611766,10,GET,/api/plugins/discover,0.000000,0.000000,34,34,34,34,34,34,34,34,34,34,34,64,0,28,37.74846755004546,12.908800039440393,155.31902690418065,89708.0
1774611766,10,GET,/api/plugins/list,0.000000,0.000000,13,13,13,13,13,13,13,13,13,13,13,64,0,11,26.758709516798262,1.6044959193095565,192.37323594279587,72.953125
1774611766,10,POST,/api/plugins/load?uri,4.800000,0.000000,8,14,20,21,23,26,130,130,130,130,130,138,0,10,21.143691195006333,2.008256036788225,176.320539903827,2078.2753623188405
1774611766,10,POST,/api/plugins/unload?uri,4.800000,0.000000,8,10,13,16,19,28,160,160,160,160,160,138,0,8,16.37932202319844,1.844945945776999,201.1514010373503,125.52173913043478
1774611766,10,,Aggregated,115.700000,0.000000,8,14,19,22,72,150,190,350,1300,1400,1400,3239,0,10,36.530103567059236,1.5065419720485806,1365.1708320248872,2098.650818153751
1774611767,10,GET,/api/audio/latency,15.200000,0.000000,6,17,20,22,37,150,180,180,180,180,180,479,0,8,32.01990754470921,1.5271210577338934,1225.533529999666,33.05427974947808
1774611767,10,GET,/api/audio/levels,15.200000,0.000000,9,21,63,81,140,170,1300,1300,1300,1300,1300,479,0,9,49.590522611741214,1.5625059604644775,1301.7226570518687,76.6910229645094
1774611767,10,GET,/api/audio/levels (during plugin swap),4.900000,0.000000,11,35,78,85,120,210,220,220,220,220,220,139,0,13,78.53076713270234,1.5861580614000559,1155.084658996202,77.58273381294964
1774611767,10,GET,/api/audio/levels/plugins,4.800000,0.000000,5,13,16,19,23,170,1300,1300,1300,1300,1300,139,0,8,22.863264947714242,1.5065419720485806,1342.3058059997857,20.73381294964029
1774611767,10,GET,/api/audio/status,13.500000,0.000000,7,9,14,16,21,26,30,150,170,170,170,356,0,7,12.79625752836131,1.5608849935233593,165.72683001868427,303.10955056179773
1774611767,10,GET,/api/chains/,0.000000,0.000000,12,12,12,12,12,12,12,12,12,12,12,64,0,13,44.4865199533524,2.089375047944486,302.3143840255216,1478.296875
1774611767,10,GET,/api/chains/{id},13.500000,0.000000,13,40,88,110,160,190,220,1300,1300,1300,1300,356,0,11,63.633864686636024,1.9776090048253536,1295.4627639846876,807.556179775281
1774611767,10,POST,/api/chains/{id}/activate,13.500000,0.000000,11,19,22,33,150,160,200,200,350,350,350,356,0,11,33.29727387551501,1.778690959326923,1244.709505001083,53.67977528089887
1774611767,10,POST,/api/chains/{id}/deactivate,13.500000,0.000000,6,9,12,13,16,21,29,36,120,120,120,356,0,5,10.760381487211255,1.8003659788519144,201.28799101803452,61.508426966292134
1774611767,10,POST,/api/plugins/batch/parameters (500 updates),8.500000,0.000000,18,26,74,84,200,240,1300,1400,1400,1400,1400,200,0,20,74.01581448502839,5.449230084195733,1365.1708320248872,873.145
1774611767,10,GET,/api/plugins/discover,0.000000,0.000000,34,34,34,34,34,34,34,34,34,34,34,64,0,28,37.74846755004546,12.908800039440393,155.31902690418065,89708.0
1774611767,10,GET,/api/plugins/list,0.000000,0.000000,13,13,13,13,13,13,13,13,13,13,13,64,0,11,26.758709516798262,1.6044959193095565,192.37323594279587,72.953125
1774611767,10,POST,/api/plugins/load?uri,4.900000,0.000000,11,20,21,22,25,33,130,130,130,130,130,139,0,11,21.135751107747822,2.008256036788225,176.320539903827,2113.1870503597124
1774611767,10,POST,/api/plugins/unload?uri,4.800000,0.000000,7,10,11,15,18,28,160,160,160,160,160,139,0,8,16.311060958005918,1.844945945776999,201.1514010373503,125.54676258992805
1774611767,10,,Aggregated,112.300000,0.000000,9,16,21,26,110,160,200,350,1300,1400,1400,3330,0,10,36.95576027183942,1.5065419720485806,1365.1708320248872,2050.7636636636635
1774611768,10,GET,/api/audio/latency,13.900000,0.000000,5,13,20,22,36,140,180,180,180,180,180,505,0,8,30.778170370561355,1.5271210577338934,1225.533529999666,33.05148514851485
1774611768,10,GET,/api/audio/levels,13.800000,0.000000,8,18,42,71,130,170,1200,1300,1300,1300,1300,505,0,9,48.397797113515,1.5625059604644775,1301.7226570518687,76.73267326732673
1774611768,10,GET,/api/audio/levels (during plugin swap),4.400000,0.000000,10,21,70,78,120,210,220,220,220,220,220,145,0,13,75.57954415518405,1.5861580614000559,1155.084658996202,77.57241379310345
1774611768,10,GET,/api/audio/levels/plugins,4.500000,0.000000,5,7,10,15,20,170,1300,1300,1300,1300,1300,145,0,7,22.15078039785269,1.5065419720485806,1342.3058059997857,20.63448275862069
1774611768,10,GET,/api/audio/status,12.700000,0.000000,7,9,13,16,21,26,30,150,170,170,170,370,0,7,12.556332781772456,1.5608849935233593,165.72683001868427,303.1054054054054
1774611768,10,GET,/api/chains/,0.000000,0.000000,12,12,12,12,12,12,12,12,12,12,12,64,0,13,44.4865199533524,2.089375047944486,302.3143840255216,1478.296875
1774611768,10,GET,/api/chains/{id},12.500000,0.000000,11,21,61,97,150,190,220,1300,1300,1300,1300,371,0,11,61.44279617636723,1.9776090048253536,1295.4627639846876,807.8167115902964
1774611768,10,POST,/api/chains/{id}/activate,12.600000,0.000000,9,18,22,29,150,160,200,200,350,350,350,370,0,11,32.36305657176401,1.778690959326923,1244.709505001083,53.78378378378378
1774611768,10,POST,/api/chains/{id}/deactivate,12.700000,0.000000,6,8,10,13,17,21,29,36,120,120,120,370,0,5,10.633598977850902,1.8003659788519144,201.28799101803452,61.527027027027025
1774611768,10,POST,/api/plugins/batch/parameters (500 updates),7.500000,0.000000,18,24,43,75,170,240,1300,1400,1400,1400,1400,211,0,19,71.47238001125861,5.449230084195733,1365.1708320248872,873.8909952606635
1774611768,10,GET,/api/plugins/discover,0.000000,0.000000,34,34,34,34,34,34,34,34,34,34,34,64,0,28,37.74846755004546,12.908800039440393,155.31902690418065,89708.0
1774611768,10,GET,/api/plugins/list,0.000000,0.000000,13,13,13,13,13,13,13,13,13,13,13,64,0,11,26.758709516798262,1.6044959193095565,192.37323594279587,72.953125
1774611768,10,POST,/api/plugins/load?uri,4.400000,0.000000,10,20,21,21,25,33,130,130,130,130,130,145,0,10,20.59011126884484,2.008256036788225,176.320539903827,2081.7724137931036
1774611768,10,POST,/api/plugins/unload?uri,4.500000,0.000000,7,10,11,13,18,28,160,160,160,160,160,145,0,8,16.116333153130935,1.844945945776999,201.1514010373503,125.44827586206897
1774611768,10,,Aggregated,103.500000,0.000000,8,14,20,23,81,160,200,350,1300,1400,1400,3474,0,10,35.947998542472384,1.5065419720485806,1365.1708320248872,1977.3244099021301
1774611769,10,GET,/api/audio/latency,15.100000,0.000000,7,17,21,24,37,140,180,180,180,180,180,517,0,8,31.199471661379665,1.5271210577338934,1225.533529999666,33.050290135396516
1774611769,10,GET,/api/audio/levels,15.100000,0.000000,10,23,75,110,170,220,1300,1300,1300,1300,1300,517,0,10,50.66525520206514,1.5625059604644775,1301.7226570518687,76.79690522243713
1774611769,10,GET,/api/audio/levels (during plugin swap),4.400000,0.000000,11,35,78,94,140,210,220,220,220,220,220,149,0,13,76.03743127875354,1.5861580614000559,1155.084658996202,77.6241610738255
1774611769,10,GET,/api/audio/levels/plugins,4.500000,0.000000,5,7,13,15,20,170,1300,1300,1300,1300,1300,149,0,7,21.815081655154092,1.5065419720485806,1342.3058059997857,20.630872483221477
1774611769,10,GET,/api/audio/status,13.100000,0.000000,8,11,15,16,22,27,30,150,170,170,170,380,0,7,12.489459250048784,1.5608849935233593,165.72683001868427,303.10263157894735
1774611769,10,GET,/api/chains/,0.000000,0.000000,12,12,12,12,12,12,12,12,12,12,12,64,0,13,44.4865199533524,2.089375047944486,302.3143840255216,1478.296875
1774611769,10,GET,/api/chains/{id},13.100000,0.000000,13,29,97,120,160,190,220,1300,1300,1300,1300,380,0,11,62.00730910641141,1.9776090048253536,1295.4627639846876,808.0526315789474
1774611769,10,POST,/api/chains/{id}/activate,13.200000,0.000000,12,19,22,33,150,160,200,200,350,350,350,380,0,11,32.387576706548174,1.778690959326923,1244.709505001083,53.68421052631579
1774611769,10,POST,/api/chains/{id}/deactivate,13.100000,0.000000,6,9,12,14,17,21,29,36,120,120,120,378,0,5,10.588028869177732,1.8003659788519144,201.28799101803452,61.53703703703704
1774611769,10,POST,/api/plugins/batch/parameters (500 updates),7.700000,0.000000,19,26,76,84,190,280,1300,1400,1400,1400,1400,219,0,20,72.79106507452043,5.449230084195733,1365.1708320248872,872.9589041095891
1774611769,10,GET,/api/plugins/discover,0.000000,0.000000,34,34,34,34,34,34,34,34,34,34,34,64,0,28,37.74846755004546,12.908800039440393,155.31902690418065,89708.0
1774611769,10,GET,/api/plugins/list,0.000000,0.000000,13,13,13,13,13,13,13,13,13,13,13,64,0,11,26.758709516798262,1.6044959193095565,192.37323594279587,72.953125
1774611769,10,POST,/api/plugins/load?uri,4.500000,0.000000,12,20,21,21,25,33,130,130,130,130,130,149,0,11,20.554506785592576,2.008256036788225,176.320539903827,2111.3825503355706
1774611769,10,POST,/api/plugins/unload?uri,4.500000,0.000000,7,10,11,13,18,28,160,160,160,160,160,148,0,8,15.939707940167471,1.824095961637795,201.1514010373503,125.5945945945946
1774611769,10,,Aggregated,108.300000,0.000000,9,16,21,26,120,170,220,1200,1400,1400,1400,3558,0,10,36.49830028073529,1.5065419720485806,1365.1708320248872,1939.933951658235
1774611770,10,GET,/api/audio/latency,15.200000,0.000000,9,17,21,23,34,140,160,180,180,180,180,533,0,9,30.529354053975815,1.5271210577338934,1225.533529999666,33.048780487804876
1774611770,10,GET,/api/audio/levels,15.200000,0.000000,11,33,81,110,200,230,1300,1300,1300,1300,1300,535,0,10,51.0704942043244,1.5625059604644775,1301.7226570518687,76.91214953271027
1774611770,10,GET,/api/audio/levels (during plugin swap),3.200000,0.000000,10,25,70,78,120,190,220,220,220,220,220,152,0,13,75.0040579434043,1.5861580614000559,1155.084658996202,77.61842105263158
1774611770,10,GET,/api/audio/levels/plugins,3.300000,0.000000,5,7,9,14,20,170,1300,1300,1300,1300,1300,152,0,7,21.450954681648383,1.5065419720485806,1342.3058059997857,20.585526315789473
1774611770,10,GET,/api/audio/status,13.300000,0.000000,8,11,15,16,20,22,26,150,170,170,170,391,0,7,12.396657636062816,1.5608849935233593,165.72683001868427,303.0997442455243
1774611770,10,GET,/api/chains/,0.000000,0.000000,0,0,0,0,0,0,0,0,0,0,0,64,0,13,44.4865199533524,2.089375047944486,302.3143840255216,1478.296875
1774611770,10,GET,/api/chains/{id},13.300000,0.000000,12,27,88,120,170,220,280,1300,1300,1300,1300,391,0,11,63.26369567871894,1.9776090048253536,1295.4627639846876,806.0383631713555
1774611770,10,POST,/api/chains/{id}/activate,13.300000,0.000000,11,17,21,23,39,160,200,200,350,350,350,391,0,11,31.766143862975053,1.778690959326923,1244.709505001083,53.734015345268546
1774611770,10,POST,/api/chains/{id}/deactivate,13.300000,0.000000,7,9,11,13,17,21,29,36,120,120,120,391,0,5,10.469910705669323,1.8003659788519144,201.28799101803452,61.48849104859335
1774611770,10,POST,/api/plugins/batch/parameters (500 updates),7.400000,0.000000,20,43,79,97,200,280,1300,1400,1400,1400,1400,227,0,20,72.71599868468383,5.449230084195733,1365.1708320248872,872.136563876652
1774611770,10,GET,/api/plugins/discover,0.000000,0.000000,0,0,0,0,0,0,0,0,0,0,0,64,0,28,37.74846755004546,12.908800039440393,155.31902690418065,89708.0
1774611770,10,GET,/api/plugins/list,0.000000,0.000000,0,0,0,0,0,0,0,0,0,0,0,64,0,11,26.758709516798262,1.6044959193095565,192.37323594279587,72.953125
1774611770,10,POST,/api/plugins/load?uri,3.200000,0.000000,11,20,20,21,24,26,130,130,130,130,130,152,0,11,20.246015395203262,2.008256036788225,176.320539903827,2094.6381578947367
1774611770,10,POST,/api/plugins/unload?uri,3.300000,0.000000,7,10,11,11,18,28,160,160,160,160,160,152,0,8,15.660773625744408,1.824095961637795,201.1514010373503,125.63157894736842
1774611770,10,,Aggregated,104.000000,0.000000,9,16,21,24,110,170,230,1200,1400,1400,1400,3659,0,10,36.428936254006594,1.5065419720485806,1365.1708320248872,1893.5400382618202
1774611771,10,GET,/api/audio/latency,15.800000,0.000000,9,17,21,24,37,140,160,180,180,180,180,552,0,8,29.8152976096574,1.5271210577338934,1225.533529999666,33.04710144927536
1774611771,10,GET,/api/audio/levels,15.800000,0.000000,12,42,97,120,200,230,1300,1300,1300,1300,1300,554,0,10,50.772927521176584,1.5625059604644775,1301.7226570518687,76.87184115523466
1774611771,10,GET,/api/audio/levels (during plugin swap),3.400000,0.000000,11,25,70,78,120,190,220,220,220,220,220,152,0,13,75.0040579434043,1.5861580614000559,1155.084658996202,77.61842105263158
1774611771,10,GET,/api/audio/levels/plugins,3.400000,0.000000,5,7,9,14,20,170,1300,1300,1300,1300,1300,152,0,7,21.450954681648383,1.5065419720485806,1342.3058059997857,20.585526315789473
1774611771,10,GET,/api/audio/status,13.200000,0.000000,8,10,14,16,20,22,150,170,240,240,240,405,0,7,12.683232411466262,1.5608849935233593,239.04816701542586,303.0962962962963
1774611771,10,GET,/api/chains/,0.000000,0.000000,0,0,0,0,0,0,0,0,0,0,0,64,0,13,44.4865199533524,2.089375047944486,302.3143840255216,1478.296875
1774611771,10,GET,/api/chains/{id},13.100000,0.000000,13,53,100,120,180,220,280,1300,1300,1300,1300,408,0,11,62.8111703388676,1.9776090048253536,1295.4627639846876,808.0612745098039
1774611771,10,POST,/api/chains/{id}/activate,13.100000,0.000000,12,16,20,23,39,160,200,200,350,350,350,405,0,11,30.99714924040952,1.778690959326923,1244.709505001083,53.7037037037037
1774611771,10,POST,/api/chains/{id}/deactivate,13.200000,0.000000,6,8,10,12,16,23,36,92,120,120,120,404,0,5,10.49555812375666,1.8003659788519144,201.28799101803452,61.504950495049506
1774611771,10,POST,/api/plugins/batch/parameters (500 updates),7.600000,0.000000,26,75,97,150,230,280,1300,1400,1400,1400,1400,236,0,21,73.59235569680804,5.449230084195733,1365.1708320248872,871.0889830508474
1774611771,10,GET,/api/plugins/discover,0.000000,0.000000,0,0,0,0,0,0,0,0,0,0,0,64,0,28,37.74846755004546,12.908800039440393,155.31902690418065,89708.0
1774611771,10,GET,/api/plugins/list,0.000000,0.000000,0,0,0,0,0,0,0,0,0,0,0,64,0,11,26.758709516798262,1.6044959193095565,192.37323594279587,72.953125
1774611771,10,POST,/api/plugins/load?uri,3.400000,0.000000,11,19,20,21,24,26,130,130,130,130,130,152,0,11,20.246015395203262,2.008256036788225,176.320539903827,2094.6381578947367
1774611771,10,POST,/api/plugins/unload?uri,3.400000,0.000000,7,10,11,12,18,28,160,160,160,160,160,152,0,8,15.660773625744408,1.824095961637795,201.1514010373503,125.63157894736842
1774611771,10,,Aggregated,105.400000,0.000000,9,17,22,29,120,180,240,1200,1400,1400,1400,3764,0,10,36.29286665261939,1.5065419720485806,1365.1708320248872,1848.684112646121
1774611772,10,GET,/api/audio/latency,15.000000,0.000000,7,12,18,21,37,140,160,180,180,180,180,570,0,8,29.566796851883595,1.5271210577338934,1225.533529999666,33.045614035087716
1774611772,10,GET,/api/audio/levels,15.000000,0.000000,11,22,81,110,200,230,1300,1300,1300,1300,1300,570,0,10,49.91284812874112,1.5625059604644775,1301.7226570518687,76.7859649122807
1774611772,10,GET,/api/audio/levels (during plugin swap),3.500000,0.000000,11,19,35,74,120,190,220,220,220,220,220,156,0,13,73.28841484895048,1.5861580614000559,1155.084658996202,77.75
1774611772,10,GET,/api/audio/levels/plugins,3.500000,0.000000,5,7,9,14,20,170,1300,1300,1300,1300,1300,156,0,7,21.00130969745059,1.5065419720485806,1342.3058059997857,20.583333333333332
1774611772,10,GET,/api/audio/status,11.700000,0.000000,6,9,12,15,18,20,22,170,240,240,240,426,0,7,12.461405771318823,1.5608849935233593,239.04816701542586,303.09154929577466
1774611772,10,GET,/api/chains/,0.000000,0.000000,0,0,0,0,0,0,0,0,0,0,0,64,0,13,44.4865199533524,2.089375047944486,302.3143840255216,1478.296875
1774611772,10,GET,/api/chains/{id},11.700000,0.000000,12,24,81,100,160,220,280,1300,1300,1300,1300,426,0,11,61.53590250579955,1.9776090048253536,1295.4627639846876,808.4718309859155
1774611772,10,POST,/api/chains/{id}/activate,11.700000,0.000000,9,13,18,20,29,150,170,170,200,200,200,426,0,11,30.93007855945892,1.778690959326923,1244.709505001083,53.779342723004696
1774611772,10,POST,/api/chains/{id}/deactivate,11.700000,0.000000,6,8,10,12,16,17,92,120,160,160,160,426,0,5,10.706474802603271,1.8003659788519144,201.28799101803452,61.53051643192488
1774611772,10,POST,/api/plugins/batch/parameters (500 updates),7.400000,0.000000,23,74,84,150,230,280,1300,1400,1400,1400,1400,245,0,20,72.31576153248244,5.449230084195733,1365.1708320248872,870.6775510204081
1774611772,10,GET,/api/plugins/discover,0.000000,0.000000,0,0,0,0,0,0,0,0,0,0,0,64,0,28,37.74846755004546,12.908800039440393,155.31902690418065,89708.0
1774611772,10,GET,/api/plugins/list,0.000000,0.000000,0,0,0,0,0,0,0,0,0,0,0,64,0,11,26.758709516798262,1.6044959193095565,192.37323594279587,72.953125
1774611772,10,POST,/api/plugins/load?uri,3.500000,0.000000,11,14,20,20,21,21,24,24,24,24,24,156,0,10,19.891553044987795,2.008256036788225,176.320539903827,2089.698717948718
1774611772,10,POST,/api/plugins/unload?uri,3.500000,0.000000,8,10,11,11,18,27,160,160,160,160,160,156,0,8,15.404264950074065,1.824095961637795,201.1514010373503,125.47435897435898
1774611772,10,,Aggregated,98.200000,0.000000,9,14,20,22,110,170,230,1200,1400,1400,1400,3905,0,9,35.71619091381971,1.5065419720485806,1365.1708320248872,1792.590781049936
1774611773,10,GET,/api/audio/latency,15.600000,0.000000,7,12,17,19,30,140,160,180,180,180,180,583,0,8,29.15155809667396,1.5271210577338934,1225.533529999666,33.04459691252144
1774611773,10,GET,/api/audio/levels,15.500000,0.000000,11,22,75,110,190,230,1200,1300,1300,1300,1300,586,0,10,49.94402555931588,1.5625059604644775,1301.7226570518687,76.83788395904436
1774611773,10,GET,/api/audio/levels (during plugin swap),3.700000,0.000000,10,13,67,74,94,190,220,220,220,220,220,159,0,13,72.5018428206596,1.5861580614000559,1155.084658996202,77.66037735849056
1774611773,10,GET,/api/audio/levels/plugins,3.700000,0.000000,5,7,10,15,20,20,1300,1300,1300,1300,1300,159,0,7,20.839608306615794,1.5065419720485806,1342.3058059997857,20.62264150943396
1774611773,10,GET,/api/audio/status,11.600000,0.000000,7,10,12,15,18,20,22,170,240,240,240,444,0,7,12.265592433568845,1.5608849935233593,239.04816701542586,303.0878378378378
1774611773,10,GET,/api/chains/,0.000000,0.000000,0,0,0,0,0,0,0,0,0,0,0,64,0,13,44.4865199533524,2.089375047944486,302.3143840255216,1478.296875
1774611773,10,GET,/api/chains/{id},11.600000,0.000000,13,42,81,100,160,220,280,1300,1300,1300,1300,444,0,11,60.774108667927166,1.9776090048253536,1295.4627639846876,808.0563063063063
1774611773,10,POST,/api/chains/{id}/activate,11.600000,0.000000,10,15,18,20,29,150,160,170,200,200,200,444,0,11,30.182199142579627,1.778690959326923,1244.709505001083,53.862612612612615
1774611773,10,POST,/api/chains/{id}/deactivate,11.600000,0.000000,6,8,10,12,16,19,120,150,160,160,160,444,0,5,10.879192173560694,1.8003659788519144,201.28799101803452,61.549549549549546
1774611773,10,POST,/api/plugins/batch/parameters (500 updates),8.100000,0.000000,22,75,97,140,230,280,1300,1400,1400,1400,1400,251,0,20,71.89889576571782,5.449230084195733,1365.1708320248872,869.6613545816733
1774611773,10,GET,/api/plugins/discover,0.000000,0.000000,0,0,0,0,0,0,0,0,0,0,0,64,0,28,37.74846755004546,12.908800039440393,155.31902690418065,89708.0
1774611773,10,GET,/api/plugins/list,0.000000,0.000000,0,0,0,0,0,0,0,0,0,0,0,64,0,11,26.758709516798262,1.6044959193095565,192.37323594279587,72.953125
1774611773,10,POST,/api/plugins/load?uri,3.700000,0.000000,7,14,19,20,21,24,24,24,24,24,24,159,0,10,19.723002175777072,1.9767310004681349,176.320539903827,2071.603773584906
1774611773,10,POST,/api/plugins/unload?uri,3.700000,0.000000,8,10,10,11,27,160,220,220,220,220,220,159,0,8,16.5571867489789,1.824095961637795,222.2753749229014,125.52830188679245
1774611773,10,,Aggregated,100.400000,0.000000,9,14,19,23,110,170,230,1200,1400,1400,1400,4024,0,9,35.42631774262208,1.5065419720485806,1365.1708320248872,1747.6965705765408
1774611774,10,GET,/api/audio/latency,14.600000,0.000000,7,12,18,20,37,140,150,180,180,180,180,605,0,8,29.049012190585355,1.5271210577338934,1225.533529999666,33.04297520661157
1774611774,10,GET,/api/audio/levels,14.600000,0.000000,10,22,71,100,190,220,1200,1300,1300,1300,1300,605,0,10,49.25278065425983,1.5625059604644775,1301.7226570518687,76.82479338842975
1774611774,10,GET,/api/audio/levels (during plugin swap),3.300000,0.000000,10,13,19,67,94,190,220,220,220,220,220,163,0,12,70.87811988569865,1.5861580614000559,1155.084658996202,77.62576687116564
1774611774,10,GET,/api/audio/levels/plugins,3.300000,0.000000,6,9,15,15,18,20,1300,1300,1300,1300,1300,163,0,7,20.575520391090333,1.5065419720485806,1342.3058059997857,20.699386503067483
1774611774,10,GET,/api/audio/status,11.900000,0.000000,6,9,11,14,18,20,22,170,240,240,240,464,0,6,11.936809707800295,1.5608849935233593,239.04816701542586,303.0840517241379
1774611774,10,GET,/api/chains/,0.000000,0.000000,0,0,0,0,0,0,0,0,0,0,0,64,0,13,44.4865199533524,2.089375047944486,302.3143840255216,1478.296875
1774611774,10,GET,/api/chains/{id},11.900000,0.000000,10,24,65,88,150,210,280,1300,1300,1300,1300,464,0,11,58.795061882470876,1.9776090048253536,1295.4627639846876,808.8125
1774611774,10,POST,/api/chains/{id}/activate,11.900000,0.000000,8,13,17,19,27,34,160,170,200,200,200,464,0,10,29.18428538546793,1.778690959326923,1244.709505001083,53.911637931034484
1774611774,10,POST,/api/chains/{id}/deactivate,11.900000,0.000000,5,8,10,10,14,17,92,150,160,160,160,463,0,5,10.64422010865513,1.8003659788519144,201.28799101803452,61.56803455723542
1774611774,10,POST,/api/plugins/batch/parameters (500 updates),7.700000,0.000000,23,75,120,170,230,270,1300,1400,1400,1400,1400,260,0,20,73.22048172354698,5.449230084195733,1365.1708320248872,870.1346153846154
1774611774,10,GET,/api/plugins/discover,0.000000,0.000000,0,0,0,0,0,0,0,0,0,0,0,64,0,28,37.74846755004546,12.908800039440393,155.31902690418065,89708.0
1774611774,10,GET,/api/plugins/list,0.000000,0.000000,0,0,0,0,0,0,0,0,0,0,0,64,0,11,26.758709516798262,1.6044959193095565,192.37323594279587,72.953125
1774611774,10,POST,/api/plugins/load?uri,3.300000,0.000000,7,13,20,21,24,24,110,110,110,110,110,163,0,10,20.004989821435256,1.9767310004681349,176.320539903827,2068.0490797546013
1774611774,10,POST,/api/plugins/unload?uri,3.300000,0.000000,5,8,10,10,15,160,220,220,220,220,220,163,0,8,16.234321013361537,1.824095961637795,222.2753749229014,125.43558282208589
1774611774,10,,Aggregated,97.700000,0.000000,8,13,19,22,100,170,230,280,1300,1400,1400,4169,0,9,34.8977760390465,1.5065419720485806,1365.1708320248872,1697.362197169585
1774611775,10,GET,/api/audio/latency,15.300000,0.000000,6,12,17,19,26,140,150,180,180,180,180,610,0,8,28.888906864449382,1.5271210577338934,1225.533529999666,33.04262295081967
1774611775,10,GET,/api/audio/levels,15.300000,0.000000,9,20,67,87,160,220,230,240,280,280,280,613,0,10,49.218818011312315,1.5625059604644775,1301.7226570518687,76.88091353996738
1774611775,10,GET,/api/audio/levels (during plugin swap),3.100000,0.000000,9,12,16,67,94,190,220,220,220,220,220,163,0,12,70.87811988569865,1.5861580614000559,1155.084658996202,77.62576687116564
1774611775,10,GET,/api/audio/levels/plugins,3.100000,0.000000,5,7,14,15,18,18,20,20,20,20,20,163,0,7,20.575520391090333,1.5065419720485806,1342.3058059997857,20.699386503067483
1774611775,10,GET,/api/audio/status,12.500000,0.000000,6,9,11,14,18,20,33,170,240,240,240,472,0,6,11.9615555920942,1.5608849935233593,239.04816701542586,303.08262711864404
1774611775,10,GET,/api/chains/,0.000000,0.000000,0,0,0,0,0,0,0,0,0,0,0,64,0,13,44.4865199533524,2.089375047944486,302.3143840255216,1478.296875
1774611775,10,GET,/api/chains/{id},12.500000,0.000000,10,23,58,85,150,200,220,260,280,280,280,475,0,11,58.29663808310502,1.9776090048253536,1295.4627639846876,808.6084210526316
1774611775,10,POST,/api/chains/{id}/activate,12.500000,0.000000,8,13,17,18,24,34,160,170,200,200,200,472,0,10,28.889909802720947,1.778690959326923,1244.709505001083,53.96186440677966
1774611775,10,POST,/api/chains/{id}/deactivate,12.500000,0.000000,6,8,10,12,16,19,92,150,160,160,160,472,0,5,10.66736150256721,1.8003659788519144,201.28799101803452,61.57627118644068
1774611775,10,POST,/api/plugins/batch/parameters (500 updates),8.000000,0.000000,21,45,79,100,210,240,270,280,280,280,280,275,0,20,70.79975661863996,5.449230084195733,1365.1708320248872,869.9636363636364
1774611775,10,GET,/api/plugins/discover,0.000000,0.000000,0,0,0,0,0,0,0,0,0,0,0,64,0,28,37.74846755004546,12.908800039440393,155.31902690418065,89708.0
1774611775,10,GET,/api/plugins/list,0.000000,0.000000,0,0,0,0,0,0,0,0,0,0,0,64,0,11,26.758709516798262,1.6044959193095565,192.37323594279587,72.953125
1774611775,10,POST,/api/plugins/load?uri,3.100000,0.000000,6,12,19,20,24,24,110,110,110,110,110,163,0,10,20.004989821435256,1.9767310004681349,176.320539903827,2068.0490797546013
1774611775,10,POST,/api/plugins/unload?uri,3.100000,0.000000,5,8,10,10,15,27,220,220,220,220,220,163,0,8,16.234321013361537,1.824095961637795,222.2753749229014,125.43558282208589
1774611775,10,,Aggregated,101.000000,0.000000,8,13,18,21,83,150,220,230,280,280,280,4233,0,9,34.74146910557405,1.5065419720485806,1365.1708320248872,1677.854712969525
1774611776,10,GET,/api/audio/latency,15.300000,0.000000,8,14,19,21,44,140,1200,1200,1200,1200,1200,614,0,8,34.675390444997795,1.5271210577338934,1225.533529999666,33.042345276872965
1774611776,10,GET,/api/audio/levels,15.300000,0.000000,12,41,86,110,180,220,240,280,1100,1100,1100,614,0,10,50.955159695256285,1.5625059604644775,1301.7226570518687,76.8957654723127
1774611776,10,GET,/api/audio/levels (during plugin swap),2.800000,0.000000,10,13,67,74,190,220,1100,1100,1100,1100,1100,164,0,12,77.44760775836411,1.5861580614000559,1155.084658996202,77.67682926829268
1774611776,10,GET,/api/audio/levels/plugins,2.900000,0.000000,7,7,14,15,18,18,20,20,20,20,20,164,0,7,20.49071416287206,1.5065419720485806,1342.3058059997857,20.73780487804878
1774611776,10,GET,/api/audio/status,12.600000,0.000000,6,10,12,15,18,20,33,170,240,240,240,476,0,6,11.932890332976998,1.5608849935233593,239.04816701542586,303.08193277310926
1774611776,10,GET,/api/chains/,0.000000,0.000000,0,0,0,0,0,0,0,0,0,0,0,64,0,13,44.4865199533524,2.089375047944486,302.3143840255216,1478.296875
1774611776,10,GET,/api/chains/{id},12.600000,0.000000,13,42,81,100,150,210,260,280,1100,1100,1100,476,0,11,60.558046906415626,1.9776090048253536,1295.4627639846876,808.4222689075631
1774611776,10,POST,/api/chains/{id}/activate,12.700000,0.000000,10,15,18,21,29,150,1200,1200,1200,1200,1200,476,0,11,36.425658343937016,1.778690959326923,1244.709505001083,53.90756302521008
1774611776,10,POST,/api/chains/{id}/deactivate,12.700000,0.000000,6,9,10,12,16,21,92,150,160,160,160,476,0,5,10.651671075988013,1.8003659788519144,201.28799101803452,61.52731092436975
1774611776,10,POST,/api/plugins/batch/parameters (500 updates),7.900000,0.000000,31,74,100,140,230,250,280,1200,1200,1200,1200,276,0,20,74.99456642814776,5.449230084195733,1365.1708320248872,870.0652173913044
1774611776,10,GET,/api/plugins/discover,0.000000,0.000000,0,0,0,0,0,0,0,0,0,0,0,64,0,28,37.74846755004546,12.908800039440393,155.31902690418065,89708.0
1774611776,10,GET,/api/plugins/list,0.000000,0.000000,0,0,0,0,0,0,0,0,0,0,0,64,0,11,26.758709516798262,1.6044959193095565,192.37323594279587,72.953125
1774611776,10,POST,/api/plugins/load?uri,2.900000,0.000000,9,13,19,20,24,24,110,110,110,110,110,164,0,10,19.936432218656126,1.9767310004681349,176.320539903827,2063.121951219512
1774611776,10,POST,/api/plugins/unload?uri,2.900000,0.000000,5,8,10,10,15,27,220,220,220,220,220,164,0,7,16.158661562324752,1.824095961637795,222.2753749229014,125.4390243902439
1774611776,10,,Aggregated,100.600000,0.000000,9,15,20,24,120,180,240,1100,1200,1200,1200,4256,0,9,37.39361603256018,1.5065419720485806,1365.1708320248872,1669.952772556391
1774611777,10,GET,/api/audio/latency,17.100000,0.000000,7,12,19,20,31,140,1200,1200,1200,1200,1200,633,0,8,34.17388476982366,1.5271210577338934,1225.533529999666,33.04107424960505
1774611777,10,GET,/api/audio/levels,17.100000,0.000000,10,18,70,87,180,220,230,280,1100,1100,1100,633,0,10,50.494405350134386,1.5625059604644775,1301.7226570518687,76.81990521327015
1774611777,10,GET,/api/audio/levels (during plugin swap),3.000000,0.000000,10,16,67,74,110,190,1100,1100,1100,1100,1100,171,0,13,76.75176425918676,1.5861580614000559,1155.084658996202,77.86549707602339
1774611777,10,GET,/api/audio/levels/plugins,3.100000,0.000000,7,10,14,15,18,24,27,27,27,27,27,171,0,7,20.16126714464364,1.5065419720485806,1342.3058059997857,20.614035087719298
1774611777,10,GET,/api/audio/status,14.500000,0.000000,5,10,11,14,18,22,28,33,240,240,240,493,0,6,11.913905461917633,1.5608849935233593,239.04816701542586,303.079107505071
1774611777,10,GET,/api/chains/,0.000000,0.000000,0,0,0,0,0,0,0,0,0,0,0,64,0,13,44.4865199533524,2.089375047944486,302.3143840255216,1478.296875
1774611777,10,GET,/api/chains/{id},14.600000,0.000000,11,24,71,91,150,210,260,280,1100,1100,1100,493,0,11,60.82683204697789,1.9776090048253536,1295.4627639846876,808.2535496957404
1774611777,10,POST,/api/chains/{id}/activate,14.600000,0.000000,8,15,19,22,33,150,1200,1200,1200,1200,1200,493,0,11,36.267499323711405,1.778690959326923,1244.709505001083,54.01622718052738
1774611777,10,POST,/api/chains/{id}/deactivate,14.500000,0.000000,5,9,11,13,17,20,92,150,160,160,160,493,0,5,10.561398126356847,1.8003659788519144,201.28799101803452,61.44219066937119
1774611777,10,POST,/api/plugins/batch/parameters (500 updates),8.700000,0.000000,21,43,76,120,230,260,280,1200,1200,1200,1200,279,0,20,74.35318652004685,5.449230084195733,1365.1708320248872,870.3799283154121
1774611777,10,GET,/api/plugins/discover,0.000000,0.000000,0,0,0,0,0,0,0,0,0,0,0,64,0,28,37.74846755004546,12.908800039440393,155.31902690418065,89708.0
1774611777,10,GET,/api/plugins/list,0.000000,0.000000,0,0,0,0,0,0,0,0,0,0,0,64,0,11,26.758709516798262,1.6044959193095565,192.37323594279587,72.953125
1774611777,10,POST,/api/plugins/load?uri,3.000000,0.000000,11,19,21,21,24,150,160,160,160,160,160,171,0,11,21.370054929304803,1.9767310004681349,176.320539903827,2040.748538011696
1774611777,10,POST,/api/plugins/unload?uri,3.100000,0.000000,5,8,10,10,12,27,220,220,220,220,220,171,0,7,15.756443843425235,1.824095961637795,222.2753749229014,125.40350877192982
1774611777,10,,Aggregated,113.300000,0.000000,8,14,19,22,100,170,230,280,1200,1200,1200,4393,0,9,37.146312995511046,1.5065419720485806,1365.1708320248872,1626.4580013658092
1774611778,10,GET,/api/audio/latency,16.600000,0.000000,8,14,19,20,44,140,1200,1200,1200,1200,1200,645,0,8,33.93448033395346,1.5271210577338934,1225.533529999666,33.04031007751938
1774611778,10,GET,/api/audio/levels,16.900000,0.000000,11,22,77,110,190,220,230,280,1100,1100,1100,646,0,10,50.02425520680124,1.5625059604644775,1301.7226570518687,76.82352941176471
1774611778,10,GET,/api/audio/levels (during plugin swap),2.700000,0.000000,11,13,66,74,110,190,1100,1100,1100,1100,1100,179,0,12,73.62569063803046,1.5861580614000559,1155.084658996202,77.72067039106145
1774611778,10,GET,/api/audio/levels/plugins,2.700000,0.000000,7,14,15,18,20,27,30,30,30,30,30,179,0,7,19.75137632217924,1.5065419720485806,1342.3058059997857,20.536312849162012
1774611778,10,GET,/api/audio/status,14.600000,0.000000,6,9,11,14,17,21,28,33,240,240,240,507,0,6,11.759843362249155,1.5608849935233593,239.04816701542586,303.0769230769231
1774611778,10,GET,/api/chains/,0.000000,0.000000,0,0,0,0,0,0,0,0,0,0,0,64,0,13,44.4865199533524,2.089375047944486,302.3143840255216,1478.296875
1774611778,10,GET,/api/chains/{id},14.900000,0.000000,12,33,77,100,150,210,260,280,1100,1100,1100,507,0,11,59.69959252727029,1.9776090048253536,1295.4627639846876,808.6094674556213
1774611778,10,POST,/api/chains/{id}/activate,14.600000,0.000000,9,15,19,22,34,150,1200,1200,1200,1200,1200,507,0,11,35.56020350330482,1.778690959326923,1244.709505001083,54.13214990138067
1774611778,10,POST,/api/chains/{id}/deactivate,14.600000,0.000000,6,9,12,13,17,22,150,160,160,160,160,507,0,5,10.811638160740968,1.8003659788519144,201.28799101803452,61.35897435897436
1774611778,10,POST,/api/plugins/batch/parameters (500 updates),9.300000,0.000000,25,45,100,130,230,260,280,1200,1200,1200,1200,288,0,21,73.06198063169076,5.449230084195733,1365.1708320248872,870.8576388888889
1774611778,10,GET,/api/plugins/discover,0.000000,0.000000,0,0,0,0,0,0,0,0,0,0,0,64,0,28,37.74846755004546,12.908800039440393,155.31902690418065,89708.0
1774611778,10,GET,/api/plugins/list,0.000000,0.000000,0,0,0,0,0,0,0,0,0,0,0,64,0,11,26.758709516798262,1.6044959193095565,192.37323594279587,72.953125
1774611778,10,POST,/api/plugins/load?uri,2.700000,0.000000,11,14,21,22,110,150,160,160,160,160,160,179,0,10,21.447790793127606,1.9767310004681349,176.320539903827,2040.8156424581005
1774611778,10,POST,/api/plugins/unload?uri,2.700000,0.000000,5,7,8,9,12,12,220,220,220,220,220,178,0,7,15.37617669228904,1.824095961637795,222.2753749229014,125.65168539325843
1774611778,10,,Aggregated,112.300000,0.000000,9,14,20,24,110,170,230,280,1200,1200,1200,4514,0,9,36.60875552036896,1.5065419720485806,1365.1708320248872,1592.7729286663714
1774611779,10,GET,/api/audio/latency,14.300000,0.000000,6,11,19,20,31,150,190,1200,1200,1200,1200,671,0,8,33.43614414296128,1.5271210577338934,1225.533529999666,33.03874813710879
1774611779,10,GET,/api/audio/levels,14.400000,0.000000,9,17,51,80,150,190,220,280,1100,1100,1100,671,0,9,49.71553238463378,1.5625059604644775,1301.7226570518687,76.7973174366617
1774611779,10,GET,/api/audio/levels (during plugin swap),2.800000,0.000000,10,13,44,67,180,190,1100,1100,1100,1100,1100,183,0,12,74.07062071759783,1.5861580614000559,1155.084658996202,77.75956284153006
1774611779,10,GET,/api/audio/levels/plugins,2.600000,0.000000,7,14,18,19,20,27,30,30,30,30,30,183,0,7,19.55288016145713,1.5065419720485806,1342.3058059997857,20.60655737704918
1774611779,10,GET,/api/audio/status,13.100000,0.000000,5,9,11,13,17,21,28,33,240,240,240,517,0,6,11.61725971846872,1.5608849935233593,239.04816701542586,303.0754352030948
1774611779,10,GET,/api/chains/,0.000000,0.000000,0,0,0,0,0,0,0,0,0,0,0,64,0,13,44.4865199533524,2.089375047944486,302.3143840255216,1478.296875
1774611779,10,GET,/api/chains/{id},13.200000,0.000000,11,24,58,78,150,210,260,280,1100,1100,1100,519,0,11,58.83730764219067,1.9776090048253536,1295.4627639846876,807.5895953757225
1774611779,10,POST,/api/chains/{id}/activate,13.000000,0.000000,8,13,18,21,30,150,1200,1200,1200,1200,1200,519,0,10,34.953933537790554,1.778690959326923,1244.709505001083,54.1233140655106
1774611779,10,POST,/api/chains/{id}/deactivate,13.100000,0.000000,5,9,11,12,17,22,150,160,160,160,160,517,0,5,10.720172327964763,1.8003659788519144,201.28799101803452,61.32301740812379
1774611779,10,POST,/api/plugins/batch/parameters (500 updates),8.400000,0.000000,23,38,64,100,220,250,270,1200,1200,1200,1200,294,0,21,72.28059222094943,5.449230084195733,1365.1708320248872,869.7551020408164
1774611779,10,GET,/api/plugins/discover,0.000000,0.000000,0,0,0,0,0,0,0,0,0,0,0,64,0,28,37.74846755004546,12.908800039440393,155.31902690418065,89708.0
1774611779,10,GET,/api/plugins/list,0.000000,0.000000,0,0,0,0,0,0,0,0,0,0,0,64,0,11,26.758709516798262,1.6044959193095565,192.37323594279587,72.953125
1774611779,10,POST,/api/plugins/load?uri,2.600000,0.000000,7,13,21,24,110,150,160,160,160,160,160,183,0,10,21.312508950279668,1.9767310004681349,176.320539903827,2070.1147540983607
1774611779,10,POST,/api/plugins/unload?uri,2.600000,0.000000,5,8,10,10,12,190,220,220,220,220,220,183,0,7,16.18105464658186,1.824095961637795,222.2753749229014,126.01092896174863
1774611779,10,,Aggregated,100.100000,0.000000,8,13,18,22,83,160,220,280,1200,1200,1200,4632,0,9,36.321544691661714,1.5065419720485806,1365.1708320248872,1559.9125647668393
1774611780,10,GET,/api/audio/latency,15.100000,0.000000,5,13,19,20,29,150,1200,1200,1200,1200,1200,685,0,8,32.96785264218185,1.5271210577338934,1225.533529999666,33.03795620437956
1774611780,10,GET,/api/audio/levels,15.100000,0.000000,9,17,63,83,150,180,210,220,1100,1100,1100,685,0,10,49.41684955333353,1.5625059604644775,1301.7226570518687,76.83357664233577
1774611780,10,GET,/api/audio/levels (during plugin swap),3.400000,0.000000,9,13,44,66,180,190,1100,1100,1100,1100,1100,185,0,12,73.32724750960699,1.5861580614000559,1155.084658996202,77.77837837837838
1774611780,10,GET,/api/audio/levels/plugins,3.400000,0.000000,7,13,18,18,20,27,30,30,30,30,30,185,0,7,19.41471509509594,1.5065419720485806,1342.3058059997857,20.605405405405406
1774611780,10,GET,/api/audio/status,13.700000,0.000000,5,9,11,13,17,20,28,33,240,240,240,537,0,6,11.458581941743386,1.5608849935233593,239.04816701542586,303.07262569832403
1774611780,10,GET,/api/chains/,0.000000,0.000000,0,0,0,0,0,0,0,0,0,0,0,64,0,13,44.4865199533524,2.089375047944486,302.3143840255216,1478.296875
1774611780,10,GET,/api/chains/{id},13.700000,0.000000,10,22,46,71,120,170,220,220,1100,1100,1100,539,0,11,57.62395792310722,1.9776090048253536,1295.4627639846876,807.278293135436
1774611780,10,POST,/api/chains/{id}/activate,13.700000,0.000000,8,15,19,21,33,150,1200,1200,1200,1200,1200,539,0,10,34.17039005446951,1.778690959326923,1244.709505001083,54.15584415584416
1774611780,10,POST,/api/chains/{id}/deactivate,13.700000,0.000000,6,9,11,12,17,21,150,160,160,160,160,536,0,5,10.582681748114263,1.8003659788519144,201.28799101803452,61.34701492537314
1774611780,10,POST,/api/plugins/batch/parameters (500 updates),7.700000,0.000000,24,32,72,95,180,230,270,1200,1200,1200,1200,303,0,21,71.39251581562235,5.449230084195733,1365.1708320248872,869.3564356435644
1774611780,10,GET,/api/plugins/discover,0.000000,0.000000,0,0,0,0,0,0,0,0,0,0,0,64,0,28,37.74846755004546,12.908800039440393,155.31902690418065,89708.0
1774611780,10,GET,/api/plugins/list,0.000000,0.000000,0,0,0,0,0,0,0,0,0,0,0,64,0,11,26.758709516798262,1.6044959193095565,192.37323594279587,72.953125
1774611780,10,POST,/api/plugins/load?uri,3.400000,0.000000,8,11,21,22,110,150,160,160,160,160,160,185,0,10,21.17681973991362,1.9767310004681349,176.320539903827,2070.881081081081
1774611780,10,POST,/api/plugins/unload?uri,3.400000,0.000000,5,8,10,10,12,190,220,220,220,220,220,185,0,7,16.045963920879405,1.824095961637795,222.2753749229014,126.07027027027027
1774611780,10,,Aggregated,106.300000,0.000000,8,13,19,22,80,150,210,270,1200,1200,1200,4756,0,9,35.825747990767496,1.5065419720485806,1365.1708320248872,1527.3025651808243
1774611781,10,GET,/api/audio/latency,14.000000,0.000000,5,15,19,20,26,140,1200,1200,1200,1200,1200,696,0,8,32.6692295256044,1.5271210577338934,1225.533529999666,33.03735632183908
1774611781,10,GET,/api/audio/levels,14.100000,0.000000,9,17,39,77,120,160,210,220,1100,1100,1100,696,0,10,49.16048784229781,1.5625059604644775,1301.7226570518687,76.8103448275862
1774611781,10,GET,/api/audio/levels (during plugin swap),3.400000,0.000000,10,13,66,83,180,190,1100,1100,1100,1100,1100,190,0,12,72.77043090741101,1.5861580614000559,1155.084658996202,77.8578947368421
1774611781,10,GET,/api/audio/levels/plugins,3.400000,0.000000,7,14,18,19,20,27,30,30,30,30,30,190,0,7,19.150653523760603,1.5065419720485806,1342.3058059997857,20.568421052631578
1774611781,10,GET,/api/audio/status,13.400000,0.000000,5,9,11,14,18,26,33,180,180,180,180,556,0,6,12.038320432778903,1.5608849935233593,239.04816701542586,303.0701438848921
1774611781,10,GET,/api/chains/,0.000000,0.000000,0,0,0,0,0,0,0,0,0,0,0,64,0,13,44.4865199533524,2.089375047944486,302.3143840255216,1478.296875
1774611781,10,GET,/api/chains/{id},13.400000,0.000000,10,22,42,73,120,170,220,230,1100,1100,1100,557,0,11,57.52188752696279,1.9776090048253536,1295.4627639846876,807.3016157989229
1774611781,10,POST,/api/chains/{id}/activate,13.400000,0.000000,8,18,20,22,34,150,1200,1200,1200,1200,1200,556,0,11,34.51410927533393,1.778690959326923,1244.709505001083,54.15467625899281
1774611781,10,POST,/api/chains/{id}/deactivate,13.400000,0.000000,5,9,10,12,18,22,190,190,200,200,200,556,0,5,11.394356063352697,1.8003659788519144,201.28799101803452,61.3705035971223
1774611781,10,POST,/api/plugins/batch/parameters (500 updates),7.400000,0.000000,22,31,64,92,150,220,270,1200,1200,1200,1200,312,0,21,71.51475147857593,5.449230084195733,1365.1708320248872,869.6185897435897
1774611781,10,GET,/api/plugins/discover,0.000000,0.000000,0,0,0,0,0,0,0,0,0,0,0,64,0,28,37.74846755004546,12.908800039440393,155.31902690418065,89708.0
1774611781,10,GET,/api/plugins/list,0.000000,0.000000,0,0,0,0,0,0,0,0,0,0,0,64,0,11,26.758709516798262,1.6044959193095565,192.37323594279587,72.953125
1774611781,10,POST,/api/plugins/load?uri,3.400000,0.000000,9,13,22,24,110,150,160,160,160,160,160,190,0,10,20.97041225183363,1.9767310004681349,176.320539903827,2080.9
1774611781,10,POST,/api/plugins/unload?uri,3.400000,0.000000,5,9,10,11,13,190,220,220,220,220,220,190,0,7,15.87428795418849,1.824095961637795,222.2753749229014,126.13157894736842
1774611781,10,,Aggregated,102.700000,0.000000,8,13,19,22,78,150,190,270,1200,1200,1200,4881,0,9,35.84619661569107,1.5065419720485806,1365.1708320248872,1497.40012292563
1774611782,10,GET,/api/audio/latency,15.600000,0.000000,10,19,20,21,29,140,1200,1200,1200,1200,1200,715,0,8,32.30947450151784,1.5271210577338934,1225.533529999666,33.03636363636364
1774611782,10,GET,/api/audio/levels,15.600000,0.000000,10,17,63,85,150,180,210,220,1100,1100,1100,715,0,10,48.736614221544166,1.5625059604644775,1301.7226570518687,76.81818181818181
1774611782,10,GET,/api/audio/levels (during plugin swap),3.400000,0.000000,11,44,84,86,180,190,1100,1100,1100,1100,1100,193,0,12,72.76552024543517,1.5861580614000559,1155.084658996202,77.84974093264249
1774611782,10,GET,/api/audio/levels/plugins,3.400000,0.000000,10,16,18,19,20,27,30,30,30,30,30,192,0,7,19.020835887810488,1.5065419720485806,1342.3058059997857,20.635416666666668
1774611782,10,GET,/api/audio/status,14.000000,0.000000,5,10,13,14,18,26,33,180,180,180,180,568,0,6,11.956463666291723,1.5397770330309868,239.04816701542586,303.068661971831
1774611782,10,GET,/api/chains/,0.000000,0.000000,0,0,0,0,0,0,0,0,0,0,0,64,0,13,44.4865199533524,2.089375047944486,302.3143840255216,1478.296875
1774611782,10,GET,/api/chains/{id},14.100000,0.000000,11,23,46,80,140,170,220,230,1100,1100,1100,572,0,11,57.263324432843525,1.9756020046770573,1295.4627639846876,806.5506993006993
1774611782,10,POST,/api/chains/{id}/activate,14.100000,0.000000,9,18,21,23,34,150,1200,1200,1200,1200,1200,572,0,11,33.86746086929176,1.778690959326923,1244.709505001083,54.23076923076923
1774611782,10,POST,/api/chains/{id}/deactivate,13.900000,0.000000,5,9,10,12,19,25,190,190,200,200,200,567,0,5,11.304599834758807,1.8003659788519144,201.28799101803452,61.382716049382715
1774611782,10,POST,/api/plugins/batch/parameters (500 updates),7.700000,0.000000,24,31,72,92,150,220,270,1200,1200,1200,1200,322,0,21,70.11466821538492,5.449230084195733,1365.1708320248872,869.3291925465838
1774611782,10,GET,/api/plugins/discover,0.000000,0.000000,0,0,0,0,0,0,0,0,0,0,0,64,0,28,37.74846755004546,12.908800039440393,155.31902690418065,89708.0
1774611782,10,GET,/api/plugins/list,0.000000,0.000000,0,0,0,0,0,0,0,0,0,0,0,64,0,11,26.758709516798262,1.6044959193095565,192.37323594279587,72.953125
1774611782,10,POST,/api/plugins/load?uri,3.400000,0.000000,11,19,23,24,110,150,160,160,160,160,160,193,0,10,20.85230211905865,1.9767310004681349,176.320539903827,2070.041450777202
1774611782,10,POST,/api/plugins/unload?uri,3.400000,0.000000,5,10,11,11,13,190,220,220,220,220,220,192,0,7,15.77828934508337,1.824095961637795,222.2753749229014,126.078125
1774611782,10,,Aggregated,108.600000,0.000000,9,15,20,24,87,150,190,270,1200,1200,1200,4993,0,9,35.5653782564154,1.5065419720485806,1365.1708320248872,1470.2759863809333
1774611783,10,GET,/api/audio/latency,14.400000,0.000000,6,18,19,20,26,140,1200,1200,1200,1200,1200,733,0,8,31.907818411504863,1.5271210577338934,1225.533529999666,33.03547066848567
1774611783,10,GET,/api/audio/levels,14.400000,0.000000,9,14,31,67,120,160,210,220,1100,1100,1100,733,0,9,48.26641015757363,1.5625059604644775,1301.7226570518687,76.8130968622101
1774611783,10,GET,/api/audio/levels (during plugin swap),3.300000,0.000000,10,16,78,86,180,190,1100,1100,1100,1100,1100,198,0,12,71.25668052226456,1.5861580614000559,1155.084658996202,77.79292929292929
1774611783,10,GET,/api/audio/levels/plugins,3.300000,0.000000,10,13,18,19,24,30,190,190,190,190,190,198,0,7,19.578995598207293,1.5065419720485806,1342.3058059997857,20.696969696969695
1774611783,10,GET,/api/audio/status,14.600000,0.000000,5,10,13,15,21,28,190,190,190,190,190,585,0,6,13.034623387094555,1.5397770330309868,239.04816701542586,303.06666666666666
1774611783,10,GET,/api/chains/,0.000000,0.000000,0,0,0,0,0,0,0,0,0,0,0,64,0,13,44.4865199533524,2.089375047944486,302.3143840255216,1478.296875
1774611783,10,GET,/api/chains/{id},14.900000,0.000000,10,20,39,63,140,170,220,230,1100,1100,1100,585,0,11,56.63050244876749,1.9756020046770573,1295.4627639846876,806.7384615384616
1774611783,10,POST,/api/chains/{id}/activate,14.600000,0.000000,9,18,21,23,34,170,1200,1200,1200,1200,1200,585,0,11,33.37343787400322,1.778690959326923,1244.709505001083,54.23076923076923
1774611783,10,POST,/api/chains/{id}/deactivate,14.400000,0.000000,6,9,11,14,21,160,190,190,200,200,200,585,0,5,12.495577239837402,1.8003659788519144,201.28799101803452,61.35897435897436
1774611783,10,POST,/api/plugins/batch/parameters (500 updates),7.400000,0.000000,19,28,41,72,110,150,190,1200,1200,1200,1200,330,0,20,69.40939283090164,5.449230084195733,1365.1708320248872,869.3575757575758
1774611783,10,GET,/api/plugins/discover,0.000000,0.000000,0,0,0,0,0,0,0,0,0,0,0,64,0,28,37.74846755004546,12.908800039440393,155.31902690418065,89708.0
1774611783,10,GET,/api/plugins/list,0.000000,0.000000,0,0,0,0,0,0,0,0,0,0,0,64,0,11,26.758709516798262,1.6044959193095565,192.37323594279587,72.953125
1774611783,10,POST,/api/plugins/load?uri,3.300000,0.000000,9,16,21,23,110,150,160,160,160,160,160,198,0,10,20.49322992932484,1.9767310004681349,176.320539903827,2066.4141414141413
1774611783,10,POST,/api/plugins/unload?uri,3.300000,0.000000,5,10,11,12,15,160,190,190,190,190,190,198,0,8,16.35387445966986,1.824095961637795,222.2753749229014,126.01010101010101
1774611783,10,,Aggregated,107.900000,0.000000,8,14,19,23,83,160,190,230,1200,1200,1200,5120,0,9,35.452552496303724,1.5065419720485806,1365.1708320248872,1441.1046875
1774611784,10,GET,/api/audio/latency,14.400000,0.000000,8,18,19,21,27,140,1200,1200,1200,1200,1200,755,0,8,31.350837698952596,1.5271210577338934,1225.533529999666,33.034437086092716
1774611784,10,GET,/api/audio/levels,14.400000,0.000000,10,17,44,81,120,160,210,220,1100,1100,1100,756,0,10,47.7855427719766,1.5625059604644775,1301.7226570518687,76.85185185185185
1774611784,10,GET,/api/audio/levels (during plugin swap),3.800000,0.000000,11,35,78,86,150,180,1100,1100,1100,1100,1100,200,0,12,71.3805358170066,1.5861580614000559,1155.084658996202,77.81
1774611784,10,GET,/api/audio/levels/plugins,3.800000,0.000000,10,14,18,19,24,30,190,190,190,190,190,200,0,7,20.122983657056466,1.5065419720485806,1342.3058059997857,20.695
1774611784,10,GET,/api/audio/status,14.900000,0.000000,6,11,13,15,22,26,190,190,190,190,190,595,0,6,12.928281809367677,1.5397770330309868,239.04816701542586,303.0655462184874
1774611784,10,GET,/api/chains/,0.000000,0.000000,0,0,0,0,0,0,0,0,0,0,0,64,0,13,44.4865199533524,2.089375047944486,302.3143840255216,1478.296875
1774611784,10,GET,/api/chains/{id},14.900000,0.000000,10,24,50,80,150,170,220,230,1100,1100,1100,595,0,11,56.05959848837317,1.9756020046770573,1295.4627639846876,806.1680672268908
1774611784,10,POST,/api/chains/{id}/activate,14.900000,0.000000,10,19,21,24,34,170,1200,1200,1200,1200,1200,595,0,10,32.97973358827573,1.778690959326923,1244.709505001083,54.285714285714285
1774611784,10,POST,/api/chains/{id}/deactivate,14.900000,0.000000,6,9,11,14,23,160,190,190,200,200,200,595,0,5,12.57705547134666,1.8003659788519144,201.28799101803452,61.36974789915966
1774611784,10,POST,/api/plugins/batch/parameters (500 updates),7.500000,0.000000,18,27,48,72,110,150,190,1200,1200,1200,1200,341,0,20,68.03136224458349,5.449230084195733,1365.1708320248872,869.1818181818181
1774611784,10,GET,/api/plugins/discover,0.000000,0.000000,0,0,0,0,0,0,0,0,0,0,0,64,0,28,37.74846755004546,12.908800039440393,155.31902690418065,89708.0
1774611784,10,GET,/api/plugins/list,0.000000,0.000000,0,0,0,0,0,0,0,0,0,0,0,64,0,11,26.758709516798262,1.6044959193095565,192.37323594279587,72.953125
1774611784,10,POST,/api/plugins/load?uri,3.800000,0.000000,9,18,21,22,28,140,160,160,160,160,160,200,0,10,20.417205614503473,1.9767310004681349,176.320539903827,2062.0
1774611784,10,POST,/api/plugins/unload?uri,3.800000,0.000000,5,10,11,12,15,160,190,190,190,190,190,199,0,8,16.298157387019963,1.824095961637795,222.2753749229014,126.05025125628141
1774611784,10,,Aggregated,111.100000,0.000000,9,15,20,24,92,160,190,230,1200,1200,1200,5223,0,9,35.181236940145595,1.5065419720485806,1365.1708320248872,1417.9624736741337
1774611785,10,GET,/api/audio/latency,14.000000,0.000000,8,18,20,21,29,140,190,1200,1200,1200,1200,775,0,8,31.263676883442507,1.5271210577338934,1225.533529999666,33.03354838709677
1774611785,10,GET,/api/audio/levels,14.100000,0.000000,10,17,38,76,120,160,200,220,1100,1100,1100,775,0,10,47.66352053010656,1.5625059604644775,1301.7226570518687,76.85806451612903
1774611785,10,GET,/api/audio/levels (during plugin swap),3.600000,0.000000,10,35,78,87,180,190,1100,1100,1100,1100,1100,212,0,11,69.67374443555391,1.5861580614000559,1155.084658996202,77.78301886792453
1774611785,10,GET,/api/audio/levels/plugins,3.600000,0.000000,10,13,16,17,24,30,190,190,190,190,190,212,0,7,19.432328215290635,1.5065419720485806,1342.3058059997857,20.56132075471698
1774611785,10,GET,/api/audio/status,14.500000,0.000000,6,11,13,16,21,26,190,190,190,190,190,607,0,6,12.828097679871679,1.5397770330309868,239.04816701542586,303.0642504118616
1774611785,10,GET,/api/chains/,0.000000,0.000000,0,0,0,0,0,0,0,0,0,0,0,64,0,13,44.4865199533524,2.089375047944486,302.3143840255216,1478.296875
1774611785,10,GET,/api/chains/{id},14.500000,0.000000,9,20,45,73,140,170,220,230,1100,1100,1100,608,0,11,55.2778691175933,1.9756020046770573,1295.4627639846876,806.3519736842105
1774611785,10,POST,/api/chains/{id}/activate,14.500000,0.000000,9,19,21,25,39,170,1200,1200,1200,1200,1200,607,0,10,32.55360883843197,1.778690959326923,1244.709505001083,54.27512355848435
1774611785,10,POST,/api/chains/{id}/deactivate,14.100000,0.000000,5,9,11,15,22,160,190,190,200,200,200,607,0,5,12.504033875134597,1.8003659788519144,201.28799101803452,61.382207578253706
1774611785,10,POST,/api/plugins/batch/parameters (500 updates),7.600000,0.000000,21,28,67,75,130,160,210,1200,1200,1200,1200,347,0,20,68.30396252866802,5.449230084195733,1365.1708320248872,868.8530259365995
1774611785,10,GET,/api/plugins/discover,0.000000,0.000000,0,0,0,0,0,0,0,0,0,0,0,64,0,28,37.74846755004546,12.908800039440393,155.31902690418065,89708.0
1774611785,10,GET,/api/plugins/list,0.000000,0.000000,0,0,0,0,0,0,0,0,0,0,0,64,0,11,26.758709516798262,1.6044959193095565,192.37323594279587,72.953125
1774611785,10,POST,/api/plugins/load?uri,3.600000,0.000000,9,16,20,22,26,140,160,160,160,160,160,212,0,10,19.85461318718252,1.9237739033997059,176.320539903827,2082.5990566037735
1774611785,10,POST,/api/plugins/unload?uri,3.500000,0.000000,5,10,12,13,18,120,190,190,190,190,190,212,0,7,16.266015192981424,1.824095961637795,222.2753749229014,126.25471698113208
1774611785,10,,Aggregated,107.600000,0.000000,9,15,20,24,91,160,190,220,1200,1200,1200,5366,0,9,34.875009143333656,1.5065419720485806,1365.1708320248872,1390.3842713380543
1774611786,10,GET,/api/audio/latency,14.800000,0.000000,6,17,19,20,26,120,150,160,190,190,190,784,0,8,30.934611564812165,1.5271210577338934,1225.533529999666,33.03316326530612
1774611786,10,GET,/api/audio/levels,14.800000,0.000000,9,16,29,64,120,150,190,210,220,220,220,785,0,10,47.17252880474256,1.5625059604644775,1301.7226570518687,76.84203821656051
1774611786,10,GET,/api/audio/levels (during plugin swap),3.900000,0.000000,9,14,44,78,150,180,220,220,220,220,220,216,0,11,68.48684308513637,1.5861580614000559,1155.084658996202,77.69444444444444
1774611786,10,GET,/api/audio/levels/plugins,3.900000,0.000000,10,13,16,17,24,30,190,190,190,190,190,214,0,7,19.31156444245793,1.5065419720485806,1342.3058059997857,20.560747663551403
1774611786,10,GET,/api/audio/status,14.200000,0.000000,5,10,13,14,21,26,190,190,190,190,190,616,0,6,12.690269668146593,1.5397770330309868,239.04816701542586,303.06331168831167
1774611786,10,GET,/api/chains/,0.000000,0.000000,0,0,0,0,0,0,0,0,0,0,0,64,0,13,44.4865199533524,2.089375047944486,302.3143840255216,1478.296875
1774611786,10,GET,/api/chains/{id},14.100000,0.000000,9,16,28,50,100,170,210,220,230,230,230,616,0,11,54.6369626872429,1.9756020046770573,1295.4627639846876,806.0876623376623
1774611786,10,POST,/api/chains/{id}/activate,14.100000,0.000000,8,18,20,22,33,42,180,180,180,180,180,616,0,10,32.14478911548496,1.778690959326923,1244.709505001083,54.2775974025974
1774611786,10,POST,/api/chains/{id}/deactivate,14.200000,0.000000,5,8,11,14,22,160,190,190,200,200,200,616,0,5,12.356336326444183,1.8003659788519144,201.28799101803452,61.39123376623377
1774611786,10,POST,/api/plugins/batch/parameters (500 updates),7.500000,0.000000,18,25,41,72,110,150,190,210,210,210,210,353,0,20,67.36262102391065,5.449230084195733,1365.1708320248872,868.5184135977337
1774611786,10,GET,/api/plugins/discover,0.000000,0.000000,0,0,0,0,0,0,0,0,0,0,0,64,0,28,37.74846755004546,12.908800039440393,155.31902690418065,89708.0
1774611786,10,GET,/api/plugins/list,0.000000,0.000000,0,0,0,0,0,0,0,0,0,0,0,64,0,11,26.758709516798262,1.6044959193095565,192.37323594279587,72.953125
1774611786,10,POST,/api/plugins/load?uri,3.900000,0.000000,9,16,20,21,24,140,150,160,160,160,160,215,0,10,19.709326594331582,1.9237739033997059,176.320539903827,2102.274418604651
1774611786,10,POST,/api/plugins/unload?uri,3.900000,0.000000,7,11,12,13,19,120,190,190,190,190,190,214,0,7,16.21590664383964,1.824095961637795,222.2753749229014,126.25233644859813
1774611786,10,,Aggregated,109.300000,0.000000,8,13,19,22,73,150,190,190,220,230,230,5437,0,9,34.49652068218786,1.5065419720485806,1365.1708320248872,1377.2440684200847
1774611787,10,GET,/api/audio/latency,14.900000,0.000000,7,18,19,21,26,140,150,190,1300,1300,1300,786,0,8,32.58722915631688,1.5271210577338934,1326.6441239975393,33.033078880407125
1774611787,10,GET,/api/audio/levels,15.100000,0.000000,10,19,38,76,120,150,200,220,1300,1300,1300,786,0,10,48.75174471835959,1.5625059604644775,1301.7226570518687,76.85368956743002
1774611787,10,GET,/api/audio/levels (during plugin swap),3.700000,0.000000,9,17,78,86,180,220,1300,1300,1300,1300,1300,219,0,11,79.32804472804001,1.5861580614000559,1298.7376680830494,77.74885844748859
1774611787,10,GET,/api/audio/levels/plugins,3.700000,0.000000,10,13,16,17,30,140,1300,1300,1300,1300,1300,219,0,7,25.261433125307708,1.5065419720485806,1342.3058059997857,20.470319634703195
1774611787,10,GET,/api/audio/status,12.800000,0.000000,5,10,13,15,19,26,190,190,190,190,190,620,0,6,12.725502037961457,1.5397770330309868,239.04816701542586,303.06290322580645
1774611787,10,GET,/api/chains/,0.000000,0.000000,0,0,0,0,0,0,0,0,0,0,0,64,0,13,44.4865199533524,2.089375047944486,302.3143840255216,1478.296875
1774611787,10,GET,/api/chains/{id},12.700000,0.000000,9,17,39,63,110,170,1100,1300,1300,1300,1300,620,0,11,62.13512483593677,1.9756020046770573,1318.3924700133502,806.1
1774611787,10,POST,/api/chains/{id}/activate,12.700000,0.000000,8,18,19,23,33,41,180,180,180,180,180,620,0,10,32.155191123057456,1.778690959326923,1244.709505001083,54.233870967741936
1774611787,10,POST,/api/chains/{id}/deactivate,12.800000,0.000000,5,9,11,15,23,160,190,190,200,200,200,620,0,5,12.376995930906325,1.8003659788519144,201.28799101803452,61.395161290322584
1774611787,10,POST,/api/plugins/batch/parameters (500 updates),7.700000,0.000000,19,27,49,73,110,150,190,210,210,210,210,353,0,20,67.36262102391065,5.449230084195733,1365.1708320248872,868.5184135977337
1774611787,10,GET,/api/plugins/discover,0.000000,0.000000,0,0,0,0,0,0,0,0,0,0,0,64,0,28,37.74846755004546,12.908800039440393,155.31902690418065,89708.0
1774611787,10,GET,/api/plugins/list,0.000000,0.000000,0,0,0,0,0,0,0,0,0,0,0,64,0,11,26.758709516798262,1.6044959193095565,192.37323594279587,72.953125
1774611787,10,POST,/api/plugins/load?uri,3.700000,0.000000,10,16,20,22,28,37,1300,1300,1300,1300,1300,219,0,10,25.40795656546236,1.9237739033997059,1250.9400709532201,2089.337899543379
1774611787,10,POST,/api/plugins/unload?uri,3.600000,0.000000,9,13,14,17,19,120,190,190,190,190,190,219,0,8,16.62122876623637,1.824095961637795,222.2753749229014,126.17351598173516
1774611787,10,,Aggregated,103.400000,0.000000,9,14,19,23,87,150,190,230,1300,1300,1300,5473,0,9,36.69286811054784,1.5065419720485806,1365.1708320248872,1370.2956331079847
1774611788,10,GET,/api/audio/latency,16.600000,0.000000,6,14,19,21,26,140,150,160,1300,1300,1300,808,0,8,32.58718553576664,1.5271210577338934,1326.6441239975393,33.03217821782178
1774611788,10,GET,/api/audio/levels,16.300000,0.000000,9,18,37,68,120,160,170,220,1300,1300,1300,808,0,9,48.462609184005686,1.5625059604644775,1301.7226570518687,76.87747524752476
1774611788,10,GET,/api/audio/levels (during plugin swap),4.900000,0.000000,9,35,86,130,190,220,1300,1300,1300,1300,1300,225,0,11,78.84390896237973,1.5861580614000559,1298.7376680830494,77.68
1774611788,10,GET,/api/audio/levels/plugins,4.900000,0.000000,10,14,16,17,20,140,1300,1300,1300,1300,1300,225,0,7,24.90787082765665,1.5065419720485806,1342.3058059997857,20.47111111111111
1774611788,10,GET,/api/audio/status,13.700000,0.000000,4,10,12,14,19,26,190,190,190,190,190,638,0,6,12.49025230001086,1.5397770330309868,239.04816701542586,303.06112852664575
1774611788,10,GET,/api/chains/,0.000000,0.000000,0,0,0,0,0,0,0,0,0,0,0,64,0,13,44.4865199533524,2.089375047944486,302.3143840255216,1478.296875
1774611788,10,GET,/api/chains/{id},13.400000,0.000000,8,13,39,63,120,170,1100,1300,1300,1300,1300,638,0,11,61.03097793878258,1.9756020046770573,1318.3924700133502,806.153605015674
1774611788,10,POST,/api/chains/{id}/activate,13.700000,0.000000,8,17,19,22,31,41,180,180,180,180,180,638,0,10,31.5615623703279,1.778690959326923,1244.709505001083,54.27899686520376
1774611788,10,POST,/api/chains/{id}/deactivate,13.700000,0.000000,5,9,11,12,20,160,190,190,200,200,200,638,0,5,12.254854475350928,1.8003659788519144,201.28799101803452,61.412225705329156
1774611788,10,POST,/api/plugins/batch/parameters (500 updates),7.300000,0.000000,18,30,67,92,150,160,200,210,210,210,210,358,0,20,67.33401861547769,5.449230084195733,1365.1708320248872,868.463687150838
1774611788,10,GET,/api/plugins/discover,0.000000,0.000000,0,0,0,0,0,0,0,0,0,0,0,64,0,28,37.74846755004546,12.908800039440393,155.31902690418065,89708.0
1774611788,10,GET,/api/plugins/list,0.000000,0.000000,0,0,0,0,0,0,0,0,0,0,0,64,0,11,26.758709516798262,1.6044959193095565,192.37323594279587,72.953125
1774611788,10,POST,/api/plugins/load?uri,4.900000,0.000000,10,19,21,22,26,36,1300,1300,1300,1300,1300,225,0,10,25.14282782975998,1.9237739033997059,1250.9400709532201,2133.9066666666668
1774611788,10,POST,/api/plugins/unload?uri,4.900000,0.000000,9,13,14,16,19,120,160,160,160,160,160,225,0,7,16.34148828788764,1.824095961637795,222.2753749229014,126.24444444444444
1774611788,10,,Aggregated,114.300000,0.000000,8,14,19,22,87,150,190,220,1300,1300,1300,5618,0,9,36.33124774409609,1.5065419720485806,1365.1708320248872,1344.3248487006051
1774611789,10,GET,/api/audio/latency,17.000000,0.000000,6,14,19,20,25,140,150,160,1300,1300,1300,828,0,8,31.97786142118275,1.5271210577338934,1326.6441239975393,33.031400966183575
1774611789,10,GET,/api/audio/levels,17.000000,0.000000,9,19,38,68,120,150,160,170,1300,1300,1300,828,0,9,47.963533263118116,1.5625059604644775,1301.7226570518687,76.8780193236715
1774611789,10,GET,/api/audio/levels (during plugin swap),5.000000,0.000000,9,17,84,86,180,220,1300,1300,1300,1300,1300,229,0,11,77.94673294113647,1.5861580614000559,1298.7376680830494,77.7117903930131
1774611789,10,GET,/api/audio/levels/plugins,5.000000,0.000000,10,12,16,16,19,140,1300,1300,1300,1300,1300,229,0,8,24.620682105836845,1.5065419720485806,1342.3058059997857,20.528384279475983
1774611789,10,GET,/api/audio/status,14.000000,0.000000,5,10,14,15,19,26,190,190,190,190,190,653,0,6,12.43586070349962,1.5397770330309868,239.04816701542586,303.05972434915776
1774611789,10,GET,/api/chains/,0.000000,0.000000,0,0,0,0,0,0,0,0,0,0,0,64,0,13,44.4865199533524,2.089375047944486,302.3143840255216,1478.296875
1774611789,10,GET,/api/chains/{id},13.800000,0.000000,9,15,39,73,120,170,1100,1300,1300,1300,1300,654,0,10,60.156907940558256,1.9756020046770573,1318.3924700133502,806.4678899082569
1774611789,10,POST,/api/chains/{id}/activate,14.000000,0.000000,9,18,20,22,33,41,180,180,180,180,180,653,0,10,31.33732493297207,1.778690959326923,1244.709505001083,54.29555895865237
1774611789,10,POST,/api/chains/{id}/deactivate,14.000000,0.000000,5,8,11,13,20,160,190,190,200,200,200,653,0,5,12.12477132233764,1.8003659788519144,201.28799101803452,61.42572741194487
1774611789,10,POST,/api/plugins/batch/parameters (500 updates),7.700000,0.000000,18,36,68,92,150,160,200,210,210,210,210,363,0,20,66.94972798191063,5.449230084195733,1365.1708320248872,868.6115702479339
1774611789,10,GET,/api/plugins/discover,0.000000,0.000000,0,0,0,0,0,0,0,0,0,0,0,64,0,28,37.74846755004546,12.908800039440393,155.31902690418065,89708.0
1774611789,10,GET,/api/plugins/list,0.000000,0.000000,0,0,0,0,0,0,0,0,0,0,0,64,0,11,26.758709516798262,1.6044959193095565,192.37323594279587,72.953125
1774611789,10,POST,/api/plugins/load?uri,5.100000,0.000000,10,19,20,21,24,36,1300,1300,1300,1300,1300,229,0,10,24.934671460813536,1.9237739033997059,1250.9400709532201,2171.2620087336245
1774611789,10,POST,/api/plugins/unload?uri,5.000000,0.000000,9,13,15,17,19,120,160,160,160,160,160,229,0,7,16.26613248377534,1.824095961637795,222.2753749229014,126.24890829694323
1774611789,10,,Aggregated,117.600000,0.000000,8,14,19,22,86,150,190,230,1300,1300,1300,5740,0,9,35.92974364139766,1.5065419720485806,1365.1708320248872,1323.4188153310104
1774611790,10,GET,/api/audio/latency,15.000000,0.000000,6,13,19,20,25,140,150,160,1300,1300,1300,848,0,8,31.404738615784257,1.5001400606706738,1326.6441239975393,33.030660377358494
1774611790,10,GET,/api/audio/levels,15.000000,0.000000,8,17,25,53,120,150,170,210,1300,1300,1300,848,0,9,47.36568611516081,1.5625059604644775,1301.7226570518687,76.86320754716981
1774611790,10,GET,/api/audio/levels (during plugin swap),4.600000,0.000000,9,35,85,130,200,220,1300,1300,1300,1300,1300,230,0,11,78.46628800641908,1.5861580614000559,1298.7376680830494,77.74782608695652
1774611790,10,GET,/api/audio/levels/plugins,4.600000,0.000000,10,13,16,17,22,140,1300,1300,1300,1300,1300,230,0,8,24.60850548333205,1.5065419720485806,1342.3058059997857,20.556521739130435
1774611790,10,GET,/api/audio/status,12.500000,0.000000,5,10,14,16,21,25,190,190,190,190,190,672,0,6,12.351032723797418,1.5397770330309868,239.04816701542586,303.0580357142857
1774611790,10,GET,/api/chains/,0.000000,0.000000,0,0,0,0,0,0,0,0,0,0,0,64,0,13,44.4865199533524,2.089375047944486,302.3143840255216,1478.296875
1774611790,10,GET,/api/chains/{id},12.500000,0.000000,9,13,30,63,130,210,1100,1300,1300,1300,1300,672,0,10,59.83466725783295,1.9756020046770573,1318.3924700133502,805.7232142857143
1774611790,10,POST,/api/chains/{id}/activate,12.500000,0.000000,8,16,21,24,36,160,180,190,360,360,360,672,0,10,31.961160340177315,1.778690959326923,1244.709505001083,54.270833333333336
1774611790,10,POST,/api/chains/{id}/deactivate,12.500000,0.000000,5,9,12,14,20,140,190,190,200,200,200,672,0,5,11.986159753481237,1.8003659788519144,201.28799101803452,61.441964285714285
1774611790,10,POST,/api/plugins/batch/parameters (500 updates),7.400000,0.000000,17,31,67,80,150,160,200,210,210,210,210,368,0,20,66.90538439547906,5.449230084195733,1365.1708320248872,868.9809782608696
1774611790,10,GET,/api/plugins/discover,0.000000,0.000000,0,0,0,0,0,0,0,0,0,0,0,64,0,28,37.74846755004546,12.908800039440393,155.31902690418065,89708.0
1774611790,10,GET,/api/plugins/list,0.000000,0.000000,0,0,0,0,0,0,0,0,0,0,0,64,0,11,26.758709516798262,1.6044959193095565,192.37323594279587,72.953125
1774611790,10,POST,/api/plugins/load?uri,4.600000,0.000000,11,20,21,22,25,36,1300,1300,1300,1300,1300,230,0,10,24.934099636890966,1.9237739033997059,1250.9400709532201,2168.5652173913045
1774611790,10,POST,/api/plugins/unload?uri,4.600000,0.000000,9,13,16,18,19,120,160,160,160,160,160,230,0,7,16.266923103198085,1.824095961637795,222.2753749229014,126.23478260869565
1774611790,10,,Aggregated,105.800000,0.000000,8,14,19,22,83,150,200,230,1300,1300,1300,5864,0,9,35.746747179762565,1.5001400606706738,1365.1708320248872,1300.6209072305594
1774611791,10,GET,/api/audio/latency,16.300000,0.000000,5,11,17,19,24,140,150,160,1300,1300,1300,876,0,7,30.584801118672065,1.5001400606706738,1326.6441239975393,33.029680365296805
1774611791,10,GET,/api/audio/levels,16.200000,0.000000,8,17,24,53,120,150,170,210,1300,1300,1300,876,0,9,46.707364111382844,1.5625059604644775,1301.7226570518687,76.82876712328768
1774611791,10,GET,/api/audio/levels (during plugin swap),4.600000,0.000000,8,17,85,130,200,220,1300,1300,1300,1300,1300,234,0,11,77.21266698522064,1.5861580614000559,1298.7376680830494,77.66666666666667
1774611791,10,GET,/api/audio/levels/plugins,4.600000,0.000000,10,12,16,16,22,140,1300,1300,1300,1300,1300,233,0,8,24.34780284694432,1.5065419720485806,1342.3058059997857,20.63948497854077
1774611791,10,GET,/api/audio/status,13.100000,0.000000,5,10,13,14,19,25,190,190,190,190,190,682,0,6,12.258564135506257,1.5397770330309868,239.04816701542586,303.05718475073314
1774611791,10,GET,/api/chains/,0.000000,0.000000,0,0,0,0,0,0,0,0,0,0,0,64,0,13,44.4865199533524,2.089375047944486,302.3143840255216,1478.296875
1774611791,10,GET,/api/chains/{id},13.100000,0.000000,8,13,30,63,120,200,1100,1300,1300,1300,1300,682,0,10,59.27646882446958,1.9756020046770573,1318.3924700133502,805.4985337243402
1774611791,10,POST,/api/chains/{id}/activate,13.100000,0.000000,8,13,19,22,33,39,170,190,360,360,360,682,0,10,31.632747544833293,1.778690959326923,1244.709505001083,54.28152492668622
1774611791,10,POST,/api/chains/{id}/deactivate,13.100000,0.000000,5,9,12,14,18,25,160,160,190,190,190,682,0,5,11.864029072481822,1.8003659788519144,201.28799101803452,61.450146627565985
1774611791,10,POST,/api/plugins/batch/parameters (500 updates),7.000000,0.000000,17,30,68,80,140,160,200,210,210,210,210,380,0,20,66.5193455535796,5.449230084195733,1365.1708320248872,869.1526315789474
1774611791,10,GET,/api/plugins/discover,0.000000,0.000000,0,0,0,0,0,0,0,0,0,0,0,64,0,28,37.74846755004546,12.908800039440393,155.31902690418065,89708.0
1774611791,10,GET,/api/plugins/list,0.000000,0.000000,0,0,0,0,0,0,0,0,0,0,0,64,0,11,26.758709516798262,1.6044959193095565,192.37323594279587,72.953125
1774611791,10,POST,/api/plugins/load?uri,4.600000,0.000000,10,19,20,21,25,36,1300,1300,1300,1300,1300,234,0,10,24.57503819018284,1.9237739033997059,1250.9400709532201,2155.9358974358975
1774611791,10,POST,/api/plugins/unload?uri,4.600000,0.000000,5,13,16,18,19,120,160,160,160,160,160,233,0,7,16.088870685755438,1.824095961637795,222.2753749229014,126.14163090128756
1774611791,10,,Aggregated,110.300000,0.000000,7,13,18,21,76,150,190,360,1300,1300,1300,5986,0,9,35.357942989819044,1.5001400606706738,1365.1708320248872,1279.4742733043768
1774611792,10,GET,/api/audio/latency,15.500000,0.000000,5,11,15,18,25,120,150,160,1300,1300,1300,891,0,8,30.282475096466257,1.5001400606706738,1326.6441239975393,33.029180695847366
1774611792,10,GET,/api/audio/levels,15.500000,0.000000,8,18,24,44,120,160,180,220,1300,1300,1300,891,0,9,46.664658260080174,1.5625059604644775,1301.7226570518687,76.86644219977553
1774611792,10,GET,/api/audio/levels (during plugin swap),4.600000,0.000000,9,17,130,150,200,220,1300,1300,1300,1300,1300,239,0,11,78.33178140413968,1.5861580614000559,1298.7376680830494,77.6234309623431
1774611792,10,GET,/api/audio/levels/plugins,4.600000,0.000000,10,14,16,17,30,140,1300,1300,1300,1300,1300,239,0,8,24.849587713882606,1.5065419720485806,1342.3058059997857,20.581589958158997
1774611792,10,GET,/api/audio/status,13.300000,0.000000,4,8,12,12,18,21,25,25,25,25,25,695,0,6,12.11383220381204,1.5397770330309868,239.04816701542586,303.0561151079137
1774611792,10,GET,/api/chains/,0.000000,0.000000,0,0,0,0,0,0,0,0,0,0,0,64,0,13,44.4865199533524,2.089375047944486,302.3143840255216,1478.296875
1774611792,10,GET,/api/chains/{id},13.300000,0.000000,8,13,20,52,120,200,1100,1300,1300,1300,1300,695,0,10,58.82505541818096,1.9756020046770573,1318.3924700133502,805.9251798561152
1774611792,10,POST,/api/chains/{id}/activate,13.200000,0.000000,8,13,19,24,34,42,180,190,360,360,360,695,0,10,31.52255806401908,1.778690959326923,1244.709505001083,54.24460431654676
1774611792,10,POST,/api/chains/{id}/deactivate,13.400000,0.000000,5,8,11,12,17,21,160,160,160,160,160,695,0,5,11.735431227846433,1.8003659788519144,201.28799101803452,61.460431654676256
1774611792,10,POST,/api/plugins/batch/parameters (500 updates),6.700000,0.000000,17,30,68,88,150,200,210,250,250,250,250,387,0,20,66.25863721531645,5.449230084195733,1365.1708320248872,869.1808785529715
1774611792,10,GET,/api/plugins/discover,0.000000,0.000000,0,0,0,0,0,0,0,0,0,0,0,64,0,28,37.74846755004546,12.908800039440393,155.31902690418065,89708.0
1774611792,10,GET,/api/plugins/list,0.000000,0.000000,0,0,0,0,0,0,0,0,0,0,0,64,0,11,26.758709516798262,1.6044959193095565,192.37323594279587,72.953125
1774611792,10,POST,/api/plugins/load?uri,4.600000,0.000000,10,20,22,23,37,160,1300,1300,1300,1300,1300,239,0,10,26.32581801484943,1.9237739033997059,1250.9400709532201,2169.6694560669457
1774611792,10,POST,/api/plugins/unload?uri,4.600000,0.000000,6,13,16,18,19,120,170,170,170,170,170,239,0,7,16.524603041414966,1.824095961637795,222.2753749229014,126.13389121338912
1774611792,10,,Aggregated,109.300000,0.000000,7,13,17,20,71,150,200,360,1300,1300,1300,6097,0,9,35.33639697213204,1.5001400606706738,1365.1708320248872,1262.6221092340495
1774611793,10,GET,/api/audio/latency,16.400000,0.000000,5,11,15,18,24,38,150,160,1300,1300,1300,913,0,7,29.773689359288788,1.5001400606706738,1326.6441239975393,33.02847754654984
1774611793,10,GET,/api/audio/levels,16.400000,0.000000,8,18,24,45,130,150,180,220,1300,1300,1300,913,0,9,46.2049988343514,1.5625059604644775,1301.7226570518687,76.85870755750274
1774611793,10,GET,/api/audio/levels (during plugin swap),4.600000,0.000000,9,17,150,150,200,220,1300,1300,1300,1300,1300,241,0,11,77.73392201068954,1.5861580614000559,1298.7376680830494,77.5850622406639
1774611793,10,GET,/api/audio/levels/plugins,4.600000,0.000000,10,15,17,18,30,140,1300,1300,1300,1300,1300,241,0,8,24.662903155957608,1.5065419720485806,1342.3058059997857,20.58091286307054
1774611793,10,GET,/api/audio/status,13.300000,0.000000,4,9,12,14,19,25,130,130,150,150,150,710,0,6,12.666699320609144,1.5397770330309868,239.04816701542586,303.0549295774648
1774611793,10,GET,/api/chains/,0.000000,0.000000,0,0,0,0,0,0,0,0,0,0,0,64,0,13,44.4865199533524,2.089375047944486,302.3143840255216,1478.296875
1774611793,10,GET,/api/chains/{id},13.000000,0.000000,8,13,23,63,120,160,1100,1300,1300,1300,1300,710,0,10,58.26539770195024,1.9756020046770573,1318.3924700133502,806.3408450704226
1774611793,10,POST,/api/chains/{id}/activate,13.300000,0.000000,8,12,20,25,36,140,180,190,360,360,360,710,0,10,31.347216420288813,1.778690959326923,1244.709505001083,54.26056338028169
1774611793,10,POST,/api/chains/{id}/deactivate,13.500000,0.000000,5,8,11,13,17,20,28,29,130,130,130,710,0,5,11.721035053717419,1.8003659788519144,201.28799101803452,61.471830985915496
1774611793,10,POST,/api/plugins/batch/parameters (500 updates),6.400000,0.000000,18,30,68,80,140,200,210,250,250,250,250,394,0,19,65.60144449263896,5.449230084195733,1365.1708320248872,869.4619289340102
1774611793,10,GET,/api/plugins/discover,0.000000,0.000000,0,0,0,0,0,0,0,0,0,0,0,64,0,28,37.74846755004546,12.908800039440393,155.31902690418065,89708.0
1774611793,10,GET,/api/plugins/list,0.000000,0.000000,0,0,0,0,0,0,0,0,0,0,0,64,0,11,26.758709516798262,1.6044959193095565,192.37323594279587,72.953125
1774611793,10,POST,/api/plugins/load?uri,4.600000,0.000000,10,20,22,25,37,160,1300,1300,1300,1300,1300,241,0,10,26.135337669924056,1.9237739033997059,1250.9400709532201,2186.817427385892
1774611793,10,POST,/api/plugins/unload?uri,4.600000,0.000000,5,13,16,17,18,120,170,170,170,170,170,241,0,7,16.446551609459753,1.824095961637795,222.2753749229014,126.10373443983403
1774611793,10,,Aggregated,110.700000,0.000000,7,13,18,21,74,150,200,360,1300,1300,1300,6216,0,9,35.082243512587006,1.5001400606706738,1365.1708320248872,1244.2728442728442
1774611794,10,GET,/api/audio/latency,17.700000,0.000000,5,11,16,19,27,150,150,160,1300,1300,1300,931,0,8,30.163113562496246,1.5001400606706738,1326.6441239975393,33.02792696025779
1774611794,10,GET,/api/audio/levels,17.700000,0.000000,9,19,29,59,140,160,210,220,1300,1300,1300,931,0,9,46.705265005147155,1.5625059604644775,1301.7226570518687,76.88184747583244
1774611794,10,GET,/api/audio/levels (during plugin swap),4.400000,0.000000,8,16,130,160,200,220,1300,1300,1300,1300,1300,245,0,11,77.21435895702821,1.5861580614000559,1298.7376680830494,77.56326530612245
1774611794,10,GET,/api/audio/levels/plugins,4.300000,0.000000,9,12,16,17,27,120,1300,1300,1300,1300,1300,245,0,8,24.35060352543179,1.5065419720485806,1342.3058059997857,20.579591836734693
1774611794,10,GET,/api/audio/status,12.300000,0.000000,5,9,12,14,19,25,130,130,150,150,150,720,0,6,12.613474280159506,1.5397770330309868,239.04816701542586,303.0541666666667
1774611794,10,GET,/api/chains/,0.000000,0.000000,0,0,0,0,0,0,0,0,0,0,0,64,0,13,44.4865199533524,2.089375047944486,302.3143840255216,1478.296875
1774611794,10,GET,/api/chains/{id},12.300000,0.000000,8,12,20,63,130,180,1100,1300,1300,1300,1300,720,0,10,57.80631428222276,1.9756020046770573,1318.3924700133502,805.6305555555556
1774611794,10,POST,/api/chains/{id}/activate,12.300000,0.000000,8,12,19,25,39,150,180,190,360,360,360,720,0,10,31.23105747007584,1.778690959326923,1244.709505001083,54.236111111111114
1774611794,10,POST,/api/chains/{id}/deactivate,12.300000,0.000000,5,9,12,13,16,20,28,29,29,29,29,720,0,5,11.71989528488161,1.8003659788519144,201.28799101803452,61.479166666666664
1774611794,10,POST,/api/plugins/batch/parameters (500 updates),6.800000,0.000000,16,25,68,88,150,200,210,250,250,250,250,403,0,19,64.94269931773255,5.449230084195733,1365.1708320248872,870.0868486352357
1774611794,10,GET,/api/plugins/discover,0.000000,0.000000,0,0,0,0,0,0,0,0,0,0,0,64,0,28,37.74846755004546,12.908800039440393,155.31902690418065,89708.0
1774611794,10,GET,/api/plugins/list,0.000000,0.000000,0,0,0,0,0,0,0,0,0,0,0,64,0,11,26.758709516798262,1.6044959193095565,192.37323594279587,72.953125
1774611794,10,POST,/api/plugins/load?uri,4.400000,0.000000,10,20,22,25,160,160,1300,1300,1300,1300,1300,245,0,10,26.404350576922297,1.9237739033997059,1250.9400709532201,2175.6530612244896
1774611794,10,POST,/api/plugins/unload?uri,4.300000,0.000000,5,13,16,17,19,120,170,170,170,170,170,245,0,7,16.29345552207028,1.824095961637795,222.2753749229014,126.0
1774611794,10,,Aggregated,108.800000,0.000000,7,13,18,21,88,150,200,360,1300,1300,1300,6317,0,9,35.09312599837823,1.5001400606706738,1365.1708320248872,1228.9189488681336
1774611795,10,GET,/api/audio/latency,17.900000,0.000000,5,11,15,19,28,140,150,160,1300,1300,1300,953,0,8,29.754820503079472,1.5001400606706738,1326.6441239975393,33.02728226652676
1774611795,10,GET,/api/audio/levels,17.800000,0.000000,9,19,30,58,130,150,210,220,1300,1300,1300,953,0,10,46.25118160346701,1.5625059604644775,1301.7226570518687,76.84679958027283
1774611795,10,GET,/api/audio/levels (during plugin swap),4.600000,0.000000,9,72,130,150,200,1300,1300,1300,1300,1300,1300,250,0,11,76.42246233066544,1.5861580614000559,1298.7376680830494,77.524
1774611795,10,GET,/api/audio/levels/plugins,4.600000,0.000000,9,14,17,18,30,180,1300,1300,1300,1300,1300,250,0,7,24.02438559476286,1.5065419720485806,1342.3058059997857,20.604
1774611795,10,GET,/api/audio/status,12.300000,0.000000,5,8,12,13,18,25,130,130,150,150,150,739,0,6,12.41645126503354,1.5397770330309868,239.04816701542586,303.05277401894455
1774611795,10,GET,/api/chains/,0.000000,0.000000,0,0,0,0,0,0,0,0,0,0,0,64,0,13,44.4865199533524,2.089375047944486,302.3143840255216,1478.296875
1774611795,10,GET,/api/chains/{id},12.300000,0.000000,8,13,23,48,130,180,1100,1300,1300,1300,1300,739,0,10,56.74826245501647,1.9756020046770573,1318.3924700133502,805.5723951285521
1774611795,10,POST,/api/chains/{id}/activate,12.300000,0.000000,7,13,20,27,39,150,180,190,360,360,360,739,0,10,30.73152545801741,1.778690959326923,1244.709505001083,54.2489851150203
1774611795,10,POST,/api/chains/{id}/deactivate,12.700000,0.000000,5,9,11,13,15,24,28,29,29,29,29,739,0,5,11.583224056302463,1.8003659788519144,201.28799101803452,61.49255751014885
1774611795,10,POST,/api/plugins/batch/parameters (500 updates),6.500000,0.000000,16,29,65,88,140,200,210,250,250,250,250,413,0,20,64.65522512865701,5.449230084195733,1365.1708320248872,870.3874092009685
1774611795,10,GET,/api/plugins/discover,0.000000,0.000000,0,0,0,0,0,0,0,0,0,0,0,64,0,28,37.74846755004546,12.908800039440393,155.31902690418065,89708.0
1774611795,10,GET,/api/plugins/list,0.000000,0.000000,0,0,0,0,0,0,0,0,0,0,0,64,0,11,26.758709516798262,1.6044959193095565,192.37323594279587,72.953125
1774611795,10,POST,/api/plugins/load?uri,4.600000,0.000000,12,23,34,36,160,180,1300,1300,1300,1300,1300,250,0,10,26.262932853307575,1.9237739033997059,1250.9400709532201,2192.544
1774611795,10,POST,/api/plugins/unload?uri,4.700000,0.000000,5,12,14,16,19,120,170,170,170,170,170,250,0,7,16.051015495322645,1.824095961637795,222.2753749229014,125.856
1774611795,10,,Aggregated,110.300000,0.000000,7,12,18,22,75,150,200,360,1300,1300,1300,6467,0,9,34.66606571728478,1.5001400606706738,1365.1708320248872,1208.243544147209
1774611796,10,GET,/api/audio/latency,17.800000,0.000000,6,12,19,21,34,150,180,180,1300,1300,1300,976,0,8,29.993608970739917,1.5001400606706738,1326.6441239975393,33.02663934426229
1774611796,10,GET,/api/audio/levels,17.800000,0.000000,10,21,54,88,140,170,210,230,1300,1300,1300,976,0,10,46.732215128135756,1.5625059604644775,1301.7226570518687,76.84938524590164
1774611796,10,GET,/api/audio/levels (during plugin swap),4.300000,0.000000,11,85,150,160,200,1300,1300,1300,1300,1300,1300,254,0,11,76.0525699391389,1.5861580614000559,1298.7376680830494,77.45275590551181
1774611796,10,GET,/api/audio/levels/plugins,4.300000,0.000000,8,12,17,18,30,180,1300,1300,1300,1300,1300,254,0,7,23.72995539298868,1.5065419720485806,1342.3058059997857,20.60236220472441
1774611796,10,GET,/api/audio/status,12.400000,0.000000,6,9,12,14,18,25,130,130,150,150,150,749,0,6,12.379882181403993,1.5397770330309868,239.04816701542586,303.0520694259012
1774611796,10,GET,/api/chains/,0.000000,0.000000,0,0,0,0,0,0,0,0,0,0,0,64,0,13,44.4865199533524,2.089375047944486,302.3143840255216,1478.296875
1774611796,10,GET,/api/chains/{id},12.400000,0.000000,9,14,33,52,120,180,1100,1300,1300,1300,1300,749,0,10,56.42702348389786,1.9756020046770573,1318.3924700133502,805.6048064085447
1774611796,10,POST,/api/chains/{id}/activate,12.400000,0.000000,8,17,22,28,37,150,180,190,360,360,360,749,0,10,30.54570691760764,1.778690959326923,1244.709505001083,54.25901201602136
1774611796,10,POST,/api/chains/{id}/deactivate,12.400000,0.000000,5,9,11,13,15,24,28,29,29,29,29,749,0,5,11.505010811355865,1.8003659788519144,201.28799101803452,61.49933244325768
1774611796,10,POST,/api/plugins/batch/parameters (500 updates),6.400000,0.000000,16,29,65,80,140,200,240,250,250,250,250,419,0,19,64.53505889757099,5.449230084195733,1365.1708320248872,870.090692124105
1774611796,10,GET,/api/plugins/discover,0.000000,0.000000,0,0,0,0,0,0,0,0,0,0,0,64,0,28,37.74846755004546,12.908800039440393,155.31902690418065,89708.0
1774611796,10,GET,/api/plugins/list,0.000000,0.000000,0,0,0,0,0,0,0,0,0,0,0,64,0,11,26.758709516798262,1.6044959193095565,192.37323594279587,72.953125
1774611796,10,POST,/api/plugins/load?uri,4.300000,0.000000,12,23,34,36,160,180,1300,1300,1300,1300,1300,254,0,10,26.036655852079804,1.9237739033997059,1250.9400709532201,2218.0787401574803
1774611796,10,POST,/api/plugins/unload?uri,4.300000,0.000000,5,8,13,16,18,120,170,170,170,170,170,254,0,7,15.831604164999389,1.824095961637795,222.2753749229014,126.09448818897638
1774611796,10,,Aggregated,108.800000,0.000000,8,13,19,24,100,150,200,250,1300,1300,1300,6575,0,9,34.66339924089441,1.5001400606706738,1365.1708320248872,1193.8877566539925
1774611797,10,GET,/api/audio/latency,17.700000,0.000000,5,11,16,19,28,150,160,180,180,180,180,988,0,8,29.693520075414398,1.5001400606706738,1326.6441239975393,33.026315789473685
1774611797,10,GET,/api/audio/levels,17.500000,0.000000,9,19,37,69,140,160,200,210,230,230,230,988,0,9,46.22316544134121,1.5625059604644775,1301.7226570518687,76.84210526315789
1774611797,10,GET,/api/audio/levels (during plugin swap),4.500000,0.000000,8,20,130,150,200,200,200,200,200,200,200,255,0,11,75.77686262198304,1.5861580614000559,1298.7376680830494,77.43529411764706
1774611797,10,GET,/api/audio/levels/plugins,4.500000,0.000000,8,10,16,17,22,30,180,180,180,180,180,255,0,7,23.67289051705716,1.5065419720485806,1342.3058059997857,20.627450980392158
1774611797,10,GET,/api/audio/status,12.500000,0.000000,6,10,13,15,19,25,130,130,150,150,150,759,0,6,12.384143677001454,1.5397770330309868,239.04816701542586,303.0513833992095
1774611797,10,GET,/api/chains/,0.000000,0.000000,0,0,0,0,0,0,0,0,0,0,0,64,0,13,44.4865199533524,2.089375047944486,302.3143840255216,1478.296875
1774611797,10,GET,/api/chains/{id},12.500000,0.000000,8,14,22,37,100,130,180,200,210,210,210,759,0,10,55.808619200804166,1.9756020046770573,1318.3924700133502,806.1001317523056
1774611797,10,POST,/api/chains/{id}/activate,12.500000,0.000000,9,16,20,25,37,150,180,190,360,360,360,759,0,10,30.321435540563602,1.778690959326923,1244.709505001083,54.26877470355731
1774611797,10,POST,/api/chains/{id}/deactivate,12.500000,0.000000,5,9,11,13,15,24,28,29,29,29,29,759,0,5,11.511904955933629,1.8003659788519144,201.28799101803452,61.50592885375494
1774611797,10,POST,/api/plugins/batch/parameters (500 updates),6.300000,0.000000,16,29,60,71,140,200,240,250,250,250,250,425,0,19,63.759222207317016,5.449230084195733,1365.1708320248872,870.9976470588235
1774611797,10,GET,/api/plugins/discover,0.000000,0.000000,0,0,0,0,0,0,0,0,0,0,0,64,0,28,37.74846755004546,12.908800039440393,155.31902690418065,89708.0
1774611797,10,GET,/api/plugins/list,0.000000,0.000000,0,0,0,0,0,0,0,0,0,0,0,64,0,11,26.758709516798262,1.6044959193095565,192.37323594279587,72.953125
1774611797,10,POST,/api/plugins/load?uri,4.500000,0.000000,7,20,29,35,160,160,180,180,180,180,180,255,0,10,25.948599930943956,1.9237739033997059,1250.9400709532201,2219.3411764705884
1774611797,10,POST,/api/plugins/unload?uri,4.600000,0.000000,4,7,12,14,18,20,170,170,170,170,170,255,0,7,15.833709352905405,1.824095961637795,222.2753749229014,126.05098039215686
1774611797,10,,Aggregated,109.600000,0.000000,8,13,18,22,71,150,180,200,250,360,360,6649,0,9,34.38155207052031,1.5001400606706738,1365.1708320248872,1183.9548804331478
1774611799,10,GET,/api/audio/latency,17.700000,0.000000,6,13,19,23,32,110,160,180,180,180,180,993,0,8,29.703557827418027,1.5001400606706738,1326.6441239975393,33.02618328298087
1774611799,10,GET,/api/audio/levels,17.700000,0.000000,11,22,58,96,150,210,1200,1300,1300,1300,1300,994,0,10,52.37915823542957,1.5625059604644775,1309.4227639958262,76.88430583501005
1774611799,10,GET,/api/audio/levels (during plugin swap),3.800000,0.000000,8,72,150,160,200,200,1200,1200,1200,1200,1200,256,0,11,80.15894829122772,1.5861580614000559,1298.7376680830494,77.46875
1774611799,10,GET,/api/audio/levels/plugins,3.800000,0.000000,7,9,12,17,27,30,180,180,180,180,180,256,0,7,23.615784815774532,1.5065419720485806,1342.3058059997857,20.65234375
1774611799,10,GET,/api/audio/status,13.000000,0.000000,6,10,12,14,19,25,130,130,150,150,150,762,0,6,12.378779998485468,1.5397770330309868,239.04816701542586,303.0511811023622
1774611799,10,GET,/api/chains/,0.000000,0.000000,0,0,0,0,0,0,0,0,0,0,0,64,0,13,44.4865199533524,2.089375047944486,302.3143840255216,1478.296875
1774611799,10,GET,/api/chains/{id},13.000000,0.000000,9,14,33,43,120,180,1200,1200,1300,1300,1300,762,0,10,60.31598137728894,1.9756020046770573,1318.3924700133502,805.7611548556431
1774611799,10,POST,/api/chains/{id}/activate,13.000000,0.000000,9,17,25,28,40,150,180,190,360,360,360,762,0,10,30.339378905739252,1.778690959326923,1244.709505001083,54.25853018372703
1774611799,10,POST,/api/chains/{id}/deactivate,13.000000,0.000000,5,9,12,14,15,25,28,29,29,29,29,762,0,5,11.50587497320603,1.8003659788519144,201.28799101803452,61.50787401574803
1774611799,10,POST,/api/plugins/batch/parameters (500 updates),6.500000,0.000000,16,25,60,88,150,210,250,1200,1200,1200,1200,426,0,19,66.48971749078308,5.449230084195733,1365.1708320248872,871.3779342723004
1774611799,10,GET,/api/plugins/discover,0.000000,0.000000,0,0,0,0,0,0,0,0,0,0,0,64,0,28,37.74846755004546,12.908800039440393,155.31902690418065,89708.0
1774611799,10,GET,/api/plugins/list,0.000000,0.000000,0,0,0,0,0,0,0,0,0,0,0,64,0,11,26.758709516798262,1.6044959193095565,192.37323594279587,72.953125
1774611799,10,POST,/api/plugins/load?uri,3.800000,0.000000,7,25,34,35,160,160,180,180,180,180,180,256,0,10,25.96977313851312,1.9237739033997059,1250.9400709532201,2216.58203125
1774611799,10,POST,/api/plugins/unload?uri,3.800000,0.000000,4,6,11,12,16,20,170,170,170,170,170,256,0,7,15.824491453258815,1.824095961637795,222.2753749229014,126.05859375
1774611799,10,,Aggregated,109.100000,0.000000,8,13,19,25,97,160,210,1200,1300,1300,1300,6677,0,9,36.15484311876469,1.5001400606706738,1365.1708320248872,1180.018121911038
1774611800,10,GET,/api/audio/latency,19.200000,0.000000,8,15,20,24,36,150,180,180,190,190,190,1004,0,8,29.80582472607141,1.5001400606706738,1326.6441239975393,33.02589641434263
1774611800,10,GET,/api/audio/levels,19.100000,0.000000,12,29,79,100,160,210,1200,1300,1300,1300,1300,1004,0,10,52.61037615638048,1.5625059604644775,1309.4227639958262,76.88446215139442
1774611800,10,GET,/api/audio/levels (during plugin swap),3.800000,0.000000,7,72,89,150,200,200,1200,1200,1200,1200,1200,260,0,11,79.28242000590006,1.5861580614000559,1298.7376680830494,77.45
1774611800,10,GET,/api/audio/levels/plugins,4.000000,0.000000,6,9,12,16,27,30,180,180,180,180,180,260,0,7,23.34134077626424,1.5065419720485806,1342.3058059997857,20.65
1774611800,10,GET,/api/audio/status,13.300000,0.000000,6,9,12,12,18,24,130,130,150,150,150,779,0,6,12.216410334987161,1.5397770330309868,239.04816701542586,303.0500641848524
1774611800,10,GET,/api/chains/,0.000000,0.000000,0,0,0,0,0,0,0,0,0,0,0,64,0,13,44.4865199533524,2.089375047944486,302.3143840255216,1478.296875
1774611800,10,GET,/api/chains/{id},13.300000,0.000000,8,14,25,42,110,160,1200,1200,1300,1300,1300,779,0,10,59.718304676265575,1.9756020046770573,1318.3924700133502,805.9229781771502
1774611800,10,POST,/api/chains/{id}/activate,13.300000,0.000000,6,15,19,27,36,74,150,170,180,180,180,779,0,10,30.1743155986128,1.778690959326923,1244.709505001083,54.28754813863928
1774611800,10,POST,/api/chains/{id}/deactivate,13.300000,0.000000,4,9,11,13,15,25,28,29,29,29,29,779,0,5,11.368280456135999,1.8003659788519144,201.28799101803452,61.518613607188705
1774611800,10,POST,/api/plugins/batch/parameters (500 updates),6.600000,0.000000,18,30,67,110,150,230,250,1200,1200,1200,1200,438,0,19,66.4785194615238,5.449230084195733,1365.1708320248872,870.634703196347
1774611800,10,GET,/api/plugins/discover,0.000000,0.000000,0,0,0,0,0,0,0,0,0,0,0,64,0,28,37.74846755004546,12.908800039440393,155.31902690418065,89708.0
1774611800,10,GET,/api/plugins/list,0.000000,0.000000,0,0,0,0,0,0,0,0,0,0,0,64,0,11,26.758709516798262,1.6044959193095565,192.37323594279587,72.953125
1774611800,10,POST,/api/plugins/load?uri,3.900000,0.000000,5,14,31,35,160,160,180,180,180,180,180,260,0,10,25.629647759398303,1.9237739033997059,1250.9400709532201,2203.403846153846
1774611800,10,POST,/api/plugins/unload?uri,4.000000,0.000000,4,6,8,12,20,22,170,170,170,170,170,260,0,7,15.705079880381863,1.824095961637795,222.2753749229014,126.06923076923077
1774611800,10,,Aggregated,113.800000,0.000000,8,13,20,27,100,150,200,1200,1300,1300,1300,6794,0,9,36.01222933905541,1.5001400606706738,1365.1708320248872,1165.3741536649986
1774611801,10,GET,/api/audio/latency,20.200000,0.000000,7,16,20,24,38,150,180,180,190,190,190,1026,0,7,29.28725817239867,1.5001400606706738,1326.6441239975393,33.02534113060429
1774611801,10,GET,/api/audio/levels,20.200000,0.000000,11,23,66,100,160,210,1300,1300,1300,1300,1300,1026,0,9,51.70975990475883,1.5625059604644775,1309.4227639958262,76.86452241715399
1774611801,10,GET,/api/audio/levels (during plugin swap),3.600000,0.000000,6,20,84,130,170,200,1200,1200,1200,1200,1200,267,0,11,77.40617486602916,1.5861580614000559,1298.7376680830494,77.33333333333333
1774611801,10,GET,/api/audio/levels/plugins,3.600000,0.000000,5,8,9,12,18,30,180,180,180,180,180,267,0,7,22.827395572403816,1.5065419720485806,1342.3058059997857,20.621722846441948
1774611801,10,GET,/api/audio/status,13.900000,0.000000,5,9,12,12,18,24,130,130,150,150,150,794,0,6,12.094181968615876,1.5397770330309868,239.04816701542586,303.04911838790935
1774611801,10,GET,/api/chains/,0.000000,0.000000,0,0,0,0,0,0,0,0,0,0,0,64,0,13,44.4865199533524,2.089375047944486,302.3143840255216,1478.296875
1774611801,10,GET,/api/chains/{id},13.900000,0.000000,8,13,22,41,120,160,1200,1200,1300,1300,1300,795,0,10,58.981360422605476,1.9756020046770573,1318.3924700133502,806.1861635220126
1774611801,10,POST,/api/chains/{id}/activate,13.900000,0.000000,7,15,19,28,36,140,150,170,180,180,180,794,0,9,29.955893342813678,1.778690959326923,1244.709505001083,54.269521410579344
1774611801,10,POST,/api/chains/{id}/deactivate,13.900000,0.000000,5,9,13,14,15,25,28,29,29,29,29,794,0,5,11.294323034785096,1.8003659788519144,201.28799101803452,61.52770780856423
1774611801,10,POST,/api/plugins/batch/parameters (500 updates),7.200000,0.000000,16,26,50,92,140,230,250,1200,1200,1200,1200,450,0,19,65.49224468957011,5.449230084195733,1365.1708320248872,870.3555555555556
1774611801,10,GET,/api/plugins/discover,0.000000,0.000000,0,0,0,0,0,0,0,0,0,0,0,64,0,28,37.74846755004546,12.908800039440393,155.31902690418065,89708.0
1774611801,10,GET,/api/plugins/list,0.000000,0.000000,0,0,0,0,0,0,0,0,0,0,0,64,0,11,26.758709516798262,1.6044959193095565,192.37323594279587,72.953125
1774611801,10,POST,/api/plugins/load?uri,3.600000,0.000000,5,10,29,34,160,160,180,180,180,180,180,267,0,10,25.072904994313635,1.9237739033997059,1250.9400709532201,2198.5992509363296
1774611801,10,POST,/api/plugins/unload?uri,3.600000,0.000000,5,8,11,13,18,22,170,170,170,170,170,267,0,7,15.511934532110722,1.824095961637795,222.2753749229014,126.05243445692884
1774611801,10,,Aggregated,117.600000,0.000000,8,13,18,25,93,150,200,1200,1300,1300,1300,6939,0,9,35.50860304802499,1.5001400606706738,1365.1708320248872,1147.9056059951001
1774611802,10,GET,/api/audio/latency,18.400000,0.000000,7,18,23,26,43,150,180,180,190,190,190,1041,0,7,29.22651600564573,1.5001400606706738,1326.6441239975393,33.02497598463016
1774611802,10,GET,/api/audio/levels,18.500000,0.000000,11,30,88,100,160,210,1300,1300,1300,1300,1300,1041,0,10,51.92185362700756,1.5625059604644775,1309.4227639958262,76.90874159462055
1774611802,10,GET,/api/audio/levels (during plugin swap),3.100000,0.000000,6,11,72,89,170,200,1200,1200,1200,1200,1200,269,0,11,77.58904598587536,1.5861580614000559,1298.7376680830494,77.34944237918215
1774611802,10,GET,/api/audio/levels/plugins,3.100000,0.000000,5,7,9,11,16,17,20,20,20,20,20,269,0,7,22.774751300726184,1.5065419720485806,1342.3058059997857,20.62081784386617
1774611802,10,GET,/api/audio/status,12.400000,0.000000,6,10,12,14,18,25,130,130,150,150,150,808,0,6,12.149405512540362,1.5397770330309868,239.04816701542586,303.0482673267327
1774611802,10,GET,/api/chains/,0.000000,0.000000,0,0,0,0,0,0,0,0,0,0,0,64,0,13,44.4865199533524,2.089375047944486,302.3143840255216,1478.296875
1774611802,10,GET,/api/chains/{id},12.400000,0.000000,8,13,25,43,120,150,1200,1200,1300,1300,1300,808,0,10,58.81565904572127,1.9756020046770573,1318.3924700133502,806.3279702970297
1774611802,10,POST,/api/chains/{id}/activate,12.400000,0.000000,7,15,19,28,37,140,150,150,170,170,170,808,0,9,29.899804640099138,1.778690959326923,1244.709505001083,54.306930693069305
1774611802,10,POST,/api/chains/{id}/deactivate,12.400000,0.000000,5,10,13,14,16,27,29,29,150,150,150,808,0,5,11.39833201973533,1.8003659788519144,201.28799101803452,61.504950495049506
1774611802,10,POST,/api/plugins/batch/parameters (500 updates),6.800000,0.000000,17,27,47,67,130,230,250,1200,1200,1200,1200,459,0,19,65.06333960634139,5.449230084195733,1365.1708320248872,871.0653594771242
1774611802,10,GET,/api/plugins/discover,0.000000,0.000000,0,0,0,0,0,0,0,0,0,0,0,64,0,28,37.74846755004546,12.908800039440393,155.31902690418065,89708.0
1774611802,10,GET,/api/plugins/list,0.000000,0.000000,0,0,0,0,0,0,0,0,0,0,0,64,0,11,26.758709516798262,1.6044959193095565,192.37323594279587,72.953125
1774611802,10,POST,/api/plugins/load?uri,3.100000,0.000000,5,9,14,29,42,160,170,170,170,170,170,269,0,10,25.5800435781742,1.9237739033997059,1250.9400709532201,2191.092936802974
1774611802,10,POST,/api/plugins/unload?uri,3.100000,0.000000,5,8,11,13,18,20,22,22,22,22,22,269,0,7,15.48449182926182,1.824095961637795,222.2753749229014,126.04460966542752
1774611802,10,,Aggregated,105.700000,0.000000,8,13,19,25,99,150,200,1200,1300,1300,1300,7041,0,9,35.51597931474408,1.5001400606706738,1365.1708320248872,1135.4165601477064
1774611803,10,GET,/api/audio/latency,17.700000,0.000000,7,17,22,25,34,150,180,180,190,190,190,1065,0,7,28.753900895564175,1.5001400606706738,1326.6441239975393,33.0244131455399
1774611803,10,GET,/api/audio/levels,17.700000,0.000000,11,29,80,100,150,210,1200,1300,1300,1300,1300,1065,0,9,51.30892319259334,1.5625059604644775,1309.4227639958262,76.88169014084507
1774611803,10,GET,/api/audio/levels (during plugin swap),3.600000,0.000000,6,20,72,84,100,200,1200,1200,1200,1200,1200,273,0,11,76.60540424955961,1.5861580614000559,1298.7376680830494,77.38095238095238
1774611803,10,GET,/api/audio/levels/plugins,3.600000,0.000000,5,7,9,11,16,20,23,23,23,23,23,273,0,7,22.557321318421828,1.5065419720485806,1342.3058059997857,20.61904761904762
1774611803,10,GET,/api/audio/status,12.200000,0.000000,5,8,11,12,18,19,24,25,110,110,110,823,0,6,12.030519003598506,1.5397770330309868,239.04816701542586,303.04738760631835
1774611803,10,GET,/api/chains/,0.000000,0.000000,0,0,0,0,0,0,0,0,0,0,0,64,0,13,44.4865199533524,2.089375047944486,302.3143840255216,1478.296875
1774611803,10,GET,/api/chains/{id},12.300000,0.000000,8,12,20,42,120,150,1200,1200,1300,1300,1300,823,0,10,58.10593520342073,1.9756020046770573,1318.3924700133502,805.8238153098421
1774611803,10,POST,/api/chains/{id}/activate,12.200000,0.000000,8,15,18,25,33,89,150,150,170,170,170,823,0,9,29.56782749818382,1.778690959326923,1244.709505001083,54.289185905224784
1774611803,10,POST,/api/chains/{id}/deactivate,12.200000,0.000000,5,9,12,13,15,24,29,150,150,150,150,823,0,5,11.43323462713908,1.8003659788519144,201.28799101803452,61.51397326852977
1774611803,10,POST,/api/plugins/batch/parameters (500 updates),8.200000,0.000000,15,28,47,67,120,230,250,1200,1200,1200,1200,470,0,19,64.21729361742457,5.449230084195733,1365.1708320248872,870.4595744680851
1774611803,10,GET,/api/plugins/discover,0.000000,0.000000,0,0,0,0,0,0,0,0,0,0,0,64,0,28,37.74846755004546,12.908800039440393,155.31902690418065,89708.0
1774611803,10,GET,/api/plugins/list,0.000000,0.000000,0,0,0,0,0,0,0,0,0,0,0,64,0,11,26.758709516798262,1.6044959193095565,192.37323594279587,72.953125
1774611803,10,POST,/api/plugins/load?uri,3.600000,0.000000,5,10,20,29,42,160,170,170,170,170,170,273,0,10,25.790315364050805,1.9237739033997059,1250.9400709532201,2200.4029304029305
1774611803,10,POST,/api/plugins/unload?uri,3.600000,0.000000,5,8,13,13,18,20,22,22,22,22,22,273,0,7,15.365281897927924,1.824095961637795,222.2753749229014,126.10622710622711
1774611803,10,,Aggregated,106.900000,0.000000,7,13,18,24,92,150,200,1200,1300,1300,1300,7176,0,9,35.14460846397249,1.5001400606706738,1365.1708320248872,1119.9214046822742
1774611804,10,GET,/api/audio/latency,16.500000,0.000000,7,16,22,25,34,150,180,180,190,190,190,1074,0,7,29.02563951475532,1.5001400606706738,1326.6441239975393,33.02420856610801
1774611804,10,GET,/api/audio/levels,16.500000,0.000000,10,22,74,100,160,320,1300,1300,1300,1300,1300,1074,0,10,52.12946245368757,1.5625059604644775,1309.4227639958262,76.8854748603352
1774611804,10,GET,/api/audio/levels (during plugin swap),3.500000,0.000000,6,25,72,89,120,390,1200,1200,1200,1200,1200,278,0,11,77.17495037095367,1.5861580614000559,1298.7376680830494,77.39568345323741
1774611804,10,GET,/api/audio/levels/plugins,3.600000,0.000000,5,9,12,16,20,23,150,150,150,150,150,278,0,7,22.895179060790287,1.5065419720485806,1342.3058059997857,20.593525179856115
1774611804,10,GET,/api/audio/status,12.600000,0.000000,5,9,11,13,18,20,24,25,110,110,110,829,0,6,12.057732927626441,1.5397770330309868,239.04816701542586,303.04704463208685
1774611804,10,GET,/api/chains/,0.000000,0.000000,0,0,0,0,0,0,0,0,0,0,0,64,0,13,44.4865199533524,2.089375047944486,302.3143840255216,1478.296875
1774611804,10,GET,/api/chains/{id},12.600000,0.000000,8,13,25,62,140,180,1200,1200,1300,1300,1300,829,0,10,58.73802778579573,1.9756020046770573,1318.3924700133502,805.4149577804584
1774611804,10,POST,/api/chains/{id}/activate,12.600000,0.000000,9,16,22,28,40,140,150,150,170,170,170,829,0,9,29.781291271426205,1.778690959326923,1244.709505001083,54.24004825090471
1774611804,10,POST,/api/chains/{id}/deactivate,12.600000,0.000000,5,8,10,13,15,19,27,150,150,150,150,829,0,5,11.402038579011299,1.8003659788519144,201.28799101803452,61.51749095295537
1774611804,10,POST,/api/plugins/batch/parameters (500 updates),7.900000,0.000000,18,30,67,110,230,360,460,1200,1200,1200,1200,474,0,19,66.23962312889627,5.449230084195733,1365.1708320248872,870.2932489451476
1774611804,10,GET,/api/plugins/discover,0.000000,0.000000,0,0,0,0,0,0,0,0,0,0,0,64,0,28,37.74846755004546,12.908800039440393,155.31902690418065,89708.0
1774611804,10,GET,/api/plugins/list,0.000000,0.000000,0,0,0,0,0,0,0,0,0,0,0,64,0,11,26.758709516798262,1.6044959193095565,192.37323594279587,72.953125
1774611804,10,POST,/api/plugins/load?uri,3.500000,0.000000,5,14,28,31,150,170,420,420,420,420,420,278,0,10,27.594775152426188,1.9237739033997059,1250.9400709532201,2189.6906474820144
1774611804,10,POST,/api/plugins/unload?uri,3.600000,0.000000,5,8,11,13,18,20,22,22,22,22,22,278,0,7,15.266216842025491,1.824095961637795,222.2753749229014,126.09712230215827
1774611804,10,,Aggregated,105.500000,0.000000,8,13,19,25,100,150,320,1200,1300,1300,1300,7242,0,9,35.63922608677425,1.5001400606706738,1365.1708320248872,1112.5465341066003
1774611805,10,GET,/api/audio/latency,16.500000,0.000000,7,16,20,23,31,150,180,180,190,190,190,1088,0,7,28.75251890723388,1.5001400606706738,1326.6441239975393,33.02389705882353
1774611805,10,GET,/api/audio/levels,16.500000,0.000000,9,15,71,100,170,360,1300,1300,1300,1300,1300,1088,0,9,51.53148635968939,1.5625059604644775,1309.4227639958262,76.859375
1774611805,10,GET,/api/audio/levels (during plugin swap),3.500000,0.000000,6,10,32,84,120,390,1200,1200,1200,1200,1200,283,0,10,75.92632778872515,1.5861580614000559,1298.7376680830494,77.40989399293287
1774611805,10,GET,/api/audio/levels/plugins,3.600000,0.000000,5,9,12,14,20,23,150,150,150,150,150,283,0,7,22.597768031761657,1.5065419720485806,1342.3058059997857,20.568904593639576
1774611805,10,GET,/api/audio/status,12.600000,0.000000,5,9,12,13,18,20,24,25,110,110,110,850,0,6,11.903405528077307,1.5397770330309868,239.04816701542586,303.0458823529412
1774611805,10,GET,/api/chains/,0.000000,0.000000,0,0,0,0,0,0,0,0,0,0,0,64,0,13,44.4865199533524,2.089375047944486,302.3143840255216,1478.296875
1774611805,10,GET,/api/chains/{id},12.600000,0.000000,8,12,19,25,120,180,1200,1200,1300,1300,1300,850,0,10,57.476409700808716,1.9346090266481042,1318.3924700133502,805.9964705882353
1774611805,10,POST,/api/chains/{id}/activate,12.600000,0.000000,7,14,18,22,31,140,150,150,170,170,170,850,0,9,29.210009547909173,1.778690959326923,1244.709505001083,54.3235294117647
1774611805,10,POST,/api/chains/{id}/deactivate,12.600000,0.000000,4,8,10,12,15,18,27,150,150,150,150,850,0,5,11.256360768559663,1.8003659788519144,201.28799101803452,61.529411764705884
1774611805,10,POST,/api/plugins/batch/parameters (500 updates),7.900000,0.000000,15,26,42,75,230,360,460,1200,1200,1200,1200,483,0,19,65.23503415555525,5.449230084195733,1365.1708320248872,869.7142857142857
1774611805,10,GET,/api/plugins/discover,0.000000,0.000000,0,0,0,0,0,0,0,0,0,0,0,64,0,28,37.74846755004546,12.908800039440393,155.31902690418065,89708.0
1774611805,10,GET,/api/plugins/list,0.000000,0.000000,0,0,0,0,0,0,0,0,0,0,0,64,0,11,26.758709516798262,1.6044959193095565,192.37323594279587,72.953125
1774611805,10,POST,/api/plugins/load?uri,3.500000,0.000000,5,9,23,28,150,170,420,420,420,420,420,283,0,10,27.26104267331518,1.9237739033997059,1250.9400709532201,2223.2897526501765
1774611805,10,POST,/api/plugins/unload?uri,3.600000,0.000000,7,9,11,13,18,20,22,22,22,22,22,283,0,7,15.094544293849266,1.824095961637795,222.2753749229014,126.15194346289752
1774611805,10,,Aggregated,105.500000,0.000000,7,12,17,20,94,150,320,1200,1300,1300,1300,7383,0,9,35.09025108753829,1.5001400606706738,1365.1708320248872,1099.010971149939
1774611806,10,GET,/api/audio/latency,16.100000,0.000000,7,15,20,23,34,150,150,160,190,190,190,1100,0,8,28.88829849173569,1.5001400606706738,1326.6441239975393,33.02363636363636
1774611806,10,GET,/api/audio/levels,16.100000,0.000000,9,22,96,110,200,360,1300,1300,1300,1300,1300,1100,0,10,52.28084698382934,1.5625059604644775,1309.4227639958262,76.87636363636364
1774611806,10,GET,/api/audio/levels (during plugin swap),3.700000,0.000000,6,11,33,84,120,390,1200,1200,1200,1200,1200,286,0,10,75.8744838120012,1.5861580614000559,1298.7376680830494,77.45454545454545
1774611806,10,GET,/api/audio/levels/plugins,3.700000,0.000000,5,11,15,16,20,24,150,150,150,150,150,285,0,7,22.574415778855613,1.5065419720485806,1342.3058059997857,20.568421052631578
1774611806,10,GET,/api/audio/status,11.800000,0.000000,5,8,10,12,18,22,25,25,110,110,110,865,0,5,11.787092771295006,1.5397770330309868,239.04816701542586,303.0450867052023
1774611806,10,GET,/api/chains/,0.000000,0.000000,0,0,0,0,0,0,0,0,0,0,0,64,0,13,44.4865199533524,2.089375047944486,302.3143840255216,1478.296875
1774611806,10,GET,/api/chains/{id},11.800000,0.000000,8,13,25,58,140,180,1200,1200,1300,1300,1300,865,0,10,57.25413542496568,1.9346090266481042,1318.3924700133502,806.1364161849712
1774611806,10,POST,/api/chains/{id}/activate,11.800000,0.000000,7,13,18,22,30,140,150,150,170,170,170,865,0,9,29.035336454129762,1.778690959326923,1244.709505001083,54.335260115606935
1774611806,10,POST,/api/chains/{id}/deactivate,11.800000,0.000000,4,8,10,12,15,18,27,150,150,150,150,865,0,5,11.16336061110494,1.8003659788519144,201.28799101803452,61.50867052023121
1774611806,10,POST,/api/plugins/batch/parameters (500 updates),8.000000,0.000000,19,34,92,110,200,360,460,1200,1200,1200,1200,496,0,19,66.69876144634702,5.449230084195733,1365.1708320248872,869.8165322580645
1774611806,10,GET,/api/plugins/discover,0.000000,0.000000,0,0,0,0,0,0,0,0,0,0,0,64,0,28,37.74846755004546,12.908800039440393,155.31902690418065,89708.0
1774611806,10,GET,/api/plugins/list,0.000000,0.000000,0,0,0,0,0,0,0,0,0,0,0,64,0,11,26.758709516798262,1.6044959193095565,192.37323594279587,72.953125
1774611806,10,POST,/api/plugins/load?uri,3.700000,0.000000,5,9,25,28,150,170,420,420,420,420,420,285,0,10,27.59907044421293,1.9237739033997059,1250.9400709532201,2219.880701754386
1774611806,10,POST,/api/plugins/unload?uri,3.700000,0.000000,8,11,13,13,18,20,22,22,22,22,22,285,0,7,15.038992555223798,1.824095961637795,222.2753749229014,126.13684210526316
1774611806,10,,Aggregated,102.200000,0.000000,7,13,18,23,100,150,320,1200,1300,1300,1300,7489,0,9,35.26805133970375,1.5001400606706738,1365.1708320248872,1088.1542261984243
1774611807,10,GET,/api/audio/latency,16.100000,0.000000,7,15,20,23,34,150,150,160,190,190,190,1117,0,8,28.556306406625463,1.5001400606706738,1326.6441239975393,33.023276633840645
1774611807,10,GET,/api/audio/levels,16.100000,0.000000,9,22,71,110,200,360,1300,1300,1300,1300,1300,1118,0,9,51.5709923911833,1.5625059604644775,1309.4227639958262,76.84883720930233
1774611807,10,GET,/api/audio/levels (during plugin swap),3.700000,0.000000,6,13,27,33,120,390,1200,1200,1200,1200,1200,292,0,10,74.58849050812678,1.5861580614000559,1298.7376680830494,77.40753424657534
1774611807,10,GET,/api/audio/levels/plugins,3.700000,0.000000,4,7,14,15,20,24,150,150,150,150,150,292,0,7,22.116874038060004,1.5065419720485806,1342.3058059997857,20.5
1774611807,10,GET,/api/audio/status,11.800000,0.000000,4,7,9,11,18,19,24,25,110,110,110,880,0,5,11.724837936476847,1.5397770330309868,239.04816701542586,303.0443181818182
1774611807,10,GET,/api/chains/,0.000000,0.000000,0,0,0,0,0,0,0,0,0,0,0,64,0,13,44.4865199533524,2.089375047944486,302.3143840255216,1478.296875
1774611807,10,GET,/api/chains/{id},11.800000,0.000000,8,13,20,28,140,160,1200,1200,1300,1300,1300,880,0,10,56.432143009839244,1.9346090266481042,1318.3924700133502,805.8693181818181
1774611807,10,POST,/api/chains/{id}/activate,11.800000,0.000000,6,12,16,19,29,140,150,150,170,170,170,880,0,9,28.696750591519628,1.778690959326923,1244.709505001083,54.31818181818182
1774611807,10,POST,/api/chains/{id}/deactivate,11.800000,0.000000,4,8,10,11,14,18,24,150,150,150,150,880,0,5,11.118521151762582,1.8003659788519144,201.28799101803452,61.51704545454545
1774611807,10,POST,/api/plugins/batch/parameters (500 updates),8.000000,0.000000,19,31,79,110,200,250,460,1200,1200,1200,1200,506,0,19,65.63182723369788,5.449230084195733,1365.1708320248872,871.1146245059289
1774611807,10,GET,/api/plugins/discover,0.000000,0.000000,0,0,0,0,0,0,0,0,0,0,0,64,0,28,37.74846755004546,12.908800039440393,155.31902690418065,89708.0
1774611807,10,GET,/api/plugins/list,0.000000,0.000000,0,0,0,0,0,0,0,0,0,0,0,64,0,11,26.758709516798262,1.6044959193095565,192.37323594279587,72.953125
1774611807,10,POST,/api/plugins/load?uri,3.700000,0.000000,6,8,23,25,150,170,420,420,420,420,420,292,0,9,27.115070101189467,1.9237739033997059,1250.9400709532201,2225.4794520547944
1774611807,10,POST,/api/plugins/unload?uri,3.700000,0.000000,7,9,11,12,18,20,22,22,22,22,22,292,0,7,14.800306707014624,1.824095961637795,222.2753749229014,126.25342465753425
1774611807,10,,Aggregated,102.200000,0.000000,7,12,17,22,93,150,290,1200,1300,1300,1300,7621,0,9,34.802769161713144,1.5001400606706738,1365.1708320248872,1075.6139614223855
1774611808,10,GET,/api/audio/latency,14.600000,0.000000,9,15,19,22,35,150,180,190,200,200,200,1135,0,8,28.877248988683757,1.5001400606706738,1326.6441239975393,33.02290748898678
1774611808,10,GET,/api/audio/levels,14.600000,0.000000,10,24,64,99,150,200,320,360,400,400,400,1135,0,10,51.8611074689907,1.5625059604644775,1309.4227639958262,76.87136563876652
1774611808,10,GET,/api/audio/levels (during plugin swap),3.500000,0.000000,6,23,32,62,120,200,390,390,390,390,390,297,0,11,74.74761497408076,1.5861580614000559,1298.7376680830494,77.42087542087542
1774611808,10,GET,/api/audio/levels/plugins,3.500000,0.000000,5,8,14,15,20,23,150,150,150,150,150,297,0,7,21.904213539001717,1.5065419720485806,1342.3058059997857,20.478114478114477
1774611808,10,GET,/api/audio/status,12.600000,0.000000,4,7,10,12,18,20,24,25,110,110,110,889,0,6,11.723769925842722,1.5397770330309868,239.04816701542586,303.04386951631045
1774611808,10,GET,/api/chains/,0.000000,0.000000,0,0,0,0,0,0,0,0,0,0,0,64,0,13,44.4865199533524,2.089375047944486,302.3143840255216,1478.296875
1774611808,10,GET,/api/chains/{id},12.600000,0.000000,9,13,25,75,140,170,230,290,390,390,390,889,0,10,57.080145442860434,1.9346090266481042,1318.3924700133502,805.7919010123735
1774611808,10,POST,/api/chains/{id}/activate,12.600000,0.000000,6,13,18,22,32,150,170,190,190,190,190,889,0,9,29.151508788116217,1.778690959326923,1244.709505001083,54.263217097862764
1774611808,10,POST,/api/chains/{id}/deactivate,12.600000,0.000000,4,8,10,11,14,18,24,150,150,150,150,889,0,5,11.095043746476911,1.8003659788519144,201.28799101803452,61.52193475815523
1774611808,10,POST,/api/plugins/batch/parameters (500 updates),8.200000,0.000000,19,31,79,110,200,230,370,460,460,460,460,512,0,19,65.83466539859728,5.449230084195733,1365.1708320248872,870.9296875
1774611808,10,GET,/api/plugins/discover,0.000000,0.000000,0,0,0,0,0,0,0,0,0,0,0,64,0,28,37.74846755004546,12.908800039440393,155.31902690418065,89708.0
1774611808,10,GET,/api/plugins/list,0.000000,0.000000,0,0,0,0,0,0,0,0,0,0,0,64,0,11,26.758709516798262,1.6044959193095565,192.37323594279587,72.953125
1774611808,10,POST,/api/plugins/load?uri,3.500000,0.000000,6,9,22,23,150,170,420,420,420,420,420,297,0,9,27.41113719404973,1.9237739033997059,1250.9400709532201,2239.4242424242425
1774611808,10,POST,/api/plugins/unload?uri,3.500000,0.000000,7,9,11,11,18,20,22,22,22,22,22,297,0,7,14.702909980800241,1.824095961637795,222.2753749229014,126.26599326599326
1774611808,10,,Aggregated,101.800000,0.000000,7,13,18,22,100,150,200,250,420,460,460,7718,0,9,35.045388820702414,1.5001400606706738,1365.1708320248872,1066.5472920445711
1774611809,10,GET,/api/audio/latency,14.600000,0.000000,7,14,17,20,28,150,170,180,200,200,200,1150,0,8,28.585607234044407,1.5001400606706738,1326.6441239975393,33.022608695652174
1774611809,10,GET,/api/audio/levels,14.600000,0.000000,9,18,43,71,150,190,320,360,400,400,400,1150,0,9,51.297649692278355,1.5625059604644775,1309.4227639958262,76.85478260869566
1774611809,10,GET,/api/audio/levels (during plugin swap),3.500000,0.000000,6,13,27,33,120,200,390,390,390,390,390,302,0,10,73.59115651767047,1.5861580614000559,1298.7376680830494,77.3907284768212
1774611809,10,GET,/api/audio/levels/plugins,3.500000,0.000000,5,7,14,15,20,23,150,150,150,150,150,302,0,7,21.616207209064175,1.5065419720485806,1342.3058059997857,20.456953642384107
1774611809,10,GET,/api/audio/status,12.600000,0.000000,5,8,11,14,18,21,24,25,110,110,110,892,0,6,11.72355176359436,1.5397770330309868,239.04816701542586,303.0437219730942
1774611809,10,GET,/api/chains/,0.000000,0.000000,0,0,0,0,0,0,0,0,0,0,0,64,0,13,44.4865199533524,2.089375047944486,302.3143840255216,1478.296875
1774611809,10,GET,/api/chains/{id},12.600000,0.000000,9,13,24,72,140,170,230,290,390,390,390,893,0,10,56.86741576215601,1.9346090266481042,1318.3924700133502,805.8017917133259
1774611809,10,POST,/api/chains/{id}/activate,12.600000,0.000000,7,13,18,22,30,150,170,190,190,190,190,892,0,9,29.081606954772592,1.778690959326923,1244.709505001083,54.25448430493274
1774611809,10,POST,/api/chains/{id}/deactivate,12.600000,0.000000,5,8,10,12,14,18,24,150,150,150,150,892,0,5,11.071936269797126,1.8003659788519144,201.28799101803452,61.52354260089686
1774611809,10,POST,/api/plugins/batch/parameters (500 updates),8.200000,0.000000,17,29,75,93,200,250,370,460,460,460,460,516,0,19,65.42644515527996,5.449230084195733,1365.1708320248872,870.5232558139535
1774611809,10,GET,/api/plugins/discover,0.000000,0.000000,0,0,0,0,0,0,0,0,0,0,0,64,0,28,37.74846755004546,12.908800039440393,155.31902690418065,89708.0
1774611809,10,GET,/api/plugins/list,0.000000,0.000000,0,0,0,0,0,0,0,0,0,0,0,64,0,11,26.758709516798262,1.6044959193095565,192.37323594279587,72.953125
1774611809,10,POST,/api/plugins/load?uri,3.500000,0.000000,6,11,22,23,150,170,420,420,420,420,420,302,0,9,27.101110485428634,1.9237739033997059,1250.9400709532201,2256.884105960265
1774611809,10,POST,/api/plugins/unload?uri,3.500000,0.000000,7,9,11,11,17,18,20,20,20,20,20,302,0,7,14.561901603739043,1.824095961637795,222.2753749229014,126.28807947019868
1774611809,10,,Aggregated,101.800000,0.000000,7,13,17,21,84,150,200,290,460,460,460,7785,0,9,34.80966117869472,1.5001400606706738,1365.1708320248872,1060.832241490045
1774611810,10,GET,/api/audio/latency,14.100000,0.000000,10,15,19,23,35,150,170,180,200,200,200,1150,0,8,28.585607234044407,1.5001400606706738,1326.6441239975393,33.022608695652174
1774611810,10,GET,/api/audio/levels,14.200000,0.000000,12,26,74,110,190,320,1200,1200,1200,1200,1200,1154,0,10,55.181667516758566,1.5625059604644775,1309.4227639958262,76.88648180242635
1774611810,10,GET,/api/audio/levels (during plugin swap),3.800000,0.000000,9,23,33,100,130,210,390,390,390,390,390,302,0,10,73.59115651767047,1.5861580614000559,1298.7376680830494,77.3907284768212
1774611810,10,GET,/api/audio/levels/plugins,3.800000,0.000000,5,12,15,18,20,24,150,150,150,150,150,302,0,7,21.616207209064175,1.5065419720485806,1342.3058059997857,20.456953642384107
1774611810,10,GET,/api/audio/status,13.100000,0.000000,5,9,11,14,19,22,25,110,110,110,110,892,0,6,11.72355176359436,1.5397770330309868,239.04816701542586,303.0437219730942
1774611810,10,GET,/api/chains/,0.000000,0.000000,0,0,0,0,0,0,0,0,0,0,0,64,0,13,44.4865199533524,2.089375047944486,302.3143840255216,1478.296875
1774611810,10,GET,/api/chains/{id},13.100000,0.000000,10,17,72,94,170,390,1200,1200,1300,1300,1300,898,0,10,63.09114752948193,1.9346090266481042,1318.3924700133502,805.9120267260579
1774611810,10,POST,/api/chains/{id}/activate,13.100000,0.000000,9,14,19,24,42,150,190,1300,1300,1300,1300,893,0,9,30.45747023151952,1.778690959326923,1257.727513089776,54.23292273236282
1774611810,10,POST,/api/chains/{id}/deactivate,13.100000,0.000000,5,8,9,10,13,18,150,150,150,150,150,892,0,5,11.071936269797126,1.8003659788519144,201.28799101803452,61.52354260089686
1774611810,10,POST,/api/plugins/batch/parameters (500 updates),8.700000,0.000000,19,31,77,120,200,250,370,460,460,460,460,516,0,19,65.42644515527996,5.449230084195733,1365.1708320248872,870.5232558139535
1774611810,10,GET,/api/plugins/discover,0.000000,0.000000,0,0,0,0,0,0,0,0,0,0,0,64,0,28,37.74846755004546,12.908800039440393,155.31902690418065,89708.0
1774611810,10,GET,/api/plugins/list,0.000000,0.000000,0,0,0,0,0,0,0,0,0,0,0,64,0,11,26.758709516798262,1.6044959193095565,192.37323594279587,72.953125
1774611810,10,POST,/api/plugins/load?uri,3.800000,0.000000,6,20,23,28,160,180,420,420,420,420,420,302,0,9,27.101110485428634,1.9237739033997059,1250.9400709532201,2256.884105960265
1774611810,10,POST,/api/plugins/unload?uri,3.800000,0.000000,7,9,11,11,17,20,20,20,20,20,20,302,0,7,14.561901603739043,1.824095961637795,222.2753749229014,126.28807947019868
1774611810,10,,Aggregated,104.600000,0.000000,8,14,19,24,120,180,360,1100,1300,1300,1300,7795,0,9,36.2811462685461,1.5001400606706738,1365.1708320248872,1060.0495189223861
1774611811,10,GET,/api/audio/latency,15.700000,0.000000,9,15,20,23,150,170,270,270,270,270,270,1169,0,8,29.427231070059737,1.5001400606706738,1326.6441239975393,33.055603079555176
1774611811,10,GET,/api/audio/levels,15.600000,0.000000,12,24,64,99,190,320,1200,1200,1200,1200,1200,1169,0,10,55.13491900548119,1.5625059604644775,1309.4227639958262,76.8699743370402
1774611811,10,GET,/api/audio/levels (during plugin swap),4.600000,0.000000,9,15,27,33,200,210,390,390,390,390,390,305,0,10,73.61634419429437,1.5861580614000559,1298.7376680830494,77.39016393442623
1774611811,10,GET,/api/audio/levels/plugins,4.600000,0.000000,5,8,15,15,20,24,150,150,150,150,150,305,0,7,21.489139167653,1.5065419720485806,1342.3058059997857,20.478688524590165
1774611811,10,GET,/api/audio/status,13.000000,0.000000,6,9,11,14,19,22,25,280,280,280,280,908,0,6,11.96487550457041,1.5397770330309868,275.8934219600633,303.04295154185024
1774611811,10,GET,/api/chains/,0.000000,0.000000,0,0,0,0,0,0,0,0,0,0,0,64,0,13,44.4865199533524,2.089375047944486,302.3143840255216,1478.296875
1774611811,10,GET,/api/chains/{id},13.100000,0.000000,11,19,68,110,180,1000,1200,1300,1300,1300,1300,908,0,10,63.13078843763853,1.9346090266481042,1318.3924700133502,805.9350220264317
1774611811,10,POST,/api/chains/{id}/activate,13.000000,0.000000,10,18,24,25,170,270,290,1300,1300,1300,1300,908,0,10,31.939441481008224,1.778690959326923,1257.727513089776,54.16299559471366
1774611811,10,POST,/api/chains/{id}/deactivate,13.000000,0.000000,5,8,10,11,14,16,24,150,150,150,150,908,0,5,11.03043667436167,1.8003659788519144,201.28799101803452,61.53193832599119
1774611811,10,POST,/api/plugins/batch/parameters (500 updates),9.000000,0.000000,21,34,120,160,210,230,370,460,460,460,460,525,0,19,65.96663539652668,5.449230084195733,1365.1708320248872,870.6304761904762
1774611811,10,GET,/api/plugins/discover,0.000000,0.000000,0,0,0,0,0,0,0,0,0,0,0,64,0,28,37.74846755004546,12.908800039440393,155.31902690418065,89708.0
1774611811,10,GET,/api/plugins/list,0.000000,0.000000,0,0,0,0,0,0,0,0,0,0,0,64,0,11,26.758709516798262,1.6044959193095565,192.37323594279587,72.953125
1774611811,10,POST,/api/plugins/load?uri,4.600000,0.000000,6,15,23,25,150,180,420,420,420,420,420,305,0,9,26.97466991032611,1.9237739033997059,1250.9400709532201,2250.632786885246
1774611811,10,POST,/api/plugins/unload?uri,4.600000,0.000000,5,8,9,11,17,20,20,20,20,20,20,305,0,7,14.491028089809124,1.824095961637795,222.2753749229014,126.41311475409836
1774611811,10,,Aggregated,110.800000,0.000000,8,14,20,24,150,200,360,1100,1300,1300,1300,7907,0,9,36.59023095621768,1.5001400606706738,1365.1708320248872,1048.8210446439864
1774611812,10,GET,/api/audio/latency,14.600000,0.000000,9,15,18,24,150,180,270,270,270,270,270,1183,0,8,29.140720754135195,1.5001400606706738,1326.6441239975393,33.05494505494506
1774611812,10,GET,/api/audio/levels,15.000000,0.000000,9,23,71,110,190,360,1200,1200,1200,1200,1200,1183,0,9,54.75133042953773,1.5625059604644775,1309.4227639958262,76.86813186813187
1774611812,10,GET,/api/audio/levels (during plugin swap),4.200000,0.000000,10,20,27,110,200,210,390,390,390,390,390,308,0,10,73.29615842257687,1.5861580614000559,1298.7376680830494,77.3896103896104
1774611812,10,GET,/api/audio/levels/plugins,4.200000,0.000000,5,8,14,15,20,24,150,150,150,150,150,308,0,7,21.30348925053916,1.5065419720485806,1342.3058059997857,20.5
1774611812,10,GET,/api/audio/status,11.300000,0.000000,6,9,11,14,21,24,150,280,280,280,280,917,0,6,12.070964707133758,1.5397770330309868,275.8934219600633,303.0567066521265
1774611812,10,GET,/api/chains/,0.000000,0.000000,0,0,0,0,0,0,0,0,0,0,0,64,0,13,44.4865199533524,2.089375047944486,302.3143840255216,1478.296875
1774611812,10,GET,/api/chains/{id},11.900000,0.000000,13,20,68,120,180,1000,1200,1300,1300,1300,1300,917,0,10,62.721799047142795,1.9346090266481042,1318.3924700133502,806.0534351145038
1774611812,10,POST,/api/chains/{id}/activate,11.400000,0.000000,10,18,24,25,170,270,290,1300,1300,1300,1300,917,0,10,31.72505769427691,1.778690959326923,1257.727513089776,54.19302071973828
1774611812,10,POST,/api/chains/{id}/deactivate,11.300000,0.000000,5,8,10,12,14,16,22,24,24,24,24,917,0,5,10.971762159699118,1.8003659788519144,201.28799101803452,61.5092693565976
1774611812,10,POST,/api/plugins/batch/parameters (500 updates),7.800000,0.000000,19,33,77,120,200,230,370,460,460,460,460,545,0,19,64.3112625294459,5.449230084195733,1365.1708320248872,870.3229357798165
1774611812,10,GET,/api/plugins/discover,0.000000,0.000000,0,0,0,0,0,0,0,0,0,0,0,64,0,28,37.74846755004546,12.908800039440393,155.31902690418065,89708.0
1774611812,10,GET,/api/plugins/list,0.000000,0.000000,0,0,0,0,0,0,0,0,0,0,0,64,0,11,26.758709516798262,1.6044959193095565,192.37323594279587,72.953125
1774611812,10,POST,/api/plugins/load?uri,4.200000,0.000000,6,15,23,25,150,180,420,420,420,420,420,308,0,9,26.763845823611458,1.9237739033997059,1250.9400709532201,2241.5876623376626
1774611812,10,POST,/api/plugins/unload?uri,4.200000,0.000000,5,8,9,11,16,20,20,20,20,20,20,307,0,7,14.418154756587107,1.824095961637795,222.2753749229014,126.37785016286645
1774611812,10,,Aggregated,100.100000,0.000000,8,14,20,24,150,200,360,1100,1300,1300,1300,8002,0,9,36.342640454156154,1.5001400606706738,1365.1708320248872,1040.6732066983254
1774611813,10,GET,/api/audio/latency,14.200000,0.000000,9,14,17,21,150,170,270,270,270,270,270,1199,0,8,29.027688831791554,1.5001400606706738,1326.6441239975393,33.054211843202665
1774611813,10,GET,/api/audio/levels,14.200000,0.000000,8,22,64,110,180,210,1200,1200,1200,1200,1200,1199,0,9,54.84082380556707,1.5625059604644775,1309.4227639958262,76.84904086738949
1774611813,10,GET,/api/audio/levels (during plugin swap),3.800000,0.000000,10,16,27,110,170,200,210,210,210,210,210,313,0,11,73.23491700051632,1.5781919937580824,1298.7376680830494,77.40255591054313
1774611813,10,GET,/api/audio/levels/plugins,3.800000,0.000000,5,6,12,14,18,20,24,24,24,24,24,313,0,7,21.115831844062328,1.5065419720485806,1342.3058059997857,20.52076677316294
1774611813,10,GET,/api/audio/status,11.100000,0.000000,5,8,10,12,18,24,150,170,280,280,280,931,0,6,12.136670392807913,1.5397770330309868,275.8934219600633,303.0558539205156
1774611813,10,GET,/api/chains/,0.000000,0.000000,0,0,0,0,0,0,0,0,0,0,0,64,0,13,44.4865199533524,2.089375047944486,302.3143840255216,1478.296875
1774611813,10,GET,/api/chains/{id},11.000000,0.000000,11,17,49,91,170,230,1200,1200,1300,1300,1300,931,0,10,62.3742154569072,1.9346090266481042,1318.3924700133502,806.4618689581096
1774611813,10,POST,/api/chains/{id}/activate,11.100000,0.000000,10,16,22,25,170,270,280,290,1300,1300,1300,931,0,10,31.774937693768898,1.778690959326923,1257.727513089776,54.17293233082707
1774611813,10,POST,/api/chains/{id}/deactivate,11.100000,0.000000,5,8,10,12,14,18,21,22,24,24,24,931,0,5,10.909882394865027,1.8003659788519144,201.28799101803452,61.516648764769066
1774611813,10,POST,/api/plugins/batch/parameters (500 updates),7.300000,0.000000,16,30,56,77,190,210,220,230,230,230,230,550,0,19,63.849380130202256,5.449230084195733,1365.1708320248872,869.9636363636364
1774611813,10,GET,/api/plugins/discover,0.000000,0.000000,0,0,0,0,0,0,0,0,0,0,0,64,0,28,37.74846755004546,12.908800039440393,155.31902690418065,89708.0
1774611813,10,GET,/api/plugins/list,0.000000,0.000000,0,0,0,0,0,0,0,0,0,0,0,64,0,11,26.758709516798262,1.6044959193095565,192.37323594279587,72.953125
1774611813,10,POST,/api/plugins/load?uri,3.800000,0.000000,6,14,18,22,28,170,180,180,180,180,180,313,0,9,27.063061392452486,1.8879700219258666,1250.9400709532201,2228.9840255591052
1774611813,10,POST,/api/plugins/unload?uri,3.800000,0.000000,5,9,10,11,16,20,110,110,110,110,110,313,0,7,14.61435055000166,1.824095961637795,222.2753749229014,126.50479233226837
1774611813,10,,Aggregated,95.200000,0.000000,8,13,18,22,120,190,270,1100,1300,1300,1300,8116,0,9,36.26627881814206,1.5001400606706738,1365.1708320248872,1029.9940857565302
1774611814,10,GET,/api/audio/latency,14.200000,0.000000,9,14,18,21,150,170,270,270,270,270,270,1216,0,8,28.8968663153355,1.5001400606706738,1326.6441239975393,33.05345394736842
1774611814,10,GET,/api/audio/levels,14.200000,0.000000,11,26,92,110,180,210,1200,1200,1200,1200,1200,1216,0,9,54.5518045113759,1.5625059604644775,1309.4227639958262,76.87006578947368
1774611814,10,GET,/api/audio/levels (during plugin swap),3.800000,0.000000,10,15,23,62,170,200,210,210,210,210,210,320,0,10,71.76638042910781,1.5781919937580824,1298.7376680830494,77.30625
1774611814,10,GET,/api/audio/levels/plugins,3.800000,0.000000,4,6,8,12,18,20,24,24,24,24,24,320,0,6,20.73237869190052,1.5065419720485806,1342.3058059997857,20.459375
1774611814,10,GET,/api/audio/status,11.100000,0.000000,5,8,11,14,21,24,170,280,280,280,280,940,0,6,12.067791985773898,1.5397770330309868,275.8934219600633,303.0553191489362
1774611814,10,GET,/api/chains/,0.000000,0.000000,0,0,0,0,0,0,0,0,0,0,0,64,0,13,44.4865199533524,2.089375047944486,302.3143840255216,1478.296875
1774611814,10,GET,/api/chains/{id},11.000000,0.000000,12,23,75,120,180,1000,1200,1300,1300,1300,1300,940,0,10,61.85598130476602,1.9346090266481042,1318.3924700133502,806.5712765957447
1774611814,10,POST,/api/chains/{id}/activate,11.100000,0.000000,11,20,24,32,190,270,290,1300,1300,1300,1300,940,0,9,31.558009373653245,1.778690959326923,1257.727513089776,54.17553191489362
1774611814,10,POST,/api/chains/{id}/deactivate,11.100000,0.000000,5,9,11,13,15,19,22,24,24,24,24,940,0,5,10.863134821634144,1.8003659788519144,201.28799101803452,61.494680851063826
1774611814,10,POST,/api/plugins/batch/parameters (500 updates),7.300000,0.000000,21,33,66,93,180,200,220,230,230,230,230,567,0,19,63.24571752538855,5.449230084195733,1365.1708320248872,871.1499118165785
1774611814,10,GET,/api/plugins/discover,0.000000,0.000000,0,0,0,0,0,0,0,0,0,0,0,64,0,28,37.74846755004546,12.908800039440393,155.31902690418065,89708.0
1774611814,10,GET,/api/plugins/list,0.000000,0.000000,0,0,0,0,0,0,0,0,0,0,0,64,0,11,26.758709516798262,1.6044959193095565,192.37323594279587,72.953125
1774611814,10,POST,/api/plugins/load?uri,3.800000,0.000000,6,14,18,21,62,170,180,180,180,180,180,320,0,9,26.775597961750464,1.8879700219258666,1250.9400709532201,2228.98125
1774611814,10,POST,/api/plugins/unload?uri,3.800000,0.000000,5,8,9,11,16,20,110,110,110,110,110,320,0,7,14.406560431598336,1.824095961637795,222.2753749229014,126.56875
1774611814,10,,Aggregated,95.200000,0.000000,9,15,21,25,150,190,270,1100,1300,1300,1300,8231,0,9,36.016476517159624,1.5001400606706738,1365.1708320248872,1021.1445753857369
1774611815,10,GET,/api/audio/latency,13.300000,0.000000,8,14,18,21,150,170,270,270,270,270,270,1228,0,8,29.10768631392565,1.5001400606706738,1326.6441239975393,33.052931596091206
1774611815,10,GET,/api/audio/levels,13.300000,0.000000,9,25,74,110,180,200,1200,1200,1200,1200,1200,1228,0,10,54.990383240292665,1.5625059604644775,1309.4227639958262,76.87459283387622
1774611815,10,GET,/api/audio/levels (during plugin swap),3.900000,0.000000,9,13,20,27,160,200,210,210,210,210,210,322,0,10,71.35623038322694,1.5781919937580824,1298.7376680830494,77.31987577639751
1774611815,10,GET,/api/audio/levels/plugins,3.900000,0.000000,3,5,6,8,15,20,20,20,20,20,20,322,0,6,20.633309789982434,1.5065419720485806,1342.3058059997857,20.5
1774611815,10,GET,/api/audio/status,10.700000,0.000000,8,11,13,13,19,24,170,280,280,280,280,955,0,6,12.025789015058487,1.5397770330309868,275.8934219600633,303.0544502617801
1774611815,10,GET,/api/chains/,0.000000,0.000000,0,0,0,0,0,0,0,0,0,0,0,64,0,13,44.4865199533524,2.089375047944486,302.3143840255216,1478.296875
1774611815,10,GET,/api/chains/{id},10.700000,0.000000,12,23,95,120,190,1000,1200,1300,1300,1300,1300,955,0,10,61.9548274219982,1.9346090266481042,1318.3924700133502,806.6858638743455
1774611815,10,POST,/api/chains/{id}/activate,10.700000,0.000000,11,20,28,38,190,270,290,1300,1300,1300,1300,955,0,9,31.72580051682012,1.778690959326923,1257.727513089776,54.16230366492147
1774611815,10,POST,/api/chains/{id}/deactivate,10.700000,0.000000,6,9,12,13,16,19,22,24,24,24,24,955,0,5,10.827134550714876,1.8003659788519144,201.28799101803452,61.50261780104712
1774611815,10,POST,/api/plugins/batch/parameters (500 updates),8.000000,0.000000,18,31,44,74,140,200,220,230,230,230,230,578,0,19,63.598159018857245,5.449230084195733,1365.1708320248872,870.8979238754325
1774611815,10,GET,/api/plugins/discover,0.000000,0.000000,0,0,0,0,0,0,0,0,0,0,0,64,0,28,37.74846755004546,12.908800039440393,155.31902690418065,89708.0
1774611815,10,GET,/api/plugins/list,0.000000,0.000000,0,0,0,0,0,0,0,0,0,0,0,64,0,11,26.758709516798262,1.6044959193095565,192.37323594279587,72.953125
1774611815,10,POST,/api/plugins/load?uri,3.900000,0.000000,6,12,17,21,28,170,180,180,180,180,180,322,0,9,26.63018581239067,1.8879700219258666,1250.9400709532201,2222.692546583851
1774611815,10,POST,/api/plugins/unload?uri,3.900000,0.000000,5,8,9,11,16,20,110,110,110,110,110,322,0,6,14.347067621235754,1.824095961637795,222.2753749229014,126.56521739130434
1774611815,10,,Aggregated,93.000000,0.000000,9,14,20,25,140,180,270,1100,1300,1300,1300,8334,0,9,36.13062288973582,1.5001400606706738,1365.1708320248872,1012.3809695224382
1774611816,10,GET,/api/audio/latency,14.200000,0.000000,9,14,19,21,150,170,270,270,270,270,270,1246,0,8,28.804392796413403,1.5001400606706738,1326.6441239975393,33.05216693418941
1774611816,10,GET,/api/audio/levels,14.200000,0.000000,13,30,79,110,180,200,1200,1200,1200,1200,1200,1246,0,9,54.467985064839944,1.5625059604644775,1309.4227639958262,76.87078651685393
1774611816,10,GET,/api/audio/levels (during plugin swap),4.200000,0.000000,9,13,19,62,160,200,210,210,210,210,210,325,0,10,70.78753129041826,1.5781919937580824,1298.7376680830494,77.32
1774611816,10,GET,/api/audio/levels/plugins,4.200000,0.000000,3,5,7,10,15,20,20,20,20,20,20,325,0,6,20.472304438455748,1.5065419720485806,1342.3058059997857,20.52
1774611816,10,GET,/api/audio/status,11.200000,0.000000,7,9,11,13,17,24,170,280,280,280,280,974,0,6,11.873138302342404,1.5397770330309868,275.8934219600633,303.0533880903491
1774611816,10,GET,/api/chains/,0.000000,0.000000,0,0,0,0,0,0,0,0,0,0,0,64,0,13,44.4865199533524,2.089375047944486,302.3143840255216,1478.296875
1774611816,10,GET,/api/chains/{id},11.200000,0.000000,12,49,100,120,180,1000,1200,1300,1300,1300,1300,974,0,10,61.31572773509412,1.9346090266481042,1318.3924700133502,806.4404517453798
1774611816,10,POST,/api/chains/{id}/activate,11.200000,0.000000,11,20,30,38,180,270,290,1300,1300,1300,1300,974,0,9,31.33417907585935,1.778690959326923,1257.727513089776,54.1735112936345
1774611816,10,POST,/api/chains/{id}/deactivate,11.200000,0.000000,5,9,12,13,15,18,20,21,21,21,21,974,0,5,10.727479322301892,1.8003659788519144,201.28799101803452,61.512320328542096
1774611816,10,POST,/api/plugins/batch/parameters (500 updates),9.300000,0.000000,21,32,66,94,150,200,220,230,230,230,230,590,0,19,63.25959471010966,5.449230084195733,1365.1708320248872,871.2101694915254
1774611816,10,GET,/api/plugins/discover,0.000000,0.000000,0,0,0,0,0,0,0,0,0,0,0,64,0,28,37.74846755004546,12.908800039440393,155.31902690418065,89708.0
1774611816,10,GET,/api/plugins/list,0.000000,0.000000,0,0,0,0,0,0,0,0,0,0,0,64,0,11,26.758709516798262,1.6044959193095565,192.37323594279587,72.953125
1774611816,10,POST,/api/plugins/load?uri,4.200000,0.000000,6,12,17,21,28,170,180,180,180,180,180,325,0,9,26.44209435567833,1.8879700219258666,1250.9400709532201,2241.3907692307694
1774611816,10,POST,/api/plugins/unload?uri,4.200000,0.000000,4,7,9,11,16,20,110,110,110,110,110,325,0,6,14.240615473558696,1.824095961637795,222.2753749229014,126.6676923076923
1774611816,10,,Aggregated,99.300000,0.000000,9,15,20,29,140,180,270,1100,1300,1300,1300,8470,0,9,35.795924251480194,1.5001400606706738,1365.1708320248872,1001.9258559622195
1774611817,10,GET,/api/audio/latency,13.900000,0.000000,9,16,20,21,150,170,270,270,270,270,270,1261,0,8,29.034808366710852,1.5001400606706738,1326.6441239975393,33.05154639175258
1774611817,10,GET,/api/audio/levels,13.900000,0.000000,11,53,80,110,180,200,1200,1200,1200,1200,1200,1261,0,10,54.956330340684296,1.5625059604644775,1309.4227639958262,76.89690721649484
1774611817,10,GET,/api/audio/levels (during plugin swap),3.900000,0.000000,8,11,18,20,160,170,200,200,200,200,200,331,0,10,70.41698339144808,1.5781919937580824,1298.7376680830494,77.2809667673716
1774611817,10,GET,/api/audio/levels/plugins,3.900000,0.000000,3,5,6,7,12,20,20,20,20,20,20,331,0,6,20.196662351610055,1.5065419720485806,1342.3058059997857,20.51963746223565
1774611817,10,GET,/api/audio/status,10.100000,0.000000,5,8,11,11,14,24,170,280,280,280,280,981,0,6,11.829496083983337,1.5397770330309868,275.8934219600633,303.05300713557597
1774611817,10,GET,/api/chains/,0.000000,0.000000,0,0,0,0,0,0,0,0,0,0,0,64,0,13,44.4865199533524,2.089375047944486,302.3143840255216,1478.296875
1774611817,10,GET,/api/chains/{id},10.100000,0.000000,11,19,68,100,180,1000,1200,1300,1300,1300,1300,981,0,10,61.174050225305706,1.9346090266481042,1318.3924700133502,806.5443425076453
1774611817,10,POST,/api/chains/{id}/activate,10.100000,0.000000,10,18,25,37,170,270,290,1300,1300,1300,1300,981,0,9,31.37132198163892,1.778690959326923,1257.727513089776,54.18960244648318
1774611817,10,POST,/api/chains/{id}/deactivate,10.100000,0.000000,4,8,11,13,15,19,20,21,21,21,21,981,0,5,10.692562156871425,1.8003659788519144,201.28799101803452,61.49031600407747
1774611817,10,POST,/api/plugins/batch/parameters (500 updates),9.400000,0.000000,18,31,66,89,150,200,220,230,230,230,230,599,0,19,63.26757309292109,5.449230084195733,1365.1708320248872,871.2871452420701
1774611817,10,GET,/api/plugins/discover,0.000000,0.000000,0,0,0,0,0,0,0,0,0,0,0,64,0,28,37.74846755004546,12.908800039440393,155.31902690418065,89708.0
1774611817,10,GET,/api/plugins/list,0.000000,0.000000,0,0,0,0,0,0,0,0,0,0,0,64,0,11,26.758709516798262,1.6044959193095565,192.37323594279587,72.953125
1774611817,10,POST,/api/plugins/load?uri,3.900000,0.000000,8,11,17,19,23,62,170,170,170,170,170,331,0,9,26.173718379152056,1.8879700219258666,1250.9400709532201,2226.3021148036255
1774611817,10,POST,/api/plugins/unload?uri,3.900000,0.000000,4,8,8,11,16,19,110,110,110,110,110,331,0,6,14.11981850136578,1.824095961637795,222.2753749229014,126.64652567975831
1774611817,10,,Aggregated,93.200000,0.000000,8,14,20,25,130,180,270,1100,1300,1300,1300,8561,0,9,35.85996092975966,1.5001400606706738,1365.1708320248872,994.5488844761126
1774611818,10,GET,/api/audio/latency,14.400000,0.000000,7,15,20,21,63,160,270,270,270,270,270,1284,0,8,28.670312908755157,1.5001400606706738,1326.6441239975393,33.0506230529595
1774611818,10,GET,/api/audio/levels,14.400000,0.000000,11,46,80,110,180,200,1200,1200,1200,1200,1200,1284,0,10,54.27895296309535,1.5625059604644775,1309.4227639958262,76.85747663551402
1774611818,10,GET,/api/audio/levels (during plugin swap),4.000000,0.000000,6,11,16,19,160,170,200,200,200,200,200,334,0,10,69.80434351657868,1.5781919937580824,1298.7376680830494,77.2814371257485
1774611818,10,GET,/api/audio/levels/plugins,4.000000,0.000000,3,5,6,7,12,20,20,20,20,20,20,334,0,6,20.031043219946124,1.5065419720485806,1342.3058059997857,20.538922155688624
1774611818,10,GET,/api/audio/status,10.500000,0.000000,5,8,11,11,15,21,150,170,280,280,280,995,0,5,11.753562228735444,1.5397770330309868,275.8934219600633,303.05226130653267
1774611818,10,GET,/api/chains/,0.000000,0.000000,0,0,0,0,0,0,0,0,0,0,0,64,0,13,44.4865199533524,2.089375047944486,302.3143840255216,1478.296875
1774611818,10,GET,/api/chains/{id},10.500000,0.000000,13,25,60,74,180,230,1200,1200,1300,1300,1300,995,0,10,60.655215023150994,1.9346090266481042,1318.3924700133502,807.0964824120603
1774611818,10,POST,/api/chains/{id}/activate,10.500000,0.000000,10,18,25,37,170,270,280,290,1300,1300,1300,995,0,9,31.146569376642905,1.778690959326923,1257.727513089776,54.17085427135678
1774611818,10,POST,/api/chains/{id}/deactivate,10.500000,0.000000,4,7,10,11,15,18,20,20,21,21,21,994,0,5,10.613443980872317,1.8003659788519144,201.28799101803452,61.496981891348085
1774611818,10,POST,/api/plugins/batch/parameters (500 updates),9.200000,0.000000,18,30,44,79,140,170,220,220,230,230,230,617,0,19,62.171644503454495,5.449230084195733,1365.1708320248872,870.7520259319286
1774611818,10,GET,/api/plugins/discover,0.000000,0.000000,0,0,0,0,0,0,0,0,0,0,0,64,0,28,37.74846755004546,12.908800039440393,155.31902690418065,89708.0
1774611818,10,GET,/api/plugins/list,0.000000,0.000000,0,0,0,0,0,0,0,0,0,0,0,64,0,11,26.758709516798262,1.6044959193095565,192.37323594279587,72.953125
1774611818,10,POST,/api/plugins/load?uri,4.000000,0.000000,6,10,14,18,23,62,170,170,170,170,170,334,0,9,25.961523525651074,1.8879700219258666,1250.9400709532201,2231.194610778443
1774611818,10,POST,/api/plugins/unload?uri,4.000000,0.000000,4,8,8,10,16,19,110,110,110,110,110,334,0,6,14.04615403864042,1.824095961637795,222.2753749229014,126.61976047904191
1774611818,10,,Aggregated,96.000000,0.000000,8,14,20,26,120,180,270,1000,1300,1300,1300,8692,0,9,35.526607838958405,1.5001400606706738,1365.1708320248872,984.6728025770824
1774611819,10,GET,/api/audio/latency,14.200000,0.000000,8,16,20,23,120,170,270,270,270,270,270,1302,0,8,28.64316521575832,1.5001400606706738,1326.6441239975393,33.05990783410138
1774611819,10,GET,/api/audio/levels,14.100000,0.000000,11,39,77,92,170,180,220,220,240,240,240,1302,0,10,54.23974491591092,1.5625059604644775,1309.4227639958262,76.86405529953917
1774611819,10,GET,/api/audio/levels (during plugin swap),3.800000,0.000000,8,16,20,110,170,200,230,230,230,230,230,337,0,10,70.37712328615446,1.5781919937580824,1298.7376680830494,77.28189910979229
1774611819,10,GET,/api/audio/levels/plugins,3.800000,0.000000,3,5,7,9,18,20,22,22,22,22,22,337,0,6,19.979517003908224,1.5065419720485806,1342.3058059997857,20.55786350148368
1774611819,10,GET,/api/audio/status,9.800000,0.000000,5,8,10,11,14,21,150,170,280,280,280,1004,0,6,11.71994550256578,1.5397770330309868,275.8934219600633,303.0517928286853
1774611819,10,GET,/api/chains/,0.000000,0.000000,0,0,0,0,0,0,0,0,0,0,0,64,0,13,44.4865199533524,2.089375047944486,302.3143840255216,1478.296875
1774611819,10,GET,/api/chains/{id},9.800000,0.000000,11,19,51,68,160,180,200,200,230,230,230,1005,0,10,60.63834120987437,1.9346090266481042,1318.3924700133502,807.1054726368159
1774611819,10,POST,/api/chains/{id}/activate,9.800000,0.000000,10,19,26,33,150,190,270,280,290,290,290,1005,0,9,31.017102166055817,1.778690959326923,1257.727513089776,54.15422885572139
1774611819,10,POST,/api/chains/{id}/deactivate,9.800000,0.000000,4,7,10,11,15,18,20,20,21,21,21,1004,0,5,10.56891177728516,1.8003659788519144,201.28799101803452,61.50199203187251
1774611819,10,POST,/api/plugins/batch/parameters (500 updates),9.200000,0.000000,19,31,61,89,150,200,220,230,250,250,250,625,0,19,62.37706261854619,5.449230084195733,1365.1708320248872,871.5184
1774611819,10,GET,/api/plugins/discover,0.000000,0.000000,0,0,0,0,0,0,0,0,0,0,0,64,0,28,37.74846755004546,12.908800039440393,155.31902690418065,89708.0
1774611819,10,GET,/api/plugins/list,0.000000,0.000000,0,0,0,0,0,0,0,0,0,0,0,64,0,11,26.758709516798262,1.6044959193095565,192.37323594279587,72.953125
1774611819,10,POST,/api/plugins/load?uri,3.800000,0.000000,6,12,19,21,29,160,170,170,170,170,170,337,0,9,26.294941111268802,1.8879700219258666,1250.9400709532201,2241.4510385756676
1774611819,10,POST,/api/plugins/unload?uri,3.800000,0.000000,5,8,10,11,16,19,110,110,110,110,110,337,0,6,13.999392308546257,1.824095961637795,222.2753749229014,126.69139465875371
1774611819,10,,Aggregated,91.900000,0.000000,8,14,20,28,110,170,220,270,290,290,290,8787,0,9,35.55205658123663,1.5001400606706738,1365.1708320248872,977.6972800728348
1774611820,10,GET,/api/audio/latency,14.200000,0.000000,7,14,19,20,34,150,170,180,180,180,180,1312,0,8,28.47918570691169,1.5001400606706738,1326.6441239975393,33.0594512195122
1774611820,10,GET,/api/audio/levels,14.100000,0.000000,11,29,69,82,160,180,220,220,220,220,220,1312,0,10,53.88791880977806,1.5625059604644775,1309.4227639958262,76.86432926829268
1774611820,10,GET,/api/audio/levels (during plugin swap),3.800000,0.000000,8,11,18,19,170,170,230,230,230,230,230,341,0,10,69.64337078395609,1.5781919937580824,1298.7376680830494,77.2316715542522
1774611820,10,GET,/api/audio/levels/plugins,3.800000,0.000000,3,5,7,9,14,20,22,22,22,22,22,341,0,6,19.81139647920515,1.5065419720485806,1342.3058059997857,20.59530791788856
1774611820,10,GET,/api/audio/status,9.800000,0.000000,4,8,9,11,13,17,24,150,170,170,170,1010,0,5,11.670505654845977,1.5397770330309868,275.8934219600633,303.05148514851487
1774611820,10,GET,/api/chains/,0.000000,0.000000,0,0,0,0,0,0,0,0,0,0,0,64,0,13,44.4865199533524,2.089375047944486,302.3143840255216,1478.296875
1774611820,10,GET,/api/chains/{id},9.800000,0.000000,10,18,43,55,120,180,190,200,200,200,200,1010,0,10,60.370387707832315,1.9346090266481042,1318.3924700133502,807.0227722772278
1774611820,10,POST,/api/chains/{id}/activate,9.800000,0.000000,9,14,20,25,38,150,170,180,190,190,190,1010,0,9,30.87674887518924,1.778690959326923,1257.727513089776,54.15841584158416
1774611820,10,POST,/api/chains/{id}/deactivate,9.800000,0.000000,4,7,9,11,15,19,20,21,24,24,24,1010,0,5,10.545445120395485,1.8003659788519144,201.28799101803452,61.504950495049506
1774611820,10,POST,/api/plugins/batch/parameters (500 updates),9.200000,0.000000,18,29,39,66,130,160,210,220,250,250,250,631,0,19,61.919067365673804,5.449230084195733,1365.1708320248872,871.7923930269413
1774611820,10,GET,/api/plugins/discover,0.000000,0.000000,0,0,0,0,0,0,0,0,0,0,0,64,0,28,37.74846755004546,12.908800039440393,155.31902690418065,89708.0
1774611820,10,GET,/api/plugins/list,0.000000,0.000000,0,0,0,0,0,0,0,0,0,0,0,64,0,11,26.758709516798262,1.6044959193095565,192.37323594279587,72.953125
1774611820,10,POST,/api/plugins/load?uri,3.800000,0.000000,5,10,18,19,29,160,170,170,170,170,170,341,0,9,26.05495799832658,1.8879700219258666,1250.9400709532201,2249.9648093841643
1774611820,10,POST,/api/plugins/unload?uri,3.800000,0.000000,5,8,10,10,14,19,110,110,110,110,110,341,0,6,13.905443613010505,1.8052880186587572,222.2753749229014,126.78592375366568
1774611820,10,,Aggregated,91.900000,0.000000,8,13,19,22,77,160,180,200,250,250,250,8851,0,9,35.345210717543694,1.5001400606706738,1365.1708320248872,973.5328211501525
1774611821,10,GET,/api/audio/latency,14.600000,0.000000,10,19,21,23,34,150,170,180,180,180,180,1324,0,8,28.408401775676083,1.5001400606706738,1326.6441239975393,33.05891238670695
1774611821,10,GET,/api/audio/levels,14.600000,0.000000,16,63,82,110,190,1100,1200,1200,1200,1200,1200,1324,0,10,61.41578729772304,1.5625059604644775,1309.4227639958262,76.92749244712991
1774611821,10,GET,/api/audio/levels (during plugin swap),3.500000,0.000000,8,13,18,79,170,170,230,230,230,230,230,342,0,10,69.66997348371218,1.5781919937580824,1298.7376680830494,77.21929824561404
1774611821,10,GET,/api/audio/levels/plugins,3.500000,0.000000,3,6,9,10,17,20,22,22,22,22,22,342,0,6,19.80402981705844,1.5065419720485806,1342.3058059997857,20.614035087719298
1774611821,10,GET,/api/audio/status,11.100000,0.000000,4,8,9,11,13,17,21,170,170,170,170,1014,0,5,11.650248849488927,1.5397770330309868,275.8934219600633,303.05128205128204
1774611821,10,GET,/api/chains/,0.000000,0.000000,0,0,0,0,0,0,0,0,0,0,0,64,0,13,44.4865199533524,2.089375047944486,302.3143840255216,1478.296875
1774611821,10,GET,/api/chains/{id},11.000000,0.000000,11,25,50,65,160,190,200,1100,1100,1100,1100,1014,0,10,61.35117139849128,1.9346090266481042,1318.3924700133502,807.2001972386588
1774611821,10,POST,/api/chains/{id}/activate,11.100000,0.000000,9,18,21,26,39,170,180,190,190,190,190,1014,0,9,30.85278333713534,1.778690959326923,1257.727513089776,54.13214990138067
1774611821,10,POST,/api/chains/{id}/deactivate,11.100000,0.000000,4,6,8,9,15,19,21,24,24,24,24,1014,0,5,10.517295097281947,1.8003659788519144,201.28799101803452,61.5069033530572
1774611821,10,POST,/api/plugins/batch/parameters (500 updates),10.900000,0.000000,21,31,61,89,140,170,220,250,250,250,250,633,0,19,61.83642519072969,5.449230084195733,1365.1708320248872,871.8214849921011
1774611821,10,GET,/api/plugins/discover,0.000000,0.000000,0,0,0,0,0,0,0,0,0,0,0,64,0,28,37.74846755004546,12.908800039440393,155.31902690418065,89708.0
1774611821,10,GET,/api/plugins/list,0.000000,0.000000,0,0,0,0,0,0,0,0,0,0,0,64,0,11,26.758709516798262,1.6044959193095565,192.37323594279587,72.953125
1774611821,10,POST,/api/plugins/load?uri,3.500000,0.000000,5,10,18,21,29,160,170,170,170,170,170,342,0,9,26.031594626790685,1.8879700219258666,1250.9400709532201,2247.0701754385964
1774611821,10,POST,/api/plugins/unload?uri,3.500000,0.000000,5,8,10,10,14,19,110,110,110,110,110,342,0,6,13.873180695836655,1.8052880186587572,222.2753749229014,126.78362573099415
1774611821,10,,Aggregated,98.400000,0.000000,9,15,20,26,95,170,200,1100,1200,1200,1200,8897,0,9,36.559011131994836,1.5001400606706738,1365.1708320248872,969.5905361357761
1774611822,10,GET,/api/audio/latency,16.200000,0.000000,7,16,20,22,33,140,170,180,180,180,180,1343,0,8,28.08172461956085,1.5001400606706738,1326.6441239975393,33.05807892777364
1774611822,10,GET,/api/audio/levels,15.800000,0.000000,14,36,77,87,180,1100,1200,1200,1200,1200,1200,1343,0,10,60.805668432524875,1.5625059604644775,1309.4227639958262,76.92032762472077
1774611822,10,GET,/api/audio/levels (during plugin swap),3.900000,0.000000,5,10,14,19,170,230,230,230,230,230,230,345,0,10,69.73777676095673,1.5781919937580824,1298.7376680830494,77.22028985507247
1774611822,10,GET,/api/audio/levels/plugins,3.900000,0.000000,3,4,7,9,17,20,22,22,22,22,22,345,0,6,19.70638433147384,1.5065419720485806,1342.3058059997857,20.669565217391305
1774611822,10,GET,/api/audio/status,11.800000,0.000000,5,8,10,11,13,21,24,120,120,120,120,1029,0,5,11.707592570581324,1.5397770330309868,275.8934219600633,303.0505344995141
1774611822,10,GET,/api/chains/,0.000000,0.000000,0,0,0,0,0,0,0,0,0,0,0,64,0,13,44.4865199533524,2.089375047944486,302.3143840255216,1478.296875
1774611822,10,GET,/api/chains/{id},11.200000,0.000000,11,26,55,72,180,210,230,1100,1100,1100,1100,1030,0,10,61.574975547642964,1.9346090266481042,1318.3924700133502,807.3834951456311
1774611822,10,POST,/api/chains/{id}/activate,11.700000,0.000000,9,18,22,25,37,42,170,180,180,180,180,1029,0,9,30.61952513262025,1.778690959326923,1257.727513089776,54.14480077745384
1774611822,10,POST,/api/chains/{id}/deactivate,11.800000,0.000000,4,7,10,11,15,16,20,24,24,24,24,1029,0,5,10.495461783063234,1.8003659788519144,201.28799101803452,61.51409135082604
1774611822,10,POST,/api/plugins/batch/parameters (500 updates),11.500000,0.000000,21,35,79,97,160,200,230,250,250,250,250,643,0,19,62.04766517379763,5.449230084195733,1365.1708320248872,872.1710730948678
1774611822,10,GET,/api/plugins/discover,0.000000,0.000000,0,0,0,0,0,0,0,0,0,0,0,64,0,28,37.74846755004546,12.908800039440393,155.31902690418065,89708.0
1774611822,10,GET,/api/plugins/list,0.000000,0.000000,0,0,0,0,0,0,0,0,0,0,0,64,0,11,26.758709516798262,1.6044959193095565,192.37323594279587,72.953125
1774611822,10,POST,/api/plugins/load?uri,3.900000,0.000000,5,8,10,19,27,62,160,160,160,160,160,345,0,9,25.896990282353066,1.8879700219258666,1250.9400709532201,2241.75652173913
1774611822,10,POST,/api/plugins/unload?uri,3.900000,0.000000,4,6,8,9,14,19,19,19,19,19,19,345,0,6,13.819816220295278,1.8052880186587572,222.2753749229014,126.7768115942029
1774611822,10,,Aggregated,105.600000,0.000000,8,14,20,25,82,170,220,1100,1200,1200,1200,9018,0,9,36.436594268212076,1.5001400606706738,1365.1708320248872,960.5757374140608
1774611823,10,GET,/api/audio/latency,15.300000,0.000000,5,17,20,23,33,120,170,180,180,180,180,1365,0,7,27.810555148781056,1.5001400606706738,1326.6441239975393,33.05714285714286
1774611823,10,GET,/api/audio/levels,15.400000,0.000000,12,36,73,87,180,1100,1200,1200,1200,1200,1200,1365,0,10,60.2684426799437,1.5625059604644775,1309.4227639958262,76.91428571428571
1774611823,10,GET,/api/audio/levels (during plugin swap),3.700000,0.000000,8,18,31,97,170,230,230,230,230,230,230,349,0,10,69.50433316165555,1.5781919937580824,1298.7376680830494,77.20916905444126
1774611823,10,GET,/api/audio/levels/plugins,3.600000,0.000000,4,9,10,17,20,22,22,22,22,22,22,349,0,6,19.648747682440654,1.5065419720485806,1342.3058059997857,20.667621776504298
1774611823,10,GET,/api/audio/status,10.600000,0.000000,5,9,10,11,15,21,24,31,120,120,120,1041,0,5,11.686619561175412,1.5397770330309868,275.8934219600633,303.04995196926035
1774611823,10,GET,/api/chains/,0.000000,0.000000,0,0,0,0,0,0,0,0,0,0,0,64,0,13,44.4865199533524,2.089375047944486,302.3143840255216,1478.296875
1774611823,10,GET,/api/chains/{id},10.800000,0.000000,12,30,60,72,170,200,220,230,1100,1100,1100,1041,0,10,61.23224150713293,1.9346090266481042,1318.3924700133502,807.6436119116235
1774611823,10,POST,/api/chains/{id}/activate,10.600000,0.000000,9,18,22,25,38,45,170,180,190,190,190,1041,0,9,30.589155880975877,1.778690959326923,1257.727513089776,54.11623439000961
1774611823,10,POST,/api/chains/{id}/deactivate,10.600000,0.000000,5,8,10,11,15,15,20,24,190,190,190,1041,0,5,10.625860128550826,1.8003659788519144,201.28799101803452,61.51969260326609
1774611823,10,POST,/api/plugins/batch/parameters (500 updates),10.800000,0.000000,19,35,81,97,160,200,230,250,250,250,250,651,0,19,61.80206302588465,5.449230084195733,1365.1708320248872,872.57910906298
1774611823,10,GET,/api/plugins/discover,0.000000,0.000000,0,0,0,0,0,0,0,0,0,0,0,64,0,28,37.74846755004546,12.908800039440393,155.31902690418065,89708.0
1774611823,10,GET,/api/plugins/list,0.000000,0.000000,0,0,0,0,0,0,0,0,0,0,0,64,0,11,26.758709516798262,1.6044959193095565,192.37323594279587,72.953125
1774611823,10,POST,/api/plugins/load?uri,3.600000,0.000000,6,10,17,19,29,35,160,160,160,160,160,349,0,9,25.806683594331595,1.8879700219258666,1250.9400709532201,2232.4756446991405
1774611823,10,POST,/api/plugins/unload?uri,3.600000,0.000000,5,6,8,10,16,19,19,19,19,19,19,349,0,6,13.726653237653666,1.8052880186587572,222.2753749229014,126.77650429799426
1774611823,10,,Aggregated,98.600000,0.000000,9,15,20,25,83,170,220,1100,1200,1200,1200,9133,0,9,36.25988147184184,1.5001400606706738,1365.1708320248872,951.8120004379722
1774611824,10,GET,/api/audio/latency,15.400000,0.000000,5,16,20,22,29,37,160,180,180,180,180,1382,0,7,27.594283837154535,1.5001400606706738,1326.6441239975393,33.05643994211288
1774611824,10,GET,/api/audio/levels,15.400000,0.000000,9,21,57,75,160,1100,1200,1200,1200,1200,1200,1382,0,10,59.79891380980172,1.5625059604644775,1309.4227639958262,76.92257597684515
1774611824,10,GET,/api/audio/levels (during plugin swap),3.700000,0.000000,8,19,79,97,170,230,230,230,230,230,230,354,0,10,69.03569479203273,1.5781919937580824,1298.7376680830494,77.1864406779661
1774611824,10,GET,/api/audio/levels/plugins,3.700000,0.000000,5,9,13,17,20,22,22,22,22,22,22,354,0,6,19.512137285654703,1.5065419720485806,1342.3058059997857,20.646892655367232
1774611824,10,GET,/api/audio/status,11.100000,0.000000,5,8,10,11,18,24,34,34,120,120,120,1053,0,5,11.691033730839697,1.5397770330309868,275.8934219600633,303.04938271604937
1774611824,10,GET,/api/chains/,0.000000,0.000000,0,0,0,0,0,0,0,0,0,0,0,64,0,13,44.4865199533524,2.089375047944486,302.3143840255216,1478.296875
1774611824,10,GET,/api/chains/{id},11.100000,0.000000,11,20,51,65,160,200,220,230,1100,1100,1100,1053,0,10,61.07195332464616,1.9346090266481042,1318.3924700133502,807.3133903133903
1774611824,10,POST,/api/chains/{id}/activate,11.100000,0.000000,9,17,22,25,38,45,180,180,190,190,190,1053,0,9,30.787412596690483,1.778690959326923,1257.727513089776,54.11206077872745
1774611824,10,POST,/api/chains/{id}/deactivate,11.100000,0.000000,5,9,10,11,14,15,20,24,190,190,190,1053,0,5,10.612782861145014,1.8003659788519144,201.28799101803452,61.52516619183286
1774611824,10,POST,/api/plugins/batch/parameters (500 updates),9.800000,0.000000,18,30,62,100,170,210,230,250,250,250,250,663,0,19,62.340614145697515,5.449230084195733,1365.1708320248872,872.6214177978884
1774611824,10,GET,/api/plugins/discover,0.000000,0.000000,0,0,0,0,0,0,0,0,0,0,0,64,0,28,37.74846755004546,12.908800039440393,155.31902690418065,89708.0
1774611824,10,GET,/api/plugins/list,0.000000,0.000000,0,0,0,0,0,0,0,0,0,0,0,64,0,11,26.758709516798262,1.6044959193095565,192.37323594279587,72.953125
1774611824,10,POST,/api/plugins/load?uri,3.700000,0.000000,9,10,18,19,29,35,160,160,160,160,160,354,0,9,25.608947340104372,1.8879700219258666,1250.9400709532201,2229.5254237288136
1774611824,10,POST,/api/plugins/unload?uri,3.700000,0.000000,5,8,9,10,15,19,19,19,19,19,19,354,0,6,13.634958898051416,1.8052880186587572,222.2753749229014,126.77401129943503
1774611824,10,,Aggregated,99.800000,0.000000,8,14,19,24,70,160,220,1100,1200,1200,1200,9247,0,9,36.17788790811284,1.5001400606706738,1365.1708320248872,944.1842759813994
1774611825,10,GET,/api/audio/latency,16.500000,0.000000,6,14,20,22,29,37,160,180,180,180,180,1399,0,7,27.377249626326293,1.5001400606706738,1326.6441239975393,33.05575411007863
1774611825,10,GET,/api/audio/levels,16.500000,0.000000,12,26,66,77,170,1100,1200,1200,1200,1200,1200,1399,0,10,59.466465894902406,1.5625059604644775,1309.4227639958262,76.93066476054325
1774611825,10,GET,/api/audio/levels (during plugin swap),3.500000,0.000000,8,24,79,97,170,230,230,230,230,230,230,356,0,10,68.73665667522249,1.5781919937580824,1298.7376680830494,77.16292134831461
1774611825,10,GET,/api/audio/levels/plugins,3.500000,0.000000,6,10,13,17,20,22,22,22,22,22,22,356,0,6,19.45095159031001,1.5065419720485806,1342.3058059997857,20.68258426966292
1774611825,10,GET,/api/audio/status,10.900000,0.000000,5,9,11,12,21,27,34,34,120,120,120,1072,0,5,11.628583749628508,1.5397770330309868,275.8934219600633,303.0485074626866
1774611825,10,GET,/api/chains/,0.000000,0.000000,0,0,0,0,0,0,0,0,0,0,0,64,0,13,44.4865199533524,2.089375047944486,302.3143840255216,1478.296875
1774611825,10,GET,/api/chains/{id},10.900000,0.000000,13,26,60,70,160,200,220,230,1100,1100,1100,1072,0,10,60.3289715697035,1.9346090266481042,1318.3924700133502,807.0792910447761
1774611825,10,POST,/api/chains/{id}/activate,10.900000,0.000000,10,17,22,25,38,45,180,180,190,190,190,1072,0,9,30.419872985625425,1.778690959326923,1257.727513089776,54.12313432835821
1774611825,10,POST,/api/chains/{id}/deactivate,10.900000,0.000000,5,8,10,11,14,16,24,27,190,190,190,1072,0,5,10.54705417883989,1.8003659788519144,201.28799101803452,61.53358208955224
1774611825,10,POST,/api/plugins/batch/parameters (500 updates),10.000000,0.000000,21,35,79,130,170,210,230,250,250,250,250,679,0,19,61.70947966217276,5.449230084195733,1365.1708320248872,872.5699558173785
1774611825,10,GET,/api/plugins/discover,0.000000,0.000000,0,0,0,0,0,0,0,0,0,0,0,64,0,28,37.74846755004546,12.908800039440393,155.31902690418065,89708.0
1774611825,10,GET,/api/plugins/list,0.000000,0.000000,0,0,0,0,0,0,0,0,0,0,0,64,0,11,26.758709516798262,1.6044959193095565,192.37323594279587,72.953125
1774611825,10,POST,/api/plugins/load?uri,3.500000,0.000000,10,12,18,19,29,35,160,160,160,160,160,356,0,9,25.53062082701258,1.8879700219258666,1250.9400709532201,2227.4719101123596
1774611825,10,POST,/api/plugins/unload?uri,3.500000,0.000000,6,9,10,11,16,19,21,21,21,21,21,356,0,6,13.654328429459312,1.8052880186587572,222.2753749229014,126.75280898876404
1774611825,10,,Aggregated,100.600000,0.000000,9,15,21,26,77,160,220,1100,1200,1200,1200,9381,0,9,35.89919699547715,1.5001400606706738,1365.1708320248872,935.2857904274598
1774611826,10,GET,/api/audio/latency,16.400000,0.000000,5,14,20,22,30,39,140,160,180,180,180,1410,0,8,27.60978905205014,1.5001400606706738,1326.6441239975393,33.05531914893617
1774611826,10,GET,/api/audio/levels,16.400000,0.000000,10,21,42,69,150,1100,1200,1200,1200,1200,1200,1410,0,10,59.549232922718986,1.5625059604644775,1309.4227639958262,76.93687943262411
1774611826,10,GET,/api/audio/levels (during plugin swap),3.300000,0.000000,8,31,79,140,170,230,230,230,230,230,230,359,0,10,69.03469663639981,1.5781919937580824,1298.7376680830494,77.16434540389972
1774611826,10,GET,/api/audio/levels/plugins,3.200000,0.000000,8,13,18,20,22,28,30,30,30,30,30,359,0,6,19.454862719108572,1.5065419720485806,1342.3058059997857,20.735376044568245
1774611826,10,GET,/api/audio/status,11.300000,0.000000,5,9,15,16,24,29,34,34,120,120,120,1086,0,5,11.666920461754518,1.5397770330309868,275.8934219600633,303.04788213627995
1774611826,10,GET,/api/chains/,0.000000,0.000000,0,0,0,0,0,0,0,0,0,0,0,64,0,13,44.4865199533524,2.089375047944486,302.3143840255216,1478.296875
1774611826,10,GET,/api/chains/{id},11.300000,0.000000,13,28,63,80,160,210,220,230,1100,1100,1100,1086,0,10,60.49229634844683,1.9346090266481042,1318.3924700133502,806.6049723756906
1774611826,10,POST,/api/chains/{id}/activate,11.300000,0.000000,11,18,25,30,40,150,160,180,190,190,190,1086,0,10,30.677311969376436,1.778690959326923,1257.727513089776,54.129834254143645
1774611826,10,POST,/api/chains/{id}/deactivate,11.300000,0.000000,7,9,10,11,14,16,24,27,190,190,190,1086,0,5,10.549993588482794,1.8003659788519144,201.28799101803452,61.53959484346225
1774611826,10,POST,/api/plugins/batch/parameters (500 updates),9.400000,0.000000,18,28,42,97,170,200,230,250,250,250,250,684,0,19,61.619136744752055,5.449230084195733,1365.1708320248872,872.2514619883041
1774611826,10,GET,/api/plugins/discover,0.000000,0.000000,0,0,0,0,0,0,0,0,0,0,0,64,0,28,37.74846755004546,12.908800039440393,155.31902690418065,89708.0
1774611826,10,GET,/api/plugins/list,0.000000,0.000000,0,0,0,0,0,0,0,0,0,0,0,64,0,11,26.758709516798262,1.6044959193095565,192.37323594279587,72.953125
1774611826,10,POST,/api/plugins/load?uri,3.200000,0.000000,10,13,17,27,35,150,160,160,160,160,160,359,0,9,25.77390168886891,1.8879700219258666,1250.9400709532201,2235.225626740947
1774611826,10,POST,/api/plugins/unload?uri,3.200000,0.000000,5,10,11,15,17,19,21,21,21,21,21,359,0,6,13.633685629142962,1.8052880186587572,222.2753749229014,126.76044568245125
1774611826,10,,Aggregated,100.300000,0.000000,9,15,21,27,75,160,220,1100,1200,1200,1200,9476,0,9,35.9930504511012,1.5001400606706738,1365.1708320248872,929.3056141831996
1774611827,10,GET,/api/audio/latency,16.900000,0.000000,7,14,20,22,30,39,150,160,180,180,180,1428,0,7,27.447777802707673,1.5001400606706738,1326.6441239975393,33.054621848739494
1774611827,10,GET,/api/audio/levels,16.900000,0.000000,11,25,52,77,170,1100,1200,1200,1200,1200,1200,1428,0,10,59.17550039995157,1.5625059604644775,1309.4227639958262,76.91456582633053
1774611827,10,GET,/api/audio/levels (during plugin swap),3.300000,0.000000,9,31,79,140,170,230,230,230,230,230,230,365,0,10,68.18009301005824,1.5781919937580824,1298.7376680830494,77.23835616438356
1774611827,10,GET,/api/audio/levels/plugins,3.300000,0.000000,9,13,18,19,22,28,30,30,30,30,30,365,0,6,19.251614367295925,1.5065419720485806,1342.3058059997857,20.695890410958903
1774611827,10,GET,/api/audio/status,11.900000,0.000000,5,9,14,16,22,29,34,34,120,120,120,1106,0,5,11.547944155562952,1.5397770330309868,275.8934219600633,303.0470162748644
1774611827,10,GET,/api/chains/,0.000000,0.000000,0,0,0,0,0,0,0,0,0,0,0,64,0,13,44.4865199533524,2.089375047944486,302.3143840255216,1478.296875
1774611827,10,GET,/api/chains/{id},11.900000,0.000000,12,28,63,82,140,210,220,230,1100,1100,1100,1107,0,10,59.744363438250545,1.9346090266481042,1318.3924700133502,806.3929539295393
1774611827,10,POST,/api/chains/{id}/activate,11.900000,0.000000,11,19,24,30,38,150,160,180,190,190,190,1106,0,10,30.32291115970632,1.778690959326923,1257.727513089776,54.14556962025316
1774611827,10,POST,/api/chains/{id}/deactivate,11.900000,0.000000,7,9,10,11,14,16,24,27,190,190,190,1106,0,5,10.457878357964058,1.8003659788519144,201.28799101803452,61.54792043399638
1774611827,10,POST,/api/plugins/batch/parameters (500 updates),10.000000,0.000000,22,35,97,140,190,210,230,250,250,250,250,693,0,19,61.5975783817325,5.449230084195733,1365.1708320248872,872.0793650793651
1774611827,10,GET,/api/plugins/discover,0.000000,0.000000,0,0,0,0,0,0,0,0,0,0,0,64,0,28,37.74846755004546,12.908800039440393,155.31902690418065,89708.0
1774611827,10,GET,/api/plugins/list,0.000000,0.000000,0,0,0,0,0,0,0,0,0,0,0,64,0,11,26.758709516798262,1.6044959193095565,192.37323594279587,72.953125
1774611827,10,POST,/api/plugins/load?uri,3.300000,0.000000,10,13,18,23,29,150,160,160,160,160,160,365,0,9,25.502277220191104,1.8879700219258666,1250.9400709532201,2224.7123287671234
1774611827,10,POST,/api/plugins/unload?uri,3.300000,0.000000,5,9,12,13,16,19,21,21,21,21,21,365,0,6,13.487514189112778,1.8052880186587572,222.2753749229014,126.7972602739726
1774611827,10,,Aggregated,104.600000,0.000000,9,16,22,28,80,160,220,1100,1200,1200,1200,9626,0,9,35.686390663525884,1.5001400606706738,1365.1708320248872,919.5751090795761
1774611828,10,GET,/api/audio/latency,16.300000,0.000000,7,14,20,22,29,39,150,160,160,160,160,1444,0,8,27.47157729573295,1.5001400606706738,1326.6441239975393,33.054016620498615
1774611828,10,GET,/api/audio/levels,16.400000,0.000000,10,20,49,75,170,1100,1200,1200,1200,1200,1200,1444,0,10,58.98119935675891,1.5625059604644775,1309.4227639958262,76.91620498614958
1774611828,10,GET,/api/audio/levels (during plugin swap),3.300000,0.000000,10,20,67,77,150,200,230,230,230,230,230,373,0,10,67.59157930450868,1.5781919937580824,1298.7376680830494,77.2171581769437
1774611828,10,GET,/api/audio/levels/plugins,3.300000,0.000000,9,13,18,19,22,29,30,30,30,30,30,373,0,6,19.069114402211184,1.5065419720485806,1342.3058059997857,20.656836461126005
1774611828,10,GET,/api/audio/status,11.300000,0.000000,4,10,14,16,26,30,34,120,200,200,200,1120,0,5,11.688035612314707,1.5397770330309868,275.8934219600633,303.0464285714286
1774611828,10,GET,/api/chains/,0.000000,0.000000,0,0,0,0,0,0,0,0,0,0,0,64,0,13,44.4865199533524,2.089375047944486,302.3143840255216,1478.296875
1774611828,10,GET,/api/chains/{id},11.300000,0.000000,11,25,63,84,140,210,220,230,1100,1100,1100,1120,0,10,59.64261101107695,1.9346090266481042,1318.3924700133502,806.3330357142858
1774611828,10,POST,/api/chains/{id}/activate,11.300000,0.000000,10,17,22,29,41,150,160,180,190,190,190,1120,0,10,30.346835569902655,1.778690959326923,1257.727513089776,54.151785714285715
1774611828,10,POST,/api/chains/{id}/deactivate,11.300000,0.000000,6,10,11,12,14,17,27,150,190,190,190,1120,0,5,10.512910238217696,1.8003659788519144,201.28799101803452,61.55357142857143
1774611828,10,POST,/api/plugins/batch/parameters (500 updates),9.500000,0.000000,20,29,97,140,180,200,230,230,230,230,230,697,0,19,61.718978771273115,5.449230084195733,1365.1708320248872,872.0516499282639
1774611828,10,GET,/api/plugins/discover,0.000000,0.000000,0,0,0,0,0,0,0,0,0,0,0,64,0,28,37.74846755004546,12.908800039440393,155.31902690418065,89708.0
1774611828,10,GET,/api/plugins/list,0.000000,0.000000,0,0,0,0,0,0,0,0,0,0,0,64,0,11,26.758709516798262,1.6044959193095565,192.37323594279587,72.953125
1774611828,10,POST,/api/plugins/load?uri,3.300000,0.000000,11,14,20,23,29,140,150,150,150,150,150,373,0,9,25.576991054364267,1.8879700219258666,1250.9400709532201,2252.9839142091155
1774611828,10,POST,/api/plugins/unload?uri,3.300000,0.000000,6,9,11,12,16,17,21,21,21,21,21,373,0,6,13.363391850093734,1.8052880186587572,222.2753749229014,126.85254691689008
1774611828,10,,Aggregated,100.600000,0.000000,9,14,20,25,79,160,200,1100,1200,1200,1200,9749,0,9,35.62765159486418,1.5001400606706738,1365.1708320248872,913.2721304749205
1774611829,10,GET,/api/audio/latency,16.800000,0.000000,8,15,20,22,28,39,140,160,160,160,160,1465,0,8,27.230516920873814,1.5001400606706738,1326.6441239975393,33.053242320819116
1774611829,10,GET,/api/audio/levels,16.800000,0.000000,10,25,69,85,160,1100,1200,1200,1200,1200,1200,1465,0,10,58.780165562492,1.5625059604644775,1309.4227639958262,76.93993174061434
1774611829,10,GET,/api/audio/levels (during plugin swap),3.500000,0.000000,11,27,31,77,150,200,230,230,230,230,230,378,0,10,66.91484490105212,1.5781919937580824,1298.7376680830494,77.23015873015873
1774611829,10,GET,/api/audio/levels/plugins,3.500000,0.000000,9,13,15,18,20,28,30,30,30,30,30,378,0,6,18.921865245805336,1.5065419720485806,1342.3058059997857,20.637566137566136
1774611829,10,GET,/api/audio/status,12.400000,0.000000,5,10,15,16,26,30,34,120,200,200,200,1134,0,5,11.656694680885979,1.5397770330309868,275.8934219600633,303.0458553791887
1774611829,10,GET,/api/chains/,0.000000,0.000000,0,0,0,0,0,0,0,0,0,0,0,64,0,13,44.4865199533524,2.089375047944486,302.3143840255216,1478.296875
1774611829,10,GET,/api/chains/{id},12.400000,0.000000,12,27,64,86,140,190,220,230,1100,1100,1100,1134,0,10,59.30259603882994,1.9346090266481042,1318.3924700133502,806.3536155202822
1774611829,10,POST,/api/chains/{id}/activate,12.400000,0.000000,11,17,24,29,38,150,160,180,190,190,190,1134,0,10,30.119406957958695,1.778690959326923,1257.727513089776,54.135802469135804
1774611829,10,POST,/api/chains/{id}/deactivate,12.400000,0.000000,7,10,11,12,15,17,27,150,190,190,190,1134,0,5,10.496351690108787,1.8003659788519144,201.28799101803452,61.55908289241623
1774611829,10,POST,/api/plugins/batch/parameters (500 updates),9.400000,0.000000,18,29,62,130,180,200,230,230,230,230,230,704,0,19,61.400616603185135,5.449230084195733,1365.1708320248872,872.2613636363636
1774611829,10,GET,/api/plugins/discover,0.000000,0.000000,0,0,0,0,0,0,0,0,0,0,0,64,0,28,37.74846755004546,12.908800039440393,155.31902690418065,89708.0
1774611829,10,GET,/api/plugins/list,0.000000,0.000000,0,0,0,0,0,0,0,0,0,0,0,64,0,11,26.758709516798262,1.6044959193095565,192.37323594279587,72.953125
1774611829,10,POST,/api/plugins/load?uri,3.500000,0.000000,10,14,18,23,27,35,150,150,150,150,150,378,0,9,25.374147677596994,1.8879700219258666,1250.9400709532201,2264.796296296296
1774611829,10,POST,/api/plugins/unload?uri,3.500000,0.000000,6,10,11,13,16,17,21,21,21,21,21,378,0,6,13.307289352514855,1.8052880186587572,222.2753749229014,126.8015873015873
1774611829,10,,Aggregated,106.600000,0.000000,9,16,21,26,84,160,200,230,1200,1200,1200,9874,0,9,35.426498496255476,1.5001400606706738,1365.1708320248872,906.0237998784687
1774611830,10,GET,/api/audio/latency,15.800000,0.000000,8,13,18,20,29,40,150,160,180,180,180,1480,0,8,27.174266371120876,1.5001400606706738,1326.6441239975393,33.0527027027027
1774611830,10,GET,/api/audio/levels,15.800000,0.000000,9,21,49,75,130,170,180,190,190,190,190,1480,0,10,58.6219943664194,1.5625059604644775,1309.4227639958262,76.92635135135136
1774611830,10,GET,/api/audio/levels (during plugin swap),3.700000,0.000000,9,24,31,67,150,170,230,230,230,230,230,383,0,10,66.54096169089631,1.5781919937580824,1298.7376680830494,77.24281984334203
1774611830,10,GET,/api/audio/levels/plugins,3.600000,0.000000,8,13,17,19,22,29,30,30,30,30,30,383,0,6,18.771974396023793,1.5065419720485806,1342.3058059997857,20.652741514360315
1774611830,10,GET,/api/audio/status,12.900000,0.000000,5,10,16,17,27,31,34,120,200,200,200,1146,0,5,11.664314841080365,1.5397770330309868,275.8934219600633,303.04537521815007
1774611830,10,GET,/api/chains/,0.000000,0.000000,0,0,0,0,0,0,0,0,0,0,0,64,0,13,44.4865199533524,2.089375047944486,302.3143840255216,1478.296875
1774611830,10,GET,/api/chains/{id},12.900000,0.000000,12,27,65,100,170,190,220,220,230,230,230,1146,0,10,59.604363641429394,1.9346090266481042,1318.3924700133502,806.8368237347295
1774611830,10,POST,/api/chains/{id}/activate,12.900000,0.000000,11,18,24,34,46,160,170,180,190,190,190,1146,0,10,30.442964513261963,1.778690959326923,1257.727513089776,54.175392670157066
1774611830,10,POST,/api/chains/{id}/deactivate,12.900000,0.000000,7,10,11,12,16,20,27,150,190,190,190,1146,0,5,10.498143274708445,1.8003659788519144,201.28799101803452,61.52006980802793
1774611830,10,POST,/api/plugins/batch/parameters (500 updates),8.100000,0.000000,22,37,97,140,190,200,230,230,230,230,230,713,0,19,61.522922089204535,5.449230084195733,1365.1708320248872,871.9775596072931
1774611830,10,GET,/api/plugins/discover,0.000000,0.000000,0,0,0,0,0,0,0,0,0,0,0,64,0,28,37.74846755004546,12.908800039440393,155.31902690418065,89708.0
1774611830,10,GET,/api/plugins/list,0.000000,0.000000,0,0,0,0,0,0,0,0,0,0,0,64,0,11,26.758709516798262,1.6044959193095565,192.37323594279587,72.953125
1774611830,10,POST,/api/plugins/load?uri,3.600000,0.000000,11,14,20,24,29,140,170,170,170,170,170,383,0,9,25.514440371183188,1.8879700219258666,1250.9400709532201,2268.7180156657964
1774611830,10,POST,/api/plugins/unload?uri,3.600000,0.000000,5,9,12,15,16,17,21,21,21,21,21,383,0,6,13.201641499103768,1.8052880186587572,222.2753749229014,126.82506527415144
1774611830,10,,Aggregated,105.800000,0.000000,9,15,21,26,85,160,190,200,230,230,230,9981,0,9,35.45891542871812,1.5001400606706738,1365.1708320248872,900.1683198076345
1774611831,10,GET,/api/audio/latency,15.800000,0.000000,8,13,18,20,29,40,150,160,180,180,180,1488,0,8,27.05450162262736,1.5001400606706738,1326.6441239975393,33.05241935483871
1774611831,10,GET,/api/audio/levels,15.800000,0.000000,8,18,49,70,120,170,180,190,190,190,190,1489,0,10,58.29772530727168,1.5625059604644775,1309.4227639958262,76.92008059100067
1774611831,10,GET,/api/audio/levels (during plugin swap),3.700000,0.000000,9,21,31,67,150,170,200,200,200,200,200,384,0,10,66.37631746768118,1.5781919937580824,1298.7376680830494,77.265625
1774611831,10,GET,/api/audio/levels/plugins,3.600000,0.000000,7,13,15,19,28,29,30,30,30,30,30,384,0,6,18.72719472036503,1.5065419720485806,1342.3058059997857,20.635416666666668
1774611831,10,GET,/api/audio/status,12.900000,0.000000,5,10,15,16,27,30,34,34,200,200,200,1152,0,5,11.626264342844983,1.5397770330309868,275.8934219600633,303.0451388888889
1774611831,10,GET,/api/chains/,0.000000,0.000000,0,0,0,0,0,0,0,0,0,0,0,64,0,13,44.4865199533524,2.089375047944486,302.3143840255216,1478.296875
1774611831,10,GET,/api/chains/{id},12.900000,0.000000,10,24,60,86,130,170,190,210,210,210,210,1152,0,10,59.32078791869976,1.9346090266481042,1318.3924700133502,806.9965277777778
1774611831,10,POST,/api/chains/{id}/activate,12.900000,0.000000,9,15,22,34,140,160,170,180,190,190,190,1152,0,9,30.303710098147956,1.778690959326923,1257.727513089776,54.18402777777778
1774611831,10,POST,/api/chains/{id}/deactivate,12.900000,0.000000,6,9,11,12,17,21,27,150,190,190,190,1152,0,5,10.48489624908042,1.8003659788519144,201.28799101803452,61.52256944444444
1774611831,10,POST,/api/plugins/batch/parameters (500 updates),8.100000,0.000000,20,29,62,130,180,200,210,230,230,230,230,716,0,19,61.30514210142071,5.449230084195733,1365.1708320248872,871.945530726257
1774611831,10,GET,/api/plugins/discover,0.000000,0.000000,0,0,0,0,0,0,0,0,0,0,0,64,0,28,37.74846755004546,12.908800039440393,155.31902690418065,89708.0
1774611831,10,GET,/api/plugins/list,0.000000,0.000000,0,0,0,0,0,0,0,0,0,0,0,64,0,11,26.758709516798262,1.6044959193095565,192.37323594279587,72.953125
1774611831,10,POST,/api/plugins/load?uri,3.600000,0.000000,10,13,20,24,35,150,170,170,170,170,170,384,0,9,25.45801565944809,1.8879700219258666,1250.9400709532201,2285.3671875
1774611831,10,POST,/api/plugins/unload?uri,3.600000,0.000000,5,9,12,15,17,18,21,21,21,21,21,384,0,6,13.172119979572017,1.8052880186587572,222.2753749229014,126.83333333333333
1774611831,10,,Aggregated,105.800000,0.000000,9,14,20,25,77,150,180,190,210,230,230,10029,0,9,35.314157865570536,1.5001400606706738,1365.1708320248872,897.8524279589192
1774611832,10,GET,/api/audio/latency,16.000000,0.000000,10,15,19,21,29,140,160,180,1300,1300,1300,1494,0,8,27.84441982966647,1.5001400606706738,1326.6441239975393,33.05220883534137
1774611832,10,GET,/api/audio/levels,16.000000,0.000000,10,26,69,77,140,180,1200,1200,1200,1200,1200,1494,0,10,60.59199553710836,1.5625059604644775,1309.4227639958262,76.9417670682731
1774611832,10,GET,/api/audio/levels (during plugin swap),4.000000,0.000000,9,21,31,67,170,200,1100,1100,1100,1100,1100,386,0,10,68.93621961293027,1.5781919937580824,1298.7376680830494,77.27720207253886
1774611832,10,GET,/api/audio/levels/plugins,4.000000,0.000000,7,13,15,18,28,29,30,30,30,30,30,386,0,6,18.705161744994086,1.5065419720485806,1342.3058059997857,20.634715025906736
1774611832,10,GET,/api/audio/status,13.300000,0.000000,6,10,15,16,27,30,34,34,200,200,200,1157,0,5,11.61795286004904,1.5397770330309868,275.8934219600633,303.0449438202247
1774611832,10,GET,/api/chains/,0.000000,0.000000,0,0,0,0,0,0,0,0,0,0,0,64,0,13,44.4865199533524,2.089375047944486,302.3143840255216,1478.296875
1774611832,10,GET,/api/chains/{id},13.300000,0.000000,12,27,80,100,170,210,1100,1200,1300,1300,1300,1157,0,10,63.09661803490989,1.9346090266481042,1318.3924700133502,806.7726879861711
1774611832,10,POST,/api/chains/{id}/activate,13.300000,0.000000,10,16,24,34,140,160,160,170,180,180,180,1157,0,10,30.285175473673966,1.778690959326923,1257.727513089776,54.165946413137426
1774611832,10,POST,/api/chains/{id}/deactivate,13.300000,0.000000,7,9,11,12,17,21,25,27,150,150,150,1157,0,5,10.462652379324918,1.8003659788519144,201.28799101803452,61.524632670700086
1774611832,10,POST,/api/plugins/batch/parameters (500 updates),8.100000,0.000000,20,28,93,140,190,210,230,1000,1000,1000,1000,719,0,19,62.503933487848606,5.449230084195733,1365.1708320248872,872.0041724617524
1774611832,10,GET,/api/plugins/discover,0.000000,0.000000,0,0,0,0,0,0,0,0,0,0,0,64,0,28,37.74846755004546,12.908800039440393,155.31902690418065,89708.0
1774611832,10,GET,/api/plugins/list,0.000000,0.000000,0,0,0,0,0,0,0,0,0,0,0,64,0,11,26.758709516798262,1.6044959193095565,192.37323594279587,72.953125
1774611832,10,POST,/api/plugins/load?uri,4.000000,0.000000,11,14,23,24,110,150,170,170,170,170,170,386,0,9,25.681331347483525,1.8879700219258666,1250.9400709532201,2299.976683937824
1774611832,10,POST,/api/plugins/unload?uri,4.000000,0.000000,7,9,12,15,17,18,21,21,21,21,21,386,0,6,13.145315391494087,1.8052880186587572,222.2753749229014,126.94041450777202
1774611832,10,,Aggregated,109.300000,0.000000,9,15,21,26,94,160,190,1000,1300,1300,1300,10071,0,9,36.386315514031246,1.5001400606706738,1365.1708320248872,896.0769536292324
1774611833,10,GET,/api/audio/latency,16.700000,0.000000,10,15,19,21,38,150,160,180,1300,1300,1300,1512,0,8,27.969228382014162,1.5001400606706738,1326.6441239975393,33.051587301587304
1774611833,10,GET,/api/audio/levels,16.700000,0.000000,11,26,70,85,170,190,1200,1200,1200,1200,1200,1512,0,10,60.51370336681237,1.5625059604644775,1309.4227639958262,76.92923280423281
1774611833,10,GET,/api/audio/levels (during plugin swap),4.200000,0.000000,9,24,67,77,160,170,1100,1100,1100,1100,1100,394,0,10,68.82679542032577,1.5781919937580824,1298.7376680830494,77.32233502538071
1774611833,10,GET,/api/audio/levels/plugins,4.300000,0.000000,7,13,15,17,19,29,30,30,30,30,30,394,0,6,18.472037364393096,1.5065419720485806,1342.3058059997857,20.631979695431472
1774611833,10,GET,/api/audio/status,14.100000,0.000000,5,10,13,16,26,30,31,32,200,200,200,1172,0,5,11.566767907393906,1.5397770330309868,275.8934219600633,303.0443686006826
1774611833,10,GET,/api/chains/,0.000000,0.000000,0,0,0,0,0,0,0,0,0,0,0,64,0,13,44.4865199533524,2.089375047944486,302.3143840255216,1478.296875
1774611833,10,GET,/api/chains/{id},13.900000,0.000000,11,24,64,100,170,210,1100,1200,1300,1300,1300,1172,0,10,62.67273482555085,1.9346090266481042,1318.3924700133502,807.1732081911263
1774611833,10,POST,/api/chains/{id}/activate,14.100000,0.000000,10,18,25,34,46,150,160,160,170,170,170,1172,0,9,30.26665917338657,1.778690959326923,1257.727513089776,54.19795221843003
1774611833,10,POST,/api/chains/{id}/deactivate,14.100000,0.000000,6,9,11,14,19,24,25,27,150,150,150,1172,0,5,10.461549910537123,1.8003659788519144,201.28799101803452,61.48805460750853
1774611833,10,POST,/api/plugins/batch/parameters (500 updates),8.500000,0.000000,18,26,43,93,190,210,230,1000,1000,1000,1000,730,0,19,62.477331460064455,5.449230084195733,1365.1708320248872,871.2301369863013
1774611833,10,GET,/api/plugins/discover,0.000000,0.000000,0,0,0,0,0,0,0,0,0,0,0,64,0,28,37.74846755004546,12.908800039440393,155.31902690418065,89708.0
1774611833,10,GET,/api/plugins/list,0.000000,0.000000,0,0,0,0,0,0,0,0,0,0,0,64,0,11,26.758709516798262,1.6044959193095565,192.37323594279587,72.953125
1774611833,10,POST,/api/plugins/load?uri,4.300000,0.000000,11,14,22,23,24,140,170,170,170,170,170,394,0,9,25.420401360589047,1.8879700219258666,1250.9400709532201,2302.241116751269
1774611833,10,POST,/api/plugins/unload?uri,4.300000,0.000000,7,11,12,15,16,17,21,21,21,21,21,394,0,6,13.057798444444721,1.8052880186587572,222.2753749229014,126.82994923857868
1774611833,10,,Aggregated,115.200000,0.000000,9,15,20,25,97,160,200,1000,1300,1300,1300,10210,0,9,36.30446135838371,1.5001400606706738,1365.1708320248872,888.8626836434868
1774611834,10,GET,/api/audio/latency,15.600000,0.000000,10,16,20,22,39,150,180,180,1300,1300,1300,1531,0,8,27.848146253224076,1.5001400606706738,1326.6441239975393,33.050947093403
1774611834,10,GET,/api/audio/levels,15.600000,0.000000,10,25,69,87,170,190,1200,1200,1200,1200,1200,1531,0,10,60.071246791950344,1.5625059604644775,1309.4227639958262,76.92292619203135
1774611834,10,GET,/api/audio/levels (during plugin swap),4.200000,0.000000,19,31,74,94,160,170,1100,1100,1100,1100,1100,403,0,10,68.39586537136066,1.5781919937580824,1298.7376680830494,77.3225806451613
1774611834,10,GET,/api/audio/levels/plugins,4.200000,0.000000,5,11,15,17,20,29,30,30,30,30,30,403,0,6,18.248097222614987,1.5065419720485806,1342.3058059997857,20.548387096774192
1774611834,10,GET,/api/audio/status,12.800000,0.000000,6,10,14,15,22,30,31,32,200,200,200,1182,0,5,11.542151072424996,1.5397770330309868,275.8934219600633,303.0439932318105
1774611834,10,GET,/api/chains/,0.000000,0.000000,0,0,0,0,0,0,0,0,0,0,0,64,0,13,44.4865199533524,2.089375047944486,302.3143840255216,1478.296875
1774611834,10,GET,/api/chains/{id},12.800000,0.000000,13,29,93,110,170,210,1100,1200,1300,1300,1300,1182,0,10,62.48652378962708,1.9346090266481042,1318.3924700133502,807.4780033840948
1774611834,10,POST,/api/chains/{id}/activate,12.800000,0.000000,13,21,29,34,46,150,160,160,170,170,170,1182,0,10,30.140486872454005,1.778690959326923,1257.727513089776,54.20473773265651
1774611834,10,POST,/api/chains/{id}/deactivate,12.800000,0.000000,6,9,12,14,17,22,25,25,150,150,150,1181,0,5,10.43801167412053,1.8003659788519144,201.28799101803452,61.470787468247245
1774611834,10,POST,/api/plugins/batch/parameters (500 updates),7.500000,0.000000,18,23,42,75,190,210,230,1000,1000,1000,1000,738,0,19,61.97367906620913,5.449230084195733,1365.1708320248872,870.4268292682926
1774611834,10,GET,/api/plugins/discover,0.000000,0.000000,0,0,0,0,0,0,0,0,0,0,0,64,0,28,37.74846755004546,12.908800039440393,155.31902690418065,89708.0
1774611834,10,GET,/api/plugins/list,0.000000,0.000000,0,0,0,0,0,0,0,0,0,0,0,64,0,11,26.758709516798262,1.6044959193095565,192.37323594279587,72.953125
1774611834,10,POST,/api/plugins/load?uri,4.200000,0.000000,13,17,23,23,24,140,170,170,170,170,170,403,0,9,25.17989644273496,1.8879700219258666,1250.9400709532201,2317.801488833747
1774611834,10,POST,/api/plugins/unload?uri,4.100000,0.000000,8,9,12,12,16,17,18,18,18,18,18,403,0,6,12.942410851239455,1.8052880186587572,222.2753749229014,126.86104218362283
1774611834,10,,Aggregated,106.600000,0.000000,9,16,21,25,100,160,200,1000,1300,1300,1300,10331,0,9,36.11003874111735,1.5001400606706738,1365.1708320248872,883.2912593166199
1774611835,10,GET,/api/audio/latency,14.400000,0.000000,8,16,19,20,25,140,180,180,1300,1300,1300,1546,0,8,27.69192447516896,1.5001400606706738,1326.6441239975393,33.050452781371284
1774611835,10,GET,/api/audio/levels,14.400000,0.000000,9,21,62,79,170,190,1200,1200,1200,1200,1200,1546,0,10,60.04840909947074,1.5625059604644775,1309.4227639958262,76.91849935316947
1774611835,10,GET,/api/audio/levels (during plugin swap),4.600000,0.000000,11,27,67,83,160,200,200,1100,1100,1100,1100,413,0,10,67.9777807307477,1.5781919937580824,1298.7376680830494,77.31234866828088
1774611835,10,GET,/api/audio/levels/plugins,4.600000,0.000000,4,10,15,16,19,21,29,29,29,29,29,413,0,6,18.017996980337376,1.5065419720485806,1342.3058059997857,20.484261501210653
1774611835,10,GET,/api/audio/status,13.000000,0.000000,6,9,12,14,20,26,31,32,200,200,200,1193,0,5,11.51785930311846,1.5397770330309868,275.8934219600633,303.0435875943001
1774611835,10,GET,/api/chains/,0.000000,0.000000,0,0,0,0,0,0,0,0,0,0,0,64,0,13,44.4865199533524,2.089375047944486,302.3143840255216,1478.296875
1774611835,10,GET,/api/chains/{id},13.100000,0.000000,9,19,51,97,170,190,1100,1200,1300,1300,1300,1194,0,10,62.2322359525012,1.9346090266481042,1318.3924700133502,807.4857621440536
1774611835,10,POST,/api/chains/{id}/activate,13.100000,0.000000,8,18,23,25,40,150,160,160,170,170,170,1193,0,10,30.074731427774125,1.778690959326923,1257.727513089776,54.19530595138307
1774611835,10,POST,/api/chains/{id}/deactivate,12.800000,0.000000,6,9,11,14,20,25,25,150,200,200,200,1192,0,5,10.576045960902812,1.8003659788519144,201.28799101803452,61.45469798657718
1774611835,10,POST,/api/plugins/batch/parameters (500 updates),7.900000,0.000000,18,23,42,90,190,210,230,1000,1000,1000,1000,751,0,19,61.60221525161625,5.449230084195733,1365.1708320248872,870.2010652463382
1774611835,10,GET,/api/plugins/discover,0.000000,0.000000,0,0,0,0,0,0,0,0,0,0,0,64,0,28,37.74846755004546,12.908800039440393,155.31902690418065,89708.0
1774611835,10,GET,/api/plugins/list,0.000000,0.000000,0,0,0,0,0,0,0,0,0,0,0,64,0,11,26.758709516798262,1.6044959193095565,192.37323594279587,72.953125
1774611835,10,POST,/api/plugins/load?uri,4.600000,0.000000,12,17,22,23,24,140,150,170,170,170,170,413,0,9,25.153792237741175,1.8879700219258666,1250.9400709532201,2313.7530266343824
1774611835,10,POST,/api/plugins/unload?uri,4.600000,0.000000,7,9,11,12,15,17,18,18,18,18,18,413,0,6,12.797726943725879,1.8052880186587572,222.2753749229014,126.79661016949153
1774611835,10,,Aggregated,107.100000,0.000000,8,14,19,23,88,160,200,230,1300,1300,1300,10459,0,9,36.007988033359865,1.5001400606706738,1365.1708320248872,877.3343531886413
1774611836,10,GET,/api/audio/latency,14.900000,0.000000,8,16,19,19,24,140,180,180,1300,1300,1300,1561,0,8,27.487839976863185,1.5001400606706738,1326.6441239975393,33.04996796925048
1774611836,10,GET,/api/audio/levels,14.900000,0.000000,11,22,68,88,160,190,1200,1200,1200,1200,1200,1561,0,10,59.792355867848514,1.5625059604644775,1309.4227639958262,76.92248558616272
1774611836,10,GET,/api/audio/levels (during plugin swap),4.700000,0.000000,13,43,83,94,160,200,200,1100,1100,1100,1100,416,0,10,68.11723952845429,1.5781919937580824,1298.7376680830494,77.34375
1774611836,10,GET,/api/audio/levels/plugins,4.800000,0.000000,5,10,15,16,19,21,29,29,29,29,29,416,0,6,17.934674161202004,1.5065419720485806,1342.3058059997857,20.53125
1774611836,10,GET,/api/audio/status,12.700000,0.000000,7,10,13,15,22,30,32,120,200,200,200,1208,0,5,11.554600665536986,1.5397770330309868,275.8934219600633,303.0430463576159
1774611836,10,GET,/api/chains/,0.000000,0.000000,0,0,0,0,0,0,0,0,0,0,0,64,0,13,44.4865199533524,2.089375047944486,302.3143840255216,1478.296875
1774611836,10,GET,/api/chains/{id},12.700000,0.000000,10,19,51,97,170,190,1100,1200,1300,1300,1300,1208,0,10,61.67324627009498,1.9346090266481042,1318.3924700133502,807.3460264900663
1774611836,10,POST,/api/chains/{id}/activate,12.700000,0.000000,9,18,23,25,40,150,160,160,170,170,170,1208,0,9,29.811945976978567,1.778690959326923,1257.727513089776,54.205298013245034
1774611836,10,POST,/api/chains/{id}/deactivate,12.700000,0.000000,6,9,12,14,20,25,25,150,200,200,200,1208,0,5,10.517213576753155,1.8003659788519144,201.28799101803452,61.461920529801326
1774611836,10,POST,/api/plugins/batch/parameters (500 updates),7.600000,0.000000,19,24,62,93,170,220,230,1000,1000,1000,1000,760,0,19,61.68522741783435,5.449230084195733,1365.1708320248872,869.4552631578947
1774611836,10,GET,/api/plugins/discover,0.000000,0.000000,0,0,0,0,0,0,0,0,0,0,0,64,0,28,37.74846755004546,12.908800039440393,155.31902690418065,89708.0
1774611836,10,GET,/api/plugins/list,0.000000,0.000000,0,0,0,0,0,0,0,0,0,0,0,64,0,11,26.758709516798262,1.6044959193095565,192.37323594279587,72.953125
1774611836,10,POST,/api/plugins/load?uri,4.800000,0.000000,13,20,22,23,24,140,150,170,170,170,170,416,0,9,25.068786423686944,1.8879700219258666,1250.9400709532201,2310.1658653846152
1774611836,10,POST,/api/plugins/unload?uri,4.800000,0.000000,8,9,11,12,16,18,120,120,120,120,120,416,0,6,13.276558415012774,1.8052880186587572,222.2753749229014,126.77163461538461
1774611836,10,,Aggregated,107.300000,0.000000,9,15,20,23,97,160,200,1000,1300,1300,1300,10570,0,9,35.858739692279,1.5001400606706738,1365.1708320248872,871.2017975402082
1774611837,10,GET,/api/audio/latency,14.700000,0.000000,7,16,19,19,26,180,190,190,1300,1300,1300,1579,0,8,27.7344353268179,1.5001400606706738,1326.6441239975393,33.04939835338822
1774611837,10,GET,/api/audio/levels,14.700000,0.000000,11,22,76,100,160,190,1200,1200,1200,1200,1200,1579,0,10,59.90716331174504,1.5625059604644775,1309.4227639958262,76.95186827105763
1774611837,10,GET,/api/audio/levels (during plugin swap),5.600000,0.000000,13,61,89,150,170,190,1100,1100,1100,1100,1100,421,0,10,68.17183149132364,1.5781919937580824,1298.7376680830494,77.38479809976248
1774611837,10,GET,/api/audio/levels/plugins,5.600000,0.000000,5,10,14,15,19,24,25,29,29,29,29,421,0,6,17.87328113073974,1.5065419720485806,1342.3058059997857,20.51543942992874
1774611837,10,GET,/api/audio/status,11.800000,0.000000,7,10,12,14,19,25,31,32,120,120,120,1220,0,5,11.512884845838837,1.5397770330309868,275.8934219600633,303.0426229508197
1774611837,10,GET,/api/chains/,0.000000,0.000000,0,0,0,0,0,0,0,0,0,0,0,64,0,13,44.4865199533524,2.089375047944486,302.3143840255216,1478.296875
1774611837,10,GET,/api/chains/{id},11.800000,0.000000,10,19,54,100,170,190,1100,1200,1300,1300,1300,1221,0,10,61.71393196764391,1.9346090266481042,1318.3924700133502,806.992628992629
1774611837,10,POST,/api/chains/{id}/activate,11.800000,0.000000,9,19,22,24,34,150,160,160,170,170,170,1220,0,9,29.680795259830983,1.778690959326923,1257.727513089776,54.200819672131146
1774611837,10,POST,/api/chains/{id}/deactivate,11.800000,0.000000,6,9,10,14,20,24,25,25,200,200,200,1220,0,5,10.457427463624017,1.8003659788519144,201.28799101803452,61.467213114754095
1774611837,10,POST,/api/plugins/batch/parameters (500 updates),7.000000,0.000000,18,24,49,93,170,220,240,1000,1000,1000,1000,769,0,19,61.84589333489527,5.449230084195733,1365.1708320248872,869.5071521456437
1774611837,10,GET,/api/plugins/discover,0.000000,0.000000,0,0,0,0,0,0,0,0,0,0,0,64,0,28,37.74846755004546,12.908800039440393,155.31902690418065,89708.0
1774611837,10,GET,/api/plugins/list,0.000000,0.000000,0,0,0,0,0,0,0,0,0,0,0,64,0,11,26.758709516798262,1.6044959193095565,192.37323594279587,72.953125
1774611837,10,POST,/api/plugins/load?uri,5.600000,0.000000,11,18,21,23,24,160,170,170,170,170,170,421,0,9,25.571888314080017,1.8879700219258666,1250.9400709532201,2297.249406175772
1774611837,10,POST,/api/plugins/unload?uri,5.600000,0.000000,7,9,12,12,17,20,120,120,120,120,120,421,0,6,13.223426661790391,1.8052880186587572,222.2753749229014,126.76009501187649
1774611837,10,,Aggregated,106.000000,0.000000,9,15,20,23,100,170,200,1000,1300,1300,1300,10684,0,9,35.92718598089477,1.5001400606706738,1365.1708320248872,864.9217521527518
1774611838,10,GET,/api/audio/latency,15.500000,0.000000,8,16,19,20,35,180,190,190,1300,1300,1300,1597,0,8,27.540277179713147,1.5001400606706738,1326.6441239975393,33.048841577958676
1774611838,10,GET,/api/audio/levels,15.400000,0.000000,11,22,66,100,160,190,1200,1200,1200,1200,1200,1597,0,10,59.577459179164705,1.5625059604644775,1309.4227639958262,76.94802755165937
1774611838,10,GET,/api/audio/levels (during plugin swap),5.800000,0.000000,12,67,94,150,170,190,1100,1100,1100,1100,1100,424,0,10,67.83449662687863,1.5781919937580824,1298.7376680830494,77.38443396226415
1774611838,10,GET,/api/audio/levels/plugins,5.800000,0.000000,4,10,15,16,20,24,29,29,29,29,29,424,0,6,17.773241525953022,1.5065419720485806,1342.3058059997857,20.53066037735849
1774611838,10,GET,/api/audio/status,11.900000,0.000000,6,10,12,14,19,22,31,32,120,120,120,1232,0,5,11.488086224591068,1.5397770330309868,275.8934219600633,303.0422077922078
1774611838,10,GET,/api/chains/,0.000000,0.000000,0,0,0,0,0,0,0,0,0,0,0,64,0,13,44.4865199533524,2.089375047944486,302.3143840255216,1478.296875
1774611838,10,GET,/api/chains/{id},12.000000,0.000000,10,24,65,97,170,190,1100,1200,1300,1300,1300,1232,0,10,61.3655192032343,1.9346090266481042,1318.3924700133502,806.6469155844156
1774611838,10,POST,/api/chains/{id}/activate,12.000000,0.000000,9,18,21,23,34,150,160,160,170,170,170,1232,0,9,29.463645705405938,1.778690959326923,1257.727513089776,54.19642857142857
1774611838,10,POST,/api/chains/{id}/deactivate,11.900000,0.000000,6,9,12,14,19,25,25,160,200,200,200,1232,0,5,10.560996074330776,1.8003659788519144,201.28799101803452,61.45211038961039
1774611838,10,POST,/api/plugins/batch/parameters (500 updates),7.800000,0.000000,18,26,90,110,200,220,240,1000,1000,1000,1000,779,0,19,61.95164195934982,5.449230084195733,1365.1708320248872,869.759948652118
1774611838,10,GET,/api/plugins/discover,0.000000,0.000000,0,0,0,0,0,0,0,0,0,0,0,64,0,28,37.74846755004546,12.908800039440393,155.31902690418065,89708.0
1774611838,10,GET,/api/plugins/list,0.000000,0.000000,0,0,0,0,0,0,0,0,0,0,0,64,0,11,26.758709516798262,1.6044959193095565,192.37323594279587,72.953125
1774611838,10,POST,/api/plugins/load?uri,5.800000,0.000000,12,20,22,23,110,160,170,170,170,170,170,424,0,9,25.439825406482548,1.8879700219258666,1250.9400709532201,2295.443396226415
1774611838,10,POST,/api/plugins/unload?uri,5.600000,0.000000,5,9,11,12,18,20,120,120,120,120,120,424,0,6,13.152858628979269,1.8052880186587572,222.2753749229014,126.78066037735849
1774611838,10,,Aggregated,109.500000,0.000000,9,15,20,23,110,170,200,1000,1300,1300,1300,10789,0,9,35.7855158242939,1.5001400606706738,1365.1708320248872,859.3896561312448
1774611839,10,GET,/api/audio/latency,14.600000,0.000000,6,15,19,19,26,150,190,190,1300,1300,1300,1618,0,8,27.451306094610615,1.5001400606706738,1326.6441239975393,33.04820766378245
1774611839,10,GET,/api/audio/levels,14.600000,0.000000,10,20,62,100,170,200,1200,1200,1200,1200,1200,1618,0,10,59.48095611076139,1.5625059604644775,1309.4227639958262,76.9610630407911
1774611839,10,GET,/api/audio/levels (during plugin swap),5.400000,0.000000,12,67,94,120,160,190,1100,1100,1100,1100,1100,427,0,10,67.67634443493792,1.5781919937580824,1298.7376680830494,77.35362997658079
1774611839,10,GET,/api/audio/levels/plugins,5.400000,0.000000,5,9,14,15,19,21,25,25,25,25,25,427,0,6,17.680381344297608,1.5065419720485806,1342.3058059997857,20.54566744730679
1774611839,10,GET,/api/audio/status,11.300000,0.000000,6,10,12,14,17,20,22,22,120,120,120,1246,0,5,11.443541752605027,1.5397770330309868,275.8934219600633,303.0417335473515
1774611839,10,GET,/api/chains/,0.000000,0.000000,0,0,0,0,0,0,0,0,0,0,0,64,0,13,44.4865199533524,2.089375047944486,302.3143840255216,1478.296875
1774611839,10,GET,/api/chains/{id},11.300000,0.000000,10,16,33,71,160,170,1100,1200,1300,1300,1300,1246,0,10,61.11088608394199,1.9346090266481042,1318.3924700133502,806.3860353130016
1774611839,10,POST,/api/chains/{id}/activate,11.300000,0.000000,8,18,21,23,31,40,150,150,160,160,160,1246,0,9,29.48862449606106,1.778690959326923,1257.727513089776,54.201444622792934
1774611839,10,POST,/api/chains/{id}/deactivate,11.300000,0.000000,6,9,11,13,15,22,25,160,200,200,200,1246,0,5,10.533099762914496,1.8003659788519144,201.28799101803452,61.438202247191015
1774611839,10,POST,/api/plugins/batch/parameters (500 updates),7.400000,0.000000,18,23,54,91,170,220,240,1000,1000,1000,1000,793,0,19,61.6237724416867,5.449230084195733,1365.1708320248872,869.844892812106
1774611839,10,GET,/api/plugins/discover,0.000000,0.000000,0,0,0,0,0,0,0,0,0,0,0,64,0,28,37.74846755004546,12.908800039440393,155.31902690418065,89708.0
1774611839,10,GET,/api/plugins/list,0.000000,0.000000,0,0,0,0,0,0,0,0,0,0,0,64,0,11,26.758709516798262,1.6044959193095565,192.37323594279587,72.953125
1774611839,10,POST,/api/plugins/load?uri,5.400000,0.000000,12,18,21,22,24,150,170,170,170,170,170,427,0,9,25.318651045160042,1.8879700219258666,1250.9400709532201,2305.7306791569085
1774611839,10,POST,/api/plugins/unload?uri,5.400000,0.000000,7,9,11,12,16,20,120,120,120,120,120,426,0,6,13.124451015807006,1.8052880186587572,222.2753749229014,126.91079812206573
1774611839,10,,Aggregated,103.400000,0.000000,9,14,19,22,100,160,200,1000,1300,1300,1300,10912,0,9,35.705547649524725,1.5001400606706738,1365.1708320248872,853.6677052785924
1774611840,10,GET,/api/audio/latency,15.700000,0.000000,6,15,19,20,26,150,190,190,1300,1300,1300,1636,0,7,27.228112396209735,1.5001400606706738,1326.6441239975393,33.04767726161369
1774611840,10,GET,/api/audio/levels,15.700000,0.000000,11,22,77,100,170,200,1200,1200,1200,1200,1200,1636,0,10,59.21958258442699,1.5625059604644775,1309.4227639958262,76.94132029339853
1774611840,10,GET,/api/audio/levels (during plugin swap),5.100000,0.000000,11,67,94,120,160,190,1100,1100,1100,1100,1100,431,0,10,67.12375393649455,1.5781919937580824,1298.7376680830494,77.34338747099768
1774611840,10,GET,/api/audio/levels/plugins,5.200000,0.000000,5,10,14,15,19,21,25,25,25,25,25,430,0,6,17.59958517667296,1.5065419720485806,1342.3058059997857,20.5
1774611840,10,GET,/api/audio/status,11.100000,0.000000,6,10,12,14,17,20,22,22,120,120,120,1259,0,5,11.376327115264177,1.5397770330309868,275.8934219600633,303.0413026211279
1774611840,10,GET,/api/chains/,0.000000,0.000000,0,0,0,0,0,0,0,0,0,0,0,64,0,13,44.4865199533524,2.089375047944486,302.3143840255216,1478.296875
1774611840,10,GET,/api/chains/{id},11.100000,0.000000,10,19,34,71,160,170,1100,1200,1300,1300,1300,1259,0,10,60.69139772515694,1.9346090266481042,1318.3924700133502,806.1930103256553
1774611840,10,POST,/api/chains/{id}/activate,11.100000,0.000000,10,18,21,22,31,40,150,150,160,160,160,1259,0,10,29.312226024672324,1.778690959326923,1257.727513089776,54.181890389197775
1774611840,10,POST,/api/chains/{id}/deactivate,11.100000,0.000000,6,9,11,13,17,22,130,160,200,200,200,1259,0,5,10.600283599460115,1.8003659788519144,201.28799101803452,61.4440031771247
1774611840,10,POST,/api/plugins/batch/parameters (500 updates),8.200000,0.000000,18,24,75,110,170,220,240,1000,1000,1000,1000,805,0,19,61.467904534179326,5.449230084195733,1365.1708320248872,869.5552795031056
1774611840,10,GET,/api/plugins/discover,0.000000,0.000000,0,0,0,0,0,0,0,0,0,0,0,64,0,28,37.74846755004546,12.908800039440393,155.31902690418065,89708.0
1774611840,10,GET,/api/plugins/list,0.000000,0.000000,0,0,0,0,0,0,0,0,0,0,0,64,0,11,26.758709516798262,1.6044959193095565,192.37323594279587,72.953125
1774611840,10,POST,/api/plugins/load?uri,5.200000,0.000000,12,20,21,23,96,150,170,170,170,170,170,431,0,9,25.332236146876316,1.8879700219258666,1250.9400709532201,2294.38747099768
1774611840,10,POST,/api/plugins/unload?uri,5.200000,0.000000,8,10,12,12,18,21,120,120,120,120,120,430,0,6,13.113250438838678,1.8052880186587572,222.2753749229014,126.88837209302325
1774611840,10,,Aggregated,104.700000,0.000000,9,15,20,22,110,160,200,1000,1300,1300,1300,11027,0,9,35.5422014128144,1.5001400606706738,1365.1708320248872,847.7571415616214
1774611841,10,GET,/api/audio/latency,15.300000,0.000000,5,15,19,20,26,140,180,190,190,190,190,1659,0,7,27.079564259169178,1.5001400606706738,1326.6441239975393,33.047016274864376
1774611841,10,GET,/api/audio/levels,14.800000,0.000000,11,21,62,100,160,180,200,210,230,230,230,1659,0,10,58.90101366436402,1.5625059604644775,1309.4227639958262,76.91018685955395
1774611841,10,GET,/api/audio/levels (during plugin swap),4.800000,0.000000,12,56,89,120,160,180,190,200,200,200,200,439,0,10,66.89231604648486,1.5781919937580824,1298.7376680830494,77.29384965831436
1774611841,10,GET,/api/audio/levels/plugins,4.900000,0.000000,4,8,13,16,19,24,25,110,110,110,110,439,0,6,17.607759536882536,1.5065419720485806,1342.3058059997857,20.485193621867882
1774611841,10,GET,/api/audio/status,11.200000,0.000000,5,9,12,14,17,20,22,22,120,120,120,1272,0,5,11.329402810668444,1.5397770330309868,275.8934219600633,303.04088050314465
1774611841,10,GET,/api/chains/,0.000000,0.000000,0,0,0,0,0,0,0,0,0,0,0,64,0,13,44.4865199533524,2.089375047944486,302.3143840255216,1478.296875
1774611841,10,GET,/api/chains/{id},11.100000,0.000000,10,17,32,43,140,170,190,200,200,200,200,1272,0,10,60.50026212905317,1.9346090266481042,1318.3924700133502,806.6957547169811
1774611841,10,POST,/api/chains/{id}/activate,11.200000,0.000000,9,18,21,21,29,48,150,150,160,160,160,1272,0,9,29.16856954491451,1.778690959326923,1257.727513089776,54.18238993710692
1774611841,10,POST,/api/chains/{id}/deactivate,11.200000,0.000000,5,8,10,12,16,22,130,160,200,200,200,1272,0,5,10.524070484903437,1.8003659788519144,201.28799101803452,61.4496855345912
1774611841,10,POST,/api/plugins/batch/parameters (500 updates),8.600000,0.000000,18,24,62,110,170,210,230,240,240,240,240,815,0,19,61.309810716835955,5.449230084195733,1365.1708320248872,869.3263803680982
1774611841,10,GET,/api/plugins/discover,0.000000,0.000000,0,0,0,0,0,0,0,0,0,0,0,64,0,28,37.74846755004546,12.908800039440393,155.31902690418065,89708.0
1774611841,10,GET,/api/plugins/list,0.000000,0.000000,0,0,0,0,0,0,0,0,0,0,0,64,0,11,26.758709516798262,1.6044959193095565,192.37323594279587,72.953125
1774611841,10,POST,/api/plugins/load?uri,4.900000,0.000000,7,17,21,22,23,150,160,170,170,170,170,439,0,9,25.314489385889576,1.8879700219258666,1250.9400709532201,2294.21867881549
1774611841,10,POST,/api/plugins/unload?uri,4.900000,0.000000,8,10,12,13,18,120,120,140,140,140,140,438,0,6,13.299057332450124,1.8052880186587572,222.2753749229014,126.8310502283105
1774611841,10,,Aggregated,102.900000,0.000000,9,14,19,22,97,160,190,200,230,240,240,11168,0,9,35.41142766592288,1.5001400606706738,1365.1708320248872,841.3162607449857
1774611842,10,GET,/api/audio/latency,15.300000,0.000000,5,11,19,19,24,110,180,190,190,190,190,1666,0,7,26.978058939436863,1.5001400606706738,1326.6441239975393,33.046818727490994
1774611842,10,GET,/api/audio/levels,14.800000,0.000000,10,18,59,88,150,170,200,200,230,230,230,1666,0,10,58.68531760569865,1.5625059604644775,1309.4227639958262,76.9015606242497
1774611842,10,GET,/api/audio/levels (during plugin swap),4.800000,0.000000,11,44,83,94,170,180,200,200,200,200,200,440,0,10,66.75009840771303,1.5781919937580824,1298.7376680830494,77.2840909090909
1774611842,10,GET,/api/audio/levels/plugins,4.900000,0.000000,5,10,15,16,20,24,110,110,110,110,110,440,0,6,17.610224322098393,1.5065419720485806,1342.3058059997857,20.470454545454544
1774611842,10,GET,/api/audio/status,11.200000,0.000000,4,9,12,14,17,19,20,22,120,120,120,1277,0,5,11.300826888183568,1.5397770330309868,275.8934219600633,303.0407204385278
1774611842,10,GET,/api/chains/,0.000000,0.000000,0,0,0,0,0,0,0,0,0,0,0,64,0,13,44.4865199533524,2.089375047944486,302.3143840255216,1478.296875
1774611842,10,GET,/api/chains/{id},11.100000,0.000000,10,19,32,43,120,170,190,200,200,200,200,1277,0,10,60.29920593362095,1.9346090266481042,1318.3924700133502,806.6319498825372
1774611842,10,POST,/api/chains/{id}/activate,11.200000,0.000000,9,18,21,21,26,34,140,150,160,160,160,1277,0,9,29.08461549415595,1.778690959326923,1257.727513089776,54.18559122944401
1774611842,10,POST,/api/chains/{id}/deactivate,11.200000,0.000000,5,9,10,12,15,22,130,160,200,200,200,1277,0,5,10.510116909009229,1.8003659788519144,201.28799101803452,61.45184025058732
1774611842,10,POST,/api/plugins/batch/parameters (500 updates),8.600000,0.000000,18,24,62,110,170,190,220,240,240,240,240,816,0,19,61.24149660942802,5.449230084195733,1365.1708320248872,869.2683823529412
1774611842,10,GET,/api/plugins/discover,0.000000,0.000000,0,0,0,0,0,0,0,0,0,0,0,64,0,28,37.74846755004546,12.908800039440393,155.31902690418065,89708.0
1774611842,10,GET,/api/plugins/list,0.000000,0.000000,0,0,0,0,0,0,0,0,0,0,0,64,0,11,26.758709516798262,1.6044959193095565,192.37323594279587,72.953125
1774611842,10,POST,/api/plugins/load?uri,4.900000,0.000000,7,18,21,23,96,150,170,170,170,170,170,440,0,9,25.289542400754396,1.8879700219258666,1250.9400709532201,2304.7568181818183
1774611842,10,POST,/api/plugins/unload?uri,4.900000,0.000000,6,10,12,13,20,120,140,140,140,140,140,440,0,6,13.259347780893387,1.8052880186587572,222.2753749229014,126.83181818181818
1774611842,10,,Aggregated,102.900000,0.000000,8,14,19,22,88,150,180,200,230,240,240,11208,0,9,35.308673451116164,1.5001400606706738,1365.1708320248872,839.6432012847965
1774611843,10,GET,/api/audio/latency,16.400000,0.000000,5,16,19,20,26,56,190,190,190,190,190,1673,0,7,26.959810194919008,1.5001400606706738,1326.6441239975393,33.04662283323371
1774611843,10,GET,/api/audio/levels,16.300000,0.000000,11,32,88,110,170,200,1200,1200,1200,1200,1200,1673,0,10,62.796926174106304,1.5625059604644775,1309.4227639958262,76.93962940824865
1774611843,10,GET,/api/audio/levels (during plugin swap),5.400000,0.000000,11,56,89,160,180,200,1200,1200,1200,1200,1200,443,0,10,71.38404678411437,1.5781919937580824,1298.7376680830494,77.313769751693
1774611843,10,GET,/api/audio/levels/plugins,5.400000,0.000000,6,10,15,16,21,25,120,120,120,120,120,442,0,6,17.83263771657777,1.5065419720485806,1342.3058059997857,20.470588235294116
1774611843,10,GET,/api/audio/status,11.600000,0.000000,4,9,12,14,19,20,100,120,120,120,120,1278,0,5,11.372124687156383,1.5397770330309868,275.8934219600633,303.0406885758998
1774611843,10,GET,/api/chains/,0.000000,0.000000,0,0,0,0,0,0,0,0,0,0,0,64,0,13,44.4865199533524,2.089375047944486,302.3143840255216,1478.296875
1774611843,10,GET,/api/chains/{id},11.600000,0.000000,10,19,30,43,140,170,200,1100,1100,1100,1100,1279,0,10,61.087849481774754,1.9346090266481042,1318.3924700133502,806.6340891321345
1774611843,10,POST,/api/chains/{id}/activate,11.600000,0.000000,9,16,20,21,27,39,150,160,160,160,160,1278,0,9,29.09189063297069,1.778690959326923,1257.727513089776,54.17057902973396
1774611843,10,POST,/api/chains/{id}/deactivate,11.600000,0.000000,4,8,10,11,15,22,160,200,200,200,200,1278,0,5,10.512946220552069,1.8003659788519144,201.28799101803452,61.45226917057903
1774611843,10,POST,/api/plugins/batch/parameters (500 updates),9.500000,0.000000,20,32,91,130,170,200,240,1200,1200,1200,1200,819,0,19,62.58460386614719,5.449230084195733,1365.1708320248872,869.3650793650794
1774611843,10,GET,/api/plugins/discover,0.000000,0.000000,0,0,0,0,0,0,0,0,0,0,0,64,0,28,37.74846755004546,12.908800039440393,155.31902690418065,89708.0
1774611843,10,GET,/api/plugins/list,0.000000,0.000000,0,0,0,0,0,0,0,0,0,0,0,64,0,11,26.758709516798262,1.6044959193095565,192.37323594279587,72.953125
1774611843,10,POST,/api/plugins/load?uri,5.400000,0.000000,12,17,21,23,96,150,170,170,170,170,170,442,0,9,25.29047718835253,1.8879700219258666,1250.9400709532201,2302.9298642533936
1774611843,10,POST,/api/plugins/unload?uri,5.300000,0.000000,7,11,13,14,21,120,140,140,140,140,140,442,0,6,13.46398985415815,1.8052880186587572,222.2753749229014,126.83710407239819
1774611843,10,,Aggregated,110.100000,0.000000,9,14,20,23,110,160,200,1100,1200,1200,1200,11239,0,9,36.32974076751526,1.5001400606706738,1365.1708320248872,838.2063350831925
1774611844,10,GET,/api/audio/latency,17.300000,0.000000,5,11,19,20,30,150,190,230,240,240,240,1694,0,7,27.167608937547666,1.5001400606706738,1326.6441239975393,33.04604486422668
1774611844,10,GET,/api/audio/levels,17.300000,0.000000,10,21,77,100,170,270,1200,1200,1200,1200,1200,1694,0,10,62.66761726041136,1.5625059604644775,1309.4227639958262,76.9521841794569
1774611844,10,GET,/api/audio/levels (during plugin swap),5.400000,0.000000,9,44,120,160,180,1100,1200,1200,1200,1200,1200,444,0,10,71.56400811341423,1.5781919937580824,1298.7376680830494,77.33333333333333
1774611844,10,GET,/api/audio/levels/plugins,5.400000,0.000000,6,10,16,19,25,110,120,120,120,120,120,444,0,6,18.043674497135186,1.5065419720485806,1342.3058059997857,20.47072072072072
1774611844,10,GET,/api/audio/status,12.100000,0.000000,4,9,11,13,19,20,22,100,120,120,120,1293,0,5,11.343100013399363,1.5397770330309868,275.8934219600633,303.04021655065736
1774611844,10,GET,/api/chains/,0.000000,0.000000,0,0,0,0,0,0,0,0,0,0,0,64,0,13,44.4865199533524,2.089375047944486,302.3143840255216,1478.296875
1774611844,10,GET,/api/chains/{id},12.100000,0.000000,10,18,25,43,150,200,240,260,1100,1100,1100,1293,0,10,61.110917044200626,1.9346090266481042,1318.3924700133502,806.6488785769528
1774611844,10,POST,/api/chains/{id}/activate,12.100000,0.000000,8,15,21,21,29,150,230,270,550,550,550,1293,0,9,29.80528975329495,1.778690959326923,1257.727513089776,54.16086620262954
1774611844,10,POST,/api/chains/{id}/deactivate,12.100000,0.000000,4,8,10,11,14,21,23,130,160,160,160,1293,0,5,10.471040618512996,1.8003659788519144,201.28799101803452,61.45862335653519
1774611844,10,POST,/api/plugins/batch/parameters (500 updates),9.800000,0.000000,20,32,82,130,170,210,240,1200,1200,1200,1200,826,0,19,62.23658687329669,5.449230084195733,1365.1708320248872,869.5968523002422
1774611844,10,GET,/api/plugins/discover,0.000000,0.000000,0,0,0,0,0,0,0,0,0,0,0,64,0,28,37.74846755004546,12.908800039440393,155.31902690418065,89708.0
1774611844,10,GET,/api/plugins/list,0.000000,0.000000,0,0,0,0,0,0,0,0,0,0,0,64,0,11,26.758709516798262,1.6044959193095565,192.37323594279587,72.953125
1774611844,10,POST,/api/plugins/load?uri,5.400000,0.000000,6,20,23,26,160,220,290,290,290,290,290,444,0,9,26.33061434529294,1.8879700219258666,1250.9400709532201,2301.427927927928
1774611844,10,POST,/api/plugins/unload?uri,5.500000,0.000000,6,13,18,21,120,140,160,160,160,160,160,444,0,6,13.804204910909673,1.8052880186587572,222.2753749229014,126.82882882882883
1774611844,10,,Aggregated,114.500000,0.000000,8,14,20,23,120,170,240,1100,1200,1200,1200,11354,0,9,36.45674657398631,1.5001400606706738,1365.1708320248872,832.4036462920557
1774611845,10,GET,/api/audio/latency,16.600000,0.000000,5,16,20,23,34,150,190,230,240,240,240,1712,0,7,27.100736192355768,1.5001400606706738,1326.6441239975393,33.04556074766355
1774611845,10,GET,/api/audio/levels,16.700000,0.000000,10,23,82,100,170,270,1200,1200,1200,1200,1200,1713,0,10,62.34879302635943,1.5625059604644775,1309.4227639958262,76.93870402802102
1774611845,10,GET,/api/audio/levels (during plugin swap),4.900000,0.000000,9,21,61,150,180,1100,1200,1200,1200,1200,1200,450,0,10,70.82314305602469,1.5781919937580824,1298.7376680830494,77.30444444444444
1774611845,10,GET,/api/audio/levels/plugins,4.900000,0.000000,6,13,16,19,25,110,120,120,120,120,120,450,0,6,17.88813625022562,1.5065419720485806,1342.3058059997857,20.47111111111111
1774611845,10,GET,/api/audio/status,10.900000,0.000000,5,10,11,13,18,20,22,100,120,120,120,1305,0,5,11.322232193342085,1.5397770330309868,275.8934219600633,303.039846743295
1774611845,10,GET,/api/chains/,0.000000,0.000000,0,0,0,0,0,0,0,0,0,0,0,64,0,13,44.4865199533524,2.089375047944486,302.3143840255216,1478.296875
1774611845,10,GET,/api/chains/{id},10.800000,0.000000,10,21,41,71,150,200,240,260,1100,1100,1100,1305,0,10,60.89654945647094,1.9346090266481042,1318.3924700133502,806.6613026819923
1774611845,10,POST,/api/chains/{id}/activate,10.800000,0.000000,9,18,21,21,34,150,230,270,550,550,550,1305,0,9,29.65198765362531,1.778690959326923,1257.727513089776,54.13793103448276
1774611845,10,POST,/api/chains/{id}/deactivate,11.100000,0.000000,5,8,10,11,14,21,23,130,160,160,160,1305,0,5,10.447092363842803,1.8003659788519144,201.28799101803452,61.46360153256705
1774611845,10,POST,/api/plugins/batch/parameters (500 updates),9.000000,0.000000,15,24,69,92,170,200,240,1200,1200,1200,1200,837,0,19,61.88269141739348,5.449230084195733,1365.1708320248872,869.1744324970132
1774611845,10,GET,/api/plugins/discover,0.000000,0.000000,0,0,0,0,0,0,0,0,0,0,0,64,0,28,37.74846755004546,12.908800039440393,155.31902690418065,89708.0
1774611845,10,GET,/api/plugins/list,0.000000,0.000000,0,0,0,0,0,0,0,0,0,0,0,64,0,11,26.758709516798262,1.6044959193095565,192.37323594279587,72.953125
1774611845,10,POST,/api/plugins/load?uri,4.900000,0.000000,5,21,23,26,160,220,290,290,290,290,290,450,0,9,26.106304647142274,1.8879700219258666,1250.9400709532201,2314.2533333333336
1774611845,10,POST,/api/plugins/unload?uri,4.900000,0.000000,10,14,20,21,120,140,160,160,160,160,160,450,0,6,13.836673638628175,1.8052880186587572,222.2753749229014,127.01777777777778
1774611845,10,,Aggregated,105.500000,0.000000,9,14,21,24,120,170,240,1100,1200,1200,1200,11474,0,9,36.29428076811303,1.5001400606706738,1365.1708320248872,827.7890883737144
1774611846,10,GET,/api/audio/latency,15.600000,0.000000,5,12,19,20,26,110,200,230,240,240,240,1740,0,7,26.981112856856793,1.5001400606706738,1326.6441239975393,33.0448275862069
1774611846,10,GET,/api/audio/levels,15.600000,0.000000,9,18,56,82,170,200,1200,1200,1200,1200,1200,1740,0,10,61.930163389128026,1.5625059604644775,1309.4227639958262,76.9522988505747
1774611846,10,GET,/api/audio/levels (during plugin swap),4.400000,0.000000,9,15,56,120,170,1100,1200,1200,1200,1200,1200,453,0,10,70.67414441081196,1.5781919937580824,1298.7376680830494,77.27593818984548
1774611846,10,GET,/api/audio/levels/plugins,4.400000,0.000000,6,9,13,16,21,110,120,120,120,120,120,453,0,6,17.807347577416788,1.5065419720485806,1342.3058059997857,20.485651214128037
1774611846,10,GET,/api/audio/status,10.800000,0.000000,4,9,11,14,18,20,23,24,100,100,100,1318,0,5,11.279901060963272,1.5397770330309868,275.8934219600633,303.03945371775416
1774611846,10,GET,/api/chains/,0.000000,0.000000,0,0,0,0,0,0,0,0,0,0,0,64,0,13,44.4865199533524,2.089375047944486,302.3143840255216,1478.296875
1774611846,10,GET,/api/chains/{id},10.800000,0.000000,9,13,30,54,150,200,240,260,1100,1100,1100,1318,0,10,60.69144919560233,1.9346090266481042,1318.3924700133502,806.4779969650987
1774611846,10,POST,/api/chains/{id}/activate,10.800000,0.000000,7,13,20,21,35,160,230,270,550,550,550,1318,0,9,29.569287240655022,1.778690959326923,1257.727513089776,54.176783004552355
1774611846,10,POST,/api/chains/{id}/deactivate,10.800000,0.000000,4,8,10,11,14,21,23,130,160,160,160,1318,0,5,10.39471969244103,1.8003659788519144,201.28799101803452,61.4309559939302
1774611846,10,POST,/api/plugins/batch/parameters (500 updates),8.700000,0.000000,15,25,74,93,180,210,230,1200,1200,1200,1200,841,0,19,62.24632795994789,5.449230084195733,1365.1708320248872,869.6040428061831
1774611846,10,GET,/api/plugins/discover,0.000000,0.000000,0,0,0,0,0,0,0,0,0,0,0,64,0,28,37.74846755004546,12.908800039440393,155.31902690418065,89708.0
1774611846,10,GET,/api/plugins/list,0.000000,0.000000,0,0,0,0,0,0,0,0,0,0,0,64,0,11,26.758709516798262,1.6044959193095565,192.37323594279587,72.953125
1774611846,10,POST,/api/plugins/load?uri,4.400000,0.000000,5,20,22,25,130,220,290,290,290,290,290,453,0,9,26.34723352604478,1.8879700219258666,1250.9400709532201,2312.8454746136867
1774611846,10,POST,/api/plugins/unload?uri,4.400000,0.000000,10,13,14,20,53,140,160,160,160,160,160,453,0,7,13.789902426812295,1.8052880186587572,222.2753749229014,126.97792494481236
1774611846,10,,Aggregated,100.700000,0.000000,7,13,19,22,96,170,230,1100,1200,1200,1200,11597,0,9,36.20120878890301,1.5001400606706738,1365.1708320248872,821.5542812796413
1774611847,10,GET,/api/audio/latency,16.500000,0.000000,5,16,20,22,25,110,200,230,240,240,240,1764,0,7,26.76805575047472,1.5001400606706738,1326.6441239975393,33.04421768707483
1774611847,10,GET,/api/audio/levels,16.500000,0.000000,9,20,61,89,170,200,1200,1200,1200,1200,1200,1764,0,10,61.60154569217758,1.5625059604644775,1309.4227639958262,76.96485260770974
1774611847,10,GET,/api/audio/levels (during plugin swap),3.800000,0.000000,9,15,56,120,170,1100,1200,1200,1200,1200,1200,457,0,10,70.1043760922128,1.5781919937580824,1298.7376680830494,77.23851203501094
1774611847,10,GET,/api/audio/levels/plugins,3.800000,0.000000,6,9,13,16,21,110,120,120,120,120,120,457,0,6,17.690637644637107,1.5065419720485806,1342.3058059997857,20.457330415754925
1774611847,10,GET,/api/audio/status,11.400000,0.000000,4,9,11,13,17,20,23,24,100,100,100,1333,0,5,11.208785200629185,1.5397770330309868,275.8934219600633,303.0390097524381
1774611847,10,GET,/api/chains/,0.000000,0.000000,0,0,0,0,0,0,0,0,0,0,0,64,0,13,44.4865199533524,2.089375047944486,302.3143840255216,1478.296875
1774611847,10,GET,/api/chains/{id},11.400000,0.000000,9,13,30,53,150,200,240,260,1100,1100,1100,1333,0,10,60.10992816708415,1.9346090266481042,1318.3924700133502,806.3000750187547
1774611847,10,POST,/api/chains/{id}/activate,11.400000,0.000000,7,13,21,22,35,160,230,270,550,550,550,1333,0,9,29.331647023395828,1.778690959326923,1257.727513089776,54.16729182295574
1774611847,10,POST,/api/chains/{id}/deactivate,11.200000,0.000000,4,8,10,11,14,20,22,23,130,130,130,1333,0,5,10.350605462529659,1.8003659788519144,201.28799101803452,61.437359339834956
1774611847,10,POST,/api/plugins/batch/parameters (500 updates),8.900000,0.000000,17,25,54,91,170,210,230,1200,1200,1200,1200,847,0,19,61.93187837917775,5.449230084195733,1365.1708320248872,869.6174734356553
1774611847,10,GET,/api/plugins/discover,0.000000,0.000000,0,0,0,0,0,0,0,0,0,0,0,64,0,28,37.74846755004546,12.908800039440393,155.31902690418065,89708.0
1774611847,10,GET,/api/plugins/list,0.000000,0.000000,0,0,0,0,0,0,0,0,0,0,0,64,0,11,26.758709516798262,1.6044959193095565,192.37323594279587,72.953125
1774611847,10,POST,/api/plugins/load?uri,3.800000,0.000000,5,21,22,25,130,220,290,290,290,290,290,457,0,9,26.19076579736843,1.8879700219258666,1250.9400709532201,2304.5207877461708
1774611847,10,POST,/api/plugins/unload?uri,3.700000,0.000000,8,12,14,18,53,140,160,160,160,160,160,457,0,7,13.73222005564752,1.8052880186587572,222.2753749229014,126.93873085339169
1774611847,10,,Aggregated,102.400000,0.000000,7,13,19,22,92,170,230,1100,1200,1200,1200,11727,0,9,35.95525606180302,1.5001400606706738,1365.1708320248872,815.203206276115
1774611848,10,GET,/api/audio/latency,16.700000,0.000000,6,16,20,22,27,140,200,230,240,240,240,1784,0,7,26.88818645959557,1.5001400606706738,1326.6441239975393,33.04372197309417
1774611848,10,GET,/api/audio/levels,16.800000,0.000000,9,22,66,96,160,200,1200,1200,1200,1200,1200,1784,0,10,61.71728953426274,1.5625059604644775,1309.4227639958262,76.96412556053812
1774611848,10,GET,/api/audio/levels (during plugin swap),3.600000,0.000000,9,15,61,140,180,1100,1200,1200,1200,1200,1200,458,0,10,70.40839789559308,1.5781919937580824,1298.7376680830494,77.25764192139738
1774611848,10,GET,/api/audio/levels/plugins,3.600000,0.000000,6,13,16,17,110,120,190,190,190,190,190,458,0,6,18.05991602972085,1.5065419720485806,1342.3058059997857,20.471615720524017
1774611848,10,GET,/api/audio/status,11.000000,0.000000,4,8,11,11,16,20,23,24,100,100,100,1344,0,5,11.177460671509229,1.5397770330309868,275.8934219600633,303.0386904761905
1774611848,10,GET,/api/chains/,0.000000,0.000000,0,0,0,0,0,0,0,0,0,0,0,64,0,13,44.4865199533524,2.089375047944486,302.3143840255216,1478.296875
1774611848,10,GET,/api/chains/{id},11.000000,0.000000,9,13,22,41,140,200,240,260,1100,1100,1100,1344,0,10,59.94530594259794,1.9346090266481042,1318.3924700133502,806.250744047619
1774611848,10,POST,/api/chains/{id}/activate,10.900000,0.000000,7,15,21,22,35,140,230,270,550,550,550,1344,0,9,29.297451550692564,1.778690959326923,1257.727513089776,54.17782738095238
1774611848,10,POST,/api/chains/{id}/deactivate,11.000000,0.000000,4,8,10,11,14,22,27,130,230,230,230,1344,0,5,10.515346796507531,1.8003659788519144,227.91499400045723,61.423363095238095
1774611848,10,POST,/api/plugins/batch/parameters (500 updates),8.000000,0.000000,17,27,74,93,180,210,230,1200,1200,1200,1200,854,0,19,62.20545682105164,5.449230084195733,1365.1708320248872,869.7927400468384
1774611848,10,GET,/api/plugins/discover,0.000000,0.000000,0,0,0,0,0,0,0,0,0,0,0,64,0,28,37.74846755004546,12.908800039440393,155.31902690418065,89708.0
1774611848,10,GET,/api/plugins/list,0.000000,0.000000,0,0,0,0,0,0,0,0,0,0,0,64,0,11,26.758709516798262,1.6044959193095565,192.37323594279587,72.953125
1774611848,10,POST,/api/plugins/load?uri,3.600000,0.000000,5,21,23,25,130,220,290,290,290,290,290,458,0,9,26.179817223547264,1.8879700219258666,1250.9400709532201,2301.6768558951967
1774611848,10,POST,/api/plugins/unload?uri,3.800000,0.000000,10,14,18,21,53,140,160,160,160,160,160,458,0,7,13.79149187433505,1.8052880186587572,222.2753749229014,126.9061135371179
1774611848,10,,Aggregated,100.000000,0.000000,7,13,20,23,110,170,230,1100,1200,1200,1200,11822,0,9,36.0424608831107,1.5001400606706738,1365.1708320248872,810.6033666046354
1774611849,10,GET,/api/audio/latency,17.900000,0.000000,7,17,20,22,27,140,200,230,240,240,240,1815,0,7,26.695695216959912,1.5001400606706738,1326.6441239975393,33.04297520661157
1774611849,10,GET,/api/audio/levels,17.900000,0.000000,9,35,70,96,160,190,1200,1200,1200,1200,1200,1815,0,10,61.204507670265215,1.5625059604644775,1309.4227639958262,76.95371900826446
1774611849,10,GET,/api/audio/levels (during plugin swap),3.800000,0.000000,10,18,56,140,180,1100,1200,1200,1200,1200,1200,463,0,10,69.76971938878249,1.5781919937580824,1298.7376680830494,77.21166306695464
1774611849,10,GET,/api/audio/levels/plugins,3.800000,0.000000,6,11,15,17,110,120,190,190,190,190,190,463,0,6,17.930839329426927,1.5065419720485806,1342.3058059997857,20.457883369330453
1774611849,10,GET,/api/audio/status,11.400000,0.000000,5,9,11,13,16,22,24,100,100,100,100,1352,0,5,11.151749440420629,1.5397770330309868,275.8934219600633,303.03846153846155
1774611849,10,GET,/api/chains/,0.000000,0.000000,0,0,0,0,0,0,0,0,0,0,0,64,0,13,44.4865199533524,2.089375047944486,302.3143840255216,1478.296875
1774611849,10,GET,/api/chains/{id},11.400000,0.000000,10,18,30,54,170,200,260,1100,1100,1100,1100,1352,0,10,59.925760093855274,1.9346090266481042,1318.3924700133502,806.0007396449704
1774611849,10,POST,/api/chains/{id}/activate,11.400000,0.000000,8,16,21,22,38,170,270,550,550,550,550,1352,0,9,29.214971918907544,1.778690959326923,1257.727513089776,54.15680473372781
1774611849,10,POST,/api/chains/{id}/deactivate,11.400000,0.000000,4,8,10,11,14,22,130,230,230,230,230,1352,0,5,10.484966337587823,1.8003659788519144,227.91499400045723,61.42677514792899
1774611849,10,POST,/api/plugins/batch/parameters (500 updates),7.900000,0.000000,23,35,82,93,190,220,230,1200,1200,1200,1200,861,0,19,62.17693920697774,5.449230084195733,1365.1708320248872,869.924506387921
1774611849,10,GET,/api/plugins/discover,0.000000,0.000000,0,0,0,0,0,0,0,0,0,0,0,64,0,28,37.74846755004546,12.908800039440393,155.31902690418065,89708.0
1774611849,10,GET,/api/plugins/list,0.000000,0.000000,0,0,0,0,0,0,0,0,0,0,0,64,0,11,26.758709516798262,1.6044959193095565,192.37323594279587,72.953125
1774611849,10,POST,/api/plugins/load?uri,3.800000,0.000000,13,21,22,25,130,220,290,290,290,290,290,463,0,9,26.003360009569167,1.8879700219258666,1250.9400709532201,2297.3369330453565
1774611849,10,POST,/api/plugins/unload?uri,3.800000,0.000000,8,11,14,18,53,140,160,160,160,160,160,463,0,7,13.691692950996543,1.8052880186587572,222.2753749229014,126.96112311015119
1774611849,10,,Aggregated,104.500000,0.000000,8,15,21,24,110,180,230,1100,1200,1200,1200,11943,0,9,35.90421896736244,1.5001400606706738,1365.1708320248872,804.8733149125011
1774611850,10,GET,/api/audio/latency,17.900000,0.000000,7,16,20,22,39,150,210,230,240,240,240,1828,0,7,26.92442801323744,1.5001400606706738,1326.6441239975393,33.042669584245075
1774611850,10,GET,/api/audio/levels,18.100000,0.000000,9,22,70,97,170,230,1200,1200,1200,1200,1200,1828,0,10,61.221305348238396,1.5625059604644775,1309.4227639958262,76.96115973741794
1774611850,10,GET,/api/audio/levels (during plugin swap),3.600000,0.000000,10,18,70,150,260,1100,1200,1200,1200,1200,1200,468,0,10,70.26778981407993,1.5781919937580824,1298.7376680830494,77.22222222222223
1774611850,10,GET,/api/audio/levels/plugins,3.600000,0.000000,8,13,19,24,110,120,190,190,190,190,190,468,0,6,17.960309244505265,1.5065419720485806,1342.3058059997857,20.47222222222222
1774611850,10,GET,/api/audio/status,10.700000,0.000000,5,9,11,13,17,22,26,100,100,100,100,1359,0,5,11.147251340846385,1.5397770330309868,275.8934219600633,303.0382634289919
1774611850,10,GET,/api/chains/,0.000000,0.000000,0,0,0,0,0,0,0,0,0,0,0,64,0,13,44.4865199533524,2.089375047944486,302.3143840255216,1478.296875
1774611850,10,GET,/api/chains/{id},10.800000,0.000000,10,17,26,58,150,200,260,1100,1100,1100,1100,1359,0,10,59.85950180947866,1.9346090266481042,1318.3924700133502,806.3348050036792
1774611850,10,POST,/api/chains/{id}/activate,10.700000,0.000000,8,14,21,23,41,170,270,550,550,550,550,1359,0,9,29.313460320324758,1.778690959326923,1257.727513089776,54.131714495952906
1774611850,10,POST,/api/chains/{id}/deactivate,10.700000,0.000000,5,8,10,11,14,22,27,230,230,230,230,1359,0,5,10.47413711808896,1.8003659788519144,227.91499400045723,61.42972774098602
1774611850,10,POST,/api/plugins/batch/parameters (500 updates),7.300000,0.000000,24,35,82,96,210,230,230,1200,1200,1200,1200,871,0,19,62.31927701398243,5.449230084195733,1365.1708320248872,870.1779563719862
1774611850,10,GET,/api/plugins/discover,0.000000,0.000000,0,0,0,0,0,0,0,0,0,0,0,64,0,28,37.74846755004546,12.908800039440393,155.31902690418065,89708.0
1774611850,10,GET,/api/plugins/list,0.000000,0.000000,0,0,0,0,0,0,0,0,0,0,0,64,0,11,26.758709516798262,1.6044959193095565,192.37323594279587,72.953125
1774611850,10,POST,/api/plugins/load?uri,3.600000,0.000000,14,21,25,26,210,220,290,290,290,290,290,468,0,9,26.699007697489,1.8879700219258666,1250.9400709532201,2295.628205128205
1774611850,10,POST,/api/plugins/unload?uri,3.600000,0.000000,8,10,12,14,41,100,160,160,160,160,160,468,0,7,13.611507368210352,1.8052880186587572,222.2753749229014,127.0405982905983
1774611850,10,,Aggregated,100.600000,0.000000,8,15,21,25,120,190,240,1100,1200,1200,1200,12027,0,9,36.01161397967159,1.5001400606706738,1365.1708320248872,801.8475097696848
1774611851,10,GET,/api/audio/latency,18.900000,0.000000,7,16,20,22,39,150,210,230,240,240,240,1842,0,7,26.765519923107835,1.5001400606706738,1326.6441239975393,33.042345276872965
1774611851,10,GET,/api/audio/levels,19.000000,0.000000,9,35,79,110,170,230,1200,1200,1200,1200,1200,1842,0,10,60.99314432221856,1.5625059604644775,1309.4227639958262,76.95222584147666
1774611851,10,GET,/api/audio/levels (during plugin swap),3.700000,0.000000,11,18,70,140,230,1100,1200,1200,1200,1200,1200,471,0,10,69.91784049483756,1.5781919937580824,1298.7376680830494,77.22292993630573
1774611851,10,GET,/api/audio/levels/plugins,3.700000,0.000000,8,11,16,21,35,120,190,190,190,190,190,471,0,6,17.88419268673361,1.5065419720485806,1342.3058059997857,20.45859872611465
1774611851,10,GET,/api/audio/status,10.700000,0.000000,7,10,11,13,18,22,26,100,100,100,100,1372,0,5,11.110693784569778,1.5397770330309868,275.8934219600633,303.03790087463557
1774611851,10,GET,/api/chains/,0.000000,0.000000,0,0,0,0,0,0,0,0,0,0,0,64,0,13,44.4865199533524,2.089375047944486,302.3143840255216,1478.296875
1774611851,10,GET,/api/chains/{id},10.700000,0.000000,7,16,26,73,150,200,260,1100,1100,1100,1100,1373,0,10,59.46079667364922,1.9346090266481042,1318.3924700133502,806.3517844136926
1774611851,10,POST,/api/chains/{id}/activate,10.700000,0.000000,9,14,20,21,38,170,270,550,550,550,550,1373,0,9,29.115022387432216,1.778690959326923,1257.727513089776,54.11871813546978
1774611851,10,POST,/api/chains/{id}/deactivate,10.700000,0.000000,5,9,11,11,14,22,27,230,230,230,230,1372,0,5,10.431684028057235,1.8003659788519144,227.91499400045723,61.43513119533527
1774611851,10,POST,/api/plugins/batch/parameters (500 updates),6.800000,0.000000,19,30,69,91,180,220,230,1200,1200,1200,1200,889,0,19,61.52792715064708,5.449230084195733,1365.1708320248872,869.8998875140608
1774611851,10,GET,/api/plugins/discover,0.000000,0.000000,0,0,0,0,0,0,0,0,0,0,0,64,0,28,37.74846755004546,12.908800039440393,155.31902690418065,89708.0
1774611851,10,GET,/api/plugins/list,0.000000,0.000000,0,0,0,0,0,0,0,0,0,0,0,64,0,11,26.758709516798262,1.6044959193095565,192.37323594279587,72.953125
1774611851,10,POST,/api/plugins/load?uri,3.700000,0.000000,15,21,25,25,200,220,290,290,290,290,290,471,0,9,26.613078051940747,1.8879700219258666,1250.9400709532201,2290.4352441613587
1774611851,10,POST,/api/plugins/unload?uri,3.700000,0.000000,9,11,12,14,41,100,160,160,160,160,160,471,0,7,13.579946486852794,1.8052880186587572,222.2753749229014,127.03184713375796
1774611851,10,,Aggregated,102.300000,0.000000,9,15,21,24,120,190,240,1100,1200,1200,1200,12139,0,9,35.816936938972724,1.5001400606706738,1365.1708320248872,797.6489826180081
1774611852,10,GET,/api/audio/latency,18.700000,0.000000,7,16,19,21,110,160,210,230,240,240,240,1865,0,7,26.901095051033767,1.5001400606706738,1326.6441239975393,33.04182305630027
1774611852,10,GET,/api/audio/levels,18.700000,0.000000,9,27,76,95,160,180,200,270,290,290,290,1865,0,10,60.91656967805294,1.5625059604644775,1309.4227639958262,76.95227882037534
1774611852,10,GET,/api/audio/levels (during plugin swap),3.600000,0.000000,13,18,61,73,180,230,260,260,260,260,260,476,0,10,69.82701549163683,1.5781919937580824,1298.7376680830494,77.20588235294117
1774611852,10,GET,/api/audio/levels/plugins,3.500000,0.000000,8,9,11,14,33,110,190,190,190,190,190,476,0,6,17.76304780975172,1.5065419720485806,1342.3058059997857,20.472689075630253
1774611852,10,GET,/api/audio/status,9.700000,0.000000,6,10,11,13,18,22,26,120,180,180,180,1381,0,5,11.276653875070128,1.5397770330309868,275.8934219600633,303.0376538740043
1774611852,10,GET,/api/chains/,0.000000,0.000000,0,0,0,0,0,0,0,0,0,0,0,64,0,13,44.4865199533524,2.089375047944486,302.3143840255216,1478.296875
1774611852,10,GET,/api/chains/{id},9.900000,0.000000,7,17,33,73,150,180,230,240,260,260,260,1381,0,10,59.49475502743333,1.9346090266481042,1318.3924700133502,806.2346125995655
1774611852,10,POST,/api/chains/{id}/activate,9.800000,0.000000,9,15,20,22,35,170,230,270,550,550,550,1381,0,9,29.159333752461485,1.778690959326923,1257.727513089776,54.11658218682114
1774611852,10,POST,/api/chains/{id}/deactivate,9.800000,0.000000,5,8,10,11,16,22,27,27,230,230,230,1381,0,5,10.40899167447651,1.8003659788519144,227.91499400045723,61.42070963070239
1774611852,10,POST,/api/plugins/batch/parameters (500 updates),6.300000,0.000000,17,27,56,91,180,220,230,250,250,250,250,894,0,19,61.55570857831062,5.449230084195733,1365.1708320248872,869.9284116331096
1774611852,10,GET,/api/plugins/discover,0.000000,0.000000,0,0,0,0,0,0,0,0,0,0,0,64,0,28,37.74846755004546,12.908800039440393,155.31902690418065,89708.0
1774611852,10,GET,/api/plugins/list,0.000000,0.000000,0,0,0,0,0,0,0,0,0,0,0,64,0,11,26.758709516798262,1.6044959193095565,192.37323594279587,72.953125
1774611852,10,POST,/api/plugins/load?uri,3.500000,0.000000,15,18,21,25,200,220,290,290,290,290,290,476,0,9,26.80400527178255,1.8879700219258666,1250.9400709532201,2280.6155462184875
1774611852,10,POST,/api/plugins/unload?uri,3.500000,0.000000,8,10,11,12,22,53,160,160,160,160,160,476,0,7,13.504811040196223,1.8052880186587572,222.2753749229014,127.00210084033614
1774611852,10,,Aggregated,97.000000,0.000000,8,14,20,24,120,180,220,230,290,550,550,12244,0,9,35.85800266277119,1.5001400606706738,1365.1708320248872,792.8315909833387
1774611853,10,GET,/api/audio/latency,18.700000,0.000000,7,15,19,21,28,150,200,210,210,210,210,1869,0,7,26.85467069082853,1.5001400606706738,1326.6441239975393,33.04173354735153
1774611853,10,GET,/api/audio/levels,18.700000,0.000000,9,20,70,91,150,170,190,200,230,230,230,1869,0,10,60.80195230096499,1.5625059604644775,1309.4227639958262,76.9438202247191
1774611853,10,GET,/api/audio/levels (during plugin swap),3.600000,0.000000,11,18,33,70,180,230,260,260,260,260,260,477,0,10,69.68516723469556,1.5781919937580824,1298.7376680830494,77.22431865828092
1774611853,10,GET,/api/audio/levels/plugins,3.500000,0.000000,7,9,9,11,24,35,190,190,190,190,190,477,0,6,17.72933796514802,1.5065419720485806,1342.3058059997857,20.48637316561845
1774611853,10,GET,/api/audio/status,9.700000,0.000000,5,10,11,12,17,23,120,180,180,180,180,1385,0,5,11.267008944011096,1.5397770330309868,275.8934219600633,303.0375451263538
1774611853,10,GET,/api/chains/,0.000000,0.000000,0,0,0,0,0,0,0,0,0,0,0,64,0,13,44.4865199533524,2.089375047944486,302.3143840255216,1478.296875
1774611853,10,GET,/api/chains/{id},9.900000,0.000000,7,16,24,54,140,180,200,230,230,230,230,1385,0,10,59.343112291707676,1.9346090266481042,1318.3924700133502,806.1126353790613
1774611853,10,POST,/api/chains/{id}/activate,9.800000,0.000000,8,14,20,20,28,120,170,190,190,190,190,1385,0,9,29.097912296155194,1.778690959326923,1257.727513089776,54.11552346570397
1774611853,10,POST,/api/chains/{id}/deactivate,9.800000,0.000000,5,8,10,11,16,23,27,230,230,230,230,1385,0,5,10.420632899977562,1.8003659788519144,227.91499400045723,61.42238267148014
1774611853,10,POST,/api/plugins/batch/parameters (500 updates),6.300000,0.000000,17,26,35,91,180,220,230,250,250,250,250,898,0,19,61.33386108480842,5.449230084195733,1365.1708320248872,870.0144766146993
1774611853,10,GET,/api/plugins/discover,0.000000,0.000000,0,0,0,0,0,0,0,0,0,0,0,64,0,28,37.74846755004546,12.908800039440393,155.31902690418065,89708.0
1774611853,10,GET,/api/plugins/list,0.000000,0.000000,0,0,0,0,0,0,0,0,0,0,0,64,0,11,26.758709516798262,1.6044959193095565,192.37323594279587,72.953125
1774611853,10,POST,/api/plugins/load?uri,3.500000,0.000000,13,17,21,21,180,200,210,210,210,210,210,477,0,9,26.75404119162783,1.8879700219258666,1250.9400709532201,2292.5995807127883
1774611853,10,POST,/api/plugins/unload?uri,3.500000,0.000000,8,10,10,11,12,41,53,53,53,53,53,477,0,7,13.480600767448717,1.8052880186587572,222.2753749229014,127.07337526205451
1774611853,10,,Aggregated,97.000000,0.000000,8,13,19,22,92,160,200,210,260,260,260,12276,0,9,35.78531104904137,1.5001400606706738,1365.1708320248872,792.1483382209188
1774611854,10,GET,/api/audio/latency,18.500000,0.000000,8,16,18,20,28,160,200,210,210,210,210,1878,0,7,26.780931944639004,1.5001400606706738,1326.6441239975393,33.04153354632588
1774611854,10,GET,/api/audio/levels,18.500000,0.000000,11,43,92,110,160,190,1200,1300,1300,1300,1300,1880,0,10,63.46271055189526,1.5625059604644775,1309.4227639958262,76.95531914893617
1774611854,10,GET,/api/audio/levels (during plugin swap),3.300000,0.000000,17,33,70,140,210,230,260,260,260,260,260,478,0,10,69.90358118376028,1.5781919937580824,1298.7376680830494,77.21548117154812
1774611854,10,GET,/api/audio/levels/plugins,3.300000,0.000000,8,9,11,13,33,35,190,190,190,190,190,477,0,6,17.72933796514802,1.5065419720485806,1342.3058059997857,20.48637316561845
1774611854,10,GET,/api/audio/status,10.000000,0.000000,5,9,11,12,15,23,120,180,180,180,180,1388,0,5,11.249925746811924,1.5397770330309868,275.8934219600633,303.0374639769452
1774611854,10,GET,/api/chains/,0.000000,0.000000,0,0,0,0,0,0,0,0,0,0,0,64,0,13,44.4865199533524,2.089375047944486,302.3143840255216,1478.296875
1774611854,10,GET,/api/chains/{id},10.000000,0.000000,10,18,53,75,160,180,230,1200,1200,1200,1200,1390,0,10,60.19595211720188,1.9346090266481042,1318.3924700133502,806.1827338129497
1774611854,10,POST,/api/chains/{id}/activate,10.000000,0.000000,10,17,20,21,32,120,170,190,190,190,190,1388,0,9,29.05912902895616,1.778690959326923,1257.727513089776,54.09221902017291
1774611854,10,POST,/api/chains/{id}/deactivate,10.000000,0.000000,5,9,11,11,17,23,27,230,230,230,230,1388,0,5,10.407863710691577,1.8003659788519144,227.91499400045723,61.42363112391931
1774611854,10,POST,/api/plugins/batch/parameters (500 updates),7.500000,0.000000,25,35,96,180,230,1100,1200,1300,1300,1300,1300,906,0,19,67.76135866224425,5.449230084195733,1365.1708320248872,870.0684326710817
1774611854,10,GET,/api/plugins/discover,0.000000,0.000000,0,0,0,0,0,0,0,0,0,0,0,64,0,28,37.74846755004546,12.908800039440393,155.31902690418065,89708.0
1774611854,10,GET,/api/plugins/list,0.000000,0.000000,0,0,0,0,0,0,0,0,0,0,0,64,0,11,26.758709516798262,1.6044959193095565,192.37323594279587,72.953125
1774611854,10,POST,/api/plugins/load?uri,3.300000,0.000000,15,17,21,22,180,200,210,210,210,210,210,477,0,9,26.75404119162783,1.8879700219258666,1250.9400709532201,2292.5995807127883
1774611854,10,POST,/api/plugins/unload?uri,3.300000,0.000000,8,10,10,10,12,12,41,41,41,41,41,477,0,7,13.480600767448717,1.8052880186587572,222.2753749229014,127.07337526205451
1774611854,10,,Aggregated,97.700000,0.000000,9,16,21,26,130,180,230,1100,1300,1300,1300,12319,0,9,36.780750070516284,1.5001400606706738,1365.1708320248872,790.487296046757
1774611855,10,GET,/api/audio/latency,19.700000,0.000000,7,13,18,20,27,160,180,210,210,210,210,1900,0,7,26.723313284608977,1.5001400606706738,1326.6441239975393,33.04105263157895
1774611855,10,GET,/api/audio/levels,19.600000,0.000000,9,27,79,110,160,190,1200,1300,1300,1300,1300,1900,0,10,63.04158591542785,1.5625059604644775,1309.4227639958262,76.95473684210526
1774611855,10,GET,/api/audio/levels (during plugin swap),3.500000,0.000000,11,18,70,73,180,230,260,260,260,260,260,484,0,10,69.24483467957528,1.5781919937580824,1298.7376680830494,77.21694214876032
1774611855,10,GET,/api/audio/levels/plugins,3.500000,0.000000,8,9,10,11,27,35,190,190,190,190,190,484,0,6,17.60829213697825,1.5065419720485806,1342.3058059997857,20.473140495867767
1774611855,10,GET,/api/audio/status,10.700000,0.000000,4,9,11,12,18,23,120,180,180,180,180,1404,0,5,11.21949768566163,1.5397770330309868,275.8934219600633,303.037037037037
1774611855,10,GET,/api/chains/,0.000000,0.000000,0,0,0,0,0,0,0,0,0,0,0,64,0,13,44.4865199533524,2.089375047944486,302.3143840255216,1478.296875
1774611855,10,GET,/api/chains/{id},10.700000,0.000000,7,17,26,68,140,180,230,1200,1200,1200,1200,1405,0,10,59.98865919837271,1.9346090266481042,1318.3924700133502,806.1395017793594
1774611855,10,POST,/api/chains/{id}/activate,10.700000,0.000000,9,17,20,22,28,140,170,190,190,190,190,1405,0,9,29.11565013799909,1.778690959326923,1257.727513089776,54.09252669039146
1774611855,10,POST,/api/chains/{id}/deactivate,10.700000,0.000000,5,8,10,11,17,24,120,230,230,230,230,1404,0,5,10.437609151485336,1.8003659788519144,227.91499400045723,61.43019943019943
1774611855,10,POST,/api/plugins/batch/parameters (500 updates),7.900000,0.000000,23,30,89,160,220,1100,1200,1300,1300,1300,1300,913,0,19,67.38427456614724,5.449230084195733,1365.1708320248872,869.7853231106243
1774611855,10,GET,/api/plugins/discover,0.000000,0.000000,0,0,0,0,0,0,0,0,0,0,0,64,0,28,37.74846755004546,12.908800039440393,155.31902690418065,89708.0
1774611855,10,GET,/api/plugins/list,0.000000,0.000000,0,0,0,0,0,0,0,0,0,0,0,64,0,11,26.758709516798262,1.6044959193095565,192.37323594279587,72.953125
1774611855,10,POST,/api/plugins/load?uri,3.500000,0.000000,13,17,21,21,160,200,210,210,210,210,210,484,0,9,26.77307325133415,1.8879700219258666,1250.9400709532201,2281.1363636363635
1774611855,10,POST,/api/plugins/unload?uri,3.500000,0.000000,8,10,11,11,13,22,41,41,41,41,41,484,0,7,13.439836246317467,1.8052880186587572,222.2753749229014,127.0495867768595
1774611855,10,,Aggregated,104.000000,0.000000,8,14,20,24,120,180,210,1100,1300,1300,1300,12459,0,9,36.611994699517375,1.5001400606706738,1365.1708320248872,784.7242956898627
1774611856,10,GET,/api/audio/latency,18.800000,0.000000,9,16,18,21,28,160,180,210,210,210,210,1917,0,7,26.603487896794686,1.5001400606706738,1326.6441239975393,33.04068857589984
1774611856,10,GET,/api/audio/levels,18.800000,0.000000,12,70,110,120,160,190,1200,1300,1300,1300,1300,1920,0,10,63.15684654867558,1.5625059604644775,1309.4227639958262,76.98802083333334
1774611856,10,GET,/api/audio/levels (during plugin swap),3.300000,0.000000,17,33,81,120,180,230,260,260,260,260,260,488,0,10,69.2503346718531,1.5781919937580824,1298.7376680830494,77.23565573770492
1774611856,10,GET,/api/audio/levels/plugins,3.300000,0.000000,8,9,11,14,27,35,190,190,190,190,190,488,0,6,17.526579121667815,1.5065419720485806,1342.3058059997857,20.44672131147541
1774611856,10,GET,/api/audio/status,9.800000,0.000000,6,10,12,14,18,22,120,180,180,180,180,1414,0,5,11.19968804303238,1.5397770330309868,275.8934219600633,303.036775106082
1774611856,10,GET,/api/chains/,0.000000,0.000000,0,0,0,0,0,0,0,0,0,0,0,64,0,13,44.4865199533524,2.089375047944486,302.3143840255216,1478.296875
1774611856,10,GET,/api/chains/{id},9.800000,0.000000,15,24,76,99,160,180,230,1200,1200,1200,1200,1416,0,10,59.95717326810223,1.9346090266481042,1318.3924700133502,806.3411016949152
1774611856,10,POST,/api/chains/{id}/activate,9.800000,0.000000,11,19,21,24,41,140,170,190,190,190,190,1414,0,9,29.009749113810624,1.778690959326923,1257.727513089776,54.07708628005658
1774611856,10,POST,/api/chains/{id}/deactivate,9.800000,0.000000,5,9,11,12,17,24,120,230,230,230,230,1414,0,5,10.412577100696183,1.8003659788519144,227.91499400045723,61.416548797736915
1774611856,10,POST,/api/plugins/batch/parameters (500 updates),7.900000,0.000000,23,30,91,160,220,1100,1200,1300,1300,1300,1300,922,0,19,67.19746305092103,5.449230084195733,1365.1708320248872,869.3264642082429
1774611856,10,GET,/api/plugins/discover,0.000000,0.000000,0,0,0,0,0,0,0,0,0,0,0,64,0,28,37.74846755004546,12.908800039440393,155.31902690418065,89708.0
1774611856,10,GET,/api/plugins/list,0.000000,0.000000,0,0,0,0,0,0,0,0,0,0,0,64,0,11,26.758709516798262,1.6044959193095565,192.37323594279587,72.953125
1774611856,10,POST,/api/plugins/load?uri,3.300000,0.000000,14,16,18,21,160,200,210,210,210,210,210,488,0,9,26.65786561818572,1.8879700219258666,1250.9400709532201,2274.1946721311474
1774611856,10,POST,/api/plugins/unload?uri,3.300000,0.000000,5,10,11,12,13,22,41,41,41,41,41,488,0,6,13.37104761132352,1.8052880186587572,222.2753749229014,127.09836065573771
1774611856,10,,Aggregated,97.900000,0.000000,10,17,22,28,140,180,220,1100,1300,1300,1300,12561,0,9,36.58560769913909,1.5001400606706738,1365.1708320248872,780.6980335960512
1774611857,10,GET,/api/audio/latency,18.300000,0.000000,7,15,17,20,27,160,180,210,210,210,210,1941,0,7,26.607936829540137,1.5001400606706738,1326.6441239975393,33.06027820710974
1774611857,10,GET,/api/audio/levels,18.300000,0.000000,10,30,85,110,160,190,1200,1300,1300,1300,1300,1941,0,10,62.83052187973882,1.5625059604644775,1309.4227639958262,76.97836166924266
1774611857,10,GET,/api/audio/levels (during plugin swap),3.400000,0.000000,15,21,73,81,170,230,260,260,260,260,260,489,0,10,69.11234531250682,1.5781919937580824,1298.7376680830494,77.22699386503068
1774611857,10,GET,/api/audio/levels/plugins,3.400000,0.000000,8,9,10,11,24,33,35,35,35,35,35,489,0,6,17.494435186673087,1.5065419720485806,1342.3058059997857,20.460122699386503
1774611857,10,GET,/api/audio/status,9.500000,0.000000,6,10,12,14,18,23,120,180,180,180,180,1435,0,5,11.149306802520405,1.5397770330309868,275.8934219600633,303.0362369337979
1774611857,10,GET,/api/chains/,0.000000,0.000000,0,0,0,0,0,0,0,0,0,0,0,64,0,13,44.4865199533524,2.089375047944486,302.3143840255216,1478.296875
1774611857,10,GET,/api/chains/{id},9.600000,0.000000,13,21,42,96,140,180,230,1200,1200,1200,1200,1435,0,10,59.494856282750646,1.9346090266481042,1318.3924700133502,806.180487804878
1774611857,10,POST,/api/chains/{id}/activate,9.500000,0.000000,11,18,22,24,41,160,170,190,190,190,190,1435,0,10,28.993384292485512,1.778690959326923,1257.727513089776,54.09407665505226
1774611857,10,POST,/api/chains/{id}/deactivate,9.700000,0.000000,5,8,10,11,14,23,27,120,120,120,120,1431,0,5,10.357563968801221,1.8003659788519144,227.91499400045723,61.42348008385744
1774611857,10,POST,/api/plugins/batch/parameters (500 updates),7.200000,0.000000,22,28,35,92,210,1100,1200,1300,1300,1300,1300,933,0,19,66.71754175051947,5.449230084195733,1365.1708320248872,869.0975348338692
1774611857,10,GET,/api/plugins/discover,0.000000,0.000000,0,0,0,0,0,0,0,0,0,0,0,64,0,28,37.74846755004546,12.908800039440393,155.31902690418065,89708.0
1774611857,10,GET,/api/plugins/list,0.000000,0.000000,0,0,0,0,0,0,0,0,0,0,0,64,0,11,26.758709516798262,1.6044959193095565,192.37323594279587,72.953125
1774611857,10,POST,/api/plugins/load?uri,3.400000,0.000000,13,16,17,18,160,200,210,210,210,210,210,489,0,9,26.60803769877969,1.8879700219258666,1250.9400709532201,2273.719836400818
1774611857,10,POST,/api/plugins/unload?uri,3.500000,0.000000,4,9,10,11,13,19,22,22,22,22,22,489,0,6,13.347815098964698,1.8052880186587572,222.2753749229014,127.0879345603272
1774611857,10,,Aggregated,95.800000,0.000000,9,15,20,25,110,170,210,1100,1300,1300,1300,12699,0,9,36.42127676398684,1.5001400606706738,1365.1708320248872,775.1836365068116
1774611858,10,GET,/api/audio/latency,18.600000,0.000000,9,16,18,21,29,160,200,210,210,210,210,1950,0,7,26.52368563454216,1.5001400606706738,1326.6441239975393,33.06
1774611858,10,GET,/api/audio/levels,18.500000,0.000000,12,46,100,110,160,190,1300,1300,1300,1300,1300,1950,0,10,62.62902605036894,1.5625059604644775,1309.4227639958262,76.97333333333333
1774611858,10,GET,/api/audio/levels (during plugin swap),3.600000,0.000000,17,73,120,150,180,230,260,260,260,260,260,495,0,10,69.19208321193553,1.5781919937580824,1298.7376680830494,77.30707070707071
1774611858,10,GET,/api/audio/levels/plugins,3.600000,0.000000,9,9,14,19,24,33,35,35,35,35,35,495,0,6,17.426711446699695,1.5065419720485806,1342.3058059997857,20.486868686868686
1774611858,10,GET,/api/audio/status,9.700000,0.000000,6,10,12,15,19,23,120,180,180,180,180,1448,0,5,11.128683981147352,1.5397770330309868,275.8934219600633,303.0359116022099
1774611858,10,GET,/api/chains/,0.000000,0.000000,0,0,0,0,0,0,0,0,0,0,0,64,0,13,44.4865199533524,2.089375047944486,302.3143840255216,1478.296875
1774611858,10,GET,/api/chains/{id},9.600000,0.000000,12,22,84,100,160,180,230,1200,1200,1200,1200,1449,0,10,59.32461060863181,1.9346090266481042,1318.3924700133502,806.4409937888199
1774611858,10,POST,/api/chains/{id}/activate,9.700000,0.000000,11,18,22,25,41,160,170,190,190,190,190,1449,0,10,28.818165446281963,1.778690959326923,1257.727513089776,54.08212560386473
1774611858,10,POST,/api/chains/{id}/deactivate,9.700000,0.000000,5,8,10,11,16,23,27,120,120,120,120,1448,0,5,10.335746514614161,1.8003659788519144,227.91499400045723,61.43024861878453
1774611858,10,POST,/api/plugins/batch/parameters (500 updates),8.100000,0.000000,22,30,72,92,210,1100,1200,1300,1300,1300,1300,939,0,19,66.54919107051326,5.449230084195733,1365.1708320248872,869.0532481363152
1774611858,10,GET,/api/plugins/discover,0.000000,0.000000,0,0,0,0,0,0,0,0,0,0,0,64,0,28,37.74846755004546,12.908800039440393,155.31902690418065,89708.0
1774611858,10,GET,/api/plugins/list,0.000000,0.000000,0,0,0,0,0,0,0,0,0,0,0,64,0,11,26.758709516798262,1.6044959193095565,192.37323594279587,72.953125
1774611858,10,POST,/api/plugins/load?uri,3.600000,0.000000,13,16,17,18,160,200,210,210,210,210,210,495,0,9,26.39773482353323,1.8879700219258666,1250.9400709532201,2291.1676767676768
1774611858,10,POST,/api/plugins/unload?uri,3.600000,0.000000,5,9,10,11,13,19,22,22,22,22,22,495,0,6,13.245389628873179,1.8052880186587572,222.2753749229014,127.22020202020202
1774611858,10,,Aggregated,98.300000,0.000000,9,16,21,26,120,170,210,1100,1300,1300,1300,12805,0,9,36.28364721838965,1.5001400606706738,1365.1708320248872,772.4602108551347
1774611859,10,GET,/api/audio/latency,18.200000,0.000000,6,14,16,18,25,150,170,180,180,180,180,1970,0,7,26.425426660003943,1.5001400606706738,1326.6441239975393,33.05939086294416
1774611859,10,GET,/api/audio/levels,18.200000,0.000000,10,24,85,110,160,180,1300,1300,1300,1300,1300,1970,0,10,62.440016691402775,1.5625059604644775,1309.4227639958262,76.96598984771573
1774611859,10,GET,/api/audio/levels (during plugin swap),3.200000,0.000000,15,73,120,140,170,180,180,180,180,180,180,501,0,10,69.36827734504973,1.5781919937580824,1298.7376680830494,77.2554890219561
1774611859,10,GET,/api/audio/levels/plugins,3.200000,0.000000,9,10,15,16,20,24,27,27,27,27,27,501,0,6,17.391008973919124,1.5065419720485806,1342.3058059997857,20.538922155688624
1774611859,10,GET,/api/audio/status,9.500000,0.000000,6,10,14,15,19,23,120,180,240,240,240,1459,0,5,11.264256747695473,1.5397770330309868,275.8934219600633,303.03564084989716
1774611859,10,GET,/api/chains/,0.000000,0.000000,0,0,0,0,0,0,0,0,0,0,0,64,0,13,44.4865199533524,2.089375047944486,302.3143840255216,1478.296875
1774611859,10,GET,/api/chains/{id},9.600000,0.000000,12,21,68,96,140,170,210,230,1200,1200,1200,1459,0,10,59.257634895064726,1.9346090266481042,1318.3924700133502,806.4516792323509
1774611859,10,POST,/api/chains/{id}/activate,9.500000,0.000000,10,16,20,24,37,160,160,170,190,190,190,1459,0,10,28.79076182980772,1.778690959326923,1257.727513089776,54.07128169979438
1774611859,10,POST,/api/chains/{id}/deactivate,9.500000,0.000000,5,8,9,11,16,23,27,120,130,130,130,1459,0,5,10.376246568409828,1.8003659788519144,227.91499400045723,61.41740918437286
1774611859,10,POST,/api/plugins/batch/parameters (500 updates),8.300000,0.000000,21,29,35,89,220,1100,1200,1300,1300,1300,1300,951,0,19,66.71739606745933,5.449230084195733,1365.1708320248872,868.9884332281808
1774611859,10,GET,/api/plugins/discover,0.000000,0.000000,0,0,0,0,0,0,0,0,0,0,0,64,0,28,37.74846755004546,12.908800039440393,155.31902690418065,89708.0
1774611859,10,GET,/api/plugins/list,0.000000,0.000000,0,0,0,0,0,0,0,0,0,0,0,64,0,11,26.758709516798262,1.6044959193095565,192.37323594279587,72.953125
1774611859,10,POST,/api/plugins/load?uri,3.200000,0.000000,11,15,16,17,25,160,180,180,180,180,180,501,0,9,26.478424085306,1.8879700219258666,1250.9400709532201,2294.6666666666665
1774611859,10,POST,/api/plugins/unload?uri,3.200000,0.000000,5,6,10,11,13,19,22,22,22,22,22,501,0,6,13.155215472111221,1.8052880186587572,222.2753749229014,127.23353293413173
1774611859,10,,Aggregated,95.600000,0.000000,9,15,19,24,110,160,200,1100,1300,1300,1300,12923,0,9,36.28009941155874,1.5001400606706738,1365.1708320248872,768.6572003404782
1774611860,10,GET,/api/audio/latency,17.100000,0.000000,8,15,16,21,25,150,170,180,180,180,180,1983,0,7,26.311689382747748,1.5001400606706738,1326.6441239975393,33.059001512859304
1774611860,10,GET,/api/audio/levels,16.900000,0.000000,12,39,95,120,160,190,1300,1300,1300,1300,1300,1983,0,10,62.27961619865042,1.5625059604644775,1309.4227639958262,76.96621280887544
1774611860,10,GET,/api/audio/levels (during plugin swap),3.600000,0.000000,17,81,120,140,170,180,180,180,180,180,180,504,0,10,69.16676083901187,1.5781919937580824,1298.7376680830494,77.25595238095238
1774611860,10,GET,/api/audio/levels/plugins,3.600000,0.000000,9,11,15,16,19,22,27,27,27,27,27,504,0,6,17.345069345162575,1.5065419720485806,1342.3058059997857,20.5515873015873
1774611860,10,GET,/api/audio/status,11.100000,0.000000,6,10,14,16,19,22,120,180,240,240,240,1477,0,5,11.227635891755606,1.5397770330309868,275.8934219600633,303.03520649966146
1774611860,10,GET,/api/chains/,0.000000,0.000000,0,0,0,0,0,0,0,0,0,0,0,64,0,13,44.4865199533524,2.089375047944486,302.3143840255216,1478.296875
1774611860,10,GET,/api/chains/{id},11.000000,0.000000,13,23,76,99,150,170,210,230,1200,1200,1200,1477,0,10,58.97890055164652,1.9346090266481042,1318.3924700133502,806.3595125253893
1774611860,10,POST,/api/chains/{id}/activate,11.100000,0.000000,10,16,20,23,40,160,160,170,190,190,190,1477,0,9,28.566532146586667,1.778690959326923,1257.727513089776,54.12660798916723
1774611860,10,POST,/api/chains/{id}/deactivate,11.100000,0.000000,6,9,11,12,17,23,120,120,130,130,130,1477,0,5,10.440685116583778,1.8003659788519144,227.91499400045723,61.40758293838863
1774611860,10,POST,/api/plugins/batch/parameters (500 updates),8.700000,0.000000,23,30,89,100,220,1100,1200,1300,1300,1300,1300,959,0,19,66.36819874987248,5.449230084195733,1365.1708320248872,868.9228362877998
1774611860,10,GET,/api/plugins/discover,0.000000,0.000000,0,0,0,0,0,0,0,0,0,0,0,64,0,28,37.74846755004546,12.908800039440393,155.31902690418065,89708.0
1774611860,10,GET,/api/plugins/list,0.000000,0.000000,0,0,0,0,0,0,0,0,0,0,0,64,0,11,26.758709516798262,1.6044959193095565,192.37323594279587,72.953125
1774611860,10,POST,/api/plugins/load?uri,3.600000,0.000000,10,15,16,17,23,160,180,180,180,180,180,504,0,9,26.394572947682473,1.8879700219258666,1250.9400709532201,2297.125
1774611860,10,POST,/api/plugins/unload?uri,3.600000,0.000000,5,10,11,12,19,25,28,28,28,28,28,504,0,6,13.187424068400148,1.8052880186587572,222.2753749229014,127.26190476190476
1774611860,10,,Aggregated,101.400000,0.000000,9,16,20,24,120,160,200,1100,1300,1300,1300,13041,0,9,36.12907455807607,1.5001400606706738,1365.1708320248872,764.701709991565
1774611861,10,GET,/api/audio/latency,16.200000,0.000000,6,14,16,19,24,29,160,160,170,170,170,2001,0,7,26.218466055316515,1.5001400606706738,1326.6441239975393,33.05847076461769
1774611861,10,GET,/api/audio/levels,16.100000,0.000000,10,21,77,110,160,190,1300,1300,1300,1300,1300,2001,0,10,62.05277262703059,1.5625059604644775,1309.4227639958262,76.96301849075462
1774611861,10,GET,/api/audio/levels (during plugin swap),3.600000,0.000000,12,73,89,120,170,180,180,180,180,180,180,507,0,10,68.83429808664287,1.5781919937580824,1298.7376680830494,77.25641025641026
1774611861,10,GET,/api/audio/levels/plugins,3.600000,0.000000,8,11,15,16,19,22,27,27,27,27,27,507,0,6,17.26359206906665,1.5065419720485806,1342.3058059997857,20.53846153846154
1774611861,10,GET,/api/audio/status,10.500000,0.000000,6,9,15,16,20,21,25,26,240,240,240,1489,0,5,11.233773599835356,1.5397770330309868,275.8934219600633,303.03492276695766
1774611861,10,GET,/api/chains/,0.000000,0.000000,0,0,0,0,0,0,0,0,0,0,0,64,0,13,44.4865199533524,2.089375047944486,302.3143840255216,1478.296875
1774611861,10,GET,/api/chains/{id},10.500000,0.000000,13,23,76,100,150,190,210,210,1200,1200,1200,1489,0,10,59.25915349011239,1.9346090266481042,1318.3924700133502,806.3740765614507
1774611861,10,POST,/api/chains/{id}/activate,10.500000,0.000000,10,16,22,24,47,160,160,170,180,180,180,1489,0,9,28.93564733074599,1.778690959326923,1257.727513089776,54.10678307588986
1774611861,10,POST,/api/chains/{id}/deactivate,10.500000,0.000000,5,9,11,13,20,23,120,120,130,130,130,1489,0,5,10.441603595791216,1.8003659788519144,227.91499400045723,61.41235728676964
1774611861,10,POST,/api/plugins/batch/parameters (500 updates),8.800000,0.000000,23,30,76,89,220,1100,1200,1300,1300,1300,1300,973,0,19,66.22910209982163,5.449230084195733,1365.1708320248872,868.8314491264132
1774611861,10,GET,/api/plugins/discover,0.000000,0.000000,0,0,0,0,0,0,0,0,0,0,0,64,0,28,37.74846755004546,12.908800039440393,155.31902690418065,89708.0
1774611861,10,GET,/api/plugins/list,0.000000,0.000000,0,0,0,0,0,0,0,0,0,0,0,64,0,11,26.758709516798262,1.6044959193095565,192.37323594279587,72.953125
1774611861,10,POST,/api/plugins/load?uri,3.600000,0.000000,7,13,15,16,20,160,160,160,160,160,160,507,0,9,26.26051475258114,1.8879700219258666,1250.9400709532201,2290.550295857988
1774611861,10,POST,/api/plugins/unload?uri,3.600000,0.000000,5,6,11,13,22,28,32,32,32,32,32,507,0,6,13.187330448770386,1.8052880186587572,222.2753749229014,127.22485207100591
1774611861,10,,Aggregated,97.500000,0.000000,9,15,20,24,110,160,200,1100,1300,1300,1300,13151,0,9,36.141407075383746,1.5001400606706738,1365.1708320248872,760.8113451448559
1774611862,10,GET,/api/audio/latency,16.000000,0.000000,6,12,16,17,24,29,150,160,170,170,170,2020,0,7,26.04026893790037,1.5001400606706738,1326.6441239975393,33.05792079207921
1774611862,10,GET,/api/audio/levels,16.100000,0.000000,10,23,79,110,160,190,1200,1300,1300,1300,1300,2020,0,10,61.75480880330796,1.5625059604644775,1309.4227639958262,76.96435643564357
1774611862,10,GET,/api/audio/levels (during plugin swap),3.800000,0.000000,11,33,81,120,170,180,180,180,180,180,180,513,0,10,68.1512171988508,1.5781919937580824,1298.7376680830494,77.23196881091619
1774611862,10,GET,/api/audio/levels/plugins,3.900000,0.000000,8,11,14,16,19,22,27,27,27,27,27,513,0,6,17.14263674095055,1.5065419720485806,1342.3058059997857,20.512670565302145
1774611862,10,GET,/api/audio/status,11.900000,0.000000,6,10,14,16,20,21,25,26,240,240,240,1503,0,5,11.187515487750039,1.5397770330309868,275.8934219600633,303.0345974717232
1774611862,10,GET,/api/chains/,0.000000,0.000000,0,0,0,0,0,0,0,0,0,0,0,64,0,13,44.4865199533524,2.089375047944486,302.3143840255216,1478.296875
1774611862,10,GET,/api/chains/{id},12.000000,0.000000,13,24,91,120,160,190,210,210,1200,1200,1200,1503,0,10,59.10208930524161,1.9346090266481042,1318.3924700133502,806.6234198270126
1774611862,10,POST,/api/chains/{id}/activate,12.000000,0.000000,10,17,22,24,47,160,160,170,180,180,180,1503,0,10,28.778996744195616,1.778690959326923,1257.727513089776,54.09514304723886
1774611862,10,POST,/api/chains/{id}/deactivate,11.800000,0.000000,5,9,11,12,20,23,120,120,130,130,130,1503,0,5,10.402298958817806,1.8003659788519144,227.91499400045723,61.41783100465735
1774611862,10,POST,/api/plugins/batch/parameters (500 updates),9.400000,0.000000,26,35,89,120,220,1100,1200,1300,1300,1300,1300,981,0,19,66.28088647830532,5.449230084195733,1365.1708320248872,868.5331294597349
1774611862,10,GET,/api/plugins/discover,0.000000,0.000000,0,0,0,0,0,0,0,0,0,0,0,64,0,28,37.74846755004546,12.908800039440393,155.31902690418065,89708.0
1774611862,10,GET,/api/plugins/list,0.000000,0.000000,0,0,0,0,0,0,0,0,0,0,0,64,0,11,26.758709516798262,1.6044959193095565,192.37323594279587,72.953125
1774611862,10,POST,/api/plugins/load?uri,3.900000,0.000000,7,12,13,15,20,160,160,160,160,160,160,513,0,9,26.04109412953294,1.8879700219258666,1250.9400709532201,2295.4736842105262
1774611862,10,POST,/api/plugins/unload?uri,3.800000,0.000000,5,8,11,13,22,28,32,32,32,32,32,513,0,6,13.115411724161799,1.8052880186587572,222.2753749229014,127.27875243664717
1774611862,10,,Aggregated,104.600000,0.000000,9,15,20,24,110,160,200,240,1300,1300,1300,13277,0,9,35.98109522492356,1.5001400606706738,1365.1708320248872,756.8965127664381
1774611863,10,GET,/api/audio/latency,15.600000,0.000000,5,14,16,17,24,150,150,160,170,170,170,2039,0,7,26.0549172219058,1.5001400606706738,1326.6441239975393,33.057381069151546
1774611863,10,GET,/api/audio/levels,15.600000,0.000000,9,20,46,100,160,180,190,210,210,210,210,2039,0,10,61.5164560513971,1.5625059604644775,1309.4227639958262,76.95291809710642
1774611863,10,GET,/api/audio/levels (during plugin swap),3.400000,0.000000,11,33,81,120,170,180,180,180,180,180,180,517,0,10,67.76567174475713,1.5781919937580824,1298.7376680830494,77.19922630560929
1774611863,10,GET,/api/audio/levels/plugins,3.500000,0.000000,8,13,14,16,19,22,27,27,27,27,27,517,0,6,17.051566058249218,1.5065419720485806,1342.3058059997857,20.51257253384913
1774611863,10,GET,/api/audio/status,11.700000,0.000000,6,10,14,15,19,21,25,26,240,240,240,1517,0,5,11.151317582694702,1.5397770330309868,275.8934219600633,303.03427818061965
1774611863,10,GET,/api/chains/,0.000000,0.000000,0,0,0,0,0,0,0,0,0,0,0,64,0,13,44.4865199533524,2.089375047944486,302.3143840255216,1478.296875
1774611863,10,GET,/api/chains/{id},11.600000,0.000000,12,24,83,100,150,180,200,210,210,210,210,1517,0,10,58.93667864253476,1.9346090266481042,1318.3924700133502,806.8681608437706
1774611863,10,POST,/api/chains/{id}/activate,11.700000,0.000000,10,18,22,24,41,160,160,170,180,180,180,1517,0,10,28.64635269459639,1.778690959326923,1257.727513089776,54.100197758734346
1774611863,10,POST,/api/chains/{id}/deactivate,11.700000,0.000000,5,8,10,12,17,22,120,120,130,130,130,1517,0,5,10.356041141273055,1.8003659788519144,227.91499400045723,61.423203691496376
1774611863,10,POST,/api/plugins/batch/parameters (500 updates),8.200000,0.000000,24,34,86,120,200,220,240,240,240,240,240,993,0,19,66.74870029035561,5.449230084195733,1365.1708320248872,868.5216515609264
1774611863,10,GET,/api/plugins/discover,0.000000,0.000000,0,0,0,0,0,0,0,0,0,0,0,64,0,28,37.74846755004546,12.908800039440393,155.31902690418065,89708.0
1774611863,10,GET,/api/plugins/list,0.000000,0.000000,0,0,0,0,0,0,0,0,0,0,0,64,0,11,26.758709516798262,1.6044959193095565,192.37323594279587,72.953125
1774611863,10,POST,/api/plugins/load?uri,3.500000,0.000000,6,12,13,15,20,160,160,160,160,160,160,517,0,9,25.89568323108982,1.8879700219258666,1250.9400709532201,2288.3462282398455
1774611863,10,POST,/api/plugins/unload?uri,3.500000,0.000000,5,10,11,13,22,28,32,32,32,32,32,517,0,6,13.049665981465932,1.8052880186587572,222.2753749229014,127.24371373307544
1774611863,10,,Aggregated,100.000000,0.000000,8,15,20,23,100,160,180,200,240,240,240,13399,0,9,35.919879491873495,1.5001400606706738,1365.1708320248872,752.7198298380476
1774611864,10,GET,/api/audio/latency,15.600000,0.000000,5,12,16,17,24,110,150,150,160,160,160,2042,0,7,26.022342445926757,1.5001400606706738,1326.6441239975393,33.05729676787463
1774611864,10,GET,/api/audio/levels,15.600000,0.000000,8,17,30,80,150,170,190,200,210,210,210,2042,0,10,61.431348235455836,1.5625059604644775,1309.4227639958262,76.94711067580803
1774611864,10,GET,/api/audio/levels (during plugin swap),3.400000,0.000000,10,14,50,89,150,180,180,180,180,180,180,522,0,10,67.17619001111586,1.5781919937580824,1298.7376680830494,77.183908045977
1774611864,10,GET,/api/audio/levels/plugins,3.500000,0.000000,5,10,14,15,19,20,22,22,22,22,22,522,0,6,16.917005155888525,1.5065419720485806,1342.3058059997857,20.47509578544061
1774611864,10,GET,/api/audio/status,11.700000,0.000000,6,9,14,15,20,21,25,26,240,240,240,1519,0,5,11.1444929749242,1.5397770330309868,275.8934219600633,303.03423304805796
1774611864,10,GET,/api/chains/,0.000000,0.000000,0,0,0,0,0,0,0,0,0,0,0,64,0,13,44.4865199533524,2.089375047944486,302.3143840255216,1478.296875
1774611864,10,GET,/api/chains/{id},11.600000,0.000000,12,21,69,96,150,160,190,200,210,210,210,1520,0,10,58.82770178746126,1.9346090266481042,1318.3924700133502,806.9282894736842
1774611864,10,POST,/api/chains/{id}/activate,11.700000,0.000000,10,17,20,23,38,160,160,160,180,180,180,1519,0,10,28.619537354015314,1.778690959326923,1257.727513089776,54.09150757077025
1774611864,10,POST,/api/chains/{id}/deactivate,11.700000,0.000000,5,8,10,11,17,21,26,120,130,130,130,1519,0,5,10.346103969248965,1.8003659788519144,227.91499400045723,61.423963133640555
1774611864,10,POST,/api/plugins/batch/parameters (500 updates),8.200000,0.000000,23,34,85,90,180,210,240,240,240,240,240,994,0,19,66.68918266233293,5.449230084195733,1365.1708320248872,868.5130784708249
1774611864,10,GET,/api/plugins/discover,0.000000,0.000000,0,0,0,0,0,0,0,0,0,0,0,64,0,28,37.74846755004546,12.908800039440393,155.31902690418065,89708.0
1774611864,10,GET,/api/plugins/list,0.000000,0.000000,0,0,0,0,0,0,0,0,0,0,0,64,0,11,26.758709516798262,1.6044959193095565,192.37323594279587,72.953125
1774611864,10,POST,/api/plugins/load?uri,3.500000,0.000000,6,12,13,15,19,20,160,160,160,160,160,522,0,9,25.71809413897273,1.8879700219258666,1250.9400709532201,2285.7490421455936
1774611864,10,POST,/api/plugins/unload?uri,3.500000,0.000000,5,6,10,11,13,28,32,32,32,32,32,522,0,6,12.976502536901299,1.8052880186587572,222.2753749229014,127.21455938697318
1774611864,10,,Aggregated,100.000000,0.000000,8,14,19,21,86,160,180,200,240,240,240,13435,0,9,35.83741783438085,1.5001400606706738,1365.1708320248872,751.870189802754
1774611865,10,GET,/api/audio/latency,16.300000,0.000000,5,14,17,19,24,150,150,150,160,160,160,2049,0,7,25.97672680018787,1.5001400606706738,1326.6441239975393,33.05710102489019
1774611865,10,GET,/api/audio/levels,16.300000,0.000000,9,20,58,100,160,190,1200,1200,1200,1200,1200,2051,0,10,63.15480275472389,1.5625059604644775,1309.4227639958262,76.95514383227693
1774611865,10,GET,/api/audio/levels (during plugin swap),3.800000,0.000000,12,50,140,170,1200,1200,1200,1200,1200,1200,1200,528,0,10,76.37981740315973,1.5781919937580824,1298.7376680830494,77.23484848484848
1774611865,10,GET,/api/audio/levels/plugins,3.800000,0.000000,6,14,16,16,19,20,22,22,22,22,22,526,0,6,16.900867299431717,1.5065419720485806,1342.3058059997857,20.450570342205324
1774611865,10,GET,/api/audio/status,12.500000,0.000000,7,10,14,16,20,22,25,240,280,280,280,1525,0,5,11.320954771010113,1.5397770330309868,279.1874229442328,303.0340983606557
1774611865,10,GET,/api/chains/,0.000000,0.000000,0,0,0,0,0,0,0,0,0,0,0,64,0,13,44.4865199533524,2.089375047944486,302.3143840255216,1478.296875
1774611865,10,GET,/api/chains/{id},12.500000,0.000000,13,28,83,100,150,180,190,200,210,210,210,1526,0,10,58.84497311789552,1.9346090266481042,1318.3924700133502,806.8184796854522
1774611865,10,POST,/api/chains/{id}/activate,12.500000,0.000000,10,18,21,24,41,160,160,180,1000,1000,1000,1525,0,10,29.227367843669214,1.778690959326923,1257.727513089776,54.09836065573771
1774611865,10,POST,/api/chains/{id}/deactivate,12.500000,0.000000,5,8,11,12,20,23,33,120,130,130,130,1525,0,5,10.348122754806012,1.8003659788519144,227.91499400045723,61.40983606557377
1774611865,10,POST,/api/plugins/batch/parameters (500 updates),9.000000,0.000000,29,76,100,160,200,240,1200,1200,1200,1200,1200,999,0,20,69.24979610252544,5.449230084195733,1365.1708320248872,868.5055055055055
1774611865,10,GET,/api/plugins/discover,0.000000,0.000000,0,0,0,0,0,0,0,0,0,0,0,64,0,28,37.74846755004546,12.908800039440393,155.31902690418065,89708.0
1774611865,10,GET,/api/plugins/list,0.000000,0.000000,0,0,0,0,0,0,0,0,0,0,0,64,0,11,26.758709516798262,1.6044959193095565,192.37323594279587,72.953125
1774611865,10,POST,/api/plugins/load?uri,3.800000,0.000000,7,13,14,14,19,20,160,160,160,160,160,526,0,9,25.630568806834503,1.8879700219258666,1250.9400709532201,2288.5114068441067
1774611865,10,POST,/api/plugins/unload?uri,3.800000,0.000000,5,6,10,10,15,28,32,32,32,32,32,526,0,6,12.939862430205448,1.8052880186587572,222.2753749229014,127.24714828897338
1774611865,10,,Aggregated,106.800000,0.000000,8,15,20,24,110,160,200,1000,1200,1200,1200,13498,0,9,36.73387993515078,1.5001400606706738,1365.1708320248872,750.1486146095718
1774611866,10,GET,/api/audio/latency,16.900000,0.000000,5,12,16,19,24,110,160,170,180,180,180,2072,0,7,25.97445768077631,1.5001400606706738,1326.6441239975393,33.056467181467184
1774611866,10,GET,/api/audio/levels,16.900000,0.000000,8,18,29,79,160,190,1200,1200,1200,1200,1200,2073,0,10,62.91652923639463,1.5625059604644775,1309.4227639958262,76.96960926193921
1774611866,10,GET,/api/audio/levels (during plugin swap),4.500000,0.000000,12,46,120,160,180,1200,1200,1200,1200,1200,1200,532,0,10,75.87605410520709,1.5781919937580824,1298.7376680830494,77.22744360902256
1774611866,10,GET,/api/audio/levels/plugins,4.500000,0.000000,8,14,16,16,19,20,22,22,22,22,22,532,0,6,16.841713036454276,1.5065419720485806,1342.3058059997857,20.475563909774436
1774611866,10,GET,/api/audio/status,13.300000,0.000000,7,11,14,16,20,22,25,240,280,280,280,1541,0,5,11.31139542876654,1.5397770330309868,279.1874229442328,303.03374432186894
1774611866,10,GET,/api/chains/,0.000000,0.000000,0,0,0,0,0,0,0,0,0,0,0,64,0,13,44.4865199533524,2.089375047944486,302.3143840255216,1478.296875
1774611866,10,GET,/api/chains/{id},13.400000,0.000000,9,20,65,76,150,160,190,200,210,210,210,1541,0,10,58.388214099123026,1.9346090266481042,1318.3924700133502,806.7748215444517
1774611866,10,POST,/api/chains/{id}/activate,13.300000,0.000000,11,17,20,22,33,160,170,180,1000,1000,1000,1541,0,10,29.14254899666446,1.778690959326923,1257.727513089776,54.09474367293965
1774611866,10,POST,/api/chains/{id}/deactivate,13.300000,0.000000,5,7,10,11,20,23,33,120,130,130,130,1541,0,5,10.293188071848993,1.8003659788519144,227.91499400045723,61.39974042829331
1774611866,10,POST,/api/plugins/batch/parameters (500 updates),9.100000,0.000000,24,55,89,160,200,220,1200,1200,1200,1200,1200,1010,0,19,68.59645931255349,5.449230084195733,1365.1708320248872,868.2168316831683
1774611866,10,GET,/api/plugins/discover,0.000000,0.000000,0,0,0,0,0,0,0,0,0,0,0,64,0,28,37.74846755004546,12.908800039440393,155.31902690418065,89708.0
1774611866,10,GET,/api/plugins/list,0.000000,0.000000,0,0,0,0,0,0,0,0,0,0,0,64,0,11,26.758709516798262,1.6044959193095565,192.37323594279587,72.953125
1774611866,10,POST,/api/plugins/load?uri,4.500000,0.000000,7,13,14,15,19,160,180,180,180,180,180,532,0,9,26.048815105665348,1.8879700219258666,1250.9400709532201,2298.122180451128
1774611866,10,POST,/api/plugins/unload?uri,4.500000,0.000000,6,8,10,11,13,25,32,32,32,32,32,532,0,6,12.883415678953682,1.8052880186587572,222.2753749229014,127.24436090225564
1774611866,10,,Aggregated,114.200000,0.000000,8,14,19,21,89,160,210,1000,1200,1200,1200,13639,0,9,36.565615509819224,1.5001400606706738,1365.1708320248872,746.0962680548428
1774611867,10,GET,/api/audio/latency,15.400000,0.000000,5,12,17,19,24,110,160,170,180,180,180,2086,0,7,25.8695987644333,1.5001400606706738,1326.6441239975393,33.056088207094916
1774611867,10,GET,/api/audio/levels,15.400000,0.000000,8,20,58,100,160,190,1200,1200,1200,1200,1200,2088,0,10,62.836735851556895,1.5625059604644775,1309.4227639958262,76.97844827586206
1774611867,10,GET,/api/audio/levels (during plugin swap),4.300000,0.000000,13,46,100,140,180,1200,1200,1200,1200,1200,1200,538,0,11,75.73726310002614,1.5781919937580824,1298.7376680830494,77.22862453531599
1774611867,10,GET,/api/audio/levels/plugins,4.300000,0.000000,7,14,16,16,19,20,32,32,32,32,32,538,0,6,16.7988411977032,1.5065419720485806,1342.3058059997857,20.4275092936803
1774611867,10,GET,/api/audio/status,12.300000,0.000000,8,12,16,17,21,22,32,240,280,280,280,1551,0,5,11.312556677398247,1.5397770330309868,279.1874229442328,303.033526756931
1774611867,10,GET,/api/chains/,0.000000,0.000000,0,0,0,0,0,0,0,0,0,0,0,64,0,13,44.4865199533524,2.089375047944486,302.3143840255216,1478.296875
1774611867,10,GET,/api/chains/{id},12.200000,0.000000,9,26,69,100,150,180,190,200,210,210,210,1553,0,10,58.45547922771767,1.9346090266481042,1318.3924700133502,807.3515775917579
1774611867,10,POST,/api/chains/{id}/activate,12.300000,0.000000,11,17,21,23,38,160,170,180,1000,1000,1000,1551,0,10,29.120809292759407,1.778690959326923,1257.727513089776,54.11669890393295
1774611867,10,POST,/api/chains/{id}/deactivate,12.300000,0.000000,5,8,11,12,18,23,75,120,130,130,130,1551,0,5,10.326401693587323,1.8003659788519144,227.91499400045723,61.40361057382334
1774611867,10,POST,/api/plugins/batch/parameters (500 updates),8.800000,0.000000,25,72,90,160,200,220,1200,1200,1200,1200,1200,1020,0,19,68.40322608135038,5.449230084195733,1365.1708320248872,868.114705882353
1774611867,10,GET,/api/plugins/discover,0.000000,0.000000,0,0,0,0,0,0,0,0,0,0,0,64,0,28,37.74846755004546,12.908800039440393,155.31902690418065,89708.0
1774611867,10,GET,/api/plugins/list,0.000000,0.000000,0,0,0,0,0,0,0,0,0,0,0,64,0,11,26.758709516798262,1.6044959193095565,192.37323594279587,72.953125
1774611867,10,POST,/api/plugins/load?uri,4.300000,0.000000,10,14,16,19,30,160,180,180,180,180,180,538,0,9,26.236815814302755,1.8879700219258666,1250.9400709532201,2287.8234200743495
1774611867,10,POST,/api/plugins/unload?uri,4.300000,0.000000,6,10,12,13,15,25,32,32,32,32,32,538,0,6,12.875769994711524,1.8052880186587572,222.2753749229014,127.19516728624535
1774611867,10,,Aggregated,105.900000,0.000000,9,15,20,24,120,170,210,1000,1200,1200,1200,13744,0,9,36.54327189009536,1.5001400606706738,1365.1708320248872,742.9109429569266
1774611868,10,GET,/api/audio/latency,14.900000,0.000000,6,12,17,19,24,110,150,170,180,180,180,2106,0,7,25.834393736356667,1.5001400606706738,1326.6441239975393,33.05555555555556
1774611868,10,GET,/api/audio/levels,14.900000,0.000000,7,17,29,73,150,190,1200,1200,1200,1200,1200,2107,0,10,62.380521352191586,1.5625059604644775,1309.4227639958262,76.9610821072615
1774611868,10,GET,/api/audio/levels (during plugin swap),4.200000,0.000000,12,24,81,89,170,1200,1200,1200,1200,1200,1200,542,0,11,75.39618889993655,1.5781919937580824,1298.7376680830494,77.26937269372694
1774611868,10,GET,/api/audio/levels/plugins,4.200000,0.000000,6,12,16,16,18,20,32,32,32,32,32,541,0,6,16.737610808368807,1.5065419720485806,1342.3058059997857,20.43992606284658
1774611868,10,GET,/api/audio/status,12.500000,0.000000,6,10,14,16,20,22,25,32,280,280,280,1571,0,5,11.246916817760251,1.5397770330309868,279.1874229442328,303.0330999363463
1774611868,10,GET,/api/chains/,0.000000,0.000000,0,0,0,0,0,0,0,0,0,0,0,64,0,13,44.4865199533524,2.089375047944486,302.3143840255216,1478.296875
1774611868,10,GET,/api/chains/{id},12.500000,0.000000,9,21,65,85,150,180,200,210,210,210,210,1571,0,10,58.223247588025245,1.9346090266481042,1318.3924700133502,807.5837046467218
1774611868,10,POST,/api/chains/{id}/activate,12.500000,0.000000,10,17,20,21,38,160,170,180,1000,1000,1000,1571,0,10,29.05275151376594,1.778690959326923,1257.727513089776,54.09611712285169
1774611868,10,POST,/api/chains/{id}/deactivate,12.500000,0.000000,5,8,10,11,17,21,33,75,120,120,120,1571,0,5,10.263364862995655,1.8003659788519144,227.91499400045723,61.41120305537874
1774611868,10,POST,/api/plugins/batch/parameters (500 updates),8.300000,0.000000,21,32,85,98,200,230,1200,1200,1200,1200,1200,1033,0,19,68.09974075820196,5.449230084195733,1365.1708320248872,867.972894482091
1774611868,10,GET,/api/plugins/discover,0.000000,0.000000,0,0,0,0,0,0,0,0,0,0,0,64,0,28,37.74846755004546,12.908800039440393,155.31902690418065,89708.0
1774611868,10,GET,/api/plugins/list,0.000000,0.000000,0,0,0,0,0,0,0,0,0,0,0,64,0,11,26.758709516798262,1.6044959193095565,192.37323594279587,72.953125
1774611868,10,POST,/api/plugins/load?uri,4.200000,0.000000,8,14,16,18,26,160,180,180,180,180,180,541,0,9,26.13757558075742,1.8879700219258666,1250.9400709532201,2299.593345656192
1774611868,10,POST,/api/plugins/unload?uri,4.200000,0.000000,8,10,12,13,15,25,32,32,32,32,32,541,0,6,12.84623675972788,1.8052880186587572,222.2753749229014,127.23844731977819
1774611868,10,,Aggregated,104.900000,0.000000,8,14,19,21,89,160,200,280,1200,1200,1200,13887,0,9,36.370626623966814,1.5001400606706738,1365.1708320248872,738.8978901130554
1774611869,10,GET,/api/audio/latency,15.100000,0.000000,7,15,18,19,29,140,150,170,180,180,180,2117,0,7,25.781076852175907,1.5001400606706738,1326.6441239975393,33.055266887104395
1774611869,10,GET,/api/audio/levels,15.100000,0.000000,8,23,73,100,160,190,1200,1200,1200,1200,1200,2122,0,10,62.58183963993796,1.5625059604644775,1309.4227639958262,76.96371347785109
1774611869,10,GET,/api/audio/levels (during plugin swap),4.800000,0.000000,12,24,46,89,170,1200,1200,1200,1200,1200,1200,548,0,11,75.0308198901913,1.5781919937580824,1298.7376680830494,77.22262773722628
1774611869,10,GET,/api/audio/levels/plugins,4.800000,0.000000,5,10,16,16,19,20,32,32,32,32,32,547,0,6,16.619518062762126,1.5065419720485806,1342.3058059997857,20.416819012797074
1774611869,10,GET,/api/audio/status,12.600000,0.000000,7,12,16,18,20,25,180,180,280,280,280,1583,0,5,11.436059705640083,1.5397770330309868,279.1874229442328,303.03284902084647
1774611869,10,GET,/api/chains/,0.000000,0.000000,0,0,0,0,0,0,0,0,0,0,0,64,0,13,44.4865199533524,2.089375047944486,302.3143840255216,1478.296875
1774611869,10,GET,/api/chains/{id},12.500000,0.000000,9,35,77,100,160,180,200,210,210,210,210,1583,0,10,58.179865824867605,1.9346090266481042,1318.3924700133502,807.6993051168668
1774611869,10,POST,/api/chains/{id}/activate,12.600000,0.000000,11,19,21,25,42,160,170,180,1000,1000,1000,1583,0,10,28.95497160773096,1.778690959326923,1257.727513089776,54.14087176247631
1774611869,10,POST,/api/chains/{id}/deactivate,12.600000,0.000000,5,7,10,11,18,26,44,75,120,120,120,1583,0,5,10.270583622857096,1.8003659788519144,227.91499400045723,61.38408085912824
1774611869,10,POST,/api/plugins/batch/parameters (500 updates),8.600000,0.000000,21,35,90,160,200,230,1200,1200,1200,1200,1200,1040,0,19,68.06812176845807,5.449230084195733,1365.1708320248872,867.9067307692308
1774611869,10,GET,/api/plugins/discover,0.000000,0.000000,0,0,0,0,0,0,0,0,0,0,0,64,0,28,37.74846755004546,12.908800039440393,155.31902690418065,89708.0
1774611869,10,GET,/api/plugins/list,0.000000,0.000000,0,0,0,0,0,0,0,0,0,0,0,64,0,11,26.758709516798262,1.6044959193095565,192.37323594279587,72.953125
1774611869,10,POST,/api/plugins/load?uri,4.800000,0.000000,8,14,16,18,26,160,180,180,180,180,180,547,0,9,25.960624409955287,1.8879700219258666,1250.9400709532201,2296.733089579525
1774611869,10,POST,/api/plugins/unload?uri,4.800000,0.000000,8,10,12,12,15,17,32,32,32,32,32,547,0,6,12.762055345393813,1.8052880186587572,222.2753749229014,127.22120658135283
1774611869,10,,Aggregated,108.300000,0.000000,8,16,20,24,110,170,200,1000,1200,1200,1200,13992,0,9,36.3656934113522,1.5001400606706738,1365.1708320248872,735.9251000571755
1774611870,10,GET,/api/audio/latency,15.300000,0.000000,7,15,18,20,31,150,150,170,180,180,180,2139,0,7,25.93469705095,1.5001400606706738,1326.6441239975393,33.060776063581116
1774611870,10,GET,/api/audio/levels,15.300000,0.000000,8,19,45,91,160,180,1200,1200,1200,1200,1200,2140,0,10,62.22407873594811,1.5625059604644775,1309.4227639958262,76.95467289719626
1774611870,10,GET,/api/audio/levels (during plugin swap),4.700000,0.000000,12,25,78,89,170,1200,1200,1200,1200,1200,1200,560,0,11,74.36221214634965,1.5781919937580824,1298.7376680830494,77.225
1774611870,10,GET,/api/audio/levels/plugins,4.700000,0.000000,5,12,16,16,18,20,22,32,32,32,32,560,0,6,16.487572986391438,1.5065419720485806,1342.3058059997857,20.383928571428573
1774611870,10,GET,/api/audio/status,11.500000,0.000000,6,10,13,14,19,22,180,180,280,280,280,1596,0,5,11.401970298125766,1.5397770330309868,279.1874229442328,303.03258145363407
1774611870,10,GET,/api/chains/,0.000000,0.000000,0,0,0,0,0,0,0,0,0,0,0,64,0,13,44.4865199533524,2.089375047944486,302.3143840255216,1478.296875
1774611870,10,GET,/api/chains/{id},11.500000,0.000000,9,18,48,69,140,180,180,190,210,210,210,1596,0,10,57.848492979082536,1.9346090266481042,1318.3924700133502,807.6497493734336
1774611870,10,POST,/api/chains/{id}/activate,11.500000,0.000000,10,17,21,22,32,150,170,190,1000,1000,1000,1596,0,10,28.931546941639407,1.778690959326923,1257.727513089776,54.14160401002506
1774611870,10,POST,/api/chains/{id}/deactivate,11.500000,0.000000,5,7,9,10,15,20,42,44,75,75,75,1596,0,5,10.270432845317645,1.8003659788519144,227.91499400045723,61.3734335839599
1774611870,10,POST,/api/plugins/batch/parameters (500 updates),8.700000,0.000000,21,30,90,160,200,230,1200,1200,1200,1200,1200,1046,0,19,67.89722499935344,5.449230084195733,1365.1708320248872,867.9101338432123
1774611870,10,GET,/api/plugins/discover,0.000000,0.000000,0,0,0,0,0,0,0,0,0,0,0,64,0,28,37.74846755004546,12.908800039440393,155.31902690418065,89708.0
1774611870,10,GET,/api/plugins/list,0.000000,0.000000,0,0,0,0,0,0,0,0,0,0,0,64,0,11,26.758709516798262,1.6044959193095565,192.37323594279587,72.953125
1774611870,10,POST,/api/plugins/load?uri,4.700000,0.000000,8,14,18,19,26,160,180,180,180,180,180,560,0,9,25.87876815772948,1.8879700219258666,1250.9400709532201,2304.4928571428572
1774611870,10,POST,/api/plugins/unload?uri,4.700000,0.000000,8,10,12,12,15,20,32,32,32,32,32,560,0,6,12.729471303672264,1.8052880186587572,222.2753749229014,127.29642857142858
1774611870,10,,Aggregated,104.100000,0.000000,8,14,19,22,91,160,200,280,1200,1200,1200,14141,0,9,36.222087005774355,1.5001400606706738,1365.1708320248872,732.4305211795488
1774611871,10,GET,/api/audio/latency,15.100000,0.000000,9,17,20,22,32,150,170,180,210,210,210,2157,0,7,25.909059301312748,1.5001400606706738,1326.6441239975393,33.060268891979604
1774611871,10,GET,/api/audio/levels,15.100000,0.000000,13,27,77,100,170,190,1200,1200,1200,1200,1200,2158,0,10,62.10669460991247,1.5625059604644775,1309.4227639958262,76.96385542168674
1774611871,10,GET,/api/audio/levels (during plugin swap),4.700000,0.000000,16,32,78,100,170,1200,1200,1200,1200,1200,1200,565,0,11,73.91512049032391,1.5781919937580824,1298.7376680830494,77.21061946902655
1774611871,10,GET,/api/audio/levels/plugins,4.700000,0.000000,8,14,16,16,18,20,22,32,32,32,32,565,0,6,16.409749258927736,1.5065419720485806,1342.3058059997857,20.373451327433628
1774611871,10,GET,/api/audio/status,12.700000,0.000000,7,11,14,14,19,22,180,180,280,280,280,1605,0,5,11.366347901412864,1.5397770330309868,279.1874229442328,303.0323987538941
1774611871,10,GET,/api/chains/,0.000000,0.000000,0,0,0,0,0,0,0,0,0,0,0,64,0,13,44.4865199533524,2.089375047944486,302.3143840255216,1478.296875
1774611871,10,GET,/api/chains/{id},12.700000,0.000000,10,21,65,98,150,180,200,200,210,210,210,1608,0,10,57.8373209648622,1.9346090266481042,1318.3924700133502,807.5466417910447
1774611871,10,POST,/api/chains/{id}/activate,12.700000,0.000000,10,18,21,23,33,150,170,190,1000,1000,1000,1605,0,10,28.82969792456456,1.778690959326923,1257.727513089776,54.1588785046729
1774611871,10,POST,/api/chains/{id}/deactivate,12.700000,0.000000,5,7,9,10,15,20,42,44,75,75,75,1605,0,5,10.246984011383374,1.8003659788519144,227.91499400045723,61.345794392523366
1774611871,10,POST,/api/plugins/batch/parameters (500 updates),9.300000,0.000000,21,35,140,160,200,230,1200,1200,1200,1200,1200,1052,0,19,67.9206559822953,5.449230084195733,1365.1708320248872,867.8136882129278
1774611871,10,GET,/api/plugins/discover,0.000000,0.000000,0,0,0,0,0,0,0,0,0,0,0,64,0,28,37.74846755004546,12.908800039440393,155.31902690418065,89708.0
1774611871,10,GET,/api/plugins/list,0.000000,0.000000,0,0,0,0,0,0,0,0,0,0,0,64,0,11,26.758709516798262,1.6044959193095565,192.37323594279587,72.953125
1774611871,10,POST,/api/plugins/load?uri,4.700000,0.000000,12,15,19,22,30,180,180,200,200,200,200,565,0,9,26.076739860813966,1.8879700219258666,1250.9400709532201,2306.736283185841
1774611871,10,POST,/api/plugins/unload?uri,4.700000,0.000000,9,10,12,13,15,17,20,32,32,32,32,565,0,7,12.692955830670169,1.8052880186587572,222.2753749229014,127.31150442477876
1774611871,10,,Aggregated,109.100000,0.000000,9,16,20,24,110,170,200,280,1200,1200,1200,14242,0,9,36.17765194904284,1.5001400606706738,1365.1708320248872,729.6440106726583
1774611872,10,GET,/api/audio/latency,15.000000,0.000000,9,17,19,22,29,150,170,180,210,210,210,2175,0,7,25.834635610520927,1.5001400606706738,1326.6441239975393,33.05977011494253
1774611872,10,GET,/api/audio/levels,14.900000,0.000000,12,22,69,92,170,190,1200,1200,1200,1200,1200,2175,0,10,62.0201571123546,1.5625059604644775,1309.4227639958262,76.9567816091954
1774611872,10,GET,/api/audio/levels (during plugin swap),5.100000,0.000000,12,25,78,100,170,1200,1200,1200,1200,1200,1200,570,0,11,73.39694534771536,1.5781919937580824,1298.7376680830494,77.17368421052632
1774611872,10,GET,/api/audio/levels/plugins,5.100000,0.000000,6,12,16,17,19,20,22,32,32,32,32,570,0,6,16.336027016299532,1.5065419720485806,1342.3058059997857,20.36315789473684
1774611872,10,GET,/api/audio/status,11.700000,0.000000,5,10,14,16,19,22,180,180,280,280,280,1625,0,5,11.325441994847587,1.5397770330309868,279.1874229442328,303.032
1774611872,10,GET,/api/chains/,0.000000,0.000000,0,0,0,0,0,0,0,0,0,0,0,64,0,13,44.4865199533524,2.089375047944486,302.3143840255216,1478.296875
1774611872,10,GET,/api/chains/{id},11.400000,0.000000,9,15,24,59,140,180,200,200,210,210,210,1625,0,10,57.49746370874345,1.9346090266481042,1318.3924700133502,807.3907692307693
1774611872,10,POST,/api/chains/{id}/activate,11.500000,0.000000,9,16,21,23,33,150,170,190,1000,1000,1000,1625,0,10,28.83656259196309,1.778690959326923,1257.727513089776,54.16923076923077
1774611872,10,POST,/api/chains/{id}/deactivate,11.800000,0.000000,5,8,10,12,18,20,42,44,75,75,75,1625,0,5,10.224023018533794,1.8003659788519144,227.91499400045723,61.353846153846156
1774611872,10,POST,/api/plugins/batch/parameters (500 updates),8.300000,0.000000,17,22,82,93,170,200,1200,1200,1200,1200,1200,1063,0,19,67.62214857716506,5.449230084195733,1365.1708320248872,867.692380056444
1774611872,10,GET,/api/plugins/discover,0.000000,0.000000,0,0,0,0,0,0,0,0,0,0,0,64,0,28,37.74846755004546,12.908800039440393,155.31902690418065,89708.0
1774611872,10,GET,/api/plugins/list,0.000000,0.000000,0,0,0,0,0,0,0,0,0,0,0,64,0,11,26.758709516798262,1.6044959193095565,192.37323594279587,72.953125
1774611872,10,POST,/api/plugins/load?uri,5.100000,0.000000,10,14,18,22,30,180,180,200,200,200,200,570,0,9,25.903184872872213,1.8879700219258666,1250.9400709532201,2314.4070175438596
1774611872,10,POST,/api/plugins/unload?uri,5.200000,0.000000,8,10,12,13,15,20,20,32,32,32,32,570,0,7,12.649451675947363,1.8052880186587572,222.2753749229014,127.38070175438597
1774611872,10,,Aggregated,105.100000,0.000000,9,14,19,22,89,160,200,280,1200,1200,1200,14385,0,9,36.035841861993866,1.5001400606706738,1365.1708320248872,725.881960375391
1774611873,10,GET,/api/audio/latency,16.000000,0.000000,10,17,19,22,29,150,170,180,210,210,210,2190,0,7,25.71174602548392,1.5001400606706738,1326.6441239975393,33.05936073059361
1774611873,10,GET,/api/audio/levels,16.000000,0.000000,13,28,78,99,170,190,1200,1200,1200,1200,1200,2190,0,10,61.87902071335689,1.5625059604644775,1309.4227639958262,76.9593607305936
1774611873,10,GET,/api/audio/levels (during plugin swap),6.000000,0.000000,19,46,89,150,170,1200,1200,1200,1200,1200,1200,575,0,11,73.34378227915452,1.5781919937580824,1298.7376680830494,77.22782608695653
1774611873,10,GET,/api/audio/levels/plugins,6.000000,0.000000,8,12,16,17,19,20,22,32,32,32,32,575,0,6,16.255014847316172,1.5065419720485806,1342.3058059997857,20.375652173913043
1774611873,10,GET,/api/audio/status,11.700000,0.000000,5,10,14,14,19,22,180,180,280,280,280,1635,0,5,11.2911498933797,1.5397770330309868,279.1874229442328,303.03180428134556
1774611873,10,GET,/api/chains/,0.000000,0.000000,0,0,0,0,0,0,0,0,0,0,0,64,0,13,44.4865199533524,2.089375047944486,302.3143840255216,1478.296875
1774611873,10,GET,/api/chains/{id},11.700000,0.000000,9,15,32,65,140,180,200,200,210,210,210,1635,0,10,57.38183876367098,1.9346090266481042,1318.3924700133502,807.2868501529052
1774611873,10,POST,/api/chains/{id}/activate,11.700000,0.000000,11,17,21,23,33,150,170,190,1000,1000,1000,1635,0,10,28.750069297932725,1.778690959326923,1257.727513089776,54.174311926605505
1774611873,10,POST,/api/chains/{id}/deactivate,11.700000,0.000000,5,9,10,12,18,22,42,44,75,75,75,1635,0,5,10.202157873423936,1.8003659788519144,227.91499400045723,61.357798165137616
1774611873,10,POST,/api/plugins/batch/parameters (500 updates),8.400000,0.000000,18,26,83,98,170,200,1200,1200,1200,1200,1200,1071,0,19,67.52582003975967,5.449230084195733,1365.1708320248872,867.3669467787115
1774611873,10,GET,/api/plugins/discover,0.000000,0.000000,0,0,0,0,0,0,0,0,0,0,0,64,0,28,37.74846755004546,12.908800039440393,155.31902690418065,89708.0
1774611873,10,GET,/api/plugins/list,0.000000,0.000000,0,0,0,0,0,0,0,0,0,0,0,64,0,11,26.758709516798262,1.6044959193095565,192.37323594279587,72.953125
1774611873,10,POST,/api/plugins/load?uri,6.000000,0.000000,10,14,18,22,30,180,180,200,200,200,200,575,0,9,25.75174754364011,1.8879700219258666,1250.9400709532201,2304.749565217391
1774611873,10,POST,/api/plugins/unload?uri,6.000000,0.000000,9,10,12,14,15,20,20,32,32,32,32,575,0,7,12.614083247583197,1.8052880186587572,222.2753749229014,127.33739130434783
1774611873,10,,Aggregated,111.200000,0.000000,9,15,19,23,98,170,200,280,1200,1200,1200,14483,0,9,35.950177308710664,1.5001400606706738,1365.1708320248872,722.8696402679003
1774611874,10,GET,/api/audio/latency,15.300000,0.000000,9,16,19,22,25,150,160,180,210,210,210,2211,0,7,25.62939146841522,1.5001400606706738,1326.6441239975393,33.05879692446857
1774611874,10,GET,/api/audio/levels,15.300000,0.000000,12,22,64,87,160,190,200,220,230,230,230,2211,0,10,61.60459449493264,1.5625059604644775,1309.4227639958262,76.95703301673451
1774611874,10,GET,/api/audio/levels (during plugin swap),5.600000,0.000000,12,25,58,89,170,190,210,210,210,210,210,584,0,11,73.00280521991375,1.5781919937580824,1298.7376680830494,77.20719178082192
1774611874,10,GET,/api/audio/levels/plugins,5.600000,0.000000,7,12,16,17,20,22,28,32,32,32,32,584,0,6,16.159256323988625,1.5065419720485806,1342.3058059997857,20.366438356164384
1774611874,10,GET,/api/audio/status,11.800000,0.000000,5,10,14,14,19,20,32,180,180,180,180,1649,0,5,11.26856934177543,1.5397770330309868,279.1874229442328,303.0315342631898
1774611874,10,GET,/api/chains/,0.000000,0.000000,0,0,0,0,0,0,0,0,0,0,0,64,0,13,44.4865199533524,2.089375047944486,302.3143840255216,1478.296875
1774611874,10,GET,/api/chains/{id},11.900000,0.000000,11,18,38,74,140,180,200,200,210,210,210,1650,0,10,57.190494587659046,1.9346090266481042,1318.3924700133502,807.3484848484849
1774611874,10,POST,/api/chains/{id}/activate,11.800000,0.000000,10,18,21,23,33,140,170,170,190,190,190,1649,0,10,28.709993022013954,1.778690959326923,1257.727513089776,54.17828987265009
1774611874,10,POST,/api/chains/{id}/deactivate,11.800000,0.000000,5,8,10,11,17,20,42,44,75,75,75,1649,0,5,10.166556672534803,1.8003659788519144,227.91499400045723,61.34808975136446
1774611874,10,POST,/api/plugins/batch/parameters (500 updates),8.300000,0.000000,17,26,87,140,170,180,230,240,240,240,240,1080,0,19,67.68419062104334,5.449230084195733,1365.1708320248872,867.3314814814814
1774611874,10,GET,/api/plugins/discover,0.000000,0.000000,0,0,0,0,0,0,0,0,0,0,0,64,0,28,37.74846755004546,12.908800039440393,155.31902690418065,89708.0
1774611874,10,GET,/api/plugins/list,0.000000,0.000000,0,0,0,0,0,0,0,0,0,0,0,64,0,11,26.758709516798262,1.6044959193095565,192.37323594279587,72.953125
1774611874,10,POST,/api/plugins/load?uri,5.600000,0.000000,9,13,18,23,150,180,180,200,200,200,200,584,0,9,25.97074842914518,1.8879700219258666,1250.9400709532201,2294.8253424657532
1774611874,10,POST,/api/plugins/unload?uri,5.600000,0.000000,9,11,12,13,17,20,20,32,32,32,32,584,0,7,12.566482795167982,1.8052880186587572,222.2753749229014,127.27568493150685
1774611874,10,,Aggregated,108.600000,0.000000,9,15,19,22,89,160,190,200,230,240,240,14627,0,9,35.86373622630446,1.5001400606706738,1365.1708320248872,718.833116838723
1774611875,10,GET,/api/audio/latency,15.300000,0.000000,8,13,18,22,25,140,150,160,210,210,210,2213,0,7,25.61537150373128,1.5001400606706738,1326.6441239975393,33.058743786714864
1774611875,10,GET,/api/audio/levels,15.300000,0.000000,10,19,43,79,150,180,200,210,230,230,230,2213,0,10,61.55514462282431,1.5625059604644775,1309.4227639958262,76.95345684591052
1774611875,10,GET,/api/audio/levels (during plugin swap),5.600000,0.000000,12,24,57,81,150,190,210,210,210,210,210,584,0,11,73.00280521991375,1.5781919937580824,1298.7376680830494,77.20719178082192
1774611875,10,GET,/api/audio/levels/plugins,5.600000,0.000000,6,11,15,17,19,22,28,32,32,32,32,584,0,6,16.159256323988625,1.5065419720485806,1342.3058059997857,20.366438356164384
1774611875,10,GET,/api/audio/status,11.800000,0.000000,5,10,12,14,19,21,32,180,180,180,180,1652,0,5,11.27550156632569,1.5397770330309868,279.1874229442328,303.0314769975787
1774611875,10,GET,/api/chains/,0.000000,0.000000,0,0,0,0,0,0,0,0,0,0,0,64,0,13,44.4865199533524,2.089375047944486,302.3143840255216,1478.296875
1774611875,10,GET,/api/chains/{id},11.900000,0.000000,10,18,32,74,150,190,200,200,210,210,210,1652,0,10,57.130139632915544,1.9346090266481042,1318.3924700133502,807.3492736077482
1774611875,10,POST,/api/chains/{id}/activate,11.800000,0.000000,8,16,21,23,32,140,160,170,190,190,190,1652,0,10,28.675679755681838,1.778690959326923,1257.727513089776,54.18886198547216
1774611875,10,POST,/api/chains/{id}/deactivate,11.800000,0.000000,5,9,11,12,18,22,42,44,75,75,75,1652,0,5,10.170387105985835,1.8003659788519144,227.91499400045723,61.34927360774818
1774611875,10,POST,/api/plugins/batch/parameters (500 updates),8.300000,0.000000,18,26,82,98,160,180,230,240,240,240,240,1082,0,19,67.59975110968254,5.449230084195733,1365.1708320248872,867.2310536044363
1774611875,10,GET,/api/plugins/discover,0.000000,0.000000,0,0,0,0,0,0,0,0,0,0,0,64,0,28,37.74846755004546,12.908800039440393,155.31902690418065,89708.0
1774611875,10,GET,/api/plugins/list,0.000000,0.000000,0,0,0,0,0,0,0,0,0,0,0,64,0,11,26.758709516798262,1.6044959193095565,192.37323594279587,72.953125
1774611875,10,POST,/api/plugins/load?uri,5.600000,0.000000,8,12,18,22,30,160,160,200,200,200,200,584,0,9,25.97074842914518,1.8879700219258666,1250.9400709532201,2294.8253424657532
1774611875,10,POST,/api/plugins/unload?uri,5.600000,0.000000,9,11,12,14,17,20,20,32,32,32,32,584,0,7,12.566482795167982,1.8052880186587572,222.2753749229014,127.27568493150685
1774611875,10,,Aggregated,108.600000,0.000000,9,14,18,22,79,150,180,200,230,240,240,14644,0,9,35.836048087359735,1.5001400606706738,1365.1708320248872,718.321565146135
1774611876,10,GET,/api/audio/latency,15.800000,0.000000,10,16,20,22,31,150,160,210,230,230,230,2218,0,8,25.695748208605032,1.5001400606706738,1326.6441239975393,33.05861136158701
1774611876,10,GET,/api/audio/levels,15.900000,0.000000,12,28,77,99,180,210,1100,1200,1200,1200,1200,2220,0,10,63.15795585281333,1.5625059604644775,1309.4227639958262,76.96441441441442
1774611876,10,GET,/api/audio/levels (during plugin swap),5.700000,0.000000,12,25,58,81,170,210,220,220,220,220,220,585,0,11,73.24729616491076,1.5781919937580824,1298.7376680830494,77.2
1774611876,10,GET,/api/audio/levels/plugins,5.700000,0.000000,5,11,15,15,19,20,28,28,28,28,28,584,0,6,16.159256323988625,1.5065419720485806,1342.3058059997857,20.366438356164384
1774611876,10,GET,/api/audio/status,12.500000,0.000000,4,10,13,14,18,19,26,180,180,180,180,1661,0,5,11.260374448212254,1.5397770330309868,279.1874229442328,303.0313064419025
1774611876,10,GET,/api/chains/,0.000000,0.000000,0,0,0,0,0,0,0,0,0,0,0,64,0,13,44.4865199533524,2.089375047944486,302.3143840255216,1478.296875
1774611876,10,GET,/api/chains/{id},12.400000,0.000000,11,19,70,82,180,200,1200,1300,1300,1300,1300,1661,0,10,59.856688682467066,1.9346090266481042,1318.3924700133502,807.4057796508127
1774611876,10,POST,/api/chains/{id}/activate,12.500000,0.000000,10,18,21,23,35,140,160,170,190,190,190,1661,0,10,28.6077918906173,1.778690959326923,1257.727513089776,54.19024683925346
1774611876,10,POST,/api/chains/{id}/deactivate,12.500000,0.000000,4,8,10,11,15,22,42,44,230,230,230,1661,0,5,10.276735994223593,1.8003659788519144,233.12752903439105,61.35279951836243
1774611876,10,POST,/api/plugins/batch/parameters (500 updates),8.100000,0.000000,21,82,140,160,180,240,1200,1200,1200,1200,1200,1087,0,19,70.95411758843754,5.449230084195733,1365.1708320248872,867.5105795768169
1774611876,10,GET,/api/plugins/discover,0.000000,0.000000,0,0,0,0,0,0,0,0,0,0,0,64,0,28,37.74846755004546,12.908800039440393,155.31902690418065,89708.0
1774611876,10,GET,/api/plugins/list,0.000000,0.000000,0,0,0,0,0,0,0,0,0,0,0,64,0,11,26.758709516798262,1.6044959193095565,192.37323594279587,72.953125
1774611876,10,POST,/api/plugins/load?uri,5.700000,0.000000,8,12,16,18,23,150,200,200,200,200,200,584,0,9,25.97074842914518,1.8879700219258666,1250.9400709532201,2294.8253424657532
1774611876,10,POST,/api/plugins/unload?uri,5.700000,0.000000,9,10,11,12,17,20,32,32,32,32,32,584,0,7,12.566482795167982,1.8052880186587572,222.2753749229014,127.27568493150685
1774611876,10,,Aggregated,112.500000,0.000000,9,14,19,23,99,170,210,1100,1300,1300,1300,14698,0,9,36.65883886306408,1.5001400606706738,1365.1708320248872,716.8102462920125
1774611877,10,GET,/api/audio/latency,16.800000,0.000000,9,15,20,22,31,150,190,210,230,230,230,2238,0,7,25.699409148639187,1.5001400606706738,1326.6441239975393,33.058087578194815
1774611877,10,GET,/api/audio/levels,16.800000,0.000000,11,22,69,92,180,210,1100,1200,1200,1200,1200,2238,0,10,62.84692690854849,1.5625059604644775,1309.4227639958262,76.9615728328865
1774611877,10,GET,/api/audio/levels (during plugin swap),5.800000,0.000000,12,25,50,78,190,210,220,220,220,220,220,590,0,11,73.11116036864281,1.5781919937580824,1298.7376680830494,77.23050847457627
1774611877,10,GET,/api/audio/levels/plugins,5.800000,0.000000,6,11,15,17,20,22,28,28,28,28,28,590,0,6,16.110283641294593,1.5065419720485806,1342.3058059997857,20.389830508474578
1774611877,10,GET,/api/audio/status,13.200000,0.000000,4,10,13,14,18,21,26,180,180,180,180,1679,0,5,11.23772028854706,1.5397770330309868,279.1874229442328,303.0309708159619
1774611877,10,GET,/api/chains/,0.000000,0.000000,0,0,0,0,0,0,0,0,0,0,0,64,0,13,44.4865199533524,2.089375047944486,302.3143840255216,1478.296875
1774611877,10,GET,/api/chains/{id},13.200000,0.000000,11,15,32,70,140,200,1200,1300,1300,1300,1300,1680,0,10,59.485600620835264,1.9346090266481042,1318.3924700133502,807.360119047619
1774611877,10,POST,/api/chains/{id}/activate,13.200000,0.000000,9,18,21,23,32,40,140,160,190,190,190,1679,0,10,28.44790789310362,1.778690959326923,1257.727513089776,54.19297200714711
1774611877,10,POST,/api/chains/{id}/deactivate,13.200000,0.000000,4,8,10,12,19,26,42,44,230,230,230,1679,0,5,10.250866418316663,1.8003659788519144,233.12752903439105,61.359737939249555
1774611877,10,POST,/api/plugins/batch/parameters (500 updates),8.600000,0.000000,19,30,87,140,170,240,1200,1200,1200,1200,1200,1101,0,19,70.37179186524862,5.449230084195733,1365.1708320248872,867.3178928247048
1774611877,10,GET,/api/plugins/discover,0.000000,0.000000,0,0,0,0,0,0,0,0,0,0,0,64,0,28,37.74846755004546,12.908800039440393,155.31902690418065,89708.0
1774611877,10,GET,/api/plugins/list,0.000000,0.000000,0,0,0,0,0,0,0,0,0,0,0,64,0,11,26.758709516798262,1.6044959193095565,192.37323594279587,72.953125
1774611877,10,POST,/api/plugins/load?uri,5.800000,0.000000,8,12,17,23,150,160,200,200,200,200,200,590,0,9,26.142029100989575,1.8879700219258666,1250.9400709532201,2284.179661016949
1774611877,10,POST,/api/plugins/unload?uri,5.800000,0.000000,9,11,12,13,17,20,32,32,32,32,32,590,0,7,12.535047726074266,1.8052880186587572,222.2753749229014,127.25762711864407
1774611877,10,,Aggregated,118.200000,0.000000,9,14,19,22,82,170,210,240,1300,1300,1300,14846,0,9,36.49878420578583,1.5001400606706738,1365.1708320248872,712.7336656338408
1774611878,10,GET,/api/audio/latency,15.300000,0.000000,10,17,21,23,29,150,190,210,230,230,230,2257,0,8,25.656462380457068,1.5001400606706738,1326.6441239975393,33.057598582188746
1774611878,10,GET,/api/audio/levels,15.300000,0.000000,13,29,77,92,180,210,1100,1200,1200,1200,1200,2259,0,10,62.752207538045795,1.5625059604644775,1309.4227639958262,76.97078353253652
1774611878,10,GET,/api/audio/levels (during plugin swap),5.400000,0.000000,12,25,57,78,190,210,220,220,220,220,220,592,0,11,72.88884462586547,1.5781919937580824,1298.7376680830494,77.21621621621621
1774611878,10,GET,/api/audio/levels/plugins,5.400000,0.000000,8,12,15,17,20,22,150,150,150,150,150,592,0,6,16.323342174645575,1.5065419720485806,1342.3058059997857,20.3902027027027
1774611878,10,GET,/api/audio/status,12.200000,0.000000,5,10,12,14,17,19,26,26,26,26,26,1687,0,5,11.206037779910039,1.5397770330309868,279.1874229442328,303.0308239478364
1774611878,10,GET,/api/chains/,0.000000,0.000000,0,0,0,0,0,0,0,0,0,0,0,64,0,13,44.4865199533524,2.089375047944486,302.3143840255216,1478.296875
1774611878,10,GET,/api/chains/{id},12.200000,0.000000,11,19,59,80,150,200,1200,1300,1300,1300,1300,1689,0,10,59.57060682233324,1.9346090266481042,1318.3924700133502,807.5198342214328
1774611878,10,POST,/api/chains/{id}/activate,12.200000,0.000000,11,18,22,23,37,46,140,160,190,190,190,1687,0,10,28.407841764275087,1.778690959326923,1257.727513089776,54.190871369294605
1774611878,10,POST,/api/chains/{id}/deactivate,12.200000,0.000000,5,9,10,12,18,22,27,31,230,230,230,1687,0,5,10.223171080735352,1.8003659788519144,233.12752903439105,61.362774155305274
1774611878,10,POST,/api/plugins/batch/parameters (500 updates),8.100000,0.000000,19,43,130,160,170,240,1200,1200,1200,1200,1200,1104,0,19,70.31224470520628,5.449230084195733,1365.1708320248872,867.2346014492754
1774611878,10,GET,/api/plugins/discover,0.000000,0.000000,0,0,0,0,0,0,0,0,0,0,0,64,0,28,37.74846755004546,12.908800039440393,155.31902690418065,89708.0
1774611878,10,GET,/api/plugins/list,0.000000,0.000000,0,0,0,0,0,0,0,0,0,0,0,64,0,11,26.758709516798262,1.6044959193095565,192.37323594279587,72.953125
1774611878,10,POST,/api/plugins/load?uri,5.400000,0.000000,9,12,22,23,150,160,200,200,200,200,200,592,0,9,26.17116434565695,1.8879700219258666,1250.9400709532201,2284.0067567567567
1774611878,10,POST,/api/plugins/unload?uri,5.400000,0.000000,10,11,13,14,18,20,32,32,32,32,32,592,0,7,12.553269066375908,1.8052880186587572,222.2753749229014,127.23479729729729
1774611878,10,,Aggregated,109.100000,0.000000,10,15,20,24,93,170,210,1100,1300,1300,1300,14930,0,9,36.483089462690224,1.5001400606706738,1365.1708320248872,710.1003348961822
1774611879,10,GET,/api/audio/latency,14.500000,0.000000,8,13,18,22,27,130,180,210,230,230,230,2283,0,7,25.554842086353037,1.5001400606706738,1326.6441239975393,33.05694261936049
1774611879,10,GET,/api/audio/levels,14.500000,0.000000,11,20,43,77,140,210,240,1200,1200,1200,1200,2283,0,10,62.2544640570551,1.5493860701099038,1309.4227639958262,76.95181778361804
1774611879,10,GET,/api/audio/levels (during plugin swap),5.000000,0.000000,11,13,25,57,190,220,220,220,220,220,220,601,0,11,72.47921543993124,1.5781919937580824,1298.7376680830494,77.19633943427621
1774611879,10,GET,/api/audio/levels/plugins,5.000000,0.000000,5,9,11,15,20,22,150,150,150,150,150,601,0,6,16.16513692272576,1.5065419720485806,1342.3058059997857,20.359400998336106
1774611879,10,GET,/api/audio/status,11.800000,0.000000,4,8,11,14,18,21,26,26,27,27,27,1704,0,5,11.161382337761584,1.5397770330309868,279.1874229442328,303.03051643192487
1774611879,10,GET,/api/chains/,0.000000,0.000000,0,0,0,0,0,0,0,0,0,0,0,64,0,13,44.4865199533524,2.089375047944486,302.3143840255216,1478.296875
1774611879,10,GET,/api/chains/{id},11.800000,0.000000,11,17,45,79,150,200,1200,1300,1300,1300,1300,1704,0,10,59.30971585184351,1.9346090266481042,1318.3924700133502,807.1666666666666
1774611879,10,POST,/api/chains/{id}/activate,11.800000,0.000000,8,17,21,24,37,140,140,140,160,160,160,1704,0,10,28.385912786697546,1.778690959326923,1257.727513089776,54.21948356807512
1774611879,10,POST,/api/chains/{id}/deactivate,11.800000,0.000000,5,8,10,12,19,23,27,31,230,230,230,1704,0,5,10.189614840851497,1.8003659788519144,233.12752903439105,61.33978873239437
1774611879,10,POST,/api/plugins/batch/parameters (500 updates),8.400000,0.000000,19,30,82,140,170,240,1200,1200,1200,1200,1200,1116,0,19,69.90360425304084,5.449230084195733,1365.1708320248872,867.5268817204301
1774611879,10,GET,/api/plugins/discover,0.000000,0.000000,0,0,0,0,0,0,0,0,0,0,0,64,0,28,37.74846755004546,12.908800039440393,155.31902690418065,89708.0
1774611879,10,GET,/api/plugins/list,0.000000,0.000000,0,0,0,0,0,0,0,0,0,0,0,64,0,11,26.758709516798262,1.6044959193095565,192.37323594279587,72.953125
1774611879,10,POST,/api/plugins/load?uri,5.000000,0.000000,7,11,16,21,67,160,200,200,200,200,200,601,0,9,25.941803371890163,1.8879700219258666,1250.9400709532201,2295.5524126455907
1774611879,10,POST,/api/plugins/unload?uri,5.000000,0.000000,7,10,13,13,18,20,32,32,32,32,32,601,0,7,12.42032767751544,1.8052880186587572,222.2753749229014,127.29950083194676
1774611879,10,,Aggregated,104.600000,0.000000,9,13,19,22,76,160,210,240,1300,1300,1300,15094,0,9,36.27951582113205,1.5001400606706738,1365.1708320248872,706.4632304226845
1774611880,10,GET,/api/audio/latency,14.800000,0.000000,9,14,20,22,27,68,180,190,230,230,230,2302,0,8,25.44059680177459,1.5001400606706738,1326.6441239975393,33.05647263249348
1774611880,10,GET,/api/audio/levels,14.800000,0.000000,12,30,77,92,160,210,1100,1200,1200,1200,1200,2303,0,10,62.280276592309725,1.5493860701099038,1309.4227639958262,76.96265740338688
1774611880,10,GET,/api/audio/levels (during plugin swap),5.100000,0.000000,9,22,58,130,210,220,220,220,220,220,220,602,0,11,72.54713406864448,1.5781919937580824,1298.7376680830494,77.2109634551495
1774611880,10,GET,/api/audio/levels/plugins,5.100000,0.000000,5,10,14,17,21,28,150,150,150,150,150,601,0,6,16.16513692272576,1.5065419720485806,1342.3058059997857,20.359400998336106
1774611880,10,GET,/api/audio/status,12.400000,0.000000,5,10,12,14,18,21,26,26,27,27,27,1711,0,5,11.147254057572027,1.5397770330309868,279.1874229442328,303.03039158386906
1774611880,10,GET,/api/chains/,0.000000,0.000000,0,0,0,0,0,0,0,0,0,0,0,64,0,13,44.4865199533524,2.089375047944486,302.3143840255216,1478.296875
1774611880,10,GET,/api/chains/{id},12.400000,0.000000,12,25,75,94,170,200,1200,1300,1300,1300,1300,1712,0,10,59.31360007797653,1.9346090266481042,1318.3924700133502,807.2739485981308
1774611880,10,POST,/api/chains/{id}/activate,12.400000,0.000000,11,18,22,25,38,140,140,140,160,160,160,1711,0,10,28.31605364970508,1.778690959326923,1257.727513089776,54.18468731735827
1774611880,10,POST,/api/chains/{id}/deactivate,12.400000,0.000000,4,7,9,10,15,22,26,27,230,230,230,1711,0,5,10.161920158262731,1.8003659788519144,233.12752903439105,61.34248977206312
1774611880,10,POST,/api/plugins/batch/parameters (500 updates),7.800000,0.000000,20,34,82,140,170,240,1200,1200,1200,1200,1200,1127,0,19,69.80266717596008,5.449230084195733,1365.1708320248872,867.3549245785271
1774611880,10,GET,/api/plugins/discover,0.000000,0.000000,0,0,0,0,0,0,0,0,0,0,0,64,0,28,37.74846755004546,12.908800039440393,155.31902690418065,89708.0
1774611880,10,GET,/api/plugins/list,0.000000,0.000000,0,0,0,0,0,0,0,0,0,0,0,64,0,11,26.758709516798262,1.6044959193095565,192.37323594279587,72.953125
1774611880,10,POST,/api/plugins/load?uri,5.100000,0.000000,9,12,18,23,67,160,180,180,180,180,180,601,0,9,25.941803371890163,1.8879700219258666,1250.9400709532201,2295.5524126455907
1774611880,10,POST,/api/plugins/unload?uri,5.100000,0.000000,7,10,12,13,17,20,28,28,28,28,28,601,0,7,12.42032767751544,1.8052880186587572,222.2753749229014,127.29950083194676
1774611880,10,,Aggregated,107.400000,0.000000,10,15,21,25,93,160,220,1100,1300,1300,1300,15174,0,9,36.28158984568231,1.5001400606706738,1365.1708320248872,704.1319362066693
1774611881,10,GET,/api/audio/latency,15.500000,0.000000,8,13,19,22,28,68,160,190,230,230,230,2321,0,8,25.378736379130622,1.5001400606706738,1326.6441239975393,33.05601034037053
1774611881,10,GET,/api/audio/levels,15.500000,0.000000,11,25,75,92,150,200,240,1200,1200,1200,1200,2321,0,10,62.25235305695631,1.5493860701099038,1309.4227639958262,76.98233520034468
1774611881,10,GET,/api/audio/levels (during plugin swap),5.200000,0.000000,8,12,50,130,210,220,220,220,220,220,220,607,0,11,71.97457832005028,1.5721969539299607,1298.7376680830494,77.17627677100494
1774611881,10,GET,/api/audio/levels/plugins,5.200000,0.000000,6,10,14,17,22,28,150,150,150,150,150,607,0,6,16.10407287207366,1.5065419720485806,1342.3058059997857,20.360790774299836
1774611881,10,GET,/api/audio/status,11.700000,0.000000,4,10,12,13,18,26,26,27,27,27,27,1729,0,5,11.112629986118186,1.5397770330309868,279.1874229442328,303.03007518796994
1774611881,10,GET,/api/chains/,0.000000,0.000000,0,0,0,0,0,0,0,0,0,0,0,64,0,13,44.4865199533524,2.089375047944486,302.3143840255216,1478.296875
1774611881,10,GET,/api/chains/{id},11.700000,0.000000,11,17,74,80,150,200,1200,1300,1300,1300,1300,1729,0,10,59.10103195466741,1.9238220993429422,1318.3924700133502,807.0277617119723
1774611881,10,POST,/api/chains/{id}/activate,11.700000,0.000000,10,17,21,24,35,44,140,140,160,160,160,1729,0,10,28.21188911768953,1.778690959326923,1257.727513089776,54.201850780798146
1774611881,10,POST,/api/chains/{id}/deactivate,11.600000,0.000000,4,7,8,10,12,22,26,27,230,230,230,1729,0,5,10.112058915676707,1.8003659788519144,233.12752903439105,61.334875650665126
1774611881,10,POST,/api/plugins/batch/parameters (500 updates),7.000000,0.000000,20,33,63,130,170,230,1200,1200,1200,1200,1200,1139,0,19,69.51794940236256,5.447239032946527,1365.1708320248872,867.2598770851624
1774611881,10,GET,/api/plugins/discover,0.000000,0.000000,0,0,0,0,0,0,0,0,0,0,0,64,0,28,37.74846755004546,12.908800039440393,155.31902690418065,89708.0
1774611881,10,GET,/api/plugins/list,0.000000,0.000000,0,0,0,0,0,0,0,0,0,0,0,64,0,11,26.758709516798262,1.6044959193095565,192.37323594279587,72.953125
1774611881,10,POST,/api/plugins/load?uri,5.200000,0.000000,8,12,18,24,140,160,180,180,180,180,180,607,0,9,25.96921273265525,1.8879700219258666,1250.9400709532201,2302.1186161449755
1774611881,10,POST,/api/plugins/unload?uri,5.200000,0.000000,7,10,13,16,17,20,28,28,28,28,28,607,0,7,12.373697524161509,1.8052880186587572,222.2753749229014,127.34102141680395
1774611881,10,,Aggregated,105.500000,0.000000,8,13,19,24,82,160,210,1100,1300,1300,1300,15317,0,9,36.16554906342997,1.5001400606706738,1365.1708320248872,700.9688581314879
1774611882,10,GET,/api/audio/latency,16.700000,0.000000,8,13,19,20,28,68,160,190,230,230,230,2340,0,7,25.223350480823722,1.5001400606706738,1326.6441239975393,33.05555555555556
1774611882,10,GET,/api/audio/levels,16.700000,0.000000,12,30,77,99,150,200,240,1200,1200,1200,1200,2340,0,10,62.00515702093203,1.5493860701099038,1309.4227639958262,76.97777777777777
1774611882,10,GET,/api/audio/levels (during plugin swap),4.600000,0.000000,9,13,110,130,210,220,220,220,220,220,220,609,0,11,71.77926726812842,1.5721969539299607,1298.7376680830494,77.16256157635468
1774611882,10,GET,/api/audio/levels/plugins,4.600000,0.000000,7,10,17,17,22,28,150,150,150,150,150,609,0,6,16.082127481830508,1.5065419720485806,1342.3058059997857,20.382594417077176
1774611882,10,GET,/api/audio/status,12.000000,0.000000,4,10,12,13,18,26,26,27,27,27,27,1737,0,5,11.087086915870122,1.5397770330309868,279.1874229442328,303.02993667242373
1774611882,10,GET,/api/chains/,0.000000,0.000000,0,0,0,0,0,0,0,0,0,0,0,64,0,13,44.4865199533524,2.089375047944486,302.3143840255216,1478.296875
1774611882,10,GET,/api/chains/{id},12.000000,0.000000,12,38,82,110,160,200,1200,1300,1300,1300,1300,1741,0,10,59.23402695788209,1.9238220993429422,1318.3924700133502,807.1384261918438
1774611882,10,POST,/api/chains/{id}/activate,12.000000,0.000000,10,17,22,25,35,44,140,140,160,160,160,1737,0,10,28.141150963463204,1.778690959326923,1257.727513089776,54.19976971790443
1774611882,10,POST,/api/chains/{id}/deactivate,12.000000,0.000000,4,7,9,9,12,21,26,27,230,230,230,1737,0,5,10.101099031233156,1.8003659788519144,233.12752903439105,61.32354634427173
1774611882,10,POST,/api/plugins/batch/parameters (500 updates),8.000000,0.000000,23,34,88,140,170,240,1200,1200,1200,1200,1200,1148,0,19,69.40465189560352,5.447239032946527,1365.1708320248872,867.0148083623693
1774611882,10,GET,/api/plugins/discover,0.000000,0.000000,0,0,0,0,0,0,0,0,0,0,0,64,0,28,37.74846755004546,12.908800039440393,155.31902690418065,89708.0
1774611882,10,GET,/api/plugins/list,0.000000,0.000000,0,0,0,0,0,0,0,0,0,0,0,64,0,11,26.758709516798262,1.6044959193095565,192.37323594279587,72.953125
1774611882,10,POST,/api/plugins/load?uri,4.600000,0.000000,9,16,21,24,140,160,180,180,180,180,180,609,0,9,25.924567984797868,1.8879700219258666,1250.9400709532201,2300.224958949097
1774611882,10,POST,/api/plugins/unload?uri,4.600000,0.000000,7,10,13,13,17,18,28,28,28,28,28,609,0,7,12.350677712919872,1.8052880186587572,222.2753749229014,127.32348111658456
1774611882,10,,Aggregated,107.800000,0.000000,9,15,21,26,100,160,210,1100,1300,1300,1300,15408,0,9,36.11082280111083,1.5001400606706738,1365.1708320248872,698.5617860851505
1774611883,10,GET,/api/audio/latency,15.900000,0.000000,7,13,19,20,29,66,140,190,230,230,230,2355,0,7,25.152519991524485,1.5001400606706738,1326.6441239975393,33.0552016985138
1774611883,10,GET,/api/audio/levels,15.900000,0.000000,12,28,76,110,160,200,240,1200,1200,1200,1200,2355,0,10,62.16056232227926,1.5493860701099038,1309.4227639958262,76.99660297239915
1774611883,10,GET,/api/audio/levels (during plugin swap),3.800000,0.000000,9,13,50,72,220,220,220,220,220,220,220,615,0,11,71.74182363645727,1.5721969539299607,1298.7376680830494,77.18536585365854
1774611883,10,GET,/api/audio/levels/plugins,3.800000,0.000000,5,9,11,14,21,27,150,150,150,150,150,615,0,6,15.996619122579876,1.5065419720485806,1342.3058059997857,20.40487804878049
1774611883,10,GET,/api/audio/status,11.400000,0.000000,5,8,12,13,18,27,30,31,31,31,31,1759,0,5,11.080483843097511,1.5397770330309868,279.1874229442328,303.0295622512791
1774611883,10,GET,/api/chains/,0.000000,0.000000,0,0,0,0,0,0,0,0,0,0,0,64,0,13,44.4865199533524,2.089375047944486,302.3143840255216,1478.296875
1774611883,10,GET,/api/chains/{id},11.500000,0.000000,11,39,86,120,170,220,1200,1300,1300,1300,1300,1759,0,10,59.24596860569348,1.9238220993429422,1318.3924700133502,807.2501421262081
1774611883,10,POST,/api/chains/{id}/activate,11.500000,0.000000,10,17,24,29,37,140,160,160,160,160,160,1759,0,10,28.282898689928345,1.778690959326923,1257.727513089776,54.215463331438315
1774611883,10,POST,/api/chains/{id}/deactivate,11.400000,0.000000,4,7,8,10,16,21,26,27,230,230,230,1759,0,5,10.064679715184642,1.8003659788519144,233.12752903439105,61.332006822057984
1774611883,10,POST,/api/plugins/batch/parameters (500 updates),8.400000,0.000000,21,30,63,88,160,230,1200,1200,1200,1200,1200,1153,0,20,69.33797498723106,5.447239032946527,1365.1708320248872,867.1040763226366
1774611883,10,GET,/api/plugins/discover,0.000000,0.000000,0,0,0,0,0,0,0,0,0,0,0,64,0,28,37.74846755004546,12.908800039440393,155.31902690418065,89708.0
1774611883,10,GET,/api/plugins/list,0.000000,0.000000,0,0,0,0,0,0,0,0,0,0,0,64,0,11,26.758709516798262,1.6044959193095565,192.37323594279587,72.953125
1774611883,10,POST,/api/plugins/load?uri,3.800000,0.000000,9,16,21,21,35,140,180,180,180,180,180,615,0,9,25.80175862867173,1.8879700219258666,1250.9400709532201,2302.6666666666665
1774611883,10,POST,/api/plugins/unload?uri,3.800000,0.000000,5,7,12,13,17,18,28,28,28,28,28,615,0,7,12.300084151395756,1.8052880186587572,222.2753749229014,127.31219512195122
1774611883,10,,Aggregated,101.200000,0.000000,8,14,20,26,94,160,220,1100,1300,1300,1300,15551,0,9,36.08089425098992,1.5001400606706738,1365.1708320248872,695.146292842904
1774611884,10,GET,/api/audio/latency,17.100000,0.000000,8,13,19,20,29,66,140,190,230,230,230,2370,0,7,25.050481834953832,1.5001400606706738,1326.6441239975393,33.0548523206751
1774611884,10,GET,/api/audio/levels,17.100000,0.000000,14,41,96,140,170,200,240,1200,1200,1200,1200,2372,0,10,62.23434543835461,1.5493860701099038,1309.4227639958262,77.01180438448567
1774611884,10,GET,/api/audio/levels (during plugin swap),4.100000,0.000000,8,13,24,72,130,220,220,220,220,220,220,620,0,11,71.37033094937402,1.5721969539299607,1298.7376680830494,77.19354838709677
1774611884,10,GET,/api/audio/levels/plugins,4.100000,0.000000,5,9,11,11,20,22,150,150,150,150,150,620,0,6,15.908683202184376,1.5065419720485806,1342.3058059997857,20.374193548387098
1774611884,10,GET,/api/audio/status,11.800000,0.000000,5,8,12,13,18,27,31,31,210,210,210,1769,0,5,11.165892113636655,1.5397770330309868,279.1874229442328,303.02939513849634
1774611884,10,GET,/api/chains/,0.000000,0.000000,0,0,0,0,0,0,0,0,0,0,0,64,0,13,44.4865199533524,2.089375047944486,302.3143840255216,1478.296875
1774611884,10,GET,/api/chains/{id},11.700000,0.000000,11,45,86,120,170,220,1200,1300,1300,1300,1300,1769,0,10,59.04958195506067,1.9238220993429422,1318.3924700133502,807.2543810062182
1774611884,10,POST,/api/chains/{id}/activate,11.800000,0.000000,11,18,24,28,37,140,160,160,160,160,160,1769,0,10,28.194929889538585,1.778690959326923,1257.727513089776,54.21989824759751
1774611884,10,POST,/api/chains/{id}/deactivate,11.800000,0.000000,4,7,9,10,16,21,27,30,230,230,230,1768,0,5,10.067473778451637,1.8003659788519144,233.12752903439105,61.335407239819006
1774611884,10,POST,/api/plugins/batch/parameters (500 updates),8.700000,0.000000,22,34,72,130,180,230,1200,1200,1200,1200,1200,1162,0,19,69.30932522662827,5.447239032946527,1365.1708320248872,867.3726333907057
1774611884,10,GET,/api/plugins/discover,0.000000,0.000000,0,0,0,0,0,0,0,0,0,0,0,64,0,28,37.74846755004546,12.908800039440393,155.31902690418065,89708.0
1774611884,10,GET,/api/plugins/list,0.000000,0.000000,0,0,0,0,0,0,0,0,0,0,0,64,0,11,26.758709516798262,1.6044959193095565,192.37323594279587,72.953125
1774611884,10,POST,/api/plugins/load?uri,4.100000,0.000000,7,16,19,21,32,67,180,180,180,180,180,620,0,9,25.663153815548867,1.882247976027429,1250.9400709532201,2315.5403225806454
1774611884,10,POST,/api/plugins/unload?uri,4.100000,0.000000,6,10,12,14,17,18,28,28,28,28,28,620,0,7,12.286769826107868,1.8052880186587572,222.2753749229014,127.33709677419355
1774611884,10,,Aggregated,106.400000,0.000000,9,15,21,28,110,160,220,240,1300,1300,1300,15651,0,9,36.03806667468325,1.5001400606706738,1365.1708320248872,693.4390773752476
1774611885,10,GET,/api/audio/latency,16.600000,0.000000,7,13,19,20,29,68,140,190,230,230,230,2392,0,7,25.011282350636712,1.5001400606706738,1326.6441239975393,33.05434782608695
1774611885,10,GET,/api/audio/levels,16.700000,0.000000,13,30,83,120,160,190,210,220,240,240,240,2392,0,10,62.0614951314875,1.5493860701099038,1309.4227639958262,77.0054347826087
1774611885,10,GET,/api/audio/levels (during plugin swap),3.800000,0.000000,9,13,24,50,130,220,220,220,220,220,220,630,0,11,70.44430731976819,1.5721969539299607,1298.7376680830494,77.14761904761905
1774611885,10,GET,/api/audio/levels/plugins,3.800000,0.000000,6,9,11,11,19,22,150,150,150,150,150,630,0,6,15.76112759103703,1.5065419720485806,1342.3058059997857,20.355555555555554
1774611885,10,GET,/api/audio/status,12.000000,0.000000,4,8,11,13,18,27,31,31,210,210,210,1782,0,5,11.126845669956182,1.5397770330309868,279.1874229442328,303.02918069584734
1774611885,10,GET,/api/chains/,0.000000,0.000000,0,0,0,0,0,0,0,0,0,0,0,64,0,13,44.4865199533524,2.089375047944486,302.3143840255216,1478.296875
1774611885,10,GET,/api/chains/{id},12.100000,0.000000,10,32,75,100,160,180,200,220,240,240,240,1782,0,10,58.94003125737546,1.9238220993429422,1318.3924700133502,807.4079685746352
1774611885,10,POST,/api/chains/{id}/activate,12.000000,0.000000,9,16,22,27,36,140,160,160,160,160,160,1782,0,10,28.06139861419849,1.778690959326923,1257.727513089776,54.20594837261504
1774611885,10,POST,/api/chains/{id}/deactivate,12.000000,0.000000,4,7,9,10,16,21,30,140,230,230,230,1782,0,5,10.107152844182352,1.8003659788519144,233.12752903439105,61.34062850729517
1774611885,10,POST,/api/plugins/batch/parameters (500 updates),8.100000,0.000000,20,33,65,94,160,190,210,230,230,230,230,1175,0,19,69.0588698937419,5.447239032946527,1365.1708320248872,867.2604255319148
1774611885,10,GET,/api/plugins/discover,0.000000,0.000000,0,0,0,0,0,0,0,0,0,0,0,64,0,28,37.74846755004546,12.908800039440393,155.31902690418065,89708.0
1774611885,10,GET,/api/plugins/list,0.000000,0.000000,0,0,0,0,0,0,0,0,0,0,0,64,0,11,26.758709516798262,1.6044959193095565,192.37323594279587,72.953125
1774611885,10,POST,/api/plugins/load?uri,3.800000,0.000000,6,13,18,19,32,67,180,180,180,180,180,630,0,9,25.379544626256184,1.882247976027429,1250.9400709532201,2338.2507936507936
1774611885,10,POST,/api/plugins/unload?uri,3.800000,0.000000,5,8,11,14,17,19,28,28,28,28,28,630,0,7,12.192700857607027,1.7988779582083225,222.2753749229014,127.38412698412698
1774611885,10,,Aggregated,104.700000,0.000000,8,14,20,25,96,150,190,210,240,240,240,15799,0,9,35.904381575014945,1.5001400606706738,1365.1708320248872,691.3327425786442
1774611886,10,GET,/api/audio/latency,16.600000,0.000000,7,11,17,19,27,36,140,140,140,140,140,2392,0,7,25.011282350636712,1.5001400606706738,1326.6441239975393,33.05434782608695
1774611886,10,GET,/api/audio/levels,16.700000,0.000000,13,30,78,120,160,190,200,210,220,220,220,2392,0,10,62.0614951314875,1.5493860701099038,1309.4227639958262,77.0054347826087
1774611886,10,GET,/api/audio/levels (during plugin swap),3.800000,0.000000,8,12,20,24,100,130,220,220,220,220,220,630,0,11,70.44430731976819,1.5721969539299607,1298.7376680830494,77.14761904761905
1774611886,10,GET,/api/audio/levels/plugins,3.800000,0.000000,5,8,10,11,16,21,150,150,150,150,150,630,0,6,15.76112759103703,1.5065419720485806,1342.3058059997857,20.355555555555554
1774611886,10,GET,/api/audio/status,12.000000,0.000000,4,8,11,13,18,27,31,31,210,210,210,1782,0,5,11.126845669956182,1.5397770330309868,279.1874229442328,303.02918069584734
1774611886,10,GET,/api/chains/,0.000000,0.000000,0,0,0,0,0,0,0,0,0,0,0,64,0,13,44.4865199533524,2.089375047944486,302.3143840255216,1478.296875
1774611886,10,GET,/api/chains/{id},12.100000,0.000000,10,25,78,110,160,180,190,200,220,220,220,1782,0,10,58.94003125737546,1.9238220993429422,1318.3924700133502,807.4079685746352
1774611886,10,POST,/api/chains/{id}/activate,12.000000,0.000000,9,16,22,27,36,140,160,160,160,160,160,1782,0,10,28.06139861419849,1.778690959326923,1257.727513089776,54.20594837261504
1774611886,10,POST,/api/chains/{id}/deactivate,12.000000,0.000000,4,7,9,10,16,21,27,30,140,140,140,1782,0,5,10.107152844182352,1.8003659788519144,233.12752903439105,61.34062850729517
1774611886,10,POST,/api/plugins/batch/parameters (500 updates),8.100000,0.000000,20,30,65,94,150,190,210,230,230,230,230,1175,0,19,69.0588698937419,5.447239032946527,1365.1708320248872,867.2604255319148
1774611886,10,GET,/api/plugins/discover,0.000000,0.000000,0,0,0,0,0,0,0,0,0,0,0,64,0,28,37.74846755004546,12.908800039440393,155.31902690418065,89708.0
1774611886,10,GET,/api/plugins/list,0.000000,0.000000,0,0,0,0,0,0,0,0,0,0,0,64,0,11,26.758709516798262,1.6044959193095565,192.37323594279587,72.953125
1774611886,10,POST,/api/plugins/load?uri,3.800000,0.000000,6,12,17,18,21,35,140,140,140,140,140,630,0,9,25.379544626256184,1.882247976027429,1250.9400709532201,2338.2507936507936
1774611886,10,POST,/api/plugins/unload?uri,3.800000,0.000000,5,7,10,14,17,19,28,28,28,28,28,630,0,7,12.192700857607027,1.7988779582083225,222.2753749229014,127.38412698412698
1774611886,10,,Aggregated,104.700000,0.000000,8,13,19,24,93,140,180,200,220,230,230,15799,0,9,35.904381575014945,1.5001400606706738,1365.1708320248872,691.3327425786442
1774611887,10,GET,/api/audio/latency,16.800000,0.000000,9,13,19,22,35,140,160,160,180,180,180,2407,0,8,25.289225903893758,1.5001400606706738,1326.6441239975393,33.05400914000831
1774611887,10,GET,/api/audio/levels,16.900000,0.000000,16,61,130,140,190,210,1200,1200,1300,1300,1300,2407,0,10,64.74958020419123,1.5493860701099038,1309.4227639958262,77.02368093061902
1774611887,10,GET,/api/audio/levels (during plugin swap),4.000000,0.000000,9,20,44,90,220,1100,1200,1200,1200,1200,1200,632,0,11,73.98097711608634,1.5721969539299607,1298.7376680830494,77.1756329113924
1774611887,10,GET,/api/audio/levels/plugins,4.000000,0.000000,6,9,11,12,17,21,27,27,27,27,27,632,0,6,15.767748356366507,1.5065419720485806,1342.3058059997857,20.376582278481013
1774611887,10,GET,/api/audio/status,12.400000,0.000000,5,8,12,13,18,27,31,31,210,210,210,1790,0,5,11.119051716048478,1.5397770330309868,279.1874229442328,303.0290502793296
1774611887,10,GET,/api/chains/,0.000000,0.000000,0,0,0,0,0,0,0,0,0,0,0,64,0,13,44.4865199533524,2.089375047944486,302.3143840255216,1478.296875
1774611887,10,GET,/api/chains/{id},12.400000,0.000000,12,75,120,140,170,190,220,1200,1300,1300,1300,1790,0,10,60.52960862481041,1.9238220993429422,1318.3924700133502,807.4106145251396
1774611887,10,POST,/api/chains/{id}/activate,12.400000,0.000000,11,17,27,29,37,160,160,160,170,170,170,1790,0,10,28.2036443633761,1.778690959326923,1257.727513089776,54.18994413407821
1774611887,10,POST,/api/chains/{id}/deactivate,12.400000,0.000000,5,8,10,11,16,20,26,30,140,140,140,1790,0,5,10.094677212949863,1.8003659788519144,233.12752903439105,61.32960893854749
1774611887,10,POST,/api/plugins/batch/parameters (500 updates),8.600000,0.000000,21,34,93,110,160,200,230,1200,1200,1200,1200,1178,0,19,69.98501247807417,5.447239032946527,1365.1708320248872,867.330220713073
1774611887,10,GET,/api/plugins/discover,0.000000,0.000000,0,0,0,0,0,0,0,0,0,0,0,64,0,28,37.74846755004546,12.908800039440393,155.31902690418065,89708.0
1774611887,10,GET,/api/plugins/list,0.000000,0.000000,0,0,0,0,0,0,0,0,0,0,0,64,0,11,26.758709516798262,1.6044959193095565,192.37323594279587,72.953125
1774611887,10,POST,/api/plugins/load?uri,4.000000,0.000000,6,13,18,19,25,35,140,140,140,140,140,632,0,9,25.37853256106683,1.882247976027429,1250.9400709532201,2334.0775316455697
1774611887,10,POST,/api/plugins/unload?uri,4.000000,0.000000,5,7,9,11,16,19,21,21,21,21,21,632,0,7,12.174306804486669,1.7988779582083225,222.2753749229014,127.35284810126582
1774611887,10,,Aggregated,107.900000,0.000000,9,15,22,30,130,170,200,1100,1300,1300,1300,15872,0,9,36.75661757938542,1.5001400606706738,1365.1708320248872,689.2016129032259
1774611888,10,GET,/api/audio/latency,17.600000,0.000000,7,12,19,20,28,37,160,160,180,180,180,2430,0,8,25.13226949324287,1.5001400606706738,1326.6441239975393,33.053497942386834
1774611888,10,GET,/api/audio/levels,17.600000,0.000000,14,32,120,140,180,200,1200,1200,1300,1300,1300,2431,0,10,64.25839981724286,1.5493860701099038,1309.4227639958262,77.01604278074866
1774611888,10,GET,/api/audio/levels (during plugin swap),4.600000,0.000000,9,15,24,72,110,1100,1200,1200,1200,1200,1200,637,0,11,73.57332573653882,1.5721969539299607,1298.7376680830494,77.18367346938776
1774611888,10,GET,/api/audio/levels/plugins,4.600000,0.000000,5,9,11,12,17,19,27,27,27,27,27,637,0,6,15.682000304817908,1.5065419720485806,1342.3058059997857,20.367346938775512
1774611888,10,GET,/api/audio/status,12.600000,0.000000,6,8,13,14,19,27,31,31,210,210,210,1807,0,5,11.111182806596952,1.5397770330309868,279.1874229442328,303.0287769784173
1774611888,10,GET,/api/chains/,0.000000,0.000000,0,0,0,0,0,0,0,0,0,0,0,64,0,13,44.4865199533524,2.089375047944486,302.3143840255216,1478.296875
1774611888,10,GET,/api/chains/{id},12.600000,0.000000,12,39,89,120,170,190,220,1200,1300,1300,1300,1807,0,10,60.098705074338085,1.9238220993429422,1318.3924700133502,807.174875484228
1774611888,10,POST,/api/chains/{id}/activate,12.600000,0.000000,11,15,20,27,36,160,160,160,170,170,170,1807,0,10,28.062527749121013,1.778690959326923,1257.727513089776,54.18926397343664
1774611888,10,POST,/api/chains/{id}/deactivate,12.600000,0.000000,5,7,9,11,16,23,31,36,140,140,140,1807,0,5,10.089744603909205,1.8003659788519144,233.12752903439105,61.33591588267847
1774611888,10,POST,/api/plugins/batch/parameters (500 updates),9.000000,0.000000,20,28,65,94,150,190,210,1200,1200,1200,1200,1186,0,19,69.63561436956086,5.447239032946527,1365.1708320248872,867.3195615514334
1774611888,10,GET,/api/plugins/discover,0.000000,0.000000,0,0,0,0,0,0,0,0,0,0,0,64,0,28,37.74846755004546,12.908800039440393,155.31902690418065,89708.0
1774611888,10,GET,/api/plugins/list,0.000000,0.000000,0,0,0,0,0,0,0,0,0,0,0,64,0,11,26.758709516798262,1.6044959193095565,192.37323594279587,72.953125
1774611888,10,POST,/api/plugins/load?uri,4.600000,0.000000,6,13,19,20,25,35,140,140,140,140,140,637,0,9,25.262123043246838,1.882247976027429,1250.9400709532201,2336.8257456828887
1774611888,10,POST,/api/plugins/unload?uri,4.600000,0.000000,4,7,9,11,16,19,21,21,21,21,21,637,0,6,12.104172107516503,1.7988779582083225,222.2753749229014,127.45054945054945
1774611888,10,,Aggregated,113.000000,0.000000,8,14,20,25,110,160,200,1100,1300,1300,1300,16015,0,9,36.53589861492632,1.5001400606706738,1365.1708320248872,685.829222603809
1774611889,10,GET,/api/audio/latency,16.700000,0.000000,10,17,20,24,36,160,180,180,180,180,180,2446,0,8,25.346398682595108,1.5001400606706738,1326.6441239975393,33.05314799672935
1774611889,10,GET,/api/audio/levels,16.700000,0.000000,21,92,140,150,190,210,1200,1200,1300,1300,1300,2446,0,10,64.50502481011716,1.5493860701099038,1309.4227639958262,77.0233033524121
1774611889,10,GET,/api/audio/levels (during plugin swap),4.500000,0.000000,11,24,59,72,220,1100,1200,1200,1200,1200,1200,640,0,11,73.70904585804965,1.5721969539299607,1298.7376680830494,77.1640625
1774611889,10,GET,/api/audio/levels/plugins,4.500000,0.000000,6,10,14,16,17,19,27,27,27,27,27,640,0,6,15.68450418944849,1.5065419720485806,1342.3058059997857,20.3984375
1774611889,10,GET,/api/audio/status,11.600000,0.000000,6,10,13,15,19,27,31,31,210,210,210,1818,0,5,11.111468132864479,1.5397770330309868,279.1874229442328,303.028602860286
1774611889,10,GET,/api/chains/,0.000000,0.000000,0,0,0,0,0,0,0,0,0,0,0,64,0,13,44.4865199533524,2.089375047944486,302.3143840255216,1478.296875
1774611889,10,GET,/api/chains/{id},11.600000,0.000000,13,59,98,130,170,190,220,1200,1300,1300,1300,1818,0,10,60.141359695886045,1.9238220993429422,1318.3924700133502,807.0346534653465
1774611889,10,POST,/api/chains/{id}/activate,11.600000,0.000000,12,19,27,29,44,160,180,180,180,180,180,1818,0,10,28.27551328863721,1.778690959326923,1257.727513089776,54.18316831683168
1774611889,10,POST,/api/chains/{id}/deactivate,11.600000,0.000000,6,8,10,12,16,23,31,36,140,140,140,1818,0,5,10.078972583325177,1.8003659788519144,233.12752903439105,61.33993399339934
1774611889,10,POST,/api/plugins/batch/parameters (500 updates),7.800000,0.000000,23,65,94,110,180,190,210,1200,1200,1200,1200,1191,0,20,69.71283769557576,5.447239032946527,1365.1708320248872,867.4172963895886
1774611889,10,GET,/api/plugins/discover,0.000000,0.000000,0,0,0,0,0,0,0,0,0,0,0,64,0,28,37.74846755004546,12.908800039440393,155.31902690418065,89708.0
1774611889,10,GET,/api/plugins/list,0.000000,0.000000,0,0,0,0,0,0,0,0,0,0,0,64,0,11,26.758709516798262,1.6044959193095565,192.37323594279587,72.953125
1774611889,10,POST,/api/plugins/load?uri,4.500000,0.000000,9,17,20,21,31,35,140,140,140,140,140,640,0,9,25.286682216756162,1.882247976027429,1250.9400709532201,2338.821875
1774611889,10,POST,/api/plugins/unload?uri,4.500000,0.000000,5,7,10,13,16,19,21,21,21,21,21,640,0,6,12.084181228965463,1.7988779582083225,222.2753749229014,127.4984375
1774611889,10,,Aggregated,105.600000,0.000000,10,17,24,31,140,170,200,1100,1300,1300,1300,16107,0,9,36.6409318378006,1.5001400606706738,1365.1708320248872,683.6738064195691
1774611890,10,GET,/api/audio/latency,17.100000,0.000000,9,14,19,23,37,160,170,180,180,180,180,2468,0,8,25.222859143206286,1.5001400606706738,1326.6441239975393,33.05267423014587
1774611890,10,GET,/api/audio/levels,17.100000,0.000000,16,31,110,140,190,210,1200,1200,1300,1300,1300,2469,0,10,64.08519646348624,1.5493860701099038,1309.4227639958262,77.01741595787769
1774611890,10,GET,/api/audio/levels (during plugin swap),4.100000,0.000000,12,24,72,90,220,1100,1200,1200,1200,1200,1200,642,0,11,73.89719815448947,1.5721969539299607,1298.7376680830494,77.19158878504673
1774611890,10,GET,/api/audio/levels/plugins,4.100000,0.000000,6,10,14,15,17,17,19,19,19,19,19,642,0,6,15.667482202718864,1.5065419720485806,1342.3058059997857,20.398753894080997
1774611890,10,GET,/api/audio/status,11.100000,0.000000,6,9,13,14,19,30,120,180,210,210,210,1829,0,5,11.223291014519736,1.5397770330309868,279.1874229442328,303.0284308365227
1774611890,10,GET,/api/chains/,0.000000,0.000000,0,0,0,0,0,0,0,0,0,0,0,64,0,13,44.4865199533524,2.089375047944486,302.3143840255216,1478.296875
1774611890,10,GET,/api/chains/{id},11.100000,0.000000,12,32,89,100,170,190,220,1200,1300,1300,1300,1829,0,10,59.928911726067874,1.9238220993429422,1318.3924700133502,807.1848004373975
1774611890,10,POST,/api/chains/{id}/activate,11.100000,0.000000,12,15,26,29,41,160,180,180,180,180,180,1829,0,10,28.184312863258604,1.778690959326923,1257.727513089776,54.177145981410604
1774611890,10,POST,/api/chains/{id}/deactivate,11.100000,0.000000,6,8,11,12,17,30,36,40,140,140,140,1829,0,5,10.072231464387881,1.8003659788519144,233.12752903439105,61.34390377255331
1774611890,10,POST,/api/plugins/batch/parameters (500 updates),7.700000,0.000000,20,28,65,94,180,190,210,1200,1200,1200,1200,1206,0,20,69.19813106579021,5.447239032946527,1365.1708320248872,867.0928689883914
1774611890,10,GET,/api/plugins/discover,0.000000,0.000000,0,0,0,0,0,0,0,0,0,0,0,64,0,28,37.74846755004546,12.908800039440393,155.31902690418065,89708.0
1774611890,10,GET,/api/plugins/list,0.000000,0.000000,0,0,0,0,0,0,0,0,0,0,0,64,0,11,26.758709516798262,1.6044959193095565,192.37323594279587,72.953125
1774611890,10,POST,/api/plugins/load?uri,4.100000,0.000000,10,17,20,25,31,33,35,35,35,35,35,642,0,9,25.305524960557737,1.882247976027429,1250.9400709532201,2343.200934579439
1774611890,10,POST,/api/plugins/unload?uri,4.100000,0.000000,5,7,10,13,16,19,21,21,21,21,21,642,0,6,12.059538933808257,1.7988779582083225,222.2753749229014,127.51713395638629
1774611890,10,,Aggregated,102.700000,0.000000,9,15,21,28,110,170,200,1100,1300,1300,1300,16219,0,9,36.53137698413756,1.5001400606706738,1365.1708320248872,681.2231333621062
1774611891,10,GET,/api/audio/latency,16.900000,0.000000,11,19,23,26,41,160,180,180,180,180,180,2482,0,8,25.218511887836907,1.5001400606706738,1326.6441239975393,33.05237711522965
1774611891,10,GET,/api/audio/levels,16.900000,0.000000,20,61,140,150,190,210,1200,1200,1300,1300,1300,2482,0,10,64.07707892402392,1.5493860701099038,1309.4227639958262,77.01208702659146
1774611891,10,GET,/api/audio/levels (during plugin swap),3.900000,0.000000,24,72,97,100,220,1100,1200,1200,1200,1200,1200,646,0,11,73.97378153122973,1.5721969539299607,1298.7376680830494,77.20588235294117
1774611891,10,GET,/api/audio/levels/plugins,3.900000,0.000000,8,12,15,16,17,19,20,20,20,20,20,646,0,6,15.645218783688238,1.5065419720485806,1342.3058059997857,20.39938080495356
1774611891,10,GET,/api/audio/status,11.600000,0.000000,7,10,13,15,22,30,120,180,210,210,210,1844,0,5,11.197332622722769,1.5397770330309868,279.1874229442328,303.02819956616054
1774611891,10,GET,/api/chains/,0.000000,0.000000,0,0,0,0,0,0,0,0,0,0,0,64,0,13,44.4865199533524,2.089375047944486,302.3143840255216,1478.296875
1774611891,10,GET,/api/chains/{id},11.600000,0.000000,15,59,98,120,170,190,220,1200,1300,1300,1300,1844,0,10,59.89129564809712,1.9238220993429422,1318.3924700133502,807.1437093275488
1774611891,10,POST,/api/chains/{id}/activate,11.600000,0.000000,12,20,27,29,41,160,180,180,180,180,180,1844,0,10,28.0676176355482,1.778690959326923,1257.727513089776,54.170281995661604
1774611891,10,POST,/api/chains/{id}/deactivate,11.700000,0.000000,6,8,12,13,17,30,40,140,190,190,190,1843,0,5,10.151861209285405,1.8003659788519144,233.12752903439105,61.34888768312534
1774611891,10,POST,/api/plugins/batch/parameters (500 updates),8.000000,0.000000,23,31,94,110,180,200,210,1200,1200,1200,1200,1213,0,20,69.41198304083247,5.447239032946527,1365.1708320248872,866.954657873042
1774611891,10,GET,/api/plugins/discover,0.000000,0.000000,0,0,0,0,0,0,0,0,0,0,0,64,0,28,37.74846755004546,12.908800039440393,155.31902690418065,89708.0
1774611891,10,GET,/api/plugins/list,0.000000,0.000000,0,0,0,0,0,0,0,0,0,0,0,64,0,11,26.758709516798262,1.6044959193095565,192.37323594279587,72.953125
1774611891,10,POST,/api/plugins/load?uri,3.900000,0.000000,13,20,25,29,33,140,140,140,140,140,140,646,0,9,25.628164507183406,1.882247976027429,1250.9400709532201,2352.2368421052633
1774611891,10,POST,/api/plugins/unload?uri,3.900000,0.000000,6,8,11,14,17,21,21,21,21,21,21,646,0,6,12.074284135665307,1.7988779582083225,222.2753749229014,127.56037151702786
1774611891,10,,Aggregated,103.900000,0.000000,11,19,25,31,140,180,200,1100,1300,1300,1300,16328,0,9,36.53892957616573,1.5001400606706738,1365.1708320248872,679.2321778539931
1774611892,10,GET,/api/audio/latency,16.400000,0.000000,10,17,21,23,37,160,170,180,180,180,180,2506,0,8,25.050934420486783,1.5001400606706738,1326.6441239975393,33.05187549880287
1774611892,10,GET,/api/audio/levels,16.400000,0.000000,15,31,100,140,170,210,1200,1200,1300,1300,1300,2506,0,10,63.63289294560371,1.5493860701099038,1309.4227639958262,76.99960095770152
1774611892,10,GET,/api/audio/levels (during plugin swap),4.000000,0.000000,20,44,90,100,170,1100,1200,1200,1200,1200,1200,650,0,11,73.56613133998158,1.5721969539299607,1298.7376680830494,77.18
1774611892,10,GET,/api/audio/levels/plugins,4.000000,0.000000,6,11,15,16,17,19,20,20,20,20,20,650,0,6,15.58435623999685,1.5065419720485806,1342.3058059997857,20.4
1774611892,10,GET,/api/audio/status,11.400000,0.000000,6,10,13,14,19,25,120,180,210,210,210,1861,0,5,11.171393765913285,1.5397770330309868,279.1874229442328,303.0279419666846
1774611892,10,GET,/api/chains/,0.000000,0.000000,0,0,0,0,0,0,0,0,0,0,0,64,0,13,44.4865199533524,2.089375047944486,302.3143840255216,1478.296875
1774611892,10,GET,/api/chains/{id},11.400000,0.000000,10,20,81,95,170,190,220,1200,1300,1300,1300,1862,0,10,59.532768468804676,1.9238220993429422,1318.3924700133502,807.3410311493018
1774611892,10,POST,/api/chains/{id}/activate,11.400000,0.000000,12,18,23,27,39,160,180,180,180,180,180,1861,0,10,27.99585124837812,1.778690959326923,1257.727513089776,54.18323481998925
1774611892,10,POST,/api/chains/{id}/deactivate,11.400000,0.000000,6,8,12,12,20,30,40,140,190,190,190,1861,0,5,10.133442965379682,1.8003659788519144,233.12752903439105,61.355185384202045
1774611892,10,POST,/api/plugins/batch/parameters (500 updates),7.200000,0.000000,20,29,93,110,180,200,210,1200,1200,1200,1200,1219,0,20,69.1377019365085,5.447239032946527,1365.1708320248872,867.0639868744873
1774611892,10,GET,/api/plugins/discover,0.000000,0.000000,0,0,0,0,0,0,0,0,0,0,0,64,0,28,37.74846755004546,12.908800039440393,155.31902690418065,89708.0
1774611892,10,GET,/api/plugins/list,0.000000,0.000000,0,0,0,0,0,0,0,0,0,0,0,64,0,11,26.758709516798262,1.6044959193095565,192.37323594279587,72.953125
1774611892,10,POST,/api/plugins/load?uri,4.000000,0.000000,10,19,21,25,31,140,140,140,140,140,140,650,0,9,25.503282634756314,1.882247976027429,1250.9400709532201,2356.476923076923
1774611892,10,POST,/api/plugins/unload?uri,4.000000,0.000000,5,7,10,13,17,21,21,21,21,21,21,650,0,6,12.030166481048441,1.7988779582083225,222.2753749229014,127.58923076923077
1774611892,10,,Aggregated,101.600000,0.000000,9,16,22,27,110,170,200,1100,1300,1300,1300,16468,0,9,36.33952396894951,1.5001400606706738,1365.1708320248872,676.0762084041778
1774611893,10,GET,/api/audio/latency,16.300000,0.000000,10,18,22,25,37,160,170,180,180,180,180,2516,0,8,25.004196837370465,1.5001400606706738,1326.6441239975393,33.0516693163752
1774611893,10,GET,/api/audio/levels,16.300000,0.000000,19,34,120,140,170,200,1200,1200,1300,1300,1300,2518,0,10,63.70181268623108,1.5493860701099038,1309.4227639958262,77.00635424940428
1774611893,10,GET,/api/audio/levels (during plugin swap),4.100000,0.000000,24,57,90,100,170,1100,1200,1200,1200,1200,1200,653,0,11,73.33194750242055,1.5721969539299607,1298.7376680830494,77.18070444104134
1774611893,10,GET,/api/audio/levels/plugins,4.100000,0.000000,6,14,15,16,17,19,20,20,20,20,20,653,0,6,15.538869114738146,1.5065419720485806,1342.3058059997857,20.4104134762634
1774611893,10,GET,/api/audio/status,11.900000,0.000000,7,11,14,15,22,25,120,180,210,210,210,1871,0,5,11.181816715176677,1.5397770330309868,279.1874229442328,303.0277926242651
1774611893,10,GET,/api/chains/,0.000000,0.000000,0,0,0,0,0,0,0,0,0,0,0,64,0,13,44.4865199533524,2.089375047944486,302.3143840255216,1478.296875
1774611893,10,GET,/api/chains/{id},11.800000,0.000000,12,36,88,120,170,190,210,1200,1300,1300,1300,1873,0,10,59.688092011623226,1.9238220993429422,1318.3924700133502,807.3918846769888
1774611893,10,POST,/api/chains/{id}/activate,11.800000,0.000000,13,21,27,29,41,170,180,180,200,200,200,1871,0,10,28.05098992578769,1.778690959326923,1257.727513089776,54.187600213789416
1774611893,10,POST,/api/chains/{id}/deactivate,11.900000,0.000000,6,8,11,12,17,30,40,140,190,190,190,1871,0,5,10.110930008301038,1.8003659788519144,233.12752903439105,61.35863174772849
1774611893,10,POST,/api/plugins/batch/parameters (500 updates),7.700000,0.000000,23,30,94,110,190,200,210,1200,1200,1200,1200,1226,0,20,69.12380086133092,5.447239032946527,1365.1708320248872,866.8556280587276
1774611893,10,GET,/api/plugins/discover,0.000000,0.000000,0,0,0,0,0,0,0,0,0,0,0,64,0,28,37.74846755004546,12.908800039440393,155.31902690418065,89708.0
1774611893,10,GET,/api/plugins/list,0.000000,0.000000,0,0,0,0,0,0,0,0,0,0,0,64,0,11,26.758709516798262,1.6044959193095565,192.37323594279587,72.953125
1774611893,10,POST,/api/plugins/load?uri,4.100000,0.000000,12,20,25,29,31,140,140,140,140,140,140,653,0,9,25.42462465185729,1.882247976027429,1250.9400709532201,2352.811638591118
1774611893,10,POST,/api/plugins/unload?uri,4.100000,0.000000,5,7,9,11,14,21,21,21,21,21,21,653,0,6,11.986485820593082,1.7988779582083225,222.2753749229014,127.58499234303216
1774611893,10,,Aggregated,104.100000,0.000000,10,18,24,29,140,170,200,1100,1300,1300,1300,16550,0,9,36.35124628701503,1.5001400606706738,1365.1708320248872,674.2743202416918
1774611894,10,GET,/api/audio/latency,15.100000,0.000000,9,17,22,25,37,160,170,180,180,180,180,2540,0,8,24.977470523499935,1.5001400606706738,1326.6441239975393,33.05118110236221
1774611894,10,GET,/api/audio/levels,15.200000,0.000000,13,23,42,110,170,200,1200,1200,1300,1300,1300,2540,0,10,63.334098314100096,1.5493860701099038,1309.4227639958262,76.99212598425197
1774611894,10,GET,/api/audio/levels (during plugin swap),4.000000,0.000000,13,25,59,97,170,1100,1200,1200,1200,1200,1200,661,0,11,72.53965061706027,1.5721969539299607,1298.7376680830494,77.16944024205749
1774611894,10,GET,/api/audio/levels/plugins,4.000000,0.000000,4,11,15,15,17,19,20,20,20,20,20,661,0,6,15.395059892604813,1.5065419720485806,1342.3058059997857,20.411497730711044
1774611894,10,GET,/api/audio/status,11.800000,0.000000,7,11,13,15,21,25,26,120,180,180,180,1891,0,5,11.146820113809,1.5397770330309868,279.1874229442328,303.0274986779482
1774611894,10,GET,/api/chains/,0.000000,0.000000,0,0,0,0,0,0,0,0,0,0,0,64,0,13,44.4865199533524,2.089375047944486,302.3143840255216,1478.296875
1774611894,10,GET,/api/chains/{id},11.900000,0.000000,10,20,74,95,170,190,230,1200,1300,1300,1300,1891,0,10,59.455484633323145,1.9238220993429422,1318.3924700133502,807.3083024854574
1774611894,10,POST,/api/chains/{id}/activate,11.800000,0.000000,12,20,25,29,41,180,190,190,200,200,200,1891,0,10,28.065670746940548,1.778690959326923,1257.727513089776,54.19619249074564
1774611894,10,POST,/api/chains/{id}/deactivate,11.800000,0.000000,6,8,11,12,19,27,36,40,190,190,190,1891,0,5,10.089747904502406,1.8003659788519144,233.12752903439105,61.338974087784244
1774611894,10,POST,/api/plugins/batch/parameters (500 updates),7.000000,0.000000,21,26,31,86,190,190,200,1200,1200,1200,1200,1236,0,20,69.06909223786829,5.447239032946527,1365.1708320248872,867.0978964401295
1774611894,10,GET,/api/plugins/discover,0.000000,0.000000,0,0,0,0,0,0,0,0,0,0,0,64,0,28,37.74846755004546,12.908800039440393,155.31902690418065,89708.0
1774611894,10,GET,/api/plugins/list,0.000000,0.000000,0,0,0,0,0,0,0,0,0,0,0,64,0,11,26.758709516798262,1.6044959193095565,192.37323594279587,72.953125
1774611894,10,POST,/api/plugins/load?uri,4.000000,0.000000,7,20,21,25,31,140,140,140,140,140,140,661,0,9,25.186619167631765,1.882247976027429,1250.9400709532201,2369.2617246596064
1774611894,10,POST,/api/plugins/unload?uri,4.000000,0.000000,4,6,8,9,14,21,21,21,21,21,21,661,0,6,11.893194231504797,1.7988779582083225,222.2753749229014,127.64145234493192
1774611894,10,,Aggregated,100.600000,0.000000,9,15,21,25,100,170,200,1100,1300,1300,1300,16716,0,9,36.189987719144845,1.5001400606706738,1365.1708320248872,671.5069992821249
1774611895,10,GET,/api/audio/latency,16.100000,0.000000,10,19,23,26,37,160,170,180,180,180,180,2547,0,8,24.956483957427178,1.5001400606706738,1326.6441239975393,33.05104043973302
1774611895,10,GET,/api/audio/levels,16.000000,0.000000,15,27,98,140,180,200,1200,1200,1300,1300,1300,2550,0,10,63.50223462147565,1.5493860701099038,1309.4227639958262,76.99176470588235
1774611895,10,GET,/api/audio/levels (during plugin swap),4.000000,0.000000,15,59,97,100,180,1100,1200,1200,1200,1200,1200,668,0,11,72.40546821242945,1.5721969539299607,1298.7376680830494,77.16467065868264
1774611895,10,GET,/api/audio/levels/plugins,4.000000,0.000000,4,11,15,15,17,19,20,20,20,20,20,666,0,6,15.329463923400318,1.5065419720485806,1342.3058059997857,20.382882882882882
1774611895,10,GET,/api/audio/status,11.800000,0.000000,7,11,14,15,21,25,26,120,180,180,180,1899,0,5,11.132659670419152,1.5397770330309868,279.1874229442328,303.02738283307
1774611895,10,GET,/api/chains/,0.000000,0.000000,0,0,0,0,0,0,0,0,0,0,0,64,0,13,44.4865199533524,2.089375047944486,302.3143840255216,1478.296875
1774611895,10,GET,/api/chains/{id},12.100000,0.000000,12,36,88,110,170,190,230,1200,1300,1300,1300,1900,0,10,59.51426509246966,1.9238220993429422,1318.3924700133502,807.4505263157895
1774611895,10,POST,/api/chains/{id}/activate,12.100000,0.000000,13,21,27,29,41,180,190,190,200,200,200,1899,0,10,28.02103530882116,1.778690959326923,1257.727513089776,54.19431279620853
1774611895,10,POST,/api/chains/{id}/deactivate,11.700000,0.000000,6,8,11,12,19,27,36,40,190,190,190,1899,0,5,10.082156386122445,1.8003659788519144,233.12752903439105,61.34175882043181
1774611895,10,POST,/api/plugins/batch/parameters (500 updates),7.500000,0.000000,23,29,65,110,190,200,220,1200,1200,1200,1200,1249,0,20,68.87192508249392,5.447239032946527,1365.1708320248872,866.8446757405925
1774611895,10,GET,/api/plugins/discover,0.000000,0.000000,0,0,0,0,0,0,0,0,0,0,0,64,0,28,37.74846755004546,12.908800039440393,155.31902690418065,89708.0
1774611895,10,GET,/api/plugins/list,0.000000,0.000000,0,0,0,0,0,0,0,0,0,0,0,64,0,11,26.758709516798262,1.6044959193095565,192.37323594279587,72.953125
1774611895,10,POST,/api/plugins/load?uri,4.000000,0.000000,7,20,25,28,31,140,140,140,140,140,140,666,0,9,25.0680559785343,1.882247976027429,1250.9400709532201,2367.1411411411414
1774611895,10,POST,/api/plugins/unload?uri,4.000000,0.000000,4,6,8,10,13,17,21,21,21,21,21,666,0,6,11.860328395053878,1.7988779582083225,222.2753749229014,127.59309309309309
1774611895,10,,Aggregated,103.300000,0.000000,10,17,23,28,120,180,200,230,1300,1300,1300,16801,0,9,36.202491465500316,1.5001400606706738,1365.1708320248872,670.1632640914231
1774611896,10,GET,/api/audio/latency,16.700000,0.000000,9,18,21,26,41,160,170,180,180,180,180,2570,0,8,24.985232457685274,1.5001400606706738,1326.6441239975393,33.05058365758755
1774611896,10,GET,/api/audio/levels,16.700000,0.000000,12,23,72,100,160,190,200,210,220,220,220,2570,0,10,63.23508463871524,1.5493860701099038,1309.4227639958262,76.99610894941634
1774611896,10,GET,/api/audio/levels (during plugin swap),3.700000,0.000000,13,25,59,97,130,180,220,220,220,220,220,672,0,11,72.00572165138077,1.5721969539299607,1298.7376680830494,77.15922619047619
1774611896,10,GET,/api/audio/levels/plugins,3.700000,0.000000,4,10,15,15,16,20,20,20,20,20,20,672,0,6,15.25938320974958,1.5065419720485806,1342.3058059997857,20.40327380952381
1774611896,10,GET,/api/audio/status,11.700000,0.000000,7,11,14,15,21,24,26,120,180,180,180,1916,0,5,11.105308769511872,1.5397770330309868,279.1874229442328,303.027139874739
1774611896,10,GET,/api/chains/,0.000000,0.000000,0,0,0,0,0,0,0,0,0,0,0,64,0,13,44.4865199533524,2.089375047944486,302.3143840255216,1478.296875
1774611896,10,GET,/api/chains/{id},11.700000,0.000000,10,26,85,96,170,180,210,220,230,230,230,1916,0,10,59.31714976703192,1.9238220993429422,1318.3924700133502,807.2713987473904
1774611896,10,POST,/api/chains/{id}/activate,11.700000,0.000000,12,20,25,28,41,170,190,190,200,200,200,1916,0,10,27.95009676739865,1.778690959326923,1257.727513089776,54.19363256784969
1774611896,10,POST,/api/chains/{id}/deactivate,11.700000,0.000000,6,8,11,12,17,24,36,40,190,190,190,1915,0,5,10.044934102042284,1.8003659788519144,233.12752903439105,61.347258485639685
1774611896,10,POST,/api/plugins/batch/parameters (500 updates),7.200000,0.000000,20,28,33,88,180,190,210,220,220,220,220,1261,0,20,68.56025802294674,5.447239032946527,1365.1708320248872,867.0222045995242
1774611896,10,GET,/api/plugins/discover,0.000000,0.000000,0,0,0,0,0,0,0,0,0,0,0,64,0,28,37.74846755004546,12.908800039440393,155.31902690418065,89708.0
1774611896,10,GET,/api/plugins/list,0.000000,0.000000,0,0,0,0,0,0,0,0,0,0,0,64,0,11,26.758709516798262,1.6044959193095565,192.37323594279587,72.953125
1774611896,10,POST,/api/plugins/load?uri,3.700000,0.000000,7,20,28,29,140,150,160,160,160,160,160,672,0,9,25.358448633640016,1.882247976027429,1250.9400709532201,2357.3898809523807
1774611896,10,POST,/api/plugins/unload?uri,3.700000,0.000000,4,6,8,10,13,17,21,21,21,21,21,672,0,6,11.800688814262339,1.7988779582083225,222.2753749229014,127.53422619047619
1774611896,10,,Aggregated,102.200000,0.000000,9,15,21,26,100,170,190,200,220,230,230,16944,0,9,36.088718868827456,1.5001400606706738,1365.1708320248872,666.9502478753541
1774611897,10,GET,/api/audio/latency,16.700000,0.000000,8,16,20,24,30,160,170,180,180,180,180,2570,0,8,24.985232457685274,1.5001400606706738,1326.6441239975393,33.05058365758755
1774611897,10,GET,/api/audio/levels,16.700000,0.000000,10,20,38,98,160,190,200,200,220,220,220,2570,0,10,63.23508463871524,1.5493860701099038,1309.4227639958262,76.99610894941634
1774611897,10,GET,/api/audio/levels (during plugin swap),3.700000,0.000000,12,24,59,97,130,180,220,220,220,220,220,672,0,11,72.00572165138077,1.5721969539299607,1298.7376680830494,77.15922619047619
1774611897,10,GET,/api/audio/levels/plugins,3.700000,0.000000,4,9,14,15,16,20,20,20,20,20,20,672,0,6,15.25938320974958,1.5065419720485806,1342.3058059997857,20.40327380952381
1774611897,10,GET,/api/audio/status,11.700000,0.000000,7,11,13,15,21,24,26,120,180,180,180,1916,0,5,11.105308769511872,1.5397770330309868,279.1874229442328,303.027139874739
1774611897,10,GET,/api/chains/,0.000000,0.000000,0,0,0,0,0,0,0,0,0,0,0,64,0,13,44.4865199533524,2.089375047944486,302.3143840255216,1478.296875
1774611897,10,GET,/api/chains/{id},11.700000,0.000000,9,20,72,93,170,180,210,220,230,230,230,1916,0,10,59.31714976703192,1.9238220993429422,1318.3924700133502,807.2713987473904
1774611897,10,POST,/api/chains/{id}/activate,11.700000,0.000000,11,21,25,28,41,180,190,190,200,200,200,1916,0,10,27.95009676739865,1.778690959326923,1257.727513089776,54.19363256784969
1774611897,10,POST,/api/chains/{id}/deactivate,11.700000,0.000000,6,8,11,12,19,27,36,40,190,190,190,1915,0,5,10.044934102042284,1.8003659788519144,233.12752903439105,61.347258485639685
1774611897,10,POST,/api/plugins/batch/parameters (500 updates),7.200000,0.000000,20,27,33,86,180,190,210,220,220,220,220,1261,0,20,68.56025802294674,5.447239032946527,1365.1708320248872,867.0222045995242
1774611897,10,GET,/api/plugins/discover,0.000000,0.000000,0,0,0,0,0,0,0,0,0,0,0,64,0,28,37.74846755004546,12.908800039440393,155.31902690418065,89708.0
1774611897,10,GET,/api/plugins/list,0.000000,0.000000,0,0,0,0,0,0,0,0,0,0,0,64,0,11,26.758709516798262,1.6044959193095565,192.37323594279587,72.953125
1774611897,10,POST,/api/plugins/load?uri,3.700000,0.000000,7,17,28,29,140,150,160,160,160,160,160,672,0,9,25.358448633640016,1.882247976027429,1250.9400709532201,2357.3898809523807
1774611897,10,POST,/api/plugins/unload?uri,3.700000,0.000000,4,6,8,10,13,17,21,21,21,21,21,672,0,6,11.800688814262339,1.7988779582083225,222.2753749229014,127.53422619047619
1774611897,10,,Aggregated,102.200000,0.000000,8,15,21,25,96,170,190,200,220,230,230,16944,0,9,36.088718868827456,1.5001400606706738,1365.1708320248872,666.9502478753541
1774611898,10,GET,/api/audio/latency,16.500000,0.000000,10,19,21,24,33,160,170,180,180,180,180,2584,0,8,25.004529074743036,1.5001400606706738,1326.6441239975393,33.05030959752322
1774611898,10,GET,/api/audio/levels,16.500000,0.000000,13,37,100,140,170,200,1200,1200,1200,1200,1200,2584,0,10,65.26557507954651,1.5493860701099038,1309.4227639958262,77.01470588235294
1774611898,10,GET,/api/audio/levels (during plugin swap),3.900000,0.000000,13,57,97,100,170,220,1200,1200,1200,1200,1200,674,0,11,73.76354167034755,1.5721969539299607,1298.7376680830494,77.16617210682493
1774611898,10,GET,/api/audio/levels/plugins,3.900000,0.000000,4,11,14,15,16,20,20,20,20,20,20,674,0,6,15.234253744598899,1.5065419720485806,1342.3058059997857,20.403560830860535
1774611898,10,GET,/api/audio/status,12.600000,0.000000,7,10,14,15,20,22,25,120,180,180,180,1926,0,5,11.096069896736338,1.5397770330309868,279.1874229442328,303.0269989615784
1774611898,10,GET,/api/chains/,0.000000,0.000000,0,0,0,0,0,0,0,0,0,0,0,64,0,13,44.4865199533524,2.089375047944486,302.3143840255216,1478.296875
1774611898,10,GET,/api/chains/{id},12.600000,0.000000,9,55,96,120,180,210,1100,1200,1200,1200,1200,1926,0,10,61.149594125878025,1.9238220993429422,1318.3924700133502,807.4579439252336
1774611898,10,POST,/api/chains/{id}/activate,12.600000,0.000000,11,21,27,28,41,180,190,190,200,200,200,1926,0,10,28.034172710882324,1.778690959326923,1257.727513089776,54.19781931464174
1774611898,10,POST,/api/chains/{id}/deactivate,12.600000,0.000000,6,9,12,12,17,24,40,190,1300,1300,1300,1926,0,5,10.683589000090462,1.8003659788519144,1250.2088609617203,61.338006230529594
1774611898,10,POST,/api/plugins/batch/parameters (500 updates),7.900000,0.000000,20,29,65,88,180,200,220,1200,1200,1200,1200,1263,0,20,69.48695040533948,5.447239032946527,1365.1708320248872,867.0973871733967
1774611898,10,GET,/api/plugins/discover,0.000000,0.000000,0,0,0,0,0,0,0,0,0,0,0,64,0,28,37.74846755004546,12.908800039440393,155.31902690418065,89708.0
1774611898,10,GET,/api/plugins/list,0.000000,0.000000,0,0,0,0,0,0,0,0,0,0,0,64,0,11,26.758709516798262,1.6044959193095565,192.37323594279587,72.953125
1774611898,10,POST,/api/plugins/load?uri,3.900000,0.000000,8,17,28,29,140,150,160,160,160,160,160,674,0,9,25.321130711793934,1.882247976027429,1250.9400709532201,2355.820474777448
1774611898,10,POST,/api/plugins/unload?uri,3.900000,0.000000,5,8,10,12,14,17,21,21,21,21,21,674,0,6,11.809440888948075,1.7988779582083225,222.2753749229014,127.51038575667656
1774611898,10,,Aggregated,106.900000,0.000000,9,16,23,29,130,180,200,1100,1300,1300,1300,17023,0,9,36.81616879735554,1.5001400606706738,1365.1708320248872,665.040650884098
1774611899,10,GET,/api/audio/latency,17.300000,0.000000,9,15,20,22,28,32,160,170,170,170,170,2605,0,8,24.886002048497907,1.5001400606706738,1326.6441239975393,33.049904030710174
1774611899,10,GET,/api/audio/levels,17.300000,0.000000,9,21,90,110,170,200,1200,1200,1200,1200,1200,2605,0,10,64.8644125503318,1.5493860701099038,1309.4227639958262,77.00230326295585
1774611899,10,GET,/api/audio/levels (during plugin swap),4.000000,0.000000,11,23,59,100,130,180,1200,1200,1200,1200,1200,677,0,11,73.48648385792019,1.5721969539299607,1298.7376680830494,77.14771048744461
1774611899,10,GET,/api/audio/levels/plugins,4.000000,0.000000,4,6,11,11,15,20,20,20,20,20,20,677,0,6,15.184447669012794,1.5065419720485806,1342.3058059997857,20.413589364844903
1774611899,10,GET,/api/audio/status,13.200000,0.000000,6,10,13,14,20,22,25,25,180,180,180,1946,0,5,11.047608537703775,1.5397770330309868,279.1874229442328,303.0267214799589
1774611899,10,GET,/api/chains/,0.000000,0.000000,0,0,0,0,0,0,0,0,0,0,0,64,0,13,44.4865199533524,2.089375047944486,302.3143840255216,1478.296875
1774611899,10,GET,/api/chains/{id},13.200000,0.000000,8,29,81,96,170,190,1100,1200,1200,1200,1200,1946,0,10,60.65736336934831,1.9238220993429422,1318.3924700133502,807.0133607399795
1774611899,10,POST,/api/chains/{id}/activate,13.200000,0.000000,10,20,24,27,38,150,190,190,200,200,200,1946,0,10,27.857891833103373,1.778690959326923,1257.727513089776,54.21891058581706
1774611899,10,POST,/api/chains/{id}/deactivate,13.100000,0.000000,6,9,12,13,17,20,30,190,1300,1300,1300,1946,0,5,10.64692645479436,1.8003659788519144,1250.2088609617203,61.3448098663926
1774611899,10,POST,/api/plugins/batch/parameters (500 updates),8.500000,0.000000,18,25,33,80,180,200,220,1200,1200,1200,1200,1275,0,20,68.97406808940657,5.447239032946527,1365.1708320248872,866.9176470588235
1774611899,10,GET,/api/plugins/discover,0.000000,0.000000,0,0,0,0,0,0,0,0,0,0,0,64,0,28,37.74846755004546,12.908800039440393,155.31902690418065,89708.0
1774611899,10,GET,/api/plugins/list,0.000000,0.000000,0,0,0,0,0,0,0,0,0,0,0,64,0,11,26.758709516798262,1.6044959193095565,192.37323594279587,72.953125
1774611899,10,POST,/api/plugins/load?uri,4.000000,0.000000,7,10,17,20,140,150,160,160,160,160,160,677,0,9,25.239083816385396,1.882247976027429,1250.9400709532201,2363.5923190546528
1774611899,10,POST,/api/plugins/unload?uri,4.000000,0.000000,5,8,11,12,16,21,21,21,21,21,21,677,0,6,11.805542307407864,1.7988779582083225,222.2753749229014,127.5480059084195
1774611899,10,,Aggregated,111.800000,0.000000,8,14,20,23,96,170,200,230,1200,1300,1300,17169,0,9,36.59473747464333,1.5001400606706738,1365.1708320248872,662.2502184169142
1774611900,10,GET,/api/audio/latency,15.500000,0.000000,10,17,20,22,29,150,160,160,170,170,170,2621,0,8,24.909741089797272,1.5001400606706738,1326.6441239975393,33.049599389545975
1774611900,10,GET,/api/audio/levels,15.500000,0.000000,12,55,96,130,180,200,1200,1200,1200,1200,1200,2621,0,10,64.96724260698056,1.5493860701099038,1309.4227639958262,77.01259061426936
1774611900,10,GET,/api/audio/levels (during plugin swap),4.000000,0.000000,11,23,100,100,180,180,1200,1200,1200,1200,1200,679,0,11,73.8024834047287,1.5721969539299607,1298.7376680830494,77.15463917525773
1774611900,10,GET,/api/audio/levels/plugins,4.000000,0.000000,4,9,13,14,20,27,27,27,27,27,27,679,0,6,15.218600477139974,1.5065419720485806,1342.3058059997857,20.432989690721648
1774611900,10,GET,/api/audio/status,12.200000,0.000000,7,11,14,16,21,24,25,27,29,29,29,1958,0,5,11.061006897560533,1.5397770330309868,279.1874229442328,303.02655771195094
1774611900,10,GET,/api/chains/,0.000000,0.000000,0,0,0,0,0,0,0,0,0,0,0,64,0,13,44.4865199533524,2.089375047944486,302.3143840255216,1478.296875
1774611900,10,GET,/api/chains/{id},12.200000,0.000000,9,55,91,120,180,200,1100,1200,1200,1200,1200,1958,0,10,60.94860115267605,1.9238220993429422,1318.3924700133502,806.6598569969357
1774611900,10,POST,/api/chains/{id}/activate,12.200000,0.000000,11,21,25,28,39,150,190,190,200,200,200,1958,0,10,27.927431157888584,1.778690959326923,1257.727513089776,54.20326864147089
1774611900,10,POST,/api/chains/{id}/deactivate,12.200000,0.000000,7,10,12,14,16,20,29,190,1300,1300,1300,1958,0,5,10.640365052033612,1.8003659788519144,1250.2088609617203,61.3488253319714
1774611900,10,POST,/api/plugins/batch/parameters (500 updates),8.200000,0.000000,19,25,65,88,190,200,220,1200,1200,1200,1200,1280,0,20,69.03905515146107,5.447239032946527,1365.1708320248872,866.9328125
1774611900,10,GET,/api/plugins/discover,0.000000,0.000000,0,0,0,0,0,0,0,0,0,0,0,64,0,28,37.74846755004546,12.908800039440393,155.31902690418065,89708.0
1774611900,10,GET,/api/plugins/list,0.000000,0.000000,0,0,0,0,0,0,0,0,0,0,0,64,0,11,26.758709516798262,1.6044959193095565,192.37323594279587,72.953125
1774611900,10,POST,/api/plugins/load?uri,4.000000,0.000000,7,12,17,20,140,150,160,160,160,160,160,679,0,9,25.40420700414641,1.882247976027429,1250.9400709532201,2362.79970544919
1774611900,10,POST,/api/plugins/unload?uri,4.000000,0.000000,5,8,12,12,17,21,21,21,21,21,21,679,0,6,11.802235727790958,1.7988779582083225,222.2753749229014,127.53902798232696
1774611900,10,,Aggregated,104.000000,0.000000,9,15,21,26,110,170,200,1100,1300,1300,1300,17262,0,9,36.677801505305446,1.5001400606706738,1365.1708320248872,660.118062796895
1774611901,10,GET,/api/audio/latency,15.600000,0.000000,8,14,18,20,28,150,160,160,170,170,170,2648,0,8,24.723566454011184,1.5001400606706738,1326.6441239975393,33.049093655589125
1774611901,10,GET,/api/audio/levels,15.600000,0.000000,8,21,72,99,170,200,1100,1200,1200,1200,1200,2648,0,10,64.4093804055082,1.5493860701099038,1309.4227639958262,76.99622356495469
1774611901,10,GET,/api/audio/levels (during plugin swap),3.800000,0.000000,8,13,23,59,180,180,1200,1200,1200,1200,1200,683,0,11,73.39316205255207,1.5721969539299607,1298.7376680830494,77.13030746705711
1774611901,10,GET,/api/audio/levels/plugins,3.800000,0.000000,3,4,10,11,15,27,27,27,27,27,27,683,0,6,15.140480875435776,1.5065419720485806,1342.3058059997857,20.452415812591507
1774611901,10,GET,/api/audio/status,12.000000,0.000000,6,10,14,15,20,23,25,27,29,29,29,1976,0,5,11.028563483985355,1.5397770330309868,279.1874229442328,303.0263157894737
1774611901,10,GET,/api/chains/,0.000000,0.000000,0,0,0,0,0,0,0,0,0,0,0,64,0,13,44.4865199533524,2.089375047944486,302.3143840255216,1478.296875
1774611901,10,GET,/api/chains/{id},12.100000,0.000000,8,33,80,96,180,200,1100,1200,1200,1200,1200,1976,0,10,60.571930678052304,1.9238220993429422,1318.3924700133502,806.1376518218624
1774611901,10,POST,/api/chains/{id}/activate,12.100000,0.000000,10,15,21,26,38,150,190,190,200,200,200,1976,0,10,27.74496906139343,1.778690959326923,1257.727513089776,54.218117408906885
1774611901,10,POST,/api/chains/{id}/deactivate,12.000000,0.000000,6,9,10,12,15,19,23,29,1300,1300,1300,1976,0,5,10.612522131541409,1.8003659788519144,1250.2088609617203,61.354757085020246
1774611901,10,POST,/api/plugins/batch/parameters (500 updates),7.900000,0.000000,16,22,30,67,160,200,220,1200,1200,1200,1200,1293,0,19,68.48349245612661,5.447239032946527,1365.1708320248872,866.7772621809745
1774611901,10,GET,/api/plugins/discover,0.000000,0.000000,0,0,0,0,0,0,0,0,0,0,0,64,0,28,37.74846755004546,12.908800039440393,155.31902690418065,89708.0
1774611901,10,GET,/api/plugins/list,0.000000,0.000000,0,0,0,0,0,0,0,0,0,0,0,64,0,11,26.758709516798262,1.6044959193095565,192.37323594279587,72.953125
1774611901,10,POST,/api/plugins/load?uri,3.800000,0.000000,6,9,13,15,28,150,160,160,160,160,160,683,0,9,25.275651525397883,1.882247976027429,1250.9400709532201,2359.953147877013
1774611901,10,POST,/api/plugins/unload?uri,3.800000,0.000000,4,8,10,11,14,17,21,21,21,21,21,683,0,6,11.754329981061455,1.7988779582083225,222.2753749229014,127.52269399707174
1774611901,10,,Aggregated,102.500000,0.000000,8,13,18,22,89,160,200,230,1200,1300,1300,17417,0,9,36.43484699943875,1.5001400606706738,1365.1708320248872,656.7382442441293
1774611902,10,GET,/api/audio/latency,15.000000,0.000000,10,16,19,21,28,150,160,160,170,170,170,2661,0,8,24.73221178351538,1.5001400606706738,1326.6441239975393,33.0488538143555
1774611902,10,GET,/api/audio/levels,15.000000,0.000000,10,69,96,130,190,210,1200,1200,1200,1200,1200,2661,0,10,64.69233879702792,1.5493860701099038,1309.4227639958262,77.01578354002255
1774611902,10,GET,/api/audio/levels (during plugin swap),3.600000,0.000000,9,23,59,110,180,180,1200,1200,1200,1200,1200,686,0,11,73.48201219375997,1.5721969539299607,1298.7376680830494,77.15014577259475
1774611902,10,GET,/api/audio/levels/plugins,3.600000,0.000000,4,7,11,12,15,27,27,27,27,27,27,686,0,6,15.119644838016013,1.5065419720485806,1342.3058059997857,20.462099125364432
1774611902,10,GET,/api/audio/status,12.900000,0.000000,7,10,14,15,19,22,25,27,29,29,29,1986,0,5,11.022806816855361,1.5397770330309868,279.1874229442328,303.02618328298087
1774611902,10,GET,/api/chains/,0.000000,0.000000,0,0,0,0,0,0,0,0,0,0,0,64,0,13,44.4865199533524,2.089375047944486,302.3143840255216,1478.296875
1774611902,10,GET,/api/chains/{id},12.900000,0.000000,12,60,96,140,180,210,1100,1200,1200,1200,1200,1986,0,10,60.878468095559406,1.9238220993429422,1318.3924700133502,806.0584088620342
1774611902,10,POST,/api/chains/{id}/activate,12.900000,0.000000,11,18,25,27,39,160,180,190,190,190,190,1986,0,10,27.91050240099205,1.778690959326923,1257.727513089776,54.20946626384693
1774611902,10,POST,/api/chains/{id}/deactivate,12.900000,0.000000,6,9,12,13,16,20,23,29,1300,1300,1300,1986,0,5,10.601328375614703,1.8003659788519144,1250.2088609617203,61.34541792547835
1774611902,10,POST,/api/plugins/batch/parameters (500 updates),8.600000,0.000000,17,24,65,86,180,210,220,1200,1200,1200,1200,1302,0,19,68.52338618261614,5.447239032946527,1365.1708320248872,866.852534562212
1774611902,10,GET,/api/plugins/discover,0.000000,0.000000,0,0,0,0,0,0,0,0,0,0,0,64,0,28,37.74846755004546,12.908800039440393,155.31902690418065,89708.0
1774611902,10,GET,/api/plugins/list,0.000000,0.000000,0,0,0,0,0,0,0,0,0,0,0,64,0,11,26.758709516798262,1.6044959193095565,192.37323594279587,72.953125
1774611902,10,POST,/api/plugins/load?uri,3.600000,0.000000,6,12,15,18,150,160,160,160,160,160,160,686,0,9,25.43463234083032,1.882247976027429,1250.9400709532201,2357.4431486880467
1774611902,10,POST,/api/plugins/unload?uri,3.600000,0.000000,4,8,11,12,14,17,21,21,21,21,21,686,0,6,11.750099109349984,1.7988779582083225,222.2753749229014,127.53935860058309
1774611902,10,,Aggregated,104.600000,0.000000,9,15,20,26,110,170,210,1100,1300,1300,1300,17504,0,9,36.54717007032125,1.5001400606706738,1365.1708320248872,655.0451325411335
1774611903,10,GET,/api/audio/latency,15.700000,0.000000,8,14,19,20,26,30,160,160,170,170,170,2690,0,8,24.54186748599869,1.5001400606706738,1326.6441239975393,33.048327137546465
1774611903,10,GET,/api/audio/levels,15.700000,0.000000,9,23,89,110,170,200,1100,1200,1200,1200,1200,2691,0,10,64.1572064250626,1.5493860701099038,1309.4227639958262,77.0
1774611903,10,GET,/api/audio/levels (during plugin swap),3.700000,0.000000,8,16,59,110,180,180,1200,1200,1200,1200,1200,690,0,11,73.06999926644284,1.5721969539299607,1298.7376680830494,77.12608695652175
1774611903,10,GET,/api/audio/levels/plugins,3.700000,0.000000,3,7,11,12,15,27,27,27,27,27,27,690,0,6,15.04323925650881,1.5065419720485806,1342.3058059997857,20.46231884057971
1774611903,10,GET,/api/audio/status,13.100000,0.000000,5,9,13,14,18,21,25,27,29,29,29,1999,0,5,10.981251323281631,1.5397770330309868,279.1874229442328,303.02601300650326
1774611903,10,GET,/api/chains/,0.000000,0.000000,0,0,0,0,0,0,0,0,0,0,0,64,0,13,44.4865199533524,2.089375047944486,302.3143840255216,1478.296875
1774611903,10,GET,/api/chains/{id},13.100000,0.000000,10,31,84,100,180,190,1100,1200,1200,1200,1200,1999,0,10,60.5502394726267,1.9238220993429422,1318.3924700133502,806.0275137568784
1774611903,10,POST,/api/chains/{id}/activate,13.100000,0.000000,9,13,20,25,38,150,160,160,180,180,180,1999,0,10,27.772781861400425,1.778690959326923,1257.727513089776,54.2096048024012
1774611903,10,POST,/api/chains/{id}/deactivate,13.000000,0.000000,6,9,11,13,16,19,23,29,1300,1300,1300,1999,0,5,10.569996721721093,1.8003659788519144,1250.2088609617203,61.34967483741871
1774611903,10,POST,/api/plugins/batch/parameters (500 updates),7.200000,0.000000,13,20,27,65,120,200,220,1200,1200,1200,1200,1318,0,19,68.0353349641429,5.447239032946527,1365.1708320248872,866.5508345978756
1774611903,10,GET,/api/plugins/discover,0.000000,0.000000,0,0,0,0,0,0,0,0,0,0,0,64,0,28,37.74846755004546,12.908800039440393,155.31902690418065,89708.0
1774611903,10,GET,/api/plugins/list,0.000000,0.000000,0,0,0,0,0,0,0,0,0,0,0,64,0,11,26.758709516798262,1.6044959193095565,192.37323594279587,72.953125
1774611903,10,POST,/api/plugins/load?uri,3.700000,0.000000,6,9,15,17,150,160,160,160,160,160,160,690,0,9,25.302255728477746,1.882247976027429,1250.9400709532201,2365.4695652173914
1774611903,10,POST,/api/plugins/unload?uri,3.700000,0.000000,6,8,11,12,14,17,21,21,21,21,21,690,0,6,11.700681388459127,1.7988779582083225,222.2753749229014,127.56521739130434
1774611903,10,,Aggregated,105.700000,0.000000,8,13,19,22,95,160,200,230,1200,1300,1300,17647,0,9,36.339301852973115,1.5001400606706738,1365.1708320248872,652.4816682722276
1774611904,10,GET,/api/audio/latency,16.400000,0.000000,9,16,19,22,28,150,170,170,170,170,170,2708,0,8,24.688928964332177,1.5001400606706738,1326.6441239975393,33.0480059084195
1774611904,10,GET,/api/audio/levels,16.300000,0.000000,12,72,110,130,170,200,1100,1200,1200,1200,1200,2708,0,10,64.29762101591704,1.5493860701099038,1309.4227639958262,77.01329394387001
1774611904,10,GET,/api/audio/levels (during plugin swap),3.600000,0.000000,9,26,100,130,180,180,1200,1200,1200,1200,1200,693,0,11,72.81044749899205,1.5721969539299607,1298.7376680830494,77.10822510822511
1774611904,10,GET,/api/audio/levels/plugins,3.600000,0.000000,3,10,12,13,20,27,27,27,27,27,27,693,0,6,15.00419505353087,1.5065419720485806,1342.3058059997857,20.471861471861473
1774611904,10,GET,/api/audio/status,12.800000,0.000000,6,10,14,15,19,23,27,29,170,170,170,2007,0,5,11.047950486977843,1.5397770330309868,279.1874229442328,303.02590931738916
1774611904,10,GET,/api/chains/,0.000000,0.000000,0,0,0,0,0,0,0,0,0,0,0,64,0,13,44.4865199533524,2.089375047944486,302.3143840255216,1478.296875
1774611904,10,GET,/api/chains/{id},12.700000,0.000000,16,60,95,110,180,190,1100,1200,1200,1200,1200,2007,0,10,60.505125704455764,1.9238220993429422,1318.3924700133502,806.2107623318385
1774611904,10,POST,/api/chains/{id}/activate,12.800000,0.000000,10,17,21,27,39,160,160,180,210,210,210,2007,0,10,27.813491946193945,1.778690959326923,1257.727513089776,54.20777279521674
1774611904,10,POST,/api/chains/{id}/deactivate,12.800000,0.000000,6,9,11,13,16,19,23,29,1300,1300,1300,2007,0,5,10.554683530518965,1.8003659788519144,1250.2088609617203,61.33981066268062
1774611904,10,POST,/api/plugins/batch/parameters (500 updates),8.400000,0.000000,16,29,75,100,180,210,220,1200,1200,1200,1200,1329,0,19,68.45043123765598,5.447239032946527,1365.1708320248872,866.6455981941309
1774611904,10,GET,/api/plugins/discover,0.000000,0.000000,0,0,0,0,0,0,0,0,0,0,0,64,0,28,37.74846755004546,12.908800039440393,155.31902690418065,89708.0
1774611904,10,GET,/api/plugins/list,0.000000,0.000000,0,0,0,0,0,0,0,0,0,0,0,64,0,11,26.758709516798262,1.6044959193095565,192.37323594279587,72.953125
1774611904,10,POST,/api/plugins/load?uri,3.600000,0.000000,6,13,17,22,150,160,160,160,160,160,160,693,0,9,25.235283964959983,1.882247976027429,1250.9400709532201,2361.4025974025976
1774611904,10,POST,/api/plugins/unload?uri,3.600000,0.000000,6,8,11,12,16,17,21,21,21,21,21,693,0,6,11.68979606644921,1.7988779582083225,222.2753749229014,127.53535353535354
1774611904,10,,Aggregated,106.600000,0.000000,9,16,21,28,130,170,200,1100,1300,1300,1300,17737,0,9,36.4198216676601,1.5001400606706738,1365.1708320248872,650.6742402886621
1774611905,10,GET,/api/audio/latency,16.300000,0.000000,8,13,17,19,25,30,170,170,170,170,170,2723,0,8,24.59498276017241,1.5001400606706738,1326.6441239975393,33.04774146162321
1774611905,10,GET,/api/audio/levels,16.300000,0.000000,9,27,82,110,160,200,1100,1200,1200,1200,1200,2723,0,10,64.01949719803936,1.5493860701099038,1309.4227639958262,77.01028277634961
1774611905,10,GET,/api/audio/levels (during plugin swap),3.500000,0.000000,7,15,26,100,180,180,1200,1200,1200,1200,1200,697,0,11,72.43448526062701,1.5721969539299607,1298.7376680830494,77.10329985652798
1774611905,10,GET,/api/audio/levels/plugins,3.500000,0.000000,3,4,11,12,14,27,27,27,27,27,27,697,0,6,14.951016023518568,1.5065419720485806,1342.3058059997857,20.472022955523673
1774611905,10,GET,/api/audio/status,12.300000,0.000000,4,8,11,14,16,25,29,31,170,170,170,2027,0,5,10.983531126055498,1.5397770330309868,279.1874229442328,303.02565367538233
1774611905,10,GET,/api/chains/,0.000000,0.000000,0,0,0,0,0,0,0,0,0,0,0,64,0,13,44.4865199533524,2.089375047944486,302.3143840255216,1478.296875
1774611905,10,GET,/api/chains/{id},11.900000,0.000000,10,25,60,84,180,190,1100,1200,1200,1200,1200,2028,0,10,59.949329588160424,1.9238220993429422,1318.3924700133502,806.1020710059172
1774611905,10,POST,/api/chains/{id}/activate,12.000000,0.000000,8,12,18,20,32,150,160,180,210,210,210,2027,0,10,27.597719458399087,1.778690959326923,1257.727513089776,54.227923038973856
1774611905,10,POST,/api/chains/{id}/deactivate,12.400000,0.000000,5,9,11,13,16,19,29,30,1300,1300,1300,2027,0,5,10.506518895231963,1.8003659788519144,1250.2088609617203,61.333991119881595
1774611905,10,POST,/api/plugins/batch/parameters (500 updates),8.300000,0.000000,16,25,64,80,160,200,220,1200,1200,1200,1200,1343,0,19,68.10215517669799,5.447239032946527,1365.1708320248872,866.4251675353686
1774611905,10,GET,/api/plugins/discover,0.000000,0.000000,0,0,0,0,0,0,0,0,0,0,0,64,0,28,37.74846755004546,12.908800039440393,155.31902690418065,89708.0
1774611905,10,GET,/api/plugins/list,0.000000,0.000000,0,0,0,0,0,0,0,0,0,0,0,64,0,11,26.758709516798262,1.6044959193095565,192.37323594279587,72.953125
1774611905,10,POST,/api/plugins/load?uri,3.500000,0.000000,5,11,14,15,22,150,160,160,160,160,160,697,0,9,25.136655699956087,1.882247976027429,1250.9400709532201,2357.2209469153513
1774611905,10,POST,/api/plugins/unload?uri,3.500000,0.000000,6,8,12,12,16,17,21,21,21,21,21,697,0,6,11.635067463662727,1.7988779582083225,222.2753749229014,127.50932568149211
1774611905,10,,Aggregated,103.500000,0.000000,8,13,18,23,95,160,200,230,1200,1300,1300,17878,0,9,36.209293797852915,1.5001400606706738,1365.1708320248872,648.1154491553865
1774611906,10,GET,/api/audio/latency,16.900000,0.000000,9,15,19,21,27,150,170,170,200,200,200,2736,0,8,24.65809566212705,1.5001400606706738,1326.6441239975393,33.04751461988304
1774611906,10,GET,/api/audio/levels,16.900000,0.000000,11,57,90,120,160,200,1100,1200,1200,1200,1200,2736,0,10,63.960901557873626,1.5493860701099038,1309.4227639958262,77.01973684210526
1774611906,10,GET,/api/audio/levels (during plugin swap),3.500000,0.000000,13,91,100,110,180,190,1200,1200,1200,1200,1200,701,0,11,72.69931276253799,1.5721969539299607,1298.7376680830494,77.09843081312411
1774611906,10,GET,/api/audio/levels/plugins,3.500000,0.000000,3,11,12,14,23,27,27,27,27,27,27,701,0,6,14.952727675354227,1.5065419720485806,1342.3058059997857,20.472182596291013
1774611906,10,GET,/api/audio/status,12.200000,0.000000,4,9,13,14,19,25,31,170,220,220,220,2039,0,5,11.080328832026945,1.5397770330309868,279.1874229442328,303.02550269740067
1774611906,10,GET,/api/chains/,0.000000,0.000000,0,0,0,0,0,0,0,0,0,0,0,64,0,13,44.4865199533524,2.089375047944486,302.3143840255216,1478.296875
1774611906,10,GET,/api/chains/{id},12.300000,0.000000,12,30,80,110,180,190,1100,1200,1200,1200,1200,2040,0,10,60.07911758223439,1.9238220993429422,1318.3924700133502,805.9406862745099
1774611906,10,POST,/api/chains/{id}/activate,12.300000,0.000000,9,14,20,23,32,150,160,180,210,210,210,2039,0,10,27.60676529142931,1.778690959326923,1257.727513089776,54.22511034820991
1774611906,10,POST,/api/chains/{id}/deactivate,12.200000,0.000000,5,9,12,14,16,22,30,150,1300,1300,1300,2037,0,5,10.57254364195101,1.8003659788519144,1250.2088609617203,61.337260677466865
1774611906,10,POST,/api/plugins/batch/parameters (500 updates),9.500000,0.000000,18,33,80,110,180,200,250,1200,1200,1200,1200,1353,0,19,68.32122053985098,5.447239032946527,1365.1708320248872,866.6341463414634
1774611906,10,GET,/api/plugins/discover,0.000000,0.000000,0,0,0,0,0,0,0,0,0,0,0,64,0,28,37.74846755004546,12.908800039440393,155.31902690418065,89708.0
1774611906,10,GET,/api/plugins/list,0.000000,0.000000,0,0,0,0,0,0,0,0,0,0,0,64,0,11,26.758709516798262,1.6044959193095565,192.37323594279587,72.953125
1774611906,10,POST,/api/plugins/load?uri,3.500000,0.000000,8,14,18,22,150,160,170,170,170,170,170,701,0,9,25.32236776998886,1.882247976027429,1250.9400709532201,2361.6333808844506
1774611906,10,POST,/api/plugins/unload?uri,3.500000,0.000000,7,11,12,14,17,21,21,21,21,21,21,700,0,6,11.64744697028904,1.7988779582083225,222.2753749229014,127.51
1774611906,10,,Aggregated,106.300000,0.000000,9,15,21,27,120,170,200,250,1200,1300,1300,17975,0,9,36.28398963063696,1.5001400606706738,1365.1708320248872,646.728678720445
1774611907,10,GET,/api/audio/latency,16.900000,0.000000,8,14,19,21,27,150,170,170,200,200,200,2754,0,8,24.54288916706467,1.5001400606706738,1326.6441239975393,33.04720406681191
1774611907,10,GET,/api/audio/levels,17.000000,0.000000,10,25,81,95,150,180,210,220,230,230,230,2754,0,10,63.64876189306832,1.5493860701099038,1309.4227639958262,77.02650689905592
1774611907,10,GET,/api/audio/levels (during plugin swap),3.000000,0.000000,9,23,95,100,150,180,190,190,190,190,190,704,0,11,72.4266109112002,1.5721969539299607,1298.7376680830494,77.0809659090909
1774611907,10,GET,/api/audio/levels/plugins,2.900000,0.000000,4,7,12,14,23,27,27,27,27,27,27,703,0,6,14.918616397576578,1.5065419720485806,1342.3058059997857,20.490753911806543
1774611907,10,GET,/api/audio/status,11.700000,0.000000,4,8,12,14,19,25,31,170,220,220,220,2059,0,5,11.016903798215294,1.5397770330309868,279.1874229442328,303.02525497814474
1774611907,10,GET,/api/chains/,0.000000,0.000000,0,0,0,0,0,0,0,0,0,0,0,64,0,13,44.4865199533524,2.089375047944486,302.3143840255216,1478.296875
1774611907,10,GET,/api/chains/{id},11.700000,0.000000,10,23,49,80,150,180,190,200,240,240,240,2059,0,10,59.61178719507546,1.9238220993429422,1318.3924700133502,805.8343856240894
1774611907,10,POST,/api/chains/{id}/activate,11.700000,0.000000,8,13,18,21,32,150,160,180,210,210,210,2059,0,10,27.417860593139718,1.778690959326923,1257.727513089776,54.24477901894123
1774611907,10,POST,/api/chains/{id}/deactivate,11.700000,0.000000,5,10,12,14,16,19,29,30,150,150,150,2059,0,5,10.54846416748816,1.8003659788519144,1250.2088609617203,61.33220009713453
1774611907,10,POST,/api/plugins/batch/parameters (500 updates),9.300000,0.000000,16,27,64,89,160,190,210,220,250,250,250,1365,0,19,67.83990673652607,5.447239032946527,1365.1708320248872,866.6307692307693
1774611907,10,GET,/api/plugins/discover,0.000000,0.000000,0,0,0,0,0,0,0,0,0,0,0,64,0,28,37.74846755004546,12.908800039440393,155.31902690418065,89708.0
1774611907,10,GET,/api/plugins/list,0.000000,0.000000,0,0,0,0,0,0,0,0,0,0,0,64,0,11,26.758709516798262,1.6044959193095565,192.37323594279587,72.953125
1774611907,10,POST,/api/plugins/load?uri,3.000000,0.000000,6,12,18,22,150,160,170,170,170,170,170,703,0,9,25.261691096470628,1.882247976027429,1250.9400709532201,2359.4608819345663
1774611907,10,POST,/api/plugins/unload?uri,2.900000,0.000000,6,8,12,14,19,21,21,21,21,21,21,703,0,6,11.636355890664584,1.7988779582083225,222.2753749229014,127.49075391180655
1774611907,10,,Aggregated,101.800000,0.000000,8,14,19,23,91,150,180,200,240,250,250,18114,0,9,36.07538159448563,1.5001400606706738,1365.1708320248872,643.96588274263
1774611908,10,GET,/api/audio/latency,16.900000,0.000000,7,12,17,19,24,150,170,170,200,200,200,2754,0,8,24.54288916706467,1.5001400606706738,1326.6441239975393,33.04720406681191
1774611908,10,GET,/api/audio/levels,17.000000,0.000000,9,19,77,85,140,160,200,210,220,220,220,2754,0,10,63.64876189306832,1.5493860701099038,1309.4227639958262,77.02650689905592
1774611908,10,GET,/api/audio/levels (during plugin swap),3.000000,0.000000,7,23,91,100,180,180,190,190,190,190,190,704,0,11,72.4266109112002,1.5721969539299607,1298.7376680830494,77.0809659090909
1774611908,10,GET,/api/audio/levels/plugins,2.900000,0.000000,3,7,12,14,23,27,27,27,27,27,27,703,0,6,14.918616397576578,1.5065419720485806,1342.3058059997857,20.490753911806543
1774611908,10,GET,/api/audio/status,11.700000,0.000000,3,8,10,13,19,25,31,170,220,220,220,2059,0,5,11.016903798215294,1.5397770330309868,279.1874229442328,303.02525497814474
1774611908,10,GET,/api/chains/,0.000000,0.000000,0,0,0,0,0,0,0,0,0,0,0,64,0,13,44.4865199533524,2.089375047944486,302.3143840255216,1478.296875
1774611908,10,GET,/api/chains/{id},11.700000,0.000000,9,17,31,76,150,180,190,200,240,240,240,2059,0,10,59.61178719507546,1.9238220993429422,1318.3924700133502,805.8343856240894
1774611908,10,POST,/api/chains/{id}/activate,11.700000,0.000000,7,12,17,20,29,150,160,160,210,210,210,2059,0,10,27.417860593139718,1.778690959326923,1257.727513089776,54.24477901894123
1774611908,10,POST,/api/chains/{id}/deactivate,11.700000,0.000000,5,9,11,13,16,18,23,30,150,150,150,2059,0,5,10.54846416748816,1.8003659788519144,1250.2088609617203,61.33220009713453
1774611908,10,POST,/api/plugins/batch/parameters (500 updates),9.300000,0.000000,16,27,64,100,170,200,220,250,250,250,250,1365,0,19,67.83990673652607,5.447239032946527,1365.1708320248872,866.6307692307693
1774611908,10,GET,/api/plugins/discover,0.000000,0.000000,0,0,0,0,0,0,0,0,0,0,0,64,0,28,37.74846755004546,12.908800039440393,155.31902690418065,89708.0
1774611908,10,GET,/api/plugins/list,0.000000,0.000000,0,0,0,0,0,0,0,0,0,0,0,64,0,11,26.758709516798262,1.6044959193095565,192.37323594279587,72.953125
1774611908,10,POST,/api/plugins/load?uri,3.000000,0.000000,5,14,20,22,150,160,170,170,170,170,170,703,0,9,25.261691096470628,1.882247976027429,1250.9400709532201,2359.4608819345663
1774611908,10,POST,/api/plugins/unload?uri,2.900000,0.000000,6,8,12,12,17,19,21,21,21,21,21,703,0,6,11.636355890664584,1.7988779582083225,222.2753749229014,127.49075391180655
1774611908,10,,Aggregated,101.800000,0.000000,8,13,17,21,89,150,180,200,240,250,250,18114,0,9,36.07538159448563,1.5001400606706738,1365.1708320248872,643.96588274263
1774611909,10,GET,/api/audio/latency,16.900000,0.000000,8,16,19,22,28,150,170,170,200,200,200,2773,0,8,24.734550454735075,1.5001400606706738,1326.6441239975393,33.04688063469167
1774611909,10,GET,/api/audio/levels,16.900000,0.000000,11,51,89,120,160,190,1200,1200,1300,1300,1300,2773,0,10,65.51049499840667,1.5493860701099038,1309.4227639958262,77.0457987738911
1774611909,10,GET,/api/audio/levels (during plugin swap),3.000000,0.000000,8,21,95,100,180,190,1000,1000,1000,1000,1000,707,0,11,73.6019941900766,1.5721969539299607,1298.7376680830494,77.08203677510608
1774611909,10,GET,/api/audio/levels/plugins,3.000000,0.000000,4,12,14,14,23,27,27,27,27,27,27,705,0,6,14.92844136953618,1.5065419720485806,1342.3058059997857,20.49078014184397
1774611909,10,GET,/api/audio/status,12.900000,0.000000,4,9,12,13,16,25,31,170,220,220,220,2068,0,5,11.005954501749155,1.5397770330309868,279.1874229442328,303.02514506769825
1774611909,10,GET,/api/chains/,0.000000,0.000000,0,0,0,0,0,0,0,0,0,0,0,64,0,13,44.4865199533524,2.089375047944486,302.3143840255216,1478.296875
1774611909,10,GET,/api/chains/{id},13.000000,0.000000,11,24,84,110,170,190,240,1200,1200,1200,1200,2070,0,10,60.87068641301838,1.9238220993429422,1318.3924700133502,805.5483091787439
1774611909,10,POST,/api/chains/{id}/activate,12.900000,0.000000,8,15,20,23,37,160,160,160,210,210,210,2069,0,10,27.45555841874641,1.778690959326923,1257.727513089776,54.23634606089899
1774611909,10,POST,/api/chains/{id}/deactivate,13.000000,0.000000,5,10,12,14,16,19,23,30,150,150,150,2067,0,5,10.537189977181814,1.8003659788519144,1250.2088609617203,61.334784712143204
1774611909,10,POST,/api/plugins/batch/parameters (500 updates),9.500000,0.000000,16,34,64,110,180,210,1100,1200,1200,1200,1200,1370,0,19,69.36701121340663,5.447239032946527,1365.1708320248872,866.585401459854
1774611909,10,GET,/api/plugins/discover,0.000000,0.000000,0,0,0,0,0,0,0,0,0,0,0,64,0,28,37.74846755004546,12.908800039440393,155.31902690418065,89708.0
1774611909,10,GET,/api/plugins/list,0.000000,0.000000,0,0,0,0,0,0,0,0,0,0,0,64,0,11,26.758709516798262,1.6044959193095565,192.37323594279587,72.953125
1774611909,10,POST,/api/plugins/load?uri,3.000000,0.000000,11,18,22,22,160,170,1300,1300,1300,1300,1300,707,0,9,26.97760638151228,1.882247976027429,1256.7783229751512,2363.159830268741
1774611909,10,POST,/api/plugins/unload?uri,3.000000,0.000000,6,8,12,12,17,19,21,21,21,21,21,705,0,6,11.628720170408751,1.7988779582083225,222.2753749229014,127.49929078014185
1774611909,10,,Aggregated,107.100000,0.000000,9,15,21,26,120,160,200,1000,1300,1300,1300,18206,0,9,36.77024312527643,1.5001400606706738,1365.1708320248872,642.415687136109
1774611910,10,GET,/api/audio/latency,18.000000,0.000000,7,14,19,21,27,150,170,170,200,200,200,2795,0,8,24.576114904350387,1.5001400606706738,1326.6441239975393,33.04651162790697
1774611910,10,GET,/api/audio/levels,18.000000,0.000000,10,20,81,98,150,190,1200,1200,1300,1300,1300,2795,0,10,65.05057262660759,1.5493860701099038,1309.4227639958262,77.02325581395348
1774611910,10,GET,/api/audio/levels (during plugin swap),3.100000,0.000000,6,13,21,91,100,190,1000,1000,1000,1000,1000,713,0,11,73.01300476506995,1.5721969539299607,1298.7376680830494,77.08415147265077
1774611910,10,GET,/api/audio/levels/plugins,3.000000,0.000000,3,12,13,14,19,23,23,23,23,23,23,713,0,6,14.85219788015918,1.5065419720485806,1342.3058059997857,20.490883590462833
1774611910,10,GET,/api/audio/status,14.000000,0.000000,3,6,10,12,16,20,31,170,220,220,220,2090,0,5,10.939421434886754,1.5397770330309868,279.1874229442328,303.0248803827751
1774611910,10,GET,/api/chains/,0.000000,0.000000,0,0,0,0,0,0,0,0,0,0,0,64,0,13,44.4865199533524,2.089375047944486,302.3143840255216,1478.296875
1774611910,10,GET,/api/chains/{id},14.000000,0.000000,10,17,25,70,140,180,240,1200,1200,1200,1200,2090,0,10,60.37587474476831,1.9238220993429422,1318.3924700133502,805.7401913875598
1774611910,10,POST,/api/chains/{id}/activate,14.000000,0.000000,6,12,17,21,28,42,160,160,210,210,210,2090,0,10,27.232021184495547,1.778690959326923,1257.727513089776,54.24641148325359
1774611910,10,POST,/api/chains/{id}/deactivate,14.000000,0.000000,4,9,12,13,16,19,23,30,150,150,150,2088,0,5,10.495382685047463,1.8003659788519144,1250.2088609617203,61.34147509578544
1774611910,10,POST,/api/plugins/batch/parameters (500 updates),10.300000,0.000000,16,28,64,100,180,210,1100,1200,1200,1200,1200,1379,0,19,68.98543187337735,5.447239032946527,1365.1708320248872,866.8107324147933
1774611910,10,GET,/api/plugins/discover,0.000000,0.000000,0,0,0,0,0,0,0,0,0,0,0,64,0,28,37.74846755004546,12.908800039440393,155.31902690418065,89708.0
1774611910,10,GET,/api/plugins/list,0.000000,0.000000,0,0,0,0,0,0,0,0,0,0,0,64,0,11,26.758709516798262,1.6044959193095565,192.37323594279587,72.953125
1774611910,10,POST,/api/plugins/load?uri,3.000000,0.000000,4,16,18,22,24,170,1300,1300,1300,1300,1300,713,0,9,26.796165679850542,1.882247976027429,1256.7783229751512,2377.1079943899017
1774611910,10,POST,/api/plugins/unload?uri,3.000000,0.000000,6,8,12,13,15,19,21,21,21,21,21,713,0,6,11.600008942670128,1.7988779582083225,222.2753749229014,127.47545582047685
1774611910,10,,Aggregated,114.400000,0.000000,7,13,17,21,96,160,190,250,1300,1300,1300,18371,0,9,36.4985963279662,1.5001400606706738,1365.1708320248872,640.0132273692233
1774611911,10,GET,/api/audio/latency,16.400000,0.000000,8,15,21,24,140,150,170,170,200,200,200,2806,0,8,24.773453460239253,1.5001400606706738,1326.6441239975393,33.04632929436921
1774611911,10,GET,/api/audio/levels,16.400000,0.000000,12,47,90,120,170,190,1200,1200,1300,1300,1300,2806,0,10,65.27366853644043,1.5493860701099038,1309.4227639958262,77.02138275124733
1774611911,10,GET,/api/audio/levels (during plugin swap),3.000000,0.000000,8,20,43,91,150,220,1000,1000,1000,1000,1000,716,0,11,73.09735075498452,1.5721969539299607,1298.7376680830494,77.10335195530726
1774611911,10,GET,/api/audio/levels/plugins,3.000000,0.000000,5,12,14,14,19,23,23,23,23,23,23,715,0,6,14.84053183584702,1.5065419720485806,1342.3058059997857,20.490909090909092
1774611911,10,GET,/api/audio/status,12.700000,0.000000,3,8,11,12,17,21,31,170,220,220,220,2099,0,5,10.951827835511699,1.5397770330309868,279.1874229442328,303.02477370176274
1774611911,10,GET,/api/chains/,0.000000,0.000000,0,0,0,0,0,0,0,0,0,0,0,64,0,13,44.4865199533524,2.089375047944486,302.3143840255216,1478.296875
1774611911,10,GET,/api/chains/{id},12.600000,0.000000,10,19,34,99,150,180,240,1200,1200,1200,1200,2099,0,10,60.56048557733103,1.9238220993429422,1318.3924700133502,805.9595045259647
1774611911,10,POST,/api/chains/{id}/activate,12.600000,0.000000,6,14,21,23,37,160,160,210,220,220,220,2099,0,10,27.488122262753254,1.778690959326923,1257.727513089776,54.24726060028585
1774611911,10,POST,/api/chains/{id}/deactivate,12.700000,0.000000,5,9,13,14,17,20,22,30,150,150,150,2099,0,5,10.490954498136562,1.8003659788519144,1250.2088609617203,61.34492615531205
1774611911,10,POST,/api/plugins/batch/parameters (500 updates),9.900000,0.000000,20,44,110,150,190,210,1100,1200,1200,1200,1200,1383,0,19,69.21233815297252,5.447239032946527,1365.1708320248872,866.6999276934201
1774611911,10,GET,/api/plugins/discover,0.000000,0.000000,0,0,0,0,0,0,0,0,0,0,0,64,0,28,37.74846755004546,12.908800039440393,155.31902690418065,89708.0
1774611911,10,GET,/api/plugins/list,0.000000,0.000000,0,0,0,0,0,0,0,0,0,0,0,64,0,11,26.758709516798262,1.6044959193095565,192.37323594279587,72.953125
1774611911,10,POST,/api/plugins/load?uri,3.000000,0.000000,6,16,22,22,27,170,1300,1300,1300,1300,1300,715,0,9,26.7779330682283,1.882247976027429,1256.7783229751512,2384.7146853146855
1774611911,10,POST,/api/plugins/unload?uri,3.000000,0.000000,7,11,12,13,15,19,21,21,21,21,21,715,0,6,11.588394973700593,1.7988779582083225,222.2753749229014,127.52587412587413
1774611911,10,,Aggregated,105.300000,0.000000,8,14,20,24,140,170,210,1000,1300,1300,1300,18444,0,9,36.62825420328454,1.5001400606706738,1365.1708320248872,638.9385708089352
1774611912,10,GET,/api/audio/latency,17.000000,0.000000,5,12,19,21,140,150,170,170,200,200,200,2834,0,8,24.572619070639426,1.5001400606706738,1326.6441239975393,33.04587155963303
1774611912,10,GET,/api/audio/levels,17.000000,0.000000,9,14,55,90,160,190,1200,1200,1300,1300,1300,2835,0,10,64.68068723085565,1.5493860701099038,1309.4227639958262,77.00776014109347
1774611912,10,GET,/api/audio/levels (during plugin swap),3.200000,0.000000,7,13,21,91,100,220,1000,1000,1000,1000,1000,720,0,11,72.85400816326728,1.5721969539299607,1298.7376680830494,77.09861111111111
1774611912,10,GET,/api/audio/levels/plugins,3.200000,0.000000,5,13,14,16,19,23,23,23,23,23,23,720,0,6,14.800445910724294,1.5065419720485806,1342.3058059997857,20.481944444444444
1774611912,10,GET,/api/audio/status,12.500000,0.000000,3,8,10,12,19,21,31,170,220,220,220,2113,0,5,10.93485717314802,1.5397770330309868,279.1874229442328,303.0246095598675
1774611912,10,GET,/api/chains/,0.000000,0.000000,0,0,0,0,0,0,0,0,0,0,0,64,0,13,44.4865199533524,2.089375047944486,302.3143840255216,1478.296875
1774611912,10,GET,/api/chains/{id},12.500000,0.000000,10,19,30,85,140,180,240,1200,1200,1200,1200,2113,0,10,60.412558092604804,1.9238220993429422,1318.3924700133502,806.1396119261714
1774611912,10,POST,/api/chains/{id}/activate,12.500000,0.000000,6,15,21,23,31,140,160,210,220,220,220,2113,0,10,27.399856562475406,1.778690959326923,1257.727513089776,54.23805016564127
1774611912,10,POST,/api/chains/{id}/deactivate,12.500000,0.000000,4,9,13,14,17,21,32,32,150,150,150,2113,0,5,10.490165527961121,1.8003659788519144,1250.2088609617203,61.349266445811644
1774611912,10,POST,/api/plugins/batch/parameters (500 updates),9.100000,0.000000,16,28,52,110,180,200,1100,1200,1200,1200,1200,1395,0,19,68.72528823932106,5.447239032946527,1365.1708320248872,866.8437275985663
1774611912,10,GET,/api/plugins/discover,0.000000,0.000000,0,0,0,0,0,0,0,0,0,0,0,64,0,28,37.74846755004546,12.908800039440393,155.31902690418065,89708.0
1774611912,10,GET,/api/plugins/list,0.000000,0.000000,0,0,0,0,0,0,0,0,0,0,0,64,0,11,26.758709516798262,1.6044959193095565,192.37323594279587,72.953125
1774611912,10,POST,/api/plugins/load?uri,3.200000,0.000000,11,18,22,22,27,170,1300,1300,1300,1300,1300,720,0,9,26.859117547994376,1.882247976027429,1256.7783229751512,2386.213888888889
1774611912,10,POST,/api/plugins/unload?uri,3.200000,0.000000,7,11,13,15,19,21,29,29,29,29,29,720,0,6,11.603771750459499,1.7988779582083225,222.2753749229014,127.52777777777777
1774611912,10,,Aggregated,105.900000,0.000000,8,14,19,22,99,160,190,250,1300,1300,1300,18588,0,9,36.4471227033894,1.5001400606706738,1365.1708320248872,636.4245749946202
1774611913,10,GET,/api/audio/latency,16.400000,0.000000,7,17,20,23,150,160,170,180,200,200,200,2851,0,8,24.731991444884233,1.5001400606706738,1326.6441239975393,33.04559803577692
1774611913,10,GET,/api/audio/levels,16.400000,0.000000,11,50,96,120,170,190,1200,1200,1300,1300,1300,2851,0,10,64.92915196999711,1.5493860701099038,1309.4227639958262,77.02630655910207
1774611913,10,GET,/api/audio/levels (during plugin swap),3.500000,0.000000,9,20,91,95,190,220,1000,1000,1000,1000,1000,722,0,11,72.9602931903861,1.5721969539299607,1298.7376680830494,77.10526315789474
1774611913,10,GET,/api/audio/levels/plugins,3.500000,0.000000,7,13,14,16,19,23,23,23,23,23,23,722,0,6,14.777824309734509,1.5065419720485806,1342.3058059997857,20.5
1774611913,10,GET,/api/audio/status,12.800000,0.000000,4,9,11,14,20,26,31,170,220,220,220,2122,0,5,10.94719971110781,1.5397770330309868,279.1874229442328,303.0245051837889
1774611913,10,GET,/api/chains/,0.000000,0.000000,0,0,0,0,0,0,0,0,0,0,0,64,0,13,44.4865199533524,2.089375047944486,302.3143840255216,1478.296875
1774611913,10,GET,/api/chains/{id},12.800000,0.000000,11,23,85,110,150,190,240,1200,1200,1200,1200,2122,0,10,60.569079067254336,1.9238220993429422,1318.3924700133502,805.940150801131
1774611913,10,POST,/api/chains/{id}/activate,12.800000,0.000000,8,18,22,24,37,160,160,210,220,220,220,2122,0,10,27.556591619560574,1.778690959326923,1257.727513089776,54.23892554194156
1774611913,10,POST,/api/chains/{id}/deactivate,12.900000,0.000000,5,9,13,14,17,30,32,150,200,200,200,2122,0,5,10.566656652098025,1.8003659788519144,1250.2088609617203,61.35202639019793
1774611913,10,POST,/api/plugins/batch/parameters (500 updates),9.800000,0.000000,17,34,56,110,170,190,1100,1200,1200,1200,1200,1400,0,19,68.71636031411721,5.447239032946527,1365.1708320248872,866.84
1774611913,10,GET,/api/plugins/discover,0.000000,0.000000,0,0,0,0,0,0,0,0,0,0,0,64,0,28,37.74846755004546,12.908800039440393,155.31902690418065,89708.0
1774611913,10,GET,/api/plugins/list,0.000000,0.000000,0,0,0,0,0,0,0,0,0,0,0,64,0,11,26.758709516798262,1.6044959193095565,192.37323594279587,72.953125
1774611913,10,POST,/api/plugins/load?uri,3.500000,0.000000,16,20,22,24,39,170,1300,1300,1300,1300,1300,722,0,9,26.862597198759584,1.882247976027429,1256.7783229751512,2390.1495844875344
1774611913,10,POST,/api/plugins/unload?uri,3.500000,0.000000,8,12,15,15,19,21,29,29,29,29,29,722,0,6,11.596961407580379,1.7988779582083225,222.2753749229014,127.49861495844875
1774611913,10,,Aggregated,107.900000,0.000000,9,16,21,26,130,170,200,1000,1300,1300,1300,18670,0,9,36.559840357466086,1.5001400606706738,1365.1708320248872,634.9599892876272
1774611914,10,GET,/api/audio/latency,16.300000,0.000000,6,15,19,21,34,150,160,180,200,200,200,2876,0,8,24.613755583215532,1.5001400606706738,1326.6441239975393,33.0452016689847
1774611914,10,GET,/api/audio/levels,16.300000,0.000000,10,19,78,96,170,190,1200,1200,1300,1300,1300,2876,0,10,64.49837184221948,1.5493860701099038,1309.4227639958262,77.00938803894297
1774611914,10,GET,/api/audio/levels (during plugin swap),3.500000,0.000000,8,21,95,95,190,220,1000,1000,1000,1000,1000,725,0,11,72.86016735376725,1.5721969539299607,1298.7376680830494,77.08827586206897
1774611914,10,GET,/api/audio/levels/plugins,3.500000,0.000000,8,14,16,19,19,23,23,23,23,23,23,725,0,6,14.773137002284157,1.5065419720485806,1342.3058059997857,20.50896551724138
1774611914,10,GET,/api/audio/status,12.500000,0.000000,3,8,11,13,20,25,28,31,220,220,220,2141,0,5,10.905928429110007,1.5397770330309868,279.1874229442328,303.0242877160205
1774611914,10,GET,/api/chains/,0.000000,0.000000,0,0,0,0,0,0,0,0,0,0,0,64,0,13,44.4865199533524,2.089375047944486,302.3143840255216,1478.296875
1774611914,10,GET,/api/chains/{id},12.500000,0.000000,11,19,70,100,150,180,240,1200,1200,1200,1200,2141,0,10,60.263144618704125,1.9238220993429422,1318.3924700133502,805.9173283512378
1774611914,10,POST,/api/chains/{id}/activate,12.500000,0.000000,6,15,21,24,37,150,160,160,220,220,220,2141,0,10,27.39670003167519,1.778690959326923,1257.727513089776,54.24334423166744
1774611914,10,POST,/api/chains/{id}/deactivate,12.500000,0.000000,5,9,12,14,17,22,32,150,200,200,200,2141,0,5,10.517716771050408,1.8003659788519144,1250.2088609617203,61.35777673984119
1774611914,10,POST,/api/plugins/batch/parameters (500 updates),8.700000,0.000000,15,24,35,52,160,190,1100,1200,1200,1200,1200,1408,0,19,68.49054902613716,5.447239032946527,1365.1708320248872,866.7741477272727
1774611914,10,GET,/api/plugins/discover,0.000000,0.000000,0,0,0,0,0,0,0,0,0,0,0,64,0,28,37.74846755004546,12.908800039440393,155.31902690418065,89708.0
1774611914,10,GET,/api/plugins/list,0.000000,0.000000,0,0,0,0,0,0,0,0,0,0,0,64,0,11,26.758709516798262,1.6044959193095565,192.37323594279587,72.953125
1774611914,10,POST,/api/plugins/load?uri,3.500000,0.000000,16,20,24,25,39,170,1300,1300,1300,1300,1300,725,0,9,26.817790039429635,1.882247976027429,1256.7783229751512,2397.0993103448277
1774611914,10,POST,/api/plugins/unload?uri,3.500000,0.000000,8,11,15,15,19,21,29,29,29,29,29,725,0,6,11.576504168614488,1.7988779582083225,222.2753749229014,127.49793103448276
1774611914,10,,Aggregated,105.300000,0.000000,8,14,19,22,100,160,200,250,1300,1300,1300,18816,0,9,36.38470072505419,1.5001400606706738,1365.1708320248872,632.4598214285714
1774611915,10,GET,/api/audio/latency,16.800000,0.000000,7,17,20,24,140,160,180,200,200,200,200,2884,0,8,24.706007742814478,1.5001400606706738,1326.6441239975393,33.04507628294036
1774611915,10,GET,/api/audio/levels,16.800000,0.000000,13,33,90,110,180,190,1200,1200,1300,1300,1300,2884,0,10,64.62048335297482,1.5493860701099038,1309.4227639958262,77.01629680998613
1774611915,10,GET,/api/audio/levels (during plugin swap),3.400000,0.000000,21,95,120,180,200,220,1000,1000,1000,1000,1000,731,0,11,73.34582905970494,1.5721969539299607,1298.7376680830494,77.10807113543092
1774611915,10,GET,/api/audio/levels/plugins,3.400000,0.000000,13,16,19,19,23,23,25,25,25,25,25,731,0,6,14.79713070138183,1.5065419720485806,1342.3058059997857,20.544459644322846
1774611915,10,GET,/api/audio/status,12.500000,0.000000,5,10,14,16,20,25,27,28,220,220,220,2153,0,5,10.920162076935954,1.5397770330309868,279.1874229442328,303.02415234556435
1774611915,10,GET,/api/chains/,0.000000,0.000000,0,0,0,0,0,0,0,0,0,0,0,64,0,13,44.4865199533524,2.089375047944486,302.3143840255216,1478.296875
1774611915,10,GET,/api/chains/{id},12.500000,0.000000,17,57,110,130,170,190,240,1200,1200,1200,1200,2153,0,10,60.550309386252714,1.9238220993429422,1318.3924700133502,805.8471899674872
1774611915,10,POST,/api/chains/{id}/activate,12.500000,0.000000,12,19,24,28,42,160,180,180,220,220,220,2153,0,10,27.566486140137776,1.778690959326923,1257.727513089776,54.228982814677195
1774611915,10,POST,/api/chains/{id}/deactivate,12.500000,0.000000,6,10,14,16,21,26,32,150,200,200,200,2153,0,5,10.551846941037184,1.8003659788519144,1250.2088609617203,61.36135624709707
1774611915,10,POST,/api/plugins/batch/parameters (500 updates),9.100000,0.000000,16,28,52,120,180,190,1100,1200,1200,1200,1200,1411,0,19,68.58670660792926,5.447239032946527,1365.1708320248872,866.6491849751949
1774611915,10,GET,/api/plugins/discover,0.000000,0.000000,0,0,0,0,0,0,0,0,0,0,0,64,0,28,37.74846755004546,12.908800039440393,155.31902690418065,89708.0
1774611915,10,GET,/api/plugins/list,0.000000,0.000000,0,0,0,0,0,0,0,0,0,0,0,64,0,11,26.758709516798262,1.6044959193095565,192.37323594279587,72.953125
1774611915,10,POST,/api/plugins/load?uri,3.400000,0.000000,18,23,25,27,130,180,1300,1300,1300,1300,1300,731,0,9,26.963753742165864,1.882247976027429,1256.7783229751512,2387.8153214774284
1774611915,10,POST,/api/plugins/unload?uri,3.400000,0.000000,10,15,16,19,20,27,29,29,29,29,29,731,0,6,11.61736192496394,1.7988779582083225,222.2753749229014,127.44186046511628
1774611915,10,,Aggregated,106.300000,0.000000,11,17,22,28,140,180,200,1000,1300,1300,1300,18907,0,9,36.491724508138695,1.5001400606706738,1365.1708320248872,630.8327074628445
1774611916,10,GET,/api/audio/latency,16.000000,0.000000,6,14,18,21,34,150,160,180,200,200,200,2901,0,8,24.58568228783021,1.5001400606706738,1326.6441239975393,33.04481213374699
1774611916,10,GET,/api/audio/levels,16.000000,0.000000,10,18,71,99,170,190,1200,1200,1300,1300,1300,2901,0,10,64.27906492551014,1.5493860701099038,1309.4227639958262,77.02412961047915
1774611916,10,GET,/api/audio/levels (during plugin swap),3.300000,0.000000,9,25,95,150,200,220,1000,1000,1000,1000,1000,737,0,11,72.82104646076867,1.5721969539299607,1298.7376680830494,77.09226594301221
1774611916,10,GET,/api/audio/levels/plugins,3.300000,0.000000,8,14,19,19,22,23,25,25,25,25,25,737,0,6,14.717170004789772,1.5065419720485806,1342.3058059997857,20.544097693351425
1774611916,10,GET,/api/audio/status,12.500000,0.000000,4,8,11,14,19,23,27,27,28,28,28,2170,0,5,10.857090406486773,1.5397770330309868,279.1874229442328,303.02396313364056
1774611916,10,GET,/api/chains/,0.000000,0.000000,0,0,0,0,0,0,0,0,0,0,0,64,0,13,44.4865199533524,2.089375047944486,302.3143840255216,1478.296875
1774611916,10,GET,/api/chains/{id},12.400000,0.000000,14,23,85,110,160,180,220,1200,1200,1200,1200,2170,0,10,60.18533105098252,1.9238220993429422,1318.3924700133502,805.9046082949309
1774611916,10,POST,/api/chains/{id}/activate,12.400000,0.000000,8,15,20,25,39,160,180,180,220,220,220,2170,0,10,27.407751867519735,1.778690959326923,1257.727513089776,54.22811059907834
1774611916,10,POST,/api/chains/{id}/deactivate,12.500000,0.000000,5,9,13,15,19,25,32,32,200,200,200,2170,0,5,10.51111303270936,1.8003659788519144,1250.2088609617203,61.366359447004605
1774611916,10,POST,/api/plugins/batch/parameters (500 updates),7.600000,0.000000,13,18,23,35,150,190,1100,1200,1200,1200,1200,1430,0,19,67.89276900951965,5.447239032946527,1365.1708320248872,866.5902097902098
1774611916,10,GET,/api/plugins/discover,0.000000,0.000000,0,0,0,0,0,0,0,0,0,0,0,64,0,28,37.74846755004546,12.908800039440393,155.31902690418065,89708.0
1774611916,10,GET,/api/plugins/list,0.000000,0.000000,0,0,0,0,0,0,0,0,0,0,0,64,0,11,26.758709516798262,1.6044959193095565,192.37323594279587,72.953125
1774611916,10,POST,/api/plugins/load?uri,3.300000,0.000000,16,19,25,25,39,180,1300,1300,1300,1300,1300,737,0,9,26.77149047555081,1.882247976027429,1256.7783229751512,2378.6594301221166
1774611916,10,POST,/api/plugins/unload?uri,3.300000,0.000000,8,11,15,16,19,27,29,29,29,29,29,737,0,6,11.567158283813626,1.7988779582083225,222.2753749229014,127.41791044776119
1774611916,10,,Aggregated,102.600000,0.000000,8,14,19,23,110,170,200,220,1300,1300,1300,19052,0,9,36.27315394844529,1.5001400606706738,1365.1708320248872,628.5575267688432
1774611917,10,GET,/api/audio/latency,16.400000,0.000000,7,16,20,24,150,160,160,180,200,200,200,2915,0,8,24.72053719624577,1.5001400606706738,1326.6441239975393,33.04459691252144
1774611917,10,GET,/api/audio/levels,16.500000,0.000000,13,33,97,120,180,190,1200,1200,1300,1300,1300,2915,0,10,64.42189130458443,1.5493860701099038,1309.4227639958262,77.03602058319039
1774611917,10,GET,/api/audio/levels (during plugin swap),3.300000,0.000000,9,43,130,150,200,220,1000,1000,1000,1000,1000,744,0,11,72.76998948204451,1.5721969539299607,1298.7376680830494,77.10618279569893
1774611917,10,GET,/api/audio/levels/plugins,3.300000,0.000000,9,16,16,19,21,23,25,25,25,25,25,744,0,6,14.67438072018746,1.5065419720485806,1342.3058059997857,20.552419354838708
1774611917,10,GET,/api/audio/status,13.100000,0.000000,5,9,12,16,20,25,27,27,28,28,28,2179,0,5,10.852677811397912,1.5397770330309868,279.1874229442328,303.0238641578706
1774611917,10,GET,/api/chains/,0.000000,0.000000,0,0,0,0,0,0,0,0,0,0,0,64,0,13,44.4865199533524,2.089375047944486,302.3143840255216,1478.296875
1774611917,10,GET,/api/chains/{id},13.700000,0.000000,17,57,110,120,170,190,220,1200,1200,1200,1200,2179,0,10,60.2335176143638,1.9238220993429422,1318.3924700133502,805.8747131711795
1774611917,10,POST,/api/chains/{id}/activate,13.100000,0.000000,12,19,23,28,140,160,180,180,220,220,220,2179,0,10,27.481545437674008,1.778690959326923,1257.727513089776,54.229004130335014
1774611917,10,POST,/api/chains/{id}/deactivate,13.100000,0.000000,5,9,13,14,20,26,32,32,200,200,200,2179,0,5,10.499950081085212,1.8003659788519144,1250.2088609617203,61.357503441945845
1774611917,10,POST,/api/plugins/batch/parameters (500 updates),7.400000,0.000000,15,22,35,53,150,190,1100,1200,1200,1200,1200,1437,0,19,67.76663674435027,5.447239032946527,1365.1708320248872,866.8670842032011
1774611917,10,GET,/api/plugins/discover,0.000000,0.000000,0,0,0,0,0,0,0,0,0,0,0,64,0,28,37.74846755004546,12.908800039440393,155.31902690418065,89708.0
1774611917,10,GET,/api/plugins/list,0.000000,0.000000,0,0,0,0,0,0,0,0,0,0,0,64,0,11,26.758709516798262,1.6044959193095565,192.37323594279587,72.953125
1774611917,10,POST,/api/plugins/load?uri,3.200000,0.000000,16,24,25,27,150,170,1300,1300,1300,1300,1300,744,0,9,27.384813273480784,1.882247976027429,1256.7783229751512,2378.951612903226
1774611917,10,POST,/api/plugins/unload?uri,3.300000,0.000000,9,12,15,15,19,20,29,29,29,29,29,744,0,6,11.53791704329647,1.7988779582083225,222.2753749229014,127.40322580645162
1774611917,10,,Aggregated,106.400000,0.000000,9,17,21,27,140,170,200,220,1300,1300,1300,19151,0,9,36.33659098977066,1.5001400606706738,1365.1708320248872,627.2624928202183
1774611918,10,GET,/api/audio/latency,16.000000,0.000000,7,15,19,21,140,160,160,180,200,200,200,2932,0,8,24.641924994962103,1.5001400606706738,1326.6441239975393,33.044338335607094
1774611918,10,GET,/api/audio/levels,15.900000,0.000000,11,23,74,110,170,190,190,200,210,210,210,2932,0,10,64.10928197569719,1.5493860701099038,1309.4227639958262,77.03922237380628
1774611918,10,GET,/api/audio/levels (during plugin swap),3.500000,0.000000,9,25,120,150,200,210,220,220,220,220,220,744,0,11,72.76998948204451,1.5721969539299607,1298.7376680830494,77.10618279569893
1774611918,10,GET,/api/audio/levels/plugins,3.500000,0.000000,8,14,16,19,21,23,25,25,25,25,25,744,0,6,14.67438072018746,1.5065419720485806,1342.3058059997857,20.552419354838708
1774611918,10,GET,/api/audio/status,12.600000,0.000000,4,9,12,16,20,23,27,27,28,28,28,2201,0,5,10.815369200373135,1.5397770330309868,279.1874229442328,303.02362562471603
1774611918,10,GET,/api/chains/,0.000000,0.000000,0,0,0,0,0,0,0,0,0,0,0,64,0,13,44.4865199533524,2.089375047944486,302.3143840255216,1478.296875
1774611918,10,GET,/api/chains/{id},12.600000,0.000000,14,26,85,100,150,180,190,200,220,220,220,2202,0,10,59.82185326546023,1.9238220993429422,1318.3924700133502,806.0967302452316
1774611918,10,POST,/api/chains/{id}/activate,12.600000,0.000000,9,18,21,24,40,160,180,180,220,220,220,2201,0,10,27.293033136972234,1.778690959326923,1257.727513089776,54.25261244888687
1774611918,10,POST,/api/chains/{id}/deactivate,12.600000,0.000000,5,8,11,14,19,25,32,32,200,200,200,2201,0,5,10.443646140721986,1.8003659788519144,1250.2088609617203,61.36392548841436
1774611918,10,POST,/api/plugins/batch/parameters (500 updates),7.200000,0.000000,15,21,30,35,110,160,190,190,190,190,190,1447,0,19,67.42014843309536,5.447239032946527,1365.1708320248872,866.8051140290256
1774611918,10,GET,/api/plugins/discover,0.000000,0.000000,0,0,0,0,0,0,0,0,0,0,0,64,0,28,37.74846755004546,12.908800039440393,155.31902690418065,89708.0
1774611918,10,GET,/api/plugins/list,0.000000,0.000000,0,0,0,0,0,0,0,0,0,0,0,64,0,11,26.758709516798262,1.6044959193095565,192.37323594279587,72.953125
1774611918,10,POST,/api/plugins/load?uri,3.500000,0.000000,16,19,25,27,150,170,180,180,180,180,180,744,0,9,27.384813273480784,1.882247976027429,1256.7783229751512,2378.951612903226
1774611918,10,POST,/api/plugins/unload?uri,3.500000,0.000000,9,11,15,16,19,27,29,29,29,29,29,744,0,6,11.53791704329647,1.7988779582083225,222.2753749229014,127.40322580645162
1774611918,10,,Aggregated,103.500000,0.000000,9,15,20,24,110,160,190,190,220,220,220,19284,0,9,36.16256962284107,1.5001400606706738,1365.1708320248872,624.946172993155
1774611919,10,GET,/api/audio/latency,16.000000,0.000000,7,14,18,20,34,160,160,180,200,200,200,2932,0,8,24.641924994962103,1.5001400606706738,1326.6441239975393,33.044338335607094
1774611919,10,GET,/api/audio/levels,15.900000,0.000000,10,18,56,85,170,190,190,200,210,210,210,2932,0,10,64.10928197569719,1.5493860701099038,1309.4227639958262,77.03922237380628
1774611919,10,GET,/api/audio/levels (during plugin swap),3.500000,0.000000,12,52,130,150,200,210,220,220,220,220,220,744,0,11,72.76998948204451,1.5721969539299607,1298.7376680830494,77.10618279569893
1774611919,10,GET,/api/audio/levels/plugins,3.500000,0.000000,8,14,16,19,21,23,25,25,25,25,25,744,0,6,14.67438072018746,1.5065419720485806,1342.3058059997857,20.552419354838708
1774611919,10,GET,/api/audio/status,12.600000,0.000000,4,10,13,17,20,23,27,27,28,28,28,2201,0,5,10.815369200373135,1.5397770330309868,279.1874229442328,303.02362562471603
1774611919,10,GET,/api/chains/,0.000000,0.000000,0,0,0,0,0,0,0,0,0,0,0,64,0,13,44.4865199533524,2.089375047944486,302.3143840255216,1478.296875
1774611919,10,GET,/api/chains/{id},12.600000,0.000000,14,23,82,100,160,180,190,200,220,220,220,2202,0,10,59.82185326546023,1.9238220993429422,1318.3924700133502,806.0967302452316
1774611919,10,POST,/api/chains/{id}/activate,12.600000,0.000000,9,15,21,24,40,160,180,180,220,220,220,2201,0,10,27.293033136972234,1.778690959326923,1257.727513089776,54.25261244888687
1774611919,10,POST,/api/chains/{id}/deactivate,12.600000,0.000000,5,7,10,13,19,25,32,32,200,200,200,2201,0,5,10.443646140721986,1.8003659788519144,1250.2088609617203,61.36392548841436
1774611919,10,POST,/api/plugins/batch/parameters (500 updates),7.200000,0.000000,14,21,24,30,110,160,190,190,190,190,190,1447,0,19,67.42014843309536,5.447239032946527,1365.1708320248872,866.8051140290256
1774611919,10,GET,/api/plugins/discover,0.000000,0.000000,0,0,0,0,0,0,0,0,0,0,0,64,0,28,37.74846755004546,12.908800039440393,155.31902690418065,89708.0
1774611919,10,GET,/api/plugins/list,0.000000,0.000000,0,0,0,0,0,0,0,0,0,0,0,64,0,11,26.758709516798262,1.6044959193095565,192.37323594279587,72.953125
1774611919,10,POST,/api/plugins/load?uri,3.500000,0.000000,14,25,27,39,150,170,180,180,180,180,180,744,0,9,27.384813273480784,1.882247976027429,1256.7783229751512,2378.951612903226
1774611919,10,POST,/api/plugins/unload?uri,3.500000,0.000000,8,11,13,16,19,27,29,29,29,29,29,744,0,6,11.53791704329647,1.7988779582083225,222.2753749229014,127.40322580645162
1774611919,10,,Aggregated,103.500000,0.000000,8,15,20,23,110,160,190,200,220,220,220,19284,0,9,36.16256962284107,1.5001400606706738,1365.1708320248872,624.946172993155
1774611920,10,GET,/api/audio/latency,16.700000,0.000000,8,17,19,20,140,160,180,180,200,200,200,2944,0,8,24.641051704668865,1.5001400606706738,1326.6441239975393,33.04415760869565
1774611920,10,GET,/api/audio/levels,16.700000,0.000000,11,33,83,110,180,190,1200,1200,1300,1300,1300,2944,0,10,65.27199377330322,1.5493860701099038,1309.4227639958262,77.0492527173913
1774611920,10,GET,/api/audio/levels (during plugin swap),4.000000,0.000000,13,95,140,150,180,200,210,210,210,210,210,751,0,11,72.63667956003907,1.5721969539299607,1298.7376680830494,77.13715046604527
1774611920,10,GET,/api/audio/levels/plugins,4.100000,0.000000,9,16,19,19,21,23,25,25,25,25,25,751,0,6,14.633718237979027,1.5065419720485806,1342.3058059997857,20.56058588548602
1774611920,10,GET,/api/audio/status,12.800000,0.000000,5,10,13,17,20,23,27,27,28,28,28,2213,0,5,10.799632795898676,1.5397770330309868,279.1874229442328,303.02349751468597
1774611920,10,GET,/api/chains/,0.000000,0.000000,0,0,0,0,0,0,0,0,0,0,0,64,0,13,44.4865199533524,2.089375047944486,302.3143840255216,1478.296875
1774611920,10,GET,/api/chains/{id},12.800000,0.000000,16,57,100,110,170,200,1100,1100,1200,1200,1200,2213,0,10,61.363622239718055,1.9238220993429422,1318.3924700133502,806.066425666516
1774611920,10,POST,/api/chains/{id}/activate,12.800000,0.000000,11,18,22,26,140,160,180,180,1300,1300,1300,2213,0,10,27.788564341487444,1.778690959326923,1257.727513089776,54.23859014911884
1774611920,10,POST,/api/chains/{id}/deactivate,12.800000,0.000000,5,8,11,14,20,29,32,190,200,200,200,2213,0,5,10.503997911888074,1.8003659788519144,1250.2088609617203,61.367374604609125
1774611920,10,POST,/api/plugins/batch/parameters (500 updates),7.400000,0.000000,17,24,52,86,150,240,1300,1300,1300,1300,1300,1456,0,19,70.00789900804783,5.447239032946527,1365.1708320248872,866.6023351648352
1774611920,10,GET,/api/plugins/discover,0.000000,0.000000,0,0,0,0,0,0,0,0,0,0,0,64,0,28,37.74846755004546,12.908800039440393,155.31902690418065,89708.0
1774611920,10,GET,/api/plugins/list,0.000000,0.000000,0,0,0,0,0,0,0,0,0,0,0,64,0,11,26.758709516798262,1.6044959193095565,192.37323594279587,72.953125
1774611920,10,POST,/api/plugins/load?uri,4.100000,0.000000,17,23,25,27,150,170,180,180,180,180,180,751,0,9,27.23521178730264,1.882247976027429,1256.7783229751512,2372.681757656458
1774611920,10,POST,/api/plugins/unload?uri,4.100000,0.000000,8,11,13,16,19,27,29,29,29,29,29,750,0,6,11.48778181647261,1.7988779582083225,222.2753749229014,127.42933333333333
1774611920,10,,Aggregated,108.300000,0.000000,10,17,21,27,130,170,200,1100,1300,1300,1300,19391,0,9,36.752069324616066,1.5001400606706738,1365.1708320248872,623.359238822134
1774611921,10,GET,/api/audio/latency,17.400000,0.000000,7,14,18,19,31,160,180,180,200,200,200,2963,0,8,24.510289354218717,1.5001400606706738,1326.6441239975393,33.04387445156936
1774611921,10,GET,/api/audio/levels,17.400000,0.000000,10,19,59,85,150,180,1200,1200,1300,1300,1300,2964,0,10,64.86664764552789,1.5493860701099038,1309.4227639958262,77.03947368421052
1774611921,10,GET,/api/audio/levels (during plugin swap),3.900000,0.000000,9,25,130,150,180,200,210,210,210,210,210,758,0,11,72.00841249859373,1.5721969539299607,1298.7376680830494,77.11609498680738
1774611921,10,GET,/api/audio/levels/plugins,3.900000,0.000000,7,14,17,19,21,23,25,25,25,25,25,758,0,6,14.554138344038023,1.5065419720485806,1342.3058059997857,20.534300791556728
1774611921,10,GET,/api/audio/status,14.000000,0.000000,4,9,11,13,19,22,26,27,28,28,28,2230,0,5,10.760840144626496,1.52726995293051,279.1874229442328,303.0233183856502
1774611921,10,GET,/api/chains/,0.000000,0.000000,0,0,0,0,0,0,0,0,0,0,0,64,0,13,44.4865199533524,2.089375047944486,302.3143840255216,1478.296875
1774611921,10,GET,/api/chains/{id},14.100000,0.000000,12,21,58,100,160,180,1100,1100,1200,1200,1200,2230,0,10,60.9431748489866,1.9238220993429422,1318.3924700133502,806.1995515695068
1774611921,10,POST,/api/chains/{id}/activate,14.000000,0.000000,8,13,18,20,36,160,180,180,1300,1300,1300,2230,0,10,27.623374805203117,1.778690959326923,1257.727513089776,54.24887892376682
1774611921,10,POST,/api/chains/{id}/deactivate,14.000000,0.000000,5,7,9,10,16,22,29,190,200,200,200,2230,0,5,10.464990337279044,1.8003659788519144,1250.2088609617203,61.37219730941704
1774611921,10,POST,/api/plugins/batch/parameters (500 updates),8.000000,0.000000,15,23,30,53,130,230,1300,1300,1300,1300,1300,1468,0,19,69.5420933323684,5.447239032946527,1365.1708320248872,866.8487738419618
1774611921,10,GET,/api/plugins/discover,0.000000,0.000000,0,0,0,0,0,0,0,0,0,0,0,64,0,28,37.74846755004546,12.908800039440393,155.31902690418065,89708.0
1774611921,10,GET,/api/plugins/list,0.000000,0.000000,0,0,0,0,0,0,0,0,0,0,0,64,0,11,26.758709516798262,1.6044959193095565,192.37323594279587,72.953125
1774611921,10,POST,/api/plugins/load?uri,3.900000,0.000000,5,18,23,25,150,170,180,180,180,180,180,758,0,9,27.027698103178754,1.882247976027429,1256.7783229751512,2367.831134564644
1774611921,10,POST,/api/plugins/unload?uri,3.900000,0.000000,6,10,12,13,18,20,27,27,27,27,27,758,0,6,11.443245693234024,1.7988779582083225,222.2753749229014,127.44591029023746
1774611921,10,,Aggregated,114.500000,0.000000,8,13,19,21,98,160,200,240,1300,1300,1300,19539,0,9,36.52001214181853,1.5001400606706738,1365.1708320248872,621.1280515891294
1774611922,10,GET,/api/audio/latency,15.400000,0.000000,11,18,20,23,140,160,190,200,200,200,200,2985,0,8,24.711340106126713,1.5001400606706738,1326.6441239975393,33.04355108877722
1774611922,10,GET,/api/audio/levels,15.400000,0.000000,11,33,80,100,150,180,1200,1200,1300,1300,1300,2985,0,10,64.98298660818475,1.5493860701099038,1309.4227639958262,77.06331658291457
1774611922,10,GET,/api/audio/levels (during plugin swap),3.500000,0.000000,9,25,130,150,180,200,210,210,210,210,210,759,0,11,71.9165703068869,1.5721969539299607,1298.7376680830494,77.11067193675889
1774611922,10,GET,/api/audio/levels/plugins,3.500000,0.000000,7,14,17,19,21,23,25,25,25,25,25,759,0,6,14.537144819218101,1.5065419720485806,1342.3058059997857,20.54281949934124
1774611922,10,GET,/api/audio/status,12.800000,0.000000,4,9,11,14,19,22,26,27,28,28,28,2240,0,5,10.738155794388149,1.52726995293051,279.1874229442328,303.0232142857143
1774611922,10,GET,/api/chains/,0.000000,0.000000,0,0,0,0,0,0,0,0,0,0,0,64,0,13,44.4865199533524,2.089375047944486,302.3143840255216,1478.296875
1774611922,10,GET,/api/chains/{id},12.800000,0.000000,12,22,83,100,160,180,1100,1100,1200,1200,1200,2240,0,10,60.90089644608919,1.9238220993429422,1318.3924700133502,806.2861607142858
1774611922,10,POST,/api/chains/{id}/activate,12.800000,0.000000,10,16,19,22,39,160,180,180,1300,1300,1300,2240,0,10,27.596891973423357,1.778690959326923,1257.727513089776,54.229910714285715
1774611922,10,POST,/api/chains/{id}/deactivate,12.800000,0.000000,5,7,9,10,16,22,29,190,200,200,200,2240,0,5,10.441961584365345,1.8003659788519144,1250.2088609617203,61.375
1774611922,10,POST,/api/plugins/batch/parameters (500 updates),7.900000,0.000000,18,24,45,86,170,240,1300,1300,1300,1300,1300,1475,0,19,69.66695785759238,5.447239032946527,1365.1708320248872,866.6122033898305
1774611922,10,GET,/api/plugins/discover,0.000000,0.000000,0,0,0,0,0,0,0,0,0,0,0,64,0,28,37.74846755004546,12.908800039440393,155.31902690418065,89708.0
1774611922,10,GET,/api/plugins/list,0.000000,0.000000,0,0,0,0,0,0,0,0,0,0,0,64,0,11,26.758709516798262,1.6044959193095565,192.37323594279587,72.953125
1774611922,10,POST,/api/plugins/load?uri,3.500000,0.000000,5,18,23,25,150,170,180,180,180,180,180,759,0,9,26.996875741937455,1.882247976027429,1256.7783229751512,2373.843214756258
1774611922,10,POST,/api/plugins/unload?uri,3.500000,0.000000,6,10,12,13,18,20,27,27,27,27,27,759,0,6,11.430662115225973,1.7988779582083225,222.2753749229014,127.44795783926219
1774611922,10,,Aggregated,103.900000,0.000000,8,15,20,25,110,170,200,240,1300,1300,1300,19633,0,9,36.567784072422846,1.5001400606706738,1365.1708320248872,619.5650690164518
1774611923,10,GET,/api/audio/latency,15.400000,0.000000,6,14,18,19,30,150,180,200,200,200,200,3012,0,8,24.531350283817652,1.5001400606706738,1326.6441239975393,33.04316069057105
1774611923,10,GET,/api/audio/levels,15.400000,0.000000,9,18,43,74,140,180,190,1200,1300,1300,1300,3012,0,10,64.47575598956546,1.5493860701099038,1309.4227639958262,77.04415670650731
1774611923,10,GET,/api/audio/levels (during plugin swap),3.700000,0.000000,7,12,52,130,160,180,200,200,200,200,200,764,0,10,71.4816678626553,1.5721969539299607,1298.7376680830494,77.10078534031413
1774611923,10,GET,/api/audio/levels/plugins,3.700000,0.000000,6,13,16,17,20,22,25,25,25,25,25,764,0,6,14.465103385920017,1.5065419720485806,1342.3058059997857,20.534031413612567
1774611923,10,GET,/api/audio/status,12.300000,0.000000,3,6,10,11,17,20,22,23,27,27,27,2256,0,5,10.689774199953659,1.52726995293051,279.1874229442328,303.0230496453901
1774611923,10,GET,/api/chains/,0.000000,0.000000,0,0,0,0,0,0,0,0,0,0,0,64,0,13,44.4865199533524,2.089375047944486,302.3143840255216,1478.296875
1774611923,10,GET,/api/chains/{id},12.300000,0.000000,9,18,23,83,160,180,1100,1100,1200,1200,1200,2256,0,10,60.506145810885506,1.9238220993429422,1318.3924700133502,806.4543439716313
1774611923,10,POST,/api/chains/{id}/activate,12.300000,0.000000,9,13,17,19,28,43,180,180,1300,1300,1300,2256,0,10,27.451011950056422,1.778690959326923,1257.727513089776,54.237588652482266
1774611923,10,POST,/api/chains/{id}/deactivate,12.300000,0.000000,4,6,8,10,16,21,26,29,190,190,190,2256,0,5,10.396845707899383,1.8003659788519144,1250.2088609617203,61.37943262411348
1774611923,10,POST,/api/plugins/batch/parameters (500 updates),7.700000,0.000000,15,23,30,45,150,230,1300,1300,1300,1300,1300,1487,0,19,69.21433381166024,5.447239032946527,1365.1708320248872,866.7269670477472
1774611923,10,GET,/api/plugins/discover,0.000000,0.000000,0,0,0,0,0,0,0,0,0,0,0,64,0,28,37.74846755004546,12.908800039440393,155.31902690418065,89708.0
1774611923,10,GET,/api/plugins/list,0.000000,0.000000,0,0,0,0,0,0,0,0,0,0,0,64,0,11,26.758709516798262,1.6044959193095565,192.37323594279587,72.953125
1774611923,10,POST,/api/plugins/load?uri,3.700000,0.000000,5,13,19,23,150,160,180,180,180,180,180,764,0,9,26.868960293221985,1.882247976027429,1256.7783229751512,2370.4581151832463
1774611923,10,POST,/api/plugins/unload?uri,3.700000,0.000000,6,10,11,12,16,19,27,27,27,27,27,764,0,6,11.372435763776936,1.7988779582083225,222.2753749229014,127.43979057591623
1774611923,10,,Aggregated,102.500000,0.000000,7,12,17,20,74,150,190,240,1300,1300,1300,19783,0,9,36.337726195466885,1.5001400606706738,1365.1708320248872,617.085275236314
1774611924,10,GET,/api/audio/latency,15.300000,0.000000,7,14,19,20,140,160,200,320,320,320,320,3016,0,8,24.71740791047318,1.5001400606706738,1326.6441239975393,33.043103448275865
1774611924,10,GET,/api/audio/levels,15.300000,0.000000,11,28,80,110,170,190,1200,1200,1300,1300,1300,3021,0,10,64.82945814811511,1.5493860701099038,1309.4227639958262,77.06223104932141
1774611924,10,GET,/api/audio/levels (during plugin swap),3.900000,0.000000,8,25,130,140,180,200,200,200,200,200,200,767,0,10,71.73124296624684,1.5721969539299607,1298.7376680830494,77.13559322033899
1774611924,10,GET,/api/audio/levels/plugins,3.900000,0.000000,6,10,16,17,21,23,25,25,25,25,25,765,0,6,14.4598686652185,1.5065419720485806,1342.3058059997857,20.54248366013072
1774611924,10,GET,/api/audio/status,12.900000,0.000000,4,7,11,13,17,20,22,23,27,27,27,2261,0,5,10.688931662113559,1.52726995293051,279.1874229442328,303.0229986731535
1774611924,10,GET,/api/chains/,0.000000,0.000000,0,0,0,0,0,0,0,0,0,0,0,64,0,13,44.4865199533524,2.089375047944486,302.3143840255216,1478.296875
1774611924,10,GET,/api/chains/{id},12.900000,0.000000,9,21,71,89,150,190,1100,1100,1200,1200,1200,2262,0,10,60.68333946695431,1.9238220993429422,1318.3924700133502,806.4584438549956
1774611924,10,POST,/api/chains/{id}/activate,12.900000,0.000000,10,14,19,20,41,180,320,340,1300,1300,1300,2261,0,10,27.97051213628356,1.778690959326923,1257.727513089776,54.228217602830604
1774611924,10,POST,/api/chains/{id}/deactivate,12.900000,0.000000,5,7,9,10,16,22,26,29,190,190,190,2261,0,5,10.385027737356722,1.8003659788519144,1250.2088609617203,61.38080495356037
1774611924,10,POST,/api/plugins/batch/parameters (500 updates),8.200000,0.000000,17,23,32,73,170,240,1300,1300,1300,1300,1300,1489,0,19,69.2046051242941,5.447239032946527,1365.1708320248872,866.5963734049698
1774611924,10,GET,/api/plugins/discover,0.000000,0.000000,0,0,0,0,0,0,0,0,0,0,0,64,0,28,37.74846755004546,12.908800039440393,155.31902690418065,89708.0
1774611924,10,GET,/api/plugins/list,0.000000,0.000000,0,0,0,0,0,0,0,0,0,0,0,64,0,11,26.758709516798262,1.6044959193095565,192.37323594279587,72.953125
1774611924,10,POST,/api/plugins/load?uri,3.900000,0.000000,5,13,23,25,160,180,320,320,320,320,320,765,0,9,27.246471955532243,1.882247976027429,1256.7783229751512,2371.0640522875815
1774611924,10,POST,/api/plugins/unload?uri,3.900000,0.000000,6,10,12,13,18,20,27,27,27,27,27,765,0,6,11.370721204644617,1.7988779582083225,222.2753749229014,127.43137254901961
1774611924,10,,Aggregated,106.000000,0.000000,7,14,19,22,100,170,240,1100,1300,1300,1300,19825,0,9,36.52942389058957,1.5001400606706738,1365.1708320248872,616.4126103404792
1774611925,10,GET,/api/audio/latency,15.000000,0.000000,5,13,19,20,89,160,230,320,320,320,320,3048,0,8,24.782898178480853,1.5001400606706738,1326.6441239975393,33.04265091863517
1774611925,10,GET,/api/audio/levels,15.000000,0.000000,10,20,49,80,140,190,310,1200,1300,1300,1300,3048,0,10,64.34179080459698,1.5493860701099038,1309.4227639958262,77.05183727034121
1774611925,10,GET,/api/audio/levels (during plugin swap),4.200000,0.000000,6,9,13,98,140,160,180,180,180,180,180,774,0,10,71.14922880250431,1.5721969539299607,1298.7376680830494,77.09819121447029
1774611925,10,GET,/api/audio/levels/plugins,4.100000,0.000000,7,10,16,16,17,20,120,120,120,120,120,774,0,6,14.55536599960467,1.5065419720485806,1342.3058059997857,20.53359173126615
1774611925,10,GET,/api/audio/status,12.700000,0.000000,3,6,10,11,16,20,22,22,120,120,120,2274,0,5,10.711000714233602,1.52726995293051,279.1874229442328,303.02286719437114
1774611925,10,GET,/api/chains/,0.000000,0.000000,0,0,0,0,0,0,0,0,0,0,0,64,0,13,44.4865199533524,2.089375047944486,302.3143840255216,1478.296875
1774611925,10,GET,/api/chains/{id},12.800000,0.000000,8,15,23,76,110,190,1100,1100,1200,1200,1200,2274,0,10,60.39476856869246,1.9238220993429422,1318.3924700133502,806.4665787159191
1774611925,10,POST,/api/chains/{id}/activate,12.700000,0.000000,9,14,18,20,29,170,320,340,1300,1300,1300,2274,0,10,27.878339792015694,1.778690959326923,1257.727513089776,54.217238346525946
1774611925,10,POST,/api/chains/{id}/deactivate,12.700000,0.000000,5,6,8,9,13,20,21,21,190,190,190,2274,0,5,10.374732173476762,1.8003659788519144,1250.2088609617203,61.38434476693052
1774611925,10,POST,/api/plugins/batch/parameters (500 updates),8.000000,0.000000,18,24,32,53,170,320,1300,1300,1300,1300,1300,1502,0,19,69.1933201623773,5.447239032946527,1365.1708320248872,866.5499334221039
1774611925,10,GET,/api/plugins/discover,0.000000,0.000000,0,0,0,0,0,0,0,0,0,0,0,64,0,28,37.74846755004546,12.908800039440393,155.31902690418065,89708.0
1774611925,10,GET,/api/plugins/list,0.000000,0.000000,0,0,0,0,0,0,0,0,0,0,0,64,0,11,26.758709516798262,1.6044959193095565,192.37323594279587,72.953125
1774611925,10,POST,/api/plugins/load?uri,4.200000,0.000000,5,9,13,19,160,230,320,320,320,320,320,774,0,9,27.598302010314427,1.882247976027429,1256.7783229751512,2368.1136950904393
1774611925,10,POST,/api/plugins/unload?uri,4.100000,0.000000,6,10,11,12,17,18,120,120,120,120,120,774,0,6,11.511539216442106,1.7988779582083225,222.2753749229014,127.44315245478036
1774611925,10,,Aggregated,105.500000,0.000000,7,12,17,20,91,160,270,340,1300,1300,1300,19982,0,9,36.42500220192424,1.5001400606706738,1365.1708320248872,614.0878290461416
1774611926,10,GET,/api/audio/latency,15.400000,0.000000,7,17,19,20,91,160,230,320,320,320,320,3065,0,8,24.78072133563234,1.5001400606706738,1326.6441239975393,33.04241435562806
1774611926,10,GET,/api/audio/levels,15.600000,0.000000,11,28,74,100,160,200,310,1200,1300,1300,1300,3065,0,10,64.35320916024249,1.5493860701099038,1309.4227639958262,77.05481239804242
1774611926,10,GET,/api/audio/levels (during plugin swap),4.200000,0.000000,7,13,65,120,150,160,180,180,180,180,180,778,0,10,70.90506418790683,1.5721969539299607,1298.7376680830494,77.0771208226221
1774611926,10,GET,/api/audio/levels/plugins,4.100000,0.000000,7,11,16,16,19,20,120,120,120,120,120,778,0,6,14.525620875057733,1.5065419720485806,1342.3058059997857,20.516709511568124
1774611926,10,GET,/api/audio/status,12.900000,0.000000,5,8,11,12,19,20,22,22,120,120,120,2289,0,5,10.709501430026084,1.52726995293051,279.1874229442328,303.0227173438183
1774611926,10,GET,/api/chains/,0.000000,0.000000,0,0,0,0,0,0,0,0,0,0,0,64,0,13,44.4865199533524,2.089375047944486,302.3143840255216,1478.296875
1774611926,10,GET,/api/chains/{id},13.300000,0.000000,9,22,83,99,160,190,1100,1100,1200,1200,1200,2289,0,10,60.51587955315193,1.9238220993429422,1318.3924700133502,806.3612931411096
1774611926,10,POST,/api/chains/{id}/activate,12.900000,0.000000,10,18,19,21,41,170,320,340,1300,1300,1300,2289,0,10,27.83641576324091,1.778690959326923,1257.727513089776,54.222367846221054
1774611926,10,POST,/api/chains/{id}/deactivate,12.900000,0.000000,5,7,9,10,13,20,21,190,200,200,200,2288,0,5,10.448896856811647,1.8003659788519144,1250.2088609617203,61.38811188811189
1774611926,10,POST,/api/plugins/batch/parameters (500 updates),8.800000,0.000000,22,30,48,86,210,320,1300,1300,1300,1300,1300,1507,0,19,69.14100331249978,5.447239032946527,1365.1708320248872,866.6177836761779
1774611926,10,GET,/api/plugins/discover,0.000000,0.000000,0,0,0,0,0,0,0,0,0,0,0,64,0,28,37.74846755004546,12.908800039440393,155.31902690418065,89708.0
1774611926,10,GET,/api/plugins/list,0.000000,0.000000,0,0,0,0,0,0,0,0,0,0,0,64,0,11,26.758709516798262,1.6044959193095565,192.37323594279587,72.953125
1774611926,10,POST,/api/plugins/load?uri,4.100000,0.000000,8,13,19,33,170,250,320,320,320,320,320,778,0,9,27.54131059526229,1.882247976027429,1256.7783229751512,2371.438303341902
1774611926,10,POST,/api/plugins/unload?uri,4.100000,0.000000,6,11,13,15,18,19,120,120,120,120,120,778,0,6,11.500895818052598,1.7988779582083225,222.2753749229014,127.41773778920309
1774611926,10,,Aggregated,108.300000,0.000000,8,15,20,22,110,170,270,340,1300,1300,1300,20096,0,9,36.418492431357954,1.5001400606706738,1365.1708320248872,612.4612858280254
1774611927,10,GET,/api/audio/latency,15.100000,0.000000,6,17,19,22,35,150,230,320,320,320,320,3091,0,8,24.689077215764247,1.5001400606706738,1326.6441239975393,33.042057586541574
1774611927,10,GET,/api/audio/levels,14.900000,0.000000,10,20,58,79,140,200,310,1200,1300,1300,1300,3091,0,10,64.02266335732986,1.5493860701099038,1309.4227639958262,77.03752830799094
1774611927,10,GET,/api/audio/levels (during plugin swap),4.000000,0.000000,7,13,65,120,150,160,180,180,180,180,180,780,0,10,70.74468605151662,1.5721969539299607,1298.7376680830494,77.06666666666666
1774611927,10,GET,/api/audio/levels/plugins,4.100000,0.000000,7,11,16,16,17,20,120,120,120,120,120,780,0,6,14.50193184069716,1.5065419720485806,1342.3058059997857,20.533333333333335
1774611927,10,GET,/api/audio/status,12.000000,0.000000,4,8,11,12,17,22,23,26,120,120,120,2306,0,5,10.700916068233447,1.52726995293051,279.1874229442328,303.0225498699046
1774611927,10,GET,/api/chains/,0.000000,0.000000,0,0,0,0,0,0,0,0,0,0,0,64,0,13,44.4865199533524,2.089375047944486,302.3143840255216,1478.296875
1774611927,10,GET,/api/chains/{id},11.400000,0.000000,9,16,24,76,140,190,1100,1100,1200,1200,1200,2306,0,10,60.15364749626485,1.9238220993429422,1318.3924700133502,806.489158716392
1774611927,10,POST,/api/chains/{id}/activate,12.000000,0.000000,10,16,18,20,35,88,320,340,1300,1300,1300,2306,0,10,27.734783573646798,1.778690959326923,1257.727513089776,54.221595836947095
1774611927,10,POST,/api/chains/{id}/deactivate,12.000000,0.000000,5,7,8,10,15,20,24,190,200,200,200,2305,0,5,10.417278828867055,1.8003659788519144,1250.2088609617203,61.38177874186551
1774611927,10,POST,/api/plugins/batch/parameters (500 updates),8.400000,0.000000,19,26,43,79,210,320,1300,1300,1300,1300,1300,1519,0,19,68.7662800833757,5.447239032946527,1365.1708320248872,866.6635944700461
1774611927,10,GET,/api/plugins/discover,0.000000,0.000000,0,0,0,0,0,0,0,0,0,0,0,64,0,28,37.74846755004546,12.908800039440393,155.31902690418065,89708.0
1774611927,10,GET,/api/plugins/list,0.000000,0.000000,0,0,0,0,0,0,0,0,0,0,0,64,0,11,26.758709516798262,1.6044959193095565,192.37323594279587,72.953125
1774611927,10,POST,/api/plugins/load?uri,4.100000,0.000000,7,13,19,23,160,230,320,320,320,320,320,780,0,9,27.47960583223269,1.882247976027429,1256.7783229751512,2371.4474358974358
1774611927,10,POST,/api/plugins/unload?uri,4.100000,0.000000,6,12,14,15,18,19,120,120,120,120,120,780,0,6,11.517934303265065,1.7988779582083225,222.2753749229014,127.4
1774611927,10,,Aggregated,102.100000,0.000000,7,14,18,21,81,160,270,340,1300,1300,1300,20236,0,9,36.26748723216497,1.5001400606706738,1365.1708320248872,610.17953152797
1774611928,10,GET,/api/audio/latency,16.400000,0.000000,6,17,19,22,37,150,230,320,320,320,320,3107,0,8,24.74549199710173,1.5001400606706738,1326.6441239975393,33.0418410041841
1774611928,10,GET,/api/audio/levels,16.400000,0.000000,11,22,74,100,150,200,310,1200,1300,1300,1300,3107,0,10,64.0863675881842,1.5493860701099038,1309.4227639958262,77.0376569037657
1774611928,10,GET,/api/audio/levels (during plugin swap),4.400000,0.000000,7,13,18,65,140,160,210,210,210,210,210,785,0,11,70.84550477481287,1.5721969539299607,1298.7376680830494,77.07388535031848
1774611928,10,GET,/api/audio/levels/plugins,4.400000,0.000000,6,10,15,16,17,20,120,120,120,120,120,785,0,6,14.46021892053259,1.5065419720485806,1342.3058059997857,20.54140127388535
1774611928,10,GET,/api/audio/status,11.900000,0.000000,5,8,11,13,17,22,23,26,120,120,120,2313,0,5,10.699724160520125,1.52726995293051,279.1874229442328,303.0224816255945
1774611928,10,GET,/api/chains/,0.000000,0.000000,0,0,0,0,0,0,0,0,0,0,0,64,0,13,44.4865199533524,2.089375047944486,302.3143840255216,1478.296875
1774611928,10,GET,/api/chains/{id},11.900000,0.000000,9,21,71,85,160,190,1100,1100,1200,1200,1200,2313,0,10,60.214760280735675,1.9238220993429422,1318.3924700133502,806.4565499351492
1774611928,10,POST,/api/chains/{id}/activate,11.900000,0.000000,12,18,19,25,41,150,320,340,1300,1300,1300,2313,0,10,27.754676841735723,1.778690959326923,1257.727513089776,54.21746649373109
1774611928,10,POST,/api/chains/{id}/deactivate,11.900000,0.000000,5,7,8,10,15,20,24,190,200,200,200,2313,0,5,10.408927565265383,1.8003659788519144,1250.2088609617203,61.37310851707739
1774611928,10,POST,/api/plugins/batch/parameters (500 updates),8.800000,0.000000,22,31,51,86,210,320,1300,1300,1300,1300,1300,1530,0,19,68.80379017348115,5.447239032946527,1365.1708320248872,866.6915032679739
1774611928,10,GET,/api/plugins/discover,0.000000,0.000000,0,0,0,0,0,0,0,0,0,0,0,64,0,28,37.74846755004546,12.908800039440393,155.31902690418065,89708.0
1774611928,10,GET,/api/plugins/list,0.000000,0.000000,0,0,0,0,0,0,0,0,0,0,0,64,0,11,26.758709516798262,1.6044959193095565,192.37323594279587,72.953125
1774611928,10,POST,/api/plugins/load?uri,4.400000,0.000000,7,12,16,19,31,230,320,320,320,320,320,785,0,9,27.408227255081485,1.882247976027429,1256.7783229751512,2375.0050955414013
1774611928,10,POST,/api/plugins/unload?uri,4.400000,0.000000,5,11,12,15,18,19,120,120,120,120,120,785,0,6,11.464290162489103,1.7988779582083225,222.2753749229014,127.3859872611465
1774611928,10,,Aggregated,106.800000,0.000000,8,15,19,24,100,170,270,340,1300,1300,1300,20328,0,9,36.30576161382622,1.5001400606706738,1365.1708320248872,609.1714876033058
1774611929,10,GET,/api/audio/latency,16.900000,0.000000,5,17,19,21,37,150,230,320,320,320,320,3125,0,8,24.645288312621414,1.5001400606706738,1326.6441239975393,33.0416
1774611929,10,GET,/api/audio/levels,16.900000,0.000000,9,20,59,80,140,180,220,270,310,310,310,3125,0,10,63.77324539344758,1.5493860701099038,1309.4227639958262,77.02272
1774611929,10,GET,/api/audio/levels (during plugin swap),3.800000,0.000000,8,13,18,21,140,160,210,210,210,210,210,790,0,10,70.46854939795088,1.5721969539299607,1298.7376680830494,77.08101265822785
1774611929,10,GET,/api/audio/levels/plugins,3.900000,0.000000,6,10,15,16,17,20,120,120,120,120,120,790,0,6,14.431474466301218,1.5065419720485806,1342.3058059997857,20.53291139240506
1774611929,10,GET,/api/audio/status,12.000000,0.000000,5,9,11,12,17,21,23,26,120,120,120,2328,0,5,10.668611533510182,1.52726995293051,279.1874229442328,303.0223367697595
1774611929,10,GET,/api/chains/,0.000000,0.000000,0,0,0,0,0,0,0,0,0,0,0,64,0,13,44.4865199533524,2.089375047944486,302.3143840255216,1478.296875
1774611929,10,GET,/api/chains/{id},11.900000,0.000000,8,16,26,71,130,160,190,210,230,230,230,2328,0,10,59.88322669292938,1.9238220993429422,1318.3924700133502,806.6554982817869
1774611929,10,POST,/api/chains/{id}/activate,12.000000,0.000000,10,18,19,21,35,46,320,320,340,340,340,2328,0,10,27.644682414565697,1.778690959326923,1257.727513089776,54.22250859106529
1774611929,10,POST,/api/chains/{id}/deactivate,12.000000,0.000000,5,7,8,10,16,20,24,190,200,200,200,2327,0,5,10.393171281682678,1.8003659788519144,1250.2088609617203,61.37688010313709
1774611929,10,POST,/api/plugins/batch/parameters (500 updates),7.600000,0.000000,19,29,45,51,170,220,320,320,320,320,320,1537,0,19,68.54510439390761,5.447239032946527,1365.1708320248872,866.7631750162654
1774611929,10,GET,/api/plugins/discover,0.000000,0.000000,0,0,0,0,0,0,0,0,0,0,0,64,0,28,37.74846755004546,12.908800039440393,155.31902690418065,89708.0
1774611929,10,GET,/api/plugins/list,0.000000,0.000000,0,0,0,0,0,0,0,0,0,0,0,64,0,11,26.758709516798262,1.6044959193095565,192.37323594279587,72.953125
1774611929,10,POST,/api/plugins/load?uri,3.900000,0.000000,8,12,16,19,31,230,320,320,320,320,320,790,0,9,27.309546358529715,1.882247976027429,1256.7783229751512,2370.2569620253166
1774611929,10,POST,/api/plugins/unload?uri,3.900000,0.000000,5,7,11,14,18,19,120,120,120,120,120,790,0,6,11.421456056369964,1.7988779582083225,222.2753749229014,127.39367088607595
1774611929,10,,Aggregated,104.800000,0.000000,7,14,18,21,80,150,210,250,320,340,340,20450,0,9,36.14143082051149,1.5001400606706738,1365.1708320248872,607.3056723716381
1774611930,10,GET,/api/audio/latency,16.900000,0.000000,5,16,19,22,37,150,230,320,320,320,320,3125,0,8,24.645288312621414,1.5001400606706738,1326.6441239975393,33.0416
1774611930,10,GET,/api/audio/levels,16.900000,0.000000,9,19,59,79,140,180,220,270,310,310,310,3125,0,10,63.77324539344758,1.5493860701099038,1309.4227639958262,77.02272
1774611930,10,GET,/api/audio/levels (during plugin swap),3.800000,0.000000,8,13,15,19,130,190,210,210,210,210,210,790,0,10,70.46854939795088,1.5721969539299607,1298.7376680830494,77.08101265822785
1774611930,10,GET,/api/audio/levels/plugins,3.900000,0.000000,6,10,14,16,17,25,120,120,120,120,120,790,0,6,14.431474466301218,1.5065419720485806,1342.3058059997857,20.53291139240506
1774611930,10,GET,/api/audio/status,12.000000,0.000000,4,8,11,12,17,21,23,26,120,120,120,2328,0,5,10.668611533510182,1.52726995293051,279.1874229442328,303.0223367697595
1774611930,10,GET,/api/chains/,0.000000,0.000000,0,0,0,0,0,0,0,0,0,0,0,64,0,13,44.4865199533524,2.089375047944486,302.3143840255216,1478.296875
1774611930,10,GET,/api/chains/{id},11.900000,0.000000,8,16,24,40,130,160,180,190,230,230,230,2328,0,10,59.88322669292938,1.9238220993429422,1318.3924700133502,806.6554982817869
1774611930,10,POST,/api/chains/{id}/activate,12.000000,0.000000,10,18,19,21,35,88,320,320,340,340,340,2328,0,10,27.644682414565697,1.778690959326923,1257.727513089776,54.22250859106529
1774611930,10,POST,/api/chains/{id}/deactivate,12.000000,0.000000,5,7,8,10,17,20,21,24,200,200,200,2327,0,5,10.393171281682678,1.8003659788519144,1250.2088609617203,61.37688010313709
1774611930,10,POST,/api/plugins/batch/parameters (500 updates),7.600000,0.000000,17,26,34,48,140,210,320,320,320,320,320,1537,0,19,68.54510439390761,5.447239032946527,1365.1708320248872,866.7631750162654
1774611930,10,GET,/api/plugins/discover,0.000000,0.000000,0,0,0,0,0,0,0,0,0,0,0,64,0,28,37.74846755004546,12.908800039440393,155.31902690418065,89708.0
1774611930,10,GET,/api/plugins/list,0.000000,0.000000,0,0,0,0,0,0,0,0,0,0,0,64,0,11,26.758709516798262,1.6044959193095565,192.37323594279587,72.953125
1774611930,10,POST,/api/plugins/load?uri,3.900000,0.000000,8,12,13,18,33,250,320,320,320,320,320,790,0,9,27.309546358529715,1.882247976027429,1256.7783229751512,2370.2569620253166
1774611930,10,POST,/api/plugins/unload?uri,3.900000,0.000000,5,10,11,17,19,19,120,120,120,120,120,790,0,6,11.421456056369964,1.7988779582083225,222.2753749229014,127.39367088607595
1774611930,10,,Aggregated,104.800000,0.000000,7,14,18,21,74,150,210,270,320,340,340,20450,0,9,36.14143082051149,1.5001400606706738,1365.1708320248872,607.3056723716381
1774611931,10,GET,/api/audio/latency,18.200000,0.000000,6,17,19,22,120,160,230,320,320,320,320,3135,0,8,24.805139558853217,1.5001400606706738,1326.6441239975393,33.0414673046252
1774611931,10,GET,/api/audio/levels,18.200000,0.000000,12,22,72,100,170,220,280,1200,1200,1200,1200,3135,0,10,64.73169556033146,1.5493860701099038,1309.4227639958262,77.03062200956938
1774611931,10,GET,/api/audio/levels (during plugin swap),4.100000,0.000000,10,15,19,65,160,210,210,210,210,210,210,791,0,11,70.64348670719345,1.5721969539299607,1298.7376680830494,77.09228824273072
1774611931,10,GET,/api/audio/levels/plugins,4.100000,0.000000,6,11,15,16,17,25,120,120,120,120,120,791,0,6,14.438390542838992,1.5065419720485806,1342.3058059997857,20.54108723135272
1774611931,10,GET,/api/audio/status,11.500000,0.000000,5,10,12,14,20,22,26,120,140,140,140,2339,0,5,10.723056535659794,1.52726995293051,279.1874229442328,303.0222317229585
1774611931,10,GET,/api/chains/,0.000000,0.000000,0,0,0,0,0,0,0,0,0,0,0,64,0,13,44.4865199533524,2.089375047944486,302.3143840255216,1478.296875
1774611931,10,GET,/api/chains/{id},11.400000,0.000000,11,24,71,100,180,270,1100,1100,1300,1300,1300,2339,0,10,61.69323821126254,1.9238220993429422,1318.3924700133502,806.6250534416417
1774611931,10,POST,/api/chains/{id}/activate,11.500000,0.000000,12,18,20,25,88,260,320,320,340,340,340,2339,0,10,28.01373808596135,1.778690959326923,1257.727513089776,54.2176143651133
1774611931,10,POST,/api/chains/{id}/deactivate,11.500000,0.000000,5,9,12,15,20,24,27,200,1300,1300,1300,2339,0,5,10.964756185394346,1.8003659788519144,1286.3739950116724,61.36938862761864
1774611931,10,POST,/api/plugins/batch/parameters (500 updates),8.300000,0.000000,22,31,51,81,210,1100,1200,1300,1300,1300,1300,1544,0,19,71.43992673013953,5.447239032946527,1365.1708320248872,866.770725388601
1774611931,10,GET,/api/plugins/discover,0.000000,0.000000,0,0,0,0,0,0,0,0,0,0,0,64,0,28,37.74846755004546,12.908800039440393,155.31902690418065,89708.0
1774611931,10,GET,/api/plugins/list,0.000000,0.000000,0,0,0,0,0,0,0,0,0,0,0,64,0,11,26.758709516798262,1.6044959193095565,192.37323594279587,72.953125
1774611931,10,POST,/api/plugins/load?uri,4.100000,0.000000,10,13,18,29,230,250,320,320,320,320,320,791,0,9,27.566663923234163,1.882247976027429,1256.7783229751512,2368.188369152971
1774611931,10,POST,/api/plugins/unload?uri,4.100000,0.000000,5,10,14,17,19,27,120,120,120,120,120,791,0,6,11.440557924861043,1.7988779582083225,222.2753749229014,127.3944374209861
1774611931,10,,Aggregated,107.000000,0.000000,9,16,20,26,130,210,310,1100,1300,1300,1300,20526,0,9,36.864645351244434,1.5001400606706738,1365.1708320248872,606.1102504141089
1774611932,10,GET,/api/audio/latency,19.000000,0.000000,5,13,18,20,37,150,230,320,320,320,320,3153,0,8,24.69668837170841,1.5001400606706738,1326.6441239975393,33.041230574056456
1774611932,10,GET,/api/audio/levels,19.000000,0.000000,11,19,52,74,150,220,280,1200,1200,1200,1200,3153,0,10,64.43116907214954,1.5493860701099038,1309.4227639958262,77.01998097050428
1774611932,10,GET,/api/audio/levels (during plugin swap),4.600000,0.000000,11,14,19,23,160,210,210,210,210,210,210,802,0,10,69.78308144585807,1.5721969539299607,1298.7376680830494,77.08478802992519
1774611932,10,GET,/api/audio/levels/plugins,4.600000,0.000000,6,12,15,16,18,23,120,120,120,120,120,802,0,6,14.353920122814083,1.5065419720485806,1342.3058059997857,20.51620947630923
1774611932,10,GET,/api/audio/status,12.300000,0.000000,6,10,12,14,20,23,26,120,140,140,140,2355,0,5,10.707579357470454,1.52726995293051,279.1874229442328,303.0220806794055
1774611932,10,GET,/api/chains/,0.000000,0.000000,0,0,0,0,0,0,0,0,0,0,0,64,0,13,44.4865199533524,2.089375047944486,302.3143840255216,1478.296875
1774611932,10,GET,/api/chains/{id},12.300000,0.000000,9,18,55,85,170,270,1100,1100,1300,1300,1300,2355,0,10,61.30822920967131,1.9238220993429422,1318.3924700133502,806.783864118896
1774611932,10,POST,/api/chains/{id}/activate,12.300000,0.000000,9,18,19,25,46,260,320,320,340,340,340,2355,0,10,27.856159465379555,1.778690959326923,1257.727513089776,54.21443736730361
1774611932,10,POST,/api/chains/{id}/deactivate,12.200000,0.000000,5,8,12,13,20,25,27,200,1300,1300,1300,2355,0,5,10.937606675042169,1.8003659788519144,1286.3739950116724,61.37367303609342
1774611932,10,POST,/api/plugins/batch/parameters (500 updates),8.700000,0.000000,19,28,43,51,210,1100,1200,1300,1300,1300,1300,1553,0,19,71.10762636137362,5.447239032946527,1365.1708320248872,866.6632324533161
1774611932,10,GET,/api/plugins/discover,0.000000,0.000000,0,0,0,0,0,0,0,0,0,0,0,64,0,28,37.74846755004546,12.908800039440393,155.31902690418065,89708.0
1774611932,10,GET,/api/plugins/list,0.000000,0.000000,0,0,0,0,0,0,0,0,0,0,0,64,0,11,26.758709516798262,1.6044959193095565,192.37323594279587,72.953125
1774611932,10,POST,/api/plugins/load?uri,4.600000,0.000000,10,12,19,29,230,250,320,320,320,320,320,802,0,9,27.339023328328185,1.882247976027429,1256.7783229751512,2377.501246882793
1774611932,10,POST,/api/plugins/unload?uri,4.600000,0.000000,5,10,11,16,19,19,120,120,120,120,120,802,0,6,11.372969160088688,1.7988779582083225,222.2753749229014,127.4002493765586
1774611932,10,,Aggregated,114.200000,0.000000,8,14,19,22,91,200,280,340,1300,1300,1300,20679,0,9,36.651062263121396,1.5001400606706738,1365.1708320248872,604.7948643551429
1774611933,10,GET,/api/audio/latency,17.600000,0.000000,10,19,20,24,120,170,230,320,320,320,320,3172,0,8,24.846683142445148,1.5001400606706738,1326.6441239975393,33.040983606557376
1774611933,10,GET,/api/audio/levels,17.600000,0.000000,14,52,84,120,180,220,280,1200,1200,1200,1200,3172,0,10,64.664951216093,1.5493860701099038,1309.4227639958262,77.0327868852459
1774611933,10,GET,/api/audio/levels (during plugin swap),3.800000,0.000000,10,13,18,21,160,210,210,210,210,210,210,804,0,10,69.62161910643718,1.5721969539299607,1298.7376680830494,77.07462686567165
1774611933,10,GET,/api/audio/levels/plugins,3.800000,0.000000,8,12,16,16,20,25,120,120,120,120,120,803,0,6,14.338249671777449,1.5065419720485806,1342.3058059997857,20.52428393524284
1774611933,10,GET,/api/audio/status,11.400000,0.000000,8,11,13,15,21,24,26,120,140,140,140,2367,0,5,10.715000544903688,1.52726995293051,279.1874229442328,303.02196873679765
1774611933,10,GET,/api/chains/,0.000000,0.000000,0,0,0,0,0,0,0,0,0,0,0,64,0,13,44.4865199533524,2.089375047944486,302.3143840255216,1478.296875
1774611933,10,GET,/api/chains/{id},11.400000,0.000000,11,26,85,130,180,270,1100,1100,1300,1300,1300,2368,0,10,61.42625820673955,1.9238220993429422,1318.3924700133502,806.7533783783783
1774611933,10,POST,/api/chains/{id}/activate,11.400000,0.000000,13,18,25,27,150,260,320,320,340,340,340,2368,0,10,27.98821739270352,1.778690959326923,1257.727513089776,54.2039695945946
1774611933,10,POST,/api/chains/{id}/deactivate,11.400000,0.000000,6,10,12,15,20,25,27,200,1300,1300,1300,2366,0,5,10.915843327519887,1.8003659788519144,1286.3739950116724,61.37658495350803
1774611933,10,POST,/api/plugins/batch/parameters (500 updates),8.300000,0.000000,22,31,51,100,220,1100,1200,1300,1300,1300,1300,1556,0,19,71.22127304566189,5.447239032946527,1365.1708320248872,866.6471722365038
1774611933,10,GET,/api/plugins/discover,0.000000,0.000000,0,0,0,0,0,0,0,0,0,0,0,64,0,28,37.74846755004546,12.908800039440393,155.31902690418065,89708.0
1774611933,10,GET,/api/plugins/list,0.000000,0.000000,0,0,0,0,0,0,0,0,0,0,0,64,0,11,26.758709516798262,1.6044959193095565,192.37323594279587,72.953125
1774611933,10,POST,/api/plugins/load?uri,3.800000,0.000000,8,12,19,29,230,250,320,320,320,320,320,803,0,9,27.30852605268744,1.882247976027429,1256.7783229751512,2378.4968866749687
1774611933,10,POST,/api/plugins/unload?uri,3.800000,0.000000,6,10,14,17,19,27,120,120,120,120,120,803,0,6,11.361093610753613,1.7988779582083225,222.2753749229014,127.40224159402241
1774611933,10,,Aggregated,104.300000,0.000000,10,17,21,27,130,200,310,1100,1300,1300,1300,20774,0,9,36.737781472685164,1.5001400606706738,1365.1708320248872,603.1651102339463
1774611934,10,GET,/api/audio/latency,17.100000,0.000000,8,17,19,20,33,150,160,220,230,230,230,3202,0,8,24.69882226652634,1.4929859898984432,1326.6441239975393,33.04059962523423
1774611934,10,GET,/api/audio/levels,17.100000,0.000000,11,17,59,80,150,190,270,1200,1200,1200,1200,3202,0,10,64.12647724561573,1.5448828926309943,1309.4227639958262,77.00718301061836
1774611934,10,GET,/api/audio/levels (during plugin swap),3.400000,0.000000,10,12,15,17,23,190,210,210,210,210,210,809,0,10,69.24857678955561,1.5721969539299607,1298.7376680830494,77.0655129789864
1774611934,10,GET,/api/audio/levels/plugins,3.400000,0.000000,6,11,15,16,18,23,30,30,30,30,30,809,0,6,14.292629266287832,1.5065419720485806,1342.3058059997857,20.508034610630407
1774611934,10,GET,/api/audio/status,10.800000,0.000000,8,11,12,14,20,23,25,26,140,140,140,2383,0,5,10.687450011875566,1.52726995293051,279.1874229442328,303.021821233739
1774611934,10,GET,/api/chains/,0.000000,0.000000,0,0,0,0,0,0,0,0,0,0,0,64,0,13,44.4865199533524,2.089375047944486,302.3143840255216,1478.296875
1774611934,10,GET,/api/chains/{id},10.800000,0.000000,11,21,40,96,160,190,1100,1100,1300,1300,1300,2383,0,10,61.09861727600524,1.9238220993429422,1318.3924700133502,806.6504406210659
1774611934,10,POST,/api/chains/{id}/activate,10.800000,0.000000,9,17,20,24,35,160,230,260,270,270,270,2383,0,10,27.848733308835662,1.778690959326923,1257.727513089776,54.20898027696181
1774611934,10,POST,/api/chains/{id}/deactivate,10.800000,0.000000,6,10,13,15,20,25,29,200,1300,1300,1300,2382,0,5,10.890192732906577,1.7843160312622786,1286.3739950116724,61.38077246011755
1774611934,10,POST,/api/plugins/batch/parameters (500 updates),7.800000,0.000000,17,26,31,51,140,1100,1200,1300,1300,1300,1300,1568,0,19,70.77341123807187,5.447239032946527,1365.1708320248872,866.6147959183673
1774611934,10,GET,/api/plugins/discover,0.000000,0.000000,0,0,0,0,0,0,0,0,0,0,0,64,0,28,37.74846755004546,12.908800039440393,155.31902690418065,89708.0
1774611934,10,GET,/api/plugins/list,0.000000,0.000000,0,0,0,0,0,0,0,0,0,0,0,64,0,11,26.758709516798262,1.6044959193095565,192.37323594279587,72.953125
1774611934,10,POST,/api/plugins/load?uri,3.400000,0.000000,7,11,12,16,29,33,230,230,230,230,230,809,0,8,27.141013984368108,1.882247976027429,1256.7783229751512,2373.9765142150804
1774611934,10,POST,/api/plugins/unload?uri,3.400000,0.000000,5,7,11,11,17,19,27,27,27,27,27,808,0,6,11.313055047769984,1.7988779582083225,222.2753749229014,127.37376237623762
1774611934,10,,Aggregated,98.800000,0.000000,9,14,19,22,69,160,220,280,1300,1300,1300,20930,0,9,36.52269220598931,1.4929859898984432,1365.1708320248872,600.7623984710941
1774611935,10,GET,/api/audio/latency,16.500000,0.000000,10,19,21,26,120,160,180,220,230,230,230,3213,0,8,24.915702825579114,1.4929859898984432,1326.6441239975393,33.040460628695925
1774611935,10,GET,/api/audio/levels,16.500000,0.000000,15,55,84,110,150,190,270,1200,1200,1200,1200,3213,0,10,64.28611414551091,1.5448828926309943,1309.4227639958262,77.02583255524432
1774611935,10,GET,/api/audio/levels (during plugin swap),4.000000,0.000000,11,17,23,65,190,210,210,210,210,210,210,814,0,10,69.60023671339428,1.5721969539299607,1298.7376680830494,77.07248157248158
1774611935,10,GET,/api/audio/levels/plugins,4.100000,0.000000,7,11,12,16,20,25,30,30,30,30,30,814,0,6,14.260133409744508,1.5065419720485806,1342.3058059997857,20.547911547911546
1774611935,10,GET,/api/audio/status,11.500000,0.000000,8,12,13,15,21,24,25,26,140,140,140,2385,0,5,10.689931185877017,1.52726995293051,279.1874229442328,303.0218029350105
1774611935,10,GET,/api/chains/,0.000000,0.000000,0,0,0,0,0,0,0,0,0,0,0,64,0,13,44.4865199533524,2.089375047944486,302.3143840255216,1478.296875
1774611935,10,GET,/api/chains/{id},11.500000,0.000000,13,24,85,130,180,270,1100,1100,1300,1300,1300,2385,0,10,61.147751448094155,1.9238220993429422,1318.3924700133502,806.651572327044
1774611935,10,POST,/api/chains/{id}/activate,11.600000,0.000000,9,18,23,25,43,160,230,260,270,270,270,2385,0,10,27.841580126178794,1.778690959326923,1257.727513089776,54.20335429769392
1774611935,10,POST,/api/chains/{id}/deactivate,11.300000,0.000000,6,11,13,15,20,25,190,200,1300,1300,1300,2385,0,5,10.963035499641919,1.7843160312622786,1286.3739950116724,61.37106918238994
1774611935,10,POST,/api/plugins/batch/parameters (500 updates),7.700000,0.000000,20,34,79,100,160,1100,1200,1300,1300,1300,1300,1577,0,19,70.85835757962391,5.447239032946527,1365.1708320248872,866.6188966391883
1774611935,10,GET,/api/plugins/discover,0.000000,0.000000,0,0,0,0,0,0,0,0,0,0,0,64,0,28,37.74846755004546,12.908800039440393,155.31902690418065,89708.0
1774611935,10,GET,/api/plugins/list,0.000000,0.000000,0,0,0,0,0,0,0,0,0,0,0,64,0,11,26.758709516798262,1.6044959193095565,192.37323594279587,72.953125
1774611935,10,POST,/api/plugins/load?uri,4.000000,0.000000,10,16,23,29,52,180,230,230,230,230,230,814,0,9,27.511865492962777,1.882247976027429,1256.7783229751512,2366.8968058968057
1774611935,10,POST,/api/plugins/unload?uri,4.100000,0.000000,5,8,11,11,19,27,190,190,190,190,190,814,0,6,11.533416024207867,1.7988779582083225,222.2753749229014,127.3980343980344
1774611935,10,,Aggregated,102.800000,0.000000,10,17,22,28,130,180,230,1100,1300,1300,1300,20991,0,9,36.64674128080069,1.4929859898984432,1365.1708320248872,599.9203468153017
1774611936,10,GET,/api/audio/latency,16.100000,0.000000,8,17,20,21,45,160,180,220,230,230,230,3234,0,8,24.816874155177732,1.4929859898984432,1326.6441239975393,33.040197897340754
1774611936,10,GET,/api/audio/levels,16.200000,0.000000,11,18,61,89,150,180,270,1200,1200,1200,1200,3234,0,10,63.95899114550605,1.5448828926309943,1309.4227639958262,77.02380952380952
1774611936,10,GET,/api/audio/levels (during plugin swap),4.100000,0.000000,10,15,21,42,160,190,210,210,210,210,210,821,0,10,69.1573521156084,1.5721969539299607,1298.7376680830494,77.05359317904994
1774611936,10,GET,/api/audio/levels/plugins,4.200000,0.000000,4,8,11,12,18,23,30,30,30,30,30,821,0,6,14.164768093312102,1.5065419720485806,1342.3058059997857,20.53958587088916
1774611936,10,GET,/api/audio/status,11.300000,0.000000,8,11,13,14,20,24,25,26,140,140,140,2404,0,5,10.660391934905604,1.52726995293051,279.1874229442328,303.0216306156406
1774611936,10,GET,/api/chains/,0.000000,0.000000,0,0,0,0,0,0,0,0,0,0,0,64,0,13,44.4865199533524,2.089375047944486,302.3143840255216,1478.296875
1774611936,10,GET,/api/chains/{id},10.900000,0.000000,10,15,24,55,160,270,1100,1100,1300,1300,1300,2404,0,10,60.744979578134654,1.9238220993429422,1318.3924700133502,806.7728785357737
1774611936,10,POST,/api/chains/{id}/activate,11.300000,0.000000,8,15,20,23,35,160,230,260,270,270,270,2404,0,10,27.699424745021048,1.778690959326923,1257.727513089776,54.20757071547421
1774611936,10,POST,/api/chains/{id}/deactivate,11.300000,0.000000,5,8,12,13,18,25,29,190,1300,1300,1300,2403,0,5,10.918260050187204,1.7843160312622786,1286.3739950116724,61.37578027465668
1774611936,10,POST,/api/plugins/batch/parameters (500 updates),7.100000,0.000000,16,28,56,100,140,220,1200,1300,1300,1300,1300,1591,0,19,70.4767105322083,5.447239032946527,1365.1708320248872,866.1627906976744
1774611936,10,GET,/api/plugins/discover,0.000000,0.000000,0,0,0,0,0,0,0,0,0,0,0,64,0,28,37.74846755004546,12.908800039440393,155.31902690418065,89708.0
1774611936,10,GET,/api/plugins/list,0.000000,0.000000,0,0,0,0,0,0,0,0,0,0,0,64,0,11,26.758709516798262,1.6044959193095565,192.37323594279587,72.953125
1774611936,10,POST,/api/plugins/load?uri,4.200000,0.000000,7,12,19,23,32,180,230,230,230,230,230,821,0,9,27.35081768478976,1.882247976027429,1256.7783229751512,2367.925700365408
1774611936,10,POST,/api/plugins/unload?uri,4.200000,0.000000,5,8,11,11,16,19,190,190,190,190,190,821,0,6,11.483259607405923,1.7988779582083225,222.2753749229014,127.34470158343484
1774611936,10,,Aggregated,100.900000,0.000000,8,14,18,22,100,160,230,280,1300,1300,1300,21150,0,9,36.452952184484296,1.4929859898984432,1365.1708320248872,598.0658156028369
1774611937,10,GET,/api/audio/latency,17.500000,0.000000,10,19,20,24,120,160,180,220,230,230,230,3250,0,8,24.83042208581733,1.4929859898984432,1326.6441239975393,33.04
1774611937,10,GET,/api/audio/levels,17.500000,0.000000,15,59,97,130,160,190,270,1200,1200,1200,1200,3250,0,11,64.10405618672331,1.5448828926309943,1309.4227639958262,77.032
1774611937,10,GET,/api/audio/levels (during plugin swap),4.200000,0.000000,10,16,23,88,160,190,210,210,210,210,210,825,0,10,69.04839415738189,1.5721969539299607,1298.7376680830494,77.04969696969697
1774611937,10,GET,/api/audio/levels/plugins,4.200000,0.000000,5,9,12,14,20,23,30,30,30,30,30,825,0,6,14.154887142675845,1.5065419720485806,1342.3058059997857,20.555151515151515
1774611937,10,GET,/api/audio/status,12.100000,0.000000,8,12,13,15,20,22,25,25,140,140,140,2415,0,5,10.67655728435757,1.52726995293051,279.1874229442328,303.0215320910973
1774611937,10,GET,/api/chains/,0.000000,0.000000,0,0,0,0,0,0,0,0,0,0,0,64,0,13,44.4865199533524,2.089375047944486,302.3143840255216,1478.296875
1774611937,10,GET,/api/chains/{id},12.100000,0.000000,11,21,69,120,160,270,1100,1100,1300,1300,1300,2415,0,10,60.86473761899609,1.9238220993429422,1318.3924700133502,806.8149068322981
1774611937,10,POST,/api/chains/{id}/activate,12.100000,0.000000,9,18,23,27,140,160,230,260,270,270,270,2415,0,10,27.819786534073916,1.778690959326923,1257.727513089776,54.192546583850934
1774611937,10,POST,/api/chains/{id}/deactivate,12.000000,0.000000,6,10,12,14,21,25,66,190,1300,1300,1300,2415,0,5,10.935765494280119,1.7843160312622786,1286.3739950116724,61.37888198757764
1774611937,10,POST,/api/plugins/batch/parameters (500 updates),7.500000,0.000000,17,49,87,110,150,1100,1200,1300,1300,1300,1300,1595,0,19,70.44735655281984,5.447239032946527,1365.1708320248872,866.0620689655173
1774611937,10,GET,/api/plugins/discover,0.000000,0.000000,0,0,0,0,0,0,0,0,0,0,0,64,0,28,37.74846755004546,12.908800039440393,155.31902690418065,89708.0
1774611937,10,GET,/api/plugins/list,0.000000,0.000000,0,0,0,0,0,0,0,0,0,0,0,64,0,11,26.758709516798262,1.6044959193095565,192.37323594279587,72.953125
1774611937,10,POST,/api/plugins/load?uri,4.200000,0.000000,10,15,23,27,32,180,230,230,230,230,230,825,0,9,27.311406860720705,1.882247976027429,1256.7783229751512,2381.509090909091
1774611937,10,POST,/api/plugins/unload?uri,4.100000,0.000000,6,8,10,11,13,16,190,190,190,190,190,825,0,6,11.477998129487263,1.7988779582083225,222.2753749229014,127.35030303030302
1774611937,10,,Aggregated,107.500000,0.000000,10,16,21,27,130,170,230,1100,1300,1300,1300,21247,0,9,36.493953792363186,1.4929859898984432,1365.1708320248872,597.2319856920977
1774611938,10,GET,/api/audio/latency,16.500000,0.000000,9,18,20,22,35,160,180,220,230,230,230,3275,0,8,24.710381595090826,1.4929859898984432,1326.6441239975393,33.03969465648855
1774611938,10,GET,/api/audio/levels,16.700000,0.000000,12,33,69,96,140,190,270,1200,1200,1200,1200,3275,0,10,63.69056998862252,1.5448828926309943,1309.4227639958262,77.02106870229008
1774611938,10,GET,/api/audio/levels (during plugin swap),4.000000,0.000000,10,14,20,42,150,160,210,210,210,210,210,830,0,10,68.72210164921897,1.5721969539299607,1298.7376680830494,77.0566265060241
1774611938,10,GET,/api/audio/levels/plugins,3.900000,0.000000,5,8,10,12,20,23,30,30,30,30,30,830,0,6,14.093672256378165,1.5065419720485806,1342.3058059997857,20.56265060240964
1774611938,10,GET,/api/audio/status,11.000000,0.000000,8,11,13,14,20,22,25,25,140,140,140,2438,0,5,10.630306939061937,1.52726995293051,279.1874229442328,303.0213289581624
1774611938,10,GET,/api/chains/,0.000000,0.000000,0,0,0,0,0,0,0,0,0,0,0,64,0,13,44.4865199533524,2.089375047944486,302.3143840255216,1478.296875
1774611938,10,GET,/api/chains/{id},11.100000,0.000000,9,14,32,80,150,220,1100,1100,1300,1300,1300,2438,0,10,60.41007619238458,1.9238220993429422,1318.3924700133502,806.7899917965545
1774611938,10,POST,/api/chains/{id}/activate,11.100000,0.000000,8,15,21,24,36,160,230,260,270,270,270,2438,0,9,27.648402272530323,1.778690959326923,1257.727513089776,54.216570959803114
1774611938,10,POST,/api/chains/{id}/deactivate,11.000000,0.000000,5,9,12,13,21,25,66,190,1300,1300,1300,2438,0,5,10.892983330406059,1.7843160312622786,1286.3739950116724,61.38474159146842
1774611938,10,POST,/api/plugins/batch/parameters (500 updates),7.700000,0.000000,14,23,55,100,140,1100,1200,1300,1300,1300,1300,1605,0,19,70.09930929641973,5.447239032946527,1365.1708320248872,866.2791277258567
1774611938,10,GET,/api/plugins/discover,0.000000,0.000000,0,0,0,0,0,0,0,0,0,0,0,64,0,28,37.74846755004546,12.908800039440393,155.31902690418065,89708.0
1774611938,10,GET,/api/plugins/list,0.000000,0.000000,0,0,0,0,0,0,0,0,0,0,0,64,0,11,26.758709516798262,1.6044959193095565,192.37323594279587,72.953125
1774611938,10,POST,/api/plugins/load?uri,3.900000,0.000000,7,12,19,26,32,180,230,230,230,230,230,830,0,9,27.201561276037918,1.882247976027429,1256.7783229751512,2383.2289156626507
1774611938,10,POST,/api/plugins/unload?uri,3.900000,0.000000,7,10,10,11,13,16,190,190,190,190,190,830,0,6,11.449623549166304,1.7988779582083225,222.2753749229014,127.3433734939759
1774611938,10,,Aggregated,100.800000,0.000000,8,13,19,23,97,160,220,280,1300,1300,1300,21419,0,9,36.27508438245007,1.4929859898984432,1365.1708320248872,594.9752089266539
1774611939,10,GET,/api/audio/latency,16.500000,0.000000,10,19,21,24,45,160,180,220,230,230,230,3291,0,8,24.744936424799647,1.4929859898984432,1326.6441239975393,33.03950167122455
1774611939,10,GET,/api/audio/levels,16.500000,0.000000,14,52,89,110,160,190,270,1200,1200,1200,1200,3292,0,10,63.81042211358679,1.5448828926309943,1309.4227639958262,77.02794653705953
1774611939,10,GET,/api/audio/levels (during plugin swap),4.500000,0.000000,10,15,21,42,150,160,210,210,210,210,210,832,0,10,68.65429327137043,1.5721969539299607,1298.7376680830494,77.0625
1774611939,10,GET,/api/audio/levels/plugins,4.500000,0.000000,5,8,10,11,20,23,30,30,30,30,30,831,0,6,14.08225671703693,1.5065419720485806,1342.3058059997857,20.57039711191336
1774611939,10,GET,/api/audio/status,11.400000,0.000000,8,12,14,15,20,22,25,110,140,140,140,2454,0,5,10.66622546188588,1.52726995293051,279.1874229442328,303.0211898940505
1774611939,10,GET,/api/chains/,0.000000,0.000000,0,0,0,0,0,0,0,0,0,0,0,64,0,13,44.4865199533524,2.089375047944486,302.3143840255216,1478.296875
1774611939,10,GET,/api/chains/{id},11.400000,0.000000,12,22,65,100,160,220,1100,1100,1300,1300,1300,2454,0,10,60.375573690798504,1.9238220993429422,1318.3924700133502,806.8696006519967
1774611939,10,POST,/api/chains/{id}/activate,11.400000,0.000000,9,16,22,24,120,160,230,260,270,270,270,2454,0,10,27.681534671778362,1.778690959326923,1257.727513089776,54.21352893235534
1774611939,10,POST,/api/chains/{id}/deactivate,11.400000,0.000000,5,10,12,13,21,25,140,190,1300,1300,1300,2453,0,5,10.926519093170908,1.7843160312622786,1286.3739950116724,61.388503872808805
1774611939,10,POST,/api/plugins/batch/parameters (500 updates),8.300000,0.000000,17,26,59,100,140,1100,1200,1300,1300,1300,1300,1609,0,19,70.02615190277223,5.447239032946527,1365.1708320248872,866.3760099440647
1774611939,10,GET,/api/plugins/discover,0.000000,0.000000,0,0,0,0,0,0,0,0,0,0,0,64,0,28,37.74846755004546,12.908800039440393,155.31902690418065,89708.0
1774611939,10,GET,/api/plugins/list,0.000000,0.000000,0,0,0,0,0,0,0,0,0,0,0,64,0,11,26.758709516798262,1.6044959193095565,192.37323594279587,72.953125
1774611939,10,POST,/api/plugins/load?uri,4.500000,0.000000,7,12,19,23,32,180,230,230,230,230,230,831,0,9,27.17408362345122,1.882247976027429,1256.7783229751512,2388.317689530686
1774611939,10,POST,/api/plugins/unload?uri,4.500000,0.000000,7,10,11,11,14,25,190,190,190,190,190,831,0,6,11.466304753110188,1.7988779582083225,222.2753749229014,127.33694344163658
1774611939,10,,Aggregated,104.900000,0.000000,9,15,21,25,110,160,220,280,1300,1300,1300,21524,0,9,36.29204018807548,1.4929859898984432,1365.1708320248872,593.5661122467943
1774611940,10,GET,/api/audio/latency,15.900000,0.000000,9,18,21,24,45,160,180,220,230,230,230,3307,0,8,24.654456084996287,1.4929859898984432,1326.6441239975393,33.039310553371635
1774611940,10,GET,/api/audio/levels,15.900000,0.000000,13,36,79,100,160,190,220,270,280,280,280,3307,0,10,63.55860490956839,1.5448828926309943,1309.4227639958262,77.0175385545812
1774611940,10,GET,/api/audio/levels (during plugin swap),4.400000,0.000000,8,15,23,42,150,160,210,210,210,210,210,836,0,10,68.37526986093603,1.5721969539299607,1298.7376680830494,77.04306220095694
1774611940,10,GET,/api/audio/levels/plugins,4.400000,0.000000,4,7,9,11,19,21,30,30,30,30,30,836,0,6,14.031626801307281,1.5065419720485806,1342.3058059997857,20.577751196172247
1774611940,10,GET,/api/audio/status,11.400000,0.000000,6,12,13,15,20,22,25,110,140,140,140,2466,0,5,10.64369268422691,1.52726995293051,279.1874229442328,303.02108678021085
1774611940,10,GET,/api/chains/,0.000000,0.000000,0,0,0,0,0,0,0,0,0,0,0,64,0,13,44.4865199533524,2.089375047944486,302.3143840255216,1478.296875
1774611940,10,GET,/api/chains/{id},11.400000,0.000000,11,18,37,69,140,190,270,270,270,270,270,2467,0,10,60.1055416718154,1.9238220993429422,1318.3924700133502,806.9112282124038
1774611940,10,POST,/api/chains/{id}/activate,11.400000,0.000000,8,16,20,24,41,160,230,260,270,270,270,2466,0,10,27.584961955968083,1.778690959326923,1257.727513089776,54.22141119221411
1774611940,10,POST,/api/chains/{id}/deactivate,11.300000,0.000000,5,9,12,13,21,25,66,140,190,190,190,2465,0,5,10.924932362916019,1.7843160312622786,1286.3739950116724,61.39148073022312
1774611940,10,POST,/api/plugins/batch/parameters (500 updates),7.400000,0.000000,15,22,27,55,110,140,150,160,160,160,160,1620,0,19,69.6588117825471,5.447239032946527,1365.1708320248872,866.3944444444444
1774611940,10,GET,/api/plugins/discover,0.000000,0.000000,0,0,0,0,0,0,0,0,0,0,0,64,0,28,37.74846755004546,12.908800039440393,155.31902690418065,89708.0
1774611940,10,GET,/api/plugins/list,0.000000,0.000000,0,0,0,0,0,0,0,0,0,0,0,64,0,11,26.758709516798262,1.6044959193095565,192.37323594279587,72.953125
1774611940,10,POST,/api/plugins/load?uri,4.400000,0.000000,5,12,19,23,32,180,230,230,230,230,230,836,0,8,27.05160559808978,1.882247976027429,1256.7783229751512,2381.4258373205744
1774611940,10,POST,/api/plugins/unload?uri,4.400000,0.000000,7,10,11,11,16,25,190,190,190,190,190,836,0,6,11.437994456804317,1.7988779582083225,222.2753749229014,127.32894736842105
1774611940,10,,Aggregated,102.300000,0.000000,9,14,20,23,96,150,190,220,270,280,280,21634,0,9,36.15120308695796,1.4929859898984432,1365.1708320248872,592.1225385966534
1774611941,10,GET,/api/audio/latency,16.500000,0.000000,9,18,20,23,32,160,170,180,180,180,180,3309,0,8,24.645826805692,1.4929859898984432,1326.6441239975393,33.03928679359323
1774611941,10,GET,/api/audio/levels,16.500000,0.000000,12,33,79,100,150,180,190,1100,1200,1200,1200,3309,0,10,64.21837300089902,1.5448828926309943,1309.4227639958262,77.02296766394682
1774611941,10,GET,/api/audio/levels (during plugin swap),4.500000,0.000000,8,15,23,52,150,160,1100,1100,1100,1100,1100,837,0,10,69.65043576792542,1.5721969539299607,1298.7376680830494,77.05376344086021
1774611941,10,GET,/api/audio/levels/plugins,4.500000,0.000000,4,6,9,10,18,21,30,30,30,30,30,836,0,6,14.031626801307281,1.5065419720485806,1342.3058059997857,20.577751196172247
1774611941,10,GET,/api/audio/status,12.500000,0.000000,6,12,13,14,21,22,25,25,110,110,110,2468,0,5,10.646485499309367,1.52726995293051,279.1874229442328,303.02106969205835
1774611941,10,GET,/api/chains/,0.000000,0.000000,0,0,0,0,0,0,0,0,0,0,0,64,0,13,44.4865199533524,2.089375047944486,302.3143840255216,1478.296875
1774611941,10,GET,/api/chains/{id},12.500000,0.000000,10,16,24,38,130,160,220,1100,1200,1200,1200,2469,0,10,61.011843150811636,1.9238220993429422,1318.3924700133502,806.8408262454435
1774611941,10,POST,/api/chains/{id}/activate,12.500000,0.000000,8,15,19,23,35,140,160,160,1300,1300,1300,2468,0,10,28.077057804891574,1.778690959326923,1260.2180039975792,54.21596434359805
1774611941,10,POST,/api/chains/{id}/deactivate,12.400000,0.000000,5,8,12,12,21,24,140,190,1300,1300,1300,2466,0,5,11.432738440199653,1.7843160312622786,1286.3739950116724,61.381589618815894
1774611941,10,POST,/api/plugins/batch/parameters (500 updates),7.600000,0.000000,16,22,28,59,140,160,1200,1200,1200,1200,1200,1623,0,19,71.68250518592185,5.447239032946527,1365.1708320248872,866.4202094886014
1774611941,10,GET,/api/plugins/discover,0.000000,0.000000,0,0,0,0,0,0,0,0,0,0,0,64,0,28,37.74846755004546,12.908800039440393,155.31902690418065,89708.0
1774611941,10,GET,/api/plugins/list,0.000000,0.000000,0,0,0,0,0,0,0,0,0,0,0,64,0,11,26.758709516798262,1.6044959193095565,192.37323594279587,72.953125
1774611941,10,POST,/api/plugins/load?uri,4.500000,0.000000,5,12,17,23,32,52,180,180,180,180,180,837,0,8,27.029860792002832,1.882247976027429,1256.7783229751512,2381.224611708483
1774611941,10,POST,/api/plugins/unload?uri,4.500000,0.000000,7,10,11,11,14,18,190,190,190,190,190,836,0,6,11.437994456804317,1.7988779582083225,222.2753749229014,127.32894736842105
1774611941,10,,Aggregated,108.500000,0.000000,9,14,19,23,87,150,180,220,1300,1300,1300,21650,0,9,36.673581057096946,1.4929859898984432,1365.1708320248872,592.0247113163972
1774611942,10,GET,/api/audio/latency,17.100000,0.000000,11,20,22,24,35,160,170,180,180,180,180,3321,0,8,24.707858486290885,1.4929859898984432,1326.6441239975393,33.039144835892806
1774611942,10,GET,/api/audio/levels,17.100000,0.000000,13,41,85,110,160,180,220,1100,1200,1200,1200,3321,0,11,64.2786503682733,1.5448828926309943,1309.4227639958262,77.0240891297802
1774611942,10,GET,/api/audio/levels (during plugin swap),4.200000,0.000000,14,34,78,93,150,160,1100,1100,1100,1100,1100,843,0,11,69.68521706959893,1.5721969539299607,1298.7376680830494,77.05575326215896
1774611942,10,GET,/api/audio/levels/plugins,4.200000,0.000000,4,9,11,13,17,20,30,30,30,30,30,843,0,6,14.01831721362226,1.5065419720485806,1342.3058059997857,20.584816132858837
1774611942,10,GET,/api/audio/status,12.900000,0.000000,6,11,13,14,19,22,24,25,110,110,110,2478,0,5,10.630746374158166,1.52726995293051,279.1874229442328,303.0209846650525
1774611942,10,GET,/api/chains/,0.000000,0.000000,0,0,0,0,0,0,0,0,0,0,0,64,0,13,44.4865199533524,2.089375047944486,302.3143840255216,1478.296875
1774611942,10,GET,/api/chains/{id},13.000000,0.000000,12,18,32,65,130,180,220,1100,1200,1200,1200,2478,0,10,60.959246012735875,1.9238220993429422,1318.3924700133502,806.952784503632
1774611942,10,POST,/api/chains/{id}/activate,12.900000,0.000000,9,17,23,26,40,160,160,160,1300,1300,1300,2478,0,10,28.091181269322565,1.778690959326923,1260.2180039975792,54.2090395480226
1774611942,10,POST,/api/chains/{id}/deactivate,12.900000,0.000000,5,9,12,13,21,23,140,190,1300,1300,1300,2478,0,5,11.417826434861961,1.7843160312622786,1286.3739950116724,61.37449556093624
1774611942,10,POST,/api/plugins/batch/parameters (500 updates),7.400000,0.000000,17,23,55,87,140,220,1200,1200,1200,1200,1200,1634,0,19,71.6453720892425,5.447239032946527,1365.1708320248872,866.5091799265606
1774611942,10,GET,/api/plugins/discover,0.000000,0.000000,0,0,0,0,0,0,0,0,0,0,0,64,0,28,37.74846755004546,12.908800039440393,155.31902690418065,89708.0
1774611942,10,GET,/api/plugins/list,0.000000,0.000000,0,0,0,0,0,0,0,0,0,0,0,64,0,11,26.758709516798262,1.6044959193095565,192.37323594279587,72.953125
1774611942,10,POST,/api/plugins/load?uri,4.200000,0.000000,5,17,23,25,32,160,180,180,180,180,180,843,0,9,27.12625723601731,1.882247976027429,1256.7783229751512,2382.0403321470935
1774611942,10,POST,/api/plugins/unload?uri,4.200000,0.000000,8,10,11,11,13,18,190,190,190,190,190,843,0,6,11.397994944244658,1.7988779582083225,222.2753749229014,127.36536180308423
1774611942,10,,Aggregated,110.100000,0.000000,9,15,21,24,100,160,190,220,1300,1300,1300,21752,0,9,36.682129308731675,1.4929859898984432,1365.1708320248872,591.0564086061052
1774611943,10,GET,/api/audio/latency,18.000000,0.000000,8,18,20,22,31,140,170,180,180,180,180,3340,0,8,24.60083259366492,1.4929859898984432,1326.6441239975393,33.038922155688624
1774611943,10,GET,/api/audio/levels,18.000000,0.000000,10,17,55,89,130,170,220,1100,1200,1200,1200,3340,0,10,63.94642397271982,1.5448828926309943,1309.4227639958262,77.01287425149701
1774611943,10,GET,/api/audio/levels (during plugin swap),4.600000,0.000000,15,32,78,93,150,160,1100,1100,1100,1100,1100,848,0,10,69.34358680004118,1.5721969539299607,1298.7376680830494,77.04716981132076
1774611943,10,GET,/api/audio/levels/plugins,4.600000,0.000000,4,8,10,11,16,19,21,21,21,21,21,848,0,6,13.96156182564259,1.5065419720485806,1342.3058059997857,20.576650943396228
1774611943,10,GET,/api/audio/status,13.500000,0.000000,5,9,12,14,17,21,22,23,110,110,110,2491,0,5,10.600641385849531,1.52726995293051,279.1874229442328,303.02087515054194
1774611943,10,GET,/api/chains/,0.000000,0.000000,0,0,0,0,0,0,0,0,0,0,0,64,0,13,44.4865199533524,2.089375047944486,302.3143840255216,1478.296875
1774611943,10,GET,/api/chains/{id},13.600000,0.000000,11,15,21,30,110,150,220,1100,1200,1200,1200,2491,0,10,60.68801728856015,1.9238220993429422,1318.3924700133502,806.9241268566841
1774611943,10,POST,/api/chains/{id}/activate,13.500000,0.000000,8,14,18,23,32,140,160,160,1300,1300,1300,2491,0,10,27.994848479010578,1.778690959326923,1260.2180039975792,54.20915295062224
1774611943,10,POST,/api/chains/{id}/deactivate,13.400000,0.000000,4,9,12,13,20,23,140,190,1300,1300,1300,2491,0,5,11.388645513610939,1.7843160312622786,1286.3739950116724,61.36772380570052
1774611943,10,POST,/api/plugins/batch/parameters (500 updates),7.900000,0.000000,18,23,28,56,140,200,1200,1200,1200,1200,1200,1647,0,19,71.2142475438488,5.447239032946527,1365.1708320248872,866.2738312082574
1774611943,10,GET,/api/plugins/discover,0.000000,0.000000,0,0,0,0,0,0,0,0,0,0,0,64,0,28,37.74846755004546,12.908800039440393,155.31902690418065,89708.0
1774611943,10,GET,/api/plugins/list,0.000000,0.000000,0,0,0,0,0,0,0,0,0,0,0,64,0,11,26.758709516798262,1.6044959193095565,192.37323594279587,72.953125
1774611943,10,POST,/api/plugins/load?uri,4.600000,0.000000,9,17,23,25,32,160,180,180,180,180,180,848,0,9,27.01716744689653,1.882247976027429,1256.7783229751512,2376.701650943396
1774611943,10,POST,/api/plugins/unload?uri,4.600000,0.000000,9,10,11,11,13,18,190,190,190,190,190,848,0,6,11.38087018268877,1.7988779582083225,222.2753749229014,127.35849056603773
1774611943,10,,Aggregated,116.300000,0.000000,9,14,19,22,69,140,190,220,1300,1300,1300,21875,0,9,36.521231244972775,1.4929859898984432,1365.1708320248872,589.4363885714286
1774611944,10,GET,/api/audio/latency,16.900000,0.000000,9,19,22,23,32,160,170,180,180,180,180,3353,0,8,24.68438324540861,1.4929859898984432,1326.6441239975393,33.0387712496272
1774611944,10,GET,/api/audio/levels,16.900000,0.000000,12,37,89,110,160,190,220,1100,1200,1200,1200,3353,0,10,63.97146519414898,1.5448828926309943,1309.4227639958262,77.00894721145244
1774611944,10,GET,/api/audio/levels (during plugin swap),4.500000,0.000000,15,34,78,93,150,160,1100,1100,1100,1100,1100,852,0,11,69.13105311091364,1.5721969539299607,1298.7376680830494,77.05868544600939
1774611944,10,GET,/api/audio/levels/plugins,4.500000,0.000000,5,9,11,12,16,19,21,21,21,21,21,852,0,6,13.939964016730036,1.5065419720485806,1342.3058059997857,20.576291079812208
1774611944,10,GET,/api/audio/status,12.700000,0.000000,6,11,14,15,19,21,22,23,110,110,110,2507,0,5,10.614015241768353,1.52726995293051,279.1874229442328,303.02074192261665
1774611944,10,GET,/api/chains/,0.000000,0.000000,0,0,0,0,0,0,0,0,0,0,0,64,0,13,44.4865199533524,2.089375047944486,302.3143840255216,1478.296875
1774611944,10,GET,/api/chains/{id},12.700000,0.000000,13,22,57,100,160,200,220,1100,1200,1200,1200,2507,0,10,61.07775270058445,1.9238220993429422,1318.3924700133502,806.7905863581971
1774611944,10,POST,/api/chains/{id}/activate,12.700000,0.000000,10,18,24,26,36,140,160,160,1300,1300,1300,2507,0,10,27.94768604724644,1.778690959326923,1260.2180039975792,54.216194654966095
1774611944,10,POST,/api/chains/{id}/deactivate,12.700000,0.000000,5,9,12,13,20,23,140,190,1300,1300,1300,2506,0,5,11.37992701380226,1.7843160312622786,1286.3739950116724,61.37150837988827
1774611944,10,POST,/api/plugins/batch/parameters (500 updates),7.700000,0.000000,19,26,56,97,150,220,1200,1200,1200,1200,1200,1657,0,19,71.26772487547314,5.447239032946527,1365.1708320248872,866.0591430295715
1774611944,10,GET,/api/plugins/discover,0.000000,0.000000,0,0,0,0,0,0,0,0,0,0,0,64,0,28,37.74846755004546,12.908800039440393,155.31902690418065,89708.0
1774611944,10,GET,/api/plugins/list,0.000000,0.000000,0,0,0,0,0,0,0,0,0,0,0,64,0,11,26.758709516798262,1.6044959193095565,192.37323594279587,72.953125
1774611944,10,POST,/api/plugins/load?uri,4.500000,0.000000,12,20,23,25,32,160,180,180,180,180,180,852,0,9,26.974292380184355,1.882247976027429,1256.7783229751512,2374.4295774647885
1774611944,10,POST,/api/plugins/unload?uri,4.500000,0.000000,9,10,11,11,13,18,190,190,190,190,190,852,0,6,11.36253198456815,1.7988779582083225,222.2753749229014,127.32042253521126
1774611944,10,,Aggregated,110.300000,0.000000,10,16,21,25,110,160,200,220,1300,1300,1300,21990,0,9,36.56584655506246,1.4929859898984432,1365.1708320248872,588.0551159618008
1774611945,10,GET,/api/audio/latency,16.700000,0.000000,6,14,20,21,25,140,160,170,170,170,170,3372,0,8,24.570533801033132,1.4929859898984432,1326.6441239975393,33.03855278766311
1774611945,10,GET,/api/audio/levels,16.700000,0.000000,10,18,37,84,140,180,220,1100,1200,1200,1200,3372,0,10,63.66184291218944,1.5448828926309943,1309.4227639958262,77.0017793594306
1774611945,10,GET,/api/audio/levels (during plugin swap),4.200000,0.000000,10,16,24,34,110,150,1100,1100,1100,1100,1100,859,0,10,68.6236775967556,1.5721969539299607,1298.7376680830494,77.0407450523865
1774611945,10,GET,/api/audio/levels/plugins,4.200000,0.000000,5,10,13,14,16,19,21,21,21,21,21,859,0,6,13.889577563925798,1.5065419720485806,1342.3058059997857,20.568102444703143
1774611945,10,GET,/api/audio/status,12.200000,0.000000,6,10,13,15,20,22,23,24,110,110,110,2523,0,5,10.596073973441095,1.52726995293051,279.1874229442328,303.02061038446294
1774611945,10,GET,/api/chains/,0.000000,0.000000,0,0,0,0,0,0,0,0,0,0,0,64,0,13,44.4865199533524,2.089375047944486,302.3143840255216,1478.296875
1774611945,10,GET,/api/chains/{id},12.100000,0.000000,11,18,36,80,150,200,220,1100,1200,1200,1200,2523,0,10,60.72503244673211,1.9238220993429422,1318.3924700133502,806.8711850971066
1774611945,10,POST,/api/chains/{id}/activate,12.100000,0.000000,9,16,20,25,35,140,160,160,1300,1300,1300,2523,0,10,27.812122054759072,1.778690959326923,1260.2180039975792,54.23305588585018
1774611945,10,POST,/api/chains/{id}/deactivate,12.400000,0.000000,5,9,12,13,17,22,66,140,1300,1300,1300,2523,0,5,11.34583023045466,1.7843160312622786,1286.3739950116724,61.35592548553309
1774611945,10,POST,/api/plugins/batch/parameters (500 updates),8.200000,0.000000,18,23,27,51,110,220,1200,1200,1200,1200,1200,1665,0,19,70.9813413776558,5.447239032946527,1365.1708320248872,866.13993993994
1774611945,10,GET,/api/plugins/discover,0.000000,0.000000,0,0,0,0,0,0,0,0,0,0,0,64,0,28,37.74846755004546,12.908800039440393,155.31902690418065,89708.0
1774611945,10,GET,/api/plugins/list,0.000000,0.000000,0,0,0,0,0,0,0,0,0,0,0,64,0,11,26.758709516798262,1.6044959193095565,192.37323594279587,72.953125
1774611945,10,POST,/api/plugins/load?uri,4.200000,0.000000,7,14,19,21,27,31,160,160,160,160,160,859,0,9,26.803426940684727,1.882247976027429,1256.7783229751512,2380.6798603026778
1774611945,10,POST,/api/plugins/unload?uri,4.200000,0.000000,8,10,11,11,14,18,26,26,26,26,26,859,0,6,11.35810206839934,1.7988779582083225,222.2753749229014,127.40279394644936
1774611945,10,,Aggregated,107.200000,0.000000,8,13,18,21,51,140,190,220,1300,1300,1300,22129,0,9,36.381102128229735,1.4929859898984432,1365.1708320248872,586.7390302318225
1774611946,10,GET,/api/audio/latency,16.900000,0.000000,8,19,21,22,27,140,160,170,170,170,170,3388,0,8,24.576080339121518,1.4929859898984432,1326.6441239975393,33.0383707201889
1774611946,10,GET,/api/audio/levels,16.600000,0.000000,12,26,84,120,150,190,220,1100,1200,1200,1200,3388,0,10,63.73476864467815,1.5448828926309943,1309.4227639958262,77.00974025974025
1774611946,10,GET,/api/audio/levels (during plugin swap),4.200000,0.000000,12,32,52,110,150,150,1100,1100,1100,1100,1100,864,0,11,68.9086854360573,1.5721969539299607,1298.7376680830494,77.04745370370371
1774611946,10,GET,/api/audio/levels/plugins,4.200000,0.000000,6,14,15,16,19,21,24,24,24,24,24,864,0,6,13.920746560836927,1.5065419720485806,1342.3058059997857,20.57523148148148
1774611946,10,GET,/api/audio/status,12.600000,0.000000,7,12,15,16,20,22,26,28,110,110,110,2536,0,5,10.616173272119168,1.52726995293051,279.1874229442328,303.0205047318612
1774611946,10,GET,/api/chains/,0.000000,0.000000,0,0,0,0,0,0,0,0,0,0,0,64,0,13,44.4865199533524,2.089375047944486,302.3143840255216,1478.296875
1774611946,10,GET,/api/chains/{id},12.600000,0.000000,14,36,80,100,160,200,230,1100,1200,1200,1200,2536,0,10,60.88682074721885,1.9238220993429422,1318.3924700133502,806.9140378548896
1774611946,10,POST,/api/chains/{id}/activate,12.600000,0.000000,12,18,25,29,37,140,160,160,1300,1300,1300,2536,0,10,27.909153430191623,1.778690959326923,1260.2180039975792,54.24290220820189
1774611946,10,POST,/api/chains/{id}/deactivate,12.600000,0.000000,6,11,13,13,17,21,24,140,1300,1300,1300,2536,0,5,11.338644471008122,1.7843160312622786,1286.3739950116724,61.3493690851735
1774611946,10,POST,/api/plugins/batch/parameters (500 updates),9.100000,0.000000,19,26,55,86,160,220,1200,1200,1200,1200,1200,1671,0,19,71.05214408851596,5.447239032946527,1365.1708320248872,865.9670855774986
1774611946,10,GET,/api/plugins/discover,0.000000,0.000000,0,0,0,0,0,0,0,0,0,0,0,64,0,28,37.74846755004546,12.908800039440393,155.31902690418065,89708.0
1774611946,10,GET,/api/plugins/list,0.000000,0.000000,0,0,0,0,0,0,0,0,0,0,0,64,0,11,26.758709516798262,1.6044959193095565,192.37323594279587,72.953125
1774611946,10,POST,/api/plugins/load?uri,4.200000,0.000000,10,21,24,26,32,160,170,170,170,170,170,864,0,9,27.231558022187393,1.882247976027429,1256.7783229751512,2375.6608796296296
1774611946,10,POST,/api/plugins/unload?uri,4.200000,0.000000,8,10,11,11,14,18,26,26,26,26,26,864,0,6,11.33150928769653,1.7988779582083225,222.2753749229014,127.42708333333333
1774611946,10,,Aggregated,109.800000,0.000000,10,16,22,25,100,160,200,230,1300,1300,1300,22239,0,9,36.45163961733244,1.4929859898984432,1365.1708320248872,585.2518548495885
1774611947,10,GET,/api/audio/latency,15.300000,0.000000,5,11,19,20,24,140,160,160,170,170,170,3410,0,8,24.44794162779451,1.4929859898984432,1326.6441239975393,33.038123167155426
1774611947,10,GET,/api/audio/levels,15.300000,0.000000,9,15,26,70,140,180,220,1100,1200,1200,1200,3410,0,10,63.366406473339346,1.5448828926309943,1309.4227639958262,76.99530791788857
1774611947,10,GET,/api/audio/levels (during plugin swap),4.400000,0.000000,11,19,34,78,140,150,1100,1100,1100,1100,1100,870,0,10,68.48347583657196,1.5721969539299607,1298.7376680830494,77.03448275862068
1774611947,10,GET,/api/audio/levels/plugins,4.400000,0.000000,5,13,15,16,19,22,24,24,24,24,24,870,0,6,13.87685801908802,1.5065419720485806,1342.3058059997857,20.55977011494253
1774611947,10,GET,/api/audio/status,12.400000,0.000000,6,11,13,15,20,23,26,28,110,110,110,2554,0,5,10.59147101976838,1.5238210326060653,279.1874229442328,303.0203602192639
1774611947,10,GET,/api/chains/,0.000000,0.000000,0,0,0,0,0,0,0,0,0,0,0,64,0,13,44.4865199533524,2.089375047944486,302.3143840255216,1478.296875
1774611947,10,GET,/api/chains/{id},12.400000,0.000000,10,20,43,65,160,200,230,1100,1200,1200,1200,2554,0,10,60.49925286027281,1.9238220993429422,1318.3924700133502,806.925215348473
1774611947,10,POST,/api/chains/{id}/activate,12.400000,0.000000,9,16,18,24,36,41,160,160,1300,1300,1300,2554,0,10,27.756424705893934,1.778690959326923,1260.2180039975792,54.26389976507439
1774611947,10,POST,/api/chains/{id}/deactivate,12.500000,0.000000,5,11,13,13,17,22,24,140,1300,1300,1300,2554,0,5,11.312522077756098,1.7843160312622786,1286.3739950116724,61.33437744714174
1774611947,10,POST,/api/plugins/batch/parameters (500 updates),9.100000,0.000000,19,24,28,81,150,220,1200,1200,1200,1200,1200,1679,0,19,70.79274451749498,5.447239032946527,1365.1708320248872,865.8659916617034
1774611947,10,GET,/api/plugins/discover,0.000000,0.000000,0,0,0,0,0,0,0,0,0,0,0,64,0,28,37.74846755004546,12.908800039440393,155.31902690418065,89708.0
1774611947,10,GET,/api/plugins/list,0.000000,0.000000,0,0,0,0,0,0,0,0,0,0,0,64,0,11,26.758709516798262,1.6044959193095565,192.37323594279587,72.953125
1774611947,10,POST,/api/plugins/load?uri,4.400000,0.000000,10,14,21,22,28,160,170,170,170,170,170,870,0,9,27.095223589661135,1.882247976027429,1256.7783229751512,2378.7574712643677
1774611947,10,POST,/api/plugins/unload?uri,4.500000,0.000000,7,10,10,11,14,18,26,26,26,26,26,870,0,6,11.287149284489924,1.7988779582083225,222.2753749229014,127.48045977011495
1774611947,10,,Aggregated,107.100000,0.000000,8,13,18,22,51,150,190,220,1300,1300,1300,22387,0,9,36.256644276099344,1.4929859898984432,1365.1708320248872,583.5961942198597
1774611948,10,GET,/api/audio/latency,15.800000,0.000000,7,16,19,22,26,140,160,170,170,170,170,3423,0,8,24.47091489709917,1.4929859898984432,1326.6441239975393,33.03797838153666
1774611948,10,GET,/api/audio/levels,15.600000,0.000000,11,23,79,120,160,190,220,1100,1200,1200,1200,3423,0,10,63.44995566756279,1.5448828926309943,1309.4227639958262,77.01051709027169
1774611948,10,GET,/api/audio/levels (during plugin swap),4.500000,0.000000,12,24,37,100,140,150,1100,1100,1100,1100,1100,875,0,11,68.32137730837401,1.5721969539299607,1298.7376680830494,77.04114285714286
1774611948,10,GET,/api/audio/levels/plugins,4.600000,0.000000,5,13,15,16,19,22,24,24,24,24,24,875,0,6,13.850770896566766,1.5065419720485806,1342.3058059997857,20.552
1774611948,10,GET,/api/audio/status,14.000000,0.000000,8,13,16,17,20,23,26,28,110,110,110,2567,0,5,10.619616274047827,1.5238210326060653,279.1874229442328,303.0202571094663
1774611948,10,GET,/api/chains/,0.000000,0.000000,0,0,0,0,0,0,0,0,0,0,0,64,0,13,44.4865199533524,2.089375047944486,302.3143840255216,1478.296875
1774611948,10,GET,/api/chains/{id},13.900000,0.000000,15,46,81,110,170,200,230,1100,1200,1200,1200,2567,0,10,60.67142998956595,1.9238220993429422,1318.3924700133502,806.8979353330736
1774611948,10,POST,/api/chains/{id}/activate,13.900000,0.000000,12,18,25,27,40,160,170,170,1300,1300,1300,2567,0,10,28.010396809875168,1.778690959326923,1260.2180039975792,54.27347097779509
1774611948,10,POST,/api/chains/{id}/deactivate,13.700000,0.000000,7,12,13,15,18,22,110,140,1300,1300,1300,2567,0,5,11.36093178241001,1.7843160312622786,1286.3739950116724,61.31827035449942
1774611948,10,POST,/api/plugins/batch/parameters (500 updates),8.500000,0.000000,22,27,86,99,200,220,1200,1200,1200,1200,1200,1685,0,19,71.05445759218927,5.447239032946527,1365.1708320248872,866.126409495549
1774611948,10,GET,/api/plugins/discover,0.000000,0.000000,0,0,0,0,0,0,0,0,0,0,0,64,0,28,37.74846755004546,12.908800039440393,155.31902690418065,89708.0
1774611948,10,GET,/api/plugins/list,0.000000,0.000000,0,0,0,0,0,0,0,0,0,0,0,64,0,11,26.758709516798262,1.6044959193095565,192.37323594279587,72.953125
1774611948,10,POST,/api/plugins/load?uri,4.600000,0.000000,10,19,21,24,30,160,170,170,170,170,170,875,0,9,27.039424688023114,1.882247976027429,1256.7783229751512,2387.9725714285714
1774611948,10,POST,/api/plugins/unload?uri,4.500000,0.000000,7,10,11,13,15,18,26,26,26,26,26,875,0,6,11.281463541223534,1.7988779582083225,222.2753749229014,127.51885714285714
1774611948,10,,Aggregated,113.600000,0.000000,10,17,21,24,110,160,200,230,1300,1300,1300,22491,0,9,36.332631751810766,1.4929859898984432,1365.1708320248872,582.8573207060602
1774611949,10,GET,/api/audio/latency,15.400000,0.000000,5,10,18,19,24,37,160,170,170,170,170,3449,0,8,24.331165689807065,1.4929859898984432,1326.6441239975393,33.03769208466222
1774611949,10,GET,/api/audio/levels,15.400000,0.000000,9,15,25,49,130,170,220,1100,1200,1200,1200,3450,0,10,63.013223181073755,1.5448828926309943,1309.4227639958262,76.99420289855072
1774611949,10,GET,/api/audio/levels (during plugin swap),4.100000,0.000000,11,19,35,49,140,150,1100,1100,1100,1100,1100,880,0,10,67.96662227359114,1.5721969539299607,1298.7376680830494,77.01818181818182
1774611949,10,GET,/api/audio/levels/plugins,4.100000,0.000000,5,12,14,16,18,22,24,24,24,24,24,880,0,6,13.799798785608305,1.5065419720485806,1342.3058059997857,20.55909090909091
1774611949,10,GET,/api/audio/status,13.300000,0.000000,6,12,15,17,20,23,26,26,28,28,28,2582,0,5,10.585183535805687,1.5238210326060653,279.1874229442328,303.02013942680094
1774611949,10,GET,/api/chains/,0.000000,0.000000,0,0,0,0,0,0,0,0,0,0,0,64,0,13,44.4865199533524,2.089375047944486,302.3143840255216,1478.296875
1774611949,10,GET,/api/chains/{id},13.300000,0.000000,11,30,61,95,160,200,230,1100,1200,1200,1200,2582,0,10,60.35333649980519,1.9238220993429422,1318.3924700133502,806.8718048024787
1774611949,10,POST,/api/chains/{id}/activate,13.300000,0.000000,10,18,22,27,37,160,170,170,1300,1300,1300,2582,0,10,27.88895810458313,1.778690959326923,1260.2180039975792,54.26800929512006
1774611949,10,POST,/api/chains/{id}/deactivate,13.300000,0.000000,6,12,13,15,18,21,24,110,1300,1300,1300,2582,0,5,11.323302232272242,1.7843160312622786,1286.3739950116724,61.322230828814874
1774611949,10,POST,/api/plugins/batch/parameters (500 updates),7.900000,0.000000,22,26,81,95,200,220,1200,1200,1200,1200,1200,1692,0,19,70.8208329431783,5.447239032946527,1365.1708320248872,866.1920803782506
1774611949,10,GET,/api/plugins/discover,0.000000,0.000000,0,0,0,0,0,0,0,0,0,0,0,64,0,28,37.74846755004546,12.908800039440393,155.31902690418065,89708.0
1774611949,10,GET,/api/plugins/list,0.000000,0.000000,0,0,0,0,0,0,0,0,0,0,0,64,0,11,26.758709516798262,1.6044959193095565,192.37323594279587,72.953125
1774611949,10,POST,/api/plugins/load?uri,4.100000,0.000000,10,14,21,22,30,160,170,170,170,170,170,880,0,9,26.904438178330153,1.882247976027429,1256.7783229751512,2386.1875
1774611949,10,POST,/api/plugins/unload?uri,4.100000,0.000000,7,9,11,11,15,18,26,26,26,26,26,880,0,6,11.264446484512353,1.7988779582083225,222.2753749229014,127.51931818181818
1774611949,10,,Aggregated,108.300000,0.000000,9,14,19,22,75,160,200,230,1300,1300,1300,22631,0,9,36.14823208630215,1.4929859898984432,1365.1708320248872,580.9681852326455
1774611950,10,GET,/api/audio/latency,15.500000,0.000000,7,16,19,22,30,160,160,170,200,200,200,3465,0,8,24.491275495830735,1.4929859898984432,1326.6441239975393,33.03751803751804
1774611950,10,GET,/api/audio/levels,15.800000,0.000000,11,23,70,110,160,200,220,1100,1200,1200,1200,3465,0,10,63.28141487463583,1.5448828926309943,1309.4227639958262,77.01818181818182
1774611950,10,GET,/api/audio/levels (during plugin swap),4.500000,0.000000,15,26,49,100,140,150,1100,1100,1100,1100,1100,884,0,11,67.90997632447318,1.5721969539299607,1298.7376680830494,77.01470588235294
1774611950,10,GET,/api/audio/levels/plugins,4.400000,0.000000,10,13,15,16,18,22,24,24,24,24,24,884,0,6,13.78261725622655,1.5065419720485806,1342.3058059997857,20.573529411764707
1774611950,10,GET,/api/audio/status,13.400000,0.000000,7,13,15,17,20,24,26,26,28,28,28,2595,0,5,10.57865274616971,1.5238210326060653,279.1874229442328,303.0200385356455
1774611950,10,GET,/api/chains/,0.000000,0.000000,0,0,0,0,0,0,0,0,0,0,0,64,0,13,44.4865199533524,2.089375047944486,302.3143840255216,1478.296875
1774611950,10,GET,/api/chains/{id},13.800000,0.000000,14,49,91,110,180,200,230,1100,1200,1200,1200,2595,0,10,60.53652122436425,1.9238220993429422,1318.3924700133502,806.7757225433526
1774611950,10,POST,/api/chains/{id}/activate,13.400000,0.000000,12,20,26,30,41,160,170,170,1300,1300,1300,2595,0,10,27.959569077176152,1.778690959326923,1260.2180039975792,54.25818882466281
1774611950,10,POST,/api/chains/{id}/deactivate,13.500000,0.000000,6,11,13,14,17,19,23,110,1300,1300,1300,2595,0,5,11.296891462262398,1.7843160312622786,1286.3739950116724,61.32562620423892
1774611950,10,POST,/api/plugins/batch/parameters (500 updates),8.400000,0.000000,23,40,95,110,200,220,1200,1200,1200,1200,1200,1698,0,19,70.8270381347115,5.447239032946527,1365.1708320248872,866.3704358068316
1774611950,10,GET,/api/plugins/discover,0.000000,0.000000,0,0,0,0,0,0,0,0,0,0,0,64,0,28,37.74846755004546,12.908800039440393,155.31902690418065,89708.0
1774611950,10,GET,/api/plugins/list,0.000000,0.000000,0,0,0,0,0,0,0,0,0,0,0,64,0,11,26.758709516798262,1.6044959193095565,192.37323594279587,72.953125
1774611950,10,POST,/api/plugins/load?uri,4.400000,0.000000,10,18,21,22,30,160,170,170,170,170,170,884,0,9,26.847506819974537,1.882247976027429,1256.7783229751512,2381.6572398190046
1774611950,10,POST,/api/plugins/unload?uri,4.400000,0.000000,7,9,11,11,15,17,26,26,26,26,26,884,0,6,11.25051309309828,1.7988779582083225,222.2753749229014,127.50452488687783
1774611950,10,,Aggregated,111.500000,0.000000,10,16,22,25,110,160,200,220,1300,1300,1300,22736,0,9,36.22807764679684,1.4929859898984432,1365.1708320248872,579.5768384940183
1774611951,10,GET,/api/audio/latency,14.700000,0.000000,6,13,19,21,30,160,160,170,200,200,200,3479,0,8,24.41098355881165,1.4929859898984432,1326.6441239975393,33.03736705949986
1774611951,10,GET,/api/audio/levels,14.700000,0.000000,10,21,45,92,140,170,200,220,220,220,220,3479,0,10,63.05187398950069,1.5448828926309943,1309.4227639958262,77.01322219028457
1774611951,10,GET,/api/audio/levels (during plugin swap),4.500000,0.000000,11,22,35,49,130,150,150,160,160,160,160,888,0,11,67.63580044692692,1.5721969539299607,1298.7376680830494,76.99662162162163
1774611951,10,GET,/api/audio/levels/plugins,4.500000,0.000000,6,12,14,15,18,22,22,24,24,24,24,888,0,6,13.73212770212794,1.5065419720485806,1342.3058059997857,20.55855855855856
1774611951,10,GET,/api/audio/status,12.700000,0.000000,6,12,15,17,19,23,26,26,28,28,28,2611,0,5,10.555330196563874,1.5238210326060653,279.1874229442328,303.01991574109536
1774611951,10,GET,/api/chains/,0.000000,0.000000,0,0,0,0,0,0,0,0,0,0,0,64,0,13,44.4865199533524,2.089375047944486,302.3143840255216,1478.296875
1774611951,10,GET,/api/chains/{id},12.700000,0.000000,11,34,61,95,160,190,220,220,230,230,230,2613,0,10,60.16762579135972,1.9238220993429422,1318.3924700133502,806.920015308075
1774611951,10,POST,/api/chains/{id}/activate,12.700000,0.000000,10,18,25,27,37,160,170,170,170,170,170,2613,0,10,27.80748371110065,1.778690959326923,1260.2180039975792,54.28817451205511
1774611951,10,POST,/api/chains/{id}/deactivate,12.800000,0.000000,6,10,13,13,17,19,23,23,110,110,110,2611,0,5,11.28070425957888,1.7843160312622786,1286.3739950116724,61.32018383761011
1774611951,10,POST,/api/plugins/batch/parameters (500 updates),8.000000,0.000000,22,28,83,99,160,200,220,220,220,220,220,1703,0,19,70.65470857888621,5.447239032946527,1365.1708320248872,866.5836758661186
1774611951,10,GET,/api/plugins/discover,0.000000,0.000000,0,0,0,0,0,0,0,0,0,0,0,64,0,28,37.74846755004546,12.908800039440393,155.31902690418065,89708.0
1774611951,10,GET,/api/plugins/list,0.000000,0.000000,0,0,0,0,0,0,0,0,0,0,0,64,0,11,26.758709516798262,1.6044959193095565,192.37323594279587,72.953125
1774611951,10,POST,/api/plugins/load?uri,4.500000,0.000000,10,16,20,21,28,160,160,170,170,170,170,888,0,9,26.745911131624492,1.882247976027429,1256.7783229751512,2377.5484234234236
1774611951,10,POST,/api/plugins/unload?uri,4.500000,0.000000,7,9,10,11,14,17,24,26,26,26,26,888,0,6,11.220219133548682,1.7988779582083225,222.2753749229014,127.48085585585585
1774611951,10,,Aggregated,106.300000,0.000000,9,15,19,23,86,160,190,200,220,230,230,22853,0,9,36.07602230326288,1.4929859898984432,1365.1708320248872,578.1286483175076
1774611952,10,GET,/api/audio/latency,15.300000,0.000000,6,13,19,22,29,160,160,170,200,200,200,3484,0,8,24.40605679337533,1.4929859898984432,1326.6441239975393,33.03731343283582
1774611952,10,GET,/api/audio/levels,15.400000,0.000000,10,19,45,92,160,200,1000,1100,1200,1200,1200,3484,0,10,64.2719857624786,1.5448828926309943,1309.4227639958262,77.0223880597015
1774611952,10,GET,/api/audio/levels (during plugin swap),4.800000,0.000000,11,19,32,49,130,150,1200,1200,1200,1200,1200,889,0,11,68.96505131597313,1.5721969539299607,1298.7376680830494,77.00674915635545
1774611952,10,GET,/api/audio/levels/plugins,4.800000,0.000000,6,11,13,15,18,22,24,24,24,24,24,889,0,6,13.72394423446795,1.5065419720485806,1342.3058059997857,20.56580427446569
1774611952,10,GET,/api/audio/status,12.500000,0.000000,7,13,16,17,20,24,28,1300,1300,1300,1300,2614,0,5,11.506645698239279,1.5238210326060653,1259.1678659664467,303.0198928844682
1774611952,10,GET,/api/chains/,0.000000,0.000000,0,0,0,0,0,0,0,0,0,0,0,64,0,13,44.4865199533524,2.089375047944486,302.3143840255216,1478.296875
1774611952,10,GET,/api/chains/{id},12.400000,0.000000,11,39,65,100,170,200,220,230,1100,1100,1100,2614,0,10,60.56802429104909,1.9238220993429422,1318.3924700133502,806.9540933435349
1774611952,10,POST,/api/chains/{id}/activate,12.500000,0.000000,9,18,24,28,37,160,170,170,170,170,170,2614,0,10,27.8114748209898,1.778690959326923,1260.2180039975792,54.28079571537873
1774611952,10,POST,/api/chains/{id}/deactivate,12.600000,0.000000,6,11,13,14,17,20,23,23,110,110,110,2614,0,5,11.284816128810313,1.7843160312622786,1286.3739950116724,61.32096403978577
1774611952,10,POST,/api/plugins/batch/parameters (500 updates),8.100000,0.000000,22,28,88,100,190,220,1100,1200,1200,1200,1200,1705,0,19,71.92329513359695,5.447239032946527,1365.1708320248872,866.5307917888563
1774611952,10,GET,/api/plugins/discover,0.000000,0.000000,0,0,0,0,0,0,0,0,0,0,0,64,0,28,37.74846755004546,12.908800039440393,155.31902690418065,89708.0
1774611952,10,GET,/api/plugins/list,0.000000,0.000000,0,0,0,0,0,0,0,0,0,0,0,64,0,11,26.758709516798262,1.6044959193095565,192.37323594279587,72.953125
1774611952,10,POST,/api/plugins/load?uri,4.800000,0.000000,10,14,19,21,26,120,170,170,170,170,170,889,0,9,26.743332099947864,1.882247976027429,1256.7783229751512,2377.941507311586
1774611952,10,POST,/api/plugins/unload?uri,4.800000,0.000000,7,9,11,13,15,17,26,26,26,26,26,889,0,6,11.220509201970215,1.7988779582083225,222.2753749229014,127.50168728908886
1774611952,10,,Aggregated,108.000000,0.000000,9,14,19,23,88,160,200,220,1300,1300,1300,22877,0,9,36.56162866342593,1.4929859898984432,1365.1708320248872,577.8384840669668
1774611953,10,GET,/api/audio/latency,15.900000,0.000000,7,15,20,23,30,160,160,170,200,200,200,3506,0,8,24.410574285519886,1.4929859898984432,1326.6441239975393,33.03707929264119
1774611953,10,GET,/api/audio/levels,15.900000,0.000000,10,21,68,120,170,200,1000,1100,1200,1200,1200,3506,0,10,64.15028998936265,1.5448828926309943,1309.4227639958262,77.01197946377638
1774611953,10,GET,/api/audio/levels (during plugin swap),4.800000,0.000000,11,22,35,58,140,160,1200,1200,1200,1200,1200,893,0,11,68.87885376830322,1.5721969539299607,1298.7376680830494,77.003359462486
1774611953,10,GET,/api/audio/levels/plugins,4.800000,0.000000,6,12,13,15,18,22,24,24,24,24,24,893,0,6,13.692720099128074,1.5065419720485806,1342.3058059997857,20.565509518477043
1774611953,10,GET,/api/audio/status,13.000000,0.000000,8,13,17,18,21,24,28,1300,1300,1300,1300,2621,0,5,11.509456192743771,1.5238210326060653,1259.1678659664467,303.0198397558184
1774611953,10,GET,/api/chains/,0.000000,0.000000,0,0,0,0,0,0,0,0,0,0,0,64,0,13,44.4865199533524,2.089375047944486,302.3143840255216,1478.296875
1774611953,10,GET,/api/chains/{id},13.000000,0.000000,11,46,81,100,180,210,230,230,1100,1100,1100,2622,0,10,60.71488435771231,1.9238220993429422,1318.3924700133502,807.0247902364607
1774611953,10,POST,/api/chains/{id}/activate,13.100000,0.000000,12,20,27,29,40,160,170,170,170,170,170,2621,0,10,27.84855499004967,1.778690959326923,1260.2180039975792,54.27699351392598
1774611953,10,POST,/api/chains/{id}/deactivate,13.100000,0.000000,6,12,14,15,18,20,23,23,110,110,110,2620,0,5,11.287562934306756,1.7843160312622786,1286.3739950116724,61.32251908396947
1774611953,10,POST,/api/plugins/batch/parameters (500 updates),7.900000,0.000000,22,29,95,110,200,220,1100,1200,1200,1200,1200,1711,0,19,71.91331094504545,5.447239032946527,1365.1708320248872,866.531852717709
1774611953,10,GET,/api/plugins/discover,0.000000,0.000000,0,0,0,0,0,0,0,0,0,0,0,64,0,28,37.74846755004546,12.908800039440393,155.31902690418065,89708.0
1774611953,10,GET,/api/plugins/list,0.000000,0.000000,0,0,0,0,0,0,0,0,0,0,0,64,0,11,26.758709516798262,1.6044959193095565,192.37323594279587,72.953125
1774611953,10,POST,/api/plugins/load?uri,4.800000,0.000000,10,16,19,21,26,120,170,170,170,170,170,893,0,9,26.675392296853552,1.882247976027429,1256.7783229751512,2383.5263157894738
1774611953,10,POST,/api/plugins/unload?uri,4.800000,0.000000,7,9,11,13,15,18,26,26,26,26,26,893,0,6,11.209157669018799,1.7988779582083225,222.2753749229014,127.48264277715566
1774611953,10,,Aggregated,111.100000,0.000000,9,16,21,24,100,160,200,230,1300,1300,1300,22971,0,9,36.568114986332795,1.4929859898984432,1365.1708320248872,576.8873362065212
1774611954,10,GET,/api/audio/latency,17.000000,0.000000,6,13,18,21,25,37,160,170,200,200,200,3531,0,8,24.282215099975083,1.4929859898984432,1326.6441239975393,33.03681676578873
1774611954,10,GET,/api/audio/levels,17.000000,0.000000,10,18,41,94,160,190,1000,1100,1200,1200,1200,3531,0,10,63.86863116933367,1.5448828926309943,1309.4227639958262,77.00198244123477
1774611954,10,GET,/api/audio/levels (during plugin swap),5.100000,0.000000,11,24,35,58,140,160,1200,1200,1200,1200,1200,897,0,11,68.62913007269651,1.5721969539299607,1298.7376680830494,77.0
1774611954,10,GET,/api/audio/levels/plugins,5.100000,0.000000,6,12,13,15,18,22,190,190,190,190,190,897,0,6,13.849525619246306,1.5065419720485806,1342.3058059997857,20.565217391304348
1774611954,10,GET,/api/audio/status,14.200000,0.000000,6,12,16,17,21,24,28,1300,1300,1300,1300,2635,0,5,11.483415213777583,1.5238210326060653,1259.1678659664467,303.019734345351
1774611954,10,GET,/api/chains/,0.000000,0.000000,0,0,0,0,0,0,0,0,0,0,0,64,0,13,44.4865199533524,2.089375047944486,302.3143840255216,1478.296875
1774611954,10,GET,/api/chains/{id},14.400000,0.000000,9,23,61,91,170,190,230,230,1100,1100,1100,2635,0,10,60.554108547622896,1.9238220993429422,1318.3924700133502,806.9981024667932
1774611954,10,POST,/api/chains/{id}/activate,14.400000,0.000000,9,17,26,28,38,160,170,170,170,170,170,2635,0,10,27.767690720232785,1.778690959326923,1260.2180039975792,54.269449715370015
1774611954,10,POST,/api/chains/{id}/deactivate,14.200000,0.000000,6,9,13,15,18,21,23,44,110,110,110,2635,0,5,11.271548305772443,1.7843160312622786,1286.3739950116724,61.3168880455408
1774611954,10,POST,/api/plugins/batch/parameters (500 updates),8.000000,0.000000,18,28,88,110,190,200,1100,1200,1200,1200,1200,1722,0,19,71.62808232687081,5.447239032946527,1365.1708320248872,866.4401858304298
1774611954,10,GET,/api/plugins/discover,0.000000,0.000000,0,0,0,0,0,0,0,0,0,0,0,64,0,28,37.74846755004546,12.908800039440393,155.31902690418065,89708.0
1774611954,10,GET,/api/plugins/list,0.000000,0.000000,0,0,0,0,0,0,0,0,0,0,0,64,0,11,26.758709516798262,1.6044959193095565,192.37323594279587,72.953125
1774611954,10,POST,/api/plugins/load?uri,5.100000,0.000000,8,14,18,20,26,120,170,170,170,170,170,897,0,9,26.58001489305522,1.882247976027429,1256.7783229751512,2387.1727982162765
1774611954,10,POST,/api/plugins/unload?uri,5.100000,0.000000,7,9,11,13,15,18,27,27,27,27,27,897,0,6,11.205728548016179,1.7988779582083225,222.2753749229014,127.4659977703456
1774611954,10,,Aggregated,119.600000,0.000000,8,14,19,23,89,160,200,230,1300,1300,1300,23104,0,9,36.45014839509267,1.4929859898984432,1365.1708320248872,575.3879414819944
1774611955,10,GET,/api/audio/latency,16.000000,0.000000,7,13,18,22,26,160,160,170,200,200,200,3548,0,8,24.282645278155126,1.4929859898984432,1326.6441239975393,33.036640360766626
1774611955,10,GET,/api/audio/levels,16.000000,0.000000,10,20,80,120,170,190,1000,1100,1200,1200,1200,3548,0,10,63.84715870535421,1.5448828926309943,1309.4227639958262,77.00479143179255
1774611955,10,GET,/api/audio/levels (during plugin swap),4.500000,0.000000,11,24,35,58,140,190,1200,1200,1200,1200,1200,900,0,11,68.6197313813803,1.5721969539299607,1298.7376680830494,77.00111111111111
1774611955,10,GET,/api/audio/levels/plugins,4.500000,0.000000,5,7,12,13,22,24,190,190,190,190,190,900,0,6,13.816019522750544,1.5065419720485806,1342.3058059997857,20.572222222222223
1774611955,10,GET,/api/audio/status,13.500000,0.000000,6,12,15,17,21,26,200,1300,1300,1300,1300,2646,0,5,11.53107336031566,1.5238210326060653,1259.1678659664467,303.0196523053666
1774611955,10,GET,/api/chains/,0.000000,0.000000,0,0,0,0,0,0,0,0,0,0,0,64,0,13,44.4865199533524,2.089375047944486,302.3143840255216,1478.296875
1774611955,10,GET,/api/chains/{id},13.500000,0.000000,11,39,81,100,170,200,230,230,1100,1100,1100,2646,0,10,60.462027962213256,1.9238220993429422,1318.3924700133502,807.103552532124
1774611955,10,POST,/api/chains/{id}/activate,13.500000,0.000000,10,18,27,30,150,160,170,170,170,170,170,2646,0,10,27.80986621568313,1.778690959326923,1260.2180039975792,54.27437641723356
1774611955,10,POST,/api/chains/{id}/deactivate,13.500000,0.000000,7,10,14,15,19,22,44,110,150,150,150,2646,0,5,11.319445076561163,1.7843160312622786,1286.3739950116724,61.31027966742253
1774611955,10,POST,/api/plugins/batch/parameters (500 updates),6.800000,0.000000,20,40,100,110,200,220,1100,1200,1200,1200,1200,1728,0,19,71.73007249474284,5.447239032946527,1365.1708320248872,866.464699074074
1774611955,10,GET,/api/plugins/discover,0.000000,0.000000,0,0,0,0,0,0,0,0,0,0,0,64,0,28,37.74846755004546,12.908800039440393,155.31902690418065,89708.0
1774611955,10,GET,/api/plugins/list,0.000000,0.000000,0,0,0,0,0,0,0,0,0,0,0,64,0,11,26.758709516798262,1.6044959193095565,192.37323594279587,72.953125
1774611955,10,POST,/api/plugins/load?uri,4.500000,0.000000,7,14,18,20,120,160,170,170,170,170,170,900,0,9,26.680452031109276,1.882247976027429,1256.7783229751512,2384.66
1774611955,10,POST,/api/plugins/unload?uri,4.500000,0.000000,6,9,11,13,15,24,27,27,27,27,27,900,0,6,11.180486940623572,1.7988779582083225,222.2753749229014,127.46222222222222
1774611955,10,,Aggregated,110.800000,0.000000,8,15,20,24,110,160,200,230,1300,1300,1300,23200,0,9,36.46149271899425,1.4929859898984432,1365.1708320248872,574.1473706896552
1774611956,10,GET,/api/audio/latency,16.500000,0.000000,6,11,15,18,25,150,160,170,200,200,200,3566,0,8,24.185348840718184,1.4929859898984432,1326.6441239975393,33.03645541222659
1774611956,10,GET,/api/audio/levels,16.500000,0.000000,9,17,41,96,160,180,1000,1100,1200,1200,1200,3570,0,10,63.606939901544315,1.5448828926309943,1309.4227639958262,77.009243697479
1774611956,10,GET,/api/audio/levels (during plugin swap),4.500000,0.000000,8,18,26,35,100,160,1200,1200,1200,1200,1200,907,0,10,68.23866129218773,1.5721969539299607,1298.7376680830494,77.01323042998898
1774611956,10,GET,/api/audio/levels/plugins,4.500000,0.000000,4,6,7,10,13,18,190,190,190,190,190,906,0,6,13.743462460809418,1.5065419720485806,1342.3058059997857,20.571743929359823
1774611956,10,GET,/api/audio/status,12.800000,0.000000,5,8,13,17,20,24,200,1300,1300,1300,1300,2658,0,5,11.491406288318913,1.5238210326060653,1259.1678659664467,303.01956358164034
1774611956,10,GET,/api/chains/,0.000000,0.000000,0,0,0,0,0,0,0,0,0,0,0,64,0,13,44.4865199533524,2.089375047944486,302.3143840255216,1478.296875
1774611956,10,GET,/api/chains/{id},12.800000,0.000000,8,22,50,95,160,180,220,230,1100,1100,1100,2660,0,10,60.30025432224183,1.9238220993429422,1318.3924700133502,807.3071428571428
1774611956,10,POST,/api/chains/{id}/activate,12.800000,0.000000,8,16,21,27,40,160,170,170,170,170,170,2658,0,9,27.709643223793844,1.778690959326923,1260.2180039975792,54.27200902934537
1774611956,10,POST,/api/chains/{id}/deactivate,12.800000,0.000000,6,10,13,15,19,22,44,110,150,150,150,2658,0,5,11.288192099217113,1.7843160312622786,1286.3739950116724,61.31339352896915
1774611956,10,POST,/api/plugins/batch/parameters (500 updates),6.000000,0.000000,19,28,100,110,200,220,1100,1200,1200,1200,1200,1739,0,19,71.58365773300567,5.447239032946527,1365.1708320248872,866.4008050603795
1774611956,10,GET,/api/plugins/discover,0.000000,0.000000,0,0,0,0,0,0,0,0,0,0,0,64,0,28,37.74846755004546,12.908800039440393,155.31902690418065,89708.0
1774611956,10,GET,/api/plugins/list,0.000000,0.000000,0,0,0,0,0,0,0,0,0,0,0,64,0,11,26.758709516798262,1.6044959193095565,192.37323594279587,72.953125
1774611956,10,POST,/api/plugins/load?uri,4.500000,0.000000,5,10,14,18,20,24,160,160,160,160,160,906,0,8,26.538794236406726,1.882247976027429,1256.7783229751512,2381.139072847682
1774611956,10,POST,/api/plugins/unload?uri,4.500000,0.000000,5,7,9,11,15,18,27,27,27,27,27,906,0,6,11.131017741147906,1.7988779582083225,222.2753749229014,127.4448123620309
1774611956,10,,Aggregated,108.200000,0.000000,7,13,18,22,96,160,200,230,1300,1300,1300,23326,0,9,36.3479927957967,1.4929859898984432,1365.1708320248872,572.8092686272829
1774611957,10,GET,/api/audio/latency,17.600000,0.000000,8,14,21,24,32,160,160,170,200,200,200,3582,0,8,24.25999028951664,1.4929859898984432,1326.6441239975393,33.036292573981015
1774611957,10,GET,/api/audio/levels,17.600000,0.000000,11,21,79,110,170,190,1000,1100,1200,1200,1200,3583,0,10,63.66209699179012,1.5448828926309943,1309.4227639958262,77.01646664806029
1774611957,10,GET,/api/audio/levels (during plugin swap),4.400000,0.000000,11,26,35,58,130,190,1200,1200,1200,1200,1200,912,0,11,68.33213855823392,1.5721969539299607,1298.7376680830494,77.01973684210526
1774611957,10,GET,/api/audio/levels/plugins,4.400000,0.000000,5,6,10,13,16,18,190,190,190,190,190,912,0,6,13.733252450229452,1.5065419720485806,1342.3058059997857,20.585526315789473
1774611957,10,GET,/api/audio/status,12.800000,0.000000,5,9,16,17,19,25,220,1300,1300,1300,1300,2669,0,5,11.570832801130647,1.5238210326060653,1259.1678659664467,303.01948295241664
1774611957,10,GET,/api/chains/,0.000000,0.000000,0,0,0,0,0,0,0,0,0,0,0,64,0,13,44.4865199533524,2.089375047944486,302.3143840255216,1478.296875
1774611957,10,GET,/api/chains/{id},12.800000,0.000000,9,39,91,110,170,200,220,230,1100,1100,1100,2669,0,10,60.420224979094485,1.9238220993429422,1318.3924700133502,807.343949044586
1774611957,10,POST,/api/chains/{id}/activate,12.800000,0.000000,12,20,27,30,41,160,170,170,170,170,170,2669,0,10,27.74761679500122,1.778690959326923,1260.2180039975792,54.267515923566876
1774611957,10,POST,/api/chains/{id}/deactivate,12.800000,0.000000,6,10,13,15,19,22,110,150,150,150,150,2669,0,5,11.32707146086942,1.7843160312622786,1286.3739950116724,61.306856500562006
1774611957,10,POST,/api/plugins/batch/parameters (500 updates),6.300000,0.000000,20,57,110,130,200,220,1100,1200,1200,1200,1200,1743,0,19,71.63601815298453,5.447239032946527,1365.1708320248872,866.5800344234079
1774611957,10,GET,/api/plugins/discover,0.000000,0.000000,0,0,0,0,0,0,0,0,0,0,0,64,0,28,37.74846755004546,12.908800039440393,155.31902690418065,89708.0
1774611957,10,GET,/api/plugins/list,0.000000,0.000000,0,0,0,0,0,0,0,0,0,0,0,64,0,11,26.758709516798262,1.6044959193095565,192.37323594279587,72.953125
1774611957,10,POST,/api/plugins/load?uri,4.400000,0.000000,6,16,18,20,24,30,180,180,180,180,180,912,0,9,26.65760790344058,1.882247976027429,1256.7783229751512,2376.6491228070176
1774611957,10,POST,/api/plugins/unload?uri,4.400000,0.000000,6,9,11,13,15,18,27,27,27,27,27,912,0,6,11.114549714348916,1.7988779582083225,222.2753749229014,127.39473684210526
1774611957,10,,Aggregated,110.300000,0.000000,8,16,21,26,120,170,200,230,1300,1300,1300,23424,0,9,36.397031911973166,1.4929859898984432,1365.1708320248872,571.6384477459017
1774611958,10,GET,/api/audio/latency,17.500000,0.000000,6,13,17,22,30,150,160,180,200,200,200,3609,0,8,24.170495408937338,1.4929859898984432,1326.6441239975393,33.03602105846495
1774611958,10,GET,/api/audio/levels,17.500000,0.000000,10,18,48,94,160,170,1000,1100,1200,1200,1200,3610,0,10,63.305941504333425,1.5448828926309943,1309.4227639958262,76.99722991689751
1774611958,10,GET,/api/audio/levels (during plugin swap),3.900000,0.000000,7,18,26,58,130,190,1200,1200,1200,1200,1200,918,0,10,67.91361081611754,1.5721969539299607,1298.7376680830494,77.00762527233115
1774611958,10,GET,/api/audio/levels/plugins,3.900000,0.000000,4,6,10,12,16,19,190,190,190,190,190,918,0,6,13.691338451659359,1.5065419720485806,1342.3058059997857,20.570806100217865
1774611958,10,GET,/api/audio/status,11.900000,0.000000,5,7,10,13,19,25,220,1300,1300,1300,1300,2679,0,5,11.543740210687924,1.5238210326060653,1259.1678659664467,303.0194102276969
1774611958,10,GET,/api/chains/,0.000000,0.000000,0,0,0,0,0,0,0,0,0,0,0,64,0,13,44.4865199533524,2.089375047944486,302.3143840255216,1478.296875
1774611958,10,GET,/api/chains/{id},12.100000,0.000000,7,16,49,91,170,190,220,230,1100,1100,1100,2680,0,10,60.19830893931056,1.9238220993429422,1318.3924700133502,807.5108208955224
1774611958,10,POST,/api/chains/{id}/activate,12.000000,0.000000,8,16,26,28,35,150,150,160,160,160,160,2680,0,10,27.678834351731826,1.778690959326923,1260.2180039975792,54.26305970149254
1774611958,10,POST,/api/chains/{id}/deactivate,12.200000,0.000000,6,9,11,12,16,20,44,150,150,150,150,2679,0,5,11.309313850658805,1.7843160312622786,1286.3739950116724,61.30944382232176
1774611958,10,POST,/api/plugins/batch/parameters (500 updates),6.200000,0.000000,19,28,62,110,190,200,1100,1200,1200,1200,1200,1752,0,19,71.34385138458241,5.447239032946527,1365.1708320248872,866.7049086757991
1774611958,10,GET,/api/plugins/discover,0.000000,0.000000,0,0,0,0,0,0,0,0,0,0,0,64,0,28,37.74846755004546,12.908800039440393,155.31902690418065,89708.0
1774611958,10,GET,/api/plugins/list,0.000000,0.000000,0,0,0,0,0,0,0,0,0,0,0,64,0,11,26.758709516798262,1.6044959193095565,192.37323594279587,72.953125
1774611958,10,POST,/api/plugins/load?uri,3.900000,0.000000,5,10,17,18,24,28,180,180,180,180,180,918,0,8,26.513895763399805,1.882247976027429,1256.7783229751512,2381.79302832244
1774611958,10,POST,/api/plugins/unload?uri,4.000000,0.000000,4,9,11,11,13,19,27,27,27,27,27,918,0,6,11.086441117160282,1.7988779582083225,222.2753749229014,127.40196078431373
1774611958,10,,Aggregated,105.100000,0.000000,7,13,18,23,95,160,200,230,1300,1300,1300,23553,0,9,36.254418525499695,1.4929859898984432,1365.1708320248872,570.4095019742708
1774611959,10,GET,/api/audio/latency,18.000000,0.000000,8,15,21,24,34,150,160,180,200,200,200,3630,0,8,24.19658201787051,1.4929859898984432,1326.6441239975393,33.035812672176306
1774611959,10,GET,/api/audio/levels,18.000000,0.000000,12,21,95,130,170,190,1000,1100,1200,1200,1200,3630,0,10,63.3634999501211,1.5448828926309943,1309.4227639958262,77.01101928374656
1774611959,10,GET,/api/audio/levels (during plugin swap),4.300000,0.000000,8,26,58,100,130,190,1200,1200,1200,1200,1200,921,0,10,67.95926905670946,1.5721969539299607,1298.7376680830494,77.0228013029316
1774611959,10,GET,/api/audio/levels/plugins,4.300000,0.000000,5,7,12,13,16,19,190,190,190,190,190,921,0,6,13.690159147216995,1.5065419720485806,1342.3058059997857,20.577633007600433
1774611959,10,GET,/api/audio/status,12.200000,0.000000,5,8,12,17,19,25,220,1300,1300,1300,1300,2692,0,5,11.592227555458527,1.5238210326060653,1259.1678659664467,303.0193164933135
1774611959,10,GET,/api/chains/,0.000000,0.000000,0,0,0,0,0,0,0,0,0,0,0,64,0,13,44.4865199533524,2.089375047944486,302.3143840255216,1478.296875
1774611959,10,GET,/api/chains/{id},12.200000,0.000000,9,24,76,100,170,190,220,230,1100,1100,1100,2692,0,10,60.18084483975365,1.9238220993429422,1318.3924700133502,807.513001485884
1774611959,10,POST,/api/chains/{id}/activate,12.200000,0.000000,10,20,26,29,40,150,150,160,160,160,160,2692,0,10,27.646318277356908,1.778690959326923,1260.2180039975792,54.251485884101044
1774611959,10,POST,/api/chains/{id}/deactivate,12.200000,0.000000,7,9,11,13,18,20,44,150,150,150,150,2691,0,5,11.292610688820973,1.7843160312622786,1286.3739950116724,61.31252322556671
1774611959,10,POST,/api/plugins/batch/parameters (500 updates),6.800000,0.000000,22,41,100,120,190,200,1100,1200,1200,1200,1200,1757,0,19,71.3778439799629,5.447239032946527,1365.1708320248872,866.5856573705179
1774611959,10,GET,/api/plugins/discover,0.000000,0.000000,0,0,0,0,0,0,0,0,0,0,0,64,0,28,37.74846755004546,12.908800039440393,155.31902690418065,89708.0
1774611959,10,GET,/api/plugins/list,0.000000,0.000000,0,0,0,0,0,0,0,0,0,0,0,64,0,11,26.758709516798262,1.6044959193095565,192.37323594279587,72.953125
1774611959,10,POST,/api/plugins/load?uri,4.300000,0.000000,6,16,18,20,24,28,180,180,180,180,180,921,0,8,26.477095072615757,1.882247976027429,1256.7783229751512,2379.4918566775245
1774611959,10,POST,/api/plugins/unload?uri,4.300000,0.000000,6,9,11,11,13,19,190,190,190,190,190,921,0,6,11.26970174311823,1.7988779582083225,222.2753749229014,127.38979370249729
1774611959,10,,Aggregated,108.800000,0.000000,8,15,21,26,130,170,200,230,1300,1300,1300,23660,0,9,36.27298834840141,1.4929859898984432,1365.1708320248872,568.9759509721048
1774611960,10,GET,/api/audio/latency,17.400000,0.000000,7,12,17,21,29,38,160,160,180,180,180,3653,0,8,24.09521938982205,1.4929859898984432,1326.6441239975393,33.0355871886121
1774611960,10,GET,/api/audio/levels,17.100000,0.000000,9,15,24,79,150,170,1000,1100,1200,1200,1200,3653,0,10,63.00721637660659,1.5448828926309943,1309.4227639958262,77.0
1774611960,10,GET,/api/audio/levels (during plugin swap),4.100000,0.000000,8,13,26,100,160,200,1200,1200,1200,1200,1200,923,0,10,67.83401414326705,1.5721969539299607,1298.7376680830494,77.02816901408451
1774611960,10,GET,/api/audio/levels/plugins,4.200000,0.000000,4,6,12,14,17,20,190,190,190,190,190,923,0,6,13.678564428465839,1.5065419720485806,1342.3058059997857,20.577464788732396
1774611960,10,GET,/api/audio/status,11.600000,0.000000,5,8,12,17,19,22,220,1300,1300,1300,1300,2709,0,5,11.56121650403871,1.5238210326060653,1259.1678659664467,303.0191952750092
1774611960,10,GET,/api/chains/,0.000000,0.000000,0,0,0,0,0,0,0,0,0,0,0,64,0,13,44.4865199533524,2.089375047944486,302.3143840255216,1478.296875
1774611960,10,GET,/api/chains/{id},11.200000,0.000000,8,19,23,52,170,180,220,230,1100,1100,1100,2710,0,10,59.841464029030526,1.9238220993429422,1318.3924700133502,807.649446494465
1774611960,10,POST,/api/chains/{id}/activate,11.600000,0.000000,8,15,22,26,33,44,150,160,160,160,160,2710,0,9,27.515013502503493,1.778690959326923,1260.2180039975792,54.28044280442804
1774611960,10,POST,/api/chains/{id}/deactivate,11.600000,0.000000,7,10,12,13,19,22,44,150,150,150,150,2709,0,5,11.270229944728257,1.7843160312622786,1286.3739950116724,61.298634182355116
1774611960,10,POST,/api/plugins/batch/parameters (500 updates),6.300000,0.000000,20,31,62,110,190,200,1100,1200,1200,1200,1200,1763,0,19,71.19781023416493,5.447239032946527,1365.1708320248872,866.5700510493477
1774611960,10,GET,/api/plugins/discover,0.000000,0.000000,0,0,0,0,0,0,0,0,0,0,0,64,0,28,37.74846755004546,12.908800039440393,155.31902690418065,89708.0
1774611960,10,GET,/api/plugins/list,0.000000,0.000000,0,0,0,0,0,0,0,0,0,0,0,64,0,11,26.758709516798262,1.6044959193095565,192.37323594279587,72.953125
1774611960,10,POST,/api/plugins/load?uri,4.200000,0.000000,5,10,18,20,24,160,180,180,180,180,180,923,0,8,26.43272703445899,1.882247976027429,1256.7783229751512,2379.4442036836404
1774611960,10,POST,/api/plugins/unload?uri,4.200000,0.000000,4,9,11,11,18,27,190,190,190,190,190,923,0,6,11.258408282192288,1.7988779582083225,222.2753749229014,127.37594799566631
1774611960,10,,Aggregated,103.500000,0.000000,8,13,18,22,78,160,190,230,1300,1300,1300,23791,0,9,36.118448336179,1.4929859898984432,1365.1708320248872,567.3139842797697
1774611961,10,GET,/api/audio/latency,18.400000,0.000000,9,16,21,24,34,150,170,170,180,180,180,3677,0,8,24.248306351477776,1.4929859898984432,1326.6441239975393,33.03535490889312
1774611961,10,GET,/api/audio/levels,18.600000,0.000000,11,20,84,110,160,180,1000,1100,1200,1200,1200,3677,0,10,63.21051073056586,1.5448828926309943,1309.4227639958262,77.01278215936905
1774611961,10,GET,/api/audio/levels (during plugin swap),4.300000,0.000000,8,14,70,100,160,200,1200,1200,1200,1200,1200,924,0,10,67.76470871346406,1.5721969539299607,1298.7376680830494,77.02380952380952
1774611961,10,GET,/api/audio/levels/plugins,4.300000,0.000000,5,7,13,14,17,20,190,190,190,190,190,924,0,6,13.667181665022369,1.5065419720485806,1342.3058059997857,20.584415584415584
1774611961,10,GET,/api/audio/status,11.200000,0.000000,5,9,13,18,20,160,220,1300,1300,1300,1300,2721,0,5,11.687940368348393,1.5238210326060653,1259.1678659664467,303.0191106210952
1774611961,10,GET,/api/chains/,0.000000,0.000000,0,0,0,0,0,0,0,0,0,0,0,64,0,13,44.4865199533524,2.089375047944486,302.3143840255216,1478.296875
1774611961,10,GET,/api/chains/{id},11.300000,0.000000,9,22,65,98,170,180,220,230,1100,1100,1100,2721,0,10,59.8785247349015,1.9238220993429422,1318.3924700133502,807.6843072399853
1774611961,10,POST,/api/chains/{id}/activate,11.200000,0.000000,10,19,26,27,40,150,160,170,170,170,170,2721,0,10,27.585309541752395,1.778690959326923,1260.2180039975792,54.276001470047774
1774611961,10,POST,/api/chains/{id}/deactivate,11.100000,0.000000,7,10,12,14,18,22,44,150,150,150,150,2721,0,5,11.265276434803255,1.7843160312622786,1286.3739950116724,61.292539507533995
1774611961,10,POST,/api/plugins/batch/parameters (500 updates),6.800000,0.000000,23,41,110,130,190,200,1100,1200,1200,1200,1200,1765,0,19,71.2857869212323,5.447239032946527,1365.1708320248872,866.5195467422096
1774611961,10,GET,/api/plugins/discover,0.000000,0.000000,0,0,0,0,0,0,0,0,0,0,0,64,0,28,37.74846755004546,12.908800039440393,155.31902690418065,89708.0
1774611961,10,GET,/api/plugins/list,0.000000,0.000000,0,0,0,0,0,0,0,0,0,0,0,64,0,11,26.758709516798262,1.6044959193095565,192.37323594279587,72.953125
1774611961,10,POST,/api/plugins/load?uri,4.300000,0.000000,5,12,20,20,24,160,180,180,180,180,180,924,0,8,26.40839516426118,1.882247976027429,1256.7783229751512,2378.472943722944
1774611961,10,POST,/api/plugins/unload?uri,4.300000,0.000000,4,10,11,11,18,27,190,190,190,190,190,924,0,6,11.250136951811095,1.7988779582083225,222.2753749229014,127.38095238095238
1774611961,10,,Aggregated,105.800000,0.000000,9,15,21,26,130,170,200,230,1300,1300,1300,23891,0,9,36.20046993884999,1.4929859898984432,1365.1708320248872,565.7750198819639
1774611962,10,GET,/api/audio/latency,18.300000,0.000000,8,14,19,21,33,150,170,170,180,180,180,3693,0,8,24.18139424922629,1.4929859898984432,1326.6441239975393,33.03520173300839
1774611962,10,GET,/api/audio/levels,18.200000,0.000000,10,18,57,95,150,170,190,210,210,210,210,3693,0,10,62.97364521532345,1.5448828926309943,1309.4227639958262,76.99891686975359
1774611962,10,GET,/api/audio/levels (during plugin swap),4.100000,0.000000,7,13,26,70,130,190,200,200,200,200,200,925,0,10,67.70325376136178,1.5721969539299607,1298.7376680830494,77.03351351351351
1774611962,10,GET,/api/audio/levels/plugins,4.100000,0.000000,4,11,14,14,17,20,190,190,190,190,190,925,0,6,13.656379744360173,1.5065419720485806,1342.3058059997857,20.591351351351353
1774611962,10,GET,/api/audio/status,11.100000,0.000000,5,8,13,16,19,110,180,200,220,220,220,2735,0,5,11.667274504344931,1.5238210326060653,1259.1678659664467,303.01901279707494
1774611962,10,GET,/api/chains/,0.000000,0.000000,0,0,0,0,0,0,0,0,0,0,0,64,0,13,44.4865199533524,2.089375047944486,302.3143840255216,1478.296875
1774611962,10,GET,/api/chains/{id},11.100000,0.000000,9,19,30,52,130,170,180,180,200,200,200,2735,0,10,59.63626795131679,1.9238220993429422,1318.3924700133502,807.6866544789763
1774611962,10,POST,/api/chains/{id}/activate,11.100000,0.000000,9,17,22,26,33,49,160,170,170,170,170,2735,0,10,27.51883799967848,1.778690959326923,1260.2180039975792,54.287020109689216
1774611962,10,POST,/api/chains/{id}/deactivate,11.000000,0.000000,6,9,11,12,15,20,25,150,150,150,150,2735,0,5,11.229669101454549,1.7843160312622786,1286.3739950116724,61.296160877513714
1774611962,10,POST,/api/plugins/batch/parameters (500 updates),6.500000,0.000000,21,29,44,62,160,190,200,230,230,230,230,1772,0,19,71.08068269679825,5.447239032946527,1365.1708320248872,866.5846501128668
1774611962,10,GET,/api/plugins/discover,0.000000,0.000000,0,0,0,0,0,0,0,0,0,0,0,64,0,28,37.74846755004546,12.908800039440393,155.31902690418065,89708.0
1774611962,10,GET,/api/plugins/list,0.000000,0.000000,0,0,0,0,0,0,0,0,0,0,0,64,0,11,26.758709516798262,1.6044959193095565,192.37323594279587,72.953125
1774611962,10,POST,/api/plugins/load?uri,4.100000,0.000000,5,12,20,22,24,160,180,180,180,180,180,925,0,8,26.404683392218036,1.882247976027429,1256.7783229751512,2376.996756756757
1774611962,10,POST,/api/plugins/unload?uri,4.100000,0.000000,4,9,11,11,13,27,190,190,190,190,190,925,0,6,11.244368522704855,1.7988779582083225,222.2753749229014,127.37189189189189
1774611962,10,,Aggregated,103.700000,0.000000,8,14,19,23,96,160,180,190,220,230,230,23990,0,9,36.09293524979289,1.4929859898984432,1365.1708320248872,564.5385577323885
1774611964,10,GET,/api/audio/latency,19.800000,0.000000,8,16,20,24,34,150,170,170,180,180,180,3693,0,8,24.18139424922629,1.4929859898984432,1326.6441239975393,33.03520173300839
1774611964,10,GET,/api/audio/levels,19.800000,0.000000,11,20,77,100,160,170,190,210,210,210,210,3695,0,10,62.96320041816137,1.5448828926309943,1309.4227639958262,77.00378890392422
1774611964,10,GET,/api/audio/levels (during plugin swap),3.600000,0.000000,7,11,70,100,130,190,200,200,200,200,200,925,0,10,67.70325376136178,1.5721969539299607,1298.7376680830494,77.03351351351351
1774611964,10,GET,/api/audio/levels/plugins,3.600000,0.000000,5,11,14,14,17,19,20,20,20,20,20,925,0,6,13.656379744360173,1.5065419720485806,1342.3058059997857,20.591351351351353
1774611964,10,GET,/api/audio/status,11.000000,0.000000,5,10,14,18,23,110,180,200,220,220,220,2740,0,5,11.745171772696786,1.5238210326060653,1259.1678659664467,303.0189781021898
1774611964,10,GET,/api/chains/,0.000000,0.000000,0,0,0,0,0,0,0,0,0,0,0,64,0,13,44.4865199533524,2.089375047944486,302.3143840255216,1478.296875
1774611964,10,GET,/api/chains/{id},11.000000,0.000000,10,21,52,89,170,1100,1200,1200,1300,1300,1300,2742,0,10,62.05998093724817,1.9238220993429422,1318.3924700133502,807.6553610503282
1774611964,10,POST,/api/chains/{id}/activate,10.800000,0.000000,10,18,23,26,39,140,160,170,170,170,170,2741,0,10,27.534617674603258,1.778690959326923,1260.2180039975792,54.281284202845676
1774611964,10,POST,/api/chains/{id}/deactivate,11.000000,0.000000,6,10,12,13,16,25,100,150,150,150,150,2739,0,5,11.328209582884538,1.7843160312622786,1286.3739950116724,61.29718875502008
1774611964,10,POST,/api/plugins/batch/parameters (500 updates),6.200000,0.000000,23,41,120,160,200,1100,1100,1200,1200,1200,1200,1776,0,19,73.49835903077546,5.447239032946527,1365.1708320248872,866.4938063063063
1774611964,10,GET,/api/plugins/discover,0.000000,0.000000,0,0,0,0,0,0,0,0,0,0,0,64,0,28,37.74846755004546,12.908800039440393,155.31902690418065,89708.0
1774611964,10,GET,/api/plugins/list,0.000000,0.000000,0,0,0,0,0,0,0,0,0,0,0,64,0,11,26.758709516798262,1.6044959193095565,192.37323594279587,72.953125
1774611964,10,POST,/api/plugins/load?uri,3.600000,0.000000,6,16,22,23,28,160,180,180,180,180,180,925,0,8,26.404683392218036,1.882247976027429,1256.7783229751512,2376.996756756757
1774611964,10,POST,/api/plugins/unload?uri,3.600000,0.000000,4,7,10,11,13,19,190,190,190,190,190,925,0,6,11.244368522704855,1.7988779582083225,222.2753749229014,127.37189189189189
1774611964,10,,Aggregated,104.000000,0.000000,9,15,21,26,120,170,200,1100,1300,1300,1300,24018,0,9,36.57228837747844,1.4929859898984432,1365.1708320248872,564.3433258389541
1774611965,10,GET,/api/audio/latency,20.900000,0.000000,9,17,23,26,35,150,170,170,180,180,180,3712,0,8,24.24490091897465,1.4929859898984432,1326.6441239975393,33.035021551724135
1774611965,10,GET,/api/audio/levels,20.900000,0.000000,11,21,77,100,160,170,190,210,210,210,210,3712,0,10,62.98403212205248,1.5448828926309943,1309.4227639958262,77.00296336206897
1774611965,10,GET,/api/audio/levels (during plugin swap),3.600000,0.000000,6,11,22,100,130,170,200,200,200,200,200,929,0,10,67.60965215643232,1.5721969539299607,1298.7376680830494,77.01614639397201
1774611965,10,GET,/api/audio/levels/plugins,3.600000,0.000000,5,12,14,16,19,20,25,25,25,25,25,929,0,6,13.648260474271183,1.5065419720485806,1342.3058059997857,20.604951560818083
1774611965,10,GET,/api/audio/status,12.100000,0.000000,5,9,17,19,23,100,160,180,220,220,220,2750,0,5,11.729650591754101,1.5238210326060653,1259.1678659664467,303.0189090909091
1774611965,10,GET,/api/chains/,0.000000,0.000000,0,0,0,0,0,0,0,0,0,0,0,64,0,13,44.4865199533524,2.089375047944486,302.3143840255216,1478.296875
1774611965,10,GET,/api/chains/{id},12.100000,0.000000,10,21,57,89,170,1100,1200,1200,1300,1300,1300,2750,0,10,61.98045520535247,1.9238220993429422,1318.3924700133502,807.6574545454546
1774611965,10,POST,/api/chains/{id}/activate,12.100000,0.000000,10,18,24,26,35,49,160,170,170,170,170,2750,0,10,27.541210249828342,1.778690959326923,1260.2180039975792,54.27272727272727
1774611965,10,POST,/api/chains/{id}/deactivate,12.100000,0.000000,6,9,12,13,18,24,100,100,150,150,150,2750,0,5,11.31983762882142,1.7843160312622786,1286.3739950116724,61.29090909090909
1774611965,10,POST,/api/plugins/batch/parameters (500 updates),6.700000,0.000000,23,30,44,130,190,1100,1100,1200,1200,1200,1200,1787,0,19,73.23524469209269,5.447239032946527,1365.1708320248872,866.3928371572467
1774611965,10,GET,/api/plugins/discover,0.000000,0.000000,0,0,0,0,0,0,0,0,0,0,0,64,0,28,37.74846755004546,12.908800039440393,155.31902690418065,89708.0
1774611965,10,GET,/api/plugins/list,0.000000,0.000000,0,0,0,0,0,0,0,0,0,0,0,64,0,11,26.758709516798262,1.6044959193095565,192.37323594279587,72.953125
1774611965,10,POST,/api/plugins/load?uri,3.600000,0.000000,6,16,20,23,28,160,180,180,180,180,180,929,0,8,26.487642345274324,1.882247976027429,1256.7783229751512,2380.5382131324004
1774611965,10,POST,/api/plugins/unload?uri,3.600000,0.000000,4,10,11,11,14,19,190,190,190,190,190,929,0,6,11.227773116882469,1.7988779582083225,222.2753749229014,127.36813778256189
1774611965,10,,Aggregated,111.300000,0.000000,9,16,21,26,110,170,190,1100,1300,1300,1300,24119,0,9,36.55780391927327,1.4929859898984432,1365.1708320248872,563.4558646710062
1774611966,10,GET,/api/audio/latency,20.900000,0.000000,9,18,23,25,31,150,170,170,180,180,180,3733,0,8,24.157340775524357,1.4929859898984432,1326.6441239975393,33.03482453790517
1774611966,10,GET,/api/audio/levels,20.900000,0.000000,11,21,83,110,160,170,190,210,210,210,210,3733,0,10,62.861186940231214,1.5448828926309943,1309.4227639958262,77.0117867666756
1774611966,10,GET,/api/audio/levels (during plugin swap),3.600000,0.000000,10,12,110,120,160,170,200,200,200,200,200,934,0,10,67.57376080329531,1.5721969539299607,1298.7376680830494,77.03640256959315
1774611966,10,GET,/api/audio/levels/plugins,3.600000,0.000000,11,14,16,16,19,20,25,25,25,25,25,934,0,6,13.630013429057213,1.5065419720485806,1342.3058059997857,20.62526766595289
1774611966,10,GET,/api/audio/status,12.100000,0.000000,7,13,18,19,23,100,160,180,220,220,220,2762,0,5,11.717675142391442,1.5238210326060653,1259.1678659664467,303.0188269370022
1774611966,10,GET,/api/chains/,0.000000,0.000000,0,0,0,0,0,0,0,0,0,0,0,64,0,13,44.4865199533524,2.089375047944486,302.3143840255216,1478.296875
1774611966,10,GET,/api/chains/{id},12.100000,0.000000,10,21,52,78,170,1100,1200,1200,1300,1300,1300,2763,0,10,61.79032741394939,1.9238220993429422,1318.3924700133502,807.7546145494028
1774611966,10,POST,/api/chains/{id}/activate,12.100000,0.000000,11,18,23,26,36,49,160,170,170,170,170,2763,0,10,27.463342502667363,1.778690959326923,1260.2180039975792,54.272529858849076
1774611966,10,POST,/api/chains/{id}/deactivate,12.100000,0.000000,6,9,12,13,18,24,100,100,150,150,150,2762,0,5,11.298702601434435,1.7843160312622786,1286.3739950116724,61.293989862418535
1774611966,10,POST,/api/plugins/batch/parameters (500 updates),6.700000,0.000000,21,29,41,120,170,1100,1100,1200,1200,1200,1200,1797,0,19,72.98825029355024,5.447239032946527,1365.1708320248872,866.3795214245965
1774611966,10,GET,/api/plugins/discover,0.000000,0.000000,0,0,0,0,0,0,0,0,0,0,0,64,0,28,37.74846755004546,12.908800039440393,155.31902690418065,89708.0
1774611966,10,GET,/api/plugins/list,0.000000,0.000000,0,0,0,0,0,0,0,0,0,0,0,64,0,11,26.758709516798262,1.6044959193095565,192.37323594279587,72.953125
1774611966,10,POST,/api/plugins/load?uri,3.600000,0.000000,6,16,22,23,28,160,180,180,180,180,180,934,0,8,26.407902467521247,1.882247976027429,1256.7783229751512,2377.43147751606
1774611966,10,POST,/api/plugins/unload?uri,3.600000,0.000000,7,11,11,13,17,19,190,190,190,190,190,932,0,6,11.225309449147089,1.7988779582083225,222.2753749229014,127.3530042918455
1774611966,10,,Aggregated,111.300000,0.000000,10,16,22,26,120,170,190,1100,1300,1300,1300,24239,0,9,36.47535237023244,1.4929859898984432,1365.1708320248872,562.1817319196336
1774611967,10,GET,/api/audio/latency,17.900000,0.000000,9,19,23,24,31,170,180,370,370,370,370,3748,0,8,24.412946777170763,1.4929859898984432,1326.6441239975393,33.045090715048026
1774611967,10,GET,/api/audio/levels,17.900000,0.000000,11,21,83,120,160,180,210,340,410,410,410,3748,0,10,62.99932710004532,1.5448828926309943,1309.4227639958262,77.02694770544291
1774611967,10,GET,/api/audio/levels (during plugin swap),3.200000,0.000000,5,11,110,120,160,160,170,170,170,170,170,936,0,10,67.60182062850004,1.5721969539299607,1298.7376680830494,77.04166666666667
1774611967,10,GET,/api/audio/levels/plugins,3.200000,0.000000,11,12,16,16,17,20,25,25,25,25,25,936,0,6,13.61858073157322,1.5065419720485806,1342.3058059997857,20.625
1774611967,10,GET,/api/audio/status,11.500000,0.000000,6,11,17,19,23,100,120,160,180,180,180,2774,0,5,11.737591072622546,1.5238210326060653,1259.1678659664467,303.0187454938717
1774611967,10,GET,/api/chains/,0.000000,0.000000,0,0,0,0,0,0,0,0,0,0,0,64,0,13,44.4865199533524,2.089375047944486,302.3143840255216,1478.296875
1774611967,10,GET,/api/chains/{id},11.500000,0.000000,11,21,57,89,170,1100,1200,1200,1300,1300,1300,2774,0,10,62.10692695418551,1.9238220993429422,1318.3924700133502,807.8507570295602
1774611967,10,POST,/api/chains/{id}/activate,11.500000,0.000000,12,19,23,25,36,44,160,170,170,170,170,2774,0,10,27.43935092065615,1.778690959326923,1260.2180039975792,54.26820475847152
1774611967,10,POST,/api/chains/{id}/deactivate,11.400000,0.000000,6,10,12,14,17,23,98,100,100,100,100,2773,0,5,11.293745789402513,1.7843160312622786,1286.3739950116724,61.29679047962495
1774611967,10,POST,/api/plugins/batch/parameters (500 updates),6.500000,0.000000,21,25,35,86,180,1100,1100,1200,1200,1200,1200,1802,0,19,73.08859752650558,5.447239032946527,1365.1708320248872,866.5749167591565
1774611967,10,GET,/api/plugins/discover,0.000000,0.000000,0,0,0,0,0,0,0,0,0,0,0,64,0,28,37.74846755004546,12.908800039440393,155.31902690418065,89708.0
1774611967,10,GET,/api/plugins/list,0.000000,0.000000,0,0,0,0,0,0,0,0,0,0,0,64,0,11,26.758709516798262,1.6044959193095565,192.37323594279587,72.953125
1774611967,10,POST,/api/plugins/load?uri,3.200000,0.000000,5,10,22,22,23,160,350,350,350,350,350,936,0,8,26.72940880730828,1.882247976027429,1256.7783229751512,2381.6794871794873
1774611967,10,POST,/api/plugins/unload?uri,3.200000,0.000000,7,11,17,19,100,110,190,190,190,190,190,936,0,6,11.429028908431562,1.7988779582083225,222.2753749229014,127.39636752136752
1774611967,10,,Aggregated,101.000000,0.000000,10,16,22,25,120,170,370,1100,1300,1300,1300,24329,0,9,36.595012320814725,1.4929859898984432,1365.1708320248872,561.333758066505
1774611968,10,GET,/api/audio/latency,17.900000,0.000000,9,19,23,24,31,170,170,370,370,370,370,3765,0,8,24.32704999443678,1.4929859898984432,1326.6441239975393,33.04488711819389
1774611968,10,GET,/api/audio/levels,17.900000,0.000000,11,20,73,110,160,180,210,340,410,410,410,3765,0,10,62.74498215400964,1.5448828926309943,1309.4227639958262,77.02257636122178
1774611968,10,GET,/api/audio/levels (during plugin swap),3.200000,0.000000,10,12,30,120,160,160,170,170,170,170,170,943,0,10,67.16932454094595,1.5721969539299607,1298.7376680830494,77.0254506892895
1774611968,10,GET,/api/audio/levels/plugins,3.200000,0.000000,9,13,15,16,17,23,25,25,25,25,25,943,0,6,13.583230574552092,1.5065419720485806,1342.3058059997857,20.6033934252386
1774611968,10,GET,/api/audio/status,11.500000,0.000000,6,9,14,18,23,100,110,120,180,180,180,2790,0,5,11.695714642862892,1.5238210326060653,1259.1678659664467,303.01863799283154
1774611968,10,GET,/api/chains/,0.000000,0.000000,0,0,0,0,0,0,0,0,0,0,0,64,0,13,44.4865199533524,2.089375047944486,302.3143840255216,1478.296875
1774611968,10,GET,/api/chains/{id},11.500000,0.000000,10,21,47,65,150,1100,1200,1200,1300,1300,1300,2794,0,10,61.7829665123987,1.9238220993429422,1318.3924700133502,807.9148174659986
1774611968,10,POST,/api/chains/{id}/activate,11.500000,0.000000,10,17,22,24,31,41,160,170,170,170,170,2790,0,10,27.319146654031183,1.778690959326923,1260.2180039975792,54.2652329749104
1774611968,10,POST,/api/chains/{id}/deactivate,11.400000,0.000000,6,11,13,14,17,24,98,100,100,100,100,2790,0,5,11.276974329369404,1.7843160312622786,1286.3739950116724,61.30107526881721
1774611968,10,POST,/api/plugins/batch/parameters (500 updates),6.500000,0.000000,20,25,31,41,180,1100,1100,1200,1200,1200,1200,1810,0,19,72.80791422258291,5.447239032946527,1365.1708320248872,866.5668508287292
1774611968,10,GET,/api/plugins/discover,0.000000,0.000000,0,0,0,0,0,0,0,0,0,0,0,64,0,28,37.74846755004546,12.908800039440393,155.31902690418065,89708.0
1774611968,10,GET,/api/plugins/list,0.000000,0.000000,0,0,0,0,0,0,0,0,0,0,0,64,0,11,26.758709516798262,1.6044959193095565,192.37323594279587,72.953125
1774611968,10,POST,/api/plugins/load?uri,3.200000,0.000000,6,12,20,22,23,160,350,350,350,350,350,943,0,8,26.583991994170724,1.882247976027429,1256.7783229751512,2382.2470837751857
1774611968,10,POST,/api/plugins/unload?uri,3.200000,0.000000,6,10,14,17,100,110,190,190,190,190,190,943,0,6,11.389578171029948,1.7988779582083225,222.2753749229014,127.45705196182396
1774611968,10,,Aggregated,101.000000,0.000000,9,15,21,24,100,170,350,1100,1300,1300,1300,24468,0,9,36.43447312259622,1.4929859898984432,1365.1708320248872,560.215914664051
1774611969,10,GET,/api/audio/latency,17.400000,0.000000,11,20,23,25,120,170,370,370,370,370,370,3780,0,8,24.53248083595157,1.4929859898984432,1326.6441239975393,33.04814814814815
1774611969,10,GET,/api/audio/levels,17.500000,0.000000,11,26,91,110,160,180,210,340,410,410,410,3780,0,10,62.802807362898,1.5448828926309943,1309.4227639958262,77.02380952380952
1774611969,10,GET,/api/audio/levels (during plugin swap),2.900000,0.000000,10,12,110,120,160,160,170,170,170,170,170,945,0,10,67.27419662653966,1.5721969539299607,1298.7376680830494,77.01693121693121
1774611969,10,GET,/api/audio/levels/plugins,2.900000,0.000000,9,14,16,17,25,110,110,110,110,110,110,945,0,6,13.792797370207689,1.5065419720485806,1342.3058059997857,20.616931216931217
1774611969,10,GET,/api/audio/status,11.300000,0.000000,6,12,18,19,31,110,130,130,180,180,180,2803,0,5,11.850173324542576,1.5238210326060653,1259.1678659664467,303.0185515519087
1774611969,10,GET,/api/chains/,0.000000,0.000000,0,0,0,0,0,0,0,0,0,0,0,64,0,13,44.4865199533524,2.089375047944486,302.3143840255216,1478.296875
1774611969,10,GET,/api/chains/{id},11.300000,0.000000,10,21,60,91,190,1100,1200,1200,1300,1300,1300,2803,0,10,61.86036852681315,1.9238220993429422,1318.3924700133502,807.9464859079558
1774611969,10,POST,/api/chains/{id}/activate,11.300000,0.000000,10,19,23,28,88,150,170,220,230,230,230,2803,0,10,27.637703369145324,1.778690959326923,1260.2180039975792,54.25615412058509
1774611969,10,POST,/api/chains/{id}/deactivate,11.300000,0.000000,7,12,14,15,18,23,98,100,100,100,100,2802,0,5,11.282919311954466,1.7843160312622786,1286.3739950116724,61.30406852248394
1774611969,10,POST,/api/plugins/batch/parameters (500 updates),6.300000,0.000000,19,24,30,77,190,1100,1100,1200,1200,1200,1200,1813,0,19,72.83853775946453,5.447239032946527,1365.1708320248872,866.4793160507446
1774611969,10,GET,/api/plugins/discover,0.000000,0.000000,0,0,0,0,0,0,0,0,0,0,0,64,0,28,37.74846755004546,12.908800039440393,155.31902690418065,89708.0
1774611969,10,GET,/api/plugins/list,0.000000,0.000000,0,0,0,0,0,0,0,0,0,0,0,64,0,11,26.758709516798262,1.6044959193095565,192.37323594279587,72.953125
1774611969,10,POST,/api/plugins/load?uri,2.900000,0.000000,6,12,23,23,220,220,350,350,350,350,350,945,0,8,27.000090474676753,1.882247976027429,1256.7783229751512,2378.757671957672
1774611969,10,POST,/api/plugins/unload?uri,2.900000,0.000000,7,11,17,23,26,100,110,110,110,110,110,945,0,6,11.419680553720031,1.7988779582083225,222.2753749229014,127.45714285714286
1774611969,10,,Aggregated,98.000000,0.000000,10,16,23,27,130,170,370,1100,1300,1300,1300,24556,0,9,36.56003091597879,1.4929859898984432,1365.1708320248872,558.9720231308031
1774611970,10,GET,/api/audio/latency,17.400000,0.000000,8,20,24,25,120,170,370,370,370,370,370,3795,0,8,24.458936508806307,1.4929859898984432,1326.6441239975393,33.04795783926219
1774611970,10,GET,/api/audio/levels,17.500000,0.000000,12,30,97,120,160,180,210,340,410,410,410,3795,0,10,62.58353302991496,1.5448828926309943,1309.4227639958262,77.02160737812912
1774611970,10,GET,/api/audio/levels (during plugin swap),2.900000,0.000000,4,12,16,110,160,160,170,170,170,170,170,952,0,10,66.81103514497141,1.5721969539299607,1298.7376680830494,76.9873949579832
1774611970,10,GET,/api/audio/levels/plugins,2.900000,0.000000,5,12,15,16,25,110,110,110,110,110,110,952,0,6,13.72124173200568,1.5065419720485806,1342.3058059997857,20.595588235294116
1774611970,10,GET,/api/audio/status,11.300000,0.000000,6,13,18,20,28,110,130,130,180,180,180,2823,0,5,11.822162124986805,1.5238210326060653,1259.1678659664467,303.01842012043926
1774611970,10,GET,/api/chains/,0.000000,0.000000,0,0,0,0,0,0,0,0,0,0,0,64,0,13,44.4865199533524,2.089375047944486,302.3143840255216,1478.296875
1774611970,10,GET,/api/chains/{id},11.300000,0.000000,9,18,50,89,170,1100,1200,1200,1300,1300,1300,2823,0,10,61.46808273700507,1.9238220993429422,1318.3924700133502,808.1962451292951
1774611970,10,POST,/api/chains/{id}/activate,11.300000,0.000000,9,18,23,27,42,150,170,220,230,230,230,2823,0,9,27.48591550245645,1.778690959326923,1260.2180039975792,54.27027984413744
1774611970,10,POST,/api/chains/{id}/deactivate,11.300000,0.000000,7,13,15,16,19,23,98,100,100,100,100,2823,0,5,11.268360496723309,1.7843160312622786,1286.3739950116724,61.30924548352816
1774611970,10,POST,/api/plugins/batch/parameters (500 updates),6.300000,0.000000,14,24,29,35,180,1100,1100,1200,1200,1200,1200,1825,0,19,72.45287980099707,5.447239032946527,1365.1708320248872,866.5419178082192
1774611970,10,GET,/api/plugins/discover,0.000000,0.000000,0,0,0,0,0,0,0,0,0,0,0,64,0,28,37.74846755004546,12.908800039440393,155.31902690418065,89708.0
1774611970,10,GET,/api/plugins/list,0.000000,0.000000,0,0,0,0,0,0,0,0,0,0,0,64,0,11,26.758709516798262,1.6044959193095565,192.37323594279587,72.953125
1774611970,10,POST,/api/plugins/load?uri,2.900000,0.000000,5,11,13,23,220,220,350,350,350,350,350,952,0,8,26.82743893844318,1.882247976027429,1256.7783229751512,2385.8172268907565
1774611970,10,POST,/api/plugins/unload?uri,2.900000,0.000000,5,11,16,20,26,100,110,110,110,110,110,952,0,6,11.375100427931331,1.7988779582083225,222.2753749229014,127.42752100840336
1774611970,10,,Aggregated,98.000000,0.000000,9,16,22,26,120,170,350,1100,1300,1300,1300,24707,0,9,36.38100544786165,1.4929859898984432,1365.1708320248872,558.0804225523132
1774611971,10,GET,/api/audio/latency,17.000000,0.000000,7,16,23,24,160,220,370,370,370,370,370,3809,0,8,24.578939769672555,1.4929859898984432,1326.6441239975393,33.04778156996587
1774611971,10,GET,/api/audio/levels,16.800000,0.000000,11,26,73,110,160,180,190,340,410,410,410,3809,0,11,62.72627780899546,1.5448828926309943,1309.4227639958262,77.03071672354949
1774611971,10,GET,/api/audio/levels (during plugin swap),2.700000,0.000000,7,13,59,110,160,170,180,180,180,180,180,957,0,10,66.82223368442423,1.5721969539299607,1298.7376680830494,76.98014629049112
1774611971,10,GET,/api/audio/levels/plugins,2.700000,0.000000,5,10,15,16,25,110,200,200,200,200,200,957,0,6,13.877128100299053,1.5065419720485806,1342.3058059997857,20.601880877742946
1774611971,10,GET,/api/audio/status,12.100000,0.000000,6,13,16,19,26,100,130,130,130,130,130,2833,0,5,11.816071113941359,1.5238210326060653,1259.1678659664467,303.01835510060005
1774611971,10,GET,/api/chains/,0.000000,0.000000,0,0,0,0,0,0,0,0,0,0,0,64,0,13,44.4865199533524,2.089375047944486,302.3143840255216,1478.296875
1774611971,10,GET,/api/chains/{id},12.100000,0.000000,9,22,60,98,190,1100,1200,1200,1300,1300,1300,2833,0,10,61.5711801894472,1.9238220993429422,1318.3924700133502,808.1955524179315
1774611971,10,POST,/api/chains/{id}/activate,12.200000,0.000000,9,17,23,26,41,150,180,220,230,230,230,2833,0,10,27.49825627615355,1.778690959326923,1260.2180039975792,54.26403106247794
1774611971,10,POST,/api/chains/{id}/deactivate,12.200000,0.000000,6,12,15,16,18,22,98,100,100,100,100,2833,0,5,11.251695019484258,1.7843160312622786,1286.3739950116724,61.31168372749735
1774611971,10,POST,/api/plugins/batch/parameters (500 updates),5.900000,0.000000,14,25,31,86,180,1100,1100,1200,1200,1200,1200,1834,0,19,72.54390919559728,5.447239032946527,1365.1708320248872,866.5572519083969
1774611971,10,GET,/api/plugins/discover,0.000000,0.000000,0,0,0,0,0,0,0,0,0,0,0,64,0,28,37.74846755004546,12.908800039440393,155.31902690418065,89708.0
1774611971,10,GET,/api/plugins/list,0.000000,0.000000,0,0,0,0,0,0,0,0,0,0,0,64,0,11,26.758709516798262,1.6044959193095565,192.37323594279587,72.953125
1774611971,10,POST,/api/plugins/load?uri,2.700000,0.000000,6,12,13,22,160,220,350,350,350,350,350,957,0,8,26.743162194920885,1.882247976027429,1256.7783229751512,2382.480668756531
1774611971,10,POST,/api/plugins/unload?uri,2.700000,0.000000,6,11,16,20,26,110,160,160,160,160,160,957,0,6,11.51465759391224,1.7988779582083225,222.2753749229014,127.37513061650992
1774611971,10,,Aggregated,99.100000,0.000000,9,15,22,26,120,180,350,1100,1300,1300,1300,24804,0,9,36.449500788586505,1.4929859898984432,1365.1708320248872,557.1665860345106
1774611972,10,GET,/api/audio/latency,16.300000,0.000000,7,15,22,24,120,180,370,370,370,370,370,3825,0,8,24.509360771687106,1.4929859898984432,1326.6441239975393,33.0475816993464
1774611972,10,GET,/api/audio/levels,16.300000,0.000000,11,20,50,110,160,180,190,340,410,410,410,3827,0,10,62.48474430666639,1.5448828926309943,1309.4227639958262,77.02874314084139
1774611972,10,GET,/api/audio/levels (during plugin swap),3.100000,0.000000,5,12,59,98,160,170,180,180,180,180,180,960,0,10,66.61985572403258,1.5721969539299607,1298.7376680830494,76.96770833333333
1774611972,10,GET,/api/audio/levels/plugins,3.100000,0.000000,5,10,16,16,25,110,200,200,200,200,200,960,0,6,13.855273826993653,1.5065419720485806,1342.3058059997857,20.608333333333334
1774611972,10,GET,/api/audio/status,13.000000,0.000000,5,9,14,16,23,33,130,130,130,130,130,2857,0,5,11.750714383832914,1.5238210326060653,1259.1678659664467,303.0182009100455
1774611972,10,GET,/api/chains/,0.000000,0.000000,0,0,0,0,0,0,0,0,0,0,0,64,0,13,44.4865199533524,2.089375047944486,302.3143840255216,1478.296875
1774611972,10,GET,/api/chains/{id},13.000000,0.000000,9,17,49,82,170,440,1200,1200,1300,1300,1300,2858,0,10,61.10906302198987,1.9238220993429422,1318.3924700133502,807.9811056682995
1774611972,10,POST,/api/chains/{id}/activate,13.000000,0.000000,8,13,19,23,41,150,180,220,230,230,230,2857,0,9,27.33136184823575,1.778690959326923,1260.2180039975792,54.29471473573679
1774611972,10,POST,/api/chains/{id}/deactivate,13.100000,0.000000,6,10,14,15,18,22,98,100,100,100,100,2857,0,5,11.20683408622155,1.7843160312622786,1286.3739950116724,61.29996499824991
1774611972,10,POST,/api/plugins/batch/parameters (500 updates),6.800000,0.000000,16,24,35,86,180,1100,1100,1200,1200,1200,1200,1840,0,19,72.356241485724,5.447239032946527,1365.1708320248872,866.4875
1774611972,10,GET,/api/plugins/discover,0.000000,0.000000,0,0,0,0,0,0,0,0,0,0,0,64,0,28,37.74846755004546,12.908800039440393,155.31902690418065,89708.0
1774611972,10,GET,/api/plugins/list,0.000000,0.000000,0,0,0,0,0,0,0,0,0,0,0,64,0,11,26.758709516798262,1.6044959193095565,192.37323594279587,72.953125
1774611972,10,POST,/api/plugins/load?uri,3.100000,0.000000,5,12,13,14,160,220,350,350,350,350,350,960,0,8,26.669979632788454,1.882247976027429,1256.7783229751512,2390.554166666667
1774611972,10,POST,/api/plugins/unload?uri,3.100000,0.000000,6,11,17,20,33,110,160,160,160,160,160,960,0,6,11.51653760340802,1.7988779582083225,222.2753749229014,127.371875
1774611972,10,,Aggregated,103.900000,0.000000,8,14,20,24,110,170,340,1100,1300,1300,1300,24953,0,9,36.27735351133235,1.4929859898984432,1365.1708320248872,555.9329138780909
1774611973,10,GET,/api/audio/latency,16.300000,0.000000,7,17,24,26,160,220,370,370,370,370,370,3835,0,8,24.71683070138267,1.4929859898984432,1326.6441239975393,33.047457627118646
1774611973,10,GET,/api/audio/levels,16.300000,0.000000,12,39,110,130,170,180,250,340,410,410,410,3835,0,11,62.649220573100244,1.5448828926309943,1309.4227639958262,77.0271186440678
1774611973,10,GET,/api/audio/levels (during plugin swap),3.100000,0.000000,5,13,89,98,160,170,180,180,180,180,180,961,0,10,66.64322554637774,1.5721969539299607,1298.7376680830494,76.97710718002081
1774611973,10,GET,/api/audio/levels/plugins,3.100000,0.000000,5,12,16,17,110,170,200,200,200,200,200,961,0,6,14.020190144545989,1.5065419720485806,1342.3058059997857,20.614984391259107
1774611973,10,GET,/api/audio/status,13.000000,0.000000,5,9,14,16,27,100,130,180,190,190,190,2862,0,5,11.902632745868603,1.5238210326060653,1259.1678659664467,303.01816911250876
1774611973,10,GET,/api/chains/,0.000000,0.000000,0,0,0,0,0,0,0,0,0,0,0,64,0,13,44.4865199533524,2.089375047944486,302.3143840255216,1478.296875
1774611973,10,GET,/api/chains/{id},13.000000,0.000000,9,16,23,60,120,170,380,430,440,440,440,2862,0,10,61.13892669454646,1.9238220993429422,1318.3924700133502,808.043675751223
1774611973,10,POST,/api/chains/{id}/activate,13.000000,0.000000,8,13,22,27,150,180,230,270,530,530,530,2862,0,9,27.756974147274768,1.778690959326923,1260.2180039975792,54.287211740041926
1774611973,10,POST,/api/chains/{id}/deactivate,13.100000,0.000000,6,12,15,16,21,24,140,150,150,150,150,2862,0,5,11.342891704442096,1.7843160312622786,1286.3739950116724,61.2837176799441
1774611973,10,POST,/api/plugins/batch/parameters (500 updates),6.800000,0.000000,17,25,77,98,150,180,270,400,400,400,400,1847,0,19,72.59035335728142,5.447239032946527,1365.1708320248872,866.5614510016243
1774611973,10,GET,/api/plugins/discover,0.000000,0.000000,0,0,0,0,0,0,0,0,0,0,0,64,0,28,37.74846755004546,12.908800039440393,155.31902690418065,89708.0
1774611973,10,GET,/api/plugins/list,0.000000,0.000000,0,0,0,0,0,0,0,0,0,0,0,64,0,11,26.758709516798262,1.6044959193095565,192.37323594279587,72.953125
1774611973,10,POST,/api/plugins/load?uri,3.100000,0.000000,5,12,13,14,190,220,350,350,350,350,350,961,0,8,26.84209865598351,1.882247976027429,1256.7783229751512,2389.3777315296566
1774611973,10,POST,/api/plugins/unload?uri,3.100000,0.000000,6,14,20,23,100,160,160,160,160,160,160,961,0,6,11.668727574622865,1.7988779582083225,222.2753749229014,127.37044745057231
1774611973,10,,Aggregated,103.900000,0.000000,8,15,22,28,130,170,220,350,530,530,530,25001,0,9,36.461501202772105,1.4929859898984432,1365.1708320248872,555.4286228550858
1774611974,10,GET,/api/audio/latency,15.500000,0.000000,7,15,22,23,160,220,370,370,370,370,370,3848,0,8,24.655130800103485,1.4929859898984432,1326.6441239975393,33.0472972972973
1774611974,10,GET,/api/audio/levels,15.500000,0.000000,11,24,50,110,160,180,250,340,410,410,410,3848,0,10,62.459624091095755,1.53452402446419,1309.4227639958262,77.02027027027027
1774611974,10,GET,/api/audio/levels (during plugin swap),3.400000,0.000000,5,21,59,98,120,160,180,180,180,180,180,964,0,10,66.49768229886016,1.5721969539299607,1298.7376680830494,76.99170124481327
1774611974,10,GET,/api/audio/levels/plugins,3.400000,0.000000,5,12,15,16,110,170,200,200,200,200,200,964,0,6,14.002245767534752,1.5065419720485806,1342.3058059997857,20.607883817427386
1774611974,10,GET,/api/audio/status,12.300000,0.000000,5,8,13,15,23,110,130,180,190,190,190,2868,0,5,11.882422405814316,1.5238210326060653,1259.1678659664467,303.0181311018131
1774611974,10,GET,/api/chains/,0.000000,0.000000,0,0,0,0,0,0,0,0,0,0,0,64,0,13,44.4865199533524,2.089375047944486,302.3143840255216,1478.296875
1774611974,10,GET,/api/chains/{id},12.200000,0.000000,9,14,20,60,120,190,380,430,440,440,440,2868,0,10,61.0234418433683,1.9238220993429422,1318.3924700133502,808.1063458856346
1774611974,10,POST,/api/chains/{id}/activate,12.200000,0.000000,8,13,19,24,150,190,230,270,530,530,530,2868,0,9,27.707741149058865,1.778690959326923,1260.2180039975792,54.29044630404463
1774611974,10,POST,/api/chains/{id}/deactivate,12.300000,0.000000,6,11,14,15,18,22,140,150,150,150,150,2868,0,5,11.327034718619407,1.7843160312622786,1286.3739950116724,61.285216178521615
1774611974,10,POST,/api/plugins/batch/parameters (500 updates),7.000000,0.000000,16,27,77,98,150,180,270,400,400,400,400,1857,0,19,72.3193897662597,5.447239032946527,1365.1708320248872,866.686591276252
1774611974,10,GET,/api/plugins/discover,0.000000,0.000000,0,0,0,0,0,0,0,0,0,0,0,64,0,28,37.74846755004546,12.908800039440393,155.31902690418065,89708.0
1774611974,10,GET,/api/plugins/list,0.000000,0.000000,0,0,0,0,0,0,0,0,0,0,0,64,0,11,26.758709516798262,1.6044959193095565,192.37323594279587,72.953125
1774611974,10,POST,/api/plugins/load?uri,3.400000,0.000000,5,12,13,21,190,220,350,350,350,350,350,964,0,8,26.792555996236157,1.882247976027429,1256.7783229751512,2385.794605809129
1774611974,10,POST,/api/plugins/unload?uri,3.400000,0.000000,5,16,20,25,100,160,160,160,160,160,160,964,0,6,11.645892942087587,1.7988779582083225,222.2753749229014,127.35477178423237
1774611974,10,,Aggregated,100.600000,0.000000,8,14,19,24,120,170,220,350,530,530,530,25073,0,9,36.38147136418767,1.4929859898984432,1365.1708320248872,554.7204961512384
1774611975,10,GET,/api/audio/latency,14.200000,0.000000,10,16,22,24,160,220,370,370,370,370,370,3856,0,8,24.63207450926959,1.4929859898984432,1326.6441239975393,33.04719917012448
1774611975,10,GET,/api/audio/levels,14.200000,0.000000,12,38,92,130,180,340,1200,1200,1300,1300,1300,3856,0,11,63.915753301198755,1.53452402446419,1309.4227639958262,77.03215767634855
1774611975,10,GET,/api/audio/levels (during plugin swap),3.600000,0.000000,4,21,59,89,110,160,180,180,180,180,180,965,0,10,66.53361423532213,1.5721969539299607,1298.7376680830494,76.98756476683938
1774611975,10,GET,/api/audio/levels/plugins,3.600000,0.000000,5,9,13,15,110,170,200,200,200,200,200,965,0,6,13.993084453857007,1.5065419720485806,1342.3058059997857,20.614507772020726
1774611975,10,GET,/api/audio/status,12.700000,0.000000,5,8,12,14,23,110,130,180,190,190,190,2873,0,5,11.868524514404513,1.5238210326060653,1259.1678659664467,303.0180995475113
1774611975,10,GET,/api/chains/,0.000000,0.000000,0,0,0,0,0,0,0,0,0,0,0,64,0,13,44.4865199533524,2.089375047944486,302.3143840255216,1478.296875
1774611975,10,GET,/api/chains/{id},12.700000,0.000000,9,18,50,82,130,380,1100,1200,1200,1200,1200,2874,0,10,62.15643271457608,1.9238220993429422,1318.3924700133502,808.1064718162839
1774611975,10,POST,/api/chains/{id}/activate,12.700000,0.000000,8,13,21,26,150,190,230,270,530,530,530,2874,0,9,27.681696778516528,1.778690959326923,1260.2180039975792,54.28496868475992
1774611975,10,POST,/api/chains/{id}/deactivate,12.700000,0.000000,6,12,14,15,18,21,140,150,150,150,150,2873,0,5,11.322559242931302,1.7843160312622786,1286.3739950116724,61.28646014618865
1774611975,10,POST,/api/plugins/batch/parameters (500 updates),7.500000,0.000000,19,35,86,110,160,270,1100,1100,1100,1100,1100,1860,0,19,73.44450185216853,5.447239032946527,1365.1708320248872,866.9564516129033
1774611975,10,GET,/api/plugins/discover,0.000000,0.000000,0,0,0,0,0,0,0,0,0,0,0,64,0,28,37.74846755004546,12.908800039440393,155.31902690418065,89708.0
1774611975,10,GET,/api/plugins/list,0.000000,0.000000,0,0,0,0,0,0,0,0,0,0,0,64,0,11,26.758709516798262,1.6044959193095565,192.37323594279587,72.953125
1774611975,10,POST,/api/plugins/load?uri,3.600000,0.000000,6,12,13,14,190,220,350,350,350,350,350,965,0,8,26.785256255326377,1.882247976027429,1256.7783229751512,2384.917098445596
1774611975,10,POST,/api/plugins/unload?uri,3.600000,0.000000,5,12,20,25,100,160,160,160,160,160,160,965,0,6,11.646204132832818,1.7988779582083225,222.2753749229014,127.35440414507772
1774611975,10,,Aggregated,101.100000,0.000000,8,15,21,29,130,190,370,1100,1300,1300,1300,25118,0,9,36.81185545820119,1.4929859898984432,1365.1708320248872,554.235408870133
1774611976,10,GET,/api/audio/latency,15.500000,0.000000,7,13,17,22,150,180,220,220,220,220,220,3870,0,8,24.587601297853865,1.4929859898984432,1326.6441239975393,33.04702842377261
1774611976,10,GET,/api/audio/levels,15.500000,0.000000,11,38,83,110,180,250,1200,1200,1300,1300,1300,3870,0,11,63.94815645328042,1.53452402446419,1309.4227639958262,77.04444444444445
1774611976,10,GET,/api/audio/levels (during plugin swap),3.900000,0.000000,7,21,59,89,110,140,180,180,180,180,180,968,0,10,66.48483088137563,1.5721969539299607,1298.7376680830494,77.00206611570248
1774611976,10,GET,/api/audio/levels/plugins,3.900000,0.000000,5,9,13,13,110,170,200,200,200,200,200,968,0,6,13.964679425419693,1.5065419720485806,1342.3058059997857,20.62086776859504
1774611976,10,GET,/api/audio/status,12.900000,0.000000,5,8,12,14,23,110,130,180,190,190,190,2887,0,5,11.852972173484595,1.5238210326060653,1259.1678659664467,303.0180117769311
1774611976,10,GET,/api/chains/,0.000000,0.000000,0,0,0,0,0,0,0,0,0,0,0,64,0,13,44.4865199533524,2.089375047944486,302.3143840255216,1478.296875
1774611976,10,GET,/api/chains/{id},12.700000,0.000000,9,16,32,69,130,180,1100,1200,1200,1200,1200,2887,0,10,62.080631302958366,1.9238220993429422,1318.3924700133502,808.1995150675442
1774611976,10,POST,/api/chains/{id}/activate,12.800000,0.000000,7,11,17,26,150,190,230,270,530,530,530,2887,0,9,27.690647882069058,1.778690959326923,1260.2180039975792,54.28472462764115
1774611976,10,POST,/api/chains/{id}/deactivate,13.300000,0.000000,5,11,13,15,19,21,140,150,150,150,150,2887,0,5,11.302904058057475,1.7843160312622786,1286.3739950116724,61.28126082438518
1774611976,10,POST,/api/plugins/batch/parameters (500 updates),8.100000,0.000000,17,27,83,110,170,190,1100,1100,1100,1100,1100,1873,0,19,73.31421055319608,5.447239032946527,1365.1708320248872,866.9829151094501
1774611976,10,GET,/api/plugins/discover,0.000000,0.000000,0,0,0,0,0,0,0,0,0,0,0,64,0,28,37.74846755004546,12.908800039440393,155.31902690418065,89708.0
1774611976,10,GET,/api/plugins/list,0.000000,0.000000,0,0,0,0,0,0,0,0,0,0,0,64,0,11,26.758709516798262,1.6044959193095565,192.37323594279587,72.953125
1774611976,10,POST,/api/plugins/load?uri,3.900000,0.000000,6,12,13,14,31,220,220,220,220,220,220,968,0,8,26.74310809024898,1.882247976027429,1256.7783229751512,2389.2737603305786
1774611976,10,POST,/api/plugins/unload?uri,3.900000,0.000000,5,8,16,16,26,160,160,160,160,160,160,968,0,6,11.627554882309122,1.7988779582083225,222.2753749229014,127.35847107438016
1774611976,10,,Aggregated,106.400000,0.000000,7,13,19,26,130,180,220,1100,1300,1300,1300,25225,0,9,36.78751718114445,1.4929859898984432,1365.1708320248872,553.5313379583746
1774611977,10,GET,/api/audio/latency,15.500000,0.000000,10,14,21,28,160,200,220,220,220,220,220,3884,0,8,24.54188318023205,1.4929859898984432,1326.6441239975393,33.04685890834192
1774611977,10,GET,/api/audio/levels,15.500000,0.000000,12,43,110,130,180,250,1200,1200,1300,1300,1300,3884,0,10,63.80975043640787,1.53452402446419,1309.4227639958262,77.04660144181257
1774611977,10,GET,/api/audio/levels (during plugin swap),3.900000,0.000000,8,37,98,100,140,160,180,180,180,180,180,971,0,10,66.48012865409082,1.5721969539299607,1298.7376680830494,77.00308959835222
1774611977,10,GET,/api/audio/levels/plugins,3.900000,0.000000,5,8,10,13,110,170,200,200,200,200,200,971,0,6,13.936749618715318,1.5065419720485806,1342.3058059997857,20.627188465499486
1774611977,10,GET,/api/audio/status,12.900000,0.000000,5,10,12,14,23,110,130,180,190,190,190,2903,0,5,11.821554217362777,1.5238210326060653,1259.1678659664467,303.0179125043059
1774611977,10,GET,/api/chains/,0.000000,0.000000,0,0,0,0,0,0,0,0,0,0,0,64,0,13,44.4865199533524,2.089375047944486,302.3143840255216,1478.296875
1774611977,10,GET,/api/chains/{id},12.700000,0.000000,9,16,49,98,140,190,1100,1200,1200,1200,1200,2903,0,10,61.97122342846364,1.9238220993429422,1318.3924700133502,808.1984154323114
1774611977,10,POST,/api/chains/{id}/activate,12.800000,0.000000,7,13,22,31,150,190,230,270,530,530,530,2903,0,9,27.612838611251195,1.778690959326923,1260.2180039975792,54.28177747158112
1774611977,10,POST,/api/chains/{id}/deactivate,13.300000,0.000000,5,10,12,14,18,21,140,150,150,150,150,2903,0,5,11.267642616485208,1.7843160312622786,1286.3739950116724,61.28522218394764
1774611977,10,POST,/api/plugins/batch/parameters (500 updates),8.100000,0.000000,19,31,83,110,170,190,1100,1100,1100,1100,1100,1885,0,19,72.99858791987099,5.447239032946527,1365.1708320248872,866.8281167108753
1774611977,10,GET,/api/plugins/discover,0.000000,0.000000,0,0,0,0,0,0,0,0,0,0,0,64,0,28,37.74846755004546,12.908800039440393,155.31902690418065,89708.0
1774611977,10,GET,/api/plugins/list,0.000000,0.000000,0,0,0,0,0,0,0,0,0,0,0,64,0,11,26.758709516798262,1.6044959193095565,192.37323594279587,72.953125
1774611977,10,POST,/api/plugins/load?uri,3.900000,0.000000,7,12,20,21,190,220,220,220,220,220,220,971,0,8,26.70868747926631,1.882247976027429,1256.7783229751512,2385.8403707518023
1774611977,10,POST,/api/plugins/unload?uri,3.900000,0.000000,5,8,16,20,33,160,160,160,160,160,160,971,0,6,11.603148279200385,1.7988779582083225,222.2753749229014,127.33470648815654
1774611977,10,,Aggregated,106.400000,0.000000,8,14,21,32,130,180,220,1100,1300,1300,1300,25341,0,9,36.703829037512236,1.4929859898984432,1365.1708320248872,552.4095339568289
1774611978,10,GET,/api/audio/latency,13.700000,0.000000,9,13,16,21,36,170,180,200,220,220,220,3902,0,8,24.559724850110854,1.4929859898984432,1326.6441239975393,33.05330599692466
1774611978,10,GET,/api/audio/levels,13.700000,0.000000,11,38,79,110,180,250,1200,1200,1300,1300,1300,3902,0,10,63.699116419743255,1.53452402446419,1309.4227639958262,77.04792414146591
1774611978,10,GET,/api/audio/levels (during plugin swap),3.400000,0.000000,8,37,64,89,140,160,180,180,180,180,180,977,0,10,66.35647692835337,1.5721969539299607,1298.7376680830494,76.99181166837256
1774611978,10,GET,/api/audio/levels/plugins,3.400000,0.000000,4,7,9,10,16,170,200,200,200,200,200,977,0,6,13.890183150283077,1.5065419720485806,1342.3058059997857,20.61310133060389
1774611978,10,GET,/api/audio/status,12.200000,0.000000,5,10,12,13,17,22,110,180,190,190,190,2917,0,5,11.819245730663075,1.5238210326060653,1259.1678659664467,303.0178265341104
1774611978,10,GET,/api/chains/,0.000000,0.000000,0,0,0,0,0,0,0,0,0,0,0,64,0,13,44.4865199533524,2.089375047944486,302.3143840255216,1478.296875
1774611978,10,GET,/api/chains/{id},12.300000,0.000000,9,15,29,82,140,190,1100,1200,1200,1200,1200,2918,0,10,61.93175079166791,1.9238220993429422,1318.3924700133502,808.3481836874572
1774611978,10,POST,/api/chains/{id}/activate,12.300000,0.000000,7,11,17,22,47,180,200,270,530,530,530,2918,0,9,27.698573924797685,1.778690959326923,1260.2180039975792,54.27690198766278
1774611978,10,POST,/api/chains/{id}/deactivate,12.200000,0.000000,4,7,11,13,18,21,140,150,150,150,150,2917,0,5,11.246573496281075,1.7843160312622786,1286.3739950116724,61.28865272540281
1774611978,10,POST,/api/plugins/batch/parameters (500 updates),7.300000,0.000000,18,26,79,110,170,190,1100,1100,1100,1100,1100,1892,0,19,72.8675132425626,5.447239032946527,1365.1708320248872,866.9883720930233
1774611978,10,GET,/api/plugins/discover,0.000000,0.000000,0,0,0,0,0,0,0,0,0,0,0,64,0,28,37.74846755004546,12.908800039440393,155.31902690418065,89708.0
1774611978,10,GET,/api/plugins/list,0.000000,0.000000,0,0,0,0,0,0,0,0,0,0,0,64,0,11,26.758709516798262,1.6044959193095565,192.37323594279587,72.953125
1774611978,10,POST,/api/plugins/load?uri,3.400000,0.000000,7,12,15,18,31,180,190,190,190,190,190,977,0,8,26.777474370050104,1.882247976027429,1256.7783229751512,2377.639713408393
1774611978,10,POST,/api/plugins/unload?uri,3.600000,0.000000,4,8,12,15,20,160,160,160,160,160,160,977,0,6,11.57767680569427,1.7988779582083225,222.2753749229014,127.31320368474923
1774611978,10,,Aggregated,97.500000,0.000000,8,13,18,22,120,170,200,1100,1300,1300,1300,25466,0,9,36.67341483163294,1.4929859898984432,1365.1708320248872,551.0512055289405
1774611979,10,GET,/api/audio/latency,13.700000,0.000000,10,13,18,22,36,170,180,200,220,220,220,3923,0,8,24.484118314564615,1.4929859898984432,1326.6441239975393,33.053020647463676
1774611979,10,GET,/api/audio/levels,13.700000,0.000000,11,38,83,110,180,250,1200,1200,1300,1300,1300,3923,0,10,63.47408091509109,1.53452402446419,1309.4227639958262,77.03619678817232
1774611979,10,GET,/api/audio/levels (during plugin swap),3.400000,0.000000,20,59,98,100,150,160,180,180,180,180,180,983,0,10,66.3241226999904,1.5721969539299607,1298.7376680830494,76.98067141403865
1774611979,10,GET,/api/audio/levels/plugins,3.400000,0.000000,4,7,12,13,17,170,200,200,200,200,200,983,0,6,13.851278011013479,1.5065419720485806,1342.3058059997857,20.612410986775178
1774611979,10,GET,/api/audio/status,12.200000,0.000000,4,9,11,13,18,22,110,180,190,190,190,2931,0,5,11.797097385284266,1.5238210326060653,1259.1678659664467,303.0177413851928
1774611979,10,GET,/api/chains/,0.000000,0.000000,0,0,0,0,0,0,0,0,0,0,0,64,0,13,44.4865199533524,2.089375047944486,302.3143840255216,1478.296875
1774611979,10,GET,/api/chains/{id},12.300000,0.000000,12,18,82,110,140,190,1100,1200,1200,1200,1200,2931,0,10,61.78090678607706,1.9238220993429422,1318.3924700133502,808.3766632548618
1774611979,10,POST,/api/chains/{id}/activate,12.300000,0.000000,6,13,21,26,140,180,200,270,530,530,530,2931,0,9,27.61250743408904,1.778690959326923,1260.2180039975792,54.285226885022176
1774611979,10,POST,/api/chains/{id}/deactivate,12.200000,0.000000,4,7,10,12,15,20,140,150,150,150,150,2931,0,5,11.2167349367929,1.7843160312622786,1286.3739950116724,61.2920504947117
1774611979,10,POST,/api/plugins/batch/parameters (500 updates),7.300000,0.000000,18,26,80,110,170,190,1100,1100,1100,1100,1100,1902,0,19,72.58544754399502,5.447239032946527,1365.1708320248872,867.1046267087277
1774611979,10,GET,/api/plugins/discover,0.000000,0.000000,0,0,0,0,0,0,0,0,0,0,0,64,0,28,37.74846755004546,12.908800039440393,155.31902690418065,89708.0
1774611979,10,GET,/api/plugins/list,0.000000,0.000000,0,0,0,0,0,0,0,0,0,0,0,64,0,11,26.758709516798262,1.6044959193095565,192.37323594279587,72.953125
1774611979,10,POST,/api/plugins/load?uri,3.400000,0.000000,12,14,20,21,31,180,190,190,190,190,190,983,0,8,26.697170141765078,1.882247976027429,1256.7783229751512,2377.024415055951
1774611979,10,POST,/api/plugins/unload?uri,3.600000,0.000000,5,8,12,15,16,160,160,160,160,160,160,983,0,6,11.546210405873447,1.7988779582083225,222.2753749229014,127.33265513733468
1774611979,10,,Aggregated,97.500000,0.000000,8,14,20,25,130,170,200,1100,1300,1300,1300,25596,0,9,36.56682430881665,1.4929859898984432,1365.1708320248872,549.9170182841069
1774611980,10,GET,/api/audio/latency,13.400000,0.000000,9,13,21,25,40,170,190,200,220,220,220,3941,0,8,24.576951259030164,1.4929859898984432,1326.6441239975393,33.05277848261863
1774611980,10,GET,/api/audio/levels,13.400000,0.000000,10,23,52,110,170,250,1200,1200,1300,1300,1300,3941,0,10,63.48404273835281,1.53452402446419,1309.4227639958262,77.04744988581578
1774611980,10,GET,/api/audio/levels (during plugin swap),3.300000,0.000000,20,38,89,140,150,150,160,160,160,160,160,986,0,10,66.30027268148494,1.5721969539299607,1298.7376680830494,76.9685598377282
1774611980,10,GET,/api/audio/levels/plugins,3.300000,0.000000,4,9,13,16,20,21,170,170,170,170,170,986,0,6,13.852284677278508,1.5065419720485806,1342.3058059997857,20.61866125760649
1774611980,10,GET,/api/audio/status,12.500000,0.000000,4,10,11,12,17,22,110,180,190,190,190,2947,0,5,11.786470642789926,1.5238210326060653,1259.1678659664467,303.0176450627757
1774611980,10,GET,/api/chains/,0.000000,0.000000,0,0,0,0,0,0,0,0,0,0,0,64,0,13,44.4865199533524,2.089375047944486,302.3143840255216,1478.296875
1774611980,10,GET,/api/chains/{id},12.100000,0.000000,11,17,55,90,140,190,1100,1200,1200,1200,1200,2947,0,10,61.7384213990869,1.9238220993429422,1318.3924700133502,808.3148965049203
1774611980,10,POST,/api/chains/{id}/activate,12.500000,0.000000,7,13,22,27,47,180,200,270,530,530,530,2947,0,9,27.611715896630265,1.778690959326923,1260.2180039975792,54.282321004411266
1774611980,10,POST,/api/chains/{id}/deactivate,12.500000,0.000000,4,7,11,12,14,21,150,150,180,180,180,2947,0,5,11.256797555326836,1.7843160312622786,1286.3739950116724,61.29589412962335
1774611980,10,POST,/api/plugins/batch/parameters (500 updates),8.200000,0.000000,18,23,47,80,150,190,1100,1100,1100,1100,1100,1908,0,19,72.43017750717524,5.447239032946527,1365.1708320248872,867.208071278826
1774611980,10,GET,/api/plugins/discover,0.000000,0.000000,0,0,0,0,0,0,0,0,0,0,0,64,0,28,37.74846755004546,12.908800039440393,155.31902690418065,89708.0
1774611980,10,GET,/api/plugins/list,0.000000,0.000000,0,0,0,0,0,0,0,0,0,0,0,64,0,11,26.758709516798262,1.6044959193095565,192.37323594279587,72.953125
1774611980,10,POST,/api/plugins/load?uri,3.300000,0.000000,12,18,21,24,150,180,190,190,190,190,190,986,0,8,26.781717571288226,1.882247976027429,1256.7783229751512,2374.6267748478704
1774611980,10,POST,/api/plugins/unload?uri,3.300000,0.000000,4,7,8,12,15,33,160,160,160,160,160,986,0,6,11.52050722818765,1.7988779582083225,222.2753749229014,127.31237322515213
1774611980,10,,Aggregated,97.800000,0.000000,8,13,19,24,120,170,200,1100,1300,1300,1300,25714,0,9,36.56531593042785,1.4929859898984432,1365.1708320248872,548.649334992611
1774611981,10,GET,/api/audio/latency,14.300000,0.000000,9,14,22,25,40,170,190,200,220,220,220,3961,0,8,24.502379980957055,1.4929859898984432,1326.6441239975393,33.05251199192123
1774611981,10,GET,/api/audio/levels,14.300000,0.000000,10,27,83,110,180,250,1200,1200,1300,1300,1300,3961,0,10,63.322525910394326,1.53452402446419,1309.4227639958262,77.05326937642009
1774611981,10,GET,/api/audio/levels (during plugin swap),3.800000,0.000000,25,100,130,140,150,160,170,170,170,170,170,989,0,11,66.52534787561481,1.5721969539299607,1298.7376680830494,76.99595551061678
1774611981,10,GET,/api/audio/levels/plugins,3.800000,0.000000,5,9,13,15,20,21,170,170,170,170,170,986,0,6,13.852284677278508,1.5065419720485806,1342.3058059997857,20.61866125760649
1774611981,10,GET,/api/audio/status,13.000000,0.000000,5,10,11,13,18,22,110,180,190,190,190,2959,0,5,11.756584961574754,1.5238210326060653,1259.1678659664467,303.01757350456234
1774611981,10,GET,/api/chains/,0.000000,0.000000,0,0,0,0,0,0,0,0,0,0,0,64,0,13,44.4865199533524,2.089375047944486,302.3143840255216,1478.296875
1774611981,10,GET,/api/chains/{id},12.900000,0.000000,11,21,82,120,170,190,1100,1200,1200,1200,1200,2962,0,10,61.640044002432774,1.9238220993429422,1318.3924700133502,808.3430114787305
1774611981,10,POST,/api/chains/{id}/activate,12.900000,0.000000,9,16,25,28,140,180,200,270,530,530,530,2960,0,9,27.533659764103014,1.778690959326923,1260.2180039975792,54.29054054054054
1774611981,10,POST,/api/chains/{id}/deactivate,13.000000,0.000000,4,7,11,12,14,20,150,150,180,180,180,2959,0,5,11.234787466831005,1.7843160312622786,1286.3739950116724,61.29874957755999
1774611981,10,POST,/api/plugins/batch/parameters (500 updates),8.900000,0.000000,17,25,67,80,170,200,1100,1100,1100,1100,1100,1916,0,19,72.2708983103417,5.447239032946527,1365.1708320248872,867.2416492693111
1774611981,10,GET,/api/plugins/discover,0.000000,0.000000,0,0,0,0,0,0,0,0,0,0,0,64,0,28,37.74846755004546,12.908800039440393,155.31902690418065,89708.0
1774611981,10,GET,/api/plugins/list,0.000000,0.000000,0,0,0,0,0,0,0,0,0,0,0,64,0,11,26.758709516798262,1.6044959193095565,192.37323594279587,72.953125
1774611981,10,POST,/api/plugins/load?uri,3.800000,0.000000,14,24,26,31,150,180,190,190,190,190,190,989,0,8,26.78959401048008,1.882247976027429,1256.7783229751512,2377.8928210313447
1774611981,10,POST,/api/plugins/unload?uri,3.800000,0.000000,5,7,8,10,15,15,160,160,160,160,160,986,0,6,11.52050722818765,1.7988779582083225,222.2753749229014,127.31237322515213
1774611981,10,,Aggregated,104.500000,0.000000,9,15,22,28,140,180,200,1100,1300,1300,1300,25820,0,9,36.51185339288501,1.4929859898984432,1365.1708320248872,547.8359798605732
1774611982,10,GET,/api/audio/latency,14.300000,0.000000,9,13,20,24,32,40,170,190,190,190,190,3979,0,8,24.458505626112274,1.4929859898984432,1326.6441239975393,33.05227444081427
1774611982,10,GET,/api/audio/levels,14.300000,0.000000,9,17,41,88,160,200,1200,1200,1300,1300,1300,3979,0,10,63.13101337295981,1.53452402446419,1309.4227639958262,77.04146770545363
1774611982,10,GET,/api/audio/levels (during plugin swap),3.300000,0.000000,37,96,130,140,150,160,170,170,170,170,170,997,0,11,66.47389875925748,1.5721969539299607,1298.7376680830494,76.98996990972918
1774611982,10,GET,/api/audio/levels/plugins,3.300000,0.000000,7,12,15,16,21,110,110,110,110,110,110,997,0,6,14.111352900655916,1.5065419720485806,1342.3058059997857,20.623871614844532
1774611982,10,GET,/api/audio/status,11.900000,0.000000,5,11,13,16,21,23,31,32,110,110,110,2972,0,5,11.811760277001621,1.5238210326060653,1259.1678659664467,303.01749663526243
1774611982,10,GET,/api/chains/,0.000000,0.000000,0,0,0,0,0,0,0,0,0,0,0,64,0,13,44.4865199533524,2.089375047944486,302.3143840255216,1478.296875
1774611982,10,GET,/api/chains/{id},11.900000,0.000000,12,27,97,130,170,190,1100,1200,1200,1200,1200,2972,0,10,61.688466294529796,1.9238220993429422,1318.3924700133502,808.4020861372813
1774611982,10,POST,/api/chains/{id}/activate,11.900000,0.000000,11,17,25,29,140,150,170,180,200,200,200,2972,0,9,27.72132146185857,1.778690959326923,1260.2180039975792,54.28835800807537
1774611982,10,POST,/api/chains/{id}/deactivate,11.900000,0.000000,4,10,12,12,14,18,21,29,180,180,180,2972,0,5,11.239549910850524,1.7843160312622786,1286.3739950116724,61.293405114401075
1774611982,10,POST,/api/plugins/batch/parameters (500 updates),8.200000,0.000000,14,21,26,47,180,200,1100,1100,1100,1100,1100,1922,0,19,72.27802554245517,5.447239032946527,1365.1708320248872,867.4136316337149
1774611982,10,GET,/api/plugins/discover,0.000000,0.000000,0,0,0,0,0,0,0,0,0,0,0,64,0,28,37.74846755004546,12.908800039440393,155.31902690418065,89708.0
1774611982,10,GET,/api/plugins/list,0.000000,0.000000,0,0,0,0,0,0,0,0,0,0,0,64,0,11,26.758709516798262,1.6044959193095565,192.37323594279587,72.953125
1774611982,10,POST,/api/plugins/load?uri,3.300000,0.000000,15,21,24,25,33,150,180,180,180,180,180,997,0,9,26.705455066497954,1.882247976027429,1256.7783229751512,2369.877632898696
1774611982,10,POST,/api/plugins/unload?uri,3.300000,0.000000,6,8,11,12,15,27,27,27,27,27,27,997,0,6,11.539821567526694,1.7988779582083225,222.2753749229014,127.31394182547643
1774611982,10,,Aggregated,97.600000,0.000000,9,14,21,25,110,160,190,1100,1300,1300,1300,25948,0,9,36.50073522423841,1.4929859898984432,1365.1708320248872,546.4580314475104
1774611983,10,GET,/api/audio/latency,15.000000,0.000000,9,13,20,24,35,80,170,190,190,190,190,4002,0,8,24.446812415836906,1.4929859898984432,1326.6441239975393,33.051974012993504
1774611983,10,GET,/api/audio/levels,15.200000,0.000000,10,19,41,96,150,200,1200,1200,1300,1300,1300,4002,0,10,62.89325943072399,1.53452402446419,1309.4227639958262,77.04097951024488
1774611983,10,GET,/api/audio/levels (during plugin swap),3.000000,0.000000,25,64,120,140,150,160,170,170,170,170,170,1000,0,11,66.32072040997446,1.5721969539299607,1298.7376680830494,76.978
1774611983,10,GET,/api/audio/levels/plugins,2.900000,0.000000,8,14,16,19,72,110,110,110,110,110,110,1000,0,6,14.223958707996644,1.5065419720485806,1342.3058059997857,20.643
1774611983,10,GET,/api/audio/status,12.700000,0.000000,5,11,13,15,21,23,31,32,110,110,110,2979,0,5,11.791928611979008,1.5238210326060653,1259.1678659664467,303.01745552198724
1774611983,10,GET,/api/chains/,0.000000,0.000000,0,0,0,0,0,0,0,0,0,0,0,64,0,13,44.4865199533524,2.089375047944486,302.3143840255216,1478.296875
1774611983,10,GET,/api/chains/{id},12.900000,0.000000,12,28,97,130,170,190,1100,1200,1200,1200,1200,2981,0,10,61.589702318448424,1.9238220993429422,1318.3924700133502,808.3126467628313
1774611983,10,POST,/api/chains/{id}/activate,12.700000,0.000000,11,18,26,29,70,150,170,180,200,200,200,2980,0,9,27.687047639058516,1.778690959326923,1260.2180039975792,54.27852348993289
1774611983,10,POST,/api/chains/{id}/deactivate,12.700000,0.000000,4,10,12,12,14,20,21,29,180,180,180,2979,0,5,11.225128383047444,1.7843160312622786,1286.3739950116724,61.29506545820745
1774611983,10,POST,/api/plugins/batch/parameters (500 updates),8.300000,0.000000,14,18,25,45,180,200,1100,1100,1100,1100,1100,1930,0,19,72.04306908898837,5.447239032946527,1365.1708320248872,867.1932642487046
1774611983,10,GET,/api/plugins/discover,0.000000,0.000000,0,0,0,0,0,0,0,0,0,0,0,64,0,28,37.74846755004546,12.908800039440393,155.31902690418065,89708.0
1774611983,10,GET,/api/plugins/list,0.000000,0.000000,0,0,0,0,0,0,0,0,0,0,0,64,0,11,26.758709516798262,1.6044959193095565,192.37323594279587,72.953125
1774611983,10,POST,/api/plugins/load?uri,2.900000,0.000000,15,23,25,28,140,150,180,180,180,180,180,1000,0,9,26.915324827306904,1.882247976027429,1256.7783229751512,2369.89
1774611983,10,POST,/api/plugins/unload?uri,2.900000,0.000000,6,10,11,12,15,27,27,27,27,27,27,998,0,6,11.539110463725699,1.7988779582083225,222.2753749229014,127.30961923847696
1774611983,10,,Aggregated,101.300000,0.000000,10,15,21,26,110,160,190,1100,1300,1300,1300,26043,0,9,36.44756138052168,1.4929859898984432,1365.1708320248872,545.4843911991707
1774611984,10,GET,/api/audio/latency,15.000000,0.000000,9,16,22,25,36,140,170,190,190,190,190,4017,0,8,24.481508586091334,1.4929859898984432,1326.6441239975393,33.05177993527508
1774611984,10,GET,/api/audio/levels,15.000000,0.000000,10,19,46,96,140,180,200,220,220,220,220,4017,0,10,62.955402302646625,1.53452402446419,1309.4227639958262,77.042071197411
1774611984,10,GET,/api/audio/levels (during plugin swap),3.600000,0.000000,27,96,130,140,160,170,170,170,170,170,170,1004,0,11,66.3099818814507,1.5721969539299607,1298.7376680830494,76.9621513944223
1774611984,10,GET,/api/audio/levels/plugins,3.600000,0.000000,8,14,16,19,72,110,110,110,110,110,110,1004,0,6,14.197557494048942,1.5065419720485806,1342.3058059997857,20.64243027888446
1774611984,10,GET,/api/audio/status,11.500000,0.000000,6,12,15,17,21,23,32,110,120,120,120,2994,0,5,11.835002900523046,1.5238210326060653,1259.1678659664467,303.0173680694723
1774611984,10,GET,/api/chains/,0.000000,0.000000,0,0,0,0,0,0,0,0,0,0,0,64,0,13,44.4865199533524,2.089375047944486,302.3143840255216,1478.296875
1774611984,10,GET,/api/chains/{id},11.500000,0.000000,12,28,90,120,150,180,190,190,190,190,190,2996,0,10,61.57651966260043,1.9238220993429422,1318.3924700133502,808.2833778371162
1774611984,10,POST,/api/chains/{id}/activate,11.500000,0.000000,11,18,26,30,140,150,170,180,200,200,200,2995,0,10,27.762466171081606,1.778690959326923,1260.2180039975792,54.28213689482471
1774611984,10,POST,/api/chains/{id}/deactivate,11.500000,0.000000,5,10,12,13,15,18,21,29,180,180,180,2994,0,5,11.217468352391121,1.7843160312622786,1286.3739950116724,61.29024716098864
1774611984,10,POST,/api/plugins/batch/parameters (500 updates),8.000000,0.000000,14,18,23,27,170,190,200,220,220,220,220,1937,0,19,71.92191603186285,5.447239032946527,1365.1708320248872,867.0345895715024
1774611984,10,GET,/api/plugins/discover,0.000000,0.000000,0,0,0,0,0,0,0,0,0,0,0,64,0,28,37.74846755004546,12.908800039440393,155.31902690418065,89708.0
1774611984,10,GET,/api/plugins/list,0.000000,0.000000,0,0,0,0,0,0,0,0,0,0,0,64,0,11,26.758709516798262,1.6044959193095565,192.37323594279587,72.953125
1774611984,10,POST,/api/plugins/load?uri,3.600000,0.000000,15,23,25,28,140,150,180,180,180,180,180,1004,0,9,26.84454902713428,1.882247976027429,1256.7783229751512,2365.97609561753
1774611984,10,POST,/api/plugins/unload?uri,3.600000,0.000000,6,11,12,15,27,120,130,130,130,130,130,1004,0,6,11.732125758825138,1.7988779582083225,222.2753749229014,127.32171314741036
1774611984,10,,Aggregated,98.400000,0.000000,10,16,21,26,110,150,180,190,220,220,220,26158,0,9,36.46050569783399,1.4929859898984432,1365.1708320248872,544.3260188087775
1774611985,10,GET,/api/audio/latency,15.000000,0.000000,6,15,21,25,40,140,170,190,190,190,190,4025,0,8,24.44290196407378,1.4929859898984432,1326.6441239975393,33.05167701863354
1774611985,10,GET,/api/audio/levels,15.000000,0.000000,8,15,26,79,140,170,190,200,220,220,220,4025,0,10,62.842527115225835,1.53452402446419,1309.4227639958262,77.03726708074534
1774611985,10,GET,/api/audio/levels (during plugin swap),3.600000,0.000000,25,80,120,140,160,170,170,170,170,170,170,1006,0,11,66.1855355158789,1.5721969539299607,1298.7376680830494,76.95427435387674
1774611985,10,GET,/api/audio/levels/plugins,3.600000,0.000000,11,15,16,19,72,110,110,110,110,110,110,1006,0,6,14.183742019776478,1.5065419720485806,1342.3058059997857,20.642147117296222
1774611985,10,GET,/api/audio/status,11.500000,0.000000,6,12,15,17,20,23,32,110,120,120,120,3007,0,5,11.807031303707364,1.5238210326060653,1259.1678659664467,303.01729298303957
1774611985,10,GET,/api/chains/,0.000000,0.000000,0,0,0,0,0,0,0,0,0,0,0,64,0,13,44.4865199533524,2.089375047944486,302.3143840255216,1478.296875
1774611985,10,GET,/api/chains/{id},11.500000,0.000000,11,22,77,110,140,170,190,190,190,190,190,3007,0,10,61.371564075137364,1.9238220993429422,1318.3924700133502,808.2537412703691
1774611985,10,POST,/api/chains/{id}/activate,11.500000,0.000000,11,17,24,27,70,150,170,180,200,200,200,3007,0,9,27.673988244246964,1.778690959326923,1260.2180039975792,54.29664117060193
1774611985,10,POST,/api/chains/{id}/deactivate,11.500000,0.000000,5,10,12,14,15,20,24,29,180,180,180,3007,0,5,11.198282168301935,1.7843160312622786,1286.3739950116724,61.28500166278683
1774611985,10,POST,/api/plugins/batch/parameters (500 updates),8.000000,0.000000,13,17,21,23,80,190,200,220,220,220,220,1940,0,19,71.8219518250445,5.447239032946527,1365.1708320248872,866.9917525773196
1774611985,10,GET,/api/plugins/discover,0.000000,0.000000,0,0,0,0,0,0,0,0,0,0,0,64,0,28,37.74846755004546,12.908800039440393,155.31902690418065,89708.0
1774611985,10,GET,/api/plugins/list,0.000000,0.000000,0,0,0,0,0,0,0,0,0,0,0,64,0,11,26.758709516798262,1.6044959193095565,192.37323594279587,72.953125
1774611985,10,POST,/api/plugins/load?uri,3.600000,0.000000,15,23,24,26,140,150,180,180,180,180,180,1006,0,9,26.80563839489435,1.882247976027429,1256.7783229751512,2372.37972166998
1774611985,10,POST,/api/plugins/unload?uri,3.600000,0.000000,6,11,11,15,27,120,130,130,130,130,130,1006,0,6,11.72223172155644,1.7988779582083225,222.2753749229014,127.35685884691848
1774611985,10,,Aggregated,98.400000,0.000000,9,15,19,24,100,150,180,190,220,220,220,26234,0,9,36.37194172321412,1.4929859898984432,1365.1708320248872,543.8639551726767
1774611986,10,GET,/api/audio/latency,16.700000,0.000000,9,15,21,24,40,140,170,190,190,190,190,4030,0,8,24.43262220062223,1.4929859898984432,1326.6441239975393,33.05161290322581
1774611986,10,GET,/api/audio/levels,16.700000,0.000000,9,19,46,100,150,190,1200,1200,1200,1200,1200,4030,0,10,64.24353741257852,1.53452402446419,1309.4227639958262,77.04838709677419
1774611986,10,GET,/api/audio/levels (during plugin swap),3.900000,0.000000,27,64,120,130,150,170,170,170,170,170,170,1007,0,11,66.15599240116265,1.5721969539299607,1298.7376680830494,76.95034756703079
1774611986,10,GET,/api/audio/levels/plugins,3.900000,0.000000,11,15,17,19,72,110,110,110,110,110,110,1007,0,6,14.171836211377535,1.5065419720485806,1342.3058059997857,20.648460774577956
1774611986,10,GET,/api/audio/status,12.400000,0.000000,7,15,17,18,22,31,100,110,120,120,120,3011,0,5,11.874494527839929,1.5238210326060653,1259.1678659664467,303.01727000996345
1774611986,10,GET,/api/chains/,0.000000,0.000000,0,0,0,0,0,0,0,0,0,0,0,64,0,13,44.4865199533524,2.089375047944486,302.3143840255216,1478.296875
1774611986,10,GET,/api/chains/{id},12.400000,0.000000,11,29,97,130,170,190,1200,1200,1200,1200,1200,3011,0,10,62.857713129246754,1.9238220993429422,1318.3924700133502,808.2540684158087
1774611986,10,POST,/api/chains/{id}/activate,12.400000,0.000000,12,18,24,28,140,160,170,180,200,200,200,3011,0,9,27.669566265559144,1.778690959326923,1260.2180039975792,54.28761208900698
1774611986,10,POST,/api/chains/{id}/deactivate,12.400000,0.000000,5,12,14,14,17,21,100,100,180,180,180,3011,0,5,11.26164127832847,1.7843160312622786,1286.3739950116724,61.28595151112587
1774611986,10,POST,/api/plugins/batch/parameters (500 updates),7.800000,0.000000,13,18,21,22,180,200,220,1100,1100,1100,1100,1941,0,19,72.37193880037495,5.447239032946527,1365.1708320248872,866.9556929417826
1774611986,10,GET,/api/plugins/discover,0.000000,0.000000,0,0,0,0,0,0,0,0,0,0,0,64,0,28,37.74846755004546,12.908800039440393,155.31902690418065,89708.0
1774611986,10,GET,/api/plugins/list,0.000000,0.000000,0,0,0,0,0,0,0,0,0,0,0,64,0,11,26.758709516798262,1.6044959193095565,192.37323594279587,72.953125
1774611986,10,POST,/api/plugins/load?uri,3.900000,0.000000,15,19,24,25,140,150,180,180,180,180,180,1007,0,9,26.7943444352203,1.882247976027429,1256.7783229751512,2372.051638530288
1774611986,10,POST,/api/plugins/unload?uri,3.900000,0.000000,6,11,15,15,27,120,130,130,130,130,130,1007,0,6,11.71263813595135,1.7988779582083225,222.2753749229014,127.35153922542204
1774611986,10,,Aggregated,106.400000,0.000000,10,16,21,26,110,160,190,1100,1200,1200,1200,26265,0,9,36.806459207848874,1.4929859898984432,1365.1708320248872,543.5471920807158
1774611987,10,GET,/api/audio/latency,17.200000,0.000000,6,16,21,24,40,150,160,190,190,190,190,4050,0,8,24.470207625597624,1.4929859898984432,1326.6441239975393,33.05135802469136
1774611987,10,GET,/api/audio/levels,17.200000,0.000000,9,16,39,96,150,190,1200,1200,1200,1200,1200,4050,0,10,64.08260257572603,1.53452402446419,1309.4227639958262,77.05086419753087
1774611987,10,GET,/api/audio/levels (during plugin swap),4.200000,0.000000,20,80,110,130,150,170,170,170,170,170,170,1011,0,11,65.99826638485028,1.5721969539299607,1298.7376680830494,76.94757665677547
1774611987,10,GET,/api/audio/levels/plugins,4.200000,0.000000,11,15,17,20,72,110,110,110,110,110,110,1011,0,6,14.149650028592637,1.5065419720485806,1342.3058059997857,20.647873392680513
1774611987,10,GET,/api/audio/status,13.600000,0.000000,6,13,17,18,23,31,100,110,120,120,120,3024,0,5,11.864264927377613,1.5238210326060653,1259.1678659664467,303.01719576719574
1774611987,10,GET,/api/chains/,0.000000,0.000000,0,0,0,0,0,0,0,0,0,0,0,64,0,13,44.4865199533524,2.089375047944486,302.3143840255216,1478.296875
1774611987,10,GET,/api/chains/{id},13.600000,0.000000,12,27,96,130,180,190,1200,1200,1200,1200,1200,3024,0,10,62.912104268824415,1.9238220993429422,1318.3924700133502,808.3412698412699
1774611987,10,POST,/api/chains/{id}/activate,13.600000,0.000000,12,18,24,29,140,160,170,180,200,200,200,3024,0,9,27.805716189962045,1.778690959326923,1260.2180039975792,54.28736772486773
1774611987,10,POST,/api/chains/{id}/deactivate,13.600000,0.000000,5,11,13,14,17,24,100,100,180,180,180,3024,0,5,11.24662926719923,1.7843160312622786,1286.3739950116724,61.28075396825397
1774611987,10,POST,/api/plugins/batch/parameters (500 updates),8.100000,0.000000,13,17,21,23,190,220,230,1100,1100,1100,1100,1949,0,19,72.33259089109752,5.447239032946527,1365.1708320248872,866.7998973832734
1774611987,10,GET,/api/plugins/discover,0.000000,0.000000,0,0,0,0,0,0,0,0,0,0,0,64,0,28,37.74846755004546,12.908800039440393,155.31902690418065,89708.0
1774611987,10,GET,/api/plugins/list,0.000000,0.000000,0,0,0,0,0,0,0,0,0,0,0,64,0,11,26.758709516798262,1.6044959193095565,192.37323594279587,72.953125
1774611987,10,POST,/api/plugins/load?uri,4.200000,0.000000,14,19,24,25,33,140,150,150,150,150,150,1011,0,9,26.727575698566213,1.882247976027429,1256.7783229751512,2365.7774480712164
1774611987,10,POST,/api/plugins/unload?uri,4.200000,0.000000,6,11,11,15,27,120,130,130,130,130,130,1011,0,6,11.690965859504079,1.7988779582083225,222.2753749229014,127.3402571711177
1774611987,10,,Aggregated,113.700000,0.000000,9,15,21,25,110,170,190,1100,1200,1200,1200,26381,0,9,36.79464082833755,1.4929859898984432,1365.1708320248872,542.2590500739168
1774611988,10,GET,/api/audio/latency,16.000000,0.000000,6,16,21,25,64,150,160,190,190,190,190,4065,0,8,24.458703234835287,1.4929859898984432,1326.6441239975393,33.05116851168512
1774611988,10,GET,/api/audio/levels,16.000000,0.000000,9,16,59,100,150,190,1200,1200,1200,1200,1200,4065,0,10,63.92917205524593,1.53452402446419,1309.4227639958262,77.04551045510455
1774611988,10,GET,/api/audio/levels (during plugin swap),3.800000,0.000000,21,80,110,120,150,170,170,170,170,170,170,1014,0,11,65.95553085311266,1.5721969539299607,1298.7376680830494,76.96153846153847
1774611988,10,GET,/api/audio/levels/plugins,3.800000,0.000000,12,15,20,21,72,110,110,110,110,110,110,1014,0,6,14.138706014914112,1.5065419720485806,1342.3058059997857,20.653846153846153
1774611988,10,GET,/api/audio/status,12.500000,0.000000,7,15,17,19,26,31,100,110,120,120,120,3041,0,5,11.862959259524096,1.5238210326060653,1259.1678659664467,303.0170996382769
1774611988,10,GET,/api/chains/,0.000000,0.000000,0,0,0,0,0,0,0,0,0,0,0,64,0,13,44.4865199533524,2.089375047944486,302.3143840255216,1478.296875
1774611988,10,GET,/api/chains/{id},12.500000,0.000000,12,55,96,130,190,220,1200,1200,1200,1200,1200,3041,0,10,62.81873091645092,1.9238220993429422,1318.3924700133502,808.2525485037817
1774611988,10,POST,/api/chains/{id}/activate,12.500000,0.000000,13,19,28,36,140,160,170,180,200,200,200,3041,0,9,27.890139062284373,1.778690959326923,1260.2180039975792,54.28641894113778
1774611988,10,POST,/api/chains/{id}/deactivate,12.300000,0.000000,7,12,14,14,18,24,100,100,180,180,180,3041,0,5,11.235425481151646,1.7843160312622786,1286.3739950116724,61.28477474514962
1774611988,10,POST,/api/plugins/batch/parameters (500 updates),7.100000,0.000000,14,18,22,27,190,220,230,1100,1100,1100,1100,1958,0,19,72.19331325618056,5.447239032946527,1365.1708320248872,866.8314606741573
1774611988,10,GET,/api/plugins/discover,0.000000,0.000000,0,0,0,0,0,0,0,0,0,0,0,64,0,28,37.74846755004546,12.908800039440393,155.31902690418065,89708.0
1774611988,10,GET,/api/plugins/list,0.000000,0.000000,0,0,0,0,0,0,0,0,0,0,0,64,0,11,26.758709516798262,1.6044959193095565,192.37323594279587,72.953125
1774611988,10,POST,/api/plugins/load?uri,3.800000,0.000000,15,19,25,26,130,140,150,150,150,150,150,1014,0,9,26.792185565321734,1.882247976027429,1256.7783229751512,2361.858974358974
1774611988,10,POST,/api/plugins/unload?uri,3.800000,0.000000,6,11,13,15,27,120,130,130,130,130,130,1014,0,6,11.679510072771922,1.7988779582083225,222.2753749229014,127.35897435897436
1774611988,10,,Aggregated,104.100000,0.000000,10,16,22,28,130,170,200,1100,1200,1200,1200,26500,0,9,36.75247298800035,1.4929859898984432,1365.1708320248872,541.1042641509434
1774611989,10,GET,/api/audio/latency,16.200000,0.000000,5,14,18,23,64,150,160,160,170,170,170,4082,0,8,24.513604308758936,1.4929859898984432,1326.6441239975393,33.05095541401274
1774611989,10,GET,/api/audio/levels,16.200000,0.000000,8,14,39,100,150,210,1200,1200,1200,1200,1200,4082,0,10,63.92677493842541,1.53452402446419,1309.4227639958262,77.04777070063695
1774611989,10,GET,/api/audio/levels (during plugin swap),3.700000,0.000000,27,80,110,120,160,170,170,170,170,170,170,1021,0,11,66.00522778549275,1.5721969539299607,1298.7376680830494,76.97257590597454
1774611989,10,GET,/api/audio/levels/plugins,3.700000,0.000000,12,15,20,20,72,110,110,110,110,110,110,1021,0,6,14.126092046941654,1.5065419720485806,1342.3058059997857,20.646425073457394
1774611989,10,GET,/api/audio/status,11.800000,0.000000,7,15,17,19,26,31,100,110,120,120,120,3051,0,5,11.855784931910899,1.5238210326060653,1259.1678659664467,303.0170435922648
1774611989,10,GET,/api/chains/,0.000000,0.000000,0,0,0,0,0,0,0,0,0,0,0,64,0,13,44.4865199533524,2.089375047944486,302.3143840255216,1478.296875
1774611989,10,GET,/api/chains/{id},11.800000,0.000000,10,28,86,130,190,220,1200,1200,1200,1200,1200,3051,0,10,62.739749138311566,1.9238220993429422,1318.3924700133502,808.1383153064569
1774611989,10,POST,/api/chains/{id}/activate,11.800000,0.000000,10,19,27,36,140,160,170,170,180,180,180,3051,0,9,27.854951029955995,1.778690959326923,1260.2180039975792,54.28875778433301
1774611989,10,POST,/api/chains/{id}/deactivate,11.800000,0.000000,6,12,14,15,18,24,100,100,120,120,120,3051,0,5,11.255954217345197,1.7843160312622786,1286.3739950116724,61.27892494264176
1774611989,10,POST,/api/plugins/batch/parameters (500 updates),6.200000,0.000000,14,17,21,31,200,230,240,1100,1100,1100,1100,1968,0,19,72.13982203937461,5.447239032946527,1365.1708320248872,866.728150406504
1774611989,10,GET,/api/plugins/discover,0.000000,0.000000,0,0,0,0,0,0,0,0,0,0,0,64,0,28,37.74846755004546,12.908800039440393,155.31902690418065,89708.0
1774611989,10,GET,/api/plugins/list,0.000000,0.000000,0,0,0,0,0,0,0,0,0,0,0,64,0,11,26.758709516798262,1.6044959193095565,192.37323594279587,72.953125
1774611989,10,POST,/api/plugins/load?uri,3.700000,0.000000,15,23,26,27,130,140,170,170,170,170,170,1021,0,9,26.86607052449385,1.882247976027429,1256.7783229751512,2353.7189030362388
1774611989,10,POST,/api/plugins/unload?uri,3.700000,0.000000,7,11,13,14,27,120,130,130,130,130,130,1021,0,6,11.651001596297926,1.7988779582083225,222.2753749229014,127.30852105778648
1774611989,10,,Aggregated,100.600000,0.000000,9,16,21,27,130,170,210,1100,1200,1200,1200,26612,0,9,36.75104272552972,1.4929859898984432,1365.1708320248872,540.0295355478731
1774611990,10,GET,/api/audio/latency,16.400000,0.000000,5,15,20,24,77,150,160,160,170,170,170,4095,0,8,24.462724558045913,1.4929859898984432,1326.6441239975393,33.05079365079365
1774611990,10,GET,/api/audio/levels,16.600000,0.000000,9,16,59,100,150,220,1200,1200,1200,1200,1200,4095,0,10,63.813719716348366,1.53452402446419,1309.4227639958262,77.04444444444445
1774611990,10,GET,/api/audio/levels (during plugin swap),3.800000,0.000000,18,80,110,130,160,170,170,170,170,170,170,1027,0,11,65.8595260594742,1.5721969539299607,1298.7376680830494,76.9873417721519
1774611990,10,GET,/api/audio/levels/plugins,3.700000,0.000000,11,15,20,24,110,110,110,110,110,110,110,1027,0,6,14.285680642505671,1.5065419720485806,1342.3058059997857,20.658227848101266
1774611990,10,GET,/api/audio/status,12.000000,0.000000,8,15,19,21,31,100,110,110,120,120,120,3067,0,5,11.961024425330779,1.5238210326060653,1259.1678659664467,303.0169546788393
1774611990,10,GET,/api/chains/,0.000000,0.000000,0,0,0,0,0,0,0,0,0,0,0,64,0,13,44.4865199533524,2.089375047944486,302.3143840255216,1478.296875
1774611990,10,GET,/api/chains/{id},12.500000,0.000000,14,44,96,130,190,220,1200,1200,1200,1200,1200,3067,0,10,62.62093260415891,1.9238220993429422,1318.3924700133502,808.0228236061298
1774611990,10,POST,/api/chains/{id}/activate,12.000000,0.000000,15,22,29,36,140,160,170,170,180,180,180,3067,0,9,27.780594161484192,1.778690959326923,1260.2180039975792,54.29409846755787
1774611990,10,POST,/api/chains/{id}/deactivate,12.000000,0.000000,6,14,15,17,21,25,100,100,120,120,120,3067,0,5,11.255513050268217,1.7843160312622786,1286.3739950116724,61.274535376589505
1774611990,10,POST,/api/plugins/batch/parameters (500 updates),6.600000,0.000000,16,19,24,46,200,230,240,1100,1100,1100,1100,1980,0,19,71.93732866799844,5.447239032946527,1365.1708320248872,866.839898989899
1774611990,10,GET,/api/plugins/discover,0.000000,0.000000,0,0,0,0,0,0,0,0,0,0,0,64,0,28,37.74846755004546,12.908800039440393,155.31902690418065,89708.0
1774611990,10,GET,/api/plugins/list,0.000000,0.000000,0,0,0,0,0,0,0,0,0,0,0,64,0,11,26.758709516798262,1.6044959193095565,192.37323594279587,72.953125
1774611990,10,POST,/api/plugins/load?uri,3.700000,0.000000,15,24,26,27,33,140,170,170,170,170,170,1027,0,9,26.777618226301406,1.882247976027429,1256.7783229751512,2356.6728334956183
1774611990,10,POST,/api/plugins/unload?uri,3.700000,0.000000,9,11,14,17,25,27,130,130,130,130,130,1027,0,6,11.661846045823632,1.7988779582083225,222.2753749229014,127.28140214216164
1774611990,10,,Aggregated,103.000000,0.000000,10,17,23,29,130,170,210,1100,1200,1200,1200,26738,0,9,36.69521305983504,1.4929859898984432,1365.1708320248872,539.3479691824369
1774611991,10,GET,/api/audio/latency,15.600000,0.000000,5,17,21,24,80,160,160,160,170,170,170,4116,0,8,24.50420663780189,1.4929859898984432,1326.6441239975393,33.05053449951409
1774611991,10,GET,/api/audio/levels,15.600000,0.000000,10,19,59,100,150,220,1200,1200,1200,1200,1200,4116,0,10,63.736627950838546,1.53452402446419,1309.4227639958262,77.04907677356657
1774611991,10,GET,/api/audio/levels (during plugin swap),3.600000,0.000000,8,36,95,110,160,160,170,170,170,170,170,1029,0,11,65.9029466346444,1.5721969539299607,1298.7376680830494,76.99222546161322
1774611991,10,GET,/api/audio/levels/plugins,3.600000,0.000000,7,13,15,20,70,110,110,110,110,110,110,1029,0,6,14.267708140830857,1.5065419720485806,1342.3058059997857,20.657920310981535
1774611991,10,GET,/api/audio/status,11.800000,0.000000,7,15,18,19,26,100,110,110,120,120,120,3076,0,5,11.955428899036326,1.5238210326060653,1259.1678659664467,303.0169050715215
1774611991,10,GET,/api/chains/,0.000000,0.000000,0,0,0,0,0,0,0,0,0,0,0,64,0,13,44.4865199533524,2.089375047944486,302.3143840255216,1478.296875
1774611991,10,GET,/api/chains/{id},11.800000,0.000000,11,34,86,110,190,220,1200,1200,1200,1200,1200,3076,0,10,62.63798765766389,1.9238220993429422,1318.3924700133502,807.880689206762
1774611991,10,POST,/api/chains/{id}/activate,11.800000,0.000000,12,21,26,32,130,160,170,180,180,180,180,3076,0,9,27.83822421370085,1.778690959326923,1260.2180039975792,54.29453836150845
1774611991,10,POST,/api/chains/{id}/deactivate,11.800000,0.000000,5,12,15,17,20,24,100,100,120,120,120,3076,0,5,11.246447161888227,1.7843160312622786,1286.3739950116724,61.27665799739922
1774611991,10,POST,/api/plugins/batch/parameters (500 updates),5.900000,0.000000,16,20,31,93,210,240,250,1100,1100,1100,1100,1985,0,19,72.1279594783908,5.447239032946527,1365.1708320248872,866.7642317380353
1774611991,10,GET,/api/plugins/discover,0.000000,0.000000,0,0,0,0,0,0,0,0,0,0,0,64,0,28,37.74846755004546,12.908800039440393,155.31902690418065,89708.0
1774611991,10,GET,/api/plugins/list,0.000000,0.000000,0,0,0,0,0,0,0,0,0,0,0,64,0,11,26.758709516798262,1.6044959193095565,192.37323594279587,72.953125
1774611991,10,POST,/api/plugins/load?uri,3.600000,0.000000,12,17,24,27,130,140,170,170,170,170,170,1029,0,9,26.764981051887936,1.882247976027429,1256.7783229751512,2361.087463556851
1774611991,10,POST,/api/plugins/unload?uri,3.600000,0.000000,7,11,13,15,20,120,130,130,130,130,130,1029,0,6,11.655685926182965,1.7988779582083225,222.2753749229014,127.30515063168124
1774611991,10,,Aggregated,98.700000,0.000000,9,17,21,27,130,170,220,1100,1200,1200,1200,26829,0,9,36.715984192659555,1.4929859898984432,1365.1708320248872,538.519698833352
1774611992,10,GET,/api/audio/latency,15.300000,0.000000,7,17,22,24,80,160,160,160,170,170,170,4135,0,8,24.424220097505746,1.4929859898984432,1326.6441239975393,33.0503022974607
1774611992,10,GET,/api/audio/levels,15.500000,0.000000,10,17,67,120,170,220,1200,1200,1200,1200,1200,4136,0,10,63.5540060381152,1.53452402446419,1309.4227639958262,77.04206963249517
1774611992,10,GET,/api/audio/levels (during plugin swap),4.200000,0.000000,10,62,100,130,160,170,200,200,200,200,200,1035,0,11,65.7793120580055,1.5721969539299607,1298.7376680830494,77.00676328502415
1774611992,10,GET,/api/audio/levels/plugins,4.000000,0.000000,11,15,20,24,96,110,110,110,110,110,110,1035,0,6,14.418725716737482,1.5065419720485806,1342.3058059997857,20.669565217391305
1774611992,10,GET,/api/audio/status,12.100000,0.000000,8,15,19,20,28,100,110,120,130,130,130,3085,0,5,12.013457775549176,1.5238210326060653,1259.1678659664467,303.01685575364667
1774611992,10,GET,/api/chains/,0.000000,0.000000,0,0,0,0,0,0,0,0,0,0,0,64,0,13,44.4865199533524,2.089375047944486,302.3143840255216,1478.296875
1774611992,10,GET,/api/chains/{id},12.500000,0.000000,12,35,86,110,190,220,1200,1200,1200,1200,1200,3086,0,10,62.56146686123255,1.9238220993429422,1318.3924700133502,807.8810758263123
1774611992,10,POST,/api/chains/{id}/activate,12.100000,0.000000,14,21,26,32,130,160,170,180,180,180,180,3086,0,10,27.838742069434375,1.778690959326923,1260.2180039975792,54.28872326636422
1774611992,10,POST,/api/chains/{id}/deactivate,12.100000,0.000000,5,12,15,17,20,25,100,100,120,120,120,3084,0,5,11.234076318626103,1.7843160312622786,1286.3739950116724,61.2704280155642
1774611992,10,POST,/api/plugins/batch/parameters (500 updates),7.200000,0.000000,16,23,93,130,210,240,250,1100,1100,1100,1100,1994,0,19,72.1136640769933,5.447239032946527,1365.1708320248872,866.6173520561686
1774611992,10,GET,/api/plugins/discover,0.000000,0.000000,0,0,0,0,0,0,0,0,0,0,0,64,0,28,37.74846755004546,12.908800039440393,155.31902690418065,89708.0
1774611992,10,GET,/api/plugins/list,0.000000,0.000000,0,0,0,0,0,0,0,0,0,0,0,64,0,11,26.758709516798262,1.6044959193095565,192.37323594279587,72.953125
1774611992,10,POST,/api/plugins/load?uri,4.000000,0.000000,12,17,23,24,27,130,170,170,170,170,170,1035,0,9,26.675818686301547,1.882247976027429,1256.7783229751512,2362.8125603864733
1774611992,10,POST,/api/plugins/unload?uri,4.000000,0.000000,8,13,15,18,33,120,130,130,130,130,130,1035,0,6,11.68552796324886,1.7988779582083225,222.2753749229014,127.29468599033817
1774611992,10,,Aggregated,103.000000,0.000000,10,17,23,31,130,170,220,1100,1200,1200,1200,26938,0,9,36.67737686907127,1.4929859898984432,1365.1708320248872,537.7798277526172
1774611993,10,GET,/api/audio/latency,15.200000,0.000000,5,14,20,24,130,160,170,170,180,180,180,4151,0,8,24.51625912670913,1.4929859898984432,1326.6441239975393,33.050108407612626
1774611993,10,GET,/api/audio/levels,15.000000,0.000000,10,16,61,100,170,220,1200,1200,1200,1200,1200,4151,0,10,63.553759356939565,1.53452402446419,1309.4227639958262,77.04938569019514
1774611993,10,GET,/api/audio/levels (during plugin swap),4.200000,0.000000,8,35,81,100,160,160,200,200,200,200,200,1040,0,11,65.55359392883614,1.5721969539299607,1298.7376680830494,77.0
1774611993,10,GET,/api/audio/levels/plugins,4.300000,0.000000,6,12,18,20,96,110,110,110,110,110,110,1040,0,6,14.37287447468127,1.5065419720485806,1342.3058059997857,20.6625
1774611993,10,GET,/api/audio/status,11.400000,0.000000,6,12,18,19,26,100,110,110,130,130,130,3098,0,5,11.993654709675495,1.5238210326060653,1259.1678659664467,303.01678502259523
1774611993,10,GET,/api/chains/,0.000000,0.000000,0,0,0,0,0,0,0,0,0,0,0,64,0,13,44.4865199533524,2.089375047944486,302.3143840255216,1478.296875
1774611993,10,GET,/api/chains/{id},11.300000,0.000000,10,18,69,110,190,220,1200,1200,1200,1200,1200,3098,0,10,62.498933434349006,1.9238220993429422,1318.3924700133502,807.8263395739186
1774611993,10,POST,/api/chains/{id}/activate,11.400000,0.000000,10,20,25,27,130,160,170,180,180,180,180,3098,0,10,27.87407191549629,1.778690959326923,1260.2180039975792,54.29470626210458
1774611993,10,POST,/api/chains/{id}/deactivate,11.400000,0.000000,5,10,14,16,20,25,100,100,120,120,120,3098,0,5,11.219368837809874,1.7843160312622786,1286.3739950116724,61.265655261459
1774611993,10,POST,/api/plugins/batch/parameters (500 updates),6.800000,0.000000,16,25,93,130,210,240,250,1100,1100,1100,1100,2001,0,19,72.08060807020668,5.447239032946527,1365.1708320248872,866.5732133933034
1774611993,10,GET,/api/plugins/discover,0.000000,0.000000,0,0,0,0,0,0,0,0,0,0,0,64,0,28,37.74846755004546,12.908800039440393,155.31902690418065,89708.0
1774611993,10,GET,/api/plugins/list,0.000000,0.000000,0,0,0,0,0,0,0,0,0,0,0,64,0,11,26.758709516798262,1.6044959193095565,192.37323594279587,72.953125
1774611993,10,POST,/api/plugins/load?uri,4.300000,0.000000,10,16,18,24,27,130,170,170,170,170,170,1040,0,9,26.583761723304633,1.882247976027429,1256.7783229751512,2359.8836538461537
1774611993,10,POST,/api/plugins/unload?uri,4.300000,0.000000,7,10,13,15,20,33,35,35,35,35,35,1040,0,6,11.655872909446211,1.7988779582083225,222.2753749229014,127.28942307692307
1774611993,10,,Aggregated,99.500000,0.000000,8,16,21,25,130,170,210,1100,1200,1200,1200,27047,0,9,36.66099030447189,1.4929859898984432,1365.1708320248872,536.8157281768773
1774611994,10,GET,/api/audio/latency,15.800000,0.000000,4,14,20,24,63,160,160,170,180,180,180,4176,0,8,24.451206198527068,1.4929859898984432,1326.6441239975393,33.04980842911878
1774611994,10,GET,/api/audio/levels,15.800000,0.000000,9,16,61,91,150,210,1200,1200,1200,1200,1200,4177,0,10,63.28869397957226,1.53452402446419,1309.4227639958262,77.0459660043093
1774611994,10,GET,/api/audio/levels (during plugin swap),3.700000,0.000000,8,35,95,110,140,160,200,200,200,200,200,1046,0,11,65.44593055156037,1.5721969539299607,1298.7376680830494,77.0019120458891
1774611994,10,GET,/api/audio/levels/plugins,3.700000,0.000000,7,12,20,21,97,110,130,130,130,130,130,1045,0,6,14.563388874170561,1.5065419720485806,1342.3058059997857,20.680382775119618
1774611994,10,GET,/api/audio/status,11.100000,0.000000,6,12,19,20,31,110,120,120,130,130,130,3110,0,5,12.039556552901553,1.5238210326060653,1259.1678659664467,303.01672025723474
1774611994,10,GET,/api/chains/,0.000000,0.000000,0,0,0,0,0,0,0,0,0,0,0,64,0,13,44.4865199533524,2.089375047944486,302.3143840255216,1478.296875
1774611994,10,GET,/api/chains/{id},11.100000,0.000000,12,25,74,110,190,220,1200,1200,1200,1200,1200,3111,0,10,62.309723922392166,1.9238220993429422,1318.3924700133502,807.9684988749598
1774611994,10,POST,/api/chains/{id}/activate,11.100000,0.000000,12,22,26,34,130,160,170,180,180,180,180,3110,0,9,27.82710974862338,1.778690959326923,1260.2180039975792,54.29260450160772
1774611994,10,POST,/api/chains/{id}/deactivate,11.100000,0.000000,5,11,14,16,20,25,100,100,120,120,120,3108,0,5,11.21123054880167,1.7843160312622786,1286.3739950116724,61.26801801801802
1774611994,10,POST,/api/plugins/batch/parameters (500 updates),7.000000,0.000000,16,25,93,130,210,240,250,1100,1100,1100,1100,2008,0,19,71.89542679610084,5.447239032946527,1365.1708320248872,866.546812749004
1774611994,10,GET,/api/plugins/discover,0.000000,0.000000,0,0,0,0,0,0,0,0,0,0,0,64,0,28,37.74846755004546,12.908800039440393,155.31902690418065,89708.0
1774611994,10,GET,/api/plugins/list,0.000000,0.000000,0,0,0,0,0,0,0,0,0,0,0,64,0,11,26.758709516798262,1.6044959193095565,192.37323594279587,72.953125
1774611994,10,POST,/api/plugins/load?uri,3.700000,0.000000,10,16,23,24,30,68,170,170,170,170,170,1045,0,9,26.585399883612098,1.882247976027429,1256.7783229751512,2359.163636363636
1774611994,10,POST,/api/plugins/unload?uri,3.700000,0.000000,7,10,14,17,20,33,35,35,35,35,35,1043,0,6,11.643594340264997,1.7988779582083225,222.2753749229014,127.27420901246404
1774611994,10,,Aggregated,97.800000,0.000000,9,17,22,28,130,170,210,1100,1200,1200,1200,27171,0,9,36.58618784090674,1.4929859898984432,1365.1708320248872,535.7155055021898
1774611995,10,GET,/api/audio/latency,14.900000,0.000000,4,14,22,24,130,160,170,170,180,180,180,4195,0,8,24.524475809706196,1.4929859898984432,1326.6441239975393,33.04958283671037
1774611995,10,GET,/api/audio/levels,14.500000,0.000000,9,16,43,86,150,180,210,220,240,240,240,4195,0,10,63.24569928097395,1.53452402446419,1309.4227639958262,77.04410011918951
1774611995,10,GET,/api/audio/levels (during plugin swap),3.800000,0.000000,12,62,110,130,150,160,200,200,200,200,200,1049,0,11,65.54565105624532,1.5721969539299607,1298.7376680830494,76.9904671115348
1774611995,10,GET,/api/audio/levels/plugins,4.000000,0.000000,8,15,20,21,97,110,130,130,130,130,130,1049,0,6,14.555365648662212,1.5065419720485806,1342.3058059997857,20.679694947569114
1774611995,10,GET,/api/audio/status,11.600000,0.000000,5,12,18,20,31,110,120,130,170,170,170,3122,0,5,12.078141991574375,1.5238210326060653,1259.1678659664467,303.0208199871877
1774611995,10,GET,/api/chains/,0.000000,0.000000,0,0,0,0,0,0,0,0,0,0,0,64,0,13,44.4865199533524,2.089375047944486,302.3143840255216,1478.296875
1774611995,10,GET,/api/chains/{id},11.500000,0.000000,12,21,67,95,180,190,210,220,220,220,220,3122,0,10,62.27968258897026,1.9238220993429422,1318.3924700133502,808.054131966688
1774611995,10,POST,/api/chains/{id}/activate,11.600000,0.000000,11,22,26,36,160,170,180,180,190,190,190,3122,0,9,27.934272237016756,1.778690959326923,1260.2180039975792,54.29051889814222
1774611995,10,POST,/api/chains/{id}/deactivate,11.600000,0.000000,5,11,15,17,22,35,100,100,120,120,120,3122,0,5,11.21532086950138,1.7843160312622786,1286.3739950116724,61.26329276105061
1774611995,10,POST,/api/plugins/batch/parameters (500 updates),7.000000,0.000000,16,25,80,100,200,230,240,250,250,250,250,2015,0,19,71.77041991846058,5.447239032946527,1365.1708320248872,866.7305210918114
1774611995,10,GET,/api/plugins/discover,0.000000,0.000000,0,0,0,0,0,0,0,0,0,0,0,64,0,28,37.74846755004546,12.908800039440393,155.31902690418065,89708.0
1774611995,10,GET,/api/plugins/list,0.000000,0.000000,0,0,0,0,0,0,0,0,0,0,0,64,0,11,26.758709516798262,1.6044959193095565,192.37323594279587,72.953125
1774611995,10,POST,/api/plugins/load?uri,3.800000,0.000000,12,18,25,27,61,130,170,170,170,170,170,1049,0,9,26.69758489355445,1.882247976027429,1256.7783229751512,2360.9914204003812
1774611995,10,POST,/api/plugins/unload?uri,4.000000,0.000000,7,13,15,18,20,31,35,35,35,35,35,1049,0,6,11.658608051570926,1.7988779582083225,222.2753749229014,127.2516682554814
1774611995,10,,Aggregated,98.300000,0.000000,9,17,23,29,130,170,200,210,240,250,250,27281,0,9,36.59765581145443,1.4929859898984432,1365.1708320248872,534.8431142553426
1774611996,10,GET,/api/audio/latency,14.900000,0.000000,4,13,22,24,120,160,170,170,180,180,180,4198,0,8,24.512520152842516,1.4929859898984432,1326.6441239975393,33.04954740352549
1774611996,10,GET,/api/audio/levels,14.500000,0.000000,9,16,31,77,150,190,210,220,240,240,240,4199,0,10,63.19271985891249,1.53452402446419,1309.4227639958262,77.04334365325077
1774611996,10,GET,/api/audio/levels (during plugin swap),3.800000,0.000000,10,23,100,130,150,160,200,200,200,200,200,1053,0,11,65.33813440189621,1.5721969539299607,1298.7376680830494,76.98765432098766
1774611996,10,GET,/api/audio/levels/plugins,4.000000,0.000000,11,15,20,21,97,110,130,130,130,130,130,1053,0,6,14.542291468563901,1.5065419720485806,1342.3058059997857,20.666666666666668
1774611996,10,GET,/api/audio/status,11.600000,0.000000,5,11,16,19,28,110,120,130,170,170,170,3131,0,5,12.059614321501602,1.5238210326060653,1259.1678659664467,303.0207601405302
1774611996,10,GET,/api/chains/,0.000000,0.000000,0,0,0,0,0,0,0,0,0,0,0,64,0,13,44.4865199533524,2.089375047944486,302.3143840255216,1478.296875
1774611996,10,GET,/api/chains/{id},11.500000,0.000000,11,17,45,69,140,190,210,220,220,220,220,3131,0,10,62.11894432023877,1.9238220993429422,1318.3924700133502,808.1945065474289
1774611996,10,POST,/api/chains/{id}/activate,11.600000,0.000000,8,20,24,27,130,160,170,180,190,190,190,3131,0,9,27.87368680551709,1.778690959326923,1260.2180039975792,54.290961354199936
1774611996,10,POST,/api/chains/{id}/deactivate,11.600000,0.000000,5,9,14,16,20,24,35,45,120,120,120,3131,0,5,11.198551344556757,1.7843160312622786,1286.3739950116724,61.26541041200894
1774611996,10,POST,/api/plugins/batch/parameters (500 updates),7.000000,0.000000,18,24,64,93,180,210,240,250,250,250,250,2021,0,19,71.60696267379141,5.447239032946527,1365.1708320248872,866.6541316180109
1774611996,10,GET,/api/plugins/discover,0.000000,0.000000,0,0,0,0,0,0,0,0,0,0,0,64,0,28,37.74846755004546,12.908800039440393,155.31902690418065,89708.0
1774611996,10,GET,/api/plugins/list,0.000000,0.000000,0,0,0,0,0,0,0,0,0,0,0,64,0,11,26.758709516798262,1.6044959193095565,192.37323594279587,72.953125
1774611996,10,POST,/api/plugins/load?uri,3.800000,0.000000,10,18,24,27,61,130,170,170,170,170,170,1053,0,9,26.64193654731836,1.882247976027429,1256.7783229751512,2367.451092117759
1774611996,10,POST,/api/plugins/unload?uri,4.000000,0.000000,7,13,15,18,20,31,35,35,35,35,35,1053,0,6,11.642008862420138,1.7988779582083225,222.2753749229014,127.23551756885091
1774611996,10,,Aggregated,98.300000,0.000000,8,16,21,25,110,160,190,210,250,250,250,27346,0,9,36.5303293416021,1.4929859898984432,1365.1708320248872,534.8169384919183
1774611997,10,GET,/api/audio/latency,16.300000,0.000000,6,17,23,24,130,160,170,180,1300,1300,1300,4205,0,8,24.794880889093683,1.4929859898984432,1326.6441239975393,33.04946492271106
1774611997,10,GET,/api/audio/levels,16.300000,0.000000,10,19,73,110,180,220,1100,1200,1300,1300,1300,4205,0,10,64.24251636875047,1.53452402446419,1309.4227639958262,77.05303210463734
1774611997,10,GET,/api/audio/levels (during plugin swap),4.200000,0.000000,13,35,110,130,160,160,200,200,200,200,200,1053,0,11,65.33813440189621,1.5721969539299607,1298.7376680830494,76.98765432098766
1774611997,10,GET,/api/audio/levels/plugins,4.200000,0.000000,12,16,20,24,110,130,130,130,130,130,130,1053,0,6,14.542291468563901,1.5065419720485806,1342.3058059997857,20.666666666666668
1774611997,10,GET,/api/audio/status,11.300000,0.000000,5,13,19,20,100,120,130,130,170,170,170,3136,0,5,12.130009486452542,1.5238210326060653,1259.1678659664467,303.0207270408163
1774611997,10,GET,/api/chains/,0.000000,0.000000,0,0,0,0,0,0,0,0,0,0,0,64,0,13,44.4865199533524,2.089375047944486,302.3143840255216,1478.296875
1774611997,10,GET,/api/chains/{id},11.300000,0.000000,12,21,67,100,190,1200,1200,1200,1200,1200,1200,3136,0,10,63.921633832232686,1.9238220993429422,1318.3924700133502,808.2222576530612
1774611997,10,POST,/api/chains/{id}/activate,11.300000,0.000000,15,22,26,33,130,160,170,180,190,190,190,3136,0,10,27.94111921142832,1.778690959326923,1260.2180039975792,54.28411989795919
1774611997,10,POST,/api/chains/{id}/deactivate,11.300000,0.000000,5,10,15,17,20,32,45,120,120,120,120,3136,0,5,11.224427862172739,1.7843160312622786,1286.3739950116724,61.266581632653065
1774611997,10,POST,/api/plugins/batch/parameters (500 updates),7.300000,0.000000,19,27,72,93,200,210,240,250,250,250,250,2023,0,19,71.60100285800563,5.447239032946527,1365.1708320248872,866.6717745921898
1774611997,10,GET,/api/plugins/discover,0.000000,0.000000,0,0,0,0,0,0,0,0,0,0,0,64,0,28,37.74846755004546,12.908800039440393,155.31902690418065,89708.0
1774611997,10,GET,/api/plugins/list,0.000000,0.000000,0,0,0,0,0,0,0,0,0,0,0,64,0,11,26.758709516798262,1.6044959193095565,192.37323594279587,72.953125
1774611997,10,POST,/api/plugins/load?uri,4.200000,0.000000,12,24,26,27,68,170,170,170,170,170,170,1053,0,9,26.64193654731836,1.882247976027429,1256.7783229751512,2367.451092117759
1774611997,10,POST,/api/plugins/unload?uri,4.200000,0.000000,9,14,17,18,29,33,35,35,35,35,35,1053,0,6,11.642008862420138,1.7988779582083225,222.2753749229014,127.23551756885091
1774611997,10,,Aggregated,101.900000,0.000000,10,18,24,32,130,170,210,1100,1300,1300,1300,27381,0,9,36.95901803763674,1.4929859898984432,1365.1708320248872,534.4512618238925
1774611998,10,GET,/api/audio/latency,16.800000,0.000000,6,17,21,24,120,170,180,180,1300,1300,1300,4229,0,8,24.83433237985097,1.4929859898984432,1326.6441239975393,33.049184204303614
1774611998,10,GET,/api/audio/levels,16.900000,0.000000,11,21,63,100,180,200,1100,1200,1300,1300,1300,4229,0,10,64.18880596516892,1.53452402446419,1309.4227639958262,77.05154882951052
1774611998,10,GET,/api/audio/levels (during plugin swap),4.700000,0.000000,12,19,35,100,130,160,200,200,200,200,200,1056,0,11,65.19653680505033,1.5721969539299607,1298.7376680830494,76.98863636363636
1774611998,10,GET,/api/audio/levels/plugins,4.700000,0.000000,8,13,16,20,110,130,130,130,130,130,130,1056,0,6,14.512966965412488,1.5065419720485806,1342.3058059997857,20.66003787878788
1774611998,10,GET,/api/audio/status,12.200000,0.000000,5,9,15,18,100,120,130,170,170,170,170,3148,0,5,12.10229868284371,1.5238210326060653,1259.1678659664467,303.0206480304956
1774611998,10,GET,/api/chains/,0.000000,0.000000,0,0,0,0,0,0,0,0,0,0,0,64,0,13,44.4865199533524,2.089375047944486,302.3143840255216,1478.296875
1774611998,10,GET,/api/chains/{id},12.000000,0.000000,12,18,65,110,190,1200,1200,1200,1200,1200,1200,3148,0,10,63.883517146657255,1.9238220993429422,1318.3924700133502,808.3332274459974
1774611998,10,POST,/api/chains/{id}/activate,12.000000,0.000000,10,20,23,25,150,170,180,190,190,190,190,3148,0,9,27.922273000261157,1.778690959326923,1260.2180039975792,54.274142312579414
1774611998,10,POST,/api/chains/{id}/deactivate,12.400000,0.000000,5,8,13,15,20,32,45,120,120,120,120,3148,0,5,11.203687182885595,1.7843160312622786,1286.3739950116724,61.26937738246506
1774611998,10,POST,/api/plugins/batch/parameters (500 updates),8.000000,0.000000,19,25,72,85,170,210,250,260,260,260,260,2032,0,19,71.63460461462218,5.447239032946527,1365.1708320248872,866.5551181102362
1774611998,10,GET,/api/plugins/discover,0.000000,0.000000,0,0,0,0,0,0,0,0,0,0,0,64,0,28,37.74846755004546,12.908800039440393,155.31902690418065,89708.0
1774611998,10,GET,/api/plugins/list,0.000000,0.000000,0,0,0,0,0,0,0,0,0,0,0,64,0,11,26.758709516798262,1.6044959193095565,192.37323594279587,72.953125
1774611998,10,POST,/api/plugins/load?uri,4.700000,0.000000,8,17,23,24,30,68,170,170,170,170,170,1056,0,9,26.596859869503973,1.882247976027429,1256.7783229751512,2366.2007575757575
1774611998,10,POST,/api/plugins/unload?uri,4.700000,0.000000,6,14,15,18,29,33,35,35,35,35,35,1056,0,6,11.61462655992099,1.7988779582083225,222.2753749229014,127.23674242424242
1774611998,10,,Aggregated,109.100000,0.000000,9,16,22,25,120,170,210,1100,1300,1300,1300,27498,0,9,36.94495606175687,1.4929859898984432,1365.1708320248872,533.3299876354644
1774611999,10,GET,/api/audio/latency,15.700000,0.000000,7,16,21,24,120,170,180,180,1300,1300,1300,4249,0,8,24.778762660332323,1.4929859898984432,1326.6441239975393,33.048952694751705
1774611999,10,GET,/api/audio/levels,15.700000,0.000000,11,21,73,100,170,190,1100,1200,1300,1300,1300,4249,0,10,64.04337980977908,1.53452402446419,1309.4227639958262,77.0477759472817
1774611999,10,GET,/api/audio/levels (during plugin swap),4.500000,0.000000,13,23,35,81,130,160,200,200,200,200,200,1059,0,11,65.05038509155493,1.5721969539299607,1298.7376680830494,76.98961284230406
1774611999,10,GET,/api/audio/levels/plugins,4.500000,0.000000,12,16,20,27,110,130,130,130,130,130,130,1059,0,6,14.51159416659664,1.5065419720485806,1342.3058059997857,20.67799811142587
1774611999,10,GET,/api/audio/status,11.100000,0.000000,5,12,15,19,100,120,130,170,170,170,170,3162,0,5,12.085918346126867,1.5238210326060653,1259.1678659664467,303.02055660974065
1774611999,10,GET,/api/chains/,0.000000,0.000000,0,0,0,0,0,0,0,0,0,0,0,64,0,13,44.4865199533524,2.089375047944486,302.3143840255216,1478.296875
1774611999,10,GET,/api/chains/{id},11.500000,0.000000,12,18,88,110,190,1200,1200,1200,1200,1200,1200,3162,0,10,63.75816135247109,1.9238220993429422,1318.3924700133502,808.4433902593296
1774611999,10,POST,/api/chains/{id}/activate,11.300000,0.000000,11,20,23,25,160,170,180,190,190,190,190,3162,0,9,27.88777777768735,1.778690959326923,1260.2180039975792,54.28368121442125
1774611999,10,POST,/api/chains/{id}/deactivate,11.000000,0.000000,5,9,14,15,22,35,120,140,140,140,140,3162,0,5,11.23231887210786,1.7843160312622786,1286.3739950116724,61.26470588235294
1774611999,10,POST,/api/plugins/batch/parameters (500 updates),7.400000,0.000000,20,28,72,95,200,250,250,260,260,260,260,2039,0,19,71.43485341885672,5.447239032946527,1365.1708320248872,866.4639529180971
1774611999,10,GET,/api/plugins/discover,0.000000,0.000000,0,0,0,0,0,0,0,0,0,0,0,64,0,28,37.74846755004546,12.908800039440393,155.31902690418065,89708.0
1774611999,10,GET,/api/plugins/list,0.000000,0.000000,0,0,0,0,0,0,0,0,0,0,0,64,0,11,26.758709516798262,1.6044959193095565,192.37323594279587,72.953125
1774611999,10,POST,/api/plugins/load?uri,4.500000,0.000000,12,21,24,26,61,110,170,170,170,170,170,1059,0,9,26.635685200408115,1.882247976027429,1256.7783229751512,2365.3493862134087
1774611999,10,POST,/api/plugins/unload?uri,4.500000,0.000000,7,15,18,19,29,33,35,35,35,35,35,1059,0,6,11.616780017207995,1.7988779582083225,222.2753749229014,127.22946175637394
1774611999,10,,Aggregated,101.700000,0.000000,9,17,23,27,130,170,210,1100,1300,1300,1300,27613,0,9,36.87823736643254,1.4929859898984432,1365.1708320248872,532.2854090464637
1774612000,10,GET,/api/audio/latency,16.100000,0.000000,6,13,20,22,63,170,180,180,1300,1300,1300,4273,0,8,24.78304459768324,1.4929859898984432,1326.6441239975393,33.04867774397379
1774612000,10,GET,/api/audio/levels,15.900000,0.000000,9,17,67,100,170,190,1100,1200,1300,1300,1300,4273,0,10,63.957908728291606,1.53452402446419,1309.4227639958262,77.04329510882285
1774612000,10,GET,/api/audio/levels (during plugin swap),4.200000,0.000000,12,19,27,49,130,150,200,200,200,200,200,1064,0,11,64.81433687703176,1.5721969539299607,1298.7376680830494,76.9953007518797
1774612000,10,GET,/api/audio/levels/plugins,4.300000,0.000000,8,13,16,20,96,130,130,130,130,130,130,1064,0,6,14.473265348986155,1.5065419720485806,1342.3058059997857,20.67105263157895
1774612000,10,GET,/api/audio/status,10.700000,0.000000,4,9,12,14,23,120,130,170,170,170,170,3172,0,5,12.06507325327449,1.5238210326060653,1259.1678659664467,303.0204918032787
1774612000,10,GET,/api/chains/,0.000000,0.000000,0,0,0,0,0,0,0,0,0,0,0,64,0,13,44.4865199533524,2.089375047944486,302.3143840255216,1478.296875
1774612000,10,GET,/api/chains/{id},10.200000,0.000000,12,17,65,100,190,1200,1200,1200,1200,1200,1200,3172,0,10,63.72075517384264,1.9238220993429422,1318.3924700133502,808.3871374527113
1774612000,10,POST,/api/chains/{id}/activate,10.700000,0.000000,8,18,21,23,150,170,180,190,190,190,190,3172,0,9,27.882595107784088,1.778690959326923,1260.2180039975792,54.270176544766706
1774612000,10,POST,/api/chains/{id}/deactivate,10.700000,0.000000,5,8,12,14,18,32,120,140,140,140,140,3172,0,5,11.20618759410181,1.7843160312622786,1286.3739950116724,61.26702395964691
1774612000,10,POST,/api/plugins/batch/parameters (500 updates),7.100000,0.000000,22,25,59,72,150,210,250,260,260,260,260,2046,0,19,71.44872883769692,5.447239032946527,1365.1708320248872,866.453567937439
1774612000,10,GET,/api/plugins/discover,0.000000,0.000000,0,0,0,0,0,0,0,0,0,0,0,64,0,28,37.74846755004546,12.908800039440393,155.31902690418065,89708.0
1774612000,10,GET,/api/plugins/list,0.000000,0.000000,0,0,0,0,0,0,0,0,0,0,0,64,0,11,26.758709516798262,1.6044959193095565,192.37323594279587,72.953125
1774612000,10,POST,/api/plugins/load?uri,4.300000,0.000000,9,15,21,24,61,110,170,170,170,170,170,1064,0,9,26.54163124253343,1.882247976027429,1256.7783229751512,2366.7124060150377
1774612000,10,POST,/api/plugins/unload?uri,4.300000,0.000000,6,10,15,18,29,33,35,35,35,35,35,1064,0,6,11.59042487891664,1.7988779582083225,222.2753749229014,127.2687969924812
1774612000,10,,Aggregated,98.500000,0.000000,8,14,20,24,120,170,200,1100,1300,1300,1300,27728,0,9,36.84602468104495,1.4929859898984432,1365.1708320248872,531.3459679746105
1774612001,10,GET,/api/audio/latency,16.500000,0.000000,7,14,21,23,120,170,180,180,1300,1300,1300,4285,0,8,24.737675777362615,1.4929859898984432,1326.6441239975393,33.0485414235706
1774612001,10,GET,/api/audio/levels,16.600000,0.000000,9,25,91,110,180,200,1100,1200,1300,1300,1300,4285,0,10,63.86221667798942,1.53452402446419,1309.4227639958262,77.04410735122521
1774612001,10,GET,/api/audio/levels (during plugin swap),4.000000,0.000000,15,23,45,55,130,150,200,200,200,200,200,1067,0,11,64.74039892512421,1.5721969539299607,1298.7376680830494,76.9962511715089
1774612001,10,GET,/api/audio/levels/plugins,3.900000,0.000000,10,13,14,16,96,130,130,130,130,130,130,1067,0,6,14.45832295897971,1.5065419720485806,1342.3058059997857,20.68884723523899
1774612001,10,GET,/api/audio/status,11.200000,0.000000,5,10,12,14,23,120,130,130,170,170,170,3191,0,5,12.07439106132716,1.5238210326060653,1259.1678659664467,303.02036979003447
1774612001,10,GET,/api/chains/,0.000000,0.000000,0,0,0,0,0,0,0,0,0,0,0,64,0,13,44.4865199533524,2.089375047944486,302.3143840255216,1478.296875
1774612001,10,GET,/api/chains/{id},11.200000,0.000000,12,19,88,110,190,230,1200,1200,1200,1200,1200,3191,0,10,63.577622965899614,1.9238220993429422,1318.3924700133502,808.3572547790661
1774612001,10,POST,/api/chains/{id}/activate,11.200000,0.000000,8,14,20,23,140,170,170,180,190,190,190,3191,0,9,27.771815645467026,1.778690959326923,1260.2180039975792,54.28078972109057
1774612001,10,POST,/api/chains/{id}/deactivate,11.100000,0.000000,5,10,13,14,22,45,110,120,140,140,140,3191,0,5,11.285532185895674,1.7843160312622786,1286.3739950116724,61.2713882795362
1774612001,10,POST,/api/plugins/batch/parameters (500 updates),7.800000,0.000000,22,25,64,72,150,210,250,260,260,260,260,2058,0,19,71.23244424729334,5.447239032946527,1365.1708320248872,866.5286686103012
1774612001,10,GET,/api/plugins/discover,0.000000,0.000000,0,0,0,0,0,0,0,0,0,0,0,64,0,28,37.74846755004546,12.908800039440393,155.31902690418065,89708.0
1774612001,10,GET,/api/plugins/list,0.000000,0.000000,0,0,0,0,0,0,0,0,0,0,0,64,0,11,26.758709516798262,1.6044959193095565,192.37323594279587,72.953125
1774612001,10,POST,/api/plugins/load?uri,3.900000,0.000000,9,18,22,24,61,110,170,170,170,170,170,1067,0,9,26.515403498643217,1.882247976027429,1256.7783229751512,2376.6204311152765
1774612001,10,POST,/api/plugins/unload?uri,3.900000,0.000000,7,12,14,15,29,33,35,35,35,35,35,1067,0,6,11.593594135181505,1.7988779582083225,222.2753749229014,127.29522024367385
1774612001,10,,Aggregated,101.300000,0.000000,9,15,22,26,130,170,200,1100,1300,1300,1300,27852,0,9,36.78110787224596,1.4929859898984432,1365.1708320248872,530.9024845612523
1774612002,10,GET,/api/audio/latency,17.200000,0.000000,6,12,18,21,63,170,170,180,1300,1300,1300,4306,0,8,24.730464934801386,1.4929859898984432,1326.6441239975393,33.048304691128656
1774612002,10,GET,/api/audio/levels,17.000000,0.000000,8,22,63,110,170,200,1100,1200,1300,1300,1300,4306,0,10,63.79069878757705,1.53452402446419,1309.4227639958262,77.04249883882954
1774612002,10,GET,/api/audio/levels (during plugin swap),3.600000,0.000000,15,23,49,55,130,150,160,160,160,160,160,1069,0,11,64.8857367710037,1.5721969539299607,1298.7376680830494,77.0130963517306
1774612002,10,GET,/api/audio/levels/plugins,3.700000,0.000000,10,13,16,16,20,130,130,130,130,130,130,1069,0,6,14.463748073273306,1.5065419720485806,1342.3058059997857,20.70065481758653
1774612002,10,GET,/api/audio/status,10.800000,0.000000,4,9,12,14,21,110,130,130,170,170,170,3203,0,5,12.06003185189345,1.5238210326060653,1259.1678659664467,303.0202934748673
1774612002,10,GET,/api/chains/,0.000000,0.000000,0,0,0,0,0,0,0,0,0,0,0,64,0,13,44.4865199533524,2.089375047944486,302.3143840255216,1478.296875
1774612002,10,GET,/api/chains/{id},10.400000,0.000000,12,18,86,110,180,230,1200,1200,1200,1200,1200,3203,0,10,63.57497679713103,1.9238220993429422,1318.3924700133502,808.3009678426475
1774612002,10,POST,/api/chains/{id}/activate,10.800000,0.000000,8,13,20,23,150,170,180,180,190,190,190,3203,0,9,27.904487793788004,1.778690959326923,1260.2180039975792,54.270995941305024
1774612002,10,POST,/api/chains/{id}/deactivate,10.800000,0.000000,5,10,13,14,22,45,110,120,140,140,140,3203,0,5,11.275394376259166,1.7843160312622786,1286.3739950116724,61.274118014361534
1774612002,10,POST,/api/plugins/batch/parameters (500 updates),6.500000,0.000000,22,25,28,64,130,200,250,260,260,260,260,2066,0,19,71.18208445492539,5.447239032946527,1365.1708320248872,866.5958373668925
1774612002,10,GET,/api/plugins/discover,0.000000,0.000000,0,0,0,0,0,0,0,0,0,0,0,64,0,28,37.74846755004546,12.908800039440393,155.31902690418065,89708.0
1774612002,10,GET,/api/plugins/list,0.000000,0.000000,0,0,0,0,0,0,0,0,0,0,0,64,0,11,26.758709516798262,1.6044959193095565,192.37323594279587,72.953125
1774612002,10,POST,/api/plugins/load?uri,3.800000,0.000000,9,22,25,28,110,170,170,170,170,170,170,1069,0,9,26.78418701126478,1.882247976027429,1256.7783229751512,2375.201122544434
1774612002,10,POST,/api/plugins/unload?uri,3.700000,0.000000,6,12,14,15,18,29,31,31,31,31,31,1069,0,6,11.59040773547907,1.7988779582083225,222.2753749229014,127.29934518241348
1774612002,10,,Aggregated,98.300000,0.000000,8,14,21,24,120,170,200,1100,1300,1300,1300,27958,0,9,36.79837794041125,1.4929859898984432,1365.1708320248872,529.8773875098362
1774612003,10,GET,/api/audio/latency,17.400000,0.000000,8,15,21,22,79,170,180,180,1300,1300,1300,4321,0,8,24.737124752718415,1.4929859898984432,1326.6441239975393,33.04813700532284
1774612003,10,GET,/api/audio/levels,17.400000,0.000000,10,34,97,120,180,200,1100,1200,1300,1300,1300,4321,0,10,63.70918440090562,1.53452402446419,1309.4227639958262,77.04049988428605
1774612003,10,GET,/api/audio/levels (during plugin swap),3.600000,0.000000,15,23,49,100,130,150,160,160,160,160,160,1076,0,11,64.58757259957856,1.5721969539299607,1298.7376680830494,76.99907063197026
1774612003,10,GET,/api/audio/levels/plugins,3.600000,0.000000,11,13,16,17,27,130,130,130,130,130,130,1076,0,6,14.504606382216787,1.4897770015522838,1342.3058059997857,20.681226765799256
1774612003,10,GET,/api/audio/status,11.600000,0.000000,5,10,14,17,23,110,130,130,170,170,170,3217,0,5,12.077486289654681,1.5238210326060653,1259.1678659664467,303.020205160087
1774612003,10,GET,/api/chains/,0.000000,0.000000,0,0,0,0,0,0,0,0,0,0,0,64,0,13,44.4865199533524,2.089375047944486,302.3143840255216,1478.296875
1774612003,10,GET,/api/chains/{id},11.600000,0.000000,12,22,88,120,180,230,1200,1200,1200,1200,1200,3217,0,10,63.437774404535986,1.9238220993429422,1318.3924700133502,808.4637861361517
1774612003,10,POST,/api/chains/{id}/activate,11.700000,0.000000,8,14,21,24,160,170,180,190,190,190,190,3217,0,9,27.975004319980783,1.778690959326923,1260.2180039975792,54.272614236866644
1774612003,10,POST,/api/chains/{id}/deactivate,11.300000,0.000000,5,11,13,14,22,45,110,120,140,140,140,3217,0,5,11.270062129363826,1.7843160312622786,1286.3739950116724,61.2772769661175
1774612003,10,POST,/api/plugins/batch/parameters (500 updates),7.300000,0.000000,22,25,28,69,140,200,250,260,260,260,260,2073,0,19,71.03831658936818,5.447239032946527,1365.1708320248872,866.4409068982152
1774612003,10,GET,/api/plugins/discover,0.000000,0.000000,0,0,0,0,0,0,0,0,0,0,0,64,0,28,37.74846755004546,12.908800039440393,155.31902690418065,89708.0
1774612003,10,GET,/api/plugins/list,0.000000,0.000000,0,0,0,0,0,0,0,0,0,0,0,64,0,11,26.758709516798262,1.6044959193095565,192.37323594279587,72.953125
1774612003,10,POST,/api/plugins/load?uri,3.600000,0.000000,9,22,25,61,110,170,170,170,170,170,170,1076,0,9,26.709909601263412,1.882247976027429,1256.7783229751512,2373.7620817843867
1774612003,10,POST,/api/plugins/unload?uri,3.600000,0.000000,7,12,13,15,19,29,31,31,31,31,31,1076,0,6,11.563886723114994,1.7988779582083225,222.2753749229014,127.24163568773234
1774612003,10,,Aggregated,102.700000,0.000000,10,16,22,30,130,170,200,1100,1300,1300,1300,28079,0,9,36.74932478371944,1.4897770015522838,1365.1708320248872,529.0775668649169
1774612004,10,GET,/api/audio/latency,16.700000,0.000000,7,12,19,21,74,150,170,180,1300,1300,1300,4340,0,8,24.731247653902514,1.4929859898984432,1326.6441239975393,33.047926267281106
1774612004,10,GET,/api/audio/levels,16.700000,0.000000,9,24,63,110,170,200,1100,1200,1300,1300,1300,4340,0,10,63.613073147075845,1.53452402446419,1309.4227639958262,77.0347926267281
1774612004,10,GET,/api/audio/levels (during plugin swap),3.600000,0.000000,12,16,23,27,55,130,160,160,160,160,160,1082,0,11,64.26743284961408,1.5721969539299607,1298.7376680830494,76.98890942698706
1774612004,10,GET,/api/audio/levels/plugins,3.600000,0.000000,6,11,13,14,17,27,110,110,110,110,110,1082,0,6,14.447801980764954,1.4897770015522838,1342.3058059997857,20.668207024029574
1774612004,10,GET,/api/audio/status,11.600000,0.000000,5,10,13,15,19,24,110,130,130,130,130,3232,0,5,12.06410210197826,1.5238210326060653,1259.1678659664467,303.02011138613864
1774612004,10,GET,/api/chains/,0.000000,0.000000,0,0,0,0,0,0,0,0,0,0,0,64,0,13,44.4865199533524,2.089375047944486,302.3143840255216,1478.296875
1774612004,10,GET,/api/chains/{id},11.600000,0.000000,13,22,91,120,190,230,1200,1200,1200,1200,1200,3232,0,10,63.4643155185991,1.9238220993429422,1318.3924700133502,808.434405940594
1774612004,10,POST,/api/chains/{id}/activate,11.600000,0.000000,8,13,20,23,140,170,180,180,190,190,190,3232,0,9,27.957896407387313,1.778690959326923,1260.2180039975792,54.26825495049505
1774612004,10,POST,/api/chains/{id}/deactivate,11.600000,0.000000,5,9,13,14,17,23,110,120,140,140,140,3232,0,5,11.24758193993942,1.7843160312622786,1286.3739950116724,61.28063118811881
1774612004,10,POST,/api/plugins/batch/parameters (500 updates),7.400000,0.000000,22,24,27,69,150,220,250,260,260,260,260,2083,0,19,70.94561371619648,5.447239032946527,1365.1708320248872,866.6682669227076
1774612004,10,GET,/api/plugins/discover,0.000000,0.000000,0,0,0,0,0,0,0,0,0,0,0,64,0,28,37.74846755004546,12.908800039440393,155.31902690418065,89708.0
1774612004,10,GET,/api/plugins/list,0.000000,0.000000,0,0,0,0,0,0,0,0,0,0,0,64,0,11,26.758709516798262,1.6044959193095565,192.37323594279587,72.953125
1774612004,10,POST,/api/plugins/load?uri,3.600000,0.000000,8,9,15,22,72,170,170,170,170,170,170,1082,0,9,26.584863360384187,1.882247976027429,1256.7783229751512,2376.2772643253234
1774612004,10,POST,/api/plugins/unload?uri,3.600000,0.000000,5,9,12,12,15,19,23,23,23,23,23,1082,0,6,11.526601920558514,1.7988779582083225,222.2753749229014,127.21441774491682
1774612004,10,,Aggregated,101.600000,0.000000,8,14,20,23,120,170,200,1100,1300,1300,1300,28211,0,9,36.701857557161816,1.4897770015522838,1365.1708320248872,528.2953103399383
1774612005,10,GET,/api/audio/latency,16.800000,0.000000,7,13,20,21,74,140,170,180,1300,1300,1300,4361,0,8,24.722237627811488,1.4929859898984432,1326.6441239975393,33.04769548268746
1774612005,10,GET,/api/audio/levels,17.200000,0.000000,9,24,65,110,170,200,1100,1200,1300,1300,1300,4361,0,10,63.43032872211743,1.53452402446419,1309.4227639958262,77.03324925475809
1774612005,10,GET,/api/audio/levels (during plugin swap),3.800000,0.000000,12,16,23,27,100,130,160,160,160,160,160,1084,0,11,64.25651623734284,1.5721969539299607,1298.7376680830494,76.99354243542436
1774612005,10,GET,/api/audio/levels/plugins,3.700000,0.000000,8,11,14,16,17,110,120,120,120,120,120,1084,0,6,14.546307803662597,1.4897770015522838,1342.3058059997857,20.679889298892988
1774612005,10,GET,/api/audio/status,11.700000,0.000000,5,10,14,16,21,98,120,130,130,130,130,3246,0,5,12.103081087101806,1.5238210326060653,1259.1678659664467,303.0200246457178
1774612005,10,GET,/api/chains/,0.000000,0.000000,0,0,0,0,0,0,0,0,0,0,0,64,0,13,44.4865199533524,2.089375047944486,302.3143840255216,1478.296875
1774612005,10,GET,/api/chains/{id},12.000000,0.000000,13,32,91,120,190,230,1200,1200,1200,1200,1200,3246,0,10,63.309915205878355,1.9238220993429422,1318.3924700133502,808.4325323475047
1774612005,10,POST,/api/chains/{id}/activate,11.700000,0.000000,8,14,21,24,140,170,180,180,190,190,190,3246,0,9,27.9521273750825,1.778690959326923,1260.2180039975792,54.262168823166974
1774612005,10,POST,/api/chains/{id}/deactivate,11.700000,0.000000,5,10,13,14,18,22,110,120,140,140,140,3246,0,5,11.238145325624098,1.7843160312622786,1286.3739950116724,61.28373382624769
1774612005,10,POST,/api/plugins/batch/parameters (500 updates),7.200000,0.000000,20,24,27,57,140,220,250,260,260,260,260,2091,0,19,70.72646551016568,5.447239032946527,1365.1708320248872,866.7661406025825
1774612005,10,GET,/api/plugins/discover,0.000000,0.000000,0,0,0,0,0,0,0,0,0,0,0,64,0,28,37.74846755004546,12.908800039440393,155.31902690418065,89708.0
1774612005,10,GET,/api/plugins/list,0.000000,0.000000,0,0,0,0,0,0,0,0,0,0,0,64,0,11,26.758709516798262,1.6044959193095565,192.37323594279587,72.953125
1774612005,10,POST,/api/plugins/load?uri,3.700000,0.000000,8,14,21,22,72,170,170,170,170,170,170,1084,0,9,26.615405841313844,1.882247976027429,1256.7783229751512,2374.088560885609
1774612005,10,POST,/api/plugins/unload?uri,3.700000,0.000000,5,9,12,12,15,20,23,23,23,23,23,1084,0,6,11.527100903140141,1.7988779582083225,222.2753749229014,127.19926199261992
1774612005,10,,Aggregated,103.200000,0.000000,9,15,21,24,120,170,200,1100,1300,1300,1300,28325,0,9,36.648505827644634,1.4897770015522838,1365.1708320248872,527.2082612533098
1774612006,10,GET,/api/audio/latency,15.800000,0.000000,6,12,19,21,70,140,170,180,180,180,180,4382,0,7,24.651382403896246,1.4929859898984432,1326.6441239975393,33.04746691008672
1774612006,10,GET,/api/audio/levels,15.800000,0.000000,9,20,45,97,160,190,200,210,220,220,220,4382,0,10,63.29359824694068,1.53452402446419,1309.4227639958262,77.03172067549065
1774612006,10,GET,/api/audio/levels (during plugin swap),3.600000,0.000000,12,18,32,45,100,130,160,160,160,160,160,1089,0,11,64.07586508932975,1.5721969539299607,1298.7376680830494,77.01101928374656
1774612006,10,GET,/api/audio/levels/plugins,3.600000,0.000000,8,11,14,16,20,110,120,120,120,120,120,1089,0,6,14.535113485915717,1.4897770015522838,1342.3058059997857,20.696969696969695
1774612006,10,GET,/api/audio/status,12.000000,0.000000,5,10,14,16,21,25,120,130,130,130,130,3256,0,5,12.086030379810406,1.5238210326060653,1259.1678659664467,303.0199631449631
1774612006,10,GET,/api/chains/,0.000000,0.000000,0,0,0,0,0,0,0,0,0,0,0,64,0,13,44.4865199533524,2.089375047944486,302.3143840255216,1478.296875
1774612006,10,GET,/api/chains/{id},12.000000,0.000000,13,24,71,110,160,190,220,220,230,230,230,3256,0,10,63.26678607961665,1.9238220993429422,1318.3924700133502,808.4852579852579
1774612006,10,POST,/api/chains/{id}/activate,12.000000,0.000000,8,13,21,24,140,170,180,180,190,190,190,3256,0,9,27.932661138333355,1.778690959326923,1260.2180039975792,54.26443488943489
1774612006,10,POST,/api/chains/{id}/deactivate,11.900000,0.000000,5,10,13,14,18,22,110,120,140,140,140,3256,0,5,11.216262285368796,1.7843160312622786,1286.3739950116724,61.28593366093366
1774612006,10,POST,/api/plugins/batch/parameters (500 updates),7.400000,0.000000,22,26,59,77,170,200,250,260,260,260,260,2102,0,19,70.82978419744215,5.447239032946527,1365.1708320248872,866.9319695528069
1774612006,10,GET,/api/plugins/discover,0.000000,0.000000,0,0,0,0,0,0,0,0,0,0,0,64,0,28,37.74846755004546,12.908800039440393,155.31902690418065,89708.0
1774612006,10,GET,/api/plugins/list,0.000000,0.000000,0,0,0,0,0,0,0,0,0,0,0,64,0,11,26.758709516798262,1.6044959193095565,192.37323594279587,72.953125
1774612006,10,POST,/api/plugins/load?uri,3.600000,0.000000,8,15,19,21,72,170,170,170,170,170,170,1089,0,9,26.559973266223725,1.882247976027429,1256.7783229751512,2374.853994490358
1774612006,10,POST,/api/plugins/unload?uri,3.600000,0.000000,7,10,13,13,15,20,23,23,23,23,23,1089,0,6,11.516185426063446,1.7988779582083225,222.2753749229014,127.20202020202021
1774612006,10,,Aggregated,101.300000,0.000000,8,14,20,24,110,160,190,200,250,260,260,28438,0,9,36.610333558903406,1.4897770015522838,1365.1708320248872,526.4676137562417
1774612007,10,GET,/api/audio/latency,15.800000,0.000000,5,11,16,20,68,120,150,170,170,170,170,4388,0,7,24.626835792573974,1.4929859898984432,1326.6441239975393,33.047402005469465
1774612007,10,GET,/api/audio/levels,15.800000,0.000000,6,14,32,70,140,170,200,210,220,220,220,4389,0,10,63.19894002693011,1.53452402446419,1309.4227639958262,77.03121439963546
1774612007,10,GET,/api/audio/levels (during plugin swap),3.600000,0.000000,10,16,32,45,100,130,160,160,160,160,160,1092,0,11,63.918281869362396,1.5721969539299607,1298.7376680830494,77.0
1774612007,10,GET,/api/audio/levels/plugins,3.600000,0.000000,9,13,16,17,20,110,120,120,120,120,120,1092,0,6,14.520845284912353,1.4897770015522838,1342.3058059997857,20.69047619047619
1774612007,10,GET,/api/audio/status,12.000000,0.000000,4,9,13,16,20,24,110,110,120,120,120,3260,0,5,12.075583501418972,1.5238210326060653,1259.1678659664467,303.01993865030676
1774612007,10,GET,/api/chains/,0.000000,0.000000,0,0,0,0,0,0,0,0,0,0,0,64,0,13,44.4865199533524,2.089375047944486,302.3143840255216,1478.296875
1774612007,10,GET,/api/chains/{id},12.000000,0.000000,12,21,59,91,150,180,200,220,220,220,220,3260,0,10,63.197603958988836,1.9238220993429422,1318.3924700133502,808.4846625766871
1774612007,10,POST,/api/chains/{id}/activate,12.000000,0.000000,8,12,18,23,110,170,180,180,190,190,190,3260,0,9,27.91113873323757,1.778690959326923,1260.2180039975792,54.25613496932515
1774612007,10,POST,/api/chains/{id}/deactivate,11.900000,0.000000,5,10,13,14,18,22,110,110,140,140,140,3260,0,5,11.206472221764798,1.7843160312622786,1286.3739950116724,61.28680981595092
1774612007,10,POST,/api/plugins/batch/parameters (500 updates),7.400000,0.000000,21,24,28,69,160,200,220,220,220,220,220,2107,0,19,70.69428783808722,5.447239032946527,1365.1708320248872,867.0227812055055
1774612007,10,GET,/api/plugins/discover,0.000000,0.000000,0,0,0,0,0,0,0,0,0,0,0,64,0,28,37.74846755004546,12.908800039440393,155.31902690418065,89708.0
1774612007,10,GET,/api/plugins/list,0.000000,0.000000,0,0,0,0,0,0,0,0,0,0,0,64,0,11,26.758709516798262,1.6044959193095565,192.37323594279587,72.953125
1774612007,10,POST,/api/plugins/load?uri,3.600000,0.000000,8,14,18,19,72,170,170,170,170,170,170,1092,0,9,26.51178526733456,1.882247976027429,1256.7783229751512,2377.521978021978
1774612007,10,POST,/api/plugins/unload?uri,3.600000,0.000000,9,11,13,13,15,20,23,23,23,23,23,1092,0,6,11.507835021053165,1.7988779582083225,222.2753749229014,127.20787545787546
1774612007,10,,Aggregated,101.300000,0.000000,8,13,18,22,97,150,180,200,220,220,220,28484,0,9,36.56291670277271,1.4897770015522838,1365.1708320248872,526.349143378739
1774612008,10,GET,/api/audio/latency,17.100000,0.000000,6,12,18,21,71,140,170,170,1300,1300,1300,4393,0,8,24.89464884197126,1.4929859898984432,1326.6441239975393,33.047348053721834
1774612008,10,GET,/api/audio/levels,17.100000,0.000000,7,20,55,110,140,190,200,220,1200,1200,1200,4396,0,10,63.47311028784431,1.53452402446419,1309.4227639958262,77.0336669699727
1774612008,10,GET,/api/audio/levels (during plugin swap),3.500000,0.000000,10,16,32,49,100,130,160,160,160,160,160,1094,0,11,63.82428528645231,1.5721969539299607,1298.7376680830494,76.9926873857404
1774612008,10,GET,/api/audio/levels/plugins,3.500000,0.000000,8,11,16,17,20,110,120,120,120,120,120,1094,0,6,14.508027078752393,1.4897770015522838,1342.3058059997857,20.70201096892139
1774612008,10,GET,/api/audio/status,12.400000,0.000000,6,11,15,16,21,98,110,110,120,120,120,3268,0,5,12.130761506392721,1.5238210326060653,1259.1678659664467,303.01988984088126
1774612008,10,GET,/api/chains/,0.000000,0.000000,0,0,0,0,0,0,0,0,0,0,0,64,0,13,44.4865199533524,2.089375047944486,302.3143840255216,1478.296875
1774612008,10,GET,/api/chains/{id},12.400000,0.000000,17,51,100,140,180,220,1200,1200,1300,1300,1300,3271,0,11,65.02274221589619,1.9238220993429422,1318.3924700133502,808.6175481504127
1774612008,10,POST,/api/chains/{id}/activate,12.400000,0.000000,9,14,21,25,110,170,180,180,190,190,190,3268,0,9,27.88904133028946,1.778690959326923,1260.2180039975792,54.254895960832314
1774612008,10,POST,/api/chains/{id}/deactivate,12.400000,0.000000,6,11,14,15,20,22,110,110,140,140,140,3268,0,5,11.213243842373444,1.7843160312622786,1286.3739950116724,61.288555691554464
1774612008,10,POST,/api/plugins/batch/parameters (500 updates),7.900000,0.000000,22,26,77,130,190,220,1200,1200,1200,1200,1200,2111,0,19,72.37380180097163,5.447239032946527,1365.1708320248872,867.019422074846
1774612008,10,GET,/api/plugins/discover,0.000000,0.000000,0,0,0,0,0,0,0,0,0,0,0,64,0,28,37.74846755004546,12.908800039440393,155.31902690418065,89708.0
1774612008,10,GET,/api/plugins/list,0.000000,0.000000,0,0,0,0,0,0,0,0,0,0,0,64,0,11,26.758709516798262,1.6044959193095565,192.37323594279587,72.953125
1774612008,10,POST,/api/plugins/load?uri,3.500000,0.000000,9,15,18,19,72,170,170,170,170,170,170,1094,0,9,26.48921507764846,1.882247976027429,1256.7783229751512,2381.636197440585
1774612008,10,POST,/api/plugins/unload?uri,3.500000,0.000000,7,11,12,13,14,20,23,23,23,23,23,1094,0,6,11.494236362870728,1.7988779582083225,222.2753749229014,127.23034734917734
1774612008,10,,Aggregated,105.700000,0.000000,9,15,21,25,110,160,200,1100,1300,1300,1300,28543,0,9,36.97982375146618,1.4897770015522838,1365.1708320248872,526.1926917282697
1774612009,10,GET,/api/audio/latency,18.500000,0.000000,5,12,18,21,68,150,160,170,1300,1300,1300,4419,0,7,24.890149741759807,1.4929859898984432,1326.6441239975393,33.04706947273139
1774612009,10,GET,/api/audio/levels,18.600000,0.000000,6,14,29,55,130,160,200,220,1200,1200,1200,4419,0,10,63.243827614995425,1.53452402446419,1309.4227639958262,77.02738176057932
1774612009,10,GET,/api/audio/levels (during plugin swap),3.900000,0.000000,10,16,33,45,100,130,160,160,160,160,160,1099,0,11,63.6761589911135,1.5721969539299607,1298.7376680830494,76.98635122838944
1774612009,10,GET,/api/audio/levels/plugins,3.900000,0.000000,7,11,14,16,19,110,120,120,120,120,120,1099,0,6,14.460865193783043,1.4897770015522838,1342.3058059997857,20.70700636942675
1774612009,10,GET,/api/audio/status,12.800000,0.000000,6,12,16,18,23,98,110,110,120,120,120,3280,0,5,12.120294757258351,1.5238210326060653,1259.1678659664467,303.0198170731707
1774612009,10,GET,/api/chains/,0.000000,0.000000,0,0,0,0,0,0,0,0,0,0,0,64,0,13,44.4865199533524,2.089375047944486,302.3143840255216,1478.296875
1774612009,10,GET,/api/chains/{id},12.400000,0.000000,13,35,86,120,160,220,1200,1200,1300,1300,1300,3280,0,10,64.87469324340232,1.9238220993429422,1318.3924700133502,808.6981707317074
1774612009,10,POST,/api/chains/{id}/activate,12.600000,0.000000,9,13,21,30,140,170,180,180,190,190,190,3280,0,9,27.940889947732526,1.778690959326923,1260.2180039975792,54.260670731707314
1774612009,10,POST,/api/chains/{id}/deactivate,12.900000,0.000000,6,11,14,15,20,22,110,110,110,110,110,3280,0,5,11.197396327042952,1.7843160312622786,1286.3739950116724,61.27591463414634
1774612009,10,POST,/api/plugins/batch/parameters (500 updates),8.600000,0.000000,17,24,59,89,180,220,1200,1200,1200,1200,1200,2125,0,19,72.12049980691688,5.447239032946527,1365.1708320248872,867.0131764705883
1774612009,10,GET,/api/plugins/discover,0.000000,0.000000,0,0,0,0,0,0,0,0,0,0,0,64,0,28,37.74846755004546,12.908800039440393,155.31902690418065,89708.0
1774612009,10,GET,/api/plugins/list,0.000000,0.000000,0,0,0,0,0,0,0,0,0,0,0,64,0,11,26.758709516798262,1.6044959193095565,192.37323594279587,72.953125
1774612009,10,POST,/api/plugins/load?uri,3.900000,0.000000,8,14,18,19,72,170,170,170,170,170,170,1099,0,9,26.40188353047626,1.882247976027429,1256.7783229751512,2378.0181983621474
1774612009,10,POST,/api/plugins/unload?uri,3.900000,0.000000,6,10,12,13,14,20,23,23,23,23,23,1099,0,6,11.465449627019376,1.7988779582083225,222.2753749229014,127.20928116469518
1774612009,10,,Aggregated,112.000000,0.000000,8,14,20,23,110,150,190,1100,1300,1300,1300,28671,0,9,36.904943426501056,1.4897770015522838,1365.1708320248872,525.1096578424192
1774612010,10,GET,/api/audio/latency,16.600000,0.000000,5,12,20,22,70,150,170,170,1300,1300,1300,4433,0,7,24.83889239148703,1.4929859898984432,1326.6441239975393,33.04692082111437
1774612010,10,GET,/api/audio/levels,16.600000,0.000000,7,15,29,65,140,170,490,520,1200,1200,1200,4433,0,10,63.286893295405484,1.53452402446419,1309.4227639958262,77.02346041055719
1774612010,10,GET,/api/audio/levels (during plugin swap),3.600000,0.000000,10,23,45,66,110,160,450,450,450,450,450,1100,0,11,64.02392629385841,1.5721969539299607,1298.7376680830494,76.99454545454546
1774612010,10,GET,/api/audio/levels/plugins,3.600000,0.000000,7,11,14,17,19,110,120,120,120,120,120,1100,0,6,14.454206004527144,1.4897770015522838,1342.3058059997857,20.71272727272727
1774612010,10,GET,/api/audio/status,12.100000,0.000000,6,12,16,18,23,100,110,120,120,120,120,3287,0,5,12.104334772985506,1.5238210326060653,1259.1678659664467,303.01977487070275
1774612010,10,GET,/api/chains/,0.000000,0.000000,0,0,0,0,0,0,0,0,0,0,0,64,0,13,44.4865199533524,2.089375047944486,302.3143840255216,1478.296875
1774612010,10,GET,/api/chains/{id},12.300000,0.000000,13,50,98,130,200,1100,1200,1300,1300,1300,1300,3287,0,10,65.04747331835038,1.9238220993429422,1318.3924700133502,808.6163675083662
1774612010,10,POST,/api/chains/{id}/activate,12.300000,0.000000,10,18,24,35,150,170,180,190,190,190,190,3287,0,9,27.908708179337836,1.778690959326923,1260.2180039975792,54.242470337693945
1774612010,10,POST,/api/chains/{id}/deactivate,12.100000,0.000000,5,9,14,15,20,22,110,110,110,110,110,3287,0,5,11.180907847244459,1.7843160312622786,1286.3739950116724,61.27745664739884
1774612010,10,POST,/api/plugins/batch/parameters (500 updates),8.100000,0.000000,17,32,130,160,400,590,1200,1200,1200,1200,1200,2133,0,19,73.01033188078502,5.447239032946527,1365.1708320248872,867.0262541022034
1774612010,10,GET,/api/plugins/discover,0.000000,0.000000,0,0,0,0,0,0,0,0,0,0,0,64,0,28,37.74846755004546,12.908800039440393,155.31902690418065,89708.0
1774612010,10,GET,/api/plugins/list,0.000000,0.000000,0,0,0,0,0,0,0,0,0,0,0,64,0,11,26.758709516798262,1.6044959193095565,192.37323594279587,72.953125
1774612010,10,POST,/api/plugins/load?uri,3.600000,0.000000,8,16,19,22,72,170,170,170,170,170,170,1100,0,9,26.40206201277165,1.882247976027429,1256.7783229751512,2377.2554545454545
1774612010,10,POST,/api/plugins/unload?uri,3.600000,0.000000,6,10,12,13,14,20,23,23,23,23,23,1100,0,6,11.460354161893271,1.7988779582083225,222.2753749229014,127.2090909090909
1774612010,10,,Aggregated,104.500000,0.000000,8,14,20,24,120,170,450,1100,1300,1300,1300,28739,0,9,37.00297181032583,1.4897770015522838,1365.1708320248872,524.5120567869445
1774612011,10,GET,/api/audio/latency,16.500000,0.000000,6,15,21,22,74,150,160,160,1300,1300,1300,4446,0,7,24.923161069141536,1.4929859898984432,1326.6441239975393,33.046783625730995
1774612011,10,GET,/api/audio/levels,16.400000,0.000000,7,14,25,70,140,170,490,520,1200,1200,1200,4446,0,10,63.311780654205016,1.53452402446419,1309.4227639958262,77.0233918128655
1774612011,10,GET,/api/audio/levels (during plugin swap),3.800000,0.000000,9,14,32,66,110,230,450,450,450,450,450,1108,0,11,63.98270330809995,1.5721969539299607,1298.7376680830494,77.00090252707581
1774612011,10,GET,/api/audio/levels/plugins,3.900000,0.000000,4,9,14,16,19,110,120,120,120,120,120,1108,0,6,14.397932304992317,1.4897770015522838,1342.3058059997857,20.71119133574007
1774612011,10,GET,/api/audio/status,11.600000,0.000000,5,9,15,16,22,98,110,120,120,120,120,3299,0,5,12.08269535460845,1.5238210326060653,1259.1678659664467,303.01970294028496
1774612011,10,GET,/api/chains/,0.000000,0.000000,0,0,0,0,0,0,0,0,0,0,0,64,0,13,44.4865199533524,2.089375047944486,302.3143840255216,1478.296875
1774612011,10,GET,/api/chains/{id},11.600000,0.000000,13,24,74,110,180,1100,1200,1300,1300,1300,1300,3299,0,10,64.90669198675523,1.9238220993429422,1318.3924700133502,808.667474992422
1774612011,10,POST,/api/chains/{id}/activate,11.600000,0.000000,8,14,23,30,110,150,180,190,190,190,190,3299,0,9,27.880041566094434,1.778690959326923,1260.2180039975792,54.24825704759018
1774612011,10,POST,/api/chains/{id}/deactivate,11.600000,0.000000,4,7,13,15,17,20,23,24,24,24,24,3299,0,5,11.157129195442005,1.7843160312622786,1286.3739950116724,61.280084874204306
1774612011,10,POST,/api/plugins/batch/parameters (500 updates),8.100000,0.000000,17,57,150,170,400,590,1200,1200,1200,1200,1200,2140,0,19,73.07009494664348,5.447239032946527,1365.1708320248872,867.0443925233645
1774612011,10,GET,/api/plugins/discover,0.000000,0.000000,0,0,0,0,0,0,0,0,0,0,0,64,0,28,37.74846755004546,12.908800039440393,155.31902690418065,89708.0
1774612011,10,GET,/api/plugins/list,0.000000,0.000000,0,0,0,0,0,0,0,0,0,0,0,64,0,11,26.758709516798262,1.6044959193095565,192.37323594279587,72.953125
1774612011,10,POST,/api/plugins/load?uri,3.900000,0.000000,7,14,18,19,27,72,150,150,150,150,150,1108,0,9,26.40903860299902,1.882247976027429,1256.7783229751512,2370.8294223826715
1774612011,10,POST,/api/plugins/unload?uri,3.900000,0.000000,5,8,11,12,14,20,23,23,23,23,23,1107,0,6,11.42955857266814,1.7988779582083225,222.2753749229014,127.20686540198736
1774612011,10,,Aggregated,102.900000,0.000000,7,14,19,23,110,160,450,1100,1300,1300,1300,28851,0,9,36.98898638695188,1.4897770015522838,1365.1708320248872,523.7248275623028
1774612012,10,GET,/api/audio/latency,16.800000,0.000000,5,16,21,22,71,150,160,160,1300,1300,1300,4467,0,7,24.88177107401148,1.4929859898984432,1326.6441239975393,33.04656368927692
1774612012,10,GET,/api/audio/levels,16.800000,0.000000,7,14,23,59,140,170,490,520,1200,1200,1200,4467,0,10,63.09618778299112,1.53452402446419,1309.4227639958262,77.02484889187375
1774612012,10,GET,/api/audio/levels (during plugin swap),3.600000,0.000000,10,16,33,85,110,230,450,450,450,450,450,1111,0,11,63.900108842730766,1.5721969539299607,1298.7376680830494,77.00180018001801
1774612012,10,GET,/api/audio/levels/plugins,3.700000,0.000000,6,10,14,16,20,120,120,120,120,120,120,1111,0,6,14.47850523489711,1.4897770015522838,1342.3058059997857,20.728172817281727
1774612012,10,GET,/api/audio/status,11.400000,0.000000,6,9,15,16,22,25,100,110,120,120,120,3315,0,5,12.058179399636357,1.5238210326060653,1259.1678659664467,303.01960784313724
1774612012,10,GET,/api/chains/,0.000000,0.000000,0,0,0,0,0,0,0,0,0,0,0,64,0,13,44.4865199533524,2.089375047944486,302.3143840255216,1478.296875
1774612012,10,GET,/api/chains/{id},11.400000,0.000000,10,24,74,110,180,1100,1200,1300,1300,1300,1300,3315,0,10,64.6994679035102,1.9238220993429422,1318.3924700133502,808.7173453996984
1774612012,10,POST,/api/chains/{id}/activate,11.400000,0.000000,8,16,24,32,110,150,180,190,190,190,190,3315,0,9,27.86502914565024,1.778690959326923,1260.2180039975792,54.25339366515837
1774612012,10,POST,/api/chains/{id}/deactivate,11.400000,0.000000,4,7,9,13,17,20,21,23,24,24,24,3314,0,5,11.137153864158098,1.7843160312622786,1286.3739950116724,61.28334339167169
1774612012,10,POST,/api/plugins/batch/parameters (500 updates),8.400000,0.000000,20,58,140,170,220,490,1200,1200,1200,1200,1200,2155,0,19,72.84168722534773,5.447239032946527,1365.1708320248872,867.1452436194895
1774612012,10,GET,/api/plugins/discover,0.000000,0.000000,0,0,0,0,0,0,0,0,0,0,0,64,0,28,37.74846755004546,12.908800039440393,155.31902690418065,89708.0
1774612012,10,GET,/api/plugins/list,0.000000,0.000000,0,0,0,0,0,0,0,0,0,0,0,64,0,11,26.758709516798262,1.6044959193095565,192.37323594279587,72.953125
1774612012,10,POST,/api/plugins/load?uri,3.600000,0.000000,12,16,20,21,68,72,150,150,150,150,150,1111,0,9,26.42278270406144,1.882247976027429,1256.7783229751512,2371.4590459045903
1774612012,10,POST,/api/plugins/unload?uri,3.700000,0.000000,6,10,13,13,17,21,23,23,23,23,23,1111,0,6,11.439259737938757,1.7988779582083225,222.2753749229014,127.21692169216922
1774612012,10,,Aggregated,102.200000,0.000000,7,14,20,24,110,160,450,1100,1300,1300,1300,28984,0,9,36.91081439832444,1.4897770015522838,1365.1708320248872,522.838014076732
1774612013,10,GET,/api/audio/latency,15.800000,0.000000,5,13,20,22,71,150,210,230,1300,1300,1300,4480,0,7,24.989512518056603,1.4929859898984432,1326.6441239975393,33.04642857142857
1774612013,10,GET,/api/audio/levels,15.800000,0.000000,7,13,20,59,140,160,490,520,1200,1200,1200,4480,0,10,63.08184754343529,1.53452402446419,1309.4227639958262,77.02767857142857
1774612013,10,GET,/api/audio/levels (during plugin swap),3.800000,0.000000,10,15,33,85,110,230,450,450,450,450,450,1116,0,11,63.764616956360186,1.5721969539299607,1298.7376680830494,76.99551971326164
1774612013,10,GET,/api/audio/levels/plugins,3.800000,0.000000,6,11,14,16,20,120,120,120,120,120,120,1116,0,6,14.54493062179302,1.4897770015522838,1342.3058059997857,20.72132616487455
1774612013,10,GET,/api/audio/status,10.200000,0.000000,5,8,13,15,23,100,120,130,130,130,130,3327,0,5,12.105656141887758,1.5238210326060653,1259.1678659664467,303.019537120529
1774612013,10,GET,/api/chains/,0.000000,0.000000,0,0,0,0,0,0,0,0,0,0,0,64,0,13,44.4865199533524,2.089375047944486,302.3143840255216,1478.296875
1774612013,10,GET,/api/chains/{id},10.100000,0.000000,8,21,59,92,160,1100,1200,1300,1300,1300,1300,3327,0,10,64.61267844275696,1.9238220993429422,1318.3924700133502,808.9263600841599
1774612013,10,POST,/api/chains/{id}/activate,10.100000,0.000000,7,12,19,24,120,150,220,220,220,220,220,3327,0,9,27.951073951184746,1.778690959326923,1260.2180039975792,54.25909227532311
1774612013,10,POST,/api/chains/{id}/deactivate,10.500000,0.000000,4,7,9,12,17,21,24,24,24,24,24,3327,0,5,11.13252305318071,1.7843160312622786,1286.3739950116724,61.28614367297866
1774612013,10,POST,/api/plugins/batch/parameters (500 updates),8.000000,0.000000,18,58,150,170,400,590,1200,1200,1200,1200,1200,2161,0,19,72.91183335487229,5.447239032946527,1365.1708320248872,867.1138361869505
1774612013,10,GET,/api/plugins/discover,0.000000,0.000000,0,0,0,0,0,0,0,0,0,0,0,64,0,28,37.74846755004546,12.908800039440393,155.31902690418065,89708.0
1774612013,10,GET,/api/plugins/list,0.000000,0.000000,0,0,0,0,0,0,0,0,0,0,0,64,0,11,26.758709516798262,1.6044959193095565,192.37323594279587,72.953125
1774612013,10,POST,/api/plugins/load?uri,3.800000,0.000000,12,16,19,21,68,150,220,220,220,220,220,1116,0,9,26.527916546806686,1.882247976027429,1256.7783229751512,2368.1290322580644
1774612013,10,POST,/api/plugins/unload?uri,3.800000,0.000000,6,10,11,13,17,21,23,23,23,23,23,1116,0,6,11.41859030805438,1.7988779582083225,222.2753749229014,127.20340501792114
1774612013,10,,Aggregated,95.700000,0.000000,7,13,19,22,110,160,450,1100,1300,1300,1300,29085,0,9,36.93012015501241,1.4897770015522838,1365.1708320248872,522.0994670792504
1774612014,10,GET,/api/audio/latency,16.200000,0.000000,6,14,21,27,71,150,210,230,1300,1300,1300,4505,0,7,24.91254261550137,1.4929859898984432,1326.6441239975393,33.046170921198666
1774612014,10,GET,/api/audio/levels,16.200000,0.000000,7,13,20,59,130,160,490,520,1200,1200,1200,4506,0,10,62.79798876246147,1.53452402446419,1309.4227639958262,77.01886373723924
1774612014,10,GET,/api/audio/levels (during plugin swap),4.100000,0.000000,11,23,50,81,110,230,450,450,450,450,450,1123,0,11,63.55567962623294,1.5721969539299607,1298.7376680830494,76.99376669634907
1774612014,10,GET,/api/audio/levels/plugins,4.100000,0.000000,6,13,14,19,120,120,150,150,150,150,150,1121,0,6,14.732670060539224,1.4897770015522838,1342.3058059997857,20.726137377341658
1774612014,10,GET,/api/audio/status,11.300000,0.000000,5,8,13,15,23,100,130,130,130,130,130,3335,0,5,12.12276100331842,1.5238210326060653,1259.1678659664467,303.01949025487255
1774612014,10,GET,/api/chains/,0.000000,0.000000,0,0,0,0,0,0,0,0,0,0,0,64,0,13,44.4865199533524,2.089375047944486,302.3143840255216,1478.296875
1774612014,10,GET,/api/chains/{id},11.300000,0.000000,9,21,75,110,160,1100,1200,1300,1300,1300,1300,3337,0,10,64.53662148277994,1.9238220993429422,1318.3924700133502,808.9763260413545
1774612014,10,POST,/api/chains/{id}/activate,11.300000,0.000000,8,16,20,30,120,150,220,220,220,220,220,3335,0,9,27.92425318010224,1.778690959326923,1260.2180039975792,54.257871064467764
1774612014,10,POST,/api/chains/{id}/deactivate,11.300000,0.000000,4,7,9,12,17,21,24,24,24,24,24,3334,0,5,11.115879349770324,1.7843160312622786,1286.3739950116724,61.2876424715057
1774612014,10,POST,/api/plugins/batch/parameters (500 updates),8.600000,0.000000,22,78,150,170,400,590,1200,1200,1200,1200,1200,2167,0,19,72.8516844027114,5.447239032946527,1365.1708320248872,867.0258421781265
1774612014,10,GET,/api/plugins/discover,0.000000,0.000000,0,0,0,0,0,0,0,0,0,0,0,64,0,28,37.74846755004546,12.908800039440393,155.31902690418065,89708.0
1774612014,10,GET,/api/plugins/list,0.000000,0.000000,0,0,0,0,0,0,0,0,0,0,0,64,0,11,26.758709516798262,1.6044959193095565,192.37323594279587,72.953125
1774612014,10,POST,/api/plugins/load?uri,4.100000,0.000000,12,18,21,22,68,150,220,220,220,220,220,1121,0,9,26.50576380750681,1.882247976027429,1256.7783229751512,2370.42908117752
1774612014,10,POST,/api/plugins/unload?uri,4.100000,0.000000,6,10,13,13,17,21,23,23,23,23,23,1120,0,6,11.400216407803653,1.7920680111274123,222.2753749229014,127.19732142857143
1774612014,10,,Aggregated,102.600000,0.000000,7,13,20,24,120,160,450,1100,1300,1300,1300,29196,0,9,36.867698775908046,1.4897770015522838,1365.1708320248872,521.3102479791752
1774612015,10,GET,/api/audio/latency,15.900000,0.000000,6,14,20,22,65,150,210,230,1300,1300,1300,4516,0,7,24.898092355584293,1.4929859898984432,1326.6441239975393,33.04605845881311
1774612015,10,GET,/api/audio/levels,15.500000,0.000000,8,13,19,52,130,170,490,520,1200,1200,1200,4516,0,10,62.79339987459404,1.53452402446419,1309.4227639958262,77.01860053144375
1774612015,10,GET,/api/audio/levels (during plugin swap),3.700000,0.000000,11,29,50,85,140,150,450,450,450,450,450,1130,0,11,63.50125395960743,1.5721969539299607,1298.7376680830494,77.00353982300885
1774612015,10,GET,/api/audio/levels/plugins,3.800000,0.000000,5,13,17,19,33,120,150,150,150,150,150,1130,0,6,14.721188364257888,1.4897770015522838,1342.3058059997857,20.695575221238936
1774612015,10,GET,/api/audio/status,10.600000,0.000000,5,8,13,15,23,100,130,130,130,130,130,3347,0,5,12.122006740653122,1.5238210326060653,1259.1678659664467,303.01942037645654
1774612015,10,GET,/api/chains/,0.000000,0.000000,0,0,0,0,0,0,0,0,0,0,0,64,0,13,44.4865199533524,2.089375047944486,302.3143840255216,1478.296875
1774612015,10,GET,/api/chains/{id},10.300000,0.000000,9,20,75,110,180,1100,1200,1300,1300,1300,1300,3347,0,10,64.52205347443739,1.9238220993429422,1318.3924700133502,808.8156558111742
1774612015,10,POST,/api/chains/{id}/activate,10.600000,0.000000,7,14,20,28,150,190,220,220,220,220,220,3347,0,9,28.06204328407242,1.778690959326923,1260.2180039975792,54.241111443083355
1774612015,10,POST,/api/chains/{id}/deactivate,10.600000,0.000000,5,8,12,15,20,24,36,200,200,200,200,3347,0,5,11.189308821721475,1.7843160312622786,1286.3739950116724,61.2904093217807
1774612015,10,POST,/api/plugins/batch/parameters (500 updates),8.700000,0.000000,18,37,150,170,400,590,1200,1200,1200,1200,1200,2175,0,19,72.72254888401848,5.447239032946527,1365.1708320248872,867.1066666666667
1774612015,10,GET,/api/plugins/discover,0.000000,0.000000,0,0,0,0,0,0,0,0,0,0,0,64,0,28,37.74846755004546,12.908800039440393,155.31902690418065,89708.0
1774612015,10,GET,/api/plugins/list,0.000000,0.000000,0,0,0,0,0,0,0,0,0,0,0,64,0,11,26.758709516798262,1.6044959193095565,192.37323594279587,72.953125
1774612015,10,POST,/api/plugins/load?uri,3.800000,0.000000,12,19,22,25,39,68,220,220,220,220,220,1130,0,9,26.445498450791085,1.882247976027429,1256.7783229751512,2377.6150442477874
1774612015,10,POST,/api/plugins/unload?uri,3.800000,0.000000,5,8,11,11,14,21,35,35,35,35,35,1130,0,6,11.374357601512322,1.7920680111274123,222.2753749229014,127.21946902654867
1774612015,10,,Aggregated,97.300000,0.000000,7,13,20,24,120,170,450,1100,1300,1300,1300,29307,0,9,36.85780399039782,1.4897770015522838,1365.1708320248872,521.1198689732828
1774612016,10,GET,/api/audio/latency,17.200000,0.000000,6,13,20,22,65,150,210,230,1300,1300,1300,4536,0,7,24.82337014418263,1.4929859898984432,1326.6441239975393,33.045855379188716
1774612016,10,GET,/api/audio/levels,17.200000,0.000000,9,14,22,59,130,170,490,520,1200,1200,1200,4536,0,10,62.610714905181815,1.53452402446419,1309.4227639958262,77.02094356261023
1774612016,10,GET,/api/audio/levels (during plugin swap),4.000000,0.000000,10,23,38,85,140,150,450,450,450,450,450,1133,0,11,63.34917365251946,1.5721969539299607,1298.7376680830494,77.00441306266549
1774612016,10,GET,/api/audio/levels/plugins,4.000000,0.000000,5,10,17,19,33,120,150,150,150,150,150,1133,0,6,14.69098450091979,1.4897770015522838,1342.3058059997857,20.689320388349515
1774612016,10,GET,/api/audio/status,10.600000,0.000000,5,8,11,13,23,28,120,130,130,130,130,3361,0,5,12.093387828006225,1.5238210326060653,1259.1678659664467,303.0193394822969
1774612016,10,GET,/api/chains/,0.000000,0.000000,0,0,0,0,0,0,0,0,0,0,0,64,0,13,44.4865199533524,2.089375047944486,302.3143840255216,1478.296875
1774612016,10,GET,/api/chains/{id},10.600000,0.000000,8,20,75,110,170,540,1200,1200,1300,1300,1300,3362,0,10,64.37587348530556,1.9238220993429422,1318.3924700133502,808.733491969066
1774612016,10,POST,/api/chains/{id}/activate,10.600000,0.000000,6,13,19,24,140,170,210,220,220,220,220,3361,0,9,27.978868149637975,1.778690959326923,1260.2180039975792,54.24278488545076
1774612016,10,POST,/api/chains/{id}/deactivate,10.700000,0.000000,5,8,11,14,20,24,36,170,200,200,200,3361,0,5,11.20896755313272,1.7843160312622786,1286.3739950116724,61.293365069919666
1774612016,10,POST,/api/plugins/batch/parameters (500 updates),8.400000,0.000000,21,37,150,150,400,590,1200,1200,1200,1200,1200,2185,0,19,72.53016526208769,5.447239032946527,1365.1708320248872,866.9853546910755
1774612016,10,GET,/api/plugins/discover,0.000000,0.000000,0,0,0,0,0,0,0,0,0,0,0,64,0,28,37.74846755004546,12.908800039440393,155.31902690418065,89708.0
1774612016,10,GET,/api/plugins/list,0.000000,0.000000,0,0,0,0,0,0,0,0,0,0,0,64,0,11,26.758709516798262,1.6044959193095565,192.37323594279587,72.953125
1774612016,10,POST,/api/plugins/load?uri,4.000000,0.000000,10,16,22,25,39,68,220,220,220,220,220,1133,0,9,26.38305503731579,1.882247976027429,1256.7783229751512,2377.5648720211825
1774612016,10,POST,/api/plugins/unload?uri,4.000000,0.000000,5,8,11,12,14,21,35,35,35,35,35,1133,0,6,11.358722670489572,1.7920680111274123,222.2753749229014,127.20741394527802
1774612016,10,,Aggregated,101.300000,0.000000,7,13,20,25,120,170,450,1100,1300,1300,1300,29426,0,9,36.7710130417386,1.4897770015522838,1365.1708320248872,520.2385305512132
1774612017,10,GET,/api/audio/latency,15.700000,0.000000,6,14,20,22,65,150,210,240,250,250,250,4552,0,7,24.904044761298092,1.4929859898984432,1326.6441239975393,33.04569420035149
1774612017,10,GET,/api/audio/levels,15.300000,0.000000,9,15,29,75,130,170,220,490,520,520,520,4552,0,10,62.641666710649055,1.53452402446419,1309.4227639958262,77.02394551845343
1774612017,10,GET,/api/audio/levels (during plugin swap),4.200000,0.000000,11,31,81,95,150,190,450,450,450,450,450,1140,0,11,63.270620488676066,1.5721969539299607,1298.7376680830494,77.02543859649123
1774612017,10,GET,/api/audio/levels/plugins,4.300000,0.000000,5,8,14,17,33,120,150,150,150,150,150,1140,0,6,14.643848954144408,1.4897770015522838,1342.3058059997857,20.682456140350876
1774612017,10,GET,/api/audio/status,10.200000,0.000000,5,9,14,16,24,100,120,130,130,130,130,3373,0,5,12.128832760100465,1.5238210326060653,1259.1678659664467,303.01927067892086
1774612017,10,GET,/api/chains/,0.000000,0.000000,0,0,0,0,0,0,0,0,0,0,0,64,0,13,44.4865199533524,2.089375047944486,302.3143840255216,1478.296875
1774612017,10,GET,/api/chains/{id},10.000000,0.000000,8,20,60,92,160,180,220,450,540,540,540,3373,0,10,64.40801291827724,1.9238220993429422,1318.3924700133502,808.7571894455974
1774612017,10,POST,/api/chains/{id}/activate,10.200000,0.000000,7,16,20,27,150,210,220,240,260,260,260,3373,0,9,28.130904335304685,1.778690959326923,1260.2180039975792,54.233619922917285
1774612017,10,POST,/api/chains/{id}/deactivate,10.100000,0.000000,5,8,11,13,20,24,36,170,200,200,200,3373,0,5,11.198086819807253,1.7843160312622786,1286.3739950116724,61.29587903943077
1774612017,10,POST,/api/plugins/batch/parameters (500 updates),8.000000,0.000000,21,33,150,150,250,460,490,590,590,590,590,2190,0,19,72.73354791859633,5.447239032946527,1365.1708320248872,867.0429223744292
1774612017,10,GET,/api/plugins/discover,0.000000,0.000000,0,0,0,0,0,0,0,0,0,0,0,64,0,28,37.74846755004546,12.908800039440393,155.31902690418065,89708.0
1774612017,10,GET,/api/plugins/list,0.000000,0.000000,0,0,0,0,0,0,0,0,0,0,0,64,0,11,26.758709516798262,1.6044959193095565,192.37323594279587,72.953125
1774612017,10,POST,/api/plugins/load?uri,4.300000,0.000000,11,19,22,25,66,150,220,220,220,220,220,1140,0,9,26.4101896258357,1.882247976027429,1256.7783229751512,2371.8587719298243
1774612017,10,POST,/api/plugins/unload?uri,4.300000,0.000000,5,7,11,12,15,21,35,35,35,35,35,1140,0,6,11.328675356701735,1.7920680111274123,222.2753749229014,127.20263157894736
1774612017,10,,Aggregated,96.600000,0.000000,7,14,20,25,120,170,230,310,540,590,590,29538,0,9,36.81462570436693,1.4897770015522838,1365.1708320248872,519.3470444850701
1774612018,10,GET,/api/audio/latency,15.700000,0.000000,6,13,19,21,65,150,230,240,250,250,250,4556,0,7,24.886594133754528,1.4929859898984432,1326.6441239975393,33.045654082528536
1774612018,10,GET,/api/audio/levels,15.300000,0.000000,8,13,20,61,150,180,240,490,520,520,520,4556,0,10,62.58940038210843,1.53452402446419,1309.4227639958262,77.02326602282704
1774612018,10,GET,/api/audio/levels (during plugin swap),4.200000,0.000000,9,31,81,95,150,190,450,450,450,450,450,1141,0,11,63.221931478639576,1.5721969539299607,1298.7376680830494,77.0219106047327
1774612018,10,GET,/api/audio/levels/plugins,4.300000,0.000000,5,13,17,18,33,120,150,150,150,150,150,1141,0,6,14.652394898983468,1.4897770015522838,1342.3058059997857,20.676599474145487
1774612018,10,GET,/api/audio/status,10.200000,0.000000,5,9,10,14,18,28,120,130,130,130,130,3379,0,5,12.119474741930683,1.5238210326060653,1259.1678659664467,303.01923646049124
1774612018,10,GET,/api/chains/,0.000000,0.000000,0,0,0,0,0,0,0,0,0,0,0,64,0,13,44.4865199533524,2.089375047944486,302.3143840255216,1478.296875
1774612018,10,GET,/api/chains/{id},10.000000,0.000000,7,15,21,75,150,180,220,450,540,540,540,3379,0,10,64.30411148455559,1.9238220993429422,1318.3924700133502,808.8079313406333
1774612018,10,POST,/api/chains/{id}/activate,10.200000,0.000000,6,13,19,24,140,210,220,240,260,260,260,3379,0,9,28.096237146451607,1.778690959326923,1260.2180039975792,54.236460491269604
1774612018,10,POST,/api/chains/{id}/deactivate,10.100000,0.000000,4,8,11,13,19,24,36,170,200,200,200,3379,0,5,11.197155915382895,1.7843160312622786,1286.3739950116724,61.29712932820361
1774612018,10,POST,/api/plugins/batch/parameters (500 updates),8.000000,0.000000,22,30,98,150,250,460,490,590,590,590,590,2194,0,19,72.63313626560426,5.447239032946527,1365.1708320248872,867.0711030082042
1774612018,10,GET,/api/plugins/discover,0.000000,0.000000,0,0,0,0,0,0,0,0,0,0,0,64,0,28,37.74846755004546,12.908800039440393,155.31902690418065,89708.0
1774612018,10,GET,/api/plugins/list,0.000000,0.000000,0,0,0,0,0,0,0,0,0,0,0,64,0,11,26.758709516798262,1.6044959193095565,192.37323594279587,72.953125
1774612018,10,POST,/api/plugins/load?uri,4.300000,0.000000,10,19,25,27,66,150,220,220,220,220,220,1141,0,9,26.395666276392063,1.882247976027429,1256.7783229751512,2370.7966695880805
1774612018,10,POST,/api/plugins/unload?uri,4.300000,0.000000,5,9,11,13,15,21,35,35,35,35,35,1141,0,6,11.326204764895063,1.7920680111274123,222.2753749229014,127.19106047326906
1774612018,10,,Aggregated,96.600000,0.000000,7,13,19,24,110,170,230,400,590,590,590,29578,0,9,36.77653197851485,1.4897770015522838,1365.1708320248872,519.0800595036852
1774612019,10,GET,/api/audio/latency,15.600000,0.000000,8,18,21,26,65,160,230,240,250,250,250,4563,0,7,24.879154488115724,1.4929859898984432,1326.6441239975393,33.04558404558404
1774612019,10,GET,/api/audio/levels,15.500000,0.000000,10,18,75,99,170,490,1200,1200,1300,1300,1300,4563,0,10,63.78200083887648,1.53452402446419,1309.4227639958262,77.02849002849003
1774612019,10,GET,/api/audio/levels (during plugin swap),4.300000,0.000000,11,46,95,130,180,230,1200,1200,1200,1200,1200,1144,0,11,64.39144509448425,1.5721969539299607,1298.7376680830494,77.04545454545455
1774612019,10,GET,/api/audio/levels/plugins,4.300000,0.000000,5,13,17,18,33,120,150,150,150,150,150,1142,0,6,14.645862158211747,1.4897770015522838,1342.3058059997857,20.682136602451838
1774612019,10,GET,/api/audio/status,10.600000,0.000000,6,9,13,15,24,100,130,130,130,130,130,3383,0,5,12.171801251499408,1.5238210326060653,1259.1678659664467,303.019213715637
1774612019,10,GET,/api/chains/,0.000000,0.000000,0,0,0,0,0,0,0,0,0,0,0,64,0,13,44.4865199533524,2.089375047944486,302.3143840255216,1478.296875
1774612019,10,GET,/api/chains/{id},10.800000,0.000000,8,20,80,120,190,450,1200,1300,1300,1300,1300,3385,0,10,65.4157187560631,1.9238220993429422,1318.3924700133502,808.8064992614476
1774612019,10,POST,/api/chains/{id}/activate,10.800000,0.000000,7,16,20,29,160,220,240,260,260,260,260,3383,0,9,28.09931774870907,1.778690959326923,1260.2180039975792,54.22849541826781
1774612019,10,POST,/api/chains/{id}/deactivate,10.500000,0.000000,5,9,12,14,21,33,170,200,200,200,200,3383,0,5,11.224606179142496,1.7843160312622786,1286.3739950116724,61.297960390186226
1774612019,10,POST,/api/plugins/batch/parameters (500 updates),8.100000,0.000000,26,98,170,180,300,490,590,1200,1200,1200,1200,2200,0,19,73.40960546169134,5.447239032946527,1365.1708320248872,867.0945454545455
1774612019,10,GET,/api/plugins/discover,0.000000,0.000000,0,0,0,0,0,0,0,0,0,0,0,64,0,28,37.74846755004546,12.908800039440393,155.31902690418065,89708.0
1774612019,10,GET,/api/plugins/list,0.000000,0.000000,0,0,0,0,0,0,0,0,0,0,0,64,0,11,26.758709516798262,1.6044959193095565,192.37323594279587,72.953125
1774612019,10,POST,/api/plugins/load?uri,4.300000,0.000000,11,20,25,27,66,150,220,220,220,220,220,1142,0,9,26.392600661381792,1.882247976027429,1256.7783229751512,2370.0183887915937
1774612019,10,POST,/api/plugins/unload?uri,4.200000,0.000000,5,9,12,14,17,23,110,110,110,110,110,1142,0,6,11.416760562786965,1.7920680111274123,222.2753749229014,127.1952714535902
1774612019,10,,Aggregated,99.000000,0.000000,8,16,23,34,150,200,450,1000,1300,1300,1300,29622,0,9,37.210434978862516,1.4897770015522838,1365.1708320248872,518.7966713928837
1774612020,10,GET,/api/audio/latency,16.600000,0.000000,6,14,18,21,60,100,230,240,250,250,250,4582,0,7,24.810879720924344,1.4929859898984432,1326.6441239975393,33.045395024006986
1774612020,10,GET,/api/audio/levels,16.600000,0.000000,9,13,20,61,160,220,1200,1200,1300,1300,1300,4582,0,10,63.59061612477278,1.53452402446419,1309.4227639958262,77.0202968136185
1774612020,10,GET,/api/audio/levels (during plugin swap),4.900000,0.000000,10,23,46,85,150,180,1200,1200,1200,1200,1200,1148,0,11,64.21402103583189,1.5721969539299607,1298.7376680830494,77.04268292682927
1774612020,10,GET,/api/audio/levels/plugins,4.900000,0.000000,4,12,17,21,33,120,150,150,150,150,150,1148,0,6,14.615487741230977,1.4897770015522838,1342.3058059997857,20.692508710801395
1774612020,10,GET,/api/audio/status,11.600000,0.000000,5,9,13,15,24,100,120,130,130,130,130,3403,0,5,12.139940609294202,1.5238210326060653,1259.1678659664467,303.0191007934176
1774612020,10,GET,/api/chains/,0.000000,0.000000,0,0,0,0,0,0,0,0,0,0,0,64,0,13,44.4865199533524,2.089375047944486,302.3143840255216,1478.296875
1774612020,10,GET,/api/chains/{id},11.400000,0.000000,8,16,53,60,170,200,1200,1200,1300,1300,1300,3403,0,10,65.15444264011148,1.9238220993429422,1318.3924700133502,808.8539523949456
1774612020,10,POST,/api/chains/{id}/activate,11.400000,0.000000,6,15,20,27,140,210,220,240,260,260,260,3403,0,9,28.093010090096367,1.778690959326923,1260.2180039975792,54.23302967969439
1774612020,10,POST,/api/chains/{id}/deactivate,11.600000,0.000000,5,9,12,14,19,31,100,170,200,200,200,3403,0,5,11.190360423769718,1.7843160312622786,1286.3739950116724,61.30208639435792
1774612020,10,POST,/api/plugins/batch/parameters (500 updates),8.400000,0.000000,23,30,73,130,180,250,310,1200,1200,1200,1200,2213,0,19,73.11653524212804,5.447239032946527,1365.1708320248872,866.9611387257117
1774612020,10,GET,/api/plugins/discover,0.000000,0.000000,0,0,0,0,0,0,0,0,0,0,0,64,0,28,37.74846755004546,12.908800039440393,155.31902690418065,89708.0
1774612020,10,GET,/api/plugins/list,0.000000,0.000000,0,0,0,0,0,0,0,0,0,0,0,64,0,11,26.758709516798262,1.6044959193095565,192.37323594279587,72.953125
1774612020,10,POST,/api/plugins/load?uri,4.900000,0.000000,6,18,23,34,68,170,220,220,220,220,220,1148,0,9,26.565265344278984,1.882247976027429,1256.7783229751512,2365.9085365853657
1774612020,10,POST,/api/plugins/unload?uri,4.900000,0.000000,4,9,12,14,17,23,110,110,110,110,110,1148,0,6,11.392208938718083,1.7920680111274123,222.2753749229014,127.18031358885017
1774612020,10,,Aggregated,107.200000,0.000000,7,13,19,24,100,170,230,1000,1300,1300,1300,29773,0,9,37.10152472624421,1.4897770015522838,1365.1708320248872,517.7386894165855
1774612021,10,GET,/api/audio/latency,15.200000,0.000000,8,17,22,23,60,100,230,240,250,250,250,4594,0,7,24.78041784703232,1.4929859898984432,1326.6441239975393,33.04527644754027
1774612021,10,GET,/api/audio/levels,15.200000,0.000000,11,18,67,99,170,220,1200,1200,1300,1300,1300,4598,0,10,63.65682728640333,1.53452402446419,1309.4227639958262,77.0345802522836
1774612021,10,GET,/api/audio/levels (during plugin swap),4.500000,0.000000,11,46,95,130,150,190,1200,1200,1200,1200,1200,1154,0,11,64.27545915942872,1.5721969539299607,1298.7376680830494,77.06672443674177
1774612021,10,GET,/api/audio/levels/plugins,4.500000,0.000000,7,17,23,28,120,120,150,150,150,150,150,1154,0,6,14.894937727990943,1.4897770015522838,1342.3058059997857,20.69150779896014
1774612021,10,GET,/api/audio/status,10.300000,0.000000,5,9,13,16,27,120,130,130,130,130,130,3412,0,5,12.155087779091556,1.5238210326060653,1259.1678659664467,303.01905041031654
1774612021,10,GET,/api/chains/,0.000000,0.000000,0,0,0,0,0,0,0,0,0,0,0,64,0,13,44.4865199533524,2.089375047944486,302.3143840255216,1478.296875
1774612021,10,GET,/api/chains/{id},10.500000,0.000000,12,49,92,140,180,220,1200,1200,1300,1300,1300,3416,0,10,65.20817280073996,1.9238220993429422,1318.3924700133502,808.9285714285714
1774612021,10,POST,/api/chains/{id}/activate,10.500000,0.000000,10,18,22,34,170,220,240,260,260,260,260,3412,0,9,28.05514294218904,1.778690959326923,1260.2180039975792,54.23358733880422
1774612021,10,POST,/api/chains/{id}/deactivate,10.300000,0.000000,5,10,14,16,20,33,170,200,200,200,200,3412,0,5,11.182827645940607,1.7843160312622786,1286.3739950116724,61.29660023446659
1774612021,10,POST,/api/plugins/batch/parameters (500 updates),7.500000,0.000000,25,58,130,150,180,250,310,1200,1200,1200,1200,2221,0,19,73.04615943126744,5.447239032946527,1365.1708320248872,866.9252588923908
1774612021,10,GET,/api/plugins/discover,0.000000,0.000000,0,0,0,0,0,0,0,0,0,0,0,64,0,28,37.74846755004546,12.908800039440393,155.31902690418065,89708.0
1774612021,10,GET,/api/plugins/list,0.000000,0.000000,0,0,0,0,0,0,0,0,0,0,0,64,0,11,26.758709516798262,1.6044959193095565,192.37323594279587,72.953125
1774612021,10,POST,/api/plugins/load?uri,4.500000,0.000000,10,23,25,34,68,170,220,220,220,220,220,1154,0,9,26.508234660391352,1.882247976027429,1256.7783229751512,2371.480935875217
1774612021,10,POST,/api/plugins/unload?uri,4.400000,0.000000,6,13,15,17,20,23,110,110,110,110,110,1154,0,6,11.433293286447077,1.7920680111274123,222.2753749229014,127.19324090121317
1774612021,10,,Aggregated,97.400000,0.000000,9,17,23,34,140,190,230,1000,1300,1300,1300,29873,0,9,37.123751978485814,1.4897770015522838,1365.1708320248872,517.5148461821711
1774612022,10,GET,/api/audio/latency,14.300000,0.000000,6,14,19,22,27,140,160,240,250,250,250,4616,0,7,24.849845529697348,1.4929859898984432,1326.6441239975393,33.045060658578855
1774612022,10,GET,/api/audio/levels,14.300000,0.000000,9,15,24,80,150,220,1200,1200,1300,1300,1300,4616,0,10,63.484754508571655,1.53452402446419,1309.4227639958262,77.03011265164645
1774612022,10,GET,/api/audio/levels (during plugin swap),4.800000,0.000000,11,38,81,100,150,190,1200,1200,1200,1200,1200,1157,0,11,64.17169878033916,1.5721969539299607,1298.7376680830494,77.07865168539325
1774612022,10,GET,/api/audio/levels/plugins,4.800000,0.000000,6,17,18,23,120,120,150,150,150,150,150,1157,0,6,14.874312783975409,1.4897770015522838,1342.3058059997857,20.685393258426966
1774612022,10,GET,/api/audio/status,11.000000,0.000000,5,9,13,16,24,34,120,120,130,130,130,3430,0,5,12.142881014351747,1.5238210326060653,1259.1678659664467,303.0189504373178
1774612022,10,GET,/api/chains/,0.000000,0.000000,0,0,0,0,0,0,0,0,0,0,0,64,0,13,44.4865199533524,2.089375047944486,302.3143840255216,1478.296875
1774612022,10,GET,/api/chains/{id},11.000000,0.000000,9,16,53,80,170,220,1200,1200,1300,1300,1300,3430,0,10,65.00912257473584,1.9238220993429422,1318.3924700133502,808.9259475218659
1774612022,10,POST,/api/chains/{id}/activate,11.000000,0.000000,8,16,20,27,150,170,220,240,260,260,260,3430,0,9,28.14678542876654,1.778690959326923,1260.2180039975792,54.24198250728863
1774612022,10,POST,/api/chains/{id}/deactivate,11.000000,0.000000,5,9,13,14,18,31,100,170,200,200,200,3430,0,5,11.167121964979254,1.7843160312622786,1286.3739950116724,61.29300291545189
1774612022,10,POST,/api/plugins/batch/parameters (500 updates),7.900000,0.000000,23,29,70,120,170,220,310,1200,1200,1200,1200,2231,0,19,72.8579770222829,5.447239032946527,1365.1708320248872,866.7386822052891
1774612022,10,GET,/api/plugins/discover,0.000000,0.000000,0,0,0,0,0,0,0,0,0,0,0,64,0,28,37.74846755004546,12.908800039440393,155.31902690418065,89708.0
1774612022,10,GET,/api/plugins/list,0.000000,0.000000,0,0,0,0,0,0,0,0,0,0,0,64,0,11,26.758709516798262,1.6044959193095565,192.37323594279587,72.953125
1774612022,10,POST,/api/plugins/load?uri,4.800000,0.000000,10,19,24,25,39,150,170,170,170,170,170,1157,0,9,26.467209567063122,1.882247976027429,1256.7783229751512,2378.436473638721
1774612022,10,POST,/api/plugins/unload?uri,4.800000,0.000000,5,12,15,16,20,21,110,110,110,110,110,1157,0,6,11.426786586538427,1.7920680111274123,222.2753749229014,127.21694036300778
1774612022,10,,Aggregated,99.700000,0.000000,8,15,20,25,120,170,220,1000,1300,1300,1300,30003,0,9,37.06469088835793,1.4897770015522838,1365.1708320248872,516.7750891577509
1774612023,10,GET,/api/audio/latency,15.200000,0.000000,9,16,21,23,36,150,190,240,250,250,250,4628,0,7,24.84412706871022,1.4929859898984432,1326.6441239975393,33.04494382022472
1774612023,10,GET,/api/audio/levels,15.200000,0.000000,11,21,67,97,170,220,1200,1200,1300,1300,1300,4629,0,10,63.39165222370137,1.53452402446419,1309.4227639958262,77.0300280838194
1774612023,10,GET,/api/audio/levels (during plugin swap),5.100000,0.000000,21,45,81,100,150,190,1200,1200,1200,1200,1200,1160,0,11,64.0368612979916,1.5721969539299607,1298.7376680830494,77.07931034482759
1774612023,10,GET,/api/audio/levels/plugins,4.800000,0.000000,7,17,21,24,120,120,150,150,150,150,150,1160,0,6,14.935364962980985,1.4897770015522838,1342.3058059997857,20.69051724137931
1774612023,10,GET,/api/audio/status,11.700000,0.000000,7,10,15,16,26,100,120,120,130,130,130,3445,0,5,12.206069470000696,1.5238210326060653,1259.1678659664467,303.0188679245283
1774612023,10,GET,/api/chains/,0.000000,0.000000,0,0,0,0,0,0,0,0,0,0,0,64,0,13,44.4865199533524,2.089375047944486,302.3143840255216,1478.296875
1774612023,10,GET,/api/chains/{id},11.800000,0.000000,13,48,75,140,180,220,1200,1200,1300,1300,1300,3448,0,10,64.98576479930465,1.9238220993429422,1318.3924700133502,808.9721577726218
1774612023,10,POST,/api/chains/{id}/activate,11.800000,0.000000,8,17,22,29,150,170,220,240,260,260,260,3445,0,9,28.11114029308,1.778690959326923,1260.2180039975792,54.24528301886792
1774612023,10,POST,/api/chains/{id}/deactivate,11.700000,0.000000,7,10,13,14,19,32,100,170,200,200,200,3445,0,5,11.166812495581254,1.7843160312622786,1286.3739950116724,61.296081277213354
1774612023,10,POST,/api/plugins/batch/parameters (500 updates),8.200000,0.000000,23,30,62,120,180,220,310,1200,1200,1200,1200,2242,0,19,72.6835653103284,5.447239032946527,1365.1708320248872,866.7203389830509
1774612023,10,GET,/api/plugins/discover,0.000000,0.000000,0,0,0,0,0,0,0,0,0,0,0,64,0,28,37.74846755004546,12.908800039440393,155.31902690418065,89708.0
1774612023,10,GET,/api/plugins/list,0.000000,0.000000,0,0,0,0,0,0,0,0,0,0,0,64,0,11,26.758709516798262,1.6044959193095565,192.37323594279587,72.953125
1774612023,10,POST,/api/plugins/load?uri,5.100000,0.000000,10,21,24,25,39,150,170,170,170,170,170,1160,0,9,26.42650987595673,1.882247976027429,1256.7783229751512,2375.403448275862
1774612023,10,POST,/api/plugins/unload?uri,4.800000,0.000000,6,14,15,17,20,21,110,110,110,110,110,1160,0,6,11.418003642807136,1.7920680111274123,222.2753749229014,127.21293103448276
1774612023,10,,Aggregated,105.400000,0.000000,10,17,23,30,140,170,220,1000,1300,1300,1300,30114,0,9,37.03564853908948,1.4897770015522838,1365.1708320248872,516.0724912001062
1774612024,10,GET,/api/audio/latency,14.300000,0.000000,6,12,19,22,26,150,190,240,250,250,250,4641,0,7,24.834388239215677,1.4929859898984432,1326.6441239975393,33.04481792717087
1774612024,10,GET,/api/audio/levels,14.500000,0.000000,9,18,51,85,160,220,1200,1200,1300,1300,1300,4642,0,10,63.27704991929623,1.53452402446419,1309.4227639958262,77.03274450667816
1774612024,10,GET,/api/audio/levels (during plugin swap),4.700000,0.000000,11,26,45,95,170,190,1200,1200,1200,1200,1200,1167,0,11,63.876232888267054,1.5721969539299607,1298.7376680830494,77.0771208226221
1774612024,10,GET,/api/audio/levels/plugins,4.700000,0.000000,6,12,17,18,33,120,120,120,120,120,120,1167,0,6,14.895329148139112,1.4897770015522838,1342.3058059997857,20.68380462724936
1774612024,10,GET,/api/audio/status,11.000000,0.000000,5,9,11,15,24,99,120,120,120,120,120,3462,0,5,12.174411745355123,1.5238210326060653,1259.1678659664467,303.01877527440786
1774612024,10,GET,/api/chains/,0.000000,0.000000,0,0,0,0,0,0,0,0,0,0,0,64,0,13,44.4865199533524,2.089375047944486,302.3143840255216,1478.296875
1774612024,10,GET,/api/chains/{id},11.000000,0.000000,10,19,59,110,180,220,1200,1200,1300,1300,1300,3462,0,10,64.85523920389757,1.9238220993429422,1318.3924700133502,808.8168688619295
1774612024,10,POST,/api/chains/{id}/activate,11.000000,0.000000,8,17,20,24,150,170,220,240,260,260,260,3462,0,9,28.177216389895204,1.778690959326923,1260.2180039975792,54.25187752744078
1774612024,10,POST,/api/chains/{id}/deactivate,11.000000,0.000000,6,9,11,13,18,23,33,100,170,170,170,3462,0,5,11.142881502980309,1.7843160312622786,1286.3739950116724,61.29231658001155
1774612024,10,POST,/api/plugins/batch/parameters (500 updates),7.500000,0.000000,23,33,110,150,190,230,310,1200,1200,1200,1200,2254,0,19,72.90945037157782,5.447239032946527,1365.1708320248872,866.5887311446318
1774612024,10,GET,/api/plugins/discover,0.000000,0.000000,0,0,0,0,0,0,0,0,0,0,0,64,0,28,37.74846755004546,12.908800039440393,155.31902690418065,89708.0
1774612024,10,GET,/api/plugins/list,0.000000,0.000000,0,0,0,0,0,0,0,0,0,0,0,64,0,11,26.758709516798262,1.6044959193095565,192.37323594279587,72.953125
1774612024,10,POST,/api/plugins/load?uri,4.700000,0.000000,6,16,21,22,24,150,170,170,170,170,170,1167,0,9,26.34268072754984,1.882247976027429,1256.7783229751512,2370.262210796915
1774612024,10,POST,/api/plugins/unload?uri,4.700000,0.000000,6,12,15,16,20,21,110,110,110,110,110,1167,0,6,11.387568987680929,1.7920680111274123,222.2753749229014,127.22022279348758
1774612024,10,,Aggregated,99.100000,0.000000,8,14,20,24,120,170,230,1000,1300,1300,1300,30245,0,9,36.999914170805425,1.4897770015522838,1365.1708320248872,515.2146801124153
1774612025,10,GET,/api/audio/latency,15.100000,0.000000,8,14,19,22,24,150,190,240,250,250,250,4657,0,7,24.78338870138793,1.4929859898984432,1326.6441239975393,33.04466394674683
1774612025,10,GET,/api/audio/levels,15.200000,0.000000,9,21,66,99,170,220,1200,1200,1300,1300,1300,4657,0,10,63.1720835093724,1.53452402446419,1309.4227639958262,77.03092119390165
1774612025,10,GET,/api/audio/levels (during plugin swap),4.600000,0.000000,19,35,86,100,180,190,1200,1200,1200,1200,1200,1171,0,11,63.74374453432104,1.5721969539299607,1298.7376680830494,77.08539709649872
1774612025,10,GET,/api/audio/levels/plugins,4.600000,0.000000,7,14,18,21,110,120,120,120,120,120,120,1171,0,6,14.936064662555763,1.4897770015522838,1342.3058059997857,20.683176771989753
1774612025,10,GET,/api/audio/status,12.000000,0.000000,6,9,15,16,25,100,120,120,120,120,120,3475,0,5,12.224462625114985,1.5238210326060653,1259.1678659664467,303.0187050359712
1774612025,10,GET,/api/chains/,0.000000,0.000000,0,0,0,0,0,0,0,0,0,0,0,64,0,13,44.4865199533524,2.089375047944486,302.3143840255216,1478.296875
1774612025,10,GET,/api/chains/{id},12.000000,0.000000,10,31,75,140,190,220,1200,1200,1300,1300,1300,3475,0,10,64.79344808198378,1.9238220993429422,1318.3924700133502,808.9404316546762
1774612025,10,POST,/api/chains/{id}/activate,12.000000,0.000000,9,18,21,24,150,170,220,240,260,260,260,3475,0,9,28.142138512490195,1.778690959326923,1260.2180039975792,54.2589928057554
1774612025,10,POST,/api/chains/{id}/deactivate,12.000000,0.000000,7,9,11,14,18,23,32,100,170,170,170,3475,0,5,11.134354758592282,1.7843160312622786,1286.3739950116724,61.28776978417266
1774612025,10,POST,/api/plugins/batch/parameters (500 updates),7.900000,0.000000,24,49,130,160,210,240,310,1200,1200,1200,1200,2259,0,19,72.90904242125879,5.447239032946527,1365.1708320248872,866.4904825143869
1774612025,10,GET,/api/plugins/discover,0.000000,0.000000,0,0,0,0,0,0,0,0,0,0,0,64,0,28,37.74846755004546,12.908800039440393,155.31902690418065,89708.0
1774612025,10,GET,/api/plugins/list,0.000000,0.000000,0,0,0,0,0,0,0,0,0,0,0,64,0,11,26.758709516798262,1.6044959193095565,192.37323594279587,72.953125
1774612025,10,POST,/api/plugins/load?uri,4.600000,0.000000,10,19,22,23,29,170,170,170,170,170,170,1171,0,9,26.280170789125265,1.882247976027429,1256.7783229751512,2369.612297181896
1774612025,10,POST,/api/plugins/unload?uri,4.600000,0.000000,6,14,16,17,20,21,110,110,110,110,110,1171,0,6,11.369826784516492,1.7920680111274123,222.2753749229014,127.21605465414176
1774612025,10,,Aggregated,104.600000,0.000000,9,16,21,26,140,180,230,1000,1300,1300,1300,30349,0,9,36.95775857777469,1.4897770015522838,1365.1708320248872,514.4970839236878
1774612026,10,GET,/api/audio/latency,13.200000,0.000000,7,14,20,22,24,150,180,190,190,190,190,4677,0,7,24.825475425602818,1.4929859898984432,1326.6441239975393,33.04447295274749
1774612026,10,GET,/api/audio/levels,13.200000,0.000000,8,14,37,67,160,190,1200,1200,1300,1300,1300,4677,0,10,63.057641517114064,1.53452402446419,1309.4227639958262,77.0331409022878
1774612026,10,GET,/api/audio/levels (during plugin swap),4.500000,0.000000,19,35,95,130,190,190,1200,1200,1200,1200,1200,1178,0,11,63.892337251873606,1.5721969539299607,1298.7376680830494,77.08319185059423
1774612026,10,GET,/api/audio/levels/plugins,4.500000,0.000000,7,14,18,19,100,120,120,120,120,120,120,1178,0,6,14.907884560837703,1.4897770015522838,1342.3058059997857,20.68760611205433
1774612026,10,GET,/api/audio/status,11.700000,0.000000,6,9,12,16,24,100,120,120,120,120,120,3490,0,5,12.19755090525598,1.5238210326060653,1259.1678659664467,303.0186246418338
1774612026,10,GET,/api/chains/,0.000000,0.000000,0,0,0,0,0,0,0,0,0,0,0,64,0,13,44.4865199533524,2.089375047944486,302.3143840255216,1478.296875
1774612026,10,GET,/api/chains/{id},11.700000,0.000000,11,18,49,60,180,200,1200,1200,1300,1300,1300,3490,0,10,64.64433280539627,1.9238220993429422,1318.3924700133502,808.8126074498567
1774612026,10,POST,/api/chains/{id}/activate,11.700000,0.000000,9,18,22,23,140,150,170,190,190,190,190,3490,0,9,28.124920974410855,1.778690959326923,1260.2180039975792,54.2621776504298
1774612026,10,POST,/api/chains/{id}/deactivate,11.700000,0.000000,7,9,11,14,18,20,31,32,100,100,100,3490,0,5,11.119287189684627,1.7843160312622786,1286.3739950116724,61.2836676217765
1774612026,10,POST,/api/plugins/batch/parameters (500 updates),8.400000,0.000000,25,40,120,150,180,230,270,1200,1200,1200,1200,2270,0,19,72.9091397258412,5.447239032946527,1365.1708320248872,866.3757709251101
1774612026,10,GET,/api/plugins/discover,0.000000,0.000000,0,0,0,0,0,0,0,0,0,0,0,64,0,28,37.74846755004546,12.908800039440393,155.31902690418065,89708.0
1774612026,10,GET,/api/plugins/list,0.000000,0.000000,0,0,0,0,0,0,0,0,0,0,0,64,0,11,26.758709516798262,1.6044959193095565,192.37323594279587,72.953125
1774612026,10,POST,/api/plugins/load?uri,4.500000,0.000000,10,19,22,23,29,170,180,180,180,180,180,1178,0,9,26.477061719823382,1.882247976027429,1256.7783229751512,2365.2011884550084
1774612026,10,POST,/api/plugins/unload?uri,4.500000,0.000000,6,14,15,16,20,21,110,110,110,110,110,1178,0,6,11.337121471870178,1.7920680111274123,222.2753749229014,127.18590831918506
1774612026,10,,Aggregated,99.600000,0.000000,9,15,21,24,120,170,200,270,1300,1300,1300,30488,0,9,36.933249523291046,1.4897770015522838,1365.1708320248872,513.5413933350826
1774612027,10,GET,/api/audio/latency,13.900000,0.000000,7,14,22,23,24,150,180,190,190,190,190,4694,0,7,24.767238420933687,1.4929859898984432,1326.6441239975393,33.04431188751598
1774612027,10,GET,/api/audio/levels,13.900000,0.000000,9,15,37,75,160,190,1200,1200,1300,1300,1300,4694,0,10,62.96308992170059,1.53452402446419,1309.4227639958262,77.03792074989349
1774612027,10,GET,/api/audio/levels (during plugin swap),4.400000,0.000000,19,35,100,130,190,190,1200,1200,1200,1200,1200,1182,0,11,63.80065083393414,1.5721969539299607,1298.7376680830494,77.08037225042301
1774612027,10,GET,/api/audio/levels/plugins,4.400000,0.000000,7,17,18,21,100,120,120,120,120,120,120,1182,0,6,14.959905715541073,1.4897770015522838,1342.3058059997857,20.686971235194587
1774612027,10,GET,/api/audio/status,13.000000,0.000000,5,9,12,16,25,100,120,120,210,210,210,3499,0,5,12.240514784365164,1.5238210326060653,1259.1678659664467,303.0185767362103
1774612027,10,GET,/api/chains/,0.000000,0.000000,0,0,0,0,0,0,0,0,0,0,0,64,0,13,44.4865199533524,2.089375047944486,302.3143840255216,1478.296875
1774612027,10,GET,/api/chains/{id},13.000000,0.000000,13,22,49,75,180,200,1200,1200,1300,1300,1300,3499,0,10,64.55627447983001,1.9238220993429422,1318.3924700133502,808.8862532152043
1774612027,10,POST,/api/chains/{id}/activate,13.000000,0.000000,9,18,22,23,140,160,170,190,190,190,190,3499,0,9,28.106688858505215,1.778690959326923,1260.2180039975792,54.26264647042012
1774612027,10,POST,/api/chains/{id}/deactivate,13.100000,0.000000,7,9,12,14,18,23,31,32,100,100,100,3499,0,5,11.115413613348059,1.7843160312622786,1286.3739950116724,61.278365247213486
1774612027,10,POST,/api/plugins/batch/parameters (500 updates),8.600000,0.000000,24,40,120,160,190,230,270,1200,1200,1200,1200,2277,0,19,72.80885758171685,5.447239032946527,1365.1708320248872,866.3978919631094
1774612027,10,GET,/api/plugins/discover,0.000000,0.000000,0,0,0,0,0,0,0,0,0,0,0,64,0,28,37.74846755004546,12.908800039440393,155.31902690418065,89708.0
1774612027,10,GET,/api/plugins/list,0.000000,0.000000,0,0,0,0,0,0,0,0,0,0,0,64,0,11,26.758709516798262,1.6044959193095565,192.37323594279587,72.953125
1774612027,10,POST,/api/plugins/load?uri,4.400000,0.000000,11,21,23,24,170,170,210,210,210,210,210,1182,0,9,26.584261065989562,1.882247976027429,1256.7783229751512,2363.9822335025383
1774612027,10,POST,/api/plugins/unload?uri,4.400000,0.000000,6,14,16,17,20,21,110,110,110,110,110,1182,0,6,11.396617800203765,1.7920680111274123,222.2753749229014,127.1725888324873
1774612027,10,,Aggregated,106.100000,0.000000,9,16,22,24,130,180,200,270,1300,1300,1300,30581,0,9,36.90219434972502,1.4897770015522838,1365.1708320248872,512.9016382721297
1774612028,10,GET,/api/audio/latency,13.500000,0.000000,7,12,19,22,24,150,180,190,190,190,190,4713,0,7,24.787165468819314,1.4929859898984432,1326.6441239975393,33.044133248461705
1774612028,10,GET,/api/audio/levels,13.400000,0.000000,8,13,24,61,150,170,190,190,220,220,220,4713,0,10,62.8611678215099,1.53452402446419,1309.4227639958262,77.0381922342457
1774612028,10,GET,/api/audio/levels (during plugin swap),4.200000,0.000000,11,23,86,130,180,190,190,190,190,190,190,1185,0,11,63.64971845713346,1.5721969539299607,1298.7376680830494,77.08101265822785
1774612028,10,GET,/api/audio/levels/plugins,4.200000,0.000000,8,17,18,21,100,120,120,120,120,120,120,1185,0,6,14.949405885042175,1.4897770015522838,1342.3058059997857,20.681012658227846
1774612028,10,GET,/api/audio/status,12.400000,0.000000,5,9,13,16,24,100,120,120,210,210,210,3519,0,5,12.224938413067386,1.5238210326060653,1259.1678659664467,303.0184711565786
1774612028,10,GET,/api/chains/,0.000000,0.000000,0,0,0,0,0,0,0,0,0,0,0,64,0,13,44.4865199533524,2.089375047944486,302.3143840255216,1478.296875
1774612028,10,GET,/api/chains/{id},12.400000,0.000000,12,19,49,75,180,190,200,200,230,230,230,3519,0,10,64.5350192264744,1.9238220993429422,1318.3924700133502,808.9320829781187
1774612028,10,POST,/api/chains/{id}/activate,12.400000,0.000000,9,17,22,23,150,160,170,190,190,190,190,3519,0,9,28.169628510969652,1.778690959326923,1260.2180039975792,54.27394146064223
1774612028,10,POST,/api/chains/{id}/deactivate,12.400000,0.000000,6,9,12,15,18,21,31,32,100,100,100,3519,0,5,11.096215071093104,1.7843160312622786,1286.3739950116724,61.27536231884058
1774612028,10,POST,/api/plugins/batch/parameters (500 updates),8.300000,0.000000,23,39,110,140,180,210,240,270,270,270,270,2286,0,19,72.67343281094622,5.447239032946527,1365.1708320248872,866.3648293963255
1774612028,10,GET,/api/plugins/discover,0.000000,0.000000,0,0,0,0,0,0,0,0,0,0,0,64,0,28,37.74846755004546,12.908800039440393,155.31902690418065,89708.0
1774612028,10,GET,/api/plugins/list,0.000000,0.000000,0,0,0,0,0,0,0,0,0,0,0,64,0,11,26.758709516798262,1.6044959193095565,192.37323594279587,72.953125
1774612028,10,POST,/api/plugins/load?uri,4.200000,0.000000,9,19,22,24,170,170,210,210,210,210,210,1185,0,9,26.533156504583417,1.882247976027429,1256.7783229751512,2367.513924050633
1774612028,10,POST,/api/plugins/unload?uri,4.200000,0.000000,6,14,16,17,20,21,110,110,110,110,110,1185,0,6,11.39267187492867,1.7920680111274123,222.2753749229014,127.1746835443038
1774612028,10,,Aggregated,101.600000,0.000000,8,15,20,23,120,170,190,200,240,270,270,30720,0,9,36.86753002234582,1.4897770015522838,1365.1708320248872,512.0945963541667
1774612029,10,GET,/api/audio/latency,13.500000,0.000000,6,12,19,22,24,150,180,190,190,190,190,4718,0,7,24.766360062236483,1.4929859898984432,1326.6441239975393,33.044086477320896
1774612029,10,GET,/api/audio/levels,13.400000,0.000000,7,13,24,61,150,170,190,190,220,220,220,4719,0,10,62.78881199889712,1.53452402446419,1309.4227639958262,77.0358126721763
1774612029,10,GET,/api/audio/levels (during plugin swap),4.200000,0.000000,10,22,45,100,190,190,190,190,190,190,190,1186,0,11,63.598769049542604,1.5721969539299607,1298.7376680830494,77.0885328836425
1774612029,10,GET,/api/audio/levels/plugins,4.200000,0.000000,8,14,18,19,110,120,120,120,120,120,120,1186,0,6,14.939170844619701,1.4897770015522838,1342.3058059997857,20.686340640809444
1774612029,10,GET,/api/audio/status,12.400000,0.000000,5,8,12,16,21,95,120,120,210,210,210,3522,0,5,12.217057055550692,1.5238210326060653,1259.1678659664467,303.01845542305506
1774612029,10,GET,/api/chains/,0.000000,0.000000,0,0,0,0,0,0,0,0,0,0,0,64,0,13,44.4865199533524,2.089375047944486,302.3143840255216,1478.296875
1774612029,10,GET,/api/chains/{id},12.400000,0.000000,11,17,41,75,180,190,200,200,230,230,230,3522,0,10,64.48396328022368,1.9238220993429422,1318.3924700133502,808.9063032367973
1774612029,10,POST,/api/chains/{id}/activate,12.400000,0.000000,8,16,21,23,150,160,170,190,190,190,190,3522,0,9,28.151132651383385,1.778690959326923,1260.2180039975792,54.271720613287904
1774612029,10,POST,/api/chains/{id}/deactivate,12.400000,0.000000,6,9,11,14,18,20,25,31,32,32,32,3522,0,5,11.089249749617437,1.7843160312622786,1286.3739950116724,61.275979557069846
1774612029,10,POST,/api/plugins/batch/parameters (500 updates),8.300000,0.000000,19,35,70,120,190,230,240,270,270,270,270,2287,0,19,72.64585693299226,5.447239032946527,1365.1708320248872,866.3358111062528
1774612029,10,GET,/api/plugins/discover,0.000000,0.000000,0,0,0,0,0,0,0,0,0,0,0,64,0,28,37.74846755004546,12.908800039440393,155.31902690418065,89708.0
1774612029,10,GET,/api/plugins/list,0.000000,0.000000,0,0,0,0,0,0,0,0,0,0,0,64,0,11,26.758709516798262,1.6044959193095565,192.37323594279587,72.953125
1774612029,10,POST,/api/plugins/load?uri,4.200000,0.000000,9,15,22,23,29,180,210,210,210,210,210,1186,0,9,26.51577442747024,1.882247976027429,1256.7783229751512,2372.262225969646
1774612029,10,POST,/api/plugins/unload?uri,4.200000,0.000000,6,14,16,17,20,21,95,95,95,95,95,1186,0,6,11.384707749416835,1.7920680111274123,222.2753749229014,127.20489038785834
1774612029,10,,Aggregated,101.600000,0.000000,8,14,19,23,120,170,190,200,240,270,270,30748,0,9,36.8383748870385,1.4897770015522838,1365.1708320248872,512.0600689475739
1774612030,10,GET,/api/audio/latency,14.700000,0.000000,7,13,22,23,150,160,190,190,1300,1300,1300,4726,0,7,25.16162740993832,1.4929859898984432,1326.6441239975393,33.04401184934405
1774612030,10,GET,/api/audio/levels,14.700000,0.000000,8,16,52,90,160,190,210,220,1200,1200,1200,4726,0,10,63.16901285800778,1.53452402446419,1309.4227639958262,77.04358865848498
1774612030,10,GET,/api/audio/levels (during plugin swap),4.300000,0.000000,11,23,45,130,190,1100,1200,1200,1200,1200,1200,1188,0,11,65.46310656127811,1.5721969539299607,1298.7376680830494,77.10353535353535
1774612030,10,GET,/api/audio/levels/plugins,4.300000,0.000000,8,14,18,19,110,120,120,120,120,120,120,1188,0,6,14.93111788099224,1.4897770015522838,1342.3058059997857,20.686026936026938
1774612030,10,GET,/api/audio/status,12.900000,0.000000,7,11,15,17,21,95,120,120,210,210,210,3529,0,5,12.223994341098589,1.5238210326060653,1259.1678659664467,303.0184188155285
1774612030,10,GET,/api/chains/,0.000000,0.000000,0,0,0,0,0,0,0,0,0,0,0,64,0,13,44.4865199533524,2.089375047944486,302.3143840255216,1478.296875
1774612030,10,GET,/api/chains/{id},12.900000,0.000000,13,29,110,160,190,200,1200,1300,1300,1300,1300,3529,0,10,66.14329089176651,1.9238220993429422,1318.3924700133502,808.9294417682063
1774612030,10,POST,/api/chains/{id}/activate,12.900000,0.000000,11,18,23,25,150,160,170,190,190,190,190,3529,0,9,28.25474754183298,1.778690959326923,1260.2180039975792,54.26891470671578
1774612030,10,POST,/api/chains/{id}/deactivate,12.900000,0.000000,7,10,14,16,19,25,110,110,110,110,110,3527,0,5,11.173183891954187,1.7843160312622786,1286.3739950116724,61.27700595406861
1774612030,10,POST,/api/plugins/batch/parameters (500 updates),8.700000,0.000000,24,40,120,160,190,230,270,1100,1100,1100,1100,2290,0,19,73.21554762036763,5.447239032946527,1365.1708320248872,866.3689956331878
1774612030,10,GET,/api/plugins/discover,0.000000,0.000000,0,0,0,0,0,0,0,0,0,0,0,64,0,28,37.74846755004546,12.908800039440393,155.31902690418065,89708.0
1774612030,10,GET,/api/plugins/list,0.000000,0.000000,0,0,0,0,0,0,0,0,0,0,0,64,0,11,26.758709516798262,1.6044959193095565,192.37323594279587,72.953125
1774612030,10,POST,/api/plugins/load?uri,4.300000,0.000000,11,14,21,22,27,180,210,210,210,210,210,1188,0,9,26.492326989082418,1.882247976027429,1256.7783229751512,2371.7508417508416
1774612030,10,POST,/api/plugins/unload?uri,4.300000,0.000000,6,13,15,17,20,95,100,100,100,100,100,1188,0,6,11.464866968687085,1.7920680111274123,222.2753749229014,127.19781144781145
1774612030,10,,Aggregated,106.900000,0.000000,9,16,21,25,150,180,200,1100,1300,1300,1300,30800,0,9,37.284683924491134,1.4897770015522838,1365.1708320248872,511.73633116883116
1774612031,10,GET,/api/audio/latency,15.700000,0.000000,5,11,15,21,24,160,190,190,1300,1300,1300,4754,0,7,25.043555687029436,1.4929859898984432,1326.6441239975393,33.04375262936475
1774612031,10,GET,/api/audio/levels,15.800000,0.000000,6,10,22,45,150,170,190,210,1200,1200,1200,4755,0,10,62.835255502840674,1.53452402446419,1309.4227639958262,77.03533123028392
1774612031,10,GET,/api/audio/levels (during plugin swap),4.400000,0.000000,11,23,86,130,190,1100,1200,1200,1200,1200,1200,1191,0,11,65.43553109297578,1.5721969539299607,1298.7376680830494,77.09319899244332
1774612031,10,GET,/api/audio/levels/plugins,4.400000,0.000000,7,11,17,18,22,100,110,110,110,110,110,1191,0,6,14.906064817552101,1.4897770015522838,1342.3058059997857,20.69101595298069
1774612031,10,GET,/api/audio/status,14.200000,0.000000,6,10,14,16,21,95,120,120,210,210,210,3535,0,5,12.216035634953702,1.5238210326060653,1259.1678659664467,303.018387553041
1774612031,10,GET,/api/chains/,0.000000,0.000000,0,0,0,0,0,0,0,0,0,0,0,64,0,13,44.4865199533524,2.089375047944486,302.3143840255216,1478.296875
1774612031,10,GET,/api/chains/{id},14.000000,0.000000,13,22,49,160,190,200,1200,1300,1300,1300,1300,3535,0,10,66.06002112305848,1.9238220993429422,1318.3924700133502,808.978783592645
1774612031,10,POST,/api/chains/{id}/activate,14.000000,0.000000,9,17,22,23,140,160,170,190,190,190,190,3535,0,9,28.2325292121727,1.778690959326923,1260.2180039975792,54.264497878359265
1774612031,10,POST,/api/chains/{id}/deactivate,14.300000,0.000000,7,10,14,16,19,27,110,110,110,110,110,3535,0,5,11.172164161162664,1.7843160312622786,1286.3739950116724,61.264497878359265
1774612031,10,POST,/api/plugins/batch/parameters (500 updates),9.200000,0.000000,20,35,56,120,190,230,270,1100,1100,1100,1100,2307,0,19,72.83733705226025,5.447239032946527,1365.1708320248872,866.3472041612483
1774612031,10,GET,/api/plugins/discover,0.000000,0.000000,0,0,0,0,0,0,0,0,0,0,0,64,0,28,37.74846755004546,12.908800039440393,155.31902690418065,89708.0
1774612031,10,GET,/api/plugins/list,0.000000,0.000000,0,0,0,0,0,0,0,0,0,0,0,64,0,11,26.758709516798262,1.6044959193095565,192.37323594279587,72.953125
1774612031,10,POST,/api/plugins/load?uri,4.400000,0.000000,10,14,21,22,27,180,210,210,210,210,210,1191,0,9,26.445555450933526,1.882247976027429,1256.7783229751512,2371.8219983207387
1774612031,10,POST,/api/plugins/unload?uri,4.500000,0.000000,6,12,14,14,17,95,100,100,100,100,100,1191,0,6,11.45610393190758,1.7920680111274123,222.2753749229014,127.1872376154492
1774612031,10,,Aggregated,114.900000,0.000000,8,14,19,23,120,180,200,1100,1300,1300,1300,30912,0,9,37.19200328706387,1.4897770015522838,1365.1708320248872,510.9580098343685
1774612032,10,GET,/api/audio/latency,14.600000,0.000000,6,13,21,23,150,160,190,190,1300,1300,1300,4764,0,7,25.143696548770855,1.4929859898984432,1326.6441239975393,33.043660789252726
1774612032,10,GET,/api/audio/levels,14.600000,0.000000,7,16,45,87,160,170,190,210,1200,1200,1200,4765,0,10,62.84964302626066,1.53452402446419,1309.4227639958262,77.0405036726128
1774612032,10,GET,/api/audio/levels (during plugin swap),4.100000,0.000000,17,35,100,130,190,1100,1200,1200,1200,1200,1200,1195,0,11,65.39376931865095,1.5721969539299607,1298.7376680830494,77.10125523012552
1774612032,10,GET,/api/audio/levels/plugins,4.100000,0.000000,9,14,18,19,110,120,120,120,120,120,120,1195,0,6,15.152078841532342,1.4897770015522838,1342.3058059997857,20.71213389121339
1774612032,10,GET,/api/audio/status,13.000000,0.000000,6,12,16,18,24,110,120,120,210,210,210,3550,0,5,12.286740610290739,1.5238210326060653,1259.1678659664467,303.01830985915495
1774612032,10,GET,/api/chains/,0.000000,0.000000,0,0,0,0,0,0,0,0,0,0,0,64,0,13,44.4865199533524,2.089375047944486,302.3143840255216,1478.296875
1774612032,10,GET,/api/chains/{id},13.200000,0.000000,15,42,120,160,190,200,1200,1300,1300,1300,1300,3550,0,10,66.06870092730313,1.9238220993429422,1318.3924700133502,808.8011267605634
1774612032,10,POST,/api/chains/{id}/activate,13.100000,0.000000,11,20,25,30,150,160,170,190,190,190,190,3550,0,9,28.271280006721984,1.778690959326923,1260.2180039975792,54.267605633802816
1774612032,10,POST,/api/chains/{id}/deactivate,12.700000,0.000000,6,9,15,17,21,27,110,110,110,110,110,3547,0,5,11.165938756360655,1.7843160312622786,1286.3739950116724,61.266986185508884
1774612032,10,POST,/api/plugins/batch/parameters (500 updates),8.100000,0.000000,25,49,120,170,200,240,270,1100,1100,1100,1100,2314,0,19,72.87566002219667,5.447239032946527,1365.1708320248872,866.3647363872083
1774612032,10,GET,/api/plugins/discover,0.000000,0.000000,0,0,0,0,0,0,0,0,0,0,0,64,0,28,37.74846755004546,12.908800039440393,155.31902690418065,89708.0
1774612032,10,GET,/api/plugins/list,0.000000,0.000000,0,0,0,0,0,0,0,0,0,0,0,64,0,11,26.758709516798262,1.6044959193095565,192.37323594279587,72.953125
1774612032,10,POST,/api/plugins/load?uri,4.100000,0.000000,11,19,22,23,57,180,210,210,210,210,210,1195,0,9,26.503672078544096,1.882247976027429,1256.7783229751512,2370.92719665272
1774612032,10,POST,/api/plugins/unload?uri,4.000000,0.000000,6,13,15,16,21,95,100,100,100,100,100,1195,0,6,11.471696548888685,1.7920680111274123,222.2753749229014,127.1581589958159
1774612032,10,,Aggregated,105.600000,0.000000,9,17,23,35,150,180,200,1100,1300,1300,1300,31012,0,9,37.23191969532651,1.4897770015522838,1365.1708320248872,510.4120985424997
1774612033,10,GET,/api/audio/latency,14.700000,0.000000,5,11,19,22,140,150,170,180,1300,1300,1300,4787,0,7,25.056243256817712,1.4929859898984432,1326.6441239975393,33.04345101316064
1774612033,10,GET,/api/audio/levels,14.700000,0.000000,6,12,21,45,150,170,190,210,1200,1200,1200,4787,0,10,62.61647231231909,1.53452402446419,1309.4227639958262,77.03279715897222
1774612033,10,GET,/api/audio/levels (during plugin swap),3.600000,0.000000,9,22,56,100,190,1100,1200,1200,1200,1200,1200,1201,0,11,65.10217572501523,1.5721969539299607,1298.7376680830494,77.08076602830974
1774612033,10,GET,/api/audio/levels/plugins,3.900000,0.000000,3,10,17,18,100,120,120,120,120,120,120,1201,0,6,15.091332026251703,1.4897770015522838,1342.3058059997857,20.700249791840132
1774612033,10,GET,/api/audio/status,12.300000,0.000000,4,10,14,16,21,110,120,120,210,210,210,3566,0,5,12.255509456907427,1.5238210326060653,1259.1678659664467,303.0182277061133
1774612033,10,GET,/api/chains/,0.000000,0.000000,0,0,0,0,0,0,0,0,0,0,0,64,0,13,44.4865199533524,2.089375047944486,302.3143840255216,1478.296875
1774612033,10,GET,/api/chains/{id},12.200000,0.000000,8,19,42,110,190,200,1200,1300,1300,1300,1300,3566,0,10,65.80251631039951,1.9238220993429422,1318.3924700133502,808.945597307908
1774612033,10,POST,/api/chains/{id}/activate,12.200000,0.000000,8,17,22,25,120,150,160,160,170,170,170,3566,0,9,28.176118803993536,1.778690959326923,1260.2180039975792,54.27229388670779
1774612033,10,POST,/api/chains/{id}/deactivate,12.300000,0.000000,6,9,15,17,20,25,110,110,110,110,110,3566,0,5,11.14961160175801,1.7843160312622786,1286.3739950116724,61.27089175546831
1774612033,10,POST,/api/plugins/batch/parameters (500 updates),8.000000,0.000000,20,28,38,73,180,200,240,1100,1100,1100,1100,2323,0,19,72.64847260037075,5.447239032946527,1365.1708320248872,866.3267326732673
1774612033,10,GET,/api/plugins/discover,0.000000,0.000000,0,0,0,0,0,0,0,0,0,0,0,64,0,28,37.74846755004546,12.908800039440393,155.31902690418065,89708.0
1774612033,10,GET,/api/plugins/list,0.000000,0.000000,0,0,0,0,0,0,0,0,0,0,0,64,0,11,26.758709516798262,1.6044959193095565,192.37323594279587,72.953125
1774612033,10,POST,/api/plugins/load?uri,3.600000,0.000000,8,13,19,23,57,180,210,210,210,210,210,1201,0,9,26.418385439518246,1.882247976027429,1256.7783229751512,2366.142381348876
1774612033,10,POST,/api/plugins/unload?uri,3.900000,0.000000,4,13,14,15,21,95,100,100,100,100,100,1201,0,6,11.438397636953477,1.7920680111274123,222.2753749229014,127.14238134887594
1774612033,10,,Aggregated,101.400000,0.000000,7,14,19,23,120,170,200,1100,1300,1300,1300,31157,0,9,37.09587449647438,1.4897770015522838,1365.1708320248872,509.32901113714416
1774612034,10,GET,/api/audio/latency,15.400000,0.000000,5,13,21,23,140,150,180,220,1300,1300,1300,4800,0,7,25.0853234558114,1.4929859898984432,1326.6441239975393,33.04333333333334
1774612034,10,GET,/api/audio/levels,15.200000,0.000000,8,18,47,100,160,170,200,210,1200,1200,1200,4800,0,10,62.678296567270685,1.53452402446419,1309.4227639958262,77.038125
1774612034,10,GET,/api/audio/levels (during plugin swap),3.800000,0.000000,14,56,100,130,190,1100,1200,1200,1200,1200,1200,1206,0,11,65.12711488446422,1.5721969539299607,1298.7376680830494,77.08540630182421
1774612034,10,GET,/api/audio/levels/plugins,3.500000,0.000000,7,13,18,18,100,120,120,120,120,120,120,1206,0,6,15.066900303966488,1.4897770015522838,1342.3058059997857,20.69402985074627
1774612034,10,GET,/api/audio/status,12.000000,0.000000,4,11,14,17,22,110,120,120,210,210,210,3575,0,5,12.252824845026945,1.5238210326060653,1259.1678659664467,303.0181818181818
1774612034,10,GET,/api/chains/,0.000000,0.000000,0,0,0,0,0,0,0,0,0,0,0,64,0,13,44.4865199533524,2.089375047944486,302.3143840255216,1478.296875
1774612034,10,GET,/api/chains/{id},12.300000,0.000000,14,27,110,160,190,210,1200,1300,1300,1300,1300,3575,0,10,65.82313606147557,1.9238220993429422,1318.3924700133502,808.9681118881119
1774612034,10,POST,/api/chains/{id}/activate,12.300000,0.000000,9,18,24,26,130,150,160,160,170,170,170,3575,0,9,28.130953771980494,1.778690959326923,1260.2180039975792,54.27272727272727
1774612034,10,POST,/api/chains/{id}/deactivate,12.000000,0.000000,5,12,16,17,21,27,110,110,110,110,110,3573,0,5,11.174730541004172,1.7843160312622786,1286.3739950116724,61.26532325776658
1774612034,10,POST,/api/plugins/batch/parameters (500 updates),8.600000,0.000000,22,37,73,140,190,230,260,1100,1100,1100,1100,2335,0,19,72.73331254105456,5.447239032946527,1365.1708320248872,866.5914346895075
1774612034,10,GET,/api/plugins/discover,0.000000,0.000000,0,0,0,0,0,0,0,0,0,0,0,64,0,28,37.74846755004546,12.908800039440393,155.31902690418065,89708.0
1774612034,10,GET,/api/plugins/list,0.000000,0.000000,0,0,0,0,0,0,0,0,0,0,0,64,0,11,26.758709516798262,1.6044959193095565,192.37323594279587,72.953125
1774612034,10,POST,/api/plugins/load?uri,3.800000,0.000000,13,18,26,27,100,180,210,210,210,210,210,1206,0,9,26.446646291690772,1.882247976027429,1256.7783229751512,2363.2064676616915
1774612034,10,POST,/api/plugins/unload?uri,3.500000,0.000000,5,13,14,16,21,95,100,100,100,100,100,1205,0,6,11.421760333570578,1.7920680111274123,222.2753749229014,127.13692946058092
1774612034,10,,Aggregated,102.400000,0.000000,8,17,23,29,140,170,200,1100,1300,1300,1300,31248,0,9,37.124364716110236,1.4897770015522838,1365.1708320248872,508.89336917562724
1774612035,10,GET,/api/audio/latency,14.900000,0.000000,5,12,17,21,58,150,160,220,1300,1300,1300,4824,0,7,25.00146769438843,1.4929859898984432,1326.6441239975393,33.043117744610285
1774612035,10,GET,/api/audio/levels,14.800000,0.000000,8,17,22,48,140,170,190,210,1200,1200,1200,4824,0,10,62.44818034283948,1.53452402446419,1309.4227639958262,77.0342039800995
1774612035,10,GET,/api/audio/levels (during plugin swap),3.900000,0.000000,10,26,83,95,130,1100,1200,1200,1200,1200,1200,1209,0,11,65.05867695993211,1.5721969539299607,1298.7376680830494,77.08602150537635
1774612035,10,GET,/api/audio/levels/plugins,3.900000,0.000000,6,11,15,17,95,120,120,120,120,120,120,1209,0,6,15.057157934238909,1.4897770015522838,1342.3058059997857,20.688172043010752
1774612035,10,GET,/api/audio/status,12.100000,0.000000,4,10,14,16,22,61,110,120,210,210,210,3589,0,5,12.253216519339675,1.5238210326060653,1259.1678659664467,303.01811089439957
1774612035,10,GET,/api/chains/,0.000000,0.000000,0,0,0,0,0,0,0,0,0,0,0,64,0,13,44.4865199533524,2.089375047944486,302.3143840255216,1478.296875
1774612035,10,GET,/api/chains/{id},12.100000,0.000000,11,21,66,110,180,210,1200,1300,1300,1300,1300,3589,0,10,65.65088354413496,1.9238220993429422,1318.3924700133502,808.9164112566175
1774612035,10,POST,/api/chains/{id}/activate,12.100000,0.000000,7,12,21,25,110,150,160,160,160,160,160,3589,0,9,28.05744926179205,1.778690959326923,1260.2180039975792,54.281136806910006
1774612035,10,POST,/api/chains/{id}/deactivate,12.100000,0.000000,6,10,15,17,21,57,110,110,110,110,110,3589,0,5,11.185852946747561,1.7843160312622786,1286.3739950116724,61.26163276678741
1774612035,10,POST,/api/plugins/batch/parameters (500 updates),7.800000,0.000000,17,25,37,58,170,200,260,1100,1100,1100,1100,2348,0,19,72.40833325312137,5.447239032946527,1365.1708320248872,866.4454855195911
1774612035,10,GET,/api/plugins/discover,0.000000,0.000000,0,0,0,0,0,0,0,0,0,0,0,64,0,28,37.74846755004546,12.908800039440393,155.31902690418065,89708.0
1774612035,10,GET,/api/plugins/list,0.000000,0.000000,0,0,0,0,0,0,0,0,0,0,0,64,0,11,26.758709516798262,1.6044959193095565,192.37323594279587,72.953125
1774612035,10,POST,/api/plugins/load?uri,3.900000,0.000000,13,16,20,24,57,100,210,210,210,210,210,1209,0,9,26.433583299207253,1.882247976027429,1256.7783229751512,2361.341604631927
1774612035,10,POST,/api/plugins/unload?uri,3.900000,0.000000,6,13,14,17,21,95,100,100,100,100,100,1209,0,6,11.480908631944121,1.7920680111274123,222.2753749229014,127.1100082712986
1774612035,10,,Aggregated,101.500000,0.000000,8,14,20,24,110,160,200,1100,1300,1300,1300,31380,0,9,37.029577982959935,1.4897770015522838,1365.1708320248872,507.9089228808158
1774612036,10,GET,/api/audio/latency,16.100000,0.000000,6,15,19,22,140,150,160,220,1300,1300,1300,4830,0,7,25.021419005722045,1.4929859898984432,1326.6441239975393,33.04306418219462
1774612036,10,GET,/api/audio/levels,16.100000,0.000000,9,20,54,100,140,170,200,210,1200,1200,1200,4832,0,10,62.495005654135646,1.53452402446419,1309.4227639958262,77.04097682119205
1774612036,10,GET,/api/audio/levels (during plugin swap),3.800000,0.000000,14,56,95,100,160,1100,1200,1200,1200,1200,1200,1209,0,11,65.05867695993211,1.5721969539299607,1298.7376680830494,77.08602150537635
1774612036,10,GET,/api/audio/levels/plugins,3.700000,0.000000,6,13,16,18,120,120,120,120,120,120,120,1209,0,6,15.057157934238909,1.4897770015522838,1342.3058059997857,20.688172043010752
1774612036,10,GET,/api/audio/status,12.100000,0.000000,5,12,16,19,25,110,110,120,210,210,210,3602,0,5,12.359727907828626,1.5238210326060653,1259.1678659664467,303.01804553026096
1774612036,10,GET,/api/chains/,0.000000,0.000000,0,0,0,0,0,0,0,0,0,0,0,64,0,13,44.4865199533524,2.089375047944486,302.3143840255216,1478.296875
1774612036,10,GET,/api/chains/{id},12.100000,0.000000,12,41,110,140,190,210,1200,1300,1300,1300,1300,3605,0,10,65.62582601130464,1.9238220993429422,1318.3924700133502,808.9140083217753
1774612036,10,POST,/api/chains/{id}/activate,12.100000,0.000000,9,17,25,30,110,150,160,160,160,160,160,3602,0,9,28.08140211124961,1.778690959326923,1260.2180039975792,54.28789561354803
1774612036,10,POST,/api/chains/{id}/deactivate,12.000000,0.000000,7,12,16,17,21,57,110,110,110,110,110,3602,0,5,11.189293525529987,1.7843160312622786,1286.3739950116724,61.25735702387563
1774612036,10,POST,/api/plugins/batch/parameters (500 updates),8.000000,0.000000,18,25,38,73,180,200,260,1100,1100,1100,1100,2355,0,19,72.27858575387224,5.447239032946527,1365.1708320248872,866.4904458598726
1774612036,10,GET,/api/plugins/discover,0.000000,0.000000,0,0,0,0,0,0,0,0,0,0,0,64,0,28,37.74846755004546,12.908800039440393,155.31902690418065,89708.0
1774612036,10,GET,/api/plugins/list,0.000000,0.000000,0,0,0,0,0,0,0,0,0,0,0,64,0,11,26.758709516798262,1.6044959193095565,192.37323594279587,72.953125
1774612036,10,POST,/api/plugins/load?uri,3.700000,0.000000,13,19,23,26,57,100,210,210,210,210,210,1209,0,9,26.433583299207253,1.882247976027429,1256.7783229751512,2361.341604631927
1774612036,10,POST,/api/plugins/unload?uri,3.700000,0.000000,10,14,14,19,90,95,100,100,100,100,100,1209,0,6,11.480908631944121,1.7920680111274123,222.2753749229014,127.1100082712986
1774612036,10,,Aggregated,103.400000,0.000000,9,17,22,30,120,160,200,1100,1300,1300,1300,31456,0,9,37.04455559156693,1.4897770015522838,1365.1708320248872,507.48931841302135
1774612037,10,GET,/api/audio/latency,15.600000,0.000000,5,13,19,21,74,150,160,220,1300,1300,1300,4852,0,7,25.01239770213284,1.4929859898984432,1326.6441239975393,33.04286892003297
1774612037,10,GET,/api/audio/levels,15.600000,0.000000,7,18,24,54,140,170,200,210,1200,1200,1200,4852,0,10,62.34056795708761,1.53452402446419,1309.4227639958262,77.040395713108
1774612037,10,GET,/api/audio/levels (during plugin swap),3.700000,0.000000,9,26,57,91,130,1100,1200,1200,1200,1200,1200,1217,0,11,64.70329017883844,1.5721969539299607,1298.7376680830494,77.06984387838948
1774612037,10,GET,/api/audio/levels/plugins,3.700000,0.000000,3,8,12,15,18,120,120,120,120,120,120,1217,0,6,14.979279546132931,1.4897770015522838,1342.3058059997857,20.676253081347575
1774612037,10,GET,/api/audio/status,11.000000,0.000000,5,11,14,16,22,110,110,110,120,120,120,3623,0,5,12.33503673715466,1.5238210326060653,1259.1678659664467,303.0179409329285
1774612037,10,GET,/api/chains/,0.000000,0.000000,0,0,0,0,0,0,0,0,0,0,0,64,0,13,44.4865199533524,2.089375047944486,302.3143840255216,1478.296875
1774612037,10,GET,/api/chains/{id},11.000000,0.000000,8,20,42,100,180,210,1200,1300,1300,1300,1300,3623,0,10,65.39514748787796,1.9238220993429422,1318.3924700133502,808.8611647805686
1774612037,10,POST,/api/chains/{id}/activate,11.000000,0.000000,7,12,21,26,69,150,160,160,170,170,170,3623,0,9,28.097327793977914,1.778690959326923,1260.2180039975792,54.29340325696936
1774612037,10,POST,/api/chains/{id}/deactivate,11.000000,0.000000,6,9,13,16,20,57,110,110,110,110,110,3623,0,5,11.157720371257701,1.7843160312622786,1286.3739950116724,61.261661606403536
1774612037,10,POST,/api/plugins/batch/parameters (500 updates),8.500000,0.000000,18,25,38,63,180,240,260,1100,1100,1100,1100,2365,0,19,72.34558340183698,5.447239032946527,1365.1708320248872,866.5725158562368
1774612037,10,GET,/api/plugins/discover,0.000000,0.000000,0,0,0,0,0,0,0,0,0,0,0,64,0,28,37.74846755004546,12.908800039440393,155.31902690418065,89708.0
1774612037,10,GET,/api/plugins/list,0.000000,0.000000,0,0,0,0,0,0,0,0,0,0,0,64,0,11,26.758709516798262,1.6044959193095565,192.37323594279587,72.953125
1774612037,10,POST,/api/plugins/load?uri,3.700000,0.000000,10,16,20,23,56,57,100,100,100,100,100,1217,0,9,26.303098972748288,1.882247976027429,1256.7783229751512,2366.9457682826624
1774612037,10,POST,/api/plugins/unload?uri,3.700000,0.000000,6,11,13,14,21,90,100,100,100,100,100,1217,0,6,11.444851650585534,1.7920680111274123,222.2753749229014,127.1824157764996
1774612037,10,,Aggregated,98.500000,0.000000,7,14,19,23,110,150,200,1100,1300,1300,1300,31621,0,9,36.95834827952955,1.4897770015522838,1365.1708320248872,506.7981721008191
1774612038,10,GET,/api/audio/latency,16.200000,0.000000,6,15,20,23,78,150,160,220,1300,1300,1300,4867,0,7,25.04087834095057,1.4929859898984432,1326.6441239975393,33.0427367988494
1774612038,10,GET,/api/audio/levels,16.200000,0.000000,9,21,54,100,140,180,200,210,1200,1200,1200,4871,0,10,62.36862716596463,1.53452402446419,1309.4227639958262,77.05399301991378
1774612038,10,GET,/api/audio/levels (during plugin swap),3.400000,0.000000,9,36,83,95,160,1100,1200,1200,1200,1200,1200,1221,0,11,64.63886783193236,1.5721969539299607,1298.7376680830494,77.06715806715806
1774612038,10,GET,/api/audio/levels/plugins,3.400000,0.000000,3,6,10,13,17,120,120,120,120,120,120,1220,0,6,14.946512952084332,1.4897770015522838,1342.3058059997857,20.67049180327869
1774612038,10,GET,/api/audio/status,11.500000,0.000000,6,12,14,18,25,110,110,110,120,120,120,3633,0,5,12.36812223804263,1.5238210326060653,1259.1678659664467,303.01789154968344
1774612038,10,GET,/api/chains/,0.000000,0.000000,0,0,0,0,0,0,0,0,0,0,0,64,0,13,44.4865199533524,2.089375047944486,302.3143840255216,1478.296875
1774612038,10,GET,/api/chains/{id},12.000000,0.000000,11,23,88,110,180,210,1200,1300,1300,1300,1300,3634,0,10,65.3487358187942,1.9238220993429422,1318.3924700133502,808.8343423225097
1774612038,10,POST,/api/chains/{id}/activate,11.900000,0.000000,8,17,25,30,79,150,160,160,170,170,170,3633,0,9,28.105335896407908,1.778690959326923,1260.2180039975792,54.2953481970823
1774612038,10,POST,/api/chains/{id}/deactivate,11.500000,0.000000,6,9,13,16,20,32,110,110,110,110,110,3633,0,5,11.15605428852956,1.7843160312622786,1286.3739950116724,61.25681255161024
1774612038,10,POST,/api/plugins/batch/parameters (500 updates),8.900000,0.000000,18,27,58,78,180,240,260,1100,1100,1100,1100,2368,0,19,72.36207566568959,5.447239032946527,1365.1708320248872,866.5599662162163
1774612038,10,GET,/api/plugins/discover,0.000000,0.000000,0,0,0,0,0,0,0,0,0,0,0,64,0,28,37.74846755004546,12.908800039440393,155.31902690418065,89708.0
1774612038,10,GET,/api/plugins/list,0.000000,0.000000,0,0,0,0,0,0,0,0,0,0,0,64,0,11,26.758709516798262,1.6044959193095565,192.37323594279587,72.953125
1774612038,10,POST,/api/plugins/load?uri,3.400000,0.000000,10,16,20,23,56,57,100,100,100,100,100,1220,0,9,26.249646898130045,1.882247976027429,1256.7783229751512,2366.3
1774612038,10,POST,/api/plugins/unload?uri,3.400000,0.000000,5,11,13,14,21,90,100,100,100,100,100,1220,0,6,11.422311944875592,1.7920680111274123,222.2753749229014,127.17622950819673
1774612038,10,,Aggregated,101.800000,0.000000,8,16,21,29,110,160,210,1100,1300,1300,1300,31712,0,9,36.962867287066395,1.4897770015522838,1365.1708320248872,506.12014379414734
1774612039,10,GET,/api/audio/latency,15.200000,0.000000,5,14,19,21,78,150,170,180,220,220,220,4897,0,7,25.054542434702107,1.4929859898984432,1326.6441239975393,33.0424749846845
1774612039,10,GET,/api/audio/levels,15.200000,0.000000,8,18,37,83,140,170,190,210,210,210,210,4897,0,10,62.109193595150806,1.53452402446419,1309.4227639958262,77.04839697774148
1774612039,10,GET,/api/audio/levels (during plugin swap),3.300000,0.000000,9,17,56,83,100,160,160,160,160,160,160,1221,0,11,64.63886783193236,1.5721969539299607,1298.7376680830494,77.06715806715806
1774612039,10,GET,/api/audio/levels/plugins,3.400000,0.000000,3,6,9,12,16,120,120,120,120,120,120,1221,0,6,14.937279553341021,1.4897770015522838,1342.3058059997857,20.675675675675677
1774612039,10,GET,/api/audio/status,11.500000,0.000000,5,11,14,18,24,110,110,110,120,120,120,3646,0,5,12.35343152814245,1.5238210326060653,1259.1678659664467,303.0178277564454
1774612039,10,GET,/api/chains/,0.000000,0.000000,0,0,0,0,0,0,0,0,0,0,0,64,0,13,44.4865199533524,2.089375047944486,302.3143840255216,1478.296875
1774612039,10,GET,/api/chains/{id},11.400000,0.000000,11,22,43,95,160,190,210,210,220,220,220,3646,0,10,65.30631468626218,1.9238220993429422,1318.3924700133502,808.7835984640702
1774612039,10,POST,/api/chains/{id}/activate,11.400000,0.000000,7,18,25,30,79,150,160,170,170,170,170,3646,0,9,28.091342412212477,1.778690959326923,1260.2180039975792,54.28826110806363
1774612039,10,POST,/api/chains/{id}/deactivate,11.500000,0.000000,7,10,14,16,20,32,110,110,110,110,110,3645,0,5,11.143020435143134,1.7843160312622786,1286.3739950116724,61.25925925925926
1774612039,10,POST,/api/plugins/batch/parameters (500 updates),8.600000,0.000000,19,27,40,63,170,240,250,260,260,260,260,2379,0,19,72.15114510907843,5.447239032946527,1365.1708320248872,866.6099201345103
1774612039,10,GET,/api/plugins/discover,0.000000,0.000000,0,0,0,0,0,0,0,0,0,0,0,64,0,28,37.74846755004546,12.908800039440393,155.31902690418065,89708.0
1774612039,10,GET,/api/plugins/list,0.000000,0.000000,0,0,0,0,0,0,0,0,0,0,0,64,0,11,26.758709516798262,1.6044959193095565,192.37323594279587,72.953125
1774612039,10,POST,/api/plugins/load?uri,3.400000,0.000000,8,16,22,24,57,100,180,180,180,180,180,1221,0,9,26.379464827836426,1.882247976027429,1256.7783229751512,2366.990171990172
1774612039,10,POST,/api/plugins/unload?uri,3.400000,0.000000,4,10,13,14,21,90,100,100,100,100,100,1221,0,6,11.416330050587819,1.7920680111274123,222.2753749229014,127.17444717444718
1774612039,10,,Aggregated,98.300000,0.000000,8,16,21,26,110,150,180,210,250,260,260,31832,0,9,36.91128129821241,1.4897770015522838,1365.1708320248872,505.181703945715
1774612040,10,GET,/api/audio/latency,15.200000,0.000000,5,14,19,21,75,140,170,180,220,220,220,4899,0,7,25.0481138166301,1.4929859898984432,1326.6441239975393,33.042457644417226
1774612040,10,GET,/api/audio/levels,15.200000,0.000000,8,18,24,54,140,160,190,200,210,210,210,4899,0,10,62.086532068907246,1.53452402446419,1309.4227639958262,77.04674423351705
1774612040,10,GET,/api/audio/levels (during plugin swap),3.300000,0.000000,8,10,26,57,95,160,160,160,160,160,160,1223,0,10,64.5392055296547,1.5721969539299607,1298.7376680830494,77.07113654946852
1774612040,10,GET,/api/audio/levels/plugins,3.400000,0.000000,3,6,9,12,16,120,120,120,120,120,120,1222,0,6,14.926538010354195,1.4897770015522838,1342.3058059997857,20.680851063829788
1774612040,10,GET,/api/audio/status,11.500000,0.000000,5,11,14,18,25,110,110,110,120,120,120,3648,0,5,12.34846961389785,1.5238210326060653,1259.1678659664467,303.01781798245617
1774612040,10,GET,/api/chains/,0.000000,0.000000,0,0,0,0,0,0,0,0,0,0,0,64,0,13,44.4865199533524,2.089375047944486,302.3143840255216,1478.296875
1774612040,10,GET,/api/chains/{id},11.400000,0.000000,10,21,37,88,140,190,210,210,220,220,220,3648,0,10,65.275368386274,1.9238220993429422,1318.3924700133502,808.734923245614
1774612040,10,POST,/api/chains/{id}/activate,11.400000,0.000000,7,16,21,26,69,140,160,170,170,170,170,3648,0,9,28.077624494216522,1.778690959326923,1260.2180039975792,54.29139254385965
1774612040,10,POST,/api/chains/{id}/deactivate,11.500000,0.000000,6,10,12,15,19,21,57,98,99,99,99,3648,0,5,11.142064892849527,1.7843160312622786,1286.3739950116724,61.25986842105263
1774612040,10,POST,/api/plugins/batch/parameters (500 updates),8.600000,0.000000,19,25,40,63,170,240,250,260,260,260,260,2379,0,19,72.15114510907843,5.447239032946527,1365.1708320248872,866.6099201345103
1774612040,10,GET,/api/plugins/discover,0.000000,0.000000,0,0,0,0,0,0,0,0,0,0,0,64,0,28,37.74846755004546,12.908800039440393,155.31902690418065,89708.0
1774612040,10,GET,/api/plugins/list,0.000000,0.000000,0,0,0,0,0,0,0,0,0,0,0,64,0,11,26.758709516798262,1.6044959193095565,192.37323594279587,72.953125
1774612040,10,POST,/api/plugins/load?uri,3.400000,0.000000,8,18,23,24,57,100,180,180,180,180,180,1222,0,9,26.359643106277936,1.882247976027429,1256.7783229751512,2366.2913256955812
1774612040,10,POST,/api/plugins/unload?uri,3.400000,0.000000,4,10,11,13,19,21,90,90,90,90,90,1222,0,6,11.408563442554922,1.7920680111274123,222.2753749229014,127.17512274959084
1774612040,10,,Aggregated,98.300000,0.000000,7,14,20,23,98,140,180,210,260,260,260,31850,0,9,36.893733599365014,1.4897770015522838,1365.1708320248872,505.03406593406595
1774612041,10,GET,/api/audio/latency,16.300000,0.000000,6,15,19,22,78,150,180,180,220,220,220,4908,0,7,25.079634536189403,1.4929859898984432,1326.6441239975393,33.04237978810106
1774612041,10,GET,/api/audio/levels,16.200000,0.000000,9,20,54,100,140,180,1100,1200,1300,1300,1300,4908,0,10,62.79324338054694,1.53452402446419,1309.4227639958262,77.05521597392013
1774612041,10,GET,/api/audio/levels (during plugin swap),3.500000,0.000000,8,10,57,91,160,200,210,210,210,210,210,1225,0,11,64.76537453200744,1.5721969539299607,1298.7376680830494,77.07510204081633
1774612041,10,GET,/api/audio/levels/plugins,3.500000,0.000000,3,8,12,13,23,120,120,120,120,120,120,1225,0,6,14.92733090412708,1.4897770015522838,1342.3058059997857,20.685714285714287
1774612041,10,GET,/api/audio/status,11.600000,0.000000,6,12,15,18,61,110,110,110,120,120,120,3655,0,5,12.376653676197728,1.5238210326060653,1259.1678659664467,303.0177838577291
1774612041,10,GET,/api/chains/,0.000000,0.000000,0,0,0,0,0,0,0,0,0,0,0,64,0,13,44.4865199533524,2.089375047944486,302.3143840255216,1478.296875
1774612041,10,GET,/api/chains/{id},11.600000,0.000000,11,26,92,110,190,210,1200,1200,1300,1300,1300,3655,0,10,66.54819756343059,1.9238220993429422,1318.3924700133502,808.7575923392612
1774612041,10,POST,/api/chains/{id}/activate,11.600000,0.000000,7,16,25,26,79,140,160,170,170,170,170,3655,0,9,28.12375216111006,1.778690959326923,1260.2180039975792,54.28180574555404
1774612041,10,POST,/api/chains/{id}/deactivate,11.600000,0.000000,7,10,13,16,20,32,99,100,100,100,100,3655,0,5,11.187552559608656,1.7843160312622786,1286.3739950116724,61.254445964432286
1774612041,10,POST,/api/plugins/batch/parameters (500 updates),8.500000,0.000000,21,29,75,160,230,250,1100,1200,1200,1200,1200,2385,0,19,73.27343117386157,5.447239032946527,1365.1708320248872,866.5781970649895
1774612041,10,GET,/api/plugins/discover,0.000000,0.000000,0,0,0,0,0,0,0,0,0,0,0,64,0,28,37.74846755004546,12.908800039440393,155.31902690418065,89708.0
1774612041,10,GET,/api/plugins/list,0.000000,0.000000,0,0,0,0,0,0,0,0,0,0,0,64,0,11,26.758709516798262,1.6044959193095565,192.37323594279587,72.953125
1774612041,10,POST,/api/plugins/load?uri,3.500000,0.000000,8,18,23,26,140,180,1300,1300,1300,1300,1300,1225,0,9,27.477174679919774,1.882247976027429,1273.1857750331983,2369.5632653061225
1774612041,10,POST,/api/plugins/unload?uri,3.500000,0.000000,4,10,11,13,19,21,90,90,90,90,90,1225,0,6,11.403698910084762,1.7920680111274123,222.2753749229014,127.17224489795919
1774612041,10,,Aggregated,101.400000,0.000000,9,16,21,27,120,170,210,1100,1300,1300,1300,31913,0,9,37.30199602407743,1.4897770015522838,1365.1708320248872,504.86704477799015
1774612042,10,GET,/api/audio/latency,17.900000,0.000000,5,14,18,19,74,150,170,180,220,220,220,4930,0,7,24.997814832955154,1.4929859898984432,1326.6441239975393,33.042190669371195
1774612042,10,GET,/api/audio/levels,17.900000,0.000000,8,17,29,75,140,180,210,1200,1300,1300,1300,4931,0,10,62.56452147193333,1.53452402446419,1309.4227639958262,77.04157371729872
1774612042,10,GET,/api/audio/levels (during plugin swap),3.500000,0.000000,7,10,55,57,160,200,210,210,210,210,210,1234,0,10,64.36457010110571,1.5721969539299607,1298.7376680830494,77.06645056726094
1774612042,10,GET,/api/audio/levels/plugins,3.400000,0.000000,3,4,9,11,13,16,23,23,23,23,23,1234,0,6,14.844065432371103,1.4897770015522838,1342.3058059997857,20.668557536466775
1774612042,10,GET,/api/audio/status,12.300000,0.000000,5,10,14,15,21,100,110,110,110,110,110,3669,0,5,12.342245717849973,1.5238210326060653,1259.1678659664467,303.0177159989098
1774612042,10,GET,/api/chains/,0.000000,0.000000,0,0,0,0,0,0,0,0,0,0,0,64,0,13,44.4865199533524,2.089375047944486,302.3143840255216,1478.296875
1774612042,10,GET,/api/chains/{id},12.100000,0.000000,11,21,37,92,180,210,1200,1200,1300,1300,1300,3672,0,10,66.30060214519249,1.9238220993429422,1318.3924700133502,808.7306644880174
1774612042,10,POST,/api/chains/{id}/activate,12.200000,0.000000,7,17,21,25,69,130,160,170,170,170,170,3671,0,9,28.054898939218734,1.778690959326923,1260.2180039975792,54.27948787796241
1774612042,10,POST,/api/chains/{id}/deactivate,12.600000,0.000000,6,9,11,14,18,32,99,100,100,100,100,3669,0,5,11.16411460768005,1.7843160312622786,1286.3739950116724,61.25729081493595
1774612042,10,POST,/api/plugins/batch/parameters (500 updates),9.100000,0.000000,19,29,74,120,200,250,1100,1200,1200,1200,1200,2395,0,19,73.09705940189933,5.447239032946527,1365.1708320248872,866.5189979123173
1774612042,10,GET,/api/plugins/discover,0.000000,0.000000,0,0,0,0,0,0,0,0,0,0,0,64,0,28,37.74846755004546,12.908800039440393,155.31902690418065,89708.0
1774612042,10,GET,/api/plugins/list,0.000000,0.000000,0,0,0,0,0,0,0,0,0,0,0,64,0,11,26.758709516798262,1.6044959193095565,192.37323594279587,72.953125
1774612042,10,POST,/api/plugins/load?uri,3.400000,0.000000,6,16,22,23,100,180,1300,1300,1300,1300,1300,1234,0,9,27.30849546752417,1.882247976027429,1273.1857750331983,2361.387358184765
1774612042,10,POST,/api/plugins/unload?uri,3.500000,0.000000,5,9,11,11,13,18,90,90,90,90,90,1234,0,6,11.382063142551528,1.7920680111274123,222.2753749229014,127.1807131280389
1774612042,10,,Aggregated,107.900000,0.000000,7,14,19,22,100,160,210,1100,1300,1300,1300,32065,0,9,37.173420335940925,1.4897770015522838,1365.1708320248872,503.8402307812256
1774612043,10,GET,/api/audio/latency,16.100000,0.000000,6,16,19,22,78,150,180,180,220,220,220,4944,0,7,25.041488081226795,1.4929859898984432,1326.6441239975393,33.042071197411005
1774612043,10,GET,/api/audio/levels,16.100000,0.000000,9,19,50,100,140,180,1100,1200,1300,1300,1300,4944,0,10,62.56121685596098,1.53452402446419,1309.4227639958262,77.04409385113269
1774612043,10,GET,/api/audio/levels (during plugin swap),3.300000,0.000000,6,10,57,91,160,200,210,210,210,210,210,1235,0,10,64.46070501925838,1.5721969539299607,1298.7376680830494,77.07368421052631
1774612043,10,GET,/api/audio/levels/plugins,3.300000,0.000000,3,6,11,12,15,23,110,110,110,110,110,1235,0,6,14.917525853056777,1.4897770015522838,1342.3058059997857,20.673684210526314
1774612043,10,GET,/api/audio/status,11.900000,0.000000,5,12,16,18,25,110,110,110,200,200,200,3684,0,5,12.439661464958789,1.5238210326060653,1259.1678659664467,303.0176438653637
1774612043,10,GET,/api/chains/,0.000000,0.000000,0,0,0,0,0,0,0,0,0,0,0,64,0,13,44.4865199533524,2.089375047944486,302.3143840255216,1478.296875
1774612043,10,GET,/api/chains/{id},12.100000,0.000000,12,26,86,100,190,210,1200,1200,1300,1300,1300,3684,0,10,66.37045642595898,1.9238220993429422,1318.3924700133502,808.7766015200868
1774612043,10,POST,/api/chains/{id}/activate,12.000000,0.000000,11,19,25,27,79,140,160,170,170,170,170,3684,0,9,28.099600724149376,1.778690959326923,1260.2180039975792,54.286102062975026
1774612043,10,POST,/api/chains/{id}/deactivate,11.700000,0.000000,6,10,12,16,18,32,100,100,140,140,140,3684,0,5,11.193579505570586,1.7843160312622786,1286.3739950116724,61.253528773072745
1774612043,10,POST,/api/plugins/batch/parameters (500 updates),8.200000,0.000000,19,29,75,120,200,250,1100,1200,1200,1200,1200,2402,0,19,73.04159741860146,5.447239032946527,1365.1708320248872,866.6715237302249
1774612043,10,GET,/api/plugins/discover,0.000000,0.000000,0,0,0,0,0,0,0,0,0,0,0,64,0,28,37.74846755004546,12.908800039440393,155.31902690418065,89708.0
1774612043,10,GET,/api/plugins/list,0.000000,0.000000,0,0,0,0,0,0,0,0,0,0,0,64,0,11,26.758709516798262,1.6044959193095565,192.37323594279587,72.953125
1774612043,10,POST,/api/plugins/load?uri,3.300000,0.000000,7,16,23,26,100,180,1300,1300,1300,1300,1300,1235,0,9,27.31210642422621,1.882247976027429,1273.1857750331983,2360.5724696356274
1774612043,10,POST,/api/plugins/unload?uri,3.300000,0.000000,6,10,11,13,15,18,90,90,90,90,90,1235,0,6,11.387559202280997,1.7920680111274123,222.2753749229014,127.18137651821863
1774612043,10,,Aggregated,101.300000,0.000000,9,16,21,27,110,170,210,1100,1300,1300,1300,32158,0,9,37.20530005817229,1.4897770015522838,1365.1708320248872,503.17790285465514
1774612044,0,GET,/api/audio/latency,15.600000,0.000000,6,14,19,21,75,140,160,180,180,180,180,4966,0,7,24.969651486628596,1.4929859898984432,1326.6441239975393,33.04188481675393
1774612044,0,GET,/api/audio/levels,15.600000,0.000000,8,17,22,51,140,160,210,1200,1300,1300,1300,4966,0,10,62.333628030390145,1.53452402446419,1309.4227639958262,77.03926701570681
1774612044,0,GET,/api/audio/levels (during plugin swap),3.600000,0.000000,4,10,23,45,160,200,210,210,210,210,210,1240,0,10,64.29281401449829,1.5721969539299607,1298.7376680830494,77.09919354838709
1774612044,0,GET,/api/audio/levels/plugins,3.900000,0.000000,3,6,11,12,18,23,110,110,110,110,110,1240,0,6,14.913799945685652,1.4897770015522838,1342.3058059997857,20.678225806451614
1774612044,0,GET,/api/audio/status,11.800000,0.000000,5,12,15,18,21,110,110,110,200,200,200,3696,0,5,12.420765161176627,1.5238210326060653,1259.1678659664467,303.0175865800866
1774612044,0,GET,/api/chains/,0.000000,0.000000,0,0,0,0,0,0,0,0,0,0,0,64,0,13,44.4865199533524,2.089375047944486,302.3143840255216,1478.296875
1774612044,0,GET,/api/chains/{id},11.500000,0.000000,11,24,43,95,190,210,1200,1200,1300,1300,1300,3696,0,10,66.22187269348107,1.9238220993429422,1318.3924700133502,808.8219696969697
1774612044,0,POST,/api/chains/{id}/activate,11.500000,0.000000,10,19,23,27,79,140,160,170,170,170,170,3696,0,9,28.048080295956545,1.778690959326923,1260.2180039975792,54.29112554112554
1774612044,0,POST,/api/chains/{id}/deactivate,11.800000,0.000000,6,9,11,13,17,23,100,100,140,140,140,3696,0,5,11.168934387935767,1.7843160312622786,1286.3739950116724,61.25595238095238
1774612044,0,POST,/api/plugins/batch/parameters (500 updates),8.000000,0.000000,19,26,45,100,190,250,1100,1200,1200,1200,1200,2415,0,19,72.74216126075002,5.447239032946527,1365.1708320248872,866.7084886128364
1774612044,0,GET,/api/plugins/discover,0.000000,0.000000,0,0,0,0,0,0,0,0,0,0,0,64,0,28,37.74846755004546,12.908800039440393,155.31902690418065,89708.0
1774612044,0,GET,/api/plugins/list,0.000000,0.000000,0,0,0,0,0,0,0,0,0,0,0,64,0,11,26.758709516798262,1.6044959193095565,192.37323594279587,72.953125
1774612044,0,POST,/api/plugins/load?uri,3.600000,0.000000,5,10,20,22,32,180,1300,1300,1300,1300,1300,1240,0,9,27.247921995078816,1.882247976027429,1273.1857750331983,2365.0354838709677
1774612044,0,POST,/api/plugins/unload?uri,3.800000,0.000000,5,9,11,13,15,18,24,24,24,24,24,1240,0,6,11.376013485207823,1.7920680111274123,222.2753749229014,127.18790322580645
1774612044,0,,Aggregated,100.700000,0.000000,8,14,19,23,100,160,210,1100,1300,1300,1300,32283,0,9,37.10668646731045,1.4897770015522838,1365.1708320248872,502.69113775051886
1774612045,0,GET,/api/audio/latency,15.600000,0.000000,6,15,19,21,75,150,170,180,180,180,180,4966,0,7,24.969651486628596,1.4929859898984432,1326.6441239975393,33.04188481675393
1774612045,0,GET,/api/audio/levels,15.600000,0.000000,8,17,25,58,140,170,1100,1200,1300,1300,1300,4966,0,10,62.333628030390145,1.53452402446419,1309.4227639958262,77.03926701570681
1774612045,0,GET,/api/audio/levels (during plugin swap),3.600000,0.000000,4,10,40,45,160,200,210,210,210,210,210,1240,0,10,64.29281401449829,1.5721969539299607,1298.7376680830494,77.09919354838709
1774612045,0,GET,/api/audio/levels/plugins,3.900000,0.000000,3,4,11,12,18,23,110,110,110,110,110,1240,0,6,14.913799945685652,1.4897770015522838,1342.3058059997857,20.678225806451614
1774612045,0,GET,/api/audio/status,11.800000,0.000000,5,13,16,18,99,110,110,200,200,200,200,3696,0,5,12.420765161176627,1.5238210326060653,1259.1678659664467,303.0175865800866
1774612045,0,GET,/api/chains/,0.000000,0.000000,0,0,0,0,0,0,0,0,0,0,0,64,0,13,44.4865199533524,2.089375047944486,302.3143840255216,1478.296875
1774612045,0,GET,/api/chains/{id},11.500000,0.000000,12,26,73,110,190,220,1200,1300,1300,1300,1300,3696,0,10,66.22187269348107,1.9238220993429422,1318.3924700133502,808.8219696969697
1774612045,0,POST,/api/chains/{id}/activate,11.500000,0.000000,12,21,25,27,110,140,170,170,170,170,170,3696,0,9,28.048080295956545,1.778690959326923,1260.2180039975792,54.29112554112554
1774612045,0,POST,/api/chains/{id}/deactivate,11.800000,0.000000,6,9,10,13,17,29,100,140,140,140,140,3696,0,5,11.168934387935767,1.7843160312622786,1286.3739950116724,61.25595238095238
1774612045,0,POST,/api/plugins/batch/parameters (500 updates),8.000000,0.000000,22,34,75,110,200,250,1100,1200,1200,1200,1200,2415,0,19,72.74216126075002,5.447239032946527,1365.1708320248872,866.7084886128364
1774612045,0,GET,/api/plugins/discover,0.000000,0.000000,0,0,0,0,0,0,0,0,0,0,0,64,0,28,37.74846755004546,12.908800039440393,155.31902690418065,89708.0
1774612045,0,GET,/api/plugins/list,0.000000,0.000000,0,0,0,0,0,0,0,0,0,0,0,64,0,11,26.758709516798262,1.6044959193095565,192.37323594279587,72.953125
1774612045,0,POST,/api/plugins/load?uri,3.600000,0.000000,4,8,20,21,32,180,1300,1300,1300,1300,1300,1240,0,9,27.247921995078816,1.882247976027429,1273.1857750331983,2365.0354838709677
1774612045,0,POST,/api/plugins/unload?uri,3.800000,0.000000,5,9,11,12,15,18,24,24,24,24,24,1240,0,6,11.376013485207823,1.7920680111274123,222.2753749229014,127.18790322580645
1774612045,0,,Aggregated,100.700000,0.000000,8,15,20,25,110,170,210,1100,1300,1300,1300,32283,0,9,37.10668646731045,1.4897770015522838,1365.1708320248872,502.69113775051886
1774612046,0,GET,/api/audio/latency,15.600000,0.000000,6,14,19,20,75,140,170,180,180,180,180,4966,0,7,24.969651486628596,1.4929859898984432,1326.6441239975393,33.04188481675393
1774612046,0,GET,/api/audio/levels,15.600000,0.000000,8,16,21,42,140,160,1100,1200,1300,1300,1300,4966,0,10,62.333628030390145,1.53452402446419,1309.4227639958262,77.03926701570681
1774612046,0,GET,/api/audio/levels (during plugin swap),3.600000,0.000000,4,16,40,45,180,200,210,210,210,210,210,1240,0,10,64.29281401449829,1.5721969539299607,1298.7376680830494,77.09919354838709
1774612046,0,GET,/api/audio/levels/plugins,3.900000,0.000000,3,11,12,14,19,23,110,110,110,110,110,1240,0,6,14.913799945685652,1.4897770015522838,1342.3058059997857,20.678225806451614
1774612046,0,GET,/api/audio/status,11.800000,0.000000,5,9,14,16,21,100,110,200,200,200,200,3696,0,5,12.420765161176627,1.5238210326060653,1259.1678659664467,303.0175865800866
1774612046,0,GET,/api/chains/,0.000000,0.000000,0,0,0,0,0,0,0,0,0,0,0,64,0,13,44.4865199533524,2.089375047944486,302.3143840255216,1478.296875
1774612046,0,GET,/api/chains/{id},11.500000,0.000000,12,24,42,92,190,220,1200,1300,1300,1300,1300,3696,0,10,66.22187269348107,1.9238220993429422,1318.3924700133502,808.8219696969697
1774612046,0,POST,/api/chains/{id}/activate,11.500000,0.000000,10,19,23,26,75,130,140,170,170,170,170,3696,0,9,28.048080295956545,1.778690959326923,1260.2180039975792,54.29112554112554
1774612046,0,POST,/api/chains/{id}/deactivate,11.800000,0.000000,5,9,10,11,17,29,100,140,140,140,140,3696,0,5,11.168934387935767,1.7843160312622786,1286.3739950116724,61.25595238095238
1774612046,0,POST,/api/plugins/batch/parameters (500 updates),8.000000,0.000000,19,27,45,100,180,230,1100,1200,1200,1200,1200,2415,0,19,72.74216126075002,5.447239032946527,1365.1708320248872,866.7084886128364
1774612046,0,GET,/api/plugins/discover,0.000000,0.000000,0,0,0,0,0,0,0,0,0,0,0,64,0,28,37.74846755004546,12.908800039440393,155.31902690418065,89708.0
1774612046,0,GET,/api/plugins/list,0.000000,0.000000,0,0,0,0,0,0,0,0,0,0,0,64,0,11,26.758709516798262,1.6044959193095565,192.37323594279587,72.953125
1774612046,0,POST,/api/plugins/load?uri,3.600000,0.000000,4,10,20,21,140,180,1300,1300,1300,1300,1300,1240,0,9,27.247921995078816,1.882247976027429,1273.1857750331983,2365.0354838709677
1774612046,0,POST,/api/plugins/unload?uri,3.800000,0.000000,5,8,10,12,18,18,24,24,24,24,24,1240,0,6,11.376013485207823,1.7920680111274123,222.2753749229014,127.18790322580645
1774612046,0,,Aggregated,100.700000,0.000000,7,14,19,23,100,160,210,1100,1300,1300,1300,32283,0,9,37.10668646731045,1.4897770015522838,1365.1708320248872,502.69113775051886
